t,q_0,q_1,q_2,dq_0,dq_1,dq_2,tau_0,tau_1,tau_2,cmd_0,cmd_1,cmd_2,q_next_0,q_next_1,q_next_2,dq_next_0,dq_next_1,dq_next_2,signal_type,active_joint,amplitude,frequency,combo_index,segment_id,local_t,hold_s
1779528597.3925421,0.05759586531581287,-0.054105206811824215,-0.050614548307835565,0.0,0.0,0.0,0.5940000000000001,0.35639999999999994,-0.0792,0.07922123141132269,-0.1031654139424564,0.01452261354739917,0.05759586531581287,-0.054105206811824215,-0.050614548307835565,0.0,0.0,0.0,gaussian,-1,0.0,0.0,-1,20,0.0,3.7691480705293383
1779528597.4025505,0.05759586531581287,-0.054105206811824215,-0.050614548307835565,0.0,0.0,0.0,0.5940000000000001,0.35639999999999994,-0.0792,0.07922123141132269,-0.1031654139424564,0.01452261354739917,0.05759586531581287,-0.054105206811824215,-0.050614548307835565,0.0,0.0,0.0,gaussian,-1,0.0,0.0,-1,20,0.010042190551757812,3.7691480705293383
1779528597.4125438,0.05759586531581287,-0.054105206811824215,-0.050614548307835565,0.0,0.0,0.0,0.4752,0.3168,0.0,0.07922123141132269,-0.1031654139424564,0.01452261354739917,0.05759586531581287,-0.054105206811824215,-0.04537856055185257,0.07064427924738953,-0.010388864595204342,0.4654211338651545,gaussian,-1,0.0,0.0,-1,20,0.020050525665283203,3.7691480705293383
1779528597.4225447,0.05759586531581287,-0.054105206811824215,-0.04537856055185257,0.07064427924738953,-0.010388864595204342,0.4654211338651545,6.138000000000001,3.6431999999999998,-0.1188,0.07922123141132269,-0.1031654139424564,0.01452261354739917,0.061086523819801536,-0.061086523819801536,-0.038397243543875255,0.22232170233737292,-0.4404878588366641,0.6856650632834865,gaussian,-1,0.0,0.0,-1,20,0.030043840408325195,3.7691480705293383
1779528597.4326577,0.061086523819801536,-0.061086523819801536,-0.038397243543875255,0.22232170233737292,-0.4404878588366641,0.6856650632834865,0.7127999999999999,0.9107999999999999,1.7424,0.07922123141132269,-0.1031654139424564,0.01452261354739917,0.06457718232379019,-0.07155849933176751,-0.022689280275926284,0.24102165860874072,-0.5319098672744623,0.7064427924738953,gaussian,-1,0.0,0.0,-1,20,0.04004478454589844,3.7691480705293383
1779528597.44254,0.06457718232379019,-0.07155849933176751,-0.022689280275926284,0.24102165860874072,-0.5319098672744623,0.7064427924738953,0.0792,0.9504,0.0792,0.07922123141132269,-0.1031654139424564,0.01452261354739917,0.06806784082777886,-0.07679448708775051,-0.017453292519943295,0.22024392941833204,-0.4861988630555632,0.6378762861455466,gaussian,-1,0.0,0.0,-1,20,0.050157785415649414,3.7691480705293383
1779528597.4525416,0.06806784082777886,-0.07679448708775051,-0.017453292519943295,0.22024392941833204,-0.4861988630555632,0.6378762861455466,0.2376,2.3760000000000003,0.5148,0.07922123141132269,-0.1031654139424564,0.01452261354739917,0.06806784082777886,-0.07679448708775051,-0.017453292519943295,0.22024392941833204,-0.4861988630555632,0.6378762861455466,gaussian,-1,0.0,0.0,-1,20,0.06003999710083008,3.7691480705293383
1779528597.4625432,0.06806784082777886,-0.07679448708775051,-0.017453292519943295,0.22024392941833204,-0.4861988630555632,0.6378762861455466,0.2376,2.3760000000000003,0.5148,0.07922123141132269,-0.1031654139424564,0.01452261354739917,0.06981317007977318,-0.08028514559173917,-0.012217304763960306,0.19115510855175988,-0.45711004218899104,0.552687596464871,gaussian,-1,0.0,0.0,-1,20,0.07004165649414062,3.7691480705293383
1779528597.4725475,0.06981317007977318,-0.08028514559173917,-0.012217304763960306,0.19115510855175988,-0.45711004218899104,0.552687596464871,0.4356,0.2376,0.0,0.07922123141132269,-0.1031654139424564,0.01452261354739917,0.07155849933176751,-0.08377580409572782,-0.006981317007977318,0.17661069811847382,-0.39062130877968326,0.4841210901365223,gaussian,-1,0.0,0.0,-1,20,0.08004331588745117,3.7691480705293383
1779528597.482549,0.07155849933176751,-0.08377580409572782,-0.006981317007977318,0.17661069811847382,-0.39062130877968326,0.4841210901365223,-0.0792,-0.1584,0.27720000000000006,0.07922123141132269,-0.1031654139424564,0.01452261354739917,0.07330382858376185,-0.08726646259971647,-0.003490658503988659,0.1433663314138199,-0.3282881212084572,0.4197101296462554,gaussian,-1,0.0,0.0,-1,20,0.09004759788513184,3.7691480705293383
1779528597.4925406,0.07330382858376185,-0.08726646259971647,-0.003490658503988659,0.1433663314138199,-0.3282881212084572,0.4197101296462554,0.0396,1.584,0.27720000000000006,0.07922123141132269,-0.1031654139424564,0.01452261354739917,0.07330382858376185,-0.09075712110370514,0.0,0.10596641887108428,-0.2742660253133946,0.3407547587227024,gaussian,-1,0.0,0.0,-1,20,0.10004901885986328,3.7691480705293383
1779528597.5025146,0.07330382858376185,-0.09075712110370514,0.0,0.10596641887108428,-0.2742660253133946,0.3407547587227024,0.27720000000000006,1.8612000000000002,0.1584,0.07922123141132269,-0.1031654139424564,0.01452261354739917,0.07504915783575616,-0.09424777960769379,0.003490658503988659,0.08934423551875734,-0.18907733563271903,0.236866112770659,gaussian,-1,0.0,0.0,-1,20,0.11004066467285156,3.7691480705293383
1779528597.5125468,0.07504915783575616,-0.09424777960769379,0.003490658503988659,0.08934423551875734,-0.18907733563271903,0.236866112770659,-0.1584,0.4356,0.5148,0.07922123141132269,-0.1031654139424564,0.01452261354739917,0.07504915783575616,-0.09424777960769379,0.003490658503988659,0.08934423551875734,-0.18907733563271903,0.236866112770659,gaussian,-1,0.0,0.0,-1,20,0.12001466751098633,3.7691480705293383
1779528597.5225418,0.07504915783575616,-0.09424777960769379,0.003490658503988659,0.08934423551875734,-0.18907733563271903,0.236866112770659,-0.1584,0.4356,0.5148,0.07922123141132269,-0.1031654139424564,0.01452261354739917,0.07504915783575616,-0.09599310885968812,0.005235987755982989,0.05194432297602171,-0.1641440606042286,0.2036217460660051,gaussian,-1,0.0,0.0,-1,20,0.13004684448242188,3.7691480705293383
1779528597.5325933,0.07504915783575616,-0.09599310885968812,0.005235987755982989,0.05194432297602171,-0.1641440606042286,0.2036217460660051,0.4356,0.198,0.5544000000000001,0.07922123141132269,-0.1031654139424564,0.01452261354739917,0.07679448708775051,-0.09773843811168245,0.008726646259971648,0.04986655005698084,-0.10804419179012516,0.1308996938995747,gaussian,-1,0.0,0.0,-1,20,0.14004182815551758,3.7691480705293383
1779528597.5425763,0.07679448708775051,-0.09773843811168245,0.008726646259971648,0.04986655005698084,-0.10804419179012516,0.1308996938995747,0.0,1.1880000000000002,0.7524000000000001,0.07922123141132269,-0.1031654139424564,0.01452261354739917,0.07679448708775051,-0.09773843811168245,0.008726646259971648,0.04986655005698084,-0.10804419179012516,0.1308996938995747,gaussian,-1,0.0,0.0,-1,20,0.15009331703186035,3.7691480705293383
1779528597.55254,0.07679448708775051,-0.09773843811168245,0.008726646259971648,0.04986655005698084,-0.10804419179012516,0.1308996938995747,0.0,1.1880000000000002,0.7524000000000001,0.07922123141132269,-0.1031654139424564,0.01452261354739917,0.07679448708775051,-0.0994837673636768,0.010471975511965978,0.035322139623694765,-0.09142200843779821,0.09973310011396168,gaussian,-1,0.0,0.0,-1,20,0.16007637977600098,3.7691480705293383
1779528597.562526,0.07679448708775051,-0.0994837673636768,0.010471975511965978,0.035322139623694765,-0.09142200843779821,0.09973310011396168,0.0792,1.584,0.6732,0.07922123141132269,-0.1031654139424564,0.01452261354739917,0.07853981633974483,-0.0994837673636768,0.010471975511965978,0.02493327502849042,-0.06025541465218518,0.078955370923553,gaussian,-1,0.0,0.0,-1,20,0.17004013061523438,3.7691480705293383
1779528597.572543,0.07853981633974483,-0.0994837673636768,0.010471975511965978,0.02493327502849042,-0.06025541465218518,0.078955370923553,-0.0396,2.0988,0.0396,0.07922123141132269,-0.1031654139424564,0.01452261354739917,0.07853981633974483,-0.0994837673636768,0.010471975511965978,0.02493327502849042,-0.06025541465218518,0.078955370923553,gaussian,-1,0.0,0.0,-1,20,0.18002605438232422,3.7691480705293383
1779528597.5825224,0.07853981633974483,-0.0994837673636768,0.010471975511965978,0.02493327502849042,-0.06025541465218518,0.078955370923553,-0.0396,2.0988,0.0396,0.07922123141132269,-0.1031654139424564,0.01452261354739917,0.07853981633974483,-0.10122909661567113,0.012217304763960306,0.016622183352326948,-0.04155545838081737,0.04363323129985824,gaussian,-1,0.0,0.0,-1,20,0.19004297256469727,3.7691480705293383
1779528597.5925703,0.07853981633974483,-0.10122909661567113,0.012217304763960306,0.016622183352326948,-0.04155545838081737,0.04363323129985824,-0.2376,1.98,0.1188,0.07922123141132269,-0.1031654139424564,0.01452261354739917,0.07853981633974483,-0.10122909661567113,0.012217304763960306,0.016622183352326948,-0.04155545838081737,0.04363323129985824,gaussian,-1,0.0,0.0,-1,20,0.20002245903015137,3.7691480705293383
1779528597.6025796,0.07853981633974483,-0.10122909661567113,0.012217304763960306,0.016622183352326948,-0.04155545838081737,0.04363323129985824,-0.2376,1.98,0.1188,0.07922123141132269,-0.1031654139424564,0.01452261354739917,0.07853981633974483,-0.10122909661567113,0.012217304763960306,0.010388864595204342,-0.02493327502849042,0.03739991254273563,gaussian,-1,0.0,0.0,-1,20,0.21007037162780762,3.7691480705293383
1779528597.6125212,0.07853981633974483,-0.10122909661567113,0.012217304763960306,0.010388864595204342,-0.02493327502849042,0.03739991254273563,0.1188,2.3364,-0.0396,0.07922123141132269,-0.1031654139424564,0.01452261354739917,0.07853981633974483,-0.10122909661567113,0.012217304763960306,0.004155545838081737,-0.018699956271367814,0.03739991254273563,gaussian,-1,0.0,0.0,-1,20,0.22007966041564941,3.7691480705293383
1779528597.6225128,0.07853981633974483,-0.10122909661567113,0.012217304763960306,0.004155545838081737,-0.018699956271367814,0.03739991254273563,-0.0792,2.5740000000000003,0.35639999999999994,0.07922123141132269,-0.1031654139424564,0.01452261354739917,0.07853981633974483,-0.10122909661567113,0.013962634015954637,0.0,-0.01246663751424521,0.010388864595204342,gaussian,-1,0.0,0.0,-1,20,0.23002123832702637,3.7691480705293383
1779528597.6325834,0.07853981633974483,-0.10122909661567113,0.013962634015954637,0.0,-0.01246663751424521,0.010388864595204342,0.198,2.2967999999999997,0.0,0.07922123141132269,-0.1031654139424564,0.01452261354739917,0.07853981633974483,-0.10122909661567113,0.013962634015954637,0.0,-0.01246663751424521,0.010388864595204342,gaussian,-1,0.0,0.0,-1,20,0.24001288414001465,3.7691480705293383
1779528597.6424725,0.07853981633974483,-0.10122909661567113,0.013962634015954637,0.0,-0.01246663751424521,0.010388864595204342,0.198,2.2967999999999997,0.0,0.07922123141132269,-0.1031654139424564,0.01452261354739917,0.07853981633974483,-0.10122909661567113,0.013962634015954637,0.0020777729190408684,-0.010388864595204342,0.004155545838081737,gaussian,-1,0.0,0.0,-1,20,0.25008344650268555,3.7691480705293383
1779528597.6525443,0.07853981633974483,-0.10122909661567113,0.013962634015954637,0.0020777729190408684,-0.010388864595204342,0.004155545838081737,0.0,2.3760000000000003,0.0396,0.07922123141132269,-0.1031654139424564,0.01452261354739917,0.07853981633974483,-0.10122909661567113,0.013962634015954637,0.0020777729190408684,-0.010388864595204342,0.004155545838081737,gaussian,-1,0.0,0.0,-1,20,0.25997257232666016,3.7691480705293383
1779528597.662544,0.07853981633974483,-0.10122909661567113,0.013962634015954637,0.0020777729190408684,-0.010388864595204342,0.004155545838081737,0.0,2.3760000000000003,0.0396,0.07922123141132269,-0.1031654139424564,0.01452261354739917,0.07853981633974483,-0.10122909661567113,0.013962634015954637,0.006233318757122605,-0.006233318757122605,0.004155545838081737,gaussian,-1,0.0,0.0,-1,20,0.27004432678222656,3.7691480705293383
1779528597.6725447,0.07853981633974483,-0.10122909661567113,0.013962634015954637,0.006233318757122605,-0.006233318757122605,0.004155545838081737,0.0396,2.3364,0.0792,0.07922123141132269,-0.1031654139424564,0.01452261354739917,0.07853981633974483,-0.10297442586766545,0.013962634015954637,0.004155545838081737,-0.010388864595204342,0.004155545838081737,gaussian,-1,0.0,0.0,-1,20,0.2800440788269043,3.7691480705293383
1779528597.6825426,0.07853981633974483,-0.10297442586766545,0.013962634015954637,0.004155545838081737,-0.010388864595204342,0.004155545838081737,0.1584,2.2572,0.0396,0.07922123141132269,-0.1031654139424564,0.01452261354739917,0.07853981633974483,-0.10297442586766545,0.013962634015954637,0.0,-0.0020777729190408684,0.004155545838081737,gaussian,-1,0.0,0.0,-1,20,0.29004478454589844,3.7691480705293383
1779528597.6925743,0.07853981633974483,-0.10297442586766545,0.013962634015954637,0.0,-0.0020777729190408684,0.004155545838081737,-0.0792,2.4552,-0.0396,0.07922123141132269,-0.1031654139424564,0.01452261354739917,0.07853981633974483,-0.10297442586766545,0.013962634015954637,-0.0020777729190408684,0.0,0.004155545838081737,gaussian,-1,0.0,0.0,-1,20,0.30004262924194336,3.7691480705293383
1779528597.7025425,0.07853981633974483,-0.10297442586766545,0.013962634015954637,-0.0020777729190408684,0.0,0.004155545838081737,-0.0396,2.3364,-0.0792,0.07922123141132269,-0.1031654139424564,0.01452261354739917,0.07853981633974483,-0.10297442586766545,0.013962634015954637,-0.0020777729190408684,0.0,0.004155545838081737,gaussian,-1,0.0,0.0,-1,20,0.3100743293762207,3.7691480705293383
1779528597.7126133,0.07853981633974483,-0.10297442586766545,0.013962634015954637,-0.0020777729190408684,0.0,0.004155545838081737,-0.0396,2.3364,-0.0792,0.07922123141132269,-0.1031654139424564,0.01452261354739917,0.07853981633974483,-0.10297442586766545,0.013962634015954637,-0.0020777729190408684,0.0,0.004155545838081737,gaussian,-1,0.0,0.0,-1,20,0.32004261016845703,3.7691480705293383
1779528597.7225215,0.07853981633974483,-0.10297442586766545,0.013962634015954637,-0.0020777729190408684,0.0,0.004155545838081737,-0.0396,2.3760000000000003,0.1188,0.07922123141132269,-0.1031654139424564,0.01452261354739917,0.07853981633974483,-0.10297442586766545,0.013962634015954637,0.0,-0.0020777729190408684,0.0020777729190408684,gaussian,-1,0.0,0.0,-1,20,0.33011341094970703,3.7691480705293383
1779528597.7324677,0.07853981633974483,-0.10297442586766545,0.013962634015954637,0.0,-0.0020777729190408684,0.0020777729190408684,0.0,2.3364,-0.1188,0.07922123141132269,-0.1031654139424564,0.01452261354739917,0.07853981633974483,-0.10297442586766545,0.013962634015954637,0.0,-0.0020777729190408684,0.0,gaussian,-1,0.0,0.0,-1,20,0.34002161026000977,3.7691480705293383
1779528597.74247,0.07853981633974483,-0.10297442586766545,0.013962634015954637,0.0,-0.0020777729190408684,0.0,-0.0792,2.3364,0.2376,0.07922123141132269,-0.1031654139424564,0.01452261354739917,0.07853981633974483,-0.10297442586766545,0.013962634015954637,0.0,0.0,0.0,gaussian,-1,0.0,0.0,-1,20,0.34996771812438965,3.7691480705293383
1779528597.7524858,0.07853981633974483,-0.10297442586766545,0.013962634015954637,0.0,0.0,0.0,-0.0396,2.4552,0.2376,0.07922123141132269,-0.1031654139424564,0.01452261354739917,0.07853981633974483,-0.10297442586766545,0.013962634015954637,0.0,0.0,0.0,gaussian,-1,0.0,0.0,-1,20,0.3599700927734375,3.7691480705293383
1779528597.7625437,0.07853981633974483,-0.10297442586766545,0.013962634015954637,0.0,0.0,0.0,0.0,2.2967999999999997,0.198,0.07922123141132269,-0.1031654139424564,0.01452261354739917,0.07853981633974483,-0.10297442586766545,0.013962634015954637,0.0,0.0,0.0,gaussian,-1,0.0,0.0,-1,20,0.36998581886291504,3.7691480705293383
1779528597.772542,0.07853981633974483,-0.10297442586766545,0.013962634015954637,0.0,0.0,0.0,0.0,2.2967999999999997,0.198,0.07922123141132269,-0.1031654139424564,0.01452261354739917,0.07853981633974483,-0.10297442586766545,0.013962634015954637,0.0,0.0,0.0,gaussian,-1,0.0,0.0,-1,20,0.38004374504089355,3.7691480705293383
1779528597.7826288,0.07853981633974483,-0.10297442586766545,0.013962634015954637,0.0,0.0,0.0,0.0,2.2176000000000005,0.3168,0.07922123141132269,-0.1031654139424564,0.01452261354739917,0.07853981633974483,-0.10297442586766545,0.013962634015954637,0.0020777729190408684,0.0,0.0,gaussian,-1,0.0,0.0,-1,20,0.3900420665740967,3.7691480705293383
1779528597.7925422,0.07853981633974483,-0.10297442586766545,0.013962634015954637,0.0020777729190408684,0.0,0.0,-0.0792,2.4948,-0.27720000000000006,0.07922123141132269,-0.1031654139424564,0.01452261354739917,0.07853981633974483,-0.10297442586766545,0.013962634015954637,0.0,0.0,0.0,gaussian,-1,0.0,0.0,-1,20,0.4001288414001465,3.7691480705293383
1779528597.80256,0.07853981633974483,-0.10297442586766545,0.013962634015954637,0.0,0.0,0.0,0.1188,2.3760000000000003,0.27720000000000006,0.07922123141132269,-0.1031654139424564,0.01452261354739917,0.07853981633974483,-0.10297442586766545,0.013962634015954637,0.0,0.0,0.0,gaussian,-1,0.0,0.0,-1,20,0.41004228591918945,3.7691480705293383
1779528597.8126664,0.07853981633974483,-0.10297442586766545,0.013962634015954637,0.0,0.0,0.0,0.1188,2.2967999999999997,0.3168,0.07922123141132269,-0.1031654139424564,0.01452261354739917,0.07853981633974483,-0.10297442586766545,0.013962634015954637,0.0,-0.0020777729190408684,0.0,gaussian,-1,0.0,0.0,-1,20,0.4200601577758789,3.7691480705293383
1779528597.8225527,0.07853981633974483,-0.10297442586766545,0.013962634015954637,0.0,-0.0020777729190408684,0.0,0.0,2.2572,0.35639999999999994,0.07922123141132269,-0.1031654139424564,0.01452261354739917,0.07853981633974483,-0.10297442586766545,0.013962634015954637,0.0,0.0,0.0,gaussian,-1,0.0,0.0,-1,20,0.43016648292541504,3.7691480705293383
1779528597.8326583,0.07853981633974483,-0.10297442586766545,0.013962634015954637,0.0,0.0,0.0,0.0396,2.1384,-0.3168,0.07922123141132269,-0.1031654139424564,0.01452261354739917,0.07853981633974483,-0.10297442586766545,0.013962634015954637,0.0,0.0,0.0,gaussian,-1,0.0,0.0,-1,20,0.44005274772644043,3.7691480705293383
1779528597.8425443,0.07853981633974483,-0.10297442586766545,0.013962634015954637,0.0,0.0,0.0,0.0,2.1780000000000004,-0.396,0.07922123141132269,-0.1031654139424564,0.01452261354739917,0.07853981633974483,-0.10297442586766545,0.013962634015954637,0.0,0.0,0.0,gaussian,-1,0.0,0.0,-1,20,0.45015835762023926,3.7691480705293383
1779528597.8525803,0.07853981633974483,-0.10297442586766545,0.013962634015954637,0.0,0.0,0.0,0.0,2.2176000000000005,-0.396,0.07922123141132269,-0.1031654139424564,0.01452261354739917,0.07853981633974483,-0.10297442586766545,0.013962634015954637,0.0,0.0,0.0,gaussian,-1,0.0,0.0,-1,20,0.46004438400268555,3.7691480705293383
1779528597.8626287,0.07853981633974483,-0.10297442586766545,0.013962634015954637,0.0,0.0,0.0,0.0396,2.0196,-0.396,0.07922123141132269,-0.1031654139424564,0.01452261354739917,0.07853981633974483,-0.10297442586766545,0.013962634015954637,0.0,0.0,0.0,gaussian,-1,0.0,0.0,-1,20,0.4700803756713867,3.7691480705293383
1779528597.8726628,0.07853981633974483,-0.10297442586766545,0.013962634015954637,0.0,0.0,0.0,0.0396,2.0196,-0.396,0.07922123141132269,-0.1031654139424564,0.01452261354739917,0.07853981633974483,-0.10297442586766545,0.013962634015954637,0.0,0.0,-0.0020777729190408684,gaussian,-1,0.0,0.0,-1,20,0.48012876510620117,3.7691480705293383
1779528597.8826494,0.07853981633974483,-0.10297442586766545,0.013962634015954637,0.0,0.0,-0.0020777729190408684,0.0396,2.2176000000000005,-0.396,0.07922123141132269,-0.1031654139424564,0.01452261354739917,0.07853981633974483,-0.10297442586766545,0.013962634015954637,0.0,0.0,0.0,gaussian,-1,0.0,0.0,-1,20,0.49016284942626953,3.7691480705293383
1779528597.8926752,0.07853981633974483,-0.10297442586766545,0.013962634015954637,0.0,0.0,0.0,0.0792,2.2967999999999997,-0.4356,0.07922123141132269,-0.1031654139424564,0.01452261354739917,0.07853981633974483,-0.10297442586766545,0.013962634015954637,0.0,0.0,0.0,gaussian,-1,0.0,0.0,-1,20,0.5001494884490967,3.7691480705293383
1779528597.902649,0.07853981633974483,-0.10297442586766545,0.013962634015954637,0.0,0.0,0.0,0.0,2.0988,-0.4356,0.07922123141132269,-0.1031654139424564,0.01452261354739917,0.07853981633974483,-0.10297442586766545,0.013962634015954637,0.0,0.0,0.0,gaussian,-1,0.0,0.0,-1,20,0.5101752281188965,3.7691480705293383
1779528597.912512,0.07853981633974483,-0.10297442586766545,0.013962634015954637,0.0,0.0,0.0,0.0792,2.2176000000000005,-0.4356,0.07922123141132269,-0.1031654139424564,0.01452261354739917,0.07853981633974483,-0.10297442586766545,0.013962634015954637,0.0,0.0,0.0,gaussian,-1,0.0,0.0,-1,20,0.5201489925384521,3.7691480705293383
1779528597.922656,0.07853981633974483,-0.10297442586766545,0.013962634015954637,0.0,0.0,0.0,0.0,2.2176000000000005,-0.4356,0.07922123141132269,-0.1031654139424564,0.01452261354739917,0.07853981633974483,-0.10297442586766545,0.013962634015954637,0.0,0.0,0.0,gaussian,-1,0.0,0.0,-1,20,0.5300121307373047,3.7691480705293383
1779528597.9326258,0.07853981633974483,-0.10297442586766545,0.013962634015954637,0.0,0.0,0.0,0.0,2.2176000000000005,-0.4356,0.07922123141132269,-0.1031654139424564,0.01452261354739917,0.07853981633974483,-0.10297442586766545,0.013962634015954637,0.0,0.0,0.0,gaussian,-1,0.0,0.0,-1,20,0.5401561260223389,3.7691480705293383
1779528597.9425232,0.07853981633974483,-0.10297442586766545,0.013962634015954637,0.0,0.0,0.0,0.0396,2.1384,-0.396,0.07922123141132269,-0.1031654139424564,0.01452261354739917,0.07853981633974483,-0.10297442586766545,0.013962634015954637,0.0,0.0,0.0,gaussian,-1,0.0,0.0,-1,20,0.5501258373260498,3.7691480705293383
1779528597.9525385,0.07853981633974483,-0.10297442586766545,0.013962634015954637,0.0,0.0,0.0,0.0,1.9404,-0.4356,0.07922123141132269,-0.1031654139424564,0.01452261354739917,0.07853981633974483,-0.10297442586766545,0.013962634015954637,0.0020777729190408684,0.0,0.0,gaussian,-1,0.0,0.0,-1,20,0.560023307800293,3.7691480705293383
1779528597.9624608,0.07853981633974483,-0.10297442586766545,0.013962634015954637,0.0020777729190408684,0.0,0.0,0.0,1.8215999999999999,0.396,0.07922123141132269,-0.1031654139424564,0.01452261354739917,0.07853981633974483,-0.10297442586766545,0.013962634015954637,0.0020777729190408684,0.0,0.0,gaussian,-1,0.0,0.0,-1,20,0.5700385570526123,3.7691480705293383
1779528597.9725232,0.07853981633974483,-0.10297442586766545,0.013962634015954637,0.0020777729190408684,0.0,0.0,-0.1188,1.9404,-0.35639999999999994,0.07922123141132269,-0.1031654139424564,0.01452261354739917,0.07853981633974483,-0.10297442586766545,0.013962634015954637,0.0020777729190408684,0.0,0.0,gaussian,-1,0.0,0.0,-1,20,0.579960823059082,3.7691480705293383
1779528597.9825242,0.07853981633974483,-0.10297442586766545,0.013962634015954637,0.0020777729190408684,0.0,0.0,-0.1188,1.9404,-0.35639999999999994,0.07922123141132269,-0.1031654139424564,0.01452261354739917,0.07853981633974483,-0.10297442586766545,0.013962634015954637,0.0,0.0,0.0,gaussian,-1,0.0,0.0,-1,20,0.5900232791900635,3.7691480705293383
1779528597.9925404,0.07853981633974483,-0.10297442586766545,0.013962634015954637,0.0,0.0,0.0,0.0792,1.7028,-0.35639999999999994,0.07922123141132269,-0.1031654139424564,0.01452261354739917,0.07853981633974483,-0.10297442586766545,0.013962634015954637,0.0,0.0,0.0,gaussian,-1,0.0,0.0,-1,20,0.6000242233276367,3.7691480705293383
1779528598.0025828,0.07853981633974483,-0.10297442586766545,0.013962634015954637,0.0,0.0,0.0,0.0792,1.7028,-0.35639999999999994,0.07922123141132269,-0.1031654139424564,0.01452261354739917,0.07853981633974483,-0.10297442586766545,0.013962634015954637,0.0,0.0,0.0,gaussian,-1,0.0,0.0,-1,20,0.6100404262542725,3.7691480705293383
1779528598.0126023,0.07853981633974483,-0.10297442586766545,0.013962634015954637,0.0,0.0,0.0,0.0,1.98,0.4356,0.07922123141132269,-0.1031654139424564,0.01452261354739917,0.07853981633974483,-0.10297442586766545,0.013962634015954637,0.0,0.0,0.0,gaussian,-1,0.0,0.0,-1,20,0.6200828552246094,3.7691480705293383
1779528598.0227036,0.07853981633974483,-0.10297442586766545,0.013962634015954637,0.0,0.0,0.0,0.0,1.98,0.4356,0.07922123141132269,-0.1031654139424564,0.01452261354739917,0.07853981633974483,-0.10297442586766545,0.013962634015954637,-0.0020777729190408684,0.0,0.0,gaussian,-1,0.0,0.0,-1,20,0.6301023960113525,3.7691480705293383
1779528598.0325398,0.07853981633974483,-0.10297442586766545,0.013962634015954637,-0.0020777729190408684,0.0,0.0,-0.0396,2.0592,-0.396,0.07922123141132269,-0.1031654139424564,0.01452261354739917,0.07853981633974483,-0.10297442586766545,0.013962634015954637,-0.0020777729190408684,0.0,0.0,gaussian,-1,0.0,0.0,-1,20,0.6402037143707275,3.7691480705293383
1779528598.0425398,0.07853981633974483,-0.10297442586766545,0.013962634015954637,-0.0020777729190408684,0.0,0.0,-0.0792,2.0988,-0.35639999999999994,0.07922123141132269,-0.1031654139424564,0.01452261354739917,0.07853981633974483,-0.10297442586766545,0.013962634015954637,0.0,0.0,0.0,gaussian,-1,0.0,0.0,-1,20,0.6500399112701416,3.7691480705293383
1779528598.0525403,0.07853981633974483,-0.10297442586766545,0.013962634015954637,0.0,0.0,0.0,0.0396,1.9404,-0.396,0.07922123141132269,-0.1031654139424564,0.01452261354739917,0.07853981633974483,-0.10297442586766545,0.013962634015954637,0.0,0.0,0.0,gaussian,-1,0.0,0.0,-1,20,0.6600399017333984,3.7691480705293383
1779528598.0626361,0.07853981633974483,-0.10297442586766545,0.013962634015954637,0.0,0.0,0.0,0.0,2.0988,-0.396,0.07922123141132269,-0.1031654139424564,0.01452261354739917,0.07853981633974483,-0.10297442586766545,0.013962634015954637,0.0020777729190408684,0.0,0.0,gaussian,-1,0.0,0.0,-1,20,0.6700403690338135,3.7691480705293383
1779528598.072641,0.07853981633974483,-0.10297442586766545,0.013962634015954637,0.0020777729190408684,0.0,0.0,0.0396,1.9008,-0.396,0.07922123141132269,-0.1031654139424564,0.01452261354739917,0.07853981633974483,-0.10297442586766545,0.013962634015954637,0.0,0.0,0.0,gaussian,-1,0.0,0.0,-1,20,0.6801362037658691,3.7691480705293383
1779528598.0825183,0.07853981633974483,-0.10297442586766545,0.013962634015954637,0.0,0.0,0.0,0.0792,1.9404,-0.396,0.07922123141132269,-0.1031654139424564,0.01452261354739917,0.07853981633974483,-0.10297442586766545,0.013962634015954637,0.0,0.0,0.0,gaussian,-1,0.0,0.0,-1,20,0.690140962600708,3.7691480705293383
1779528598.092521,0.07853981633974483,-0.10297442586766545,0.013962634015954637,0.0,0.0,0.0,0.0792,1.8612000000000002,-0.3168,0.07922123141132269,-0.1031654139424564,0.01452261354739917,0.07853981633974483,-0.10297442586766545,0.013962634015954637,0.0,0.0,0.0,gaussian,-1,0.0,0.0,-1,20,0.7000184059143066,3.7691480705293383
1779528598.1024916,0.07853981633974483,-0.10297442586766545,0.013962634015954637,0.0,0.0,0.0,0.0,1.9008,-0.3168,0.07922123141132269,-0.1031654139424564,0.01452261354739917,0.07853981633974483,-0.10297442586766545,0.013962634015954637,0.0,0.0,0.0,gaussian,-1,0.0,0.0,-1,20,0.7100210189819336,3.7691480705293383
1779528598.1125388,0.07853981633974483,-0.10297442586766545,0.013962634015954637,0.0,0.0,0.0,0.0,1.9008,-0.3168,0.07922123141132269,-0.1031654139424564,0.01452261354739917,0.07853981633974483,-0.10297442586766545,0.013962634015954637,0.0,0.0,-0.0020777729190408684,gaussian,-1,0.0,0.0,-1,20,0.7199916839599609,3.7691480705293383
1779528598.1225836,0.07853981633974483,-0.10297442586766545,0.013962634015954637,0.0,0.0,-0.0020777729190408684,0.0396,1.8612000000000002,-0.3168,0.07922123141132269,-0.1031654139424564,0.01452261354739917,0.07853981633974483,-0.10297442586766545,0.013962634015954637,0.0,0.0,0.0,gaussian,-1,0.0,0.0,-1,20,0.7300388813018799,3.7691480705293383
1779528598.1325426,0.07853981633974483,-0.10297442586766545,0.013962634015954637,0.0,0.0,0.0,0.0,1.8612000000000002,-0.35639999999999994,0.07922123141132269,-0.1031654139424564,0.01452261354739917,0.07853981633974483,-0.10297442586766545,0.013962634015954637,0.0,-0.0020777729190408684,0.0,gaussian,-1,0.0,0.0,-1,20,0.7400836944580078,3.7691480705293383
1779528598.1425416,0.07853981633974483,-0.10297442586766545,0.013962634015954637,0.0,-0.0020777729190408684,0.0,0.0,1.8215999999999999,-0.35639999999999994,0.07922123141132269,-0.1031654139424564,0.01452261354739917,0.07853981633974483,-0.10297442586766545,0.013962634015954637,0.0,0.0,0.0,gaussian,-1,0.0,0.0,-1,20,0.7500426769256592,3.7691480705293383
1779528598.152477,0.07853981633974483,-0.10297442586766545,0.013962634015954637,0.0,0.0,0.0,0.0,1.98,-0.35639999999999994,0.07922123141132269,-0.1031654139424564,0.01452261354739917,0.07853981633974483,-0.10297442586766545,0.013962634015954637,0.0,0.0,0.0,gaussian,-1,0.0,0.0,-1,20,0.7600417137145996,3.7691480705293383
1779528598.1624858,0.07853981633974483,-0.10297442586766545,0.013962634015954637,0.0,0.0,0.0,0.0792,1.8612000000000002,-0.3168,0.07922123141132269,-0.1031654139424564,0.01452261354739917,0.07853981633974483,-0.10297442586766545,0.013962634015954637,0.0020777729190408684,0.0,0.0,gaussian,-1,0.0,0.0,-1,20,0.7699770927429199,3.7691480705293383
1779528598.1725404,0.07853981633974483,-0.10297442586766545,0.013962634015954637,0.0020777729190408684,0.0,0.0,0.0396,2.0196,-0.3168,0.07922123141132269,-0.1031654139424564,0.01452261354739917,0.07853981633974483,-0.10297442586766545,0.013962634015954637,0.0020777729190408684,0.0,0.0,gaussian,-1,0.0,0.0,-1,20,0.7799859046936035,3.7691480705293383
1779528598.1825407,0.07853981633974483,-0.10297442586766545,0.013962634015954637,0.0020777729190408684,0.0,0.0,0.0396,2.0196,-0.3168,0.07922123141132269,-0.1031654139424564,0.01452261354739917,0.07853981633974483,-0.10297442586766545,0.013962634015954637,0.0,0.0,0.0,gaussian,-1,0.0,0.0,-1,20,0.7900404930114746,3.7691480705293383
1779528598.1925392,0.07853981633974483,-0.10297442586766545,0.013962634015954637,0.0,0.0,0.0,0.0,1.782,-0.3168,0.07922123141132269,-0.1031654139424564,0.01452261354739917,0.07853981633974483,-0.10297442586766545,0.013962634015954637,0.0,0.0,0.0,gaussian,-1,0.0,0.0,-1,20,0.8000407218933105,3.7691480705293383
1779528598.2025404,0.07853981633974483,-0.10297442586766545,0.013962634015954637,0.0,0.0,0.0,0.0,1.782,-0.3168,0.07922123141132269,-0.1031654139424564,0.01452261354739917,0.07853981633974483,-0.10297442586766545,0.013962634015954637,0.0,0.0,0.0,gaussian,-1,0.0,0.0,-1,20,0.8100392818450928,3.7691480705293383
1779528598.212529,0.07853981633974483,-0.10297442586766545,0.013962634015954637,0.0,0.0,0.0,0.0396,1.782,-0.3168,0.07922123141132269,-0.1031654139424564,0.01452261354739917,0.07853981633974483,-0.10297442586766545,0.013962634015954637,0.0,0.0020777729190408684,0.0,gaussian,-1,0.0,0.0,-1,20,0.8200404644012451,3.7691480705293383
1779528598.2226145,0.07853981633974483,-0.10297442586766545,0.013962634015954637,0.0,0.0020777729190408684,0.0,0.0396,2.0592,-0.3168,0.07922123141132269,-0.1031654139424564,0.01452261354739917,0.07853981633974483,-0.10297442586766545,0.013962634015954637,0.0,0.0,0.0,gaussian,-1,0.0,0.0,-1,20,0.8300290107727051,3.7691480705293383
1779528598.23259,0.07853981633974483,-0.10297442586766545,0.013962634015954637,0.0,0.0,0.0,0.0396,2.0592,-0.3168,0.07922123141132269,-0.1031654139424564,0.01452261354739917,0.07853981633974483,-0.10297442586766545,0.013962634015954637,0.0,0.0,0.0,gaussian,-1,0.0,0.0,-1,20,0.8401145935058594,3.7691480705293383
1779528598.2425413,0.07853981633974483,-0.10297442586766545,0.013962634015954637,0.0,0.0,0.0,0.0396,2.0592,-0.3168,0.07922123141132269,-0.1031654139424564,0.01452261354739917,0.07853981633974483,-0.10297442586766545,0.013962634015954637,0.0,0.0,0.0,gaussian,-1,0.0,0.0,-1,20,0.8500900268554688,3.7691480705293383
1779528598.2525442,0.07853981633974483,-0.10297442586766545,0.013962634015954637,0.0,0.0,0.0,0.0792,1.8612000000000002,-0.35639999999999994,0.07922123141132269,-0.1031654139424564,0.01452261354739917,0.07853981633974483,-0.10297442586766545,0.013962634015954637,-0.0020777729190408684,0.0,0.0,gaussian,-1,0.0,0.0,-1,20,0.8600413799285889,3.7691480705293383
1779528598.2625408,0.07853981633974483,-0.10297442586766545,0.013962634015954637,-0.0020777729190408684,0.0,0.0,0.0,1.8612000000000002,0.3168,0.07922123141132269,-0.1031654139424564,0.01452261354739917,0.07853981633974483,-0.10297442586766545,0.013962634015954637,0.0,0.0020777729190408684,0.0,gaussian,-1,0.0,0.0,-1,20,0.8700442314147949,3.7691480705293383
1779528598.2725556,0.07853981633974483,-0.10297442586766545,0.013962634015954637,0.0,0.0020777729190408684,0.0,0.0792,1.7028,-0.3168,0.07922123141132269,-0.1031654139424564,0.01452261354739917,0.07853981633974483,-0.10297442586766545,0.013962634015954637,0.0,0.0,0.0,gaussian,-1,0.0,0.0,-1,20,0.8800408840179443,3.7691480705293383
1779528598.282483,0.07853981633974483,-0.10297442586766545,0.013962634015954637,0.0,0.0,0.0,0.0792,1.8215999999999999,0.27720000000000006,0.07922123141132269,-0.1031654139424564,0.01452261354739917,0.07853981633974483,-0.10297442586766545,0.013962634015954637,0.0,0.0,0.0,gaussian,-1,0.0,0.0,-1,20,0.8900556564331055,3.7691480705293383
1779528598.2925408,0.07853981633974483,-0.10297442586766545,0.013962634015954637,0.0,0.0,0.0,0.0,1.782,-0.35639999999999994,0.07922123141132269,-0.1031654139424564,0.01452261354739917,0.07853981633974483,-0.10297442586766545,0.013962634015954637,0.0,0.0,0.0,gaussian,-1,0.0,0.0,-1,20,0.8999831676483154,3.7691480705293383
1779528598.3025596,0.07853981633974483,-0.10297442586766545,0.013962634015954637,0.0,0.0,0.0,0.0,1.7028,-0.35639999999999994,0.07922123141132269,-0.1031654139424564,0.01452261354739917,0.07853981633974483,-0.10297442586766545,0.013962634015954637,0.0,0.0020777729190408684,0.0,gaussian,-1,0.0,0.0,-1,20,0.9100408554077148,3.7691480705293383
1779528598.312717,0.07853981633974483,-0.10297442586766545,0.013962634015954637,0.0,0.0020777729190408684,0.0,0.1188,1.9008,-0.3168,0.07922123141132269,-0.1031654139424564,0.01452261354739917,0.07853981633974483,-0.10297442586766545,0.013962634015954637,0.0,0.0,0.0,gaussian,-1,0.0,0.0,-1,20,0.9200596809387207,3.7691480705293383
1779528598.3225782,0.07853981633974483,-0.10297442586766545,0.013962634015954637,0.0,0.0,0.0,0.0,1.9404,-0.3168,0.07922123141132269,-0.1031654139424564,0.01452261354739917,0.07853981633974483,-0.10297442586766545,0.013962634015954637,0.0,0.0,0.0,gaussian,-1,0.0,0.0,-1,20,0.9302170276641846,3.7691480705293383
1779528598.3325388,0.07853981633974483,-0.10297442586766545,0.013962634015954637,0.0,0.0,0.0,0.0396,1.8215999999999999,-0.27720000000000006,0.07922123141132269,-0.1031654139424564,0.01452261354739917,0.07853981633974483,-0.10297442586766545,0.013962634015954637,0.0,0.0,0.0,gaussian,-1,0.0,0.0,-1,20,0.9400782585144043,3.7691480705293383
1779528598.342512,0.07853981633974483,-0.10297442586766545,0.013962634015954637,0.0,0.0,0.0,0.0396,1.8215999999999999,-0.27720000000000006,0.07922123141132269,-0.1031654139424564,0.01452261354739917,0.07853981633974483,-0.10297442586766545,0.013962634015954637,0.0,0.0,0.0,gaussian,-1,0.0,0.0,-1,20,0.9500389099121094,3.7691480705293383
1779528598.3525693,0.07853981633974483,-0.10297442586766545,0.013962634015954637,0.0,0.0,0.0,0.0396,1.9404,0.27720000000000006,0.07922123141132269,-0.1031654139424564,0.01452261354739917,0.07853981633974483,-0.10297442586766545,0.013962634015954637,0.0,0.0,0.0,gaussian,-1,0.0,0.0,-1,20,0.9600119590759277,3.7691480705293383
1779528598.3625774,0.07853981633974483,-0.10297442586766545,0.013962634015954637,0.0,0.0,0.0,0.0396,1.9404,0.27720000000000006,0.07922123141132269,-0.1031654139424564,0.01452261354739917,0.07853981633974483,-0.10297442586766545,0.013962634015954637,0.0,0.0,0.0,gaussian,-1,0.0,0.0,-1,20,0.970069408416748,3.7691480705293383
1779528598.37254,0.07853981633974483,-0.10297442586766545,0.013962634015954637,0.0,0.0,0.0,0.0792,1.9008,-0.27720000000000006,0.07922123141132269,-0.1031654139424564,0.01452261354739917,0.07853981633974483,-0.10297442586766545,0.013962634015954637,0.0,0.0,0.0,gaussian,-1,0.0,0.0,-1,20,0.9800775051116943,3.7691480705293383
1779528598.382541,0.07853981633974483,-0.10297442586766545,0.013962634015954637,0.0,0.0,0.0,-0.0396,1.782,-0.27720000000000006,0.07922123141132269,-0.1031654139424564,0.01452261354739917,0.07853981633974483,-0.10297442586766545,0.013962634015954637,0.0,0.0,0.0,gaussian,-1,0.0,0.0,-1,20,0.9900400638580322,3.7691480705293383
1779528598.39254,0.07853981633974483,-0.10297442586766545,0.013962634015954637,0.0,0.0,0.0,0.0396,1.8215999999999999,-0.35639999999999994,0.07922123141132269,-0.1031654139424564,0.01452261354739917,0.07853981633974483,-0.10297442586766545,0.013962634015954637,0.0,0.0,0.0,gaussian,-1,0.0,0.0,-1,20,1.0000410079956055,3.7691480705293383
1779528598.4025369,0.07853981633974483,-0.10297442586766545,0.013962634015954637,0.0,0.0,0.0,0.0,1.8612000000000002,-0.27720000000000006,0.07922123141132269,-0.1031654139424564,0.01452261354739917,0.07853981633974483,-0.10297442586766545,0.013962634015954637,0.0,0.0,0.0,gaussian,-1,0.0,0.0,-1,20,1.010040044784546,3.7691480705293383
1779528598.4125395,0.07853981633974483,-0.10297442586766545,0.013962634015954637,0.0,0.0,0.0,0.0396,1.98,-0.27720000000000006,0.07922123141132269,-0.1031654139424564,0.01452261354739917,0.07853981633974483,-0.10297442586766545,0.013962634015954637,0.0,0.0,0.0020777729190408684,gaussian,-1,0.0,0.0,-1,20,1.0200369358062744,3.7691480705293383
1779528598.4225419,0.07853981633974483,-0.10297442586766545,0.013962634015954637,0.0,0.0,0.0020777729190408684,0.0,2.0592,-0.3168,0.07922123141132269,-0.1031654139424564,0.01452261354739917,0.07853981633974483,-0.10297442586766545,0.013962634015954637,0.0,0.0,0.0,gaussian,-1,0.0,0.0,-1,20,1.0300395488739014,3.7691480705293383
1779528598.432539,0.07853981633974483,-0.10297442586766545,0.013962634015954637,0.0,0.0,0.0,0.0396,1.8612000000000002,-0.27720000000000006,0.07922123141132269,-0.1031654139424564,0.01452261354739917,0.07853981633974483,-0.10297442586766545,0.013962634015954637,0.0,0.0,-0.0020777729190408684,gaussian,-1,0.0,0.0,-1,20,1.0400419235229492,3.7691480705293383
1779528598.4425416,0.07853981633974483,-0.10297442586766545,0.013962634015954637,0.0,0.0,-0.0020777729190408684,0.0396,1.98,0.3168,0.07922123141132269,-0.1031654139424564,0.01452261354739917,0.07853981633974483,-0.10297442586766545,0.013962634015954637,0.0,0.0020777729190408684,0.0,gaussian,-1,0.0,0.0,-1,20,1.0500390529632568,3.7691480705293383
1779528598.4525394,0.07853981633974483,-0.10297442586766545,0.013962634015954637,0.0,0.0020777729190408684,0.0,0.0396,2.0592,-0.27720000000000006,0.07922123141132269,-0.1031654139424564,0.01452261354739917,0.07853981633974483,-0.10297442586766545,0.013962634015954637,0.0,0.0020777729190408684,0.0,gaussian,-1,0.0,0.0,-1,20,1.0600416660308838,3.7691480705293383
1779528598.462592,0.07853981633974483,-0.10297442586766545,0.013962634015954637,0.0,0.0020777729190408684,0.0,0.0396,2.1384,-0.3168,0.07922123141132269,-0.1031654139424564,0.01452261354739917,0.07853981633974483,-0.10297442586766545,0.013962634015954637,0.0,0.0,0.0,gaussian,-1,0.0,0.0,-1,20,1.0700395107269287,3.7691480705293383
1779528598.472542,0.07853981633974483,-0.10297442586766545,0.013962634015954637,0.0,0.0,0.0,0.0,1.782,0.27720000000000006,0.07922123141132269,-0.1031654139424564,0.01452261354739917,0.07853981633974483,-0.10297442586766545,0.013962634015954637,0.0,0.0,0.0,gaussian,-1,0.0,0.0,-1,20,1.080091953277588,3.7691480705293383
1779528598.482582,0.07853981633974483,-0.10297442586766545,0.013962634015954637,0.0,0.0,0.0,0.0792,1.8215999999999999,0.2376,0.07922123141132269,-0.1031654139424564,0.01452261354739917,0.07853981633974483,-0.10297442586766545,0.013962634015954637,0.0,0.0,0.0,gaussian,-1,0.0,0.0,-1,20,1.0900421142578125,3.7691480705293383
1779528598.4925604,0.07853981633974483,-0.10297442586766545,0.013962634015954637,0.0,0.0,0.0,0.0792,1.7424,0.27720000000000006,0.07922123141132269,-0.1031654139424564,0.01452261354739917,0.07853981633974483,-0.10297442586766545,0.013962634015954637,0.0,0.0,0.0,gaussian,-1,0.0,0.0,-1,20,1.1000821590423584,3.7691480705293383
1779528598.502542,0.07853981633974483,-0.10297442586766545,0.013962634015954637,0.0,0.0,0.0,0.0792,1.8612000000000002,-0.27720000000000006,0.07922123141132269,-0.1031654139424564,0.01452261354739917,0.07853981633974483,-0.10297442586766545,0.013962634015954637,0.0,0.0,0.0,gaussian,-1,0.0,0.0,-1,20,1.110060453414917,3.7691480705293383
1779528598.5125394,0.07853981633974483,-0.10297442586766545,0.013962634015954637,0.0,0.0,0.0,0.0792,1.8612000000000002,-0.27720000000000006,0.07922123141132269,-0.1031654139424564,0.01452261354739917,0.07853981633974483,-0.10297442586766545,0.013962634015954637,-0.0020777729190408684,0.0,0.0,gaussian,-1,0.0,0.0,-1,20,1.120042085647583,3.7691480705293383
1779528598.5225124,0.07853981633974483,-0.10297442586766545,0.013962634015954637,-0.0020777729190408684,0.0,0.0,0.0,2.0196,-0.35639999999999994,0.07922123141132269,-0.1031654139424564,0.01452261354739917,0.07853981633974483,-0.10297442586766545,0.013962634015954637,0.0,0.0,0.0,gaussian,-1,0.0,0.0,-1,20,1.1300394535064697,3.7691480705293383
1779528598.5325553,0.07853981633974483,-0.10297442586766545,0.013962634015954637,0.0,0.0,0.0,0.0,1.7028,0.3168,0.07922123141132269,-0.1031654139424564,0.01452261354739917,0.07853981633974483,-0.10297442586766545,0.013962634015954637,0.0,0.0,0.0,gaussian,-1,0.0,0.0,-1,20,1.140012502670288,3.7691480705293383
1779528598.5425391,0.07853981633974483,-0.10297442586766545,0.013962634015954637,0.0,0.0,0.0,0.0,1.7028,0.3168,0.07922123141132269,-0.1031654139424564,0.01452261354739917,0.07853981633974483,-0.10297442586766545,0.013962634015954637,0.0,0.0,0.0,gaussian,-1,0.0,0.0,-1,20,1.1500554084777832,3.7691480705293383
1779528598.5525002,0.07853981633974483,-0.10297442586766545,0.013962634015954637,0.0,0.0,0.0,0.0,1.98,-0.2376,0.07922123141132269,-0.1031654139424564,0.01452261354739917,0.07853981633974483,-0.10297442586766545,0.013962634015954637,0.0,0.0,0.0,gaussian,-1,0.0,0.0,-1,20,1.1600391864776611,3.7691480705293383
1779528598.5624776,0.07853981633974483,-0.10297442586766545,0.013962634015954637,0.0,0.0,0.0,0.0396,1.9008,-0.3168,0.07922123141132269,-0.1031654139424564,0.01452261354739917,0.07853981633974483,-0.10297442586766545,0.013962634015954637,0.0,0.0,0.0,gaussian,-1,0.0,0.0,-1,20,1.1700003147125244,3.7691480705293383
1779528598.572541,0.07853981633974483,-0.10297442586766545,0.013962634015954637,0.0,0.0,0.0,0.0396,1.7424,-0.3168,0.07922123141132269,-0.1031654139424564,0.01452261354739917,0.07853981633974483,-0.10297442586766545,0.013962634015954637,0.0,0.0,0.0,gaussian,-1,0.0,0.0,-1,20,1.1799776554107666,3.7691480705293383
1779528598.5825129,0.07853981633974483,-0.10297442586766545,0.013962634015954637,0.0,0.0,0.0,0.0396,1.7424,-0.3168,0.07922123141132269,-0.1031654139424564,0.01452261354739917,0.07853981633974483,-0.10297442586766545,0.013962634015954637,-0.0020777729190408684,-0.0020777729190408684,0.0,gaussian,-1,0.0,0.0,-1,20,1.1900410652160645,3.7691480705293383
1779528598.5925195,0.07853981633974483,-0.10297442586766545,0.013962634015954637,-0.0020777729190408684,-0.0020777729190408684,0.0,0.0,1.7424,-0.3168,0.07922123141132269,-0.1031654139424564,0.01452261354739917,0.07853981633974483,-0.10297442586766545,0.013962634015954637,-0.0020777729190408684,0.0,0.0,gaussian,-1,0.0,0.0,-1,20,1.2000129222869873,3.7691480705293383
1779528598.6025422,0.07853981633974483,-0.10297442586766545,0.013962634015954637,-0.0020777729190408684,0.0,0.0,0.0,1.7028,-0.27720000000000006,0.07922123141132269,-0.1031654139424564,0.01452261354739917,0.07853981633974483,-0.10297442586766545,0.013962634015954637,-0.0020777729190408684,0.0,0.0,gaussian,-1,0.0,0.0,-1,20,1.210019588470459,3.7691480705293383
1779528598.6124852,0.07853981633974483,-0.10297442586766545,0.013962634015954637,-0.0020777729190408684,0.0,0.0,0.0,1.7028,-0.27720000000000006,0.07922123141132269,-0.1031654139424564,0.01452261354739917,0.07853981633974483,-0.10297442586766545,0.013962634015954637,0.0,0.0,0.0,gaussian,-1,0.0,0.0,-1,20,1.2200422286987305,3.7691480705293383
1779528598.6224725,0.07853981633974483,-0.10297442586766545,0.013962634015954637,0.0,0.0,0.0,0.0396,1.8215999999999999,-0.35639999999999994,0.07922123141132269,-0.1031654139424564,0.01452261354739917,0.07853981633974483,-0.10297442586766545,0.013962634015954637,-0.0020777729190408684,0.0,0.0,gaussian,-1,0.0,0.0,-1,20,1.229985237121582,3.7691480705293383
1779528598.6325006,0.07853981633974483,-0.10297442586766545,0.013962634015954637,-0.0020777729190408684,0.0,0.0,-0.0396,1.7028,-0.3168,0.07922123141132269,-0.1031654139424564,0.01452261354739917,0.07853981633974483,-0.10297442586766545,0.013962634015954637,0.0020777729190408684,0.0,0.0,gaussian,-1,0.0,0.0,-1,20,1.2399725914001465,3.7691480705293383
1779528598.6425388,0.07853981633974483,-0.10297442586766545,0.013962634015954637,0.0020777729190408684,0.0,0.0,0.0,1.9008,-0.27720000000000006,0.07922123141132269,-0.1031654139424564,0.01452261354739917,0.07853981633974483,-0.10297442586766545,0.013962634015954637,0.0020777729190408684,0.0,0.0,gaussian,-1,0.0,0.0,-1,20,1.2500007152557373,3.7691480705293383
1779528598.6525395,0.07853981633974483,-0.10297442586766545,0.013962634015954637,0.0020777729190408684,0.0,0.0,0.0,1.9008,-0.27720000000000006,0.07922123141132269,-0.1031654139424564,0.01452261354739917,0.07853981633974483,-0.10297442586766545,0.013962634015954637,0.0,0.0,0.0,gaussian,-1,0.0,0.0,-1,20,1.2600388526916504,3.7691480705293383
1779528598.6625419,0.07853981633974483,-0.10297442586766545,0.013962634015954637,0.0,0.0,0.0,0.0792,1.9404,-0.2376,0.07922123141132269,-0.1031654139424564,0.01452261354739917,0.07853981633974483,-0.10297442586766545,0.013962634015954637,0.0,0.0,-0.0020777729190408684,gaussian,-1,0.0,0.0,-1,20,1.2700395584106445,3.7691480705293383
1779528598.6725402,0.07853981633974483,-0.10297442586766545,0.013962634015954637,0.0,0.0,-0.0020777729190408684,0.0,1.7424,-0.3168,0.07922123141132269,-0.1031654139424564,0.01452261354739917,0.07853981633974483,-0.10297442586766545,0.013962634015954637,0.0,0.0,0.0,gaussian,-1,0.0,0.0,-1,20,1.2800419330596924,3.7691480705293383
1779528598.6825414,0.07853981633974483,-0.10297442586766545,0.013962634015954637,0.0,0.0,0.0,0.0396,1.8215999999999999,-0.3168,0.07922123141132269,-0.1031654139424564,0.01452261354739917,0.07853981633974483,-0.10297442586766545,0.013962634015954637,0.0,0.0,0.0,gaussian,-1,0.0,0.0,-1,20,1.2900402545928955,3.7691480705293383
1779528598.6925945,0.07853981633974483,-0.10297442586766545,0.013962634015954637,0.0,0.0,0.0,0.0,1.8612000000000002,-0.27720000000000006,0.07922123141132269,-0.1031654139424564,0.01452261354739917,0.07853981633974483,-0.10297442586766545,0.013962634015954637,0.0,0.0,0.0,gaussian,-1,0.0,0.0,-1,20,1.3000414371490479,3.7691480705293383
1779528598.7025635,0.07853981633974483,-0.10297442586766545,0.013962634015954637,0.0,0.0,0.0,0.0,1.7424,-0.27720000000000006,0.07922123141132269,-0.1031654139424564,0.01452261354739917,0.07853981633974483,-0.10297442586766545,0.013962634015954637,0.0,0.0,-0.0020777729190408684,gaussian,-1,0.0,0.0,-1,20,1.3100945949554443,3.7691480705293383
1779528598.7126834,0.07853981633974483,-0.10297442586766545,0.013962634015954637,0.0,0.0,-0.0020777729190408684,0.0,1.782,0.27720000000000006,0.07922123141132269,-0.1031654139424564,0.01452261354739917,0.07853981633974483,-0.10297442586766545,0.013962634015954637,0.0,0.0,-0.0020777729190408684,gaussian,-1,0.0,0.0,-1,20,1.320063591003418,3.7691480705293383
1779528598.7225268,0.07853981633974483,-0.10297442586766545,0.013962634015954637,0.0,0.0,-0.0020777729190408684,0.0,1.782,0.27720000000000006,0.07922123141132269,-0.1031654139424564,0.01452261354739917,0.07853981633974483,-0.10297442586766545,0.013962634015954637,0.0,0.0,0.0,gaussian,-1,0.0,0.0,-1,20,1.330183506011963,3.7691480705293383
1779528598.7325354,0.07853981633974483,-0.10297442586766545,0.013962634015954637,0.0,0.0,0.0,0.0396,1.782,-0.3168,0.07922123141132269,-0.1031654139424564,0.01452261354739917,0.07853981633974483,-0.10297442586766545,0.013962634015954637,0.0,0.0,0.0,gaussian,-1,0.0,0.0,-1,20,1.34002685546875,3.7691480705293383
1779528598.7425394,0.07853981633974483,-0.10297442586766545,0.013962634015954637,0.0,0.0,0.0,0.0,1.8215999999999999,-0.3168,0.07922123141132269,-0.1031654139424564,0.01452261354739917,0.07853981633974483,-0.10297442586766545,0.013962634015954637,0.0,0.0,0.0,gaussian,-1,0.0,0.0,-1,20,1.3500354290008545,3.7691480705293383
1779528598.7525423,0.07853981633974483,-0.10297442586766545,0.013962634015954637,0.0,0.0,0.0,0.0,1.8215999999999999,-0.3168,0.07922123141132269,-0.1031654139424564,0.01452261354739917,0.07853981633974483,-0.10297442586766545,0.013962634015954637,0.0,0.0,0.0,gaussian,-1,0.0,0.0,-1,20,1.360039472579956,3.7691480705293383
1779528598.762544,0.07853981633974483,-0.10297442586766545,0.013962634015954637,0.0,0.0,0.0,0.0396,2.0988,-0.3168,0.07922123141132269,-0.1031654139424564,0.01452261354739917,0.07853981633974483,-0.10297442586766545,0.013962634015954637,0.0,0.0,0.0,gaussian,-1,0.0,0.0,-1,20,1.370042324066162,3.7691480705293383
1779528598.7725408,0.07853981633974483,-0.10297442586766545,0.013962634015954637,0.0,0.0,0.0,0.0,1.6632,-0.3168,0.07922123141132269,-0.1031654139424564,0.01452261354739917,0.07853981633974483,-0.10297442586766545,0.013962634015954637,-0.0020777729190408684,0.0,0.0,gaussian,-1,0.0,0.0,-1,20,1.3800439834594727,3.7691480705293383
1779528598.7825115,0.07853981633974483,-0.10297442586766545,0.013962634015954637,-0.0020777729190408684,0.0,0.0,0.0,1.9008,-0.3168,0.07922123141132269,-0.1031654139424564,0.01452261354739917,0.07853981633974483,-0.10297442586766545,0.013962634015954637,-0.0020777729190408684,0.0,0.0,gaussian,-1,0.0,0.0,-1,20,1.3900408744812012,3.7691480705293383
1779528598.7925403,0.07853981633974483,-0.10297442586766545,0.013962634015954637,-0.0020777729190408684,0.0,0.0,0.0,2.0592,-0.27720000000000006,0.07922123141132269,-0.1031654139424564,0.01452261354739917,0.07853981633974483,-0.10297442586766545,0.013962634015954637,-0.0020777729190408684,0.0,0.0,gaussian,-1,0.0,0.0,-1,20,1.4000115394592285,3.7691480705293383
1779528598.8025172,0.07853981633974483,-0.10297442586766545,0.013962634015954637,-0.0020777729190408684,0.0,0.0,0.0,2.0592,-0.27720000000000006,0.07922123141132269,-0.1031654139424564,0.01452261354739917,0.07853981633974483,-0.10297442586766545,0.013962634015954637,0.0,0.0,0.0,gaussian,-1,0.0,0.0,-1,20,1.4100403785705566,3.7691480705293383
1779528598.8127592,0.07853981633974483,-0.10297442586766545,0.013962634015954637,0.0,0.0,0.0,0.0,1.98,-0.3168,0.07922123141132269,-0.1031654139424564,0.01452261354739917,0.07853981633974483,-0.10297442586766545,0.013962634015954637,0.0,0.0,0.0,gaussian,-1,0.0,0.0,-1,20,1.4200172424316406,3.7691480705293383
1779528598.8226004,0.07853981633974483,-0.10297442586766545,0.013962634015954637,0.0,0.0,0.0,0.0,1.98,-0.3168,0.07922123141132269,-0.1031654139424564,0.01452261354739917,0.07853981633974483,-0.10297442586766545,0.013962634015954637,0.0,0.0,0.0,gaussian,-1,0.0,0.0,-1,20,1.4302592277526855,3.7691480705293383
1779528598.8325129,0.07853981633974483,-0.10297442586766545,0.013962634015954637,0.0,0.0,0.0,0.0396,1.9008,-0.27720000000000006,0.07922123141132269,-0.1031654139424564,0.01452261354739917,0.07853981633974483,-0.10297442586766545,0.013962634015954637,0.0,0.0,0.0,gaussian,-1,0.0,0.0,-1,20,1.4401004314422607,3.7691480705293383
1779528598.8425195,0.07853981633974483,-0.10297442586766545,0.013962634015954637,0.0,0.0,0.0,0.0396,1.9008,-0.35639999999999994,0.07922123141132269,-0.1031654139424564,0.01452261354739917,0.07853981633974483,-0.10297442586766545,0.013962634015954637,0.0,0.0,0.0,gaussian,-1,0.0,0.0,-1,20,1.4500129222869873,3.7691480705293383
1779528598.8525796,0.07853981633974483,-0.10297442586766545,0.013962634015954637,0.0,0.0,0.0,0.0792,2.0196,-0.27720000000000006,0.07922123141132269,-0.1031654139424564,0.01452261354739917,0.07853981633974483,-0.10297442586766545,0.013962634015954637,0.0,0.0,0.0,gaussian,-1,0.0,0.0,-1,20,1.460019588470459,3.7691480705293383
1779528598.862513,0.07853981633974483,-0.10297442586766545,0.013962634015954637,0.0,0.0,0.0,0.0,2.0196,-0.27720000000000006,0.07922123141132269,-0.1031654139424564,0.01452261354739917,0.07853981633974483,-0.10297442586766545,0.013962634015954637,0.0,0.0,0.0,gaussian,-1,0.0,0.0,-1,20,1.4700796604156494,3.7691480705293383
1779528598.8725593,0.07853981633974483,-0.10297442586766545,0.013962634015954637,0.0,0.0,0.0,0.0792,1.9404,-0.3168,0.07922123141132269,-0.1031654139424564,0.01452261354739917,0.07853981633974483,-0.10297442586766545,0.013962634015954637,-0.0020777729190408684,0.0,0.0020777729190408684,gaussian,-1,0.0,0.0,-1,20,1.480013132095337,3.7691480705293383
1779528598.8841093,0.07853981633974483,-0.10297442586766545,0.013962634015954637,-0.0020777729190408684,0.0,0.0020777729190408684,0.0,2.0196,-0.3168,0.07922123141132269,-0.1031654139424564,0.01452261354739917,0.07853981633974483,-0.10297442586766545,0.013962634015954637,-0.0020777729190408684,0.0,0.0020777729190408684,gaussian,-1,0.0,0.0,-1,20,1.4900593757629395,3.7691480705293383
1779528598.8925598,0.07853981633974483,-0.10297442586766545,0.013962634015954637,-0.0020777729190408684,0.0,0.0020777729190408684,0.0,2.0196,-0.3168,0.07922123141132269,-0.1031654139424564,0.01452261354739917,0.07853981633974483,-0.10297442586766545,0.013962634015954637,0.0020777729190408684,0.0,0.0,gaussian,-1,0.0,0.0,-1,20,1.5016093254089355,3.7691480705293383
1779528598.902603,0.07853981633974483,-0.10297442586766545,0.013962634015954637,0.0020777729190408684,0.0,0.0,-0.0396,2.0988,-0.27720000000000006,0.07922123141132269,-0.1031654139424564,0.01452261354739917,0.07853981633974483,-0.10297442586766545,0.013962634015954637,0.0020777729190408684,0.0,0.0,gaussian,-1,0.0,0.0,-1,20,1.5100598335266113,3.7691480705293383
1779528598.912545,0.07853981633974483,-0.10297442586766545,0.013962634015954637,0.0020777729190408684,0.0,0.0,-0.0396,2.0988,-0.27720000000000006,0.07922123141132269,-0.1031654139424564,0.01452261354739917,0.07853981633974483,-0.10297442586766545,0.013962634015954637,0.0,0.0,0.0020777729190408684,gaussian,-1,0.0,0.0,-1,20,1.5201029777526855,3.7691480705293383
1779528598.9226441,0.07853981633974483,-0.10297442586766545,0.013962634015954637,0.0,0.0,0.0020777729190408684,0.0396,1.782,-0.3168,0.07922123141132269,-0.1031654139424564,0.01452261354739917,0.07853981633974483,-0.10297442586766545,0.013962634015954637,0.0,0.0,0.0,gaussian,-1,0.0,0.0,-1,20,1.5300450325012207,3.7691480705293383
1779528598.9325552,0.07853981633974483,-0.10297442586766545,0.013962634015954637,0.0,0.0,0.0,0.0,1.9008,0.27720000000000006,0.07922123141132269,-0.1031654139424564,0.01452261354739917,0.07853981633974483,-0.10297442586766545,0.013962634015954637,0.0020777729190408684,0.0,0.0,gaussian,-1,0.0,0.0,-1,20,1.5401442050933838,3.7691480705293383
1779528598.9424667,0.07853981633974483,-0.10297442586766545,0.013962634015954637,0.0020777729190408684,0.0,0.0,0.0,1.8215999999999999,-0.27720000000000006,0.07922123141132269,-0.1031654139424564,0.01452261354739917,0.07853981633974483,-0.10297442586766545,0.013962634015954637,0.0,0.0,0.0,gaussian,-1,0.0,0.0,-1,20,1.5500552654266357,3.7691480705293383
1779528598.9525204,0.07853981633974483,-0.10297442586766545,0.013962634015954637,0.0,0.0,0.0,0.0396,1.8612000000000002,-0.35639999999999994,0.07922123141132269,-0.1031654139424564,0.01452261354739917,0.07853981633974483,-0.10297442586766545,0.013962634015954637,0.0,-0.0020777729190408684,0.0,gaussian,-1,0.0,0.0,-1,20,1.559966802597046,3.7691480705293383
1779528598.9625149,0.07853981633974483,-0.10297442586766545,0.013962634015954637,0.0,-0.0020777729190408684,0.0,0.0396,2.0196,-0.2376,0.07922123141132269,-0.1031654139424564,0.01452261354739917,0.07853981633974483,-0.10297442586766545,0.013962634015954637,0.0,0.0,0.0,gaussian,-1,0.0,0.0,-1,20,1.5700204372406006,3.7691480705293383
1779528598.9725385,0.07853981633974483,-0.10297442586766545,0.013962634015954637,0.0,0.0,0.0,0.0,1.8215999999999999,-0.35639999999999994,0.07922123141132269,-0.1031654139424564,0.01452261354739917,0.07853981633974483,-0.10297442586766545,0.013962634015954637,0.0,0.0,0.0,gaussian,-1,0.0,0.0,-1,20,1.580014944076538,3.7691480705293383
1779528598.9825344,0.07853981633974483,-0.10297442586766545,0.013962634015954637,0.0,0.0,0.0,0.0,1.9008,0.2376,0.07922123141132269,-0.1031654139424564,0.01452261354739917,0.07853981633974483,-0.10297442586766545,0.013962634015954637,0.0,0.0,0.0,gaussian,-1,0.0,0.0,-1,20,1.590038537979126,3.7691480705293383
1779528598.9927175,0.07853981633974483,-0.10297442586766545,0.013962634015954637,0.0,0.0,0.0,0.0,2.0988,-0.3168,0.07922123141132269,-0.1031654139424564,0.01452261354739917,0.07853981633974483,-0.10297442586766545,0.013962634015954637,0.0,0.0,0.0,gaussian,-1,0.0,0.0,-1,20,1.600034475326538,3.7691480705293383
1779528599.0043724,0.07853981633974483,-0.10297442586766545,0.013962634015954637,0.0,0.0,0.0,0.0,2.0988,-0.3168,0.07922123141132269,-0.1031654139424564,0.01452261354739917,0.07853981633974483,-0.10297442586766545,0.013962634015954637,0.0,0.0,0.0,gaussian,-1,0.0,0.0,-1,20,1.610217571258545,3.7691480705293383
1779528599.0125296,0.07853981633974483,-0.10297442586766545,0.013962634015954637,0.0,0.0,0.0,0.0,1.8612000000000002,-0.35639999999999994,0.07922123141132269,-0.1031654139424564,0.01452261354739917,0.07853981633974483,-0.10297442586766545,0.013962634015954637,0.0,0.0,0.0,gaussian,-1,0.0,0.0,-1,20,1.6218724250793457,3.7691480705293383
1779528599.022598,0.07853981633974483,-0.10297442586766545,0.013962634015954637,0.0,0.0,0.0,0.0,1.8215999999999999,0.3168,0.07922123141132269,-0.1031654139424564,0.01452261354739917,0.07853981633974483,-0.10297442586766545,0.013962634015954637,0.0,0.0,0.0,gaussian,-1,0.0,0.0,-1,20,1.6300296783447266,3.7691480705293383
1779528599.0325792,0.07853981633974483,-0.10297442586766545,0.013962634015954637,0.0,0.0,0.0,0.0,1.8215999999999999,0.3168,0.07922123141132269,-0.1031654139424564,0.01452261354739917,0.07853981633974483,-0.10297442586766545,0.013962634015954637,0.0,0.0,0.0,gaussian,-1,0.0,0.0,-1,20,1.6400980949401855,3.7691480705293383
1779528599.0425572,0.07853981633974483,-0.10297442586766545,0.013962634015954637,0.0,0.0,0.0,0.0,2.0988,-0.35639999999999994,0.07922123141132269,-0.1031654139424564,0.01452261354739917,0.07853981633974483,-0.10297442586766545,0.013962634015954637,0.0,0.0,0.0,gaussian,-1,0.0,0.0,-1,20,1.6500792503356934,3.7691480705293383
1779528599.0525315,0.07853981633974483,-0.10297442586766545,0.013962634015954637,0.0,0.0,0.0,0.0,1.8612000000000002,-0.2376,0.07922123141132269,-0.1031654139424564,0.01452261354739917,0.07853981633974483,-0.10297442586766545,0.013962634015954637,0.0,-0.0020777729190408684,0.0,gaussian,-1,0.0,0.0,-1,20,1.6600573062896729,3.7691480705293383
1779528599.0625134,0.07853981633974483,-0.10297442586766545,0.013962634015954637,0.0,-0.0020777729190408684,0.0,0.0,1.8215999999999999,-0.35639999999999994,0.07922123141132269,-0.1031654139424564,0.01452261354739917,0.07853981633974483,-0.10297442586766545,0.013962634015954637,0.0,0.0,0.0020777729190408684,gaussian,-1,0.0,0.0,-1,20,1.6700315475463867,3.7691480705293383
1779528599.0725853,0.07853981633974483,-0.10297442586766545,0.013962634015954637,0.0,0.0,0.0020777729190408684,0.0792,1.9404,-0.3168,0.07922123141132269,-0.1031654139424564,0.01452261354739917,0.07853981633974483,-0.10297442586766545,0.013962634015954637,0.0,0.0,0.0020777729190408684,gaussian,-1,0.0,0.0,-1,20,1.6800134181976318,3.7691480705293383
1779528599.08255,0.07853981633974483,-0.10297442586766545,0.013962634015954637,0.0,0.0,0.0020777729190408684,0.0792,1.9404,-0.3168,0.07922123141132269,-0.1031654139424564,0.01452261354739917,0.07853981633974483,-0.10297442586766545,0.013962634015954637,0.0,0.0,0.0,gaussian,-1,0.0,0.0,-1,20,1.6900854110717773,3.7691480705293383
1779528599.0927215,0.07853981633974483,-0.10297442586766545,0.013962634015954637,0.0,0.0,0.0,0.0792,1.782,-0.3168,0.07922123141132269,-0.1031654139424564,0.01452261354739917,0.07853981633974483,-0.10297442586766545,0.013962634015954637,0.0,0.0,0.0,gaussian,-1,0.0,0.0,-1,20,1.7000501155853271,3.7691480705293383
1779528599.1024723,0.07853981633974483,-0.10297442586766545,0.013962634015954637,0.0,0.0,0.0,0.0,1.8612000000000002,-0.3168,0.07922123141132269,-0.1031654139424564,0.01452261354739917,0.07853981633974483,-0.10297442586766545,0.013962634015954637,0.0,0.0,0.0,gaussian,-1,0.0,0.0,-1,20,1.710221529006958,3.7691480705293383
1779528599.112542,0.07853981633974483,-0.10297442586766545,0.013962634015954637,0.0,0.0,0.0,0.0396,1.782,-0.27720000000000006,0.07922123141132269,-0.1031654139424564,0.01452261354739917,0.07853981633974483,-0.10297442586766545,0.013962634015954637,0.0,0.0,0.0,gaussian,-1,0.0,0.0,-1,20,1.7199723720550537,3.7691480705293383
1779528599.1225557,0.07853981633974483,-0.10297442586766545,0.013962634015954637,0.0,0.0,0.0,0.0396,1.782,-0.27720000000000006,0.07922123141132269,-0.1031654139424564,0.01452261354739917,0.07853981633974483,-0.10297442586766545,0.013962634015954637,0.0,0.0,0.004155545838081737,gaussian,-1,0.0,0.0,-1,20,1.7300419807434082,3.7691480705293383
1779528599.1324792,0.07853981633974483,-0.10297442586766545,0.013962634015954637,0.0,0.0,0.004155545838081737,0.1188,1.9008,-0.3168,0.07922123141132269,-0.1031654139424564,0.01452261354739917,0.07853981633974483,-0.10297442586766545,0.013962634015954637,0.0,0.0,0.0020777729190408684,gaussian,-1,0.0,0.0,-1,20,1.740055799484253,3.7691480705293383
1779528599.142513,0.07853981633974483,-0.10297442586766545,0.013962634015954637,0.0,0.0,0.0020777729190408684,0.0,1.7028,-0.3168,0.07922123141132269,-0.1031654139424564,0.01452261354739917,0.07853981633974483,-0.10297442586766545,0.013962634015954637,0.0,0.0,0.0,gaussian,-1,0.0,0.0,-1,20,1.7499792575836182,3.7691480705293383
1779528599.1525407,0.07853981633974483,-0.10297442586766545,0.013962634015954637,0.0,0.0,0.0,0.0396,2.0988,-0.27720000000000006,0.07922123141132269,-0.1031654139424564,0.01452261354739917,0.07853981633974483,-0.10297442586766545,0.013962634015954637,0.0,0.0,0.0,gaussian,-1,0.0,0.0,-1,20,1.7600131034851074,3.7691480705293383
1779528599.1625857,0.07853981633974483,-0.10297442586766545,0.013962634015954637,0.0,0.0,0.0,0.0396,2.0988,-0.27720000000000006,0.07922123141132269,-0.1031654139424564,0.01452261354739917,0.07853981633974483,-0.10297442586766545,0.013962634015954637,0.0,0.0,0.0,gaussian,-1,0.0,0.0,-1,20,1.77004075050354,3.7691480705293383
1779528599.172519,0.07853981633974483,-0.10297442586766545,0.013962634015954637,0.0,0.0,0.0,0.0,2.0592,-0.3168,0.07922123141132269,-0.1031654139424564,0.01452261354739917,0.07853981633974483,-0.10297442586766545,0.013962634015954637,0.0,0.0020777729190408684,0.0,gaussian,-1,0.0,0.0,-1,20,1.780085802078247,3.7691480705293383
1779528599.1825373,0.07853981633974483,-0.10297442586766545,0.013962634015954637,0.0,0.0020777729190408684,0.0,0.0396,2.0592,-0.27720000000000006,0.07922123141132269,-0.1031654139424564,0.01452261354739917,0.07853981633974483,-0.10297442586766545,0.013962634015954637,0.0,0.0020777729190408684,0.0,gaussian,-1,0.0,0.0,-1,20,1.7900190353393555,3.7691480705293383
1779528599.1925411,0.07853981633974483,-0.10297442586766545,0.013962634015954637,0.0,0.0020777729190408684,0.0,0.0396,2.0592,-0.27720000000000006,0.07922123141132269,-0.1031654139424564,0.01452261354739917,0.07853981633974483,-0.10297442586766545,0.013962634015954637,0.0,0.0,0.0,gaussian,-1,0.0,0.0,-1,20,1.8000373840332031,3.7691480705293383
1779528599.2024803,0.07853981633974483,-0.10297442586766545,0.013962634015954637,0.0,0.0,0.0,0.0,1.9008,-0.27720000000000006,0.07922123141132269,-0.1031654139424564,0.01452261354739917,0.07853981633974483,-0.10297442586766545,0.013962634015954637,0.0,0.0,0.0,gaussian,-1,0.0,0.0,-1,20,1.8100411891937256,3.7691480705293383
1779528599.2125432,0.07853981633974483,-0.10297442586766545,0.013962634015954637,0.0,0.0,0.0,0.0,1.8215999999999999,-0.3168,0.07922123141132269,-0.1031654139424564,0.01452261354739917,0.07853981633974483,-0.10297442586766545,0.013962634015954637,0.0,0.0,0.0,gaussian,-1,0.0,0.0,-1,20,1.8199803829193115,3.7691480705293383
1779528599.222586,0.07853981633974483,-0.10297442586766545,0.013962634015954637,0.0,0.0,0.0,0.0792,1.782,-0.27720000000000006,0.07922123141132269,-0.1031654139424564,0.01452261354739917,0.07853981633974483,-0.10297442586766545,0.013962634015954637,0.0,0.0,0.0,gaussian,-1,0.0,0.0,-1,20,1.8300433158874512,3.7691480705293383
1779528599.2325408,0.07853981633974483,-0.10297442586766545,0.013962634015954637,0.0,0.0,0.0,-0.0396,1.8612000000000002,-0.3168,0.07922123141132269,-0.1031654139424564,0.01452261354739917,0.07853981633974483,-0.10297442586766545,0.013962634015954637,0.0,0.0,0.0,gaussian,-1,0.0,0.0,-1,20,1.8400859832763672,3.7691480705293383
1779528599.242545,0.07853981633974483,-0.10297442586766545,0.013962634015954637,0.0,0.0,0.0,-0.0396,1.8612000000000002,-0.3168,0.07922123141132269,-0.1031654139424564,0.01452261354739917,0.07853981633974483,-0.10297442586766545,0.013962634015954637,0.0,0.0,0.0,gaussian,-1,0.0,0.0,-1,20,1.8500409126281738,3.7691480705293383
1779528599.2525065,0.07853981633974483,-0.10297442586766545,0.013962634015954637,0.0,0.0,0.0,0.0396,1.8215999999999999,0.27720000000000006,0.07922123141132269,-0.1031654139424564,0.01452261354739917,0.07853981633974483,-0.10297442586766545,0.013962634015954637,0.0,0.0,0.0,gaussian,-1,0.0,0.0,-1,20,1.8600449562072754,3.7691480705293383
1779528599.2625403,0.07853981633974483,-0.10297442586766545,0.013962634015954637,0.0,0.0,0.0,0.0,1.8215999999999999,0.3168,0.07922123141132269,-0.1031654139424564,0.01452261354739917,0.07853981633974483,-0.10297442586766545,0.013962634015954637,0.0,0.0,0.0,gaussian,-1,0.0,0.0,-1,20,1.8700065612792969,3.7691480705293383
1779528599.2725897,0.07853981633974483,-0.10297442586766545,0.013962634015954637,0.0,0.0,0.0,0.0,1.8215999999999999,0.3168,0.07922123141132269,-0.1031654139424564,0.01452261354739917,0.07853981633974483,-0.10297442586766545,0.013962634015954637,0.0,0.0,0.0,gaussian,-1,0.0,0.0,-1,20,1.8800404071807861,3.7691480705293383
1779528599.2825487,0.07853981633974483,-0.10297442586766545,0.013962634015954637,0.0,0.0,0.0,-0.0396,2.0592,0.27720000000000006,0.07922123141132269,-0.1031654139424564,0.01452261354739917,0.07853981633974483,-0.10297442586766545,0.013962634015954637,0.0,0.0,0.0,gaussian,-1,0.0,0.0,-1,20,1.890089750289917,3.7691480705293383
1779528599.2925384,0.07853981633974483,-0.10297442586766545,0.013962634015954637,0.0,0.0,0.0,-0.0396,2.0592,0.27720000000000006,0.07922123141132269,-0.1031654139424564,0.01452261354739917,0.07853981633974483,-0.10297442586766545,0.013962634015954637,0.0,0.0,0.0,gaussian,-1,0.0,0.0,-1,20,1.9000487327575684,3.7691480705293383
1779528599.302543,0.07853981633974483,-0.10297442586766545,0.013962634015954637,0.0,0.0,0.0,0.0,1.98,0.3168,0.07922123141132269,-0.1031654139424564,0.01452261354739917,0.07853981633974483,-0.10297442586766545,0.013962634015954637,0.0,0.0,0.0,gaussian,-1,0.0,0.0,-1,20,1.9100384712219238,3.7691480705293383
1779528599.312679,0.07853981633974483,-0.10297442586766545,0.013962634015954637,0.0,0.0,0.0,0.0,1.8612000000000002,-0.27720000000000006,0.07922123141132269,-0.1031654139424564,0.01452261354739917,0.07853981633974483,-0.10297442586766545,0.013962634015954637,0.0,0.0020777729190408684,0.0,gaussian,-1,0.0,0.0,-1,20,1.9200429916381836,3.7691480705293383
1779528599.322543,0.07853981633974483,-0.10297442586766545,0.013962634015954637,0.0,0.0020777729190408684,0.0,-0.0396,1.782,-0.3168,0.07922123141132269,-0.1031654139424564,0.01452261354739917,0.07853981633974483,-0.10297442586766545,0.013962634015954637,0.0,0.0,0.0,gaussian,-1,0.0,0.0,-1,20,1.9301791191101074,3.7691480705293383
1779528599.332541,0.07853981633974483,-0.10297442586766545,0.013962634015954637,0.0,0.0,0.0,-0.0396,1.8612000000000002,-0.3168,0.07922123141132269,-0.1031654139424564,0.01452261354739917,0.07853981633974483,-0.10297442586766545,0.013962634015954637,0.0,0.0,-0.0020777729190408684,gaussian,-1,0.0,0.0,-1,20,1.9400429725646973,3.7691480705293383
1779528599.3425424,0.07853981633974483,-0.10297442586766545,0.013962634015954637,0.0,0.0,-0.0020777729190408684,0.0396,2.0196,0.3168,0.07922123141132269,-0.1031654139424564,0.01452261354739917,0.07853981633974483,-0.10297442586766545,0.013962634015954637,0.0,0.0,0.0,gaussian,-1,0.0,0.0,-1,20,1.9500410556793213,3.7691480705293383
1779528599.35254,0.07853981633974483,-0.10297442586766545,0.013962634015954637,0.0,0.0,0.0,0.0396,1.7424,-0.27720000000000006,0.07922123141132269,-0.1031654139424564,0.01452261354739917,0.07853981633974483,-0.10297442586766545,0.013962634015954637,0.0,0.0,0.0,gaussian,-1,0.0,0.0,-1,20,1.9600424766540527,3.7691480705293383
1779528599.3625205,0.07853981633974483,-0.10297442586766545,0.013962634015954637,0.0,0.0,0.0,0.0396,2.0196,-0.3168,0.07922123141132269,-0.1031654139424564,0.01452261354739917,0.07853981633974483,-0.10297442586766545,0.013962634015954637,0.0,0.0020777729190408684,0.0,gaussian,-1,0.0,0.0,-1,20,1.9700400829315186,3.7691480705293383
1779528599.3725202,0.07853981633974483,-0.10297442586766545,0.013962634015954637,0.0,0.0020777729190408684,0.0,0.0,1.8612000000000002,-0.2376,0.07922123141132269,-0.1031654139424564,0.01452261354739917,0.07853981633974483,-0.10297442586766545,0.013962634015954637,0.0,0.0,0.0,gaussian,-1,0.0,0.0,-1,20,1.980020523071289,3.7691480705293383
1779528599.3825443,0.07853981633974483,-0.10297442586766545,0.013962634015954637,0.0,0.0,0.0,0.0396,2.0592,-0.3168,0.07922123141132269,-0.1031654139424564,0.01452261354739917,0.07853981633974483,-0.10297442586766545,0.013962634015954637,0.0,0.0,0.0,gaussian,-1,0.0,0.0,-1,20,1.9900202751159668,3.7691480705293383
1779528599.3928056,0.07853981633974483,-0.10297442586766545,0.013962634015954637,0.0,0.0,0.0,0.0396,2.0592,-0.3168,0.07922123141132269,-0.1031654139424564,0.01452261354739917,0.07853981633974483,-0.10297442586766545,0.013962634015954637,0.0,0.0,0.0,gaussian,-1,0.0,0.0,-1,20,2.000044345855713,3.7691480705293383
1779528599.4026074,0.07853981633974483,-0.10297442586766545,0.013962634015954637,0.0,0.0,0.0,0.0,1.9008,-0.27720000000000006,0.07922123141132269,-0.1031654139424564,0.01452261354739917,0.07853981633974483,-0.10297442586766545,0.013962634015954637,-0.0020777729190408684,0.0,0.0020777729190408684,gaussian,-1,0.0,0.0,-1,20,2.010305643081665,3.7691480705293383
1779528599.413882,0.07853981633974483,-0.10297442586766545,0.013962634015954637,-0.0020777729190408684,0.0,0.0020777729190408684,-0.0396,1.8215999999999999,0.3168,0.07922123141132269,-0.1031654139424564,0.01452261354739917,0.07853981633974483,-0.10297442586766545,0.013962634015954637,0.0,0.0,0.0,gaussian,-1,0.0,0.0,-1,20,2.0201075077056885,3.7691480705293383
1779528599.4225352,0.07853981633974483,-0.10297442586766545,0.013962634015954637,0.0,0.0,0.0,0.0,2.0196,0.27720000000000006,0.07922123141132269,-0.1031654139424564,0.01452261354739917,0.07853981633974483,-0.10297442586766545,0.013962634015954637,0.0,0.0,-0.0020777729190408684,gaussian,-1,0.0,0.0,-1,20,2.0313820838928223,3.7691480705293383
1779528599.432562,0.07853981633974483,-0.10297442586766545,0.013962634015954637,0.0,0.0,-0.0020777729190408684,0.0,1.7424,0.2376,0.07922123141132269,-0.1031654139424564,0.01452261354739917,0.07853981633974483,-0.10297442586766545,0.013962634015954637,0.0,0.0,0.0,gaussian,-1,0.0,0.0,-1,20,2.0400352478027344,3.7691480705293383
1779528599.4424965,0.07853981633974483,-0.10297442586766545,0.013962634015954637,0.0,0.0,0.0,-0.0396,2.0988,-0.3168,0.07922123141132269,-0.1031654139424564,0.01452261354739917,0.07853981633974483,-0.10297442586766545,0.013962634015954637,0.0,0.0,0.0,gaussian,-1,0.0,0.0,-1,20,2.0500621795654297,3.7691480705293383
1779528599.4527113,0.07853981633974483,-0.10297442586766545,0.013962634015954637,0.0,0.0,0.0,-0.0396,2.0988,-0.3168,0.07922123141132269,-0.1031654139424564,0.01452261354739917,0.07853981633974483,-0.10297442586766545,0.013962634015954637,0.0,0.0,0.0,gaussian,-1,0.0,0.0,-1,20,2.0599966049194336,3.7691480705293383
1779528599.4632149,0.07853981633974483,-0.10297442586766545,0.013962634015954637,0.0,0.0,0.0,-0.0396,1.8612000000000002,0.27720000000000006,0.07922123141132269,-0.1031654139424564,0.01452261354739917,0.07853981633974483,-0.10297442586766545,0.013962634015954637,0.0,0.0,0.0,gaussian,-1,0.0,0.0,-1,20,2.070211410522461,3.7691480705293383
1779528599.472564,0.07853981633974483,-0.10297442586766545,0.013962634015954637,0.0,0.0,0.0,0.0,1.782,-0.3168,0.07922123141132269,-0.1031654139424564,0.01452261354739917,0.07853981633974483,-0.10297442586766545,0.013962634015954637,0.0,0.0,0.0,gaussian,-1,0.0,0.0,-1,20,2.0807149410247803,3.7691480705293383
1779528599.4825668,0.07853981633974483,-0.10297442586766545,0.013962634015954637,0.0,0.0,0.0,0.0,2.1384,-0.27720000000000006,0.07922123141132269,-0.1031654139424564,0.01452261354739917,0.07853981633974483,-0.10297442586766545,0.013962634015954637,0.0,0.0,0.0,gaussian,-1,0.0,0.0,-1,20,2.09006404876709,3.7691480705293383
1779528599.4925137,0.07853981633974483,-0.10297442586766545,0.013962634015954637,0.0,0.0,0.0,0.0,2.1384,-0.27720000000000006,0.07922123141132269,-0.1031654139424564,0.01452261354739917,0.07853981633974483,-0.10297442586766545,0.013962634015954637,0.0,0.0020777729190408684,0.0,gaussian,-1,0.0,0.0,-1,20,2.100066900253296,3.7691480705293383
1779528599.5025125,0.07853981633974483,-0.10297442586766545,0.013962634015954637,0.0,0.0020777729190408684,0.0,0.0,1.782,-0.27720000000000006,0.07922123141132269,-0.1031654139424564,0.01452261354739917,0.07853981633974483,-0.10297442586766545,0.013962634015954637,0.0,0.0,0.0,gaussian,-1,0.0,0.0,-1,20,2.110013723373413,3.7691480705293383
1779528599.5125737,0.07853981633974483,-0.10297442586766545,0.013962634015954637,0.0,0.0,0.0,-0.0792,1.7424,-0.3168,0.07922123141132269,-0.1031654139424564,0.01452261354739917,0.07853981633974483,-0.10297442586766545,0.013962634015954637,0.0,0.0,0.0,gaussian,-1,0.0,0.0,-1,20,2.1200125217437744,3.7691480705293383
1779528599.5225499,0.07853981633974483,-0.10297442586766545,0.013962634015954637,0.0,0.0,0.0,-0.0792,1.7424,-0.3168,0.07922123141132269,-0.1031654139424564,0.01452261354739917,0.07853981633974483,-0.10297442586766545,0.013962634015954637,0.0,0.0,0.0,gaussian,-1,0.0,0.0,-1,20,2.1300737857818604,3.7691480705293383
1779528599.532542,0.07853981633974483,-0.10297442586766545,0.013962634015954637,0.0,0.0,0.0,0.0,1.9008,-0.27720000000000006,0.07922123141132269,-0.1031654139424564,0.01452261354739917,0.07853981633974483,-0.10297442586766545,0.013962634015954637,0.0,0.0,-0.0020777729190408684,gaussian,-1,0.0,0.0,-1,20,2.140049934387207,3.7691480705293383
1779528599.5425658,0.07853981633974483,-0.10297442586766545,0.013962634015954637,0.0,0.0,-0.0020777729190408684,0.0,1.7028,0.3168,0.07922123141132269,-0.1031654139424564,0.01452261354739917,0.07853981633974483,-0.10297442586766545,0.013962634015954637,0.0,0.0,0.0,gaussian,-1,0.0,0.0,-1,20,2.1500420570373535,3.7691480705293383
1779528599.5527327,0.07853981633974483,-0.10297442586766545,0.013962634015954637,0.0,0.0,0.0,0.0,1.7424,-0.3168,0.07922123141132269,-0.1031654139424564,0.01452261354739917,0.07853981633974483,-0.10297442586766545,0.013962634015954637,0.0,0.0,0.0,gaussian,-1,0.0,0.0,-1,20,2.1600658893585205,3.7691480705293383
1779528599.562542,0.07853981633974483,-0.10297442586766545,0.013962634015954637,0.0,0.0,0.0,0.0,2.0592,-0.27720000000000006,0.07922123141132269,-0.1031654139424564,0.01452261354739917,0.07853981633974483,-0.10297442586766545,0.013962634015954637,0.0,0.0,0.0,gaussian,-1,0.0,0.0,-1,20,2.1702327728271484,3.7691480705293383
1779528599.5725055,0.07853981633974483,-0.10297442586766545,0.013962634015954637,0.0,0.0,0.0,0.0,1.9008,-0.35639999999999994,0.07922123141132269,-0.1031654139424564,0.01452261354739917,0.07853981633974483,-0.10297442586766545,0.013962634015954637,0.0,0.0,0.0,gaussian,-1,0.0,0.0,-1,20,2.180042028427124,3.7691480705293383
1779528599.5826752,0.07853981633974483,-0.10297442586766545,0.013962634015954637,0.0,0.0,0.0,0.0,1.8215999999999999,0.27720000000000006,0.07922123141132269,-0.1031654139424564,0.01452261354739917,0.07853981633974483,-0.10297442586766545,0.013962634015954637,0.0,0.0,0.0,gaussian,-1,0.0,0.0,-1,20,2.1900055408477783,3.7691480705293383
1779528599.5925343,0.07853981633974483,-0.10297442586766545,0.013962634015954637,0.0,0.0,0.0,0.0,1.8215999999999999,0.27720000000000006,0.07922123141132269,-0.1031654139424564,0.01452261354739917,0.07853981633974483,-0.10297442586766545,0.013962634015954637,0.0,0.0,0.0,gaussian,-1,0.0,0.0,-1,20,2.2001752853393555,3.7691480705293383
1779528599.603503,0.07853981633974483,-0.10297442586766545,0.013962634015954637,0.0,0.0,0.0,0.0,1.8612000000000002,-0.27720000000000006,0.07922123141132269,-0.1031654139424564,0.01452261354739917,0.07853981633974483,-0.10297442586766545,0.013962634015954637,0.0,0.0,0.0,gaussian,-1,0.0,0.0,-1,20,2.2100343704223633,3.7691480705293383
1779528599.6126654,0.07853981633974483,-0.10297442586766545,0.013962634015954637,0.0,0.0,0.0,0.0,1.8612000000000002,-0.27720000000000006,0.07922123141132269,-0.1031654139424564,0.01452261354739917,0.07853981633974483,-0.10297442586766545,0.013962634015954637,0.0,0.0,0.0,gaussian,-1,0.0,0.0,-1,20,2.2210030555725098,3.7691480705293383
1779528599.622528,0.07853981633974483,-0.10297442586766545,0.013962634015954637,0.0,0.0,0.0,0.0396,1.8612000000000002,-0.3168,0.07922123141132269,-0.1031654139424564,0.01452261354739917,0.07853981633974483,-0.10297442586766545,0.013962634015954637,0.0,0.0,0.0,gaussian,-1,0.0,0.0,-1,20,2.230165481567383,3.7691480705293383
1779528599.6335096,0.07853981633974483,-0.10297442586766545,0.013962634015954637,0.0,0.0,0.0,0.0,1.782,-0.3168,0.07922123141132269,-0.1031654139424564,0.01452261354739917,0.07853981633974483,-0.10297442586766545,0.013962634015954637,0.0,0.0,0.0,gaussian,-1,0.0,0.0,-1,20,2.240028142929077,3.7691480705293383
1779528599.6425817,0.07853981633974483,-0.10297442586766545,0.013962634015954637,0.0,0.0,0.0,0.0,1.782,-0.3168,0.07922123141132269,-0.1031654139424564,0.01452261354739917,0.07853981633974483,-0.10297442586766545,0.013962634015954637,0.0,0.0020777729190408684,0.0,gaussian,-1,0.0,0.0,-1,20,2.251009702682495,3.7691480705293383
1779528599.6525145,0.07853981633974483,-0.10297442586766545,0.013962634015954637,0.0,0.0020777729190408684,0.0,-0.0396,2.0592,-0.3168,0.07922123141132269,-0.1031654139424564,0.01452261354739917,0.07853981633974483,-0.10297442586766545,0.013962634015954637,0.0,0.0,0.0,gaussian,-1,0.0,0.0,-1,20,2.2600817680358887,3.7691480705293383
1779528599.6625588,0.07853981633974483,-0.10297442586766545,0.013962634015954637,0.0,0.0,0.0,-0.1188,1.8215999999999999,-0.35639999999999994,0.07922123141132269,-0.1031654139424564,0.01452261354739917,0.07853981633974483,-0.10297442586766545,0.013962634015954637,0.0,0.0,0.0,gaussian,-1,0.0,0.0,-1,20,2.270014524459839,3.7691480705293383
1779528599.672514,0.07853981633974483,-0.10297442586766545,0.013962634015954637,0.0,0.0,0.0,0.0,2.0988,-0.3168,0.07922123141132269,-0.1031654139424564,0.01452261354739917,0.07853981633974483,-0.10297442586766545,0.013962634015954637,0.0,0.0,0.0,gaussian,-1,0.0,0.0,-1,20,2.2800588607788086,3.7691480705293383
1779528599.682663,0.07853981633974483,-0.10297442586766545,0.013962634015954637,0.0,0.0,0.0,0.0,1.782,-0.3168,0.07922123141132269,-0.1031654139424564,0.01452261354739917,0.07853981633974483,-0.10297442586766545,0.013962634015954637,0.0,0.0,0.0,gaussian,-1,0.0,0.0,-1,20,2.2900140285491943,3.7691480705293383
1779528599.6926553,0.07853981633974483,-0.10297442586766545,0.013962634015954637,0.0,0.0,0.0,-0.0396,1.8215999999999999,-0.3168,0.07922123141132269,-0.1031654139424564,0.01452261354739917,0.07853981633974483,-0.10297442586766545,0.013962634015954637,0.0,0.0,0.0,gaussian,-1,0.0,0.0,-1,20,2.3001630306243896,3.7691480705293383
1779528599.7026627,0.07853981633974483,-0.10297442586766545,0.013962634015954637,0.0,0.0,0.0,0.0,2.0196,0.3168,0.07922123141132269,-0.1031654139424564,0.01452261354739917,0.07853981633974483,-0.10297442586766545,0.013962634015954637,0.0,0.0,0.0,gaussian,-1,0.0,0.0,-1,20,2.3101553916931152,3.7691480705293383
1779528599.7126749,0.07853981633974483,-0.10297442586766545,0.013962634015954637,0.0,0.0,0.0,0.0,2.0988,0.27720000000000006,0.07922123141132269,-0.1031654139424564,0.01452261354739917,0.07853981633974483,-0.10297442586766545,0.013962634015954637,0.0,0.0,0.0,gaussian,-1,0.0,0.0,-1,20,2.320162773132324,3.7691480705293383
1779528599.722513,0.07853981633974483,-0.10297442586766545,0.013962634015954637,0.0,0.0,0.0,0.0,1.8612000000000002,0.27720000000000006,0.07922123141132269,-0.1031654139424564,0.01452261354739917,0.07853981633974483,-0.10297442586766545,0.013962634015954637,0.0,0.0,0.0,gaussian,-1,0.0,0.0,-1,20,2.3301749229431152,3.7691480705293383
1779528599.7325654,0.07853981633974483,-0.10297442586766545,0.013962634015954637,0.0,0.0,0.0,0.0,2.0592,-0.2376,0.07922123141132269,-0.1031654139424564,0.01452261354739917,0.07853981633974483,-0.10297442586766545,0.013962634015954637,0.0,0.0,0.0,gaussian,-1,0.0,0.0,-1,20,2.340013027191162,3.7691480705293383
1779528599.7425869,0.07853981633974483,-0.10297442586766545,0.013962634015954637,0.0,0.0,0.0,0.0,2.0592,-0.2376,0.07922123141132269,-0.1031654139424564,0.01452261354739917,0.07853981633974483,-0.10297442586766545,0.013962634015954637,0.0,0.0,0.0,gaussian,-1,0.0,0.0,-1,20,2.3500654697418213,3.7691480705293383
1779528599.7526672,0.07853981633974483,-0.10297442586766545,0.013962634015954637,0.0,0.0,0.0,-0.0792,1.9008,-0.27720000000000006,0.07922123141132269,-0.1031654139424564,0.01452261354739917,0.07853981633974483,-0.10297442586766545,0.013962634015954637,0.0,0.0,0.0,gaussian,-1,0.0,0.0,-1,20,2.3600869178771973,3.7691480705293383
1779528599.7626817,0.07853981633974483,-0.10297442586766545,0.013962634015954637,0.0,0.0,0.0,0.0,1.9404,-0.35639999999999994,0.07922123141132269,-0.1031654139424564,0.01452261354739917,0.07853981633974483,-0.10297442586766545,0.013962634015954637,0.0,0.0,0.0,gaussian,-1,0.0,0.0,-1,20,2.3701672554016113,3.7691480705293383
1779528599.7725968,0.07853981633974483,-0.10297442586766545,0.013962634015954637,0.0,0.0,0.0,-0.0792,1.98,-0.3168,0.07922123141132269,-0.1031654139424564,0.01452261354739917,0.07853981633974483,-0.10297442586766545,0.013962634015954637,0.0,0.0,0.0,gaussian,-1,0.0,0.0,-1,20,2.3801817893981934,3.7691480705293383
1779528599.7825398,0.07853981633974483,-0.10297442586766545,0.013962634015954637,0.0,0.0,0.0,0.0,2.1384,0.27720000000000006,0.07922123141132269,-0.1031654139424564,0.01452261354739917,0.07853981633974483,-0.10297442586766545,0.013962634015954637,0.0,0.0,0.0,gaussian,-1,0.0,0.0,-1,20,2.39009690284729,3.7691480705293383
1779528599.7925525,0.07853981633974483,-0.10297442586766545,0.013962634015954637,0.0,0.0,0.0,0.0,2.1384,0.27720000000000006,0.07922123141132269,-0.1031654139424564,0.01452261354739917,0.07853981633974483,-0.10297442586766545,0.013962634015954637,0.0,0.0,0.0,gaussian,-1,0.0,0.0,-1,20,2.4000399112701416,3.7691480705293383
1779528599.8025427,0.07853981633974483,-0.10297442586766545,0.013962634015954637,0.0,0.0,0.0,0.0792,1.98,0.27720000000000006,0.07922123141132269,-0.1031654139424564,0.01452261354739917,0.07853981633974483,-0.10297442586766545,0.013962634015954637,0.0,0.0,0.0,gaussian,-1,0.0,0.0,-1,20,2.410052537918091,3.7691480705293383
1779528599.81254,0.07853981633974483,-0.10297442586766545,0.013962634015954637,0.0,0.0,0.0,0.0792,1.98,0.27720000000000006,0.07922123141132269,-0.1031654139424564,0.01452261354739917,0.07853981633974483,-0.10297442586766545,0.013962634015954637,0.0,0.0,0.0,gaussian,-1,0.0,0.0,-1,20,2.4200427532196045,3.7691480705293383
1779528599.8225415,0.07853981633974483,-0.10297442586766545,0.013962634015954637,0.0,0.0,0.0,-0.0396,2.0592,-0.3168,0.07922123141132269,-0.1031654139424564,0.01452261354739917,0.07853981633974483,-0.10297442586766545,0.013962634015954637,0.0,0.0,0.0,gaussian,-1,0.0,0.0,-1,20,2.430040121078491,3.7691480705293383
1779528599.8324745,0.07853981633974483,-0.10297442586766545,0.013962634015954637,0.0,0.0,0.0,0.0,1.98,-0.35639999999999994,0.07922123141132269,-0.1031654139424564,0.01452261354739917,0.07853981633974483,-0.10297442586766545,0.013962634015954637,0.0,0.0,0.0,gaussian,-1,0.0,0.0,-1,20,2.4400415420532227,3.7691480705293383
1779528599.8425426,0.07853981633974483,-0.10297442586766545,0.013962634015954637,0.0,0.0,0.0,0.0,1.9404,-0.3168,0.07922123141132269,-0.1031654139424564,0.01452261354739917,0.07853981633974483,-0.10297442586766545,0.013962634015954637,0.0,0.0,0.0,gaussian,-1,0.0,0.0,-1,20,2.449974536895752,3.7691480705293383
1779528599.8525403,0.07853981633974483,-0.10297442586766545,0.013962634015954637,0.0,0.0,0.0,0.0,1.9404,-0.3168,0.07922123141132269,-0.1031654139424564,0.01452261354739917,0.07853981633974483,-0.10297442586766545,0.013962634015954637,0.0,0.0,0.0,gaussian,-1,0.0,0.0,-1,20,2.460042715072632,3.7691480705293383
1779528599.8625515,0.07853981633974483,-0.10297442586766545,0.013962634015954637,0.0,0.0,0.0,0.0,2.0988,0.3168,0.07922123141132269,-0.1031654139424564,0.01452261354739917,0.07853981633974483,-0.10297442586766545,0.013962634015954637,0.0,0.0,0.0,gaussian,-1,0.0,0.0,-1,20,2.4700403213500977,3.7691480705293383
1779528599.8725367,0.07853981633974483,-0.10297442586766545,0.013962634015954637,0.0,0.0,0.0,0.0,2.1384,-0.2376,0.07922123141132269,-0.1031654139424564,0.01452261354739917,0.07853981633974483,-0.10297442586766545,0.013962634015954637,0.0,0.0,0.0,gaussian,-1,0.0,0.0,-1,20,2.4800515174865723,3.7691480705293383
1779528599.8824995,0.07853981633974483,-0.10297442586766545,0.013962634015954637,0.0,0.0,0.0,0.0,1.782,-0.3168,0.07922123141132269,-0.1031654139424564,0.01452261354739917,0.07853981633974483,-0.10297442586766545,0.013962634015954637,0.0,0.0,0.0020777729190408684,gaussian,-1,0.0,0.0,-1,20,2.490036725997925,3.7691480705293383
1779528599.892513,0.07853981633974483,-0.10297442586766545,0.013962634015954637,0.0,0.0,0.0020777729190408684,0.0792,1.98,-0.2376,0.07922123141132269,-0.1031654139424564,0.01452261354739917,0.07853981633974483,-0.10297442586766545,0.013962634015954637,-0.0020777729190408684,0.0,0.0,gaussian,-1,0.0,0.0,-1,20,2.499999523162842,3.7691480705293383
1779528599.902537,0.07853981633974483,-0.10297442586766545,0.013962634015954637,-0.0020777729190408684,0.0,0.0,-0.1188,1.7028,-0.3168,0.07922123141132269,-0.1031654139424564,0.01452261354739917,0.07853981633974483,-0.10297442586766545,0.013962634015954637,-0.0020777729190408684,0.0,0.0,gaussian,-1,0.0,0.0,-1,20,2.5100131034851074,3.7691480705293383
1779528599.9125414,0.07853981633974483,-0.10297442586766545,0.013962634015954637,-0.0020777729190408684,0.0,0.0,-0.1188,1.7028,-0.3168,0.07922123141132269,-0.1031654139424564,0.01452261354739917,0.07853981633974483,-0.10297442586766545,0.013962634015954637,0.0,0.0,0.0,gaussian,-1,0.0,0.0,-1,20,2.5200371742248535,3.7691480705293383
1779528599.9225385,0.07853981633974483,-0.10297442586766545,0.013962634015954637,0.0,0.0,0.0,-0.0792,2.0988,-0.3168,0.07922123141132269,-0.1031654139424564,0.01452261354739917,0.07853981633974483,-0.10297442586766545,0.013962634015954637,0.0,0.0,0.0,gaussian,-1,0.0,0.0,-1,20,2.530041456222534,3.7691480705293383
1779528599.9325423,0.07853981633974483,-0.10297442586766545,0.013962634015954637,0.0,0.0,0.0,-0.1188,1.8215999999999999,-0.3168,0.07922123141132269,-0.1031654139424564,0.01452261354739917,0.07853981633974483,-0.10297442586766545,0.013962634015954637,0.0,0.0,0.0,gaussian,-1,0.0,0.0,-1,20,2.540038585662842,3.7691480705293383
1779528599.9425395,0.07853981633974483,-0.10297442586766545,0.013962634015954637,0.0,0.0,0.0,-0.1188,1.8215999999999999,-0.3168,0.07922123141132269,-0.1031654139424564,0.01452261354739917,0.07853981633974483,-0.10297442586766545,0.013962634015954637,0.0,0.0,0.0,gaussian,-1,0.0,0.0,-1,20,2.5500423908233643,3.7691480705293383
1779528599.952539,0.07853981633974483,-0.10297442586766545,0.013962634015954637,0.0,0.0,0.0,0.0,2.0592,-0.27720000000000006,0.07922123141132269,-0.1031654139424564,0.01452261354739917,0.07853981633974483,-0.10297442586766545,0.013962634015954637,0.0,0.0,0.0,gaussian,-1,0.0,0.0,-1,20,2.560039520263672,3.7691480705293383
1779528599.9625416,0.07853981633974483,-0.10297442586766545,0.013962634015954637,0.0,0.0,0.0,-0.0792,1.782,-0.3168,0.07922123141132269,-0.1031654139424564,0.01452261354739917,0.07853981633974483,-0.10297442586766545,0.013962634015954637,0.0,0.0,0.0,gaussian,-1,0.0,0.0,-1,20,2.5700390338897705,3.7691480705293383
1779528599.9725397,0.07853981633974483,-0.10297442586766545,0.013962634015954637,0.0,0.0,0.0,-0.1188,2.1384,0.27720000000000006,0.07922123141132269,-0.1031654139424564,0.01452261354739917,0.07853981633974483,-0.10297442586766545,0.013962634015954637,0.0,0.0,0.0,gaussian,-1,0.0,0.0,-1,20,2.5800416469573975,3.7691480705293383
1779528599.9825468,0.07853981633974483,-0.10297442586766545,0.013962634015954637,0.0,0.0,0.0,-0.0396,1.9404,0.3168,0.07922123141132269,-0.1031654139424564,0.01452261354739917,0.07853981633974483,-0.10297442586766545,0.013962634015954637,0.0,0.0,0.0,gaussian,-1,0.0,0.0,-1,20,2.5900397300720215,3.7691480705293383
1779528599.9925406,0.07853981633974483,-0.10297442586766545,0.013962634015954637,0.0,0.0,0.0,0.0,2.0988,-0.3168,0.07922123141132269,-0.1031654139424564,0.01452261354739917,0.07853981633974483,-0.10297442586766545,0.013962634015954637,0.0,0.0,0.0,gaussian,-1,0.0,0.0,-1,20,2.6000468730926514,3.7691480705293383
1779528600.0025413,0.07853981633974483,-0.10297442586766545,0.013962634015954637,0.0,0.0,0.0,0.0,1.9404,-0.3168,0.07922123141132269,-0.1031654139424564,0.01452261354739917,0.07853981633974483,-0.10297442586766545,0.013962634015954637,-0.0020777729190408684,0.0,0.0,gaussian,-1,0.0,0.0,-1,20,2.6100406646728516,3.7691480705293383
1779528600.0125806,0.07853981633974483,-0.10297442586766545,0.013962634015954637,-0.0020777729190408684,0.0,0.0,0.0,1.8612000000000002,-0.3168,0.07922123141132269,-0.1031654139424564,0.01452261354739917,0.07853981633974483,-0.10297442586766545,0.013962634015954637,-0.0020777729190408684,0.0,0.0,gaussian,-1,0.0,0.0,-1,20,2.6200413703918457,3.7691480705293383
1779528600.0225394,0.07853981633974483,-0.10297442586766545,0.013962634015954637,-0.0020777729190408684,0.0,0.0,0.0,1.8612000000000002,-0.3168,0.07922123141132269,-0.1031654139424564,0.01452261354739917,0.07853981633974483,-0.10297442586766545,0.013962634015954637,0.0,0.0,0.0,gaussian,-1,0.0,0.0,-1,20,2.6300806999206543,3.7691480705293383
1779528600.0325882,0.07853981633974483,-0.10297442586766545,0.013962634015954637,0.0,0.0,0.0,-0.0792,2.0592,-0.3168,0.07922123141132269,-0.1031654139424564,0.01452261354739917,0.07853981633974483,-0.10297442586766545,0.013962634015954637,0.0,0.0,0.0,gaussian,-1,0.0,0.0,-1,20,2.6400394439697266,3.7691480705293383
1779528600.0426745,0.07853981633974483,-0.10297442586766545,0.013962634015954637,0.0,0.0,0.0,-0.0792,1.9008,-0.3168,0.07922123141132269,-0.1031654139424564,0.01452261354739917,0.07853981633974483,-0.10297442586766545,0.013962634015954637,0.0,0.0,0.0,gaussian,-1,0.0,0.0,-1,20,2.650088310241699,3.7691480705293383
1779528600.052582,0.07853981633974483,-0.10297442586766545,0.013962634015954637,0.0,0.0,0.0,0.0,1.9008,0.3168,0.07922123141132269,-0.1031654139424564,0.01452261354739917,0.07853981633974483,-0.10297442586766545,0.013962634015954637,0.0,0.0,0.0,gaussian,-1,0.0,0.0,-1,20,2.660174608230591,3.7691480705293383
1779528600.0625145,0.07853981633974483,-0.10297442586766545,0.013962634015954637,0.0,0.0,0.0,-0.0792,1.8612000000000002,0.3168,0.07922123141132269,-0.1031654139424564,0.01452261354739917,0.07853981633974483,-0.10297442586766545,0.013962634015954637,-0.0020777729190408684,0.0,0.0,gaussian,-1,0.0,0.0,-1,20,2.6700820922851562,3.7691480705293383
1779528600.072539,0.07853981633974483,-0.10297442586766545,0.013962634015954637,-0.0020777729190408684,0.0,0.0,0.0,1.8215999999999999,-0.3168,0.07922123141132269,-0.1031654139424564,0.01452261354739917,0.07853981633974483,-0.10297442586766545,0.013962634015954637,-0.0020777729190408684,0.0,0.0,gaussian,-1,0.0,0.0,-1,20,2.6800146102905273,3.7691480705293383
1779528600.0825424,0.07853981633974483,-0.10297442586766545,0.013962634015954637,-0.0020777729190408684,0.0,0.0,0.0,1.8215999999999999,-0.3168,0.07922123141132269,-0.1031654139424564,0.01452261354739917,0.07853981633974483,-0.10297442586766545,0.013962634015954637,0.0,0.0,0.0,gaussian,-1,0.0,0.0,-1,20,2.6900391578674316,3.7691480705293383
1779528600.0926082,0.07853981633974483,-0.10297442586766545,0.013962634015954637,0.0,0.0,0.0,-0.1584,1.8612000000000002,-0.27720000000000006,0.07922123141132269,-0.1031654139424564,0.01452261354739917,0.07853981633974483,-0.10297442586766545,0.013962634015954637,0.0,0.0,0.0,gaussian,-1,0.0,0.0,-1,20,2.700042486190796,3.7691480705293383
1779528600.1025388,0.07853981633974483,-0.10297442586766545,0.013962634015954637,0.0,0.0,0.0,-0.0396,1.9008,-0.3168,0.07922123141132269,-0.1031654139424564,0.01452261354739917,0.07853981633974483,-0.10297442586766545,0.013962634015954637,0.0,0.0,0.0,gaussian,-1,0.0,0.0,-1,20,2.7101082801818848,3.7691480705293383
1779528600.1126466,0.07853981633974483,-0.10297442586766545,0.013962634015954637,0.0,0.0,0.0,-0.0792,1.9404,-0.3168,0.07922123141132269,-0.1031654139424564,0.01452261354739917,0.07853981633974483,-0.10297442586766545,0.013962634015954637,0.0,0.0,0.0,gaussian,-1,0.0,0.0,-1,20,2.720038890838623,3.7691480705293383
1779528600.1225457,0.07853981633974483,-0.10297442586766545,0.013962634015954637,0.0,0.0,0.0,-0.0792,1.8612000000000002,-0.3168,0.07922123141132269,-0.1031654139424564,0.01452261354739917,0.07853981633974483,-0.10297442586766545,0.013962634015954637,-0.0020777729190408684,0.0,-0.0020777729190408684,gaussian,-1,0.0,0.0,-1,20,2.730146646499634,3.7691480705293383
1779528600.1325493,0.07853981633974483,-0.10297442586766545,0.013962634015954637,-0.0020777729190408684,0.0,-0.0020777729190408684,-0.1188,1.9404,-0.3168,0.07922123141132269,-0.1031654139424564,0.01452261354739917,0.07853981633974483,-0.10297442586766545,0.013962634015954637,0.0020777729190408684,0.0,-0.0020777729190408684,gaussian,-1,0.0,0.0,-1,20,2.7400457859039307,3.7691480705293383
1779528600.1425416,0.07853981633974483,-0.10297442586766545,0.013962634015954637,0.0020777729190408684,0.0,-0.0020777729190408684,0.0792,2.0988,0.3168,0.07922123141132269,-0.1031654139424564,0.01452261354739917,0.07853981633974483,-0.10297442586766545,0.013962634015954637,0.0,0.0,0.0,gaussian,-1,0.0,0.0,-1,20,2.750049352645874,3.7691480705293383
1779528600.152544,0.07853981633974483,-0.10297442586766545,0.013962634015954637,0.0,0.0,0.0,-0.1188,2.0592,-0.35639999999999994,0.07922123141132269,-0.1031654139424564,0.01452261354739917,0.07853981633974483,-0.10297442586766545,0.013962634015954637,0.0,0.0,0.0,gaussian,-1,0.0,0.0,-1,20,2.7600417137145996,3.7691480705293383
1779528600.162656,0.07853981633974483,-0.10297442586766545,0.013962634015954637,0.0,0.0,0.0,-0.0792,2.1384,-0.35639999999999994,0.07922123141132269,-0.1031654139424564,0.01452261354739917,0.07853981633974483,-0.10297442586766545,0.013962634015954637,0.0,0.0,0.0,gaussian,-1,0.0,0.0,-1,20,2.7700440883636475,3.7691480705293383
1779528600.1726775,0.07853981633974483,-0.10297442586766545,0.013962634015954637,0.0,0.0,0.0,-0.0396,2.0196,-0.3168,0.07922123141132269,-0.1031654139424564,0.01452261354739917,0.07853981633974483,-0.10297442586766545,0.013962634015954637,0.0,0.0020777729190408684,0.0,gaussian,-1,0.0,0.0,-1,20,2.780156135559082,3.7691480705293383
1779528600.1825407,0.07853981633974483,-0.10297442586766545,0.013962634015954637,0.0,0.0020777729190408684,0.0,-0.0396,2.0988,-0.3168,0.07922123141132269,-0.1031654139424564,0.01452261354739917,0.07853981633974483,-0.10297442586766545,0.013962634015954637,0.0,0.0,0.0,gaussian,-1,0.0,0.0,-1,20,2.790177583694458,3.7691480705293383
1779528600.193122,0.07853981633974483,-0.10297442586766545,0.013962634015954637,0.0,0.0,0.0,-0.0396,2.0988,-0.27720000000000006,0.07922123141132269,-0.1031654139424564,0.01452261354739917,0.07853981633974483,-0.10297442586766545,0.013962634015954637,0.0,0.0,0.0,gaussian,-1,0.0,0.0,-1,20,2.8000407218933105,3.7691480705293383
1779528600.2025168,0.07853981633974483,-0.10297442586766545,0.013962634015954637,0.0,0.0,0.0,-0.0792,1.782,-0.3168,0.07922123141132269,-0.1031654139424564,0.01452261354739917,0.07853981633974483,-0.10297442586766545,0.013962634015954637,0.0,0.0,0.0,gaussian,-1,0.0,0.0,-1,20,2.810621976852417,3.7691480705293383
1779528600.212542,0.07853981633974483,-0.10297442586766545,0.013962634015954637,0.0,0.0,0.0,0.0,2.0988,-0.35639999999999994,0.07922123141132269,-0.1031654139424564,0.01452261354739917,0.07853981633974483,-0.10297442586766545,0.013962634015954637,0.0,0.0,0.0,gaussian,-1,0.0,0.0,-1,20,2.820016860961914,3.7691480705293383
1779528600.2225397,0.07853981633974483,-0.10297442586766545,0.013962634015954637,0.0,0.0,0.0,-0.0792,1.7424,-0.35639999999999994,0.07922123141132269,-0.1031654139424564,0.01452261354739917,0.07853981633974483,-0.10297442586766545,0.013962634015954637,0.0,0.0,0.0,gaussian,-1,0.0,0.0,-1,20,2.8300421237945557,3.7691480705293383
1779528600.232549,0.07853981633974483,-0.10297442586766545,0.013962634015954637,0.0,0.0,0.0,-0.0792,1.8612000000000002,-0.35639999999999994,0.07922123141132269,-0.1031654139424564,0.01452261354739917,0.07853981633974483,-0.10297442586766545,0.013962634015954637,0.0,0.0,0.0,gaussian,-1,0.0,0.0,-1,20,2.8400397300720215,3.7691480705293383
1779528600.2425413,0.07853981633974483,-0.10297442586766545,0.013962634015954637,0.0,0.0,0.0,-0.1188,1.9008,-0.3168,0.07922123141132269,-0.1031654139424564,0.01452261354739917,0.07853981633974483,-0.10297442586766545,0.013962634015954637,0.0,0.0,0.0,gaussian,-1,0.0,0.0,-1,20,2.8500490188598633,3.7691480705293383
1779528600.2525454,0.07853981633974483,-0.10297442586766545,0.013962634015954637,0.0,0.0,0.0,-0.0792,1.8215999999999999,-0.396,0.07922123141132269,-0.1031654139424564,0.01452261354739917,0.07853981633974483,-0.10297442586766545,0.013962634015954637,0.0,0.0,0.0,gaussian,-1,0.0,0.0,-1,20,2.860041379928589,3.7691480705293383
1779528600.262541,0.07853981633974483,-0.10297442586766545,0.013962634015954637,0.0,0.0,0.0,0.0792,1.782,-0.35639999999999994,0.07922123141132269,-0.1031654139424564,0.01452261354739917,0.07853981633974483,-0.10297442586766545,0.013962634015954637,0.0,0.0,0.0,gaussian,-1,0.0,0.0,-1,20,2.8700454235076904,3.7691480705293383
1779528600.2725377,0.07853981633974483,-0.10297442586766545,0.013962634015954637,0.0,0.0,0.0,-0.1584,1.8612000000000002,-0.3168,0.07922123141132269,-0.1031654139424564,0.01452261354739917,0.07853981633974483,-0.10297442586766545,0.013962634015954637,0.0,0.0,0.0,gaussian,-1,0.0,0.0,-1,20,2.8800411224365234,3.7691480705293383
1779528600.2825427,0.07853981633974483,-0.10297442586766545,0.013962634015954637,0.0,0.0,0.0,-0.0396,1.9008,-0.35639999999999994,0.07922123141132269,-0.1031654139424564,0.01452261354739917,0.07853981633974483,-0.10297442586766545,0.013962634015954637,0.0,0.0,0.0,gaussian,-1,0.0,0.0,-1,20,2.890037775039673,3.7691480705293383
1779528600.29267,0.07853981633974483,-0.10297442586766545,0.013962634015954637,0.0,0.0,0.0,0.0,2.0988,-0.35639999999999994,0.07922123141132269,-0.1031654139424564,0.01452261354739917,0.07853981633974483,-0.10297442586766545,0.013962634015954637,0.0,0.0,0.0,gaussian,-1,0.0,0.0,-1,20,2.900042772293091,3.7691480705293383
1779528600.3025413,0.07853981633974483,-0.10297442586766545,0.013962634015954637,0.0,0.0,0.0,-0.1188,2.0592,0.3168,0.07922123141132269,-0.1031654139424564,0.01452261354739917,0.07853981633974483,-0.10297442586766545,0.013962634015954637,0.0,0.0,0.0,gaussian,-1,0.0,0.0,-1,20,2.910170078277588,3.7691480705293383
1779528600.312541,0.07853981633974483,-0.10297442586766545,0.013962634015954637,0.0,0.0,0.0,0.0,1.8215999999999999,-0.3168,0.07922123141132269,-0.1031654139424564,0.01452261354739917,0.07853981633974483,-0.10297442586766545,0.013962634015954637,0.0,0.0,0.0,gaussian,-1,0.0,0.0,-1,20,2.92004132270813,3.7691480705293383
1779528600.3225381,0.07853981633974483,-0.10297442586766545,0.013962634015954637,0.0,0.0,0.0,-0.0792,1.8215999999999999,0.35639999999999994,0.07922123141132269,-0.1031654139424564,0.01452261354739917,0.07853981633974483,-0.10297442586766545,0.013962634015954637,0.0,0.0,0.0,gaussian,-1,0.0,0.0,-1,20,2.9300410747528076,3.7691480705293383
1779528600.3326445,0.07853981633974483,-0.10297442586766545,0.013962634015954637,0.0,0.0,0.0,0.0,1.782,-0.3168,0.07922123141132269,-0.1031654139424564,0.01452261354739917,0.07853981633974483,-0.10297442586766545,0.013962634015954637,0.0,0.0,0.0,gaussian,-1,0.0,0.0,-1,20,2.9400382041931152,3.7691480705293383
1779528600.3425524,0.07853981633974483,-0.10297442586766545,0.013962634015954637,0.0,0.0,0.0,-0.1188,1.9008,-0.3168,0.07922123141132269,-0.1031654139424564,0.01452261354739917,0.07853981633974483,-0.10297442586766545,0.013962634015954637,0.0,0.0,0.0,gaussian,-1,0.0,0.0,-1,20,2.9501445293426514,3.7691480705293383
1779528600.3526254,0.07853981633974483,-0.10297442586766545,0.013962634015954637,0.0,0.0,0.0,-0.1188,1.98,-0.3168,0.07922123141132269,-0.1031654139424564,0.01452261354739917,0.07853981633974483,-0.10297442586766545,0.013962634015954637,0.0,0.0,0.0,gaussian,-1,0.0,0.0,-1,20,2.960052490234375,3.7691480705293383
1779528600.362573,0.07853981633974483,-0.10297442586766545,0.013962634015954637,0.0,0.0,0.0,-0.1188,2.1384,0.35639999999999994,0.07922123141132269,-0.1031654139424564,0.01452261354739917,0.07853981633974483,-0.10297442586766545,0.013962634015954637,0.0,0.0,0.0,gaussian,-1,0.0,0.0,-1,20,2.970125436782837,3.7691480705293383
1779528600.3726401,0.07853981633974483,-0.10297442586766545,0.013962634015954637,0.0,0.0,0.0,-0.0396,2.1384,-0.3168,0.07922123141132269,-0.1031654139424564,0.01452261354739917,0.07853981633974483,-0.10297442586766545,0.013962634015954637,0.0,0.0,0.0,gaussian,-1,0.0,0.0,-1,20,2.9800729751586914,3.7691480705293383
1779528600.3825445,0.07853981633974483,-0.10297442586766545,0.013962634015954637,0.0,0.0,0.0,-0.1584,1.8612000000000002,0.3168,0.07922123141132269,-0.1031654139424564,0.01452261354739917,0.07853981633974483,-0.10297442586766545,0.013962634015954637,0.0,0.0,0.0020777729190408684,gaussian,-1,0.0,0.0,-1,20,2.990140199661255,3.7691480705293383
1779528600.3926713,0.07853981633974483,-0.10297442586766545,0.013962634015954637,0.0,0.0,0.0020777729190408684,0.0,1.9008,-0.3168,0.07922123141132269,-0.1031654139424564,0.01452261354739917,0.07853981633974483,-0.10297442586766545,0.013962634015954637,0.0,0.0,0.0,gaussian,-1,0.0,0.0,-1,20,3.000044584274292,3.7691480705293383
1779528600.402542,0.07853981633974483,-0.10297442586766545,0.013962634015954637,0.0,0.0,0.0,-0.0396,1.98,-0.35639999999999994,0.07922123141132269,-0.1031654139424564,0.01452261354739917,0.07853981633974483,-0.10297442586766545,0.013962634015954637,0.0,0.0,-0.0020777729190408684,gaussian,-1,0.0,0.0,-1,20,3.010171413421631,3.7691480705293383
1779528600.4125857,0.07853981633974483,-0.10297442586766545,0.013962634015954637,0.0,0.0,-0.0020777729190408684,-0.0396,2.0592,-0.35639999999999994,0.07922123141132269,-0.1031654139424564,0.01452261354739917,0.07853981633974483,-0.10297442586766545,0.013962634015954637,0.0,0.0020777729190408684,0.0,gaussian,-1,0.0,0.0,-1,20,3.0200421810150146,3.7691480705293383
1779528600.4225414,0.07853981633974483,-0.10297442586766545,0.013962634015954637,0.0,0.0020777729190408684,0.0,0.0,2.0592,-0.35639999999999994,0.07922123141132269,-0.1031654139424564,0.01452261354739917,0.07853981633974483,-0.10297442586766545,0.013962634015954637,0.0,0.0020777729190408684,0.0,gaussian,-1,0.0,0.0,-1,20,3.030085802078247,3.7691480705293383
1779528600.4325132,0.07853981633974483,-0.10297442586766545,0.013962634015954637,0.0,0.0020777729190408684,0.0,0.0,2.0592,-0.35639999999999994,0.07922123141132269,-0.1031654139424564,0.01452261354739917,0.07853981633974483,-0.10297442586766545,0.013962634015954637,0.0,0.0,0.0,gaussian,-1,0.0,0.0,-1,20,3.040041446685791,3.7691480705293383
1779528600.4425416,0.07853981633974483,-0.10297442586766545,0.013962634015954637,0.0,0.0,0.0,-0.0396,1.9008,-0.3168,0.07922123141132269,-0.1031654139424564,0.01452261354739917,0.07853981633974483,-0.10297442586766545,0.013962634015954637,0.0,0.0,0.0,gaussian,-1,0.0,0.0,-1,20,3.050013303756714,3.7691480705293383
1779528600.4525423,0.07853981633974483,-0.10297442586766545,0.013962634015954637,0.0,0.0,0.0,-0.0396,1.9008,-0.3168,0.07922123141132269,-0.1031654139424564,0.01452261354739917,0.07853981633974483,-0.10297442586766545,0.013962634015954637,0.0,0.0,0.0,gaussian,-1,0.0,0.0,-1,20,3.060041666030884,3.7691480705293383
1779528600.4625463,0.07853981633974483,-0.10297442586766545,0.013962634015954637,0.0,0.0,0.0,-0.0396,1.9008,-0.35639999999999994,0.07922123141132269,-0.1031654139424564,0.01452261354739917,0.07853981633974483,-0.10297442586766545,0.013962634015954637,0.0,0.0,0.0,gaussian,-1,0.0,0.0,-1,20,3.070042371749878,3.7691480705293383
1779528600.4725378,0.07853981633974483,-0.10297442586766545,0.013962634015954637,0.0,0.0,0.0,-0.0396,2.2176000000000005,-0.3168,0.07922123141132269,-0.1031654139424564,0.01452261354739917,0.07853981633974483,-0.10297442586766545,0.013962634015954637,-0.0020777729190408684,0.0,0.0,gaussian,-1,0.0,0.0,-1,20,3.0800464153289795,3.7691480705293383
1779528600.482673,0.07853981633974483,-0.10297442586766545,0.013962634015954637,-0.0020777729190408684,0.0,0.0,-0.0396,1.9404,0.27720000000000006,0.07922123141132269,-0.1031654139424564,0.01452261354739917,0.07853981633974483,-0.10297442586766545,0.013962634015954637,0.0020777729190408684,0.0,0.0,gaussian,-1,0.0,0.0,-1,20,3.0900378227233887,3.7691480705293383
1779528600.4925425,0.07853981633974483,-0.10297442586766545,0.013962634015954637,0.0020777729190408684,0.0,0.0,0.0396,1.8612000000000002,-0.35639999999999994,0.07922123141132269,-0.1031654139424564,0.01452261354739917,0.07853981633974483,-0.10297442586766545,0.013962634015954637,0.0,0.0,0.0020777729190408684,gaussian,-1,0.0,0.0,-1,20,3.100172996520996,3.7691480705293383
1779528600.5025413,0.07853981633974483,-0.10297442586766545,0.013962634015954637,0.0,0.0,0.0020777729190408684,-0.0792,1.8612000000000002,-0.3168,0.07922123141132269,-0.1031654139424564,0.01452261354739917,0.07853981633974483,-0.10297442586766545,0.013962634015954637,0.0,0.0,0.0,gaussian,-1,0.0,0.0,-1,20,3.1100425720214844,3.7691480705293383
1779528600.5126562,0.07853981633974483,-0.10297442586766545,0.013962634015954637,0.0,0.0,0.0,-0.0792,2.1384,0.35639999999999994,0.07922123141132269,-0.1031654139424564,0.01452261354739917,0.07853981633974483,-0.10297442586766545,0.013962634015954637,-0.0020777729190408684,0.0,-0.0020777729190408684,gaussian,-1,0.0,0.0,-1,20,3.1200413703918457,3.7691480705293383
1779528600.5226512,0.07853981633974483,-0.10297442586766545,0.013962634015954637,-0.0020777729190408684,0.0,-0.0020777729190408684,-0.0792,2.0592,0.35639999999999994,0.07922123141132269,-0.1031654139424564,0.01452261354739917,0.07853981633974483,-0.10297442586766545,0.013962634015954637,0.0,0.0,0.0,gaussian,-1,0.0,0.0,-1,20,3.1301562786102295,3.7691480705293383
1779528600.5326965,0.07853981633974483,-0.10297442586766545,0.013962634015954637,0.0,0.0,0.0,-0.1188,1.8215999999999999,0.35639999999999994,0.07922123141132269,-0.1031654139424564,0.01452261354739917,0.07853981633974483,-0.10297442586766545,0.013962634015954637,0.0,0.0,0.0,gaussian,-1,0.0,0.0,-1,20,3.140151262283325,3.7691480705293383
1779528600.542651,0.07853981633974483,-0.10297442586766545,0.013962634015954637,0.0,0.0,0.0,-0.1584,1.8215999999999999,-0.35639999999999994,0.07922123141132269,-0.1031654139424564,0.01452261354739917,0.07853981633974483,-0.10297442586766545,0.013962634015954637,0.0,0.0,0.0,gaussian,-1,0.0,0.0,-1,20,3.1501965522766113,3.7691480705293383
1779528600.5525422,0.07853981633974483,-0.10297442586766545,0.013962634015954637,0.0,0.0,0.0,-0.0792,1.782,-0.396,0.07922123141132269,-0.1031654139424564,0.01452261354739917,0.07853981633974483,-0.10297442586766545,0.013962634015954637,0.0,0.0,0.0,gaussian,-1,0.0,0.0,-1,20,3.1601510047912598,3.7691480705293383
1779528600.562768,0.07853981633974483,-0.10297442586766545,0.013962634015954637,0.0,0.0,0.0,-0.0396,2.0988,-0.35639999999999994,0.07922123141132269,-0.1031654139424564,0.01452261354739917,0.07853981633974483,-0.10297442586766545,0.013962634015954637,0.0,0.0,0.0,gaussian,-1,0.0,0.0,-1,20,3.1700422763824463,3.7691480705293383
1779528600.5727541,0.07853981633974483,-0.10297442586766545,0.013962634015954637,0.0,0.0,0.0,-0.0396,2.1384,0.3168,0.07922123141132269,-0.1031654139424564,0.01452261354739917,0.07853981633974483,-0.10297442586766545,0.013962634015954637,-0.0020777729190408684,0.0,0.0,gaussian,-1,0.0,0.0,-1,20,3.1802680492401123,3.7691480705293383
1779528600.5826557,0.07853981633974483,-0.10297442586766545,0.013962634015954637,-0.0020777729190408684,0.0,0.0,-0.0396,1.9404,-0.35639999999999994,0.07922123141132269,-0.1031654139424564,0.01452261354739917,0.07853981633974483,-0.10297442586766545,0.013962634015954637,0.0,-0.0020777729190408684,0.0,gaussian,-1,0.0,0.0,-1,20,3.1902542114257812,3.7691480705293383
1779528600.5927038,0.07853981633974483,-0.10297442586766545,0.013962634015954637,0.0,-0.0020777729190408684,0.0,-0.0396,1.8215999999999999,-0.35639999999999994,0.07922123141132269,-0.1031654139424564,0.01452261354739917,0.07853981633974483,-0.10297442586766545,0.013962634015954637,0.0,0.0,0.0,gaussian,-1,0.0,0.0,-1,20,3.200155735015869,3.7691480705293383
1779528600.6025417,0.07853981633974483,-0.10297442586766545,0.013962634015954637,0.0,0.0,0.0,-0.0792,2.0592,-0.3168,0.07922123141132269,-0.1031654139424564,0.01452261354739917,0.07853981633974483,-0.10297442586766545,0.013962634015954637,0.0,0.0,0.0,gaussian,-1,0.0,0.0,-1,20,3.2102038860321045,3.7691480705293383
1779528600.6125565,0.07853981633974483,-0.10297442586766545,0.013962634015954637,0.0,0.0,0.0,-0.1584,2.0196,-0.35639999999999994,0.07922123141132269,-0.1031654139424564,0.01452261354739917,0.07853981633974483,-0.10297442586766545,0.013962634015954637,-0.0020777729190408684,0.0,0.0,gaussian,-1,0.0,0.0,-1,20,3.2200417518615723,3.7691480705293383
1779528600.622534,0.07853981633974483,-0.10297442586766545,0.013962634015954637,-0.0020777729190408684,0.0,0.0,-0.1584,1.9404,-0.35639999999999994,0.07922123141132269,-0.1031654139424564,0.01452261354739917,0.07853981633974483,-0.10297442586766545,0.013962634015954637,0.0,0.0,0.0,gaussian,-1,0.0,0.0,-1,20,3.2300565242767334,3.7691480705293383
1779528600.6325827,0.07853981633974483,-0.10297442586766545,0.013962634015954637,0.0,0.0,0.0,-0.0792,1.8215999999999999,-0.3168,0.07922123141132269,-0.1031654139424564,0.01452261354739917,0.07853981633974483,-0.10297442586766545,0.013962634015954637,0.0,0.0,0.0,gaussian,-1,0.0,0.0,-1,20,3.2400341033935547,3.7691480705293383
1779528600.6425729,0.07853981633974483,-0.10297442586766545,0.013962634015954637,0.0,0.0,0.0,-0.0792,1.8215999999999999,-0.3168,0.07922123141132269,-0.1031654139424564,0.01452261354739917,0.07853981633974483,-0.10297442586766545,0.013962634015954637,0.0,0.0,0.0020777729190408684,gaussian,-1,0.0,0.0,-1,20,3.2500827312469482,3.7691480705293383
1779528600.652538,0.07853981633974483,-0.10297442586766545,0.013962634015954637,0.0,0.0,0.0020777729190408684,-0.1584,1.9404,-0.3168,0.07922123141132269,-0.1031654139424564,0.01452261354739917,0.07853981633974483,-0.10297442586766545,0.013962634015954637,0.0,0.0,0.0,gaussian,-1,0.0,0.0,-1,20,3.260072946548462,3.7691480705293383
1779528600.6625836,0.07853981633974483,-0.10297442586766545,0.013962634015954637,0.0,0.0,0.0,-0.0792,1.8612000000000002,0.3168,0.07922123141132269,-0.1031654139424564,0.01452261354739917,0.07853981633974483,-0.10297442586766545,0.013962634015954637,0.0,0.0,0.0,gaussian,-1,0.0,0.0,-1,20,3.27003812789917,3.7691480705293383
1779528600.672543,0.07853981633974483,-0.10297442586766545,0.013962634015954637,0.0,0.0,0.0,-0.0396,2.1780000000000004,-0.35639999999999994,0.07922123141132269,-0.1031654139424564,0.01452261354739917,0.07853981633974483,-0.10297442586766545,0.013962634015954637,0.0,0.0,0.0,gaussian,-1,0.0,0.0,-1,20,3.280083656311035,3.7691480705293383
1779528600.6825387,0.07853981633974483,-0.10297442586766545,0.013962634015954637,0.0,0.0,0.0,-0.0396,2.1780000000000004,-0.35639999999999994,0.07922123141132269,-0.1031654139424564,0.01452261354739917,0.07853981633974483,-0.10297442586766545,0.013962634015954637,0.0,0.0,0.0,gaussian,-1,0.0,0.0,-1,20,3.2900431156158447,3.7691480705293383
1779528600.6925488,0.07853981633974483,-0.10297442586766545,0.013962634015954637,0.0,0.0,0.0,-0.1188,1.9404,-0.3168,0.07922123141132269,-0.1031654139424564,0.01452261354739917,0.07853981633974483,-0.10297442586766545,0.013962634015954637,0.0,0.0020777729190408684,0.0020777729190408684,gaussian,-1,0.0,0.0,-1,20,3.3000388145446777,3.7691480705293383
1779528600.7025757,0.07853981633974483,-0.10297442586766545,0.013962634015954637,0.0,0.0020777729190408684,0.0020777729190408684,-0.0792,2.0196,-0.3168,0.07922123141132269,-0.1031654139424564,0.01452261354739917,0.07853981633974483,-0.10297442586766545,0.013962634015954637,0.0,0.0,0.0,gaussian,-1,0.0,0.0,-1,20,3.310048818588257,3.7691480705293383
1779528600.712542,0.07853981633974483,-0.10297442586766545,0.013962634015954637,0.0,0.0,0.0,-0.1188,1.98,0.3168,0.07922123141132269,-0.1031654139424564,0.01452261354739917,0.07853981633974483,-0.10297442586766545,0.013962634015954637,0.0,0.0,0.0,gaussian,-1,0.0,0.0,-1,20,3.320075750350952,3.7691480705293383
1779528600.7225459,0.07853981633974483,-0.10297442586766545,0.013962634015954637,0.0,0.0,0.0,-0.1584,1.9008,0.35639999999999994,0.07922123141132269,-0.1031654139424564,0.01452261354739917,0.07853981633974483,-0.10297442586766545,0.013962634015954637,0.0,0.0,0.0,gaussian,-1,0.0,0.0,-1,20,3.3300421237945557,3.7691480705293383
1779528600.7325404,0.07853981633974483,-0.10297442586766545,0.013962634015954637,0.0,0.0,0.0,-0.0792,1.98,-0.35639999999999994,0.07922123141132269,-0.1031654139424564,0.01452261354739917,0.07853981633974483,-0.10297442586766545,0.013962634015954637,0.0,0.0,0.0,gaussian,-1,0.0,0.0,-1,20,3.340045928955078,3.7691480705293383
1779528600.7425425,0.07853981633974483,-0.10297442586766545,0.013962634015954637,0.0,0.0,0.0,-0.0396,1.8612000000000002,0.27720000000000006,0.07922123141132269,-0.1031654139424564,0.01452261354739917,0.07853981633974483,-0.10297442586766545,0.013962634015954637,0.0,0.0,0.0,gaussian,-1,0.0,0.0,-1,20,3.3500404357910156,3.7691480705293383
1779528600.7525418,0.07853981633974483,-0.10297442586766545,0.013962634015954637,0.0,0.0,0.0,0.0792,2.0196,-0.3168,0.07922123141132269,-0.1031654139424564,0.01452261354739917,0.07853981633974483,-0.10297442586766545,0.013962634015954637,0.0,0.0,0.0,gaussian,-1,0.0,0.0,-1,20,3.3600425720214844,3.7691480705293383
1779528600.7625484,0.07853981633974483,-0.10297442586766545,0.013962634015954637,0.0,0.0,0.0,-0.198,1.9404,-0.27720000000000006,0.07922123141132269,-0.1031654139424564,0.01452261354739917,0.07853981633974483,-0.10297442586766545,0.013962634015954637,0.0,0.0,0.0,gaussian,-1,0.0,0.0,-1,20,3.370041847229004,3.7691480705293383
1779528600.7725413,0.07853981633974483,-0.10297442586766545,0.013962634015954637,0.0,0.0,0.0,-0.0396,1.9008,-0.35639999999999994,0.07922123141132269,-0.1031654139424564,0.01452261354739917,0.07853981633974483,-0.10297442586766545,0.013962634015954637,0.0,0.0,0.0,gaussian,-1,0.0,0.0,-1,20,3.3800485134124756,3.7691480705293383
1779528600.782539,0.07853981633974483,-0.10297442586766545,0.013962634015954637,0.0,0.0,0.0,-0.0792,2.0988,0.27720000000000006,0.07922123141132269,-0.1031654139424564,0.01452261354739917,0.07853981633974483,-0.10297442586766545,0.013962634015954637,0.0,0.0,0.0,gaussian,-1,0.0,0.0,-1,20,3.3900413513183594,3.7691480705293383
1779528600.7925377,0.07853981633974483,-0.10297442586766545,0.013962634015954637,0.0,0.0,0.0,-0.1188,1.9404,-0.396,0.07922123141132269,-0.1031654139424564,0.01452261354739917,0.07853981633974483,-0.10297442586766545,0.013962634015954637,0.0,-0.0020777729190408684,0.0,gaussian,-1,0.0,0.0,-1,20,3.400038957595825,3.7691480705293383
1779528600.802542,0.07853981633974483,-0.10297442586766545,0.013962634015954637,0.0,-0.0020777729190408684,0.0,-0.0792,2.1780000000000004,0.35639999999999994,0.07922123141132269,-0.1031654139424564,0.01452261354739917,0.07853981633974483,-0.10297442586766545,0.013962634015954637,0.0,0.0,0.0,gaussian,-1,0.0,0.0,-1,20,3.4100377559661865,3.7691480705293383
1779528600.8125403,0.07853981633974483,-0.10297442586766545,0.013962634015954637,0.0,0.0,0.0,-0.0396,1.98,-0.396,0.07922123141132269,-0.1031654139424564,0.01452261354739917,0.07853981633974483,-0.10297442586766545,0.013962634015954637,0.0,0.0,-0.0020777729190408684,gaussian,-1,0.0,0.0,-1,20,3.420042037963867,3.7691480705293383
1779528600.8225408,0.07853981633974483,-0.10297442586766545,0.013962634015954637,0.0,0.0,-0.0020777729190408684,-0.1584,2.0196,0.3168,0.07922123141132269,-0.1031654139424564,0.01452261354739917,0.07853981633974483,-0.10297442586766545,0.013962634015954637,0.0,0.0,-0.0020777729190408684,gaussian,-1,0.0,0.0,-1,20,3.4300403594970703,3.7691480705293383
1779528600.8325396,0.07853981633974483,-0.10297442586766545,0.013962634015954637,0.0,0.0,-0.0020777729190408684,-0.0396,2.0592,0.396,0.07922123141132269,-0.1031654139424564,0.01452261354739917,0.07853981633974483,-0.10297442586766545,0.013962634015954637,0.0,0.0,0.0,gaussian,-1,0.0,0.0,-1,20,3.4400408267974854,3.7691480705293383
1779528600.8425443,0.07853981633974483,-0.10297442586766545,0.013962634015954637,0.0,0.0,0.0,-0.0792,2.1780000000000004,-0.35639999999999994,0.07922123141132269,-0.1031654139424564,0.01452261354739917,0.07853981633974483,-0.10297442586766545,0.013962634015954637,0.0,0.0,0.0,gaussian,-1,0.0,0.0,-1,20,3.4500396251678467,3.7691480705293383
1779528600.8525393,0.07853981633974483,-0.10297442586766545,0.013962634015954637,0.0,0.0,0.0,-0.0792,1.98,0.35639999999999994,0.07922123141132269,-0.1031654139424564,0.01452261354739917,0.07853981633974483,-0.10297442586766545,0.013962634015954637,0.0,0.0,0.0020777729190408684,gaussian,-1,0.0,0.0,-1,20,3.4600443840026855,3.7691480705293383
1779528600.862536,0.07853981633974483,-0.10297442586766545,0.013962634015954637,0.0,0.0,0.0020777729190408684,0.1188,1.8612000000000002,-0.35639999999999994,0.07922123141132269,-0.1031654139424564,0.01452261354739917,0.07853981633974483,-0.10297442586766545,0.013962634015954637,0.0,0.0,0.0,gaussian,-1,0.0,0.0,-1,20,3.4700393676757812,3.7691480705293383
1779528600.8727736,0.07853981633974483,-0.10297442586766545,0.013962634015954637,0.0,0.0,0.0,-0.1188,2.1384,-0.35639999999999994,0.07922123141132269,-0.1031654139424564,0.01452261354739917,0.07853981633974483,-0.10297442586766545,0.013962634015954637,0.0,0.0,0.0,gaussian,-1,0.0,0.0,-1,20,3.4800360202789307,3.7691480705293383
1779528600.8826118,0.07853981633974483,-0.10297442586766545,0.013962634015954637,0.0,0.0,0.0,-0.0792,1.9404,-0.3168,0.07922123141132269,-0.1031654139424564,0.01452261354739917,0.07853981633974483,-0.10297442586766545,0.013962634015954637,0.0,0.0,0.0,gaussian,-1,0.0,0.0,-1,20,3.4902737140655518,3.7691480705293383
1779528600.8925426,0.07853981633974483,-0.10297442586766545,0.013962634015954637,0.0,0.0,0.0,-0.0792,1.9404,-0.3168,0.07922123141132269,-0.1031654139424564,0.01452261354739917,0.07853981633974483,-0.10297442586766545,0.013962634015954637,0.0,0.0,0.0,gaussian,-1,0.0,0.0,-1,20,3.5001118183135986,3.7691480705293383
1779528600.902538,0.07853981633974483,-0.10297442586766545,0.013962634015954637,0.0,0.0,0.0,-0.1188,1.9008,-0.3168,0.07922123141132269,-0.1031654139424564,0.01452261354739917,0.07853981633974483,-0.10297442586766545,0.013962634015954637,0.0,0.0,0.0,gaussian,-1,0.0,0.0,-1,20,3.510042667388916,3.7691480705293383
1779528600.9125373,0.07853981633974483,-0.10297442586766545,0.013962634015954637,0.0,0.0,0.0,-0.0792,1.9404,-0.35639999999999994,0.07922123141132269,-0.1031654139424564,0.01452261354739917,0.07853981633974483,-0.10297442586766545,0.013962634015954637,0.0,-0.0020777729190408684,0.0,gaussian,-1,0.0,0.0,-1,20,3.52003812789917,3.7691480705293383
1779528600.9225833,0.07853981633974483,-0.10297442586766545,0.013962634015954637,0.0,-0.0020777729190408684,0.0,0.0,2.0988,-0.396,0.07922123141132269,-0.1031654139424564,0.01452261354739917,0.07853981633974483,-0.10297442586766545,0.013962634015954637,0.0,0.0,0.0,gaussian,-1,0.0,0.0,-1,20,3.5300374031066895,3.7691480705293383
1779528600.9326184,0.07853981633974483,-0.10297442586766545,0.013962634015954637,0.0,0.0,0.0,-0.1188,1.9404,-0.3168,0.07922123141132269,-0.1031654139424564,0.01452261354739917,0.07853981633974483,-0.10297442586766545,0.013962634015954637,0.0,0.0,0.0,gaussian,-1,0.0,0.0,-1,20,3.540083408355713,3.7691480705293383
1779528600.9426646,0.07853981633974483,-0.10297442586766545,0.013962634015954637,0.0,0.0,0.0,-0.0792,1.98,-0.35639999999999994,0.07922123141132269,-0.1031654139424564,0.01452261354739917,0.07853981633974483,-0.10297442586766545,0.013962634015954637,0.0,0.0,0.0,gaussian,-1,0.0,0.0,-1,20,3.5501184463500977,3.7691480705293383
1779528600.9525337,0.07853981633974483,-0.10297442586766545,0.013962634015954637,0.0,0.0,0.0,-0.0396,1.8612000000000002,-0.35639999999999994,0.07922123141132269,-0.1031654139424564,0.01452261354739917,0.07853981633974483,-0.10297442586766545,0.013962634015954637,0.0,0.0,0.0,gaussian,-1,0.0,0.0,-1,20,3.5601646900177,3.7691480705293383
1779528600.9636874,0.07853981633974483,-0.10297442586766545,0.013962634015954637,0.0,0.0,0.0,-0.1188,1.8215999999999999,-0.35639999999999994,0.07922123141132269,-0.1031654139424564,0.01452261354739917,0.07853981633974483,-0.10297442586766545,0.013962634015954637,0.0,0.0,0.0,gaussian,-1,0.0,0.0,-1,20,3.5700337886810303,3.7691480705293383
1779528600.9727044,0.07853981633974483,-0.10297442586766545,0.013962634015954637,0.0,0.0,0.0,-0.1188,1.8215999999999999,-0.35639999999999994,0.07922123141132269,-0.1031654139424564,0.01452261354739917,0.07853981633974483,-0.10297442586766545,0.013962634015954637,0.0,0.0,0.0020777729190408684,gaussian,-1,0.0,0.0,-1,20,3.5811874866485596,3.7691480705293383
1779528600.9832442,0.07853981633974483,-0.10297442586766545,0.013962634015954637,0.0,0.0,0.0020777729190408684,-0.0792,2.1384,-0.35639999999999994,0.07922123141132269,-0.1031654139424564,0.01452261354739917,0.07853981633974483,-0.10297442586766545,0.013962634015954637,-0.0020777729190408684,0.0,0.0,gaussian,-1,0.0,0.0,-1,20,3.5902044773101807,3.7691480705293383
1779528600.9926658,0.07853981633974483,-0.10297442586766545,0.013962634015954637,-0.0020777729190408684,0.0,0.0,0.0,1.9404,0.3168,0.07922123141132269,-0.1031654139424564,0.01452261354739917,0.07853981633974483,-0.10297442586766545,0.013962634015954637,0.0,0.0,0.0,gaussian,-1,0.0,0.0,-1,20,3.6007442474365234,3.7691480705293383
1779528601.0027416,0.07853981633974483,-0.10297442586766545,0.013962634015954637,0.0,0.0,0.0,0.0,2.1384,0.35639999999999994,0.07922123141132269,-0.1031654139424564,0.01452261354739917,0.07853981633974483,-0.10297442586766545,0.013962634015954637,-0.0020777729190408684,0.0,-0.0020777729190408684,gaussian,-1,0.0,0.0,-1,20,3.61016583442688,3.7691480705293383
1779528601.0149105,0.07853981633974483,-0.10297442586766545,0.013962634015954637,-0.0020777729190408684,0.0,-0.0020777729190408684,-0.1188,1.9008,0.27720000000000006,0.07922123141132269,-0.1031654139424564,0.01452261354739917,0.07853981633974483,-0.10297442586766545,0.013962634015954637,0.0020777729190408684,0.0,0.0,gaussian,-1,0.0,0.0,-1,20,3.620241641998291,3.7691480705293383
1779528601.023261,0.07853981633974483,-0.10297442586766545,0.013962634015954637,0.0020777729190408684,0.0,0.0,0.0792,2.0592,-0.27720000000000006,0.07922123141132269,-0.1031654139424564,0.01452261354739917,0.07853981633974483,-0.10297442586766545,0.013962634015954637,0.0020777729190408684,0.0,0.0,gaussian,-1,0.0,0.0,-1,20,3.6324105262756348,3.7691480705293383
1779528601.032592,0.07853981633974483,-0.10297442586766545,0.013962634015954637,0.0020777729190408684,0.0,0.0,0.0792,2.0592,-0.27720000000000006,0.07922123141132269,-0.1031654139424564,0.01452261354739917,0.07853981633974483,-0.10297442586766545,0.013962634015954637,0.0,0.0,0.0,gaussian,-1,0.0,0.0,-1,20,3.640761137008667,3.7691480705293383
1779528601.0426316,0.07853981633974483,-0.10297442586766545,0.013962634015954637,0.0,0.0,0.0,-0.0792,2.1384,0.27720000000000006,0.07922123141132269,-0.1031654139424564,0.01452261354739917,0.07853981633974483,-0.10297442586766545,0.013962634015954637,0.0,0.0,0.0,gaussian,-1,0.0,0.0,-1,20,3.650092124938965,3.7691480705293383
1779528601.052584,0.07853981633974483,-0.10297442586766545,0.013962634015954637,0.0,0.0,0.0,-0.1584,1.9008,-0.27720000000000006,0.07922123141132269,-0.1031654139424564,0.01452261354739917,0.07853981633974483,-0.10297442586766545,0.013962634015954637,0.0,0.0,0.0,gaussian,-1,0.0,0.0,-1,20,3.6601316928863525,3.7691480705293383
1779528601.0626435,0.07853981633974483,-0.10297442586766545,0.013962634015954637,0.0,0.0,0.0,-0.1188,1.98,-0.3168,0.07922123141132269,-0.1031654139424564,0.01452261354739917,0.07853981633974483,-0.10297442586766545,0.013962634015954637,0.0,0.0020777729190408684,0.0,gaussian,-1,0.0,0.0,-1,20,3.670083999633789,3.7691480705293383
1779528601.0725827,0.07853981633974483,-0.10297442586766545,0.013962634015954637,0.0,0.0020777729190408684,0.0,-0.0396,1.9404,-0.3168,0.07922123141132269,-0.1031654139424564,0.01452261354739917,0.07853981633974483,-0.10297442586766545,0.013962634015954637,0.0,0.0,-0.0020777729190408684,gaussian,-1,0.0,0.0,-1,20,3.6801435947418213,3.7691480705293383
1779528601.082561,0.07853981633974483,-0.10297442586766545,0.013962634015954637,0.0,0.0,-0.0020777729190408684,0.0,2.1384,0.3168,0.07922123141132269,-0.1031654139424564,0.01452261354739917,0.07853981633974483,-0.10297442586766545,0.013962634015954637,0.0,0.0,0.0,gaussian,-1,0.0,0.0,-1,20,3.6900827884674072,3.7691480705293383
1779528601.0925786,0.07853981633974483,-0.10297442586766545,0.013962634015954637,0.0,0.0,0.0,-0.0792,1.8612000000000002,0.3168,0.07922123141132269,-0.1031654139424564,0.01452261354739917,0.07853981633974483,-0.10297442586766545,0.013962634015954637,0.0,0.0,0.0,gaussian,-1,0.0,0.0,-1,20,3.700061082839966,3.7691480705293383
1779528601.1026917,0.07853981633974483,-0.10297442586766545,0.013962634015954637,0.0,0.0,0.0,-0.0792,1.9008,0.35639999999999994,0.07922123141132269,-0.1031654139424564,0.01452261354739917,0.07853981633974483,-0.10297442586766545,0.013962634015954637,0.0,0.0020777729190408684,0.0,gaussian,-1,0.0,0.0,-1,20,3.710078716278076,3.7691480705293383
1779528601.1126661,0.07853981633974483,-0.10297442586766545,0.013962634015954637,0.0,0.0020777729190408684,0.0,0.0,1.9008,0.3168,0.07922123141132269,-0.1031654139424564,0.01452261354739917,0.07853981633974483,-0.10297442586766545,0.013962634015954637,0.0,0.0,0.0,gaussian,-1,0.0,0.0,-1,20,3.720191717147827,3.7691480705293383
1779528601.1228995,0.07853981633974483,-0.10297442586766545,0.013962634015954637,0.0,0.0,0.0,-0.0396,1.9008,-0.35639999999999994,0.07922123141132269,-0.1031654139424564,0.01452261354739917,0.07853981633974483,-0.10297442586766545,0.013962634015954637,0.0,0.0,0.0,gaussian,-1,0.0,0.0,-1,20,3.73016619682312,3.7691480705293383
1779528601.1362748,0.07853981633974483,-0.10297442586766545,0.013962634015954637,0.0,0.0,0.0,-0.0792,2.1384,-0.35639999999999994,0.07922123141132269,-0.1031654139424564,0.01452261354739917,0.07853981633974483,-0.10297442586766545,0.013962634015954637,0.0,0.0,0.0,gaussian,-1,0.0,0.0,-1,20,3.7403995990753174,3.7691480705293383
1779528601.1426373,0.07853981633974483,-0.10297442586766545,0.013962634015954637,0.0,0.0,0.0,-0.1188,2.0592,-0.35639999999999994,0.07922123141132269,-0.1031654139424564,0.01452261354739917,0.07853981633974483,-0.10297442586766545,0.013962634015954637,0.0,0.0,0.0,gaussian,-1,0.0,0.0,-1,20,3.753774881362915,3.7691480705293383
1779528601.1534002,0.07853981633974483,-0.10297442586766545,0.013962634015954637,0.0,0.0,0.0,-0.1188,1.9008,-0.3168,0.07922123141132269,-0.1031654139424564,0.01452261354739917,0.07853981633974483,-0.10297442586766545,0.013962634015954637,0.0,0.0,0.0,gaussian,-1,0.0,0.0,-1,20,3.7601373195648193,3.7691480705293383
1779528601.1625383,0.07853981633974483,-0.10297442586766545,0.013962634015954637,0.0,0.0,0.0,-0.198,1.8215999999999999,-0.35639999999999994,0.1283126344023815,-0.0398212568512623,0.053161782276127584,0.07853981633974483,-0.10297442586766545,0.013962634015954637,0.0,0.0,0.0,gaussian,-1,0.0,0.0,-1,21,0.0,2.117609024027143
1779528601.174431,0.07853981633974483,-0.10297442586766545,0.013962634015954637,0.0,0.0,0.0,-0.1188,2.0592,-0.35639999999999994,0.1283126344023815,-0.0398212568512623,0.053161782276127584,0.07853981633974483,-0.10297442586766545,0.013962634015954637,0.0,0.0,0.0,gaussian,-1,0.0,0.0,-1,21,0.009138107299804688,2.117609024027143
1779528601.182628,0.07853981633974483,-0.10297442586766545,0.013962634015954637,0.0,0.0,0.0,-0.1188,2.0592,-0.35639999999999994,0.1283126344023815,-0.0398212568512623,0.053161782276127584,0.08028514559173917,-0.10297442586766545,0.015707963267948967,0.1703773793613512,0.01246663751424521,0.26803270655627204,gaussian,-1,0.0,0.0,-1,21,0.021030902862548828,2.117609024027143
1779528601.1926403,0.08028514559173917,-0.10297442586766545,0.015707963267948967,0.1703773793613512,0.01246663751424521,0.26803270655627204,3.0888,3.8016,0.7127999999999999,0.1283126344023815,-0.0398212568512623,0.053161782276127584,0.08726646259971647,-0.09424777960769379,0.020943951023931956,0.5028210464078902,0.6337207403074648,0.41763235672721455,gaussian,-1,0.0,0.0,-1,21,0.029227733612060547,2.117609024027143
1779528601.2025926,0.08726646259971647,-0.09424777960769379,0.020943951023931956,0.5028210464078902,0.6337207403074648,0.41763235672721455,0.6732,-0.7524000000000001,0.3168,0.1283126344023815,-0.0398212568512623,0.053161782276127584,0.09250245035569947,-0.08726646259971647,0.02617993877991494,0.5693097798171979,0.7043650195548544,0.4384100859176232,gaussian,-1,0.0,0.0,-1,21,0.039240121841430664,2.117609024027143
1779528601.2126691,0.09250245035569947,-0.08726646259971647,0.02617993877991494,0.5693097798171979,0.7043650195548544,0.4384100859176232,0.35639999999999994,-0.6336,-0.35639999999999994,0.1283126344023815,-0.0398212568512623,0.053161782276127584,0.09773843811168245,-0.08028514559173917,0.029670597283903605,0.5277543214363806,0.727220521664304,0.40932126505105104,gaussian,-1,0.0,0.0,-1,21,0.04919242858886719,2.117609024027143
1779528601.222575,0.09773843811168245,-0.08028514559173917,0.029670597283903605,0.5277543214363806,0.727220521664304,0.40932126505105104,0.5544000000000001,-0.27720000000000006,0.8712,0.1283126344023815,-0.0398212568512623,0.053161782276127584,0.10297442586766545,-0.07330382858376185,0.03316125578789226,0.4841210901365223,0.6586540153359552,0.3739991254273563,gaussian,-1,0.0,0.0,-1,21,0.059268951416015625,2.117609024027143
1779528601.2326326,0.10297442586766545,-0.07330382858376185,0.03316125578789226,0.4841210901365223,0.6586540153359552,0.3739991254273563,0.792,-1.0296,0.2376,0.1283126344023815,-0.0398212568512623,0.053161782276127584,0.10646508437165411,-0.06806784082777886,0.03665191429188092,0.4384100859176232,0.5880097360885658,0.3137437107751711,gaussian,-1,0.0,0.0,-1,21,0.06917476654052734,2.117609024027143
1779528601.2425978,0.10646508437165411,-0.06806784082777886,0.03665191429188092,0.4384100859176232,0.5880097360885658,0.3137437107751711,0.0,-0.396,0.1188,0.1283126344023815,-0.0398212568512623,0.053161782276127584,0.10995574287564278,-0.06283185307179587,0.04014257279586959,0.3760768983463972,0.5111321380840537,0.3012770732609259,gaussian,-1,0.0,0.0,-1,21,0.07923245429992676,2.117609024027143
1779528601.252966,0.10995574287564278,-0.06283185307179587,0.04014257279586959,0.3760768983463972,0.5111321380840537,0.3012770732609259,0.0792,-1.584,-0.4752,0.1283126344023815,-0.0398212568512623,0.053161782276127584,0.11344640137963143,-0.05934119456780721,0.04188790204786391,0.3116659378561303,0.4238656754843371,0.22855502109449552,gaussian,-1,0.0,0.0,-1,21,0.08919763565063477,2.117609024027143
1779528601.2626264,0.11344640137963143,-0.05934119456780721,0.04188790204786391,0.3116659378561303,0.4238656754843371,0.22855502109449552,0.7524000000000001,0.4356,1.0692,0.1283126344023815,-0.0398212568512623,0.053161782276127584,0.11519173063162574,-0.054105206811824215,0.04363323129985824,0.28465488990859894,0.37192135250831543,0.20569951898504596,gaussian,-1,0.0,0.0,-1,21,0.09956574440002441,2.117609024027143
1779528601.2727702,0.11519173063162574,-0.054105206811824215,0.04363323129985824,0.28465488990859894,0.37192135250831543,0.20569951898504596,0.0,-0.7524000000000001,0.7524000000000001,0.1283126344023815,-0.0398212568512623,0.053161782276127584,0.11868238913561442,-0.05235987755982988,0.04537856055185257,0.24517720444682248,0.3116659378561303,0.17453292519943295,gaussian,-1,0.0,0.0,-1,21,0.10922622680664062,2.117609024027143
1779528601.2827673,0.11868238913561442,-0.05235987755982988,0.04537856055185257,0.24517720444682248,0.3116659378561303,0.17453292519943295,-0.6336,-1.9008,0.5148,0.1283126344023815,-0.0398212568512623,0.053161782276127584,0.12042771838760874,-0.048869219055841226,0.047123889803846894,0.1973884273088825,0.2701104794753129,0.14128855849477906,gaussian,-1,0.0,0.0,-1,21,0.1193699836730957,2.117609024027143
1779528601.2926428,0.12042771838760874,-0.048869219055841226,0.047123889803846894,0.1973884273088825,0.2701104794753129,0.14128855849477906,-0.7127999999999999,-1.584,0.4752,0.1283126344023815,-0.0398212568512623,0.053161782276127584,0.12217304763960307,-0.047123889803846894,0.047123889803846894,0.16622183352326947,0.21193283774216856,0.1184330563853295,gaussian,-1,0.0,0.0,-1,21,0.12936711311340332,2.117609024027143
1779528601.3027909,0.12217304763960307,-0.047123889803846894,0.047123889803846894,0.16622183352326947,0.21193283774216856,0.1184330563853295,-0.5940000000000001,-0.198,0.27720000000000006,0.1283126344023815,-0.0398212568512623,0.053161782276127584,0.12217304763960307,-0.04537856055185257,0.048869219055841226,0.11427751054724776,0.18076624395655555,0.10388864595204342,gaussian,-1,0.0,0.0,-1,21,0.13924264907836914,2.117609024027143
1779528601.3126433,0.12217304763960307,-0.04537856055185257,0.048869219055841226,0.11427751054724776,0.18076624395655555,0.10388864595204342,0.1188,-0.0396,0.0,0.1283126344023815,-0.0398212568512623,0.053161782276127584,0.1239183768915974,-0.04363323129985824,0.048869219055841226,0.09557755427587994,0.13297746681861558,0.08934423551875734,gaussian,-1,0.0,0.0,-1,21,0.14939069747924805,2.117609024027143
1779528601.322639,0.1239183768915974,-0.04363323129985824,0.048869219055841226,0.09557755427587994,0.13297746681861558,0.08934423551875734,0.1584,0.3168,-0.27720000000000006,0.1283126344023815,-0.0398212568512623,0.053161782276127584,0.1239183768915974,-0.04363323129985824,0.050614548307835565,0.0851886896806756,0.1121997376282069,0.06648873340930779,gaussian,-1,0.0,0.0,-1,21,0.15924310684204102,2.117609024027143
1779528601.3326051,0.1239183768915974,-0.04363323129985824,0.050614548307835565,0.0851886896806756,0.1121997376282069,0.06648873340930779,-0.0792,0.0396,0.0,0.1283126344023815,-0.0398212568512623,0.053161782276127584,0.12566370614359174,-0.04188790204786391,0.050614548307835565,0.04986655005698084,0.07479982508547126,0.05194432297602171,gaussian,-1,0.0,0.0,-1,21,0.16923880577087402,2.117609024027143
1779528601.3426542,0.12566370614359174,-0.04188790204786391,0.050614548307835565,0.04986655005698084,0.07479982508547126,0.05194432297602171,0.7524000000000001,0.27720000000000006,-0.0792,0.1283126344023815,-0.0398212568512623,0.053161782276127584,0.12566370614359174,-0.04188790204786391,0.050614548307835565,0.04986655005698084,0.07479982508547126,0.05194432297602171,gaussian,-1,0.0,0.0,-1,21,0.17920494079589844,2.117609024027143
1779528601.3527472,0.12566370614359174,-0.04188790204786391,0.050614548307835565,0.04986655005698084,0.07479982508547126,0.05194432297602171,0.7524000000000001,0.27720000000000006,-0.0792,0.1283126344023815,-0.0398212568512623,0.053161782276127584,0.12566370614359174,-0.04188790204786391,0.050614548307835565,0.031166593785613025,0.05817764173314431,0.0394776854617765,gaussian,-1,0.0,0.0,-1,21,0.1892540454864502,2.117609024027143
1779528601.3626564,0.12566370614359174,-0.04188790204786391,0.050614548307835565,0.031166593785613025,0.05817764173314431,0.0394776854617765,0.8316,0.4356,-0.2376,0.1283126344023815,-0.0398212568512623,0.053161782276127584,0.12566370614359174,-0.04014257279586959,0.05235987755982988,0.018699956271367814,0.05609986881410345,0.022855502109449553,gaussian,-1,0.0,0.0,-1,21,0.19934701919555664,2.117609024027143
1779528601.3726068,0.12566370614359174,-0.04014257279586959,0.05235987755982988,0.018699956271367814,0.05609986881410345,0.022855502109449553,0.9107999999999999,1.2672,0.1188,0.1283126344023815,-0.0398212568512623,0.053161782276127584,0.12566370614359174,-0.04014257279586959,0.05235987755982988,0.035322139623694765,0.04155545838081737,0.01246663751424521,gaussian,-1,0.0,0.0,-1,21,0.20925617218017578,2.117609024027143
1779528601.3826587,0.12566370614359174,-0.04014257279586959,0.05235987755982988,0.035322139623694765,0.04155545838081737,0.01246663751424521,0.4752,1.2276,0.35639999999999994,0.1283126344023815,-0.0398212568512623,0.053161782276127584,0.12740903539558607,-0.04014257279586959,0.05235987755982988,0.02701104794753129,0.0394776854617765,0.008311091676163474,gaussian,-1,0.0,0.0,-1,21,0.2192065715789795,2.117609024027143
1779528601.3926198,0.12740903539558607,-0.04014257279586959,0.05235987755982988,0.02701104794753129,0.0394776854617765,0.008311091676163474,0.4356,1.3860000000000001,0.35639999999999994,0.1283126344023815,-0.0398212568512623,0.053161782276127584,0.12740903539558607,-0.04014257279586959,0.05235987755982988,0.018699956271367814,0.022855502109449553,0.008311091676163474,gaussian,-1,0.0,0.0,-1,21,0.22925853729248047,2.117609024027143
1779528601.4026577,0.12740903539558607,-0.04014257279586959,0.05235987755982988,0.018699956271367814,0.022855502109449553,0.008311091676163474,0.35639999999999994,1.5048000000000001,0.3168,0.1283126344023815,-0.0398212568512623,0.053161782276127584,0.12740903539558607,-0.04014257279586959,0.05235987755982988,0.018699956271367814,0.020777729190408684,0.010388864595204342,gaussian,-1,0.0,0.0,-1,21,0.23921966552734375,2.117609024027143
1779528601.412807,0.12740903539558607,-0.04014257279586959,0.05235987755982988,0.018699956271367814,0.020777729190408684,0.010388864595204342,0.35639999999999994,1.6236000000000002,0.1188,0.1283126344023815,-0.0398212568512623,0.053161782276127584,0.12740903539558607,-0.038397243543875255,0.05235987755982988,0.018699956271367814,0.02701104794753129,0.01246663751424521,gaussian,-1,0.0,0.0,-1,21,0.24925756454467773,2.117609024027143
1779528601.422634,0.12740903539558607,-0.038397243543875255,0.05235987755982988,0.018699956271367814,0.02701104794753129,0.01246663751424521,0.0,2.0196,0.0396,0.1283126344023815,-0.0398212568512623,0.053161782276127584,0.12740903539558607,-0.038397243543875255,0.05235987755982988,0.016622183352326948,0.016622183352326948,0.01246663751424521,gaussian,-1,0.0,0.0,-1,21,0.25940680503845215,2.117609024027143
1779528601.4326768,0.12740903539558607,-0.038397243543875255,0.05235987755982988,0.016622183352326948,0.016622183352326948,0.01246663751424521,0.0792,1.782,0.0,0.1283126344023815,-0.0398212568512623,0.053161782276127584,0.12740903539558607,-0.038397243543875255,0.05235987755982988,0.006233318757122605,0.010388864595204342,0.0020777729190408684,gaussian,-1,0.0,0.0,-1,21,0.26923370361328125,2.117609024027143
1779528601.4426396,0.12740903539558607,-0.038397243543875255,0.05235987755982988,0.006233318757122605,0.010388864595204342,0.0020777729190408684,-0.0792,1.7028,0.0792,0.1283126344023815,-0.0398212568512623,0.053161782276127584,0.12740903539558607,-0.038397243543875255,0.05235987755982988,0.0020777729190408684,0.0020777729190408684,0.004155545838081737,gaussian,-1,0.0,0.0,-1,21,0.27927660942077637,2.117609024027143
1779528601.4526136,0.12740903539558607,-0.038397243543875255,0.05235987755982988,0.0020777729190408684,0.0020777729190408684,0.004155545838081737,-0.2376,1.6236000000000002,0.1188,0.1283126344023815,-0.0398212568512623,0.053161782276127584,0.12740903539558607,-0.038397243543875255,0.05235987755982988,0.0020777729190408684,0.0,0.0020777729190408684,gaussian,-1,0.0,0.0,-1,21,0.28923940658569336,2.117609024027143
1779528601.462551,0.12740903539558607,-0.038397243543875255,0.05235987755982988,0.0020777729190408684,0.0,0.0020777729190408684,-0.0792,1.7028,0.1584,0.1283126344023815,-0.0398212568512623,0.053161782276127584,0.12740903539558607,-0.038397243543875255,0.05235987755982988,0.0020777729190408684,0.0,0.0020777729190408684,gaussian,-1,0.0,0.0,-1,21,0.2992134094238281,2.117609024027143
1779528601.4725633,0.12740903539558607,-0.038397243543875255,0.05235987755982988,0.0020777729190408684,0.0,0.0020777729190408684,-0.1188,1.5048000000000001,0.1188,0.1283126344023815,-0.0398212568512623,0.053161782276127584,0.12740903539558607,-0.038397243543875255,0.05235987755982988,0.0,0.0,0.0,gaussian,-1,0.0,0.0,-1,21,0.30915093421936035,2.117609024027143
1779528601.4851546,0.12740903539558607,-0.038397243543875255,0.05235987755982988,0.0,0.0,0.0,-0.1188,1.584,0.1584,0.1283126344023815,-0.0398212568512623,0.053161782276127584,0.12740903539558607,-0.038397243543875255,0.05235987755982988,0.0020777729190408684,0.0,0.0,gaussian,-1,0.0,0.0,-1,21,0.31916308403015137,2.117609024027143
1779528601.4943745,0.12740903539558607,-0.038397243543875255,0.05235987755982988,0.0020777729190408684,0.0,0.0,-0.0396,1.584,0.1188,0.1283126344023815,-0.0398212568512623,0.053161782276127584,0.12740903539558607,-0.038397243543875255,0.05235987755982988,0.0,0.0,0.0,gaussian,-1,0.0,0.0,-1,21,0.3317544460296631,2.117609024027143
1779528601.5025632,0.12740903539558607,-0.038397243543875255,0.05235987755982988,0.0,0.0,0.0,-0.0792,1.584,0.1188,0.1283126344023815,-0.0398212568512623,0.053161782276127584,0.12740903539558607,-0.038397243543875255,0.05235987755982988,0.0,0.0,0.0,gaussian,-1,0.0,0.0,-1,21,0.3409743309020996,2.117609024027143
1779528601.5125747,0.12740903539558607,-0.038397243543875255,0.05235987755982988,0.0,0.0,0.0,-0.0792,1.584,0.1188,0.1283126344023815,-0.0398212568512623,0.053161782276127584,0.12740903539558607,-0.038397243543875255,0.05235987755982988,0.0,0.0,0.0,gaussian,-1,0.0,0.0,-1,21,0.3491630554199219,2.117609024027143
1779528601.5225613,0.12740903539558607,-0.038397243543875255,0.05235987755982988,0.0,0.0,0.0,0.0,1.6632,-0.1188,0.1283126344023815,-0.0398212568512623,0.053161782276127584,0.12740903539558607,-0.038397243543875255,0.05235987755982988,0.0020777729190408684,-0.0020777729190408684,0.0,gaussian,-1,0.0,0.0,-1,21,0.3591744899749756,2.117609024027143
1779528601.5325165,0.12740903539558607,-0.038397243543875255,0.05235987755982988,0.0020777729190408684,-0.0020777729190408684,0.0,0.0396,1.7424,0.0792,0.1283126344023815,-0.0398212568512623,0.053161782276127584,0.12740903539558607,-0.038397243543875255,0.05235987755982988,0.0,0.0,0.0,gaussian,-1,0.0,0.0,-1,21,0.36916112899780273,2.117609024027143
1779528601.5425508,0.12740903539558607,-0.038397243543875255,0.05235987755982988,0.0,0.0,0.0,0.0,1.6632,0.0792,0.1283126344023815,-0.0398212568512623,0.053161782276127584,0.12740903539558607,-0.038397243543875255,0.05235987755982988,0.0,0.0,0.0,gaussian,-1,0.0,0.0,-1,21,0.3791162967681885,2.117609024027143
1779528601.5525827,0.12740903539558607,-0.038397243543875255,0.05235987755982988,0.0,0.0,0.0,0.0,1.6236000000000002,-0.0396,0.1283126344023815,-0.0398212568512623,0.053161782276127584,0.12740903539558607,-0.038397243543875255,0.05235987755982988,-0.0020777729190408684,0.0,0.0,gaussian,-1,0.0,0.0,-1,21,0.38915061950683594,2.117609024027143
1779528601.5626402,0.12740903539558607,-0.038397243543875255,0.05235987755982988,-0.0020777729190408684,0.0,0.0,-0.0792,1.584,0.0396,0.1283126344023815,-0.0398212568512623,0.053161782276127584,0.12740903539558607,-0.038397243543875255,0.05235987755982988,-0.0020777729190408684,0.0,0.0,gaussian,-1,0.0,0.0,-1,21,0.3991825580596924,2.117609024027143
1779528601.572638,0.12740903539558607,-0.038397243543875255,0.05235987755982988,-0.0020777729190408684,0.0,0.0,0.0,1.6236000000000002,-0.0396,0.1283126344023815,-0.0398212568512623,0.053161782276127584,0.12740903539558607,-0.038397243543875255,0.05235987755982988,-0.0020777729190408684,0.0,0.0,gaussian,-1,0.0,0.0,-1,21,0.4092400074005127,2.117609024027143
1779528601.58261,0.12740903539558607,-0.038397243543875255,0.05235987755982988,-0.0020777729190408684,0.0,0.0,0.0,1.7424,0.0,0.1283126344023815,-0.0398212568512623,0.053161782276127584,0.12740903539558607,-0.038397243543875255,0.05235987755982988,0.0,0.0,0.0,gaussian,-1,0.0,0.0,-1,21,0.4192378520965576,2.117609024027143
1779528601.5935423,0.12740903539558607,-0.038397243543875255,0.05235987755982988,0.0,0.0,0.0,-0.0792,1.782,0.0,0.1283126344023815,-0.0398212568512623,0.053161782276127584,0.12740903539558607,-0.038397243543875255,0.05235987755982988,0.0,-0.0020777729190408684,0.0,gaussian,-1,0.0,0.0,-1,21,0.42920970916748047,2.117609024027143
1779528601.602616,0.12740903539558607,-0.038397243543875255,0.05235987755982988,0.0,-0.0020777729190408684,0.0,0.0,1.6632,0.0,0.1283126344023815,-0.0398212568512623,0.053161782276127584,0.12740903539558607,-0.038397243543875255,0.05235987755982988,-0.0020777729190408684,0.0,0.0,gaussian,-1,0.0,0.0,-1,21,0.4401421546936035,2.117609024027143
1779528601.6126413,0.12740903539558607,-0.038397243543875255,0.05235987755982988,-0.0020777729190408684,0.0,0.0,-0.0396,1.7028,0.0,0.1283126344023815,-0.0398212568512623,0.053161782276127584,0.12740903539558607,-0.038397243543875255,0.05235987755982988,-0.0020777729190408684,0.0,0.0,gaussian,-1,0.0,0.0,-1,21,0.4492158889770508,2.117609024027143
1779528601.6226425,0.12740903539558607,-0.038397243543875255,0.05235987755982988,-0.0020777729190408684,0.0,0.0,0.0396,1.6632,0.0,0.1283126344023815,-0.0398212568512623,0.053161782276127584,0.12740903539558607,-0.038397243543875255,0.05235987755982988,0.0,0.0,0.0,gaussian,-1,0.0,0.0,-1,21,0.4592411518096924,2.117609024027143
1779528601.632669,0.12740903539558607,-0.038397243543875255,0.05235987755982988,0.0,0.0,0.0,-0.0396,1.782,0.0,0.1283126344023815,-0.0398212568512623,0.053161782276127584,0.12740903539558607,-0.038397243543875255,0.05235987755982988,0.0,0.0,0.0,gaussian,-1,0.0,0.0,-1,21,0.4692423343658447,2.117609024027143
1779528601.6426377,0.12740903539558607,-0.038397243543875255,0.05235987755982988,0.0,0.0,0.0,-0.0792,1.8612000000000002,0.0396,0.1283126344023815,-0.0398212568512623,0.053161782276127584,0.12740903539558607,-0.038397243543875255,0.05235987755982988,0.0,0.0,0.0,gaussian,-1,0.0,0.0,-1,21,0.47926878929138184,2.117609024027143
1779528601.6526423,0.12740903539558607,-0.038397243543875255,0.05235987755982988,0.0,0.0,0.0,-0.0792,1.7028,0.0,0.1283126344023815,-0.0398212568512623,0.053161782276127584,0.12740903539558607,-0.038397243543875255,0.05235987755982988,0.0,0.0,0.0,gaussian,-1,0.0,0.0,-1,21,0.48923754692077637,2.117609024027143
1779528601.662556,0.12740903539558607,-0.038397243543875255,0.05235987755982988,0.0,0.0,0.0,0.0396,1.8215999999999999,-0.0396,0.1283126344023815,-0.0398212568512623,0.053161782276127584,0.12740903539558607,-0.038397243543875255,0.05235987755982988,0.0,0.0,-0.0020777729190408684,gaussian,-1,0.0,0.0,-1,21,0.49924206733703613,2.117609024027143
1779528601.6726236,0.12740903539558607,-0.038397243543875255,0.05235987755982988,0.0,0.0,-0.0020777729190408684,0.0,1.7424,0.0396,0.1283126344023815,-0.0398212568512623,0.053161782276127584,0.12740903539558607,-0.038397243543875255,0.05235987755982988,0.0,0.0,-0.0020777729190408684,gaussian,-1,0.0,0.0,-1,21,0.5091557502746582,2.117609024027143
1779528601.682654,0.12740903539558607,-0.038397243543875255,0.05235987755982988,0.0,0.0,-0.0020777729190408684,0.0,1.7424,0.0396,0.1283126344023815,-0.0398212568512623,0.053161782276127584,0.12740903539558607,-0.038397243543875255,0.05235987755982988,0.0,0.0,0.0,gaussian,-1,0.0,0.0,-1,21,0.5192234516143799,2.117609024027143
1779528601.693268,0.12740903539558607,-0.038397243543875255,0.05235987755982988,0.0,0.0,0.0,0.0,1.782,-0.0792,0.1283126344023815,-0.0398212568512623,0.053161782276127584,0.12740903539558607,-0.038397243543875255,0.05235987755982988,-0.0020777729190408684,0.0020777729190408684,0.0,gaussian,-1,0.0,0.0,-1,21,0.5292537212371826,2.117609024027143
1779528601.7027497,0.12740903539558607,-0.038397243543875255,0.05235987755982988,-0.0020777729190408684,0.0020777729190408684,0.0,0.0792,1.7028,-0.0792,0.1283126344023815,-0.0398212568512623,0.053161782276127584,0.12740903539558607,-0.038397243543875255,0.05235987755982988,0.0,0.0,0.0,gaussian,-1,0.0,0.0,-1,21,0.5398678779602051,2.117609024027143
1779528601.7127182,0.12740903539558607,-0.038397243543875255,0.05235987755982988,0.0,0.0,0.0,0.0,1.9404,-0.0792,0.1283126344023815,-0.0398212568512623,0.053161782276127584,0.12740903539558607,-0.038397243543875255,0.05235987755982988,0.0,0.0,0.0,gaussian,-1,0.0,0.0,-1,21,0.5493495464324951,2.117609024027143
1779528601.7226968,0.12740903539558607,-0.038397243543875255,0.05235987755982988,0.0,0.0,0.0,0.0,1.9008,-0.0396,0.1283126344023815,-0.0398212568512623,0.053161782276127584,0.12740903539558607,-0.038397243543875255,0.05235987755982988,0.0,0.0,0.0,gaussian,-1,0.0,0.0,-1,21,0.5593180656433105,2.117609024027143
1779528601.733393,0.12740903539558607,-0.038397243543875255,0.05235987755982988,0.0,0.0,0.0,0.0,1.8612000000000002,0.0792,0.1283126344023815,-0.0398212568512623,0.053161782276127584,0.12740903539558607,-0.038397243543875255,0.05235987755982988,0.0,0.0,0.0,gaussian,-1,0.0,0.0,-1,21,0.5692965984344482,2.117609024027143
1779528601.7434437,0.12740903539558607,-0.038397243543875255,0.05235987755982988,0.0,0.0,0.0,-0.0396,1.8612000000000002,-0.1188,0.1283126344023815,-0.0398212568512623,0.053161782276127584,0.12740903539558607,-0.038397243543875255,0.05235987755982988,0.0,0.0,0.0,gaussian,-1,0.0,0.0,-1,21,0.5799927711486816,2.117609024027143
1779528601.7526953,0.12740903539558607,-0.038397243543875255,0.05235987755982988,0.0,0.0,0.0,0.0,1.9008,0.1188,0.1283126344023815,-0.0398212568512623,0.053161782276127584,0.12740903539558607,-0.038397243543875255,0.05235987755982988,0.0,-0.0020777729190408684,0.0,gaussian,-1,0.0,0.0,-1,21,0.5900435447692871,2.117609024027143
1779528601.762776,0.12740903539558607,-0.038397243543875255,0.05235987755982988,0.0,-0.0020777729190408684,0.0,-0.1188,1.7424,-0.1188,0.1283126344023815,-0.0398212568512623,0.053161782276127584,0.12740903539558607,-0.038397243543875255,0.05235987755982988,0.0,0.0,0.0,gaussian,-1,0.0,0.0,-1,21,0.5992951393127441,2.117609024027143
1779528601.7727811,0.12740903539558607,-0.038397243543875255,0.05235987755982988,0.0,0.0,0.0,-0.0792,1.7424,-0.1188,0.1283126344023815,-0.0398212568512623,0.053161782276127584,0.12740903539558607,-0.038397243543875255,0.05235987755982988,0.0,0.0,0.0,gaussian,-1,0.0,0.0,-1,21,0.6093757152557373,2.117609024027143
1779528601.78281,0.12740903539558607,-0.038397243543875255,0.05235987755982988,0.0,0.0,0.0,-0.1188,2.0196,0.1188,0.1283126344023815,-0.0398212568512623,0.053161782276127584,0.12740903539558607,-0.038397243543875255,0.05235987755982988,0.0,0.0,-0.0020777729190408684,gaussian,-1,0.0,0.0,-1,21,0.6193809509277344,2.117609024027143
1779528601.7933297,0.12740903539558607,-0.038397243543875255,0.05235987755982988,0.0,0.0,-0.0020777729190408684,0.0792,1.8215999999999999,0.1584,0.1283126344023815,-0.0398212568512623,0.053161782276127584,0.12740903539558607,-0.038397243543875255,0.05235987755982988,0.0,-0.0020777729190408684,0.0,gaussian,-1,0.0,0.0,-1,21,0.6294097900390625,2.117609024027143
1779528601.8026147,0.12740903539558607,-0.038397243543875255,0.05235987755982988,0.0,-0.0020777729190408684,0.0,0.0,1.98,-0.1584,0.1283126344023815,-0.0398212568512623,0.053161782276127584,0.12740903539558607,-0.038397243543875255,0.05235987755982988,0.0,0.0,0.0,gaussian,-1,0.0,0.0,-1,21,0.6399295330047607,2.117609024027143
1779528601.8126712,0.12740903539558607,-0.038397243543875255,0.05235987755982988,0.0,0.0,0.0,-0.0792,1.782,0.1188,0.1283126344023815,-0.0398212568512623,0.053161782276127584,0.12740903539558607,-0.038397243543875255,0.05235987755982988,0.0,-0.0020777729190408684,0.0,gaussian,-1,0.0,0.0,-1,21,0.649214506149292,2.117609024027143
1779528601.8225753,0.12740903539558607,-0.038397243543875255,0.05235987755982988,0.0,-0.0020777729190408684,0.0,-0.1188,1.9404,-0.1188,0.1283126344023815,-0.0398212568512623,0.053161782276127584,0.12740903539558607,-0.038397243543875255,0.05235987755982988,0.0,0.0,0.0,gaussian,-1,0.0,0.0,-1,21,0.6592710018157959,2.117609024027143
1779528601.8325438,0.12740903539558607,-0.038397243543875255,0.05235987755982988,0.0,0.0,0.0,0.1188,1.98,-0.1188,0.1283126344023815,-0.0398212568512623,0.053161782276127584,0.12740903539558607,-0.038397243543875255,0.05235987755982988,0.0,0.0,0.0,gaussian,-1,0.0,0.0,-1,21,0.6691751480102539,2.117609024027143
1779528601.8426461,0.12740903539558607,-0.038397243543875255,0.05235987755982988,0.0,0.0,0.0,-0.1584,1.8612000000000002,-0.1188,0.1283126344023815,-0.0398212568512623,0.053161782276127584,0.12740903539558607,-0.038397243543875255,0.05235987755982988,0.0,0.0,0.0,gaussian,-1,0.0,0.0,-1,21,0.6791436672210693,2.117609024027143
1779528601.8526292,0.12740903539558607,-0.038397243543875255,0.05235987755982988,0.0,0.0,0.0,-0.1584,1.8612000000000002,-0.1188,0.1283126344023815,-0.0398212568512623,0.053161782276127584,0.12740903539558607,-0.038397243543875255,0.05235987755982988,0.0,-0.0020777729190408684,0.0,gaussian,-1,0.0,0.0,-1,21,0.6892459392547607,2.117609024027143
1779528601.862708,0.12740903539558607,-0.038397243543875255,0.05235987755982988,0.0,-0.0020777729190408684,0.0,-0.0396,1.9008,-0.1188,0.1283126344023815,-0.0398212568512623,0.053161782276127584,0.12740903539558607,-0.038397243543875255,0.05235987755982988,0.0,0.0,0.0,gaussian,-1,0.0,0.0,-1,21,0.6992290019989014,2.117609024027143
1779528601.8725038,0.12740903539558607,-0.038397243543875255,0.05235987755982988,0.0,0.0,0.0,-0.0396,1.8612000000000002,-0.1584,0.1283126344023815,-0.0398212568512623,0.053161782276127584,0.12740903539558607,-0.038397243543875255,0.05235987755982988,0.0,0.0,0.0,gaussian,-1,0.0,0.0,-1,21,0.7093079090118408,2.117609024027143
1779528601.883993,0.12740903539558607,-0.038397243543875255,0.05235987755982988,0.0,0.0,0.0,0.2376,1.8215999999999999,-0.1584,0.1283126344023815,-0.0398212568512623,0.053161782276127584,0.12740903539558607,-0.038397243543875255,0.05235987755982988,0.0020777729190408684,0.0,0.0,gaussian,-1,0.0,0.0,-1,21,0.7191035747528076,2.117609024027143
1779528601.8927002,0.12740903539558607,-0.038397243543875255,0.05235987755982988,0.0020777729190408684,0.0,0.0,0.0792,1.98,-0.1188,0.1283126344023815,-0.0398212568512623,0.053161782276127584,0.12740903539558607,-0.038397243543875255,0.05235987755982988,0.0020777729190408684,0.0,0.0,gaussian,-1,0.0,0.0,-1,21,0.7305927276611328,2.117609024027143
1779528601.902636,0.12740903539558607,-0.038397243543875255,0.05235987755982988,0.0020777729190408684,0.0,0.0,0.0792,1.98,-0.1188,0.1283126344023815,-0.0398212568512623,0.053161782276127584,0.12740903539558607,-0.038397243543875255,0.05235987755982988,0.0,0.0,0.0,gaussian,-1,0.0,0.0,-1,21,0.739300012588501,2.117609024027143
1779528601.9127254,0.12740903539558607,-0.038397243543875255,0.05235987755982988,0.0,0.0,0.0,0.0396,1.8612000000000002,-0.1584,0.1283126344023815,-0.0398212568512623,0.053161782276127584,0.12740903539558607,-0.038397243543875255,0.05235987755982988,0.0,0.0,0.0,gaussian,-1,0.0,0.0,-1,21,0.7492358684539795,2.117609024027143
1779528601.922635,0.12740903539558607,-0.038397243543875255,0.05235987755982988,0.0,0.0,0.0,-0.1584,1.9008,0.1584,0.1283126344023815,-0.0398212568512623,0.053161782276127584,0.12740903539558607,-0.038397243543875255,0.05235987755982988,0.0,0.0,0.0,gaussian,-1,0.0,0.0,-1,21,0.7593252658843994,2.117609024027143
1779528601.932546,0.12740903539558607,-0.038397243543875255,0.05235987755982988,0.0,0.0,0.0,0.1584,1.9404,-0.198,0.1283126344023815,-0.0398212568512623,0.053161782276127584,0.12740903539558607,-0.038397243543875255,0.05235987755982988,0.0,0.0,0.0,gaussian,-1,0.0,0.0,-1,21,0.7692348957061768,2.117609024027143
1779528601.9428856,0.12740903539558607,-0.038397243543875255,0.05235987755982988,0.0,0.0,0.0,-0.0792,2.0196,-0.1584,0.1283126344023815,-0.0398212568512623,0.053161782276127584,0.12740903539558607,-0.038397243543875255,0.05235987755982988,0.0,0.0,0.0,gaussian,-1,0.0,0.0,-1,21,0.7791457176208496,2.117609024027143
1779528601.952584,0.12740903539558607,-0.038397243543875255,0.05235987755982988,0.0,0.0,0.0,-0.1584,1.9008,-0.198,0.1283126344023815,-0.0398212568512623,0.053161782276127584,0.12740903539558607,-0.038397243543875255,0.05235987755982988,0.0,0.0,0.0,gaussian,-1,0.0,0.0,-1,21,0.7894854545593262,2.117609024027143
1779528601.9626968,0.12740903539558607,-0.038397243543875255,0.05235987755982988,0.0,0.0,0.0,-0.1584,1.9008,-0.2376,0.1283126344023815,-0.0398212568512623,0.053161782276127584,0.12740903539558607,-0.038397243543875255,0.05235987755982988,-0.0020777729190408684,0.0,0.0,gaussian,-1,0.0,0.0,-1,21,0.7991838455200195,2.117609024027143
1779528601.9726324,0.12740903539558607,-0.038397243543875255,0.05235987755982988,-0.0020777729190408684,0.0,0.0,-0.0792,1.9404,-0.1584,0.1283126344023815,-0.0398212568512623,0.053161782276127584,0.12740903539558607,-0.038397243543875255,0.05235987755982988,0.0,0.0,0.0,gaussian,-1,0.0,0.0,-1,21,0.8092966079711914,2.117609024027143
1779528601.9833717,0.12740903539558607,-0.038397243543875255,0.05235987755982988,0.0,0.0,0.0,-0.0396,1.8612000000000002,-0.1584,0.1283126344023815,-0.0398212568512623,0.053161782276127584,0.12740903539558607,-0.038397243543875255,0.05235987755982988,-0.0020777729190408684,0.0,0.0,gaussian,-1,0.0,0.0,-1,21,0.8192322254180908,2.117609024027143
1779528601.992558,0.12740903539558607,-0.038397243543875255,0.05235987755982988,-0.0020777729190408684,0.0,0.0,0.0,2.0196,-0.1584,0.1283126344023815,-0.0398212568512623,0.053161782276127584,0.12740903539558607,-0.038397243543875255,0.05235987755982988,0.0,0.0,0.0,gaussian,-1,0.0,0.0,-1,21,0.8299715518951416,2.117609024027143
1779528602.0025403,0.12740903539558607,-0.038397243543875255,0.05235987755982988,0.0,0.0,0.0,0.0396,1.9404,-0.198,0.1283126344023815,-0.0398212568512623,0.053161782276127584,0.12740903539558607,-0.038397243543875255,0.05235987755982988,0.0,0.0,0.0,gaussian,-1,0.0,0.0,-1,21,0.8391578197479248,2.117609024027143
1779528602.012573,0.12740903539558607,-0.038397243543875255,0.05235987755982988,0.0,0.0,0.0,-0.1584,2.0196,-0.1584,0.1283126344023815,-0.0398212568512623,0.053161782276127584,0.12740903539558607,-0.038397243543875255,0.05235987755982988,0.0,-0.0020777729190408684,0.0,gaussian,-1,0.0,0.0,-1,21,0.8491401672363281,2.117609024027143
1779528602.0226083,0.12740903539558607,-0.038397243543875255,0.05235987755982988,0.0,-0.0020777729190408684,0.0,-0.1584,1.8215999999999999,-0.1584,0.1283126344023815,-0.0398212568512623,0.053161782276127584,0.12740903539558607,-0.038397243543875255,0.05235987755982988,0.0,0.0,0.0,gaussian,-1,0.0,0.0,-1,21,0.8591728210449219,2.117609024027143
1779528602.0325909,0.12740903539558607,-0.038397243543875255,0.05235987755982988,0.0,0.0,0.0,-0.0396,2.0592,-0.198,0.1283126344023815,-0.0398212568512623,0.053161782276127584,0.12740903539558607,-0.038397243543875255,0.05235987755982988,0.0,0.0,0.0,gaussian,-1,0.0,0.0,-1,21,0.8692080974578857,2.117609024027143
1779528602.0425153,0.12740903539558607,-0.038397243543875255,0.05235987755982988,0.0,0.0,0.0,-0.0792,1.9008,-0.1584,0.1283126344023815,-0.0398212568512623,0.053161782276127584,0.12740903539558607,-0.038397243543875255,0.05235987755982988,0.0,0.0,0.0,gaussian,-1,0.0,0.0,-1,21,0.8791906833648682,2.117609024027143
1779528602.0525892,0.12740903539558607,-0.038397243543875255,0.05235987755982988,0.0,0.0,0.0,-0.0396,1.8215999999999999,-0.27720000000000006,0.1283126344023815,-0.0398212568512623,0.053161782276127584,0.12740903539558607,-0.038397243543875255,0.05235987755982988,0.0,0.0020777729190408684,0.0,gaussian,-1,0.0,0.0,-1,21,0.8891150951385498,2.117609024027143
1779528602.0625386,0.12740903539558607,-0.038397243543875255,0.05235987755982988,0.0,0.0020777729190408684,0.0,-0.1584,1.9008,-0.1584,0.1283126344023815,-0.0398212568512623,0.053161782276127584,0.12740903539558607,-0.038397243543875255,0.05235987755982988,0.0,0.0,0.0,gaussian,-1,0.0,0.0,-1,21,0.8991889953613281,2.117609024027143
1779528602.0725393,0.12740903539558607,-0.038397243543875255,0.05235987755982988,0.0,0.0,0.0,-0.1188,1.9008,-0.2376,0.1283126344023815,-0.0398212568512623,0.053161782276127584,0.12740903539558607,-0.038397243543875255,0.05235987755982988,0.0,0.0,0.0,gaussian,-1,0.0,0.0,-1,21,0.9091384410858154,2.117609024027143
1779528602.0825205,0.12740903539558607,-0.038397243543875255,0.05235987755982988,0.0,0.0,0.0,-0.198,1.98,-0.2376,0.1283126344023815,-0.0398212568512623,0.053161782276127584,0.12740903539558607,-0.038397243543875255,0.05235987755982988,0.0,0.0,0.0,gaussian,-1,0.0,0.0,-1,21,0.9191391468048096,2.117609024027143
1779528602.0925784,0.12740903539558607,-0.038397243543875255,0.05235987755982988,0.0,0.0,0.0,-0.198,1.8612000000000002,-0.2376,0.1283126344023815,-0.0398212568512623,0.053161782276127584,0.12740903539558607,-0.038397243543875255,0.05235987755982988,0.0,0.0,0.0,gaussian,-1,0.0,0.0,-1,21,0.9291203022003174,2.117609024027143
1779528602.102536,0.12740903539558607,-0.038397243543875255,0.05235987755982988,0.0,0.0,0.0,-0.198,1.8612000000000002,-0.2376,0.1283126344023815,-0.0398212568512623,0.053161782276127584,0.12740903539558607,-0.038397243543875255,0.05235987755982988,0.0,0.0,0.0,gaussian,-1,0.0,0.0,-1,21,0.9391782283782959,2.117609024027143
1779528602.1125462,0.12740903539558607,-0.038397243543875255,0.05235987755982988,0.0,0.0,0.0,0.198,1.9404,-0.198,0.1283126344023815,-0.0398212568512623,0.053161782276127584,0.12740903539558607,-0.038397243543875255,0.05235987755982988,0.0,0.0,0.0,gaussian,-1,0.0,0.0,-1,21,0.9491357803344727,2.117609024027143
1779528602.122539,0.12740903539558607,-0.038397243543875255,0.05235987755982988,0.0,0.0,0.0,-0.1584,1.9008,-0.2376,0.1283126344023815,-0.0398212568512623,0.053161782276127584,0.12740903539558607,-0.038397243543875255,0.05235987755982988,0.0,-0.0020777729190408684,0.0,gaussian,-1,0.0,0.0,-1,21,0.9591460227966309,2.117609024027143
1779528602.1325722,0.12740903539558607,-0.038397243543875255,0.05235987755982988,0.0,-0.0020777729190408684,0.0,-0.1584,1.9008,-0.2376,0.1283126344023815,-0.0398212568512623,0.053161782276127584,0.12740903539558607,-0.038397243543875255,0.05235987755982988,0.0,0.0,0.0,gaussian,-1,0.0,0.0,-1,21,0.9691388607025146,2.117609024027143
1779528602.142546,0.12740903539558607,-0.038397243543875255,0.05235987755982988,0.0,0.0,0.0,0.1584,2.0592,-0.198,0.1283126344023815,-0.0398212568512623,0.053161782276127584,0.12740903539558607,-0.038397243543875255,0.05235987755982988,0.0,0.0,0.0,gaussian,-1,0.0,0.0,-1,21,0.9791719913482666,2.117609024027143
1779528602.1525266,0.12740903539558607,-0.038397243543875255,0.05235987755982988,0.0,0.0,0.0,-0.1584,2.1384,-0.198,0.1283126344023815,-0.0398212568512623,0.053161782276127584,0.12740903539558607,-0.038397243543875255,0.05235987755982988,0.0,0.0,0.0,gaussian,-1,0.0,0.0,-1,21,0.9891457557678223,2.117609024027143
1779528602.1625278,0.12740903539558607,-0.038397243543875255,0.05235987755982988,0.0,0.0,0.0,-0.0396,1.9008,-0.198,0.1283126344023815,-0.0398212568512623,0.053161782276127584,0.12740903539558607,-0.038397243543875255,0.05235987755982988,0.0,0.0,0.0,gaussian,-1,0.0,0.0,-1,21,0.9991264343261719,2.117609024027143
1779528602.1725917,0.12740903539558607,-0.038397243543875255,0.05235987755982988,0.0,0.0,0.0,-0.198,1.9008,-0.2376,0.1283126344023815,-0.0398212568512623,0.053161782276127584,0.12740903539558607,-0.038397243543875255,0.05235987755982988,0.0,0.0,0.0,gaussian,-1,0.0,0.0,-1,21,1.0091276168823242,2.117609024027143
1779528602.1825411,0.12740903539558607,-0.038397243543875255,0.05235987755982988,0.0,0.0,0.0,-0.198,1.9008,-0.2376,0.1283126344023815,-0.0398212568512623,0.053161782276127584,0.12740903539558607,-0.038397243543875255,0.05235987755982988,0.0,0.0,0.0,gaussian,-1,0.0,0.0,-1,21,1.0191915035247803,2.117609024027143
1779528602.1925209,0.12740903539558607,-0.038397243543875255,0.05235987755982988,0.0,0.0,0.0,-0.1584,1.9404,-0.198,0.1283126344023815,-0.0398212568512623,0.053161782276127584,0.12740903539558607,-0.038397243543875255,0.05235987755982988,0.0020777729190408684,0.0,0.0,gaussian,-1,0.0,0.0,-1,21,1.0291409492492676,2.117609024027143
1779528602.202459,0.12740903539558607,-0.038397243543875255,0.05235987755982988,0.0020777729190408684,0.0,0.0,0.1584,2.1780000000000004,-0.1584,0.1283126344023815,-0.0398212568512623,0.053161782276127584,0.12740903539558607,-0.038397243543875255,0.05235987755982988,0.0,0.0,0.0,gaussian,-1,0.0,0.0,-1,21,1.0391206741333008,2.117609024027143
1779528602.2127159,0.12740903539558607,-0.038397243543875255,0.05235987755982988,0.0,0.0,0.0,-0.1188,2.1384,-0.198,0.1283126344023815,-0.0398212568512623,0.053161782276127584,0.12740903539558607,-0.038397243543875255,0.05235987755982988,0.0,0.0,0.0,gaussian,-1,0.0,0.0,-1,21,1.0490589141845703,2.117609024027143
1779528602.2225742,0.12740903539558607,-0.038397243543875255,0.05235987755982988,0.0,0.0,0.0,-0.1188,2.1384,-0.198,0.1283126344023815,-0.0398212568512623,0.053161782276127584,0.12740903539558607,-0.038397243543875255,0.05235987755982988,0.0020777729190408684,0.0,0.0,gaussian,-1,0.0,0.0,-1,21,1.0593156814575195,2.117609024027143
1779528602.2325487,0.12740903539558607,-0.038397243543875255,0.05235987755982988,0.0020777729190408684,0.0,0.0,0.0792,2.0196,-0.198,0.1283126344023815,-0.0398212568512623,0.053161782276127584,0.12740903539558607,-0.038397243543875255,0.05235987755982988,0.0,0.0,0.0,gaussian,-1,0.0,0.0,-1,21,1.06917405128479,2.117609024027143
1779528602.2425761,0.12740903539558607,-0.038397243543875255,0.05235987755982988,0.0,0.0,0.0,-0.0792,2.0592,-0.198,0.1283126344023815,-0.0398212568512623,0.053161782276127584,0.12740903539558607,-0.038397243543875255,0.05235987755982988,0.0,0.0,0.0,gaussian,-1,0.0,0.0,-1,21,1.079148530960083,2.117609024027143
1779528602.252591,0.12740903539558607,-0.038397243543875255,0.05235987755982988,0.0,0.0,0.0,-0.0792,2.0592,-0.198,0.1283126344023815,-0.0398212568512623,0.053161782276127584,0.12740903539558607,-0.038397243543875255,0.05235987755982988,0.0,0.0,0.0,gaussian,-1,0.0,0.0,-1,21,1.0891759395599365,2.117609024027143
1779528602.2625394,0.12740903539558607,-0.038397243543875255,0.05235987755982988,0.0,0.0,0.0,-0.1188,1.9008,-0.1584,0.1283126344023815,-0.0398212568512623,0.053161782276127584,0.12740903539558607,-0.038397243543875255,0.05235987755982988,0.0,0.0,0.0,gaussian,-1,0.0,0.0,-1,21,1.0991907119750977,2.117609024027143
1779528602.272541,0.12740903539558607,-0.038397243543875255,0.05235987755982988,0.0,0.0,0.0,-0.0396,2.0196,-0.198,0.1283126344023815,-0.0398212568512623,0.053161782276127584,0.12740903539558607,-0.038397243543875255,0.05235987755982988,0.0,0.0,0.0,gaussian,-1,0.0,0.0,-1,21,1.1091392040252686,2.117609024027143
1779528602.2825415,0.12740903539558607,-0.038397243543875255,0.05235987755982988,0.0,0.0,0.0,-0.0396,2.0196,-0.198,0.1283126344023815,-0.0398212568512623,0.053161782276127584,0.12740903539558607,-0.038397243543875255,0.05235987755982988,0.0,0.0,0.0,gaussian,-1,0.0,0.0,-1,21,1.119140863418579,2.117609024027143
1779528602.2925072,0.12740903539558607,-0.038397243543875255,0.05235987755982988,0.0,0.0,0.0,-0.0792,2.0592,-0.198,0.1283126344023815,-0.0398212568512623,0.053161782276127584,0.12740903539558607,-0.038397243543875255,0.05235987755982988,0.0020777729190408684,0.0,0.0,gaussian,-1,0.0,0.0,-1,21,1.1291413307189941,2.117609024027143
1779528602.3024893,0.12740903539558607,-0.038397243543875255,0.05235987755982988,0.0020777729190408684,0.0,0.0,0.198,1.98,-0.2376,0.1283126344023815,-0.0398212568512623,0.053161782276127584,0.12740903539558607,-0.038397243543875255,0.05235987755982988,0.0020777729190408684,0.0,0.0,gaussian,-1,0.0,0.0,-1,21,1.1391069889068604,2.117609024027143
1779528602.3125825,0.12740903539558607,-0.038397243543875255,0.05235987755982988,0.0020777729190408684,0.0,0.0,0.198,1.98,-0.2376,0.1283126344023815,-0.0398212568512623,0.053161782276127584,0.12740903539558607,-0.038397243543875255,0.05235987755982988,0.0,0.0,0.0,gaussian,-1,0.0,0.0,-1,21,1.1490890979766846,2.117609024027143
1779528602.3225927,0.12740903539558607,-0.038397243543875255,0.05235987755982988,0.0,0.0,0.0,0.2376,1.9404,-0.2376,0.1283126344023815,-0.0398212568512623,0.053161782276127584,0.12740903539558607,-0.038397243543875255,0.05235987755982988,0.0,0.0,0.0,gaussian,-1,0.0,0.0,-1,21,1.1591823101043701,2.117609024027143
1779528602.3329232,0.12740903539558607,-0.038397243543875255,0.05235987755982988,0.0,0.0,0.0,-0.1188,1.9404,-0.198,0.1283126344023815,-0.0398212568512623,0.053161782276127584,0.12740903539558607,-0.038397243543875255,0.05235987755982988,0.0,0.0020777729190408684,0.0,gaussian,-1,0.0,0.0,-1,21,1.1691925525665283,2.117609024027143
1779528602.3425376,0.12740903539558607,-0.038397243543875255,0.05235987755982988,0.0,0.0020777729190408684,0.0,0.198,1.9404,-0.198,0.1283126344023815,-0.0398212568512623,0.053161782276127584,0.12740903539558607,-0.038397243543875255,0.05235987755982988,0.0,0.0,0.0,gaussian,-1,0.0,0.0,-1,21,1.17952299118042,2.117609024027143
1779528602.3525612,0.12740903539558607,-0.038397243543875255,0.05235987755982988,0.0,0.0,0.0,-0.1584,2.1384,-0.198,0.1283126344023815,-0.0398212568512623,0.053161782276127584,0.12740903539558607,-0.038397243543875255,0.05235987755982988,0.0,0.0,0.0,gaussian,-1,0.0,0.0,-1,21,1.1891374588012695,2.117609024027143
1779528602.3626535,0.12740903539558607,-0.038397243543875255,0.05235987755982988,0.0,0.0,0.0,-0.1584,2.1384,-0.198,0.1283126344023815,-0.0398212568512623,0.053161782276127584,0.12740903539558607,-0.038397243543875255,0.05235987755982988,0.0,0.0,0.0,gaussian,-1,0.0,0.0,-1,21,1.1991610527038574,2.117609024027143
1779528602.3725126,0.12740903539558607,-0.038397243543875255,0.05235987755982988,0.0,0.0,0.0,-0.1584,2.2176000000000005,-0.2376,0.1283126344023815,-0.0398212568512623,0.053161782276127584,0.12740903539558607,-0.038397243543875255,0.05235987755982988,0.0,0.0,0.0,gaussian,-1,0.0,0.0,-1,21,1.2092533111572266,2.117609024027143
1779528602.382523,0.12740903539558607,-0.038397243543875255,0.05235987755982988,0.0,0.0,0.0,-0.0396,1.98,-0.198,0.1283126344023815,-0.0398212568512623,0.053161782276127584,0.12740903539558607,-0.038397243543875255,0.05235987755982988,-0.0020777729190408684,0.0,0.0,gaussian,-1,0.0,0.0,-1,21,1.2191123962402344,2.117609024027143
1779528602.39263,0.12740903539558607,-0.038397243543875255,0.05235987755982988,-0.0020777729190408684,0.0,0.0,-0.1188,2.0592,-0.198,0.1283126344023815,-0.0398212568512623,0.053161782276127584,0.12740903539558607,-0.038397243543875255,0.05235987755982988,-0.0020777729190408684,0.0,0.0,gaussian,-1,0.0,0.0,-1,21,1.2291228771209717,2.117609024027143
1779528602.4025402,0.12740903539558607,-0.038397243543875255,0.05235987755982988,-0.0020777729190408684,0.0,0.0,-0.1188,2.0592,-0.198,0.1283126344023815,-0.0398212568512623,0.053161782276127584,0.12740903539558607,-0.038397243543875255,0.05235987755982988,-0.0020777729190408684,0.0,0.0,gaussian,-1,0.0,0.0,-1,21,1.2392299175262451,2.117609024027143
1779528602.4125116,0.12740903539558607,-0.038397243543875255,0.05235987755982988,-0.0020777729190408684,0.0,0.0,-0.0792,2.1384,-0.198,0.1283126344023815,-0.0398212568512623,0.053161782276127584,0.12740903539558607,-0.038397243543875255,0.05235987755982988,0.0,0.0,0.0,gaussian,-1,0.0,0.0,-1,21,1.2491400241851807,2.117609024027143
1779528602.4225488,0.12740903539558607,-0.038397243543875255,0.05235987755982988,0.0,0.0,0.0,-0.1584,1.9404,-0.198,0.1283126344023815,-0.0398212568512623,0.053161782276127584,0.12740903539558607,-0.038397243543875255,0.05235987755982988,0.0,-0.0020777729190408684,0.0,gaussian,-1,0.0,0.0,-1,21,1.2591114044189453,2.117609024027143
1779528602.4325416,0.12740903539558607,-0.038397243543875255,0.05235987755982988,0.0,-0.0020777729190408684,0.0,-0.1188,1.9404,-0.198,0.1283126344023815,-0.0398212568512623,0.053161782276127584,0.12740903539558607,-0.038397243543875255,0.05235987755982988,0.0,-0.0020777729190408684,0.0,gaussian,-1,0.0,0.0,-1,21,1.269148588180542,2.117609024027143
1779528602.4425397,0.12740903539558607,-0.038397243543875255,0.05235987755982988,0.0,-0.0020777729190408684,0.0,-0.1188,1.9404,-0.198,0.1283126344023815,-0.0398212568512623,0.053161782276127584,0.12740903539558607,-0.038397243543875255,0.05235987755982988,0.0020777729190408684,0.0,0.0,gaussian,-1,0.0,0.0,-1,21,1.2791414260864258,2.117609024027143
1779528602.4527774,0.12740903539558607,-0.038397243543875255,0.05235987755982988,0.0020777729190408684,0.0,0.0,0.198,1.9404,-0.2376,0.1283126344023815,-0.0398212568512623,0.053161782276127584,0.12740903539558607,-0.038397243543875255,0.05235987755982988,0.0,0.0,0.0,gaussian,-1,0.0,0.0,-1,21,1.2891395092010498,2.117609024027143
1779528602.462545,0.12740903539558607,-0.038397243543875255,0.05235987755982988,0.0,0.0,0.0,0.198,2.0592,-0.2376,0.1283126344023815,-0.0398212568512623,0.053161782276127584,0.12740903539558607,-0.038397243543875255,0.05235987755982988,0.0,0.0,0.0,gaussian,-1,0.0,0.0,-1,21,1.299377202987671,2.117609024027143
1779528602.4725437,0.12740903539558607,-0.038397243543875255,0.05235987755982988,0.0,0.0,0.0,-0.2376,2.0988,-0.198,0.1283126344023815,-0.0398212568512623,0.053161782276127584,0.12740903539558607,-0.038397243543875255,0.05235987755982988,0.0,0.0,0.0,gaussian,-1,0.0,0.0,-1,21,1.3091447353363037,2.117609024027143
1779528602.4829175,0.12740903539558607,-0.038397243543875255,0.05235987755982988,0.0,0.0,0.0,0.1584,2.0196,-0.2376,0.1283126344023815,-0.0398212568512623,0.053161782276127584,0.12740903539558607,-0.038397243543875255,0.05235987755982988,0.0,-0.0020777729190408684,0.0,gaussian,-1,0.0,0.0,-1,21,1.319143533706665,2.117609024027143
1779528602.4950938,0.12740903539558607,-0.038397243543875255,0.05235987755982988,0.0,-0.0020777729190408684,0.0,-0.1584,2.1780000000000004,-0.198,0.1283126344023815,-0.0398212568512623,0.053161782276127584,0.12740903539558607,-0.038397243543875255,0.05235987755982988,0.0,0.0,0.0,gaussian,-1,0.0,0.0,-1,21,1.3295173645019531,2.117609024027143
1779528602.503723,0.12740903539558607,-0.038397243543875255,0.05235987755982988,0.0,0.0,0.0,-0.0792,1.98,-0.198,0.1283126344023815,-0.0398212568512623,0.053161782276127584,0.12740903539558607,-0.038397243543875255,0.05235987755982988,0.0,0.0,0.0,gaussian,-1,0.0,0.0,-1,21,1.341693639755249,2.117609024027143
1779528602.5126429,0.12740903539558607,-0.038397243543875255,0.05235987755982988,0.0,0.0,0.0,-0.0792,1.98,-0.2376,0.1283126344023815,-0.0398212568512623,0.053161782276127584,0.12740903539558607,-0.038397243543875255,0.05235987755982988,0.0,0.0,0.0,gaussian,-1,0.0,0.0,-1,21,1.3503227233886719,2.117609024027143
1779528602.5226846,0.12740903539558607,-0.038397243543875255,0.05235987755982988,0.0,0.0,0.0,-0.0792,2.0196,-0.198,0.1283126344023815,-0.0398212568512623,0.053161782276127584,0.12740903539558607,-0.038397243543875255,0.05235987755982988,0.0,0.0,0.0020777729190408684,gaussian,-1,0.0,0.0,-1,21,1.3592426776885986,2.117609024027143
1779528602.532598,0.12740903539558607,-0.038397243543875255,0.05235987755982988,0.0,0.0,0.0020777729190408684,-0.1188,1.9404,-0.27720000000000006,0.1283126344023815,-0.0398212568512623,0.053161782276127584,0.12740903539558607,-0.038397243543875255,0.05235987755982988,0.0,0.0,0.0,gaussian,-1,0.0,0.0,-1,21,1.3692843914031982,2.117609024027143
1779528602.5426898,0.12740903539558607,-0.038397243543875255,0.05235987755982988,0.0,0.0,0.0,-0.2376,1.98,-0.1584,0.1283126344023815,-0.0398212568512623,0.053161782276127584,0.12740903539558607,-0.038397243543875255,0.05235987755982988,0.0,0.0,0.0,gaussian,-1,0.0,0.0,-1,21,1.3791978359222412,2.117609024027143
1779528602.5532796,0.12740903539558607,-0.038397243543875255,0.05235987755982988,0.0,0.0,0.0,-0.2376,1.98,-0.1584,0.1283126344023815,-0.0398212568512623,0.053161782276127584,0.12740903539558607,-0.038397243543875255,0.05235987755982988,0.0,0.0,0.0,gaussian,-1,0.0,0.0,-1,21,1.3892896175384521,2.117609024027143
1779528602.5626972,0.12740903539558607,-0.038397243543875255,0.05235987755982988,0.0,0.0,0.0,-0.2376,1.98,-0.2376,0.1283126344023815,-0.0398212568512623,0.053161782276127584,0.12740903539558607,-0.038397243543875255,0.05235987755982988,0.0,0.0,0.0,gaussian,-1,0.0,0.0,-1,21,1.3998794555664062,2.117609024027143
1779528602.5727086,0.12740903539558607,-0.038397243543875255,0.05235987755982988,0.0,0.0,0.0,-0.1188,2.0988,-0.2376,0.1283126344023815,-0.0398212568512623,0.053161782276127584,0.12740903539558607,-0.038397243543875255,0.05235987755982988,0.0,0.0,0.0,gaussian,-1,0.0,0.0,-1,21,1.409296989440918,2.117609024027143
1779528602.582645,0.12740903539558607,-0.038397243543875255,0.05235987755982988,0.0,0.0,0.0,0.2376,1.98,-0.2376,0.1283126344023815,-0.0398212568512623,0.053161782276127584,0.12740903539558607,-0.038397243543875255,0.05235987755982988,0.0020777729190408684,0.0,0.0,gaussian,-1,0.0,0.0,-1,21,1.4193084239959717,2.117609024027143
1779528602.5925636,0.12740903539558607,-0.038397243543875255,0.05235987755982988,0.0020777729190408684,0.0,0.0,0.198,1.98,-0.2376,0.1283126344023815,-0.0398212568512623,0.053161782276127584,0.12740903539558607,-0.038397243543875255,0.05235987755982988,0.0020777729190408684,0.0,0.0,gaussian,-1,0.0,0.0,-1,21,1.4292447566986084,2.117609024027143
1779528602.6035757,0.12740903539558607,-0.038397243543875255,0.05235987755982988,0.0020777729190408684,0.0,0.0,0.198,1.98,-0.2376,0.1283126344023815,-0.0398212568512623,0.053161782276127584,0.12740903539558607,-0.038397243543875255,0.05235987755982988,0.0,0.0,0.0,gaussian,-1,0.0,0.0,-1,21,1.4391634464263916,2.117609024027143
1779528602.6133487,0.12740903539558607,-0.038397243543875255,0.05235987755982988,0.0,0.0,0.0,-0.1584,1.9404,-0.2376,0.1283126344023815,-0.0398212568512623,0.053161782276127584,0.12740903539558607,-0.038397243543875255,0.05235987755982988,0.0,0.0,0.0,gaussian,-1,0.0,0.0,-1,21,1.4501755237579346,2.117609024027143
1779528602.6225638,0.12740903539558607,-0.038397243543875255,0.05235987755982988,0.0,0.0,0.0,0.1188,1.9404,-0.1584,0.1283126344023815,-0.0398212568512623,0.053161782276127584,0.12740903539558607,-0.038397243543875255,0.05235987755982988,-0.0020777729190408684,0.0,0.0,gaussian,-1,0.0,0.0,-1,21,1.4599485397338867,2.117609024027143
1779528602.6326268,0.12740903539558607,-0.038397243543875255,0.05235987755982988,-0.0020777729190408684,0.0,0.0,-0.1188,1.98,-0.198,0.1283126344023815,-0.0398212568512623,0.053161782276127584,0.12740903539558607,-0.038397243543875255,0.05235987755982988,0.0,0.0,0.0,gaussian,-1,0.0,0.0,-1,21,1.4691636562347412,2.117609024027143
1779528602.6426811,0.12740903539558607,-0.038397243543875255,0.05235987755982988,0.0,0.0,0.0,-0.1584,2.0988,-0.198,0.1283126344023815,-0.0398212568512623,0.053161782276127584,0.12740903539558607,-0.038397243543875255,0.05235987755982988,0.0,0.0,0.0,gaussian,-1,0.0,0.0,-1,21,1.4792265892028809,2.117609024027143
1779528602.6525643,0.12740903539558607,-0.038397243543875255,0.05235987755982988,0.0,0.0,0.0,-0.1584,2.1384,-0.27720000000000006,0.1283126344023815,-0.0398212568512623,0.053161782276127584,0.12740903539558607,-0.038397243543875255,0.05235987755982988,0.0,0.0,0.0,gaussian,-1,0.0,0.0,-1,21,1.4892809391021729,2.117609024027143
1779528602.6626427,0.12740903539558607,-0.038397243543875255,0.05235987755982988,0.0,0.0,0.0,-0.2376,1.9008,-0.2376,0.1283126344023815,-0.0398212568512623,0.053161782276127584,0.12740903539558607,-0.038397243543875255,0.05235987755982988,0.0020777729190408684,0.0,0.0,gaussian,-1,0.0,0.0,-1,21,1.49916410446167,2.117609024027143
1779528602.6732047,0.12740903539558607,-0.038397243543875255,0.05235987755982988,0.0020777729190408684,0.0,0.0,0.2376,1.9404,-0.198,0.1283126344023815,-0.0398212568512623,0.053161782276127584,0.12740903539558607,-0.038397243543875255,0.05235987755982988,0.0020777729190408684,0.0,0.0,gaussian,-1,0.0,0.0,-1,21,1.5092425346374512,2.117609024027143
1779528602.683307,0.12740903539558607,-0.038397243543875255,0.05235987755982988,0.0020777729190408684,0.0,0.0,0.198,2.0196,-0.2376,0.1283126344023815,-0.0398212568512623,0.053161782276127584,0.12740903539558607,-0.038397243543875255,0.05235987755982988,0.0,0.0,0.0,gaussian,-1,0.0,0.0,-1,21,1.5198044776916504,2.117609024027143
1779528602.6926687,0.12740903539558607,-0.038397243543875255,0.05235987755982988,0.0,0.0,0.0,-0.1584,2.1780000000000004,-0.2376,0.1283126344023815,-0.0398212568512623,0.053161782276127584,0.12740903539558607,-0.038397243543875255,0.05235987755982988,0.0,0.0,0.0,gaussian,-1,0.0,0.0,-1,21,1.5299067497253418,2.117609024027143
1779528602.7028415,0.12740903539558607,-0.038397243543875255,0.05235987755982988,0.0,0.0,0.0,0.1584,2.0988,-0.2376,0.1283126344023815,-0.0398212568512623,0.053161782276127584,0.12740903539558607,-0.038397243543875255,0.05235987755982988,0.0,0.0,0.0,gaussian,-1,0.0,0.0,-1,21,1.5392684936523438,2.117609024027143
1779528602.7126853,0.12740903539558607,-0.038397243543875255,0.05235987755982988,0.0,0.0,0.0,0.27720000000000006,2.0988,-0.2376,0.1283126344023815,-0.0398212568512623,0.053161782276127584,0.12740903539558607,-0.038397243543875255,0.05235987755982988,0.0,0.0,0.0,gaussian,-1,0.0,0.0,-1,21,1.5494413375854492,2.117609024027143
1779528602.7228796,0.12740903539558607,-0.038397243543875255,0.05235987755982988,0.0,0.0,0.0,-0.198,1.9404,-0.2376,0.1283126344023815,-0.0398212568512623,0.053161782276127584,0.12740903539558607,-0.038397243543875255,0.05235987755982988,-0.0020777729190408684,0.0,0.0,gaussian,-1,0.0,0.0,-1,21,1.5592851638793945,2.117609024027143
1779528602.7326696,0.12740903539558607,-0.038397243543875255,0.05235987755982988,-0.0020777729190408684,0.0,0.0,-0.1584,2.0196,-0.198,0.1283126344023815,-0.0398212568512623,0.053161782276127584,0.12740903539558607,-0.038397243543875255,0.05235987755982988,0.0,0.0020777729190408684,0.0,gaussian,-1,0.0,0.0,-1,21,1.5694794654846191,2.117609024027143
1779528602.7427144,0.12740903539558607,-0.038397243543875255,0.05235987755982988,0.0,0.0020777729190408684,0.0,0.198,2.0592,-0.2376,0.1283126344023815,-0.0398212568512623,0.053161782276127584,0.12740903539558607,-0.038397243543875255,0.05235987755982988,-0.0020777729190408684,0.0,0.0,gaussian,-1,0.0,0.0,-1,21,1.5792694091796875,2.117609024027143
1779528602.7533088,0.12740903539558607,-0.038397243543875255,0.05235987755982988,-0.0020777729190408684,0.0,0.0,-0.1584,1.98,-0.198,0.1283126344023815,-0.0398212568512623,0.053161782276127584,0.12740903539558607,-0.038397243543875255,0.05235987755982988,0.0,0.0,0.0,gaussian,-1,0.0,0.0,-1,21,1.5893142223358154,2.117609024027143
1779528602.7630475,0.12740903539558607,-0.038397243543875255,0.05235987755982988,0.0,0.0,0.0,0.198,1.9404,-0.198,0.1283126344023815,-0.0398212568512623,0.053161782276127584,0.12740903539558607,-0.038397243543875255,0.05235987755982988,0.0,0.0,0.0,gaussian,-1,0.0,0.0,-1,21,1.5999085903167725,2.117609024027143
1779528602.772961,0.12740903539558607,-0.038397243543875255,0.05235987755982988,0.0,0.0,0.0,-0.1584,1.9404,0.2376,0.1283126344023815,-0.0398212568512623,0.053161782276127584,0.12740903539558607,-0.038397243543875255,0.05235987755982988,0.0,-0.0020777729190408684,0.0,gaussian,-1,0.0,0.0,-1,21,1.609647274017334,2.117609024027143
1779528602.7827098,0.12740903539558607,-0.038397243543875255,0.05235987755982988,0.0,-0.0020777729190408684,0.0,-0.1584,2.0196,-0.2376,0.1283126344023815,-0.0398212568512623,0.053161782276127584,0.12740903539558607,-0.038397243543875255,0.05235987755982988,0.0,0.0,0.0,gaussian,-1,0.0,0.0,-1,21,1.619560718536377,2.117609024027143
1779528602.7929308,0.12740903539558607,-0.038397243543875255,0.05235987755982988,0.0,0.0,0.0,-0.1188,1.9008,-0.198,0.1283126344023815,-0.0398212568512623,0.053161782276127584,0.12740903539558607,-0.038397243543875255,0.05235987755982988,0.0,0.0,0.0,gaussian,-1,0.0,0.0,-1,21,1.6293096542358398,2.117609024027143
1779528602.8026943,0.12740903539558607,-0.038397243543875255,0.05235987755982988,0.0,0.0,0.0,0.1188,1.9404,-0.2376,0.1283126344023815,-0.0398212568512623,0.053161782276127584,0.12740903539558607,-0.038397243543875255,0.05235987755982988,0.0,0.0,0.0,gaussian,-1,0.0,0.0,-1,21,1.6395306587219238,2.117609024027143
1779528602.8125427,0.12740903539558607,-0.038397243543875255,0.05235987755982988,0.0,0.0,0.0,0.1188,1.9404,-0.2376,0.1283126344023815,-0.0398212568512623,0.053161782276127584,0.12740903539558607,-0.038397243543875255,0.05235987755982988,0.0,0.0,0.0,gaussian,-1,0.0,0.0,-1,21,1.649294137954712,2.117609024027143
1779528602.8226826,0.12740903539558607,-0.038397243543875255,0.05235987755982988,0.0,0.0,0.0,0.198,2.0196,0.2376,0.1283126344023815,-0.0398212568512623,0.053161782276127584,0.12740903539558607,-0.038397243543875255,0.05235987755982988,0.0,0.0,0.0,gaussian,-1,0.0,0.0,-1,21,1.6591424942016602,2.117609024027143
1779528602.8328538,0.12740903539558607,-0.038397243543875255,0.05235987755982988,0.0,0.0,0.0,0.198,2.0196,0.2376,0.1283126344023815,-0.0398212568512623,0.053161782276127584,0.12740903539558607,-0.038397243543875255,0.05235987755982988,0.0,0.0,0.0,gaussian,-1,0.0,0.0,-1,21,1.6692824363708496,2.117609024027143
1779528602.8426402,0.12740903539558607,-0.038397243543875255,0.05235987755982988,0.0,0.0,0.0,-0.1584,2.0196,-0.2376,0.1283126344023815,-0.0398212568512623,0.053161782276127584,0.12740903539558607,-0.038397243543875255,0.05235987755982988,0.0,0.0,0.0,gaussian,-1,0.0,0.0,-1,21,1.6794536113739014,2.117609024027143
1779528602.8526955,0.12740903539558607,-0.038397243543875255,0.05235987755982988,0.0,0.0,0.0,-0.1584,2.0196,-0.2376,0.1283126344023815,-0.0398212568512623,0.053161782276127584,0.12740903539558607,-0.038397243543875255,0.05235987755982988,0.0,0.0,0.0,gaussian,-1,0.0,0.0,-1,21,1.6892399787902832,2.117609024027143
1779528602.8626978,0.12740903539558607,-0.038397243543875255,0.05235987755982988,0.0,0.0,0.0,-0.1584,1.98,-0.2376,0.1283126344023815,-0.0398212568512623,0.053161782276127584,0.12740903539558607,-0.038397243543875255,0.05235987755982988,0.0,0.0,0.0,gaussian,-1,0.0,0.0,-1,21,1.6992952823638916,2.117609024027143
1779528602.8728232,0.12740903539558607,-0.038397243543875255,0.05235987755982988,0.0,0.0,0.0,-0.1584,1.98,-0.2376,0.1283126344023815,-0.0398212568512623,0.053161782276127584,0.12740903539558607,-0.038397243543875255,0.05235987755982988,0.0,0.0,0.0,gaussian,-1,0.0,0.0,-1,21,1.7092976570129395,2.117609024027143
1779528602.8832788,0.12740903539558607,-0.038397243543875255,0.05235987755982988,0.0,0.0,0.0,-0.198,2.0196,-0.198,0.1283126344023815,-0.0398212568512623,0.053161782276127584,0.12740903539558607,-0.038397243543875255,0.05235987755982988,0.0,0.0,0.0,gaussian,-1,0.0,0.0,-1,21,1.7194230556488037,2.117609024027143
1779528602.8941257,0.12740903539558607,-0.038397243543875255,0.05235987755982988,0.0,0.0,0.0,-0.198,2.0196,-0.198,0.1283126344023815,-0.0398212568512623,0.053161782276127584,0.12740903539558607,-0.038397243543875255,0.05235987755982988,0.0,0.0,0.0,gaussian,-1,0.0,0.0,-1,21,1.7298786640167236,2.117609024027143
1779528602.9045029,0.12740903539558607,-0.038397243543875255,0.05235987755982988,0.0,0.0,0.0,-0.198,1.9008,-0.2376,0.1283126344023815,-0.0398212568512623,0.053161782276127584,0.12740903539558607,-0.038397243543875255,0.05235987755982988,0.0,0.0,0.0,gaussian,-1,0.0,0.0,-1,21,1.7407255172729492,2.117609024027143
1779528602.912754,0.12740903539558607,-0.038397243543875255,0.05235987755982988,0.0,0.0,0.0,-0.1188,1.98,0.2376,0.1283126344023815,-0.0398212568512623,0.053161782276127584,0.12740903539558607,-0.038397243543875255,0.05235987755982988,0.0,0.0,0.0,gaussian,-1,0.0,0.0,-1,21,1.7511026859283447,2.117609024027143
1779528602.922691,0.12740903539558607,-0.038397243543875255,0.05235987755982988,0.0,0.0,0.0,-0.198,2.0988,-0.2376,0.1283126344023815,-0.0398212568512623,0.053161782276127584,0.12740903539558607,-0.038397243543875255,0.05235987755982988,0.0,0.0,0.0,gaussian,-1,0.0,0.0,-1,21,1.7593538761138916,2.117609024027143
1779528602.9326742,0.12740903539558607,-0.038397243543875255,0.05235987755982988,0.0,0.0,0.0,-0.198,2.0988,-0.2376,0.1283126344023815,-0.0398212568512623,0.053161782276127584,0.12740903539558607,-0.038397243543875255,0.05235987755982988,0.0,0.0,0.0,gaussian,-1,0.0,0.0,-1,21,1.7692909240722656,2.117609024027143
1779528602.9426827,0.12740903539558607,-0.038397243543875255,0.05235987755982988,0.0,0.0,0.0,0.2376,2.1384,-0.2376,0.1283126344023815,-0.0398212568512623,0.053161782276127584,0.12740903539558607,-0.038397243543875255,0.05235987755982988,0.0,0.0,0.0,gaussian,-1,0.0,0.0,-1,21,1.7792739868164062,2.117609024027143
1779528602.9525962,0.12740903539558607,-0.038397243543875255,0.05235987755982988,0.0,0.0,0.0,0.27720000000000006,2.1384,-0.198,0.1283126344023815,-0.0398212568512623,0.053161782276127584,0.12740903539558607,-0.038397243543875255,0.05235987755982988,0.0,-0.0020777729190408684,0.0,gaussian,-1,0.0,0.0,-1,21,1.7892825603485107,2.117609024027143
1779528602.9626138,0.12740903539558607,-0.038397243543875255,0.05235987755982988,0.0,-0.0020777729190408684,0.0,-0.2376,1.9008,-0.2376,0.1283126344023815,-0.0398212568512623,0.053161782276127584,0.12740903539558607,-0.038397243543875255,0.05235987755982988,0.0,0.0,0.0,gaussian,-1,0.0,0.0,-1,21,1.7991960048675537,2.117609024027143
1779528602.9726295,0.12740903539558607,-0.038397243543875255,0.05235987755982988,0.0,0.0,0.0,-0.198,2.0196,-0.2376,0.1283126344023815,-0.0398212568512623,0.053161782276127584,0.12740903539558607,-0.038397243543875255,0.05235987755982988,0.0,0.0,0.0,gaussian,-1,0.0,0.0,-1,21,1.809213638305664,2.117609024027143
1779528602.9826474,0.12740903539558607,-0.038397243543875255,0.05235987755982988,0.0,0.0,0.0,-0.1188,2.0592,-0.1584,0.1283126344023815,-0.0398212568512623,0.053161782276127584,0.12740903539558607,-0.038397243543875255,0.05235987755982988,0.0,0.0,0.0,gaussian,-1,0.0,0.0,-1,21,1.8192293643951416,2.117609024027143
1779528602.9926574,0.12740903539558607,-0.038397243543875255,0.05235987755982988,0.0,0.0,0.0,-0.198,1.9404,-0.2376,0.1283126344023815,-0.0398212568512623,0.053161782276127584,0.12740903539558607,-0.038397243543875255,0.05235987755982988,0.0,-0.0020777729190408684,0.0,gaussian,-1,0.0,0.0,-1,21,1.829247236251831,2.117609024027143
1779528603.0026627,0.12740903539558607,-0.038397243543875255,0.05235987755982988,0.0,-0.0020777729190408684,0.0,-0.2376,1.9404,-0.2376,0.1283126344023815,-0.0398212568512623,0.053161782276127584,0.12740903539558607,-0.038397243543875255,0.05235987755982988,0.0,0.0,0.0,gaussian,-1,0.0,0.0,-1,21,1.8392572402954102,2.117609024027143
1779528603.0125415,0.12740903539558607,-0.038397243543875255,0.05235987755982988,0.0,0.0,0.0,-0.1188,1.98,-0.198,0.1283126344023815,-0.0398212568512623,0.053161782276127584,0.12740903539558607,-0.038397243543875255,0.05235987755982988,0.0,0.0,0.0,gaussian,-1,0.0,0.0,-1,21,1.8492624759674072,2.117609024027143
1779528603.0225224,0.12740903539558607,-0.038397243543875255,0.05235987755982988,0.0,0.0,0.0,-0.2376,1.98,-0.27720000000000006,0.1283126344023815,-0.0398212568512623,0.053161782276127584,0.12740903539558607,-0.038397243543875255,0.05235987755982988,0.0,0.0,0.0,gaussian,-1,0.0,0.0,-1,21,1.8591413497924805,2.117609024027143
1779528603.0326502,0.12740903539558607,-0.038397243543875255,0.05235987755982988,0.0,0.0,0.0,-0.198,1.9404,-0.2376,0.1283126344023815,-0.0398212568512623,0.053161782276127584,0.12740903539558607,-0.038397243543875255,0.05235987755982988,0.0,0.0,0.0,gaussian,-1,0.0,0.0,-1,21,1.8691222667694092,2.117609024027143
1779528603.043273,0.12740903539558607,-0.038397243543875255,0.05235987755982988,0.0,0.0,0.0,-0.198,1.9404,-0.2376,0.1283126344023815,-0.0398212568512623,0.053161782276127584,0.12740903539558607,-0.038397243543875255,0.05235987755982988,0.0,0.0,0.0,gaussian,-1,0.0,0.0,-1,21,1.8792500495910645,2.117609024027143
1779528603.0526888,0.12740903539558607,-0.038397243543875255,0.05235987755982988,0.0,0.0,0.0,-0.2376,1.9404,-0.2376,0.1283126344023815,-0.0398212568512623,0.053161782276127584,0.12740903539558607,-0.038397243543875255,0.05235987755982988,0.0,0.0,0.0,gaussian,-1,0.0,0.0,-1,21,1.8898727893829346,2.117609024027143
1779528603.0647779,0.12740903539558607,-0.038397243543875255,0.05235987755982988,0.0,0.0,0.0,-0.2376,1.9404,-0.2376,0.1283126344023815,-0.0398212568512623,0.053161782276127584,0.12740903539558607,-0.038397243543875255,0.05235987755982988,0.0,0.0,0.0,gaussian,-1,0.0,0.0,-1,21,1.8992886543273926,2.117609024027143
1779528603.0741122,0.12740903539558607,-0.038397243543875255,0.05235987755982988,0.0,0.0,0.0,-0.1584,1.9404,0.198,0.1283126344023815,-0.0398212568512623,0.053161782276127584,0.12740903539558607,-0.038397243543875255,0.05235987755982988,0.0,0.0,0.0,gaussian,-1,0.0,0.0,-1,21,1.9113776683807373,2.117609024027143
1779528603.0825903,0.12740903539558607,-0.038397243543875255,0.05235987755982988,0.0,0.0,0.0,-0.27720000000000006,1.9404,-0.2376,0.1283126344023815,-0.0398212568512623,0.053161782276127584,0.12740903539558607,-0.038397243543875255,0.05235987755982988,0.0,0.0,0.0,gaussian,-1,0.0,0.0,-1,21,1.9207119941711426,2.117609024027143
1779528603.0925596,0.12740903539558607,-0.038397243543875255,0.05235987755982988,0.0,0.0,0.0,-0.27720000000000006,1.9404,-0.2376,0.1283126344023815,-0.0398212568512623,0.053161782276127584,0.12740903539558607,-0.038397243543875255,0.05235987755982988,0.0,0.0,-0.0020777729190408684,gaussian,-1,0.0,0.0,-1,21,1.9291901588439941,2.117609024027143
1779528603.1025357,0.12740903539558607,-0.038397243543875255,0.05235987755982988,0.0,0.0,-0.0020777729190408684,-0.3168,2.0196,0.198,0.1283126344023815,-0.0398212568512623,0.053161782276127584,0.12740903539558607,-0.038397243543875255,0.05235987755982988,0.0,0.0,0.0,gaussian,-1,0.0,0.0,-1,21,1.9391593933105469,2.117609024027143
1779528603.112584,0.12740903539558607,-0.038397243543875255,0.05235987755982988,0.0,0.0,0.0,-0.1584,2.1384,-0.2376,0.1283126344023815,-0.0398212568512623,0.053161782276127584,0.12740903539558607,-0.038397243543875255,0.05235987755982988,0.0,0.0,0.0,gaussian,-1,0.0,0.0,-1,21,1.9491355419158936,2.117609024027143
1779528603.12254,0.12740903539558607,-0.038397243543875255,0.05235987755982988,0.0,0.0,0.0,-0.2376,2.1780000000000004,-0.198,0.1283126344023815,-0.0398212568512623,0.053161782276127584,0.12740903539558607,-0.038397243543875255,0.05235987755982988,0.0020777729190408684,0.0,0.0,gaussian,-1,0.0,0.0,-1,21,1.959183931350708,2.117609024027143
1779528603.1325426,0.12740903539558607,-0.038397243543875255,0.05235987755982988,0.0020777729190408684,0.0,0.0,-0.2376,1.98,-0.198,0.1283126344023815,-0.0398212568512623,0.053161782276127584,0.12740903539558607,-0.038397243543875255,0.05235987755982988,0.0,0.0,0.0,gaussian,-1,0.0,0.0,-1,21,1.969139814376831,2.117609024027143
1779528603.1425512,0.12740903539558607,-0.038397243543875255,0.05235987755982988,0.0,0.0,0.0,0.27720000000000006,2.0196,-0.198,0.1283126344023815,-0.0398212568512623,0.053161782276127584,0.12740903539558607,-0.038397243543875255,0.05235987755982988,0.0,0.0,0.0020777729190408684,gaussian,-1,0.0,0.0,-1,21,1.979142427444458,2.117609024027143
1779528603.152485,0.12740903539558607,-0.038397243543875255,0.05235987755982988,0.0,0.0,0.0020777729190408684,0.2376,2.0196,-0.2376,0.1283126344023815,-0.0398212568512623,0.053161782276127584,0.12740903539558607,-0.038397243543875255,0.05235987755982988,0.0,0.0,0.0,gaussian,-1,0.0,0.0,-1,21,1.9891510009765625,2.117609024027143
1779528603.1625595,0.12740903539558607,-0.038397243543875255,0.05235987755982988,0.0,0.0,0.0,-0.198,2.0196,-0.2376,0.1283126344023815,-0.0398212568512623,0.053161782276127584,0.12740903539558607,-0.038397243543875255,0.05235987755982988,0.0,0.0,0.0,gaussian,-1,0.0,0.0,-1,21,1.999084711074829,2.117609024027143
1779528603.1725724,0.12740903539558607,-0.038397243543875255,0.05235987755982988,0.0,0.0,0.0,-0.198,2.0196,-0.2376,0.1283126344023815,-0.0398212568512623,0.053161782276127584,0.12740903539558607,-0.038397243543875255,0.05235987755982988,0.0020777729190408684,0.0,0.0,gaussian,-1,0.0,0.0,-1,21,2.0091593265533447,2.117609024027143
1779528603.1834269,0.12740903539558607,-0.038397243543875255,0.05235987755982988,0.0020777729190408684,0.0,0.0,0.27720000000000006,1.9008,-0.2376,0.1283126344023815,-0.0398212568512623,0.053161782276127584,0.12740903539558607,-0.038397243543875255,0.05235987755982988,0.0020777729190408684,0.0,0.0,gaussian,-1,0.0,0.0,-1,21,2.019172191619873,2.117609024027143
1779528603.192791,0.12740903539558607,-0.038397243543875255,0.05235987755982988,0.0020777729190408684,0.0,0.0,0.27720000000000006,1.9008,-0.2376,0.1283126344023815,-0.0398212568512623,0.053161782276127584,0.12740903539558607,-0.038397243543875255,0.05235987755982988,0.0,0.0020777729190408684,0.0,gaussian,-1,0.0,0.0,-1,21,2.03002667427063,2.117609024027143
1779528603.2049682,0.12740903539558607,-0.038397243543875255,0.05235987755982988,0.0,0.0020777729190408684,0.0,-0.27720000000000006,1.98,0.198,0.1283126344023815,-0.0398212568512623,0.053161782276127584,0.12740903539558607,-0.038397243543875255,0.05235987755982988,0.0,0.0,0.0,gaussian,-1,0.0,0.0,-1,21,2.039390802383423,2.117609024027143
1779528603.2126207,0.12740903539558607,-0.038397243543875255,0.05235987755982988,0.0,0.0,0.0,-0.27720000000000006,1.9404,-0.2376,0.1283126344023815,-0.0398212568512623,0.053161782276127584,0.12740903539558607,-0.038397243543875255,0.05235987755982988,0.0,0.0020777729190408684,0.0,gaussian,-1,0.0,0.0,-1,21,2.051568031311035,2.117609024027143
1779528603.222737,0.12740903539558607,-0.038397243543875255,0.05235987755982988,0.0,0.0020777729190408684,0.0,-0.27720000000000006,2.0592,-0.2376,0.1283126344023815,-0.0398212568512623,0.053161782276127584,0.12740903539558607,-0.038397243543875255,0.05235987755982988,0.0,0.0,0.0,gaussian,-1,0.0,0.0,-1,21,2.059220552444458,2.117609024027143
1779528603.2329295,0.12740903539558607,-0.038397243543875255,0.05235987755982988,0.0,0.0,0.0,-0.27720000000000006,1.98,-0.2376,0.1283126344023815,-0.0398212568512623,0.053161782276127584,0.12740903539558607,-0.038397243543875255,0.05235987755982988,0.0,0.0,0.0,gaussian,-1,0.0,0.0,-1,21,2.0693368911743164,2.117609024027143
1779528603.2426014,0.12740903539558607,-0.038397243543875255,0.05235987755982988,0.0,0.0,0.0,-0.27720000000000006,1.98,-0.2376,0.1283126344023815,-0.0398212568512623,0.053161782276127584,0.12740903539558607,-0.038397243543875255,0.05235987755982988,0.0,0.0,-0.0020777729190408684,gaussian,-1,0.0,0.0,-1,21,2.079529285430908,2.117609024027143
1779528603.2545354,0.12740903539558607,-0.038397243543875255,0.05235987755982988,0.0,0.0,-0.0020777729190408684,-0.3168,1.9008,-0.2376,0.1283126344023815,-0.0398212568512623,0.053161782276127584,0.12740903539558607,-0.038397243543875255,0.05235987755982988,0.0,0.0,0.0,gaussian,-1,0.0,0.0,-1,21,2.0892012119293213,2.117609024027143
1779528603.2627525,0.12740903539558607,-0.038397243543875255,0.05235987755982988,0.0,0.0,0.0,-0.3168,1.9404,-0.27720000000000006,0.1283126344023815,-0.0398212568512623,0.053161782276127584,0.12740903539558607,-0.038397243543875255,0.05235987755982988,0.0,0.0,0.0,gaussian,-1,0.0,0.0,-1,21,2.10113525390625,2.117609024027143
1779528603.275302,0.12740903539558607,-0.038397243543875255,0.05235987755982988,0.0,0.0,0.0,0.2376,1.98,-0.27720000000000006,0.1283126344023815,-0.0398212568512623,0.053161782276127584,0.12740903539558607,-0.038397243543875255,0.05235987755982988,0.0,0.0,0.0,gaussian,-1,0.0,0.0,-1,21,2.1093523502349854,2.117609024027143
1779528603.2827468,0.12740903539558607,-0.038397243543875255,0.05235987755982988,0.0,0.0,0.0,-0.2376,2.0196,-0.27720000000000006,-0.06689948636490799,-0.037137228329113266,0.043700928729408214,0.12740903539558607,-0.038397243543875255,0.05235987755982988,0.0,0.0,0.0,gaussian,-1,0.0,0.0,-1,22,0.0,2.625414828695522
1779528603.292699,0.12740903539558607,-0.038397243543875255,0.05235987755982988,0.0,0.0,0.0,-0.198,2.1384,-0.2376,-0.06689948636490799,-0.037137228329113266,0.043700928729408214,0.12740903539558607,-0.038397243543875255,0.05235987755982988,0.0,0.0,0.0,gaussian,-1,0.0,0.0,-1,22,0.007444858551025391,2.625414828695522
1779528603.3026118,0.12740903539558607,-0.038397243543875255,0.05235987755982988,0.0,0.0,0.0,-0.198,2.1384,-0.2376,-0.06689948636490799,-0.037137228329113266,0.043700928729408214,0.1239183768915974,-0.038397243543875255,0.05235987755982988,-0.346988077479825,0.0,-0.06025541465218518,gaussian,-1,0.0,0.0,-1,22,0.017397165298461914,2.625414828695522
1779528603.3126264,0.1239183768915974,-0.038397243543875255,0.05235987755982988,-0.346988077479825,0.0,-0.06025541465218518,11.088000000000001,-0.27720000000000006,0.5940000000000001,-0.06689948636490799,-0.037137228329113266,0.043700928729408214,0.10122909661567113,-0.038397243543875255,0.050614548307835565,-1.876228945893904,0.008311091676163474,-0.09557755427587994,gaussian,-1,0.0,0.0,-1,22,0.027309894561767578,2.625414828695522
1779528603.322564,0.10122909661567113,-0.038397243543875255,0.050614548307835565,-1.876228945893904,0.008311091676163474,-0.09557755427587994,4.6728,1.7028,0.27720000000000006,-0.06689948636490799,-0.037137228329113266,0.043700928729408214,0.07679448708775051,-0.038397243543875255,0.048869219055841226,-2.206594840021402,0.016622183352326948,-0.10596641887108428,gaussian,-1,0.0,0.0,-1,22,0.03732442855834961,2.625414828695522
1779528603.3325846,0.07679448708775051,-0.038397243543875255,0.048869219055841226,-2.206594840021402,0.016622183352326948,-0.10596641887108428,4.158,0.8316,0.0,-0.06689948636490799,-0.037137228329113266,0.043700928729408214,0.05585053606381855,-0.038397243543875255,0.048869219055841226,-2.194128202507157,0.033244366704653895,-0.08311091676163473,gaussian,-1,0.0,0.0,-1,22,0.047261953353881836,2.625414828695522
1779528603.3426874,0.05585053606381855,-0.038397243543875255,0.048869219055841226,-2.194128202507157,0.033244366704653895,-0.08311091676163473,1.5048000000000001,1.5048000000000001,0.35639999999999994,-0.06689948636490799,-0.037137228329113266,0.043700928729408214,0.03490658503988659,-0.038397243543875255,0.047123889803846894,-2.036217460660051,0.031166593785613025,-0.078955370923553,gaussian,-1,0.0,0.0,-1,22,0.05728268623352051,2.625414828695522
1779528603.3526912,0.03490658503988659,-0.038397243543875255,0.047123889803846894,-2.036217460660051,0.031166593785613025,-0.078955370923553,-0.27720000000000006,1.5048000000000001,0.8712,-0.06689948636490799,-0.037137228329113266,0.043700928729408214,0.017453292519943295,-0.038397243543875255,0.047123889803846894,-1.8284401687559642,0.031166593785613025,-0.08934423551875734,gaussian,-1,0.0,0.0,-1,22,0.06738543510437012,2.625414828695522
1779528603.3625991,0.017453292519943295,-0.038397243543875255,0.047123889803846894,-1.8284401687559642,0.031166593785613025,-0.08934423551875734,-0.9107999999999999,1.6632,0.35639999999999994,-0.06689948636490799,-0.037137228329113266,0.043700928729408214,0.0017453292519943296,-0.03665191429188092,0.04537856055185257,-1.5687185538758557,0.022855502109449553,-0.06441096049026691,gaussian,-1,0.0,0.0,-1,22,0.07738924026489258,2.625414828695522
1779528603.3725443,0.0017453292519943296,-0.03665191429188092,0.04537856055185257,-1.5687185538758557,0.022855502109449553,-0.06441096049026691,-1.3068,1.4255999999999998,0.396,-0.06689948636490799,-0.037137228329113266,0.043700928729408214,-0.019198621771937627,-0.03665191429188092,0.04537856055185257,-1.1157640575249463,0.0020777729190408684,-0.0394776854617765,gaussian,-1,0.0,0.0,-1,22,0.08729720115661621,2.625414828695522
1779528603.3827472,-0.019198621771937627,-0.03665191429188092,0.04537856055185257,-1.1157640575249463,0.0020777729190408684,-0.0394776854617765,-1.1880000000000002,0.8712,0.3168,-0.06689948636490799,-0.037137228329113266,0.043700928729408214,-0.019198621771937627,-0.03665191429188092,0.04537856055185257,-1.1157640575249463,0.0020777729190408684,-0.0394776854617765,gaussian,-1,0.0,0.0,-1,22,0.09724235534667969,2.625414828695522
1779528603.3925383,-0.019198621771937627,-0.03665191429188092,0.04537856055185257,-1.1157640575249463,0.0020777729190408684,-0.0394776854617765,-1.1880000000000002,0.8712,0.3168,-0.06689948636490799,-0.037137228329113266,0.043700928729408214,-0.03490658503988659,-0.03665191429188092,0.04363323129985824,-0.758387115449917,0.0,-0.04571100421889911,gaussian,-1,0.0,0.0,-1,22,0.10744524002075195,2.625414828695522
1779528603.4025536,-0.03490658503988659,-0.03665191429188092,0.04363323129985824,-0.758387115449917,0.0,-0.04571100421889911,-0.6732,0.5148,-0.27720000000000006,-0.06689948636490799,-0.037137228329113266,0.043700928729408214,-0.03490658503988659,-0.03665191429188092,0.04363323129985824,-0.758387115449917,0.0,-0.04571100421889911,gaussian,-1,0.0,0.0,-1,22,0.11723637580871582,2.625414828695522
1779528603.4126213,-0.03490658503988659,-0.03665191429188092,0.04363323129985824,-0.758387115449917,0.0,-0.04571100421889911,-0.6732,0.5148,-0.27720000000000006,-0.06689948636490799,-0.037137228329113266,0.043700928729408214,-0.04188790204786391,-0.03665191429188092,0.04363323129985824,-0.6170985569551379,0.006233318757122605,-0.022855502109449553,gaussian,-1,0.0,0.0,-1,22,0.12725162506103516,2.625414828695522
1779528603.4227383,-0.04188790204786391,-0.03665191429188092,0.04363323129985824,-0.6170985569551379,0.006233318757122605,-0.022855502109449553,-0.35639999999999994,0.8316,0.1584,-0.06689948636490799,-0.037137228329113266,0.043700928729408214,-0.050614548307835565,-0.03665191429188092,0.04363323129985824,-0.41555458380817367,0.016622183352326948,-0.029088820866572156,gaussian,-1,0.0,0.0,-1,22,0.13731932640075684,2.625414828695522
1779528603.4326715,-0.050614548307835565,-0.03665191429188092,0.04363323129985824,-0.41555458380817367,0.016622183352326948,-0.029088820866572156,0.1584,1.1088000000000002,0.198,-0.06689948636490799,-0.037137228329113266,0.043700928729408214,-0.050614548307835565,-0.03665191429188092,0.04363323129985824,-0.41555458380817367,0.016622183352326948,-0.029088820866572156,gaussian,-1,0.0,0.0,-1,22,0.14743638038635254,2.625414828695522
1779528603.4426053,-0.050614548307835565,-0.03665191429188092,0.04363323129985824,-0.41555458380817367,0.016622183352326948,-0.029088820866572156,0.1584,1.1088000000000002,0.198,-0.06689948636490799,-0.037137228329113266,0.043700928729408214,-0.054105206811824215,-0.03665191429188092,0.04363323129985824,-0.33867698580366157,0.01246663751424521,-0.018699956271367814,gaussian,-1,0.0,0.0,-1,22,0.15736961364746094,2.625414828695522
1779528603.4526324,-0.054105206811824215,-0.03665191429188092,0.04363323129985824,-0.33867698580366157,0.01246663751424521,-0.018699956271367814,0.1188,0.99,0.0,-0.06689948636490799,-0.037137228329113266,0.043700928729408214,-0.05585053606381855,-0.03665191429188092,0.04363323129985824,-0.2742660253133946,0.004155545838081737,-0.01246663751424521,gaussian,-1,0.0,0.0,-1,22,0.16730332374572754,2.625414828695522
1779528603.4625885,-0.05585053606381855,-0.03665191429188092,0.04363323129985824,-0.2742660253133946,0.004155545838081737,-0.01246663751424521,0.4356,0.7524000000000001,0.0396,-0.06689948636490799,-0.037137228329113266,0.043700928729408214,-0.05759586531581287,-0.03665191429188092,0.04363323129985824,-0.2306327940135364,0.0020777729190408684,-0.006233318757122605,gaussian,-1,0.0,0.0,-1,22,0.17733049392700195,2.625414828695522
1779528603.4724967,-0.05759586531581287,-0.03665191429188092,0.04363323129985824,-0.2306327940135364,0.0020777729190408684,-0.006233318757122605,0.2376,0.7524000000000001,0.198,-0.06689948636490799,-0.037137228329113266,0.043700928729408214,-0.061086523819801536,-0.03665191429188092,0.04363323129985824,-0.1495996501709425,0.010388864595204342,-0.0020777729190408684,gaussian,-1,0.0,0.0,-1,22,0.1872866153717041,2.625414828695522
1779528603.4824774,-0.061086523819801536,-0.03665191429188092,0.04363323129985824,-0.1495996501709425,0.010388864595204342,-0.0020777729190408684,0.0396,0.9107999999999999,0.2376,-0.06689948636490799,-0.037137228329113266,0.043700928729408214,-0.06283185307179587,-0.03665191429188092,0.04363323129985824,-0.12258860222341124,0.008311091676163474,-0.004155545838081737,gaussian,-1,0.0,0.0,-1,22,0.19719481468200684,2.625414828695522
1779528603.4925122,-0.06283185307179587,-0.03665191429188092,0.04363323129985824,-0.12258860222341124,0.008311091676163474,-0.004155545838081737,-0.2376,0.9107999999999999,0.1584,-0.06689948636490799,-0.037137228329113266,0.043700928729408214,-0.06283185307179587,-0.03665191429188092,0.04363323129985824,-0.08934423551875734,0.0,0.0,gaussian,-1,0.0,0.0,-1,22,0.20717549324035645,2.625414828695522
1779528603.5025382,-0.06283185307179587,-0.03665191429188092,0.04363323129985824,-0.08934423551875734,0.0,0.0,-0.0792,0.7524000000000001,0.0792,-0.06689948636490799,-0.037137228329113266,0.043700928729408214,-0.06283185307179587,-0.03665191429188092,0.04363323129985824,-0.08934423551875734,0.0,0.0,gaussian,-1,0.0,0.0,-1,22,0.2172102928161621,2.625414828695522
1779528603.5125434,-0.06283185307179587,-0.03665191429188092,0.04363323129985824,-0.08934423551875734,0.0,0.0,-0.0792,0.7524000000000001,0.0792,-0.06689948636490799,-0.037137228329113266,0.043700928729408214,-0.06457718232379019,-0.03665191429188092,0.04363323129985824,-0.06648873340930779,-0.004155545838081737,0.0,gaussian,-1,0.0,0.0,-1,22,0.22723627090454102,2.625414828695522
1779528603.522539,-0.06457718232379019,-0.03665191429188092,0.04363323129985824,-0.06648873340930779,-0.004155545838081737,0.0,0.0792,0.5148,0.27720000000000006,-0.06689948636490799,-0.037137228329113266,0.043700928729408214,-0.06457718232379019,-0.03665191429188092,0.04363323129985824,-0.06233318757122605,-0.010388864595204342,0.0,gaussian,-1,0.0,0.0,-1,22,0.23724150657653809,2.625414828695522
1779528603.532512,-0.06457718232379019,-0.03665191429188092,0.04363323129985824,-0.06233318757122605,-0.010388864595204342,0.0,0.4752,0.35639999999999994,0.3168,-0.06689948636490799,-0.037137228329113266,0.043700928729408214,-0.06457718232379019,-0.03665191429188092,0.04363323129985824,-0.031166593785613025,0.0,0.0,gaussian,-1,0.0,0.0,-1,22,0.247236967086792,2.625414828695522
1779528603.5425727,-0.06457718232379019,-0.03665191429188092,0.04363323129985824,-0.031166593785613025,0.0,0.0,-0.1584,0.4752,0.1584,-0.06689948636490799,-0.037137228329113266,0.043700928729408214,-0.06457718232379019,-0.03665191429188092,0.04363323129985824,-0.031166593785613025,0.0,0.0,gaussian,-1,0.0,0.0,-1,22,0.25721001625061035,2.625414828695522
1779528603.552508,-0.06457718232379019,-0.03665191429188092,0.04363323129985824,-0.031166593785613025,0.0,0.0,-0.1584,0.4752,0.1584,-0.06689948636490799,-0.037137228329113266,0.043700928729408214,-0.06632251157578452,-0.03665191429188092,0.04363323129985824,-0.016622183352326948,0.014544410433286078,-0.0020777729190408684,gaussian,-1,0.0,0.0,-1,22,0.2672708034515381,2.625414828695522
1779528603.5625865,-0.06632251157578452,-0.03665191429188092,0.04363323129985824,-0.016622183352326948,0.014544410433286078,-0.0020777729190408684,-0.27720000000000006,0.9504,0.1188,-0.06689948636490799,-0.037137228329113266,0.043700928729408214,-0.06632251157578452,-0.03665191429188092,0.04363323129985824,-0.008311091676163474,0.016622183352326948,-0.004155545838081737,gaussian,-1,0.0,0.0,-1,22,0.2772061824798584,2.625414828695522
1779528603.572495,-0.06632251157578452,-0.03665191429188092,0.04363323129985824,-0.008311091676163474,0.016622183352326948,-0.004155545838081737,0.1188,1.2672,0.1584,-0.06689948636490799,-0.037137228329113266,0.043700928729408214,-0.06632251157578452,-0.03665191429188092,0.04363323129985824,-0.0020777729190408684,0.004155545838081737,0.0,gaussian,-1,0.0,0.0,-1,22,0.28728461265563965,2.625414828695522
1779528603.5824797,-0.06632251157578452,-0.03665191429188092,0.04363323129985824,-0.0020777729190408684,0.004155545838081737,0.0,-0.1584,0.99,0.1584,-0.06689948636490799,-0.037137228329113266,0.043700928729408214,-0.06632251157578452,-0.03665191429188092,0.04363323129985824,0.0020777729190408684,0.0,0.0,gaussian,-1,0.0,0.0,-1,22,0.2971930503845215,2.625414828695522
1779528603.592522,-0.06632251157578452,-0.03665191429188092,0.04363323129985824,0.0020777729190408684,0.0,0.0,0.3168,1.1088000000000002,0.1584,-0.06689948636490799,-0.037137228329113266,0.043700928729408214,-0.06632251157578452,-0.03665191429188092,0.04363323129985824,0.004155545838081737,-0.004155545838081737,0.0,gaussian,-1,0.0,0.0,-1,22,0.3071777820587158,2.625414828695522
1779528603.6025915,-0.06632251157578452,-0.03665191429188092,0.04363323129985824,0.004155545838081737,-0.004155545838081737,0.0,0.35639999999999994,0.8316,0.1584,-0.06689948636490799,-0.037137228329113266,0.043700928729408214,-0.06632251157578452,-0.03665191429188092,0.04363323129985824,0.004155545838081737,-0.004155545838081737,0.0,gaussian,-1,0.0,0.0,-1,22,0.31721997261047363,2.625414828695522
1779528603.6125407,-0.06632251157578452,-0.03665191429188092,0.04363323129985824,0.004155545838081737,-0.004155545838081737,0.0,0.35639999999999994,0.8316,0.1584,-0.06689948636490799,-0.037137228329113266,0.043700928729408214,-0.06632251157578452,-0.03665191429188092,0.04363323129985824,0.0,-0.0020777729190408684,0.0,gaussian,-1,0.0,0.0,-1,22,0.3272895812988281,2.625414828695522
1779528603.6225443,-0.06632251157578452,-0.03665191429188092,0.04363323129985824,0.0,-0.0020777729190408684,0.0,0.27720000000000006,1.0692,0.198,-0.06689948636490799,-0.037137228329113266,0.043700928729408214,-0.06632251157578452,-0.03665191429188092,0.04363323129985824,-0.004155545838081737,0.0,0.0,gaussian,-1,0.0,0.0,-1,22,0.33723878860473633,2.625414828695522
1779528603.6325471,-0.06632251157578452,-0.03665191429188092,0.04363323129985824,-0.004155545838081737,0.0,0.0,0.198,0.9107999999999999,0.1188,-0.06689948636490799,-0.037137228329113266,0.043700928729408214,-0.06632251157578452,-0.03665191429188092,0.04363323129985824,-0.0020777729190408684,-0.0020777729190408684,0.0,gaussian,-1,0.0,0.0,-1,22,0.3472423553466797,2.625414828695522
1779528603.6425412,-0.06632251157578452,-0.03665191429188092,0.04363323129985824,-0.0020777729190408684,-0.0020777729190408684,0.0,0.1188,0.9107999999999999,0.2376,-0.06689948636490799,-0.037137228329113266,0.043700928729408214,-0.06632251157578452,-0.03665191429188092,0.04363323129985824,-0.004155545838081737,0.0,0.0,gaussian,-1,0.0,0.0,-1,22,0.35724520683288574,2.625414828695522
1779528603.6525526,-0.06632251157578452,-0.03665191429188092,0.04363323129985824,-0.004155545838081737,0.0,0.0,-0.0396,1.0296,0.198,-0.06689948636490799,-0.037137228329113266,0.043700928729408214,-0.06632251157578452,-0.03665191429188092,0.04363323129985824,0.0,-0.0020777729190408684,0.0,gaussian,-1,0.0,0.0,-1,22,0.36723923683166504,2.625414828695522
1779528603.662541,-0.06632251157578452,-0.03665191429188092,0.04363323129985824,0.0,-0.0020777729190408684,0.0,0.0792,1.1088000000000002,0.1188,-0.06689948636490799,-0.037137228329113266,0.043700928729408214,-0.06632251157578452,-0.03665191429188092,0.04363323129985824,0.0,-0.0020777729190408684,0.0,gaussian,-1,0.0,0.0,-1,22,0.37725067138671875,2.625414828695522
1779528603.6725292,-0.06632251157578452,-0.03665191429188092,0.04363323129985824,0.0,-0.0020777729190408684,0.0,0.0792,1.1088000000000002,0.1188,-0.06689948636490799,-0.037137228329113266,0.043700928729408214,-0.06632251157578452,-0.03665191429188092,0.04363323129985824,0.0020777729190408684,0.0,0.0,gaussian,-1,0.0,0.0,-1,22,0.3872389793395996,2.625414828695522
1779528603.6824963,-0.06632251157578452,-0.03665191429188092,0.04363323129985824,0.0020777729190408684,0.0,0.0,0.1584,1.1880000000000002,0.1584,-0.06689948636490799,-0.037137228329113266,0.043700928729408214,-0.06632251157578452,-0.03665191429188092,0.04363323129985824,0.0,0.0020777729190408684,0.0,gaussian,-1,0.0,0.0,-1,22,0.39722728729248047,2.625414828695522
1779528603.6925561,-0.06632251157578452,-0.03665191429188092,0.04363323129985824,0.0,0.0020777729190408684,0.0,0.1584,1.1880000000000002,0.1584,-0.06689948636490799,-0.037137228329113266,0.043700928729408214,-0.06632251157578452,-0.03665191429188092,0.04363323129985824,0.0,0.0020777729190408684,0.0,gaussian,-1,0.0,0.0,-1,22,0.4071943759918213,2.625414828695522
1779528603.702671,-0.06632251157578452,-0.03665191429188092,0.04363323129985824,0.0,0.0020777729190408684,0.0,0.1584,1.1880000000000002,0.1584,-0.06689948636490799,-0.037137228329113266,0.043700928729408214,-0.06632251157578452,-0.03665191429188092,0.04363323129985824,0.0,0.0,0.0,gaussian,-1,0.0,0.0,-1,22,0.4172542095184326,2.625414828695522
1779528603.712597,-0.06632251157578452,-0.03665191429188092,0.04363323129985824,0.0,0.0,0.0,0.198,1.2276,0.1584,-0.06689948636490799,-0.037137228329113266,0.043700928729408214,-0.06632251157578452,-0.03665191429188092,0.04363323129985824,0.0,0.0,0.0,gaussian,-1,0.0,0.0,-1,22,0.4273691177368164,2.625414828695522
1779528603.7225442,-0.06632251157578452,-0.03665191429188092,0.04363323129985824,0.0,0.0,0.0,0.1584,1.1483999999999999,0.1584,-0.06689948636490799,-0.037137228329113266,0.043700928729408214,-0.06632251157578452,-0.03665191429188092,0.04363323129985824,0.0,-0.0020777729190408684,0.0,gaussian,-1,0.0,0.0,-1,22,0.43729496002197266,2.625414828695522
1779528603.732543,-0.06632251157578452,-0.03665191429188092,0.04363323129985824,0.0,-0.0020777729190408684,0.0,0.198,1.1880000000000002,0.1188,-0.06689948636490799,-0.037137228329113266,0.043700928729408214,-0.06632251157578452,-0.03665191429188092,0.04363323129985824,0.0,-0.0020777729190408684,0.0,gaussian,-1,0.0,0.0,-1,22,0.44724225997924805,2.625414828695522
1779528603.742474,-0.06632251157578452,-0.03665191429188092,0.04363323129985824,0.0,-0.0020777729190408684,0.0,0.27720000000000006,1.1880000000000002,0.198,-0.06689948636490799,-0.037137228329113266,0.043700928729408214,-0.06632251157578452,-0.03665191429188092,0.04363323129985824,-0.0020777729190408684,0.0,-0.0020777729190408684,gaussian,-1,0.0,0.0,-1,22,0.4572410583496094,2.625414828695522
1779528603.7525496,-0.06632251157578452,-0.03665191429188092,0.04363323129985824,-0.0020777729190408684,0.0,-0.0020777729190408684,0.1584,0.99,0.198,-0.06689948636490799,-0.037137228329113266,0.043700928729408214,-0.06632251157578452,-0.03665191429188092,0.04363323129985824,-0.0020777729190408684,0.0,-0.0020777729190408684,gaussian,-1,0.0,0.0,-1,22,0.46717214584350586,2.625414828695522
1779528603.7625403,-0.06632251157578452,-0.03665191429188092,0.04363323129985824,-0.0020777729190408684,0.0,-0.0020777729190408684,0.1584,0.99,0.198,-0.06689948636490799,-0.037137228329113266,0.043700928729408214,-0.06632251157578452,-0.03665191429188092,0.04363323129985824,-0.004155545838081737,0.0,0.0,gaussian,-1,0.0,0.0,-1,22,0.4772477149963379,2.625414828695522
1779528603.772544,-0.06632251157578452,-0.03665191429188092,0.04363323129985824,-0.004155545838081737,0.0,0.0,0.0396,1.2672,0.0792,-0.06689948636490799,-0.037137228329113266,0.043700928729408214,-0.06632251157578452,-0.03665191429188092,0.04363323129985824,-0.0020777729190408684,0.0020777729190408684,0.0,gaussian,-1,0.0,0.0,-1,22,0.48723840713500977,2.625414828695522
1779528603.782509,-0.06632251157578452,-0.03665191429188092,0.04363323129985824,-0.0020777729190408684,0.0020777729190408684,0.0,0.0396,1.2672,0.198,-0.06689948636490799,-0.037137228329113266,0.043700928729408214,-0.06632251157578452,-0.03665191429188092,0.04363323129985824,0.0,0.0,0.0,gaussian,-1,0.0,0.0,-1,22,0.4972419738769531,2.625414828695522
1779528603.7925239,-0.06632251157578452,-0.03665191429188092,0.04363323129985824,0.0,0.0,0.0,0.1188,1.3068,0.1188,-0.06689948636490799,-0.037137228329113266,0.043700928729408214,-0.06632251157578452,-0.03665191429188092,0.04363323129985824,0.0020777729190408684,0.0,0.0020777729190408684,gaussian,-1,0.0,0.0,-1,22,0.5072071552276611,2.625414828695522
1779528603.8025568,-0.06632251157578452,-0.03665191429188092,0.04363323129985824,0.0020777729190408684,0.0,0.0020777729190408684,0.2376,1.2672,0.0792,-0.06689948636490799,-0.037137228329113266,0.043700928729408214,-0.06632251157578452,-0.03665191429188092,0.04363323129985824,0.0020777729190408684,0.0,0.0020777729190408684,gaussian,-1,0.0,0.0,-1,22,0.5172219276428223,2.625414828695522
1779528603.81254,-0.06632251157578452,-0.03665191429188092,0.04363323129985824,0.0020777729190408684,0.0,0.0020777729190408684,0.2376,1.2672,0.0792,-0.06689948636490799,-0.037137228329113266,0.043700928729408214,-0.06632251157578452,-0.03665191429188092,0.04363323129985824,0.0020777729190408684,0.0,0.0,gaussian,-1,0.0,0.0,-1,22,0.5272548198699951,2.625414828695522
1779528603.8225055,-0.06632251157578452,-0.03665191429188092,0.04363323129985824,0.0020777729190408684,0.0,0.0,0.198,1.1880000000000002,0.1188,-0.06689948636490799,-0.037137228329113266,0.043700928729408214,-0.06632251157578452,-0.03665191429188092,0.04363323129985824,0.0,-0.006233318757122605,0.0,gaussian,-1,0.0,0.0,-1,22,0.5372381210327148,2.625414828695522
1779528603.8325934,-0.06632251157578452,-0.03665191429188092,0.04363323129985824,0.0,-0.006233318757122605,0.0,0.198,0.99,-0.1188,-0.06689948636490799,-0.037137228329113266,0.043700928729408214,-0.06632251157578452,-0.03665191429188092,0.04363323129985824,0.0,-0.0020777729190408684,0.0,gaussian,-1,0.0,0.0,-1,22,0.547203540802002,2.625414828695522
1779528603.8425913,-0.06632251157578452,-0.03665191429188092,0.04363323129985824,0.0,-0.0020777729190408684,0.0,0.1188,0.8712,0.1584,-0.06689948636490799,-0.037137228329113266,0.043700928729408214,-0.06632251157578452,-0.03665191429188092,0.04363323129985824,0.0,-0.0020777729190408684,0.0,gaussian,-1,0.0,0.0,-1,22,0.5572915077209473,2.625414828695522
1779528603.8525615,-0.06632251157578452,-0.03665191429188092,0.04363323129985824,0.0,-0.0020777729190408684,0.0,0.1188,0.8712,0.1584,-0.06689948636490799,-0.037137228329113266,0.043700928729408214,-0.06632251157578452,-0.03665191429188092,0.04363323129985824,-0.0020777729190408684,0.0,0.0020777729190408684,gaussian,-1,0.0,0.0,-1,22,0.5672893524169922,2.625414828695522
1779528603.8625267,-0.06632251157578452,-0.03665191429188092,0.04363323129985824,-0.0020777729190408684,0.0,0.0020777729190408684,-0.0792,0.9107999999999999,0.1584,-0.06689948636490799,-0.037137228329113266,0.043700928729408214,-0.06632251157578452,-0.03665191429188092,0.04363323129985824,0.0,0.0,0.0,gaussian,-1,0.0,0.0,-1,22,0.5772595405578613,2.625414828695522
1779528603.8724937,-0.06632251157578452,-0.03665191429188092,0.04363323129985824,0.0,0.0,0.0,-0.0396,1.0692,0.1584,-0.06689948636490799,-0.037137228329113266,0.043700928729408214,-0.06632251157578452,-0.03665191429188092,0.04363323129985824,0.0,0.0,0.0,gaussian,-1,0.0,0.0,-1,22,0.5872247219085693,2.625414828695522
1779528603.882518,-0.06632251157578452,-0.03665191429188092,0.04363323129985824,0.0,0.0,0.0,-0.0396,1.0692,0.1584,-0.06689948636490799,-0.037137228329113266,0.043700928729408214,-0.06632251157578452,-0.03665191429188092,0.04363323129985824,0.0,0.0020777729190408684,0.0,gaussian,-1,0.0,0.0,-1,22,0.5971918106079102,2.625414828695522
1779528603.8925424,-0.06632251157578452,-0.03665191429188092,0.04363323129985824,0.0,0.0020777729190408684,0.0,-0.198,0.99,0.1188,-0.06689948636490799,-0.037137228329113266,0.043700928729408214,-0.06632251157578452,-0.03665191429188092,0.04363323129985824,0.0,0.0,0.0,gaussian,-1,0.0,0.0,-1,22,0.6072161197662354,2.625414828695522
1779528603.902544,-0.06632251157578452,-0.03665191429188092,0.04363323129985824,0.0,0.0,0.0,0.198,1.0296,0.0792,-0.06689948636490799,-0.037137228329113266,0.043700928729408214,-0.06632251157578452,-0.03665191429188092,0.04363323129985824,0.0,0.0,0.0,gaussian,-1,0.0,0.0,-1,22,0.6172404289245605,2.625414828695522
1779528603.9125497,-0.06632251157578452,-0.03665191429188092,0.04363323129985824,0.0,0.0,0.0,0.198,1.0296,0.0792,-0.06689948636490799,-0.037137228329113266,0.043700928729408214,-0.06632251157578452,-0.03665191429188092,0.04363323129985824,0.004155545838081737,0.0,0.0,gaussian,-1,0.0,0.0,-1,22,0.6272420883178711,2.625414828695522
1779528603.9225833,-0.06632251157578452,-0.03665191429188092,0.04363323129985824,0.004155545838081737,0.0,0.0,0.198,1.0296,0.0,-0.06689948636490799,-0.037137228329113266,0.043700928729408214,-0.06632251157578452,-0.03665191429188092,0.04363323129985824,0.0020777729190408684,0.0,0.0,gaussian,-1,0.0,0.0,-1,22,0.6372478008270264,2.625414828695522
1779528603.9325235,-0.06632251157578452,-0.03665191429188092,0.04363323129985824,0.0020777729190408684,0.0,0.0,0.2376,1.0296,0.0396,-0.06689948636490799,-0.037137228329113266,0.043700928729408214,-0.06632251157578452,-0.03665191429188092,0.04363323129985824,0.0,-0.0020777729190408684,0.0,gaussian,-1,0.0,0.0,-1,22,0.6472814083099365,2.625414828695522
1779528603.942536,-0.06632251157578452,-0.03665191429188092,0.04363323129985824,0.0,-0.0020777729190408684,0.0,0.1584,0.9107999999999999,0.0396,-0.06689948636490799,-0.037137228329113266,0.043700928729408214,-0.06632251157578452,-0.03665191429188092,0.04363323129985824,-0.0020777729190408684,0.0,0.0,gaussian,-1,0.0,0.0,-1,22,0.6572215557098389,2.625414828695522
1779528603.9525447,-0.06632251157578452,-0.03665191429188092,0.04363323129985824,-0.0020777729190408684,0.0,0.0,-0.0396,0.8712,0.1188,-0.06689948636490799,-0.037137228329113266,0.043700928729408214,-0.06632251157578452,-0.03665191429188092,0.04363323129985824,-0.0020777729190408684,0.0,0.0,gaussian,-1,0.0,0.0,-1,22,0.6672341823577881,2.625414828695522
1779528603.9625459,-0.06632251157578452,-0.03665191429188092,0.04363323129985824,-0.0020777729190408684,0.0,0.0,-0.0396,0.8712,0.1188,-0.06689948636490799,-0.037137228329113266,0.043700928729408214,-0.06632251157578452,-0.03665191429188092,0.04363323129985824,0.0,0.0,0.0,gaussian,-1,0.0,0.0,-1,22,0.6772427558898926,2.625414828695522
1779528603.9725194,-0.06632251157578452,-0.03665191429188092,0.04363323129985824,0.0,0.0,0.0,0.0,0.9504,0.1188,-0.06689948636490799,-0.037137228329113266,0.043700928729408214,-0.06632251157578452,-0.03665191429188092,0.04363323129985824,0.0,0.0020777729190408684,0.0,gaussian,-1,0.0,0.0,-1,22,0.6872439384460449,2.625414828695522
1779528603.9825077,-0.06632251157578452,-0.03665191429188092,0.04363323129985824,0.0,0.0020777729190408684,0.0,0.0,1.1088000000000002,-0.0792,-0.06689948636490799,-0.037137228329113266,0.043700928729408214,-0.06632251157578452,-0.03665191429188092,0.04363323129985824,0.0020777729190408684,0.0020777729190408684,0.0,gaussian,-1,0.0,0.0,-1,22,0.6972174644470215,2.625414828695522
1779528603.9925423,-0.06632251157578452,-0.03665191429188092,0.04363323129985824,0.0020777729190408684,0.0020777729190408684,0.0,0.0792,1.0296,-0.1188,-0.06689948636490799,-0.037137228329113266,0.043700928729408214,-0.06632251157578452,-0.03665191429188092,0.04363323129985824,0.0020777729190408684,0.0020777729190408684,0.0,gaussian,-1,0.0,0.0,-1,22,0.7072057723999023,2.625414828695522
1779528604.0025494,-0.06632251157578452,-0.03665191429188092,0.04363323129985824,0.0020777729190408684,0.0020777729190408684,0.0,0.0792,1.0296,-0.1188,-0.06689948636490799,-0.037137228329113266,0.043700928729408214,-0.06632251157578452,-0.03665191429188092,0.04363323129985824,0.0020777729190408684,0.0,0.0,gaussian,-1,0.0,0.0,-1,22,0.7172403335571289,2.625414828695522
1779528604.0124876,-0.06632251157578452,-0.03665191429188092,0.04363323129985824,0.0020777729190408684,0.0,0.0,-0.1584,0.9504,-0.1584,-0.06689948636490799,-0.037137228329113266,0.043700928729408214,-0.06632251157578452,-0.03665191429188092,0.04363323129985824,0.0020777729190408684,0.0,0.0,gaussian,-1,0.0,0.0,-1,22,0.7272474765777588,2.625414828695522
1779528604.0225437,-0.06632251157578452,-0.03665191429188092,0.04363323129985824,0.0020777729190408684,0.0,0.0,0.27720000000000006,0.792,0.1188,-0.06689948636490799,-0.037137228329113266,0.043700928729408214,-0.06632251157578452,-0.03665191429188092,0.04363323129985824,0.0020777729190408684,0.0,0.0,gaussian,-1,0.0,0.0,-1,22,0.7371857166290283,2.625414828695522
1779528604.0325506,-0.06632251157578452,-0.03665191429188092,0.04363323129985824,0.0020777729190408684,0.0,0.0,0.198,0.9107999999999999,0.1584,-0.06689948636490799,-0.037137228329113266,0.043700928729408214,-0.06632251157578452,-0.03665191429188092,0.04363323129985824,0.0,0.0,0.0,gaussian,-1,0.0,0.0,-1,22,0.747241735458374,2.625414828695522
1779528604.0425284,-0.06632251157578452,-0.03665191429188092,0.04363323129985824,0.0,0.0,0.0,0.1584,0.9107999999999999,0.1584,-0.06689948636490799,-0.037137228329113266,0.043700928729408214,-0.06632251157578452,-0.03665191429188092,0.04363323129985824,-0.0020777729190408684,0.0,0.0,gaussian,-1,0.0,0.0,-1,22,0.7572486400604248,2.625414828695522
1779528604.0525768,-0.06632251157578452,-0.03665191429188092,0.04363323129985824,-0.0020777729190408684,0.0,0.0,-0.0396,0.9107999999999999,0.0792,-0.06689948636490799,-0.037137228329113266,0.043700928729408214,-0.06632251157578452,-0.03665191429188092,0.04363323129985824,-0.0020777729190408684,0.0,0.0,gaussian,-1,0.0,0.0,-1,22,0.7672264575958252,2.625414828695522
1779528604.062542,-0.06632251157578452,-0.03665191429188092,0.04363323129985824,-0.0020777729190408684,0.0,0.0,-0.0396,0.9107999999999999,0.0792,-0.06689948636490799,-0.037137228329113266,0.043700928729408214,-0.06632251157578452,-0.03665191429188092,0.04363323129985824,-0.0020777729190408684,0.0,0.0,gaussian,-1,0.0,0.0,-1,22,0.7772748470306396,2.625414828695522
1779528604.0725675,-0.06632251157578452,-0.03665191429188092,0.04363323129985824,-0.0020777729190408684,0.0,0.0,0.0,0.99,0.0,-0.06689948636490799,-0.037137228329113266,0.043700928729408214,-0.06632251157578452,-0.03665191429188092,0.04363323129985824,-0.0020777729190408684,0.0,0.0,gaussian,-1,0.0,0.0,-1,22,0.7872400283813477,2.625414828695522
1779528604.0825496,-0.06632251157578452,-0.03665191429188092,0.04363323129985824,-0.0020777729190408684,0.0,0.0,-0.0396,0.792,0.1584,-0.06689948636490799,-0.037137228329113266,0.043700928729408214,-0.06632251157578452,-0.03665191429188092,0.04363323129985824,0.0,0.0,0.0,gaussian,-1,0.0,0.0,-1,22,0.7972655296325684,2.625414828695522
1779528604.0925825,-0.06632251157578452,-0.03665191429188092,0.04363323129985824,0.0,0.0,0.0,0.0,0.9504,0.0,-0.06689948636490799,-0.037137228329113266,0.043700928729408214,-0.06632251157578452,-0.03665191429188092,0.04363323129985824,0.0,-0.0020777729190408684,0.0,gaussian,-1,0.0,0.0,-1,22,0.8072476387023926,2.625414828695522
1779528604.1026013,-0.06632251157578452,-0.03665191429188092,0.04363323129985824,0.0,-0.0020777729190408684,0.0,0.0,0.8316,-0.1188,-0.06689948636490799,-0.037137228329113266,0.043700928729408214,-0.06632251157578452,-0.03665191429188092,0.04363323129985824,0.0020777729190408684,0.0,0.0,gaussian,-1,0.0,0.0,-1,22,0.8172805309295654,2.625414828695522
1779528604.1125712,-0.06632251157578452,-0.03665191429188092,0.04363323129985824,0.0020777729190408684,0.0,0.0,0.1584,0.7127999999999999,-0.1188,-0.06689948636490799,-0.037137228329113266,0.043700928729408214,-0.06632251157578452,-0.03665191429188092,0.04363323129985824,0.0020777729190408684,0.0,0.0,gaussian,-1,0.0,0.0,-1,22,0.8272993564605713,2.625414828695522
1779528604.1225421,-0.06632251157578452,-0.03665191429188092,0.04363323129985824,0.0020777729190408684,0.0,0.0,0.27720000000000006,0.792,0.1188,-0.06689948636490799,-0.037137228329113266,0.043700928729408214,-0.06632251157578452,-0.03665191429188092,0.04363323129985824,0.0,0.0,0.0,gaussian,-1,0.0,0.0,-1,22,0.8372693061828613,2.625414828695522
1779528604.132549,-0.06632251157578452,-0.03665191429188092,0.04363323129985824,0.0,0.0,0.0,-0.1584,0.8712,0.0,-0.06689948636490799,-0.037137228329113266,0.043700928729408214,-0.06632251157578452,-0.03665191429188092,0.04363323129985824,0.0,0.0,0.0,gaussian,-1,0.0,0.0,-1,22,0.8472402095794678,2.625414828695522
1779528604.1425505,-0.06632251157578452,-0.03665191429188092,0.04363323129985824,0.0,0.0,0.0,0.1584,0.792,0.0,-0.06689948636490799,-0.037137228329113266,0.043700928729408214,-0.06632251157578452,-0.03665191429188092,0.04363323129985824,0.0,0.0,0.0,gaussian,-1,0.0,0.0,-1,22,0.8572471141815186,2.625414828695522
1779528604.1525428,-0.06632251157578452,-0.03665191429188092,0.04363323129985824,0.0,0.0,0.0,0.1188,0.8712,0.1584,-0.06689948636490799,-0.037137228329113266,0.043700928729408214,-0.06632251157578452,-0.03665191429188092,0.04363323129985824,0.0,0.0,0.0,gaussian,-1,0.0,0.0,-1,22,0.86724853515625,2.625414828695522
1779528604.1625574,-0.06632251157578452,-0.03665191429188092,0.04363323129985824,0.0,0.0,0.0,0.2376,0.9107999999999999,0.0792,-0.06689948636490799,-0.037137228329113266,0.043700928729408214,-0.06632251157578452,-0.03665191429188092,0.04363323129985824,0.0,0.0,0.0,gaussian,-1,0.0,0.0,-1,22,0.8772408962249756,2.625414828695522
1779528604.1725502,-0.06632251157578452,-0.03665191429188092,0.04363323129985824,0.0,0.0,0.0,0.1188,0.792,0.0792,-0.06689948636490799,-0.037137228329113266,0.043700928729408214,-0.06632251157578452,-0.03665191429188092,0.04363323129985824,0.0,0.0,0.0,gaussian,-1,0.0,0.0,-1,22,0.8872554302215576,2.625414828695522
1779528604.182523,-0.06632251157578452,-0.03665191429188092,0.04363323129985824,0.0,0.0,0.0,0.1584,0.9107999999999999,0.1584,-0.06689948636490799,-0.037137228329113266,0.043700928729408214,-0.06632251157578452,-0.03665191429188092,0.04363323129985824,0.0,0.0,0.0,gaussian,-1,0.0,0.0,-1,22,0.8972482681274414,2.625414828695522
1779528604.1925426,-0.06632251157578452,-0.03665191429188092,0.04363323129985824,0.0,0.0,0.0,-0.0792,0.792,0.0,-0.06689948636490799,-0.037137228329113266,0.043700928729408214,-0.06632251157578452,-0.03665191429188092,0.04363323129985824,0.0,0.0,0.0,gaussian,-1,0.0,0.0,-1,22,0.9072210788726807,2.625414828695522
1779528604.2026415,-0.06632251157578452,-0.03665191429188092,0.04363323129985824,0.0,0.0,0.0,-0.0792,0.792,0.0,-0.06689948636490799,-0.037137228329113266,0.043700928729408214,-0.06632251157578452,-0.03665191429188092,0.04363323129985824,0.0,0.0,0.0,gaussian,-1,0.0,0.0,-1,22,0.9172406196594238,2.625414828695522
1779528604.2128165,-0.06632251157578452,-0.03665191429188092,0.04363323129985824,0.0,0.0,0.0,0.0396,0.8712,0.1188,-0.06689948636490799,-0.037137228329113266,0.043700928729408214,-0.06632251157578452,-0.03665191429188092,0.04363323129985824,0.0,0.0,0.0,gaussian,-1,0.0,0.0,-1,22,0.9273395538330078,2.625414828695522
1779528604.2225442,-0.06632251157578452,-0.03665191429188092,0.04363323129985824,0.0,0.0,0.0,0.0396,0.8712,0.1188,-0.06689948636490799,-0.037137228329113266,0.043700928729408214,-0.06632251157578452,-0.03665191429188092,0.04363323129985824,0.0,0.0,0.0,gaussian,-1,0.0,0.0,-1,22,0.9375145435333252,2.625414828695522
1779528604.2325778,-0.06632251157578452,-0.03665191429188092,0.04363323129985824,0.0,0.0,0.0,0.1584,0.792,-0.0792,-0.06689948636490799,-0.037137228329113266,0.043700928729408214,-0.06632251157578452,-0.03665191429188092,0.04363323129985824,0.0,0.0,0.0,gaussian,-1,0.0,0.0,-1,22,0.947242259979248,2.625414828695522
1779528604.2425475,-0.06632251157578452,-0.03665191429188092,0.04363323129985824,0.0,0.0,0.0,-0.1188,0.9107999999999999,0.1584,-0.06689948636490799,-0.037137228329113266,0.043700928729408214,-0.06632251157578452,-0.03665191429188092,0.04363323129985824,0.0020777729190408684,0.0,0.0,gaussian,-1,0.0,0.0,-1,22,0.9572758674621582,2.625414828695522
1779528604.2525504,-0.06632251157578452,-0.03665191429188092,0.04363323129985824,0.0020777729190408684,0.0,0.0,0.1188,0.7127999999999999,0.1584,-0.06689948636490799,-0.037137228329113266,0.043700928729408214,-0.06632251157578452,-0.03665191429188092,0.04363323129985824,0.0,0.0,0.0,gaussian,-1,0.0,0.0,-1,22,0.9672455787658691,2.625414828695522
1779528604.2625442,-0.06632251157578452,-0.03665191429188092,0.04363323129985824,0.0,0.0,0.0,0.0396,0.9107999999999999,-0.1584,-0.06689948636490799,-0.037137228329113266,0.043700928729408214,-0.06632251157578452,-0.03665191429188092,0.04363323129985824,0.0,0.0,0.0,gaussian,-1,0.0,0.0,-1,22,0.9772484302520752,2.625414828695522
1779528604.272526,-0.06632251157578452,-0.03665191429188092,0.04363323129985824,0.0,0.0,0.0,0.0792,0.9107999999999999,0.1584,-0.06689948636490799,-0.037137228329113266,0.043700928729408214,-0.06632251157578452,-0.03665191429188092,0.04363323129985824,0.0020777729190408684,0.0,0.0,gaussian,-1,0.0,0.0,-1,22,0.9872422218322754,2.625414828695522
1779528604.2825856,-0.06632251157578452,-0.03665191429188092,0.04363323129985824,0.0020777729190408684,0.0,0.0,0.0396,0.8712,0.0792,-0.06689948636490799,-0.037137228329113266,0.043700928729408214,-0.06632251157578452,-0.03665191429188092,0.04363323129985824,0.0,0.0,0.0,gaussian,-1,0.0,0.0,-1,22,0.9972240924835205,2.625414828695522
1779528604.29252,-0.06632251157578452,-0.03665191429188092,0.04363323129985824,0.0,0.0,0.0,0.0792,0.9107999999999999,0.0396,-0.06689948636490799,-0.037137228329113266,0.043700928729408214,-0.06632251157578452,-0.03665191429188092,0.04363323129985824,0.0,0.0,0.0,gaussian,-1,0.0,0.0,-1,22,1.0072836875915527,2.625414828695522
1779528604.3025918,-0.06632251157578452,-0.03665191429188092,0.04363323129985824,0.0,0.0,0.0,0.1188,0.8712,-0.0792,-0.06689948636490799,-0.037137228329113266,0.043700928729408214,-0.06632251157578452,-0.03665191429188092,0.04363323129985824,0.0,0.0,0.0,gaussian,-1,0.0,0.0,-1,22,1.0172181129455566,2.625414828695522
1779528604.3125684,-0.06632251157578452,-0.03665191429188092,0.04363323129985824,0.0,0.0,0.0,-0.0792,0.7524000000000001,0.1188,-0.06689948636490799,-0.037137228329113266,0.043700928729408214,-0.06632251157578452,-0.03665191429188092,0.04363323129985824,0.0,0.0,0.0,gaussian,-1,0.0,0.0,-1,22,1.027289867401123,2.625414828695522
1779528604.3225129,-0.06632251157578452,-0.03665191429188092,0.04363323129985824,0.0,0.0,0.0,-0.0792,0.7524000000000001,0.1188,-0.06689948636490799,-0.037137228329113266,0.043700928729408214,-0.06632251157578452,-0.03665191429188092,0.04363323129985824,-0.0020777729190408684,0.0,-0.0020777729190408684,gaussian,-1,0.0,0.0,-1,22,1.037266492843628,2.625414828695522
1779528604.3326726,-0.06632251157578452,-0.03665191429188092,0.04363323129985824,-0.0020777729190408684,0.0,-0.0020777729190408684,-0.0792,0.7524000000000001,-0.1188,-0.06689948636490799,-0.037137228329113266,0.043700928729408214,-0.06632251157578452,-0.03665191429188092,0.04363323129985824,-0.0020777729190408684,0.0,-0.0020777729190408684,gaussian,-1,0.0,0.0,-1,22,1.047210931777954,2.625414828695522
1779528604.342515,-0.06632251157578452,-0.03665191429188092,0.04363323129985824,-0.0020777729190408684,0.0,-0.0020777729190408684,-0.0792,0.7524000000000001,-0.1188,-0.06689948636490799,-0.037137228329113266,0.043700928729408214,-0.06632251157578452,-0.03665191429188092,0.04363323129985824,0.0,0.0,0.0020777729190408684,gaussian,-1,0.0,0.0,-1,22,1.057370662689209,2.625414828695522
1779528604.3525517,-0.06632251157578452,-0.03665191429188092,0.04363323129985824,0.0,0.0,0.0020777729190408684,-0.0792,0.9107999999999999,0.0396,-0.06689948636490799,-0.037137228329113266,0.043700928729408214,-0.06632251157578452,-0.03665191429188092,0.04363323129985824,0.0,0.0,0.0020777729190408684,gaussian,-1,0.0,0.0,-1,22,1.0672130584716797,2.625414828695522
1779528604.3624945,-0.06632251157578452,-0.03665191429188092,0.04363323129985824,0.0,0.0,0.0020777729190408684,-0.0792,0.9107999999999999,0.0396,-0.06689948636490799,-0.037137228329113266,0.043700928729408214,-0.06632251157578452,-0.03665191429188092,0.04363323129985824,0.0,0.0,0.0,gaussian,-1,0.0,0.0,-1,22,1.0772497653961182,2.625414828695522
1779528604.3726063,-0.06632251157578452,-0.03665191429188092,0.04363323129985824,0.0,0.0,0.0,-0.0792,0.9107999999999999,-0.1188,-0.06689948636490799,-0.037137228329113266,0.043700928729408214,-0.06632251157578452,-0.03665191429188092,0.04363323129985824,0.0,0.0,0.0,gaussian,-1,0.0,0.0,-1,22,1.0871925354003906,2.625414828695522
1779528604.3824909,-0.06632251157578452,-0.03665191429188092,0.04363323129985824,0.0,0.0,0.0,0.1584,0.8712,0.0792,-0.06689948636490799,-0.037137228329113266,0.043700928729408214,-0.06632251157578452,-0.03665191429188092,0.04363323129985824,0.0,0.0020777729190408684,0.0,gaussian,-1,0.0,0.0,-1,22,1.097304344177246,2.625414828695522
1779528604.392652,-0.06632251157578452,-0.03665191429188092,0.04363323129985824,0.0,0.0020777729190408684,0.0,0.1188,0.8316,0.1584,-0.06689948636490799,-0.037137228329113266,0.043700928729408214,-0.06632251157578452,-0.03665191429188092,0.04363323129985824,0.0,0.0020777729190408684,0.0,gaussian,-1,0.0,0.0,-1,22,1.1071889400482178,2.625414828695522
1779528604.4025064,-0.06632251157578452,-0.03665191429188092,0.04363323129985824,0.0,0.0020777729190408684,0.0,0.1188,0.8316,0.1584,-0.06689948636490799,-0.037137228329113266,0.043700928729408214,-0.06632251157578452,-0.03665191429188092,0.04363323129985824,0.0,0.0020777729190408684,0.0,gaussian,-1,0.0,0.0,-1,22,1.1173501014709473,2.625414828695522
1779528604.4125438,-0.06632251157578452,-0.03665191429188092,0.04363323129985824,0.0,0.0020777729190408684,0.0,0.1188,0.9504,0.0792,-0.06689948636490799,-0.037137228329113266,0.043700928729408214,-0.06632251157578452,-0.03665191429188092,0.04363323129985824,0.0,0.0,0.0,gaussian,-1,0.0,0.0,-1,22,1.127204418182373,2.625414828695522
1779528604.4225452,-0.06632251157578452,-0.03665191429188092,0.04363323129985824,0.0,0.0,0.0,0.1188,0.9107999999999999,0.0396,-0.06689948636490799,-0.037137228329113266,0.043700928729408214,-0.06632251157578452,-0.03665191429188092,0.04363323129985824,0.0,0.0,0.0,gaussian,-1,0.0,0.0,-1,22,1.1372418403625488,2.625414828695522
1779528604.4324853,-0.06632251157578452,-0.03665191429188092,0.04363323129985824,0.0,0.0,0.0,0.1188,0.792,0.0792,-0.06689948636490799,-0.037137228329113266,0.043700928729408214,-0.06632251157578452,-0.03665191429188092,0.04363323129985824,0.0,0.0,0.0,gaussian,-1,0.0,0.0,-1,22,1.1472432613372803,2.625414828695522
1779528604.4425552,-0.06632251157578452,-0.03665191429188092,0.04363323129985824,0.0,0.0,0.0,0.2376,0.8712,-0.0792,-0.06689948636490799,-0.037137228329113266,0.043700928729408214,-0.06632251157578452,-0.03665191429188092,0.04363323129985824,0.0,0.0,0.0,gaussian,-1,0.0,0.0,-1,22,1.1571834087371826,2.625414828695522
1779528604.4525425,-0.06632251157578452,-0.03665191429188092,0.04363323129985824,0.0,0.0,0.0,-0.0792,0.9107999999999999,0.0792,-0.06689948636490799,-0.037137228329113266,0.043700928729408214,-0.06632251157578452,-0.03665191429188092,0.04363323129985824,0.0,0.0,0.0,gaussian,-1,0.0,0.0,-1,22,1.1672532558441162,2.625414828695522
1779528604.462518,-0.06632251157578452,-0.03665191429188092,0.04363323129985824,0.0,0.0,0.0,-0.0792,0.9107999999999999,0.0792,-0.06689948636490799,-0.037137228329113266,0.043700928729408214,-0.06632251157578452,-0.03665191429188092,0.04363323129985824,0.0,-0.0020777729190408684,0.0,gaussian,-1,0.0,0.0,-1,22,1.1772406101226807,2.625414828695522
1779528604.4725392,-0.06632251157578452,-0.03665191429188092,0.04363323129985824,0.0,-0.0020777729190408684,0.0,-0.0792,0.9504,0.1584,-0.06689948636490799,-0.037137228329113266,0.043700928729408214,-0.06632251157578452,-0.03665191429188092,0.04363323129985824,0.0,-0.0020777729190408684,0.0,gaussian,-1,0.0,0.0,-1,22,1.18721604347229,2.625414828695522
1779528604.4825428,-0.06632251157578452,-0.03665191429188092,0.04363323129985824,0.0,-0.0020777729190408684,0.0,-0.0792,0.9504,0.1584,-0.06689948636490799,-0.037137228329113266,0.043700928729408214,-0.06632251157578452,-0.03665191429188092,0.04363323129985824,0.0,0.0,-0.0020777729190408684,gaussian,-1,0.0,0.0,-1,22,1.197237253189087,2.625414828695522
1779528604.492543,-0.06632251157578452,-0.03665191429188092,0.04363323129985824,0.0,0.0,-0.0020777729190408684,-0.0396,0.792,0.0396,-0.06689948636490799,-0.037137228329113266,0.043700928729408214,-0.06632251157578452,-0.03665191429188092,0.04363323129985824,0.0,0.0,0.0,gaussian,-1,0.0,0.0,-1,22,1.2072408199310303,2.625414828695522
1779528604.502539,-0.06632251157578452,-0.03665191429188092,0.04363323129985824,0.0,0.0,0.0,-0.1188,0.792,0.0,-0.06689948636490799,-0.037137228329113266,0.043700928729408214,-0.06632251157578452,-0.03665191429188092,0.04363323129985824,0.0020777729190408684,0.0,0.0,gaussian,-1,0.0,0.0,-1,22,1.2172410488128662,2.625414828695522
1779528604.5125432,-0.06632251157578452,-0.03665191429188092,0.04363323129985824,0.0020777729190408684,0.0,0.0,-0.0396,0.8712,0.0396,-0.06689948636490799,-0.037137228329113266,0.043700928729408214,-0.06632251157578452,-0.03665191429188092,0.04363323129985824,0.0,0.0,0.0,gaussian,-1,0.0,0.0,-1,22,1.2272369861602783,2.625414828695522
1779528604.522542,-0.06632251157578452,-0.03665191429188092,0.04363323129985824,0.0,0.0,0.0,-0.1188,0.9504,0.0792,-0.06689948636490799,-0.037137228329113266,0.043700928729408214,-0.06632251157578452,-0.03665191429188092,0.04363323129985824,0.0020777729190408684,0.0,0.0,gaussian,-1,0.0,0.0,-1,22,1.237241268157959,2.625414828695522
1779528604.5326939,-0.06632251157578452,-0.03665191429188092,0.04363323129985824,0.0020777729190408684,0.0,0.0,0.198,0.8316,0.1584,-0.06689948636490799,-0.037137228329113266,0.043700928729408214,-0.06632251157578452,-0.03665191429188092,0.04363323129985824,0.0020777729190408684,0.0,0.0,gaussian,-1,0.0,0.0,-1,22,1.2472400665283203,2.625414828695522
1779528604.5425313,-0.06632251157578452,-0.03665191429188092,0.04363323129985824,0.0020777729190408684,0.0,0.0,0.198,0.8316,0.1584,-0.06689948636490799,-0.037137228329113266,0.043700928729408214,-0.06632251157578452,-0.03665191429188092,0.04363323129985824,0.0,0.0,0.0,gaussian,-1,0.0,0.0,-1,22,1.2573919296264648,2.625414828695522
1779528604.5525458,-0.06632251157578452,-0.03665191429188092,0.04363323129985824,0.0,0.0,0.0,0.1584,1.0296,0.1584,-0.06689948636490799,-0.037137228329113266,0.043700928729408214,-0.06632251157578452,-0.03665191429188092,0.04363323129985824,0.0,0.0,0.0,gaussian,-1,0.0,0.0,-1,22,1.2672293186187744,2.625414828695522
1779528604.5625138,-0.06632251157578452,-0.03665191429188092,0.04363323129985824,0.0,0.0,0.0,0.1584,1.0296,0.1584,-0.06689948636490799,-0.037137228329113266,0.043700928729408214,-0.06632251157578452,-0.03665191429188092,0.04363323129985824,0.0,0.0020777729190408684,0.0,gaussian,-1,0.0,0.0,-1,22,1.2772438526153564,2.625414828695522
1779528604.572551,-0.06632251157578452,-0.03665191429188092,0.04363323129985824,0.0,0.0020777729190408684,0.0,0.1188,0.792,0.0,-0.06689948636490799,-0.037137228329113266,0.043700928729408214,-0.06632251157578452,-0.03665191429188092,0.04363323129985824,0.0,0.0020777729190408684,0.0,gaussian,-1,0.0,0.0,-1,22,1.2872118949890137,2.625414828695522
1779528604.5825453,-0.06632251157578452,-0.03665191429188092,0.04363323129985824,0.0,0.0020777729190408684,0.0,0.1188,0.792,0.0,-0.06689948636490799,-0.037137228329113266,0.043700928729408214,-0.06632251157578452,-0.03665191429188092,0.04363323129985824,-0.0020777729190408684,0.0,0.0,gaussian,-1,0.0,0.0,-1,22,1.2972490787506104,2.625414828695522
1779528604.5925379,-0.06632251157578452,-0.03665191429188092,0.04363323129985824,-0.0020777729190408684,0.0,0.0,-0.1188,1.0692,0.0396,-0.06689948636490799,-0.037137228329113266,0.043700928729408214,-0.06632251157578452,-0.03665191429188092,0.04363323129985824,0.0,0.0,0.0,gaussian,-1,0.0,0.0,-1,22,1.3072433471679688,2.625414828695522
1779528604.6025198,-0.06632251157578452,-0.03665191429188092,0.04363323129985824,0.0,0.0,0.0,-0.0792,0.99,-0.1584,-0.06689948636490799,-0.037137228329113266,0.043700928729408214,-0.06632251157578452,-0.03665191429188092,0.04363323129985824,0.0,0.0,0.0,gaussian,-1,0.0,0.0,-1,22,1.3172359466552734,2.625414828695522
1779528604.6125436,-0.06632251157578452,-0.03665191429188092,0.04363323129985824,0.0,0.0,0.0,-0.0792,0.8316,0.0792,-0.06689948636490799,-0.037137228329113266,0.043700928729408214,-0.06632251157578452,-0.03665191429188092,0.04363323129985824,0.0,0.0,0.0,gaussian,-1,0.0,0.0,-1,22,1.3272178173065186,2.625414828695522
1779528604.6225448,-0.06632251157578452,-0.03665191429188092,0.04363323129985824,0.0,0.0,0.0,-0.0396,0.8316,0.0,-0.06689948636490799,-0.037137228329113266,0.043700928729408214,-0.06632251157578452,-0.03665191429188092,0.04363323129985824,0.0020777729190408684,0.0,-0.0020777729190408684,gaussian,-1,0.0,0.0,-1,22,1.3372416496276855,2.625414828695522
1779528604.6325665,-0.06632251157578452,-0.03665191429188092,0.04363323129985824,0.0020777729190408684,0.0,-0.0020777729190408684,0.1188,0.8712,-0.0792,-0.06689948636490799,-0.037137228329113266,0.043700928729408214,-0.06632251157578452,-0.03665191429188092,0.04363323129985824,0.0,0.0020777729190408684,0.0,gaussian,-1,0.0,0.0,-1,22,1.347242832183838,2.625414828695522
1779528604.6426363,-0.06632251157578452,-0.03665191429188092,0.04363323129985824,0.0,0.0020777729190408684,0.0,0.0792,0.8712,0.1188,-0.06689948636490799,-0.037137228329113266,0.043700928729408214,-0.06632251157578452,-0.03665191429188092,0.04363323129985824,0.0,0.0,0.0,gaussian,-1,0.0,0.0,-1,22,1.357264518737793,2.625414828695522
1779528604.652773,-0.06632251157578452,-0.03665191429188092,0.04363323129985824,0.0,0.0,0.0,0.1584,1.0296,0.0,-0.06689948636490799,-0.037137228329113266,0.043700928729408214,-0.06632251157578452,-0.03665191429188092,0.04363323129985824,0.0,0.0,0.0,gaussian,-1,0.0,0.0,-1,22,1.3673343658447266,2.625414828695522
1779528604.663821,-0.06632251157578452,-0.03665191429188092,0.04363323129985824,0.0,0.0,0.0,-0.198,0.99,0.0792,-0.06689948636490799,-0.037137228329113266,0.043700928729408214,-0.06632251157578452,-0.03665191429188092,0.04363323129985824,0.0,0.0,0.0,gaussian,-1,0.0,0.0,-1,22,1.3774709701538086,2.625414828695522
1779528604.6727624,-0.06632251157578452,-0.03665191429188092,0.04363323129985824,0.0,0.0,0.0,0.1584,0.8316,0.1188,-0.06689948636490799,-0.037137228329113266,0.043700928729408214,-0.06632251157578452,-0.03665191429188092,0.04363323129985824,0.0,0.0,0.0,gaussian,-1,0.0,0.0,-1,22,1.388519048690796,2.625414828695522
1779528604.6826725,-0.06632251157578452,-0.03665191429188092,0.04363323129985824,0.0,0.0,0.0,0.0792,1.0296,0.1188,-0.06689948636490799,-0.037137228329113266,0.043700928729408214,-0.06632251157578452,-0.03665191429188092,0.04363323129985824,0.0,0.0,0.0,gaussian,-1,0.0,0.0,-1,22,1.3974604606628418,2.625414828695522
1779528604.6926951,-0.06632251157578452,-0.03665191429188092,0.04363323129985824,0.0,0.0,0.0,0.0792,1.0296,0.1188,-0.06689948636490799,-0.037137228329113266,0.043700928729408214,-0.06632251157578452,-0.03665191429188092,0.04363323129985824,0.0,0.0,0.0,gaussian,-1,0.0,0.0,-1,22,1.4073705673217773,2.625414828695522
1779528604.7025697,-0.06632251157578452,-0.03665191429188092,0.04363323129985824,0.0,0.0,0.0,-0.1584,0.8316,0.0,-0.06689948636490799,-0.037137228329113266,0.043700928729408214,-0.06632251157578452,-0.03665191429188092,0.04363323129985824,0.0,0.0,0.0,gaussian,-1,0.0,0.0,-1,22,1.4173932075500488,2.625414828695522
1779528604.712561,-0.06632251157578452,-0.03665191429188092,0.04363323129985824,0.0,0.0,0.0,0.1584,0.99,0.1188,-0.06689948636490799,-0.037137228329113266,0.043700928729408214,-0.06632251157578452,-0.03665191429188092,0.04363323129985824,0.0,0.0,0.0,gaussian,-1,0.0,0.0,-1,22,1.4272677898406982,2.625414828695522
1779528604.7226138,-0.06632251157578452,-0.03665191429188092,0.04363323129985824,0.0,0.0,0.0,0.1188,1.0296,0.0792,-0.06689948636490799,-0.037137228329113266,0.043700928729408214,-0.06632251157578452,-0.03665191429188092,0.04363323129985824,0.0,0.0,0.0,gaussian,-1,0.0,0.0,-1,22,1.4372589588165283,2.625414828695522
1779528604.7325675,-0.06632251157578452,-0.03665191429188092,0.04363323129985824,0.0,0.0,0.0,0.0792,1.0692,-0.0792,-0.06689948636490799,-0.037137228329113266,0.043700928729408214,-0.06632251157578452,-0.03665191429188092,0.04363323129985824,-0.0020777729190408684,0.0,0.0,gaussian,-1,0.0,0.0,-1,22,1.4473118782043457,2.625414828695522
1779528604.7425478,-0.06632251157578452,-0.03665191429188092,0.04363323129985824,-0.0020777729190408684,0.0,0.0,-0.0396,0.99,0.0792,-0.06689948636490799,-0.037137228329113266,0.043700928729408214,-0.06632251157578452,-0.03665191429188092,0.04363323129985824,0.0,0.0,0.0,gaussian,-1,0.0,0.0,-1,22,1.4572656154632568,2.625414828695522
1779528604.7525516,-0.06632251157578452,-0.03665191429188092,0.04363323129985824,0.0,0.0,0.0,0.1188,0.8316,0.1584,-0.06689948636490799,-0.037137228329113266,0.043700928729408214,-0.06632251157578452,-0.03665191429188092,0.04363323129985824,0.0,0.0,0.0,gaussian,-1,0.0,0.0,-1,22,1.4672458171844482,2.625414828695522
1779528604.76256,-0.06632251157578452,-0.03665191429188092,0.04363323129985824,0.0,0.0,0.0,0.198,1.0296,-0.0396,-0.06689948636490799,-0.037137228329113266,0.043700928729408214,-0.06632251157578452,-0.03665191429188092,0.04363323129985824,0.0,0.0,0.0,gaussian,-1,0.0,0.0,-1,22,1.4772496223449707,2.625414828695522
1779528604.7726743,-0.06632251157578452,-0.03665191429188092,0.04363323129985824,0.0,0.0,0.0,-0.1188,1.0692,0.0396,-0.06689948636490799,-0.037137228329113266,0.043700928729408214,-0.06632251157578452,-0.03665191429188092,0.04363323129985824,0.0,0.0,0.0,gaussian,-1,0.0,0.0,-1,22,1.487257957458496,2.625414828695522
1779528604.7826197,-0.06632251157578452,-0.03665191429188092,0.04363323129985824,0.0,0.0,0.0,0.1584,1.0296,0.0396,-0.06689948636490799,-0.037137228329113266,0.043700928729408214,-0.06632251157578452,-0.03665191429188092,0.04363323129985824,0.0,0.0,0.0,gaussian,-1,0.0,0.0,-1,22,1.4973723888397217,2.625414828695522
1779528604.7925518,-0.06632251157578452,-0.03665191429188092,0.04363323129985824,0.0,0.0,0.0,0.1584,0.99,0.0792,-0.06689948636490799,-0.037137228329113266,0.043700928729408214,-0.06632251157578452,-0.03665191429188092,0.04363323129985824,0.0,0.0,0.0,gaussian,-1,0.0,0.0,-1,22,1.5073177814483643,2.625414828695522
1779528604.8039997,-0.06632251157578452,-0.03665191429188092,0.04363323129985824,0.0,0.0,0.0,0.0792,0.8712,0.0396,-0.06689948636490799,-0.037137228329113266,0.043700928729408214,-0.06632251157578452,-0.03665191429188092,0.04363323129985824,0.0,0.0,-0.0020777729190408684,gaussian,-1,0.0,0.0,-1,22,1.5172498226165771,2.625414828695522
1779528604.8126516,-0.06632251157578452,-0.03665191429188092,0.04363323129985824,0.0,0.0,-0.0020777729190408684,0.1188,0.99,0.0792,-0.06689948636490799,-0.037137228329113266,0.043700928729408214,-0.06632251157578452,-0.03665191429188092,0.04363323129985824,0.0,0.0,-0.0020777729190408684,gaussian,-1,0.0,0.0,-1,22,1.5286977291107178,2.625414828695522
1779528604.8227322,-0.06632251157578452,-0.03665191429188092,0.04363323129985824,0.0,0.0,-0.0020777729190408684,0.1188,0.99,0.0792,-0.06689948636490799,-0.037137228329113266,0.043700928729408214,-0.06632251157578452,-0.03665191429188092,0.04363323129985824,0.0,0.0,0.0,gaussian,-1,0.0,0.0,-1,22,1.5373497009277344,2.625414828695522
1779528604.833753,-0.06632251157578452,-0.03665191429188092,0.04363323129985824,0.0,0.0,0.0,0.1188,0.9107999999999999,0.0396,-0.06689948636490799,-0.037137228329113266,0.043700928729408214,-0.06632251157578452,-0.03665191429188092,0.04363323129985824,0.0,0.0,0.0,gaussian,-1,0.0,0.0,-1,22,1.5474302768707275,2.625414828695522
1779528604.8425803,-0.06632251157578452,-0.03665191429188092,0.04363323129985824,0.0,0.0,0.0,0.1188,0.9107999999999999,0.0396,-0.06689948636490799,-0.037137228329113266,0.043700928729408214,-0.06632251157578452,-0.03665191429188092,0.04363323129985824,0.0,0.0,0.0,gaussian,-1,0.0,0.0,-1,22,1.5584511756896973,2.625414828695522
1779528604.8525252,-0.06632251157578452,-0.03665191429188092,0.04363323129985824,0.0,0.0,0.0,-0.0792,0.9107999999999999,0.0396,-0.06689948636490799,-0.037137228329113266,0.043700928729408214,-0.06632251157578452,-0.03665191429188092,0.04363323129985824,0.0,0.0,0.0,gaussian,-1,0.0,0.0,-1,22,1.5672783851623535,2.625414828695522
1779528604.8625321,-0.06632251157578452,-0.03665191429188092,0.04363323129985824,0.0,0.0,0.0,0.1584,0.9504,0.0,-0.06689948636490799,-0.037137228329113266,0.043700928729408214,-0.06632251157578452,-0.03665191429188092,0.04363323129985824,0.0,0.0020777729190408684,0.0,gaussian,-1,0.0,0.0,-1,22,1.577223300933838,2.625414828695522
1779528604.87255,-0.06632251157578452,-0.03665191429188092,0.04363323129985824,0.0,0.0020777729190408684,0.0,-0.1584,0.9504,-0.0396,-0.06689948636490799,-0.037137228329113266,0.043700928729408214,-0.06632251157578452,-0.03665191429188092,0.04363323129985824,0.0,0.0,0.0,gaussian,-1,0.0,0.0,-1,22,1.5872302055358887,2.625414828695522
1779528604.882466,-0.06632251157578452,-0.03665191429188092,0.04363323129985824,0.0,0.0,0.0,-0.0396,0.9504,0.0396,-0.06689948636490799,-0.037137228329113266,0.043700928729408214,-0.06632251157578452,-0.03665191429188092,0.04363323129985824,0.0,0.0,0.0,gaussian,-1,0.0,0.0,-1,22,1.5972480773925781,2.625414828695522
1779528604.8925178,-0.06632251157578452,-0.03665191429188092,0.04363323129985824,0.0,0.0,0.0,0.1188,0.99,0.0396,-0.06689948636490799,-0.037137228329113266,0.043700928729408214,-0.06632251157578452,-0.03665191429188092,0.04363323129985824,-0.0020777729190408684,0.0,-0.0020777729190408684,gaussian,-1,0.0,0.0,-1,22,1.6071641445159912,2.625414828695522
1779528604.9025052,-0.06632251157578452,-0.03665191429188092,0.04363323129985824,-0.0020777729190408684,0.0,-0.0020777729190408684,-0.1188,1.0692,0.0,-0.06689948636490799,-0.037137228329113266,0.043700928729408214,-0.06632251157578452,-0.03665191429188092,0.04363323129985824,0.0,0.0,0.0,gaussian,-1,0.0,0.0,-1,22,1.617215871810913,2.625414828695522
1779528604.9124942,-0.06632251157578452,-0.03665191429188092,0.04363323129985824,0.0,0.0,0.0,0.198,1.0692,0.0,-0.06689948636490799,-0.037137228329113266,0.043700928729408214,-0.06632251157578452,-0.03665191429188092,0.04363323129985824,0.0,0.0,0.0,gaussian,-1,0.0,0.0,-1,22,1.6272032260894775,2.625414828695522
1779528604.9225717,-0.06632251157578452,-0.03665191429188092,0.04363323129985824,0.0,0.0,0.0,0.1584,1.0692,0.0,-0.06689948636490799,-0.037137228329113266,0.043700928729408214,-0.06632251157578452,-0.03665191429188092,0.04363323129985824,0.0,0.0,0.0,gaussian,-1,0.0,0.0,-1,22,1.6371922492980957,2.625414828695522
1779528604.9326065,-0.06632251157578452,-0.03665191429188092,0.04363323129985824,0.0,0.0,0.0,0.1584,1.0692,0.0,-0.06689948636490799,-0.037137228329113266,0.043700928729408214,-0.06632251157578452,-0.03665191429188092,0.04363323129985824,0.0,0.0,0.0,gaussian,-1,0.0,0.0,-1,22,1.6472697257995605,2.625414828695522
1779528604.9426177,-0.06632251157578452,-0.03665191429188092,0.04363323129985824,0.0,0.0,0.0,-0.1188,1.0692,-0.0396,-0.06689948636490799,-0.037137228329113266,0.043700928729408214,-0.06632251157578452,-0.03665191429188092,0.04363323129985824,0.0020777729190408684,0.0,0.0,gaussian,-1,0.0,0.0,-1,22,1.6573045253753662,2.625414828695522
1779528604.9532254,-0.06632251157578452,-0.03665191429188092,0.04363323129985824,0.0020777729190408684,0.0,0.0,0.0396,1.0296,0.0,-0.06689948636490799,-0.037137228329113266,0.043700928729408214,-0.06632251157578452,-0.03665191429188092,0.04363323129985824,0.0,0.0,0.0,gaussian,-1,0.0,0.0,-1,22,1.6673157215118408,2.625414828695522
1779528604.9626667,-0.06632251157578452,-0.03665191429188092,0.04363323129985824,0.0,0.0,0.0,-0.1188,1.0296,0.0,-0.06689948636490799,-0.037137228329113266,0.043700928729408214,-0.06632251157578452,-0.03665191429188092,0.04363323129985824,0.0020777729190408684,0.0,0.0,gaussian,-1,0.0,0.0,-1,22,1.6779234409332275,2.625414828695522
1779528604.9726133,-0.06632251157578452,-0.03665191429188092,0.04363323129985824,0.0020777729190408684,0.0,0.0,0.0792,1.1088000000000002,0.0,-0.06689948636490799,-0.037137228329113266,0.043700928729408214,-0.06632251157578452,-0.03665191429188092,0.04363323129985824,0.0,0.0,0.0,gaussian,-1,0.0,0.0,-1,22,1.6873648166656494,2.625414828695522
1779528604.9826083,-0.06632251157578452,-0.03665191429188092,0.04363323129985824,0.0,0.0,0.0,0.0792,1.0692,0.0396,-0.06689948636490799,-0.037137228329113266,0.043700928729408214,-0.06632251157578452,-0.03665191429188092,0.04363323129985824,0.0,0.0,0.0,gaussian,-1,0.0,0.0,-1,22,1.6973114013671875,2.625414828695522
1779528604.992743,-0.06632251157578452,-0.03665191429188092,0.04363323129985824,0.0,0.0,0.0,0.2376,0.9107999999999999,-0.0396,-0.06689948636490799,-0.037137228329113266,0.043700928729408214,-0.06632251157578452,-0.03665191429188092,0.04363323129985824,0.0,0.0,0.0,gaussian,-1,0.0,0.0,-1,22,1.7073063850402832,2.625414828695522
1779528605.0026171,-0.06632251157578452,-0.03665191429188092,0.04363323129985824,0.0,0.0,0.0,-0.0792,0.99,-0.0792,-0.06689948636490799,-0.037137228329113266,0.043700928729408214,-0.06632251157578452,-0.03665191429188092,0.04363323129985824,0.0,-0.0020777729190408684,0.0,gaussian,-1,0.0,0.0,-1,22,1.7174410820007324,2.625414828695522
1779528605.0128853,-0.06632251157578452,-0.03665191429188092,0.04363323129985824,0.0,-0.0020777729190408684,0.0,0.1584,1.1088000000000002,-0.0396,-0.06689948636490799,-0.037137228329113266,0.043700928729408214,-0.06632251157578452,-0.03665191429188092,0.04363323129985824,0.0,-0.0020777729190408684,0.0,gaussian,-1,0.0,0.0,-1,22,1.7273151874542236,2.625414828695522
1779528605.0226085,-0.06632251157578452,-0.03665191429188092,0.04363323129985824,0.0,-0.0020777729190408684,0.0,0.1584,1.1088000000000002,-0.0396,-0.06689948636490799,-0.037137228329113266,0.043700928729408214,-0.06632251157578452,-0.03665191429188092,0.04363323129985824,0.0,0.0,0.0,gaussian,-1,0.0,0.0,-1,22,1.7375833988189697,2.625414828695522
1779528605.0326385,-0.06632251157578452,-0.03665191429188092,0.04363323129985824,0.0,0.0,0.0,0.1188,1.0692,0.0,-0.06689948636490799,-0.037137228329113266,0.043700928729408214,-0.06632251157578452,-0.03665191429188092,0.04363323129985824,0.0,0.0,0.0,gaussian,-1,0.0,0.0,-1,22,1.7473065853118896,2.625414828695522
1779528605.0430381,-0.06632251157578452,-0.03665191429188092,0.04363323129985824,0.0,0.0,0.0,0.1188,1.1483999999999999,-0.0396,-0.06689948636490799,-0.037137228329113266,0.043700928729408214,-0.06632251157578452,-0.03665191429188092,0.04363323129985824,0.0,0.0,0.0,gaussian,-1,0.0,0.0,-1,22,1.7573366165161133,2.625414828695522
1779528605.0525908,-0.06632251157578452,-0.03665191429188092,0.04363323129985824,0.0,0.0,0.0,-0.0792,1.0692,0.0,-0.06689948636490799,-0.037137228329113266,0.043700928729408214,-0.06632251157578452,-0.03665191429188092,0.04363323129985824,0.0,0.0,0.0,gaussian,-1,0.0,0.0,-1,22,1.7677361965179443,2.625414828695522
1779528605.062625,-0.06632251157578452,-0.03665191429188092,0.04363323129985824,0.0,0.0,0.0,-0.1188,1.0296,0.0396,-0.06689948636490799,-0.037137228329113266,0.043700928729408214,-0.06632251157578452,-0.03665191429188092,0.04363323129985824,0.0,0.0,0.0020777729190408684,gaussian,-1,0.0,0.0,-1,22,1.7772889137268066,2.625414828695522
1779528605.0726144,-0.06632251157578452,-0.03665191429188092,0.04363323129985824,0.0,0.0,0.0020777729190408684,0.1188,0.99,-0.1188,-0.06689948636490799,-0.037137228329113266,0.043700928729408214,-0.06632251157578452,-0.03665191429188092,0.04363323129985824,0.0,0.0,0.0020777729190408684,gaussian,-1,0.0,0.0,-1,22,1.787322998046875,2.625414828695522
1779528605.08261,-0.06632251157578452,-0.03665191429188092,0.04363323129985824,0.0,0.0,0.0020777729190408684,0.1188,0.99,-0.1188,-0.06689948636490799,-0.037137228329113266,0.043700928729408214,-0.06632251157578452,-0.03665191429188092,0.04363323129985824,0.0,0.0,0.0,gaussian,-1,0.0,0.0,-1,22,1.7973124980926514,2.625414828695522
1779528605.0931084,-0.06632251157578452,-0.03665191429188092,0.04363323129985824,0.0,0.0,0.0,0.0792,1.1483999999999999,-0.0792,-0.06689948636490799,-0.037137228329113266,0.043700928729408214,-0.06632251157578452,-0.03665191429188092,0.04363323129985824,0.0,0.0,0.0,gaussian,-1,0.0,0.0,-1,22,1.8073079586029053,2.625414828695522
1779528605.102476,-0.06632251157578452,-0.03665191429188092,0.04363323129985824,0.0,0.0,0.0,0.0792,1.1483999999999999,-0.0792,-0.06689948636490799,-0.037137228329113266,0.043700928729408214,-0.06632251157578452,-0.03665191429188092,0.04363323129985824,0.0,0.0,0.0,gaussian,-1,0.0,0.0,-1,22,1.8178064823150635,2.625414828695522
1779528605.1126382,-0.06632251157578452,-0.03665191429188092,0.04363323129985824,0.0,0.0,0.0,-0.1584,1.1088000000000002,-0.1584,-0.06689948636490799,-0.037137228329113266,0.043700928729408214,-0.06632251157578452,-0.03665191429188092,0.04363323129985824,0.0,0.0,0.0,gaussian,-1,0.0,0.0,-1,22,1.8271739482879639,2.625414828695522
1779528605.1226184,-0.06632251157578452,-0.03665191429188092,0.04363323129985824,0.0,0.0,0.0,-0.1584,1.1088000000000002,-0.1584,-0.06689948636490799,-0.037137228329113266,0.043700928729408214,-0.06632251157578452,-0.03665191429188092,0.04363323129985824,0.0,0.0,0.0,gaussian,-1,0.0,0.0,-1,22,1.8373363018035889,2.625414828695522
1779528605.1325822,-0.06632251157578452,-0.03665191429188092,0.04363323129985824,0.0,0.0,0.0,0.1188,0.9504,-0.1188,-0.06689948636490799,-0.037137228329113266,0.043700928729408214,-0.06632251157578452,-0.03665191429188092,0.04363323129985824,-0.0020777729190408684,0.0,0.0,gaussian,-1,0.0,0.0,-1,22,1.8473165035247803,2.625414828695522
1779528605.1425726,-0.06632251157578452,-0.03665191429188092,0.04363323129985824,-0.0020777729190408684,0.0,0.0,0.1188,1.0692,-0.0396,-0.06689948636490799,-0.037137228329113266,0.043700928729408214,-0.06632251157578452,-0.03665191429188092,0.04363323129985824,0.0,0.0,0.0,gaussian,-1,0.0,0.0,-1,22,1.8572802543640137,2.625414828695522
1779528605.1524851,-0.06632251157578452,-0.03665191429188092,0.04363323129985824,0.0,0.0,0.0,0.1188,1.0296,-0.1584,-0.06689948636490799,-0.037137228329113266,0.043700928729408214,-0.06632251157578452,-0.03665191429188092,0.04363323129985824,-0.0020777729190408684,0.0,-0.0020777729190408684,gaussian,-1,0.0,0.0,-1,22,1.8672707080841064,2.625414828695522
1779528605.1625304,-0.06632251157578452,-0.03665191429188092,0.04363323129985824,-0.0020777729190408684,0.0,-0.0020777729190408684,-0.0396,1.0692,-0.0792,-0.06689948636490799,-0.037137228329113266,0.043700928729408214,-0.06632251157578452,-0.03665191429188092,0.04363323129985824,0.0,0.0,0.0,gaussian,-1,0.0,0.0,-1,22,1.877183198928833,2.625414828695522
1779528605.1725857,-0.06632251157578452,-0.03665191429188092,0.04363323129985824,0.0,0.0,0.0,-0.0792,1.1088000000000002,-0.198,-0.06689948636490799,-0.037137228329113266,0.043700928729408214,-0.06632251157578452,-0.03665191429188092,0.04363323129985824,0.0,0.0,0.0,gaussian,-1,0.0,0.0,-1,22,1.8872284889221191,2.625414828695522
1779528605.1825712,-0.06632251157578452,-0.03665191429188092,0.04363323129985824,0.0,0.0,0.0,-0.0792,1.1088000000000002,-0.198,-0.06689948636490799,-0.037137228329113266,0.043700928729408214,-0.06632251157578452,-0.03665191429188092,0.04363323129985824,0.0,0.0,0.0,gaussian,-1,0.0,0.0,-1,22,1.8972837924957275,2.625414828695522
1779528605.1925693,-0.06632251157578452,-0.03665191429188092,0.04363323129985824,0.0,0.0,0.0,-0.1584,1.1483999999999999,-0.1188,-0.06689948636490799,-0.037137228329113266,0.043700928729408214,-0.06632251157578452,-0.03665191429188092,0.04363323129985824,0.0,0.0,0.0,gaussian,-1,0.0,0.0,-1,22,1.9072692394256592,2.625414828695522
1779528605.202585,-0.06632251157578452,-0.03665191429188092,0.04363323129985824,0.0,0.0,0.0,0.2376,1.1483999999999999,-0.2376,-0.06689948636490799,-0.037137228329113266,0.043700928729408214,-0.06632251157578452,-0.03665191429188092,0.04363323129985824,0.0,0.0,0.0,gaussian,-1,0.0,0.0,-1,22,1.9172673225402832,2.625414828695522
1779528605.2125316,-0.06632251157578452,-0.03665191429188092,0.04363323129985824,0.0,0.0,0.0,0.1188,1.1088000000000002,-0.1584,-0.06689948636490799,-0.037137228329113266,0.043700928729408214,-0.06632251157578452,-0.03665191429188092,0.04363323129985824,0.0,0.0,0.0,gaussian,-1,0.0,0.0,-1,22,1.9272830486297607,2.625414828695522
1779528605.2225215,-0.06632251157578452,-0.03665191429188092,0.04363323129985824,0.0,0.0,0.0,-0.1188,1.1880000000000002,-0.198,-0.06689948636490799,-0.037137228329113266,0.043700928729408214,-0.06632251157578452,-0.03665191429188092,0.04363323129985824,0.0,0.0,0.0,gaussian,-1,0.0,0.0,-1,22,1.9372296333312988,2.625414828695522
1779528605.2326007,-0.06632251157578452,-0.03665191429188092,0.04363323129985824,0.0,0.0,0.0,0.27720000000000006,1.1483999999999999,-0.1584,-0.06689948636490799,-0.037137228329113266,0.043700928729408214,-0.06632251157578452,-0.03665191429188092,0.04363323129985824,0.0,0.0,0.0,gaussian,-1,0.0,0.0,-1,22,1.9472196102142334,2.625414828695522
1779528605.2426393,-0.06632251157578452,-0.03665191429188092,0.04363323129985824,0.0,0.0,0.0,0.27720000000000006,1.1483999999999999,-0.1584,-0.06689948636490799,-0.037137228329113266,0.043700928729408214,-0.06632251157578452,-0.03665191429188092,0.04363323129985824,0.0,0.0,0.0,gaussian,-1,0.0,0.0,-1,22,1.957298755645752,2.625414828695522
1779528605.2525308,-0.06632251157578452,-0.03665191429188092,0.04363323129985824,0.0,0.0,0.0,0.1188,1.1483999999999999,-0.198,-0.06689948636490799,-0.037137228329113266,0.043700928729408214,-0.06632251157578452,-0.03665191429188092,0.04363323129985824,0.0,0.0,0.0,gaussian,-1,0.0,0.0,-1,22,1.9673373699188232,2.625414828695522
1779528605.2635655,-0.06632251157578452,-0.03665191429188092,0.04363323129985824,0.0,0.0,0.0,0.198,0.9504,-0.0396,-0.06689948636490799,-0.037137228329113266,0.043700928729408214,-0.06632251157578452,-0.03665191429188092,0.04363323129985824,0.0,0.0,0.0,gaussian,-1,0.0,0.0,-1,22,1.9772288799285889,2.625414828695522
1779528605.2726338,-0.06632251157578452,-0.03665191429188092,0.04363323129985824,0.0,0.0,0.0,-0.3168,0.99,0.0,-0.06689948636490799,-0.037137228329113266,0.043700928729408214,-0.06632251157578452,-0.03665191429188092,0.04363323129985824,0.0020777729190408684,0.0,0.0,gaussian,-1,0.0,0.0,-1,22,1.9882636070251465,2.625414828695522
1779528605.2826836,-0.06632251157578452,-0.03665191429188092,0.04363323129985824,0.0020777729190408684,0.0,0.0,0.35639999999999994,0.99,-0.1188,-0.06689948636490799,-0.037137228329113266,0.043700928729408214,-0.06632251157578452,-0.03665191429188092,0.04363323129985824,-0.0020777729190408684,0.0,0.0,gaussian,-1,0.0,0.0,-1,22,1.9973318576812744,2.625414828695522
1779528605.293424,-0.06632251157578452,-0.03665191429188092,0.04363323129985824,-0.0020777729190408684,0.0,0.0,-0.3168,0.9107999999999999,-0.0792,-0.06689948636490799,-0.037137228329113266,0.043700928729408214,-0.06632251157578452,-0.03665191429188092,0.04363323129985824,-0.0020777729190408684,0.0,0.0,gaussian,-1,0.0,0.0,-1,22,2.0073816776275635,2.625414828695522
1779528605.302627,-0.06632251157578452,-0.03665191429188092,0.04363323129985824,-0.0020777729190408684,0.0,0.0,-0.3168,0.9107999999999999,-0.0792,-0.06689948636490799,-0.037137228329113266,0.043700928729408214,-0.06632251157578452,-0.03665191429188092,0.04363323129985824,0.0,0.0,0.0,gaussian,-1,0.0,0.0,-1,22,2.0181219577789307,2.625414828695522
1779528605.3125434,-0.06632251157578452,-0.03665191429188092,0.04363323129985824,0.0,0.0,0.0,0.396,1.0296,-0.0792,-0.06689948636490799,-0.037137228329113266,0.043700928729408214,-0.06632251157578452,-0.03665191429188092,0.04363323129985824,0.0,0.0,0.0,gaussian,-1,0.0,0.0,-1,22,2.02732515335083,2.625414828695522
1779528605.32297,-0.06632251157578452,-0.03665191429188092,0.04363323129985824,0.0,0.0,0.0,0.27720000000000006,0.99,0.0,-0.06689948636490799,-0.037137228329113266,0.043700928729408214,-0.06632251157578452,-0.03665191429188092,0.04363323129985824,0.0,0.0,0.0,gaussian,-1,0.0,0.0,-1,22,2.0372414588928223,2.625414828695522
1779528605.3329768,-0.06632251157578452,-0.03665191429188092,0.04363323129985824,0.0,0.0,0.0,0.27720000000000006,0.99,0.0,-0.06689948636490799,-0.037137228329113266,0.043700928729408214,-0.06632251157578452,-0.03665191429188092,0.04363323129985824,0.0,0.0,0.0,gaussian,-1,0.0,0.0,-1,22,2.047667980194092,2.625414828695522
1779528605.3425493,-0.06632251157578452,-0.03665191429188092,0.04363323129985824,0.0,0.0,0.0,0.2376,1.0692,0.0396,-0.06689948636490799,-0.037137228329113266,0.043700928729408214,-0.06632251157578452,-0.03665191429188092,0.04363323129985824,0.0,0.0,0.0,gaussian,-1,0.0,0.0,-1,22,2.0576748847961426,2.625414828695522
1779528605.3526578,-0.06632251157578452,-0.03665191429188092,0.04363323129985824,0.0,0.0,0.0,-0.2376,1.0692,-0.1584,-0.06689948636490799,-0.037137228329113266,0.043700928729408214,-0.06632251157578452,-0.03665191429188092,0.04363323129985824,0.0,0.0,0.0,gaussian,-1,0.0,0.0,-1,22,2.0672473907470703,2.625414828695522
1779528605.3627079,-0.06632251157578452,-0.03665191429188092,0.04363323129985824,0.0,0.0,0.0,-0.198,1.1483999999999999,0.0,-0.06689948636490799,-0.037137228329113266,0.043700928729408214,-0.06632251157578452,-0.03665191429188092,0.04363323129985824,0.0,0.0,0.0,gaussian,-1,0.0,0.0,-1,22,2.0773558616638184,2.625414828695522
1779528605.3725197,-0.06632251157578452,-0.03665191429188092,0.04363323129985824,0.0,0.0,0.0,0.198,0.9504,0.0396,-0.06689948636490799,-0.037137228329113266,0.043700928729408214,-0.06632251157578452,-0.03665191429188092,0.04363323129985824,0.0,-0.0020777729190408684,0.0,gaussian,-1,0.0,0.0,-1,22,2.0874059200286865,2.625414828695522
1779528605.3825564,-0.06632251157578452,-0.03665191429188092,0.04363323129985824,0.0,-0.0020777729190408684,0.0,0.198,0.99,0.0,-0.06689948636490799,-0.037137228329113266,0.043700928729408214,-0.06632251157578452,-0.03665191429188092,0.04363323129985824,0.0,-0.0020777729190408684,0.0,gaussian,-1,0.0,0.0,-1,22,2.0972177982330322,2.625414828695522
1779528605.3925495,-0.06632251157578452,-0.03665191429188092,0.04363323129985824,0.0,-0.0020777729190408684,0.0,0.198,0.99,0.0,-0.06689948636490799,-0.037137228329113266,0.043700928729408214,-0.06632251157578452,-0.03665191429188092,0.04363323129985824,0.0,0.0,0.0,gaussian,-1,0.0,0.0,-1,22,2.1072545051574707,2.625414828695522
1779528605.4025888,-0.06632251157578452,-0.03665191429188092,0.04363323129985824,0.0,0.0,0.0,0.2376,1.0692,0.0,-0.06689948636490799,-0.037137228329113266,0.043700928729408214,-0.06632251157578452,-0.03665191429188092,0.04363323129985824,0.0,0.0,-0.0020777729190408684,gaussian,-1,0.0,0.0,-1,22,2.1172475814819336,2.625414828695522
1779528605.4125185,-0.06632251157578452,-0.03665191429188092,0.04363323129985824,0.0,0.0,-0.0020777729190408684,0.2376,0.99,-0.0396,-0.06689948636490799,-0.037137228329113266,0.043700928729408214,-0.06632251157578452,-0.03665191429188092,0.04363323129985824,0.0,0.0,0.0,gaussian,-1,0.0,0.0,-1,22,2.127286911010742,2.625414828695522
1779528605.4225173,-0.06632251157578452,-0.03665191429188092,0.04363323129985824,0.0,0.0,0.0,-0.198,1.1880000000000002,0.0,-0.06689948636490799,-0.037137228329113266,0.043700928729408214,-0.06632251157578452,-0.03665191429188092,0.04363323129985824,0.0,0.0,0.0,gaussian,-1,0.0,0.0,-1,22,2.137216567993164,2.625414828695522
1779528605.4328852,-0.06632251157578452,-0.03665191429188092,0.04363323129985824,0.0,0.0,0.0,0.3168,1.1088000000000002,-0.0792,-0.06689948636490799,-0.037137228329113266,0.043700928729408214,-0.06632251157578452,-0.03665191429188092,0.04363323129985824,0.0,0.0,0.0,gaussian,-1,0.0,0.0,-1,22,2.1472153663635254,2.625414828695522
1779528605.4428563,-0.06632251157578452,-0.03665191429188092,0.04363323129985824,0.0,0.0,0.0,-0.2376,0.9504,-0.0792,-0.06689948636490799,-0.037137228329113266,0.043700928729408214,-0.06632251157578452,-0.03665191429188092,0.04363323129985824,0.0,0.0,0.0,gaussian,-1,0.0,0.0,-1,22,2.157583236694336,2.625414828695522
1779528605.4526238,-0.06632251157578452,-0.03665191429188092,0.04363323129985824,0.0,0.0,0.0,-0.2376,0.9504,-0.0792,-0.06689948636490799,-0.037137228329113266,0.043700928729408214,-0.06632251157578452,-0.03665191429188092,0.04363323129985824,0.0,0.0,0.0,gaussian,-1,0.0,0.0,-1,22,2.1675543785095215,2.625414828695522
1779528605.4626584,-0.06632251157578452,-0.03665191429188092,0.04363323129985824,0.0,0.0,0.0,-0.27720000000000006,1.0692,0.0,-0.06689948636490799,-0.037137228329113266,0.043700928729408214,-0.06632251157578452,-0.03665191429188092,0.04363323129985824,0.0,0.0,0.0020777729190408684,gaussian,-1,0.0,0.0,-1,22,2.1773219108581543,2.625414828695522
1779528605.472582,-0.06632251157578452,-0.03665191429188092,0.04363323129985824,0.0,0.0,0.0020777729190408684,0.2376,1.0296,0.0,-0.06689948636490799,-0.037137228329113266,0.043700928729408214,-0.06632251157578452,-0.03665191429188092,0.04363323129985824,0.0,0.0,0.0,gaussian,-1,0.0,0.0,-1,22,2.187356472015381,2.625414828695522
1779528605.4826052,-0.06632251157578452,-0.03665191429188092,0.04363323129985824,0.0,0.0,0.0,0.2376,1.1088000000000002,0.0,-0.06689948636490799,-0.037137228329113266,0.043700928729408214,-0.06632251157578452,-0.03665191429188092,0.04363323129985824,0.0,0.0,0.0,gaussian,-1,0.0,0.0,-1,22,2.197280168533325,2.625414828695522
1779528605.492612,-0.06632251157578452,-0.03665191429188092,0.04363323129985824,0.0,0.0,0.0,0.2376,1.1088000000000002,0.0,-0.06689948636490799,-0.037137228329113266,0.043700928729408214,-0.06632251157578452,-0.03665191429188092,0.04363323129985824,0.0,0.0,0.0,gaussian,-1,0.0,0.0,-1,22,2.207303285598755,2.625414828695522
1779528605.502855,-0.06632251157578452,-0.03665191429188092,0.04363323129985824,0.0,0.0,0.0,0.2376,0.99,0.0,-0.06689948636490799,-0.037137228329113266,0.043700928729408214,-0.06632251157578452,-0.03665191429188092,0.04363323129985824,0.0,-0.0020777729190408684,0.0,gaussian,-1,0.0,0.0,-1,22,2.2173099517822266,2.625414828695522
1779528605.5126636,-0.06632251157578452,-0.03665191429188092,0.04363323129985824,0.0,-0.0020777729190408684,0.0,0.198,1.0692,0.1188,-0.06689948636490799,-0.037137228329113266,0.043700928729408214,-0.06632251157578452,-0.03665191429188092,0.04363323129985824,0.0,-0.0020777729190408684,0.0,gaussian,-1,0.0,0.0,-1,22,2.227553129196167,2.625414828695522
1779528605.5226307,-0.06632251157578452,-0.03665191429188092,0.04363323129985824,0.0,-0.0020777729190408684,0.0,0.198,1.0692,0.1188,-0.06689948636490799,-0.037137228329113266,0.043700928729408214,-0.06632251157578452,-0.03665191429188092,0.04363323129985824,0.0,0.0,0.0,gaussian,-1,0.0,0.0,-1,22,2.2373616695404053,2.625414828695522
1779528605.532544,-0.06632251157578452,-0.03665191429188092,0.04363323129985824,0.0,0.0,0.0,0.198,1.1483999999999999,-0.0792,-0.06689948636490799,-0.037137228329113266,0.043700928729408214,-0.06632251157578452,-0.03665191429188092,0.04363323129985824,0.0,0.0,0.0,gaussian,-1,0.0,0.0,-1,22,2.247328758239746,2.625414828695522
1779528605.54258,-0.06632251157578452,-0.03665191429188092,0.04363323129985824,0.0,0.0,0.0,-0.2376,1.0296,-0.0396,-0.06689948636490799,-0.037137228329113266,0.043700928729408214,-0.06632251157578452,-0.03665191429188092,0.04363323129985824,0.0,0.0,0.0,gaussian,-1,0.0,0.0,-1,22,2.25724196434021,2.625414828695522
1779528605.552521,-0.06632251157578452,-0.03665191429188092,0.04363323129985824,0.0,0.0,0.0,-0.2376,1.0296,-0.0396,-0.06689948636490799,-0.037137228329113266,0.043700928729408214,-0.06632251157578452,-0.03665191429188092,0.04363323129985824,0.0,-0.0020777729190408684,0.0,gaussian,-1,0.0,0.0,-1,22,2.267277956008911,2.625414828695522
1779528605.5625308,-0.06632251157578452,-0.03665191429188092,0.04363323129985824,0.0,-0.0020777729190408684,0.0,0.27720000000000006,1.1483999999999999,0.0396,-0.06689948636490799,-0.037137228329113266,0.043700928729408214,-0.06632251157578452,-0.03665191429188092,0.04363323129985824,0.0,0.0,0.0,gaussian,-1,0.0,0.0,-1,22,2.27721905708313,2.625414828695522
1779528605.5725207,-0.06632251157578452,-0.03665191429188092,0.04363323129985824,0.0,0.0,0.0,-0.3168,0.99,0.0,-0.06689948636490799,-0.037137228329113266,0.043700928729408214,-0.06632251157578452,-0.03665191429188092,0.04363323129985824,0.0,0.0,0.0,gaussian,-1,0.0,0.0,-1,22,2.28722882270813,2.625414828695522
1779528605.582862,-0.06632251157578452,-0.03665191429188092,0.04363323129985824,0.0,0.0,0.0,0.27720000000000006,1.0296,0.0,-0.06689948636490799,-0.037137228329113266,0.043700928729408214,-0.06632251157578452,-0.03665191429188092,0.04363323129985824,0.0,0.0,0.0,gaussian,-1,0.0,0.0,-1,22,2.2972187995910645,2.625414828695522
1779528605.592477,-0.06632251157578452,-0.03665191429188092,0.04363323129985824,0.0,0.0,0.0,0.27720000000000006,1.0296,0.0,-0.06689948636490799,-0.037137228329113266,0.043700928729408214,-0.06632251157578452,-0.03665191429188092,0.04363323129985824,0.0,0.0,0.0,gaussian,-1,0.0,0.0,-1,22,2.3075599670410156,2.625414828695522
1779528605.6025448,-0.06632251157578452,-0.03665191429188092,0.04363323129985824,0.0,0.0,0.0,-0.27720000000000006,0.9107999999999999,-0.0792,-0.06689948636490799,-0.037137228329113266,0.043700928729408214,-0.06632251157578452,-0.03665191429188092,0.04363323129985824,0.0,0.0,0.0,gaussian,-1,0.0,0.0,-1,22,2.3171751499176025,2.625414828695522
1779528605.6125202,-0.06632251157578452,-0.03665191429188092,0.04363323129985824,0.0,0.0,0.0,-0.27720000000000006,0.9107999999999999,-0.0792,-0.06689948636490799,-0.037137228329113266,0.043700928729408214,-0.06632251157578452,-0.03665191429188092,0.04363323129985824,0.0020777729190408684,0.0,0.0,gaussian,-1,0.0,0.0,-1,22,2.327242851257324,2.625414828695522
1779528605.6230597,-0.06632251157578452,-0.03665191429188092,0.04363323129985824,0.0020777729190408684,0.0,0.0,0.2376,1.1483999999999999,-0.0396,-0.06689948636490799,-0.037137228329113266,0.043700928729408214,-0.06632251157578452,-0.03665191429188092,0.04363323129985824,0.0020777729190408684,0.0,0.0,gaussian,-1,0.0,0.0,-1,22,2.3372182846069336,2.625414828695522
1779528605.6326685,-0.06632251157578452,-0.03665191429188092,0.04363323129985824,0.0020777729190408684,0.0,0.0,0.2376,1.1483999999999999,-0.0396,-0.06689948636490799,-0.037137228329113266,0.043700928729408214,-0.06632251157578452,-0.03665191429188092,0.04363323129985824,0.0,0.0,0.0,gaussian,-1,0.0,0.0,-1,22,2.3477578163146973,2.625414828695522
1779528605.642544,-0.06632251157578452,-0.03665191429188092,0.04363323129985824,0.0,0.0,0.0,-0.198,1.1088000000000002,-0.1584,-0.06689948636490799,-0.037137228329113266,0.043700928729408214,-0.06632251157578452,-0.03665191429188092,0.04363323129985824,0.0,0.0,0.0,gaussian,-1,0.0,0.0,-1,22,2.3573665618896484,2.625414828695522
1779528605.6525419,-0.06632251157578452,-0.03665191429188092,0.04363323129985824,0.0,0.0,0.0,-0.2376,0.9504,0.0792,-0.06689948636490799,-0.037137228329113266,0.043700928729408214,-0.06632251157578452,-0.03665191429188092,0.04363323129985824,0.0,0.0,0.0,gaussian,-1,0.0,0.0,-1,22,2.3672420978546143,2.625414828695522
1779528605.662543,-0.06632251157578452,-0.03665191429188092,0.04363323129985824,0.0,0.0,0.0,-0.2376,1.0296,0.0,-0.06689948636490799,-0.037137228329113266,0.043700928729408214,-0.06632251157578452,-0.03665191429188092,0.04363323129985824,0.0,0.0020777729190408684,0.0,gaussian,-1,0.0,0.0,-1,22,2.377239942550659,2.625414828695522
1779528605.6725214,-0.06632251157578452,-0.03665191429188092,0.04363323129985824,0.0,0.0020777729190408684,0.0,0.2376,1.0692,0.0792,-0.06689948636490799,-0.037137228329113266,0.043700928729408214,-0.06632251157578452,-0.03665191429188092,0.04363323129985824,0.0,0.0,0.0,gaussian,-1,0.0,0.0,-1,22,2.3872411251068115,2.625414828695522
1779528605.6825404,-0.06632251157578452,-0.03665191429188092,0.04363323129985824,0.0,0.0,0.0,-0.35639999999999994,1.1088000000000002,0.0396,-0.06689948636490799,-0.037137228329113266,0.043700928729408214,-0.06632251157578452,-0.03665191429188092,0.04363323129985824,0.0,0.0,0.0,gaussian,-1,0.0,0.0,-1,22,2.39721941947937,2.625414828695522
1779528605.6925457,-0.06632251157578452,-0.03665191429188092,0.04363323129985824,0.0,0.0,0.0,0.35639999999999994,1.0692,0.1188,-0.06689948636490799,-0.037137228329113266,0.043700928729408214,-0.06632251157578452,-0.03665191429188092,0.04363323129985824,0.0,0.0,0.0,gaussian,-1,0.0,0.0,-1,22,2.407238483428955,2.625414828695522
1779528605.7025447,-0.06632251157578452,-0.03665191429188092,0.04363323129985824,0.0,0.0,0.0,0.35639999999999994,1.0692,0.1188,-0.06689948636490799,-0.037137228329113266,0.043700928729408214,-0.06632251157578452,-0.03665191429188092,0.04363323129985824,0.0,0.0,0.0,gaussian,-1,0.0,0.0,-1,22,2.417243719100952,2.625414828695522
1779528605.712595,-0.06632251157578452,-0.03665191429188092,0.04363323129985824,0.0,0.0,0.0,-0.396,1.1088000000000002,0.0,-0.06689948636490799,-0.037137228329113266,0.043700928729408214,-0.06632251157578452,-0.03665191429188092,0.04363323129985824,0.0,0.0,0.0,gaussian,-1,0.0,0.0,-1,22,2.4272427558898926,2.625414828695522
1779528605.722527,-0.06632251157578452,-0.03665191429188092,0.04363323129985824,0.0,0.0,0.0,0.27720000000000006,0.99,-0.0396,-0.06689948636490799,-0.037137228329113266,0.043700928729408214,-0.06632251157578452,-0.03665191429188092,0.04363323129985824,0.0,0.0,0.0,gaussian,-1,0.0,0.0,-1,22,2.43729305267334,2.625414828695522
1779528605.732544,-0.06632251157578452,-0.03665191429188092,0.04363323129985824,0.0,0.0,0.0,-0.198,1.0692,-0.0396,-0.06689948636490799,-0.037137228329113266,0.043700928729408214,-0.06632251157578452,-0.03665191429188092,0.04363323129985824,0.0,0.0,0.0,gaussian,-1,0.0,0.0,-1,22,2.4472250938415527,2.625414828695522
1779528605.742544,-0.06632251157578452,-0.03665191429188092,0.04363323129985824,0.0,0.0,0.0,-0.198,1.0692,-0.0396,-0.06689948636490799,-0.037137228329113266,0.043700928729408214,-0.06632251157578452,-0.03665191429188092,0.04363323129985824,0.0,0.0,0.0,gaussian,-1,0.0,0.0,-1,22,2.457242012023926,2.625414828695522
1779528605.7525406,-0.06632251157578452,-0.03665191429188092,0.04363323129985824,0.0,0.0,0.0,-0.2376,1.0296,-0.0396,-0.06689948636490799,-0.037137228329113266,0.043700928729408214,-0.06632251157578452,-0.03665191429188092,0.04363323129985824,-0.0020777729190408684,0.0,-0.0020777729190408684,gaussian,-1,0.0,0.0,-1,22,2.4672420024871826,2.625414828695522
1779528605.7625341,-0.06632251157578452,-0.03665191429188092,0.04363323129985824,-0.0020777729190408684,0.0,-0.0020777729190408684,-0.27720000000000006,0.9504,0.0396,-0.06689948636490799,-0.037137228329113266,0.043700928729408214,-0.06632251157578452,-0.03665191429188092,0.04363323129985824,0.0,0.0,0.0,gaussian,-1,0.0,0.0,-1,22,2.477238655090332,2.625414828695522
1779528605.7725215,-0.06632251157578452,-0.03665191429188092,0.04363323129985824,0.0,0.0,0.0,0.3168,1.1483999999999999,0.0,-0.06689948636490799,-0.037137228329113266,0.043700928729408214,-0.06632251157578452,-0.03665191429188092,0.04363323129985824,0.0,0.0,0.0,gaussian,-1,0.0,0.0,-1,22,2.487232208251953,2.625414828695522
1779528605.782521,-0.06632251157578452,-0.03665191429188092,0.04363323129985824,0.0,0.0,0.0,-0.27720000000000006,1.0692,0.0,-0.06689948636490799,-0.037137228329113266,0.043700928729408214,-0.06632251157578452,-0.03665191429188092,0.04363323129985824,0.0,0.0,0.0,gaussian,-1,0.0,0.0,-1,22,2.4972195625305176,2.625414828695522
1779528605.7925866,-0.06632251157578452,-0.03665191429188092,0.04363323129985824,0.0,0.0,0.0,-0.35639999999999994,0.9107999999999999,-0.1188,-0.06689948636490799,-0.037137228329113266,0.043700928729408214,-0.06632251157578452,-0.03665191429188092,0.04363323129985824,0.0,0.0,0.0,gaussian,-1,0.0,0.0,-1,22,2.507219076156616,2.625414828695522
1779528605.8026283,-0.06632251157578452,-0.03665191429188092,0.04363323129985824,0.0,0.0,0.0,-0.35639999999999994,0.9107999999999999,-0.1188,-0.06689948636490799,-0.037137228329113266,0.043700928729408214,-0.06632251157578452,-0.03665191429188092,0.04363323129985824,0.0,0.0,0.0,gaussian,-1,0.0,0.0,-1,22,2.517284631729126,2.625414828695522
1779528605.8128104,-0.06632251157578452,-0.03665191429188092,0.04363323129985824,0.0,0.0,0.0,-0.3168,0.9107999999999999,-0.0396,-0.06689948636490799,-0.037137228329113266,0.043700928729408214,-0.06632251157578452,-0.03665191429188092,0.04363323129985824,0.0,0.0,0.0,gaussian,-1,0.0,0.0,-1,22,2.5273263454437256,2.625414828695522
1779528605.8235378,-0.06632251157578452,-0.03665191429188092,0.04363323129985824,0.0,0.0,0.0,0.3168,1.0296,-0.0792,-0.06689948636490799,-0.037137228329113266,0.043700928729408214,-0.06632251157578452,-0.03665191429188092,0.04363323129985824,0.0,0.0,0.0,gaussian,-1,0.0,0.0,-1,22,2.537508487701416,2.625414828695522
1779528605.832618,-0.06632251157578452,-0.03665191429188092,0.04363323129985824,0.0,0.0,0.0,0.3168,1.1088000000000002,-0.0792,-0.06689948636490799,-0.037137228329113266,0.043700928729408214,-0.06632251157578452,-0.03665191429188092,0.04363323129985824,0.0,0.0,0.0,gaussian,-1,0.0,0.0,-1,22,2.5482358932495117,2.625414828695522
1779528605.8425422,-0.06632251157578452,-0.03665191429188092,0.04363323129985824,0.0,0.0,0.0,0.27720000000000006,0.9504,-0.198,-0.06689948636490799,-0.037137228329113266,0.043700928729408214,-0.06632251157578452,-0.03665191429188092,0.04363323129985824,0.0,0.0,0.0,gaussian,-1,0.0,0.0,-1,22,2.5573160648345947,2.625414828695522
1779528605.852555,-0.06632251157578452,-0.03665191429188092,0.04363323129985824,0.0,0.0,0.0,-0.3168,0.9504,-0.0792,-0.06689948636490799,-0.037137228329113266,0.043700928729408214,-0.06632251157578452,-0.03665191429188092,0.04363323129985824,0.0,0.0,0.0,gaussian,-1,0.0,0.0,-1,22,2.5672402381896973,2.625414828695522
1779528605.8625405,-0.06632251157578452,-0.03665191429188092,0.04363323129985824,0.0,0.0,0.0,-0.3168,0.9504,-0.0792,-0.06689948636490799,-0.037137228329113266,0.043700928729408214,-0.06632251157578452,-0.03665191429188092,0.04363323129985824,0.0,0.0,0.0,gaussian,-1,0.0,0.0,-1,22,2.5772531032562256,2.625414828695522
1779528605.8725455,-0.06632251157578452,-0.03665191429188092,0.04363323129985824,0.0,0.0,0.0,-0.198,1.0296,-0.0792,-0.06689948636490799,-0.037137228329113266,0.043700928729408214,-0.06632251157578452,-0.03665191429188092,0.04363323129985824,0.0,0.0,0.0,gaussian,-1,0.0,0.0,-1,22,2.5872385501861572,2.625414828695522
1779528605.8825288,-0.06632251157578452,-0.03665191429188092,0.04363323129985824,0.0,0.0,0.0,0.27720000000000006,1.0296,-0.1188,-0.06689948636490799,-0.037137228329113266,0.043700928729408214,-0.06632251157578452,-0.03665191429188092,0.04363323129985824,0.0,0.0,0.0,gaussian,-1,0.0,0.0,-1,22,2.597243547439575,2.625414828695522
1779528605.8925385,-0.06632251157578452,-0.03665191429188092,0.04363323129985824,0.0,0.0,0.0,0.27720000000000006,1.0296,0.0,-0.06689948636490799,-0.037137228329113266,0.043700928729408214,-0.06632251157578452,-0.03665191429188092,0.04363323129985824,0.0,0.0,0.0,gaussian,-1,0.0,0.0,-1,22,2.607226848602295,2.625414828695522
1779528605.9025373,-0.06632251157578452,-0.03665191429188092,0.04363323129985824,0.0,0.0,0.0,0.27720000000000006,1.0296,0.0,-0.06689948636490799,-0.037137228329113266,0.043700928729408214,-0.06632251157578452,-0.03665191429188092,0.04363323129985824,0.0,0.0,0.0,gaussian,-1,0.0,0.0,-1,22,2.617236614227295,2.625414828695522
1779528605.9125385,-0.06632251157578452,-0.03665191429188092,0.04363323129985824,0.0,0.0,0.0,0.27720000000000006,1.1088000000000002,-0.0792,0.04566127460641705,0.03556224053939176,0.23986759797909954,-0.06632251157578452,-0.03665191429188092,0.04363323129985824,0.0,0.0,0.0,gaussian,-1,0.0,0.0,-1,23,0.0,3.331021804805129
1779528605.9224901,-0.06632251157578452,-0.03665191429188092,0.04363323129985824,0.0,0.0,0.0,0.27720000000000006,1.0692,-0.0396,0.04566127460641705,0.03556224053939176,0.23986759797909954,-0.06283185307179587,-0.03665191429188092,0.050614548307835565,0.34491030456078414,0.010388864595204342,0.8311091676163473,gaussian,-1,0.0,0.0,-1,23,0.010001182556152344,3.331021804805129
1779528605.9325256,-0.06283185307179587,-0.03665191429188092,0.050614548307835565,0.34491030456078414,0.010388864595204342,0.8311091676163473,3.168,1.6632,4.7124,0.04566127460641705,0.03556224053939176,0.23986759797909954,-0.048869219055841226,-0.02617993877991494,0.07679448708775051,1.105375192929742,0.74176493209759,2.1878948837500345,gaussian,-1,0.0,0.0,-1,23,0.019952774047851562,3.331021804805129
1779528605.9425397,-0.048869219055841226,-0.02617993877991494,0.07679448708775051,1.105375192929742,0.74176493209759,2.1878948837500345,2.4552,-4.7916,-1.1880000000000002,0.04566127460641705,0.03556224053939176,0.23986759797909954,-0.048869219055841226,-0.02617993877991494,0.07679448708775051,1.105375192929742,0.74176493209759,2.1878948837500345,gaussian,-1,0.0,0.0,-1,23,0.02998828887939453,3.331021804805129
1779528605.9525392,-0.048869219055841226,-0.02617993877991494,0.07679448708775051,1.105375192929742,0.74176493209759,2.1878948837500345,2.4552,-4.7916,-1.1880000000000002,0.04566127460641705,0.03556224053939176,0.23986759797909954,-0.03490658503988659,-0.019198621771937627,0.0994837673636768,1.2757525722910932,0.8227980759401838,2.256461390078383,gaussian,-1,0.0,0.0,-1,23,0.04000234603881836,3.331021804805129
1779528605.9625456,-0.03490658503988659,-0.019198621771937627,0.0994837673636768,1.2757525722910932,0.8227980759401838,2.256461390078383,1.3464,0.27720000000000006,1.4652,0.04566127460641705,0.03556224053939176,0.23986759797909954,-0.022689280275926284,-0.010471975511965978,0.12217304763960307,1.2425082055864394,0.8248758488592247,2.173350473316748,gaussian,-1,0.0,0.0,-1,23,0.05000185966491699,3.331021804805129
1779528605.9725397,-0.022689280275926284,-0.010471975511965978,0.12217304763960307,1.2425082055864394,0.8248758488592247,2.173350473316748,0.7127999999999999,-0.35639999999999994,0.0,0.04566127460641705,0.03556224053939176,0.23986759797909954,-0.012217304763960306,-0.003490658503988659,0.13962634015954636,1.1573195159057637,0.7459204779356717,1.9468732251412937,gaussian,-1,0.0,0.0,-1,23,0.06000828742980957,3.331021804805129
1779528605.9825222,-0.012217304763960306,-0.003490658503988659,0.13962634015954636,1.1573195159057637,0.7459204779356717,1.9468732251412937,-0.0396,-1.584,-0.4752,0.04566127460641705,0.03556224053939176,0.23986759797909954,0.005235987755982989,0.006981317007977318,0.1710422666954443,0.8788979447542873,0.5817764173314431,1.4772965454380573,gaussian,-1,0.0,0.0,-1,23,0.07000231742858887,3.331021804805129
1779528605.9925704,0.005235987755982989,0.006981317007977318,0.1710422666954443,0.8788979447542873,0.5817764173314431,1.4772965454380573,-0.0792,-1.7028,-0.1584,0.04566127460641705,0.03556224053939176,0.23986759797909954,0.005235987755982989,0.006981317007977318,0.1710422666954443,0.8788979447542873,0.5817764173314431,1.4772965454380573,gaussian,-1,0.0,0.0,-1,23,0.07998490333557129,3.331021804805129
1779528606.0025585,0.005235987755982989,0.006981317007977318,0.1710422666954443,0.8788979447542873,0.5817764173314431,1.4772965454380573,-0.0792,-1.7028,-0.1584,0.04566127460641705,0.03556224053939176,0.23986759797909954,0.012217304763960306,0.012217304763960306,0.1832595714594046,0.7479982508547126,0.49450995473172665,1.2508192972626027,gaussian,-1,0.0,0.0,-1,23,0.09003305435180664,3.331021804805129
1779528606.0125427,0.012217304763960306,0.012217304763960306,0.1832595714594046,0.7479982508547126,0.49450995473172665,1.2508192972626027,-0.1584,-0.35639999999999994,0.27720000000000006,0.04566127460641705,0.03556224053939176,0.23986759797909954,0.019198621771937627,0.015707963267948967,0.1937315469713706,0.6461873778217101,0.4280212213224189,1.0555086428727611,gaussian,-1,0.0,0.0,-1,23,0.1000211238861084,3.331021804805129
1779528606.022634,0.019198621771937627,0.015707963267948967,0.1937315469713706,0.6461873778217101,0.4280212213224189,1.0555086428727611,-0.792,0.0396,0.5148,0.04566127460641705,0.03556224053939176,0.23986759797909954,0.027925268031909273,0.022689280275926284,0.20943951023931953,0.4363323129985824,0.315821483694212,0.74176493209759,gaussian,-1,0.0,0.0,-1,23,0.11000537872314453,3.331021804805129
1779528606.032532,0.027925268031909273,0.022689280275926284,0.20943951023931953,0.4363323129985824,0.315821483694212,0.74176493209759,-0.2376,-2.4155999999999995,0.4356,0.04566127460641705,0.03556224053939176,0.23986759797909954,0.031415926535897934,0.024434609527920613,0.21467549799530256,0.3511436233179068,0.23894388568969988,0.6233318757122606,gaussian,-1,0.0,0.0,-1,23,0.12009668350219727,3.331021804805129
1779528606.042519,0.031415926535897934,0.024434609527920613,0.21467549799530256,0.3511436233179068,0.23894388568969988,0.6233318757122606,-0.5940000000000001,-0.27720000000000006,-0.0396,0.04566127460641705,0.03556224053939176,0.23986759797909954,0.03316125578789226,0.02617993877991494,0.21991148575128555,0.2701104794753129,0.18907733563271903,0.5069765922459719,gaussian,-1,0.0,0.0,-1,23,0.12999463081359863,3.331021804805129
1779528606.0525186,0.03316125578789226,0.02617993877991494,0.21991148575128555,0.2701104794753129,0.18907733563271903,0.5069765922459719,-0.1584,0.35639999999999994,0.5940000000000001,0.04566127460641705,0.03556224053939176,0.23986759797909954,0.03665191429188092,0.027925268031909273,0.2234021442552742,0.22232170233737292,0.16622183352326947,0.4113990379700919,gaussian,-1,0.0,0.0,-1,23,0.13998174667358398,3.331021804805129
1779528606.0626209,0.03665191429188092,0.027925268031909273,0.2234021442552742,0.22232170233737292,0.16622183352326947,0.4113990379700919,0.27720000000000006,0.0,0.1584,0.04566127460641705,0.03556224053939176,0.23986759797909954,0.03665191429188092,0.027925268031909273,0.2234021442552742,0.22232170233737292,0.16622183352326947,0.4113990379700919,gaussian,-1,0.0,0.0,-1,23,0.14998126029968262,3.331021804805129
1779528606.0726366,0.03665191429188092,0.027925268031909273,0.2234021442552742,0.22232170233737292,0.16622183352326947,0.4113990379700919,0.27720000000000006,0.0,0.1584,0.04566127460641705,0.03556224053939176,0.23986759797909954,0.038397243543875255,0.029670597283903605,0.22689280275926285,0.18492178979463728,0.12674414806149298,0.3490658503988659,gaussian,-1,0.0,0.0,-1,23,0.16008353233337402,3.331021804805129
1779528606.0825489,0.038397243543875255,0.029670597283903605,0.22689280275926285,0.18492178979463728,0.12674414806149298,0.3490658503988659,0.4752,-0.0396,-0.1584,0.04566127460641705,0.03556224053939176,0.23986759797909954,0.038397243543875255,0.031415926535897934,0.2303834612632515,0.14752187725190166,0.10596641887108428,0.2742660253133946,gaussian,-1,0.0,0.0,-1,23,0.17009925842285156,3.331021804805129
1779528606.092639,0.038397243543875255,0.031415926535897934,0.2303834612632515,0.14752187725190166,0.10596641887108428,0.2742660253133946,0.7127999999999999,0.5940000000000001,0.6336,0.04566127460641705,0.03556224053939176,0.23986759797909954,0.04014257279586959,0.031415926535897934,0.23212879051524585,0.13297746681861558,0.0851886896806756,0.22855502109449552,gaussian,-1,0.0,0.0,-1,23,0.18001151084899902,3.331021804805129
1779528606.1026366,0.04014257279586959,0.031415926535897934,0.23212879051524585,0.13297746681861558,0.0851886896806756,0.22855502109449552,0.1584,0.8316,0.4356,0.04566127460641705,0.03556224053939176,0.23986759797909954,0.04188790204786391,0.031415926535897934,0.23387411976724018,0.1184330563853295,0.05194432297602171,0.17453292519943295,gaussian,-1,0.0,0.0,-1,23,0.19010162353515625,3.331021804805129
1779528606.1125422,0.04188790204786391,0.031415926535897934,0.23387411976724018,0.1184330563853295,0.05194432297602171,0.17453292519943295,-0.2376,-0.3168,0.4356,0.04566127460641705,0.03556224053939176,0.23986759797909954,0.04188790204786391,0.03316125578789226,0.23387411976724018,0.08934423551875734,0.06025541465218518,0.13505523973765646,gaussian,-1,0.0,0.0,-1,23,0.20009922981262207,3.331021804805129
1779528606.1225414,0.04188790204786391,0.03316125578789226,0.23387411976724018,0.08934423551875734,0.06025541465218518,0.13505523973765646,-0.198,-1.0692,0.35639999999999994,0.04566127460641705,0.03556224053939176,0.23986759797909954,0.04188790204786391,0.03316125578789226,0.23561944901923448,0.05194432297602171,0.04155545838081737,0.11427751054724776,gaussian,-1,0.0,0.0,-1,23,0.2100048065185547,3.331021804805129
1779528606.1325474,0.04188790204786391,0.03316125578789226,0.23561944901923448,0.05194432297602171,0.04155545838081737,0.11427751054724776,0.4356,1.1483999999999999,0.0396,0.04566127460641705,0.03556224053939176,0.23986759797909954,0.04363323129985824,0.03316125578789226,0.23736477827122884,0.06025541465218518,0.05194432297602171,0.08726646259971647,gaussian,-1,0.0,0.0,-1,23,0.22000408172607422,3.331021804805129
1779528606.142521,0.04363323129985824,0.03316125578789226,0.23736477827122884,0.06025541465218518,0.05194432297602171,0.08726646259971647,0.2376,1.8612000000000002,0.0,0.04566127460641705,0.03556224053939176,0.23986759797909954,0.04363323129985824,0.03490658503988659,0.23736477827122884,0.033244366704653895,0.04778877713793997,0.04571100421889911,gaussian,-1,0.0,0.0,-1,23,0.2300100326538086,3.331021804805129
1779528606.1526277,0.04363323129985824,0.03490658503988659,0.23736477827122884,0.033244366704653895,0.04778877713793997,0.04571100421889911,0.0,2.2967999999999997,0.27720000000000006,0.04566127460641705,0.03556224053939176,0.23986759797909954,0.04363323129985824,0.03490658503988659,0.23736477827122884,0.033244366704653895,0.04778877713793997,0.04571100421889911,gaussian,-1,0.0,0.0,-1,23,0.23998355865478516,3.331021804805129
1779528606.16269,0.04363323129985824,0.03490658503988659,0.23736477827122884,0.033244366704653895,0.04778877713793997,0.04571100421889911,0.0,2.2967999999999997,0.27720000000000006,0.04566127460641705,0.03556224053939176,0.23986759797909954,0.04363323129985824,0.03490658503988659,0.23736477827122884,0.02493327502849042,0.031166593785613025,0.04571100421889911,gaussian,-1,0.0,0.0,-1,23,0.2500903606414795,3.331021804805129
1779528606.1725452,0.04363323129985824,0.03490658503988659,0.23736477827122884,0.02493327502849042,0.031166593785613025,0.04571100421889911,-0.1188,2.0196,-0.1188,0.04566127460641705,0.03556224053939176,0.23986759797909954,0.04363323129985824,0.03490658503988659,0.23911010752322315,0.014544410433286078,0.016622183352326948,0.02701104794753129,gaussian,-1,0.0,0.0,-1,23,0.26015257835388184,3.331021804805129
1779528606.182697,0.04363323129985824,0.03490658503988659,0.23911010752322315,0.014544410433286078,0.016622183352326948,0.02701104794753129,0.1188,1.8612000000000002,0.0396,0.04566127460641705,0.03556224053939176,0.23986759797909954,0.04537856055185257,0.03490658503988659,0.23911010752322315,0.01246663751424521,0.004155545838081737,0.018699956271367814,gaussian,-1,0.0,0.0,-1,23,0.270007848739624,3.331021804805129
1779528606.1926765,0.04537856055185257,0.03490658503988659,0.23911010752322315,0.01246663751424521,0.004155545838081737,0.018699956271367814,0.0396,1.7028,0.198,0.04566127460641705,0.03556224053939176,0.23986759797909954,0.04537856055185257,0.03490658503988659,0.23911010752322315,0.006233318757122605,0.0,0.01246663751424521,gaussian,-1,0.0,0.0,-1,23,0.28015971183776855,3.331021804805129
1779528606.2026298,0.04537856055185257,0.03490658503988659,0.23911010752322315,0.006233318757122605,0.0,0.01246663751424521,0.198,1.584,0.27720000000000006,0.04566127460641705,0.03556224053939176,0.23986759797909954,0.04537856055185257,0.03490658503988659,0.23911010752322315,0.0,-0.0020777729190408684,0.010388864595204342,gaussian,-1,0.0,0.0,-1,23,0.29013919830322266,3.331021804805129
1779528606.2127044,0.04537856055185257,0.03490658503988659,0.23911010752322315,0.0,-0.0020777729190408684,0.010388864595204342,0.3168,1.5048000000000001,0.27720000000000006,0.04566127460641705,0.03556224053939176,0.23986759797909954,0.04537856055185257,0.03490658503988659,0.23911010752322315,0.0,0.0,0.008311091676163474,gaussian,-1,0.0,0.0,-1,23,0.3000924587249756,3.331021804805129
1779528606.2227097,0.04537856055185257,0.03490658503988659,0.23911010752322315,0.0,0.0,0.008311091676163474,0.396,1.6236000000000002,0.198,0.04566127460641705,0.03556224053939176,0.23986759797909954,0.04537856055185257,0.03490658503988659,0.23911010752322315,0.0,0.0,0.008311091676163474,gaussian,-1,0.0,0.0,-1,23,0.3101670742034912,3.331021804805129
1779528606.2325923,0.04537856055185257,0.03490658503988659,0.23911010752322315,0.0,0.0,0.008311091676163474,0.396,1.6236000000000002,0.198,0.04566127460641705,0.03556224053939176,0.23986759797909954,0.04363323129985824,0.03490658503988659,0.23911010752322315,-0.0020777729190408684,0.0,0.004155545838081737,gaussian,-1,0.0,0.0,-1,23,0.3201723098754883,3.331021804805129
1779528606.242564,0.04363323129985824,0.03490658503988659,0.23911010752322315,-0.0020777729190408684,0.0,0.004155545838081737,0.5544000000000001,1.584,0.198,0.04566127460641705,0.03556224053939176,0.23986759797909954,0.04537856055185257,0.03490658503988659,0.23911010752322315,0.0,0.0,0.006233318757122605,gaussian,-1,0.0,0.0,-1,23,0.33005499839782715,3.331021804805129
1779528606.252677,0.04537856055185257,0.03490658503988659,0.23911010752322315,0.0,0.0,0.006233318757122605,0.5544000000000001,1.6236000000000002,0.1188,0.04566127460641705,0.03556224053939176,0.23986759797909954,0.04537856055185257,0.03490658503988659,0.23911010752322315,0.004155545838081737,0.0,0.006233318757122605,gaussian,-1,0.0,0.0,-1,23,0.3400266170501709,3.331021804805129
1779528606.2625897,0.04537856055185257,0.03490658503988659,0.23911010752322315,0.004155545838081737,0.0,0.006233318757122605,0.396,1.584,0.0792,0.04566127460641705,0.03556224053939176,0.23986759797909954,0.04537856055185257,0.03490658503988659,0.23911010752322315,0.0020777729190408684,0.0,0.0020777729190408684,gaussian,-1,0.0,0.0,-1,23,0.3501396179199219,3.331021804805129
1779528606.2725127,0.04537856055185257,0.03490658503988659,0.23911010752322315,0.0020777729190408684,0.0,0.0020777729190408684,0.4752,1.584,0.0792,0.04566127460641705,0.03556224053939176,0.23986759797909954,0.04537856055185257,0.03490658503988659,0.23911010752322315,0.006233318757122605,0.0020777729190408684,0.0,gaussian,-1,0.0,0.0,-1,23,0.36005234718322754,3.331021804805129
1779528606.2824807,0.04537856055185257,0.03490658503988659,0.23911010752322315,0.006233318757122605,0.0020777729190408684,0.0,0.396,1.6236000000000002,0.0396,0.04566127460641705,0.03556224053939176,0.23986759797909954,0.04537856055185257,0.03490658503988659,0.23911010752322315,0.008311091676163474,0.004155545838081737,0.0020777729190408684,gaussian,-1,0.0,0.0,-1,23,0.36997532844543457,3.331021804805129
1779528606.2925463,0.04537856055185257,0.03490658503988659,0.23911010752322315,0.008311091676163474,0.004155545838081737,0.0020777729190408684,0.198,1.6236000000000002,0.0792,0.04566127460641705,0.03556224053939176,0.23986759797909954,0.04537856055185257,0.03490658503988659,0.23911010752322315,0.008311091676163474,0.004155545838081737,0.0020777729190408684,gaussian,-1,0.0,0.0,-1,23,0.3799433708190918,3.331021804805129
1779528606.3025491,0.04537856055185257,0.03490658503988659,0.23911010752322315,0.008311091676163474,0.004155545838081737,0.0020777729190408684,0.198,1.6236000000000002,0.0792,0.04566127460641705,0.03556224053939176,0.23986759797909954,0.04537856055185257,0.03490658503988659,0.23911010752322315,0.006233318757122605,0.0,0.0,gaussian,-1,0.0,0.0,-1,23,0.39000892639160156,3.331021804805129
1779528606.3125403,0.04537856055185257,0.03490658503988659,0.23911010752322315,0.006233318757122605,0.0,0.0,0.1584,1.584,0.0396,0.04566127460641705,0.03556224053939176,0.23986759797909954,0.04537856055185257,0.03490658503988659,0.23911010752322315,0.008311091676163474,0.0,0.0,gaussian,-1,0.0,0.0,-1,23,0.4000117778778076,3.331021804805129
1779528606.3225389,0.04537856055185257,0.03490658503988659,0.23911010752322315,0.008311091676163474,0.0,0.0,0.0,1.6236000000000002,0.0,0.04566127460641705,0.03556224053939176,0.23986759797909954,0.04537856055185257,0.03490658503988659,0.23911010752322315,0.0020777729190408684,0.0,0.0,gaussian,-1,0.0,0.0,-1,23,0.4100029468536377,3.331021804805129
1779528606.3325381,0.04537856055185257,0.03490658503988659,0.23911010752322315,0.0020777729190408684,0.0,0.0,0.0396,1.7028,0.0,0.04566127460641705,0.03556224053939176,0.23986759797909954,0.04537856055185257,0.03490658503988659,0.23911010752322315,0.0,0.0,0.0,gaussian,-1,0.0,0.0,-1,23,0.4200015068054199,3.331021804805129
1779528606.3425963,0.04537856055185257,0.03490658503988659,0.23911010752322315,0.0,0.0,0.0,0.1584,1.7424,0.0,0.04566127460641705,0.03556224053939176,0.23986759797909954,0.04537856055185257,0.03490658503988659,0.23911010752322315,-0.008311091676163474,0.0,0.0,gaussian,-1,0.0,0.0,-1,23,0.43000078201293945,3.331021804805129
1779528606.3525128,0.04537856055185257,0.03490658503988659,0.23911010752322315,-0.008311091676163474,0.0,0.0,0.5544000000000001,1.6236000000000002,0.0,0.04566127460641705,0.03556224053939176,0.23986759797909954,0.04537856055185257,0.03490658503988659,0.23911010752322315,-0.006233318757122605,0.0,0.0,gaussian,-1,0.0,0.0,-1,23,0.44005894660949707,3.331021804805129
1779528606.3626356,0.04537856055185257,0.03490658503988659,0.23911010752322315,-0.006233318757122605,0.0,0.0,0.4752,1.7028,0.0792,0.04566127460641705,0.03556224053939176,0.23986759797909954,0.04537856055185257,0.03490658503988659,0.23911010752322315,-0.006233318757122605,0.0,0.0,gaussian,-1,0.0,0.0,-1,23,0.44997549057006836,3.331021804805129
1779528606.372649,0.04537856055185257,0.03490658503988659,0.23911010752322315,-0.006233318757122605,0.0,0.0,0.4752,1.7028,0.0792,0.04566127460641705,0.03556224053939176,0.23986759797909954,0.04537856055185257,0.03490658503988659,0.23911010752322315,-0.0020777729190408684,0.0,0.0,gaussian,-1,0.0,0.0,-1,23,0.4600982666015625,3.331021804805129
1779528606.3825183,0.04537856055185257,0.03490658503988659,0.23911010752322315,-0.0020777729190408684,0.0,0.0,0.4356,1.6236000000000002,0.0396,0.04566127460641705,0.03556224053939176,0.23986759797909954,0.04537856055185257,0.03490658503988659,0.23911010752322315,0.0020777729190408684,0.0,0.0,gaussian,-1,0.0,0.0,-1,23,0.470111608505249,3.331021804805129
1779528606.392514,0.04537856055185257,0.03490658503988659,0.23911010752322315,0.0020777729190408684,0.0,0.0,0.1584,1.6632,0.0792,0.04566127460641705,0.03556224053939176,0.23986759797909954,0.04537856055185257,0.03490658503988659,0.23911010752322315,0.0020777729190408684,-0.004155545838081737,0.0,gaussian,-1,0.0,0.0,-1,23,0.4799809455871582,3.331021804805129
1779528606.402568,0.04537856055185257,0.03490658503988659,0.23911010752322315,0.0020777729190408684,-0.004155545838081737,0.0,0.1188,1.7028,0.1188,0.04566127460641705,0.03556224053939176,0.23986759797909954,0.04537856055185257,0.03490658503988659,0.23911010752322315,0.0020777729190408684,-0.004155545838081737,0.0,gaussian,-1,0.0,0.0,-1,23,0.4899766445159912,3.331021804805129
1779528606.4125223,0.04537856055185257,0.03490658503988659,0.23911010752322315,0.0020777729190408684,-0.004155545838081737,0.0,0.1188,1.7028,0.1188,0.04566127460641705,0.03556224053939176,0.23986759797909954,0.04537856055185257,0.03490658503988659,0.23911010752322315,0.0,0.0,0.0,gaussian,-1,0.0,0.0,-1,23,0.5000307559967041,3.331021804805129
1779528606.4225407,0.04537856055185257,0.03490658503988659,0.23911010752322315,0.0,0.0,0.0,0.0396,1.6236000000000002,-0.1584,0.04566127460641705,0.03556224053939176,0.23986759797909954,0.04537856055185257,0.03490658503988659,0.23911010752322315,0.0,0.0,0.0,gaussian,-1,0.0,0.0,-1,23,0.5099849700927734,3.331021804805129
1779528606.432541,0.04537856055185257,0.03490658503988659,0.23911010752322315,0.0,0.0,0.0,0.0396,1.6236000000000002,-0.1584,0.04566127460641705,0.03556224053939176,0.23986759797909954,0.04537856055185257,0.03490658503988659,0.23911010752322315,-0.0020777729190408684,0.0020777729190408684,0.0,gaussian,-1,0.0,0.0,-1,23,0.5200033187866211,3.331021804805129
1779528606.442607,0.04537856055185257,0.03490658503988659,0.23911010752322315,-0.0020777729190408684,0.0020777729190408684,0.0,0.198,1.7028,0.0792,0.04566127460641705,0.03556224053939176,0.23986759797909954,0.04537856055185257,0.03490658503988659,0.23911010752322315,-0.0020777729190408684,0.0,0.0,gaussian,-1,0.0,0.0,-1,23,0.530003547668457,3.331021804805129
1779528606.4525158,0.04537856055185257,0.03490658503988659,0.23911010752322315,-0.0020777729190408684,0.0,0.0,0.3168,1.7424,0.1584,0.04566127460641705,0.03556224053939176,0.23986759797909954,0.04537856055185257,0.03490658503988659,0.23911010752322315,0.0,0.0,0.0,gaussian,-1,0.0,0.0,-1,23,0.540069580078125,3.331021804805129
1779528606.4624946,0.04537856055185257,0.03490658503988659,0.23911010752322315,0.0,0.0,0.0,0.3168,1.7424,-0.1584,0.04566127460641705,0.03556224053939176,0.23986759797909954,0.04537856055185257,0.03490658503988659,0.23911010752322315,0.0,0.0,0.0,gaussian,-1,0.0,0.0,-1,23,0.549978494644165,3.331021804805129
1779528606.472492,0.04537856055185257,0.03490658503988659,0.23911010752322315,0.0,0.0,0.0,0.1188,1.7028,-0.1584,0.04566127460641705,0.03556224053939176,0.23986759797909954,0.04537856055185257,0.03490658503988659,0.23911010752322315,0.0,0.0,0.0,gaussian,-1,0.0,0.0,-1,23,0.5599572658538818,3.331021804805129
1779528606.482544,0.04537856055185257,0.03490658503988659,0.23911010752322315,0.0,0.0,0.0,0.1584,1.7424,-0.198,0.04566127460641705,0.03556224053939176,0.23986759797909954,0.04537856055185257,0.03490658503988659,0.23911010752322315,0.0,0.0,-0.0020777729190408684,gaussian,-1,0.0,0.0,-1,23,0.5699546337127686,3.331021804805129
1779528606.4925401,0.04537856055185257,0.03490658503988659,0.23911010752322315,0.0,0.0,-0.0020777729190408684,0.0792,1.7028,-0.198,0.04566127460641705,0.03556224053939176,0.23986759797909954,0.04537856055185257,0.03490658503988659,0.23911010752322315,0.0,-0.0020777729190408684,0.0,gaussian,-1,0.0,0.0,-1,23,0.5800065994262695,3.331021804805129
1779528606.5026731,0.04537856055185257,0.03490658503988659,0.23911010752322315,0.0,-0.0020777729190408684,0.0,0.1188,1.7424,-0.198,0.04566127460641705,0.03556224053939176,0.23986759797909954,0.04537856055185257,0.03490658503988659,0.23911010752322315,0.0,-0.0020777729190408684,0.0,gaussian,-1,0.0,0.0,-1,23,0.5900027751922607,3.331021804805129
1779528606.5126212,0.04537856055185257,0.03490658503988659,0.23911010752322315,0.0,-0.0020777729190408684,0.0,0.1188,1.7424,-0.198,0.04566127460641705,0.03556224053939176,0.23986759797909954,0.04537856055185257,0.03490658503988659,0.23911010752322315,0.0,-0.0020777729190408684,0.0,gaussian,-1,0.0,0.0,-1,23,0.6001358032226562,3.331021804805129
1779528606.5225382,0.04537856055185257,0.03490658503988659,0.23911010752322315,0.0,-0.0020777729190408684,0.0,0.1584,1.7028,-0.1584,0.04566127460641705,0.03556224053939176,0.23986759797909954,0.04537856055185257,0.03490658503988659,0.23911010752322315,-0.0020777729190408684,0.0,0.0,gaussian,-1,0.0,0.0,-1,23,0.610083818435669,3.331021804805129
1779528606.5325313,0.04537856055185257,0.03490658503988659,0.23911010752322315,-0.0020777729190408684,0.0,0.0,0.3168,1.7424,-0.1584,0.04566127460641705,0.03556224053939176,0.23986759797909954,0.04537856055185257,0.03490658503988659,0.23911010752322315,-0.004155545838081737,0.0,0.0,gaussian,-1,0.0,0.0,-1,23,0.6200008392333984,3.331021804805129
1779528606.5425122,0.04537856055185257,0.03490658503988659,0.23911010752322315,-0.004155545838081737,0.0,0.0,0.3168,1.782,-0.1584,0.04566127460641705,0.03556224053939176,0.23986759797909954,0.04537856055185257,0.03490658503988659,0.23911010752322315,-0.004155545838081737,0.0,0.0,gaussian,-1,0.0,0.0,-1,23,0.6299939155578613,3.331021804805129
1779528606.5525131,0.04537856055185257,0.03490658503988659,0.23911010752322315,-0.004155545838081737,0.0,0.0,0.27720000000000006,1.9008,-0.198,0.04566127460641705,0.03556224053939176,0.23986759797909954,0.04537856055185257,0.03490658503988659,0.23911010752322315,0.0,0.0,0.0,gaussian,-1,0.0,0.0,-1,23,0.63997483253479,3.331021804805129
1779528606.5625389,0.04537856055185257,0.03490658503988659,0.23911010752322315,0.0,0.0,0.0,0.198,1.8215999999999999,-0.1584,0.04566127460641705,0.03556224053939176,0.23986759797909954,0.04537856055185257,0.03490658503988659,0.23911010752322315,0.0,0.0,0.0,gaussian,-1,0.0,0.0,-1,23,0.6499757766723633,3.331021804805129
1779528606.5725393,0.04537856055185257,0.03490658503988659,0.23911010752322315,0.0,0.0,0.0,0.2376,1.7424,-0.1584,0.04566127460641705,0.03556224053939176,0.23986759797909954,0.04537856055185257,0.03490658503988659,0.23911010752322315,0.0,0.0,0.0,gaussian,-1,0.0,0.0,-1,23,0.6600015163421631,3.331021804805129
1779528606.5825121,0.04537856055185257,0.03490658503988659,0.23911010752322315,0.0,0.0,0.0,0.2376,1.7424,-0.1584,0.04566127460641705,0.03556224053939176,0.23986759797909954,0.04537856055185257,0.03490658503988659,0.23911010752322315,0.006233318757122605,0.0,-0.0020777729190408684,gaussian,-1,0.0,0.0,-1,23,0.6700019836425781,3.331021804805129
1779528606.5925007,0.04537856055185257,0.03490658503988659,0.23911010752322315,0.006233318757122605,0.0,-0.0020777729190408684,0.0396,1.8215999999999999,0.198,0.04566127460641705,0.03556224053939176,0.23986759797909954,0.04537856055185257,0.03490658503988659,0.23911010752322315,0.006233318757122605,0.0,-0.0020777729190408684,gaussian,-1,0.0,0.0,-1,23,0.6799747943878174,3.331021804805129
1779528606.6025128,0.04537856055185257,0.03490658503988659,0.23911010752322315,0.006233318757122605,0.0,-0.0020777729190408684,0.0396,1.8215999999999999,0.198,0.04566127460641705,0.03556224053939176,0.23986759797909954,0.04537856055185257,0.03490658503988659,0.23911010752322315,-0.0020777729190408684,0.0,0.0,gaussian,-1,0.0,0.0,-1,23,0.6899633407592773,3.331021804805129
1779528606.6125124,0.04537856055185257,0.03490658503988659,0.23911010752322315,-0.0020777729190408684,0.0,0.0,0.0792,1.7424,-0.2376,0.04566127460641705,0.03556224053939176,0.23986759797909954,0.04537856055185257,0.03490658503988659,0.23911010752322315,-0.004155545838081737,0.0,0.0,gaussian,-1,0.0,0.0,-1,23,0.6999754905700684,3.331021804805129
1779528606.6227314,0.04537856055185257,0.03490658503988659,0.23911010752322315,-0.004155545838081737,0.0,0.0,0.3168,1.782,-0.198,0.04566127460641705,0.03556224053939176,0.23986759797909954,0.04537856055185257,0.03490658503988659,0.23911010752322315,-0.004155545838081737,0.0,0.0,gaussian,-1,0.0,0.0,-1,23,0.709975004196167,3.331021804805129
1779528606.6326423,0.04537856055185257,0.03490658503988659,0.23911010752322315,-0.004155545838081737,0.0,0.0,0.3168,1.782,-0.198,0.04566127460641705,0.03556224053939176,0.23986759797909954,0.04537856055185257,0.03490658503988659,0.23911010752322315,-0.006233318757122605,0.0,0.0,gaussian,-1,0.0,0.0,-1,23,0.7201941013336182,3.331021804805129
1779528606.6426067,0.04537856055185257,0.03490658503988659,0.23911010752322315,-0.006233318757122605,0.0,0.0,0.396,1.9008,-0.198,0.04566127460641705,0.03556224053939176,0.23986759797909954,0.04537856055185257,0.03490658503988659,0.23911010752322315,-0.004155545838081737,0.0,-0.0020777729190408684,gaussian,-1,0.0,0.0,-1,23,0.730104923248291,3.331021804805129
1779528606.652512,0.04537856055185257,0.03490658503988659,0.23911010752322315,-0.004155545838081737,0.0,-0.0020777729190408684,0.3168,1.782,0.1584,0.04566127460641705,0.03556224053939176,0.23986759797909954,0.04537856055185257,0.03490658503988659,0.23911010752322315,0.0,0.0,-0.0020777729190408684,gaussian,-1,0.0,0.0,-1,23,0.7400693893432617,3.331021804805129
1779528606.6624935,0.04537856055185257,0.03490658503988659,0.23911010752322315,0.0,0.0,-0.0020777729190408684,0.4356,1.7424,0.1584,0.04566127460641705,0.03556224053939176,0.23986759797909954,0.04537856055185257,0.03490658503988659,0.23911010752322315,0.0,0.0,0.0,gaussian,-1,0.0,0.0,-1,23,0.7499747276306152,3.331021804805129
1779528606.6725128,0.04537856055185257,0.03490658503988659,0.23911010752322315,0.0,0.0,0.0,0.35639999999999994,1.9008,0.1188,0.04566127460641705,0.03556224053939176,0.23986759797909954,0.04537856055185257,0.03490658503988659,0.23911010752322315,0.0020777729190408684,0.0,0.0,gaussian,-1,0.0,0.0,-1,23,0.7599561214447021,3.331021804805129
1779528606.6825502,0.04537856055185257,0.03490658503988659,0.23911010752322315,0.0020777729190408684,0.0,0.0,0.27720000000000006,1.782,0.1188,0.04566127460641705,0.03556224053939176,0.23986759797909954,0.04537856055185257,0.03490658503988659,0.23911010752322315,0.0,0.0,0.0,gaussian,-1,0.0,0.0,-1,23,0.7699754238128662,3.331021804805129
1779528606.6924748,0.04537856055185257,0.03490658503988659,0.23911010752322315,0.0,0.0,0.0,0.1584,1.9008,0.198,0.04566127460641705,0.03556224053939176,0.23986759797909954,0.04537856055185257,0.03490658503988659,0.23911010752322315,0.004155545838081737,0.0,0.0,gaussian,-1,0.0,0.0,-1,23,0.780012845993042,3.331021804805129
1779528606.7025187,0.04537856055185257,0.03490658503988659,0.23911010752322315,0.004155545838081737,0.0,0.0,0.1584,1.8612000000000002,0.1584,0.04566127460641705,0.03556224053939176,0.23986759797909954,0.04537856055185257,0.03490658503988659,0.23911010752322315,0.004155545838081737,0.0,0.0,gaussian,-1,0.0,0.0,-1,23,0.7899374961853027,3.331021804805129
1779528606.7125132,0.04537856055185257,0.03490658503988659,0.23911010752322315,0.004155545838081737,0.0,0.0,0.0396,1.8215999999999999,0.1188,0.04566127460641705,0.03556224053939176,0.23986759797909954,0.04537856055185257,0.03490658503988659,0.23911010752322315,0.004155545838081737,0.0,0.0,gaussian,-1,0.0,0.0,-1,23,0.7999813556671143,3.331021804805129
1779528606.7227004,0.04537856055185257,0.03490658503988659,0.23911010752322315,0.004155545838081737,0.0,0.0,0.0792,1.8215999999999999,0.1188,0.04566127460641705,0.03556224053939176,0.23986759797909954,0.04537856055185257,0.03490658503988659,0.23911010752322315,0.004155545838081737,0.0,0.0,gaussian,-1,0.0,0.0,-1,23,0.8099758625030518,3.331021804805129
1779528606.7326887,0.04537856055185257,0.03490658503988659,0.23911010752322315,0.004155545838081737,0.0,0.0,0.0792,1.8215999999999999,0.1188,0.04566127460641705,0.03556224053939176,0.23986759797909954,0.04537856055185257,0.03490658503988659,0.23911010752322315,0.0,0.0,0.0,gaussian,-1,0.0,0.0,-1,23,0.8201630115509033,3.331021804805129
1779528606.7427797,0.04537856055185257,0.03490658503988659,0.23911010752322315,0.0,0.0,0.0,0.1584,1.782,0.1188,0.04566127460641705,0.03556224053939176,0.23986759797909954,0.04537856055185257,0.03490658503988659,0.23911010752322315,0.0,0.0,0.0,gaussian,-1,0.0,0.0,-1,23,0.8301513195037842,3.331021804805129
1779528606.7525136,0.04537856055185257,0.03490658503988659,0.23911010752322315,0.0,0.0,0.0,0.198,1.8215999999999999,0.1188,0.04566127460641705,0.03556224053939176,0.23986759797909954,0.04537856055185257,0.03490658503988659,0.23911010752322315,-0.006233318757122605,0.0,0.0,gaussian,-1,0.0,0.0,-1,23,0.8402423858642578,3.331021804805129
1779528606.762511,0.04537856055185257,0.03490658503988659,0.23911010752322315,-0.006233318757122605,0.0,0.0,0.4356,1.8612000000000002,0.1584,0.04566127460641705,0.03556224053939176,0.23986759797909954,0.04537856055185257,0.03490658503988659,0.23911010752322315,-0.006233318757122605,0.0,0.0,gaussian,-1,0.0,0.0,-1,23,0.8499763011932373,3.331021804805129
1779528606.7726536,0.04537856055185257,0.03490658503988659,0.23911010752322315,-0.006233318757122605,0.0,0.0,0.4356,1.9008,0.1188,0.04566127460641705,0.03556224053939176,0.23986759797909954,0.04537856055185257,0.03490658503988659,0.23911010752322315,-0.006233318757122605,0.0,0.0,gaussian,-1,0.0,0.0,-1,23,0.859973669052124,3.331021804805129
1779528606.7825346,0.04537856055185257,0.03490658503988659,0.23911010752322315,-0.006233318757122605,0.0,0.0,0.4356,1.9008,0.1188,0.04566127460641705,0.03556224053939176,0.23986759797909954,0.04537856055185257,0.03490658503988659,0.23911010752322315,0.0020777729190408684,0.0,0.0,gaussian,-1,0.0,0.0,-1,23,0.8701162338256836,3.331021804805129
1779528606.7926896,0.04537856055185257,0.03490658503988659,0.23911010752322315,0.0020777729190408684,0.0,0.0,0.4356,1.9404,-0.198,0.04566127460641705,0.03556224053939176,0.23986759797909954,0.04537856055185257,0.03490658503988659,0.23911010752322315,0.0020777729190408684,0.0,0.0,gaussian,-1,0.0,0.0,-1,23,0.8799972534179688,3.331021804805129
1779528606.802642,0.04537856055185257,0.03490658503988659,0.23911010752322315,0.0020777729190408684,0.0,0.0,0.4356,1.9404,-0.198,0.04566127460641705,0.03556224053939176,0.23986759797909954,0.04537856055185257,0.03490658503988659,0.23911010752322315,0.0,0.0,0.0,gaussian,-1,0.0,0.0,-1,23,0.8901522159576416,3.331021804805129
1779528606.8125298,0.04537856055185257,0.03490658503988659,0.23911010752322315,0.0,0.0,0.0,0.396,1.8215999999999999,0.1188,0.04566127460641705,0.03556224053939176,0.23986759797909954,0.04537856055185257,0.03490658503988659,0.23911010752322315,0.0020777729190408684,0.0,0.0,gaussian,-1,0.0,0.0,-1,23,0.9001047611236572,3.331021804805129
1779528606.8225124,0.04537856055185257,0.03490658503988659,0.23911010752322315,0.0020777729190408684,0.0,0.0,0.27720000000000006,1.8215999999999999,0.1584,0.04566127460641705,0.03556224053939176,0.23986759797909954,0.04537856055185257,0.03490658503988659,0.23911010752322315,0.0,0.0,0.0,gaussian,-1,0.0,0.0,-1,23,0.9099924564361572,3.331021804805129
1779528606.8326554,0.04537856055185257,0.03490658503988659,0.23911010752322315,0.0,0.0,0.0,0.1188,1.8612000000000002,0.1584,0.04566127460641705,0.03556224053939176,0.23986759797909954,0.04537856055185257,0.03490658503988659,0.23911010752322315,0.0,0.0,0.0,gaussian,-1,0.0,0.0,-1,23,0.9199750423431396,3.331021804805129
1779528606.8425138,0.04537856055185257,0.03490658503988659,0.23911010752322315,0.0,0.0,0.0,0.1188,1.8612000000000002,0.1584,0.04566127460641705,0.03556224053939176,0.23986759797909954,0.04537856055185257,0.03490658503988659,0.23911010752322315,0.0020777729190408684,0.0,0.0,gaussian,-1,0.0,0.0,-1,23,0.9301180839538574,3.331021804805129
1779528606.8525693,0.04537856055185257,0.03490658503988659,0.23911010752322315,0.0020777729190408684,0.0,0.0,0.2376,1.8612000000000002,0.1584,0.04566127460641705,0.03556224053939176,0.23986759797909954,0.04537856055185257,0.03490658503988659,0.23911010752322315,0.0020777729190408684,0.0,0.0,gaussian,-1,0.0,0.0,-1,23,0.9399764537811279,3.331021804805129
1779528606.8625183,0.04537856055185257,0.03490658503988659,0.23911010752322315,0.0020777729190408684,0.0,0.0,0.2376,1.8612000000000002,0.1584,0.04566127460641705,0.03556224053939176,0.23986759797909954,0.04537856055185257,0.03490658503988659,0.23911010752322315,0.0,0.0,0.0,gaussian,-1,0.0,0.0,-1,23,0.9500319957733154,3.331021804805129
1779528606.8725486,0.04537856055185257,0.03490658503988659,0.23911010752322315,0.0,0.0,0.0,0.3168,1.8612000000000002,0.1188,0.04566127460641705,0.03556224053939176,0.23986759797909954,0.04537856055185257,0.03490658503988659,0.23911010752322315,0.0,0.0,0.0,gaussian,-1,0.0,0.0,-1,23,0.9599809646606445,3.331021804805129
1779528606.8825202,0.04537856055185257,0.03490658503988659,0.23911010752322315,0.0,0.0,0.0,0.3168,1.8612000000000002,0.1188,0.04566127460641705,0.03556224053939176,0.23986759797909954,0.04537856055185257,0.03490658503988659,0.23911010752322315,0.0,0.0,0.0,gaussian,-1,0.0,0.0,-1,23,0.9700112342834473,3.331021804805129
1779528606.8925192,0.04537856055185257,0.03490658503988659,0.23911010752322315,0.0,0.0,0.0,0.2376,1.782,0.1188,0.04566127460641705,0.03556224053939176,0.23986759797909954,0.04537856055185257,0.03490658503988659,0.23911010752322315,-0.0020777729190408684,-0.0020777729190408684,0.0,gaussian,-1,0.0,0.0,-1,23,0.979982852935791,3.331021804805129
1779528606.902519,0.04537856055185257,0.03490658503988659,0.23911010752322315,-0.0020777729190408684,-0.0020777729190408684,0.0,0.27720000000000006,1.8612000000000002,0.198,0.04566127460641705,0.03556224053939176,0.23986759797909954,0.04537856055185257,0.03490658503988659,0.23911010752322315,0.0,-0.0020777729190408684,0.0,gaussian,-1,0.0,0.0,-1,23,0.9899818897247314,3.331021804805129
1779528606.9125123,0.04537856055185257,0.03490658503988659,0.23911010752322315,0.0,-0.0020777729190408684,0.0,0.3168,1.9008,0.1188,0.04566127460641705,0.03556224053939176,0.23986759797909954,0.04537856055185257,0.03490658503988659,0.23911010752322315,0.0,0.0,0.0,gaussian,-1,0.0,0.0,-1,23,0.9999816417694092,3.331021804805129
1779528606.9226065,0.04537856055185257,0.03490658503988659,0.23911010752322315,0.0,0.0,0.0,0.3168,1.782,0.1188,0.04566127460641705,0.03556224053939176,0.23986759797909954,0.04537856055185257,0.03490658503988659,0.23911010752322315,0.0,0.0,0.0,gaussian,-1,0.0,0.0,-1,23,1.0099749565124512,3.331021804805129
1779528606.9325335,0.04537856055185257,0.03490658503988659,0.23911010752322315,0.0,0.0,0.0,0.3168,1.782,0.1188,0.04566127460641705,0.03556224053939176,0.23986759797909954,0.04537856055185257,0.03490658503988659,0.23911010752322315,0.0,0.0,0.0,gaussian,-1,0.0,0.0,-1,23,1.0200691223144531,3.331021804805129
1779528606.9425206,0.04537856055185257,0.03490658503988659,0.23911010752322315,0.0,0.0,0.0,0.4356,1.8612000000000002,0.1188,0.04566127460641705,0.03556224053939176,0.23986759797909954,0.04537856055185257,0.03490658503988659,0.23911010752322315,0.0,0.0,0.0,gaussian,-1,0.0,0.0,-1,23,1.0299961566925049,3.331021804805129
1779528606.9525714,0.04537856055185257,0.03490658503988659,0.23911010752322315,0.0,0.0,0.0,0.396,1.782,0.1188,0.04566127460641705,0.03556224053939176,0.23986759797909954,0.04537856055185257,0.03490658503988659,0.23911010752322315,0.0,0.0,0.0,gaussian,-1,0.0,0.0,-1,23,1.0399832725524902,3.331021804805129
1779528606.962544,0.04537856055185257,0.03490658503988659,0.23911010752322315,0.0,0.0,0.0,0.396,1.782,0.1188,0.04566127460641705,0.03556224053939176,0.23986759797909954,0.04537856055185257,0.03490658503988659,0.23911010752322315,0.0,0.0,0.0,gaussian,-1,0.0,0.0,-1,23,1.0500340461730957,3.331021804805129
1779528606.9725425,0.04537856055185257,0.03490658503988659,0.23911010752322315,0.0,0.0,0.0,0.27720000000000006,1.8612000000000002,0.1584,0.04566127460641705,0.03556224053939176,0.23986759797909954,0.04537856055185257,0.03490658503988659,0.23911010752322315,0.0020777729190408684,0.0,0.0,gaussian,-1,0.0,0.0,-1,23,1.0600066184997559,3.331021804805129
1779528606.9825413,0.04537856055185257,0.03490658503988659,0.23911010752322315,0.0020777729190408684,0.0,0.0,0.27720000000000006,1.9008,0.0792,0.04566127460641705,0.03556224053939176,0.23986759797909954,0.04537856055185257,0.03490658503988659,0.23911010752322315,0.0020777729190408684,-0.0020777729190408684,0.0,gaussian,-1,0.0,0.0,-1,23,1.070005178451538,3.331021804805129
1779528606.9926398,0.04537856055185257,0.03490658503988659,0.23911010752322315,0.0020777729190408684,-0.0020777729190408684,0.0,0.1584,1.782,0.1584,0.04566127460641705,0.03556224053939176,0.23986759797909954,0.04537856055185257,0.03490658503988659,0.23911010752322315,0.0,0.0,0.0,gaussian,-1,0.0,0.0,-1,23,1.0800039768218994,3.331021804805129
1779528607.0025153,0.04537856055185257,0.03490658503988659,0.23911010752322315,0.0,0.0,0.0,0.2376,1.782,0.1584,0.04566127460641705,0.03556224053939176,0.23986759797909954,0.04537856055185257,0.03490658503988659,0.23911010752322315,-0.0020777729190408684,0.0,0.0,gaussian,-1,0.0,0.0,-1,23,1.0901024341583252,3.331021804805129
1779528607.0125098,0.04537856055185257,0.03490658503988659,0.23911010752322315,-0.0020777729190408684,0.0,0.0,0.3168,1.782,0.1188,0.04566127460641705,0.03556224053939176,0.23986759797909954,0.04537856055185257,0.03490658503988659,0.23911010752322315,-0.0020777729190408684,0.0,0.0,gaussian,-1,0.0,0.0,-1,23,1.099977970123291,3.331021804805129
1779528607.0226624,0.04537856055185257,0.03490658503988659,0.23911010752322315,-0.0020777729190408684,0.0,0.0,0.35639999999999994,1.8612000000000002,0.1584,0.04566127460641705,0.03556224053939176,0.23986759797909954,0.04537856055185257,0.03490658503988659,0.23911010752322315,-0.004155545838081737,0.0,0.0,gaussian,-1,0.0,0.0,-1,23,1.1099724769592285,3.331021804805129
1779528607.0326624,0.04537856055185257,0.03490658503988659,0.23911010752322315,-0.004155545838081737,0.0,0.0,0.396,1.9404,0.1188,0.04566127460641705,0.03556224053939176,0.23986759797909954,0.04537856055185257,0.03490658503988659,0.23911010752322315,-0.004155545838081737,0.0,0.0,gaussian,-1,0.0,0.0,-1,23,1.1201250553131104,3.331021804805129
1779528607.0426736,0.04537856055185257,0.03490658503988659,0.23911010752322315,-0.004155545838081737,0.0,0.0,0.396,1.9404,0.1188,0.04566127460641705,0.03556224053939176,0.23986759797909954,0.04537856055185257,0.03490658503988659,0.23911010752322315,-0.004155545838081737,0.0,0.0,gaussian,-1,0.0,0.0,-1,23,1.1301250457763672,3.331021804805129
1779528607.0526547,0.04537856055185257,0.03490658503988659,0.23911010752322315,-0.004155545838081737,0.0,0.0,0.396,1.9404,0.1188,0.04566127460641705,0.03556224053939176,0.23986759797909954,0.04537856055185257,0.03490658503988659,0.23911010752322315,-0.0020777729190408684,0.0,0.0,gaussian,-1,0.0,0.0,-1,23,1.1401362419128418,3.331021804805129
1779528607.0626554,0.04537856055185257,0.03490658503988659,0.23911010752322315,-0.0020777729190408684,0.0,0.0,0.4356,1.8215999999999999,0.1584,0.04566127460641705,0.03556224053939176,0.23986759797909954,0.04537856055185257,0.03490658503988659,0.23911010752322315,0.0,0.0,-0.0020777729190408684,gaussian,-1,0.0,0.0,-1,23,1.1501173973083496,3.331021804805129
1779528607.0725486,0.04537856055185257,0.03490658503988659,0.23911010752322315,0.0,0.0,-0.0020777729190408684,0.4356,1.9008,0.0792,0.04566127460641705,0.03556224053939176,0.23986759797909954,0.04537856055185257,0.03490658503988659,0.23911010752322315,0.0020777729190408684,0.0,0.0,gaussian,-1,0.0,0.0,-1,23,1.1601181030273438,3.331021804805129
1779528607.08267,0.04537856055185257,0.03490658503988659,0.23911010752322315,0.0020777729190408684,0.0,0.0,0.198,1.8215999999999999,0.0792,0.04566127460641705,0.03556224053939176,0.23986759797909954,0.04537856055185257,0.03490658503988659,0.23911010752322315,0.0020777729190408684,0.0,0.0,gaussian,-1,0.0,0.0,-1,23,1.170011281967163,3.331021804805129
1779528607.0926695,0.04537856055185257,0.03490658503988659,0.23911010752322315,0.0020777729190408684,0.0,0.0,0.198,1.8215999999999999,0.0792,0.04566127460641705,0.03556224053939176,0.23986759797909954,0.04537856055185257,0.03490658503988659,0.23911010752322315,0.0,0.0,0.0,gaussian,-1,0.0,0.0,-1,23,1.1801326274871826,3.331021804805129
1779528607.1029994,0.04537856055185257,0.03490658503988659,0.23911010752322315,0.0,0.0,0.0,0.3168,1.8215999999999999,0.1188,0.04566127460641705,0.03556224053939176,0.23986759797909954,0.04537856055185257,0.03490658503988659,0.23911010752322315,0.006233318757122605,0.0,0.0,gaussian,-1,0.0,0.0,-1,23,1.1901321411132812,3.331021804805129
1779528607.1125858,0.04537856055185257,0.03490658503988659,0.23911010752322315,0.006233318757122605,0.0,0.0,0.1188,1.9404,0.0792,0.04566127460641705,0.03556224053939176,0.23986759797909954,0.04537856055185257,0.03490658503988659,0.23911010752322315,0.0,0.0,0.0,gaussian,-1,0.0,0.0,-1,23,1.2004621028900146,3.331021804805129
1779528607.1225498,0.04537856055185257,0.03490658503988659,0.23911010752322315,0.0,0.0,0.0,0.198,1.9008,0.1188,0.04566127460641705,0.03556224053939176,0.23986759797909954,0.04537856055185257,0.03490658503988659,0.23911010752322315,0.0,0.0,0.0,gaussian,-1,0.0,0.0,-1,23,1.2100484371185303,3.331021804805129
1779528607.132652,0.04537856055185257,0.03490658503988659,0.23911010752322315,0.0,0.0,0.0,0.2376,1.8612000000000002,0.1584,0.04566127460641705,0.03556224053939176,0.23986759797909954,0.04537856055185257,0.03490658503988659,0.23911010752322315,0.0,0.0,0.0,gaussian,-1,0.0,0.0,-1,23,1.2200124263763428,3.331021804805129
1779528607.1426318,0.04537856055185257,0.03490658503988659,0.23911010752322315,0.0,0.0,0.0,0.2376,1.8612000000000002,0.1584,0.04566127460641705,0.03556224053939176,0.23986759797909954,0.04537856055185257,0.03490658503988659,0.23911010752322315,-0.0020777729190408684,0.0,0.0,gaussian,-1,0.0,0.0,-1,23,1.2301146984100342,3.331021804805129
1779528607.1526942,0.04537856055185257,0.03490658503988659,0.23911010752322315,-0.0020777729190408684,0.0,0.0,0.35639999999999994,1.8612000000000002,0.1188,0.04566127460641705,0.03556224053939176,0.23986759797909954,0.04537856055185257,0.03490658503988659,0.23911010752322315,-0.006233318757122605,0.0,0.0,gaussian,-1,0.0,0.0,-1,23,1.2400944232940674,3.331021804805129
1779528607.1624892,0.04537856055185257,0.03490658503988659,0.23911010752322315,-0.006233318757122605,0.0,0.0,0.396,1.8215999999999999,0.1188,0.04566127460641705,0.03556224053939176,0.23986759797909954,0.04537856055185257,0.03490658503988659,0.23911010752322315,-0.0020777729190408684,0.0020777729190408684,0.0,gaussian,-1,0.0,0.0,-1,23,1.2501568794250488,3.331021804805129
1779528607.1725152,0.04537856055185257,0.03490658503988659,0.23911010752322315,-0.0020777729190408684,0.0020777729190408684,0.0,0.396,1.9404,0.1584,0.04566127460641705,0.03556224053939176,0.23986759797909954,0.04537856055185257,0.03490658503988659,0.23911010752322315,0.0,0.0,0.0,gaussian,-1,0.0,0.0,-1,23,1.2599518299102783,3.331021804805129
1779528607.1825469,0.04537856055185257,0.03490658503988659,0.23911010752322315,0.0,0.0,0.0,0.4356,1.8215999999999999,0.1188,0.04566127460641705,0.03556224053939176,0.23986759797909954,0.04537856055185257,0.03490658503988659,0.23911010752322315,0.0,0.0,0.0,gaussian,-1,0.0,0.0,-1,23,1.2699778079986572,3.331021804805129
1779528607.192541,0.04537856055185257,0.03490658503988659,0.23911010752322315,0.0,0.0,0.0,0.4356,1.8215999999999999,0.1188,0.04566127460641705,0.03556224053939176,0.23986759797909954,0.04537856055185257,0.03490658503988659,0.23911010752322315,0.0020777729190408684,0.0,0.0,gaussian,-1,0.0,0.0,-1,23,1.2800095081329346,3.331021804805129
1779528607.202538,0.04537856055185257,0.03490658503988659,0.23911010752322315,0.0020777729190408684,0.0,0.0,0.3168,1.8612000000000002,0.1584,0.04566127460641705,0.03556224053939176,0.23986759797909954,0.04537856055185257,0.03490658503988659,0.23911010752322315,0.0020777729190408684,0.0,0.0,gaussian,-1,0.0,0.0,-1,23,1.2900035381317139,3.331021804805129
1779528607.2127953,0.04537856055185257,0.03490658503988659,0.23911010752322315,0.0020777729190408684,0.0,0.0,0.27720000000000006,1.782,0.1584,0.04566127460641705,0.03556224053939176,0.23986759797909954,0.04537856055185257,0.03490658503988659,0.23911010752322315,0.0020777729190408684,0.0,0.0,gaussian,-1,0.0,0.0,-1,23,1.3000006675720215,3.331021804805129
1779528607.222489,0.04537856055185257,0.03490658503988659,0.23911010752322315,0.0020777729190408684,0.0,0.0,0.2376,1.9008,0.1188,0.04566127460641705,0.03556224053939176,0.23986759797909954,0.04537856055185257,0.03490658503988659,0.23911010752322315,0.0,0.0,0.0,gaussian,-1,0.0,0.0,-1,23,1.310257911682129,3.331021804805129
1779528607.2325308,0.04537856055185257,0.03490658503988659,0.23911010752322315,0.0,0.0,0.0,0.2376,1.9404,0.1188,0.04566127460641705,0.03556224053939176,0.23986759797909954,0.04537856055185257,0.03490658503988659,0.23911010752322315,0.0,0.0,0.0,gaussian,-1,0.0,0.0,-1,23,1.3199517726898193,3.331021804805129
1779528607.2425394,0.04537856055185257,0.03490658503988659,0.23911010752322315,0.0,0.0,0.0,0.27720000000000006,1.8215999999999999,0.1584,0.04566127460641705,0.03556224053939176,0.23986759797909954,0.04537856055185257,0.03490658503988659,0.23911010752322315,0.0,0.0,0.0,gaussian,-1,0.0,0.0,-1,23,1.329993486404419,3.331021804805129
1779528607.252526,0.04537856055185257,0.03490658503988659,0.23911010752322315,0.0,0.0,0.0,0.27720000000000006,1.8215999999999999,0.1584,0.04566127460641705,0.03556224053939176,0.23986759797909954,0.04537856055185257,0.03490658503988659,0.23911010752322315,0.0,0.0,0.0,gaussian,-1,0.0,0.0,-1,23,1.3400020599365234,3.331021804805129
1779528607.2625136,0.04537856055185257,0.03490658503988659,0.23911010752322315,0.0,0.0,0.0,0.27720000000000006,1.7424,0.1188,0.04566127460641705,0.03556224053939176,0.23986759797909954,0.04537856055185257,0.03490658503988659,0.23911010752322315,0.0,0.0,0.0,gaussian,-1,0.0,0.0,-1,23,1.3499886989593506,3.331021804805129
1779528607.2725024,0.04537856055185257,0.03490658503988659,0.23911010752322315,0.0,0.0,0.0,0.35639999999999994,1.9404,0.1584,0.04566127460641705,0.03556224053939176,0.23986759797909954,0.04537856055185257,0.03490658503988659,0.23911010752322315,-0.0020777729190408684,0.0,0.0,gaussian,-1,0.0,0.0,-1,23,1.3599762916564941,3.331021804805129
1779528607.282489,0.04537856055185257,0.03490658503988659,0.23911010752322315,-0.0020777729190408684,0.0,0.0,0.35639999999999994,1.9404,0.1188,0.04566127460641705,0.03556224053939176,0.23986759797909954,0.04537856055185257,0.03490658503988659,0.23911010752322315,0.0,0.0,0.0,gaussian,-1,0.0,0.0,-1,23,1.3699650764465332,3.331021804805129
1779528607.2925193,0.04537856055185257,0.03490658503988659,0.23911010752322315,0.0,0.0,0.0,0.3168,1.8612000000000002,0.198,0.04566127460641705,0.03556224053939176,0.23986759797909954,0.04537856055185257,0.03490658503988659,0.23911010752322315,0.0,0.0,0.0,gaussian,-1,0.0,0.0,-1,23,1.3799517154693604,3.331021804805129
1779528607.3025608,0.04537856055185257,0.03490658503988659,0.23911010752322315,0.0,0.0,0.0,0.2376,1.8215999999999999,0.1188,0.04566127460641705,0.03556224053939176,0.23986759797909954,0.04537856055185257,0.03490658503988659,0.23911010752322315,0.0,0.0,0.0,gaussian,-1,0.0,0.0,-1,23,1.389981985092163,3.331021804805129
1779528607.3125772,0.04537856055185257,0.03490658503988659,0.23911010752322315,0.0,0.0,0.0,0.2376,1.8215999999999999,0.1188,0.04566127460641705,0.03556224053939176,0.23986759797909954,0.04537856055185257,0.03490658503988659,0.23911010752322315,0.0,0.0,0.0,gaussian,-1,0.0,0.0,-1,23,1.4000234603881836,3.331021804805129
1779528607.3225129,0.04537856055185257,0.03490658503988659,0.23911010752322315,0.0,0.0,0.0,0.27720000000000006,1.8612000000000002,0.0792,0.04566127460641705,0.03556224053939176,0.23986759797909954,0.04537856055185257,0.03490658503988659,0.23911010752322315,0.0,0.0,0.0,gaussian,-1,0.0,0.0,-1,23,1.4100399017333984,3.331021804805129
1779528607.3325398,0.04537856055185257,0.03490658503988659,0.23911010752322315,0.0,0.0,0.0,0.35639999999999994,1.8612000000000002,0.0792,0.04566127460641705,0.03556224053939176,0.23986759797909954,0.04537856055185257,0.03490658503988659,0.23911010752322315,0.0,0.0,0.0,gaussian,-1,0.0,0.0,-1,23,1.4199755191802979,3.331021804805129
1779528607.3425386,0.04537856055185257,0.03490658503988659,0.23911010752322315,0.0,0.0,0.0,0.3168,1.8215999999999999,0.1188,0.04566127460641705,0.03556224053939176,0.23986759797909954,0.04537856055185257,0.03490658503988659,0.23911010752322315,0.0,0.0,-0.0020777729190408684,gaussian,-1,0.0,0.0,-1,23,1.4300024509429932,3.331021804805129
1779528607.352565,0.04537856055185257,0.03490658503988659,0.23911010752322315,0.0,0.0,-0.0020777729190408684,0.27720000000000006,1.8612000000000002,-0.0792,0.04566127460641705,0.03556224053939176,0.23986759797909954,0.04537856055185257,0.03490658503988659,0.23911010752322315,0.0,0.0,-0.0020777729190408684,gaussian,-1,0.0,0.0,-1,23,1.4400012493133545,3.331021804805129
1779528607.3625276,0.04537856055185257,0.03490658503988659,0.23911010752322315,0.0,0.0,-0.0020777729190408684,0.27720000000000006,1.8612000000000002,-0.0792,0.04566127460641705,0.03556224053939176,0.23986759797909954,0.04537856055185257,0.03490658503988659,0.23911010752322315,0.0,0.0,0.0,gaussian,-1,0.0,0.0,-1,23,1.4500277042388916,3.331021804805129
1779528607.3726203,0.04537856055185257,0.03490658503988659,0.23911010752322315,0.0,0.0,0.0,0.27720000000000006,1.9404,0.1188,0.04566127460641705,0.03556224053939176,0.23986759797909954,0.04537856055185257,0.03490658503988659,0.23911010752322315,0.0,0.0,0.0,gaussian,-1,0.0,0.0,-1,23,1.4599902629852295,3.331021804805129
1779528607.3824844,0.04537856055185257,0.03490658503988659,0.23911010752322315,0.0,0.0,0.0,0.3168,1.9404,0.1584,0.04566127460641705,0.03556224053939176,0.23986759797909954,0.04537856055185257,0.03490658503988659,0.23911010752322315,0.0,0.0,0.0,gaussian,-1,0.0,0.0,-1,23,1.4700829982757568,3.331021804805129
1779528607.3925755,0.04537856055185257,0.03490658503988659,0.23911010752322315,0.0,0.0,0.0,0.3168,1.98,0.1188,0.04566127460641705,0.03556224053939176,0.23986759797909954,0.04537856055185257,0.03490658503988659,0.23911010752322315,0.0020777729190408684,0.0,0.0,gaussian,-1,0.0,0.0,-1,23,1.4799470901489258,3.331021804805129
1779528607.4025204,0.04537856055185257,0.03490658503988659,0.23911010752322315,0.0020777729190408684,0.0,0.0,0.35639999999999994,1.782,0.1188,0.04566127460641705,0.03556224053939176,0.23986759797909954,0.04537856055185257,0.03490658503988659,0.23911010752322315,0.0,0.0,0.0,gaussian,-1,0.0,0.0,-1,23,1.4900381565093994,3.331021804805129
1779528607.412512,0.04537856055185257,0.03490658503988659,0.23911010752322315,0.0,0.0,0.0,0.3168,1.8612000000000002,0.0792,0.04566127460641705,0.03556224053939176,0.23986759797909954,0.04537856055185257,0.03490658503988659,0.23911010752322315,0.0,0.0,0.0,gaussian,-1,0.0,0.0,-1,23,1.4999830722808838,3.331021804805129
1779528607.4225416,0.04537856055185257,0.03490658503988659,0.23911010752322315,0.0,0.0,0.0,0.396,1.9008,0.1188,0.04566127460641705,0.03556224053939176,0.23986759797909954,0.04537856055185257,0.03490658503988659,0.23911010752322315,-0.0020777729190408684,0.0,0.0,gaussian,-1,0.0,0.0,-1,23,1.509974718093872,3.331021804805129
1779528607.4325423,0.04537856055185257,0.03490658503988659,0.23911010752322315,-0.0020777729190408684,0.0,0.0,0.4752,1.9008,0.0792,0.04566127460641705,0.03556224053939176,0.23986759797909954,0.04537856055185257,0.03490658503988659,0.23911010752322315,-0.0020777729190408684,0.0,0.0,gaussian,-1,0.0,0.0,-1,23,1.5200042724609375,3.331021804805129
1779528607.442542,0.04537856055185257,0.03490658503988659,0.23911010752322315,-0.0020777729190408684,0.0,0.0,0.4752,1.9008,0.0792,0.04566127460641705,0.03556224053939176,0.23986759797909954,0.04537856055185257,0.03490658503988659,0.23911010752322315,0.0,0.0,0.0,gaussian,-1,0.0,0.0,-1,23,1.5300049781799316,3.331021804805129
1779528607.452488,0.04537856055185257,0.03490658503988659,0.23911010752322315,0.0,0.0,0.0,0.3168,1.782,0.0792,0.04566127460641705,0.03556224053939176,0.23986759797909954,0.04537856055185257,0.03490658503988659,0.23911010752322315,0.0,0.0,0.0,gaussian,-1,0.0,0.0,-1,23,1.5400047302246094,3.331021804805129
1779528607.46252,0.04537856055185257,0.03490658503988659,0.23911010752322315,0.0,0.0,0.0,0.4752,1.8215999999999999,0.0792,0.04566127460641705,0.03556224053939176,0.23986759797909954,0.04537856055185257,0.03490658503988659,0.23911010752322315,0.0,0.0,0.0,gaussian,-1,0.0,0.0,-1,23,1.5499505996704102,3.331021804805129
1779528607.4725206,0.04537856055185257,0.03490658503988659,0.23911010752322315,0.0,0.0,0.0,0.4752,1.8215999999999999,0.0792,0.04566127460641705,0.03556224053939176,0.23986759797909954,0.04537856055185257,0.03490658503988659,0.23911010752322315,0.0020777729190408684,0.0,0.0,gaussian,-1,0.0,0.0,-1,23,1.5599825382232666,3.331021804805129
1779528607.482543,0.04537856055185257,0.03490658503988659,0.23911010752322315,0.0020777729190408684,0.0,0.0,0.396,1.8215999999999999,0.1188,0.04566127460641705,0.03556224053939176,0.23986759797909954,0.04537856055185257,0.03490658503988659,0.23911010752322315,0.0020777729190408684,0.0,0.0,gaussian,-1,0.0,0.0,-1,23,1.5699832439422607,3.331021804805129
1779528607.4925413,0.04537856055185257,0.03490658503988659,0.23911010752322315,0.0020777729190408684,0.0,0.0,0.396,1.8215999999999999,0.1188,0.04566127460641705,0.03556224053939176,0.23986759797909954,0.04537856055185257,0.03490658503988659,0.23911010752322315,0.0,0.0,0.0,gaussian,-1,0.0,0.0,-1,23,1.5800056457519531,3.331021804805129
1779528607.5026324,0.04537856055185257,0.03490658503988659,0.23911010752322315,0.0,0.0,0.0,0.2376,1.8612000000000002,0.0792,0.04566127460641705,0.03556224053939176,0.23986759797909954,0.04537856055185257,0.03490658503988659,0.23911010752322315,0.0,0.0,0.0,gaussian,-1,0.0,0.0,-1,23,1.5900039672851562,3.331021804805129
1779528607.5125132,0.04537856055185257,0.03490658503988659,0.23911010752322315,0.0,0.0,0.0,0.35639999999999994,1.9404,0.0792,0.04566127460641705,0.03556224053939176,0.23986759797909954,0.04537856055185257,0.03490658503988659,0.23911010752322315,0.0,0.0,0.0,gaussian,-1,0.0,0.0,-1,23,1.6000950336456299,3.331021804805129
1779528607.5225115,0.04537856055185257,0.03490658503988659,0.23911010752322315,0.0,0.0,0.0,0.5148,1.8612000000000002,0.0792,0.04566127460641705,0.03556224053939176,0.23986759797909954,0.04537856055185257,0.03490658503988659,0.23911010752322315,0.0,0.0,0.0,gaussian,-1,0.0,0.0,-1,23,1.609975814819336,3.331021804805129
1779528607.5325193,0.04537856055185257,0.03490658503988659,0.23911010752322315,0.0,0.0,0.0,0.4356,1.8612000000000002,0.1188,0.04566127460641705,0.03556224053939176,0.23986759797909954,0.04537856055185257,0.03490658503988659,0.23911010752322315,0.0,0.0,0.0,gaussian,-1,0.0,0.0,-1,23,1.619974136352539,3.331021804805129
1779528607.5425203,0.04537856055185257,0.03490658503988659,0.23911010752322315,0.0,0.0,0.0,0.4752,1.9404,0.1584,0.04566127460641705,0.03556224053939176,0.23986759797909954,0.04537856055185257,0.03490658503988659,0.23911010752322315,0.0,0.0,0.0,gaussian,-1,0.0,0.0,-1,23,1.6299819946289062,3.331021804805129
1779528607.552519,0.04537856055185257,0.03490658503988659,0.23911010752322315,0.0,0.0,0.0,0.396,1.8612000000000002,0.0792,0.04566127460641705,0.03556224053939176,0.23986759797909954,0.04537856055185257,0.03490658503988659,0.23911010752322315,0.0,0.0,0.0,gaussian,-1,0.0,0.0,-1,23,1.6399829387664795,3.331021804805129
1779528607.5625741,0.04537856055185257,0.03490658503988659,0.23911010752322315,0.0,0.0,0.0,0.4356,1.9008,0.0792,0.04566127460641705,0.03556224053939176,0.23986759797909954,0.04537856055185257,0.03490658503988659,0.23911010752322315,0.0,0.0,0.0,gaussian,-1,0.0,0.0,-1,23,1.6499817371368408,3.331021804805129
1779528607.5725343,0.04537856055185257,0.03490658503988659,0.23911010752322315,0.0,0.0,0.0,0.4356,1.9008,0.0792,0.04566127460641705,0.03556224053939176,0.23986759797909954,0.04537856055185257,0.03490658503988659,0.23911010752322315,0.0,-0.0020777729190408684,0.0,gaussian,-1,0.0,0.0,-1,23,1.6600368022918701,3.331021804805129
1779528607.5825422,0.04537856055185257,0.03490658503988659,0.23911010752322315,0.0,-0.0020777729190408684,0.0,0.4356,1.8215999999999999,0.0792,0.04566127460641705,0.03556224053939176,0.23986759797909954,0.04537856055185257,0.03490658503988659,0.23911010752322315,0.0,0.0,0.0,gaussian,-1,0.0,0.0,-1,23,1.669996976852417,3.331021804805129
1779528607.5925493,0.04537856055185257,0.03490658503988659,0.23911010752322315,0.0,0.0,0.0,0.396,1.8612000000000002,0.1584,0.04566127460641705,0.03556224053939176,0.23986759797909954,0.04537856055185257,0.03490658503988659,0.23911010752322315,0.0,0.0,0.0,gaussian,-1,0.0,0.0,-1,23,1.6800048351287842,3.331021804805129
1779528607.6025615,0.04537856055185257,0.03490658503988659,0.23911010752322315,0.0,0.0,0.0,0.396,1.8612000000000002,0.1188,0.04566127460641705,0.03556224053939176,0.23986759797909954,0.04537856055185257,0.03490658503988659,0.23911010752322315,0.0,0.0,0.0,gaussian,-1,0.0,0.0,-1,23,1.690011978149414,3.331021804805129
1779528607.6125379,0.04537856055185257,0.03490658503988659,0.23911010752322315,0.0,0.0,0.0,0.4356,1.98,0.1188,0.04566127460641705,0.03556224053939176,0.23986759797909954,0.04537856055185257,0.03490658503988659,0.23911010752322315,0.0,0.0,0.0,gaussian,-1,0.0,0.0,-1,23,1.700024127960205,3.331021804805129
1779528607.6225471,0.04537856055185257,0.03490658503988659,0.23911010752322315,0.0,0.0,0.0,0.4356,1.98,0.1188,0.04566127460641705,0.03556224053939176,0.23986759797909954,0.04537856055185257,0.03490658503988659,0.23911010752322315,0.0,0.0,0.0,gaussian,-1,0.0,0.0,-1,23,1.7100005149841309,3.331021804805129
1779528607.6325476,0.04537856055185257,0.03490658503988659,0.23911010752322315,0.0,0.0,0.0,0.396,1.8215999999999999,0.1188,0.04566127460641705,0.03556224053939176,0.23986759797909954,0.04537856055185257,0.03490658503988659,0.23911010752322315,0.0,0.0,0.0,gaussian,-1,0.0,0.0,-1,23,1.7200098037719727,3.331021804805129
1779528607.6425393,0.04537856055185257,0.03490658503988659,0.23911010752322315,0.0,0.0,0.0,0.4356,1.98,0.1188,0.04566127460641705,0.03556224053939176,0.23986759797909954,0.04537856055185257,0.03490658503988659,0.23911010752322315,0.0,0.0,0.0,gaussian,-1,0.0,0.0,-1,23,1.7300102710723877,3.331021804805129
1779528607.6525443,0.04537856055185257,0.03490658503988659,0.23911010752322315,0.0,0.0,0.0,0.4356,1.98,0.1188,0.04566127460641705,0.03556224053939176,0.23986759797909954,0.04537856055185257,0.03490658503988659,0.23911010752322315,0.0,0.0,0.0,gaussian,-1,0.0,0.0,-1,23,1.740001916885376,3.331021804805129
1779528607.6625268,0.04537856055185257,0.03490658503988659,0.23911010752322315,0.0,0.0,0.0,0.5148,1.8612000000000002,0.1188,0.04566127460641705,0.03556224053939176,0.23986759797909954,0.04537856055185257,0.03490658503988659,0.23911010752322315,0.0,0.0,0.0,gaussian,-1,0.0,0.0,-1,23,1.750006914138794,3.331021804805129
1779528607.6725209,0.04537856055185257,0.03490658503988659,0.23911010752322315,0.0,0.0,0.0,0.4356,1.8612000000000002,0.1188,0.04566127460641705,0.03556224053939176,0.23986759797909954,0.04537856055185257,0.03490658503988659,0.23911010752322315,0.0,0.0,0.0,gaussian,-1,0.0,0.0,-1,23,1.7599895000457764,3.331021804805129
1779528607.682521,0.04537856055185257,0.03490658503988659,0.23911010752322315,0.0,0.0,0.0,0.396,1.8612000000000002,-0.1584,0.04566127460641705,0.03556224053939176,0.23986759797909954,0.04537856055185257,0.03490658503988659,0.23911010752322315,0.0,0.0,0.0,gaussian,-1,0.0,0.0,-1,23,1.7699835300445557,3.331021804805129
1779528607.6925392,0.04537856055185257,0.03490658503988659,0.23911010752322315,0.0,0.0,0.0,0.396,1.9008,0.0792,0.04566127460641705,0.03556224053939176,0.23986759797909954,0.04537856055185257,0.03490658503988659,0.23911010752322315,0.0,0.0,0.0,gaussian,-1,0.0,0.0,-1,23,1.7799837589263916,3.331021804805129
1779528607.7025344,0.04537856055185257,0.03490658503988659,0.23911010752322315,0.0,0.0,0.0,0.396,1.9008,0.0792,0.04566127460641705,0.03556224053939176,0.23986759797909954,0.04537856055185257,0.03490658503988659,0.23911010752322315,0.0,0.0,0.0,gaussian,-1,0.0,0.0,-1,23,1.7900018692016602,3.331021804805129
1779528607.7125201,0.04537856055185257,0.03490658503988659,0.23911010752322315,0.0,0.0,0.0,0.396,1.9404,0.0792,0.04566127460641705,0.03556224053939176,0.23986759797909954,0.04537856055185257,0.03490658503988659,0.23911010752322315,-0.0020777729190408684,0.0,0.0,gaussian,-1,0.0,0.0,-1,23,1.799997091293335,3.331021804805129
1779528607.7225718,0.04537856055185257,0.03490658503988659,0.23911010752322315,-0.0020777729190408684,0.0,0.0,0.396,1.8612000000000002,0.1584,0.04566127460641705,0.03556224053939176,0.23986759797909954,0.04537856055185257,0.03490658503988659,0.23911010752322315,-0.0020777729190408684,0.0,0.0,gaussian,-1,0.0,0.0,-1,23,1.8099827766418457,3.331021804805129
1779528607.7325199,0.04537856055185257,0.03490658503988659,0.23911010752322315,-0.0020777729190408684,0.0,0.0,0.396,1.8612000000000002,0.1584,0.04566127460641705,0.03556224053939176,0.23986759797909954,0.04537856055185257,0.03490658503988659,0.23911010752322315,0.0,0.0,0.0,gaussian,-1,0.0,0.0,-1,23,1.8200345039367676,3.331021804805129
1779528607.7425191,0.04537856055185257,0.03490658503988659,0.23911010752322315,0.0,0.0,0.0,0.4356,1.7424,0.1188,0.04566127460641705,0.03556224053939176,0.23986759797909954,0.04537856055185257,0.03490658503988659,0.23911010752322315,0.0,0.0,0.0,gaussian,-1,0.0,0.0,-1,23,1.8299825191497803,3.331021804805129
1779528607.7525525,0.04537856055185257,0.03490658503988659,0.23911010752322315,0.0,0.0,0.0,0.396,1.9008,0.1188,0.04566127460641705,0.03556224053939176,0.23986759797909954,0.04537856055185257,0.03490658503988659,0.23911010752322315,0.0,0.0,0.0,gaussian,-1,0.0,0.0,-1,23,1.8399817943572998,3.331021804805129
1779528607.7625494,0.04537856055185257,0.03490658503988659,0.23911010752322315,0.0,0.0,0.0,0.396,1.9008,0.1188,0.04566127460641705,0.03556224053939176,0.23986759797909954,0.04537856055185257,0.03490658503988659,0.23911010752322315,0.0,0.0,0.0,gaussian,-1,0.0,0.0,-1,23,1.8500151634216309,3.331021804805129
1779528607.7725418,0.04537856055185257,0.03490658503988659,0.23911010752322315,0.0,0.0,0.0,0.4752,1.8215999999999999,0.1188,0.04566127460641705,0.03556224053939176,0.23986759797909954,0.04537856055185257,0.03490658503988659,0.23911010752322315,0.0,0.0,0.0,gaussian,-1,0.0,0.0,-1,23,1.8600120544433594,3.331021804805129
1779528607.7825441,0.04537856055185257,0.03490658503988659,0.23911010752322315,0.0,0.0,0.0,0.4752,1.9404,0.1188,0.04566127460641705,0.03556224053939176,0.23986759797909954,0.04537856055185257,0.03490658503988659,0.23911010752322315,0.0020777729190408684,0.0,0.0,gaussian,-1,0.0,0.0,-1,23,1.870004415512085,3.331021804805129
1779528607.7925308,0.04537856055185257,0.03490658503988659,0.23911010752322315,0.0020777729190408684,0.0,0.0,0.4356,1.8612000000000002,0.1584,0.04566127460641705,0.03556224053939176,0.23986759797909954,0.04537856055185257,0.03490658503988659,0.23911010752322315,0.0,0.0,0.0,gaussian,-1,0.0,0.0,-1,23,1.8800067901611328,3.331021804805129
1779528607.8024862,0.04537856055185257,0.03490658503988659,0.23911010752322315,0.0,0.0,0.0,0.396,1.8612000000000002,0.1188,0.04566127460641705,0.03556224053939176,0.23986759797909954,0.04537856055185257,0.03490658503988659,0.23911010752322315,-0.0020777729190408684,0.0,0.0,gaussian,-1,0.0,0.0,-1,23,1.88999342918396,3.331021804805129
1779528607.8125136,0.04537856055185257,0.03490658503988659,0.23911010752322315,-0.0020777729190408684,0.0,0.0,0.35639999999999994,1.8215999999999999,0.1584,0.04566127460641705,0.03556224053939176,0.23986759797909954,0.04537856055185257,0.03490658503988659,0.23911010752322315,0.0,0.0,0.0,gaussian,-1,0.0,0.0,-1,23,1.8999488353729248,3.331021804805129
1779528607.8225112,0.04537856055185257,0.03490658503988659,0.23911010752322315,0.0,0.0,0.0,0.5148,1.98,0.1188,0.04566127460641705,0.03556224053939176,0.23986759797909954,0.04537856055185257,0.03490658503988659,0.23911010752322315,0.0,0.0,0.0,gaussian,-1,0.0,0.0,-1,23,1.9099762439727783,3.331021804805129
1779528607.8325176,0.04537856055185257,0.03490658503988659,0.23911010752322315,0.0,0.0,0.0,0.5148,1.9008,0.1188,0.04566127460641705,0.03556224053939176,0.23986759797909954,0.04537856055185257,0.03490658503988659,0.23911010752322315,0.0,0.0,0.0,gaussian,-1,0.0,0.0,-1,23,1.9199738502502441,3.331021804805129
1779528607.842574,0.04537856055185257,0.03490658503988659,0.23911010752322315,0.0,0.0,0.0,0.4752,1.8215999999999999,0.1188,0.04566127460641705,0.03556224053939176,0.23986759797909954,0.04537856055185257,0.03490658503988659,0.23911010752322315,0.0,0.0,0.0,gaussian,-1,0.0,0.0,-1,23,1.9299802780151367,3.331021804805129
1779528607.852552,0.04537856055185257,0.03490658503988659,0.23911010752322315,0.0,0.0,0.0,0.4752,1.8215999999999999,0.1188,0.04566127460641705,0.03556224053939176,0.23986759797909954,0.04537856055185257,0.03490658503988659,0.23911010752322315,0.0,0.0,0.0020777729190408684,gaussian,-1,0.0,0.0,-1,23,1.9400365352630615,3.331021804805129
1779528607.8625517,0.04537856055185257,0.03490658503988659,0.23911010752322315,0.0,0.0,0.0020777729190408684,0.5148,1.9404,0.1188,0.04566127460641705,0.03556224053939176,0.23986759797909954,0.04537856055185257,0.03490658503988659,0.23911010752322315,0.0,0.0,0.0,gaussian,-1,0.0,0.0,-1,23,1.950014591217041,3.331021804805129
1779528607.8725176,0.04537856055185257,0.03490658503988659,0.23911010752322315,0.0,0.0,0.0,0.4356,1.8612000000000002,0.1188,0.04566127460641705,0.03556224053939176,0.23986759797909954,0.04537856055185257,0.03490658503988659,0.23911010752322315,0.0,0.0,0.0,gaussian,-1,0.0,0.0,-1,23,1.9600143432617188,3.331021804805129
1779528607.8825185,0.04537856055185257,0.03490658503988659,0.23911010752322315,0.0,0.0,0.0,0.35639999999999994,1.8215999999999999,0.198,0.04566127460641705,0.03556224053939176,0.23986759797909954,0.04537856055185257,0.03490658503988659,0.23911010752322315,0.0,0.0,0.0,gaussian,-1,0.0,0.0,-1,23,1.969980239868164,3.331021804805129
1779528607.8925428,0.04537856055185257,0.03490658503988659,0.23911010752322315,0.0,0.0,0.0,0.5148,2.0196,0.1188,0.04566127460641705,0.03556224053939176,0.23986759797909954,0.04537856055185257,0.03490658503988659,0.23911010752322315,0.0,0.0,0.0,gaussian,-1,0.0,0.0,-1,23,1.9799811840057373,3.331021804805129
1779528607.9025471,0.04537856055185257,0.03490658503988659,0.23911010752322315,0.0,0.0,0.0,0.5148,2.0196,0.1188,0.04566127460641705,0.03556224053939176,0.23986759797909954,0.04537856055185257,0.03490658503988659,0.23911010752322315,-0.0020777729190408684,0.0,0.0,gaussian,-1,0.0,0.0,-1,23,1.9900054931640625,3.331021804805129
1779528607.912591,0.04537856055185257,0.03490658503988659,0.23911010752322315,-0.0020777729190408684,0.0,0.0,0.4356,1.8612000000000002,0.1584,0.04566127460641705,0.03556224053939176,0.23986759797909954,0.04537856055185257,0.03490658503988659,0.23911010752322315,0.0,0.0,0.0,gaussian,-1,0.0,0.0,-1,23,2.000009775161743,3.331021804805129
1779528607.9225125,0.04537856055185257,0.03490658503988659,0.23911010752322315,0.0,0.0,0.0,0.4356,2.0196,0.1584,0.04566127460641705,0.03556224053939176,0.23986759797909954,0.04537856055185257,0.03490658503988659,0.23911010752322315,0.0,-0.0020777729190408684,0.0,gaussian,-1,0.0,0.0,-1,23,2.0100536346435547,3.331021804805129
1779528607.932527,0.04537856055185257,0.03490658503988659,0.23911010752322315,0.0,-0.0020777729190408684,0.0,0.4752,1.9008,0.0792,0.04566127460641705,0.03556224053939176,0.23986759797909954,0.04537856055185257,0.03490658503988659,0.23911010752322315,0.0,0.0,0.0,gaussian,-1,0.0,0.0,-1,23,2.019975185394287,3.331021804805129
1779528607.9425797,0.04537856055185257,0.03490658503988659,0.23911010752322315,0.0,0.0,0.0,0.4752,1.8215999999999999,0.1584,0.04566127460641705,0.03556224053939176,0.23986759797909954,0.04537856055185257,0.03490658503988659,0.23911010752322315,0.0,0.0,0.0,gaussian,-1,0.0,0.0,-1,23,2.029989719390869,3.331021804805129
1779528607.9525495,0.04537856055185257,0.03490658503988659,0.23911010752322315,0.0,0.0,0.0,0.4356,1.8612000000000002,0.1188,0.04566127460641705,0.03556224053939176,0.23986759797909954,0.04537856055185257,0.03490658503988659,0.23911010752322315,0.0,0.0,0.0,gaussian,-1,0.0,0.0,-1,23,2.0400424003601074,3.331021804805129
1779528607.962544,0.04537856055185257,0.03490658503988659,0.23911010752322315,0.0,0.0,0.0,0.4356,1.8612000000000002,0.1188,0.04566127460641705,0.03556224053939176,0.23986759797909954,0.04537856055185257,0.03490658503988659,0.23911010752322315,0.0,0.0,0.0,gaussian,-1,0.0,0.0,-1,23,2.0500121116638184,3.331021804805129
1779528607.9725347,0.04537856055185257,0.03490658503988659,0.23911010752322315,0.0,0.0,0.0,0.4356,1.8612000000000002,0.1188,0.04566127460641705,0.03556224053939176,0.23986759797909954,0.04537856055185257,0.03490658503988659,0.23911010752322315,0.0,0.0,0.0,gaussian,-1,0.0,0.0,-1,23,2.060006618499756,3.331021804805129
1779528607.9825573,0.04537856055185257,0.03490658503988659,0.23911010752322315,0.0,0.0,0.0,0.5148,2.0196,0.1188,0.04566127460641705,0.03556224053939176,0.23986759797909954,0.04537856055185257,0.03490658503988659,0.23911010752322315,0.0,0.0,0.0,gaussian,-1,0.0,0.0,-1,23,2.0699973106384277,3.331021804805129
1779528607.992517,0.04537856055185257,0.03490658503988659,0.23911010752322315,0.0,0.0,0.0,0.5148,2.0196,0.1188,0.04566127460641705,0.03556224053939176,0.23986759797909954,0.04537856055185257,0.03490658503988659,0.23911010752322315,0.0,0.0,0.0,gaussian,-1,0.0,0.0,-1,23,2.080019950866699,3.331021804805129
1779528608.0025208,0.04537856055185257,0.03490658503988659,0.23911010752322315,0.0,0.0,0.0,0.5148,1.8612000000000002,0.1188,0.04566127460641705,0.03556224053939176,0.23986759797909954,0.04537856055185257,0.03490658503988659,0.23911010752322315,0.0,0.0,-0.0020777729190408684,gaussian,-1,0.0,0.0,-1,23,2.089979648590088,3.331021804805129
1779528608.0125127,0.04537856055185257,0.03490658503988659,0.23911010752322315,0.0,0.0,-0.0020777729190408684,0.4752,1.9008,0.1584,0.04566127460641705,0.03556224053939176,0.23986759797909954,0.04537856055185257,0.03490658503988659,0.23911010752322315,0.0,0.0,0.0,gaussian,-1,0.0,0.0,-1,23,2.0999834537506104,3.331021804805129
1779528608.0227075,0.04537856055185257,0.03490658503988659,0.23911010752322315,0.0,0.0,0.0,0.5148,1.8215999999999999,0.1584,0.04566127460641705,0.03556224053939176,0.23986759797909954,0.04537856055185257,0.03490658503988659,0.23911010752322315,0.0,0.0,0.0,gaussian,-1,0.0,0.0,-1,23,2.1099753379821777,3.331021804805129
1779528608.032519,0.04537856055185257,0.03490658503988659,0.23911010752322315,0.0,0.0,0.0,0.5148,1.8215999999999999,0.1584,0.04566127460641705,0.03556224053939176,0.23986759797909954,0.04537856055185257,0.03490658503988659,0.23911010752322315,0.0,0.0,0.0,gaussian,-1,0.0,0.0,-1,23,2.1201701164245605,3.331021804805129
1779528608.042524,0.04537856055185257,0.03490658503988659,0.23911010752322315,0.0,0.0,0.0,0.5544000000000001,1.782,0.1584,0.04566127460641705,0.03556224053939176,0.23986759797909954,0.04537856055185257,0.03490658503988659,0.23911010752322315,0.0,0.0,0.0,gaussian,-1,0.0,0.0,-1,23,2.129981756210327,3.331021804805129
1779528608.0524685,0.04537856055185257,0.03490658503988659,0.23911010752322315,0.0,0.0,0.0,0.4752,1.8612000000000002,0.1188,0.04566127460641705,0.03556224053939176,0.23986759797909954,0.04537856055185257,0.03490658503988659,0.23911010752322315,0.0,0.0,0.0,gaussian,-1,0.0,0.0,-1,23,2.139986753463745,3.331021804805129
1779528608.0625706,0.04537856055185257,0.03490658503988659,0.23911010752322315,0.0,0.0,0.0,0.396,1.9404,0.1584,0.04566127460641705,0.03556224053939176,0.23986759797909954,0.04537856055185257,0.03490658503988659,0.23911010752322315,0.0,0.0,0.0,gaussian,-1,0.0,0.0,-1,23,2.1499311923980713,3.331021804805129
1779528608.0725365,0.04537856055185257,0.03490658503988659,0.23911010752322315,0.0,0.0,0.0,0.396,1.9404,0.1584,0.04566127460641705,0.03556224053939176,0.23986759797909954,0.04537856055185257,0.03490658503988659,0.23911010752322315,-0.0020777729190408684,0.0,0.0,gaussian,-1,0.0,0.0,-1,23,2.1600332260131836,3.331021804805129
1779528608.082576,0.04537856055185257,0.03490658503988659,0.23911010752322315,-0.0020777729190408684,0.0,0.0,0.4752,1.8612000000000002,0.1584,0.04566127460641705,0.03556224053939176,0.23986759797909954,0.04537856055185257,0.03490658503988659,0.23911010752322315,0.0,0.0,0.0,gaussian,-1,0.0,0.0,-1,23,2.169999122619629,3.331021804805129
1779528608.0925834,0.04537856055185257,0.03490658503988659,0.23911010752322315,0.0,0.0,0.0,0.5148,1.9008,0.1188,0.04566127460641705,0.03556224053939176,0.23986759797909954,0.04537856055185257,0.03490658503988659,0.23911010752322315,0.0,0.0,0.0,gaussian,-1,0.0,0.0,-1,23,2.1800386905670166,3.331021804805129
1779528608.102544,0.04537856055185257,0.03490658503988659,0.23911010752322315,0.0,0.0,0.0,0.6336,1.9404,0.1188,0.04566127460641705,0.03556224053939176,0.23986759797909954,0.04537856055185257,0.03490658503988659,0.23911010752322315,0.0,0.0,0.0,gaussian,-1,0.0,0.0,-1,23,2.1900460720062256,3.331021804805129
1779528608.1126058,0.04537856055185257,0.03490658503988659,0.23911010752322315,0.0,0.0,0.0,0.6336,1.9404,0.1188,0.04566127460641705,0.03556224053939176,0.23986759797909954,0.04537856055185257,0.03490658503988659,0.23911010752322315,0.0,0.0,0.0,gaussian,-1,0.0,0.0,-1,23,2.2000067234039307,3.331021804805129
1779528608.1225407,0.04537856055185257,0.03490658503988659,0.23911010752322315,0.0,0.0,0.0,0.5148,1.98,0.1584,0.04566127460641705,0.03556224053939176,0.23986759797909954,0.04537856055185257,0.03490658503988659,0.23911010752322315,0.0,0.0,0.0,gaussian,-1,0.0,0.0,-1,23,2.210068464279175,3.331021804805129
1779528608.1325438,0.04537856055185257,0.03490658503988659,0.23911010752322315,0.0,0.0,0.0,0.5544000000000001,1.98,0.1584,0.04566127460641705,0.03556224053939176,0.23986759797909954,0.04537856055185257,0.03490658503988659,0.23911010752322315,0.0,-0.0020777729190408684,0.0,gaussian,-1,0.0,0.0,-1,23,2.220003366470337,3.331021804805129
1779528608.1425211,0.04537856055185257,0.03490658503988659,0.23911010752322315,0.0,-0.0020777729190408684,0.0,0.5940000000000001,1.8215999999999999,0.1584,0.04566127460641705,0.03556224053939176,0.23986759797909954,0.04537856055185257,0.03490658503988659,0.23911010752322315,0.0,0.0,0.0,gaussian,-1,0.0,0.0,-1,23,2.230006456375122,3.331021804805129
1779528608.152515,0.04537856055185257,0.03490658503988659,0.23911010752322315,0.0,0.0,0.0,0.4356,1.98,0.1584,0.04566127460641705,0.03556224053939176,0.23986759797909954,0.04537856055185257,0.03490658503988659,0.23911010752322315,0.0,0.0,0.0,gaussian,-1,0.0,0.0,-1,23,2.2399837970733643,3.331021804805129
1779528608.1625204,0.04537856055185257,0.03490658503988659,0.23911010752322315,0.0,0.0,0.0,0.4752,1.98,0.198,0.04566127460641705,0.03556224053939176,0.23986759797909954,0.04537856055185257,0.03490658503988659,0.23911010752322315,0.0,0.0,0.0,gaussian,-1,0.0,0.0,-1,23,2.2499775886535645,3.331021804805129
1779528608.172563,0.04537856055185257,0.03490658503988659,0.23911010752322315,0.0,0.0,0.0,0.5148,1.8612000000000002,0.198,0.04566127460641705,0.03556224053939176,0.23986759797909954,0.04537856055185257,0.03490658503988659,0.23911010752322315,0.0,0.0,0.0,gaussian,-1,0.0,0.0,-1,23,2.2599830627441406,3.331021804805129
1779528608.182585,0.04537856055185257,0.03490658503988659,0.23911010752322315,0.0,0.0,0.0,0.5148,1.8612000000000002,0.198,0.04566127460641705,0.03556224053939176,0.23986759797909954,0.04537856055185257,0.03490658503988659,0.23911010752322315,0.0,0.0,0.0,gaussian,-1,0.0,0.0,-1,23,2.2700257301330566,3.331021804805129
1779528608.1926746,0.04537856055185257,0.03490658503988659,0.23911010752322315,0.0,0.0,0.0,0.5544000000000001,2.0196,0.1584,0.04566127460641705,0.03556224053939176,0.23986759797909954,0.04537856055185257,0.03490658503988659,0.23911010752322315,-0.0020777729190408684,0.0,0.0,gaussian,-1,0.0,0.0,-1,23,2.280047655105591,3.331021804805129
1779528608.2025378,0.04537856055185257,0.03490658503988659,0.23911010752322315,-0.0020777729190408684,0.0,0.0,0.5940000000000001,1.8215999999999999,0.1188,0.04566127460641705,0.03556224053939176,0.23986759797909954,0.04537856055185257,0.03490658503988659,0.23911010752322315,-0.0020777729190408684,0.0,0.0,gaussian,-1,0.0,0.0,-1,23,2.29013729095459,3.331021804805129
1779528608.2125127,0.04537856055185257,0.03490658503988659,0.23911010752322315,-0.0020777729190408684,0.0,0.0,0.5148,1.8215999999999999,0.198,0.04566127460641705,0.03556224053939176,0.23986759797909954,0.04537856055185257,0.03490658503988659,0.23911010752322315,0.0,0.0,0.0,gaussian,-1,0.0,0.0,-1,23,2.3000004291534424,3.331021804805129
1779528608.2226012,0.04537856055185257,0.03490658503988659,0.23911010752322315,0.0,0.0,0.0,0.5148,1.9404,0.1188,0.04566127460641705,0.03556224053939176,0.23986759797909954,0.04537856055185257,0.03490658503988659,0.23911010752322315,0.0,0.0,0.0,gaussian,-1,0.0,0.0,-1,23,2.3099753856658936,3.331021804805129
1779528608.232629,0.04537856055185257,0.03490658503988659,0.23911010752322315,0.0,0.0,0.0,0.5544000000000001,1.98,0.1584,0.04566127460641705,0.03556224053939176,0.23986759797909954,0.04537856055185257,0.03490658503988659,0.23911010752322315,0.0,0.0,0.0,gaussian,-1,0.0,0.0,-1,23,2.320063829421997,3.331021804805129
1779528608.2426543,0.04537856055185257,0.03490658503988659,0.23911010752322315,0.0,0.0,0.0,0.5544000000000001,1.98,0.1584,0.04566127460641705,0.03556224053939176,0.23986759797909954,0.04537856055185257,0.03490658503988659,0.23911010752322315,0.0020777729190408684,0.0,0.0,gaussian,-1,0.0,0.0,-1,23,2.330091714859009,3.331021804805129
1779528608.2525475,0.04537856055185257,0.03490658503988659,0.23911010752322315,0.0020777729190408684,0.0,0.0,0.5940000000000001,1.8612000000000002,0.198,0.04566127460641705,0.03556224053939176,0.23986759797909954,0.04537856055185257,0.03490658503988659,0.23911010752322315,0.0,0.0,0.0,gaussian,-1,0.0,0.0,-1,23,2.3401169776916504,3.331021804805129
1779528608.2626486,0.04537856055185257,0.03490658503988659,0.23911010752322315,0.0,0.0,0.0,0.5544000000000001,1.8612000000000002,0.1584,0.04566127460641705,0.03556224053939176,0.23986759797909954,0.04537856055185257,0.03490658503988659,0.23911010752322315,0.0,0.0,0.0,gaussian,-1,0.0,0.0,-1,23,2.3500101566314697,3.331021804805129
1779528608.2725785,0.04537856055185257,0.03490658503988659,0.23911010752322315,0.0,0.0,0.0,0.5544000000000001,1.8612000000000002,0.1584,0.04566127460641705,0.03556224053939176,0.23986759797909954,0.04537856055185257,0.03490658503988659,0.23911010752322315,0.0,0.0,0.0,gaussian,-1,0.0,0.0,-1,23,2.3601112365722656,3.331021804805129
1779528608.2825124,0.04537856055185257,0.03490658503988659,0.23911010752322315,0.0,0.0,0.0,0.5544000000000001,1.9008,0.1188,0.04566127460641705,0.03556224053939176,0.23986759797909954,0.04537856055185257,0.03490658503988659,0.23911010752322315,0.0,0.0,0.0,gaussian,-1,0.0,0.0,-1,23,2.3700411319732666,3.331021804805129
1779528608.2925436,0.04537856055185257,0.03490658503988659,0.23911010752322315,0.0,0.0,0.0,0.5148,1.9404,0.1584,0.04566127460641705,0.03556224053939176,0.23986759797909954,0.04537856055185257,0.03490658503988659,0.23911010752322315,0.0,0.0,0.0,gaussian,-1,0.0,0.0,-1,23,2.3799750804901123,3.331021804805129
1779528608.3025396,0.04537856055185257,0.03490658503988659,0.23911010752322315,0.0,0.0,0.0,0.5148,1.9404,0.1584,0.04566127460641705,0.03556224053939176,0.23986759797909954,0.04537856055185257,0.03490658503988659,0.23911010752322315,0.0,0.0,0.0,gaussian,-1,0.0,0.0,-1,23,2.3900063037872314,3.331021804805129
1779528608.3125062,0.04537856055185257,0.03490658503988659,0.23911010752322315,0.0,0.0,0.0,0.5148,1.9008,0.0792,0.04566127460641705,0.03556224053939176,0.23986759797909954,0.04537856055185257,0.03490658503988659,0.23911010752322315,0.0,0.0,0.0,gaussian,-1,0.0,0.0,-1,23,2.4000022411346436,3.331021804805129
1779528608.3225844,0.04537856055185257,0.03490658503988659,0.23911010752322315,0.0,0.0,0.0,0.5148,1.9008,0.1584,0.04566127460641705,0.03556224053939176,0.23986759797909954,0.04537856055185257,0.03490658503988659,0.23911010752322315,0.0,0.0,0.0,gaussian,-1,0.0,0.0,-1,23,2.409968852996826,3.331021804805129
1779528608.3325841,0.04537856055185257,0.03490658503988659,0.23911010752322315,0.0,0.0,0.0,0.5148,1.8612000000000002,0.1584,0.04566127460641705,0.03556224053939176,0.23986759797909954,0.04537856055185257,0.03490658503988659,0.23911010752322315,0.0,-0.0020777729190408684,0.0,gaussian,-1,0.0,0.0,-1,23,2.4200470447540283,3.331021804805129
1779528608.3425536,0.04537856055185257,0.03490658503988659,0.23911010752322315,0.0,-0.0020777729190408684,0.0,0.6336,1.8612000000000002,0.1584,0.04566127460641705,0.03556224053939176,0.23986759797909954,0.04537856055185257,0.03490658503988659,0.23911010752322315,0.0,-0.0020777729190408684,0.0,gaussian,-1,0.0,0.0,-1,23,2.430046796798706,3.331021804805129
1779528608.3525357,0.04537856055185257,0.03490658503988659,0.23911010752322315,0.0,-0.0020777729190408684,0.0,0.6336,1.8612000000000002,0.1584,0.04566127460641705,0.03556224053939176,0.23986759797909954,0.04537856055185257,0.03490658503988659,0.23911010752322315,0.0,0.0,0.0,gaussian,-1,0.0,0.0,-1,23,2.440016269683838,3.331021804805129
1779528608.3625195,0.04537856055185257,0.03490658503988659,0.23911010752322315,0.0,0.0,0.0,0.5544000000000001,1.8215999999999999,0.1584,0.04566127460641705,0.03556224053939176,0.23986759797909954,0.04537856055185257,0.03490658503988659,0.23911010752322315,0.0,0.0,0.0,gaussian,-1,0.0,0.0,-1,23,2.449998378753662,3.331021804805129
1779528608.3725533,0.04537856055185257,0.03490658503988659,0.23911010752322315,0.0,0.0,0.0,0.4752,1.8612000000000002,0.198,0.04566127460641705,0.03556224053939176,0.23986759797909954,0.04537856055185257,0.03490658503988659,0.23911010752322315,0.0,0.0,0.0,gaussian,-1,0.0,0.0,-1,23,2.45998215675354,3.331021804805129
1779528608.3825696,0.04537856055185257,0.03490658503988659,0.23911010752322315,0.0,0.0,0.0,0.4752,1.8612000000000002,0.198,0.04566127460641705,0.03556224053939176,0.23986759797909954,0.04537856055185257,0.03490658503988659,0.23911010752322315,0.0,0.0,0.0,gaussian,-1,0.0,0.0,-1,23,2.4700160026550293,3.331021804805129
1779528608.3925097,0.04537856055185257,0.03490658503988659,0.23911010752322315,0.0,0.0,0.0,0.5544000000000001,1.8612000000000002,0.1584,0.04566127460641705,0.03556224053939176,0.23986759797909954,0.04537856055185257,0.03490658503988659,0.23911010752322315,0.0,0.0,0.0,gaussian,-1,0.0,0.0,-1,23,2.480032205581665,3.331021804805129
1779528608.402526,0.04537856055185257,0.03490658503988659,0.23911010752322315,0.0,0.0,0.0,0.5148,1.9404,0.1584,0.04566127460641705,0.03556224053939176,0.23986759797909954,0.04537856055185257,0.03490658503988659,0.23911010752322315,0.0,0.0,0.0,gaussian,-1,0.0,0.0,-1,23,2.4899723529815674,3.331021804805129
1779528608.4125717,0.04537856055185257,0.03490658503988659,0.23911010752322315,0.0,0.0,0.0,0.5940000000000001,1.98,0.1584,0.04566127460641705,0.03556224053939176,0.23986759797909954,0.04537856055185257,0.03490658503988659,0.23911010752322315,0.0,0.0,0.0,gaussian,-1,0.0,0.0,-1,23,2.499988555908203,3.331021804805129
1779528608.422476,0.04537856055185257,0.03490658503988659,0.23911010752322315,0.0,0.0,0.0,0.5940000000000001,1.98,0.1584,0.04566127460641705,0.03556224053939176,0.23986759797909954,0.04537856055185257,0.03490658503988659,0.23911010752322315,0.0,0.0,0.0,gaussian,-1,0.0,0.0,-1,23,2.5100343227386475,3.331021804805129
1779528608.432571,0.04537856055185257,0.03490658503988659,0.23911010752322315,0.0,0.0,0.0,0.5148,1.8612000000000002,0.198,0.04566127460641705,0.03556224053939176,0.23986759797909954,0.04537856055185257,0.03490658503988659,0.23911010752322315,0.0,0.0,0.0,gaussian,-1,0.0,0.0,-1,23,2.5199387073516846,3.331021804805129
1779528608.442513,0.04537856055185257,0.03490658503988659,0.23911010752322315,0.0,0.0,0.0,0.5148,1.8612000000000002,0.198,0.04566127460641705,0.03556224053939176,0.23986759797909954,0.04537856055185257,0.03490658503988659,0.23911010752322315,0.0,0.0,0.0,gaussian,-1,0.0,0.0,-1,23,2.530033588409424,3.331021804805129
1779528608.4525602,0.04537856055185257,0.03490658503988659,0.23911010752322315,0.0,0.0,0.0,0.5148,1.8612000000000002,0.1584,0.04566127460641705,0.03556224053939176,0.23986759797909954,0.04537856055185257,0.03490658503988659,0.23911010752322315,0.0,0.0,0.0,gaussian,-1,0.0,0.0,-1,23,2.539975643157959,3.331021804805129
1779528608.4625218,0.04537856055185257,0.03490658503988659,0.23911010752322315,0.0,0.0,0.0,0.5148,1.8612000000000002,0.1584,0.04566127460641705,0.03556224053939176,0.23986759797909954,0.04537856055185257,0.03490658503988659,0.23911010752322315,0.0,0.0,0.0,gaussian,-1,0.0,0.0,-1,23,2.550022840499878,3.331021804805129
1779528608.4725204,0.04537856055185257,0.03490658503988659,0.23911010752322315,0.0,0.0,0.0,0.4752,1.9404,0.1188,0.04566127460641705,0.03556224053939176,0.23986759797909954,0.04537856055185257,0.03490658503988659,0.23911010752322315,0.0,0.0,0.0,gaussian,-1,0.0,0.0,-1,23,2.5599844455718994,3.331021804805129
1779528608.48252,0.04537856055185257,0.03490658503988659,0.23911010752322315,0.0,0.0,0.0,0.5544000000000001,1.9008,0.198,0.04566127460641705,0.03556224053939176,0.23986759797909954,0.04537856055185257,0.03490658503988659,0.23911010752322315,0.0,0.0,0.0,gaussian,-1,0.0,0.0,-1,23,2.5699830055236816,3.331021804805129
1779528608.4925442,0.04537856055185257,0.03490658503988659,0.23911010752322315,0.0,0.0,0.0,0.5148,1.8612000000000002,0.1584,0.04566127460641705,0.03556224053939176,0.23986759797909954,0.04537856055185257,0.03490658503988659,0.23911010752322315,0.0,0.0,0.0,gaussian,-1,0.0,0.0,-1,23,2.5799827575683594,3.331021804805129
1779528608.5025933,0.04537856055185257,0.03490658503988659,0.23911010752322315,0.0,0.0,0.0,0.5148,1.9404,0.198,0.04566127460641705,0.03556224053939176,0.23986759797909954,0.04537856055185257,0.03490658503988659,0.23911010752322315,0.0,0.0,0.0,gaussian,-1,0.0,0.0,-1,23,2.5900068283081055,3.331021804805129
1779528608.5125566,0.04537856055185257,0.03490658503988659,0.23911010752322315,0.0,0.0,0.0,0.5148,1.9404,0.198,0.04566127460641705,0.03556224053939176,0.23986759797909954,0.04537856055185257,0.03490658503988659,0.23911010752322315,0.0,0.0,0.0,gaussian,-1,0.0,0.0,-1,23,2.6000559329986572,3.331021804805129
1779528608.5225158,0.04537856055185257,0.03490658503988659,0.23911010752322315,0.0,0.0,0.0,0.5148,1.9008,0.1584,0.04566127460641705,0.03556224053939176,0.23986759797909954,0.04537856055185257,0.03490658503988659,0.23911010752322315,-0.0020777729190408684,0.0,0.0,gaussian,-1,0.0,0.0,-1,23,2.6100192070007324,3.331021804805129
1779528608.532586,0.04537856055185257,0.03490658503988659,0.23911010752322315,-0.0020777729190408684,0.0,0.0,0.5148,1.9008,0.1584,0.04566127460641705,0.03556224053939176,0.23986759797909954,0.04537856055185257,0.03490658503988659,0.23911010752322315,0.0,0.0,0.0,gaussian,-1,0.0,0.0,-1,23,2.619978427886963,3.331021804805129
1779528608.542478,0.04537856055185257,0.03490658503988659,0.23911010752322315,0.0,0.0,0.0,0.5940000000000001,1.8215999999999999,0.1188,0.04566127460641705,0.03556224053939176,0.23986759797909954,0.04537856055185257,0.03490658503988659,0.23911010752322315,0.0,0.0,-0.0020777729190408684,gaussian,-1,0.0,0.0,-1,23,2.6300487518310547,3.331021804805129
1779528608.552512,0.04537856055185257,0.03490658503988659,0.23911010752322315,0.0,0.0,-0.0020777729190408684,0.4356,1.782,0.1584,0.04566127460641705,0.03556224053939176,0.23986759797909954,0.04537856055185257,0.03490658503988659,0.23911010752322315,0.0,0.0020777729190408684,0.0,gaussian,-1,0.0,0.0,-1,23,2.6399407386779785,3.331021804805129
1779528608.562513,0.04537856055185257,0.03490658503988659,0.23911010752322315,0.0,0.0020777729190408684,0.0,0.396,1.8612000000000002,0.1188,0.04566127460641705,0.03556224053939176,0.23986759797909954,0.04537856055185257,0.03490658503988659,0.23911010752322315,0.0020777729190408684,-0.004155545838081737,0.0,gaussian,-1,0.0,0.0,-1,23,2.6499745845794678,3.331021804805129
1779528608.5725393,0.04537856055185257,0.03490658503988659,0.23911010752322315,0.0020777729190408684,-0.004155545838081737,0.0,0.4356,1.9008,0.1188,0.04566127460641705,0.03556224053939176,0.23986759797909954,0.04537856055185257,0.03490658503988659,0.23911010752322315,0.0,0.0,0.0,gaussian,-1,0.0,0.0,-1,23,2.65997576713562,3.331021804805129
1779528608.5825553,0.04537856055185257,0.03490658503988659,0.23911010752322315,0.0,0.0,0.0,0.4752,1.98,0.1188,0.04566127460641705,0.03556224053939176,0.23986759797909954,0.04537856055185257,0.03490658503988659,0.23911010752322315,0.0,0.0,0.0,gaussian,-1,0.0,0.0,-1,23,2.670001983642578,3.331021804805129
1779528608.5925934,0.04537856055185257,0.03490658503988659,0.23911010752322315,0.0,0.0,0.0,0.4752,1.98,0.1188,0.04566127460641705,0.03556224053939176,0.23986759797909954,0.04537856055185257,0.03490658503988659,0.23911010752322315,0.0,0.0,0.0,gaussian,-1,0.0,0.0,-1,23,2.6800179481506348,3.331021804805129
1779528608.6025429,0.04537856055185257,0.03490658503988659,0.23911010752322315,0.0,0.0,0.0,0.4752,1.9404,0.1584,0.04566127460641705,0.03556224053939176,0.23986759797909954,0.04537856055185257,0.03490658503988659,0.23911010752322315,0.0,0.0,0.0,gaussian,-1,0.0,0.0,-1,23,2.690056085586548,3.331021804805129
1779528608.6125374,0.04537856055185257,0.03490658503988659,0.23911010752322315,0.0,0.0,0.0,0.5940000000000001,1.98,0.198,0.04566127460641705,0.03556224053939176,0.23986759797909954,0.04537856055185257,0.03490658503988659,0.23911010752322315,0.0020777729190408684,0.0,0.0,gaussian,-1,0.0,0.0,-1,23,2.700005531311035,3.331021804805129
1779528608.6225374,0.04537856055185257,0.03490658503988659,0.23911010752322315,0.0020777729190408684,0.0,0.0,0.4752,1.98,0.1584,0.04566127460641705,0.03556224053939176,0.23986759797909954,0.04537856055185257,0.03490658503988659,0.23911010752322315,0.0,0.0,-0.0020777729190408684,gaussian,-1,0.0,0.0,-1,23,2.7100000381469727,3.331021804805129
1779528608.6325474,0.04537856055185257,0.03490658503988659,0.23911010752322315,0.0,0.0,-0.0020777729190408684,0.5544000000000001,1.8612000000000002,0.1584,0.04566127460641705,0.03556224053939176,0.23986759797909954,0.04537856055185257,0.03490658503988659,0.23911010752322315,0.0,0.0,-0.0020777729190408684,gaussian,-1,0.0,0.0,-1,23,2.7200000286102295,3.331021804805129
1779528608.643187,0.04537856055185257,0.03490658503988659,0.23911010752322315,0.0,0.0,-0.0020777729190408684,0.5544000000000001,1.8612000000000002,0.1584,0.04566127460641705,0.03556224053939176,0.23986759797909954,0.04537856055185257,0.03490658503988659,0.23911010752322315,0.0,0.0,0.0,gaussian,-1,0.0,0.0,-1,23,2.7300100326538086,3.331021804805129
1779528608.6525948,0.04537856055185257,0.03490658503988659,0.23911010752322315,0.0,0.0,0.0,0.5148,1.8215999999999999,0.1584,0.04566127460641705,0.03556224053939176,0.23986759797909954,0.04537856055185257,0.03490658503988659,0.23911010752322315,0.0,0.0,0.0,gaussian,-1,0.0,0.0,-1,23,2.740649700164795,3.331021804805129
1779528608.662541,0.04537856055185257,0.03490658503988659,0.23911010752322315,0.0,0.0,0.0,0.4752,1.8215999999999999,0.198,0.04566127460641705,0.03556224053939176,0.23986759797909954,0.04537856055185257,0.03490658503988659,0.23911010752322315,0.0,0.0,0.0,gaussian,-1,0.0,0.0,-1,23,2.7500574588775635,3.331021804805129
1779528608.6725574,0.04537856055185257,0.03490658503988659,0.23911010752322315,0.0,0.0,0.0,0.5148,1.8612000000000002,0.1584,0.04566127460641705,0.03556224053939176,0.23986759797909954,0.04537856055185257,0.03490658503988659,0.23911010752322315,0.0,0.0,0.0,gaussian,-1,0.0,0.0,-1,23,2.7600035667419434,3.331021804805129
1779528608.6825488,0.04537856055185257,0.03490658503988659,0.23911010752322315,0.0,0.0,0.0,0.5148,1.8215999999999999,0.198,0.04566127460641705,0.03556224053939176,0.23986759797909954,0.04537856055185257,0.03490658503988659,0.23911010752322315,0.0,0.0,0.0,gaussian,-1,0.0,0.0,-1,23,2.770020008087158,3.331021804805129
1779528608.692528,0.04537856055185257,0.03490658503988659,0.23911010752322315,0.0,0.0,0.0,0.5544000000000001,1.9008,0.1584,0.04566127460641705,0.03556224053939176,0.23986759797909954,0.04537856055185257,0.03490658503988659,0.23911010752322315,0.0,0.0,0.0,gaussian,-1,0.0,0.0,-1,23,2.7800114154815674,3.331021804805129
1779528608.7025127,0.04537856055185257,0.03490658503988659,0.23911010752322315,0.0,0.0,0.0,0.4356,1.9008,0.1584,0.04566127460641705,0.03556224053939176,0.23986759797909954,0.04537856055185257,0.03490658503988659,0.23911010752322315,0.0,0.0,0.0,gaussian,-1,0.0,0.0,-1,23,2.7899906635284424,3.331021804805129
1779528608.7125747,0.04537856055185257,0.03490658503988659,0.23911010752322315,0.0,0.0,0.0,0.5544000000000001,1.8612000000000002,0.1188,0.04566127460641705,0.03556224053939176,0.23986759797909954,0.04537856055185257,0.03490658503988659,0.23911010752322315,0.0,0.0,0.0,gaussian,-1,0.0,0.0,-1,23,2.7999753952026367,3.331021804805129
1779528608.7225318,0.04537856055185257,0.03490658503988659,0.23911010752322315,0.0,0.0,0.0,0.5544000000000001,1.8612000000000002,0.1188,0.04566127460641705,0.03556224053939176,0.23986759797909954,0.04537856055185257,0.03490658503988659,0.23911010752322315,0.0,0.0,0.0,gaussian,-1,0.0,0.0,-1,23,2.81003737449646,3.331021804805129
1779528608.7325597,0.04537856055185257,0.03490658503988659,0.23911010752322315,0.0,0.0,0.0,0.4752,1.9008,0.1584,0.04566127460641705,0.03556224053939176,0.23986759797909954,0.04537856055185257,0.03490658503988659,0.23911010752322315,0.0,0.0,0.0,gaussian,-1,0.0,0.0,-1,23,2.8199944496154785,3.331021804805129
1779528608.7425475,0.04537856055185257,0.03490658503988659,0.23911010752322315,0.0,0.0,0.0,0.4752,1.9008,0.1584,0.04566127460641705,0.03556224053939176,0.23986759797909954,0.04537856055185257,0.03490658503988659,0.23911010752322315,0.0,0.0,0.0,gaussian,-1,0.0,0.0,-1,23,2.8300223350524902,3.331021804805129
1779528608.7525532,0.04537856055185257,0.03490658503988659,0.23911010752322315,0.0,0.0,0.0,0.4752,1.8612000000000002,0.1584,0.04566127460641705,0.03556224053939176,0.23986759797909954,0.04537856055185257,0.03490658503988659,0.23911010752322315,0.0,0.0,0.0,gaussian,-1,0.0,0.0,-1,23,2.840010166168213,3.331021804805129
1779528608.762545,0.04537856055185257,0.03490658503988659,0.23911010752322315,0.0,0.0,0.0,0.4752,1.9008,0.2376,0.04566127460641705,0.03556224053939176,0.23986759797909954,0.04537856055185257,0.03490658503988659,0.23911010752322315,0.0,0.0,0.0,gaussian,-1,0.0,0.0,-1,23,2.850015878677368,3.331021804805129
1779528608.7725265,0.04537856055185257,0.03490658503988659,0.23911010752322315,0.0,0.0,0.0,0.4752,1.8215999999999999,0.1188,0.04566127460641705,0.03556224053939176,0.23986759797909954,0.04537856055185257,0.03490658503988659,0.23911010752322315,0.0020777729190408684,0.0,0.0,gaussian,-1,0.0,0.0,-1,23,2.8600077629089355,3.331021804805129
1779528608.7825873,0.04537856055185257,0.03490658503988659,0.23911010752322315,0.0020777729190408684,0.0,0.0,0.5544000000000001,1.8612000000000002,0.1584,0.04566127460641705,0.03556224053939176,0.23986759797909954,0.04537856055185257,0.03490658503988659,0.23911010752322315,0.0020777729190408684,0.0,0.0,gaussian,-1,0.0,0.0,-1,23,2.8699891567230225,3.331021804805129
1779528608.7929144,0.04537856055185257,0.03490658503988659,0.23911010752322315,0.0020777729190408684,0.0,0.0,0.396,1.9008,0.1188,0.04566127460641705,0.03556224053939176,0.23986759797909954,0.04537856055185257,0.03490658503988659,0.23911010752322315,0.0,0.0,0.0,gaussian,-1,0.0,0.0,-1,23,2.88004994392395,3.331021804805129
1779528608.8025835,0.04537856055185257,0.03490658503988659,0.23911010752322315,0.0,0.0,0.0,0.5148,1.8215999999999999,0.1584,0.04566127460641705,0.03556224053939176,0.23986759797909954,0.04537856055185257,0.03490658503988659,0.23911010752322315,0.0,0.0,0.0,gaussian,-1,0.0,0.0,-1,23,2.8903770446777344,3.331021804805129
1779528608.8125246,0.04537856055185257,0.03490658503988659,0.23911010752322315,0.0,0.0,0.0,0.5148,1.8215999999999999,0.1584,0.04566127460641705,0.03556224053939176,0.23986759797909954,0.04537856055185257,0.03490658503988659,0.23911010752322315,0.0,0.0,0.0,gaussian,-1,0.0,0.0,-1,23,2.9000461101531982,3.331021804805129
1779528608.822518,0.04537856055185257,0.03490658503988659,0.23911010752322315,0.0,0.0,0.0,0.5148,1.9404,0.1584,0.04566127460641705,0.03556224053939176,0.23986759797909954,0.04537856055185257,0.03490658503988659,0.23911010752322315,0.0,0.0,0.0,gaussian,-1,0.0,0.0,-1,23,2.909987211227417,3.331021804805129
1779528608.8325188,0.04537856055185257,0.03490658503988659,0.23911010752322315,0.0,0.0,0.0,0.4356,1.8612000000000002,0.1188,0.04566127460641705,0.03556224053939176,0.23986759797909954,0.04537856055185257,0.03490658503988659,0.23911010752322315,0.0,0.0,0.0,gaussian,-1,0.0,0.0,-1,23,2.919980764389038,3.331021804805129
1779528608.8424623,0.04537856055185257,0.03490658503988659,0.23911010752322315,0.0,0.0,0.0,0.5544000000000001,1.9404,0.1188,0.04566127460641705,0.03556224053939176,0.23986759797909954,0.04537856055185257,0.03490658503988659,0.23911010752322315,0.0,0.0,0.0,gaussian,-1,0.0,0.0,-1,23,2.9299814701080322,3.331021804805129
1779528608.852513,0.04537856055185257,0.03490658503988659,0.23911010752322315,0.0,0.0,0.0,0.5544000000000001,1.9008,0.1584,0.04566127460641705,0.03556224053939176,0.23986759797909954,0.04537856055185257,0.03490658503988659,0.23911010752322315,0.0,0.0,0.0,gaussian,-1,0.0,0.0,-1,23,2.939924955368042,3.331021804805129
1779528608.8625183,0.04537856055185257,0.03490658503988659,0.23911010752322315,0.0,0.0,0.0,0.5544000000000001,1.9008,0.1584,0.04566127460641705,0.03556224053939176,0.23986759797909954,0.04537856055185257,0.03490658503988659,0.23911010752322315,0.0,0.0,0.0,gaussian,-1,0.0,0.0,-1,23,2.9499757289886475,3.331021804805129
1779528608.8725133,0.04537856055185257,0.03490658503988659,0.23911010752322315,0.0,0.0,0.0,0.4752,1.9404,0.1584,0.04566127460641705,0.03556224053939176,0.23986759797909954,0.04537856055185257,0.03490658503988659,0.23911010752322315,0.0020777729190408684,0.0,0.0,gaussian,-1,0.0,0.0,-1,23,2.9599809646606445,3.331021804805129
1779528608.8825126,0.04537856055185257,0.03490658503988659,0.23911010752322315,0.0020777729190408684,0.0,0.0,0.4752,1.9008,0.1584,0.04566127460641705,0.03556224053939176,0.23986759797909954,0.04537856055185257,0.03490658503988659,0.23911010752322315,0.0,0.0,0.0,gaussian,-1,0.0,0.0,-1,23,2.9699759483337402,3.331021804805129
1779528608.8925426,0.04537856055185257,0.03490658503988659,0.23911010752322315,0.0,0.0,0.0,0.5148,1.9008,0.1188,0.04566127460641705,0.03556224053939176,0.23986759797909954,0.04537856055185257,0.03490658503988659,0.23911010752322315,0.0,0.0,0.0,gaussian,-1,0.0,0.0,-1,23,2.9799752235412598,3.331021804805129
1779528608.902543,0.04537856055185257,0.03490658503988659,0.23911010752322315,0.0,0.0,0.0,0.5148,1.9008,0.1188,0.04566127460641705,0.03556224053939176,0.23986759797909954,0.04537856055185257,0.03490658503988659,0.23911010752322315,0.0020777729190408684,0.0,0.0,gaussian,-1,0.0,0.0,-1,23,2.9900052547454834,3.331021804805129
1779528608.9125419,0.04537856055185257,0.03490658503988659,0.23911010752322315,0.0020777729190408684,0.0,0.0,0.5148,1.8215999999999999,0.1584,0.04566127460641705,0.03556224053939176,0.23986759797909954,0.04537856055185257,0.03490658503988659,0.23911010752322315,-0.0020777729190408684,0.0,0.0,gaussian,-1,0.0,0.0,-1,23,3.0000057220458984,3.331021804805129
1779528608.922533,0.04537856055185257,0.03490658503988659,0.23911010752322315,-0.0020777729190408684,0.0,0.0,0.4356,1.8215999999999999,0.1584,0.04566127460641705,0.03556224053939176,0.23986759797909954,0.04537856055185257,0.03490658503988659,0.23911010752322315,0.0020777729190408684,0.0,0.0,gaussian,-1,0.0,0.0,-1,23,3.0100045204162598,3.331021804805129
1779528608.9325514,0.04537856055185257,0.03490658503988659,0.23911010752322315,0.0020777729190408684,0.0,0.0,0.5940000000000001,1.98,0.198,0.04566127460641705,0.03556224053939176,0.23986759797909954,0.04537856055185257,0.03490658503988659,0.23911010752322315,0.0020777729190408684,0.0,0.0,gaussian,-1,0.0,0.0,-1,23,3.01999568939209,3.331021804805129
1779528608.942539,0.04537856055185257,0.03490658503988659,0.23911010752322315,0.0020777729190408684,0.0,0.0,0.5940000000000001,1.98,0.198,0.04566127460641705,0.03556224053939176,0.23986759797909954,0.04537856055185257,0.03490658503988659,0.23911010752322315,-0.0020777729190408684,0.0,0.0,gaussian,-1,0.0,0.0,-1,23,3.0300140380859375,3.331021804805129
1779528608.952514,0.04537856055185257,0.03490658503988659,0.23911010752322315,-0.0020777729190408684,0.0,0.0,0.4752,1.9404,0.1584,0.04566127460641705,0.03556224053939176,0.23986759797909954,0.04537856055185257,0.03490658503988659,0.23911010752322315,0.0,0.0,0.0020777729190408684,gaussian,-1,0.0,0.0,-1,23,3.040001630783081,3.331021804805129
1779528608.9625332,0.04537856055185257,0.03490658503988659,0.23911010752322315,0.0,0.0,0.0020777729190408684,0.5544000000000001,1.9008,0.1584,0.04566127460641705,0.03556224053939176,0.23986759797909954,0.04537856055185257,0.03490658503988659,0.23911010752322315,0.0,0.0,0.0,gaussian,-1,0.0,0.0,-1,23,3.0499765872955322,3.331021804805129
1779528608.9725287,0.04537856055185257,0.03490658503988659,0.23911010752322315,0.0,0.0,0.0,0.5940000000000001,1.9008,0.198,0.04566127460641705,0.03556224053939176,0.23986759797909954,0.04537856055185257,0.03490658503988659,0.23911010752322315,0.0,0.0,-0.0020777729190408684,gaussian,-1,0.0,0.0,-1,23,3.0599958896636963,3.331021804805129
1779528608.982621,0.04537856055185257,0.03490658503988659,0.23911010752322315,0.0,0.0,-0.0020777729190408684,0.5544000000000001,1.8612000000000002,0.1584,0.04566127460641705,0.03556224053939176,0.23986759797909954,0.04537856055185257,0.03490658503988659,0.23911010752322315,0.0,0.0,-0.0020777729190408684,gaussian,-1,0.0,0.0,-1,23,3.06999135017395,3.331021804805129
1779528608.9925804,0.04537856055185257,0.03490658503988659,0.23911010752322315,0.0,0.0,-0.0020777729190408684,0.5544000000000001,1.8612000000000002,0.1584,0.04566127460641705,0.03556224053939176,0.23986759797909954,0.04537856055185257,0.03490658503988659,0.23911010752322315,0.0,0.0,0.0,gaussian,-1,0.0,0.0,-1,23,3.0800836086273193,3.331021804805129
1779528609.0025952,0.04537856055185257,0.03490658503988659,0.23911010752322315,0.0,0.0,0.0,0.4356,1.8215999999999999,0.1188,0.04566127460641705,0.03556224053939176,0.23986759797909954,0.04537856055185257,0.03490658503988659,0.23911010752322315,0.0,0.0,0.0,gaussian,-1,0.0,0.0,-1,23,3.090043067932129,3.331021804805129
1779528609.01258,0.04537856055185257,0.03490658503988659,0.23911010752322315,0.0,0.0,0.0,0.5544000000000001,1.98,0.1188,0.04566127460641705,0.03556224053939176,0.23986759797909954,0.04537856055185257,0.03490658503988659,0.23911010752322315,0.0,0.0,0.0,gaussian,-1,0.0,0.0,-1,23,3.10005784034729,3.331021804805129
1779528609.0226424,0.04537856055185257,0.03490658503988659,0.23911010752322315,0.0,0.0,0.0,0.6732,1.98,0.1584,0.04566127460641705,0.03556224053939176,0.23986759797909954,0.04537856055185257,0.03490658503988659,0.23911010752322315,0.0,0.0,0.0,gaussian,-1,0.0,0.0,-1,23,3.1100425720214844,3.331021804805129
1779528609.03255,0.04537856055185257,0.03490658503988659,0.23911010752322315,0.0,0.0,0.0,0.4752,1.9404,0.1584,0.04566127460641705,0.03556224053939176,0.23986759797909954,0.04537856055185257,0.03490658503988659,0.23911010752322315,0.0,0.0020777729190408684,0.0,gaussian,-1,0.0,0.0,-1,23,3.120105028152466,3.331021804805129
1779528609.0425415,0.04537856055185257,0.03490658503988659,0.23911010752322315,0.0,0.0020777729190408684,0.0,0.4356,2.0592,0.1188,0.04566127460641705,0.03556224053939176,0.23986759797909954,0.04537856055185257,0.03490658503988659,0.23911010752322315,0.0,0.0020777729190408684,0.0,gaussian,-1,0.0,0.0,-1,23,3.1300127506256104,3.331021804805129
1779528609.0525131,0.04537856055185257,0.03490658503988659,0.23911010752322315,0.0,0.0020777729190408684,0.0,0.5148,1.98,0.198,0.04566127460641705,0.03556224053939176,0.23986759797909954,0.04537856055185257,0.03490658503988659,0.23911010752322315,0.0,-0.0020777729190408684,0.0,gaussian,-1,0.0,0.0,-1,23,3.1400041580200195,3.331021804805129
1779528609.0625124,0.04537856055185257,0.03490658503988659,0.23911010752322315,0.0,-0.0020777729190408684,0.0,0.5544000000000001,1.8612000000000002,0.1584,0.04566127460641705,0.03556224053939176,0.23986759797909954,0.04537856055185257,0.03490658503988659,0.23911010752322315,0.0,0.0020777729190408684,0.0,gaussian,-1,0.0,0.0,-1,23,3.1499757766723633,3.331021804805129
1779528609.0725126,0.04537856055185257,0.03490658503988659,0.23911010752322315,0.0,0.0020777729190408684,0.0,0.6336,1.9404,0.1584,0.04566127460641705,0.03556224053939176,0.23986759797909954,0.04537856055185257,0.03490658503988659,0.23911010752322315,0.0,0.0,0.0,gaussian,-1,0.0,0.0,-1,23,3.159975051879883,3.331021804805129
1779528609.082539,0.04537856055185257,0.03490658503988659,0.23911010752322315,0.0,0.0,0.0,0.4356,1.9008,0.2376,0.04566127460641705,0.03556224053939176,0.23986759797909954,0.04537856055185257,0.03490658503988659,0.23911010752322315,0.0,0.0,0.0,gaussian,-1,0.0,0.0,-1,23,3.1699752807617188,3.331021804805129
1779528609.0925252,0.04537856055185257,0.03490658503988659,0.23911010752322315,0.0,0.0,0.0,0.4356,1.9008,0.2376,0.04566127460641705,0.03556224053939176,0.23986759797909954,0.04537856055185257,0.03490658503988659,0.23911010752322315,0.0,0.0,0.0020777729190408684,gaussian,-1,0.0,0.0,-1,23,3.180001735687256,3.331021804805129
1779528609.1025133,0.04537856055185257,0.03490658503988659,0.23911010752322315,0.0,0.0,0.0020777729190408684,0.5544000000000001,1.98,0.198,0.04566127460641705,0.03556224053939176,0.23986759797909954,0.04537856055185257,0.03490658503988659,0.23911010752322315,0.0,0.0,0.0,gaussian,-1,0.0,0.0,-1,23,3.189987897872925,3.331021804805129
1779528609.112634,0.04537856055185257,0.03490658503988659,0.23911010752322315,0.0,0.0,0.0,0.4752,1.8612000000000002,0.1584,0.04566127460641705,0.03556224053939176,0.23986759797909954,0.04537856055185257,0.03490658503988659,0.23911010752322315,0.0,0.0,0.0,gaussian,-1,0.0,0.0,-1,23,3.1999759674072266,3.331021804805129
1779528609.1225414,0.04537856055185257,0.03490658503988659,0.23911010752322315,0.0,0.0,0.0,0.4752,1.8612000000000002,0.1584,0.04566127460641705,0.03556224053939176,0.23986759797909954,0.04537856055185257,0.03490658503988659,0.23911010752322315,0.0,0.0,0.0,gaussian,-1,0.0,0.0,-1,23,3.210096597671509,3.331021804805129
1779528609.1325521,0.04537856055185257,0.03490658503988659,0.23911010752322315,0.0,0.0,0.0,0.4752,1.8612000000000002,0.1584,0.04566127460641705,0.03556224053939176,0.23986759797909954,0.04537856055185257,0.03490658503988659,0.23911010752322315,0.0,0.0,0.0020777729190408684,gaussian,-1,0.0,0.0,-1,23,3.220004081726074,3.331021804805129
1779528609.1425424,0.04537856055185257,0.03490658503988659,0.23911010752322315,0.0,0.0,0.0020777729190408684,0.6336,1.9008,0.1584,0.04566127460641705,0.03556224053939176,0.23986759797909954,0.04537856055185257,0.03490658503988659,0.23911010752322315,0.0,0.0,0.0,gaussian,-1,0.0,0.0,-1,23,3.2300148010253906,3.331021804805129
1779528609.1525414,0.04537856055185257,0.03490658503988659,0.23911010752322315,0.0,0.0,0.0,0.4356,1.9008,0.1188,0.04566127460641705,0.03556224053939176,0.23986759797909954,0.04537856055185257,0.03490658503988659,0.23911010752322315,0.0,0.0,0.0,gaussian,-1,0.0,0.0,-1,23,3.2400050163269043,3.331021804805129
1779528609.1625502,0.04537856055185257,0.03490658503988659,0.23911010752322315,0.0,0.0,0.0,0.4356,1.9008,0.1188,0.04566127460641705,0.03556224053939176,0.23986759797909954,0.04537856055185257,0.03490658503988659,0.23911010752322315,0.0,0.0,0.0,gaussian,-1,0.0,0.0,-1,23,3.2500040531158447,3.331021804805129
1779528609.1726131,0.04537856055185257,0.03490658503988659,0.23911010752322315,0.0,0.0,0.0,0.5148,1.9008,0.1584,0.04566127460641705,0.03556224053939176,0.23986759797909954,0.04537856055185257,0.03490658503988659,0.23911010752322315,0.0,0.0,0.0,gaussian,-1,0.0,0.0,-1,23,3.2600128650665283,3.331021804805129
1779528609.1825664,0.04537856055185257,0.03490658503988659,0.23911010752322315,0.0,0.0,0.0,0.5544000000000001,1.8612000000000002,0.198,0.04566127460641705,0.03556224053939176,0.23986759797909954,0.04537856055185257,0.03490658503988659,0.23911010752322315,0.0,0.0,0.0,gaussian,-1,0.0,0.0,-1,23,3.270075798034668,3.331021804805129
1779528609.192522,0.04537856055185257,0.03490658503988659,0.23911010752322315,0.0,0.0,0.0,0.5940000000000001,1.9008,0.1584,0.04566127460641705,0.03556224053939176,0.23986759797909954,0.04537856055185257,0.03490658503988659,0.23911010752322315,-0.0020777729190408684,0.0,0.0,gaussian,-1,0.0,0.0,-1,23,3.280029058456421,3.331021804805129
1779528609.2025216,0.04537856055185257,0.03490658503988659,0.23911010752322315,-0.0020777729190408684,0.0,0.0,0.4752,1.9008,0.1584,0.04566127460641705,0.03556224053939176,0.23986759797909954,0.04537856055185257,0.03490658503988659,0.23911010752322315,0.0,0.0020777729190408684,0.0,gaussian,-1,0.0,0.0,-1,23,3.289984703063965,3.331021804805129
1779528609.2125134,0.04537856055185257,0.03490658503988659,0.23911010752322315,0.0,0.0020777729190408684,0.0,0.5940000000000001,1.8612000000000002,0.1584,0.04566127460641705,0.03556224053939176,0.23986759797909954,0.04537856055185257,0.03490658503988659,0.23911010752322315,0.0,0.0,0.0,gaussian,-1,0.0,0.0,-1,23,3.2999842166900635,3.331021804805129
1779528609.2225568,0.04537856055185257,0.03490658503988659,0.23911010752322315,0.0,0.0,0.0,0.5544000000000001,2.0196,-0.1584,0.04566127460641705,0.03556224053939176,0.23986759797909954,0.04537856055185257,0.03490658503988659,0.23911010752322315,0.0,0.0,0.0,gaussian,-1,0.0,0.0,-1,23,3.309976100921631,3.331021804805129
1779528609.232576,0.04537856055185257,0.03490658503988659,0.23911010752322315,0.0,0.0,0.0,0.5544000000000001,2.0196,-0.1584,0.04566127460641705,0.03556224053939176,0.23986759797909954,0.04537856055185257,0.03490658503988659,0.23911010752322315,0.0020777729190408684,0.0,0.0,gaussian,-1,0.0,0.0,-1,23,3.320019483566284,3.331021804805129
1779528609.2425199,0.04537856055185257,0.03490658503988659,0.23911010752322315,0.0020777729190408684,0.0,0.0,0.5940000000000001,1.8612000000000002,0.198,0.04566127460641705,0.03556224053939176,0.23986759797909954,0.04537856055185257,0.03490658503988659,0.23911010752322315,0.0,0.0,0.0,gaussian,-1,0.0,0.0,-1,23,3.330038547515869,3.331021804805129
1779528609.2525685,0.04537856055185257,0.03490658503988659,0.23911010752322315,0.0,0.0,0.0,0.5940000000000001,1.98,0.1584,-0.04804007367585664,0.023274362916559335,-0.043361397081834396,0.04537856055185257,0.03490658503988659,0.23911010752322315,0.0,0.0,0.0,gaussian,-1,0.0,0.0,-1,24,0.0,2.8346786297928803
1779528609.262532,0.04537856055185257,0.03490658503988659,0.23911010752322315,0.0,0.0,0.0,0.5940000000000001,1.98,0.1584,-0.04804007367585664,0.023274362916559335,-0.043361397081834396,0.04188790204786391,0.03490658503988659,0.2303834612632515,-0.28049934407051724,0.0,-0.8768201718352464,gaussian,-1,0.0,0.0,-1,24,0.010048627853393555,2.8346786297928803
1779528609.2727418,0.04188790204786391,0.03490658503988659,0.2303834612632515,-0.28049934407051724,0.0,-0.8768201718352464,5.0688,2.0988,2.8511999999999995,-0.04804007367585664,0.023274362916559335,-0.043361397081834396,0.029670597283903605,0.03316125578789226,0.20420352248333656,-0.9225311760541456,-0.12674414806149298,-2.243994752564138,gaussian,-1,0.0,0.0,-1,24,0.02001214027404785,2.8346786297928803
1779528609.2826195,0.029670597283903605,0.03316125578789226,0.20420352248333656,-0.9225311760541456,-0.12674414806149298,-2.243994752564138,2.6136,1.0296,6.93,-0.04804007367585664,0.023274362916559335,-0.043361397081834396,0.019198621771937627,0.031415926535897934,0.16406094968746698,-1.0679752803870064,-0.1516774230899834,-3.6070137874549477,gaussian,-1,0.0,0.0,-1,24,0.030221939086914062,2.8346786297928803
1779528609.2926414,0.019198621771937627,0.031415926535897934,0.16406094968746698,-1.0679752803870064,-0.1516774230899834,-3.6070137874549477,2.1384,-0.792,-7.444800000000001,-0.04804007367585664,0.023274362916559335,-0.043361397081834396,0.019198621771937627,0.031415926535897934,0.16406094968746698,-1.0679752803870064,-0.1516774230899834,-3.6070137874549477,gaussian,-1,0.0,0.0,-1,24,0.0400996208190918,2.8346786297928803
1779528609.3025584,0.019198621771937627,0.031415926535897934,0.16406094968746698,-1.0679752803870064,-0.1516774230899834,-3.6070137874549477,2.1384,-0.792,-7.444800000000001,-0.04804007367585664,0.023274362916559335,-0.043361397081834396,0.0,0.029670597283903605,0.10471975511965977,-0.9682421802730447,-0.11012196470916602,-2.9608264096332375,gaussian,-1,0.0,0.0,-1,24,0.05012154579162598,2.8346786297928803
1779528609.312629,0.0,0.029670597283903605,0.10471975511965977,-0.9682421802730447,-0.11012196470916602,-2.9608264096332375,-0.6336,0.8712,-1.5048000000000001,-0.04804007367585664,0.023274362916559335,-0.043361397081834396,0.0,0.029670597283903605,0.10471975511965977,-0.9682421802730447,-0.11012196470916602,-2.9608264096332375,gaussian,-1,0.0,0.0,-1,24,0.06003856658935547,2.8346786297928803
1779528609.3225935,0.0,0.029670597283903605,0.10471975511965977,-0.9682421802730447,-0.11012196470916602,-2.9608264096332375,-0.6336,0.8712,-1.5048000000000001,-0.04804007367585664,0.023274362916559335,-0.043361397081834396,-0.006981317007977318,0.027925268031909273,0.08028514559173917,-0.8581202155638786,-0.10181087303300256,-2.593060602963004,gaussian,-1,0.0,0.0,-1,24,0.07010912895202637,2.8346786297928803
1779528609.3325636,-0.006981317007977318,0.027925268031909273,0.08028514559173917,-0.8581202155638786,-0.10181087303300256,-2.593060602963004,-0.5544000000000001,0.792,-0.8712,-0.04804007367585664,0.023274362916559335,-0.043361397081834396,-0.020943951023931956,0.02617993877991494,0.04014257279586959,-0.6295651944693831,-0.08726646259971647,-1.9073955396795172,gaussian,-1,0.0,0.0,-1,24,0.08007359504699707,2.8346786297928803
1779528609.3425682,-0.020943951023931956,0.02617993877991494,0.04014257279586959,-0.6295651944693831,-0.08726646259971647,-1.9073955396795172,-0.99,0.6732,-0.4356,-0.04804007367585664,0.023274362916559335,-0.043361397081834396,-0.020943951023931956,0.02617993877991494,0.04014257279586959,-0.6295651944693831,-0.08726646259971647,-1.9073955396795172,gaussian,-1,0.0,0.0,-1,24,0.09004378318786621,2.8346786297928803
1779528609.3525257,-0.020943951023931956,0.02617993877991494,0.04014257279586959,-0.6295651944693831,-0.08726646259971647,-1.9073955396795172,-0.99,0.6732,-0.4356,-0.04804007367585664,0.023274362916559335,-0.043361397081834396,-0.02617993877991494,0.02617993877991494,0.024434609527920613,-0.5277543214363806,-0.07479982508547126,-1.5978073747424277,gaussian,-1,0.0,0.0,-1,24,0.10004830360412598,2.8346786297928803
1779528609.3625293,-0.02617993877991494,0.02617993877991494,0.024434609527920613,-0.5277543214363806,-0.07479982508547126,-1.5978073747424277,-0.5544000000000001,0.8316,-0.0792,-0.04804007367585664,0.023274362916559335,-0.043361397081834396,-0.029670597283903605,0.024434609527920613,0.012217304763960306,-0.44256563175570496,-0.08311091676163473,-1.3526301702956054,gaussian,-1,0.0,0.0,-1,24,0.11000585556030273,2.8346786297928803
1779528609.3725724,-0.029670597283903605,0.024434609527920613,0.012217304763960306,-0.44256563175570496,-0.08311091676163473,-1.3526301702956054,-0.4752,0.27720000000000006,-0.0396,-0.04804007367585664,0.023274362916559335,-0.043361397081834396,-0.03316125578789226,0.024434609527920613,0.0017453292519943296,-0.3365992128846207,-0.06233318757122605,-1.1261529221201507,gaussian,-1,0.0,0.0,-1,24,0.1200094223022461,2.8346786297928803
1779528609.3825269,-0.03316125578789226,0.024434609527920613,0.0017453292519943296,-0.3365992128846207,-0.06233318757122605,-1.1261529221201507,0.1188,0.8316,0.1188,-0.04804007367585664,0.023274362916559335,-0.043361397081834396,-0.038397243543875255,0.024434609527920613,-0.013962634015954637,-0.22647724817545464,-0.031166593785613025,-0.7646204342070395,gaussian,-1,0.0,0.0,-1,24,0.1300525665283203,2.8346786297928803
1779528609.39256,-0.038397243543875255,0.024434609527920613,-0.013962634015954637,-0.22647724817545464,-0.031166593785613025,-0.7646204342070395,0.396,1.6236000000000002,-0.1188,-0.04804007367585664,0.023274362916559335,-0.043361397081834396,-0.038397243543875255,0.024434609527920613,-0.013962634015954637,-0.22647724817545464,-0.031166593785613025,-0.7646204342070395,gaussian,-1,0.0,0.0,-1,24,0.14000701904296875,2.8346786297928803
1779528609.4025252,-0.038397243543875255,0.024434609527920613,-0.013962634015954637,-0.22647724817545464,-0.031166593785613025,-0.7646204342070395,0.396,1.6236000000000002,-0.1188,-0.04804007367585664,0.023274362916559335,-0.043361397081834396,-0.04014257279586959,0.022689280275926284,-0.019198621771937627,-0.1973884273088825,-0.02493327502849042,-0.6170985569551379,gaussian,-1,0.0,0.0,-1,24,0.1500401496887207,2.8346786297928803
1779528609.4125175,-0.04014257279586959,0.022689280275926284,-0.019198621771937627,-0.1973884273088825,-0.02493327502849042,-0.6170985569551379,0.0,1.8215999999999999,0.396,-0.04804007367585664,0.023274362916559335,-0.043361397081834396,-0.04188790204786391,0.022689280275926284,-0.027925268031909273,-0.12882192098053383,-0.010388864595204342,-0.4217879025652963,gaussian,-1,0.0,0.0,-1,24,0.1600053310394287,2.8346786297928803
1779528609.4225476,-0.04188790204786391,0.022689280275926284,-0.027925268031909273,-0.12882192098053383,-0.010388864595204342,-0.4217879025652963,0.1584,2.2967999999999997,-0.3168,-0.04804007367585664,0.023274362916559335,-0.043361397081834396,-0.04188790204786391,0.022689280275926284,-0.027925268031909273,-0.12882192098053383,-0.010388864595204342,-0.4217879025652963,gaussian,-1,0.0,0.0,-1,24,0.1699976921081543,2.8346786297928803
1779528609.4325478,-0.04188790204786391,0.022689280275926284,-0.027925268031909273,-0.12882192098053383,-0.010388864595204342,-0.4217879025652963,0.1584,2.2967999999999997,-0.3168,-0.04804007367585664,0.023274362916559335,-0.043361397081834396,-0.04363323129985824,0.022689280275926284,-0.031415926535897934,-0.10388864595204342,-0.010388864595204342,-0.3282881212084572,gaussian,-1,0.0,0.0,-1,24,0.18002772331237793,2.8346786297928803
1779528609.4425259,-0.04363323129985824,0.022689280275926284,-0.031415926535897934,-0.10388864595204342,-0.010388864595204342,-0.3282881212084572,0.3168,2.3364,0.3168,-0.04804007367585664,0.023274362916559335,-0.043361397081834396,-0.04363323129985824,0.022689280275926284,-0.03316125578789226,-0.08934423551875734,-0.006233318757122605,-0.27842157115147637,gaussian,-1,0.0,0.0,-1,24,0.19002795219421387,2.8346786297928803
1779528609.4525409,-0.04363323129985824,0.022689280275926284,-0.03316125578789226,-0.08934423551875734,-0.006233318757122605,-0.27842157115147637,0.1188,2.4948,0.198,-0.04804007367585664,0.023274362916559335,-0.043361397081834396,-0.04537856055185257,0.022689280275926284,-0.03490658503988659,-0.06025541465218518,0.0,-0.2098550648231277,gaussian,-1,0.0,0.0,-1,24,0.20000600814819336,2.8346786297928803
1779528609.4625287,-0.04537856055185257,0.022689280275926284,-0.03490658503988659,-0.06025541465218518,0.0,-0.2098550648231277,0.6336,2.7324,0.5148,-0.04804007367585664,0.023274362916559335,-0.043361397081834396,-0.04537856055185257,0.022689280275926284,-0.03665191429188092,-0.06233318757122605,-0.008311091676163474,-0.17661069811847382,gaussian,-1,0.0,0.0,-1,24,0.2100210189819336,2.8346786297928803
1779528609.4725473,-0.04537856055185257,0.022689280275926284,-0.03665191429188092,-0.06233318757122605,-0.008311091676163474,-0.17661069811847382,0.1188,2.6136,0.1188,-0.04804007367585664,0.023274362916559335,-0.043361397081834396,-0.04537856055185257,0.022689280275926284,-0.038397243543875255,-0.05817764173314431,-0.014544410433286078,-0.13505523973765646,gaussian,-1,0.0,0.0,-1,24,0.22000885009765625,2.8346786297928803
1779528609.4825482,-0.04537856055185257,0.022689280275926284,-0.038397243543875255,-0.05817764173314431,-0.014544410433286078,-0.13505523973765646,0.396,2.2176000000000005,0.0792,-0.04804007367585664,0.023274362916559335,-0.043361397081834396,-0.047123889803846894,0.022689280275926284,-0.04014257279586959,-0.031166593785613025,-0.02493327502849042,-0.10388864595204342,gaussian,-1,0.0,0.0,-1,24,0.230027437210083,2.8346786297928803
1779528609.4925742,-0.047123889803846894,0.022689280275926284,-0.04014257279586959,-0.031166593785613025,-0.02493327502849042,-0.10388864595204342,0.27720000000000006,1.98,0.1188,-0.04804007367585664,0.023274362916559335,-0.043361397081834396,-0.047123889803846894,0.022689280275926284,-0.04014257279586959,-0.020777729190408684,-0.018699956271367814,-0.08726646259971647,gaussian,-1,0.0,0.0,-1,24,0.24002838134765625,2.8346786297928803
1779528609.5025706,-0.047123889803846894,0.022689280275926284,-0.04014257279586959,-0.020777729190408684,-0.018699956271367814,-0.08726646259971647,0.396,1.782,-0.198,-0.04804007367585664,0.023274362916559335,-0.043361397081834396,-0.047123889803846894,0.022689280275926284,-0.04014257279586959,-0.01246663751424521,-0.01246663751424521,-0.04986655005698084,gaussian,-1,0.0,0.0,-1,24,0.25005435943603516,2.8346786297928803
1779528609.5125234,-0.047123889803846894,0.022689280275926284,-0.04014257279586959,-0.01246663751424521,-0.01246663751424521,-0.04986655005698084,0.4356,1.9008,0.4356,-0.04804007367585664,0.023274362916559335,-0.043361397081834396,-0.047123889803846894,0.022689280275926284,-0.04188790204786391,-0.022855502109449553,0.0,-0.029088820866572156,gaussian,-1,0.0,0.0,-1,24,0.26005077362060547,2.8346786297928803
1779528609.522521,-0.047123889803846894,0.022689280275926284,-0.04188790204786391,-0.022855502109449553,0.0,-0.029088820866572156,0.1584,2.2572,0.27720000000000006,-0.04804007367585664,0.023274362916559335,-0.043361397081834396,-0.047123889803846894,0.022689280275926284,-0.04188790204786391,-0.014544410433286078,0.0,-0.035322139623694765,gaussian,-1,0.0,0.0,-1,24,0.2700035572052002,2.8346786297928803
1779528609.5325613,-0.047123889803846894,0.022689280275926284,-0.04188790204786391,-0.014544410433286078,0.0,-0.035322139623694765,-0.1188,2.2967999999999997,0.0,-0.04804007367585664,0.023274362916559335,-0.043361397081834396,-0.047123889803846894,0.022689280275926284,-0.04188790204786391,-0.014544410433286078,0.0,-0.035322139623694765,gaussian,-1,0.0,0.0,-1,24,0.280001163482666,2.8346786297928803
1779528609.5425835,-0.047123889803846894,0.022689280275926284,-0.04188790204786391,-0.014544410433286078,0.0,-0.035322139623694765,-0.1188,2.2967999999999997,0.0,-0.04804007367585664,0.023274362916559335,-0.043361397081834396,-0.047123889803846894,0.022689280275926284,-0.04188790204786391,-0.006233318757122605,0.0,-0.02493327502849042,gaussian,-1,0.0,0.0,-1,24,0.290041446685791,2.8346786297928803
1779528609.5525947,-0.047123889803846894,0.022689280275926284,-0.04188790204786391,-0.006233318757122605,0.0,-0.02493327502849042,0.0,2.2176000000000005,-0.0396,-0.04804007367585664,0.023274362916559335,-0.043361397081834396,-0.047123889803846894,0.022689280275926284,-0.04188790204786391,0.0,0.0,-0.01246663751424521,gaussian,-1,0.0,0.0,-1,24,0.3000636100769043,2.8346786297928803
1779528609.5625381,-0.047123889803846894,0.022689280275926284,-0.04188790204786391,0.0,0.0,-0.01246663751424521,-0.1584,2.1780000000000004,0.0792,-0.04804007367585664,0.023274362916559335,-0.043361397081834396,-0.047123889803846894,0.022689280275926284,-0.04188790204786391,0.0,-0.0020777729190408684,-0.010388864595204342,gaussian,-1,0.0,0.0,-1,24,0.3100748062133789,2.8346786297928803
1779528609.5725288,-0.047123889803846894,0.022689280275926284,-0.04188790204786391,0.0,-0.0020777729190408684,-0.010388864595204342,-0.1584,2.1780000000000004,0.2376,-0.04804007367585664,0.023274362916559335,-0.043361397081834396,-0.047123889803846894,0.022689280275926284,-0.04188790204786391,0.0,0.0,-0.0020777729190408684,gaussian,-1,0.0,0.0,-1,24,0.32001829147338867,2.8346786297928803
1779528609.582527,-0.047123889803846894,0.022689280275926284,-0.04188790204786391,0.0,0.0,-0.0020777729190408684,-0.1188,2.0988,0.198,-0.04804007367585664,0.023274362916559335,-0.043361397081834396,-0.047123889803846894,0.022689280275926284,-0.04188790204786391,0.0,0.0,-0.0020777729190408684,gaussian,-1,0.0,0.0,-1,24,0.33000898361206055,2.8346786297928803
1779528609.5926278,-0.047123889803846894,0.022689280275926284,-0.04188790204786391,0.0,0.0,-0.0020777729190408684,-0.1188,2.0988,0.198,-0.04804007367585664,0.023274362916559335,-0.043361397081834396,-0.047123889803846894,0.022689280275926284,-0.04188790204786391,0.0,0.0,-0.0020777729190408684,gaussian,-1,0.0,0.0,-1,24,0.34000706672668457,2.8346786297928803
1779528609.602516,-0.047123889803846894,0.022689280275926284,-0.04188790204786391,0.0,0.0,-0.0020777729190408684,0.0396,2.1384,0.2376,-0.04804007367585664,0.023274362916559335,-0.043361397081834396,-0.047123889803846894,0.022689280275926284,-0.04188790204786391,-0.0020777729190408684,0.0,0.0,gaussian,-1,0.0,0.0,-1,24,0.35010790824890137,2.8346786297928803
1779528609.61271,-0.047123889803846894,0.022689280275926284,-0.04188790204786391,-0.0020777729190408684,0.0,0.0,-0.0792,2.0592,0.1584,-0.04804007367585664,0.023274362916559335,-0.043361397081834396,-0.047123889803846894,0.022689280275926284,-0.04188790204786391,-0.0020777729190408684,0.0,0.0,gaussian,-1,0.0,0.0,-1,24,0.35999608039855957,2.8346786297928803
1779528609.6225586,-0.047123889803846894,0.022689280275926284,-0.04188790204786391,-0.0020777729190408684,0.0,0.0,-0.0396,2.0196,0.27720000000000006,-0.04804007367585664,0.023274362916559335,-0.043361397081834396,-0.047123889803846894,0.022689280275926284,-0.04188790204786391,-0.0020777729190408684,0.0,0.0,gaussian,-1,0.0,0.0,-1,24,0.3701901435852051,2.8346786297928803
1779528609.6325898,-0.047123889803846894,0.022689280275926284,-0.04188790204786391,-0.0020777729190408684,0.0,0.0,-0.0396,2.0196,0.27720000000000006,-0.04804007367585664,0.023274362916559335,-0.043361397081834396,-0.047123889803846894,0.022689280275926284,-0.04188790204786391,0.0,0.0,0.0020777729190408684,gaussian,-1,0.0,0.0,-1,24,0.3800387382507324,2.8346786297928803
1779528609.6428804,-0.047123889803846894,0.022689280275926284,-0.04188790204786391,0.0,0.0,0.0020777729190408684,0.0,2.0196,0.27720000000000006,-0.04804007367585664,0.023274362916559335,-0.043361397081834396,-0.047123889803846894,0.022689280275926284,-0.04188790204786391,0.0,0.0,0.0,gaussian,-1,0.0,0.0,-1,24,0.39006996154785156,2.8346786297928803
1779528609.6525962,-0.047123889803846894,0.022689280275926284,-0.04188790204786391,0.0,0.0,0.0,0.0,1.9008,0.2376,-0.04804007367585664,0.023274362916559335,-0.043361397081834396,-0.047123889803846894,0.022689280275926284,-0.04188790204786391,0.0,0.0020777729190408684,0.0,gaussian,-1,0.0,0.0,-1,24,0.4003605842590332,2.8346786297928803
1779528609.6626217,-0.047123889803846894,0.022689280275926284,-0.04188790204786391,0.0,0.0020777729190408684,0.0,0.0,1.9404,0.2376,-0.04804007367585664,0.023274362916559335,-0.043361397081834396,-0.047123889803846894,0.022689280275926284,-0.04188790204786391,0.0,0.0020777729190408684,0.0,gaussian,-1,0.0,0.0,-1,24,0.410076379776001,2.8346786297928803
1779528609.6725936,-0.047123889803846894,0.022689280275926284,-0.04188790204786391,0.0,0.0020777729190408684,0.0,0.0,1.9404,0.2376,-0.04804007367585664,0.023274362916559335,-0.043361397081834396,-0.047123889803846894,0.022689280275926284,-0.04188790204786391,0.0,0.0,0.0,gaussian,-1,0.0,0.0,-1,24,0.4201018810272217,2.8346786297928803
1779528609.6826215,-0.047123889803846894,0.022689280275926284,-0.04188790204786391,0.0,0.0,0.0,0.0396,1.8612000000000002,0.0792,-0.04804007367585664,0.023274362916559335,-0.043361397081834396,-0.047123889803846894,0.022689280275926284,-0.04188790204786391,0.0,0.0,0.0,gaussian,-1,0.0,0.0,-1,24,0.43007373809814453,2.8346786297928803
1779528609.6925771,-0.047123889803846894,0.022689280275926284,-0.04188790204786391,0.0,0.0,0.0,0.0,1.8215999999999999,0.1584,-0.04804007367585664,0.023274362916559335,-0.043361397081834396,-0.047123889803846894,0.022689280275926284,-0.04188790204786391,0.0,0.0,0.0,gaussian,-1,0.0,0.0,-1,24,0.44010162353515625,2.8346786297928803
1779528609.7026448,-0.047123889803846894,0.022689280275926284,-0.04188790204786391,0.0,0.0,0.0,-0.0396,1.8215999999999999,0.198,-0.04804007367585664,0.023274362916559335,-0.043361397081834396,-0.047123889803846894,0.022689280275926284,-0.04188790204786391,0.0,0.0,0.0,gaussian,-1,0.0,0.0,-1,24,0.4500572681427002,2.8346786297928803
1779528609.7126217,-0.047123889803846894,0.022689280275926284,-0.04188790204786391,0.0,0.0,0.0,0.0396,1.9008,0.2376,-0.04804007367585664,0.023274362916559335,-0.043361397081834396,-0.047123889803846894,0.022689280275926284,-0.04188790204786391,0.0,0.0,0.0,gaussian,-1,0.0,0.0,-1,24,0.4601249694824219,2.8346786297928803
1779528609.722643,-0.047123889803846894,0.022689280275926284,-0.04188790204786391,0.0,0.0,0.0,0.0396,1.7424,0.27720000000000006,-0.04804007367585664,0.023274362916559335,-0.043361397081834396,-0.047123889803846894,0.022689280275926284,-0.04188790204786391,0.0,0.0,0.0,gaussian,-1,0.0,0.0,-1,24,0.47010183334350586,2.8346786297928803
1779528609.7325993,-0.047123889803846894,0.022689280275926284,-0.04188790204786391,0.0,0.0,0.0,-0.1188,1.782,0.198,-0.04804007367585664,0.023274362916559335,-0.043361397081834396,-0.047123889803846894,0.022689280275926284,-0.04188790204786391,-0.0020777729190408684,0.0,0.0,gaussian,-1,0.0,0.0,-1,24,0.48012304306030273,2.8346786297928803
1779528609.7426035,-0.047123889803846894,0.022689280275926284,-0.04188790204786391,-0.0020777729190408684,0.0,0.0,0.1584,1.8215999999999999,0.1584,-0.04804007367585664,0.023274362916559335,-0.043361397081834396,-0.047123889803846894,0.022689280275926284,-0.04188790204786391,0.0,0.0,0.0,gaussian,-1,0.0,0.0,-1,24,0.490079402923584,2.8346786297928803
1779528609.752728,-0.047123889803846894,0.022689280275926284,-0.04188790204786391,0.0,0.0,0.0,0.1584,1.98,0.0792,-0.04804007367585664,0.023274362916559335,-0.043361397081834396,-0.047123889803846894,0.022689280275926284,-0.04188790204786391,0.0,0.0020777729190408684,0.0,gaussian,-1,0.0,0.0,-1,24,0.5000836849212646,2.8346786297928803
1779528609.762813,-0.047123889803846894,0.022689280275926284,-0.04188790204786391,0.0,0.0020777729190408684,0.0,-0.0792,1.98,0.1584,-0.04804007367585664,0.023274362916559335,-0.043361397081834396,-0.047123889803846894,0.022689280275926284,-0.04188790204786391,0.0,0.0,0.0,gaussian,-1,0.0,0.0,-1,24,0.5102081298828125,2.8346786297928803
1779528609.7726996,-0.047123889803846894,0.022689280275926284,-0.04188790204786391,0.0,0.0,0.0,-0.0396,1.9404,0.198,-0.04804007367585664,0.023274362916559335,-0.043361397081834396,-0.047123889803846894,0.022689280275926284,-0.04188790204786391,0.0,0.0,0.0,gaussian,-1,0.0,0.0,-1,24,0.5202932357788086,2.8346786297928803
1779528609.7832592,-0.047123889803846894,0.022689280275926284,-0.04188790204786391,0.0,0.0,0.0,0.0,1.8612000000000002,0.198,-0.04804007367585664,0.023274362916559335,-0.043361397081834396,-0.047123889803846894,0.022689280275926284,-0.04188790204786391,0.0,0.0,0.0,gaussian,-1,0.0,0.0,-1,24,0.5301797389984131,2.8346786297928803
1779528609.79267,-0.047123889803846894,0.022689280275926284,-0.04188790204786391,0.0,0.0,0.0,0.0,1.8612000000000002,0.198,-0.04804007367585664,0.023274362916559335,-0.043361397081834396,-0.047123889803846894,0.022689280275926284,-0.04188790204786391,0.0020777729190408684,0.0,0.0,gaussian,-1,0.0,0.0,-1,24,0.5407392978668213,2.8346786297928803
1779528609.8026931,-0.047123889803846894,0.022689280275926284,-0.04188790204786391,0.0020777729190408684,0.0,0.0,0.0396,1.8215999999999999,0.1584,-0.04804007367585664,0.023274362916559335,-0.043361397081834396,-0.047123889803846894,0.022689280275926284,-0.04188790204786391,-0.0020777729190408684,0.0,0.0,gaussian,-1,0.0,0.0,-1,24,0.5501501560211182,2.8346786297928803
1779528609.8125296,-0.047123889803846894,0.022689280275926284,-0.04188790204786391,-0.0020777729190408684,0.0,0.0,-0.0792,1.8612000000000002,0.1584,-0.04804007367585664,0.023274362916559335,-0.043361397081834396,-0.047123889803846894,0.022689280275926284,-0.04188790204786391,-0.0020777729190408684,0.0,0.0,gaussian,-1,0.0,0.0,-1,24,0.5601732730865479,2.8346786297928803
1779528609.8226368,-0.047123889803846894,0.022689280275926284,-0.04188790204786391,-0.0020777729190408684,0.0,0.0,0.1584,1.782,0.1188,-0.04804007367585664,0.023274362916559335,-0.043361397081834396,-0.047123889803846894,0.022689280275926284,-0.04188790204786391,-0.0020777729190408684,0.0,0.0,gaussian,-1,0.0,0.0,-1,24,0.570009708404541,2.8346786297928803
1779528609.8326106,-0.047123889803846894,0.022689280275926284,-0.04188790204786391,-0.0020777729190408684,0.0,0.0,0.1584,1.782,0.1188,-0.04804007367585664,0.023274362916559335,-0.043361397081834396,-0.047123889803846894,0.022689280275926284,-0.04188790204786391,0.0,0.0,0.0,gaussian,-1,0.0,0.0,-1,24,0.5801169872283936,2.8346786297928803
1779528609.8426082,-0.047123889803846894,0.022689280275926284,-0.04188790204786391,0.0,0.0,0.0,0.2376,1.8215999999999999,0.1188,-0.04804007367585664,0.023274362916559335,-0.043361397081834396,-0.047123889803846894,0.022689280275926284,-0.04188790204786391,0.0,0.0,0.0,gaussian,-1,0.0,0.0,-1,24,0.5900907516479492,2.8346786297928803
1779528609.852501,-0.047123889803846894,0.022689280275926284,-0.04188790204786391,0.0,0.0,0.0,-0.1584,1.9008,0.1584,-0.04804007367585664,0.023274362916559335,-0.043361397081834396,-0.047123889803846894,0.022689280275926284,-0.04188790204786391,0.0,0.0,0.0,gaussian,-1,0.0,0.0,-1,24,0.600088357925415,2.8346786297928803
1779528609.8625858,-0.047123889803846894,0.022689280275926284,-0.04188790204786391,0.0,0.0,0.0,-0.0792,1.8215999999999999,0.1188,-0.04804007367585664,0.023274362916559335,-0.043361397081834396,-0.047123889803846894,0.022689280275926284,-0.04188790204786391,0.0020777729190408684,0.0,0.0,gaussian,-1,0.0,0.0,-1,24,0.6099810600280762,2.8346786297928803
1779528609.8726692,-0.047123889803846894,0.022689280275926284,-0.04188790204786391,0.0020777729190408684,0.0,0.0,-0.0396,1.8612000000000002,0.0396,-0.04804007367585664,0.023274362916559335,-0.043361397081834396,-0.047123889803846894,0.022689280275926284,-0.04188790204786391,0.0,0.0,0.0,gaussian,-1,0.0,0.0,-1,24,0.6200659275054932,2.8346786297928803
1779528609.8825226,-0.047123889803846894,0.022689280275926284,-0.04188790204786391,0.0,0.0,0.0,-0.0792,1.8215999999999999,0.0792,-0.04804007367585664,0.023274362916559335,-0.043361397081834396,-0.047123889803846894,0.022689280275926284,-0.04188790204786391,0.0020777729190408684,0.0,0.0,gaussian,-1,0.0,0.0,-1,24,0.6301493644714355,2.8346786297928803
1779528609.8926356,-0.047123889803846894,0.022689280275926284,-0.04188790204786391,0.0020777729190408684,0.0,0.0,-0.0792,1.8612000000000002,0.0792,-0.04804007367585664,0.023274362916559335,-0.043361397081834396,-0.047123889803846894,0.022689280275926284,-0.04188790204786391,0.0,0.0,0.0,gaussian,-1,0.0,0.0,-1,24,0.6400027275085449,2.8346786297928803
1779528609.9025152,-0.047123889803846894,0.022689280275926284,-0.04188790204786391,0.0,0.0,0.0,-0.0792,1.9008,0.1188,-0.04804007367585664,0.023274362916559335,-0.043361397081834396,-0.047123889803846894,0.022689280275926284,-0.04188790204786391,-0.0020777729190408684,0.0,0.0,gaussian,-1,0.0,0.0,-1,24,0.6501157283782959,2.8346786297928803
1779528609.9125924,-0.047123889803846894,0.022689280275926284,-0.04188790204786391,-0.0020777729190408684,0.0,0.0,-0.27720000000000006,1.782,0.1584,-0.04804007367585664,0.023274362916559335,-0.043361397081834396,-0.047123889803846894,0.022689280275926284,-0.04188790204786391,-0.0020777729190408684,0.0,0.0,gaussian,-1,0.0,0.0,-1,24,0.6599953174591064,2.8346786297928803
1779528609.922528,-0.047123889803846894,0.022689280275926284,-0.04188790204786391,-0.0020777729190408684,0.0,0.0,-0.27720000000000006,1.782,0.1584,-0.04804007367585664,0.023274362916559335,-0.043361397081834396,-0.047123889803846894,0.022689280275926284,-0.04188790204786391,-0.0020777729190408684,0.0,0.0,gaussian,-1,0.0,0.0,-1,24,0.6700725555419922,2.8346786297928803
1779528609.9325674,-0.047123889803846894,0.022689280275926284,-0.04188790204786391,-0.0020777729190408684,0.0,0.0,0.2376,1.782,0.0,-0.04804007367585664,0.023274362916559335,-0.043361397081834396,-0.047123889803846894,0.022689280275926284,-0.04188790204786391,-0.0020777729190408684,0.0,0.0,gaussian,-1,0.0,0.0,-1,24,0.6800081729888916,2.8346786297928803
1779528609.9424913,-0.047123889803846894,0.022689280275926284,-0.04188790204786391,-0.0020777729190408684,0.0,0.0,0.2376,1.782,0.0,-0.04804007367585664,0.023274362916559335,-0.043361397081834396,-0.047123889803846894,0.022689280275926284,-0.04188790204786391,0.0,0.0,0.0,gaussian,-1,0.0,0.0,-1,24,0.6900475025177002,2.8346786297928803
1779528609.9526196,-0.047123889803846894,0.022689280275926284,-0.04188790204786391,0.0,0.0,0.0,0.198,1.8612000000000002,0.0792,-0.04804007367585664,0.023274362916559335,-0.043361397081834396,-0.047123889803846894,0.022689280275926284,-0.04188790204786391,0.0,0.0,0.0,gaussian,-1,0.0,0.0,-1,24,0.6999714374542236,2.8346786297928803
1779528609.9626617,-0.047123889803846894,0.022689280275926284,-0.04188790204786391,0.0,0.0,0.0,0.198,1.8612000000000002,0.0792,-0.04804007367585664,0.023274362916559335,-0.043361397081834396,-0.047123889803846894,0.022689280275926284,-0.04188790204786391,0.0,0.0,0.0,gaussian,-1,0.0,0.0,-1,24,0.7100996971130371,2.8346786297928803
1779528609.9725409,-0.047123889803846894,0.022689280275926284,-0.04188790204786391,0.0,0.0,0.0,0.198,1.8215999999999999,0.1188,-0.04804007367585664,0.023274362916559335,-0.043361397081834396,-0.047123889803846894,0.022689280275926284,-0.04188790204786391,0.0,0.0,0.0,gaussian,-1,0.0,0.0,-1,24,0.7201418876647949,2.8346786297928803
1779528609.9825351,-0.047123889803846894,0.022689280275926284,-0.04188790204786391,0.0,0.0,0.0,-0.1584,1.8612000000000002,0.1584,-0.04804007367585664,0.023274362916559335,-0.043361397081834396,-0.047123889803846894,0.022689280275926284,-0.04188790204786391,0.0,0.0,0.0,gaussian,-1,0.0,0.0,-1,24,0.7300209999084473,2.8346786297928803
1779528609.9925616,-0.047123889803846894,0.022689280275926284,-0.04188790204786391,0.0,0.0,0.0,-0.1188,1.782,0.0792,-0.04804007367585664,0.023274362916559335,-0.043361397081834396,-0.047123889803846894,0.022689280275926284,-0.04188790204786391,0.0,0.0,0.0,gaussian,-1,0.0,0.0,-1,24,0.7400152683258057,2.8346786297928803
1779528610.0026104,-0.047123889803846894,0.022689280275926284,-0.04188790204786391,0.0,0.0,0.0,-0.0792,1.7424,0.0396,-0.04804007367585664,0.023274362916559335,-0.043361397081834396,-0.047123889803846894,0.022689280275926284,-0.04188790204786391,0.0,0.0,0.0,gaussian,-1,0.0,0.0,-1,24,0.7500417232513428,2.8346786297928803
1779528610.0126655,-0.047123889803846894,0.022689280275926284,-0.04188790204786391,0.0,0.0,0.0,-0.2376,1.8215999999999999,0.1188,-0.04804007367585664,0.023274362916559335,-0.043361397081834396,-0.047123889803846894,0.022689280275926284,-0.04188790204786391,-0.0020777729190408684,0.0,0.0,gaussian,-1,0.0,0.0,-1,24,0.7600905895233154,2.8346786297928803
1779528610.0226693,-0.047123889803846894,0.022689280275926284,-0.04188790204786391,-0.0020777729190408684,0.0,0.0,0.3168,1.8612000000000002,0.0396,-0.04804007367585664,0.023274362916559335,-0.043361397081834396,-0.047123889803846894,0.022689280275926284,-0.04188790204786391,-0.0020777729190408684,0.0,0.0,gaussian,-1,0.0,0.0,-1,24,0.7701456546783447,2.8346786297928803
1779528610.03266,-0.047123889803846894,0.022689280275926284,-0.04188790204786391,-0.0020777729190408684,0.0,0.0,0.3168,1.8612000000000002,0.0396,-0.04804007367585664,0.023274362916559335,-0.043361397081834396,-0.047123889803846894,0.022689280275926284,-0.04188790204786391,0.0,-0.0020777729190408684,-0.0020777729190408684,gaussian,-1,0.0,0.0,-1,24,0.7801494598388672,2.8346786297928803
1779528610.0427964,-0.047123889803846894,0.022689280275926284,-0.04188790204786391,0.0,-0.0020777729190408684,-0.0020777729190408684,0.3168,1.9008,0.0,-0.04804007367585664,0.023274362916559335,-0.043361397081834396,-0.047123889803846894,0.022689280275926284,-0.04188790204786391,-0.0020777729190408684,0.0,0.0,gaussian,-1,0.0,0.0,-1,24,0.7901401519775391,2.8346786297928803
1779528610.052713,-0.047123889803846894,0.022689280275926284,-0.04188790204786391,-0.0020777729190408684,0.0,0.0,0.2376,1.782,0.0,-0.04804007367585664,0.023274362916559335,-0.043361397081834396,-0.047123889803846894,0.022689280275926284,-0.04188790204786391,0.0,0.0,0.0,gaussian,-1,0.0,0.0,-1,24,0.800276517868042,2.8346786297928803
1779528610.0625484,-0.047123889803846894,0.022689280275926284,-0.04188790204786391,0.0,0.0,0.0,0.3168,1.782,0.0396,-0.04804007367585664,0.023274362916559335,-0.043361397081834396,-0.047123889803846894,0.022689280275926284,-0.04188790204786391,0.0,0.0,0.0,gaussian,-1,0.0,0.0,-1,24,0.8101930618286133,2.8346786297928803
1779528610.0741487,-0.047123889803846894,0.022689280275926284,-0.04188790204786391,0.0,0.0,0.0,-0.27720000000000006,1.8215999999999999,0.0792,-0.04804007367585664,0.023274362916559335,-0.043361397081834396,-0.047123889803846894,0.022689280275926284,-0.04188790204786391,0.0,0.0,0.0,gaussian,-1,0.0,0.0,-1,24,0.82002854347229,2.8346786297928803
1779528610.0826273,-0.047123889803846894,0.022689280275926284,-0.04188790204786391,0.0,0.0,0.0,-0.27720000000000006,1.8215999999999999,0.0792,-0.04804007367585664,0.023274362916559335,-0.043361397081834396,-0.047123889803846894,0.022689280275926284,-0.04188790204786391,0.0020777729190408684,0.0,0.0,gaussian,-1,0.0,0.0,-1,24,0.8316287994384766,2.8346786297928803
1779528610.0925877,-0.047123889803846894,0.022689280275926284,-0.04188790204786391,0.0020777729190408684,0.0,0.0,-0.1188,1.9404,0.0,-0.04804007367585664,0.023274362916559335,-0.043361397081834396,-0.047123889803846894,0.022689280275926284,-0.04188790204786391,0.0,0.0,0.0,gaussian,-1,0.0,0.0,-1,24,0.8401074409484863,2.8346786297928803
1779528610.1025488,-0.047123889803846894,0.022689280275926284,-0.04188790204786391,0.0,0.0,0.0,-0.2376,1.8612000000000002,0.0,-0.04804007367585664,0.023274362916559335,-0.043361397081834396,-0.047123889803846894,0.022689280275926284,-0.04188790204786391,0.0,0.0,0.0,gaussian,-1,0.0,0.0,-1,24,0.8500678539276123,2.8346786297928803
1779528610.1125894,-0.047123889803846894,0.022689280275926284,-0.04188790204786391,0.0,0.0,0.0,-0.2376,1.8215999999999999,0.0792,-0.04804007367585664,0.023274362916559335,-0.043361397081834396,-0.047123889803846894,0.022689280275926284,-0.04188790204786391,0.0,0.0,0.0,gaussian,-1,0.0,0.0,-1,24,0.8600289821624756,2.8346786297928803
1779528610.1225834,-0.047123889803846894,0.022689280275926284,-0.04188790204786391,0.0,0.0,0.0,-0.2376,1.8215999999999999,0.0792,-0.04804007367585664,0.023274362916559335,-0.043361397081834396,-0.047123889803846894,0.022689280275926284,-0.04188790204786391,0.0,0.0,0.0,gaussian,-1,0.0,0.0,-1,24,0.8700695037841797,2.8346786297928803
1779528610.1325705,-0.047123889803846894,0.022689280275926284,-0.04188790204786391,0.0,0.0,0.0,-0.198,1.8612000000000002,0.0,-0.04804007367585664,0.023274362916559335,-0.043361397081834396,-0.047123889803846894,0.022689280275926284,-0.04188790204786391,0.0,0.0,0.0,gaussian,-1,0.0,0.0,-1,24,0.880063533782959,2.8346786297928803
1779528610.142629,-0.047123889803846894,0.022689280275926284,-0.04188790204786391,0.0,0.0,0.0,-0.27720000000000006,1.782,0.0792,-0.04804007367585664,0.023274362916559335,-0.043361397081834396,-0.047123889803846894,0.022689280275926284,-0.04188790204786391,0.0,0.0,0.0,gaussian,-1,0.0,0.0,-1,24,0.8900506496429443,2.8346786297928803
1779528610.152654,-0.047123889803846894,0.022689280275926284,-0.04188790204786391,0.0,0.0,0.0,0.2376,1.8612000000000002,0.0,-0.04804007367585664,0.023274362916559335,-0.043361397081834396,-0.047123889803846894,0.022689280275926284,-0.04188790204786391,-0.004155545838081737,0.0,0.0,gaussian,-1,0.0,0.0,-1,24,0.900109052658081,2.8346786297928803
1779528610.1625998,-0.047123889803846894,0.022689280275926284,-0.04188790204786391,-0.004155545838081737,0.0,0.0,0.3168,1.8215999999999999,0.0,-0.04804007367585664,0.023274362916559335,-0.043361397081834396,-0.047123889803846894,0.022689280275926284,-0.04188790204786391,0.0,0.0020777729190408684,0.0,gaussian,-1,0.0,0.0,-1,24,0.9101340770721436,2.8346786297928803
1779528610.172546,-0.047123889803846894,0.022689280275926284,-0.04188790204786391,0.0,0.0020777729190408684,0.0,0.2376,1.7424,0.1188,-0.04804007367585664,0.023274362916559335,-0.043361397081834396,-0.047123889803846894,0.022689280275926284,-0.04188790204786391,0.0,0.0020777729190408684,0.0,gaussian,-1,0.0,0.0,-1,24,0.9200799465179443,2.8346786297928803
1779528610.182542,-0.047123889803846894,0.022689280275926284,-0.04188790204786391,0.0,0.0020777729190408684,0.0,0.2376,1.7424,0.1188,-0.04804007367585664,0.023274362916559335,-0.043361397081834396,-0.047123889803846894,0.022689280275926284,-0.04188790204786391,0.0,0.0,0.0,gaussian,-1,0.0,0.0,-1,24,0.9300260543823242,2.8346786297928803
1779528610.1926153,-0.047123889803846894,0.022689280275926284,-0.04188790204786391,0.0,0.0,0.0,-0.2376,1.9008,0.0396,-0.04804007367585664,0.023274362916559335,-0.043361397081834396,-0.047123889803846894,0.022689280275926284,-0.04188790204786391,0.0,0.0,0.0,gaussian,-1,0.0,0.0,-1,24,0.9400222301483154,2.8346786297928803
1779528610.2025127,-0.047123889803846894,0.022689280275926284,-0.04188790204786391,0.0,0.0,0.0,0.2376,1.782,0.0,-0.04804007367585664,0.023274362916559335,-0.043361397081834396,-0.047123889803846894,0.022689280275926284,-0.04188790204786391,-0.0020777729190408684,0.0,0.0,gaussian,-1,0.0,0.0,-1,24,0.9500954151153564,2.8346786297928803
1779528610.2125492,-0.047123889803846894,0.022689280275926284,-0.04188790204786391,-0.0020777729190408684,0.0,0.0,0.198,1.8612000000000002,-0.0396,-0.04804007367585664,0.023274362916559335,-0.043361397081834396,-0.047123889803846894,0.022689280275926284,-0.04188790204786391,-0.0020777729190408684,0.0,0.0,gaussian,-1,0.0,0.0,-1,24,0.9599928855895996,2.8346786297928803
1779528610.222546,-0.047123889803846894,0.022689280275926284,-0.04188790204786391,-0.0020777729190408684,0.0,0.0,0.198,1.8612000000000002,-0.0396,-0.04804007367585664,0.023274362916559335,-0.043361397081834396,-0.047123889803846894,0.022689280275926284,-0.04188790204786391,0.0,0.0,0.0,gaussian,-1,0.0,0.0,-1,24,0.970029354095459,2.8346786297928803
1779528610.2325692,-0.047123889803846894,0.022689280275926284,-0.04188790204786391,0.0,0.0,0.0,0.3168,1.782,0.0,-0.04804007367585664,0.023274362916559335,-0.043361397081834396,-0.047123889803846894,0.022689280275926284,-0.04188790204786391,0.0,-0.0020777729190408684,0.0,gaussian,-1,0.0,0.0,-1,24,0.9800262451171875,2.8346786297928803
1779528610.2425635,-0.047123889803846894,0.022689280275926284,-0.04188790204786391,0.0,-0.0020777729190408684,0.0,-0.198,1.8612000000000002,0.0,-0.04804007367585664,0.023274362916559335,-0.043361397081834396,-0.047123889803846894,0.022689280275926284,-0.04188790204786391,0.0,0.0,0.0,gaussian,-1,0.0,0.0,-1,24,0.9900493621826172,2.8346786297928803
1779528610.2525663,-0.047123889803846894,0.022689280275926284,-0.04188790204786391,0.0,0.0,0.0,0.27720000000000006,1.782,0.0396,-0.04804007367585664,0.023274362916559335,-0.043361397081834396,-0.047123889803846894,0.022689280275926284,-0.04188790204786391,0.0,0.0,0.0,gaussian,-1,0.0,0.0,-1,24,1.0000436305999756,2.8346786297928803
1779528610.2625208,-0.047123889803846894,0.022689280275926284,-0.04188790204786391,0.0,0.0,0.0,0.27720000000000006,1.782,0.0396,-0.04804007367585664,0.023274362916559335,-0.043361397081834396,-0.047123889803846894,0.022689280275926284,-0.04188790204786391,0.0,0.0,0.0,gaussian,-1,0.0,0.0,-1,24,1.0100464820861816,2.8346786297928803
1779528610.2726116,-0.047123889803846894,0.022689280275926284,-0.04188790204786391,0.0,0.0,0.0,0.2376,1.7424,0.1188,-0.04804007367585664,0.023274362916559335,-0.043361397081834396,-0.047123889803846894,0.022689280275926284,-0.04188790204786391,0.0,0.0,0.0,gaussian,-1,0.0,0.0,-1,24,1.02000093460083,2.8346786297928803
1779528610.2834678,-0.047123889803846894,0.022689280275926284,-0.04188790204786391,0.0,0.0,0.0,0.2376,1.7424,0.1188,-0.04804007367585664,0.023274362916559335,-0.043361397081834396,-0.047123889803846894,0.022689280275926284,-0.04188790204786391,-0.0020777729190408684,0.0,0.0,gaussian,-1,0.0,0.0,-1,24,1.0300917625427246,2.8346786297928803
1779528610.2927203,-0.047123889803846894,0.022689280275926284,-0.04188790204786391,-0.0020777729190408684,0.0,0.0,0.2376,1.7028,0.0,-0.04804007367585664,0.023274362916559335,-0.043361397081834396,-0.047123889803846894,0.022689280275926284,-0.04188790204786391,0.0,0.0,0.0,gaussian,-1,0.0,0.0,-1,24,1.0409479141235352,2.8346786297928803
1779528610.3027,-0.047123889803846894,0.022689280275926284,-0.04188790204786391,0.0,0.0,0.0,0.3168,1.8215999999999999,0.0,-0.04804007367585664,0.023274362916559335,-0.043361397081834396,-0.047123889803846894,0.022689280275926284,-0.04188790204786391,0.0,0.0,0.0,gaussian,-1,0.0,0.0,-1,24,1.0502004623413086,2.8346786297928803
1779528610.3125598,-0.047123889803846894,0.022689280275926284,-0.04188790204786391,0.0,0.0,0.0,0.2376,1.8215999999999999,0.0,-0.04804007367585664,0.023274362916559335,-0.043361397081834396,-0.047123889803846894,0.022689280275926284,-0.04188790204786391,-0.0020777729190408684,0.0,0.0,gaussian,-1,0.0,0.0,-1,24,1.0601801872253418,2.8346786297928803
1779528610.322535,-0.047123889803846894,0.022689280275926284,-0.04188790204786391,-0.0020777729190408684,0.0,0.0,0.27720000000000006,1.782,0.0396,-0.04804007367585664,0.023274362916559335,-0.043361397081834396,-0.047123889803846894,0.022689280275926284,-0.04188790204786391,0.0,0.0,0.0,gaussian,-1,0.0,0.0,-1,24,1.070039987564087,2.8346786297928803
1779528610.3325462,-0.047123889803846894,0.022689280275926284,-0.04188790204786391,0.0,0.0,0.0,0.2376,1.7028,-0.0396,-0.04804007367585664,0.023274362916559335,-0.043361397081834396,-0.047123889803846894,0.022689280275926284,-0.04188790204786391,0.0,0.0,0.0,gaussian,-1,0.0,0.0,-1,24,1.0800151824951172,2.8346786297928803
1779528610.342542,-0.047123889803846894,0.022689280275926284,-0.04188790204786391,0.0,0.0,0.0,0.2376,1.7028,-0.0396,-0.04804007367585664,0.023274362916559335,-0.043361397081834396,-0.047123889803846894,0.022689280275926284,-0.04188790204786391,0.0,0.0,0.0,gaussian,-1,0.0,0.0,-1,24,1.0900263786315918,2.8346786297928803
1779528610.3525124,-0.047123889803846894,0.022689280275926284,-0.04188790204786391,0.0,0.0,0.0,-0.198,1.7424,0.0396,-0.04804007367585664,0.023274362916559335,-0.043361397081834396,-0.047123889803846894,0.022689280275926284,-0.04188790204786391,0.0,0.0,0.0,gaussian,-1,0.0,0.0,-1,24,1.1000220775604248,2.8346786297928803
1779528610.362612,-0.047123889803846894,0.022689280275926284,-0.04188790204786391,0.0,0.0,0.0,-0.1584,1.7028,0.0,-0.04804007367585664,0.023274362916559335,-0.043361397081834396,-0.047123889803846894,0.022689280275926284,-0.04188790204786391,0.0,0.0,0.0,gaussian,-1,0.0,0.0,-1,24,1.109992504119873,2.8346786297928803
1779528610.372498,-0.047123889803846894,0.022689280275926284,-0.04188790204786391,0.0,0.0,0.0,-0.1584,1.7028,0.0,-0.04804007367585664,0.023274362916559335,-0.043361397081834396,-0.047123889803846894,0.022689280275926284,-0.04188790204786391,0.0020777729190408684,0.0,0.0,gaussian,-1,0.0,0.0,-1,24,1.1200921535491943,2.8346786297928803
1779528610.3825622,-0.047123889803846894,0.022689280275926284,-0.04188790204786391,0.0020777729190408684,0.0,0.0,-0.2376,1.8215999999999999,0.0792,-0.04804007367585664,0.023274362916559335,-0.043361397081834396,-0.047123889803846894,0.022689280275926284,-0.04188790204786391,0.0,0.0,0.0020777729190408684,gaussian,-1,0.0,0.0,-1,24,1.1299781799316406,2.8346786297928803
1779528610.3926408,-0.047123889803846894,0.022689280275926284,-0.04188790204786391,0.0,0.0,0.0020777729190408684,-0.27720000000000006,1.7424,0.0,-0.04804007367585664,0.023274362916559335,-0.043361397081834396,-0.047123889803846894,0.022689280275926284,-0.04188790204786391,0.0,-0.0020777729190408684,0.0,gaussian,-1,0.0,0.0,-1,24,1.1400423049926758,2.8346786297928803
1779528610.402535,-0.047123889803846894,0.022689280275926284,-0.04188790204786391,0.0,-0.0020777729190408684,0.0,0.2376,1.782,0.0,-0.04804007367585664,0.023274362916559335,-0.043361397081834396,-0.047123889803846894,0.022689280275926284,-0.04188790204786391,0.0,-0.0020777729190408684,0.0,gaussian,-1,0.0,0.0,-1,24,1.1501209735870361,2.8346786297928803
1779528610.4125705,-0.047123889803846894,0.022689280275926284,-0.04188790204786391,0.0,-0.0020777729190408684,0.0,0.2376,1.782,0.0,-0.04804007367585664,0.023274362916559335,-0.043361397081834396,-0.047123889803846894,0.022689280275926284,-0.04188790204786391,0.0,0.0,0.0,gaussian,-1,0.0,0.0,-1,24,1.1600151062011719,2.8346786297928803
1779528610.422541,-0.047123889803846894,0.022689280275926284,-0.04188790204786391,0.0,0.0,0.0,0.27720000000000006,1.782,0.0,-0.04804007367585664,0.023274362916559335,-0.043361397081834396,-0.047123889803846894,0.022689280275926284,-0.04188790204786391,0.0,0.0,0.0,gaussian,-1,0.0,0.0,-1,24,1.1700506210327148,2.8346786297928803
1779528610.432542,-0.047123889803846894,0.022689280275926284,-0.04188790204786391,0.0,0.0,0.0,0.27720000000000006,1.7424,0.0,-0.04804007367585664,0.023274362916559335,-0.043361397081834396,-0.047123889803846894,0.022689280275926284,-0.04188790204786391,0.0,0.0,-0.0020777729190408684,gaussian,-1,0.0,0.0,-1,24,1.180021047592163,2.8346786297928803
1779528610.4425993,-0.047123889803846894,0.022689280275926284,-0.04188790204786391,0.0,0.0,-0.0020777729190408684,0.2376,1.7424,0.0,-0.04804007367585664,0.023274362916559335,-0.043361397081834396,-0.047123889803846894,0.022689280275926284,-0.04188790204786391,0.0,0.0,0.0,gaussian,-1,0.0,0.0,-1,24,1.1900222301483154,2.8346786297928803
1779528610.4525428,-0.047123889803846894,0.022689280275926284,-0.04188790204786391,0.0,0.0,0.0,0.35639999999999994,1.782,0.0396,-0.04804007367585664,0.023274362916559335,-0.043361397081834396,-0.047123889803846894,0.022689280275926284,-0.04188790204786391,0.0,0.0,0.0,gaussian,-1,0.0,0.0,-1,24,1.2000794410705566,2.8346786297928803
1779528610.4625201,-0.047123889803846894,0.022689280275926284,-0.04188790204786391,0.0,0.0,0.0,0.3168,1.782,0.0396,-0.04804007367585664,0.023274362916559335,-0.043361397081834396,-0.047123889803846894,0.022689280275926284,-0.04188790204786391,0.0020777729190408684,0.0,0.0,gaussian,-1,0.0,0.0,-1,24,1.2100229263305664,2.8346786297928803
1779528610.472548,-0.047123889803846894,0.022689280275926284,-0.04188790204786391,0.0020777729190408684,0.0,0.0,-0.1584,1.8215999999999999,0.0,-0.04804007367585664,0.023274362916559335,-0.043361397081834396,-0.047123889803846894,0.022689280275926284,-0.04188790204786391,0.0020777729190408684,0.0,0.0,gaussian,-1,0.0,0.0,-1,24,1.2200002670288086,2.8346786297928803
1779528610.4825933,-0.047123889803846894,0.022689280275926284,-0.04188790204786391,0.0020777729190408684,0.0,0.0,-0.1584,1.8215999999999999,0.0,-0.04804007367585664,0.023274362916559335,-0.043361397081834396,-0.047123889803846894,0.022689280275926284,-0.04188790204786391,0.0,0.0,0.0,gaussian,-1,0.0,0.0,-1,24,1.2300281524658203,2.8346786297928803
1779528610.4925492,-0.047123889803846894,0.022689280275926284,-0.04188790204786391,0.0,0.0,0.0,-0.198,1.7028,-0.0396,-0.04804007367585664,0.023274362916559335,-0.043361397081834396,-0.047123889803846894,0.022689280275926284,-0.04188790204786391,0.0,0.0,0.0,gaussian,-1,0.0,0.0,-1,24,1.2400734424591064,2.8346786297928803
1779528610.5026567,-0.047123889803846894,0.022689280275926284,-0.04188790204786391,0.0,0.0,0.0,-0.1584,1.7028,0.0,-0.04804007367585664,0.023274362916559335,-0.043361397081834396,-0.047123889803846894,0.022689280275926284,-0.04188790204786391,0.0,0.0,0.0,gaussian,-1,0.0,0.0,-1,24,1.2500293254852295,2.8346786297928803
1779528610.5125947,-0.047123889803846894,0.022689280275926284,-0.04188790204786391,0.0,0.0,0.0,-0.27720000000000006,1.7424,0.0,-0.04804007367585664,0.023274362916559335,-0.043361397081834396,-0.047123889803846894,0.022689280275926284,-0.04188790204786391,-0.0020777729190408684,0.0,0.0,gaussian,-1,0.0,0.0,-1,24,1.2601368427276611,2.8346786297928803
1779528610.5225575,-0.047123889803846894,0.022689280275926284,-0.04188790204786391,-0.0020777729190408684,0.0,0.0,0.35639999999999994,1.7028,0.0,-0.04804007367585664,0.023274362916559335,-0.043361397081834396,-0.047123889803846894,0.022689280275926284,-0.04188790204786391,0.0,0.0,0.0,gaussian,-1,0.0,0.0,-1,24,1.2700748443603516,2.8346786297928803
1779528610.5325537,-0.047123889803846894,0.022689280275926284,-0.04188790204786391,0.0,0.0,0.0,-0.27720000000000006,1.782,0.0,-0.04804007367585664,0.023274362916559335,-0.043361397081834396,-0.047123889803846894,0.022689280275926284,-0.04188790204786391,0.0,0.0,0.0,gaussian,-1,0.0,0.0,-1,24,1.2800376415252686,2.8346786297928803
1779528610.542525,-0.047123889803846894,0.022689280275926284,-0.04188790204786391,0.0,0.0,0.0,0.2376,1.782,0.0,-0.04804007367585664,0.023274362916559335,-0.043361397081834396,-0.047123889803846894,0.022689280275926284,-0.04188790204786391,0.0,0.0,0.0,gaussian,-1,0.0,0.0,-1,24,1.2900338172912598,2.8346786297928803
1779528610.5525742,-0.047123889803846894,0.022689280275926284,-0.04188790204786391,0.0,0.0,0.0,-0.35639999999999994,1.7028,-0.0396,-0.04804007367585664,0.023274362916559335,-0.043361397081834396,-0.047123889803846894,0.022689280275926284,-0.04188790204786391,0.0,0.0,0.0,gaussian,-1,0.0,0.0,-1,24,1.3000051975250244,2.8346786297928803
1779528610.5625446,-0.047123889803846894,0.022689280275926284,-0.04188790204786391,0.0,0.0,0.0,0.35639999999999994,1.8612000000000002,-0.0396,-0.04804007367585664,0.023274362916559335,-0.043361397081834396,-0.047123889803846894,0.022689280275926284,-0.04188790204786391,0.0,0.0,0.0,gaussian,-1,0.0,0.0,-1,24,1.3100543022155762,2.8346786297928803
1779528610.5725396,-0.047123889803846894,0.022689280275926284,-0.04188790204786391,0.0,0.0,0.0,0.27720000000000006,1.782,0.0,-0.04804007367585664,0.023274362916559335,-0.043361397081834396,-0.047123889803846894,0.022689280275926284,-0.04188790204786391,0.0,0.0,0.0,gaussian,-1,0.0,0.0,-1,24,1.3200247287750244,2.8346786297928803
1779528610.5825489,-0.047123889803846894,0.022689280275926284,-0.04188790204786391,0.0,0.0,0.0,0.198,1.7424,0.0396,-0.04804007367585664,0.023274362916559335,-0.043361397081834396,-0.047123889803846894,0.022689280275926284,-0.04188790204786391,0.0,0.0020777729190408684,0.0,gaussian,-1,0.0,0.0,-1,24,1.3300197124481201,2.8346786297928803
1779528610.5925257,-0.047123889803846894,0.022689280275926284,-0.04188790204786391,0.0,0.0020777729190408684,0.0,-0.3168,1.7424,0.0792,-0.04804007367585664,0.023274362916559335,-0.043361397081834396,-0.047123889803846894,0.022689280275926284,-0.04188790204786391,0.0,0.0,0.0,gaussian,-1,0.0,0.0,-1,24,1.340029001235962,2.8346786297928803
1779528610.6025777,-0.047123889803846894,0.022689280275926284,-0.04188790204786391,0.0,0.0,0.0,0.198,1.782,-0.0396,-0.04804007367585664,0.023274362916559335,-0.043361397081834396,-0.047123889803846894,0.022689280275926284,-0.04188790204786391,0.0,0.0,0.0020777729190408684,gaussian,-1,0.0,0.0,-1,24,1.350005865097046,2.8346786297928803
1779528610.6125908,-0.047123889803846894,0.022689280275926284,-0.04188790204786391,0.0,0.0,0.0020777729190408684,-0.27720000000000006,1.6632,0.0,-0.04804007367585664,0.023274362916559335,-0.043361397081834396,-0.047123889803846894,0.022689280275926284,-0.04188790204786391,0.0,0.0,0.0,gaussian,-1,0.0,0.0,-1,24,1.3600578308105469,2.8346786297928803
1779528610.622546,-0.047123889803846894,0.022689280275926284,-0.04188790204786391,0.0,0.0,0.0,-0.2376,1.7028,0.0,-0.04804007367585664,0.023274362916559335,-0.043361397081834396,-0.047123889803846894,0.022689280275926284,-0.04188790204786391,0.0,0.0,0.0,gaussian,-1,0.0,0.0,-1,24,1.3700709342956543,2.8346786297928803
1779528610.6325762,-0.047123889803846894,0.022689280275926284,-0.04188790204786391,0.0,0.0,0.0,0.198,1.8215999999999999,-0.0396,-0.04804007367585664,0.023274362916559335,-0.043361397081834396,-0.047123889803846894,0.022689280275926284,-0.04188790204786391,0.0,0.0,0.0,gaussian,-1,0.0,0.0,-1,24,1.38002610206604,2.8346786297928803
1779528610.6425402,-0.047123889803846894,0.022689280275926284,-0.04188790204786391,0.0,0.0,0.0,0.396,1.6632,0.0,-0.04804007367585664,0.023274362916559335,-0.043361397081834396,-0.047123889803846894,0.022689280275926284,-0.04188790204786391,0.0,-0.0020777729190408684,0.0,gaussian,-1,0.0,0.0,-1,24,1.3900563716888428,2.8346786297928803
1779528610.6525366,-0.047123889803846894,0.022689280275926284,-0.04188790204786391,0.0,-0.0020777729190408684,0.0,-0.27720000000000006,1.7424,-0.1188,-0.04804007367585664,0.023274362916559335,-0.043361397081834396,-0.047123889803846894,0.022689280275926284,-0.04188790204786391,0.0,0.0,-0.0020777729190408684,gaussian,-1,0.0,0.0,-1,24,1.4000203609466553,2.8346786297928803
1779528610.6625783,-0.047123889803846894,0.022689280275926284,-0.04188790204786391,0.0,0.0,-0.0020777729190408684,0.3168,1.7424,0.0,-0.04804007367585664,0.023274362916559335,-0.043361397081834396,-0.047123889803846894,0.022689280275926284,-0.04188790204786391,0.0,0.0,0.0,gaussian,-1,0.0,0.0,-1,24,1.4100167751312256,2.8346786297928803
1779528610.6725445,-0.047123889803846894,0.022689280275926284,-0.04188790204786391,0.0,0.0,0.0,0.27720000000000006,1.7028,0.0,-0.04804007367585664,0.023274362916559335,-0.043361397081834396,-0.047123889803846894,0.022689280275926284,-0.04188790204786391,0.0,0.0,0.0,gaussian,-1,0.0,0.0,-1,24,1.4200584888458252,2.8346786297928803
1779528610.6831408,-0.047123889803846894,0.022689280275926284,-0.04188790204786391,0.0,0.0,0.0,-0.198,1.7028,0.0,-0.04804007367585664,0.023274362916559335,-0.043361397081834396,-0.047123889803846894,0.022689280275926284,-0.04188790204786391,0.0,0.0,0.0,gaussian,-1,0.0,0.0,-1,24,1.4300246238708496,2.8346786297928803
1779528610.6926465,-0.047123889803846894,0.022689280275926284,-0.04188790204786391,0.0,0.0,0.0,-0.35639999999999994,1.7424,0.0396,-0.04804007367585664,0.023274362916559335,-0.043361397081834396,-0.047123889803846894,0.022689280275926284,-0.04188790204786391,0.0,0.0,0.0,gaussian,-1,0.0,0.0,-1,24,1.4406208992004395,2.8346786297928803
1779528610.7027164,-0.047123889803846894,0.022689280275926284,-0.04188790204786391,0.0,0.0,0.0,-0.198,1.8215999999999999,-0.0792,-0.04804007367585664,0.023274362916559335,-0.043361397081834396,-0.047123889803846894,0.022689280275926284,-0.04188790204786391,-0.0020777729190408684,0.0,0.0,gaussian,-1,0.0,0.0,-1,24,1.4501266479492188,2.8346786297928803
1779528610.7126737,-0.047123889803846894,0.022689280275926284,-0.04188790204786391,-0.0020777729190408684,0.0,0.0,0.27720000000000006,1.7424,0.0,-0.04804007367585664,0.023274362916559335,-0.043361397081834396,-0.047123889803846894,0.022689280275926284,-0.04188790204786391,0.0,0.0,0.0,gaussian,-1,0.0,0.0,-1,24,1.4601964950561523,2.8346786297928803
1779528610.7225442,-0.047123889803846894,0.022689280275926284,-0.04188790204786391,0.0,0.0,0.0,0.3168,1.782,0.0,-0.04804007367585664,0.023274362916559335,-0.043361397081834396,-0.047123889803846894,0.022689280275926284,-0.04188790204786391,0.0,0.0,0.0,gaussian,-1,0.0,0.0,-1,24,1.47015380859375,2.8346786297928803
1779528610.7325377,-0.047123889803846894,0.022689280275926284,-0.04188790204786391,0.0,0.0,0.0,0.3168,1.782,0.0,-0.04804007367585664,0.023274362916559335,-0.043361397081834396,-0.047123889803846894,0.022689280275926284,-0.04188790204786391,0.0,0.0,0.0,gaussian,-1,0.0,0.0,-1,24,1.4800243377685547,2.8346786297928803
1779528610.7425394,-0.047123889803846894,0.022689280275926284,-0.04188790204786391,0.0,0.0,0.0,0.3168,1.7424,0.0396,-0.04804007367585664,0.023274362916559335,-0.043361397081834396,-0.047123889803846894,0.022689280275926284,-0.04188790204786391,0.0,0.0,0.0,gaussian,-1,0.0,0.0,-1,24,1.4900178909301758,2.8346786297928803
1779528610.7525098,-0.047123889803846894,0.022689280275926284,-0.04188790204786391,0.0,0.0,0.0,0.3168,1.7424,0.0396,-0.04804007367585664,0.023274362916559335,-0.043361397081834396,-0.047123889803846894,0.022689280275926284,-0.04188790204786391,0.0,0.0,0.0,gaussian,-1,0.0,0.0,-1,24,1.5000195503234863,2.8346786297928803
1779528610.762546,-0.047123889803846894,0.022689280275926284,-0.04188790204786391,0.0,0.0,0.0,0.3168,1.782,0.0396,-0.04804007367585664,0.023274362916559335,-0.043361397081834396,-0.047123889803846894,0.022689280275926284,-0.04188790204786391,0.0,0.0,0.0,gaussian,-1,0.0,0.0,-1,24,1.5099899768829346,2.8346786297928803
1779528610.772574,-0.047123889803846894,0.022689280275926284,-0.04188790204786391,0.0,0.0,0.0,0.3168,1.782,0.0396,-0.04804007367585664,0.023274362916559335,-0.043361397081834396,-0.047123889803846894,0.022689280275926284,-0.04188790204786391,0.0,0.0,0.0,gaussian,-1,0.0,0.0,-1,24,1.5200262069702148,2.8346786297928803
1779528610.7826424,-0.047123889803846894,0.022689280275926284,-0.04188790204786391,0.0,0.0,0.0,-0.2376,1.782,-0.0396,-0.04804007367585664,0.023274362916559335,-0.043361397081834396,-0.047123889803846894,0.022689280275926284,-0.04188790204786391,0.0,0.0,0.0,gaussian,-1,0.0,0.0,-1,24,1.5300540924072266,2.8346786297928803
1779528610.792647,-0.047123889803846894,0.022689280275926284,-0.04188790204786391,0.0,0.0,0.0,-0.2376,1.782,-0.0396,-0.04804007367585664,0.023274362916559335,-0.043361397081834396,-0.047123889803846894,0.022689280275926284,-0.04188790204786391,0.0020777729190408684,0.0,0.0,gaussian,-1,0.0,0.0,-1,24,1.5401225090026855,2.8346786297928803
1779528610.8025126,-0.047123889803846894,0.022689280275926284,-0.04188790204786391,0.0020777729190408684,0.0,0.0,0.27720000000000006,1.7424,0.0396,-0.04804007367585664,0.023274362916559335,-0.043361397081834396,-0.047123889803846894,0.022689280275926284,-0.04188790204786391,0.0,0.0,0.0,gaussian,-1,0.0,0.0,-1,24,1.5501270294189453,2.8346786297928803
1779528610.8126233,-0.047123889803846894,0.022689280275926284,-0.04188790204786391,0.0,0.0,0.0,0.35639999999999994,1.7028,0.0,-0.04804007367585664,0.023274362916559335,-0.043361397081834396,-0.047123889803846894,0.022689280275926284,-0.04188790204786391,0.0,0.0,0.0,gaussian,-1,0.0,0.0,-1,24,1.559992790222168,2.8346786297928803
1779528610.822595,-0.047123889803846894,0.022689280275926284,-0.04188790204786391,0.0,0.0,0.0,0.35639999999999994,1.7028,0.0,-0.04804007367585664,0.023274362916559335,-0.043361397081834396,-0.047123889803846894,0.022689280275926284,-0.04188790204786391,0.0,0.0,0.0,gaussian,-1,0.0,0.0,-1,24,1.570103406906128,2.8346786297928803
1779528610.8325408,-0.047123889803846894,0.022689280275926284,-0.04188790204786391,0.0,0.0,0.0,0.2376,1.7424,0.1188,-0.04804007367585664,0.023274362916559335,-0.043361397081834396,-0.047123889803846894,0.022689280275926284,-0.04188790204786391,-0.0020777729190408684,0.0,0.0,gaussian,-1,0.0,0.0,-1,24,1.5800750255584717,2.8346786297928803
1779528610.8425117,-0.047123889803846894,0.022689280275926284,-0.04188790204786391,-0.0020777729190408684,0.0,0.0,0.3168,1.782,0.0396,-0.04804007367585664,0.023274362916559335,-0.043361397081834396,-0.047123889803846894,0.022689280275926284,-0.04188790204786391,0.0,0.0,0.0,gaussian,-1,0.0,0.0,-1,24,1.5900208950042725,2.8346786297928803
1779528610.8525443,-0.047123889803846894,0.022689280275926284,-0.04188790204786391,0.0,0.0,0.0,0.35639999999999994,1.782,0.0,-0.04804007367585664,0.023274362916559335,-0.043361397081834396,-0.047123889803846894,0.022689280275926284,-0.04188790204786391,0.0,0.0,0.0,gaussian,-1,0.0,0.0,-1,24,1.599991798400879,2.8346786297928803
1779528610.8625402,-0.047123889803846894,0.022689280275926284,-0.04188790204786391,0.0,0.0,0.0,0.35639999999999994,1.8215999999999999,0.0,-0.04804007367585664,0.023274362916559335,-0.043361397081834396,-0.047123889803846894,0.022689280275926284,-0.04188790204786391,0.0,0.0,0.0,gaussian,-1,0.0,0.0,-1,24,1.6100244522094727,2.8346786297928803
1779528610.8725367,-0.047123889803846894,0.022689280275926284,-0.04188790204786391,0.0,0.0,0.0,0.35639999999999994,1.8215999999999999,0.0,-0.04804007367585664,0.023274362916559335,-0.043361397081834396,-0.047123889803846894,0.022689280275926284,-0.04188790204786391,0.0,0.0,0.0,gaussian,-1,0.0,0.0,-1,24,1.6200203895568848,2.8346786297928803
1779528610.882542,-0.047123889803846894,0.022689280275926284,-0.04188790204786391,0.0,0.0,0.0,0.2376,1.7424,-0.0396,-0.04804007367585664,0.023274362916559335,-0.043361397081834396,-0.047123889803846894,0.022689280275926284,-0.04188790204786391,0.0,0.0,0.0,gaussian,-1,0.0,0.0,-1,24,1.630016803741455,2.8346786297928803
1779528610.8925388,-0.047123889803846894,0.022689280275926284,-0.04188790204786391,0.0,0.0,0.0,0.198,1.7424,-0.1188,-0.04804007367585664,0.023274362916559335,-0.043361397081834396,-0.047123889803846894,0.022689280275926284,-0.04188790204786391,0.0,0.0,0.0,gaussian,-1,0.0,0.0,-1,24,1.6400220394134521,2.8346786297928803
1779528610.9025407,-0.047123889803846894,0.022689280275926284,-0.04188790204786391,0.0,0.0,0.0,0.396,1.6236000000000002,-0.0396,-0.04804007367585664,0.023274362916559335,-0.043361397081834396,-0.047123889803846894,0.022689280275926284,-0.04188790204786391,0.0,0.0,0.0,gaussian,-1,0.0,0.0,-1,24,1.6500189304351807,2.8346786297928803
1779528610.9125404,-0.047123889803846894,0.022689280275926284,-0.04188790204786391,0.0,0.0,0.0,0.396,1.6236000000000002,-0.0396,-0.04804007367585664,0.023274362916559335,-0.043361397081834396,-0.047123889803846894,0.022689280275926284,-0.04188790204786391,0.0,0.0,0.0,gaussian,-1,0.0,0.0,-1,24,1.6600208282470703,2.8346786297928803
1779528610.9225452,-0.047123889803846894,0.022689280275926284,-0.04188790204786391,0.0,0.0,0.0,0.35639999999999994,1.7028,-0.0396,-0.04804007367585664,0.023274362916559335,-0.043361397081834396,-0.047123889803846894,0.022689280275926284,-0.04188790204786391,0.0,0.0,0.0,gaussian,-1,0.0,0.0,-1,24,1.670020580291748,2.8346786297928803
1779528610.9325376,-0.047123889803846894,0.022689280275926284,-0.04188790204786391,0.0,0.0,0.0,0.2376,1.8215999999999999,0.0792,-0.04804007367585664,0.023274362916559335,-0.043361397081834396,-0.047123889803846894,0.022689280275926284,-0.04188790204786391,0.0,0.0,0.0,gaussian,-1,0.0,0.0,-1,24,1.680025339126587,2.8346786297928803
1779528610.9425404,-0.047123889803846894,0.022689280275926284,-0.04188790204786391,0.0,0.0,0.0,0.2376,1.782,0.0,-0.04804007367585664,0.023274362916559335,-0.043361397081834396,-0.047123889803846894,0.022689280275926284,-0.04188790204786391,0.0,0.0,0.0,gaussian,-1,0.0,0.0,-1,24,1.6900177001953125,2.8346786297928803
1779528610.952487,-0.047123889803846894,0.022689280275926284,-0.04188790204786391,0.0,0.0,0.0,-0.2376,1.782,-0.0396,-0.04804007367585664,0.023274362916559335,-0.043361397081834396,-0.047123889803846894,0.022689280275926284,-0.04188790204786391,0.0,0.0,0.0,gaussian,-1,0.0,0.0,-1,24,1.7000205516815186,2.8346786297928803
1779528610.96254,-0.047123889803846894,0.022689280275926284,-0.04188790204786391,0.0,0.0,0.0,0.3168,1.8612000000000002,0.0792,-0.04804007367585664,0.023274362916559335,-0.043361397081834396,-0.047123889803846894,0.022689280275926284,-0.04188790204786391,0.0,0.0,0.0,gaussian,-1,0.0,0.0,-1,24,1.7099671363830566,2.8346786297928803
1779528610.9725444,-0.047123889803846894,0.022689280275926284,-0.04188790204786391,0.0,0.0,0.0,0.3168,1.8612000000000002,0.0792,-0.04804007367585664,0.023274362916559335,-0.043361397081834396,-0.047123889803846894,0.022689280275926284,-0.04188790204786391,0.0020777729190408684,0.0,0.0,gaussian,-1,0.0,0.0,-1,24,1.720020055770874,2.8346786297928803
1779528610.9825406,-0.047123889803846894,0.022689280275926284,-0.04188790204786391,0.0020777729190408684,0.0,0.0,-0.35639999999999994,1.8612000000000002,-0.0792,-0.04804007367585664,0.023274362916559335,-0.043361397081834396,-0.047123889803846894,0.022689280275926284,-0.04188790204786391,0.0,0.0,-0.0020777729190408684,gaussian,-1,0.0,0.0,-1,24,1.7300245761871338,2.8346786297928803
1779528610.9925218,-0.047123889803846894,0.022689280275926284,-0.04188790204786391,0.0,0.0,-0.0020777729190408684,-0.27720000000000006,1.8215999999999999,0.0792,-0.04804007367585664,0.023274362916559335,-0.043361397081834396,-0.047123889803846894,0.022689280275926284,-0.04188790204786391,0.0020777729190408684,0.0,0.0,gaussian,-1,0.0,0.0,-1,24,1.740020751953125,2.8346786297928803
1779528611.0025427,-0.047123889803846894,0.022689280275926284,-0.04188790204786391,0.0020777729190408684,0.0,0.0,-0.2376,1.9008,-0.0396,-0.04804007367585664,0.023274362916559335,-0.043361397081834396,-0.047123889803846894,0.022689280275926284,-0.04188790204786391,0.0020777729190408684,0.0,0.0,gaussian,-1,0.0,0.0,-1,24,1.7500019073486328,2.8346786297928803
1779528611.0125408,-0.047123889803846894,0.022689280275926284,-0.04188790204786391,0.0020777729190408684,0.0,0.0,-0.2376,1.9008,-0.0396,-0.04804007367585664,0.023274362916559335,-0.043361397081834396,-0.047123889803846894,0.022689280275926284,-0.04188790204786391,0.0,0.0,0.0,gaussian,-1,0.0,0.0,-1,24,1.7600228786468506,2.8346786297928803
1779528611.0225396,-0.047123889803846894,0.022689280275926284,-0.04188790204786391,0.0,0.0,0.0,-0.396,1.8215999999999999,-0.0396,-0.04804007367585664,0.023274362916559335,-0.043361397081834396,-0.047123889803846894,0.022689280275926284,-0.04188790204786391,-0.0020777729190408684,0.0,0.0,gaussian,-1,0.0,0.0,-1,24,1.7700209617614746,2.8346786297928803
1779528611.032548,-0.047123889803846894,0.022689280275926284,-0.04188790204786391,-0.0020777729190408684,0.0,0.0,0.27720000000000006,1.8215999999999999,-0.0792,-0.04804007367585664,0.023274362916559335,-0.043361397081834396,-0.047123889803846894,0.022689280275926284,-0.04188790204786391,0.0,0.0,0.0,gaussian,-1,0.0,0.0,-1,24,1.780019760131836,2.8346786297928803
1779528611.0426896,-0.047123889803846894,0.022689280275926284,-0.04188790204786391,0.0,0.0,0.0,0.27720000000000006,1.782,0.198,-0.04804007367585664,0.023274362916559335,-0.043361397081834396,-0.047123889803846894,0.022689280275926284,-0.04188790204786391,0.0,0.0,0.0,gaussian,-1,0.0,0.0,-1,24,1.7900280952453613,2.8346786297928803
1779528611.0525475,-0.047123889803846894,0.022689280275926284,-0.04188790204786391,0.0,0.0,0.0,0.27720000000000006,1.782,0.198,-0.04804007367585664,0.023274362916559335,-0.043361397081834396,-0.047123889803846894,0.022689280275926284,-0.04188790204786391,0.0,0.0,0.0,gaussian,-1,0.0,0.0,-1,24,1.8001697063446045,2.8346786297928803
1779528611.0625417,-0.047123889803846894,0.022689280275926284,-0.04188790204786391,0.0,0.0,0.0,-0.27720000000000006,1.8612000000000002,-0.0396,-0.04804007367585664,0.023274362916559335,-0.043361397081834396,-0.047123889803846894,0.022689280275926284,-0.04188790204786391,0.0,0.0,0.0,gaussian,-1,0.0,0.0,-1,24,1.8100275993347168,2.8346786297928803
1779528611.0725446,-0.047123889803846894,0.022689280275926284,-0.04188790204786391,0.0,0.0,0.0,-0.3168,1.782,0.0792,-0.04804007367585664,0.023274362916559335,-0.043361397081834396,-0.047123889803846894,0.022689280275926284,-0.04188790204786391,0.0,0.0,0.0,gaussian,-1,0.0,0.0,-1,24,1.8200218677520752,2.8346786297928803
1779528611.082548,-0.047123889803846894,0.022689280275926284,-0.04188790204786391,0.0,0.0,0.0,-0.198,1.782,-0.0396,-0.04804007367585664,0.023274362916559335,-0.043361397081834396,-0.047123889803846894,0.022689280275926284,-0.04188790204786391,0.0,0.0,0.0020777729190408684,gaussian,-1,0.0,0.0,-1,24,1.8300247192382812,2.8346786297928803
1779528611.0926619,-0.047123889803846894,0.022689280275926284,-0.04188790204786391,0.0,0.0,0.0020777729190408684,-0.27720000000000006,1.8215999999999999,-0.0396,-0.04804007367585664,0.023274362916559335,-0.043361397081834396,-0.047123889803846894,0.022689280275926284,-0.04188790204786391,0.0,0.0,0.0,gaussian,-1,0.0,0.0,-1,24,1.8400280475616455,2.8346786297928803
1779528611.1025665,-0.047123889803846894,0.022689280275926284,-0.04188790204786391,0.0,0.0,0.0,-0.27720000000000006,1.782,-0.1188,-0.04804007367585664,0.023274362916559335,-0.043361397081834396,-0.047123889803846894,0.022689280275926284,-0.04188790204786391,0.0,0.0,0.0,gaussian,-1,0.0,0.0,-1,24,1.850142002105713,2.8346786297928803
1779528611.1126015,-0.047123889803846894,0.022689280275926284,-0.04188790204786391,0.0,0.0,0.0,-0.27720000000000006,1.782,-0.1188,-0.04804007367585664,0.023274362916559335,-0.043361397081834396,-0.047123889803846894,0.022689280275926284,-0.04188790204786391,0.0,0.0,0.0,gaussian,-1,0.0,0.0,-1,24,1.860046625137329,2.8346786297928803
1779528611.122543,-0.047123889803846894,0.022689280275926284,-0.04188790204786391,0.0,0.0,0.0,-0.2376,1.782,-0.0396,-0.04804007367585664,0.023274362916559335,-0.043361397081834396,-0.047123889803846894,0.022689280275926284,-0.04188790204786391,0.0,0.0,0.0,gaussian,-1,0.0,0.0,-1,24,1.8700816631317139,2.8346786297928803
1779528611.1325028,-0.047123889803846894,0.022689280275926284,-0.04188790204786391,0.0,0.0,0.0,-0.396,1.782,0.0,-0.04804007367585664,0.023274362916559335,-0.043361397081834396,-0.047123889803846894,0.022689280275926284,-0.04188790204786391,0.0,0.0,0.0,gaussian,-1,0.0,0.0,-1,24,1.8800232410430908,2.8346786297928803
1779528611.1425529,-0.047123889803846894,0.022689280275926284,-0.04188790204786391,0.0,0.0,0.0,0.27720000000000006,1.7424,0.0,-0.04804007367585664,0.023274362916559335,-0.043361397081834396,-0.047123889803846894,0.022689280275926284,-0.04188790204786391,0.0,0.0,0.0,gaussian,-1,0.0,0.0,-1,24,1.8899829387664795,2.8346786297928803
1779528611.1525764,-0.047123889803846894,0.022689280275926284,-0.04188790204786391,0.0,0.0,0.0,-0.3168,1.8612000000000002,-0.0792,-0.04804007367585664,0.023274362916559335,-0.043361397081834396,-0.047123889803846894,0.022689280275926284,-0.04188790204786391,0.0,0.0,0.0,gaussian,-1,0.0,0.0,-1,24,1.9000329971313477,2.8346786297928803
1779528611.1624691,-0.047123889803846894,0.022689280275926284,-0.04188790204786391,0.0,0.0,0.0,-0.27720000000000006,1.782,-0.2376,-0.04804007367585664,0.023274362916559335,-0.043361397081834396,-0.047123889803846894,0.022689280275926284,-0.04188790204786391,0.0,0.0,0.0,gaussian,-1,0.0,0.0,-1,24,1.9100565910339355,2.8346786297928803
1779528611.1725779,-0.047123889803846894,0.022689280275926284,-0.04188790204786391,0.0,0.0,0.0,0.35639999999999994,1.8612000000000002,-0.1188,-0.04804007367585664,0.023274362916559335,-0.043361397081834396,-0.047123889803846894,0.022689280275926284,-0.04188790204786391,0.0,0.0,0.0,gaussian,-1,0.0,0.0,-1,24,1.9199492931365967,2.8346786297928803
1779528611.1826808,-0.047123889803846894,0.022689280275926284,-0.04188790204786391,0.0,0.0,0.0,0.35639999999999994,1.8612000000000002,-0.1188,-0.04804007367585664,0.023274362916559335,-0.043361397081834396,-0.047123889803846894,0.022689280275926284,-0.04188790204786391,0.0,0.0,0.0,gaussian,-1,0.0,0.0,-1,24,1.9300580024719238,2.8346786297928803
1779528611.1926055,-0.047123889803846894,0.022689280275926284,-0.04188790204786391,0.0,0.0,0.0,0.396,1.7424,-0.2376,-0.04804007367585664,0.023274362916559335,-0.043361397081834396,-0.047123889803846894,0.022689280275926284,-0.04188790204786391,0.0,0.0,0.0,gaussian,-1,0.0,0.0,-1,24,1.9401609897613525,2.8346786297928803
1779528611.202621,-0.047123889803846894,0.022689280275926284,-0.04188790204786391,0.0,0.0,0.0,-0.396,1.8612000000000002,-0.1188,-0.04804007367585664,0.023274362916559335,-0.043361397081834396,-0.047123889803846894,0.022689280275926284,-0.04188790204786391,0.0,0.0,0.0,gaussian,-1,0.0,0.0,-1,24,1.9500856399536133,2.8346786297928803
1779528611.2126226,-0.047123889803846894,0.022689280275926284,-0.04188790204786391,0.0,0.0,0.0,-0.396,1.8612000000000002,-0.1188,-0.04804007367585664,0.023274362916559335,-0.043361397081834396,-0.047123889803846894,0.022689280275926284,-0.04188790204786391,0.0,0.0,0.0,gaussian,-1,0.0,0.0,-1,24,1.9601011276245117,2.8346786297928803
1779528611.2225516,-0.047123889803846894,0.022689280275926284,-0.04188790204786391,0.0,0.0,0.0,-0.396,1.8612000000000002,-0.1188,-0.04804007367585664,0.023274362916559335,-0.043361397081834396,-0.047123889803846894,0.022689280275926284,-0.04188790204786391,0.0,0.0,0.0,gaussian,-1,0.0,0.0,-1,24,1.9701027870178223,2.8346786297928803
1779528611.2325385,-0.047123889803846894,0.022689280275926284,-0.04188790204786391,0.0,0.0,0.0,-0.396,1.8612000000000002,-0.1188,-0.04804007367585664,0.023274362916559335,-0.043361397081834396,-0.047123889803846894,0.022689280275926284,-0.04188790204786391,0.0,0.0,0.0,gaussian,-1,0.0,0.0,-1,24,1.9800317287445068,2.8346786297928803
1779528611.2425523,-0.047123889803846894,0.022689280275926284,-0.04188790204786391,0.0,0.0,0.0,-0.396,1.8612000000000002,-0.1188,-0.04804007367585664,0.023274362916559335,-0.043361397081834396,-0.047123889803846894,0.022689280275926284,-0.04188790204786391,0.0,0.0,0.0,gaussian,-1,0.0,0.0,-1,24,1.990018606185913,2.8346786297928803
1779528611.2525446,-0.047123889803846894,0.022689280275926284,-0.04188790204786391,0.0,0.0,0.0,0.27720000000000006,1.8215999999999999,-0.1188,-0.04804007367585664,0.023274362916559335,-0.043361397081834396,-0.047123889803846894,0.022689280275926284,-0.04188790204786391,0.0,0.0,0.0,gaussian,-1,0.0,0.0,-1,24,2.000032424926758,2.8346786297928803
1779528611.2625816,-0.047123889803846894,0.022689280275926284,-0.04188790204786391,0.0,0.0,0.0,0.27720000000000006,1.8215999999999999,-0.1188,-0.04804007367585664,0.023274362916559335,-0.043361397081834396,-0.047123889803846894,0.022689280275926284,-0.04188790204786391,0.0,0.0,0.0,gaussian,-1,0.0,0.0,-1,24,2.0100247859954834,2.8346786297928803
1779528611.2726083,-0.047123889803846894,0.022689280275926284,-0.04188790204786391,0.0,0.0,0.0,0.27720000000000006,1.8215999999999999,-0.1188,-0.04804007367585664,0.023274362916559335,-0.043361397081834396,-0.047123889803846894,0.022689280275926284,-0.04188790204786391,0.0,0.0,0.0,gaussian,-1,0.0,0.0,-1,24,2.020061731338501,2.8346786297928803
1779528611.2826207,-0.047123889803846894,0.022689280275926284,-0.04188790204786391,0.0,0.0,0.0,-0.35639999999999994,1.8215999999999999,-0.1584,-0.04804007367585664,0.023274362916559335,-0.043361397081834396,-0.047123889803846894,0.022689280275926284,-0.04188790204786391,0.0,0.0,0.0,gaussian,-1,0.0,0.0,-1,24,2.030088424682617,2.8346786297928803
1779528611.292699,-0.047123889803846894,0.022689280275926284,-0.04188790204786391,0.0,0.0,0.0,-0.2376,1.8215999999999999,-0.1584,-0.04804007367585664,0.023274362916559335,-0.043361397081834396,-0.047123889803846894,0.022689280275926284,-0.04188790204786391,0.0,0.0,0.0,gaussian,-1,0.0,0.0,-1,24,2.0401008129119873,2.8346786297928803
1779528611.3025143,-0.047123889803846894,0.022689280275926284,-0.04188790204786391,0.0,0.0,0.0,-0.3168,1.8215999999999999,0.1584,-0.04804007367585664,0.023274362916559335,-0.043361397081834396,-0.047123889803846894,0.022689280275926284,-0.04188790204786391,0.0,0.0,0.0,gaussian,-1,0.0,0.0,-1,24,2.0501792430877686,2.8346786297928803
1779528611.3125448,-0.047123889803846894,0.022689280275926284,-0.04188790204786391,0.0,0.0,0.0,-0.396,1.7028,-0.0396,-0.04804007367585664,0.023274362916559335,-0.043361397081834396,-0.047123889803846894,0.022689280275926284,-0.04188790204786391,0.0,0.0,0.0,gaussian,-1,0.0,0.0,-1,24,2.0599944591522217,2.8346786297928803
1779528611.322543,-0.047123889803846894,0.022689280275926284,-0.04188790204786391,0.0,0.0,0.0,-0.396,1.7028,-0.0396,-0.04804007367585664,0.023274362916559335,-0.043361397081834396,-0.047123889803846894,0.022689280275926284,-0.04188790204786391,0.0,0.0,0.0,gaussian,-1,0.0,0.0,-1,24,2.0700249671936035,2.8346786297928803
1779528611.332541,-0.047123889803846894,0.022689280275926284,-0.04188790204786391,0.0,0.0,0.0,-0.396,1.7028,-0.0396,-0.04804007367585664,0.023274362916559335,-0.043361397081834396,-0.047123889803846894,0.022689280275926284,-0.04188790204786391,0.0,0.0,0.0,gaussian,-1,0.0,0.0,-1,24,2.0800230503082275,2.8346786297928803
1779528611.3425536,-0.047123889803846894,0.022689280275926284,-0.04188790204786391,0.0,0.0,0.0,-0.396,1.7028,-0.0396,-0.04804007367585664,0.023274362916559335,-0.043361397081834396,-0.047123889803846894,0.022689280275926284,-0.04188790204786391,0.0,0.0,0.0,gaussian,-1,0.0,0.0,-1,24,2.0900211334228516,2.8346786297928803
1779528611.352551,-0.047123889803846894,0.022689280275926284,-0.04188790204786391,0.0,0.0,0.0,-0.396,1.7028,-0.0396,-0.04804007367585664,0.023274362916559335,-0.043361397081834396,-0.047123889803846894,0.022689280275926284,-0.04188790204786391,0.0,0.0,0.0,gaussian,-1,0.0,0.0,-1,24,2.100033760070801,2.8346786297928803
1779528611.3625398,-0.047123889803846894,0.022689280275926284,-0.04188790204786391,0.0,0.0,0.0,-0.396,1.7028,-0.0396,-0.04804007367585664,0.023274362916559335,-0.043361397081834396,-0.047123889803846894,0.022689280275926284,-0.04188790204786391,0.0,0.0,0.0,gaussian,-1,0.0,0.0,-1,24,2.1100311279296875,2.8346786297928803
1779528611.372562,-0.047123889803846894,0.022689280275926284,-0.04188790204786391,0.0,0.0,0.0,-0.396,1.7028,-0.0396,-0.04804007367585664,0.023274362916559335,-0.043361397081834396,-0.047123889803846894,0.022689280275926284,-0.04188790204786391,0.0,0.0,0.0020777729190408684,gaussian,-1,0.0,0.0,-1,24,2.1200199127197266,2.8346786297928803
1779528611.3825183,-0.047123889803846894,0.022689280275926284,-0.04188790204786391,0.0,0.0,0.0020777729190408684,-0.4356,1.7424,-0.1584,-0.04804007367585664,0.023274362916559335,-0.043361397081834396,-0.047123889803846894,0.022689280275926284,-0.04188790204786391,0.0,0.0,0.0,gaussian,-1,0.0,0.0,-1,24,2.13004207611084,2.8346786297928803
1779528611.3925173,-0.047123889803846894,0.022689280275926284,-0.04188790204786391,0.0,0.0,0.0,0.27720000000000006,1.8215999999999999,-0.2376,-0.04804007367585664,0.023274362916559335,-0.043361397081834396,-0.047123889803846894,0.022689280275926284,-0.04188790204786391,0.0,0.0,0.0,gaussian,-1,0.0,0.0,-1,24,2.139998435974121,2.8346786297928803
1779528611.4025214,-0.047123889803846894,0.022689280275926284,-0.04188790204786391,0.0,0.0,0.0,0.396,1.7424,-0.1188,-0.04804007367585664,0.023274362916559335,-0.043361397081834396,-0.047123889803846894,0.022689280275926284,-0.04188790204786391,0.0,0.0,0.0,gaussian,-1,0.0,0.0,-1,24,2.1499974727630615,2.8346786297928803
1779528611.4125395,-0.047123889803846894,0.022689280275926284,-0.04188790204786391,0.0,0.0,0.0,0.396,1.7424,-0.1188,-0.04804007367585664,0.023274362916559335,-0.043361397081834396,-0.047123889803846894,0.022689280275926284,-0.04188790204786391,0.0,0.0,0.0,gaussian,-1,0.0,0.0,-1,24,2.160001516342163,2.8346786297928803
1779528611.4225264,-0.047123889803846894,0.022689280275926284,-0.04188790204786391,0.0,0.0,0.0,0.35639999999999994,1.782,-0.1584,-0.04804007367585664,0.023274362916559335,-0.043361397081834396,-0.047123889803846894,0.022689280275926284,-0.04188790204786391,0.0,0.0,0.0,gaussian,-1,0.0,0.0,-1,24,2.1700196266174316,2.8346786297928803
1779528611.432514,-0.047123889803846894,0.022689280275926284,-0.04188790204786391,0.0,0.0,0.0,0.3168,1.7028,-0.1584,-0.04804007367585664,0.023274362916559335,-0.043361397081834396,-0.047123889803846894,0.022689280275926284,-0.04188790204786391,0.0,0.0,0.0,gaussian,-1,0.0,0.0,-1,24,2.180006504058838,2.8346786297928803
1779528611.4425125,-0.047123889803846894,0.022689280275926284,-0.04188790204786391,0.0,0.0,0.0,-0.27720000000000006,1.8215999999999999,-0.1188,-0.04804007367585664,0.023274362916559335,-0.043361397081834396,-0.047123889803846894,0.022689280275926284,-0.04188790204786391,-0.0020777729190408684,0.0,-0.0020777729190408684,gaussian,-1,0.0,0.0,-1,24,2.1899940967559814,2.8346786297928803
1779528611.4525418,-0.047123889803846894,0.022689280275926284,-0.04188790204786391,-0.0020777729190408684,0.0,-0.0020777729190408684,0.3168,1.7424,0.198,-0.04804007367585664,0.023274362916559335,-0.043361397081834396,-0.047123889803846894,0.022689280275926284,-0.04188790204786391,-0.0020777729190408684,0.0,-0.0020777729190408684,gaussian,-1,0.0,0.0,-1,24,2.1999926567077637,2.8346786297928803
1779528611.4625113,-0.047123889803846894,0.022689280275926284,-0.04188790204786391,-0.0020777729190408684,0.0,-0.0020777729190408684,0.3168,1.7424,0.198,-0.04804007367585664,0.023274362916559335,-0.043361397081834396,-0.047123889803846894,0.022689280275926284,-0.04188790204786391,0.0,0.0,-0.0020777729190408684,gaussian,-1,0.0,0.0,-1,24,2.21002197265625,2.8346786297928803
1779528611.47258,-0.047123889803846894,0.022689280275926284,-0.04188790204786391,0.0,0.0,-0.0020777729190408684,0.4356,1.7424,-0.0792,-0.04804007367585664,0.023274362916559335,-0.043361397081834396,-0.047123889803846894,0.022689280275926284,-0.04188790204786391,0.0,0.0,0.0,gaussian,-1,0.0,0.0,-1,24,2.219991445541382,2.8346786297928803
1779528611.4825428,-0.047123889803846894,0.022689280275926284,-0.04188790204786391,0.0,0.0,0.0,0.3168,1.8612000000000002,-0.1584,-0.04804007367585664,0.023274362916559335,-0.043361397081834396,-0.047123889803846894,0.022689280275926284,-0.04188790204786391,0.0,0.0,0.0,gaussian,-1,0.0,0.0,-1,24,2.23006010055542,2.8346786297928803
1779528611.4925003,-0.047123889803846894,0.022689280275926284,-0.04188790204786391,0.0,0.0,0.0,0.396,1.7424,-0.1584,-0.04804007367585664,0.023274362916559335,-0.043361397081834396,-0.047123889803846894,0.022689280275926284,-0.04188790204786391,0.0,0.0,0.0,gaussian,-1,0.0,0.0,-1,24,2.240022897720337,2.8346786297928803
1779528611.5025465,-0.047123889803846894,0.022689280275926284,-0.04188790204786391,0.0,0.0,0.0,0.35639999999999994,1.7424,-0.198,-0.04804007367585664,0.023274362916559335,-0.043361397081834396,-0.047123889803846894,0.022689280275926284,-0.04188790204786391,0.0,0.0,0.0,gaussian,-1,0.0,0.0,-1,24,2.2499804496765137,2.8346786297928803
1779528611.5125506,-0.047123889803846894,0.022689280275926284,-0.04188790204786391,0.0,0.0,0.0,0.3168,1.8215999999999999,-0.1584,-0.04804007367585664,0.023274362916559335,-0.043361397081834396,-0.047123889803846894,0.022689280275926284,-0.04188790204786391,0.0,0.0,0.0,gaussian,-1,0.0,0.0,-1,24,2.260026693344116,2.8346786297928803
1779528611.5225432,-0.047123889803846894,0.022689280275926284,-0.04188790204786391,0.0,0.0,0.0,0.3168,1.8215999999999999,-0.1584,-0.04804007367585664,0.023274362916559335,-0.043361397081834396,-0.047123889803846894,0.022689280275926284,-0.04188790204786391,0.0,0.0,0.0,gaussian,-1,0.0,0.0,-1,24,2.2700307369232178,2.8346786297928803
1779528611.532539,-0.047123889803846894,0.022689280275926284,-0.04188790204786391,0.0,0.0,0.0,-0.35639999999999994,1.782,-0.0792,-0.04804007367585664,0.023274362916559335,-0.043361397081834396,-0.047123889803846894,0.022689280275926284,-0.04188790204786391,0.0,0.0,0.0,gaussian,-1,0.0,0.0,-1,24,2.2800233364105225,2.8346786297928803
1779528611.5425556,-0.047123889803846894,0.022689280275926284,-0.04188790204786391,0.0,0.0,0.0,-0.35639999999999994,1.782,-0.0792,-0.04804007367585664,0.023274362916559335,-0.043361397081834396,-0.047123889803846894,0.022689280275926284,-0.04188790204786391,0.0,0.0,0.0,gaussian,-1,0.0,0.0,-1,24,2.2900190353393555,2.8346786297928803
1779528611.5525515,-0.047123889803846894,0.022689280275926284,-0.04188790204786391,0.0,0.0,0.0,-0.3168,1.7028,-0.1188,-0.04804007367585664,0.023274362916559335,-0.043361397081834396,-0.047123889803846894,0.022689280275926284,-0.04188790204786391,0.0,0.0,0.0,gaussian,-1,0.0,0.0,-1,24,2.3000357151031494,2.8346786297928803
1779528611.5625408,-0.047123889803846894,0.022689280275926284,-0.04188790204786391,0.0,0.0,0.0,0.396,1.7424,-0.0396,-0.04804007367585664,0.023274362916559335,-0.043361397081834396,-0.047123889803846894,0.022689280275926284,-0.04188790204786391,-0.0020777729190408684,0.0,0.0,gaussian,-1,0.0,0.0,-1,24,2.3100316524505615,2.8346786297928803
1779528611.5726025,-0.047123889803846894,0.022689280275926284,-0.04188790204786391,-0.0020777729190408684,0.0,0.0,0.4752,1.782,-0.0396,-0.04804007367585664,0.023274362916559335,-0.043361397081834396,-0.047123889803846894,0.022689280275926284,-0.04188790204786391,-0.0020777729190408684,0.0,0.0,gaussian,-1,0.0,0.0,-1,24,2.320020914077759,2.8346786297928803
1779528611.582587,-0.047123889803846894,0.022689280275926284,-0.04188790204786391,-0.0020777729190408684,0.0,0.0,0.4752,1.782,-0.0396,-0.04804007367585664,0.023274362916559335,-0.043361397081834396,-0.047123889803846894,0.022689280275926284,-0.04188790204786391,-0.0020777729190408684,0.0,0.0,gaussian,-1,0.0,0.0,-1,24,2.330082654953003,2.8346786297928803
1779528611.5926275,-0.047123889803846894,0.022689280275926284,-0.04188790204786391,-0.0020777729190408684,0.0,0.0,0.4752,1.782,-0.0396,-0.04804007367585664,0.023274362916559335,-0.043361397081834396,-0.047123889803846894,0.022689280275926284,-0.04188790204786391,-0.0020777729190408684,0.0,0.0,gaussian,-1,0.0,0.0,-1,24,2.340067148208618,2.8346786297928803
1779528611.6025496,-0.047123889803846894,0.022689280275926284,-0.04188790204786391,-0.0020777729190408684,0.0,0.0,0.4752,1.782,-0.0396,-0.04804007367585664,0.023274362916559335,-0.043361397081834396,-0.047123889803846894,0.022689280275926284,-0.04188790204786391,0.0,0.0,0.0020777729190408684,gaussian,-1,0.0,0.0,-1,24,2.3501076698303223,2.8346786297928803
1779528611.6125844,-0.047123889803846894,0.022689280275926284,-0.04188790204786391,0.0,0.0,0.0020777729190408684,0.35639999999999994,1.7028,-0.2376,-0.04804007367585664,0.023274362916559335,-0.043361397081834396,-0.047123889803846894,0.022689280275926284,-0.04188790204786391,0.0,-0.0020777729190408684,0.0,gaussian,-1,0.0,0.0,-1,24,2.360029697418213,2.8346786297928803
1779528611.6225855,-0.047123889803846894,0.022689280275926284,-0.04188790204786391,0.0,-0.0020777729190408684,0.0,0.396,1.7028,-0.1188,-0.04804007367585664,0.023274362916559335,-0.043361397081834396,-0.047123889803846894,0.022689280275926284,-0.04188790204786391,0.0,-0.0020777729190408684,0.0,gaussian,-1,0.0,0.0,-1,24,2.3700644969940186,2.8346786297928803
1779528611.632641,-0.047123889803846894,0.022689280275926284,-0.04188790204786391,0.0,-0.0020777729190408684,0.0,0.396,1.7028,-0.1188,-0.04804007367585664,0.023274362916559335,-0.043361397081834396,-0.047123889803846894,0.022689280275926284,-0.04188790204786391,0.0,0.0,0.0,gaussian,-1,0.0,0.0,-1,24,2.380065679550171,2.8346786297928803
1779528611.6446629,-0.047123889803846894,0.022689280275926284,-0.04188790204786391,0.0,0.0,0.0,-0.3168,1.8612000000000002,0.2376,-0.04804007367585664,0.023274362916559335,-0.043361397081834396,-0.047123889803846894,0.022689280275926284,-0.04188790204786391,0.0,0.0,0.0,gaussian,-1,0.0,0.0,-1,24,2.3901212215423584,2.8346786297928803
1779528611.6530771,-0.047123889803846894,0.022689280275926284,-0.04188790204786391,0.0,0.0,0.0,-0.3168,1.8612000000000002,0.2376,-0.04804007367585664,0.023274362916559335,-0.043361397081834396,-0.047123889803846894,0.022689280275926284,-0.04188790204786391,0.0,-0.0020777729190408684,-0.0020777729190408684,gaussian,-1,0.0,0.0,-1,24,2.4021430015563965,2.8346786297928803
1779528611.6626167,-0.047123889803846894,0.022689280275926284,-0.04188790204786391,0.0,-0.0020777729190408684,-0.0020777729190408684,-0.35639999999999994,1.7424,0.1584,-0.04804007367585664,0.023274362916559335,-0.043361397081834396,-0.047123889803846894,0.022689280275926284,-0.04188790204786391,-0.0020777729190408684,0.0,0.0,gaussian,-1,0.0,0.0,-1,24,2.410557270050049,2.8346786297928803
1779528611.6729336,-0.047123889803846894,0.022689280275926284,-0.04188790204786391,-0.0020777729190408684,0.0,0.0,0.3168,1.7028,-0.1188,-0.04804007367585664,0.023274362916559335,-0.043361397081834396,-0.047123889803846894,0.022689280275926284,-0.04188790204786391,-0.0020777729190408684,0.0,0.0,gaussian,-1,0.0,0.0,-1,24,2.4200968742370605,2.8346786297928803
1779528611.6827106,-0.047123889803846894,0.022689280275926284,-0.04188790204786391,-0.0020777729190408684,0.0,0.0,0.4356,1.7424,-0.1188,-0.04804007367585664,0.023274362916559335,-0.043361397081834396,-0.047123889803846894,0.022689280275926284,-0.04188790204786391,-0.0020777729190408684,0.0,0.0,gaussian,-1,0.0,0.0,-1,24,2.4304137229919434,2.8346786297928803
1779528611.6926067,-0.047123889803846894,0.022689280275926284,-0.04188790204786391,-0.0020777729190408684,0.0,0.0,0.4356,1.7424,-0.1188,-0.04804007367585664,0.023274362916559335,-0.043361397081834396,-0.047123889803846894,0.022689280275926284,-0.04188790204786391,0.0,0.0,0.0,gaussian,-1,0.0,0.0,-1,24,2.4401907920837402,2.8346786297928803
1779528611.7027102,-0.047123889803846894,0.022689280275926284,-0.04188790204786391,0.0,0.0,0.0,-0.35639999999999994,1.7424,0.1584,-0.04804007367585664,0.023274362916559335,-0.043361397081834396,-0.047123889803846894,0.022689280275926284,-0.04188790204786391,0.0,0.0,0.0,gaussian,-1,0.0,0.0,-1,24,2.450086832046509,2.8346786297928803
1779528611.71375,-0.047123889803846894,0.022689280275926284,-0.04188790204786391,0.0,0.0,0.0,-0.35639999999999994,1.7424,0.1584,-0.04804007367585664,0.023274362916559335,-0.043361397081834396,-0.047123889803846894,0.022689280275926284,-0.04188790204786391,0.0,0.0,0.0,gaussian,-1,0.0,0.0,-1,24,2.4601902961730957,2.8346786297928803
1779528611.7226944,-0.047123889803846894,0.022689280275926284,-0.04188790204786391,0.0,0.0,0.0,0.4356,1.6632,-0.1188,-0.04804007367585664,0.023274362916559335,-0.043361397081834396,-0.047123889803846894,0.022689280275926284,-0.04188790204786391,0.0,0.0,0.0,gaussian,-1,0.0,0.0,-1,24,2.4712300300598145,2.8346786297928803
1779528611.7327678,-0.047123889803846894,0.022689280275926284,-0.04188790204786391,0.0,0.0,0.0,0.4356,1.6632,-0.1188,-0.04804007367585664,0.023274362916559335,-0.043361397081834396,-0.047123889803846894,0.022689280275926284,-0.04188790204786391,0.0,0.0,0.0,gaussian,-1,0.0,0.0,-1,24,2.4801745414733887,2.8346786297928803
1779528611.7428775,-0.047123889803846894,0.022689280275926284,-0.04188790204786391,0.0,0.0,0.0,0.396,1.8215999999999999,-0.1188,-0.04804007367585664,0.023274362916559335,-0.043361397081834396,-0.047123889803846894,0.022689280275926284,-0.04188790204786391,0.0,0.0,0.0,gaussian,-1,0.0,0.0,-1,24,2.490247964859009,2.8346786297928803
1779528611.752654,-0.047123889803846894,0.022689280275926284,-0.04188790204786391,0.0,0.0,0.0,0.35639999999999994,1.7424,-0.1188,-0.04804007367585664,0.023274362916559335,-0.043361397081834396,-0.047123889803846894,0.022689280275926284,-0.04188790204786391,0.0,0.0,0.0,gaussian,-1,0.0,0.0,-1,24,2.5003576278686523,2.8346786297928803
1779528611.7626863,-0.047123889803846894,0.022689280275926284,-0.04188790204786391,0.0,0.0,0.0,0.35639999999999994,1.7424,-0.1188,-0.04804007367585664,0.023274362916559335,-0.043361397081834396,-0.047123889803846894,0.022689280275926284,-0.04188790204786391,0.0,0.0,0.0,gaussian,-1,0.0,0.0,-1,24,2.510134220123291,2.8346786297928803
1779528611.772542,-0.047123889803846894,0.022689280275926284,-0.04188790204786391,0.0,0.0,0.0,0.3168,1.782,0.198,-0.04804007367585664,0.023274362916559335,-0.043361397081834396,-0.047123889803846894,0.022689280275926284,-0.04188790204786391,0.0,0.0,-0.0020777729190408684,gaussian,-1,0.0,0.0,-1,24,2.5201663970947266,2.8346786297928803
1779528611.7827668,-0.047123889803846894,0.022689280275926284,-0.04188790204786391,0.0,0.0,-0.0020777729190408684,-0.35639999999999994,1.782,0.1584,-0.04804007367585664,0.023274362916559335,-0.043361397081834396,-0.047123889803846894,0.022689280275926284,-0.04188790204786391,0.0,0.0,0.0,gaussian,-1,0.0,0.0,-1,24,2.530022144317627,2.8346786297928803
1779528611.7927032,-0.047123889803846894,0.022689280275926284,-0.04188790204786391,0.0,0.0,0.0,0.396,1.7424,-0.0396,-0.04804007367585664,0.023274362916559335,-0.043361397081834396,-0.047123889803846894,0.022689280275926284,-0.04188790204786391,0.0,0.0,0.0,gaussian,-1,0.0,0.0,-1,24,2.5402469635009766,2.8346786297928803
1779528611.8027098,-0.047123889803846894,0.022689280275926284,-0.04188790204786391,0.0,0.0,0.0,0.396,1.7424,-0.0396,-0.04804007367585664,0.023274362916559335,-0.043361397081834396,-0.047123889803846894,0.022689280275926284,-0.04188790204786391,0.0,0.0,0.0,gaussian,-1,0.0,0.0,-1,24,2.5501832962036133,2.8346786297928803
1779528611.8129468,-0.047123889803846894,0.022689280275926284,-0.04188790204786391,0.0,0.0,0.0,0.35639999999999994,1.7028,-0.0792,-0.04804007367585664,0.023274362916559335,-0.043361397081834396,-0.047123889803846894,0.022689280275926284,-0.04188790204786391,0.0,0.0,0.0,gaussian,-1,0.0,0.0,-1,24,2.560189962387085,2.8346786297928803
1779528611.8226657,-0.047123889803846894,0.022689280275926284,-0.04188790204786391,0.0,0.0,0.0,0.35639999999999994,1.7424,-0.1584,-0.04804007367585664,0.023274362916559335,-0.043361397081834396,-0.047123889803846894,0.022689280275926284,-0.04188790204786391,0.0,0.0,0.0,gaussian,-1,0.0,0.0,-1,24,2.5704269409179688,2.8346786297928803
1779528611.8326075,-0.047123889803846894,0.022689280275926284,-0.04188790204786391,0.0,0.0,0.0,0.35639999999999994,1.7424,-0.1584,-0.04804007367585664,0.023274362916559335,-0.043361397081834396,-0.047123889803846894,0.022689280275926284,-0.04188790204786391,0.0,0.0,0.0,gaussian,-1,0.0,0.0,-1,24,2.580145835876465,2.8346786297928803
1779528611.8427176,-0.047123889803846894,0.022689280275926284,-0.04188790204786391,0.0,0.0,0.0,0.35639999999999994,1.7424,-0.198,-0.04804007367585664,0.023274362916559335,-0.043361397081834396,-0.047123889803846894,0.022689280275926284,-0.04188790204786391,0.0,0.0,0.0,gaussian,-1,0.0,0.0,-1,24,2.590087652206421,2.8346786297928803
1779528611.852671,-0.047123889803846894,0.022689280275926284,-0.04188790204786391,0.0,0.0,0.0,0.3168,1.7424,-0.1584,-0.04804007367585664,0.023274362916559335,-0.043361397081834396,-0.047123889803846894,0.022689280275926284,-0.04188790204786391,0.0,0.0,0.0,gaussian,-1,0.0,0.0,-1,24,2.6001977920532227,2.8346786297928803
1779528611.8627167,-0.047123889803846894,0.022689280275926284,-0.04188790204786391,0.0,0.0,0.0,0.3168,1.7424,-0.1584,-0.04804007367585664,0.023274362916559335,-0.043361397081834396,-0.047123889803846894,0.022689280275926284,-0.04188790204786391,0.0,0.0,0.0,gaussian,-1,0.0,0.0,-1,24,2.6101510524749756,2.8346786297928803
1779528611.8727732,-0.047123889803846894,0.022689280275926284,-0.04188790204786391,0.0,0.0,0.0,0.27720000000000006,1.7028,-0.1188,-0.04804007367585664,0.023274362916559335,-0.043361397081834396,-0.047123889803846894,0.022689280275926284,-0.04188790204786391,0.0,0.0,0.0,gaussian,-1,0.0,0.0,-1,24,2.62019681930542,2.8346786297928803
1779528611.8825428,-0.047123889803846894,0.022689280275926284,-0.04188790204786391,0.0,0.0,0.0,-0.35639999999999994,1.7424,-0.1584,-0.04804007367585664,0.023274362916559335,-0.043361397081834396,-0.047123889803846894,0.022689280275926284,-0.04188790204786391,0.0,0.0,0.0,gaussian,-1,0.0,0.0,-1,24,2.630253314971924,2.8346786297928803
1779528611.8926144,-0.047123889803846894,0.022689280275926284,-0.04188790204786391,0.0,0.0,0.0,-0.3168,1.8215999999999999,0.1584,-0.04804007367585664,0.023274362916559335,-0.043361397081834396,-0.047123889803846894,0.022689280275926284,-0.04188790204786391,0.0,0.0,0.0,gaussian,-1,0.0,0.0,-1,24,2.6400229930877686,2.8346786297928803
1779528611.9025862,-0.047123889803846894,0.022689280275926284,-0.04188790204786391,0.0,0.0,0.0,-0.27720000000000006,1.7424,-0.0792,-0.04804007367585664,0.023274362916559335,-0.043361397081834396,-0.047123889803846894,0.022689280275926284,-0.04188790204786391,0.0,0.0,0.0020777729190408684,gaussian,-1,0.0,0.0,-1,24,2.650094509124756,2.8346786297928803
1779528611.912526,-0.047123889803846894,0.022689280275926284,-0.04188790204786391,0.0,0.0,0.0020777729190408684,0.4752,1.782,-0.198,-0.04804007367585664,0.023274362916559335,-0.043361397081834396,-0.047123889803846894,0.022689280275926284,-0.04188790204786391,0.0,0.0,0.0,gaussian,-1,0.0,0.0,-1,24,2.6600663661956787,2.8346786297928803
1779528611.9225247,-0.047123889803846894,0.022689280275926284,-0.04188790204786391,0.0,0.0,0.0,-0.35639999999999994,1.8215999999999999,-0.198,-0.04804007367585664,0.023274362916559335,-0.043361397081834396,-0.047123889803846894,0.022689280275926284,-0.04188790204786391,0.0020777729190408684,0.0,0.0,gaussian,-1,0.0,0.0,-1,24,2.670006036758423,2.8346786297928803
1779528611.9325352,-0.047123889803846894,0.022689280275926284,-0.04188790204786391,0.0020777729190408684,0.0,0.0,-0.3168,1.7424,-0.1584,-0.04804007367585664,0.023274362916559335,-0.043361397081834396,-0.047123889803846894,0.022689280275926284,-0.04188790204786391,0.0,0.0,0.0,gaussian,-1,0.0,0.0,-1,24,2.680004835128784,2.8346786297928803
1779528611.9425275,-0.047123889803846894,0.022689280275926284,-0.04188790204786391,0.0,0.0,0.0,-0.3168,1.6632,-0.1188,-0.04804007367585664,0.023274362916559335,-0.043361397081834396,-0.047123889803846894,0.022689280275926284,-0.04188790204786391,0.0,0.0,0.0,gaussian,-1,0.0,0.0,-1,24,2.6900153160095215,2.8346786297928803
1779528611.9526196,-0.047123889803846894,0.022689280275926284,-0.04188790204786391,0.0,0.0,0.0,-0.3168,1.782,-0.2376,-0.04804007367585664,0.023274362916559335,-0.043361397081834396,-0.047123889803846894,0.022689280275926284,-0.04188790204786391,0.0,0.0,0.0,gaussian,-1,0.0,0.0,-1,24,2.700007677078247,2.8346786297928803
1779528611.9626935,-0.047123889803846894,0.022689280275926284,-0.04188790204786391,0.0,0.0,0.0,-0.3168,1.782,-0.2376,-0.04804007367585664,0.023274362916559335,-0.043361397081834396,-0.047123889803846894,0.022689280275926284,-0.04188790204786391,0.0,0.0,0.0,gaussian,-1,0.0,0.0,-1,24,2.710099697113037,2.8346786297928803
1779528611.9726632,-0.047123889803846894,0.022689280275926284,-0.04188790204786391,0.0,0.0,0.0,0.35639999999999994,1.7028,-0.1584,-0.04804007367585664,0.023274362916559335,-0.043361397081834396,-0.047123889803846894,0.022689280275926284,-0.04188790204786391,-0.0020777729190408684,0.0,0.0,gaussian,-1,0.0,0.0,-1,24,2.7201735973358154,2.8346786297928803
1779528611.9825225,-0.047123889803846894,0.022689280275926284,-0.04188790204786391,-0.0020777729190408684,0.0,0.0,0.27720000000000006,1.782,-0.0792,-0.04804007367585664,0.023274362916559335,-0.043361397081834396,-0.047123889803846894,0.022689280275926284,-0.04188790204786391,0.0020777729190408684,0.0,0.0,gaussian,-1,0.0,0.0,-1,24,2.7301433086395264,2.8346786297928803
1779528611.992812,-0.047123889803846894,0.022689280275926284,-0.04188790204786391,0.0020777729190408684,0.0,0.0,-0.4356,1.7028,-0.1188,-0.04804007367585664,0.023274362916559335,-0.043361397081834396,-0.047123889803846894,0.022689280275926284,-0.04188790204786391,0.0020777729190408684,0.0,0.0,gaussian,-1,0.0,0.0,-1,24,2.7400026321411133,2.8346786297928803
1779528612.0026681,-0.047123889803846894,0.022689280275926284,-0.04188790204786391,0.0020777729190408684,0.0,0.0,-0.4356,1.7028,-0.1188,-0.04804007367585664,0.023274362916559335,-0.043361397081834396,-0.047123889803846894,0.022689280275926284,-0.04188790204786391,0.0,0.0,0.0,gaussian,-1,0.0,0.0,-1,24,2.7502920627593994,2.8346786297928803
1779528612.0127342,-0.047123889803846894,0.022689280275926284,-0.04188790204786391,0.0,0.0,0.0,-0.35639999999999994,1.7424,0.0792,-0.04804007367585664,0.023274362916559335,-0.043361397081834396,-0.047123889803846894,0.022689280275926284,-0.04188790204786391,0.0,0.0,0.0,gaussian,-1,0.0,0.0,-1,24,2.760148286819458,2.8346786297928803
1779528612.0225372,-0.047123889803846894,0.022689280275926284,-0.04188790204786391,0.0,0.0,0.0,-0.35639999999999994,1.6632,-0.0396,-0.04804007367585664,0.023274362916559335,-0.043361397081834396,-0.047123889803846894,0.022689280275926284,-0.04188790204786391,0.0,0.0,0.0,gaussian,-1,0.0,0.0,-1,24,2.770214319229126,2.8346786297928803
1779528612.0326831,-0.047123889803846894,0.022689280275926284,-0.04188790204786391,0.0,0.0,0.0,0.3168,1.7028,-0.1584,-0.04804007367585664,0.023274362916559335,-0.043361397081834396,-0.047123889803846894,0.022689280275926284,-0.04188790204786391,0.0,0.0,0.0,gaussian,-1,0.0,0.0,-1,24,2.780017375946045,2.8346786297928803
1779528612.0425098,-0.047123889803846894,0.022689280275926284,-0.04188790204786391,0.0,0.0,0.0,0.35639999999999994,1.7424,-0.1188,-0.04804007367585664,0.023274362916559335,-0.043361397081834396,-0.047123889803846894,0.022689280275926284,-0.04188790204786391,0.0,0.0,0.0,gaussian,-1,0.0,0.0,-1,24,2.790163278579712,2.8346786297928803
1779528612.0525253,-0.047123889803846894,0.022689280275926284,-0.04188790204786391,0.0,0.0,0.0,-0.35639999999999994,1.7424,0.2376,-0.04804007367585664,0.023274362916559335,-0.043361397081834396,-0.047123889803846894,0.022689280275926284,-0.04188790204786391,0.0,0.0,0.0,gaussian,-1,0.0,0.0,-1,24,2.799989938735962,2.8346786297928803
1779528612.0625265,-0.047123889803846894,0.022689280275926284,-0.04188790204786391,0.0,0.0,0.0,-0.396,1.7028,-0.0792,-0.04804007367585664,0.023274362916559335,-0.043361397081834396,-0.047123889803846894,0.022689280275926284,-0.04188790204786391,0.0,0.0,0.0,gaussian,-1,0.0,0.0,-1,24,2.8100054264068604,2.8346786297928803
1779528612.0725298,-0.047123889803846894,0.022689280275926284,-0.04188790204786391,0.0,0.0,0.0,0.35639999999999994,1.7424,0.1584,-0.04804007367585664,0.023274362916559335,-0.043361397081834396,-0.047123889803846894,0.022689280275926284,-0.04188790204786391,0.0,0.0,0.0,gaussian,-1,0.0,0.0,-1,24,2.8200066089630127,2.8346786297928803
1779528612.0825078,-0.047123889803846894,0.022689280275926284,-0.04188790204786391,0.0,0.0,0.0,0.4356,1.6632,-0.1584,-0.04804007367585664,0.023274362916559335,-0.043361397081834396,-0.047123889803846894,0.022689280275926284,-0.04188790204786391,0.0,0.0,0.0,gaussian,-1,0.0,0.0,-1,24,2.830009937286377,2.8346786297928803
