t,q_0,q_1,q_2,dq_0,dq_1,dq_2,tau_0,tau_1,tau_2,cmd_0,cmd_1,cmd_2,q_next_0,q_next_1,q_next_2,dq_next_0,dq_next_1,dq_next_2,signal_type,active_joint,amplitude,frequency,combo_index,segment_id,local_t,hold_s
1779527824.985414,0.0,0.0,0.0,0.0,0.0,0.0,0.0,1.2672,-0.3168,0.2,0.0,0.0,0.0,0.0,0.0,0.0,0.0,0.0,square,0,0.2,0.25,3,6,0.0,0.0
1779527824.995416,0.0,0.0,0.0,0.0,0.0,0.0,0.0,1.3860000000000001,-0.4752,0.2,0.0,0.0,0.0,0.0,0.0,0.0,0.0,0.0,square,0,0.2,0.25,3,6,0.009900808334350586,0.0
1779527825.0053947,0.0,0.0,0.0,0.0,0.0,0.0,-0.0396,1.3860000000000001,-0.396,0.2,0.0,0.0,0.0017453292519943296,0.0,0.0,0.20569951898504596,0.0,0.0020777729190408684,square,0,0.2,0.25,3,6,0.019902706146240234,0.0
1779527825.0154164,0.0017453292519943296,0.0,0.0,0.20569951898504596,0.0,0.0020777729190408684,13.6224,1.1483999999999999,-0.5148,0.2,0.0,0.0,0.022689280275926284,0.0,0.0,1.751562570751452,0.0020777729190408684,-0.0020777729190408684,square,0,0.2,0.25,3,6,0.02988147735595703,0.0
1779527825.0255516,0.022689280275926284,0.0,0.0,1.751562570751452,0.0020777729190408684,-0.0020777729190408684,5.2272,0.7524000000000001,1.782,0.2,0.0,0.0,0.047123889803846894,0.0,0.0,2.2356836608879744,0.0,0.0,square,0,0.2,0.25,3,6,0.03990316390991211,0.0
1779527825.0354123,0.047123889803846894,0.0,0.0,2.2356836608879744,0.0,0.0,2.97,1.1483999999999999,-0.6732,0.2,0.0,0.0,0.06981317007977318,0.0,0.0,2.2959390755401596,0.0,0.0,square,0,0.2,0.25,3,6,0.05003833770751953,0.0
1779527825.0454643,0.06981317007977318,0.0,0.0,2.2959390755401596,0.0,0.0,-0.5148,1.1088000000000002,-1.5048000000000001,0.2,0.0,0.0,0.09075712110370514,0.0,0.0,2.1338727878549717,-0.0020777729190408684,0.0,square,0,0.2,0.25,3,6,0.059899091720581055,0.0
1779527825.0554214,0.09075712110370514,0.0,0.0,2.1338727878549717,-0.0020777729190408684,0.0,0.2376,0.8712,-1.0296,0.2,0.0,0.0,0.10995574287564278,0.0,0.0,1.878306718812945,-0.01246663751424521,0.0,square,0,0.2,0.25,3,6,0.06995105743408203,0.0
1779527825.0668104,0.10995574287564278,0.0,0.0,1.878306718812945,-0.01246663751424521,0.0,-1.1880000000000002,1.1088000000000002,0.3168,0.2,0.0,0.0,0.12566370614359174,0.0,0.0,1.6227406497709183,-0.010388864595204342,0.0,square,0,0.2,0.25,3,6,0.07990813255310059,0.0
1779527825.0754747,0.12566370614359174,0.0,0.0,1.6227406497709183,-0.010388864595204342,0.0,-0.7524000000000001,0.9107999999999999,-0.3168,0.2,0.0,0.0,0.13788101090755203,0.0,0.0,1.3775634453240957,-0.016622183352326948,0.0,square,0,0.2,0.25,3,6,0.09129714965820312,0.0
1779527825.0854762,0.13788101090755203,0.0,0.0,1.3775634453240957,-0.016622183352326948,0.0,-0.5148,0.7127999999999999,-0.396,0.2,0.0,0.0,0.15009831567151233,0.0,0.0,1.169786153420009,0.004155545838081737,0.0020777729190408684,square,0,0.2,0.25,3,6,0.09996151924133301,0.0
1779527825.095427,0.15009831567151233,0.0,0.0,1.169786153420009,0.004155545838081737,0.0020777729190408684,-1.0296,1.1088000000000002,0.27720000000000006,0.2,0.0,0.0,0.158824961931484,0.0,0.0,0.9869421365444124,0.02701104794753129,0.0,square,0,0.2,0.25,3,6,0.10996294021606445,0.0
1779527825.1054823,0.158824961931484,0.0,0.0,0.9869421365444124,0.02701104794753129,0.0,-1.3068,2.0592,-0.198,0.2,0.0,0.0,0.16755160819145565,0.0,0.0,0.8165647571830613,0.018699956271367814,0.0,square,0,0.2,0.25,3,6,0.11991381645202637,0.0
1779527825.1154144,0.16755160819145565,0.0,0.0,0.8165647571830613,0.018699956271367814,0.0,-1.0692,1.8612000000000002,-0.198,0.2,0.0,0.0,0.17278759594743864,0.0,0.0,0.6565762424169144,0.008311091676163474,-0.0020777729190408684,square,0,0.2,0.25,3,6,0.12996912002563477,0.0
1779527825.1254146,0.17278759594743864,0.0,0.0,0.6565762424169144,0.008311091676163474,-0.0020777729190408684,-0.396,1.6236000000000002,0.2376,0.2,0.0,0.0,0.17802358370342164,0.0,0.0,0.5069765922459719,0.0,0.0,square,0,0.2,0.25,3,6,0.13990116119384766,0.0
1779527825.1354175,0.17802358370342164,0.0,0.0,0.5069765922459719,0.0,0.0,0.5940000000000001,1.2672,-0.396,0.2,0.0,0.0,0.18151424220741028,0.0,0.0,0.41763235672721455,-0.004155545838081737,0.0,square,0,0.2,0.25,3,6,0.1499013900756836,0.0
1779527825.1455226,0.18151424220741028,0.0,0.0,0.41763235672721455,-0.004155545838081737,0.0,0.8712,1.0692,-0.35639999999999994,0.2,0.0,0.0,0.18500490071139894,0.0,0.0,0.3760768983463972,-0.0020777729190408684,0.0,square,0,0.2,0.25,3,6,0.15990424156188965,0.0
1779527825.1554136,0.18500490071139894,0.0,0.0,0.3760768983463972,-0.0020777729190408684,0.0,-0.1584,1.1880000000000002,-0.5148,0.2,0.0,0.0,0.18849555921538758,0.0,0.0,0.29088820866572157,0.0,0.0,square,0,0.2,0.25,3,6,0.17000937461853027,0.0
1779527825.165565,0.18849555921538758,0.0,0.0,0.29088820866572157,0.0,0.0,0.2376,1.3068,-0.35639999999999994,0.2,0.0,0.0,0.19024088846738194,0.0,0.0,0.25556606904202683,0.0,0.0,square,0,0.2,0.25,3,6,0.1799004077911377,0.0
1779527825.1754217,0.19024088846738194,0.0,0.0,0.25556606904202683,0.0,0.0,-0.396,1.1880000000000002,0.3168,0.2,0.0,0.0,0.19198621771937624,0.0,0.0,0.19115510855175988,0.0,0.0,square,0,0.2,0.25,3,6,0.19005179405212402,0.0
1779527825.185414,0.19198621771937624,0.0,0.0,0.19115510855175988,0.0,0.0,0.0,1.1088000000000002,-0.4752,0.2,0.0,0.0,0.1937315469713706,0.0,0.0,0.14752187725190166,-0.0020777729190408684,0.0,square,0,0.2,0.25,3,6,0.19990849494934082,0.0
1779527825.195542,0.1937315469713706,0.0,0.0,0.14752187725190166,-0.0020777729190408684,0.0,0.0396,1.1088000000000002,-0.5148,0.2,0.0,0.0,0.1954768762233649,0.0,0.0,0.12258860222341124,0.0,0.0,square,0,0.2,0.25,3,6,0.2099008560180664,0.0
1779527825.205415,0.1954768762233649,0.0,0.0,0.12258860222341124,0.0,0.0,-0.1584,1.2276,-0.35639999999999994,0.2,0.0,0.0,0.19722220547535924,0.0,0.0,0.11012196470916602,0.0020777729190408684,0.0,square,0,0.2,0.25,3,6,0.22002887725830078,0.0
1779527825.2154384,0.19722220547535924,0.0,0.0,0.11012196470916602,0.0020777729190408684,0.0,-0.5940000000000001,1.3464,-0.5148,0.2,0.0,0.0,0.19722220547535924,0.0,0.0,0.0851886896806756,0.004155545838081737,0.0,square,0,0.2,0.25,3,6,0.22990179061889648,0.0
1779527825.2254152,0.19722220547535924,0.0,0.0,0.0851886896806756,0.004155545838081737,0.0,-0.6336,1.3860000000000001,-0.4356,0.2,0.0,0.0,0.19722220547535924,0.0,0.0,0.0394776854617765,0.0020777729190408684,0.0,square,0,0.2,0.25,3,6,0.23992514610290527,0.0
1779527825.2354167,0.19722220547535924,0.0,0.0,0.0394776854617765,0.0020777729190408684,0.0,0.396,1.5048000000000001,-0.4752,0.2,0.0,0.0,0.19722220547535924,0.0,0.0,0.031166593785613025,0.0020777729190408684,0.0,square,0,0.2,0.25,3,6,0.24990200996398926,0.0
1779527825.2455285,0.19722220547535924,0.0,0.0,0.031166593785613025,0.0020777729190408684,0.0,0.35639999999999994,1.3068,-0.35639999999999994,0.2,0.0,0.0,0.1989675347273536,0.0,0.0,0.0394776854617765,0.0,0.0,square,0,0.2,0.25,3,6,0.2599034309387207,0.0
1779527825.256271,0.1989675347273536,0.0,0.0,0.0394776854617765,0.0,0.0,0.0792,1.4255999999999998,-0.35639999999999994,0.2,0.0,0.0,0.1989675347273536,0.0,0.0,0.02493327502849042,-0.0020777729190408684,0.0,square,0,0.2,0.25,3,6,0.27001523971557617,0.0
1779527825.2654295,0.1989675347273536,0.0,0.0,0.02493327502849042,-0.0020777729190408684,0.0,0.0,1.2276,-0.396,0.2,0.0,0.0,0.1989675347273536,0.0,0.0,0.022855502109449553,-0.004155545838081737,0.0,square,0,0.2,0.25,3,6,0.2807576656341553,0.0
1779527825.2754161,0.1989675347273536,0.0,0.0,0.022855502109449553,-0.004155545838081737,0.0,0.0,1.2276,-0.5148,0.2,0.0,0.0,0.1989675347273536,0.0,0.0,0.01246663751424521,-0.010388864595204342,0.0,square,0,0.2,0.25,3,6,0.2899162769317627,0.0
1779527825.2854123,0.1989675347273536,0.0,0.0,0.01246663751424521,-0.010388864595204342,0.0,0.0792,1.1088000000000002,-0.3168,0.2,0.0,0.0,0.1989675347273536,0.0,0.0,0.008311091676163474,-0.006233318757122605,0.0,square,0,0.2,0.25,3,6,0.29990291595458984,0.0
1779527825.2954454,0.1989675347273536,0.0,0.0,0.008311091676163474,-0.006233318757122605,0.0,0.198,1.0296,-0.6336,0.2,0.0,0.0,0.1989675347273536,0.0,0.0,0.0,0.0,-0.0020777729190408684,square,0,0.2,0.25,3,6,0.30989909172058105,0.0
1779527825.3054929,0.1989675347273536,0.0,0.0,0.0,0.0,-0.0020777729190408684,0.4752,1.1088000000000002,-0.3168,0.2,0.0,0.0,0.1989675347273536,0.0,0.0,0.0,0.006233318757122605,0.0,square,0,0.2,0.25,3,6,0.319932222366333,0.0
1779527825.3154154,0.1989675347273536,0.0,0.0,0.0,0.006233318757122605,0.0,0.5544000000000001,1.3464,0.3168,0.2,0.0,0.0,0.1989675347273536,0.0,0.0,0.0,0.004155545838081737,0.0,square,0,0.2,0.25,3,6,0.32997965812683105,0.0
1779527825.3254158,0.1989675347273536,0.0,0.0,0.0,0.004155545838081737,0.0,0.5148,1.5048000000000001,-0.4752,0.2,0.0,0.0,0.1989675347273536,0.0,0.0,0.0020777729190408684,0.0020777729190408684,0.0,square,0,0.2,0.25,3,6,0.3399021625518799,0.0
1779527825.335934,0.1989675347273536,0.0,0.0,0.0020777729190408684,0.0020777729190408684,0.0,0.4356,1.2672,-0.35639999999999994,0.2,0.0,0.0,0.1989675347273536,0.0,0.0,0.008311091676163474,0.0,0.0,square,0,0.2,0.25,3,6,0.3499026298522949,0.0
1779527825.3454132,0.1989675347273536,0.0,0.0,0.008311091676163474,0.0,0.0,0.2376,1.3464,-0.5940000000000001,0.2,0.0,0.0,0.1989675347273536,0.0,0.0,0.014544410433286078,0.0,0.0,square,0,0.2,0.25,3,6,0.36042070388793945,0.0
1779527825.3554144,0.1989675347273536,0.0,0.0,0.014544410433286078,0.0,0.0,-0.0396,1.3464,-0.3168,0.2,0.0,0.0,0.1989675347273536,0.0,0.0,0.010388864595204342,-0.0020777729190408684,0.0020777729190408684,square,0,0.2,0.25,3,6,0.3698999881744385,0.0
1779527825.3654153,0.1989675347273536,0.0,0.0,0.010388864595204342,-0.0020777729190408684,0.0020777729190408684,-0.198,1.2672,-0.3168,0.2,0.0,0.0,0.1989675347273536,0.0,0.0,0.010388864595204342,-0.0020777729190408684,0.0020777729190408684,square,0,0.2,0.25,3,6,0.3799011707305908,0.0
1779527825.3754127,0.1989675347273536,0.0,0.0,0.010388864595204342,-0.0020777729190408684,0.0020777729190408684,-0.198,1.2672,-0.3168,0.2,0.0,0.0,0.1989675347273536,0.0,0.0,0.0,0.0,0.0,square,0,0.2,0.25,3,6,0.38990211486816406,0.0
1779527825.3854516,0.1989675347273536,0.0,0.0,0.0,0.0,0.0,-0.0792,1.3068,-0.35639999999999994,0.2,0.0,0.0,0.1989675347273536,0.0,0.0,-0.004155545838081737,0.0,0.0,square,0,0.2,0.25,3,6,0.3998994827270508,0.0
1779527825.395414,0.1989675347273536,0.0,0.0,-0.004155545838081737,0.0,0.0,0.0,1.3464,-0.4356,0.2,0.0,0.0,0.1989675347273536,0.0,0.0,-0.004155545838081737,0.0,0.0020777729190408684,square,0,0.2,0.25,3,6,0.40993833541870117,0.0
1779527825.4055295,0.1989675347273536,0.0,0.0,-0.004155545838081737,0.0,0.0020777729190408684,0.0,1.3464,0.4356,0.2,0.0,0.0,0.1989675347273536,0.0,0.0,-0.004155545838081737,0.0,0.0,square,0,0.2,0.25,3,6,0.41990089416503906,0.0
1779527825.4155366,0.1989675347273536,0.0,0.0,-0.004155545838081737,0.0,0.0,0.0,1.1880000000000002,-0.5544000000000001,0.2,0.0,0.0,0.1989675347273536,0.0,0.0,-0.0020777729190408684,0.0,-0.0020777729190408684,square,0,0.2,0.25,3,6,0.43001627922058105,0.0
1779527825.4254105,0.1989675347273536,0.0,0.0,-0.0020777729190408684,0.0,-0.0020777729190408684,-0.0792,1.1880000000000002,-0.5148,0.2,0.0,0.0,0.1989675347273536,0.0,0.0,0.0,0.0,0.0,square,0,0.2,0.25,3,6,0.44002342224121094,0.0
1779527825.4354136,0.1989675347273536,0.0,0.0,0.0,0.0,0.0,0.1188,1.3464,-0.2376,0.2,0.0,0.0,0.1989675347273536,0.0,0.0,0.0,0.0,0.0,square,0,0.2,0.25,3,6,0.44989728927612305,0.0
1779527825.445529,0.1989675347273536,0.0,0.0,0.0,0.0,0.0,-0.1584,1.4255999999999998,-0.4356,0.2,0.0,0.0,0.1989675347273536,0.0,0.0,0.0,0.0,0.0,square,0,0.2,0.25,3,6,0.4599003791809082,0.0
1779527825.4554164,0.1989675347273536,0.0,0.0,0.0,0.0,0.0,-0.0792,1.3860000000000001,-0.5148,0.2,0.0,0.0,0.1989675347273536,0.0,0.0,0.0,0.0,0.0,square,0,0.2,0.25,3,6,0.4700157642364502,0.0
1779527825.4654462,0.1989675347273536,0.0,0.0,0.0,0.0,0.0,0.1584,1.2276,-0.396,0.2,0.0,0.0,0.1989675347273536,0.0,0.0,0.0020777729190408684,0.0,0.0,square,0,0.2,0.25,3,6,0.4799032211303711,0.0
1779527825.475415,0.1989675347273536,0.0,0.0,0.0020777729190408684,0.0,0.0,0.2376,1.3464,-0.4752,0.2,0.0,0.0,0.1989675347273536,0.0,0.0,0.0020777729190408684,0.0,0.0020777729190408684,square,0,0.2,0.25,3,6,0.4899330139160156,0.0
1779527825.4855323,0.1989675347273536,0.0,0.0,0.0020777729190408684,0.0,0.0020777729190408684,0.3168,1.3068,-0.4356,0.2,0.0,0.0,0.1989675347273536,0.0,0.0,0.0,-0.0020777729190408684,0.0,square,0,0.2,0.25,3,6,0.49990177154541016,0.0
1779527825.495413,0.1989675347273536,0.0,0.0,0.0,-0.0020777729190408684,0.0,0.35639999999999994,1.2276,-0.3168,0.2,0.0,0.0,0.1989675347273536,0.0,0.0,0.0,0.0,0.0,square,0,0.2,0.25,3,6,0.510019063949585,0.0
1779527825.5056784,0.1989675347273536,0.0,0.0,0.0,0.0,0.0,0.27720000000000006,1.3464,-0.4752,0.2,0.0,0.0,0.1989675347273536,0.0,0.0,-0.004155545838081737,0.0,0.0,square,0,0.2,0.25,3,6,0.519899845123291,0.0
1779527825.5154138,0.1989675347273536,0.0,0.0,-0.004155545838081737,0.0,0.0,0.0792,1.1880000000000002,-0.35639999999999994,0.2,0.0,0.0,0.1989675347273536,0.0,0.0,-0.004155545838081737,0.0020777729190408684,0.0,square,0,0.2,0.25,3,6,0.5301651954650879,0.0
1779527825.5255423,0.1989675347273536,0.0,0.0,-0.004155545838081737,0.0020777729190408684,0.0,0.0,1.3464,-0.4752,0.2,0.0,0.0,0.1989675347273536,0.0,0.0,-0.004155545838081737,0.0020777729190408684,0.0020777729190408684,square,0,0.2,0.25,3,6,0.539900541305542,0.0
1779527825.5354168,0.1989675347273536,0.0,0.0,-0.004155545838081737,0.0020777729190408684,0.0020777729190408684,0.0,1.4255999999999998,-0.4356,0.2,0.0,0.0,0.1989675347273536,0.0,0.0,-0.0020777729190408684,0.0,0.0020777729190408684,square,0,0.2,0.25,3,6,0.5500290393829346,0.0
1779527825.545412,0.1989675347273536,0.0,0.0,-0.0020777729190408684,0.0,0.0020777729190408684,0.0,1.3068,-0.5544000000000001,0.2,0.0,0.0,0.1989675347273536,0.0,0.0,0.0,0.0,0.0,square,0,0.2,0.25,3,6,0.559903621673584,0.0
1779527825.5554376,0.1989675347273536,0.0,0.0,0.0,0.0,0.0,0.1584,1.4255999999999998,-0.4752,0.2,0.0,0.0,0.1989675347273536,0.0,0.0,0.0,0.0,0.0,square,0,0.2,0.25,3,6,0.5698988437652588,0.0
1779527825.565499,0.1989675347273536,0.0,0.0,0.0,0.0,0.0,0.1584,1.4255999999999998,-0.4752,0.2,0.0,0.0,0.1989675347273536,0.0,0.0,0.004155545838081737,-0.0020777729190408684,0.0020777729190408684,square,0,0.2,0.25,3,6,0.5799243450164795,0.0
1779527825.5754604,0.1989675347273536,0.0,0.0,0.004155545838081737,-0.0020777729190408684,0.0020777729190408684,0.2376,1.1880000000000002,-0.5544000000000001,0.2,0.0,0.0,0.1989675347273536,0.0,0.0,0.0020777729190408684,0.0,0.0020777729190408684,square,0,0.2,0.25,3,6,0.5899858474731445,0.0
1779527825.5854156,0.1989675347273536,0.0,0.0,0.0020777729190408684,0.0,0.0020777729190408684,0.3168,1.3068,-0.4356,0.2,0.0,0.0,0.1989675347273536,0.0,0.0,0.0,-0.0020777729190408684,0.0,square,0,0.2,0.25,3,6,0.5999472141265869,0.0
1779527825.5954192,0.1989675347273536,0.0,0.0,0.0,-0.0020777729190408684,0.0,0.3168,1.3068,-0.396,0.2,0.0,0.0,0.1989675347273536,0.0,0.0,0.0,0.0,0.0,square,0,0.2,0.25,3,6,0.6099023818969727,0.0
1779527825.6054153,0.1989675347273536,0.0,0.0,0.0,0.0,0.0,0.27720000000000006,1.3068,-0.27720000000000006,0.2,0.0,0.0,0.1989675347273536,0.0,0.0,0.0,0.0,0.0,square,0,0.2,0.25,3,6,0.619905948638916,0.0
1779527825.6154125,0.1989675347273536,0.0,0.0,0.0,0.0,0.0,0.2376,1.3068,0.35639999999999994,0.2,0.0,0.0,0.1989675347273536,0.0,0.0,-0.0020777729190408684,0.0,-0.0020777729190408684,square,0,0.2,0.25,3,6,0.6299021244049072,0.0
1779527825.6261125,0.1989675347273536,0.0,0.0,-0.0020777729190408684,0.0,-0.0020777729190408684,0.198,1.4255999999999998,-0.3168,0.2,0.0,0.0,0.1989675347273536,0.0,0.0,0.0,0.0020777729190408684,0.0,square,0,0.2,0.25,3,6,0.6398992538452148,0.0
1779527825.6354303,0.1989675347273536,0.0,0.0,0.0,0.0020777729190408684,0.0,0.198,1.2672,-0.35639999999999994,0.2,0.0,0.0,0.1989675347273536,0.0,0.0,0.0,0.0020777729190408684,-0.0020777729190408684,square,0,0.2,0.25,3,6,0.6505992412567139,0.0
1779527825.6454148,0.1989675347273536,0.0,0.0,0.0,0.0020777729190408684,-0.0020777729190408684,0.1188,1.4255999999999998,0.4356,0.2,0.0,0.0,0.1989675347273536,0.0,0.0,0.0,0.0,0.0,square,0,0.2,0.25,3,6,0.6599171161651611,0.0
1779527825.6555586,0.1989675347273536,0.0,0.0,0.0,0.0,0.0,0.1584,1.2672,-0.4356,0.2,0.0,0.0,0.1989675347273536,0.0,0.0,0.0,0.0,0.0,square,0,0.2,0.25,3,6,0.6699016094207764,0.0
1779527825.6654131,0.1989675347273536,0.0,0.0,0.0,0.0,0.0,0.27720000000000006,1.2276,-0.35639999999999994,0.2,0.0,0.0,0.1989675347273536,0.0,0.0,0.0,0.0,0.0,square,0,0.2,0.25,3,6,0.6800453662872314,0.0
1779527825.6753953,0.1989675347273536,0.0,0.0,0.0,0.0,0.0,0.198,1.4255999999999998,0.2376,0.2,0.0,0.0,0.1989675347273536,0.0,0.0,0.0,-0.0020777729190408684,0.0,square,0,0.2,0.25,3,6,0.6898999214172363,0.0
1779527825.685563,0.1989675347273536,0.0,0.0,0.0,-0.0020777729190408684,0.0,0.3168,1.3464,-0.396,0.2,0.0,0.0,0.1989675347273536,0.0,0.0,0.0,0.0,0.0,square,0,0.2,0.25,3,6,0.6998820304870605,0.0
1779527825.6954134,0.1989675347273536,0.0,0.0,0.0,0.0,0.0,0.3168,1.1880000000000002,-0.4356,0.2,0.0,0.0,0.1989675347273536,0.0,0.0,0.0,-0.0020777729190408684,0.0,square,0,0.2,0.25,3,6,0.7100498676300049,0.0
1779527825.7055488,0.1989675347273536,0.0,0.0,0.0,-0.0020777729190408684,0.0,0.2376,1.3464,0.396,0.2,0.0,0.0,0.1989675347273536,0.0,0.0,0.0,-0.0020777729190408684,0.0,square,0,0.2,0.25,3,6,0.7199001312255859,0.0
1779527825.7153966,0.1989675347273536,0.0,0.0,0.0,-0.0020777729190408684,0.0,0.2376,1.3464,0.396,0.2,0.0,0.0,0.1989675347273536,0.0,0.0,-0.004155545838081737,0.004155545838081737,0.0,square,0,0.2,0.25,3,6,0.7300355434417725,0.0
1779527825.7254548,0.1989675347273536,0.0,0.0,-0.004155545838081737,0.004155545838081737,0.0,0.198,1.1483999999999999,-0.3168,0.2,0.0,0.0,0.1989675347273536,0.0,0.0,0.0,0.0,0.0,square,0,0.2,0.25,3,6,0.7398834228515625,0.0
1779527825.7354136,0.1989675347273536,0.0,0.0,0.0,0.0,0.0,0.1188,1.3860000000000001,-0.35639999999999994,0.2,0.0,0.0,0.1989675347273536,0.0,0.0,0.0,0.0020777729190408684,0.0,square,0,0.2,0.25,3,6,0.7499415874481201,0.0
1779527825.7455263,0.1989675347273536,0.0,0.0,0.0,0.0020777729190408684,0.0,0.198,1.3860000000000001,-0.4356,0.2,0.0,0.0,0.1989675347273536,0.0,0.0,0.0,0.0,0.0,square,0,0.2,0.25,3,6,0.7599003314971924,0.0
1779527825.755429,0.1989675347273536,0.0,0.0,0.0,0.0,0.0,0.2376,1.3464,-0.5940000000000001,0.2,0.0,0.0,0.1989675347273536,0.0,0.0,0.0,0.0,-0.0020777729190408684,square,0,0.2,0.25,3,6,0.7700130939483643,0.0
1779527825.7654145,0.1989675347273536,0.0,0.0,0.0,0.0,-0.0020777729190408684,0.2376,1.3068,-0.396,0.2,0.0,0.0,0.1989675347273536,0.0,0.0,0.0,-0.0020777729190408684,0.0,square,0,0.2,0.25,3,6,0.7799158096313477,0.0
1779527825.775416,0.1989675347273536,0.0,0.0,0.0,-0.0020777729190408684,0.0,0.3168,1.2672,0.35639999999999994,0.2,0.0,0.0,0.1989675347273536,0.0,0.0,0.0,0.0,0.0,square,0,0.2,0.25,3,6,0.7899012565612793,0.0
1779527825.785414,0.1989675347273536,0.0,0.0,0.0,0.0,0.0,0.27720000000000006,1.2276,-0.396,0.2,0.0,0.0,0.1989675347273536,0.0,0.0,0.0,0.0,0.0,square,0,0.2,0.25,3,6,0.7999026775360107,0.0
1779527825.7954314,0.1989675347273536,0.0,0.0,0.0,0.0,0.0,0.27720000000000006,1.1880000000000002,-0.5940000000000001,0.2,0.0,0.0,0.1989675347273536,0.0,0.0,-0.0020777729190408684,0.0,0.0,square,0,0.2,0.25,3,6,0.8099007606506348,0.0
1779527825.8054137,0.1989675347273536,0.0,0.0,-0.0020777729190408684,0.0,0.0,0.1584,1.2672,-0.5148,0.2,0.0,0.0,0.1989675347273536,0.0,0.0,-0.0020777729190408684,0.0,0.0,square,0,0.2,0.25,3,6,0.819918155670166,0.0
1779527825.815416,0.1989675347273536,0.0,0.0,-0.0020777729190408684,0.0,0.0,0.0792,1.3860000000000001,-0.396,0.2,0.0,0.0,0.1989675347273536,0.0,0.0,-0.004155545838081737,0.0020777729190408684,0.0,square,0,0.2,0.25,3,6,0.8299005031585693,0.0
1779527825.8254871,0.1989675347273536,0.0,0.0,-0.004155545838081737,0.0020777729190408684,0.0,0.0792,1.3464,-0.396,0.2,0.0,0.0,0.1989675347273536,0.0,0.0,-0.0020777729190408684,0.0,-0.0020777729190408684,square,0,0.2,0.25,3,6,0.8399028778076172,0.0
1779527825.8354092,0.1989675347273536,0.0,0.0,-0.0020777729190408684,0.0,-0.0020777729190408684,0.1584,1.3068,0.396,0.2,0.0,0.0,0.1989675347273536,0.0,0.0,0.0,0.0,0.0,square,0,0.2,0.25,3,6,0.8499739170074463,0.0
1779527825.845444,0.1989675347273536,0.0,0.0,0.0,0.0,0.0,0.1584,1.2276,-0.396,0.2,0.0,0.0,0.1989675347273536,0.0,0.0,0.0020777729190408684,-0.0020777729190408684,0.0,square,0,0.2,0.25,3,6,0.8598959445953369,0.0
1779527825.855414,0.1989675347273536,0.0,0.0,0.0020777729190408684,-0.0020777729190408684,0.0,0.198,1.1880000000000002,-0.5148,0.2,0.0,0.0,0.1989675347273536,0.0,0.0,0.0,0.0,-0.0020777729190408684,square,0,0.2,0.25,3,6,0.8699307441711426,0.0
1779527825.8654122,0.1989675347273536,0.0,0.0,0.0,0.0,-0.0020777729190408684,0.198,1.3464,-0.27720000000000006,0.2,0.0,0.0,0.1989675347273536,0.0,0.0,0.0020777729190408684,0.0,0.0,square,0,0.2,0.25,3,6,0.8799006938934326,0.0
1779527825.8754172,0.1989675347273536,0.0,0.0,0.0020777729190408684,0.0,0.0,0.27720000000000006,1.4255999999999998,-0.35639999999999994,0.2,0.0,0.0,0.1989675347273536,0.0,0.0,0.0020777729190408684,0.0,0.0,square,0,0.2,0.25,3,6,0.8898990154266357,0.0
1779527825.885437,0.1989675347273536,0.0,0.0,0.0020777729190408684,0.0,0.0,0.3168,1.3464,-0.4356,0.2,0.0,0.0,0.1989675347273536,0.0,0.0,0.0,0.0,0.0,square,0,0.2,0.25,3,6,0.8999040126800537,0.0
1779527825.8955708,0.1989675347273536,0.0,0.0,0.0,0.0,0.0,0.198,1.3860000000000001,-0.27720000000000006,0.2,0.0,0.0,0.1989675347273536,0.0,0.0,0.0,0.0020777729190408684,0.0,square,0,0.2,0.25,3,6,0.909923791885376,0.0
1779527825.905534,0.1989675347273536,0.0,0.0,0.0,0.0020777729190408684,0.0,0.198,1.2672,0.27720000000000006,0.2,0.0,0.0,0.1989675347273536,0.0,0.0,-0.0020777729190408684,0.0,0.0,square,0,0.2,0.25,3,6,0.9200575351715088,0.0
1779527825.915545,0.1989675347273536,0.0,0.0,-0.0020777729190408684,0.0,0.0,0.2376,1.3464,-0.4356,0.2,0.0,0.0,0.1989675347273536,0.0,0.0,0.0,0.0,0.0,square,0,0.2,0.25,3,6,0.930020809173584,0.0
1779527825.925421,0.1989675347273536,0.0,0.0,0.0,0.0,0.0,0.1584,1.3068,-0.4356,0.2,0.0,0.0,0.1989675347273536,0.0,0.0,-0.0020777729190408684,0.0,0.0,square,0,0.2,0.25,3,6,0.9400317668914795,0.0
1779527825.9354553,0.1989675347273536,0.0,0.0,-0.0020777729190408684,0.0,0.0,0.1584,1.4255999999999998,-0.4356,0.2,0.0,0.0,0.1989675347273536,0.0,0.0,0.0,0.0,0.0,square,0,0.2,0.25,3,6,0.9499077796936035,0.0
1779527825.945548,0.1989675347273536,0.0,0.0,0.0,0.0,0.0,0.1584,1.3068,-0.396,0.2,0.0,0.0,0.1989675347273536,0.0,0.0,0.0020777729190408684,0.0,0.0,square,0,0.2,0.25,3,6,0.959942102432251,0.0
1779527825.9555655,0.1989675347273536,0.0,0.0,0.0020777729190408684,0.0,0.0,0.2376,1.3860000000000001,-0.5940000000000001,0.2,0.0,0.0,0.1989675347273536,0.0,0.0,0.0,0.0,0.0,square,0,0.2,0.25,3,6,0.9700348377227783,0.0
1779527825.965451,0.1989675347273536,0.0,0.0,0.0,0.0,0.0,0.3168,1.2276,-0.4752,0.2,0.0,0.0,0.1989675347273536,0.0,0.0,0.0020777729190408684,0.0,0.0,square,0,0.2,0.25,3,6,0.9800522327423096,0.0
1779527825.9754255,0.1989675347273536,0.0,0.0,0.0020777729190408684,0.0,0.0,0.198,1.4255999999999998,-0.35639999999999994,0.2,0.0,0.0,0.1989675347273536,0.0,0.0,0.0,0.0,0.0,square,0,0.2,0.25,3,6,0.9899377822875977,0.0
1779527825.985435,0.1989675347273536,0.0,0.0,0.0,0.0,0.0,0.1584,1.3068,-0.396,0.2,0.0,0.0,0.1989675347273536,0.0,0.0,0.0,0.0,0.0,square,0,0.2,0.25,3,6,0.9999122619628906,0.0
1779527825.9954176,0.1989675347273536,0.0,0.0,0.0,0.0,0.0,0.198,1.2276,-0.396,0.2,0.0,0.0,0.1989675347273536,0.0,0.0,-0.0020777729190408684,0.0,0.0,square,0,0.2,0.25,3,6,1.0099217891693115,0.0
1779527826.0054388,0.1989675347273536,0.0,0.0,-0.0020777729190408684,0.0,0.0,0.1584,1.3860000000000001,-0.4752,0.2,0.0,0.0,0.1989675347273536,0.0,0.0,0.0,0.0,0.0,square,0,0.2,0.25,3,6,1.019904375076294,0.0
1779527826.0154574,0.1989675347273536,0.0,0.0,0.0,0.0,0.0,0.1584,1.2672,-0.35639999999999994,0.2,0.0,0.0,0.1989675347273536,0.0,0.0,0.0,0.0,0.0,square,0,0.2,0.25,3,6,1.0299255847930908,0.0
1779527826.0254164,0.1989675347273536,0.0,0.0,0.0,0.0,0.0,0.1584,1.3860000000000001,-0.3168,0.2,0.0,0.0,0.1989675347273536,0.0,0.0,0.0,0.0,0.0,square,0,0.2,0.25,3,6,1.0399441719055176,0.0
1779527826.0354104,0.1989675347273536,0.0,0.0,0.0,0.0,0.0,0.1584,1.3464,-0.35639999999999994,0.2,0.0,0.0,0.1989675347273536,0.0,0.0,0.0,0.0,0.0020777729190408684,square,0,0.2,0.25,3,6,1.049903154373169,0.0
1779527826.045449,0.1989675347273536,0.0,0.0,0.0,0.0,0.0020777729190408684,0.198,1.2672,-0.5544000000000001,0.2,0.0,0.0,0.1989675347273536,0.0,0.0,0.0,0.0,0.0,square,0,0.2,0.25,3,6,1.0598971843719482,0.0
1779527826.0554209,0.1989675347273536,0.0,0.0,0.0,0.0,0.0,0.27720000000000006,1.3860000000000001,-0.3168,0.2,0.0,0.0,0.1989675347273536,0.0,0.0,0.0020777729190408684,0.0,0.0,square,0,0.2,0.25,3,6,1.0699357986450195,0.0
1779527826.065574,0.1989675347273536,0.0,0.0,0.0020777729190408684,0.0,0.0,0.2376,1.4652,-0.396,0.2,0.0,0.0,0.1989675347273536,0.0,0.0,0.0,0.0,0.0,square,0,0.2,0.25,3,6,1.0799076557159424,0.0
1779527826.0754302,0.1989675347273536,0.0,0.0,0.0,0.0,0.0,0.2376,1.3860000000000001,-0.396,0.2,0.0,0.0,0.1989675347273536,0.0,0.0,0.0,0.0,0.0020777729190408684,square,0,0.2,0.25,3,6,1.0900607109069824,0.0
1779527826.0854237,0.1989675347273536,0.0,0.0,0.0,0.0,0.0020777729190408684,0.198,1.4652,-0.27720000000000006,0.2,0.0,0.0,0.1989675347273536,0.0,0.0,-0.0020777729190408684,0.0,0.0,square,0,0.2,0.25,3,6,1.099916934967041,0.0
1779527826.0954404,0.1989675347273536,0.0,0.0,-0.0020777729190408684,0.0,0.0,0.198,1.4255999999999998,-0.35639999999999994,0.2,0.0,0.0,0.1989675347273536,0.0,0.0,0.0,0.0,0.0,square,0,0.2,0.25,3,6,1.109910488128662,0.0
1779527826.1054127,0.1989675347273536,0.0,0.0,0.0,0.0,0.0,0.1188,1.3068,-0.27720000000000006,0.2,0.0,0.0,0.1989675347273536,0.0,0.0,0.0,0.0,0.0,square,0,0.2,0.25,3,6,1.119927167892456,0.0
1779527826.1154144,0.1989675347273536,0.0,0.0,0.0,0.0,0.0,0.1188,1.3860000000000001,-0.4356,0.2,0.0,0.0,0.1989675347273536,0.0,0.0,0.0,0.0,0.0,square,0,0.2,0.25,3,6,1.129899501800537,0.0
1779527826.125568,0.1989675347273536,0.0,0.0,0.0,0.0,0.0,0.0792,1.3068,-0.396,0.2,0.0,0.0,0.1989675347273536,0.0,0.0,0.0,0.0,0.0,square,0,0.2,0.25,3,6,1.1399011611938477,0.0
1779527826.1354434,0.1989675347273536,0.0,0.0,0.0,0.0,0.0,0.1188,1.4652,-0.5148,0.2,0.0,0.0,0.1989675347273536,0.0,0.0,0.0,0.0,0.0020777729190408684,square,0,0.2,0.25,3,6,1.150054693222046,0.0
1779527826.145415,0.1989675347273536,0.0,0.0,0.0,0.0,0.0020777729190408684,0.198,1.2672,-0.27720000000000006,0.2,0.0,0.0,0.1989675347273536,0.0,0.0,0.0,-0.0020777729190408684,0.0,square,0,0.2,0.25,3,6,1.1599302291870117,0.0
1779527826.1554122,0.1989675347273536,0.0,0.0,0.0,-0.0020777729190408684,0.0,0.198,1.3464,0.4752,0.2,0.0,0.0,0.1989675347273536,0.0,0.0,0.0,0.0,0.0020777729190408684,square,0,0.2,0.25,3,6,1.1699018478393555,0.0
1779527826.1655705,0.1989675347273536,0.0,0.0,0.0,0.0,0.0020777729190408684,0.27720000000000006,1.3068,-0.4356,0.2,0.0,0.0,0.1989675347273536,0.0,0.0,0.0,0.0020777729190408684,0.0,square,0,0.2,0.25,3,6,1.179898977279663,0.0
1779527826.1754272,0.1989675347273536,0.0,0.0,0.0,0.0020777729190408684,0.0,0.2376,1.3464,-0.35639999999999994,0.2,0.0,0.0,0.1989675347273536,0.0,0.0,0.0,0.0,0.0020777729190408684,square,0,0.2,0.25,3,6,1.1900572776794434,0.0
1779527826.1854107,0.1989675347273536,0.0,0.0,0.0,0.0,0.0020777729190408684,0.198,1.2672,-0.3168,0.2,0.0,0.0,0.1989675347273536,0.0,0.0,0.0,0.0,0.0,square,0,0.2,0.25,3,6,1.1999139785766602,0.0
1779527826.1955903,0.1989675347273536,0.0,0.0,0.0,0.0,0.0,0.2376,1.3464,-0.396,0.2,0.0,0.0,0.1989675347273536,0.0,0.0,0.0,0.0,0.0,square,0,0.2,0.25,3,6,1.209897518157959,0.0
1779527826.2054126,0.1989675347273536,0.0,0.0,0.0,0.0,0.0,0.198,1.3464,-0.35639999999999994,0.2,0.0,0.0,0.1989675347273536,0.0,0.0,0.0,0.0,0.0,square,0,0.2,0.25,3,6,1.2200770378112793,0.0
1779527826.215432,0.1989675347273536,0.0,0.0,0.0,0.0,0.0,0.2376,1.3860000000000001,-0.4356,0.2,0.0,0.0,0.1989675347273536,0.0,0.0,0.0,0.0,0.0,square,0,0.2,0.25,3,6,1.2298994064331055,0.0
1779527826.2254186,0.1989675347273536,0.0,0.0,0.0,0.0,0.0,0.2376,1.2672,-0.4752,0.2,0.0,0.0,0.1989675347273536,0.0,0.0,0.0,0.0,0.0,square,0,0.2,0.25,3,6,1.2399187088012695,0.0
1779527826.235534,0.1989675347273536,0.0,0.0,0.0,0.0,0.0,0.1188,1.2672,-0.5148,0.2,0.0,0.0,0.1989675347273536,0.0,0.0,0.0,0.0,0.0,square,0,0.2,0.25,3,6,1.2499053478240967,0.0
1779527826.2454011,0.1989675347273536,0.0,0.0,0.0,0.0,0.0,0.198,1.4652,-0.396,0.2,0.0,0.0,0.1989675347273536,0.0,0.0,0.0,0.0,0.0,square,0,0.2,0.25,3,6,1.2600207328796387,0.0
1779527826.2564793,0.1989675347273536,0.0,0.0,0.0,0.0,0.0,0.1584,1.4255999999999998,-0.4356,0.2,0.0,0.0,0.1989675347273536,0.0,0.0,0.0,0.0,0.0,square,0,0.2,0.25,3,6,1.269887924194336,0.0
1779527826.2654305,0.1989675347273536,0.0,0.0,0.0,0.0,0.0,0.198,1.3464,-0.35639999999999994,0.2,0.0,0.0,0.1989675347273536,0.0,0.0,0.0,0.0,0.0,square,0,0.2,0.25,3,6,1.28096604347229,0.0
1779527826.275414,0.1989675347273536,0.0,0.0,0.0,0.0,0.0,0.2376,1.3068,-0.4752,0.2,0.0,0.0,0.1989675347273536,0.0,0.0,0.0,0.0,0.0,square,0,0.2,0.25,3,6,1.289917230606079,0.0
1779527826.2854257,0.1989675347273536,0.0,0.0,0.0,0.0,0.0,0.1584,1.3860000000000001,-0.35639999999999994,0.2,0.0,0.0,0.1989675347273536,0.0,0.0,0.0020777729190408684,0.0,0.0,square,0,0.2,0.25,3,6,1.299900770187378,0.0
1779527826.2954247,0.1989675347273536,0.0,0.0,0.0020777729190408684,0.0,0.0,0.1584,1.3068,-0.396,0.2,0.0,0.0,0.1989675347273536,0.0,0.0,0.0,0.0020777729190408684,0.0020777729190408684,square,0,0.2,0.25,3,6,1.3099124431610107,0.0
1779527826.3055184,0.1989675347273536,0.0,0.0,0.0,0.0020777729190408684,0.0020777729190408684,0.2376,1.3068,-0.396,0.2,0.0,0.0,0.1989675347273536,0.0,0.0,0.0,0.0,0.0,square,0,0.2,0.25,3,6,1.3199114799499512,0.0
1779527826.315525,0.1989675347273536,0.0,0.0,0.0,0.0,0.0,0.2376,1.4255999999999998,0.396,0.2,0.0,0.0,0.1989675347273536,0.0,0.0,0.0,0.0,0.0,square,0,0.2,0.25,3,6,1.330005168914795,0.0
1779527826.3254118,0.1989675347273536,0.0,0.0,0.0,0.0,0.0,0.2376,1.3068,0.396,0.2,0.0,0.0,0.1989675347273536,0.0,0.0,0.0,0.0,0.0020777729190408684,square,0,0.2,0.25,3,6,1.3400118350982666,0.0
1779527826.3354137,0.1989675347273536,0.0,0.0,0.0,0.0,0.0020777729190408684,0.2376,1.2672,-0.27720000000000006,0.2,0.0,0.0,0.1989675347273536,0.0,0.0,0.0,0.0,0.0,square,0,0.2,0.25,3,6,1.3498985767364502,0.0
1779527826.3454108,0.1989675347273536,0.0,0.0,0.0,0.0,0.0,0.1584,1.2276,-0.4356,0.2,0.0,0.0,0.1989675347273536,0.0,0.0,0.0,0.0,0.0,square,0,0.2,0.25,3,6,1.3599004745483398,0.0
1779527826.3554227,0.1989675347273536,0.0,0.0,0.0,0.0,0.0,0.1584,1.3068,0.4356,0.2,0.0,0.0,0.1989675347273536,0.0,0.0,0.0,0.0,-0.0020777729190408684,square,0,0.2,0.25,3,6,1.3698976039886475,0.0
1779527826.3655388,0.1989675347273536,0.0,0.0,0.0,0.0,-0.0020777729190408684,0.198,1.4255999999999998,-0.5148,0.2,0.0,0.0,0.1989675347273536,0.0,0.0,0.0,0.0,0.0,square,0,0.2,0.25,3,6,1.3799095153808594,0.0
1779527826.3754086,0.1989675347273536,0.0,0.0,0.0,0.0,0.0,0.1188,1.2672,-0.4356,0.2,0.0,0.0,0.1989675347273536,0.0,0.0,0.0,0.0,-0.0020777729190408684,square,0,0.2,0.25,3,6,1.3900256156921387,0.0
1779527826.3854296,0.1989675347273536,0.0,0.0,0.0,0.0,-0.0020777729190408684,0.1584,1.2276,-0.35639999999999994,0.2,0.0,0.0,0.1989675347273536,0.0,0.0,0.0,0.0,-0.0020777729190408684,square,0,0.2,0.25,3,6,1.399895429611206,0.0
1779527826.3954108,0.1989675347273536,0.0,0.0,0.0,0.0,-0.0020777729190408684,0.1584,1.2276,-0.4356,0.2,0.0,0.0,0.1989675347273536,0.0,0.0,0.0,0.0,0.0,square,0,0.2,0.25,3,6,1.4099164009094238,0.0
1779527826.4054108,0.1989675347273536,0.0,0.0,0.0,0.0,0.0,0.0792,1.2672,-0.27720000000000006,0.2,0.0,0.0,0.1989675347273536,0.0,0.0,0.0,0.0,0.0,square,0,0.2,0.25,3,6,1.4198975563049316,0.0
1779527826.4154146,0.1989675347273536,0.0,0.0,0.0,0.0,0.0,0.198,1.2672,-0.4752,0.2,0.0,0.0,0.1989675347273536,0.0,0.0,0.0,0.0,0.0,square,0,0.2,0.25,3,6,1.4298975467681885,0.0
1779527826.425446,0.1989675347273536,0.0,0.0,0.0,0.0,0.0,0.2376,1.3860000000000001,-0.3168,0.2,0.0,0.0,0.1989675347273536,0.0,0.0,0.0,0.0,0.0020777729190408684,square,0,0.2,0.25,3,6,1.439901351928711,0.0
1779527826.4354157,0.1989675347273536,0.0,0.0,0.0,0.0,0.0020777729190408684,0.1584,1.2276,-0.198,0.2,0.0,0.0,0.1989675347273536,0.0,0.0,0.0,0.0,0.0,square,0,0.2,0.25,3,6,1.4499328136444092,0.0
1779527826.4454198,0.1989675347273536,0.0,0.0,0.0,0.0,0.0,0.2376,1.2672,0.5544000000000001,0.2,0.0,0.0,0.1989675347273536,0.0,0.0,-0.0020777729190408684,0.0020777729190408684,0.0,square,0,0.2,0.25,3,6,1.4599025249481201,0.0
1779527826.45541,0.1989675347273536,0.0,0.0,-0.0020777729190408684,0.0020777729190408684,0.0,0.198,1.3068,0.35639999999999994,0.2,0.0,0.0,0.1989675347273536,0.0,0.0,0.0,0.0,0.0020777729190408684,square,0,0.2,0.25,3,6,1.4699065685272217,0.0
1779527826.4654672,0.1989675347273536,0.0,0.0,0.0,0.0,0.0020777729190408684,0.2376,1.3464,-0.27720000000000006,0.2,0.0,0.0,0.1989675347273536,0.0,0.0,0.0,0.0,0.0,square,0,0.2,0.25,3,6,1.4798967838287354,0.0
1779527826.4754276,0.1989675347273536,0.0,0.0,0.0,0.0,0.0,0.198,1.4255999999999998,-0.396,0.2,0.0,0.0,0.1989675347273536,0.0,0.0,0.0,0.0,0.0,square,0,0.2,0.25,3,6,1.4899539947509766,0.0
1779527826.4854088,0.1989675347273536,0.0,0.0,0.0,0.0,0.0,0.198,1.2276,-0.2376,0.2,0.0,0.0,0.1989675347273536,0.0,0.0,0.0,0.0,0.0,square,0,0.2,0.25,3,6,1.4999144077301025,0.0
1779527826.4954174,0.1989675347273536,0.0,0.0,0.0,0.0,0.0,0.1584,1.3860000000000001,-0.3168,0.2,0.0,0.0,0.1989675347273536,0.0,0.0,0.0,0.0,0.0,square,0,0.2,0.25,3,6,1.5098955631256104,0.0
1779527826.5054274,0.1989675347273536,0.0,0.0,0.0,0.0,0.0,0.1584,1.3464,-0.4356,0.2,0.0,0.0,0.1989675347273536,0.0,0.0,0.0,0.0,0.0,square,0,0.2,0.25,3,6,1.5199041366577148,0.0
1779527826.5153852,0.1989675347273536,0.0,0.0,0.0,0.0,0.0,0.198,1.3860000000000001,-0.5148,0.2,0.0,0.0,0.1989675347273536,0.0,0.0,0.0,0.0,0.0,square,0,0.2,0.25,3,6,1.529914140701294,0.0
1779527826.5254123,0.1989675347273536,0.0,0.0,0.0,0.0,0.0,0.1188,1.2276,-0.35639999999999994,0.2,0.0,0.0,0.1989675347273536,0.0,0.0,0.0020777729190408684,0.0020777729190408684,0.0,square,0,0.2,0.25,3,6,1.5398719310760498,0.0
1779527826.5355842,0.1989675347273536,0.0,0.0,0.0020777729190408684,0.0020777729190408684,0.0,0.1584,1.3860000000000001,-0.4752,0.2,0.0,0.0,0.1989675347273536,0.0,0.0,0.0,0.0,0.0,square,0,0.2,0.25,3,6,1.5498991012573242,0.0
1779527826.5455527,0.1989675347273536,0.0,0.0,0.0,0.0,0.0,0.2376,1.4652,-0.27720000000000006,0.2,0.0,0.0,0.1989675347273536,0.0,0.0,0.0,0.0,0.0,square,0,0.2,0.25,3,6,1.5600709915161133,0.0
1779527826.555429,0.1989675347273536,0.0,0.0,0.0,0.0,0.0,0.198,1.3068,-0.396,0.2,0.0,0.0,0.1989675347273536,0.0,0.0,0.0020777729190408684,0.0,0.0,square,0,0.2,0.25,3,6,1.5700395107269287,0.0
1779527826.5654109,0.1989675347273536,0.0,0.0,0.0020777729190408684,0.0,0.0,0.2376,1.2276,-0.27720000000000006,0.2,0.0,0.0,0.1989675347273536,0.0,0.0,0.0,0.0020777729190408684,0.0,square,0,0.2,0.25,3,6,1.5799157619476318,0.0
1779527826.575415,0.1989675347273536,0.0,0.0,0.0,0.0020777729190408684,0.0,0.2376,1.2672,-0.27720000000000006,0.2,0.0,0.0,0.1989675347273536,0.0,0.0,0.0,0.0,0.0020777729190408684,square,0,0.2,0.25,3,6,1.589897632598877,0.0
1779527826.5854135,0.1989675347273536,0.0,0.0,0.0,0.0,0.0020777729190408684,0.2376,1.3068,-0.396,0.2,0.0,0.0,0.1989675347273536,0.0,0.0,0.0,0.0,0.0,square,0,0.2,0.25,3,6,1.5999016761779785,0.0
1779527826.5954518,0.1989675347273536,0.0,0.0,0.0,0.0,0.0,0.2376,1.4255999999999998,-0.2376,0.2,0.0,0.0,0.1989675347273536,0.0,0.0,0.0,0.0,0.0,square,0,0.2,0.25,3,6,1.6099002361297607,0.0
1779527826.6054127,0.1989675347273536,0.0,0.0,0.0,0.0,0.0,0.1584,1.4255999999999998,-0.35639999999999994,0.2,0.0,0.0,0.1989675347273536,0.0,0.0,0.0,0.0,0.0,square,0,0.2,0.25,3,6,1.619938611984253,0.0
1779527826.6154172,0.1989675347273536,0.0,0.0,0.0,0.0,0.0,0.1188,1.2672,-0.27720000000000006,0.2,0.0,0.0,0.1989675347273536,0.0,0.0,0.0,0.0,0.0,square,0,0.2,0.25,3,6,1.629899501800537,0.0
1779527826.625412,0.1989675347273536,0.0,0.0,0.0,0.0,0.0,0.198,1.2672,-0.4356,0.2,0.0,0.0,0.1989675347273536,0.0,0.0,0.0,0.0,0.0,square,0,0.2,0.25,3,6,1.6399040222167969,0.0
1779527826.6354413,0.1989675347273536,0.0,0.0,0.0,0.0,0.0,0.1584,1.3464,-0.396,0.2,0.0,0.0,0.1989675347273536,0.0,0.0,0.0,0.0,0.0,square,0,0.2,0.25,3,6,1.6498987674713135,0.0
1779527826.6454113,0.1989675347273536,0.0,0.0,0.0,0.0,0.0,0.198,1.3464,-0.3168,0.2,0.0,0.0,0.1989675347273536,0.0,0.0,0.0,0.0,0.0,square,0,0.2,0.25,3,6,1.6599280834197998,0.0
1779527826.6554098,0.1989675347273536,0.0,0.0,0.0,0.0,0.0,0.2376,1.4652,-0.396,0.2,0.0,0.0,0.1989675347273536,0.0,0.0,0.0,0.0,-0.0020777729190408684,square,0,0.2,0.25,3,6,1.6698980331420898,0.0
1779527826.66559,0.1989675347273536,0.0,0.0,0.0,0.0,-0.0020777729190408684,0.2376,1.3464,0.396,0.2,0.0,0.0,0.1989675347273536,0.0,0.0,0.0,-0.0020777729190408684,0.0,square,0,0.2,0.25,3,6,1.679896593093872,0.0
1779527826.675491,0.1989675347273536,0.0,0.0,0.0,-0.0020777729190408684,0.0,0.1584,1.2276,-0.5148,0.2,0.0,0.0,0.1989675347273536,0.0,0.0,0.0,0.0,0.0,square,0,0.2,0.25,3,6,1.6900768280029297,0.0
1779527826.6854107,0.1989675347273536,0.0,0.0,0.0,0.0,0.0,0.2376,1.3068,-0.4752,0.2,0.0,0.0,0.1989675347273536,0.0,0.0,0.0,0.0,0.0,square,0,0.2,0.25,3,6,1.6999778747558594,0.0
1779527826.695508,0.1989675347273536,0.0,0.0,0.0,0.0,0.0,0.1584,1.2672,-0.4356,0.2,0.0,0.0,0.1989675347273536,0.0,0.0,0.0,0.0,0.0,square,0,0.2,0.25,3,6,1.709897518157959,0.0
1779527826.7055378,0.1989675347273536,0.0,0.0,0.0,0.0,0.0,0.198,1.3860000000000001,-0.3168,0.2,0.0,0.0,0.1989675347273536,0.0,0.0,0.0,0.0,0.0,square,0,0.2,0.25,3,6,1.7199947834014893,0.0
1779527826.7154324,0.1989675347273536,0.0,0.0,0.0,0.0,0.0,0.2376,1.2672,-0.5544000000000001,0.2,0.0,0.0,0.1989675347273536,0.0,0.0,0.0,0.0,0.0,square,0,0.2,0.25,3,6,1.7300245761871338,0.0
1779527826.7255242,0.1989675347273536,0.0,0.0,0.0,0.0,0.0,-0.1584,1.2276,-0.4356,0.2,0.0,0.0,0.1989675347273536,0.0,0.0,0.0,0.0,0.0,square,0,0.2,0.25,3,6,1.7399191856384277,0.0
1779527826.7354212,0.1989675347273536,0.0,0.0,0.0,0.0,0.0,0.2376,1.2276,-0.4356,0.2,0.0,0.0,0.1989675347273536,0.0,0.0,-0.0020777729190408684,0.0,0.0,square,0,0.2,0.25,3,6,1.7500109672546387,0.0
1779527826.7455852,0.1989675347273536,0.0,0.0,-0.0020777729190408684,0.0,0.0,0.198,1.2672,-0.396,0.2,0.0,0.0,0.1989675347273536,0.0,0.0,0.0,0.0,0.0,square,0,0.2,0.25,3,6,1.7599079608917236,0.0
1779527826.755437,0.1989675347273536,0.0,0.0,0.0,0.0,0.0,0.1584,1.3464,-0.5940000000000001,0.2,0.0,0.0,0.1989675347273536,0.0,0.0,0.0020777729190408684,0.0,0.0,square,0,0.2,0.25,3,6,1.7700719833374023,0.0
1779527826.7654104,0.1989675347273536,0.0,0.0,0.0020777729190408684,0.0,0.0,0.2376,1.4255999999999998,-0.396,0.2,0.0,0.0,0.1989675347273536,0.0,0.0,0.0,0.0,0.0,square,0,0.2,0.25,3,6,1.779923677444458,0.0
1779527826.7755919,0.1989675347273536,0.0,0.0,0.0,0.0,0.0,0.1584,1.3068,-0.35639999999999994,0.2,0.0,0.0,0.1989675347273536,0.0,0.0,0.0,-0.0020777729190408684,0.0,square,0,0.2,0.25,3,6,1.7898972034454346,0.0
1779527826.7855499,0.1989675347273536,0.0,0.0,0.0,-0.0020777729190408684,0.0,0.198,1.3464,-0.4356,0.2,0.0,0.0,0.1989675347273536,0.0,0.0,-0.0020777729190408684,0.0,0.004155545838081737,square,0,0.2,0.25,3,6,1.8000786304473877,0.0
1779527826.795433,0.1989675347273536,0.0,0.0,-0.0020777729190408684,0.0,0.004155545838081737,0.1584,1.4652,-0.4356,0.2,0.0,0.0,0.1989675347273536,0.0,0.0,0.0,0.0,0.0,square,0,0.2,0.25,3,6,1.8100366592407227,0.0
1779527826.8054147,0.1989675347273536,0.0,0.0,0.0,0.0,0.0,0.27720000000000006,1.2672,-0.4752,0.2,0.0,0.0,0.1989675347273536,0.0,0.0,0.0,0.0,0.0,square,0,0.2,0.25,3,6,1.8199198246002197,0.0
1779527826.8154144,0.1989675347273536,0.0,0.0,0.0,0.0,0.0,0.2376,1.2672,-0.3168,0.2,0.0,0.0,0.1989675347273536,0.0,0.0,0.0,-0.0020777729190408684,0.0,square,0,0.2,0.25,3,6,1.8299014568328857,0.0
1779527826.8255274,0.1989675347273536,0.0,0.0,0.0,-0.0020777729190408684,0.0,0.198,1.3464,-0.396,0.2,0.0,0.0,0.1989675347273536,0.0,0.0,-0.0020777729190408684,0.0,0.0,square,0,0.2,0.25,3,6,1.8399012088775635,0.0
1779527826.835606,0.1989675347273536,0.0,0.0,-0.0020777729190408684,0.0,0.0,0.198,1.3860000000000001,-0.4356,0.2,0.0,0.0,0.1989675347273536,0.0,0.0,0.0,0.0,-0.0020777729190408684,square,0,0.2,0.25,3,6,1.8500142097473145,0.0
1779527826.845413,0.1989675347273536,0.0,0.0,0.0,0.0,-0.0020777729190408684,0.198,1.3860000000000001,-0.35639999999999994,0.2,0.0,0.0,0.1989675347273536,0.0,0.0,0.0,0.0,0.0,square,0,0.2,0.25,3,6,1.8600928783416748,0.0
1779527826.8554113,0.1989675347273536,0.0,0.0,0.0,0.0,0.0,0.198,1.4652,-0.27720000000000006,0.2,0.0,0.0,0.1989675347273536,0.0,0.0,0.0,0.0,0.0,square,0,0.2,0.25,3,6,1.8698997497558594,0.0
1779527826.8655174,0.1989675347273536,0.0,0.0,0.0,0.0,0.0,0.198,1.3464,-0.198,0.2,0.0,0.0,0.1989675347273536,0.0,0.0,0.0,0.0,0.0,square,0,0.2,0.25,3,6,1.8798980712890625,0.0
1779527826.875525,0.1989675347273536,0.0,0.0,0.0,0.0,0.0,0.1584,1.4652,-0.4356,0.2,0.0,0.0,0.1989675347273536,0.0,0.0,0.0,0.0,0.0,square,0,0.2,0.25,3,6,1.8900041580200195,0.0
1779527826.885414,0.1989675347273536,0.0,0.0,0.0,0.0,0.0,0.198,1.3860000000000001,-0.5940000000000001,0.2,0.0,0.0,0.1989675347273536,0.0,0.0,0.0,0.0,0.0,square,0,0.2,0.25,3,6,1.9000117778778076,0.0
1779527826.8955088,0.1989675347273536,0.0,0.0,0.0,0.0,0.0,0.198,1.1880000000000002,-0.2376,0.2,0.0,0.0,0.1989675347273536,0.0,0.0,0.0,0.0,0.0,square,0,0.2,0.25,3,6,1.9099006652832031,0.0
1779527826.9054177,0.1989675347273536,0.0,0.0,0.0,0.0,0.0,0.198,1.3860000000000001,-0.35639999999999994,0.2,0.0,0.0,0.1989675347273536,0.0,0.0,0.0,0.0,0.0,square,0,0.2,0.25,3,6,1.9199955463409424,0.0
1779527826.9154143,0.1989675347273536,0.0,0.0,0.0,0.0,0.0,0.198,1.3068,0.198,0.2,0.0,0.0,0.1989675347273536,0.0,0.0,0.0020777729190408684,0.0,0.0020777729190408684,square,0,0.2,0.25,3,6,1.9299044609069824,0.0
1779527826.92543,0.1989675347273536,0.0,0.0,0.0020777729190408684,0.0,0.0020777729190408684,0.2376,1.3464,-0.35639999999999994,0.2,0.0,0.0,0.1989675347273536,0.0,0.0,0.0,0.0,0.0,square,0,0.2,0.25,3,6,1.9399011135101318,0.0
1779527826.9354107,0.1989675347273536,0.0,0.0,0.0,0.0,0.0,0.1584,1.4652,-0.4356,0.2,0.0,0.0,0.1989675347273536,0.0,0.0,0.0,-0.0020777729190408684,0.0,square,0,0.2,0.25,3,6,1.9499168395996094,0.0
1779527826.9454105,0.1989675347273536,0.0,0.0,0.0,-0.0020777729190408684,0.0,0.198,1.4255999999999998,-0.396,0.2,0.0,0.0,0.1989675347273536,0.0,0.0,0.0,0.0,0.0,square,0,0.2,0.25,3,6,1.959897518157959,0.0
1779527826.9554102,0.1989675347273536,0.0,0.0,0.0,0.0,0.0,0.2376,1.3860000000000001,-0.4356,0.2,0.0,0.0,0.1989675347273536,0.0,0.0,0.0,0.0,0.0,square,0,0.2,0.25,3,6,1.9698972702026367,0.0
1779527826.9654295,0.1989675347273536,0.0,0.0,0.0,0.0,0.0,0.198,1.2672,-0.2376,0.2,0.0,0.0,0.1989675347273536,0.0,0.0,0.0,0.0,0.0,square,0,0.2,0.25,3,6,1.9798970222473145,0.0
1779527826.9754105,0.1989675347273536,0.0,0.0,0.0,0.0,0.0,0.1584,1.4255999999999998,-0.198,0.2,0.0,0.0,0.1989675347273536,0.0,0.0,0.0,0.0,0.0020777729190408684,square,0,0.2,0.25,3,6,1.9899163246154785,0.0
1779527826.985542,0.1989675347273536,0.0,0.0,0.0,0.0,0.0020777729190408684,0.1584,1.2276,-0.2376,0.2,0.0,0.0,0.1989675347273536,0.0,0.0,0.0,0.0,0.0,square,0,0.2,0.25,3,6,1.9998972415924072,0.0
1779527826.995559,0.1989675347273536,0.0,0.0,0.0,0.0,0.0,0.198,1.4652,-0.3168,-0.2,0.0,0.0,0.1989675347273536,0.0,0.0,0.0,0.0,0.0,square,0,0.2,0.25,3,6,2.010028839111328,0.0
1779527827.0054424,0.1989675347273536,0.0,0.0,0.0,0.0,0.0,0.198,1.3464,-0.4752,-0.2,0.0,0.0,0.1989675347273536,0.0,0.0,0.0,0.0,0.0,square,0,0.2,0.25,3,6,2.020045757293701,0.0
1779527827.0155132,0.1989675347273536,0.0,0.0,0.0,0.0,0.0,0.198,1.3860000000000001,-0.27720000000000006,-0.2,0.0,0.0,0.19722220547535924,0.0,0.0,-0.19946620022792336,0.0,0.0,square,0,0.2,0.25,3,6,2.0299291610717773,0.0
1779527827.0255146,0.19722220547535924,0.0,0.0,-0.19946620022792336,0.0,0.0,13.1868,0.9107999999999999,-0.35639999999999994,-0.2,0.0,0.0,0.17453292519943295,0.0,0.0,-1.7764958457799425,-0.0020777729190408684,0.0,square,0,0.2,0.25,3,6,2.0399999618530273,0.0
1779527827.0354142,0.17453292519943295,0.0,0.0,-1.7764958457799425,-0.0020777729190408684,0.0,3.96,0.3168,-0.9107999999999999,-0.2,0.0,0.0,0.14137166941154067,0.0,0.0,-3.166525928618283,-0.006233318757122605,0.0020777729190408684,square,0,0.2,0.25,3,6,2.050001382827759,0.0
1779527827.0454307,0.14137166941154067,0.0,0.0,-3.166525928618283,-0.006233318757122605,0.0020777729190408684,6.4152000000000005,1.3464,1.0296,-0.2,0.0,0.0,0.10122909661567113,0.0,0.0,-3.8189466251971163,0.0,-0.0020777729190408684,square,0,0.2,0.25,3,6,2.059900999069214,0.0
1779527827.0554101,0.10122909661567113,0.0,0.0,-3.8189466251971163,0.0,-0.0020777729190408684,6.2568,1.6236000000000002,-0.5544000000000001,-0.2,0.0,0.0,0.05585053606381855,0.0,0.0,-4.290601077819393,0.0,0.0020777729190408684,square,0,0.2,0.25,3,6,2.0699174404144287,0.0
1779527827.0668874,0.05585053606381855,0.0,0.0,-4.290601077819393,0.0,0.0020777729190408684,2.6136,1.5444,0.27720000000000006,-0.2,0.0,0.0,0.012217304763960306,0.0,0.0,-4.371634221661987,0.004155545838081737,0.0020777729190408684,square,0,0.2,0.25,3,6,2.079896926879883,0.0
1779527827.075419,0.012217304763960306,0.0,0.0,-4.371634221661987,0.004155545838081737,0.0020777729190408684,-0.0396,1.5444,-0.3168,-0.2,0.0,0.0,-0.02617993877991494,0.0,0.0,-3.9747795941251813,0.006233318757122605,0.004155545838081737,square,0,0.2,0.25,3,6,2.091374158859253,0.0
1779527827.0859404,-0.02617993877991494,0.0,0.0,-3.9747795941251813,0.006233318757122605,0.004155545838081737,-0.99,3.2076000000000002,0.5148,-0.2,0.0,0.0,-0.05759586531581287,0.0,0.0,-3.365992128846207,0.01246663751424521,-0.004155545838081737,square,0,0.2,0.25,3,6,2.0999057292938232,0.0
1779527827.0954144,-0.05759586531581287,0.0,0.0,-3.365992128846207,0.01246663751424521,-0.004155545838081737,-2.5740000000000003,2.1780000000000004,-0.3168,-0.2,0.0,0.0,-0.08552113334772216,0.0,0.0,-2.844471126166949,0.0020777729190408684,-0.006233318757122605,square,0,0.2,0.25,3,6,2.110427141189575,0.0
1779527827.105413,-0.08552113334772216,0.0,0.0,-2.844471126166949,0.0020777729190408684,-0.006233318757122605,-2.7324,2.5740000000000003,0.99,-0.2,0.0,0.0,-0.10646508437165411,0.0,0.0,-2.325027896406732,-0.014544410433286078,-0.0020777729190408684,square,0,0.2,0.25,3,6,2.119901180267334,0.0
1779527827.1155665,-0.10646508437165411,0.0,0.0,-2.325027896406732,-0.014544410433286078,-0.0020777729190408684,-2.2176000000000005,1.5444,1.2276,-0.2,0.0,0.0,-0.10646508437165411,0.0,0.0,-2.325027896406732,-0.014544410433286078,-0.0020777729190408684,square,0,0.2,0.25,3,6,2.129899740219116,0.0
1779527827.1254175,-0.10646508437165411,0.0,0.0,-2.325027896406732,-0.014544410433286078,-0.0020777729190408684,-2.2176000000000005,1.5444,1.2276,-0.2,0.0,0.0,-0.13962634015954636,0.0,0.0,-1.5707963267948966,-0.022855502109449553,0.0020777729190408684,square,0,0.2,0.25,3,6,2.1400532722473145,0.0
1779527827.1354277,-0.13962634015954636,0.0,0.0,-1.5707963267948966,-0.022855502109449553,0.0020777729190408684,-0.5148,-0.4356,0.4752,-0.2,0.0,0.0,-0.1518436449235067,0.0,0.0,-1.279908118129175,-0.0020777729190408684,-0.0020777729190408684,square,0,0.2,0.25,3,6,2.149904251098633,0.0
1779527827.1454117,-0.1518436449235067,0.0,0.0,-1.279908118129175,-0.0020777729190408684,-0.0020777729190408684,-0.0792,0.6336,-0.0792,-0.2,0.0,0.0,-0.16231562043547265,0.0,0.0,-1.0368086866013932,0.010388864595204342,0.0,square,0,0.2,0.25,3,6,2.159914493560791,0.0
1779527827.155415,-0.16231562043547265,0.0,0.0,-1.0368086866013932,0.010388864595204342,0.0,-0.27720000000000006,1.1088000000000002,-0.1188,-0.2,0.0,0.0,-0.16929693744344998,0.0,0.0,-0.8352647134544291,0.016622183352326948,0.0,square,0,0.2,0.25,3,6,2.169898509979248,0.0
1779527827.1654127,-0.16929693744344998,0.0,0.0,-0.8352647134544291,0.016622183352326948,0.0,-0.27720000000000006,1.4255999999999998,-0.0396,-0.2,0.0,0.0,-0.1762782544514273,0.0,0.0,-0.679431744526364,0.022855502109449553,-0.0020777729190408684,square,0,0.2,0.25,3,6,2.1799018383026123,0.0
1779527827.1754334,-0.1762782544514273,0.0,0.0,-0.679431744526364,0.022855502109449553,-0.0020777729190408684,0.0792,1.7028,-0.2376,-0.2,0.0,0.0,-0.18151424220741028,0.0,0.0,-0.5485320506267892,0.010388864595204342,-0.0020777729190408684,square,0,0.2,0.25,3,6,2.189899444580078,0.0
1779527827.185415,-0.18151424220741028,0.0,0.0,-0.5485320506267892,0.010388864595204342,-0.0020777729190408684,-0.35639999999999994,1.4255999999999998,-0.1188,-0.2,0.0,0.0,-0.18500490071139894,0.0,0.0,-0.4363323129985824,0.0020777729190408684,0.0,square,0,0.2,0.25,3,6,2.199920177459717,0.0
1779527827.1954386,-0.18500490071139894,0.0,0.0,-0.4363323129985824,0.0020777729190408684,0.0,-0.35639999999999994,1.3068,-0.27720000000000006,-0.2,0.0,0.0,-0.18849555921538758,0.0,0.0,-0.3282881212084572,0.0,0.0,square,0,0.2,0.25,3,6,2.209901809692383,0.0
1779527827.2055304,-0.18849555921538758,0.0,0.0,-0.3282881212084572,0.0,0.0,0.27720000000000006,1.1483999999999999,-0.2376,-0.2,0.0,0.0,-0.19198621771937624,0.0,0.0,-0.27842157115147637,0.0,0.0,square,0,0.2,0.25,3,6,2.2199254035949707,0.0
1779527827.2154284,-0.19198621771937624,0.0,0.0,-0.27842157115147637,0.0,0.0,-0.35639999999999994,1.2672,-0.2376,-0.2,0.0,0.0,-0.1937315469713706,0.0,0.0,-0.21193283774216856,-0.0020777729190408684,0.0,square,0,0.2,0.25,3,6,2.2300171852111816,0.0
1779527827.2254107,-0.1937315469713706,0.0,0.0,-0.21193283774216856,-0.0020777729190408684,0.0,-0.27720000000000006,1.1483999999999999,-0.1584,-0.2,0.0,0.0,-0.1954768762233649,0.0,0.0,-0.16206628768518774,-0.004155545838081737,0.0020777729190408684,square,0,0.2,0.25,3,6,2.239915132522583,0.0
1779527827.2355626,-0.1954768762233649,0.0,0.0,-0.16206628768518774,-0.004155545838081737,0.0020777729190408684,-0.3168,1.0692,-0.27720000000000006,-0.2,0.0,0.0,-0.1954768762233649,0.0,0.0,-0.1308996938995747,-0.004155545838081737,-0.0020777729190408684,square,0,0.2,0.25,3,6,2.2498974800109863,0.0
1779527827.2455473,-0.1954768762233649,0.0,0.0,-0.1308996938995747,-0.004155545838081737,-0.0020777729190408684,-0.7127999999999999,1.1483999999999999,-0.1584,-0.2,0.0,0.0,-0.19722220547535924,0.0,0.0,-0.08726646259971647,-0.004155545838081737,0.0,square,0,0.2,0.25,3,6,2.260049343109131,0.0
1779527827.255675,-0.19722220547535924,0.0,0.0,-0.08726646259971647,-0.004155545838081737,0.0,-0.1584,1.1088000000000002,-0.396,-0.2,0.0,0.0,-0.19722220547535924,0.0,0.0,-0.06025541465218518,-0.0020777729190408684,0.0,square,0,0.2,0.25,3,6,2.270034074783325,0.0
1779527827.2654119,-0.19722220547535924,0.0,0.0,-0.06025541465218518,-0.0020777729190408684,0.0,0.1584,1.0692,-0.396,-0.2,0.0,0.0,-0.1989675347273536,0.0,0.0,-0.06025541465218518,0.0,0.0,square,0,0.2,0.25,3,6,2.2801618576049805,0.0
1779527827.2755685,-0.1989675347273536,0.0,0.0,-0.06025541465218518,0.0,0.0,0.4356,1.0692,-0.2376,-0.2,0.0,0.0,-0.1989675347273536,0.0,0.0,-0.033244366704653895,0.0,-0.0020777729190408684,square,0,0.2,0.25,3,6,2.289898633956909,0.0
1779527827.285555,-0.1989675347273536,0.0,0.0,-0.033244366704653895,0.0,-0.0020777729190408684,0.0,1.1880000000000002,-0.2376,-0.2,0.0,0.0,-0.1989675347273536,0.0,0.0,-0.020777729190408684,0.0020777729190408684,0.0,square,0,0.2,0.25,3,6,2.3000552654266357,0.0
1779527827.2954106,-0.1989675347273536,0.0,0.0,-0.020777729190408684,0.0020777729190408684,0.0,0.1188,1.3860000000000001,-0.2376,-0.2,0.0,0.0,-0.1989675347273536,0.0,0.0,-0.016622183352326948,0.0,0.0,square,0,0.2,0.25,3,6,2.310041666030884,0.0
1779527827.3054185,-0.1989675347273536,0.0,0.0,-0.016622183352326948,0.0,0.0,0.0792,1.3068,-0.2376,-0.2,0.0,0.0,-0.1989675347273536,0.0,0.0,-0.014544410433286078,0.0020777729190408684,0.0,square,0,0.2,0.25,3,6,2.319897413253784,0.0
1779527827.3154106,-0.1989675347273536,0.0,0.0,-0.014544410433286078,0.0020777729190408684,0.0,0.0,1.3068,-0.3168,-0.2,0.0,0.0,-0.1989675347273536,0.0,0.0,-0.006233318757122605,0.0020777729190408684,0.0,square,0,0.2,0.25,3,6,2.3299052715301514,0.0
1779527827.3255424,-0.1989675347273536,0.0,0.0,-0.006233318757122605,0.0020777729190408684,0.0,0.0792,1.4255999999999998,-0.3168,-0.2,0.0,0.0,-0.1989675347273536,0.0,0.0,-0.004155545838081737,-0.0020777729190408684,0.0,square,0,0.2,0.25,3,6,2.339897394180298,0.0
1779527827.3354337,-0.1989675347273536,0.0,0.0,-0.004155545838081737,-0.0020777729190408684,0.0,-0.1188,1.2672,-0.35639999999999994,-0.2,0.0,0.0,-0.1989675347273536,0.0,0.0,-0.004155545838081737,-0.0020777729190408684,0.0,square,0,0.2,0.25,3,6,2.350029230117798,0.0
1779527827.345412,-0.1989675347273536,0.0,0.0,-0.004155545838081737,-0.0020777729190408684,0.0,-0.0396,1.1880000000000002,-0.198,-0.2,0.0,0.0,-0.1989675347273536,0.0,0.0,-0.006233318757122605,-0.004155545838081737,0.0,square,0,0.2,0.25,3,6,2.3599205017089844,0.0
1779527827.3555384,-0.1989675347273536,0.0,0.0,-0.006233318757122605,-0.004155545838081737,0.0,-0.0792,1.2672,-0.27720000000000006,-0.2,0.0,0.0,-0.1989675347273536,0.0,0.0,-0.004155545838081737,0.0,0.0,square,0,0.2,0.25,3,6,2.369898796081543,0.0
1779527827.3654103,-0.1989675347273536,0.0,0.0,-0.004155545838081737,0.0,0.0,-0.1188,1.2276,-0.2376,-0.2,0.0,0.0,-0.1989675347273536,0.0,0.0,-0.0020777729190408684,0.0,0.0,square,0,0.2,0.25,3,6,2.3800251483917236,0.0
1779527827.375521,-0.1989675347273536,0.0,0.0,-0.0020777729190408684,0.0,0.0,-0.1188,1.1483999999999999,-0.396,-0.2,0.0,0.0,-0.1989675347273536,0.0,0.0,0.0,0.0,0.0,square,0,0.2,0.25,3,6,2.389897108078003,0.0
1779527827.3854294,-0.1989675347273536,0.0,0.0,0.0,0.0,0.0,-0.1188,1.2672,-0.2376,-0.2,0.0,0.0,-0.1989675347273536,0.0,0.0,0.0,0.0,0.0,square,0,0.2,0.25,3,6,2.400007724761963,0.0
1779527827.39541,-0.1989675347273536,0.0,0.0,0.0,0.0,0.0,-0.1188,1.2672,-0.2376,-0.2,0.0,0.0,-0.1989675347273536,0.0,0.0,0.0,0.0,0.0,square,0,0.2,0.25,3,6,2.4099161624908447,0.0
1779527827.4054117,-0.1989675347273536,0.0,0.0,0.0,0.0,0.0,-0.1188,1.2672,-0.2376,-0.2,0.0,0.0,-0.1989675347273536,0.0,0.0,0.0020777729190408684,0.0,0.0,square,0,0.2,0.25,3,6,2.4198968410491943,0.0
1779527827.4155586,-0.1989675347273536,0.0,0.0,0.0020777729190408684,0.0,0.0,0.0,1.3464,-0.35639999999999994,-0.2,0.0,0.0,-0.1989675347273536,0.0,0.0,0.0020777729190408684,0.0020777729190408684,0.0,square,0,0.2,0.25,3,6,2.429898500442505,0.0
1779527827.4254148,-0.1989675347273536,0.0,0.0,0.0020777729190408684,0.0020777729190408684,0.0,0.0,1.3068,-0.198,-0.2,0.0,0.0,-0.1989675347273536,0.0,0.0,0.0,0.0,0.0,square,0,0.2,0.25,3,6,2.4400453567504883,0.0
1779527827.4355698,-0.1989675347273536,0.0,0.0,0.0,0.0,0.0,0.0,1.2276,-0.2376,-0.2,0.0,0.0,-0.1989675347273536,0.0,0.0,0.0,0.0020777729190408684,0.0,square,0,0.2,0.25,3,6,2.449901580810547,0.0
1779527827.4455411,-0.1989675347273536,0.0,0.0,0.0,0.0020777729190408684,0.0,0.0,1.3860000000000001,-0.3168,-0.2,0.0,0.0,-0.1989675347273536,0.0,0.0,0.0020777729190408684,0.0,0.0,square,0,0.2,0.25,3,6,2.4600565433502197,0.0
1779527827.4554136,-0.1989675347273536,0.0,0.0,0.0020777729190408684,0.0,0.0,-0.0792,1.5048000000000001,-0.27720000000000006,-0.2,0.0,0.0,-0.1989675347273536,0.0,0.0,0.0,0.0,0.0,square,0,0.2,0.25,3,6,2.4700279235839844,0.0
1779527827.4654388,-0.1989675347273536,0.0,0.0,0.0,0.0,0.0,-0.0792,1.3860000000000001,-0.1584,-0.2,0.0,0.0,-0.1989675347273536,0.0,0.0,0.0,0.0,0.0020777729190408684,square,0,0.2,0.25,3,6,2.479900360107422,0.0
1779527827.4754114,-0.1989675347273536,0.0,0.0,0.0,0.0,0.0020777729190408684,0.0,1.2672,-0.2376,-0.2,0.0,0.0,-0.1989675347273536,0.0,0.0,0.0,-0.0020777729190408684,0.0,square,0,0.2,0.25,3,6,2.4899256229400635,0.0
1779527827.4855883,-0.1989675347273536,0.0,0.0,0.0,-0.0020777729190408684,0.0,-0.0396,1.3068,-0.3168,-0.2,0.0,0.0,-0.1989675347273536,0.0,0.0,-0.004155545838081737,-0.0020777729190408684,0.0,square,0,0.2,0.25,3,6,2.4998981952667236,0.0
1779527827.495511,-0.1989675347273536,0.0,0.0,-0.004155545838081737,-0.0020777729190408684,0.0,0.1188,1.3464,-0.2376,-0.2,0.0,0.0,-0.1989675347273536,0.0,0.0,-0.0020777729190408684,0.0,0.0,square,0,0.2,0.25,3,6,2.510075092315674,0.0
1779527827.505427,-0.1989675347273536,0.0,0.0,-0.0020777729190408684,0.0,0.0,0.2376,1.4255999999999998,-0.35639999999999994,-0.2,0.0,0.0,-0.1989675347273536,0.0,0.0,-0.0020777729190408684,0.0,0.0,square,0,0.2,0.25,3,6,2.5199978351593018,0.0
1779527827.5154119,-0.1989675347273536,0.0,0.0,-0.0020777729190408684,0.0,0.0,0.1584,1.5048000000000001,-0.198,-0.2,0.0,0.0,-0.1989675347273536,0.0,0.0,0.0,0.0,0.0,square,0,0.2,0.25,3,6,2.5299136638641357,0.0
1779527827.5254133,-0.1989675347273536,0.0,0.0,0.0,0.0,0.0,0.1188,1.5048000000000001,-0.3168,-0.2,0.0,0.0,-0.1989675347273536,0.0,0.0,0.0,0.0,0.0,square,0,0.2,0.25,3,6,2.539898633956909,0.0
1779527827.5355558,-0.1989675347273536,0.0,0.0,0.0,0.0,0.0,0.1188,1.4255999999999998,-0.1584,-0.2,0.0,0.0,-0.1989675347273536,0.0,0.0,0.0020777729190408684,0.0,0.0,square,0,0.2,0.25,3,6,2.5499000549316406,0.0
1779527827.5455291,-0.1989675347273536,0.0,0.0,0.0020777729190408684,0.0,0.0,-0.0396,1.4255999999999998,-0.27720000000000006,-0.2,0.0,0.0,-0.1989675347273536,0.0,0.0,0.0020777729190408684,0.0,0.0,square,0,0.2,0.25,3,6,2.5600426197052,0.0
1779527827.5554123,-0.1989675347273536,0.0,0.0,0.0020777729190408684,0.0,0.0,-0.0396,1.3068,-0.2376,-0.2,0.0,0.0,-0.1989675347273536,0.0,0.0,0.0020777729190408684,-0.0020777729190408684,0.0,square,0,0.2,0.25,3,6,2.5700159072875977,0.0
1779527827.5654786,-0.1989675347273536,0.0,0.0,0.0020777729190408684,-0.0020777729190408684,0.0,-0.0396,1.2276,-0.27720000000000006,-0.2,0.0,0.0,-0.1989675347273536,0.0,0.0,0.0,0.0,0.0,square,0,0.2,0.25,3,6,2.5798990726470947,0.0
1779527827.5754209,-0.1989675347273536,0.0,0.0,0.0,0.0,0.0,-0.0792,1.4255999999999998,-0.1584,-0.2,0.0,0.0,-0.1989675347273536,0.0,0.0,0.0,0.0,0.0,square,0,0.2,0.25,3,6,2.589965343475342,0.0
1779527827.5854104,-0.1989675347273536,0.0,0.0,0.0,0.0,0.0,-0.0792,1.3464,0.0,-0.2,0.0,0.0,-0.1989675347273536,0.0,0.0,0.0,0.0,0.0,square,0,0.2,0.25,3,6,2.599907636642456,0.0
1779527827.5954733,-0.1989675347273536,0.0,0.0,0.0,0.0,0.0,-0.1188,1.4255999999999998,-0.27720000000000006,-0.2,0.0,0.0,-0.1989675347273536,0.0,0.0,0.0,0.0,0.0,square,0,0.2,0.25,3,6,2.6098971366882324,0.0
1779527827.6054118,-0.1989675347273536,0.0,0.0,0.0,0.0,0.0,-0.198,1.4652,-0.3168,-0.2,0.0,0.0,-0.1989675347273536,0.0,0.0,-0.0020777729190408684,0.0020777729190408684,0.0,square,0,0.2,0.25,3,6,2.619960069656372,0.0
1779527827.6154132,-0.1989675347273536,0.0,0.0,-0.0020777729190408684,0.0020777729190408684,0.0,-0.1188,1.4652,-0.4356,-0.2,0.0,0.0,-0.1989675347273536,0.0,0.0,0.0,0.0020777729190408684,0.0,square,0,0.2,0.25,3,6,2.6298985481262207,0.0
1779527827.6255429,-0.1989675347273536,0.0,0.0,0.0,0.0020777729190408684,0.0,-0.1584,1.3860000000000001,-0.4356,-0.2,0.0,0.0,-0.1989675347273536,0.0,0.0,0.0,0.0020777729190408684,0.0,square,0,0.2,0.25,3,6,2.639899969100952,0.0
1779527827.6354666,-0.1989675347273536,0.0,0.0,0.0,0.0020777729190408684,0.0,-0.1188,1.4255999999999998,-0.3168,-0.2,0.0,0.0,-0.1989675347273536,0.0,0.0,0.0,0.0,0.0,square,0,0.2,0.25,3,6,2.6500296592712402,0.0
1779527827.6455739,-0.1989675347273536,0.0,0.0,0.0,0.0,0.0,0.1188,1.3860000000000001,-0.1584,-0.2,0.0,0.0,-0.1989675347273536,0.0,0.0,0.0,0.0,0.0,square,0,0.2,0.25,3,6,2.6599533557891846,0.0
1779527827.6555588,-0.1989675347273536,0.0,0.0,0.0,0.0,0.0,-0.1188,1.4255999999999998,-0.198,-0.2,0.0,0.0,-0.1989675347273536,0.0,0.0,0.0,0.0,0.0,square,0,0.2,0.25,3,6,2.670060634613037,0.0
1779527827.665439,-0.1989675347273536,0.0,0.0,0.0,0.0,0.0,-0.1188,1.3464,-0.1584,-0.2,0.0,0.0,-0.1989675347273536,0.0,0.0,0.0,0.0,0.0,square,0,0.2,0.25,3,6,2.6800456047058105,0.0
1779527827.6754632,-0.1989675347273536,0.0,0.0,0.0,0.0,0.0,-0.0792,1.3464,-0.1584,-0.2,0.0,0.0,-0.1989675347273536,0.0,0.0,0.0,0.0,0.0,square,0,0.2,0.25,3,6,2.6899256706237793,0.0
1779527827.6854105,-0.1989675347273536,0.0,0.0,0.0,0.0,0.0,-0.1188,1.2276,-0.2376,-0.2,0.0,0.0,-0.1989675347273536,0.0,0.0,0.0,0.0,0.0020777729190408684,square,0,0.2,0.25,3,6,2.6999499797821045,0.0
1779527827.695414,-0.1989675347273536,0.0,0.0,0.0,0.0,0.0020777729190408684,-0.1584,1.3464,0.1188,-0.2,0.0,0.0,-0.1989675347273536,0.0,0.0,0.0,0.0020777729190408684,0.0,square,0,0.2,0.25,3,6,2.70989727973938,0.0
1779527827.7055805,-0.1989675347273536,0.0,0.0,0.0,0.0020777729190408684,0.0,0.198,1.4255999999999998,-0.27720000000000006,-0.2,0.0,0.0,-0.1989675347273536,0.0,0.0,0.0,0.0020777729190408684,0.0,square,0,0.2,0.25,3,6,2.7199008464813232,0.0
1779527827.7153866,-0.1989675347273536,0.0,0.0,0.0,0.0020777729190408684,0.0,0.1584,1.3464,-0.1584,-0.2,0.0,0.0,-0.1989675347273536,0.0,0.0,0.0,0.0,0.0,square,0,0.2,0.25,3,6,2.730067253112793,0.0
1779527827.7255921,-0.1989675347273536,0.0,0.0,0.0,0.0,0.0,0.198,1.3464,-0.198,-0.2,0.0,0.0,-0.1989675347273536,0.0,0.0,0.0,0.0,0.0,square,0,0.2,0.25,3,6,2.7398734092712402,0.0
1779527827.7354105,-0.1989675347273536,0.0,0.0,0.0,0.0,0.0,0.1584,1.4652,-0.1188,-0.2,0.0,0.0,-0.1989675347273536,0.0,0.0,0.0020777729190408684,-0.0020777729190408684,0.0,square,0,0.2,0.25,3,6,2.7500789165496826,0.0
1779527827.7454116,-0.1989675347273536,0.0,0.0,0.0020777729190408684,-0.0020777729190408684,0.0,-0.0792,1.4652,-0.1584,-0.2,0.0,0.0,-0.1989675347273536,0.0,0.0,0.0020777729190408684,0.0,0.0,square,0,0.2,0.25,3,6,2.759897232055664,0.0
1779527827.7554352,-0.1989675347273536,0.0,0.0,0.0020777729190408684,0.0,0.0,-0.1188,1.4255999999999998,-0.2376,-0.2,0.0,0.0,-0.1989675347273536,0.0,0.0,0.0,0.0,0.0,square,0,0.2,0.25,3,6,2.7698984146118164,0.0
1779527827.7654128,-0.1989675347273536,0.0,0.0,0.0,0.0,0.0,-0.0396,1.3860000000000001,-0.27720000000000006,-0.2,0.0,0.0,-0.1989675347273536,0.0,0.0,0.0,-0.0020777729190408684,0.0,square,0,0.2,0.25,3,6,2.7799220085144043,0.0
1779527827.7754111,-0.1989675347273536,0.0,0.0,0.0,-0.0020777729190408684,0.0,-0.0792,1.3860000000000001,0.2376,-0.2,0.0,0.0,-0.1989675347273536,0.0,0.0,0.0,0.0,0.0,square,0,0.2,0.25,3,6,2.7898995876312256,0.0
1779527827.7854114,-0.1989675347273536,0.0,0.0,0.0,0.0,0.0,-0.1584,1.2276,-0.1584,-0.2,0.0,0.0,-0.1989675347273536,0.0,0.0,-0.0020777729190408684,0.0,0.0,square,0,0.2,0.25,3,6,2.7998979091644287,0.0
1779527827.795912,-0.1989675347273536,0.0,0.0,-0.0020777729190408684,0.0,0.0,0.198,1.3464,-0.198,-0.2,0.0,0.0,-0.1989675347273536,0.0,0.0,-0.0020777729190408684,0.0,0.0,square,0,0.2,0.25,3,6,2.8098981380462646,0.0
1779527827.8055656,-0.1989675347273536,0.0,0.0,-0.0020777729190408684,0.0,0.0,0.198,1.2672,-0.1584,-0.2,0.0,0.0,-0.1989675347273536,0.0,0.0,0.0,0.0,0.0,square,0,0.2,0.25,3,6,2.8203988075256348,0.0
1779527827.8154109,-0.1989675347273536,0.0,0.0,0.0,0.0,0.0,0.1584,1.2672,-0.198,-0.2,0.0,0.0,-0.1989675347273536,0.0,0.0,0.0,0.0,-0.0020777729190408684,square,0,0.2,0.25,3,6,2.830052375793457,0.0
1779527827.8254066,-0.1989675347273536,0.0,0.0,0.0,0.0,-0.0020777729190408684,-0.1584,1.3068,-0.1188,-0.2,0.0,0.0,-0.1989675347273536,0.0,0.0,0.0,0.0,0.0,square,0,0.2,0.25,3,6,2.839897632598877,0.0
1779527827.8354118,-0.1989675347273536,0.0,0.0,0.0,0.0,0.0,-0.1188,1.3068,-0.198,-0.2,0.0,0.0,-0.1989675347273536,0.0,0.0,0.0,-0.0020777729190408684,-0.0020777729190408684,square,0,0.2,0.25,3,6,2.84989333152771,0.0
1779527827.8454685,-0.1989675347273536,0.0,0.0,0.0,-0.0020777729190408684,-0.0020777729190408684,-0.1188,1.3464,-0.198,-0.2,0.0,0.0,-0.1989675347273536,0.0,0.0,0.0,0.0,0.0,square,0,0.2,0.25,3,6,2.859898567199707,0.0
1779527827.8554356,-0.1989675347273536,0.0,0.0,0.0,0.0,0.0,-0.1188,1.3068,-0.0396,-0.2,0.0,0.0,-0.1989675347273536,0.0,0.0,0.0020777729190408684,0.0020777729190408684,0.0,square,0,0.2,0.25,3,6,2.86995530128479,0.0
1779527827.8654122,-0.1989675347273536,0.0,0.0,0.0020777729190408684,0.0020777729190408684,0.0,-0.0792,1.3860000000000001,-0.3168,-0.2,0.0,0.0,-0.1989675347273536,0.0,0.0,0.0,0.0,0.0,square,0,0.2,0.25,3,6,2.879922389984131,0.0
1779527827.8754163,-0.1989675347273536,0.0,0.0,0.0,0.0,0.0,-0.0792,1.2672,-0.2376,-0.2,0.0,0.0,-0.1989675347273536,0.0,0.0,0.0,0.0,0.0,square,0,0.2,0.25,3,6,2.8898990154266357,0.0
1779527827.8854473,-0.1989675347273536,0.0,0.0,0.0,0.0,0.0,-0.1188,1.3068,-0.0792,-0.2,0.0,0.0,-0.1989675347273536,0.0,0.0,0.0,0.0,0.0020777729190408684,square,0,0.2,0.25,3,6,2.8999030590057373,0.0
1779527827.8954074,-0.1989675347273536,0.0,0.0,0.0,0.0,0.0020777729190408684,-0.1584,1.3068,-0.1584,-0.2,0.0,0.0,-0.1989675347273536,0.0,0.0,-0.0020777729190408684,0.0020777729190408684,0.0,square,0,0.2,0.25,3,6,2.9099340438842773,0.0
1779527827.905411,-0.1989675347273536,0.0,0.0,-0.0020777729190408684,0.0020777729190408684,0.0,0.198,1.3464,-0.1584,-0.2,0.0,0.0,-0.1989675347273536,0.0,0.0,-0.0020777729190408684,-0.0020777729190408684,0.0,square,0,0.2,0.25,3,6,2.919894218444824,0.0
1779527827.9154074,-0.1989675347273536,0.0,0.0,-0.0020777729190408684,-0.0020777729190408684,0.0,0.1584,1.3860000000000001,-0.0396,-0.2,0.0,0.0,-0.1989675347273536,0.0,0.0,0.0,-0.0020777729190408684,0.0,square,0,0.2,0.25,3,6,2.9298977851867676,0.0
1779527827.925517,-0.1989675347273536,0.0,0.0,0.0,-0.0020777729190408684,0.0,0.198,1.4652,-0.0792,-0.2,0.0,0.0,-0.1989675347273536,0.0,0.0,0.0,0.0,0.0,square,0,0.2,0.25,3,6,2.939894199371338,0.0
1779527827.9354105,-0.1989675347273536,0.0,0.0,0.0,0.0,0.0,-0.198,1.3464,-0.0792,-0.2,0.0,0.0,-0.1989675347273536,0.0,0.0,0.0,0.0,0.0,square,0,0.2,0.25,3,6,2.9500038623809814,0.0
1779527827.9454105,-0.1989675347273536,0.0,0.0,0.0,0.0,0.0,0.1188,1.3860000000000001,-0.0396,-0.2,0.0,0.0,-0.1989675347273536,0.0,0.0,0.0,0.0,0.0,square,0,0.2,0.25,3,6,2.95989727973938,0.0
1779527827.9554193,-0.1989675347273536,0.0,0.0,0.0,0.0,0.0,-0.1188,1.2672,-0.0396,-0.2,0.0,0.0,-0.1989675347273536,0.0,0.0,0.0,0.0020777729190408684,0.0020777729190408684,square,0,0.2,0.25,3,6,2.9698972702026367,0.0
1779527827.9654403,-0.1989675347273536,0.0,0.0,0.0,0.0020777729190408684,0.0020777729190408684,-0.1188,1.2276,-0.0396,-0.2,0.0,0.0,-0.1989675347273536,0.0,0.0,0.0020777729190408684,0.0,0.0,square,0,0.2,0.25,3,6,2.9799060821533203,0.0
1779527827.9754105,-0.1989675347273536,0.0,0.0,0.0020777729190408684,0.0,0.0,-0.1188,1.3068,-0.1188,-0.2,0.0,0.0,-0.1989675347273536,0.0,0.0,0.0,0.0,0.0,square,0,0.2,0.25,3,6,2.989927053451538,0.0
1779527827.9854105,-0.1989675347273536,0.0,0.0,0.0,0.0,0.0,-0.1188,1.3860000000000001,0.0792,-0.2,0.0,0.0,-0.1989675347273536,0.0,0.0,0.0,0.0,0.0,square,0,0.2,0.25,3,6,2.9998972415924072,0.0
1779527827.9954107,-0.1989675347273536,0.0,0.0,0.0,0.0,0.0,0.1584,1.4652,-0.0396,-0.2,0.0,0.0,-0.1989675347273536,0.0,0.0,0.0,0.0020777729190408684,0.0,square,0,0.2,0.25,3,6,3.009897232055664,0.0
1779527828.005444,-0.1989675347273536,0.0,0.0,0.0,0.0020777729190408684,0.0,0.1188,1.1880000000000002,0.0396,-0.2,0.0,0.0,-0.1989675347273536,0.0,0.0,-0.0020777729190408684,0.0,0.0,square,0,0.2,0.25,3,6,3.0198974609375,0.0
1779527828.0154114,-0.1989675347273536,0.0,0.0,-0.0020777729190408684,0.0,0.0,0.1188,1.4652,0.1188,-0.2,0.0,0.0,-0.1989675347273536,0.0,0.0,0.0,0.0,0.0,square,0,0.2,0.25,3,6,3.029930830001831,0.0
1779527828.0254118,-0.1989675347273536,0.0,0.0,0.0,0.0,0.0,-0.1584,1.3464,-0.0792,-0.2,0.0,0.0,-0.1989675347273536,0.0,0.0,0.0,0.0,0.0,square,0,0.2,0.25,3,6,3.039898157119751,0.0
1779527828.0354111,-0.1989675347273536,0.0,0.0,0.0,0.0,0.0,-0.1188,1.4652,-0.0396,-0.2,0.0,0.0,-0.1989675347273536,0.0,0.0,0.0,0.0,0.0,square,0,0.2,0.25,3,6,3.049898624420166,0.0
1779527828.0454447,-0.1989675347273536,0.0,0.0,0.0,0.0,0.0,-0.1188,1.2276,0.0,-0.2,0.0,0.0,-0.1989675347273536,0.0,0.0,0.0,0.0,0.0,square,0,0.2,0.25,3,6,3.0598978996276855,0.0
1779527828.0554116,-0.1989675347273536,0.0,0.0,0.0,0.0,0.0,-0.1584,1.4255999999999998,-0.0396,-0.2,0.0,0.0,-0.1989675347273536,0.0,0.0,0.0,0.0,0.0,square,0,0.2,0.25,3,6,3.0699315071105957,0.0
1779527828.0658123,-0.1989675347273536,0.0,0.0,0.0,0.0,0.0,0.1188,1.4255999999999998,-0.0792,-0.2,0.0,0.0,-0.1989675347273536,0.0,0.0,0.0,0.0,0.0,square,0,0.2,0.25,3,6,3.0798983573913574,0.0
1779527828.0754268,-0.1989675347273536,0.0,0.0,0.0,0.0,0.0,0.198,1.3068,-0.27720000000000006,-0.2,0.0,0.0,-0.1989675347273536,0.0,0.0,0.0,0.0,0.0,square,0,0.2,0.25,3,6,3.090299129486084,0.0
1779527828.0854201,-0.1989675347273536,0.0,0.0,0.0,0.0,0.0,0.1584,1.3068,-0.0792,-0.2,0.0,0.0,-0.1989675347273536,0.0,0.0,0.0,0.0,0.0,square,0,0.2,0.25,3,6,3.0999135971069336,0.0
1779527828.0954137,-0.1989675347273536,0.0,0.0,0.0,0.0,0.0,0.198,1.4255999999999998,-0.1584,-0.2,0.0,0.0,-0.1989675347273536,0.0,0.0,0.0,0.0,0.0,square,0,0.2,0.25,3,6,3.1099069118499756,0.0
1779527828.105412,-0.1989675347273536,0.0,0.0,0.0,0.0,0.0,0.1584,1.3860000000000001,-0.1188,-0.2,0.0,0.0,-0.1989675347273536,0.0,0.0,0.0,0.0,0.0020777729190408684,square,0,0.2,0.25,3,6,3.1199004650115967,0.0
1779527828.1154125,-0.1989675347273536,0.0,0.0,0.0,0.0,0.0020777729190408684,0.1584,1.3068,-0.1188,-0.2,0.0,0.0,-0.1989675347273536,0.0,0.0,0.0,0.0,0.0,square,0,0.2,0.25,3,6,3.1298987865448,0.0
1779527828.1254222,-0.1989675347273536,0.0,0.0,0.0,0.0,0.0,-0.1188,1.3464,-0.1188,-0.2,0.0,0.0,-0.1989675347273536,0.0,0.0,0.0,0.0,0.0,square,0,0.2,0.25,3,6,3.139899253845215,0.0
1779527828.1354215,-0.1989675347273536,0.0,0.0,0.0,0.0,0.0,-0.0396,1.2672,-0.198,-0.2,0.0,0.0,-0.1989675347273536,0.0,0.0,0.0,0.0,0.0,square,0,0.2,0.25,3,6,3.149909019470215,0.0
1779527828.145412,-0.1989675347273536,0.0,0.0,0.0,0.0,0.0,-0.1188,1.4652,-0.2376,-0.2,0.0,0.0,-0.1989675347273536,0.0,0.0,0.0020777729190408684,0.0,0.0,square,0,0.2,0.25,3,6,3.1599082946777344,0.0
1779527828.1554132,-0.1989675347273536,0.0,0.0,0.0020777729190408684,0.0,0.0,-0.0792,1.4255999999999998,-0.1584,-0.2,0.0,0.0,-0.1989675347273536,0.0,0.0,0.0,-0.0020777729190408684,0.0,square,0,0.2,0.25,3,6,3.169898748397827,0.0
1779527828.1654108,-0.1989675347273536,0.0,0.0,0.0,-0.0020777729190408684,0.0,-0.1188,1.2672,-0.0792,-0.2,0.0,0.0,-0.1989675347273536,0.0,0.0,-0.0020777729190408684,0.0,0.0,square,0,0.2,0.25,3,6,3.1798999309539795,0.0
1779527828.1754208,-0.1989675347273536,0.0,0.0,-0.0020777729190408684,0.0,0.0,0.198,1.4255999999999998,-0.0792,-0.2,0.0,0.0,-0.1989675347273536,0.0,0.0,0.0,-0.0020777729190408684,0.0,square,0,0.2,0.25,3,6,3.1898975372314453,0.0
1779527828.1854305,-0.1989675347273536,0.0,0.0,0.0,-0.0020777729190408684,0.0,0.1188,1.3068,-0.0792,-0.2,0.0,0.0,-0.1989675347273536,0.0,0.0,0.0,0.0020777729190408684,0.0,square,0,0.2,0.25,3,6,3.1999075412750244,0.0
1779527828.195411,-0.1989675347273536,0.0,0.0,0.0,0.0020777729190408684,0.0,-0.1188,1.3068,-0.198,-0.2,0.0,0.0,-0.1989675347273536,0.0,0.0,0.0020777729190408684,0.0,0.0,square,0,0.2,0.25,3,6,3.2099173069000244,0.0
1779527828.205411,-0.1989675347273536,0.0,0.0,0.0020777729190408684,0.0,0.0,-0.198,1.2672,-0.1584,-0.2,0.0,0.0,-0.1989675347273536,0.0,0.0,0.0,0.0,0.0,square,0,0.2,0.25,3,6,3.219897747039795,0.0
1779527828.2154248,-0.1989675347273536,0.0,0.0,0.0,0.0,0.0,0.198,1.3068,-0.1584,-0.2,0.0,0.0,-0.1989675347273536,0.0,0.0,0.0,0.0,0.0,square,0,0.2,0.25,3,6,3.2298977375030518,0.0
1779527828.22541,-0.1989675347273536,0.0,0.0,0.0,0.0,0.0,0.198,1.3068,-0.198,-0.2,0.0,0.0,-0.1989675347273536,0.0,0.0,0.0,0.0,0.0,square,0,0.2,0.25,3,6,3.2399115562438965,0.0
1779527828.235408,-0.1989675347273536,0.0,0.0,0.0,0.0,0.0,0.1584,1.4652,-0.0792,-0.2,0.0,0.0,-0.1989675347273536,0.0,0.0,0.0,0.0,0.0,square,0,0.2,0.25,3,6,3.249896764755249,0.0
1779527828.2454138,-0.1989675347273536,0.0,0.0,0.0,0.0,0.0,0.198,1.3860000000000001,-0.1584,-0.2,0.0,0.0,-0.1989675347273536,0.0,0.0,0.0,0.0,0.0,square,0,0.2,0.25,3,6,3.259894847869873,0.0
1779527828.2554126,-0.1989675347273536,0.0,0.0,0.0,0.0,0.0,-0.0792,1.3068,-0.198,-0.2,0.0,0.0,-0.1989675347273536,0.0,0.0,0.0020777729190408684,0.0,0.0,square,0,0.2,0.25,3,6,3.2699005603790283,0.0
1779527828.265428,-0.1989675347273536,0.0,0.0,0.0020777729190408684,0.0,0.0,-0.0792,1.4255999999999998,-0.1188,-0.2,0.0,0.0,-0.1989675347273536,0.0,0.0,0.0020777729190408684,0.0,0.0,square,0,0.2,0.25,3,6,3.2798993587493896,0.0
1779527828.275419,-0.1989675347273536,0.0,0.0,0.0020777729190408684,0.0,0.0,-0.0396,1.5048000000000001,0.0,-0.2,0.0,0.0,-0.1989675347273536,0.0,0.0,0.0020777729190408684,0.0,0.0020777729190408684,square,0,0.2,0.25,3,6,3.289914846420288,0.0
1779527828.2854106,-0.1989675347273536,0.0,0.0,0.0020777729190408684,0.0,0.0020777729190408684,-0.1188,1.3860000000000001,-0.1188,-0.2,0.0,0.0,-0.1989675347273536,0.0,0.0,0.0,0.0,0.0,square,0,0.2,0.25,3,6,3.299905776977539,0.0
1779527828.2955787,-0.1989675347273536,0.0,0.0,0.0,0.0,0.0,-0.0792,1.3860000000000001,0.1188,-0.2,0.0,0.0,-0.1989675347273536,0.0,0.0,-0.0020777729190408684,0.0,0.0,square,0,0.2,0.25,3,6,3.3098974227905273,0.0
1779527828.305413,-0.1989675347273536,0.0,0.0,-0.0020777729190408684,0.0,0.0,0.1188,1.4652,-0.1584,-0.2,0.0,0.0,-0.1989675347273536,0.0,0.0,-0.0020777729190408684,0.0,0.0,square,0,0.2,0.25,3,6,3.320065498352051,0.0
1779527828.3154106,-0.1989675347273536,0.0,0.0,-0.0020777729190408684,0.0,0.0,-0.1584,1.3860000000000001,0.0396,-0.2,0.0,0.0,-0.1989675347273536,0.0,0.0,0.0,0.0,0.0,square,0,0.2,0.25,3,6,3.329899787902832,0.0
1779527828.3254068,-0.1989675347273536,0.0,0.0,0.0,0.0,0.0,0.1584,1.3068,0.0396,-0.2,0.0,0.0,-0.1989675347273536,0.0,0.0,0.0,0.0020777729190408684,0.0,square,0,0.2,0.25,3,6,3.339897394180298,0.0
1779527828.335456,-0.1989675347273536,0.0,0.0,0.0,0.0020777729190408684,0.0,0.1584,1.5048000000000001,-0.0792,-0.2,0.0,0.0,-0.1989675347273536,0.0,0.0,0.0,0.0020777729190408684,0.0,square,0,0.2,0.25,3,6,3.349893569946289,0.0
1779527828.3454165,-0.1989675347273536,0.0,0.0,0.0,0.0020777729190408684,0.0,0.1584,1.5048000000000001,-0.0792,-0.2,0.0,0.0,-0.1989675347273536,0.0,0.0,0.0,0.0020777729190408684,0.0,square,0,0.2,0.25,3,6,3.359942674636841,0.0
1779527828.3554065,-0.1989675347273536,0.0,0.0,0.0,0.0020777729190408684,0.0,0.1584,1.5048000000000001,-0.0792,-0.2,0.0,0.0,-0.1989675347273536,0.0,0.0,0.0,0.0,0.0,square,0,0.2,0.25,3,6,3.369903326034546,0.0
1779527828.365412,-0.1989675347273536,0.0,0.0,0.0,0.0,0.0,-0.1188,1.3464,0.0,-0.2,0.0,0.0,-0.1989675347273536,0.0,0.0,0.0,0.0,0.0,square,0,0.2,0.25,3,6,3.3798933029174805,0.0
1779527828.3757393,-0.1989675347273536,0.0,0.0,0.0,0.0,0.0,-0.1584,1.4652,0.0,-0.2,0.0,0.0,-0.1989675347273536,0.0,0.0,0.0,0.0,0.0,square,0,0.2,0.25,3,6,3.3898987770080566,0.0
1779527828.3854318,-0.1989675347273536,0.0,0.0,0.0,0.0,0.0,-0.1188,1.4652,-0.0396,-0.2,0.0,0.0,-0.1989675347273536,0.0,0.0,0.0,0.0,0.0,square,0,0.2,0.25,3,6,3.40022611618042,0.0
1779527828.3954139,-0.1989675347273536,0.0,0.0,0.0,0.0,0.0,0.1188,1.3464,-0.1188,-0.2,0.0,0.0,-0.1989675347273536,0.0,0.0,0.0,0.0,0.0,square,0,0.2,0.25,3,6,3.4099185466766357,0.0
1779527828.405414,-0.1989675347273536,0.0,0.0,0.0,0.0,0.0,-0.1188,1.3464,0.0396,-0.2,0.0,0.0,-0.1989675347273536,0.0,0.0,0.0,0.0,0.0,square,0,0.2,0.25,3,6,3.41990065574646,0.0
1779527828.4154093,-0.1989675347273536,0.0,0.0,0.0,0.0,0.0,-0.1188,1.3464,0.0396,-0.2,0.0,0.0,-0.1989675347273536,0.0,0.0,0.0,-0.0020777729190408684,0.0,square,0,0.2,0.25,3,6,3.429900884628296,0.0
1779527828.4254558,-0.1989675347273536,0.0,0.0,0.0,-0.0020777729190408684,0.0,-0.1188,1.4652,-0.1188,-0.2,0.0,0.0,-0.1989675347273536,0.0,0.0,0.0,0.0020777729190408684,0.0,square,0,0.2,0.25,3,6,3.4398961067199707,0.0
1779527828.4354112,-0.1989675347273536,0.0,0.0,0.0,0.0020777729190408684,0.0,0.1188,1.3464,-0.0792,-0.2,0.0,0.0,-0.1989675347273536,0.0,0.0,0.0,0.0020777729190408684,0.0,square,0,0.2,0.25,3,6,3.4499425888061523,0.0
1779527828.4454105,-0.1989675347273536,0.0,0.0,0.0,0.0020777729190408684,0.0,-0.1584,1.4255999999999998,0.0792,-0.2,0.0,0.0,-0.1989675347273536,0.0,0.0,0.0,0.0,0.0,square,0,0.2,0.25,3,6,3.459897994995117,0.0
1779527828.4554176,-0.1989675347273536,0.0,0.0,0.0,0.0,0.0,-0.1188,1.5048000000000001,-0.1188,-0.2,0.0,0.0,-0.1989675347273536,0.0,0.0,0.0020777729190408684,0.0,0.0,square,0,0.2,0.25,3,6,3.4698972702026367,0.0
1779527828.4654276,-0.1989675347273536,0.0,0.0,0.0020777729190408684,0.0,0.0,-0.1584,1.4652,0.0,-0.2,0.0,0.0,-0.1989675347273536,0.0,0.0,0.0,0.0,0.0,square,0,0.2,0.25,3,6,3.4799044132232666,0.0
1779527828.475412,-0.1989675347273536,0.0,0.0,0.0,0.0,0.0,0.1584,1.3464,-0.1584,-0.2,0.0,0.0,-0.1989675347273536,0.0,0.0,0.0,-0.0020777729190408684,0.0,square,0,0.2,0.25,3,6,3.4899144172668457,0.0
1779527828.4854116,-0.1989675347273536,0.0,0.0,0.0,-0.0020777729190408684,0.0,-0.1584,1.2672,-0.1188,-0.2,0.0,0.0,-0.1989675347273536,0.0,0.0,0.0,0.0,0.0,square,0,0.2,0.25,3,6,3.499898672103882,0.0
1779527828.4954066,-0.1989675347273536,0.0,0.0,0.0,0.0,0.0,0.1584,1.3464,-0.1584,-0.2,0.0,0.0,-0.1989675347273536,0.0,0.0,0.0,0.0,0.0,square,0,0.2,0.25,3,6,3.5098984241485596,0.0
1779527828.5054357,-0.1989675347273536,0.0,0.0,0.0,0.0,0.0,0.1584,1.4652,0.0,-0.2,0.0,0.0,-0.1989675347273536,0.0,0.0,0.0,0.0,0.0,square,0,0.2,0.25,3,6,3.5198934078216553,0.0
1779527828.5154107,-0.1989675347273536,0.0,0.0,0.0,0.0,0.0,0.1584,1.3860000000000001,-0.1584,-0.2,0.0,0.0,-0.1989675347273536,0.0,0.0,0.0,0.0,0.0,square,0,0.2,0.25,3,6,3.5299224853515625,0.0
1779527828.5254352,-0.1989675347273536,0.0,0.0,0.0,0.0,0.0,-0.0792,1.3068,-0.1584,-0.2,0.0,0.0,-0.1989675347273536,0.0,0.0,0.0,0.0,-0.0020777729190408684,square,0,0.2,0.25,3,6,3.5398974418640137,0.0
1779527828.5354154,-0.1989675347273536,0.0,0.0,0.0,0.0,-0.0020777729190408684,-0.1188,1.3068,-0.1188,-0.2,0.0,0.0,-0.1989675347273536,0.0,0.0,0.0,0.0,0.0,square,0,0.2,0.25,3,6,3.549921989440918,0.0
1779527828.5454106,-0.1989675347273536,0.0,0.0,0.0,0.0,0.0,0.1584,1.3860000000000001,-0.0396,-0.2,0.0,0.0,-0.1989675347273536,0.0,0.0,0.0,0.0,0.0,square,0,0.2,0.25,3,6,3.5599021911621094,0.0
1779527828.5554175,-0.1989675347273536,0.0,0.0,0.0,0.0,0.0,0.1188,1.3860000000000001,-0.0792,-0.2,0.0,0.0,-0.1989675347273536,0.0,0.0,0.0,0.0,0.0,square,0,0.2,0.25,3,6,3.569897413253784,0.0
1779527828.5654843,-0.1989675347273536,0.0,0.0,0.0,0.0,0.0,-0.1188,1.3068,-0.0396,-0.2,0.0,0.0,-0.1989675347273536,0.0,0.0,0.0,0.0,0.0,square,0,0.2,0.25,3,6,3.579904317855835,0.0
1779527828.5754192,-0.1989675347273536,0.0,0.0,0.0,0.0,0.0,0.1188,1.3464,-0.0792,-0.2,0.0,0.0,-0.1989675347273536,0.0,0.0,0.0,0.0,0.0,square,0,0.2,0.25,3,6,3.5899710655212402,0.0
1779527828.5854163,-0.1989675347273536,0.0,0.0,0.0,0.0,0.0,-0.1188,1.3860000000000001,0.0,-0.2,0.0,0.0,-0.1989675347273536,0.0,0.0,-0.0020777729190408684,0.0,0.0,square,0,0.2,0.25,3,6,3.5999059677124023,0.0
1779527828.595466,-0.1989675347273536,0.0,0.0,-0.0020777729190408684,0.0,0.0,0.198,1.3068,-0.1188,-0.2,0.0,0.0,-0.1989675347273536,0.0,0.0,0.0,0.0,0.0,square,0,0.2,0.25,3,6,3.60990309715271,0.0
1779527828.6055572,-0.1989675347273536,0.0,0.0,0.0,0.0,0.0,0.1584,1.4255999999999998,-0.1188,-0.2,0.0,0.0,-0.1989675347273536,0.0,0.0,0.0,0.0,0.0,square,0,0.2,0.25,3,6,3.61995267868042,0.0
1779527828.6154149,-0.1989675347273536,0.0,0.0,0.0,0.0,0.0,-0.198,1.4255999999999998,-0.0396,-0.2,0.0,0.0,-0.1989675347273536,0.0,0.0,0.0,0.0,0.0,square,0,0.2,0.25,3,6,3.6300439834594727,0.0
1779527828.625413,-0.1989675347273536,0.0,0.0,0.0,0.0,0.0,-0.1188,1.3068,0.0,-0.2,0.0,0.0,-0.1989675347273536,0.0,0.0,0.0,0.0,0.0,square,0,0.2,0.25,3,6,3.639901638031006,0.0
1779527828.6354287,-0.1989675347273536,0.0,0.0,0.0,0.0,0.0,0.1584,1.5048000000000001,0.0,-0.2,0.0,0.0,-0.1989675347273536,0.0,0.0,0.0020777729190408684,0.0,0.0,square,0,0.2,0.25,3,6,3.64989972114563,0.0
1779527828.645413,-0.1989675347273536,0.0,0.0,0.0020777729190408684,0.0,0.0,-0.1188,1.3860000000000001,-0.0792,-0.2,0.0,0.0,-0.1989675347273536,0.0,0.0,0.0,0.0,0.0020777729190408684,square,0,0.2,0.25,3,6,3.6599154472351074,0.0
1779527828.6555352,-0.1989675347273536,0.0,0.0,0.0,0.0,0.0020777729190408684,-0.0792,1.3068,-0.2376,-0.2,0.0,0.0,-0.1989675347273536,0.0,0.0,0.0020777729190408684,0.0,0.0,square,0,0.2,0.25,3,6,3.6698997020721436,0.0
1779527828.6654134,-0.1989675347273536,0.0,0.0,0.0020777729190408684,0.0,0.0,-0.0792,1.4255999999999998,0.0,-0.2,0.0,0.0,-0.1989675347273536,0.0,0.0,0.0,0.0,0.0,square,0,0.2,0.25,3,6,3.6800220012664795,0.0
1779527828.6754806,-0.1989675347273536,0.0,0.0,0.0,0.0,0.0,-0.1188,1.4255999999999998,-0.1584,-0.2,0.0,0.0,-0.1989675347273536,0.0,0.0,0.0,0.0,0.0,square,0,0.2,0.25,3,6,3.6899001598358154,0.0
1779527828.6855035,-0.1989675347273536,0.0,0.0,0.0,0.0,0.0,-0.1584,1.4255999999999998,-0.0792,-0.2,0.0,0.0,-0.1989675347273536,0.0,0.0,0.0,0.0,0.0,square,0,0.2,0.25,3,6,3.699967384338379,0.0
1779527828.6954098,-0.1989675347273536,0.0,0.0,0.0,0.0,0.0,0.1584,1.5048000000000001,0.0396,-0.2,0.0,0.0,-0.1989675347273536,0.0,0.0,0.0,0.0,0.0,square,0,0.2,0.25,3,6,3.7099902629852295,0.0
1779527828.7054112,-0.1989675347273536,0.0,0.0,0.0,0.0,0.0,0.1188,1.3068,-0.0396,-0.2,0.0,0.0,-0.1989675347273536,0.0,0.0,0.0,0.0020777729190408684,0.0,square,0,0.2,0.25,3,6,3.7198965549468994,0.0
1779527828.715464,-0.1989675347273536,0.0,0.0,0.0,0.0020777729190408684,0.0,0.1584,1.2672,0.0396,-0.2,0.0,0.0,-0.1989675347273536,0.0,0.0,0.0,0.0,0.0,square,0,0.2,0.25,3,6,3.729897975921631,0.0
1779527828.7254782,-0.1989675347273536,0.0,0.0,0.0,0.0,0.0,-0.1188,1.2672,0.0,-0.2,0.0,0.0,-0.1989675347273536,0.0,0.0,0.0,0.0,0.0,square,0,0.2,0.25,3,6,3.7399508953094482,0.0
1779527828.7355442,-0.1989675347273536,0.0,0.0,0.0,0.0,0.0,-0.1584,1.2672,-0.0396,-0.2,0.0,0.0,-0.1989675347273536,0.0,0.0,0.0,0.0,0.0,square,0,0.2,0.25,3,6,3.749964952468872,0.0
1779527828.7454116,-0.1989675347273536,0.0,0.0,0.0,0.0,0.0,0.1188,1.4255999999999998,-0.0396,-0.2,0.0,0.0,-0.1989675347273536,0.0,0.0,0.0,0.0,0.0,square,0,0.2,0.25,3,6,3.76003098487854,0.0
1779527828.755427,-0.1989675347273536,0.0,0.0,0.0,0.0,0.0,-0.1188,1.4255999999999998,0.0396,-0.2,0.0,0.0,-0.1989675347273536,0.0,0.0,0.0020777729190408684,0.0,0.0020777729190408684,square,0,0.2,0.25,3,6,3.7698984146118164,0.0
1779527828.765413,-0.1989675347273536,0.0,0.0,0.0020777729190408684,0.0,0.0020777729190408684,-0.1584,1.3068,0.0792,-0.2,0.0,0.0,-0.1989675347273536,0.0,0.0,0.0,0.0,0.0020777729190408684,square,0,0.2,0.25,3,6,3.7799136638641357,0.0
1779527828.7754123,-0.1989675347273536,0.0,0.0,0.0,0.0,0.0020777729190408684,-0.1188,1.3860000000000001,0.0,-0.2,0.0,0.0,-0.1989675347273536,0.0,0.0,-0.0020777729190408684,0.0,0.0,square,0,0.2,0.25,3,6,3.7898998260498047,0.0
1779527828.785637,-0.1989675347273536,0.0,0.0,-0.0020777729190408684,0.0,0.0,0.1584,1.3068,0.0,-0.2,0.0,0.0,-0.1989675347273536,0.0,0.0,0.0,0.0,0.0,square,0,0.2,0.25,3,6,3.799899101257324,0.0
1779527828.7954283,-0.1989675347273536,0.0,0.0,0.0,0.0,0.0,-0.1188,1.5048000000000001,-0.0792,-0.2,0.0,0.0,-0.1989675347273536,0.0,0.0,0.0,0.0,0.0,square,0,0.2,0.25,3,6,3.8101236820220947,0.0
1779527828.8054116,-0.1989675347273536,0.0,0.0,0.0,0.0,0.0,-0.0792,1.3068,-0.1584,-0.2,0.0,0.0,-0.1989675347273536,0.0,0.0,0.0,0.0,0.0,square,0,0.2,0.25,3,6,3.8199150562286377,0.0
1779527828.8154109,-0.1989675347273536,0.0,0.0,0.0,0.0,0.0,-0.1584,1.3860000000000001,0.0,-0.2,0.0,0.0,-0.1989675347273536,0.0,0.0,0.0,0.0,0.0,square,0,0.2,0.25,3,6,3.8298983573913574,0.0
1779527828.82551,-0.1989675347273536,0.0,0.0,0.0,0.0,0.0,-0.1188,1.3860000000000001,-0.0396,-0.2,0.0,0.0,-0.1989675347273536,0.0,0.0,0.0020777729190408684,0.0,0.0,square,0,0.2,0.25,3,6,3.839897632598877,0.0
1779527828.8355753,-0.1989675347273536,0.0,0.0,0.0020777729190408684,0.0,0.0,-0.1188,1.3464,0.0792,-0.2,0.0,0.0,-0.1989675347273536,0.0,0.0,0.0020777729190408684,0.0,0.0,square,0,0.2,0.25,3,6,3.84999680519104,0.0
1779527828.8454144,-0.1989675347273536,0.0,0.0,0.0020777729190408684,0.0,0.0,-0.1188,1.3464,0.0792,-0.2,0.0,0.0,-0.1989675347273536,0.0,0.0,0.0,0.0,0.0,square,0,0.2,0.25,3,6,3.8600621223449707,0.0
1779527828.8555331,-0.1989675347273536,0.0,0.0,0.0,0.0,0.0,-0.1584,1.3860000000000001,-0.1188,-0.2,0.0,0.0,-0.1989675347273536,0.0,0.0,0.0,0.0,0.0,square,0,0.2,0.25,3,6,3.869901180267334,0.0
1779527828.865412,-0.1989675347273536,0.0,0.0,0.0,0.0,0.0,0.1188,1.3068,0.0,-0.2,0.0,0.0,-0.1989675347273536,0.0,0.0,0.0,0.0,0.0,square,0,0.2,0.25,3,6,3.8800199031829834,0.0
1779527828.8755496,-0.1989675347273536,0.0,0.0,0.0,0.0,0.0,-0.1188,1.4652,0.0792,-0.2,0.0,0.0,-0.1989675347273536,0.0,0.0,-0.0020777729190408684,0.0,0.0,square,0,0.2,0.25,3,6,3.8898987770080566,0.0
1779527828.8854213,-0.1989675347273536,0.0,0.0,-0.0020777729190408684,0.0,0.0,0.1188,1.3860000000000001,0.0396,-0.2,0.0,0.0,-0.1989675347273536,0.0,0.0,0.0,-0.0020777729190408684,0.0,square,0,0.2,0.25,3,6,3.900036334991455,0.0
1779527828.8954108,-0.1989675347273536,0.0,0.0,0.0,-0.0020777729190408684,0.0,-0.1188,1.2672,0.0,-0.2,0.0,0.0,-0.1989675347273536,0.0,0.0,0.0,0.0,0.0,square,0,0.2,0.25,3,6,3.9099080562591553,0.0
1779527828.9055912,-0.1989675347273536,0.0,0.0,0.0,0.0,0.0,-0.1188,1.3068,-0.0792,-0.2,0.0,0.0,-0.1989675347273536,0.0,0.0,0.0,0.0,0.0,square,0,0.2,0.25,3,6,3.9198975563049316,0.0
1779527828.9155743,-0.1989675347273536,0.0,0.0,0.0,0.0,0.0,0.1584,1.5048000000000001,-0.0792,-0.2,0.0,0.0,-0.1989675347273536,0.0,0.0,0.0,0.0,0.0,square,0,0.2,0.25,3,6,3.9300780296325684,0.0
1779527828.9254372,-0.1989675347273536,0.0,0.0,0.0,0.0,0.0,0.1584,1.5048000000000001,0.198,-0.2,0.0,0.0,-0.1989675347273536,0.0,0.0,0.0,0.0,0.0,square,0,0.2,0.25,3,6,3.940061092376709,0.0
1779527828.9354146,-0.1989675347273536,0.0,0.0,0.0,0.0,0.0,-0.1188,1.4255999999999998,-0.0396,-0.2,0.0,0.0,-0.1989675347273536,0.0,0.0,0.0,0.0020777729190408684,0.0020777729190408684,square,0,0.2,0.25,3,6,3.9499239921569824,0.0
1779527828.945383,-0.1989675347273536,0.0,0.0,0.0,0.0020777729190408684,0.0020777729190408684,0.198,1.5444,-0.1584,-0.2,0.0,0.0,-0.1989675347273536,0.0,0.0,0.0,0.0,0.0,square,0,0.2,0.25,3,6,3.9599013328552246,0.0
1779527828.9555655,-0.1989675347273536,0.0,0.0,0.0,0.0,0.0,0.1188,1.3464,0.0792,-0.2,0.0,0.0,-0.1989675347273536,0.0,0.0,0.0,0.0,-0.0020777729190408684,square,0,0.2,0.25,3,6,3.96986985206604,0.0
1779527828.9654162,-0.1989675347273536,0.0,0.0,0.0,0.0,-0.0020777729190408684,-0.1188,1.4255999999999998,0.0,-0.2,0.0,0.0,-0.1989675347273536,0.0,0.0,0.0,0.0,0.0,square,0,0.2,0.25,3,6,3.9800522327423096,0.0
1779527828.9754128,-0.1989675347273536,0.0,0.0,0.0,0.0,0.0,-0.1188,1.3464,0.0,-0.2,0.0,0.0,-0.1989675347273536,0.0,0.0,0.0,0.0,0.0,square,0,0.2,0.25,3,6,3.989902973175049,0.0
1779527828.9854188,-0.1989675347273536,0.0,0.0,0.0,0.0,0.0,0.1188,1.3860000000000001,-0.1584,-0.2,0.0,0.0,-0.1989675347273536,0.0,0.0,0.0,0.0,0.0,square,0,0.2,0.25,3,6,3.9998996257781982,0.0
1779527828.9954147,-0.1989675347273536,0.0,0.0,0.0,0.0,0.0,0.1584,1.3464,0.0,0.2,0.0,0.0,-0.1989675347273536,0.0,0.0,0.0,0.0,0.0020777729190408684,square,0,0.2,0.25,3,6,4.009905576705933,0.0
1779527829.0054111,-0.1989675347273536,0.0,0.0,0.0,0.0,0.0020777729190408684,0.1188,1.3464,0.0,0.2,0.0,0.0,-0.1989675347273536,0.0,0.0,0.0,0.0,-0.0020777729190408684,square,0,0.2,0.25,3,6,4.019901514053345,0.0
1779527829.0154102,-0.1989675347273536,0.0,0.0,0.0,0.0,-0.0020777729190408684,-0.1584,1.4255999999999998,-0.0396,0.2,0.0,0.0,-0.19722220547535924,0.0,0.0,0.19946620022792336,0.0,0.0,square,0,0.2,0.25,3,6,4.029897928237915,0.0
1779527829.0254104,-0.19722220547535924,0.0,0.0,0.19946620022792336,0.0,0.0,13.147200000000002,0.6336,-0.1188,0.2,0.0,0.0,-0.1762782544514273,0.0,0.0,1.7619514353466563,0.004155545838081737,0.0,square,0,0.2,0.25,3,6,4.0398969650268555,0.0
1779527829.035436,-0.1762782544514273,0.0,0.0,1.7619514353466563,0.004155545838081737,0.0,5.266800000000001,0.6336,0.8316,0.2,0.0,0.0,-0.13962634015954636,0.0,0.0,3.2143147057562236,0.0020777729190408684,0.0020777729190408684,square,0,0.2,0.25,3,6,4.049897193908691,0.0
1779527829.0454395,-0.13962634015954636,0.0,0.0,3.2143147057562236,0.0020777729190408684,0.0020777729190408684,4.7916,2.0592,-3.6036,0.2,0.0,0.0,-0.0994837673636768,0.0,0.0,3.8438799002256063,0.0020777729190408684,0.0,square,0,0.2,0.25,3,6,4.059922695159912,0.0
1779527829.0554514,-0.0994837673636768,0.0,0.0,3.8438799002256063,0.0020777729190408684,0.0,5.5044,2.1780000000000004,-1.3860000000000001,0.2,0.0,0.0,-0.05585053606381855,0.0,0.0,4.303067715333638,-0.006233318757122605,0.0,square,0,0.2,0.25,3,6,4.0699262619018555,0.0
1779527829.0654755,-0.05585053606381855,0.0,0.0,4.303067715333638,-0.006233318757122605,0.0,1.6632,1.5444,-1.98,0.2,0.0,0.0,-0.010471975511965978,0.0,0.0,4.3903341779333545,-0.01246663751424521,0.0,square,0,0.2,0.25,3,6,4.079938173294067,0.0
1779527829.075423,-0.010471975511965978,0.0,0.0,4.3903341779333545,-0.01246663751424521,0.0,2.2967999999999997,1.0692,-0.5544000000000001,0.2,0.0,0.0,0.02617993877991494,0.0,0.0,3.9914017774775084,-0.029088820866572156,0.006233318757122605,square,0,0.2,0.25,3,6,4.0899622440338135,0.0
1779527829.0854194,0.02617993877991494,0.0,0.0,3.9914017774775084,-0.029088820866572156,0.006233318757122605,-2.4155999999999995,-1.0692,-1.8215999999999999,0.2,0.0,0.0,0.05759586531581287,0.0,0.0,3.3223588975463487,-0.018699956271367814,0.004155545838081737,square,0,0.2,0.25,3,6,4.099909782409668,0.0
1779527829.0954041,0.05759586531581287,0.0,0.0,3.3223588975463487,-0.018699956271367814,0.004155545838081737,-2.3364,-0.35639999999999994,0.5544000000000001,0.2,0.0,0.0,0.08552113334772216,0.0,0.0,2.854859990762153,0.0,0.004155545838081737,square,0,0.2,0.25,3,6,4.109906196594238,0.0
1779527829.1054118,0.08552113334772216,0.0,0.0,2.854859990762153,0.0,0.004155545838081737,-4.0788,1.1483999999999999,1.9008,0.2,0.0,0.0,0.10821041362364843,0.0,0.0,2.3541167172733037,0.022855502109449553,-0.0020777729190408684,square,0,0.2,0.25,3,6,4.119890928268433,0.0
1779527829.115411,0.10821041362364843,0.0,0.0,2.3541167172733037,0.022855502109449553,-0.0020777729190408684,-4.554000000000001,1.9404,-2.0592,0.2,0.0,0.0,0.12566370614359174,0.0,0.0,1.9136288584366399,0.033244366704653895,0.0,square,0,0.2,0.25,3,6,4.129898548126221,0.0
1779527829.1257899,0.12566370614359174,0.0,0.0,1.9136288584366399,0.033244366704653895,0.0,-2.0988,2.8511999999999995,2.8116000000000003,0.2,0.0,0.0,0.14137166941154067,0.0,0.0,1.5500185976044878,0.020777729190408684,-0.0020777729190408684,square,0,0.2,0.25,3,6,4.13989782333374,0.0
1779527829.1353948,0.14137166941154067,0.0,0.0,1.5500185976044878,0.020777729190408684,-0.0020777729190408684,-0.99,2.5740000000000003,-1.9008,0.2,0.0,0.0,0.1518436449235067,0.0,0.0,1.2445859785054803,0.008311091676163474,-0.0020777729190408684,square,0,0.2,0.25,3,6,4.1502766609191895,0.0
1779527829.145416,0.1518436449235067,0.0,0.0,1.2445859785054803,0.008311091676163474,-0.0020777729190408684,-0.1188,1.7028,0.792,0.2,0.0,0.0,0.16231562043547265,0.0,0.0,0.9890199094634533,0.0,0.0,square,0,0.2,0.25,3,6,4.159881591796875,0.0
1779527829.1554842,0.16231562043547265,0.0,0.0,0.9890199094634533,0.0,0.0,0.35639999999999994,1.2672,0.0,0.2,0.0,0.0,0.16929693744344998,0.0,0.0,0.8248758488592247,-0.010388864595204342,0.0,square,0,0.2,0.25,3,6,4.169902801513672,0.0
1779527829.1654105,0.16929693744344998,0.0,0.0,0.8248758488592247,-0.010388864595204342,0.0,0.396,0.9504,0.0,0.2,0.0,0.0,0.1762782544514273,0.0,0.0,0.6731984257692414,-0.006233318757122605,-0.0020777729190408684,square,0,0.2,0.25,3,6,4.179970979690552,0.0
1779527829.1754267,0.1762782544514273,0.0,0.0,0.6731984257692414,-0.006233318757122605,-0.0020777729190408684,0.0396,0.9504,0.0396,0.2,0.0,0.0,0.18151424220741028,0.0,0.0,0.5568431423029527,-0.014544410433286078,0.0,square,0,0.2,0.25,3,6,4.189897298812866,0.0
1779527829.1854036,0.18151424220741028,0.0,0.0,0.5568431423029527,-0.014544410433286078,0.0,-0.1584,0.7127999999999999,0.3168,0.2,0.0,0.0,0.18500490071139894,0.0,0.0,0.4404878588366641,-0.008311091676163474,0.0,square,0,0.2,0.25,3,6,4.199913501739502,0.0
1779527829.19541,0.18500490071139894,0.0,0.0,0.4404878588366641,-0.008311091676163474,0.0,-0.2376,0.8712,-0.2376,0.2,0.0,0.0,0.18849555921538758,0.0,0.0,0.3365992128846207,-0.006233318757122605,0.0020777729190408684,square,0,0.2,0.25,3,6,4.209890365600586,0.0
1779527829.205411,0.18849555921538758,0.0,0.0,0.3365992128846207,-0.006233318757122605,0.0020777729190408684,0.1584,0.8316,0.2376,0.2,0.0,0.0,0.19198621771937624,0.0,0.0,0.28465488990859894,-0.008311091676163474,0.0020777729190408684,square,0,0.2,0.25,3,6,4.2198967933654785,0.0
1779527829.2154331,0.19198621771937624,0.0,0.0,0.28465488990859894,-0.008311091676163474,0.0020777729190408684,-0.4752,0.792,0.396,0.2,0.0,0.0,0.1937315469713706,0.0,0.0,0.21608838358025032,0.01246663751424521,0.0,square,0,0.2,0.25,3,6,4.229897737503052,0.0
1779527829.2254193,0.1937315469713706,0.0,0.0,0.21608838358025032,0.01246663751424521,0.0,-0.3168,1.2276,-0.2376,0.2,0.0,0.0,0.1954768762233649,0.0,0.0,0.16829960644231035,0.014544410433286078,0.0,square,0,0.2,0.25,3,6,4.239919900894165,0.0
1779527829.2354121,0.1954768762233649,0.0,0.0,0.16829960644231035,0.014544410433286078,0.0,-0.396,1.4652,-0.2376,0.2,0.0,0.0,0.1954768762233649,0.0,0.0,0.1308996938995747,0.01246663751424521,0.0,square,0,0.2,0.25,3,6,4.249906063079834,0.0
1779527829.2454097,0.1954768762233649,0.0,0.0,0.1308996938995747,0.01246663751424521,0.0,-0.5148,1.584,-0.1584,0.2,0.0,0.0,0.19722220547535924,0.0,0.0,0.09142200843779821,0.008311091676163474,0.0,square,0,0.2,0.25,3,6,4.259898900985718,0.0
1779527829.2554598,0.19722220547535924,0.0,0.0,0.09142200843779821,0.008311091676163474,0.0,-0.2376,1.584,-0.0396,0.2,0.0,0.0,0.19722220547535924,0.0,0.0,0.04986655005698084,0.0020777729190408684,0.0,square,0,0.2,0.25,3,6,4.269896507263184,0.0
1779527829.2654195,0.19722220547535924,0.0,0.0,0.04986655005698084,0.0020777729190408684,0.0,0.35639999999999994,1.2672,-0.0396,0.2,0.0,0.0,0.1989675347273536,0.0,0.0,0.04986655005698084,0.0,0.0,square,0,0.2,0.25,3,6,4.279946565628052,0.0
1779527829.275548,0.1989675347273536,0.0,0.0,0.04986655005698084,0.0,0.0,0.0,1.1483999999999999,-0.198,0.2,0.0,0.0,0.1989675347273536,0.0,0.0,0.033244366704653895,-0.0020777729190408684,0.0,square,0,0.2,0.25,3,6,4.28990626335144,0.0
1779527829.2855172,0.1989675347273536,0.0,0.0,0.033244366704653895,-0.0020777729190408684,0.0,0.0396,1.0692,-0.0792,0.2,0.0,0.0,0.1989675347273536,0.0,0.0,0.02701104794753129,-0.006233318757122605,0.0,square,0,0.2,0.25,3,6,4.300034761428833,0.0
1779527829.2954152,0.1989675347273536,0.0,0.0,0.02701104794753129,-0.006233318757122605,0.0,0.1188,0.9504,-0.0792,0.2,0.0,0.0,0.1989675347273536,0.0,0.0,0.016622183352326948,-0.008311091676163474,0.0,square,0,0.2,0.25,3,6,4.310003995895386,0.0
1779527829.3054261,0.1989675347273536,0.0,0.0,0.016622183352326948,-0.008311091676163474,0.0,0.1584,0.9107999999999999,-0.1584,0.2,0.0,0.0,0.1989675347273536,0.0,0.0,0.01246663751424521,-0.006233318757122605,0.0,square,0,0.2,0.25,3,6,4.319901943206787,0.0
1779527829.315411,0.1989675347273536,0.0,0.0,0.01246663751424521,-0.006233318757122605,0.0,0.198,1.0296,-0.1188,0.2,0.0,0.0,0.1989675347273536,0.0,0.0,0.008311091676163474,0.0,0.0020777729190408684,square,0,0.2,0.25,3,6,4.329912900924683,0.0
1779527829.3255563,0.1989675347273536,0.0,0.0,0.008311091676163474,0.0,0.0020777729190408684,0.2376,1.1088000000000002,-0.0396,0.2,0.0,0.0,0.1989675347273536,0.0,0.0,0.004155545838081737,0.0,-0.0020777729190408684,square,0,0.2,0.25,3,6,4.339897871017456,0.0
1779527829.3355424,0.1989675347273536,0.0,0.0,0.004155545838081737,0.0,-0.0020777729190408684,0.2376,1.2276,-0.198,0.2,0.0,0.0,0.1989675347273536,0.0,0.0,0.0020777729190408684,0.0020777729190408684,0.0020777729190408684,square,0,0.2,0.25,3,6,4.350043058395386,0.0
1779527829.345425,0.1989675347273536,0.0,0.0,0.0020777729190408684,0.0020777729190408684,0.0020777729190408684,0.3168,1.3068,0.0,0.2,0.0,0.0,0.1989675347273536,0.0,0.0,0.004155545838081737,0.006233318757122605,0.0,square,0,0.2,0.25,3,6,4.360029220581055,0.0
1779527829.355531,0.1989675347273536,0.0,0.0,0.004155545838081737,0.006233318757122605,0.0,0.2376,1.1880000000000002,-0.1188,0.2,0.0,0.0,0.1989675347273536,0.0,0.0,0.004155545838081737,0.004155545838081737,-0.0020777729190408684,square,0,0.2,0.25,3,6,4.3699116706848145,0.0
1779527829.3654106,0.1989675347273536,0.0,0.0,0.004155545838081737,0.004155545838081737,-0.0020777729190408684,0.1584,1.4255999999999998,-0.0396,0.2,0.0,0.0,0.1989675347273536,0.0,0.0,0.006233318757122605,0.0,0.0,square,0,0.2,0.25,3,6,4.3800177574157715,0.0
1779527829.3755245,0.1989675347273536,0.0,0.0,0.006233318757122605,0.0,0.0,-0.0792,1.3068,-0.0396,0.2,0.0,0.0,0.1989675347273536,0.0,0.0,0.008311091676163474,0.0,0.0,square,0,0.2,0.25,3,6,4.389897346496582,0.0
1779527829.385426,0.1989675347273536,0.0,0.0,0.008311091676163474,0.0,0.0,0.2376,1.2276,-0.0792,0.2,0.0,0.0,0.1989675347273536,0.0,0.0,0.004155545838081737,0.0,0.0,square,0,0.2,0.25,3,6,4.400011301040649,0.0
1779527829.395555,0.1989675347273536,0.0,0.0,0.004155545838081737,0.0,0.0,0.27720000000000006,1.4255999999999998,-0.1584,0.2,0.0,0.0,0.1989675347273536,0.0,0.0,0.0020777729190408684,-0.0020777729190408684,0.0,square,0,0.2,0.25,3,6,4.409912824630737,0.0
1779527829.4054115,0.1989675347273536,0.0,0.0,0.0020777729190408684,-0.0020777729190408684,0.0,0.198,1.2672,0.0,0.2,0.0,0.0,0.1989675347273536,0.0,0.0,-0.0020777729190408684,0.0,0.0020777729190408684,square,0,0.2,0.25,3,6,4.420041799545288,0.0
1779527829.415409,0.1989675347273536,0.0,0.0,-0.0020777729190408684,0.0,0.0020777729190408684,-0.0396,1.1880000000000002,-0.0792,0.2,0.0,0.0,0.1989675347273536,0.0,0.0,-0.004155545838081737,0.0,-0.0020777729190408684,square,0,0.2,0.25,3,6,4.429898262023926,0.0
1779527829.4254956,0.1989675347273536,0.0,0.0,-0.004155545838081737,0.0,-0.0020777729190408684,-0.0396,1.3068,-0.1188,0.2,0.0,0.0,0.1989675347273536,0.0,0.0,-0.004155545838081737,0.0,-0.0020777729190408684,square,0,0.2,0.25,3,6,4.439895868301392,0.0
1779527829.4354115,0.1989675347273536,0.0,0.0,-0.004155545838081737,0.0,-0.0020777729190408684,-0.0396,1.3068,-0.1188,0.2,0.0,0.0,0.1989675347273536,0.0,0.0,-0.006233318757122605,0.0,0.0020777729190408684,square,0,0.2,0.25,3,6,4.449982404708862,0.0
1779527829.4454143,0.1989675347273536,0.0,0.0,-0.006233318757122605,0.0,0.0020777729190408684,0.0,1.1088000000000002,-0.0792,0.2,0.0,0.0,0.1989675347273536,0.0,0.0,-0.0020777729190408684,0.0,0.0,square,0,0.2,0.25,3,6,4.459898233413696,0.0
1779527829.4555323,0.1989675347273536,0.0,0.0,-0.0020777729190408684,0.0,0.0,0.0,1.2672,-0.1188,0.2,0.0,0.0,0.1989675347273536,0.0,0.0,-0.0020777729190408684,0.0,0.0,square,0,0.2,0.25,3,6,4.469901084899902,0.0
1779527829.4655828,0.1989675347273536,0.0,0.0,-0.0020777729190408684,0.0,0.0,0.0,1.2672,-0.1188,0.2,0.0,0.0,0.1989675347273536,0.0,0.0,0.0,0.0020777729190408684,0.0,square,0,0.2,0.25,3,6,4.4800190925598145,0.0
1779527829.4754186,0.1989675347273536,0.0,0.0,0.0,0.0020777729190408684,0.0,-0.1188,1.2276,-0.0396,0.2,0.0,0.0,0.1989675347273536,0.0,0.0,0.0,0.0,0.0,square,0,0.2,0.25,3,6,4.490069627761841,0.0
1779527829.4854603,0.1989675347273536,0.0,0.0,0.0,0.0,0.0,0.198,1.3860000000000001,-0.0396,0.2,0.0,0.0,0.1989675347273536,0.0,0.0,0.0020777729190408684,0.0,0.0,square,0,0.2,0.25,3,6,4.499905347824097,0.0
1779527829.495555,0.1989675347273536,0.0,0.0,0.0020777729190408684,0.0,0.0,0.27720000000000006,1.3464,-0.1188,0.2,0.0,0.0,0.1989675347273536,0.0,0.0,0.0,0.0,0.0020777729190408684,square,0,0.2,0.25,3,6,4.509947061538696,0.0
1779527829.5054233,0.1989675347273536,0.0,0.0,0.0,0.0,0.0020777729190408684,0.3168,1.4652,-0.0792,0.2,0.0,0.0,0.1989675347273536,0.0,0.0,0.0020777729190408684,0.0,0.0,square,0,0.2,0.25,3,6,4.5200417041778564,0.0
1779527829.5155027,0.1989675347273536,0.0,0.0,0.0020777729190408684,0.0,0.0,0.396,1.4255999999999998,-0.1188,0.2,0.0,0.0,0.1989675347273536,0.0,0.0,0.0,0.0,0.0020777729190408684,square,0,0.2,0.25,3,6,4.529910087585449,0.0
1779527829.525411,0.1989675347273536,0.0,0.0,0.0,0.0,0.0020777729190408684,0.4356,1.4652,0.0,0.2,0.0,0.0,0.1989675347273536,0.0,0.0,0.0,0.0,0.0,square,0,0.2,0.25,3,6,4.539989471435547,0.0
1779527829.535411,0.1989675347273536,0.0,0.0,0.0,0.0,0.0,0.35639999999999994,1.3860000000000001,-0.0792,0.2,0.0,0.0,0.1989675347273536,0.0,0.0,-0.004155545838081737,0.0,0.0020777729190408684,square,0,0.2,0.25,3,6,4.54989767074585,0.0
1779527829.5455713,0.1989675347273536,0.0,0.0,-0.004155545838081737,0.0,0.0020777729190408684,0.2376,1.4255999999999998,-0.1584,0.2,0.0,0.0,0.1989675347273536,0.0,0.0,-0.004155545838081737,0.0,0.0,square,0,0.2,0.25,3,6,4.5598976612091064,0.0
1779527829.5553932,0.1989675347273536,0.0,0.0,-0.004155545838081737,0.0,0.0,0.198,1.3860000000000001,-0.0396,0.2,0.0,0.0,0.1989675347273536,0.0,0.0,-0.004155545838081737,0.0,0.0,square,0,0.2,0.25,3,6,4.570058107376099,0.0
1779527829.5656188,0.1989675347273536,0.0,0.0,-0.004155545838081737,0.0,0.0,0.1584,1.3068,-0.0792,0.2,0.0,0.0,0.1989675347273536,0.0,0.0,-0.004155545838081737,0.0,0.0,square,0,0.2,0.25,3,6,4.579879999160767,0.0
1779527829.5754588,0.1989675347273536,0.0,0.0,-0.004155545838081737,0.0,0.0,0.1584,1.3068,-0.0792,0.2,0.0,0.0,0.1989675347273536,0.0,0.0,-0.0020777729190408684,0.0020777729190408684,-0.0020777729190408684,square,0,0.2,0.25,3,6,4.5901055335998535,0.0
1779527829.5854135,0.1989675347273536,0.0,0.0,-0.0020777729190408684,0.0020777729190408684,-0.0020777729190408684,0.198,1.4255999999999998,-0.0792,0.2,0.0,0.0,0.1989675347273536,0.0,0.0,0.0,0.0,0.0,square,0,0.2,0.25,3,6,4.599945545196533,0.0
1779527829.5954208,0.1989675347273536,0.0,0.0,0.0,0.0,0.0,0.198,1.4652,-0.0396,0.2,0.0,0.0,0.1989675347273536,0.0,0.0,0.0,0.0,0.0,square,0,0.2,0.25,3,6,4.609900236129761,0.0
1779527829.6054082,0.1989675347273536,0.0,0.0,0.0,0.0,0.0,0.2376,1.2672,-0.0792,0.2,0.0,0.0,0.1989675347273536,0.0,0.0,0.0020777729190408684,0.0,0.0,square,0,0.2,0.25,3,6,4.61990761756897,0.0
1779527829.61541,0.1989675347273536,0.0,0.0,0.0020777729190408684,0.0,0.0,0.3168,1.4652,0.0,0.2,0.0,0.0,0.1989675347273536,0.0,0.0,0.0,0.0,0.0,square,0,0.2,0.25,3,6,4.629894971847534,0.0
1779527829.6254404,0.1989675347273536,0.0,0.0,0.0,0.0,0.0,0.396,1.4255999999999998,-0.0396,0.2,0.0,0.0,0.1989675347273536,0.0,0.0,0.0,0.0,0.0,square,0,0.2,0.25,3,6,4.639896869659424,0.0
1779527829.6354456,0.1989675347273536,0.0,0.0,0.0,0.0,0.0,0.396,1.3464,-0.0792,0.2,0.0,0.0,0.1989675347273536,0.0,0.0,0.0,0.0,0.0,square,0,0.2,0.25,3,6,4.649927139282227,0.0
1779527829.645597,0.1989675347273536,0.0,0.0,0.0,0.0,0.0,0.35639999999999994,1.3068,-0.0396,0.2,0.0,0.0,0.1989675347273536,0.0,0.0,-0.0020777729190408684,0.0,0.0,square,0,0.2,0.25,3,6,4.659932374954224,0.0
1779527829.655411,0.1989675347273536,0.0,0.0,-0.0020777729190408684,0.0,0.0,0.2376,1.4255999999999998,-0.0792,0.2,0.0,0.0,0.1989675347273536,0.0,0.0,0.0,0.0,0.0,square,0,0.2,0.25,3,6,4.67008376121521,0.0
1779527829.665397,0.1989675347273536,0.0,0.0,0.0,0.0,0.0,0.2376,1.5444,-0.1584,0.2,0.0,0.0,0.1989675347273536,0.0,0.0,-0.0020777729190408684,0.0,0.0020777729190408684,square,0,0.2,0.25,3,6,4.679897785186768,0.0
1779527829.6754224,0.1989675347273536,0.0,0.0,-0.0020777729190408684,0.0,0.0020777729190408684,0.198,1.4255999999999998,-0.0792,0.2,0.0,0.0,0.1989675347273536,0.0,0.0,0.0,0.0,0.0020777729190408684,square,0,0.2,0.25,3,6,4.689883708953857,0.0
1779527829.6855195,0.1989675347273536,0.0,0.0,0.0,0.0,0.0020777729190408684,0.2376,1.3464,-0.2376,0.2,0.0,0.0,0.1989675347273536,0.0,0.0,0.0,0.0,0.0,square,0,0.2,0.25,3,6,4.699909210205078,0.0
1779527829.6954145,0.1989675347273536,0.0,0.0,0.0,0.0,0.0,0.3168,1.3860000000000001,-0.198,0.2,0.0,0.0,0.1989675347273536,0.0,0.0,0.004155545838081737,-0.0020777729190408684,-0.0020777729190408684,square,0,0.2,0.25,3,6,4.710006237030029,0.0
1779527829.7055354,0.1989675347273536,0.0,0.0,0.004155545838081737,-0.0020777729190408684,-0.0020777729190408684,0.27720000000000006,1.4652,-0.0792,0.2,0.0,0.0,0.1989675347273536,0.0,0.0,0.0020777729190408684,-0.0020777729190408684,0.0,square,0,0.2,0.25,3,6,4.7199013233184814,0.0
1779527829.7154775,0.1989675347273536,0.0,0.0,0.0020777729190408684,-0.0020777729190408684,0.0,0.27720000000000006,1.3860000000000001,-0.0792,0.2,0.0,0.0,0.1989675347273536,0.0,0.0,0.0,0.0,0.0,square,0,0.2,0.25,3,6,4.730022192001343,0.0
1779527829.7254133,0.1989675347273536,0.0,0.0,0.0,0.0,0.0,0.35639999999999994,1.2672,-0.2376,0.2,0.0,0.0,0.1989675347273536,0.0,0.0,0.0,-0.0020777729190408684,0.0,square,0,0.2,0.25,3,6,4.739964246749878,0.0
1779527829.7355406,0.1989675347273536,0.0,0.0,0.0,-0.0020777729190408684,0.0,0.35639999999999994,1.2672,-0.0396,0.2,0.0,0.0,0.1989675347273536,0.0,0.0,0.0,0.0,-0.0020777729190408684,square,0,0.2,0.25,3,6,4.7499001026153564,0.0
1779527829.7454164,0.1989675347273536,0.0,0.0,0.0,0.0,-0.0020777729190408684,0.27720000000000006,1.3068,-0.1188,0.2,0.0,0.0,0.1989675347273536,0.0,0.0,0.0020777729190408684,0.0020777729190408684,0.0,square,0,0.2,0.25,3,6,4.7600274085998535,0.0
1779527829.7554486,0.1989675347273536,0.0,0.0,0.0020777729190408684,0.0020777729190408684,0.0,0.2376,1.4652,-0.1584,0.2,0.0,0.0,0.1989675347273536,0.0,0.0,0.0,0.0020777729190408684,0.0,square,0,0.2,0.25,3,6,4.769903182983398,0.0
1779527829.7655554,0.1989675347273536,0.0,0.0,0.0,0.0020777729190408684,0.0,0.198,1.4652,-0.2376,0.2,0.0,0.0,0.1989675347273536,0.0,0.0,-0.0020777729190408684,0.004155545838081737,0.0,square,0,0.2,0.25,3,6,4.779935359954834,0.0
1779527829.7754126,0.1989675347273536,0.0,0.0,-0.0020777729190408684,0.004155545838081737,0.0,0.27720000000000006,1.4255999999999998,-0.0792,0.2,0.0,0.0,0.1989675347273536,0.0,0.0,0.0,0.0,0.0,square,0,0.2,0.25,3,6,4.790042161941528,0.0
1779527829.7855873,0.1989675347273536,0.0,0.0,0.0,0.0,0.0,0.27720000000000006,1.4255999999999998,-0.27720000000000006,0.2,0.0,0.0,0.1989675347273536,0.0,0.0,0.0,0.0,0.0,square,0,0.2,0.25,3,6,4.799899339675903,0.0
1779527829.7954347,0.1989675347273536,0.0,0.0,0.0,0.0,0.0,0.3168,1.4255999999999998,-0.27720000000000006,0.2,0.0,0.0,0.1989675347273536,0.0,0.0,0.0,0.0,0.0,square,0,0.2,0.25,3,6,4.810074090957642,0.0
1779527829.8054168,0.1989675347273536,0.0,0.0,0.0,0.0,0.0,0.27720000000000006,1.4255999999999998,-0.1188,0.2,0.0,0.0,0.1989675347273536,0.0,0.0,0.0,0.0,0.0,square,0,0.2,0.25,3,6,4.819921493530273,0.0
1779527829.8155286,0.1989675347273536,0.0,0.0,0.0,0.0,0.0,0.35639999999999994,1.3068,-0.1584,0.2,0.0,0.0,0.1989675347273536,0.0,0.0,0.0,0.0,0.0,square,0,0.2,0.25,3,6,4.829903602600098,0.0
1779527829.8254294,0.1989675347273536,0.0,0.0,0.0,0.0,0.0,0.35639999999999994,1.4255999999999998,-0.2376,0.2,0.0,0.0,0.1989675347273536,0.0,0.0,-0.0020777729190408684,0.0,0.0,square,0,0.2,0.25,3,6,4.840015411376953,0.0
1779527829.8354185,0.1989675347273536,0.0,0.0,-0.0020777729190408684,0.0,0.0,0.3168,1.3464,-0.1188,0.2,0.0,0.0,0.1989675347273536,0.0,0.0,0.0,0.0,0.0,square,0,0.2,0.25,3,6,4.849916219711304,0.0
1779527829.8454232,0.1989675347273536,0.0,0.0,0.0,0.0,0.0,0.2376,1.4652,-0.27720000000000006,0.2,0.0,0.0,0.1989675347273536,0.0,0.0,-0.004155545838081737,0.0,0.0020777729190408684,square,0,0.2,0.25,3,6,4.859905242919922,0.0
1779527829.855453,0.1989675347273536,0.0,0.0,-0.004155545838081737,0.0,0.0020777729190408684,0.198,1.3464,-0.198,0.2,0.0,0.0,0.1989675347273536,0.0,0.0,-0.0020777729190408684,0.0,0.0,square,0,0.2,0.25,3,6,4.869910001754761,0.0
1779527829.8654158,0.1989675347273536,0.0,0.0,-0.0020777729190408684,0.0,0.0,0.1188,1.3464,-0.2376,0.2,0.0,0.0,0.1989675347273536,0.0,0.0,0.0,-0.0020777729190408684,0.0,square,0,0.2,0.25,3,6,4.879939794540405,0.0
1779527829.8756158,0.1989675347273536,0.0,0.0,0.0,-0.0020777729190408684,0.0,0.1584,1.4652,0.0396,0.2,0.0,0.0,0.1989675347273536,0.0,0.0,0.0,0.0,0.0,square,0,0.2,0.25,3,6,4.889902591705322,0.0
1779527829.88543,0.1989675347273536,0.0,0.0,0.0,0.0,0.0,0.2376,1.5048000000000001,-0.198,0.2,0.0,0.0,0.1989675347273536,0.0,0.0,0.0020777729190408684,0.0,0.0,square,0,0.2,0.25,3,6,4.900102615356445,0.0
1779527829.8954117,0.1989675347273536,0.0,0.0,0.0020777729190408684,0.0,0.0,0.2376,1.3464,-0.2376,0.2,0.0,0.0,0.1989675347273536,0.0,0.0,0.0,0.0020777729190408684,0.0,square,0,0.2,0.25,3,6,4.909916877746582,0.0
1779527829.905413,0.1989675347273536,0.0,0.0,0.0,0.0020777729190408684,0.0,0.3168,1.5048000000000001,-0.2376,0.2,0.0,0.0,0.1989675347273536,0.0,0.0,0.0020777729190408684,0.0,0.0,square,0,0.2,0.25,3,6,4.919898509979248,0.0
1779527829.9154186,0.1989675347273536,0.0,0.0,0.0020777729190408684,0.0,0.0,0.3168,1.3464,-0.2376,0.2,0.0,0.0,0.1989675347273536,0.0,0.0,0.0,0.0,0.0,square,0,0.2,0.25,3,6,4.9298996925354,0.0
1779527829.9254258,0.1989675347273536,0.0,0.0,0.0,0.0,0.0,0.3168,1.3464,-0.1188,0.2,0.0,0.0,0.1989675347273536,0.0,0.0,0.0,0.0,0.0,square,0,0.2,0.25,3,6,4.939905405044556,0.0
1779527829.9354143,0.1989675347273536,0.0,0.0,0.0,0.0,0.0,0.27720000000000006,1.4255999999999998,-0.1584,0.2,0.0,0.0,0.1989675347273536,0.0,0.0,0.0,0.0020777729190408684,0.0,square,0,0.2,0.25,3,6,4.9499125480651855,0.0
1779527829.9454145,0.1989675347273536,0.0,0.0,0.0,0.0020777729190408684,0.0,0.2376,1.4652,0.35639999999999994,0.2,0.0,0.0,0.1989675347273536,0.0,0.0,0.0,0.0,0.0,square,0,0.2,0.25,3,6,4.9599010944366455,0.0
1779527829.9554117,0.1989675347273536,0.0,0.0,0.0,0.0,0.0,0.2376,1.3860000000000001,-0.3168,0.2,0.0,0.0,0.1989675347273536,0.0,0.0,-0.0020777729190408684,0.0020777729190408684,-0.0020777729190408684,square,0,0.2,0.25,3,6,4.9699013233184814,0.0
1779527829.9654677,0.1989675347273536,0.0,0.0,-0.0020777729190408684,0.0020777729190408684,-0.0020777729190408684,0.198,1.5048000000000001,-0.3168,0.2,0.0,0.0,0.1989675347273536,0.0,0.0,0.0,0.0,0.0,square,0,0.2,0.25,3,6,4.979898452758789,0.0
1779527829.9754174,0.1989675347273536,0.0,0.0,0.0,0.0,0.0,0.198,1.3464,-0.2376,0.2,0.0,0.0,0.1989675347273536,0.0,0.0,0.0,0.0,0.0,square,0,0.2,0.25,3,6,4.989954471588135,0.0
1779527829.9854264,0.1989675347273536,0.0,0.0,0.0,0.0,0.0,0.27720000000000006,1.4255999999999998,-0.35639999999999994,0.2,0.0,0.0,0.1989675347273536,0.0,0.0,0.0020777729190408684,0.0,0.0,square,0,0.2,0.25,3,6,4.999904155731201,0.0
1779527829.9954226,0.1989675347273536,0.0,0.0,0.0020777729190408684,0.0,0.0,0.27720000000000006,1.4652,-0.2376,0.2,0.0,0.0,0.1989675347273536,0.0,0.0,0.0,0.0,0.0,square,0,0.2,0.25,3,6,5.009913206100464,0.0
1779527830.0054636,0.1989675347273536,0.0,0.0,0.0,0.0,0.0,0.3168,1.3464,-0.396,0.2,0.0,0.0,0.1989675347273536,0.0,0.0,0.0,0.0,0.0,square,0,0.2,0.25,3,6,5.019909381866455,0.0
1779527830.0154145,0.1989675347273536,0.0,0.0,0.0,0.0,0.0,0.27720000000000006,1.3464,-0.3168,0.2,0.0,0.0,0.1989675347273536,0.0,0.0,0.0,0.0,0.0020777729190408684,square,0,0.2,0.25,3,6,5.029950380325317,0.0
1779527830.025417,0.1989675347273536,0.0,0.0,0.0,0.0,0.0020777729190408684,0.2376,1.4652,-0.396,0.2,0.0,0.0,0.1989675347273536,0.0,0.0,0.0,0.0,0.0,square,0,0.2,0.25,3,6,5.039901256561279,0.0
1779527830.0354145,0.1989675347273536,0.0,0.0,0.0,0.0,0.0,0.27720000000000006,1.4652,-0.27720000000000006,0.2,0.0,0.0,0.1989675347273536,0.0,0.0,0.0,0.0,0.0,square,0,0.2,0.25,3,6,5.049903869628906,0.0
1779527830.0454376,0.1989675347273536,0.0,0.0,0.0,0.0,0.0,0.27720000000000006,1.4652,-0.27720000000000006,0.2,0.0,0.0,0.1989675347273536,0.0,0.0,0.0,0.0,0.0,square,0,0.2,0.25,3,6,5.059901237487793,0.0
1779527830.0554538,0.1989675347273536,0.0,0.0,0.0,0.0,0.0,0.2376,1.5048000000000001,0.1584,0.2,0.0,0.0,0.1989675347273536,0.0,0.0,0.0,0.0,0.0,square,0,0.2,0.25,3,6,5.069924354553223,0.0
1779527830.065424,0.1989675347273536,0.0,0.0,0.0,0.0,0.0,0.1584,1.5444,-0.2376,0.2,0.0,0.0,0.1989675347273536,0.0,0.0,0.0,0.0,0.0,square,0,0.2,0.25,3,6,5.079940557479858,0.0
1779527830.0754158,0.1989675347273536,0.0,0.0,0.0,0.0,0.0,0.1584,1.5048000000000001,-0.27720000000000006,0.2,0.0,0.0,0.1989675347273536,0.0,0.0,0.0,0.0,0.0,square,0,0.2,0.25,3,6,5.0899107456207275,0.0
1779527830.0854225,0.1989675347273536,0.0,0.0,0.0,0.0,0.0,0.1188,1.4255999999999998,-0.2376,0.2,0.0,0.0,0.1989675347273536,0.0,0.0,0.0,0.0,0.0,square,0,0.2,0.25,3,6,5.099902629852295,0.0
1779527830.0954037,0.1989675347273536,0.0,0.0,0.0,0.0,0.0,0.1584,1.3464,-0.198,0.2,0.0,0.0,0.1989675347273536,0.0,0.0,0.0,0.0,0.0,square,0,0.2,0.25,3,6,5.109909296035767,0.0
1779527830.1054134,0.1989675347273536,0.0,0.0,0.0,0.0,0.0,0.1584,1.3860000000000001,-0.4356,0.2,0.0,0.0,0.1989675347273536,0.0,0.0,0.0,0.0,0.0020777729190408684,square,0,0.2,0.25,3,6,5.119890451431274,0.0
1779527830.115414,0.1989675347273536,0.0,0.0,0.0,0.0,0.0020777729190408684,0.1584,1.4255999999999998,-0.396,0.2,0.0,0.0,0.1989675347273536,0.0,0.0,0.0,0.0,0.0,square,0,0.2,0.25,3,6,5.129900217056274,0.0
1779527830.1254447,0.1989675347273536,0.0,0.0,0.0,0.0,0.0,0.1584,1.3464,-0.198,0.2,0.0,0.0,0.1989675347273536,0.0,0.0,0.0020777729190408684,0.0,0.0,square,0,0.2,0.25,3,6,5.1399006843566895,0.0
1779527830.1354501,0.1989675347273536,0.0,0.0,0.0020777729190408684,0.0,0.0,0.1584,1.3068,-0.27720000000000006,0.2,0.0,0.0,0.1989675347273536,0.0,0.0,-0.0020777729190408684,0.0,0.0,square,0,0.2,0.25,3,6,5.14993143081665,0.0
1779527830.1454856,0.1989675347273536,0.0,0.0,-0.0020777729190408684,0.0,0.0,0.1188,1.3464,-0.2376,0.2,0.0,0.0,0.1989675347273536,0.0,0.0,0.0,0.0,0.0,square,0,0.2,0.25,3,6,5.159936904907227,0.0
1779527830.1555505,0.1989675347273536,0.0,0.0,0.0,0.0,0.0,0.1188,1.4652,-0.27720000000000006,0.2,0.0,0.0,0.1989675347273536,0.0,0.0,0.0,0.0,0.0,square,0,0.2,0.25,3,6,5.1699724197387695,0.0
1779527830.16553,0.1989675347273536,0.0,0.0,0.0,0.0,0.0,0.1584,1.3860000000000001,-0.3168,0.2,0.0,0.0,0.1989675347273536,0.0,0.0,0.0,0.0,0.0,square,0,0.2,0.25,3,6,5.180037260055542,0.0
1779527830.1754758,0.1989675347273536,0.0,0.0,0.0,0.0,0.0,0.1584,1.3860000000000001,-0.3168,0.2,0.0,0.0,0.1989675347273536,0.0,0.0,0.0,0.0,0.0,square,0,0.2,0.25,3,6,5.190016746520996,0.0
1779527830.1855195,0.1989675347273536,0.0,0.0,0.0,0.0,0.0,0.198,1.4652,-0.27720000000000006,0.2,0.0,0.0,0.1989675347273536,0.0,0.0,0.0,0.0,0.0,square,0,0.2,0.25,3,6,5.199962615966797,0.0
1779527830.1954143,0.1989675347273536,0.0,0.0,0.0,0.0,0.0,0.198,1.4652,-0.27720000000000006,0.2,0.0,0.0,0.1989675347273536,0.0,0.0,0.0020777729190408684,0.0,0.0,square,0,0.2,0.25,3,6,5.210006237030029,0.0
1779527830.2054155,0.1989675347273536,0.0,0.0,0.0020777729190408684,0.0,0.0,0.2376,1.4255999999999998,0.1584,0.2,0.0,0.0,0.1989675347273536,0.0,0.0,0.0020777729190408684,0.0020777729190408684,0.0,square,0,0.2,0.25,3,6,5.219901084899902,0.0
1779527830.2154367,0.1989675347273536,0.0,0.0,0.0020777729190408684,0.0020777729190408684,0.0,0.2376,1.2672,-0.3168,0.2,0.0,0.0,0.1989675347273536,0.0,0.0,0.0020777729190408684,0.0020777729190408684,0.0,square,0,0.2,0.25,3,6,5.229902267456055,0.0
1779527830.2254143,0.1989675347273536,0.0,0.0,0.0020777729190408684,0.0020777729190408684,0.0,0.2376,1.2672,-0.3168,0.2,0.0,0.0,0.1989675347273536,0.0,0.0,0.0,0.0,0.0,square,0,0.2,0.25,3,6,5.239923477172852,0.0
1779527830.2354116,0.1989675347273536,0.0,0.0,0.0,0.0,0.0,0.198,1.4652,-0.2376,0.2,0.0,0.0,0.1989675347273536,0.0,0.0,0.0,0.0,0.0,square,0,0.2,0.25,3,6,5.249901056289673,0.0
1779527830.2454128,0.1989675347273536,0.0,0.0,0.0,0.0,0.0,0.1584,1.3860000000000001,-0.1584,0.2,0.0,0.0,0.1989675347273536,0.0,0.0,0.0,-0.0020777729190408684,0.0,square,0,0.2,0.25,3,6,5.25989842414856,0.0
1779527830.2554197,0.1989675347273536,0.0,0.0,0.0,-0.0020777729190408684,0.0,0.0396,1.4255999999999998,-0.3168,0.2,0.0,0.0,0.1989675347273536,0.0,0.0,0.0,0.0,0.0,square,0,0.2,0.25,3,6,5.269899606704712,0.0
1779527830.2654178,0.1989675347273536,0.0,0.0,0.0,0.0,0.0,0.0792,1.4255999999999998,-0.2376,0.2,0.0,0.0,0.1989675347273536,0.0,0.0,0.0,0.0,0.0,square,0,0.2,0.25,3,6,5.279906511306763,0.0
1779527830.2754166,0.1989675347273536,0.0,0.0,0.0,0.0,0.0,0.1188,1.5048000000000001,-0.198,0.2,0.0,0.0,0.1989675347273536,0.0,0.0,0.0,0.0,0.0,square,0,0.2,0.25,3,6,5.289904594421387,0.0
1779527830.285414,0.1989675347273536,0.0,0.0,0.0,0.0,0.0,0.1188,1.3068,-0.35639999999999994,0.2,0.0,0.0,0.1989675347273536,0.0,0.0,0.0,0.0,0.0,square,0,0.2,0.25,3,6,5.299903392791748,0.0
1779527830.2957103,0.1989675347273536,0.0,0.0,0.0,0.0,0.0,0.1188,1.4255999999999998,-0.3168,0.2,0.0,0.0,0.1989675347273536,0.0,0.0,0.0,0.0,0.0,square,0,0.2,0.25,3,6,5.309900760650635,0.0
1779527830.3053935,0.1989675347273536,0.0,0.0,0.0,0.0,0.0,0.1188,1.4652,-0.1584,0.2,0.0,0.0,0.1989675347273536,0.0,0.0,0.0,0.0,0.0,square,0,0.2,0.25,3,6,5.320197105407715,0.0
1779527830.3154154,0.1989675347273536,0.0,0.0,0.0,0.0,0.0,0.198,1.3860000000000001,-0.198,0.2,0.0,0.0,0.1989675347273536,0.0,0.0,0.0,0.0,0.0,square,0,0.2,0.25,3,6,5.329880237579346,0.0
1779527830.3255026,0.1989675347273536,0.0,0.0,0.0,0.0,0.0,0.2376,1.3860000000000001,-0.0396,0.2,0.0,0.0,0.1989675347273536,0.0,0.0,0.0,0.0,0.0020777729190408684,square,0,0.2,0.25,3,6,5.33990216255188,0.0
1779527830.3354402,0.1989675347273536,0.0,0.0,0.0,0.0,0.0020777729190408684,0.198,1.3860000000000001,-0.35639999999999994,0.2,0.0,0.0,0.1989675347273536,0.0,0.0,0.0,0.0,0.0,square,0,0.2,0.25,3,6,5.349989414215088,0.0
1779527830.3454642,0.1989675347273536,0.0,0.0,0.0,0.0,0.0,0.198,1.4255999999999998,-0.35639999999999994,0.2,0.0,0.0,0.1989675347273536,0.0,0.0,0.0,0.0,0.0,square,0,0.2,0.25,3,6,5.35992693901062,0.0
1779527830.355472,0.1989675347273536,0.0,0.0,0.0,0.0,0.0,0.198,1.3860000000000001,-0.3168,0.2,0.0,0.0,0.1989675347273536,0.0,0.0,-0.0020777729190408684,0.0,-0.0020777729190408684,square,0,0.2,0.25,3,6,5.369951009750366,0.0
1779527830.3654175,0.1989675347273536,0.0,0.0,-0.0020777729190408684,0.0,-0.0020777729190408684,0.198,1.3464,-0.1584,0.2,0.0,0.0,0.1989675347273536,0.0,0.0,0.0,0.0,0.0,square,0,0.2,0.25,3,6,5.379958868026733,0.0
1779527830.3754115,0.1989675347273536,0.0,0.0,0.0,0.0,0.0,0.1188,1.5048000000000001,-0.3168,0.2,0.0,0.0,0.1989675347273536,0.0,0.0,0.0,0.0,-0.0020777729190408684,square,0,0.2,0.25,3,6,5.389904260635376,0.0
1779527830.3854177,0.1989675347273536,0.0,0.0,0.0,0.0,-0.0020777729190408684,0.1584,1.3860000000000001,-0.2376,0.2,0.0,0.0,0.1989675347273536,0.0,0.0,0.0,0.0,0.0,square,0,0.2,0.25,3,6,5.399898290634155,0.0
1779527830.3954167,0.1989675347273536,0.0,0.0,0.0,0.0,0.0,0.1188,1.5048000000000001,-0.198,0.2,0.0,0.0,0.1989675347273536,0.0,0.0,0.0,0.0,0.0,square,0,0.2,0.25,3,6,5.409904479980469,0.0
1779527830.4054146,0.1989675347273536,0.0,0.0,0.0,0.0,0.0,0.1188,1.3464,-0.3168,0.2,0.0,0.0,0.1989675347273536,0.0,0.0,0.0,0.0,0.0,square,0,0.2,0.25,3,6,5.419903516769409,0.0
1779527830.4154453,0.1989675347273536,0.0,0.0,0.0,0.0,0.0,0.1584,1.3068,-0.1188,0.2,0.0,0.0,0.1989675347273536,0.0,0.0,0.0,0.0,0.0,square,0,0.2,0.25,3,6,5.429901361465454,0.0
1779527830.4254632,0.1989675347273536,0.0,0.0,0.0,0.0,0.0,0.198,1.4652,0.2376,0.2,0.0,0.0,0.1989675347273536,0.0,0.0,0.0,0.0,0.0,square,0,0.2,0.25,3,6,5.439932107925415,0.0
1779527830.4354138,0.1989675347273536,0.0,0.0,0.0,0.0,0.0,0.1188,1.3464,-0.198,0.2,0.0,0.0,0.1989675347273536,0.0,0.0,0.0,0.0,0.0,square,0,0.2,0.25,3,6,5.4499499797821045,0.0
1779527830.445567,0.1989675347273536,0.0,0.0,0.0,0.0,0.0,0.1584,1.3068,-0.3168,0.2,0.0,0.0,0.1989675347273536,0.0,0.0,0.0,0.0020777729190408684,0.0,square,0,0.2,0.25,3,6,5.459900617599487,0.0
1779527830.4554138,0.1989675347273536,0.0,0.0,0.0,0.0020777729190408684,0.0,0.1584,1.3860000000000001,-0.35639999999999994,0.2,0.0,0.0,0.1989675347273536,0.0,0.0,0.0,0.0,0.0,square,0,0.2,0.25,3,6,5.470053672790527,0.0
1779527830.4654326,0.1989675347273536,0.0,0.0,0.0,0.0,0.0,0.0792,1.5444,-0.396,0.2,0.0,0.0,0.1989675347273536,0.0,0.0,0.0,0.0,0.0,square,0,0.2,0.25,3,6,5.479900598526001,0.0
1779527830.4754155,0.1989675347273536,0.0,0.0,0.0,0.0,0.0,0.1584,1.5048000000000001,-0.1584,0.2,0.0,0.0,0.1989675347273536,0.0,0.0,0.0,0.0,0.0,square,0,0.2,0.25,3,6,5.489919424057007,0.0
1779527830.4854138,0.1989675347273536,0.0,0.0,0.0,0.0,0.0,0.1584,1.3464,-0.396,0.2,0.0,0.0,0.1989675347273536,0.0,0.0,0.0,0.0,-0.0020777729190408684,square,0,0.2,0.25,3,6,5.499902248382568,0.0
1779527830.4954119,0.1989675347273536,0.0,0.0,0.0,0.0,-0.0020777729190408684,0.0792,1.5048000000000001,0.198,0.2,0.0,0.0,0.1989675347273536,0.0,0.0,0.0,0.0020777729190408684,0.0,square,0,0.2,0.25,3,6,5.5099005699157715,0.0
1779527830.5054438,0.1989675347273536,0.0,0.0,0.0,0.0020777729190408684,0.0,0.1188,1.2672,-0.5544000000000001,0.2,0.0,0.0,0.1989675347273536,0.0,0.0,0.0,0.0,0.0,square,0,0.2,0.25,3,6,5.5198986530303955,0.0
1779527830.5154145,0.1989675347273536,0.0,0.0,0.0,0.0,0.0,0.1188,1.4652,-0.35639999999999994,0.2,0.0,0.0,0.1989675347273536,0.0,0.0,0.0,0.0,0.0,square,0,0.2,0.25,3,6,5.529930591583252,0.0
1779527830.5254097,0.1989675347273536,0.0,0.0,0.0,0.0,0.0,0.0792,1.4652,-0.198,0.2,0.0,0.0,0.1989675347273536,0.0,0.0,0.0,0.0,0.0020777729190408684,square,0,0.2,0.25,3,6,5.539901256561279,0.0
1779527830.5354278,0.1989675347273536,0.0,0.0,0.0,0.0,0.0020777729190408684,0.0396,1.4255999999999998,-0.2376,0.2,0.0,0.0,0.1989675347273536,0.0,0.0,0.0,0.0,0.0,square,0,0.2,0.25,3,6,5.549896478652954,0.0
1779527830.5454097,0.1989675347273536,0.0,0.0,0.0,0.0,0.0,0.1188,1.3860000000000001,-0.2376,0.2,0.0,0.0,0.1989675347273536,0.0,0.0,0.0,0.0,0.0,square,0,0.2,0.25,3,6,5.559914588928223,0.0
1779527830.555468,0.1989675347273536,0.0,0.0,0.0,0.0,0.0,0.1584,1.4652,-0.5544000000000001,0.2,0.0,0.0,0.1989675347273536,0.0,0.0,0.0,0.0,0.0,square,0,0.2,0.25,3,6,5.569896459579468,0.0
1779527830.5654573,0.1989675347273536,0.0,0.0,0.0,0.0,0.0,0.1584,1.3464,-0.3168,0.2,0.0,0.0,0.1989675347273536,0.0,0.0,0.0,0.0,0.0,square,0,0.2,0.25,3,6,5.5799548625946045,0.0
1779527830.5754318,0.1989675347273536,0.0,0.0,0.0,0.0,0.0,0.1584,1.5048000000000001,-0.198,0.2,0.0,0.0,0.1989675347273536,0.0,0.0,0.0,0.0,0.0,square,0,0.2,0.25,3,6,5.589944124221802,0.0
1779527830.5854168,0.1989675347273536,0.0,0.0,0.0,0.0,0.0,0.1584,1.3464,-0.1584,0.2,0.0,0.0,0.1989675347273536,0.0,0.0,0.0020777729190408684,0.0020777729190408684,0.0,square,0,0.2,0.25,3,6,5.599918603897095,0.0
1779527830.595445,0.1989675347273536,0.0,0.0,0.0020777729190408684,0.0020777729190408684,0.0,0.1188,1.5048000000000001,-0.396,0.2,0.0,0.0,0.1989675347273536,0.0,0.0,0.0020777729190408684,0.0,0.0,square,0,0.2,0.25,3,6,5.609903573989868,0.0
1779527830.6054444,0.1989675347273536,0.0,0.0,0.0020777729190408684,0.0,0.0,0.1188,1.4652,-0.35639999999999994,0.2,0.0,0.0,0.1989675347273536,0.0,0.0,0.0,0.0,0.0,square,0,0.2,0.25,3,6,5.619931697845459,0.0
1779527830.6154153,0.1989675347273536,0.0,0.0,0.0,0.0,0.0,0.1188,1.4652,-0.4356,0.2,0.0,0.0,0.1989675347273536,0.0,0.0,0.0,0.0,0.0,square,0,0.2,0.25,3,6,5.629931211471558,0.0
1779527830.6254127,0.1989675347273536,0.0,0.0,0.0,0.0,0.0,0.1584,1.4255999999999998,-0.2376,0.2,0.0,0.0,0.1989675347273536,0.0,0.0,-0.0020777729190408684,0.0020777729190408684,-0.0020777729190408684,square,0,0.2,0.25,3,6,5.639902114868164,0.0
1779527830.6354668,0.1989675347273536,0.0,0.0,-0.0020777729190408684,0.0020777729190408684,-0.0020777729190408684,0.0792,1.3464,0.1584,0.2,0.0,0.0,0.1989675347273536,0.0,0.0,0.0,-0.0020777729190408684,0.0,square,0,0.2,0.25,3,6,5.649899482727051,0.0
1779527830.6454222,0.1989675347273536,0.0,0.0,0.0,-0.0020777729190408684,0.0,0.0792,1.3860000000000001,-0.4356,0.2,0.0,0.0,0.1989675347273536,0.0,0.0,0.0,0.0,0.0020777729190408684,square,0,0.2,0.25,3,6,5.659953594207764,0.0
1779527830.655413,0.1989675347273536,0.0,0.0,0.0,0.0,0.0020777729190408684,0.0792,1.3464,-0.3168,0.2,0.0,0.0,0.1989675347273536,0.0,0.0,-0.0020777729190408684,0.0,0.0,square,0,0.2,0.25,3,6,5.6699090003967285,0.0
1779527830.6654317,0.1989675347273536,0.0,0.0,-0.0020777729190408684,0.0,0.0,0.1188,1.5048000000000001,-0.27720000000000006,0.2,0.0,0.0,0.1989675347273536,0.0,0.0,0.0,0.0,0.0,square,0,0.2,0.25,3,6,5.6798996925354,0.0
1779527830.675425,0.1989675347273536,0.0,0.0,0.0,0.0,0.0,0.1584,1.4652,-0.4356,0.2,0.0,0.0,0.1989675347273536,0.0,0.0,0.0,0.0,0.0,square,0,0.2,0.25,3,6,5.689918518066406,0.0
1779527830.6854198,0.1989675347273536,0.0,0.0,0.0,0.0,0.0,0.1188,1.3860000000000001,0.27720000000000006,0.2,0.0,0.0,0.1989675347273536,0.0,0.0,0.0020777729190408684,0.0,0.0,square,0,0.2,0.25,3,6,5.699911832809448,0.0
1779527830.6954129,0.1989675347273536,0.0,0.0,0.0020777729190408684,0.0,0.0,0.1584,1.3068,-0.3168,0.2,0.0,0.0,0.1989675347273536,0.0,0.0,0.0,0.0020777729190408684,0.0,square,0,0.2,0.25,3,6,5.709906578063965,0.0
1779527830.705409,0.1989675347273536,0.0,0.0,0.0,0.0020777729190408684,0.0,0.198,1.4255999999999998,-0.27720000000000006,0.2,0.0,0.0,0.1989675347273536,0.0,0.0,0.0,0.0,0.0,square,0,0.2,0.25,3,6,5.719899654388428,0.0
1779527830.7154384,0.1989675347273536,0.0,0.0,0.0,0.0,0.0,0.1188,1.2276,-0.27720000000000006,0.2,0.0,0.0,0.1989675347273536,0.0,0.0,0.0,0.0,0.0,square,0,0.2,0.25,3,6,5.729895830154419,0.0
1779527830.7254097,0.1989675347273536,0.0,0.0,0.0,0.0,0.0,0.1188,1.4255999999999998,-0.35639999999999994,0.2,0.0,0.0,0.1989675347273536,0.0,0.0,0.0,0.0,0.0020777729190408684,square,0,0.2,0.25,3,6,5.739925146102905,0.0
1779527830.7354124,0.1989675347273536,0.0,0.0,0.0,0.0,0.0020777729190408684,0.0792,1.4255999999999998,-0.396,0.2,0.0,0.0,0.1989675347273536,0.0,0.0,0.0,0.0,0.0,square,0,0.2,0.25,3,6,5.74989652633667,0.0
1779527830.7454112,0.1989675347273536,0.0,0.0,0.0,0.0,0.0,0.0792,1.4652,-0.27720000000000006,0.2,0.0,0.0,0.1989675347273536,0.0,0.0,0.0,0.0,0.0,square,0,0.2,0.25,3,6,5.759899139404297,0.0
1779527830.7554255,0.1989675347273536,0.0,0.0,0.0,0.0,0.0,0.1188,1.3068,-0.4356,0.2,0.0,0.0,0.1989675347273536,0.0,0.0,0.0,0.0,0.0,square,0,0.2,0.25,3,6,5.769897937774658,0.0
1779527830.7654078,0.1989675347273536,0.0,0.0,0.0,0.0,0.0,0.0396,1.3464,-0.198,0.2,0.0,0.0,0.1989675347273536,0.0,0.0,0.0,0.0,0.0,square,0,0.2,0.25,3,6,5.779912233352661,0.0
1779527830.7754118,0.1989675347273536,0.0,0.0,0.0,0.0,0.0,0.0792,1.2672,-0.27720000000000006,0.2,0.0,0.0,0.1989675347273536,0.0,0.0,0.0,-0.0020777729190408684,0.0020777729190408684,square,0,0.2,0.25,3,6,5.7898945808410645,0.0
1779527830.7854123,0.1989675347273536,0.0,0.0,0.0,-0.0020777729190408684,0.0020777729190408684,0.0792,1.4652,-0.4752,0.2,0.0,0.0,0.1989675347273536,0.0,0.0,0.0,0.0,0.0,square,0,0.2,0.25,3,6,5.799898624420166,0.0
1779527830.7954159,0.1989675347273536,0.0,0.0,0.0,0.0,0.0,0.1188,1.4255999999999998,-0.5544000000000001,0.2,0.0,0.0,0.1989675347273536,0.0,0.0,0.0,0.0,0.0,square,0,0.2,0.25,3,6,5.809899091720581,0.0
1779527830.8054557,0.1989675347273536,0.0,0.0,0.0,0.0,0.0,0.0396,1.5048000000000001,-0.396,0.2,0.0,0.0,0.1989675347273536,0.0,0.0,0.0,0.0,0.0,square,0,0.2,0.25,3,6,5.819902658462524,0.0
1779527830.8154106,0.1989675347273536,0.0,0.0,0.0,0.0,0.0,0.1584,1.3860000000000001,-0.35639999999999994,0.2,0.0,0.0,0.1989675347273536,0.0,0.0,0.0,0.0,0.0,square,0,0.2,0.25,3,6,5.829942464828491,0.0
1779527830.8254123,0.1989675347273536,0.0,0.0,0.0,0.0,0.0,0.1188,1.3464,-0.396,0.2,0.0,0.0,0.1989675347273536,0.0,0.0,0.0,0.0,0.0,square,0,0.2,0.25,3,6,5.839897394180298,0.0
1779527830.8354127,0.1989675347273536,0.0,0.0,0.0,0.0,0.0,0.1188,1.3860000000000001,-0.198,0.2,0.0,0.0,0.1989675347273536,0.0,0.0,0.0,-0.004155545838081737,0.0,square,0,0.2,0.25,3,6,5.849899053573608,0.0
1779527830.8453925,0.1989675347273536,0.0,0.0,0.0,-0.004155545838081737,0.0,0.1188,1.3068,0.27720000000000006,0.2,0.0,0.0,0.1989675347273536,0.0,0.0,0.0,0.0,0.0020777729190408684,square,0,0.2,0.25,3,6,5.859899520874023,0.0
1779527830.8554087,0.1989675347273536,0.0,0.0,0.0,0.0,0.0020777729190408684,0.1188,1.5048000000000001,-0.27720000000000006,0.2,0.0,0.0,0.1989675347273536,0.0,0.0,0.0,0.0,0.0,square,0,0.2,0.25,3,6,5.869879245758057,0.0
1779527830.865412,0.1989675347273536,0.0,0.0,0.0,0.0,0.0,0.1188,1.3068,-0.35639999999999994,0.2,0.0,0.0,0.1989675347273536,0.0,0.0,0.0020777729190408684,0.0,0.0,square,0,0.2,0.25,3,6,5.879895448684692,0.0
1779527830.875415,0.1989675347273536,0.0,0.0,0.0020777729190408684,0.0,0.0,0.1188,1.4255999999999998,-0.396,0.2,0.0,0.0,0.1989675347273536,0.0,0.0,0.0,0.0,0.0,square,0,0.2,0.25,3,6,5.889898777008057,0.0
1779527830.885416,0.1989675347273536,0.0,0.0,0.0,0.0,0.0,0.0792,1.5048000000000001,-0.27720000000000006,0.2,0.0,0.0,0.1989675347273536,0.0,0.0,0.0,0.0,-0.0020777729190408684,square,0,0.2,0.25,3,6,5.899901866912842,0.0
1779527830.8954132,0.1989675347273536,0.0,0.0,0.0,0.0,-0.0020777729190408684,0.0792,1.4652,-0.1584,0.2,0.0,0.0,0.1989675347273536,0.0,0.0,0.0,0.0,0.0,square,0,0.2,0.25,3,6,5.909902811050415,0.0
1779527830.905412,0.1989675347273536,0.0,0.0,0.0,0.0,0.0,0.0396,1.3464,-0.198,0.2,0.0,0.0,0.1989675347273536,0.0,0.0,0.0,0.0,-0.0020777729190408684,square,0,0.2,0.25,3,6,5.919899940490723,0.0
1779527830.915413,0.1989675347273536,0.0,0.0,0.0,0.0,-0.0020777729190408684,0.1188,1.5444,-0.27720000000000006,0.2,0.0,0.0,0.1989675347273536,0.0,0.0,0.0020777729190408684,0.0,0.0,square,0,0.2,0.25,3,6,5.929898738861084,0.0
1779527830.9254262,0.1989675347273536,0.0,0.0,0.0020777729190408684,0.0,0.0,0.1188,1.3860000000000001,-0.396,0.2,0.0,0.0,0.1989675347273536,0.0,0.0,0.0,0.0,0.0,square,0,0.2,0.25,3,6,5.939899682998657,0.0
1779527830.9354115,0.1989675347273536,0.0,0.0,0.0,0.0,0.0,0.1188,1.3464,-0.3168,0.2,0.0,0.0,0.1989675347273536,0.0,0.0,0.0,0.0,0.0,square,0,0.2,0.25,3,6,5.949913024902344,0.0
1779527830.9454103,0.1989675347273536,0.0,0.0,0.0,0.0,0.0,0.198,1.5048000000000001,-0.396,0.2,0.0,0.0,0.1989675347273536,0.0,0.0,0.0,0.0,0.0,square,0,0.2,0.25,3,6,5.959898233413696,0.0
1779527830.955412,0.1989675347273536,0.0,0.0,0.0,0.0,0.0,0.1188,1.3068,-0.4752,0.2,0.0,0.0,0.1989675347273536,0.0,0.0,0.0,0.0,0.0,square,0,0.2,0.25,3,6,5.969897031784058,0.0
1779527830.9654322,0.1989675347273536,0.0,0.0,0.0,0.0,0.0,0.1188,1.5048000000000001,0.27720000000000006,0.2,0.0,0.0,0.1989675347273536,0.0,0.0,0.0,0.0,0.0020777729190408684,square,0,0.2,0.25,3,6,5.979898691177368,0.0
1779527830.9754105,0.1989675347273536,0.0,0.0,0.0,0.0,0.0020777729190408684,0.1584,1.3860000000000001,-0.0792,0.2,0.0,0.0,0.1989675347273536,0.0,0.0,0.0,0.0,0.0,square,0,0.2,0.25,3,6,5.989918947219849,0.0
1779527830.98554,0.1989675347273536,0.0,0.0,0.0,0.0,0.0,0.1188,1.4255999999999998,-0.35639999999999994,0.2,0.0,0.0,0.1989675347273536,0.0,0.0,-0.0020777729190408684,0.0,0.0,square,0,0.2,0.25,3,6,5.999897241592407,0.0
1779527830.9954093,0.1989675347273536,0.0,0.0,-0.0020777729190408684,0.0,0.0,0.0792,1.5048000000000001,-0.396,-0.2,0.0,0.0,0.1989675347273536,0.0,0.0,0.0,0.0,0.0,square,0,0.2,0.25,3,6,6.010026693344116,0.0
1779527831.0054643,0.1989675347273536,0.0,0.0,0.0,0.0,0.0,0.0792,1.3068,-0.27720000000000006,-0.2,0.0,0.0,0.1989675347273536,0.0,0.0,0.0020777729190408684,0.0,0.0,square,0,0.2,0.25,3,6,6.019896030426025,0.0
1779527831.015444,0.1989675347273536,0.0,0.0,0.0020777729190408684,0.0,0.0,0.0792,1.3068,-0.27720000000000006,-0.2,0.0,0.0,0.19722220547535924,0.0,0.0,-0.19946620022792336,0.0,0.0,square,0,0.2,0.25,3,6,6.029951095581055,0.0
1779527831.0254142,0.19722220547535924,0.0,0.0,-0.19946620022792336,0.0,0.0,13.2264,0.5148,-0.2376,-0.2,0.0,0.0,0.17453292519943295,0.0,0.0,-1.768184754103779,0.0,0.0,square,0,0.2,0.25,3,6,6.039930820465088,0.0
1779527831.0354123,0.17453292519943295,0.0,0.0,-1.768184754103779,0.0,0.0,4.5144,0.4752,0.396,-0.2,0.0,0.0,0.14137166941154067,0.0,0.0,-3.162370382780202,-0.010388864595204342,0.004155545838081737,square,0,0.2,0.25,3,6,6.049901008605957,0.0
1779527831.0454307,0.14137166941154067,0.0,0.0,-3.162370382780202,-0.010388864595204342,0.004155545838081737,6.494400000000001,1.3464,4.752000000000001,-0.2,0.0,0.0,0.10122909661567113,0.0,0.0,-3.8106355335209527,0.0,-0.006233318757122605,square,0,0.2,0.25,3,6,6.059899091720581,0.0
1779527831.055417,0.10122909661567113,0.0,0.0,-3.8106355335209527,0.0,-0.006233318757122605,6.138000000000001,1.6632,2.7720000000000002,-0.2,0.0,0.0,0.05585053606381855,0.0,0.0,-4.3342343091192514,0.0,0.004155545838081737,square,0,0.2,0.25,3,6,6.069917440414429,0.0
1779527831.0654063,0.05585053606381855,0.0,0.0,-4.3342343091192514,0.0,0.004155545838081737,1.6236000000000002,1.6632,1.6632,-0.2,0.0,0.0,0.012217304763960306,0.0,0.0,-4.421500771718968,0.006233318757122605,0.006233318757122605,square,0,0.2,0.25,3,6,6.079903841018677,0.0
1779527831.0754254,0.012217304763960306,0.0,0.0,-4.421500771718968,0.006233318757122605,0.006233318757122605,-1.7028,1.6632,-0.396,-0.2,0.0,0.0,-0.02617993877991494,0.0,0.0,-3.943613000339568,0.010388864595204342,0.0020777729190408684,square,0,0.2,0.25,3,6,6.089893102645874,0.0
1779527831.0854192,-0.02617993877991494,0.0,0.0,-3.943613000339568,0.010388864595204342,0.0020777729190408684,-0.3168,3.2076000000000002,3.2472000000000003,-0.2,0.0,0.0,-0.05759586531581287,0.0,0.0,-3.3701476746842887,0.010388864595204342,-0.0020777729190408684,square,0,0.2,0.25,3,6,6.099912166595459,0.0
1779527831.095419,-0.05759586531581287,0.0,0.0,-3.3701476746842887,0.010388864595204342,-0.0020777729190408684,-2.6928,2.3760000000000003,-0.99,-0.2,0.0,0.0,-0.08552113334772216,0.0,0.0,-2.8507044449240713,0.0,-0.006233318757122605,square,0,0.2,0.25,3,6,6.109905958175659,0.0
1779527831.1054106,-0.08552113334772216,0.0,0.0,-2.8507044449240713,0.0,-0.006233318757122605,-3.9204,2.7720000000000002,-0.6732,-0.2,0.0,0.0,-0.10821041362364843,0.0,0.0,-2.3582722631113855,-0.010388864595204342,0.0,square,0,0.2,0.25,3,6,6.119905710220337,0.0
1779527831.1154106,-0.10821041362364843,0.0,0.0,-2.3582722631113855,-0.010388864595204342,0.0,-4.5935999999999995,2.7720000000000002,0.4752,-0.2,0.0,0.0,-0.12566370614359174,0.0,0.0,-1.9053177667604764,-0.02493327502849042,0.0,square,0,0.2,0.25,3,6,6.129897356033325,0.0
1779527831.1254373,-0.12566370614359174,0.0,0.0,-1.9053177667604764,-0.02493327502849042,0.0,-1.8215999999999999,1.3860000000000001,0.6336,-0.2,0.0,0.0,-0.14137166941154067,0.0,0.0,-1.516774230899834,-0.029088820866572156,0.0020777729190408684,square,0,0.2,0.25,3,6,6.139897346496582,0.0
1779527831.1354203,-0.14137166941154067,0.0,0.0,-1.516774230899834,-0.029088820866572156,0.0020777729190408684,0.0,0.3168,0.0396,-0.2,0.0,0.0,-0.1518436449235067,0.0,0.0,-1.2279637951531532,-0.010388864595204342,0.0,square,0,0.2,0.25,3,6,6.149924039840698,0.0
1779527831.1454096,-0.1518436449235067,0.0,0.0,-1.2279637951531532,-0.010388864595204342,0.0,0.7127999999999999,-0.5544000000000001,-0.396,-0.2,0.0,0.0,-0.16231562043547265,0.0,0.0,-1.0077198657348212,0.008311091676163474,0.0,square,0,0.2,0.25,3,6,6.159907102584839,0.0
1779527831.1554093,-0.16231562043547265,0.0,0.0,-1.0077198657348212,0.008311091676163474,0.0,0.2376,0.99,-0.5940000000000001,-0.2,0.0,0.0,-0.16929693744344998,0.0,0.0,-0.8394202592925109,0.008311091676163474,0.0,square,0,0.2,0.25,3,6,6.169896364212036,0.0
1779527831.1655354,-0.16929693744344998,0.0,0.0,-0.8394202592925109,0.008311091676163474,0.0,-0.396,0.99,-0.5544000000000001,-0.2,0.0,0.0,-0.1762782544514273,0.0,0.0,-0.6835872903644457,0.029088820866572156,0.0,square,0,0.2,0.25,3,6,6.179896116256714,0.0
1779527831.1754274,-0.1762782544514273,0.0,0.0,-0.6835872903644457,0.029088820866572156,0.0,0.2376,1.7028,-0.27720000000000006,-0.2,0.0,0.0,-0.18151424220741028,0.0,0.0,-0.5485320506267892,0.022855502109449553,0.0,square,0,0.2,0.25,3,6,6.190022230148315,0.0
1779527831.1854103,-0.18151424220741028,0.0,0.0,-0.5485320506267892,0.022855502109449553,0.0,-0.27720000000000006,1.8612000000000002,-0.198,-0.2,0.0,0.0,-0.18500490071139894,0.0,0.0,-0.4280212213224189,0.01246663751424521,0.0020777729190408684,square,0,0.2,0.25,3,6,6.199914216995239,0.0
1779527831.1954126,-0.18500490071139894,0.0,0.0,-0.4280212213224189,0.01246663751424521,0.0020777729190408684,0.0,1.3860000000000001,-0.35639999999999994,-0.2,0.0,0.0,-0.18849555921538758,0.0,0.0,-0.33036589412749806,0.006233318757122605,-0.0020777729190408684,square,0,0.2,0.25,3,6,6.209897041320801,0.0
1779527831.2054105,-0.18849555921538758,0.0,0.0,-0.33036589412749806,0.006233318757122605,-0.0020777729190408684,0.7127999999999999,1.1880000000000002,-0.1188,-0.2,0.0,0.0,-0.19198621771937624,0.0,0.0,-0.29296598158476245,0.0,0.0,square,0,0.2,0.25,3,6,6.219899415969849,0.0
1779527831.2154374,-0.19198621771937624,0.0,0.0,-0.29296598158476245,0.0,0.0,-0.1584,1.3860000000000001,-0.4356,-0.2,0.0,0.0,-0.1937315469713706,0.0,0.0,-0.22647724817545464,-0.0020777729190408684,-0.0020777729190408684,square,0,0.2,0.25,3,6,6.2298972606658936,0.0
1779527831.2254074,-0.1937315469713706,0.0,0.0,-0.22647724817545464,-0.0020777729190408684,-0.0020777729190408684,-0.5148,1.1483999999999999,0.198,-0.2,0.0,0.0,-0.1954768762233649,0.0,0.0,-0.17453292519943295,-0.006233318757122605,0.0,square,0,0.2,0.25,3,6,6.239924192428589,0.0
1779527831.2354107,-0.1954768762233649,0.0,0.0,-0.17453292519943295,-0.006233318757122605,0.0,-0.6732,1.0692,-0.27720000000000006,-0.2,0.0,0.0,-0.1954768762233649,0.0,0.0,-0.1308996938995747,-0.010388864595204342,0.0020777729190408684,square,0,0.2,0.25,3,6,6.249894142150879,0.0
1779527831.2454123,-0.1954768762233649,0.0,0.0,-0.1308996938995747,-0.010388864595204342,0.0020777729190408684,-0.7127999999999999,0.9107999999999999,-0.3168,-0.2,0.0,0.0,-0.19722220547535924,0.0,0.0,-0.09142200843779821,-0.004155545838081737,0.0,square,0,0.2,0.25,3,6,6.259897470474243,0.0
1779527831.2554204,-0.19722220547535924,0.0,0.0,-0.09142200843779821,-0.004155545838081737,0.0,-0.3168,0.9504,-0.2376,-0.2,0.0,0.0,-0.19722220547535924,0.0,0.0,-0.05194432297602171,-0.0020777729190408684,-0.0020777729190408684,square,0,0.2,0.25,3,6,6.269899129867554,0.0
1779527831.2654707,-0.19722220547535924,0.0,0.0,-0.05194432297602171,-0.0020777729190408684,-0.0020777729190408684,0.27720000000000006,0.99,-0.3168,-0.2,0.0,0.0,-0.1989675347273536,0.0,0.0,-0.05609986881410345,0.0,0.0,square,0,0.2,0.25,3,6,6.2799072265625,0.0
1779527831.2754142,-0.1989675347273536,0.0,0.0,-0.05609986881410345,0.0,0.0,-0.2376,0.9504,-0.3168,-0.2,0.0,0.0,-0.1989675347273536,0.0,0.0,-0.035322139623694765,0.0020777729190408684,0.0,square,0,0.2,0.25,3,6,6.289957523345947,0.0
1779527831.2854123,-0.1989675347273536,0.0,0.0,-0.035322139623694765,0.0020777729190408684,0.0,0.0,1.2672,-0.27720000000000006,-0.2,0.0,0.0,-0.1989675347273536,0.0,0.0,-0.02493327502849042,0.004155545838081737,-0.0020777729190408684,square,0,0.2,0.25,3,6,6.299901008605957,0.0
1779527831.2954106,-0.1989675347273536,0.0,0.0,-0.02493327502849042,0.004155545838081737,-0.0020777729190408684,0.1188,1.2672,-0.27720000000000006,-0.2,0.0,0.0,-0.1989675347273536,0.0,0.0,-0.016622183352326948,0.006233318757122605,0.0,square,0,0.2,0.25,3,6,6.309899091720581,0.0
1779527831.30547,-0.1989675347273536,0.0,0.0,-0.016622183352326948,0.006233318757122605,0.0,0.1188,1.3068,-0.27720000000000006,-0.2,0.0,0.0,-0.1989675347273536,0.0,0.0,-0.01246663751424521,0.004155545838081737,0.0,square,0,0.2,0.25,3,6,6.319897413253784,0.0
1779527831.315415,-0.1989675347273536,0.0,0.0,-0.01246663751424521,0.004155545838081737,0.0,0.198,1.4255999999999998,-0.2376,-0.2,0.0,0.0,-0.1989675347273536,0.0,0.0,-0.008311091676163474,0.0,0.0,square,0,0.2,0.25,3,6,6.329956769943237,0.0
1779527831.3254123,-0.1989675347273536,0.0,0.0,-0.008311091676163474,0.0,0.0,0.2376,1.3860000000000001,-0.4356,-0.2,0.0,0.0,-0.1989675347273536,0.0,0.0,-0.006233318757122605,0.0,0.0,square,0,0.2,0.25,3,6,6.339901685714722,0.0
1779527831.3355844,-0.1989675347273536,0.0,0.0,-0.006233318757122605,0.0,0.0,0.198,1.3068,-0.2376,-0.2,0.0,0.0,-0.1989675347273536,0.0,0.0,-0.004155545838081737,-0.0020777729190408684,0.0020777729190408684,square,0,0.2,0.25,3,6,6.349899053573608,0.0
1779527831.3454134,-0.1989675347273536,0.0,0.0,-0.004155545838081737,-0.0020777729190408684,0.0020777729190408684,-0.1584,1.1483999999999999,-0.1584,-0.2,0.0,0.0,-0.1989675347273536,0.0,0.0,-0.004155545838081737,-0.006233318757122605,-0.0020777729190408684,square,0,0.2,0.25,3,6,6.360071182250977,0.0
1779527831.3554106,-0.1989675347273536,0.0,0.0,-0.004155545838081737,-0.006233318757122605,-0.0020777729190408684,-0.0792,1.0692,-0.4752,-0.2,0.0,0.0,-0.1989675347273536,0.0,0.0,-0.0020777729190408684,-0.0020777729190408684,0.0,square,0,0.2,0.25,3,6,6.369900226593018,0.0
1779527831.3654068,-0.1989675347273536,0.0,0.0,-0.0020777729190408684,-0.0020777729190408684,0.0,-0.1188,0.99,-0.6732,-0.2,0.0,0.0,-0.1989675347273536,0.0,0.0,0.0,0.0,0.0,square,0,0.2,0.25,3,6,6.379897356033325,0.0
1779527831.3754144,-0.1989675347273536,0.0,0.0,0.0,0.0,0.0,-0.0792,1.2276,-0.4752,-0.2,0.0,0.0,-0.1989675347273536,0.0,0.0,-0.0020777729190408684,0.0,0.0,square,0,0.2,0.25,3,6,6.389893531799316,0.0
1779527831.3854127,-0.1989675347273536,0.0,0.0,-0.0020777729190408684,0.0,0.0,0.0,1.2672,-0.4752,-0.2,0.0,0.0,-0.1989675347273536,0.0,0.0,-0.0020777729190408684,0.0,0.0,square,0,0.2,0.25,3,6,6.3999011516571045,0.0
1779527831.3954117,-0.1989675347273536,0.0,0.0,-0.0020777729190408684,0.0,0.0,-0.0396,1.1880000000000002,-0.396,-0.2,0.0,0.0,-0.1989675347273536,0.0,0.0,0.0,0.0020777729190408684,0.0,square,0,0.2,0.25,3,6,6.409899473190308,0.0
1779527831.405413,-0.1989675347273536,0.0,0.0,0.0,0.0020777729190408684,0.0,0.0,1.3860000000000001,-0.5544000000000001,-0.2,0.0,0.0,-0.1989675347273536,0.0,0.0,0.0020777729190408684,0.0,0.0,square,0,0.2,0.25,3,6,6.419898509979248,0.0
1779527831.4154134,-0.1989675347273536,0.0,0.0,0.0020777729190408684,0.0,0.0,0.0396,1.1880000000000002,0.5940000000000001,-0.2,0.0,0.0,-0.1989675347273536,0.0,0.0,0.0020777729190408684,0.0020777729190408684,0.0,square,0,0.2,0.25,3,6,6.4298996925354,0.0
1779527831.4254265,-0.1989675347273536,0.0,0.0,0.0020777729190408684,0.0020777729190408684,0.0,-0.0396,1.2672,0.4752,-0.2,0.0,0.0,-0.1989675347273536,0.0,0.0,0.0020777729190408684,0.0,0.0,square,0,0.2,0.25,3,6,6.439900159835815,0.0
1779527831.435412,-0.1989675347273536,0.0,0.0,0.0020777729190408684,0.0,0.0,-0.0396,1.1483999999999999,-0.6336,-0.2,0.0,0.0,-0.1989675347273536,0.0,0.0,0.0,0.0,0.0,square,0,0.2,0.25,3,6,6.449913263320923,0.0
1779527831.4454117,-0.1989675347273536,0.0,0.0,0.0,0.0,0.0,-0.0396,1.3068,-0.4752,-0.2,0.0,0.0,-0.1989675347273536,0.0,0.0,0.004155545838081737,0.0,0.0,square,0,0.2,0.25,3,6,6.4598987102508545,0.0
1779527831.4554126,-0.1989675347273536,0.0,0.0,0.004155545838081737,0.0,0.0,-0.0396,1.3860000000000001,-0.3168,-0.2,0.0,0.0,-0.1989675347273536,0.0,0.0,0.0,0.0,0.0,square,0,0.2,0.25,3,6,6.469898462295532,0.0
1779527831.4654324,-0.1989675347273536,0.0,0.0,0.0,0.0,0.0,-0.0792,1.2672,-0.35639999999999994,-0.2,0.0,0.0,-0.1989675347273536,0.0,0.0,0.0,0.0,0.0,square,0,0.2,0.25,3,6,6.4798994064331055,0.0
1779527831.475422,-0.1989675347273536,0.0,0.0,0.0,0.0,0.0,-0.0396,1.2672,-0.4356,-0.2,0.0,0.0,-0.1989675347273536,0.0,0.0,0.0,0.0,0.0,square,0,0.2,0.25,3,6,6.489919185638428,0.0
1779527831.485413,-0.1989675347273536,0.0,0.0,0.0,0.0,0.0,-0.0396,1.1880000000000002,-0.4356,-0.2,0.0,0.0,-0.1989675347273536,0.0,0.0,0.0,0.0,0.0,square,0,0.2,0.25,3,6,6.499908685684204,0.0
1779527831.4954126,-0.1989675347273536,0.0,0.0,0.0,0.0,0.0,-0.0396,1.3068,-0.4752,-0.2,0.0,0.0,-0.1989675347273536,0.0,0.0,0.0,0.0020777729190408684,0.0,square,0,0.2,0.25,3,6,6.509899854660034,0.0
1779527831.5055573,-0.1989675347273536,0.0,0.0,0.0,0.0020777729190408684,0.0,-0.0792,1.1483999999999999,-0.4752,-0.2,0.0,0.0,-0.1989675347273536,0.0,0.0,-0.0020777729190408684,0.0,0.0,square,0,0.2,0.25,3,6,6.519899368286133,0.0
1779527831.5154095,-0.1989675347273536,0.0,0.0,-0.0020777729190408684,0.0,0.0,-0.1188,1.3464,-0.396,-0.2,0.0,0.0,-0.1989675347273536,0.0,0.0,0.0,0.0,0.0020777729190408684,square,0,0.2,0.25,3,6,6.530044078826904,0.0
1779527831.525385,-0.1989675347273536,0.0,0.0,0.0,0.0,0.0020777729190408684,0.1188,1.3860000000000001,-0.3168,-0.2,0.0,0.0,-0.1989675347273536,0.0,0.0,0.0,0.0,0.0,square,0,0.2,0.25,3,6,6.539896249771118,0.0
1779527831.5354319,-0.1989675347273536,0.0,0.0,0.0,0.0,0.0,0.1188,1.2672,-0.3168,-0.2,0.0,0.0,-0.1989675347273536,0.0,0.0,0.0,0.0,0.0,square,0,0.2,0.25,3,6,6.5498716831207275,0.0
1779527831.5454328,-0.1989675347273536,0.0,0.0,0.0,0.0,0.0,-0.0396,1.4255999999999998,-0.3168,-0.2,0.0,0.0,-0.1989675347273536,0.0,0.0,0.0020777729190408684,0.0,0.0,square,0,0.2,0.25,3,6,6.559918642044067,0.0
1779527831.5553863,-0.1989675347273536,0.0,0.0,0.0020777729190408684,0.0,0.0,0.0,1.2276,-0.4356,-0.2,0.0,0.0,-0.1989675347273536,0.0,0.0,0.0020777729190408684,-0.0020777729190408684,0.0020777729190408684,square,0,0.2,0.25,3,6,6.569919586181641,0.0
1779527831.565432,-0.1989675347273536,0.0,0.0,0.0020777729190408684,-0.0020777729190408684,0.0020777729190408684,-0.0396,1.3860000000000001,-0.5148,-0.2,0.0,0.0,-0.1989675347273536,0.0,0.0,0.0020777729190408684,0.0,0.0,square,0,0.2,0.25,3,6,6.579873085021973,0.0
1779527831.5753913,-0.1989675347273536,0.0,0.0,0.0020777729190408684,0.0,0.0,0.0,1.3464,-0.396,-0.2,0.0,0.0,-0.1989675347273536,0.0,0.0,0.0,0.0,0.0,square,0,0.2,0.25,3,6,6.589918851852417,0.0
1779527831.585384,-0.1989675347273536,0.0,0.0,0.0,0.0,0.0,0.0,1.3464,-0.4752,-0.2,0.0,0.0,-0.1989675347273536,0.0,0.0,0.0,0.0,0.0,square,0,0.2,0.25,3,6,6.5998780727386475,0.0
1779527831.5954795,-0.1989675347273536,0.0,0.0,0.0,0.0,0.0,-0.0792,1.2672,-0.396,-0.2,0.0,0.0,-0.1989675347273536,0.0,0.0,-0.0020777729190408684,0.0,0.0,square,0,0.2,0.25,3,6,6.609870672225952,0.0
1779527831.6053998,-0.1989675347273536,0.0,0.0,-0.0020777729190408684,0.0,0.0,0.1584,1.2672,-0.27720000000000006,-0.2,0.0,0.0,-0.1989675347273536,0.0,0.0,0.0,0.0,0.0,square,0,0.2,0.25,3,6,6.619966268539429,0.0
1779527831.6154358,-0.1989675347273536,0.0,0.0,0.0,0.0,0.0,0.198,1.3464,-0.396,-0.2,0.0,0.0,-0.1989675347273536,0.0,0.0,0.0,0.0,0.0,square,0,0.2,0.25,3,6,6.629886627197266,0.0
1779527831.6254654,-0.1989675347273536,0.0,0.0,0.0,0.0,0.0,0.198,1.3464,-0.3168,-0.2,0.0,0.0,-0.1989675347273536,0.0,0.0,0.0,0.0,0.0,square,0,0.2,0.25,3,6,6.639922618865967,0.0
1779527831.6354587,-0.1989675347273536,0.0,0.0,0.0,0.0,0.0,-0.1188,1.4652,-0.396,-0.2,0.0,0.0,-0.1989675347273536,0.0,0.0,0.0020777729190408684,0.0,0.0,square,0,0.2,0.25,3,6,6.649952173233032,0.0
1779527831.6453867,-0.1989675347273536,0.0,0.0,0.0020777729190408684,0.0,0.0,-0.0792,1.3860000000000001,-0.27720000000000006,-0.2,0.0,0.0,-0.1989675347273536,0.0,0.0,0.0,0.0,0.0020777729190408684,square,0,0.2,0.25,3,6,6.659945487976074,0.0
1779527831.6553845,-0.1989675347273536,0.0,0.0,0.0,0.0,0.0020777729190408684,-0.1188,1.3464,-0.4752,-0.2,0.0,0.0,-0.1989675347273536,0.0,0.0,0.0,0.0,0.0,square,0,0.2,0.25,3,6,6.669873476028442,0.0
1779527831.6654327,-0.1989675347273536,0.0,0.0,0.0,0.0,0.0,-0.0792,1.3860000000000001,-0.396,-0.2,0.0,0.0,-0.1989675347273536,0.0,0.0,0.0,0.0,0.0,square,0,0.2,0.25,3,6,6.679871320724487,0.0
1779527831.6754274,-0.1989675347273536,0.0,0.0,0.0,0.0,0.0,-0.1188,1.2276,-0.5148,-0.2,0.0,0.0,-0.1989675347273536,0.0,0.0,0.0,-0.004155545838081737,0.0,square,0,0.2,0.25,3,6,6.689919471740723,0.0
1779527831.6854122,-0.1989675347273536,0.0,0.0,0.0,-0.004155545838081737,0.0,-0.0792,1.3464,0.27720000000000006,-0.2,0.0,0.0,-0.1989675347273536,0.0,0.0,0.0,0.0,0.0,square,0,0.2,0.25,3,6,6.699914216995239,0.0
1779527831.695412,-0.1989675347273536,0.0,0.0,0.0,0.0,0.0,0.1584,1.3860000000000001,-0.4356,-0.2,0.0,0.0,-0.1989675347273536,0.0,0.0,0.0,0.0,0.0,square,0,0.2,0.25,3,6,6.709898948669434,0.0
1779527831.7054129,-0.1989675347273536,0.0,0.0,0.0,0.0,0.0,0.198,1.2276,-0.5148,-0.2,0.0,0.0,-0.1989675347273536,0.0,0.0,0.0,0.0,0.0,square,0,0.2,0.25,3,6,6.719898700714111,0.0
1779527831.7154267,-0.1989675347273536,0.0,0.0,0.0,0.0,0.0,0.2376,1.4652,-0.5544000000000001,-0.2,0.0,0.0,-0.1989675347273536,0.0,0.0,0.0,0.0020777729190408684,0.0020777729190408684,square,0,0.2,0.25,3,6,6.729899644851685,0.0
1779527831.7254155,-0.1989675347273536,0.0,0.0,0.0,0.0020777729190408684,0.0020777729190408684,0.2376,1.4652,-0.4356,-0.2,0.0,0.0,-0.1989675347273536,0.0,0.0,0.0,0.0020777729190408684,0.0,square,0,0.2,0.25,3,6,6.739913463592529,0.0
1779527831.7354116,-0.1989675347273536,0.0,0.0,0.0,0.0020777729190408684,0.0,0.198,1.3464,-0.4356,-0.2,0.0,0.0,-0.1989675347273536,0.0,0.0,0.0,0.0,0.0,square,0,0.2,0.25,3,6,6.749902248382568,0.0
1779527831.7454116,-0.1989675347273536,0.0,0.0,0.0,0.0,0.0,-0.1584,1.5048000000000001,-0.4356,-0.2,0.0,0.0,-0.1989675347273536,0.0,0.0,0.0,0.0,0.0,square,0,0.2,0.25,3,6,6.75989842414856,0.0
1779527831.7554538,-0.1989675347273536,0.0,0.0,0.0,0.0,0.0,0.1584,1.4652,-0.5544000000000001,-0.2,0.0,0.0,-0.1989675347273536,0.0,0.0,0.0,-0.0020777729190408684,0.0,square,0,0.2,0.25,3,6,6.769898414611816,0.0
1779527831.765412,-0.1989675347273536,0.0,0.0,0.0,-0.0020777729190408684,0.0,-0.1188,1.4255999999999998,-0.4356,-0.2,0.0,0.0,-0.1989675347273536,0.0,0.0,0.0020777729190408684,-0.0020777729190408684,0.0020777729190408684,square,0,0.2,0.25,3,6,6.779940605163574,0.0
1779527831.7754123,-0.1989675347273536,0.0,0.0,0.0020777729190408684,-0.0020777729190408684,0.0020777729190408684,-0.0792,1.3860000000000001,-0.5148,-0.2,0.0,0.0,-0.1989675347273536,0.0,0.0,-0.0020777729190408684,0.0,0.0,square,0,0.2,0.25,3,6,6.789898872375488,0.0
1779527831.7854133,-0.1989675347273536,0.0,0.0,-0.0020777729190408684,0.0,0.0,-0.1188,1.4255999999999998,0.5940000000000001,-0.2,0.0,0.0,-0.1989675347273536,0.0,0.0,-0.0020777729190408684,0.0,-0.0020777729190408684,square,0,0.2,0.25,3,6,6.799899101257324,0.0
1779527831.795436,-0.1989675347273536,0.0,0.0,-0.0020777729190408684,0.0,-0.0020777729190408684,0.1584,1.3860000000000001,-0.4356,-0.2,0.0,0.0,-0.1989675347273536,0.0,0.0,0.0,0.0,0.0,square,0,0.2,0.25,3,6,6.8099000453948975,0.0
1779527831.8054128,-0.1989675347273536,0.0,0.0,0.0,0.0,0.0,0.2376,1.3860000000000001,-0.2376,-0.2,0.0,0.0,-0.1989675347273536,0.0,0.0,0.0,0.0,0.0020777729190408684,square,0,0.2,0.25,3,6,6.819922685623169,0.0
1779527831.8154526,-0.1989675347273536,0.0,0.0,0.0,0.0,0.0020777729190408684,0.2376,1.3464,-0.35639999999999994,-0.2,0.0,0.0,-0.1989675347273536,0.0,0.0,0.0,0.0,0.0,square,0,0.2,0.25,3,6,6.829899549484253,0.0
1779527831.825411,-0.1989675347273536,0.0,0.0,0.0,0.0,0.0,0.198,1.3068,-0.35639999999999994,-0.2,0.0,0.0,-0.1989675347273536,0.0,0.0,0.0020777729190408684,0.0,0.0,square,0,0.2,0.25,3,6,6.83993935585022,0.0
1779527831.8354137,-0.1989675347273536,0.0,0.0,0.0020777729190408684,0.0,0.0,0.1584,1.4652,0.3168,-0.2,0.0,0.0,-0.1989675347273536,0.0,0.0,0.0020777729190408684,0.0,0.0,square,0,0.2,0.25,3,6,6.849897861480713,0.0
1779527831.845413,-0.1989675347273536,0.0,0.0,0.0020777729190408684,0.0,0.0,0.0792,1.4255999999999998,-0.5148,-0.2,0.0,0.0,-0.1989675347273536,0.0,0.0,0.0,0.0,0.0,square,0,0.2,0.25,3,6,6.85990047454834,0.0
1779527831.855412,-0.1989675347273536,0.0,0.0,0.0,0.0,0.0,-0.1188,1.3860000000000001,-0.396,-0.2,0.0,0.0,-0.1989675347273536,0.0,0.0,0.0,0.0,0.0,square,0,0.2,0.25,3,6,6.869899749755859,0.0
1779527831.865423,-0.1989675347273536,0.0,0.0,0.0,0.0,0.0,-0.1188,1.3464,-0.5148,-0.2,0.0,0.0,-0.1989675347273536,0.0,0.0,0.0,0.0,0.0,square,0,0.2,0.25,3,6,6.8798987865448,0.0
1779527831.8754134,-0.1989675347273536,0.0,0.0,0.0,0.0,0.0,-0.0792,1.5048000000000001,-0.5148,-0.2,0.0,0.0,-0.1989675347273536,0.0,0.0,0.0,0.0,0.0,square,0,0.2,0.25,3,6,6.889909744262695,0.0
1779527831.885422,-0.1989675347273536,0.0,0.0,0.0,0.0,0.0,-0.0792,1.3464,-0.4356,-0.2,0.0,0.0,-0.1989675347273536,0.0,0.0,0.0,0.0,0.0020777729190408684,square,0,0.2,0.25,3,6,6.899900197982788,0.0
1779527831.8954117,-0.1989675347273536,0.0,0.0,0.0,0.0,0.0020777729190408684,-0.1188,1.4652,-0.27720000000000006,-0.2,0.0,0.0,-0.1989675347273536,0.0,0.0,0.0,0.0,0.0,square,0,0.2,0.25,3,6,6.909908771514893,0.0
1779527831.9054174,-0.1989675347273536,0.0,0.0,0.0,0.0,0.0,-0.198,1.3860000000000001,-0.4752,-0.2,0.0,0.0,-0.1989675347273536,0.0,0.0,0.0,-0.0020777729190408684,0.0,square,0,0.2,0.25,3,6,6.919898509979248,0.0
1779527831.9154124,-0.1989675347273536,0.0,0.0,0.0,-0.0020777729190408684,0.0,0.2376,1.4652,-0.3168,-0.2,0.0,0.0,-0.1989675347273536,0.0,0.0,0.0,0.0,0.0,square,0,0.2,0.25,3,6,6.929904222488403,0.0
1779527831.9253957,-0.1989675347273536,0.0,0.0,0.0,0.0,0.0,0.2376,1.3860000000000001,-0.4356,-0.2,0.0,0.0,-0.1989675347273536,0.0,0.0,0.0,0.0,0.0,square,0,0.2,0.25,3,6,6.939899206161499,0.0
1779527831.935413,-0.1989675347273536,0.0,0.0,0.0,0.0,0.0,0.1584,1.3860000000000001,-0.396,-0.2,0.0,0.0,-0.1989675347273536,0.0,0.0,0.0,0.0,0.0,square,0,0.2,0.25,3,6,6.949882507324219,0.0
1779527831.9454122,-0.1989675347273536,0.0,0.0,0.0,0.0,0.0,0.1584,1.4652,-0.5148,-0.2,0.0,0.0,-0.1989675347273536,0.0,0.0,0.0,0.0,0.0,square,0,0.2,0.25,3,6,6.959899663925171,0.0
1779527831.9554136,-0.1989675347273536,0.0,0.0,0.0,0.0,0.0,0.1584,1.3068,-0.35639999999999994,-0.2,0.0,0.0,-0.1989675347273536,0.0,0.0,0.0020777729190408684,0.0,0.0,square,0,0.2,0.25,3,6,6.96989893913269,0.0
1779527831.9654367,-0.1989675347273536,0.0,0.0,0.0020777729190408684,0.0,0.0,-0.0792,1.4255999999999998,-0.4356,-0.2,0.0,0.0,-0.1989675347273536,0.0,0.0,0.0,0.0,-0.0020777729190408684,square,0,0.2,0.25,3,6,6.979900360107422,0.0
1779527831.975447,-0.1989675347273536,0.0,0.0,0.0,0.0,-0.0020777729190408684,0.0792,1.5048000000000001,-0.3168,-0.2,0.0,0.0,-0.1989675347273536,0.0,0.0,0.0,0.0,-0.0020777729190408684,square,0,0.2,0.25,3,6,6.989923477172852,0.0
1779527831.9854128,-0.1989675347273536,0.0,0.0,0.0,0.0,-0.0020777729190408684,0.1584,1.3068,-0.5148,-0.2,0.0,0.0,-0.1989675347273536,0.0,0.0,0.0,0.0020777729190408684,0.0020777729190408684,square,0,0.2,0.25,3,6,6.99993371963501,0.0
1779527831.9954114,-0.1989675347273536,0.0,0.0,0.0,0.0020777729190408684,0.0020777729190408684,-0.0792,1.4652,-0.3168,-0.2,0.0,0.0,-0.1989675347273536,0.0,0.0,0.0,0.0,0.0,square,0,0.2,0.25,3,6,7.009899616241455,0.0
1779527832.0054207,-0.1989675347273536,0.0,0.0,0.0,0.0,0.0,-0.1584,1.3464,-0.396,-0.2,0.0,0.0,-0.1989675347273536,0.0,0.0,0.0,0.0,-0.0020777729190408684,square,0,0.2,0.25,3,6,7.019898176193237,0.0
1779527832.0154123,-0.1989675347273536,0.0,0.0,0.0,0.0,-0.0020777729190408684,-0.1584,1.5048000000000001,-0.5148,-0.2,0.0,0.0,-0.1989675347273536,0.0,0.0,0.0,0.0,0.0,square,0,0.2,0.25,3,6,7.029907464981079,0.0
1779527832.0254118,-0.1989675347273536,0.0,0.0,0.0,0.0,0.0,0.198,1.3464,-0.5544000000000001,-0.2,0.0,0.0,-0.1989675347273536,0.0,0.0,0.0,0.0,0.0020777729190408684,square,0,0.2,0.25,3,6,7.039899110794067,0.0
1779527832.0354178,-0.1989675347273536,0.0,0.0,0.0,0.0,0.0020777729190408684,0.1584,1.4652,-0.396,-0.2,0.0,0.0,-0.1989675347273536,0.0,0.0,0.0,0.0,-0.0020777729190408684,square,0,0.2,0.25,3,6,7.049898624420166,0.0
1779527832.0454376,-0.1989675347273536,0.0,0.0,0.0,0.0,-0.0020777729190408684,0.1584,1.5444,-0.3168,-0.2,0.0,0.0,-0.1989675347273536,0.0,0.0,0.0,0.0,0.0,square,0,0.2,0.25,3,6,7.0599045753479,0.0
1779527832.0554214,-0.1989675347273536,0.0,0.0,0.0,0.0,0.0,-0.1584,1.3860000000000001,-0.27720000000000006,-0.2,0.0,0.0,-0.1989675347273536,0.0,0.0,0.0,-0.0020777729190408684,0.0,square,0,0.2,0.25,3,6,7.069924354553223,0.0
1779527832.0654821,-0.1989675347273536,0.0,0.0,0.0,-0.0020777729190408684,0.0,-0.198,1.3860000000000001,-0.27720000000000006,-0.2,0.0,0.0,-0.1989675347273536,0.0,0.0,0.0,0.0,0.0,square,0,0.2,0.25,3,6,7.079908132553101,0.0
1779527832.0754771,-0.1989675347273536,0.0,0.0,0.0,0.0,0.0,0.2376,1.3860000000000001,-0.2376,-0.2,0.0,0.0,-0.1989675347273536,0.0,0.0,0.0,-0.0020777729190408684,0.0,square,0,0.2,0.25,3,6,7.089968919754028,0.0
1779527832.085399,-0.1989675347273536,0.0,0.0,0.0,-0.0020777729190408684,0.0,-0.0792,1.4255999999999998,-0.3168,-0.2,0.0,0.0,-0.1989675347273536,0.0,0.0,0.0,0.0,0.0,square,0,0.2,0.25,3,6,7.099963903427124,0.0
1779527832.0953896,-0.1989675347273536,0.0,0.0,0.0,0.0,0.0,0.198,1.4255999999999998,-0.35639999999999994,-0.2,0.0,0.0,-0.1989675347273536,0.0,0.0,0.0,-0.0020777729190408684,0.0,square,0,0.2,0.25,3,6,7.1098856925964355,0.0
1779527832.105387,-0.1989675347273536,0.0,0.0,0.0,-0.0020777729190408684,0.0,0.1584,1.4255999999999998,0.35639999999999994,-0.2,0.0,0.0,-0.1989675347273536,0.0,0.0,0.0,-0.0020777729190408684,0.0020777729190408684,square,0,0.2,0.25,3,6,7.119876384735107,0.0
1779527832.1153896,-0.1989675347273536,0.0,0.0,0.0,-0.0020777729190408684,0.0020777729190408684,0.1584,1.3464,-0.396,-0.2,0.0,0.0,-0.1989675347273536,0.0,0.0,0.0,0.0,0.0,square,0,0.2,0.25,3,6,7.129873752593994,0.0
1779527832.1254714,-0.1989675347273536,0.0,0.0,0.0,0.0,0.0,-0.1188,1.3464,-0.4356,-0.2,0.0,0.0,-0.1989675347273536,0.0,0.0,0.0,0.0,0.0,square,0,0.2,0.25,3,6,7.139876365661621,0.0
1779527832.1353955,-0.1989675347273536,0.0,0.0,0.0,0.0,0.0,-0.1188,1.4652,-0.3168,-0.2,0.0,0.0,-0.1989675347273536,0.0,0.0,0.0,0.0,0.0,square,0,0.2,0.25,3,6,7.14995813369751,0.0
1779527832.1454413,-0.1989675347273536,0.0,0.0,0.0,0.0,0.0,0.1188,1.4255999999999998,-0.3168,-0.2,0.0,0.0,-0.1989675347273536,0.0,0.0,0.0,0.0,0.0,square,0,0.2,0.25,3,6,7.159882307052612,0.0
1779527832.1553886,-0.1989675347273536,0.0,0.0,0.0,0.0,0.0,-0.0396,1.3464,-0.35639999999999994,-0.2,0.0,0.0,-0.1989675347273536,0.0,0.0,0.0,0.0,-0.0020777729190408684,square,0,0.2,0.25,3,6,7.169928073883057,0.0
1779527832.16542,-0.1989675347273536,0.0,0.0,0.0,0.0,-0.0020777729190408684,0.1584,1.3068,0.35639999999999994,-0.2,0.0,0.0,-0.1989675347273536,0.0,0.0,0.0,0.0020777729190408684,0.0,square,0,0.2,0.25,3,6,7.179875373840332,0.0
1779527832.175468,-0.1989675347273536,0.0,0.0,0.0,0.0020777729190408684,0.0,-0.1188,1.3464,0.27720000000000006,-0.2,0.0,0.0,-0.1989675347273536,0.0,0.0,0.0,0.0020777729190408684,0.0,square,0,0.2,0.25,3,6,7.18990683555603,0.0
1779527832.1854186,-0.1989675347273536,0.0,0.0,0.0,0.0020777729190408684,0.0,-0.198,1.3860000000000001,-0.396,-0.2,0.0,0.0,-0.1989675347273536,0.0,0.0,0.0,0.0,0.0,square,0,0.2,0.25,3,6,7.1999547481536865,0.0
1779527832.1953933,-0.1989675347273536,0.0,0.0,0.0,0.0,0.0,0.198,1.4652,-0.2376,-0.2,0.0,0.0,-0.1989675347273536,0.0,0.0,0.0,0.0,0.0,square,0,0.2,0.25,3,6,7.209905385971069,0.0
1779527832.2054417,-0.1989675347273536,0.0,0.0,0.0,0.0,0.0,0.2376,1.3464,-0.1584,-0.2,0.0,0.0,-0.1989675347273536,0.0,0.0,0.0,0.0,0.0,square,0,0.2,0.25,3,6,7.219880104064941,0.0
1779527832.2154303,-0.1989675347273536,0.0,0.0,0.0,0.0,0.0,0.198,1.5048000000000001,-0.3168,-0.2,0.0,0.0,-0.1989675347273536,0.0,0.0,0.0,0.0,0.0,square,0,0.2,0.25,3,6,7.229928493499756,0.0
1779527832.225448,-0.1989675347273536,0.0,0.0,0.0,0.0,0.0,0.198,1.5048000000000001,-0.5544000000000001,-0.2,0.0,0.0,-0.1989675347273536,0.0,0.0,0.0,0.0,0.0,square,0,0.2,0.25,3,6,7.239917039871216,0.0
1779527832.2354448,-0.1989675347273536,0.0,0.0,0.0,0.0,0.0,0.198,1.5444,-0.396,-0.2,0.0,0.0,-0.1989675347273536,0.0,0.0,0.0,0.0,0.0,square,0,0.2,0.25,3,6,7.249934673309326,0.0
1779527832.2454207,-0.1989675347273536,0.0,0.0,0.0,0.0,0.0,-0.0792,1.4255999999999998,-0.396,-0.2,0.0,0.0,-0.1989675347273536,0.0,0.0,0.0,0.0,-0.0020777729190408684,square,0,0.2,0.25,3,6,7.259931564331055,0.0
1779527832.2555258,-0.1989675347273536,0.0,0.0,0.0,0.0,-0.0020777729190408684,-0.0792,1.3464,-0.396,-0.2,0.0,0.0,-0.1989675347273536,0.0,0.0,0.0020777729190408684,0.0,0.0,square,0,0.2,0.25,3,6,7.269907474517822,0.0
1779527832.2655327,-0.1989675347273536,0.0,0.0,0.0020777729190408684,0.0,0.0,-0.0792,1.5444,-0.3168,-0.2,0.0,0.0,-0.1989675347273536,0.0,0.0,0.0020777729190408684,0.0,0.0,square,0,0.2,0.25,3,6,7.280012607574463,0.0
1779527832.2754803,-0.1989675347273536,0.0,0.0,0.0020777729190408684,0.0,0.0,-0.0792,1.3464,-0.3168,-0.2,0.0,0.0,-0.1989675347273536,0.0,0.0,0.0020777729190408684,-0.0020777729190408684,-0.0020777729190408684,square,0,0.2,0.25,3,6,7.290019512176514,0.0
1779527832.2854183,-0.1989675347273536,0.0,0.0,0.0020777729190408684,-0.0020777729190408684,-0.0020777729190408684,-0.1188,1.4255999999999998,0.35639999999999994,-0.2,0.0,0.0,-0.1989675347273536,0.0,0.0,-0.0020777729190408684,0.0,0.0,square,0,0.2,0.25,3,6,7.299967050552368,0.0
1779527832.295422,-0.1989675347273536,0.0,0.0,-0.0020777729190408684,0.0,0.0,-0.1188,1.3068,-0.396,-0.2,0.0,0.0,-0.1989675347273536,0.0,0.0,0.0,0.0,0.0,square,0,0.2,0.25,3,6,7.309905052185059,0.0
1779527832.3055792,-0.1989675347273536,0.0,0.0,0.0,0.0,0.0,-0.198,1.4652,-0.35639999999999994,-0.2,0.0,0.0,-0.1989675347273536,0.0,0.0,-0.0020777729190408684,0.0,0.0,square,0,0.2,0.25,3,6,7.319908857345581,0.0
1779527832.3154209,-0.1989675347273536,0.0,0.0,-0.0020777729190408684,0.0,0.0,-0.198,1.3068,-0.2376,-0.2,0.0,0.0,-0.1989675347273536,0.0,0.0,-0.0020777729190408684,0.0,0.0020777729190408684,square,0,0.2,0.25,3,6,7.330065965652466,0.0
1779527832.325447,-0.1989675347273536,0.0,0.0,-0.0020777729190408684,0.0,0.0020777729190408684,0.198,1.4652,-0.3168,-0.2,0.0,0.0,-0.1989675347273536,0.0,0.0,0.0,0.0,0.0,square,0,0.2,0.25,3,6,7.339907646179199,0.0
1779527832.3354802,-0.1989675347273536,0.0,0.0,0.0,0.0,0.0,0.2376,1.3860000000000001,-0.5148,-0.2,0.0,0.0,-0.1989675347273536,0.0,0.0,0.0,0.0,0.0,square,0,0.2,0.25,3,6,7.349933862686157,0.0
1779527832.3455598,-0.1989675347273536,0.0,0.0,0.0,0.0,0.0,0.198,1.3860000000000001,-0.27720000000000006,-0.2,0.0,0.0,-0.1989675347273536,0.0,0.0,0.0020777729190408684,0.0,0.0,square,0,0.2,0.25,3,6,7.359966993331909,0.0
1779527832.3554635,-0.1989675347273536,0.0,0.0,0.0020777729190408684,0.0,0.0,-0.1584,1.4652,-0.4356,-0.2,0.0,0.0,-0.1989675347273536,0.0,0.0,0.0,0.0,0.0,square,0,0.2,0.25,3,6,7.370046615600586,0.0
1779527832.365553,-0.1989675347273536,0.0,0.0,0.0,0.0,0.0,0.1584,1.3860000000000001,-0.3168,-0.2,0.0,0.0,-0.1989675347273536,0.0,0.0,0.0,0.0,0.0,square,0,0.2,0.25,3,6,7.379950284957886,0.0
1779527832.3754213,-0.1989675347273536,0.0,0.0,0.0,0.0,0.0,-0.1188,1.5444,-0.4356,-0.2,0.0,0.0,-0.1989675347273536,0.0,0.0,0.0,0.0,0.0,square,0,0.2,0.25,3,6,7.390039682388306,0.0
1779527832.3854249,-0.1989675347273536,0.0,0.0,0.0,0.0,0.0,-0.1188,1.3464,-0.1584,-0.2,0.0,0.0,-0.1989675347273536,0.0,0.0,0.0,0.0,0.0,square,0,0.2,0.25,3,6,7.399908065795898,0.0
1779527832.3954113,-0.1989675347273536,0.0,0.0,0.0,0.0,0.0,-0.0792,1.4255999999999998,-0.5544000000000001,-0.2,0.0,0.0,-0.1989675347273536,0.0,0.0,0.0,-0.0020777729190408684,0.0,square,0,0.2,0.25,3,6,7.409911632537842,0.0
1779527832.405413,-0.1989675347273536,0.0,0.0,0.0,-0.0020777729190408684,0.0,-0.0792,1.3068,0.198,-0.2,0.0,0.0,-0.1989675347273536,0.0,0.0,0.0,0.0,0.0,square,0,0.2,0.25,3,6,7.41989803314209,0.0
1779527832.4155245,-0.1989675347273536,0.0,0.0,0.0,0.0,0.0,-0.1584,1.4652,0.396,-0.2,0.0,0.0,-0.1989675347273536,0.0,0.0,0.0,-0.0020777729190408684,0.0,square,0,0.2,0.25,3,6,7.4298996925354,0.0
1779527832.4254405,-0.1989675347273536,0.0,0.0,0.0,-0.0020777729190408684,0.0,-0.1188,1.3464,-0.35639999999999994,-0.2,0.0,0.0,-0.1989675347273536,0.0,0.0,0.0,0.0,0.0,square,0,0.2,0.25,3,6,7.440011262893677,0.0
1779527832.4354112,-0.1989675347273536,0.0,0.0,0.0,0.0,0.0,-0.1188,1.3464,-0.396,-0.2,0.0,0.0,-0.1989675347273536,0.0,0.0,0.0,0.0,0.0,square,0,0.2,0.25,3,6,7.44992733001709,0.0
1779527832.445411,-0.1989675347273536,0.0,0.0,0.0,0.0,0.0,-0.1188,1.5048000000000001,-0.27720000000000006,-0.2,0.0,0.0,-0.1989675347273536,0.0,0.0,0.0,0.0,0.0,square,0,0.2,0.25,3,6,7.459897994995117,0.0
1779527832.4555137,-0.1989675347273536,0.0,0.0,0.0,0.0,0.0,0.1584,1.5444,-0.3168,-0.2,0.0,0.0,-0.1989675347273536,0.0,0.0,0.0,0.0,0.0,square,0,0.2,0.25,3,6,7.469897747039795,0.0
1779527832.4655945,-0.1989675347273536,0.0,0.0,0.0,0.0,0.0,0.1584,1.5048000000000001,-0.0792,-0.2,0.0,0.0,-0.1989675347273536,0.0,0.0,0.0,0.0,0.0,square,0,0.2,0.25,3,6,7.4800004959106445,0.0
1779527832.4755464,-0.1989675347273536,0.0,0.0,0.0,0.0,0.0,0.1584,1.5048000000000001,-0.3168,-0.2,0.0,0.0,-0.1989675347273536,0.0,0.0,-0.0020777729190408684,0.0020777729190408684,0.0,square,0,0.2,0.25,3,6,7.490081310272217,0.0
1779527832.485411,-0.1989675347273536,0.0,0.0,-0.0020777729190408684,0.0020777729190408684,0.0,0.1584,1.4652,-0.1584,-0.2,0.0,0.0,-0.1989675347273536,0.0,0.0,0.0,0.0,0.0,square,0,0.2,0.25,3,6,7.500033140182495,0.0
1779527832.4955306,-0.1989675347273536,0.0,0.0,0.0,0.0,0.0,0.198,1.3464,-0.1584,-0.2,0.0,0.0,-0.1989675347273536,0.0,0.0,0.0,0.0,0.0,square,0,0.2,0.25,3,6,7.509897708892822,0.0
1779527832.5055833,-0.1989675347273536,0.0,0.0,0.0,0.0,0.0,0.198,1.4652,-0.3168,-0.2,0.0,0.0,-0.1989675347273536,0.0,0.0,0.0,0.0,0.0,square,0,0.2,0.25,3,6,7.520017385482788,0.0
1779527832.515556,-0.1989675347273536,0.0,0.0,0.0,0.0,0.0,-0.198,1.5048000000000001,-0.3168,-0.2,0.0,0.0,-0.1989675347273536,0.0,0.0,0.0,0.0,0.0,square,0,0.2,0.25,3,6,7.530070066452026,0.0
1779527832.5254164,-0.1989675347273536,0.0,0.0,0.0,0.0,0.0,-0.1584,1.4652,-0.35639999999999994,-0.2,0.0,0.0,-0.1989675347273536,0.0,0.0,0.0,0.0,0.0,square,0,0.2,0.25,3,6,7.540042877197266,0.0
1779527832.535524,-0.1989675347273536,0.0,0.0,0.0,0.0,0.0,-0.1188,1.3464,-0.198,-0.2,0.0,0.0,-0.1989675347273536,0.0,0.0,0.0,0.0,0.0,square,0,0.2,0.25,3,6,7.549903154373169,0.0
1779527832.5454202,-0.1989675347273536,0.0,0.0,0.0,0.0,0.0,-0.1584,1.5048000000000001,-0.1584,-0.2,0.0,0.0,-0.1989675347273536,0.0,0.0,0.0,0.0,0.0,square,0,0.2,0.25,3,6,7.560010671615601,0.0
1779527832.5554113,-0.1989675347273536,0.0,0.0,0.0,0.0,0.0,-0.1584,1.3068,-0.27720000000000006,-0.2,0.0,0.0,-0.1989675347273536,0.0,0.0,0.0,0.0,0.0,square,0,0.2,0.25,3,6,7.569906949996948,0.0
1779527832.5654583,-0.1989675347273536,0.0,0.0,0.0,0.0,0.0,-0.1188,1.5048000000000001,-0.3168,-0.2,0.0,0.0,-0.1989675347273536,0.0,0.0,0.0,0.0,0.0,square,0,0.2,0.25,3,6,7.579898118972778,0.0
1779527832.5754337,-0.1989675347273536,0.0,0.0,0.0,0.0,0.0,0.1584,1.3464,-0.1584,-0.2,0.0,0.0,-0.1989675347273536,0.0,0.0,0.0,0.0,0.0,square,0,0.2,0.25,3,6,7.589945077896118,0.0
1779527832.5856853,-0.1989675347273536,0.0,0.0,0.0,0.0,0.0,0.1188,1.3860000000000001,-0.4356,-0.2,0.0,0.0,-0.1989675347273536,0.0,0.0,0.0,0.0,0.0,square,0,0.2,0.25,3,6,7.5999205112457275,0.0
1779527832.5954425,-0.1989675347273536,0.0,0.0,0.0,0.0,0.0,0.1188,1.3860000000000001,-0.4356,-0.2,0.0,0.0,-0.1989675347273536,0.0,0.0,0.0,-0.0020777729190408684,0.0,square,0,0.2,0.25,3,6,7.6101720333099365,0.0
1779527832.6054146,-0.1989675347273536,0.0,0.0,0.0,-0.0020777729190408684,0.0,-0.198,1.3860000000000001,-0.396,-0.2,0.0,0.0,-0.1989675347273536,0.0,0.0,0.0,0.0,0.0,square,0,0.2,0.25,3,6,7.619929313659668,0.0
1779527832.615414,-0.1989675347273536,0.0,0.0,0.0,0.0,0.0,0.1584,1.3860000000000001,-0.27720000000000006,-0.2,0.0,0.0,-0.1989675347273536,0.0,0.0,0.0,0.0,0.0,square,0,0.2,0.25,3,6,7.62990140914917,0.0
1779527832.6254215,-0.1989675347273536,0.0,0.0,0.0,0.0,0.0,0.1584,1.4255999999999998,-0.396,-0.2,0.0,0.0,-0.1989675347273536,0.0,0.0,0.0,0.0,0.0,square,0,0.2,0.25,3,6,7.6399006843566895,0.0
1779527832.635393,-0.1989675347273536,0.0,0.0,0.0,0.0,0.0,-0.1188,1.3860000000000001,-0.198,-0.2,0.0,0.0,-0.1989675347273536,0.0,0.0,0.0,0.0,0.0,square,0,0.2,0.25,3,6,7.6499083042144775,0.0
1779527832.6455758,-0.1989675347273536,0.0,0.0,0.0,0.0,0.0,0.1584,1.3860000000000001,-0.4356,-0.2,0.0,0.0,-0.1989675347273536,0.0,0.0,0.0020777729190408684,0.0,0.0,square,0,0.2,0.25,3,6,7.659879684448242,0.0
1779527832.6556168,-0.1989675347273536,0.0,0.0,0.0020777729190408684,0.0,0.0,-0.1188,1.4255999999999998,-0.27720000000000006,-0.2,0.0,0.0,-0.1989675347273536,0.0,0.0,0.0,0.0,0.0,square,0,0.2,0.25,3,6,7.67006254196167,0.0
1779527832.6654122,-0.1989675347273536,0.0,0.0,0.0,0.0,0.0,0.1188,1.5048000000000001,-0.27720000000000006,-0.2,0.0,0.0,-0.1989675347273536,0.0,0.0,0.0,0.0,0.0,square,0,0.2,0.25,3,6,7.680103540420532,0.0
1779527832.6753929,-0.1989675347273536,0.0,0.0,0.0,0.0,0.0,-0.1584,1.5048000000000001,-0.3168,-0.2,0.0,0.0,-0.1989675347273536,0.0,0.0,0.0,0.0,-0.0020777729190408684,square,0,0.2,0.25,3,6,7.68989896774292,0.0
1779527832.6854136,-0.1989675347273536,0.0,0.0,0.0,0.0,-0.0020777729190408684,-0.1188,1.5048000000000001,-0.396,-0.2,0.0,0.0,-0.1989675347273536,0.0,0.0,0.0,0.0,0.0,square,0,0.2,0.25,3,6,7.6998796463012695,0.0
1779527832.695413,-0.1989675347273536,0.0,0.0,0.0,0.0,0.0,-0.1584,1.5444,-0.2376,-0.2,0.0,0.0,-0.1989675347273536,0.0,0.0,0.0,0.0,0.0,square,0,0.2,0.25,3,6,7.709900379180908,0.0
1779527832.705568,-0.1989675347273536,0.0,0.0,0.0,0.0,0.0,0.198,1.3860000000000001,-0.27720000000000006,-0.2,0.0,0.0,-0.1989675347273536,0.0,0.0,0.0,0.0,0.0,square,0,0.2,0.25,3,6,7.719899892807007,0.0
1779527832.7154315,-0.1989675347273536,0.0,0.0,0.0,0.0,0.0,0.198,1.5444,-0.1584,-0.2,0.0,0.0,-0.1989675347273536,0.0,0.0,0.0,0.0,-0.0020777729190408684,square,0,0.2,0.25,3,6,7.73005485534668,0.0
1779527832.7254133,-0.1989675347273536,0.0,0.0,0.0,0.0,-0.0020777729190408684,-0.198,1.5444,-0.3168,-0.2,0.0,0.0,-0.1989675347273536,0.0,0.0,0.0,-0.0020777729190408684,0.0,square,0,0.2,0.25,3,6,7.739918231964111,0.0
1779527832.7354133,-0.1989675347273536,0.0,0.0,0.0,-0.0020777729190408684,0.0,-0.1584,1.5048000000000001,-0.35639999999999994,-0.2,0.0,0.0,-0.1989675347273536,0.0,0.0,0.0,0.0,0.0,square,0,0.2,0.25,3,6,7.7499001026153564,0.0
1779527832.7454097,-0.1989675347273536,0.0,0.0,0.0,0.0,0.0,0.1188,1.3860000000000001,-0.27720000000000006,-0.2,0.0,0.0,-0.1989675347273536,0.0,0.0,0.0,0.0,0.0,square,0,0.2,0.25,3,6,7.759900093078613,0.0
1779527832.7554383,-0.1989675347273536,0.0,0.0,0.0,0.0,0.0,0.1188,1.4255999999999998,-0.198,-0.2,0.0,0.0,-0.1989675347273536,0.0,0.0,0.0,0.0020777729190408684,0.0,square,0,0.2,0.25,3,6,7.769896507263184,0.0
1779527832.7654104,-0.1989675347273536,0.0,0.0,0.0,0.0020777729190408684,0.0,0.1584,1.5048000000000001,0.27720000000000006,-0.2,0.0,0.0,-0.1989675347273536,0.0,0.0,0.0,0.0,0.0,square,0,0.2,0.25,3,6,7.779925107955933,0.0
1779527832.7754097,-0.1989675347273536,0.0,0.0,0.0,0.0,0.0,-0.1188,1.3860000000000001,-0.3168,-0.2,0.0,0.0,-0.1989675347273536,0.0,0.0,0.0,0.0,0.0,square,0,0.2,0.25,3,6,7.789897203445435,0.0
1779527832.7854116,-0.1989675347273536,0.0,0.0,0.0,0.0,0.0,-0.1188,1.5048000000000001,-0.1188,-0.2,0.0,0.0,-0.1989675347273536,0.0,0.0,0.0,-0.0020777729190408684,0.0,square,0,0.2,0.25,3,6,7.799896478652954,0.0
1779527832.795422,-0.1989675347273536,0.0,0.0,0.0,-0.0020777729190408684,0.0,-0.1188,1.5048000000000001,-0.1584,-0.2,0.0,0.0,-0.1989675347273536,0.0,0.0,0.0,0.0,0.0,square,0,0.2,0.25,3,6,7.809898376464844,0.0
1779527832.8054137,-0.1989675347273536,0.0,0.0,0.0,0.0,0.0,-0.1188,1.5048000000000001,-0.35639999999999994,-0.2,0.0,0.0,-0.1989675347273536,0.0,0.0,0.0,0.0,0.0,square,0,0.2,0.25,3,6,7.819908857345581,0.0
1779527832.8154094,-0.1989675347273536,0.0,0.0,0.0,0.0,0.0,-0.1188,1.4652,-0.396,-0.2,0.0,0.0,-0.1989675347273536,0.0,0.0,0.0,0.0020777729190408684,0.0,square,0,0.2,0.25,3,6,7.829900503158569,0.0
1779527832.8254519,-0.1989675347273536,0.0,0.0,0.0,0.0020777729190408684,0.0,0.198,1.5048000000000001,-0.2376,-0.2,0.0,0.0,-0.1989675347273536,0.0,0.0,0.0,0.0,0.0,square,0,0.2,0.25,3,6,7.839896202087402,0.0
1779527832.8358784,-0.1989675347273536,0.0,0.0,0.0,0.0,0.0,0.1188,1.5048000000000001,-0.198,-0.2,0.0,0.0,-0.1989675347273536,0.0,0.0,0.0,0.0,0.0,square,0,0.2,0.25,3,6,7.849938631057739,0.0
1779527832.8453946,-0.1989675347273536,0.0,0.0,0.0,0.0,0.0,0.1584,1.5444,-0.35639999999999994,-0.2,0.0,0.0,-0.1989675347273536,0.0,0.0,0.0,0.0,0.0,square,0,0.2,0.25,3,6,7.860365152359009,0.0
1779527832.855411,-0.1989675347273536,0.0,0.0,0.0,0.0,0.0,0.1584,1.3860000000000001,-0.0792,-0.2,0.0,0.0,-0.1989675347273536,0.0,0.0,0.0,0.0,0.0,square,0,0.2,0.25,3,6,7.8698813915252686,0.0
1779527832.8654084,-0.1989675347273536,0.0,0.0,0.0,0.0,0.0,-0.1584,1.5048000000000001,-0.2376,-0.2,0.0,0.0,-0.1989675347273536,0.0,0.0,0.0,0.0,0.0,square,0,0.2,0.25,3,6,7.879897832870483,0.0
1779527832.8754103,-0.1989675347273536,0.0,0.0,0.0,0.0,0.0,0.1584,1.5048000000000001,-0.27720000000000006,-0.2,0.0,0.0,-0.1989675347273536,0.0,0.0,0.0,0.0,0.0020777729190408684,square,0,0.2,0.25,3,6,7.88989520072937,0.0
1779527832.885425,-0.1989675347273536,0.0,0.0,0.0,0.0,0.0020777729190408684,-0.1188,1.5048000000000001,-0.1584,-0.2,0.0,0.0,-0.1989675347273536,0.0,0.0,0.0020777729190408684,0.0,0.0,square,0,0.2,0.25,3,6,7.89989709854126,0.0
1779527832.8954146,-0.1989675347273536,0.0,0.0,0.0020777729190408684,0.0,0.0,-0.1584,1.4652,-0.0792,-0.2,0.0,0.0,-0.1989675347273536,0.0,0.0,0.0,0.0,0.0,square,0,0.2,0.25,3,6,7.909911870956421,0.0
1779527832.9054098,-0.1989675347273536,0.0,0.0,0.0,0.0,0.0,-0.1584,1.4255999999999998,-0.1188,-0.2,0.0,0.0,-0.1989675347273536,0.0,0.0,0.0,0.0,0.0,square,0,0.2,0.25,3,6,7.919901371002197,0.0
1779527832.9154088,-0.1989675347273536,0.0,0.0,0.0,0.0,0.0,-0.1188,1.5444,-0.2376,-0.2,0.0,0.0,-0.1989675347273536,0.0,0.0,0.0,0.0,0.0,square,0,0.2,0.25,3,6,7.929896593093872,0.0
1779527832.9254508,-0.1989675347273536,0.0,0.0,0.0,0.0,0.0,-0.1188,1.584,-0.27720000000000006,-0.2,0.0,0.0,-0.1989675347273536,0.0,0.0,0.0,0.0,0.0,square,0,0.2,0.25,3,6,7.9398956298828125,0.0
1779527832.9355474,-0.1989675347273536,0.0,0.0,0.0,0.0,0.0,0.198,1.3860000000000001,-0.1584,-0.2,0.0,0.0,-0.1989675347273536,0.0,0.0,0.0,0.0,0.0,square,0,0.2,0.25,3,6,7.949937582015991,0.0
1779527832.9454126,-0.1989675347273536,0.0,0.0,0.0,0.0,0.0,0.1188,1.4255999999999998,-0.27720000000000006,-0.2,0.0,0.0,-0.1989675347273536,0.0,0.0,0.0,-0.0020777729190408684,0.0,square,0,0.2,0.25,3,6,7.960034132003784,0.0
1779527832.955407,-0.1989675347273536,0.0,0.0,0.0,-0.0020777729190408684,0.0,0.1188,1.4652,-0.3168,-0.2,0.0,0.0,-0.1989675347273536,0.0,0.0,0.0,0.0,0.0,square,0,0.2,0.25,3,6,7.969899415969849,0.0
1779527832.9654202,-0.1989675347273536,0.0,0.0,0.0,0.0,0.0,-0.1188,1.4255999999999998,-0.1584,-0.2,0.0,0.0,-0.1989675347273536,0.0,0.0,0.0,0.0,0.0,square,0,0.2,0.25,3,6,7.979893684387207,0.0
1779527832.9754107,-0.1989675347273536,0.0,0.0,0.0,0.0,0.0,0.1188,1.5048000000000001,0.1584,-0.2,0.0,0.0,-0.1989675347273536,0.0,0.0,0.0,0.0,0.0,square,0,0.2,0.25,3,6,7.9899070262908936,0.0
1779527832.985407,-0.1989675347273536,0.0,0.0,0.0,0.0,0.0,-0.1584,1.584,-0.198,-0.2,0.0,0.0,-0.1989675347273536,0.0,0.0,0.0,0.0,-0.0020777729190408684,square,0,0.2,0.25,3,6,7.999897480010986,0.0
1779527832.9954648,-0.1989675347273536,0.0,0.0,0.0,0.0,-0.0020777729190408684,0.1584,1.5444,-0.2376,0.2,0.0,0.0,-0.1989675347273536,0.0,0.0,0.0,0.0020777729190408684,0.0,square,0,0.2,0.25,3,6,8.009893894195557,0.0
1779527833.005455,-0.1989675347273536,0.0,0.0,0.0,0.0020777729190408684,0.0,-0.1584,1.4255999999999998,-0.3168,0.2,0.0,0.0,-0.1989675347273536,0.0,0.0,0.0,0.0020777729190408684,0.0,square,0,0.2,0.25,3,6,8.019951581954956,0.0
1779527833.0154085,-0.1989675347273536,0.0,0.0,0.0,0.0020777729190408684,0.0,-0.1584,1.4255999999999998,-0.3168,0.2,0.0,0.0,-0.19722220547535924,0.0,0.0,0.1973884273088825,0.0,0.0,square,0,0.2,0.25,3,6,8.02994179725647,0.0
1779527833.0254111,-0.19722220547535924,0.0,0.0,0.1973884273088825,0.0,0.0,13.2264,0.5544000000000001,-0.35639999999999994,0.2,0.0,0.0,-0.1762782544514273,0.0,0.0,1.7598736624276154,0.0020777729190408684,0.0,square,0,0.2,0.25,3,6,8.039895296096802,0.0
1779527833.0354097,-0.1762782544514273,0.0,0.0,1.7598736624276154,0.0020777729190408684,0.0,5.346000000000001,0.99,0.35639999999999994,0.2,0.0,0.0,-0.14137166941154067,0.0,0.0,3.1852258848896513,0.0020777729190408684,0.0,square,0,0.2,0.25,3,6,8.049897909164429,0.0
1779527833.045611,-0.14137166941154067,0.0,0.0,3.1852258848896513,0.0020777729190408684,0.0,5.742,2.2967999999999997,0.7524000000000001,0.2,0.0,0.0,-0.0994837673636768,0.0,0.0,3.8251799439542387,0.0,0.0020777729190408684,square,0,0.2,0.25,3,6,8.059896469116211,0.0
1779527833.0554097,-0.0994837673636768,0.0,0.0,3.8251799439542387,0.0,0.0020777729190408684,4.9104,2.1384,0.0396,0.2,0.0,0.0,-0.05585053606381855,0.0,0.0,4.4028008154476,-0.010388864595204342,-0.0020777729190408684,square,0,0.2,0.25,3,6,8.07009768486023,0.0
1779527833.0654624,-0.05585053606381855,0.0,0.0,4.4028008154476,-0.010388864595204342,-0.0020777729190408684,-0.7127999999999999,1.4255999999999998,-0.0396,0.2,0.0,0.0,-0.010471975511965978,0.0,0.0,4.492145050966357,-0.016622183352326948,0.0,square,0,0.2,0.25,3,6,8.079896450042725,0.0
1779527833.0754192,-0.010471975511965978,0.0,0.0,4.492145050966357,-0.016622183352326948,0.0,0.0,0.8712,-0.3168,0.2,0.0,0.0,0.027925268031909273,0.0,0.0,3.914524179472996,-0.02701104794753129,0.006233318757122605,square,0,0.2,0.25,3,6,8.089949131011963,0.0
1779527833.0854106,0.027925268031909273,0.0,0.0,3.914524179472996,-0.02701104794753129,0.006233318757122605,-1.0296,-0.6732,0.8712,0.2,0.0,0.0,0.05934119456780721,0.0,0.0,3.318203351708267,-0.022855502109449553,0.004155545838081737,square,0,0.2,0.25,3,6,8.099905967712402,0.0
1779527833.0954082,0.05934119456780721,0.0,0.0,3.318203351708267,-0.022855502109449553,0.004155545838081737,-2.5344,0.396,0.4752,0.2,0.0,0.0,0.08552113334772216,0.0,0.0,2.838237807409826,-0.0020777729190408684,0.0,square,0,0.2,0.25,3,6,8.109897375106812,0.0
1779527833.105409,0.08552113334772216,0.0,0.0,2.838237807409826,-0.0020777729190408684,0.0,-4.0392,1.0692,0.4356,0.2,0.0,0.0,0.10821041362364843,0.0,0.0,2.339572306840018,0.02493327502849042,-0.006233318757122605,square,0,0.2,0.25,3,6,8.119894981384277,0.0
1779527833.115411,0.10821041362364843,0.0,0.0,2.339572306840018,0.02493327502849042,-0.006233318757122605,-4.8708,2.3364,-0.3168,0.2,0.0,0.0,0.12740903539558607,0.0,0.0,1.8990844480033537,0.03739991254273563,0.0,square,0,0.2,0.25,3,6,8.129895687103271,0.0
1779527833.1254349,0.12740903539558607,0.0,0.0,1.8990844480033537,0.03739991254273563,0.0,-1.98,3.4452,0.4356,0.2,0.0,0.0,0.14137166941154067,0.0,0.0,1.529240868414079,0.014544410433286078,0.0,square,0,0.2,0.25,3,6,8.13989782333374,0.0
1779527833.1354423,0.14137166941154067,0.0,0.0,1.529240868414079,0.014544410433286078,0.0,-0.5148,2.4948,-0.198,0.2,0.0,0.0,0.1518436449235067,0.0,0.0,1.2217304763960306,0.006233318757122605,-0.0020777729190408684,square,0,0.2,0.25,3,6,8.149921655654907,0.0
1779527833.1453865,0.1518436449235067,0.0,0.0,1.2217304763960306,0.006233318757122605,-0.0020777729190408684,0.3168,1.584,-0.0792,0.2,0.0,0.0,0.16231562043547265,0.0,0.0,1.0014865469776986,0.0,0.0,square,0,0.2,0.25,3,6,8.159929037094116,0.0
1779527833.1554267,0.16231562043547265,0.0,0.0,1.0014865469776986,0.0,0.0,0.3168,1.3068,-0.198,0.2,0.0,0.0,0.16929693744344998,0.0,0.0,0.8311091676163473,-0.010388864595204342,0.0,square,0,0.2,0.25,3,6,8.169873237609863,0.0
1779527833.165411,0.16929693744344998,0.0,0.0,0.8311091676163473,-0.010388864595204342,0.0,0.1584,1.1088000000000002,-0.3168,0.2,0.0,0.0,0.1762782544514273,0.0,0.0,0.6815095174454048,-0.0020777729190408684,-0.004155545838081737,square,0,0.2,0.25,3,6,8.179913520812988,0.0
1779527833.1754293,0.1762782544514273,0.0,0.0,0.6815095174454048,-0.0020777729190408684,-0.004155545838081737,-0.2376,1.1088000000000002,-0.1188,0.2,0.0,0.0,0.18151424220741028,0.0,0.0,0.5485320506267892,-0.01246663751424521,0.0020777729190408684,square,0,0.2,0.25,3,6,8.189897775650024,0.0
1779527833.1854079,0.18151424220741028,0.0,0.0,0.5485320506267892,-0.01246663751424521,0.0020777729190408684,-0.0792,0.9107999999999999,0.1584,0.2,0.0,0.0,0.18500490071139894,0.0,0.0,0.4384100859176232,-0.014544410433286078,0.0,square,0,0.2,0.25,3,6,8.199916124343872,0.0
1779527833.1954103,0.18500490071139894,0.0,0.0,0.4384100859176232,-0.014544410433286078,0.0,-0.1584,0.7524000000000001,-0.2376,0.2,0.0,0.0,0.18849555921538758,0.0,0.0,0.33244366704653894,-0.008311091676163474,0.0,square,0,0.2,0.25,3,6,8.20989465713501,0.0
1779527833.2054138,0.18849555921538758,0.0,0.0,0.33244366704653894,-0.008311091676163474,0.0,0.2376,0.792,-0.4752,0.2,0.0,0.0,0.19198621771937624,0.0,0.0,0.2888104357466807,-0.0020777729190408684,0.0,square,0,0.2,0.25,3,6,8.219897031784058,0.0
1779527833.2154436,0.19198621771937624,0.0,0.0,0.2888104357466807,-0.0020777729190408684,0.0,-0.5148,0.8712,0.5148,0.2,0.0,0.0,0.1937315469713706,0.0,0.0,0.22024392941833204,0.006233318757122605,-0.0020777729190408684,square,0,0.2,0.25,3,6,8.229900598526001,0.0
1779527833.225414,0.1937315469713706,0.0,0.0,0.22024392941833204,0.006233318757122605,-0.0020777729190408684,-0.5148,1.1880000000000002,-0.2376,0.2,0.0,0.0,0.1954768762233649,0.0,0.0,0.1703773793613512,0.022855502109449553,0.0,square,0,0.2,0.25,3,6,8.239930391311646,0.0
1779527833.2354114,0.1954768762233649,0.0,0.0,0.1703773793613512,0.022855502109449553,0.0,-0.6336,1.7424,-0.5148,0.2,0.0,0.0,0.1954768762233649,0.0,0.0,0.1184330563853295,0.014544410433286078,0.0,square,0,0.2,0.25,3,6,8.249900817871094,0.0
1779527833.2455335,0.1954768762233649,0.0,0.0,0.1184330563853295,0.014544410433286078,0.0,-0.27720000000000006,1.584,0.4356,0.2,0.0,0.0,0.19722220547535924,0.0,0.0,0.08103314384259387,0.006233318757122605,0.0,square,0,0.2,0.25,3,6,8.25989818572998,0.0
1779527833.2554157,0.19722220547535924,0.0,0.0,0.08103314384259387,0.006233318757122605,0.0,0.27720000000000006,1.584,-0.3168,0.2,0.0,0.0,0.19722220547535924,0.0,0.0,0.06025541465218518,0.0020777729190408684,0.0,square,0,0.2,0.25,3,6,8.270020246505737,0.0
1779527833.2654493,0.19722220547535924,0.0,0.0,0.06025541465218518,0.0020777729190408684,0.0,0.3168,1.3068,0.35639999999999994,0.2,0.0,0.0,0.19722220547535924,0.0,0.0,0.05817764173314431,-0.0020777729190408684,0.0,square,0,0.2,0.25,3,6,8.279902458190918,0.0
1779527833.2755432,0.19722220547535924,0.0,0.0,0.05817764173314431,-0.0020777729190408684,0.0,-0.1584,1.3860000000000001,-0.5544000000000001,0.2,0.0,0.0,0.19722220547535924,0.0,0.0,0.05817764173314431,-0.0020777729190408684,0.0,square,0,0.2,0.25,3,6,8.289936065673828,0.0
1779527833.2854161,0.19722220547535924,0.0,0.0,0.05817764173314431,-0.0020777729190408684,0.0,-0.1584,1.3860000000000001,-0.5544000000000001,0.2,0.0,0.0,0.1989675347273536,0.0,0.0,0.02701104794753129,-0.010388864595204342,0.0,square,0,0.2,0.25,3,6,8.300029993057251,0.0
1779527833.2954137,0.1989675347273536,0.0,0.0,0.02701104794753129,-0.010388864595204342,0.0,-0.0792,1.1483999999999999,-0.1188,0.2,0.0,0.0,0.1989675347273536,0.0,0.0,0.01246663751424521,-0.010388864595204342,0.0020777729190408684,square,0,0.2,0.25,3,6,8.309902906417847,0.0
1779527833.3054862,0.1989675347273536,0.0,0.0,0.01246663751424521,-0.010388864595204342,0.0020777729190408684,0.27720000000000006,0.99,-0.27720000000000006,0.2,0.0,0.0,0.1989675347273536,0.0,0.0,0.014544410433286078,-0.0020777729190408684,0.0,square,0,0.2,0.25,3,6,8.319900512695312,0.0
1779527833.3154285,0.1989675347273536,0.0,0.0,0.014544410433286078,-0.0020777729190408684,0.0,0.1584,1.0692,-0.4752,0.2,0.0,0.0,0.1989675347273536,0.0,0.0,0.010388864595204342,0.0,0.0,square,0,0.2,0.25,3,6,8.329972982406616,0.0
1779527833.3254142,0.1989675347273536,0.0,0.0,0.010388864595204342,0.0,0.0,0.0792,1.1088000000000002,-0.27720000000000006,0.2,0.0,0.0,0.1989675347273536,0.0,0.0,0.0020777729190408684,0.004155545838081737,-0.0020777729190408684,square,0,0.2,0.25,3,6,8.33991527557373,0.0
1779527833.3354244,0.1989675347273536,0.0,0.0,0.0020777729190408684,0.004155545838081737,-0.0020777729190408684,0.1584,1.3860000000000001,-0.27720000000000006,0.2,0.0,0.0,0.1989675347273536,0.0,0.0,0.0,0.006233318757122605,0.0,square,0,0.2,0.25,3,6,8.349900960922241,0.0
1779527833.3454223,0.1989675347273536,0.0,0.0,0.0,0.006233318757122605,0.0,0.2376,1.3068,-0.1584,0.2,0.0,0.0,0.1989675347273536,0.0,0.0,0.0020777729190408684,0.004155545838081737,0.0020777729190408684,square,0,0.2,0.25,3,6,8.3599112033844,0.0
1779527833.355413,0.1989675347273536,0.0,0.0,0.0020777729190408684,0.004155545838081737,0.0020777729190408684,0.198,1.4255999999999998,-0.2376,0.2,0.0,0.0,0.1989675347273536,0.0,0.0,0.004155545838081737,0.0020777729190408684,0.0,square,0,0.2,0.25,3,6,8.369909048080444,0.0
1779527833.3654165,0.1989675347273536,0.0,0.0,0.004155545838081737,0.0020777729190408684,0.0,-0.0396,1.4255999999999998,-0.1584,0.2,0.0,0.0,0.1989675347273536,0.0,0.0,0.006233318757122605,0.0,0.0,square,0,0.2,0.25,3,6,8.379899740219116,0.0
1779527833.3754153,0.1989675347273536,0.0,0.0,0.006233318757122605,0.0,0.0,-0.1584,1.3860000000000001,-0.4356,0.2,0.0,0.0,0.1989675347273536,0.0,0.0,0.006233318757122605,0.0,0.0,square,0,0.2,0.25,3,6,8.38990330696106,0.0
1779527833.3854065,0.1989675347273536,0.0,0.0,0.006233318757122605,0.0,0.0,0.198,1.3464,-0.2376,0.2,0.0,0.0,0.1989675347273536,0.0,0.0,0.004155545838081737,0.0,0.0,square,0,0.2,0.25,3,6,8.399902105331421,0.0
1779527833.3954139,0.1989675347273536,0.0,0.0,0.004155545838081737,0.0,0.0,0.198,1.4255999999999998,-0.3168,0.2,0.0,0.0,0.1989675347273536,0.0,0.0,0.0,0.0,0.0020777729190408684,square,0,0.2,0.25,3,6,8.409893274307251,0.0
1779527833.4054143,0.1989675347273536,0.0,0.0,0.0,0.0,0.0020777729190408684,0.1188,1.3068,-0.3168,0.2,0.0,0.0,0.1989675347273536,0.0,0.0,0.0,0.0,0.0020777729190408684,square,0,0.2,0.25,3,6,8.41990065574646,0.0
1779527833.4158378,0.1989675347273536,0.0,0.0,0.0,0.0,0.0020777729190408684,-0.1188,1.2672,-0.2376,0.2,0.0,0.0,0.1989675347273536,0.0,0.0,-0.0020777729190408684,0.0,0.0,square,0,0.2,0.25,3,6,8.429901123046875,0.0
1779527833.4254453,0.1989675347273536,0.0,0.0,-0.0020777729190408684,0.0,0.0,-0.0792,1.1880000000000002,-0.198,0.2,0.0,0.0,0.1989675347273536,0.0,0.0,-0.0020777729190408684,-0.0020777729190408684,0.0,square,0,0.2,0.25,3,6,8.440324544906616,0.0
1779527833.4354227,0.1989675347273536,0.0,0.0,-0.0020777729190408684,-0.0020777729190408684,0.0,-0.1188,1.1483999999999999,0.0,0.2,0.0,0.0,0.1989675347273536,0.0,0.0,0.0,-0.0020777729190408684,-0.0020777729190408684,square,0,0.2,0.25,3,6,8.449932098388672,0.0
1779527833.4454174,0.1989675347273536,0.0,0.0,0.0,-0.0020777729190408684,-0.0020777729190408684,-0.0396,1.1880000000000002,-0.0396,0.2,0.0,0.0,0.1989675347273536,0.0,0.0,-0.0020777729190408684,0.0,0.0,square,0,0.2,0.25,3,6,8.459909439086914,0.0
1779527833.4554136,0.1989675347273536,0.0,0.0,-0.0020777729190408684,0.0,0.0,-0.1584,1.2672,-0.2376,0.2,0.0,0.0,0.1989675347273536,0.0,0.0,0.0,0.0020777729190408684,0.0,square,0,0.2,0.25,3,6,8.46990418434143,0.0
1779527833.4654553,0.1989675347273536,0.0,0.0,0.0,0.0020777729190408684,0.0,-0.1188,1.3464,-0.27720000000000006,0.2,0.0,0.0,0.1989675347273536,0.0,0.0,0.0,0.0,0.0,square,0,0.2,0.25,3,6,8.479900360107422,0.0
1779527833.4754143,0.1989675347273536,0.0,0.0,0.0,0.0,0.0,-0.1584,1.3464,-0.2376,0.2,0.0,0.0,0.1989675347273536,0.0,0.0,0.0,0.0,-0.0020777729190408684,square,0,0.2,0.25,3,6,8.489942073822021,0.0
1779527833.485414,0.1989675347273536,0.0,0.0,0.0,0.0,-0.0020777729190408684,0.27720000000000006,1.3068,-0.35639999999999994,0.2,0.0,0.0,0.1989675347273536,0.0,0.0,0.0,0.0,0.0,square,0,0.2,0.25,3,6,8.499901056289673,0.0
1779527833.4954166,0.1989675347273536,0.0,0.0,0.0,0.0,0.0,0.3168,1.4255999999999998,0.0,0.2,0.0,0.0,0.1989675347273536,0.0,0.0,0.0,0.0,0.0020777729190408684,square,0,0.2,0.25,3,6,8.50990080833435,0.0
1779527833.5054495,0.1989675347273536,0.0,0.0,0.0,0.0,0.0020777729190408684,0.35639999999999994,1.3464,-0.27720000000000006,0.2,0.0,0.0,0.1989675347273536,0.0,0.0,0.0020777729190408684,0.0,0.0,square,0,0.2,0.25,3,6,8.519903421401978,0.0
1779527833.5154228,0.1989675347273536,0.0,0.0,0.0020777729190408684,0.0,0.0,0.3168,1.4255999999999998,-0.198,0.2,0.0,0.0,0.1989675347273536,0.0,0.0,0.0,0.0,0.0,square,0,0.2,0.25,3,6,8.52993631362915,0.0
1779527833.5254095,0.1989675347273536,0.0,0.0,0.0,0.0,0.0,0.396,1.4652,-0.1188,0.2,0.0,0.0,0.1989675347273536,0.0,0.0,0.0,0.0,0.0,square,0,0.2,0.25,3,6,8.539909601211548,0.0
1779527833.535413,0.1989675347273536,0.0,0.0,0.0,0.0,0.0,0.3168,1.4652,-0.27720000000000006,0.2,0.0,0.0,0.1989675347273536,0.0,0.0,-0.004155545838081737,0.0,0.0,square,0,0.2,0.25,3,6,8.549896240234375,0.0
1779527833.5454109,0.1989675347273536,0.0,0.0,-0.004155545838081737,0.0,0.0,0.198,1.5048000000000001,-0.1584,0.2,0.0,0.0,0.1989675347273536,0.0,0.0,-0.004155545838081737,0.0,0.0,square,0,0.2,0.25,3,6,8.559899806976318,0.0
1779527833.5554097,0.1989675347273536,0.0,0.0,-0.004155545838081737,0.0,0.0,0.198,1.4255999999999998,0.0,0.2,0.0,0.0,0.1989675347273536,0.0,0.0,-0.0020777729190408684,0.0,0.0,square,0,0.2,0.25,3,6,8.569897651672363,0.0
1779527833.5654006,0.1989675347273536,0.0,0.0,-0.0020777729190408684,0.0,0.0,0.0792,1.3860000000000001,-0.2376,0.2,0.0,0.0,0.1989675347273536,0.0,0.0,-0.0020777729190408684,0.0,0.0,square,0,0.2,0.25,3,6,8.579896450042725,0.0
1779527833.5754147,0.1989675347273536,0.0,0.0,-0.0020777729190408684,0.0,0.0,0.198,1.3464,0.0,0.2,0.0,0.0,0.1989675347273536,0.0,0.0,0.0,0.0,0.0,square,0,0.2,0.25,3,6,8.589887380599976,0.0
1779527833.5859,0.1989675347273536,0.0,0.0,0.0,0.0,0.0,0.2376,1.3860000000000001,-0.1188,0.2,0.0,0.0,0.1989675347273536,0.0,0.0,0.0020777729190408684,0.0,0.0,square,0,0.2,0.25,3,6,8.5999014377594,0.0
1779527833.5954125,0.1989675347273536,0.0,0.0,0.0020777729190408684,0.0,0.0,0.27720000000000006,1.5048000000000001,-0.1584,0.2,0.0,0.0,0.1989675347273536,0.0,0.0,0.0,0.0,0.0,square,0,0.2,0.25,3,6,8.610386848449707,0.0
1779527833.6054146,0.1989675347273536,0.0,0.0,0.0,0.0,0.0,0.3168,1.5444,-0.3168,0.2,0.0,0.0,0.1989675347273536,0.0,0.0,0.0020777729190408684,0.0,0.0020777729190408684,square,0,0.2,0.25,3,6,8.619899272918701,0.0
1779527833.6154137,0.1989675347273536,0.0,0.0,0.0020777729190408684,0.0,0.0020777729190408684,0.35639999999999994,1.4255999999999998,-0.35639999999999994,0.2,0.0,0.0,0.1989675347273536,0.0,0.0,0.0,-0.0020777729190408684,0.0,square,0,0.2,0.25,3,6,8.62990140914917,0.0
1779527833.625413,0.1989675347273536,0.0,0.0,0.0,-0.0020777729190408684,0.0,0.3168,1.3068,-0.198,0.2,0.0,0.0,0.1989675347273536,0.0,0.0,0.0,0.0,0.0,square,0,0.2,0.25,3,6,8.63990044593811,0.0
1779527833.6354458,0.1989675347273536,0.0,0.0,0.0,0.0,0.0,0.396,1.3860000000000001,-0.0792,0.2,0.0,0.0,0.1989675347273536,0.0,0.0,-0.0020777729190408684,0.0,0.0,square,0,0.2,0.25,3,6,8.64989972114563,0.0
1779527833.6454144,0.1989675347273536,0.0,0.0,-0.0020777729190408684,0.0,0.0,0.3168,1.2672,-0.1188,0.2,0.0,0.0,0.1989675347273536,0.0,0.0,-0.0020777729190408684,0.0,0.0,square,0,0.2,0.25,3,6,8.659932613372803,0.0
1779527833.6554136,0.1989675347273536,0.0,0.0,-0.0020777729190408684,0.0,0.0,0.27720000000000006,1.4255999999999998,-0.1584,0.2,0.0,0.0,0.1989675347273536,0.0,0.0,0.0,0.0,0.0,square,0,0.2,0.25,3,6,8.669901132583618,0.0
1779527833.6654193,0.1989675347273536,0.0,0.0,0.0,0.0,0.0,0.2376,1.4255999999999998,-0.2376,0.2,0.0,0.0,0.1989675347273536,0.0,0.0,-0.0020777729190408684,0.0,0.0,square,0,0.2,0.25,3,6,8.679900407791138,0.0
1779527833.6754513,0.1989675347273536,0.0,0.0,-0.0020777729190408684,0.0,0.0,0.2376,1.5048000000000001,-0.27720000000000006,0.2,0.0,0.0,0.1989675347273536,0.0,0.0,0.0,0.0,0.0,square,0,0.2,0.25,3,6,8.689906120300293,0.0
1779527833.6854136,0.1989675347273536,0.0,0.0,0.0,0.0,0.0,0.35639999999999994,1.4652,-0.27720000000000006,0.2,0.0,0.0,0.1989675347273536,0.0,0.0,0.0,0.0,0.0,square,0,0.2,0.25,3,6,8.69993805885315,0.0
1779527833.6954112,0.1989675347273536,0.0,0.0,0.0,0.0,0.0,0.396,1.5444,-0.1188,0.2,0.0,0.0,0.1989675347273536,0.0,0.0,0.0020777729190408684,0.0,0.0,square,0,0.2,0.25,3,6,8.709900379180908,0.0
1779527833.705422,0.1989675347273536,0.0,0.0,0.0020777729190408684,0.0,0.0,0.35639999999999994,1.5048000000000001,-0.0396,0.2,0.0,0.0,0.1989675347273536,0.0,0.0,0.0020777729190408684,0.0,0.0,square,0,0.2,0.25,3,6,8.719897985458374,0.0
1779527833.7154481,0.1989675347273536,0.0,0.0,0.0020777729190408684,0.0,0.0,0.35639999999999994,1.5048000000000001,-0.0396,0.2,0.0,0.0,0.1989675347273536,0.0,0.0,0.0020777729190408684,0.0,0.0,square,0,0.2,0.25,3,6,8.72990870475769,0.0
1779527833.7254112,0.1989675347273536,0.0,0.0,0.0020777729190408684,0.0,0.0,0.35639999999999994,1.5048000000000001,-0.0396,0.2,0.0,0.0,0.1989675347273536,0.0,0.0,0.0,-0.0020777729190408684,0.0,square,0,0.2,0.25,3,6,8.739934921264648,0.0
1779527833.7354233,0.1989675347273536,0.0,0.0,0.0,-0.0020777729190408684,0.0,0.396,1.4255999999999998,-0.0792,0.2,0.0,0.0,0.1989675347273536,0.0,0.0,-0.0020777729190408684,0.0,0.0,square,0,0.2,0.25,3,6,8.749897956848145,0.0
1779527833.7454128,0.1989675347273536,0.0,0.0,-0.0020777729190408684,0.0,0.0,0.3168,1.2672,-0.0396,0.2,0.0,0.0,0.1989675347273536,0.0,0.0,-0.0020777729190408684,0.0,0.0020777729190408684,square,0,0.2,0.25,3,6,8.759910106658936,0.0
1779527833.7554405,0.1989675347273536,0.0,0.0,-0.0020777729190408684,0.0,0.0020777729190408684,0.2376,1.5048000000000001,-0.1584,0.2,0.0,0.0,0.1989675347273536,0.0,0.0,0.0,0.0,-0.0020777729190408684,square,0,0.2,0.25,3,6,8.769899606704712,0.0
1779527833.765464,0.1989675347273536,0.0,0.0,0.0,0.0,-0.0020777729190408684,0.2376,1.4652,0.0396,0.2,0.0,0.0,0.1989675347273536,0.0,0.0,0.0,0.0,-0.0020777729190408684,square,0,0.2,0.25,3,6,8.779927253723145,0.0
1779527833.7754147,0.1989675347273536,0.0,0.0,0.0,0.0,-0.0020777729190408684,0.2376,1.4652,0.0396,0.2,0.0,0.0,0.1989675347273536,0.0,0.0,0.0,-0.0020777729190408684,0.0,square,0,0.2,0.25,3,6,8.789950847625732,0.0
1779527833.7854123,0.1989675347273536,0.0,0.0,0.0,-0.0020777729190408684,0.0,0.396,1.584,-0.35639999999999994,0.2,0.0,0.0,0.1989675347273536,0.0,0.0,0.0020777729190408684,0.0,0.0,square,0,0.2,0.25,3,6,8.799901485443115,0.0
1779527833.7954235,0.1989675347273536,0.0,0.0,0.0020777729190408684,0.0,0.0,0.396,1.3464,0.4356,0.2,0.0,0.0,0.1989675347273536,0.0,0.0,0.0020777729190408684,0.0,0.0,square,0,0.2,0.25,3,6,8.809899091720581,0.0
1779527833.805411,0.1989675347273536,0.0,0.0,0.0020777729190408684,0.0,0.0,0.4356,1.3464,-0.1188,0.2,0.0,0.0,0.1989675347273536,0.0,0.0,0.0,0.0,0.0,square,0,0.2,0.25,3,6,8.819910287857056,0.0
1779527833.8154275,0.1989675347273536,0.0,0.0,0.0,0.0,0.0,0.396,1.3860000000000001,-0.198,0.2,0.0,0.0,0.1989675347273536,0.0,0.0,0.0,0.0,0.0,square,0,0.2,0.25,3,6,8.8298978805542,0.0
1779527833.8254135,0.1989675347273536,0.0,0.0,0.0,0.0,0.0,0.396,1.3464,-0.198,0.2,0.0,0.0,0.1989675347273536,0.0,0.0,0.0,0.0,0.0,square,0,0.2,0.25,3,6,8.839914321899414,0.0
1779527833.8355358,0.1989675347273536,0.0,0.0,0.0,0.0,0.0,0.27720000000000006,1.4255999999999998,-0.1188,0.2,0.0,0.0,0.1989675347273536,0.0,0.0,0.0,0.0,0.0,square,0,0.2,0.25,3,6,8.849900245666504,0.0
1779527833.845471,0.1989675347273536,0.0,0.0,0.0,0.0,0.0,0.2376,1.5048000000000001,-0.1584,0.2,0.0,0.0,0.1989675347273536,0.0,0.0,0.0,0.0,-0.0020777729190408684,square,0,0.2,0.25,3,6,8.86002254486084,0.0
1779527833.8554344,0.1989675347273536,0.0,0.0,0.0,0.0,-0.0020777729190408684,0.2376,1.5444,-0.1584,0.2,0.0,0.0,0.1989675347273536,0.0,0.0,0.0,0.0,0.0,square,0,0.2,0.25,3,6,8.869957685470581,0.0
1779527833.8654418,0.1989675347273536,0.0,0.0,0.0,0.0,0.0,0.2376,1.4652,-0.1584,0.2,0.0,0.0,0.1989675347273536,0.0,0.0,0.0,0.0,0.0,square,0,0.2,0.25,3,6,8.879921197891235,0.0
1779527833.8754249,0.1989675347273536,0.0,0.0,0.0,0.0,0.0,0.27720000000000006,1.3860000000000001,-0.2376,0.2,0.0,0.0,0.1989675347273536,0.0,0.0,0.0,0.0020777729190408684,0.0,square,0,0.2,0.25,3,6,8.889928579330444,0.0
1779527833.885656,0.1989675347273536,0.0,0.0,0.0,0.0020777729190408684,0.0,0.27720000000000006,1.3464,-0.1188,0.2,0.0,0.0,0.1989675347273536,0.0,0.0,0.0,0.0020777729190408684,0.0,square,0,0.2,0.25,3,6,8.899911642074585,0.0
1779527833.8962398,0.1989675347273536,0.0,0.0,0.0,0.0020777729190408684,0.0,0.27720000000000006,1.3464,-0.1188,0.2,0.0,0.0,0.1989675347273536,0.0,0.0,0.0,-0.0020777729190408684,0.0,square,0,0.2,0.25,3,6,8.91014289855957,0.0
1779527833.9058492,0.1989675347273536,0.0,0.0,0.0,-0.0020777729190408684,0.0,0.396,1.4652,-0.1584,0.2,0.0,0.0,0.1989675347273536,0.0,0.0,0.0,0.0,0.0,square,0,0.2,0.25,3,6,8.920726537704468,0.0
1779527833.9175584,0.1989675347273536,0.0,0.0,0.0,0.0,0.0,0.396,1.4255999999999998,-0.2376,0.2,0.0,0.0,0.1989675347273536,0.0,0.0,0.0,0.0,0.0,square,0,0.2,0.25,3,6,8.930335998535156,0.0
1779527833.9254634,0.1989675347273536,0.0,0.0,0.0,0.0,0.0,0.35639999999999994,1.3860000000000001,-0.1584,0.2,0.0,0.0,0.1989675347273536,0.0,0.0,0.0,0.0,0.0,square,0,0.2,0.25,3,6,8.942045211791992,0.0
1779527833.9354072,0.1989675347273536,0.0,0.0,0.0,0.0,0.0,0.2376,1.3464,0.0,0.2,0.0,0.0,0.1989675347273536,0.0,0.0,0.0,0.0,0.0020777729190408684,square,0,0.2,0.25,3,6,8.949950218200684,0.0
1779527833.9453957,0.1989675347273536,0.0,0.0,0.0,0.0,0.0020777729190408684,0.2376,1.3464,-0.198,0.2,0.0,0.0,0.1989675347273536,0.0,0.0,-0.004155545838081737,0.0,0.0,square,0,0.2,0.25,3,6,8.959893941879272,0.0
1779527833.9555724,0.1989675347273536,0.0,0.0,-0.004155545838081737,0.0,0.0,0.27720000000000006,1.5444,-0.3168,0.2,0.0,0.0,0.1989675347273536,0.0,0.0,0.0,0.0020777729190408684,0.0,square,0,0.2,0.25,3,6,8.969882488250732,0.0
1779527833.9656596,0.1989675347273536,0.0,0.0,0.0,0.0020777729190408684,0.0,0.2376,1.3860000000000001,-0.3168,0.2,0.0,0.0,0.1989675347273536,0.0,0.0,0.0,0.0,0.004155545838081737,square,0,0.2,0.25,3,6,8.980059146881104,0.0
1779527833.9755714,0.1989675347273536,0.0,0.0,0.0,0.0,0.004155545838081737,0.27720000000000006,1.3464,-0.1188,0.2,0.0,0.0,0.1989675347273536,0.0,0.0,0.0,0.0,0.0,square,0,0.2,0.25,3,6,8.990146398544312,0.0
1779527833.9855382,0.1989675347273536,0.0,0.0,0.0,0.0,0.0,0.27720000000000006,1.4652,-0.35639999999999994,0.2,0.0,0.0,0.1989675347273536,0.0,0.0,0.0020777729190408684,0.0,0.0,square,0,0.2,0.25,3,6,9.0000581741333,0.0
1779527833.9971764,0.1989675347273536,0.0,0.0,0.0020777729190408684,0.0,0.0,0.27720000000000006,1.4652,-0.198,0.2,0.0,0.0,0.1989675347273536,0.0,0.0,0.0,0.0,0.0,square,0,0.2,0.25,3,6,9.010025024414062,0.0
1779527834.0057375,0.1989675347273536,0.0,0.0,0.0,0.0,0.0,0.2376,1.3464,-0.0396,0.2,0.0,0.0,0.1989675347273536,0.0,0.0,0.0,0.0,0.0,square,0,0.2,0.25,3,6,9.021663188934326,0.0
1779527834.0155087,0.1989675347273536,0.0,0.0,0.0,0.0,0.0,0.27720000000000006,1.5048000000000001,-0.0396,0.2,0.0,0.0,0.1989675347273536,0.0,0.0,0.0,0.0,0.0,square,0,0.2,0.25,3,6,9.030224323272705,0.0
1779527834.0255175,0.1989675347273536,0.0,0.0,0.0,0.0,0.0,0.35639999999999994,1.3860000000000001,-0.198,0.2,0.0,0.0,0.1989675347273536,0.0,0.0,0.0,0.0,-0.0020777729190408684,square,0,0.2,0.25,3,6,9.039995431900024,0.0
1779527834.0354962,0.1989675347273536,0.0,0.0,0.0,0.0,-0.0020777729190408684,0.27720000000000006,1.5444,-0.198,0.2,0.0,0.0,0.1989675347273536,0.0,0.0,0.0,0.0,0.0,square,0,0.2,0.25,3,6,9.050004243850708,0.0
1779527834.0454729,0.1989675347273536,0.0,0.0,0.0,0.0,0.0,0.2376,1.4255999999999998,-0.1584,0.2,0.0,0.0,0.1989675347273536,0.0,0.0,0.0,0.0,0.0,square,0,0.2,0.25,3,6,9.059983015060425,0.0
1779527834.0554528,0.1989675347273536,0.0,0.0,0.0,0.0,0.0,0.2376,1.5444,-0.198,0.2,0.0,0.0,0.1989675347273536,0.0,0.0,0.0,0.0,0.0,square,0,0.2,0.25,3,6,9.06995964050293,0.0
1779527834.0654273,0.1989675347273536,0.0,0.0,0.0,0.0,0.0,0.27720000000000006,1.4255999999999998,-0.1188,0.2,0.0,0.0,0.1989675347273536,0.0,0.0,0.0,0.0,0.0,square,0,0.2,0.25,3,6,9.079939603805542,0.0
1779527834.076718,0.1989675347273536,0.0,0.0,0.0,0.0,0.0,0.3168,1.5048000000000001,-0.3168,0.2,0.0,0.0,0.1989675347273536,0.0,0.0,0.0,0.0,-0.0020777729190408684,square,0,0.2,0.25,3,6,9.089914083480835,0.0
1779527834.0865805,0.1989675347273536,0.0,0.0,0.0,0.0,-0.0020777729190408684,0.27720000000000006,1.4255999999999998,-0.2376,0.2,0.0,0.0,0.1989675347273536,0.0,0.0,-0.0020777729190408684,0.0,0.0,square,0,0.2,0.25,3,6,9.101204872131348,0.0
1779527834.0957031,0.1989675347273536,0.0,0.0,-0.0020777729190408684,0.0,0.0,0.3168,1.4652,-0.0792,0.2,0.0,0.0,0.1989675347273536,0.0,0.0,0.0,0.0,-0.0020777729190408684,square,0,0.2,0.25,3,6,9.111067295074463,0.0
1779527834.1064405,0.1989675347273536,0.0,0.0,0.0,0.0,-0.0020777729190408684,0.27720000000000006,1.3860000000000001,-0.3168,0.2,0.0,0.0,0.1989675347273536,0.0,0.0,0.0,0.0,0.0,square,0,0.2,0.25,3,6,9.120189905166626,0.0
1779527834.116718,0.1989675347273536,0.0,0.0,0.0,0.0,0.0,0.27720000000000006,1.5444,-0.0792,0.2,0.0,0.0,0.1989675347273536,0.0,0.0,0.0,0.0,0.0,square,0,0.2,0.25,3,6,9.130927324295044,0.0
1779527834.1255038,0.1989675347273536,0.0,0.0,0.0,0.0,0.0,0.27720000000000006,1.3860000000000001,-0.2376,0.2,0.0,0.0,0.1989675347273536,0.0,0.0,0.0,0.0,0.0,square,0,0.2,0.25,3,6,9.141204833984375,0.0
1779527834.1354978,0.1989675347273536,0.0,0.0,0.0,0.0,0.0,0.27720000000000006,1.5048000000000001,-0.1584,0.2,0.0,0.0,0.1989675347273536,0.0,0.0,0.0,0.0020777729190408684,0.0,square,0,0.2,0.25,3,6,9.149990558624268,0.0
1779527834.1455836,0.1989675347273536,0.0,0.0,0.0,0.0020777729190408684,0.0,0.2376,1.4255999999999998,-0.0396,0.2,0.0,0.0,0.1989675347273536,0.0,0.0,0.0,0.0,0.0,square,0,0.2,0.25,3,6,9.159984588623047,0.0
1779527834.1554677,0.1989675347273536,0.0,0.0,0.0,0.0,0.0,0.2376,1.3860000000000001,-0.2376,0.2,0.0,0.0,0.1989675347273536,0.0,0.0,0.0,0.0,0.0,square,0,0.2,0.25,3,6,9.17007040977478,0.0
1779527834.1659245,0.1989675347273536,0.0,0.0,0.0,0.0,0.0,0.27720000000000006,1.5444,-0.27720000000000006,0.2,0.0,0.0,0.1989675347273536,0.0,0.0,0.0,0.0,-0.0020777729190408684,square,0,0.2,0.25,3,6,9.179954528808594,0.0
1779527834.1759036,0.1989675347273536,0.0,0.0,0.0,0.0,-0.0020777729190408684,0.3168,1.3860000000000001,0.0,0.2,0.0,0.0,0.1989675347273536,0.0,0.0,0.0,0.0,0.0,square,0,0.2,0.25,3,6,9.19041132926941,0.0
1779527834.1854963,0.1989675347273536,0.0,0.0,0.0,0.0,0.0,0.3168,1.5444,-0.27720000000000006,0.2,0.0,0.0,0.1989675347273536,0.0,0.0,0.0,0.0,0.0,square,0,0.2,0.25,3,6,9.200390338897705,0.0
1779527834.1954792,0.1989675347273536,0.0,0.0,0.0,0.0,0.0,0.396,1.4652,-0.1188,0.2,0.0,0.0,0.1989675347273536,0.0,0.0,0.0,0.0,0.0,square,0,0.2,0.25,3,6,9.209983110427856,0.0
1779527834.2054257,0.1989675347273536,0.0,0.0,0.0,0.0,0.0,0.396,1.3464,-0.2376,0.2,0.0,0.0,0.1989675347273536,0.0,0.0,0.0,0.0,0.0,square,0,0.2,0.25,3,6,9.219965934753418,0.0
1779527834.2154224,0.1989675347273536,0.0,0.0,0.0,0.0,0.0,0.27720000000000006,1.4652,-0.27720000000000006,0.2,0.0,0.0,0.1989675347273536,0.0,0.0,0.0,0.0,0.0,square,0,0.2,0.25,3,6,9.229912519454956,0.0
1779527834.2255332,0.1989675347273536,0.0,0.0,0.0,0.0,0.0,0.2376,1.3860000000000001,-0.396,0.2,0.0,0.0,0.1989675347273536,0.0,0.0,0.0,0.0,0.0,square,0,0.2,0.25,3,6,9.239909172058105,0.0
1779527834.2355254,0.1989675347273536,0.0,0.0,0.0,0.0,0.0,0.27720000000000006,1.4255999999999998,-0.2376,0.2,0.0,0.0,0.1989675347273536,0.0,0.0,0.0,0.0,0.0,square,0,0.2,0.25,3,6,9.250020027160645,0.0
1779527834.2460108,0.1989675347273536,0.0,0.0,0.0,0.0,0.0,0.2376,1.5048000000000001,-0.1584,0.2,0.0,0.0,0.1989675347273536,0.0,0.0,0.0,0.0,0.0,square,0,0.2,0.25,3,6,9.260012149810791,0.0
1779527834.2560513,0.1989675347273536,0.0,0.0,0.0,0.0,0.0,0.2376,1.3860000000000001,-0.1584,0.2,0.0,0.0,0.1989675347273536,0.0,0.0,0.0,0.0020777729190408684,0.0,square,0,0.2,0.25,3,6,9.270497560501099,0.0
1779527834.2654188,0.1989675347273536,0.0,0.0,0.0,0.0020777729190408684,0.0,0.27720000000000006,1.4652,-0.2376,0.2,0.0,0.0,0.1989675347273536,0.0,0.0,0.0020777729190408684,0.0,0.0,square,0,0.2,0.25,3,6,9.280538082122803,0.0
1779527834.2754807,0.1989675347273536,0.0,0.0,0.0020777729190408684,0.0,0.0,0.2376,1.5444,-0.27720000000000006,0.2,0.0,0.0,0.1989675347273536,0.0,0.0,0.0,0.0,0.0,square,0,0.2,0.25,3,6,9.289905548095703,0.0
1779527834.28566,0.1989675347273536,0.0,0.0,0.0,0.0,0.0,0.2376,1.5048000000000001,-0.198,0.2,0.0,0.0,0.1989675347273536,0.0,0.0,0.0,0.0,0.0,square,0,0.2,0.25,3,6,9.299967527389526,0.0
1779527834.2954814,0.1989675347273536,0.0,0.0,0.0,0.0,0.0,0.27720000000000006,1.5444,-0.2376,0.2,0.0,0.0,0.1989675347273536,0.0,0.0,0.0,0.0,0.0,square,0,0.2,0.25,3,6,9.310146808624268,0.0
1779527834.3056483,0.1989675347273536,0.0,0.0,0.0,0.0,0.0,0.27720000000000006,1.4255999999999998,-0.1188,0.2,0.0,0.0,0.1989675347273536,0.0,0.0,0.0,0.0020777729190408684,0.0,square,0,0.2,0.25,3,6,9.319968223571777,0.0
1779527834.3154378,0.1989675347273536,0.0,0.0,0.0,0.0020777729190408684,0.0,0.3168,1.4652,-0.1584,0.2,0.0,0.0,0.1989675347273536,0.0,0.0,0.0,0.0020777729190408684,0.0,square,0,0.2,0.25,3,6,9.330135107040405,0.0
1779527834.3254445,0.1989675347273536,0.0,0.0,0.0,0.0020777729190408684,0.0,0.2376,1.4255999999999998,-0.198,0.2,0.0,0.0,0.1989675347273536,0.0,0.0,0.0,0.0,0.0,square,0,0.2,0.25,3,6,9.339924573898315,0.0
1779527834.335462,0.1989675347273536,0.0,0.0,0.0,0.0,0.0,0.2376,1.3860000000000001,-0.198,0.2,0.0,0.0,0.1989675347273536,0.0,0.0,0.0,0.0,0.0,square,0,0.2,0.25,3,6,9.349931240081787,0.0
1779527834.34549,0.1989675347273536,0.0,0.0,0.0,0.0,0.0,0.27720000000000006,1.3464,-0.1584,0.2,0.0,0.0,0.1989675347273536,0.0,0.0,0.0,0.0,0.0,square,0,0.2,0.25,3,6,9.359948873519897,0.0
1779527834.355543,0.1989675347273536,0.0,0.0,0.0,0.0,0.0,0.35639999999999994,1.3860000000000001,-0.198,0.2,0.0,0.0,0.1989675347273536,0.0,0.0,0.0,0.0,0.0,square,0,0.2,0.25,3,6,9.36997675895691,0.0
1779527834.366696,0.1989675347273536,0.0,0.0,0.0,0.0,0.0,0.27720000000000006,1.3464,-0.1584,0.2,0.0,0.0,0.1989675347273536,0.0,0.0,0.0,0.0,0.0,square,0,0.2,0.25,3,6,9.380029678344727,0.0
1779527834.3753967,0.1989675347273536,0.0,0.0,0.0,0.0,0.0,0.27720000000000006,1.3860000000000001,-0.1584,0.2,0.0,0.0,0.1989675347273536,0.0,0.0,0.0,0.0,0.0,square,0,0.2,0.25,3,6,9.391182661056519,0.0
1779527834.3853896,0.1989675347273536,0.0,0.0,0.0,0.0,0.0,0.27720000000000006,1.4255999999999998,-0.2376,0.2,0.0,0.0,0.1989675347273536,0.0,0.0,0.0,0.0,0.0,square,0,0.2,0.25,3,6,9.399883508682251,0.0
1779527834.3954241,0.1989675347273536,0.0,0.0,0.0,0.0,0.0,0.2376,1.5048000000000001,-0.35639999999999994,0.2,0.0,0.0,0.1989675347273536,0.0,0.0,0.0,0.0,0.0,square,0,0.2,0.25,3,6,9.409876346588135,0.0
1779527834.4054687,0.1989675347273536,0.0,0.0,0.0,0.0,0.0,0.2376,1.4652,-0.1188,0.2,0.0,0.0,0.1989675347273536,0.0,0.0,0.0,0.0,0.0,square,0,0.2,0.25,3,6,9.419910907745361,0.0
1779527834.415488,0.1989675347273536,0.0,0.0,0.0,0.0,0.0,0.2376,1.3860000000000001,-0.1188,0.2,0.0,0.0,0.1989675347273536,0.0,0.0,0.0,-0.0020777729190408684,-0.0020777729190408684,square,0,0.2,0.25,3,6,9.42995548248291,0.0
1779527834.425432,0.1989675347273536,0.0,0.0,0.0,-0.0020777729190408684,-0.0020777729190408684,0.198,1.3860000000000001,0.1584,0.2,0.0,0.0,0.1989675347273536,0.0,0.0,0.0,0.0,0.0,square,0,0.2,0.25,3,6,9.439974784851074,0.0
1779527834.435546,0.1989675347273536,0.0,0.0,0.0,0.0,0.0,0.2376,1.3860000000000001,-0.2376,0.2,0.0,0.0,0.1989675347273536,0.0,0.0,-0.0020777729190408684,0.0,0.0,square,0,0.2,0.25,3,6,9.449918746948242,0.0
1779527834.445521,0.1989675347273536,0.0,0.0,-0.0020777729190408684,0.0,0.0,0.198,1.4255999999999998,0.0,0.2,0.0,0.0,0.1989675347273536,0.0,0.0,0.0,0.0,-0.0020777729190408684,square,0,0.2,0.25,3,6,9.46003270149231,0.0
1779527834.4560237,0.1989675347273536,0.0,0.0,0.0,0.0,-0.0020777729190408684,0.3168,1.4652,-0.1584,0.2,0.0,0.0,0.1989675347273536,0.0,0.0,0.0,0.0,0.0,square,0,0.2,0.25,3,6,9.47000789642334,0.0
1779527834.4664063,0.1989675347273536,0.0,0.0,0.0,0.0,0.0,0.27720000000000006,1.3860000000000001,-0.3168,0.2,0.0,0.0,0.1989675347273536,0.0,0.0,0.0,0.0,0.0,square,0,0.2,0.25,3,6,9.480510473251343,0.0
1779527834.475552,0.1989675347273536,0.0,0.0,0.0,0.0,0.0,0.2376,1.4255999999999998,-0.0396,0.2,0.0,0.0,0.1989675347273536,0.0,0.0,0.0,0.0,0.0,square,0,0.2,0.25,3,6,9.490893125534058,0.0
1779527834.4855661,0.1989675347273536,0.0,0.0,0.0,0.0,0.0,0.2376,1.5444,-0.35639999999999994,0.2,0.0,0.0,0.1989675347273536,0.0,0.0,0.0,0.0020777729190408684,-0.0020777729190408684,square,0,0.2,0.25,3,6,9.500038862228394,0.0
1779527834.4955475,0.1989675347273536,0.0,0.0,0.0,0.0020777729190408684,-0.0020777729190408684,0.27720000000000006,1.3464,-0.3168,0.2,0.0,0.0,0.1989675347273536,0.0,0.0,0.0,0.0,0.0,square,0,0.2,0.25,3,6,9.510052919387817,0.0
1779527834.5054283,0.1989675347273536,0.0,0.0,0.0,0.0,0.0,0.27720000000000006,1.3860000000000001,-0.1584,0.2,0.0,0.0,0.1989675347273536,0.0,0.0,0.0,0.0,0.0,square,0,0.2,0.25,3,6,9.520034313201904,0.0
1779527834.5154252,0.1989675347273536,0.0,0.0,0.0,0.0,0.0,0.1584,1.3464,-0.0396,0.2,0.0,0.0,0.1989675347273536,0.0,0.0,0.0,0.0,0.0,square,0,0.2,0.25,3,6,9.52991509437561,0.0
1779527834.5255117,0.1989675347273536,0.0,0.0,0.0,0.0,0.0,0.198,1.3860000000000001,-0.198,0.2,0.0,0.0,0.1989675347273536,0.0,0.0,0.0,0.0,0.0,square,0,0.2,0.25,3,6,9.539911985397339,0.0
1779527834.5355124,0.1989675347273536,0.0,0.0,0.0,0.0,0.0,0.27720000000000006,1.3464,-0.1584,0.2,0.0,0.0,0.1989675347273536,0.0,0.0,0.0,0.0,0.0,square,0,0.2,0.25,3,6,9.54999852180481,0.0
1779527834.5455556,0.1989675347273536,0.0,0.0,0.0,0.0,0.0,0.2376,1.4652,-0.2376,0.2,0.0,0.0,0.1989675347273536,0.0,0.0,0.0,0.0,-0.0020777729190408684,square,0,0.2,0.25,3,6,9.559999227523804,0.0
1779527834.5554416,0.1989675347273536,0.0,0.0,0.0,0.0,-0.0020777729190408684,0.27720000000000006,1.3464,-0.1188,0.2,0.0,0.0,0.1989675347273536,0.0,0.0,0.0,0.0,0.0,square,0,0.2,0.25,3,6,9.570042371749878,0.0
1779527834.565431,0.1989675347273536,0.0,0.0,0.0,0.0,0.0,0.2376,1.5444,-0.27720000000000006,0.2,0.0,0.0,0.1989675347273536,0.0,0.0,0.0,0.0,0.0,square,0,0.2,0.25,3,6,9.579928398132324,0.0
1779527834.5754461,0.1989675347273536,0.0,0.0,0.0,0.0,0.0,0.3168,1.3860000000000001,-0.2376,0.2,0.0,0.0,0.1989675347273536,0.0,0.0,0.0,0.0,0.0,square,0,0.2,0.25,3,6,9.5899178981781,0.0
1779527834.5854554,0.1989675347273536,0.0,0.0,0.0,0.0,0.0,0.27720000000000006,1.3068,-0.2376,0.2,0.0,0.0,0.1989675347273536,0.0,0.0,0.0,0.0,0.0,square,0,0.2,0.25,3,6,9.59993290901184,0.0
1779527834.5957303,0.1989675347273536,0.0,0.0,0.0,0.0,0.0,0.2376,1.3464,-0.2376,0.2,0.0,0.0,0.1989675347273536,0.0,0.0,0.0,0.0,0.0,square,0,0.2,0.25,3,6,9.609942197799683,0.0
1779527834.6062765,0.1989675347273536,0.0,0.0,0.0,0.0,0.0,0.27720000000000006,1.3860000000000001,-0.35639999999999994,0.2,0.0,0.0,0.1989675347273536,0.0,0.0,0.0,0.0,0.0020777729190408684,square,0,0.2,0.25,3,6,9.620217084884644,0.0
1779527834.6154997,0.1989675347273536,0.0,0.0,0.0,0.0,0.0020777729190408684,0.27720000000000006,1.5048000000000001,-0.198,0.2,0.0,0.0,0.1989675347273536,0.0,0.0,0.0,0.0,0.0,square,0,0.2,0.25,3,6,9.630763292312622,0.0
1779527834.6255522,0.1989675347273536,0.0,0.0,0.0,0.0,0.0,0.2376,1.3464,-0.0792,0.2,0.0,0.0,0.1989675347273536,0.0,0.0,0.0,0.0,0.0,square,0,0.2,0.25,3,6,9.639986515045166,0.0
1779527834.6354105,0.1989675347273536,0.0,0.0,0.0,0.0,0.0,0.198,1.3860000000000001,-0.0792,0.2,0.0,0.0,0.1989675347273536,0.0,0.0,0.0,0.0,0.0,square,0,0.2,0.25,3,6,9.650038957595825,0.0
1779527834.645481,0.1989675347273536,0.0,0.0,0.0,0.0,0.0,0.2376,1.5048000000000001,-0.27720000000000006,0.2,0.0,0.0,0.1989675347273536,0.0,0.0,0.0,0.0,0.0,square,0,0.2,0.25,3,6,9.659897327423096,0.0
1779527834.6565342,0.1989675347273536,0.0,0.0,0.0,0.0,0.0,0.2376,1.4255999999999998,-0.27720000000000006,0.2,0.0,0.0,0.1989675347273536,0.0,0.0,0.0,0.0,0.0,square,0,0.2,0.25,3,6,9.669967889785767,0.0
1779527834.66628,0.1989675347273536,0.0,0.0,0.0,0.0,0.0,0.198,1.3464,0.0792,0.2,0.0,0.0,0.1989675347273536,0.0,0.0,0.0,0.0,0.0,square,0,0.2,0.25,3,6,9.681020975112915,0.0
1779527834.6755416,0.1989675347273536,0.0,0.0,0.0,0.0,0.0,0.198,1.5048000000000001,-0.2376,0.2,0.0,0.0,0.1989675347273536,0.0,0.0,0.0,0.0,0.0020777729190408684,square,0,0.2,0.25,3,6,9.69076681137085,0.0
1779527834.6854541,0.1989675347273536,0.0,0.0,0.0,0.0,0.0020777729190408684,0.3168,1.3464,-0.396,0.2,0.0,0.0,0.1989675347273536,0.0,0.0,0.0,0.0,0.0,square,0,0.2,0.25,3,6,9.700028419494629,0.0
1779527834.6955304,0.1989675347273536,0.0,0.0,0.0,0.0,0.0,0.3168,1.5048000000000001,-0.3168,0.2,0.0,0.0,0.1989675347273536,0.0,0.0,0.0,-0.0020777729190408684,0.0,square,0,0.2,0.25,3,6,9.709940910339355,0.0
1779527834.7054431,0.1989675347273536,0.0,0.0,0.0,-0.0020777729190408684,0.0,0.27720000000000006,1.4255999999999998,-0.1188,0.2,0.0,0.0,0.1989675347273536,0.0,0.0,0.0,0.0,0.0,square,0,0.2,0.25,3,6,9.720017194747925,0.0
1779527834.7164876,0.1989675347273536,0.0,0.0,0.0,0.0,0.0,0.27720000000000006,1.4652,-0.2376,0.2,0.0,0.0,0.1989675347273536,0.0,0.0,0.0,0.0,0.0,square,0,0.2,0.25,3,6,9.72992992401123,0.0
1779527834.7254965,0.1989675347273536,0.0,0.0,0.0,0.0,0.0,0.2376,1.3068,0.1188,0.2,0.0,0.0,0.1989675347273536,0.0,0.0,0.0,0.0,-0.0020777729190408684,square,0,0.2,0.25,3,6,9.740974426269531,0.0
1779527834.7354364,0.1989675347273536,0.0,0.0,0.0,0.0,-0.0020777729190408684,0.27720000000000006,1.5048000000000001,-0.198,0.2,0.0,0.0,0.1989675347273536,0.0,0.0,0.0,0.0,0.0,square,0,0.2,0.25,3,6,9.749983310699463,0.0
1779527834.7454271,0.1989675347273536,0.0,0.0,0.0,0.0,0.0,0.198,1.3860000000000001,-0.1188,0.2,0.0,0.0,0.1989675347273536,0.0,0.0,0.0,0.0,0.0,square,0,0.2,0.25,3,6,9.759923219680786,0.0
1779527834.7554111,0.1989675347273536,0.0,0.0,0.0,0.0,0.0,0.27720000000000006,1.5444,-0.1188,0.2,0.0,0.0,0.1989675347273536,0.0,0.0,0.0,0.0,0.0,square,0,0.2,0.25,3,6,9.769913911819458,0.0
1779527834.7654743,0.1989675347273536,0.0,0.0,0.0,0.0,0.0,0.2376,1.4652,-0.0792,0.2,0.0,0.0,0.1989675347273536,0.0,0.0,0.0,-0.0020777729190408684,0.0020777729190408684,square,0,0.2,0.25,3,6,9.779897928237915,0.0
1779527834.7754004,0.1989675347273536,0.0,0.0,0.0,-0.0020777729190408684,0.0020777729190408684,0.198,1.5048000000000001,-0.27720000000000006,0.2,0.0,0.0,0.1989675347273536,0.0,0.0,0.0,0.0,0.0020777729190408684,square,0,0.2,0.25,3,6,9.789961099624634,0.0
1779527834.7854095,0.1989675347273536,0.0,0.0,0.0,0.0,0.0020777729190408684,0.2376,1.3860000000000001,-0.3168,0.2,0.0,0.0,0.1989675347273536,0.0,0.0,0.0020777729190408684,0.0,0.0,square,0,0.2,0.25,3,6,9.79988718032837,0.0
1779527834.7954667,0.1989675347273536,0.0,0.0,0.0020777729190408684,0.0,0.0,0.2376,1.3464,-0.0396,0.2,0.0,0.0,0.1989675347273536,0.0,0.0,-0.0020777729190408684,0.0020777729190408684,0.0,square,0,0.2,0.25,3,6,9.809896230697632,0.0
1779527834.805465,0.1989675347273536,0.0,0.0,-0.0020777729190408684,0.0020777729190408684,0.0,0.27720000000000006,1.3068,0.0,0.2,0.0,0.0,0.1989675347273536,0.0,0.0,0.0,0.0020777729190408684,0.0,square,0,0.2,0.25,3,6,9.819953441619873,0.0
1779527834.815409,0.1989675347273536,0.0,0.0,0.0,0.0020777729190408684,0.0,0.2376,1.5048000000000001,-0.2376,0.2,0.0,0.0,0.1989675347273536,0.0,0.0,0.0,0.0,0.0,square,0,0.2,0.25,3,6,9.829951763153076,0.0
1779527834.825422,0.1989675347273536,0.0,0.0,0.0,0.0,0.0,0.2376,1.4652,-0.35639999999999994,0.2,0.0,0.0,0.1989675347273536,0.0,0.0,0.0,0.0,0.0,square,0,0.2,0.25,3,6,9.839895725250244,0.0
1779527834.8354323,0.1989675347273536,0.0,0.0,0.0,0.0,0.0,0.2376,1.5444,-0.2376,0.2,0.0,0.0,0.1989675347273536,0.0,0.0,0.0,0.0,0.0,square,0,0.2,0.25,3,6,9.849908828735352,0.0
1779527834.845437,0.1989675347273536,0.0,0.0,0.0,0.0,0.0,0.2376,1.5048000000000001,-0.35639999999999994,0.2,0.0,0.0,0.1989675347273536,0.0,0.0,0.0,0.0,0.0,square,0,0.2,0.25,3,6,9.85991907119751,0.0
1779527834.8554666,0.1989675347273536,0.0,0.0,0.0,0.0,0.0,0.198,1.5048000000000001,-0.0396,0.2,0.0,0.0,0.1989675347273536,0.0,0.0,0.0,0.0,0.0,square,0,0.2,0.25,3,6,9.869923830032349,0.0
1779527834.8654237,0.1989675347273536,0.0,0.0,0.0,0.0,0.0,0.2376,1.6236000000000002,-0.1188,0.2,0.0,0.0,0.1989675347273536,0.0,0.0,0.0,0.0,0.0,square,0,0.2,0.25,3,6,9.879953384399414,0.0
1779527834.8755858,0.1989675347273536,0.0,0.0,0.0,0.0,0.0,0.2376,1.4652,-0.35639999999999994,0.2,0.0,0.0,0.1989675347273536,0.0,0.0,0.0,0.0,0.0,square,0,0.2,0.25,3,6,9.889910459518433,0.0
1779527834.8854256,0.1989675347273536,0.0,0.0,0.0,0.0,0.0,0.2376,1.3464,-0.0396,0.2,0.0,0.0,0.1989675347273536,0.0,0.0,0.0,0.0,0.0,square,0,0.2,0.25,3,6,9.900072574615479,0.0
1779527834.8954184,0.1989675347273536,0.0,0.0,0.0,0.0,0.0,0.2376,1.5048000000000001,-0.198,0.2,0.0,0.0,0.1989675347273536,0.0,0.0,0.0,0.0,0.0,square,0,0.2,0.25,3,6,9.909912347793579,0.0
1779527834.9054637,0.1989675347273536,0.0,0.0,0.0,0.0,0.0,0.27720000000000006,1.3068,-0.0396,0.2,0.0,0.0,0.1989675347273536,0.0,0.0,0.0,0.0,-0.0020777729190408684,square,0,0.2,0.25,3,6,9.919905185699463,0.0
1779527834.9154134,0.1989675347273536,0.0,0.0,0.0,0.0,-0.0020777729190408684,0.2376,1.584,-0.2376,0.2,0.0,0.0,0.1989675347273536,0.0,0.0,0.0,0.0,0.0,square,0,0.2,0.25,3,6,9.929950475692749,0.0
1779527834.9254172,0.1989675347273536,0.0,0.0,0.0,0.0,0.0,0.198,1.4255999999999998,-0.2376,0.2,0.0,0.0,0.1989675347273536,0.0,0.0,-0.0020777729190408684,0.0,0.0020777729190408684,square,0,0.2,0.25,3,6,9.939900159835815,0.0
1779527834.9354131,0.1989675347273536,0.0,0.0,-0.0020777729190408684,0.0,0.0020777729190408684,0.27720000000000006,1.5048000000000001,-0.198,0.2,0.0,0.0,0.1989675347273536,0.0,0.0,0.0,0.0,0.0,square,0,0.2,0.25,3,6,9.949903964996338,0.0
1779527834.945416,0.1989675347273536,0.0,0.0,0.0,0.0,0.0,0.2376,1.5048000000000001,-0.2376,0.2,0.0,0.0,0.1989675347273536,0.0,0.0,0.0,0.0,0.0,square,0,0.2,0.25,3,6,9.95989990234375,0.0
1779527834.9554121,0.1989675347273536,0.0,0.0,0.0,0.0,0.0,0.1584,1.3860000000000001,-0.1188,0.2,0.0,0.0,0.1989675347273536,0.0,0.0,0.0,0.0,0.0,square,0,0.2,0.25,3,6,9.969902753829956,0.0
1779527834.9654377,0.1989675347273536,0.0,0.0,0.0,0.0,0.0,0.1584,1.3860000000000001,-0.0792,0.2,0.0,0.0,0.1989675347273536,0.0,0.0,0.0,0.0,0.0020777729190408684,square,0,0.2,0.25,3,6,9.979898929595947,0.0
1779527834.975412,0.1989675347273536,0.0,0.0,0.0,0.0,0.0020777729190408684,0.2376,1.5048000000000001,-0.198,0.2,0.0,0.0,0.1989675347273536,0.0,0.0,-0.0020777729190408684,0.0,0.0,square,0,0.2,0.25,3,6,9.989924430847168,0.0
1779527834.9854128,0.1989675347273536,0.0,0.0,-0.0020777729190408684,0.0,0.0,0.2376,1.3860000000000001,-0.1584,0.2,0.0,0.0,0.1989675347273536,0.0,0.0,0.0,0.0020777729190408684,0.0,square,0,0.2,0.25,3,6,9.999898672103882,0.0
1779527834.9954183,0.1989675347273536,0.0,0.0,0.0,0.0020777729190408684,0.0,0.2376,1.3860000000000001,-0.2376,-0.2,0.0,0.0,0.1989675347273536,0.0,0.0,0.0,0.0,0.0,square,0,0.2,0.25,3,6,10.009899616241455,0.0
1779527835.005398,0.1989675347273536,0.0,0.0,0.0,0.0,0.0,0.2376,1.5048000000000001,-0.2376,-0.2,0.0,0.0,0.1989675347273536,0.0,0.0,0.0,0.0,0.0020777729190408684,square,0,0.2,0.25,3,6,10.019905090332031,0.0
1779527835.0154352,0.1989675347273536,0.0,0.0,0.0,0.0,0.0020777729190408684,0.2376,1.2672,-0.27720000000000006,-0.2,0.0,0.0,0.19722220547535924,0.0,0.0,-0.19946620022792336,0.0,0.0,square,0,0.2,0.25,3,6,10.029884815216064,0.0
1779527835.0254297,0.19722220547535924,0.0,0.0,-0.19946620022792336,0.0,0.0,13.068000000000001,0.6732,-0.3168,-0.2,0.0,0.0,0.1762782544514273,0.0,0.0,-1.7640292082656972,-0.004155545838081737,0.0,square,0,0.2,0.25,3,6,10.039921998977661,0.0
1779527835.0354252,0.1762782544514273,0.0,0.0,-1.7640292082656972,-0.004155545838081737,0.0,4.7124,0.9504,-0.5148,-0.2,0.0,0.0,0.14137166941154067,0.0,0.0,-3.15821483694212,-0.008311091676163474,0.0020777729190408684,square,0,0.2,0.25,3,6,10.049916505813599,0.0
1779527835.0454369,0.14137166941154067,0.0,0.0,-3.15821483694212,-0.008311091676163474,0.0020777729190408684,6.4548000000000005,1.1088000000000002,5.623200000000001,-0.2,0.0,0.0,0.10122909661567113,0.0,0.0,-3.823102171035198,-0.0020777729190408684,-0.004155545838081737,square,0,0.2,0.25,3,6,10.059911966323853,0.0
1779527835.0554116,0.10122909661567113,0.0,0.0,-3.823102171035198,-0.0020777729190408684,-0.004155545838081737,6.0192000000000005,1.4255999999999998,2.7720000000000002,-0.2,0.0,0.0,0.05585053606381855,0.0,0.0,-4.344623173714456,0.0,0.0020777729190408684,square,0,0.2,0.25,3,6,10.069923639297485,0.0
1779527835.0654175,0.05585053606381855,0.0,0.0,-4.344623173714456,0.0,0.0020777729190408684,1.782,1.4255999999999998,-2.6532,-0.2,0.0,0.0,0.012217304763960306,0.0,0.0,-4.409034134204723,0.008311091676163474,0.0020777729190408684,square,0,0.2,0.25,3,6,10.079898357391357,0.0
1779527835.0754352,0.012217304763960306,0.0,0.0,-4.409034134204723,0.008311091676163474,0.0020777729190408684,-0.0396,1.8215999999999999,0.8316,-0.2,0.0,0.0,-0.02617993877991494,0.0,0.0,-3.9560796378538132,0.010388864595204342,0.0020777729190408684,square,0,0.2,0.25,3,6,10.089904308319092,0.0
1779527835.0854707,-0.02617993877991494,0.0,0.0,-3.9560796378538132,0.010388864595204342,0.0020777729190408684,-0.8316,2.6532,-1.4255999999999998,-0.2,0.0,0.0,-0.02617993877991494,0.0,0.0,-3.9560796378538132,0.010388864595204342,0.0020777729190408684,square,0,0.2,0.25,3,6,10.099921941757202,0.0
1779527835.0954156,-0.02617993877991494,0.0,0.0,-3.9560796378538132,0.010388864595204342,0.0020777729190408684,-0.8316,2.6532,-1.4255999999999998,-0.2,0.0,0.0,-0.08552113334772216,0.0,0.0,-2.856937763681194,-0.0020777729190408684,-0.008311091676163474,square,0,0.2,0.25,3,6,10.109957456588745,0.0
1779527835.1056035,-0.08552113334772216,0.0,0.0,-2.856937763681194,-0.0020777729190408684,-0.008311091676163474,-3.8016,2.6136,0.4752,-0.2,0.0,0.0,-0.10821041362364843,0.0,0.0,-2.3603500360304266,-0.010388864595204342,0.0,square,0,0.2,0.25,3,6,10.11990237236023,0.0
1779527835.1154103,-0.10821041362364843,0.0,0.0,-2.3603500360304266,-0.010388864595204342,0.0,-4.5935999999999995,2.7324,-1.6632,-0.2,0.0,0.0,-0.12566370614359174,0.0,0.0,-1.8990844480033537,-0.02493327502849042,0.0,square,0,0.2,0.25,3,6,10.130090236663818,0.0
1779527835.1254094,-0.12566370614359174,0.0,0.0,-1.8990844480033537,-0.02493327502849042,0.0,-1.98,1.4652,-1.782,-0.2,0.0,0.0,-0.14137166941154067,0.0,0.0,-1.5188520038188749,-0.031166593785613025,0.0020777729190408684,square,0,0.2,0.25,3,6,10.139897108078003,0.0
1779527835.135491,-0.14137166941154067,0.0,0.0,-1.5188520038188749,-0.031166593785613025,0.0020777729190408684,-0.198,0.4356,-0.8316,-0.2,0.0,0.0,-0.1518436449235067,0.0,0.0,-1.2258860222341124,-0.010388864595204342,0.0,square,0,0.2,0.25,3,6,10.149896144866943,0.0
1779527835.1454155,-0.1518436449235067,0.0,0.0,-1.2258860222341124,-0.010388864595204342,0.0,0.5544000000000001,-0.5148,-0.35639999999999994,-0.2,0.0,0.0,-0.16231562043547265,0.0,0.0,-1.0077198657348212,0.008311091676163474,0.0,square,0,0.2,0.25,3,6,10.159977674484253,0.0
1779527835.1554077,-0.16231562043547265,0.0,0.0,-1.0077198657348212,0.008311091676163474,0.0,0.35639999999999994,0.99,-0.198,-0.2,0.0,0.0,-0.16929693744344998,0.0,0.0,-0.83734248637347,0.006233318757122605,0.0,square,0,0.2,0.25,3,6,10.169902324676514,0.0
1779527835.165411,-0.16929693744344998,0.0,0.0,-0.83734248637347,0.006233318757122605,0.0,-0.1584,0.9504,-0.1584,-0.2,0.0,0.0,-0.1762782544514273,0.0,0.0,-0.6835872903644457,0.02493327502849042,-0.0020777729190408684,square,0,0.2,0.25,3,6,10.17989444732666,0.0
1779527835.1754174,-0.1762782544514273,0.0,0.0,-0.6835872903644457,0.02493327502849042,-0.0020777729190408684,0.0792,1.7028,-0.2376,-0.2,0.0,0.0,-0.18151424220741028,0.0,0.0,-0.5464542777077483,0.022855502109449553,0.0,square,0,0.2,0.25,3,6,10.189897775650024,0.0
1779527835.1854086,-0.18151424220741028,0.0,0.0,-0.5464542777077483,0.022855502109449553,0.0,-0.0792,1.8215999999999999,-0.198,-0.2,0.0,0.0,-0.18500490071139894,0.0,0.0,-0.4238656754843371,0.008311091676163474,0.0,square,0,0.2,0.25,3,6,10.199904203414917,0.0
1779527835.1954238,-0.18500490071139894,0.0,0.0,-0.4238656754843371,0.008311091676163474,0.0,0.2376,1.3860000000000001,0.0,-0.2,0.0,0.0,-0.18849555921538758,0.0,0.0,-0.3345214399655798,0.0020777729190408684,0.0,square,0,0.2,0.25,3,6,10.209895372390747,0.0
1779527835.2054148,-0.18849555921538758,0.0,0.0,-0.3345214399655798,0.0020777729190408684,0.0,0.5544000000000001,1.4255999999999998,0.0396,-0.2,0.0,0.0,-0.19198621771937624,0.0,0.0,-0.2950437545038033,-0.0020777729190408684,0.0,square,0,0.2,0.25,3,6,10.219910621643066,0.0
1779527835.2154408,-0.19198621771937624,0.0,0.0,-0.2950437545038033,-0.0020777729190408684,0.0,-0.5148,1.3068,-0.27720000000000006,-0.2,0.0,0.0,-0.1937315469713706,0.0,0.0,-0.22647724817545464,-0.0020777729190408684,0.0,square,0,0.2,0.25,3,6,10.229901552200317,0.0
1779527835.2254114,-0.1937315469713706,0.0,0.0,-0.22647724817545464,-0.0020777729190408684,0.0,-0.5544000000000001,1.1483999999999999,-0.198,-0.2,0.0,0.0,-0.1954768762233649,0.0,0.0,-0.17453292519943295,-0.004155545838081737,0.0,square,0,0.2,0.25,3,6,10.239927530288696,0.0
1779527835.235412,-0.1954768762233649,0.0,0.0,-0.17453292519943295,-0.004155545838081737,0.0,-0.4752,1.2276,-0.27720000000000006,-0.2,0.0,0.0,-0.1954768762233649,0.0,0.0,-0.12882192098053383,-0.008311091676163474,0.0,square,0,0.2,0.25,3,6,10.249898195266724,0.0
1779527835.2454116,-0.1954768762233649,0.0,0.0,-0.12882192098053383,-0.008311091676163474,0.0,-0.5148,0.99,-0.35639999999999994,-0.2,0.0,0.0,-0.19722220547535924,0.0,0.0,-0.08726646259971647,-0.006233318757122605,0.0,square,0,0.2,0.25,3,6,10.259898662567139,0.0
1779527835.2554116,-0.19722220547535924,0.0,0.0,-0.08726646259971647,-0.006233318757122605,0.0,-0.1188,0.8712,-0.3168,-0.2,0.0,0.0,-0.19722220547535924,0.0,0.0,-0.05402209589506258,-0.004155545838081737,0.0,square,0,0.2,0.25,3,6,10.269898414611816,0.0
1779527835.2660816,-0.19722220547535924,0.0,0.0,-0.05402209589506258,-0.004155545838081737,0.0,0.4356,1.0296,-0.35639999999999994,-0.2,0.0,0.0,-0.1989675347273536,0.0,0.0,-0.05817764173314431,0.0,0.0,square,0,0.2,0.25,3,6,10.279898405075073,0.0
1779527835.2754648,-0.1989675347273536,0.0,0.0,-0.05817764173314431,0.0,0.0,-0.198,1.0296,-0.198,-0.2,0.0,0.0,-0.1989675347273536,0.0,0.0,-0.035322139623694765,0.006233318757122605,-0.0020777729190408684,square,0,0.2,0.25,3,6,10.290568351745605,0.0
1779527835.2854123,-0.1989675347273536,0.0,0.0,-0.035322139623694765,0.006233318757122605,-0.0020777729190408684,0.1188,1.3068,-0.0792,-0.2,0.0,0.0,-0.1989675347273536,0.0,0.0,-0.02493327502849042,0.008311091676163474,-0.0020777729190408684,square,0,0.2,0.25,3,6,10.299951553344727,0.0
1779527835.2955427,-0.1989675347273536,0.0,0.0,-0.02493327502849042,0.008311091676163474,-0.0020777729190408684,0.198,1.4255999999999998,-0.2376,-0.2,0.0,0.0,-0.1989675347273536,0.0,0.0,-0.016622183352326948,0.008311091676163474,0.0,square,0,0.2,0.25,3,6,10.309899091720581,0.0
1779527835.305668,-0.1989675347273536,0.0,0.0,-0.016622183352326948,0.008311091676163474,0.0,0.27720000000000006,1.3860000000000001,-0.3168,-0.2,0.0,0.0,-0.1989675347273536,0.0,0.0,-0.008311091676163474,0.0,-0.0020777729190408684,square,0,0.2,0.25,3,6,10.320029497146606,0.0
1779527835.3154538,-0.1989675347273536,0.0,0.0,-0.008311091676163474,0.0,-0.0020777729190408684,0.3168,1.2672,-0.1584,-0.2,0.0,0.0,-0.1989675347273536,0.0,0.0,-0.010388864595204342,0.0,0.0,square,0,0.2,0.25,3,6,10.33015489578247,0.0
1779527835.3255455,-0.1989675347273536,0.0,0.0,-0.010388864595204342,0.0,0.0,0.198,1.5444,0.198,-0.2,0.0,0.0,-0.1989675347273536,0.0,0.0,-0.010388864595204342,-0.0020777729190408684,0.0,square,0,0.2,0.25,3,6,10.339940547943115,0.0
1779527835.3354535,-0.1989675347273536,0.0,0.0,-0.010388864595204342,-0.0020777729190408684,0.0,-0.0396,1.1483999999999999,-0.1188,-0.2,0.0,0.0,-0.1989675347273536,0.0,0.0,-0.004155545838081737,-0.0020777729190408684,0.0,square,0,0.2,0.25,3,6,10.350032329559326,0.0
1779527835.345539,-0.1989675347273536,0.0,0.0,-0.004155545838081737,-0.0020777729190408684,0.0,0.1188,1.0692,-0.198,-0.2,0.0,0.0,-0.1989675347273536,0.0,0.0,-0.006233318757122605,-0.006233318757122605,0.0020777729190408684,square,0,0.2,0.25,3,6,10.35994029045105,0.0
1779527835.3554251,-0.1989675347273536,0.0,0.0,-0.006233318757122605,-0.006233318757122605,0.0020777729190408684,-0.1188,1.1483999999999999,-0.3168,-0.2,0.0,0.0,-0.1989675347273536,0.0,0.0,-0.0020777729190408684,-0.008311091676163474,0.0,square,0,0.2,0.25,3,6,10.370025873184204,0.0
1779527835.3654974,-0.1989675347273536,0.0,0.0,-0.0020777729190408684,-0.008311091676163474,0.0,-0.1584,1.1880000000000002,-0.0792,-0.2,0.0,0.0,-0.1989675347273536,0.0,0.0,-0.0020777729190408684,-0.0020777729190408684,0.0,square,0,0.2,0.25,3,6,10.37991189956665,0.0
1779527835.3754725,-0.1989675347273536,0.0,0.0,-0.0020777729190408684,-0.0020777729190408684,0.0,-0.0396,1.1880000000000002,-0.1584,-0.2,0.0,0.0,-0.1989675347273536,0.0,0.0,-0.004155545838081737,0.0,0.0,square,0,0.2,0.25,3,6,10.389984130859375,0.0
1779527835.3856285,-0.1989675347273536,0.0,0.0,-0.004155545838081737,0.0,0.0,0.0,1.1880000000000002,-0.3168,-0.2,0.0,0.0,-0.1989675347273536,0.0,0.0,0.0,0.0020777729190408684,0.0,square,0,0.2,0.25,3,6,10.399959325790405,0.0
1779527835.3955276,-0.1989675347273536,0.0,0.0,0.0,0.0020777729190408684,0.0,0.0,1.2276,-0.27720000000000006,-0.2,0.0,0.0,-0.1989675347273536,0.0,0.0,0.0,0.0,0.0,square,0,0.2,0.25,3,6,10.410115242004395,0.0
1779527835.4054556,-0.1989675347273536,0.0,0.0,0.0,0.0,0.0,-0.0792,1.2276,-0.3168,-0.2,0.0,0.0,-0.1989675347273536,0.0,0.0,0.0020777729190408684,0.0,0.0,square,0,0.2,0.25,3,6,10.420014381408691,0.0
1779527835.415508,-0.1989675347273536,0.0,0.0,0.0020777729190408684,0.0,0.0,0.0396,1.2672,-0.198,-0.2,0.0,0.0,-0.1989675347273536,0.0,0.0,0.004155545838081737,0.0,0.0,square,0,0.2,0.25,3,6,10.42994236946106,0.0
1779527835.425509,-0.1989675347273536,0.0,0.0,0.004155545838081737,0.0,0.0,0.0396,1.3860000000000001,-0.2376,-0.2,0.0,0.0,-0.1989675347273536,0.0,0.0,0.0020777729190408684,0.0020777729190408684,0.0,square,0,0.2,0.25,3,6,10.439994812011719,0.0
1779527835.4354978,-0.1989675347273536,0.0,0.0,0.0020777729190408684,0.0020777729190408684,0.0,-0.0396,1.2672,-0.198,-0.2,0.0,0.0,-0.1989675347273536,0.0,0.0,0.0020777729190408684,0.0,0.0,square,0,0.2,0.25,3,6,10.449995756149292,0.0
1779527835.4455254,-0.1989675347273536,0.0,0.0,0.0020777729190408684,0.0,0.0,-0.0396,1.2276,-0.198,-0.2,0.0,0.0,-0.1989675347273536,0.0,0.0,0.0020777729190408684,-0.0020777729190408684,0.0,square,0,0.2,0.25,3,6,10.459984540939331,0.0
1779527835.455469,-0.1989675347273536,0.0,0.0,0.0020777729190408684,-0.0020777729190408684,0.0,-0.0792,1.3464,-0.27720000000000006,-0.2,0.0,0.0,-0.1989675347273536,0.0,0.0,0.004155545838081737,-0.0020777729190408684,0.0,square,0,0.2,0.25,3,6,10.470012187957764,0.0
1779527835.4654636,-0.1989675347273536,0.0,0.0,0.004155545838081737,-0.0020777729190408684,0.0,-0.1188,1.3860000000000001,-0.35639999999999994,-0.2,0.0,0.0,-0.1989675347273536,0.0,0.0,0.0,0.0,0.0,square,0,0.2,0.25,3,6,10.479955673217773,0.0
1779527835.475478,-0.1989675347273536,0.0,0.0,0.0,0.0,0.0,-0.0792,1.2276,-0.27720000000000006,-0.2,0.0,0.0,-0.1989675347273536,0.0,0.0,-0.0020777729190408684,0.0,0.0,square,0,0.2,0.25,3,6,10.48995041847229,0.0
1779527835.485415,-0.1989675347273536,0.0,0.0,-0.0020777729190408684,0.0,0.0,0.0,1.1880000000000002,-0.198,-0.2,0.0,0.0,-0.1989675347273536,0.0,0.0,-0.0020777729190408684,0.0,0.0,square,0,0.2,0.25,3,6,10.499964714050293,0.0
1779527835.4954128,-0.1989675347273536,0.0,0.0,-0.0020777729190408684,0.0,0.0,-0.1584,1.3068,-0.4356,-0.2,0.0,0.0,-0.1989675347273536,0.0,0.0,0.0,0.0,-0.0020777729190408684,square,0,0.2,0.25,3,6,10.509901762008667,0.0
1779527835.5054207,-0.1989675347273536,0.0,0.0,0.0,0.0,-0.0020777729190408684,-0.1188,1.3068,-0.27720000000000006,-0.2,0.0,0.0,-0.1989675347273536,0.0,0.0,-0.0020777729190408684,0.0020777729190408684,0.0,square,0,0.2,0.25,3,6,10.519899606704712,0.0
1779527835.5154283,-0.1989675347273536,0.0,0.0,-0.0020777729190408684,0.0020777729190408684,0.0,0.1584,1.2672,-0.3168,-0.2,0.0,0.0,-0.1989675347273536,0.0,0.0,0.0,0.0020777729190408684,0.0,square,0,0.2,0.25,3,6,10.529907464981079,0.0
1779527835.5254092,-0.1989675347273536,0.0,0.0,0.0,0.0020777729190408684,0.0,0.1188,1.4255999999999998,-0.27720000000000006,-0.2,0.0,0.0,-0.1989675347273536,0.0,0.0,0.0,0.0,0.0,square,0,0.2,0.25,3,6,10.539915084838867,0.0
1779527835.5354133,-0.1989675347273536,0.0,0.0,0.0,0.0,0.0,0.1188,1.5048000000000001,-0.1188,-0.2,0.0,0.0,-0.1989675347273536,0.0,0.0,0.0020777729190408684,0.0,0.0,square,0,0.2,0.25,3,6,10.549896001815796,0.0
1779527835.5454159,-0.1989675347273536,0.0,0.0,0.0020777729190408684,0.0,0.0,-0.0792,1.3068,-0.27720000000000006,-0.2,0.0,0.0,-0.1989675347273536,0.0,0.0,0.004155545838081737,0.0,0.0,square,0,0.2,0.25,3,6,10.559900045394897,0.0
1779527835.5554657,-0.1989675347273536,0.0,0.0,0.004155545838081737,0.0,0.0,-0.0396,1.2276,-0.198,-0.2,0.0,0.0,-0.1989675347273536,0.0,0.0,0.0,-0.004155545838081737,0.0,square,0,0.2,0.25,3,6,10.569902658462524,0.0
1779527835.565412,-0.1989675347273536,0.0,0.0,0.0,-0.004155545838081737,0.0,-0.0396,1.3464,-0.198,-0.2,0.0,0.0,-0.1989675347273536,0.0,0.0,0.0020777729190408684,0.0,0.0,square,0,0.2,0.25,3,6,10.579952478408813,0.0
1779527835.575416,-0.1989675347273536,0.0,0.0,0.0020777729190408684,0.0,0.0,-0.0396,1.2276,-0.198,-0.2,0.0,0.0,-0.1989675347273536,0.0,0.0,0.0,0.0,0.0,square,0,0.2,0.25,3,6,10.589898824691772,0.0
1779527835.5854743,-0.1989675347273536,0.0,0.0,0.0,0.0,0.0,0.0,1.3860000000000001,-0.2376,-0.2,0.0,0.0,-0.1989675347273536,0.0,0.0,0.0,-0.0020777729190408684,0.0,square,0,0.2,0.25,3,6,10.599902868270874,0.0
1779527835.5954745,-0.1989675347273536,0.0,0.0,0.0,-0.0020777729190408684,0.0,-0.0792,1.3068,-0.3168,-0.2,0.0,0.0,-0.1989675347273536,0.0,0.0,0.0,0.0,0.0,square,0,0.2,0.25,3,6,10.609961032867432,0.0
1779527835.6054668,-0.1989675347273536,0.0,0.0,0.0,0.0,0.0,0.1584,1.2672,-0.27720000000000006,-0.2,0.0,0.0,-0.1989675347273536,0.0,0.0,-0.0020777729190408684,0.0020777729190408684,0.0,square,0,0.2,0.25,3,6,10.619961261749268,0.0
1779527835.6154258,-0.1989675347273536,0.0,0.0,-0.0020777729190408684,0.0020777729190408684,0.0,0.1584,1.4255999999999998,-0.4752,-0.2,0.0,0.0,-0.1989675347273536,0.0,0.0,0.0,0.0,0.0,square,0,0.2,0.25,3,6,10.629953622817993,0.0
1779527835.6254156,-0.1989675347273536,0.0,0.0,0.0,0.0,0.0,0.1584,1.4255999999999998,-0.2376,-0.2,0.0,0.0,-0.1989675347273536,0.0,0.0,0.0,0.0,0.0,square,0,0.2,0.25,3,6,10.639912605285645,0.0
1779527835.6354482,-0.1989675347273536,0.0,0.0,0.0,0.0,0.0,0.1584,1.4255999999999998,-0.2376,-0.2,0.0,0.0,-0.1989675347273536,0.0,0.0,0.0020777729190408684,0.0,0.0,square,0,0.2,0.25,3,6,10.64990234375,0.0
1779527835.6454146,-0.1989675347273536,0.0,0.0,0.0020777729190408684,0.0,0.0,-0.1188,1.5048000000000001,-0.2376,-0.2,0.0,0.0,-0.1989675347273536,0.0,0.0,0.0,0.0,0.0,square,0,0.2,0.25,3,6,10.659934997558594,0.0
1779527835.655453,-0.1989675347273536,0.0,0.0,0.0,0.0,0.0,-0.0792,1.3068,-0.3168,-0.2,0.0,0.0,-0.1989675347273536,0.0,0.0,0.0,-0.0020777729190408684,0.0,square,0,0.2,0.25,3,6,10.669901371002197,0.0
1779527835.6654456,-0.1989675347273536,0.0,0.0,0.0,-0.0020777729190408684,0.0,-0.0396,1.3464,-0.3168,-0.2,0.0,0.0,-0.1989675347273536,0.0,0.0,0.0020777729190408684,0.0,0.0,square,0,0.2,0.25,3,6,10.67993974685669,0.0
1779527835.6754546,-0.1989675347273536,0.0,0.0,0.0020777729190408684,0.0,0.0,-0.0792,1.3860000000000001,-0.1584,-0.2,0.0,0.0,-0.1989675347273536,0.0,0.0,0.0,0.0,0.0,square,0,0.2,0.25,3,6,10.689932346343994,0.0
1779527835.6854594,-0.1989675347273536,0.0,0.0,0.0,0.0,0.0,-0.1188,1.3068,-0.35639999999999994,-0.2,0.0,0.0,-0.1989675347273536,0.0,0.0,0.0,0.0,0.0,square,0,0.2,0.25,3,6,10.699941396713257,0.0
1779527835.6955602,-0.1989675347273536,0.0,0.0,0.0,0.0,0.0,-0.1584,1.2276,-0.198,-0.2,0.0,0.0,-0.1989675347273536,0.0,0.0,0.0,0.0,0.0,square,0,0.2,0.25,3,6,10.709946155548096,0.0
1779527835.7054157,-0.1989675347273536,0.0,0.0,0.0,0.0,0.0,0.198,1.4255999999999998,-0.396,-0.2,0.0,0.0,-0.1989675347273536,0.0,0.0,-0.0020777729190408684,0.0,0.0,square,0,0.2,0.25,3,6,10.720046997070312,0.0
1779527835.7154243,-0.1989675347273536,0.0,0.0,-0.0020777729190408684,0.0,0.0,0.2376,1.3068,-0.198,-0.2,0.0,0.0,-0.1989675347273536,0.0,0.0,0.0,0.0020777729190408684,0.0,square,0,0.2,0.25,3,6,10.729902505874634,0.0
1779527835.725417,-0.1989675347273536,0.0,0.0,0.0,0.0020777729190408684,0.0,0.198,1.4255999999999998,-0.3168,-0.2,0.0,0.0,-0.1989675347273536,0.0,0.0,0.0,0.0,0.0,square,0,0.2,0.25,3,6,10.739911079406738,0.0
1779527835.7354126,-0.1989675347273536,0.0,0.0,0.0,0.0,0.0,0.198,1.5444,-0.198,-0.2,0.0,0.0,-0.1989675347273536,0.0,0.0,0.0,0.0,0.0,square,0,0.2,0.25,3,6,10.749903678894043,0.0
1779527835.7454407,-0.1989675347273536,0.0,0.0,0.0,0.0,0.0,0.1188,1.4255999999999998,-0.198,-0.2,0.0,0.0,-0.1989675347273536,0.0,0.0,0.0,0.0,0.0,square,0,0.2,0.25,3,6,10.759899377822876,0.0
1779527835.7554407,-0.1989675347273536,0.0,0.0,0.0,0.0,0.0,-0.1188,1.3464,-0.2376,-0.2,0.0,0.0,-0.1989675347273536,0.0,0.0,0.0,-0.0020777729190408684,0.0,square,0,0.2,0.25,3,6,10.769927501678467,0.0
1779527835.7654223,-0.1989675347273536,0.0,0.0,0.0,-0.0020777729190408684,0.0,0.0792,1.3068,-0.198,-0.2,0.0,0.0,-0.1989675347273536,0.0,0.0,0.0,0.0,0.0,square,0,0.2,0.25,3,6,10.779927492141724,0.0
1779527835.7754128,-0.1989675347273536,0.0,0.0,0.0,0.0,0.0,0.1188,1.4255999999999998,-0.396,-0.2,0.0,0.0,-0.1989675347273536,0.0,0.0,0.0,-0.004155545838081737,0.0,square,0,0.2,0.25,3,6,10.78990912437439,0.0
1779527835.785548,-0.1989675347273536,0.0,0.0,0.0,-0.004155545838081737,0.0,-0.1584,1.3068,-0.5544000000000001,-0.2,0.0,0.0,-0.1989675347273536,0.0,0.0,0.0,0.0,0.0,square,0,0.2,0.25,3,6,10.799899578094482,0.0
1779527835.7954423,-0.1989675347273536,0.0,0.0,0.0,0.0,0.0,-0.198,1.2276,-0.3168,-0.2,0.0,0.0,-0.1989675347273536,0.0,0.0,0.0,0.0,0.0,square,0,0.2,0.25,3,6,10.81003475189209,0.0
1779527835.8054204,-0.1989675347273536,0.0,0.0,0.0,0.0,0.0,0.2376,1.3068,-0.35639999999999994,-0.2,0.0,0.0,-0.1989675347273536,0.0,0.0,-0.0020777729190408684,0.0,0.0,square,0,0.2,0.25,3,6,10.819929122924805,0.0
1779527835.815418,-0.1989675347273536,0.0,0.0,-0.0020777729190408684,0.0,0.0,0.198,1.4255999999999998,-0.35639999999999994,-0.2,0.0,0.0,-0.1989675347273536,0.0,0.0,0.0,0.0,0.0,square,0,0.2,0.25,3,6,10.829907178878784,0.0
1779527835.825601,-0.1989675347273536,0.0,0.0,0.0,0.0,0.0,0.1584,1.4255999999999998,-0.3168,-0.2,0.0,0.0,-0.1989675347273536,0.0,0.0,0.0020777729190408684,0.0,0.0,square,0,0.2,0.25,3,6,10.83990478515625,0.0
1779527835.8354146,-0.1989675347273536,0.0,0.0,0.0020777729190408684,0.0,0.0,0.198,1.4652,-0.27720000000000006,-0.2,0.0,0.0,-0.1989675347273536,0.0,0.0,0.0,0.0,0.0,square,0,0.2,0.25,3,6,10.850087881088257,0.0
1779527835.8454309,-0.1989675347273536,0.0,0.0,0.0,0.0,0.0,0.1188,1.4652,-0.4356,-0.2,0.0,0.0,-0.1989675347273536,0.0,0.0,0.0,0.0,0.0020777729190408684,square,0,0.2,0.25,3,6,10.859901428222656,0.0
1779527835.8554165,-0.1989675347273536,0.0,0.0,0.0,0.0,0.0020777729190408684,0.1584,1.5048000000000001,-0.3168,-0.2,0.0,0.0,-0.1989675347273536,0.0,0.0,0.0,0.0,0.0020777729190408684,square,0,0.2,0.25,3,6,10.869917631149292,0.0
1779527835.8654137,-0.1989675347273536,0.0,0.0,0.0,0.0,0.0020777729190408684,-0.1188,1.3860000000000001,-0.4752,-0.2,0.0,0.0,-0.1989675347273536,0.0,0.0,0.0,0.0,-0.0020777729190408684,square,0,0.2,0.25,3,6,10.879903316497803,0.0
1779527835.8754146,-0.1989675347273536,0.0,0.0,0.0,0.0,-0.0020777729190408684,-0.0792,1.3068,-0.5940000000000001,-0.2,0.0,0.0,-0.1989675347273536,0.0,0.0,0.0,0.0,0.0,square,0,0.2,0.25,3,6,10.88990044593811,0.0
1779527835.8854313,-0.1989675347273536,0.0,0.0,0.0,0.0,0.0,-0.1188,1.4255999999999998,-0.35639999999999994,-0.2,0.0,0.0,-0.1989675347273536,0.0,0.0,0.0,0.0,0.0,square,0,0.2,0.25,3,6,10.899901390075684,0.0
1779527835.8954222,-0.1989675347273536,0.0,0.0,0.0,0.0,0.0,-0.1188,1.4255999999999998,-0.1584,-0.2,0.0,0.0,-0.1989675347273536,0.0,0.0,-0.0020777729190408684,0.0,0.0,square,0,0.2,0.25,3,6,10.909918069839478,0.0
1779527835.905539,-0.1989675347273536,0.0,0.0,-0.0020777729190408684,0.0,0.0,0.198,1.2672,-0.3168,-0.2,0.0,0.0,-0.1989675347273536,0.0,0.0,-0.0020777729190408684,0.0,0.0,square,0,0.2,0.25,3,6,10.919909000396729,0.0
1779527835.9154127,-0.1989675347273536,0.0,0.0,-0.0020777729190408684,0.0,0.0,0.198,1.2672,-0.5544000000000001,-0.2,0.0,0.0,-0.1989675347273536,0.0,0.0,0.0,-0.0020777729190408684,0.0,square,0,0.2,0.25,3,6,10.930025815963745,0.0
1779527835.9254367,-0.1989675347273536,0.0,0.0,0.0,-0.0020777729190408684,0.0,0.198,1.2672,-0.3168,-0.2,0.0,0.0,-0.1989675347273536,0.0,0.0,0.0,0.0,0.0,square,0,0.2,0.25,3,6,10.939899444580078,0.0
1779527835.935489,-0.1989675347273536,0.0,0.0,0.0,0.0,0.0,0.2376,1.3068,-0.3168,-0.2,0.0,0.0,-0.1989675347273536,0.0,0.0,-0.0020777729190408684,0.0,0.0,square,0,0.2,0.25,3,6,10.949923515319824,0.0
1779527835.945415,-0.1989675347273536,0.0,0.0,-0.0020777729190408684,0.0,0.0,0.2376,1.4652,-0.3168,-0.2,0.0,0.0,-0.1989675347273536,0.0,0.0,0.0,0.0,0.0,square,0,0.2,0.25,3,6,10.959975719451904,0.0
1779527835.955414,-0.1989675347273536,0.0,0.0,0.0,0.0,0.0,-0.1188,1.3464,-0.4752,-0.2,0.0,0.0,-0.1989675347273536,0.0,0.0,0.0020777729190408684,0.0,0.0,square,0,0.2,0.25,3,6,10.96990180015564,0.0
1779527835.9655368,-0.1989675347273536,0.0,0.0,0.0020777729190408684,0.0,0.0,-0.0396,1.2276,-0.3168,-0.2,0.0,0.0,-0.1989675347273536,0.0,0.0,0.0,0.0,0.0,square,0,0.2,0.25,3,6,10.97990083694458,0.0
1779527835.9754229,-0.1989675347273536,0.0,0.0,0.0,0.0,0.0,-0.1188,1.4255999999999998,-0.4356,-0.2,0.0,0.0,-0.1989675347273536,0.0,0.0,0.0,0.0,0.0,square,0,0.2,0.25,3,6,10.990023612976074,0.0
1779527835.9855852,-0.1989675347273536,0.0,0.0,0.0,0.0,0.0,-0.0792,1.3464,-0.1584,-0.2,0.0,0.0,-0.1989675347273536,0.0,0.0,0.0,0.0,0.0020777729190408684,square,0,0.2,0.25,3,6,10.99990963935852,0.0
1779527835.99551,-0.1989675347273536,0.0,0.0,0.0,0.0,0.0020777729190408684,-0.1188,1.3860000000000001,-0.396,-0.2,0.0,0.0,-0.1989675347273536,0.0,0.0,0.0020777729190408684,0.0,0.0,square,0,0.2,0.25,3,6,11.010071992874146,0.0
1779527836.0054133,-0.1989675347273536,0.0,0.0,0.0020777729190408684,0.0,0.0,-0.1188,1.4255999999999998,-0.35639999999999994,-0.2,0.0,0.0,-0.1989675347273536,0.0,0.0,0.0,0.0,0.0,square,0,0.2,0.25,3,6,11.019996881484985,0.0
1779527836.0154316,-0.1989675347273536,0.0,0.0,0.0,0.0,0.0,0.1188,1.3068,-0.3168,-0.2,0.0,0.0,-0.1989675347273536,0.0,0.0,0.0,0.0,0.0,square,0,0.2,0.25,3,6,11.029900074005127,0.0
1779527836.0257127,-0.1989675347273536,0.0,0.0,0.0,0.0,0.0,0.198,1.3068,-0.27720000000000006,-0.2,0.0,0.0,-0.1989675347273536,0.0,0.0,0.0,0.0,0.0,square,0,0.2,0.25,3,6,11.039918422698975,0.0
1779527836.035471,-0.1989675347273536,0.0,0.0,0.0,0.0,0.0,0.198,1.4255999999999998,-0.27720000000000006,-0.2,0.0,0.0,-0.1989675347273536,0.0,0.0,0.0,-0.0020777729190408684,0.0,square,0,0.2,0.25,3,6,11.050199508666992,0.0
1779527836.0454602,-0.1989675347273536,0.0,0.0,0.0,-0.0020777729190408684,0.0,0.198,1.4255999999999998,-0.3168,-0.2,0.0,0.0,-0.1989675347273536,0.0,0.0,0.0,0.0,0.0,square,0,0.2,0.25,3,6,11.05995774269104,0.0
1779527836.0555587,-0.1989675347273536,0.0,0.0,0.0,0.0,0.0,0.1584,1.3860000000000001,-0.27720000000000006,-0.2,0.0,0.0,-0.1989675347273536,0.0,0.0,0.0,0.0,0.0,square,0,0.2,0.25,3,6,11.069947004318237,0.0
1779527836.0654752,-0.1989675347273536,0.0,0.0,0.0,0.0,0.0,0.198,1.3068,-0.3168,-0.2,0.0,0.0,-0.1989675347273536,0.0,0.0,0.0,0.0,0.0,square,0,0.2,0.25,3,6,11.080045461654663,0.0
1779527836.0754664,-0.1989675347273536,0.0,0.0,0.0,0.0,0.0,-0.1188,1.3860000000000001,-0.35639999999999994,-0.2,0.0,0.0,-0.1989675347273536,0.0,0.0,0.0,0.0,0.0,square,0,0.2,0.25,3,6,11.089962005615234,0.0
1779527836.085532,-0.1989675347273536,0.0,0.0,0.0,0.0,0.0,0.1584,1.2672,-0.198,-0.2,0.0,0.0,-0.1989675347273536,0.0,0.0,0.0,0.0,-0.0020777729190408684,square,0,0.2,0.25,3,6,11.099953174591064,0.0
1779527836.0954835,-0.1989675347273536,0.0,0.0,0.0,0.0,-0.0020777729190408684,-0.1584,1.4255999999999998,-0.396,-0.2,0.0,0.0,-0.1989675347273536,0.0,0.0,0.0,0.0,0.0,square,0,0.2,0.25,3,6,11.110018730163574,0.0
1779527836.1054146,-0.1989675347273536,0.0,0.0,0.0,0.0,0.0,0.1584,1.3860000000000001,-0.5148,-0.2,0.0,0.0,-0.1989675347273536,0.0,0.0,0.0,0.0,0.0020777729190408684,square,0,0.2,0.25,3,6,11.119970321655273,0.0
1779527836.1154318,-0.1989675347273536,0.0,0.0,0.0,0.0,0.0020777729190408684,0.198,1.2672,-0.2376,-0.2,0.0,0.0,-0.1989675347273536,0.0,0.0,0.0,-0.0020777729190408684,0.0,square,0,0.2,0.25,3,6,11.12990140914917,0.0
1779527836.1273088,-0.1989675347273536,0.0,0.0,0.0,-0.0020777729190408684,0.0,0.1584,1.4255999999999998,-0.5940000000000001,-0.2,0.0,0.0,-0.1989675347273536,0.0,0.0,0.0,0.0,0.0,square,0,0.2,0.25,3,6,11.139918565750122,0.0
1779527836.1372867,-0.1989675347273536,0.0,0.0,0.0,0.0,0.0,-0.1584,1.3860000000000001,-0.3168,-0.2,0.0,0.0,-0.1989675347273536,0.0,0.0,0.0,0.0,0.0,square,0,0.2,0.25,3,6,11.151795625686646,0.0
1779527836.1454432,-0.1989675347273536,0.0,0.0,0.0,0.0,0.0,-0.1188,1.3860000000000001,-0.396,-0.2,0.0,0.0,-0.1989675347273536,0.0,0.0,0.0,0.0,0.0,square,0,0.2,0.25,3,6,11.161773443222046,0.0
1779527836.1554823,-0.1989675347273536,0.0,0.0,0.0,0.0,0.0,-0.1584,1.3068,-0.3168,-0.2,0.0,0.0,-0.1989675347273536,0.0,0.0,0.0,0.0,0.0,square,0,0.2,0.25,3,6,11.16992998123169,0.0
1779527836.1660602,-0.1989675347273536,0.0,0.0,0.0,0.0,0.0,-0.1584,1.3860000000000001,-0.27720000000000006,-0.2,0.0,0.0,-0.1989675347273536,0.0,0.0,-0.0020777729190408684,0.0,0.0,square,0,0.2,0.25,3,6,11.179969072341919,0.0
1779527836.1758015,-0.1989675347273536,0.0,0.0,-0.0020777729190408684,0.0,0.0,0.198,1.3860000000000001,-0.4356,-0.2,0.0,0.0,-0.1989675347273536,0.0,0.0,0.0,0.0,0.0,square,0,0.2,0.25,3,6,11.190546989440918,0.0
1779527836.1854525,-0.1989675347273536,0.0,0.0,0.0,0.0,0.0,-0.1584,1.4255999999999998,-0.27720000000000006,-0.2,0.0,0.0,-0.1989675347273536,0.0,0.0,-0.0020777729190408684,0.0,0.0,square,0,0.2,0.25,3,6,11.20028829574585,0.0
1779527836.1954641,-0.1989675347273536,0.0,0.0,-0.0020777729190408684,0.0,0.0,0.198,1.2672,-0.35639999999999994,-0.2,0.0,0.0,-0.1989675347273536,0.0,0.0,0.0,0.0,0.0,square,0,0.2,0.25,3,6,11.209939241409302,0.0
1779527836.2056093,-0.1989675347273536,0.0,0.0,0.0,0.0,0.0,0.2376,1.4652,-0.4752,-0.2,0.0,0.0,-0.1989675347273536,0.0,0.0,0.0,0.0,0.0,square,0,0.2,0.25,3,6,11.219950914382935,0.0
1779527836.2154443,-0.1989675347273536,0.0,0.0,0.0,0.0,0.0,0.2376,1.4652,-0.4752,-0.2,0.0,0.0,-0.1989675347273536,0.0,0.0,0.0,0.0,0.0,square,0,0.2,0.25,3,6,11.230096101760864,0.0
1779527836.2279534,-0.1989675347273536,0.0,0.0,0.0,0.0,0.0,0.198,1.4255999999999998,-0.4356,-0.2,0.0,0.0,-0.1989675347273536,0.0,0.0,0.0,0.0,0.0,square,0,0.2,0.25,3,6,11.239931106567383,0.0
1779527836.2365077,-0.1989675347273536,0.0,0.0,0.0,0.0,0.0,0.1584,1.3464,-0.27720000000000006,-0.2,0.0,0.0,-0.1989675347273536,0.0,0.0,0.0,0.0,0.0,square,0,0.2,0.25,3,6,11.252440214157104,0.0
1779527836.2457619,-0.1989675347273536,0.0,0.0,0.0,0.0,0.0,-0.1188,1.3464,-0.4752,-0.2,0.0,0.0,-0.1989675347273536,0.0,0.0,0.0020777729190408684,0.0,0.0,square,0,0.2,0.25,3,6,11.26099443435669,0.0
1779527836.255505,-0.1989675347273536,0.0,0.0,0.0020777729190408684,0.0,0.0,-0.0792,1.4255999999999998,-0.4356,-0.2,0.0,0.0,-0.1989675347273536,0.0,0.0,0.0,0.0020777729190408684,0.0,square,0,0.2,0.25,3,6,11.270248651504517,0.0
1779527836.265422,-0.1989675347273536,0.0,0.0,0.0,0.0020777729190408684,0.0,-0.0792,1.3068,-0.5148,-0.2,0.0,0.0,-0.1989675347273536,0.0,0.0,0.0020777729190408684,0.0,-0.0020777729190408684,square,0,0.2,0.25,3,6,11.279991865158081,0.0
1779527836.275413,-0.1989675347273536,0.0,0.0,0.0020777729190408684,0.0,-0.0020777729190408684,-0.0792,1.3860000000000001,-0.198,-0.2,0.0,0.0,-0.1989675347273536,0.0,0.0,-0.0020777729190408684,0.0020777729190408684,0.0,square,0,0.2,0.25,3,6,11.28990888595581,0.0
1779527836.2855492,-0.1989675347273536,0.0,0.0,-0.0020777729190408684,0.0020777729190408684,0.0,-0.1188,1.2672,-0.35639999999999994,-0.2,0.0,0.0,-0.1989675347273536,0.0,0.0,0.0,0.0,-0.0020777729190408684,square,0,0.2,0.25,3,6,11.299899816513062,0.0
1779527836.295564,-0.1989675347273536,0.0,0.0,0.0,0.0,-0.0020777729190408684,0.1584,1.2672,-0.4356,-0.2,0.0,0.0,-0.1989675347273536,0.0,0.0,-0.0020777729190408684,0.0,0.0,square,0,0.2,0.25,3,6,11.310035943984985,0.0
1779527836.3054216,-0.1989675347273536,0.0,0.0,-0.0020777729190408684,0.0,0.0,0.1584,1.4652,-0.396,-0.2,0.0,0.0,-0.1989675347273536,0.0,0.0,-0.0020777729190408684,-0.0020777729190408684,0.0,square,0,0.2,0.25,3,6,11.320050716400146,0.0
1779527836.3154795,-0.1989675347273536,0.0,0.0,-0.0020777729190408684,-0.0020777729190408684,0.0,0.1584,1.4255999999999998,-0.27720000000000006,-0.2,0.0,0.0,-0.1989675347273536,0.0,0.0,0.0,0.0,0.0,square,0,0.2,0.25,3,6,11.32990837097168,0.0
1779527836.3254197,-0.1989675347273536,0.0,0.0,0.0,0.0,0.0,0.198,1.2672,-0.396,-0.2,0.0,0.0,-0.1989675347273536,0.0,0.0,0.0,0.0,0.0,square,0,0.2,0.25,3,6,11.339966297149658,0.0
1779527836.3353937,-0.1989675347273536,0.0,0.0,0.0,0.0,0.0,0.198,1.4255999999999998,-0.5148,-0.2,0.0,0.0,-0.1989675347273536,0.0,0.0,0.0,0.0,-0.0020777729190408684,square,0,0.2,0.25,3,6,11.34990644454956,0.0
1779527836.3454192,-0.1989675347273536,0.0,0.0,0.0,0.0,-0.0020777729190408684,0.198,1.1880000000000002,-0.4752,-0.2,0.0,0.0,-0.1989675347273536,0.0,0.0,0.0,0.0,0.0,square,0,0.2,0.25,3,6,11.359880447387695,0.0
1779527836.3554134,-0.1989675347273536,0.0,0.0,0.0,0.0,0.0,0.1584,1.3860000000000001,-0.5544000000000001,-0.2,0.0,0.0,-0.1989675347273536,0.0,0.0,0.0,0.0,0.0,square,0,0.2,0.25,3,6,11.369905948638916,0.0
1779527836.365422,-0.1989675347273536,0.0,0.0,0.0,0.0,0.0,-0.0792,1.5048000000000001,-0.396,-0.2,0.0,0.0,-0.1989675347273536,0.0,0.0,0.0020777729190408684,0.0,0.0,square,0,0.2,0.25,3,6,11.379900217056274,0.0
1779527836.3754196,-0.1989675347273536,0.0,0.0,0.0020777729190408684,0.0,0.0,-0.0396,1.3068,-0.4356,-0.2,0.0,0.0,-0.1989675347273536,0.0,0.0,0.004155545838081737,0.0,-0.0020777729190408684,square,0,0.2,0.25,3,6,11.389908790588379,0.0
1779527836.3854287,-0.1989675347273536,0.0,0.0,0.004155545838081737,0.0,-0.0020777729190408684,-0.0396,1.3068,-0.3168,-0.2,0.0,0.0,-0.1989675347273536,0.0,0.0,0.0,0.0,0.0,square,0,0.2,0.25,3,6,11.399906396865845,0.0
1779527836.395417,-0.1989675347273536,0.0,0.0,0.0,0.0,0.0,-0.0792,1.4652,-0.4356,-0.2,0.0,0.0,-0.1989675347273536,0.0,0.0,0.0,0.0,0.0,square,0,0.2,0.25,3,6,11.409915447235107,0.0
1779527836.405413,-0.1989675347273536,0.0,0.0,0.0,0.0,0.0,-0.1584,1.3464,-0.3168,-0.2,0.0,0.0,-0.1989675347273536,0.0,0.0,0.0,0.0,0.0,square,0,0.2,0.25,3,6,11.419903755187988,0.0
1779527836.4155526,-0.1989675347273536,0.0,0.0,0.0,0.0,0.0,-0.1188,1.3860000000000001,-0.396,-0.2,0.0,0.0,-0.1989675347273536,0.0,0.0,0.0,0.0,0.0,square,0,0.2,0.25,3,6,11.4298996925354,0.0
1779527836.4254427,-0.1989675347273536,0.0,0.0,0.0,0.0,0.0,-0.1188,1.3860000000000001,-0.27720000000000006,-0.2,0.0,0.0,-0.1989675347273536,0.0,0.0,0.0,0.0,0.0,square,0,0.2,0.25,3,6,11.44003939628601,0.0
1779527836.4354365,-0.1989675347273536,0.0,0.0,0.0,0.0,0.0,-0.1188,1.4255999999999998,-0.35639999999999994,-0.2,0.0,0.0,-0.1989675347273536,0.0,0.0,0.0,0.0020777729190408684,0.0,square,0,0.2,0.25,3,6,11.449929475784302,0.0
1779527836.4454195,-0.1989675347273536,0.0,0.0,0.0,0.0020777729190408684,0.0,0.1584,1.3464,-0.27720000000000006,-0.2,0.0,0.0,-0.1989675347273536,0.0,0.0,0.0,0.0,0.0,square,0,0.2,0.25,3,6,11.459923267364502,0.0
1779527836.4553912,-0.1989675347273536,0.0,0.0,0.0,0.0,0.0,-0.198,1.4652,-0.3168,-0.2,0.0,0.0,-0.1989675347273536,0.0,0.0,0.0,0.0,0.0020777729190408684,square,0,0.2,0.25,3,6,11.469906330108643,0.0
1779527836.465432,-0.1989675347273536,0.0,0.0,0.0,0.0,0.0020777729190408684,-0.1188,1.3068,-0.4752,-0.2,0.0,0.0,-0.1989675347273536,0.0,0.0,0.0,0.0,0.0,square,0,0.2,0.25,3,6,11.479877948760986,0.0
1779527836.475414,-0.1989675347273536,0.0,0.0,0.0,0.0,0.0,0.1188,1.3860000000000001,-0.4752,-0.2,0.0,0.0,-0.1989675347273536,0.0,0.0,0.0,0.0,0.0,square,0,0.2,0.25,3,6,11.48991870880127,0.0
1779527836.4854913,-0.1989675347273536,0.0,0.0,0.0,0.0,0.0,-0.198,1.4255999999999998,-0.396,-0.2,0.0,0.0,-0.1989675347273536,0.0,0.0,0.0,0.0,0.0,square,0,0.2,0.25,3,6,11.499900817871094,0.0
1779527836.4954154,-0.1989675347273536,0.0,0.0,0.0,0.0,0.0,0.1584,1.3860000000000001,-0.4356,-0.2,0.0,0.0,-0.1989675347273536,0.0,0.0,0.0,0.0,0.0,square,0,0.2,0.25,3,6,11.50997805595398,0.0
1779527836.5054662,-0.1989675347273536,0.0,0.0,0.0,0.0,0.0,0.1584,1.4652,-0.5148,-0.2,0.0,0.0,-0.1989675347273536,0.0,0.0,0.0,0.0,0.0,square,0,0.2,0.25,3,6,11.519902229309082,0.0
1779527836.5154154,-0.1989675347273536,0.0,0.0,0.0,0.0,0.0,-0.1188,1.3860000000000001,0.35639999999999994,-0.2,0.0,0.0,-0.1989675347273536,0.0,0.0,0.0,0.0,0.0,square,0,0.2,0.25,3,6,11.529953002929688,0.0
1779527836.5254092,-0.1989675347273536,0.0,0.0,0.0,0.0,0.0,-0.1188,1.4652,-0.4752,-0.2,0.0,0.0,-0.1989675347273536,0.0,0.0,0.0,0.0,0.0020777729190408684,square,0,0.2,0.25,3,6,11.539902210235596,0.0
1779527836.5354202,-0.1989675347273536,0.0,0.0,0.0,0.0,0.0020777729190408684,-0.1188,1.4255999999999998,-0.4752,-0.2,0.0,0.0,-0.1989675347273536,0.0,0.0,0.0,0.0,0.0020777729190408684,square,0,0.2,0.25,3,6,11.549896001815796,0.0
1779527836.5454102,-0.1989675347273536,0.0,0.0,0.0,0.0,0.0020777729190408684,-0.1584,1.3068,-0.396,-0.2,0.0,0.0,-0.1989675347273536,0.0,0.0,0.0,0.0,0.0,square,0,0.2,0.25,3,6,11.559906959533691,0.0
1779527836.555413,-0.1989675347273536,0.0,0.0,0.0,0.0,0.0,-0.0792,1.4255999999999998,-0.3168,-0.2,0.0,0.0,-0.1989675347273536,0.0,0.0,0.0020777729190408684,0.0,0.0,square,0,0.2,0.25,3,6,11.569896936416626,0.0
1779527836.5654137,-0.1989675347273536,0.0,0.0,0.0020777729190408684,0.0,0.0,-0.1188,1.3860000000000001,-0.396,-0.2,0.0,0.0,-0.1989675347273536,0.0,0.0,0.0,0.0,0.0,square,0,0.2,0.25,3,6,11.579899787902832,0.0
1779527836.5754364,-0.1989675347273536,0.0,0.0,0.0,0.0,0.0,0.1188,1.3860000000000001,-0.4356,-0.2,0.0,0.0,-0.1989675347273536,0.0,0.0,0.0,0.0,0.0,square,0,0.2,0.25,3,6,11.589900493621826,0.0
1779527836.585413,-0.1989675347273536,0.0,0.0,0.0,0.0,0.0,0.1584,1.3464,0.396,-0.2,0.0,0.0,-0.1989675347273536,0.0,0.0,0.0,0.0,-0.0020777729190408684,square,0,0.2,0.25,3,6,11.599923133850098,0.0
1779527836.595393,-0.1989675347273536,0.0,0.0,0.0,0.0,-0.0020777729190408684,0.198,1.3464,-0.6732,-0.2,0.0,0.0,-0.1989675347273536,0.0,0.0,-0.0020777729190408684,0.0,0.0,square,0,0.2,0.25,3,6,11.609899759292603,0.0
1779527836.6054158,-0.1989675347273536,0.0,0.0,-0.0020777729190408684,0.0,0.0,0.2376,1.3068,-0.396,-0.2,0.0,0.0,-0.1989675347273536,0.0,0.0,-0.0020777729190408684,0.0,0.0,square,0,0.2,0.25,3,6,11.619879722595215,0.0
1779527836.6154132,-0.1989675347273536,0.0,0.0,-0.0020777729190408684,0.0,0.0,0.198,1.4652,-0.396,-0.2,0.0,0.0,-0.1989675347273536,0.0,0.0,0.0,0.0,0.0,square,0,0.2,0.25,3,6,11.629902601242065,0.0
1779527836.6254165,-0.1989675347273536,0.0,0.0,0.0,0.0,0.0,0.1188,1.4652,-0.396,-0.2,0.0,0.0,-0.1989675347273536,0.0,0.0,0.0,0.0,0.0,square,0,0.2,0.25,3,6,11.639899969100952,0.0
1779527836.6354606,-0.1989675347273536,0.0,0.0,0.0,0.0,0.0,0.1584,1.2672,-0.4752,-0.2,0.0,0.0,-0.1989675347273536,0.0,0.0,0.0020777729190408684,0.0,0.0,square,0,0.2,0.25,3,6,11.649903297424316,0.0
1779527836.6454182,-0.1989675347273536,0.0,0.0,0.0020777729190408684,0.0,0.0,-0.1584,1.4255999999999998,-0.5148,-0.2,0.0,0.0,-0.1989675347273536,0.0,0.0,0.0,0.0,0.0,square,0,0.2,0.25,3,6,11.659947395324707,0.0
1779527836.655414,-0.1989675347273536,0.0,0.0,0.0,0.0,0.0,0.1584,1.4255999999999998,-0.5940000000000001,-0.2,0.0,0.0,-0.1989675347273536,0.0,0.0,0.0,0.0,-0.0020777729190408684,square,0,0.2,0.25,3,6,11.669904947280884,0.0
1779527836.6654239,-0.1989675347273536,0.0,0.0,0.0,0.0,-0.0020777729190408684,-0.1188,1.4652,-0.4356,-0.2,0.0,0.0,-0.1989675347273536,0.0,0.0,0.0,0.0,0.0,square,0,0.2,0.25,3,6,11.679900884628296,0.0
1779527836.6755059,-0.1989675347273536,0.0,0.0,0.0,0.0,0.0,-0.1188,1.3068,-0.5148,-0.2,0.0,0.0,-0.1989675347273536,0.0,0.0,0.0,0.0,0.0,square,0,0.2,0.25,3,6,11.689910650253296,0.0
1779527836.6873543,-0.1989675347273536,0.0,0.0,0.0,0.0,0.0,-0.1584,1.4652,-0.396,-0.2,0.0,0.0,-0.1989675347273536,0.0,0.0,0.0,-0.0020777729190408684,0.0,square,0,0.2,0.25,3,6,11.699992656707764,0.0
1779527836.69542,-0.1989675347273536,0.0,0.0,0.0,-0.0020777729190408684,0.0,-0.1584,1.2672,-0.5544000000000001,-0.2,0.0,0.0,-0.1989675347273536,0.0,0.0,-0.0020777729190408684,0.0,0.0,square,0,0.2,0.25,3,6,11.711841106414795,0.0
1779527836.7055447,-0.1989675347273536,0.0,0.0,-0.0020777729190408684,0.0,0.0,0.1584,1.3464,-0.396,-0.2,0.0,0.0,-0.1989675347273536,0.0,0.0,0.0,0.0,0.0,square,0,0.2,0.25,3,6,11.7199068069458,0.0
1779527836.715451,-0.1989675347273536,0.0,0.0,0.0,0.0,0.0,0.198,1.3860000000000001,-0.4752,-0.2,0.0,0.0,-0.1989675347273536,0.0,0.0,0.0,0.0,0.0,square,0,0.2,0.25,3,6,11.730031490325928,0.0
1779527836.7254097,-0.1989675347273536,0.0,0.0,0.0,0.0,0.0,0.198,1.4652,-0.396,-0.2,0.0,0.0,-0.1989675347273536,0.0,0.0,0.0020777729190408684,0.0,0.0,square,0,0.2,0.25,3,6,11.739937782287598,0.0
1779527836.735429,-0.1989675347273536,0.0,0.0,0.0020777729190408684,0.0,0.0,-0.1584,1.3068,-0.5544000000000001,-0.2,0.0,0.0,-0.1989675347273536,0.0,0.0,0.0020777729190408684,0.0,0.0,square,0,0.2,0.25,3,6,11.74989652633667,0.0
1779527836.7454116,-0.1989675347273536,0.0,0.0,0.0020777729190408684,0.0,0.0,-0.1584,1.3068,-0.5544000000000001,-0.2,0.0,0.0,-0.1989675347273536,0.0,0.0,0.0,0.0,0.0,square,0,0.2,0.25,3,6,11.759915828704834,0.0
1779527836.7554247,-0.1989675347273536,0.0,0.0,0.0,0.0,0.0,-0.1188,1.4652,-0.6336,-0.2,0.0,0.0,-0.1989675347273536,0.0,0.0,0.0,0.0,0.0,square,0,0.2,0.25,3,6,11.769898414611816,0.0
1779527836.7654207,-0.1989675347273536,0.0,0.0,0.0,0.0,0.0,-0.1188,1.3464,-0.4752,-0.2,0.0,0.0,-0.1989675347273536,0.0,0.0,0.0020777729190408684,-0.0020777729190408684,0.0,square,0,0.2,0.25,3,6,11.779911518096924,0.0
1779527836.775408,-0.1989675347273536,0.0,0.0,0.0020777729190408684,-0.0020777729190408684,0.0,-0.1188,1.4255999999999998,-0.35639999999999994,-0.2,0.0,0.0,-0.1989675347273536,0.0,0.0,0.0,0.0020777729190408684,0.0,square,0,0.2,0.25,3,6,11.789907455444336,0.0
1779527836.7854106,-0.1989675347273536,0.0,0.0,0.0,0.0020777729190408684,0.0,-0.1188,1.3068,-0.5148,-0.2,0.0,0.0,-0.1989675347273536,0.0,0.0,0.0,0.0,0.0,square,0,0.2,0.25,3,6,11.7998948097229,0.0
1779527836.7955089,-0.1989675347273536,0.0,0.0,0.0,0.0,0.0,-0.1584,1.4652,-0.35639999999999994,-0.2,0.0,0.0,-0.1989675347273536,0.0,0.0,0.0,0.0,0.0,square,0,0.2,0.25,3,6,11.809897422790527,0.0
1779527836.8053966,-0.1989675347273536,0.0,0.0,0.0,0.0,0.0,-0.1584,1.3464,-0.4356,-0.2,0.0,0.0,-0.1989675347273536,0.0,0.0,0.0,0.0,0.0,square,0,0.2,0.25,3,6,11.819995641708374,0.0
1779527836.8160071,-0.1989675347273536,0.0,0.0,0.0,0.0,0.0,0.198,1.5048000000000001,-0.5148,-0.2,0.0,0.0,-0.1989675347273536,0.0,0.0,0.0,0.0,0.0,square,0,0.2,0.25,3,6,11.829883337020874,0.0
1779527836.82541,-0.1989675347273536,0.0,0.0,0.0,0.0,0.0,0.198,1.3860000000000001,-0.35639999999999994,-0.2,0.0,0.0,-0.1989675347273536,0.0,0.0,0.0,-0.0020777729190408684,0.0,square,0,0.2,0.25,3,6,11.84049391746521,0.0
1779527836.836401,-0.1989675347273536,0.0,0.0,0.0,-0.0020777729190408684,0.0,0.1584,1.5444,-0.35639999999999994,-0.2,0.0,0.0,-0.1989675347273536,0.0,0.0,0.0,0.0020777729190408684,0.0,square,0,0.2,0.25,3,6,11.849896669387817,0.0
1779527836.8454568,-0.1989675347273536,0.0,0.0,0.0,0.0020777729190408684,0.0,0.1584,1.3860000000000001,-0.4356,-0.2,0.0,0.0,-0.1989675347273536,0.0,0.0,0.0,-0.0020777729190408684,0.0,square,0,0.2,0.25,3,6,11.8608877658844,0.0
1779527836.8554802,-0.1989675347273536,0.0,0.0,0.0,-0.0020777729190408684,0.0,0.1584,1.2672,-0.3168,-0.2,0.0,0.0,-0.1989675347273536,0.0,0.0,0.0,0.0020777729190408684,0.0,square,0,0.2,0.25,3,6,11.869943618774414,0.0
1779527836.865438,-0.1989675347273536,0.0,0.0,0.0,0.0020777729190408684,0.0,0.1584,1.4255999999999998,-0.6732,-0.2,0.0,0.0,-0.1989675347273536,0.0,0.0,0.0,0.0,-0.0020777729190408684,square,0,0.2,0.25,3,6,11.879966974258423,0.0
1779527836.8754134,-0.1989675347273536,0.0,0.0,0.0,0.0,-0.0020777729190408684,0.1188,1.2672,-0.35639999999999994,-0.2,0.0,0.0,-0.1989675347273536,0.0,0.0,0.0,0.0,0.0,square,0,0.2,0.25,3,6,11.889924764633179,0.0
1779527836.885437,-0.1989675347273536,0.0,0.0,0.0,0.0,0.0,0.1584,1.3860000000000001,-0.4356,-0.2,0.0,0.0,-0.1989675347273536,0.0,0.0,0.0,0.0,-0.0020777729190408684,square,0,0.2,0.25,3,6,11.899900197982788,0.0
1779527836.8954709,-0.1989675347273536,0.0,0.0,0.0,0.0,-0.0020777729190408684,-0.1584,1.4255999999999998,-0.396,-0.2,0.0,0.0,-0.1989675347273536,0.0,0.0,-0.0020777729190408684,0.0,0.0,square,0,0.2,0.25,3,6,11.909923791885376,0.0
1779527836.9055638,-0.1989675347273536,0.0,0.0,-0.0020777729190408684,0.0,0.0,0.1584,1.4255999999999998,-0.396,-0.2,0.0,0.0,-0.1989675347273536,0.0,0.0,0.0,0.0,0.0,square,0,0.2,0.25,3,6,11.919957637786865,0.0
1779527836.9154928,-0.1989675347273536,0.0,0.0,0.0,0.0,0.0,0.1584,1.5048000000000001,-0.5148,-0.2,0.0,0.0,-0.1989675347273536,0.0,0.0,0.0,0.0,0.0,square,0,0.2,0.25,3,6,11.930050611495972,0.0
1779527836.9255018,-0.1989675347273536,0.0,0.0,0.0,0.0,0.0,0.1584,1.4652,-0.3168,-0.2,0.0,0.0,-0.1989675347273536,0.0,0.0,0.0,-0.004155545838081737,0.0,square,0,0.2,0.25,3,6,11.939979553222656,0.0
1779527836.935426,-0.1989675347273536,0.0,0.0,0.0,-0.004155545838081737,0.0,-0.1584,1.4652,-0.396,-0.2,0.0,0.0,-0.1989675347273536,0.0,0.0,0.0,0.0020777729190408684,0.0,square,0,0.2,0.25,3,6,11.949988603591919,0.0
1779527836.9455352,-0.1989675347273536,0.0,0.0,0.0,0.0020777729190408684,0.0,-0.1584,1.3860000000000001,-0.5544000000000001,-0.2,0.0,0.0,-0.1989675347273536,0.0,0.0,0.0,-0.0020777729190408684,0.0,square,0,0.2,0.25,3,6,11.959912776947021,0.0
1779527836.955423,-0.1989675347273536,0.0,0.0,0.0,-0.0020777729190408684,0.0,-0.198,1.3860000000000001,-0.4356,-0.2,0.0,0.0,-0.1989675347273536,0.0,0.0,0.0,0.0,0.0020777729190408684,square,0,0.2,0.25,3,6,11.970021963119507,0.0
1779527836.9654183,-0.1989675347273536,0.0,0.0,0.0,0.0,0.0020777729190408684,-0.0792,1.4255999999999998,-0.4752,-0.2,0.0,0.0,-0.1989675347273536,0.0,0.0,0.0,0.0,-0.0020777729190408684,square,0,0.2,0.25,3,6,11.979909896850586,0.0
1779527836.9754035,-0.1989675347273536,0.0,0.0,0.0,0.0,-0.0020777729190408684,-0.1584,1.3464,-0.5148,-0.2,0.0,0.0,-0.1989675347273536,0.0,0.0,0.0,0.0,-0.0020777729190408684,square,0,0.2,0.25,3,6,11.98990511894226,0.0
1779527836.985506,-0.1989675347273536,0.0,0.0,0.0,0.0,-0.0020777729190408684,0.1584,1.4652,-0.4356,-0.2,0.0,0.0,-0.1989675347273536,0.0,0.0,0.0,0.0,0.0,square,0,0.2,0.25,3,6,11.999890327453613,0.0
1779527836.9954176,-0.1989675347273536,0.0,0.0,0.0,0.0,0.0,0.1188,1.4255999999999998,-0.4752,0.2,0.0,0.0,-0.1989675347273536,0.0,0.0,0.0,0.0,0.0,square,0,0.2,0.25,3,6,12.009992837905884,0.0
1779527837.005543,-0.1989675347273536,0.0,0.0,0.0,0.0,0.0,0.1584,1.3068,-0.396,0.2,0.0,0.0,-0.1989675347273536,0.0,0.0,0.0,0.0,0.0020777729190408684,square,0,0.2,0.25,3,6,12.019904375076294,0.0
1779527837.0154185,-0.1989675347273536,0.0,0.0,0.0,0.0,0.0020777729190408684,-0.1584,1.4255999999999998,-0.5544000000000001,0.2,0.0,0.0,-0.19722220547535924,0.0,0.0,0.19946620022792336,0.0,0.0,square,0,0.2,0.25,3,6,12.030029773712158,0.0
1779527837.0255766,-0.19722220547535924,0.0,0.0,0.19946620022792336,0.0,0.0,13.345200000000002,0.7127999999999999,-0.4752,0.2,0.0,0.0,-0.1762782544514273,0.0,0.0,1.7619514353466563,0.0020777729190408684,0.0,square,0,0.2,0.25,3,6,12.039905309677124,0.0
1779527837.0353856,-0.1762782544514273,0.0,0.0,1.7619514353466563,0.0020777729190408684,0.0,5.1876,1.1088000000000002,-2.4552,0.2,0.0,0.0,-0.14137166941154067,0.0,0.0,3.189381430727733,0.0020777729190408684,0.0,square,0,0.2,0.25,3,6,12.050063371658325,0.0
1779527837.0454514,-0.14137166941154067,0.0,0.0,3.189381430727733,0.0020777729190408684,0.0,7.009200000000001,1.782,2.7720000000000002,0.2,0.0,0.0,-0.10122909661567113,0.0,0.0,3.8189466251971163,0.0020777729190408684,0.0,square,0,0.2,0.25,3,6,12.059872388839722,0.0
1779527837.0554748,-0.10122909661567113,0.0,0.0,3.8189466251971163,0.0020777729190408684,0.0,4.8708,1.584,0.5940000000000001,0.2,0.0,0.0,-0.05585053606381855,0.0,0.0,4.409034134204723,-0.008311091676163474,0.0,square,0,0.2,0.25,3,6,12.06993818283081,0.0
1779527837.0655487,-0.05585053606381855,0.0,0.0,4.409034134204723,-0.008311091676163474,0.0,-0.27720000000000006,1.1088000000000002,-0.8316,0.2,0.0,0.0,-0.010471975511965978,0.0,0.0,4.49837836972348,-0.020777729190408684,0.0,square,0,0.2,0.25,3,6,12.07996153831482,0.0
1779527837.0754187,-0.010471975511965978,0.0,0.0,4.49837836972348,-0.020777729190408684,0.0,-0.8712,0.792,0.0396,0.2,0.0,0.0,0.027925268031909273,0.0,0.0,3.9207574982301185,-0.022855502109449553,0.006233318757122605,square,0,0.2,0.25,3,6,12.090035438537598,0.0
1779527837.0855503,0.027925268031909273,0.0,0.0,3.9207574982301185,-0.022855502109449553,0.006233318757122605,-1.1880000000000002,0.6336,0.792,0.2,0.0,0.0,0.05934119456780721,0.0,0.0,3.314047805870185,-0.02701104794753129,0.006233318757122605,square,0,0.2,0.25,3,6,12.099905490875244,0.0
1779527837.095422,0.05934119456780721,0.0,0.0,3.314047805870185,-0.02701104794753129,0.006233318757122605,-2.6532,-0.3168,0.5544000000000001,0.2,0.0,0.0,0.08552113334772216,0.0,0.0,2.838237807409826,-0.0020777729190408684,0.0,square,0,0.2,0.25,3,6,12.110037088394165,0.0
1779527837.1054857,0.08552113334772216,0.0,0.0,2.838237807409826,-0.0020777729190408684,0.0,-4.0392,-0.8316,-0.7127999999999999,0.2,0.0,0.0,0.10821041362364843,0.0,0.0,2.339572306840018,0.02493327502849042,-0.004155545838081737,square,0,0.2,0.25,3,6,12.119908809661865,0.0
1779527837.1154156,0.10821041362364843,0.0,0.0,2.339572306840018,0.02493327502849042,-0.004155545838081737,-4.9104,2.2572,2.1780000000000004,0.2,0.0,0.0,0.12566370614359174,0.0,0.0,1.8990844480033537,0.03739991254273563,-0.0020777729190408684,square,0,0.2,0.25,3,6,12.129972457885742,0.0
1779527837.1255088,0.12566370614359174,0.0,0.0,1.8990844480033537,0.03739991254273563,-0.0020777729190408684,-1.7424,3.0888,2.4552,0.2,0.0,0.0,0.14137166941154067,0.0,0.0,1.529240868414079,0.014544410433286078,-0.0020777729190408684,square,0,0.2,0.25,3,6,12.139902353286743,0.0
1779527837.135455,0.14137166941154067,0.0,0.0,1.529240868414079,0.014544410433286078,-0.0020777729190408684,-0.396,2.3364,0.792,0.2,0.0,0.0,0.1518436449235067,0.0,0.0,1.2238082493150715,0.004155545838081737,0.0,square,0,0.2,0.25,3,6,12.149995565414429,0.0
1779527837.145414,0.1518436449235067,0.0,0.0,1.2238082493150715,0.004155545838081737,0.0,0.4356,1.6236000000000002,-0.396,0.2,0.0,0.0,0.16231562043547265,0.0,0.0,0.9973310011396168,0.0,-0.0020777729190408684,square,0,0.2,0.25,3,6,12.159941673278809,0.0
1779527837.1554103,0.16231562043547265,0.0,0.0,0.9973310011396168,0.0,-0.0020777729190408684,0.396,1.2672,-0.9504,0.2,0.0,0.0,0.16929693744344998,0.0,0.0,0.8331869405353882,-0.014544410433286078,0.0,square,0,0.2,0.25,3,6,12.169900894165039,0.0
1779527837.165418,0.16929693744344998,0.0,0.0,0.8331869405353882,-0.014544410433286078,0.0,-0.0396,0.99,-0.7127999999999999,0.2,0.0,0.0,0.1762782544514273,0.0,0.0,0.6835872903644457,-0.004155545838081737,-0.004155545838081737,square,0,0.2,0.25,3,6,12.17989706993103,0.0
1779527837.1754844,0.1762782544514273,0.0,0.0,0.6835872903644457,-0.004155545838081737,-0.004155545838081737,0.0,1.2672,0.27720000000000006,0.2,0.0,0.0,0.18151424220741028,0.0,0.0,0.5506098235458301,-0.01246663751424521,0.0,square,0,0.2,0.25,3,6,12.189904689788818,0.0
1779527837.1854126,0.18151424220741028,0.0,0.0,0.5506098235458301,-0.01246663751424521,0.0,-0.27720000000000006,0.7524000000000001,-0.6336,0.2,0.0,0.0,0.18500490071139894,0.0,0.0,0.4404878588366641,-0.01246663751424521,0.0,square,0,0.2,0.25,3,6,12.199971199035645,0.0
1779527837.1954892,0.18500490071139894,0.0,0.0,0.4404878588366641,-0.01246663751424521,0.0,-0.198,0.6732,-0.5544000000000001,0.2,0.0,0.0,0.18849555921538758,0.0,0.0,0.33036589412749806,-0.01246663751424521,0.0020777729190408684,square,0,0.2,0.25,3,6,12.209899425506592,0.0
1779527837.2054417,0.18849555921538758,0.0,0.0,0.33036589412749806,-0.01246663751424521,0.0020777729190408684,0.4752,0.6336,-0.5940000000000001,0.2,0.0,0.0,0.19198621771937624,0.0,0.0,0.2888104357466807,-0.0020777729190408684,0.0,square,0,0.2,0.25,3,6,12.21997594833374,0.0
1779527837.2154853,0.19198621771937624,0.0,0.0,0.2888104357466807,-0.0020777729190408684,0.0,-0.4356,0.7524000000000001,-0.6732,0.2,0.0,0.0,0.1937315469713706,0.0,0.0,0.2181661564992912,0.008311091676163474,0.0,square,0,0.2,0.25,3,6,12.229928493499756,0.0
1779527837.225454,0.1937315469713706,0.0,0.0,0.2181661564992912,0.008311091676163474,0.0,-0.4752,1.0296,-0.5940000000000001,0.2,0.0,0.0,0.1954768762233649,0.0,0.0,0.16622183352326947,0.018699956271367814,0.0,square,0,0.2,0.25,3,6,12.239972114562988,0.0
1779527837.2354143,0.1954768762233649,0.0,0.0,0.16622183352326947,0.018699956271367814,0.0,-0.5544000000000001,1.584,-0.4356,0.2,0.0,0.0,0.1954768762233649,0.0,0.0,0.1246663751424521,0.01246663751424521,0.0,square,0,0.2,0.25,3,6,12.249940872192383,0.0
1779527837.2454135,0.1954768762233649,0.0,0.0,0.1246663751424521,0.01246663751424521,0.0,-0.396,1.5048000000000001,-0.4356,0.2,0.0,0.0,0.19722220547535924,0.0,0.0,0.0851886896806756,0.006233318757122605,0.0,square,0,0.2,0.25,3,6,12.25990104675293,0.0
1779527837.2558548,0.19722220547535924,0.0,0.0,0.0851886896806756,0.006233318757122605,0.0,-0.0396,1.3860000000000001,-0.4356,0.2,0.0,0.0,0.19722220547535924,0.0,0.0,0.06025541465218518,0.0,-0.0020777729190408684,square,0,0.2,0.25,3,6,12.26990032196045,0.0
1779527837.2654235,0.19722220547535924,0.0,0.0,0.06025541465218518,0.0,-0.0020777729190408684,0.27720000000000006,1.4255999999999998,-0.6336,0.2,0.0,0.0,0.1989675347273536,0.0,0.0,0.06441096049026691,0.0,0.0,square,0,0.2,0.25,3,6,12.280341625213623,0.0
1779527837.2754474,0.1989675347273536,0.0,0.0,0.06441096049026691,0.0,0.0,-0.4356,1.0692,-0.5544000000000001,0.2,0.0,0.0,0.1989675347273536,0.0,0.0,0.03739991254273563,-0.004155545838081737,0.0,square,0,0.2,0.25,3,6,12.289910316467285,0.0
1779527837.2854173,0.1989675347273536,0.0,0.0,0.03739991254273563,-0.004155545838081737,0.0,0.0396,1.1088000000000002,-0.6732,0.2,0.0,0.0,0.1989675347273536,0.0,0.0,0.022855502109449553,-0.006233318757122605,0.0,square,0,0.2,0.25,3,6,12.299934148788452,0.0
1779527837.2954109,0.1989675347273536,0.0,0.0,0.022855502109449553,-0.006233318757122605,0.0,0.1188,0.99,-0.5148,0.2,0.0,0.0,0.1989675347273536,0.0,0.0,0.014544410433286078,-0.008311091676163474,0.0,square,0,0.2,0.25,3,6,12.309904098510742,0.0
1779527837.3054566,0.1989675347273536,0.0,0.0,0.014544410433286078,-0.008311091676163474,0.0,-0.1584,0.9107999999999999,-0.5544000000000001,0.2,0.0,0.0,0.1989675347273536,0.0,0.0,0.010388864595204342,-0.004155545838081737,0.0,square,0,0.2,0.25,3,6,12.319897651672363,0.0
1779527837.3154144,0.1989675347273536,0.0,0.0,0.010388864595204342,-0.004155545838081737,0.0,0.2376,1.0296,0.5544000000000001,0.2,0.0,0.0,0.1989675347273536,0.0,0.0,0.0020777729190408684,-0.0020777729190408684,0.0,square,0,0.2,0.25,3,6,12.329943418502808,0.0
1779527837.3254147,0.1989675347273536,0.0,0.0,0.0020777729190408684,-0.0020777729190408684,0.0,0.4356,0.9504,-0.6336,0.2,0.0,0.0,0.1989675347273536,0.0,0.0,-0.0020777729190408684,0.004155545838081737,0.0,square,0,0.2,0.25,3,6,12.339901208877563,0.0
1779527837.3354151,0.1989675347273536,0.0,0.0,-0.0020777729190408684,0.004155545838081737,0.0,0.5148,1.1880000000000002,-0.5544000000000001,0.2,0.0,0.0,0.1989675347273536,0.0,0.0,0.0,0.0020777729190408684,-0.0020777729190408684,square,0,0.2,0.25,3,6,12.3499014377594,0.0
1779527837.3454704,0.1989675347273536,0.0,0.0,0.0,0.0020777729190408684,-0.0020777729190408684,0.5544000000000001,1.3068,-0.4752,0.2,0.0,0.0,0.1989675347273536,0.0,0.0,0.004155545838081737,0.0020777729190408684,0.0,square,0,0.2,0.25,3,6,12.359901905059814,0.0
1779527837.3554113,0.1989675347273536,0.0,0.0,0.004155545838081737,0.0020777729190408684,0.0,0.396,1.3068,-0.7524000000000001,0.2,0.0,0.0,0.1989675347273536,0.0,0.0,0.008311091676163474,0.0,0.0,square,0,0.2,0.25,3,6,12.369957208633423,0.0
1779527837.3654153,0.1989675347273536,0.0,0.0,0.008311091676163474,0.0,0.0,-0.0792,1.3464,-0.5940000000000001,0.2,0.0,0.0,0.1989675347273536,0.0,0.0,0.006233318757122605,0.0,0.0,square,0,0.2,0.25,3,6,12.379898071289062,0.0
1779527837.3754241,0.1989675347273536,0.0,0.0,0.006233318757122605,0.0,0.0,-0.1584,1.1483999999999999,-0.7127999999999999,0.2,0.0,0.0,0.1989675347273536,0.0,0.0,0.008311091676163474,0.0,0.0,square,0,0.2,0.25,3,6,12.389902114868164,0.0
1779527837.3854096,0.1989675347273536,0.0,0.0,0.008311091676163474,0.0,0.0,-0.0396,1.3068,-0.4752,0.2,0.0,0.0,0.1989675347273536,0.0,0.0,0.008311091676163474,0.0,0.0,square,0,0.2,0.25,3,6,12.399910926818848,0.0
1779527837.3954308,0.1989675347273536,0.0,0.0,0.008311091676163474,0.0,0.0,0.198,1.2672,-0.5148,0.2,0.0,0.0,0.1989675347273536,0.0,0.0,0.006233318757122605,0.0,0.0,square,0,0.2,0.25,3,6,12.40989637374878,0.0
1779527837.4054165,0.1989675347273536,0.0,0.0,0.006233318757122605,0.0,0.0,0.0792,1.2276,-0.6732,0.2,0.0,0.0,0.1989675347273536,0.0,0.0,0.0,-0.0020777729190408684,0.0,square,0,0.2,0.25,3,6,12.419917583465576,0.0
1779527837.4154456,0.1989675347273536,0.0,0.0,0.0,-0.0020777729190408684,0.0,0.0792,1.3464,-0.4752,0.2,0.0,0.0,0.1989675347273536,0.0,0.0,-0.0020777729190408684,-0.0020777729190408684,0.0020777729190408684,square,0,0.2,0.25,3,6,12.429903268814087,0.0
1779527837.4254184,0.1989675347273536,0.0,0.0,-0.0020777729190408684,-0.0020777729190408684,0.0020777729190408684,0.0396,1.1880000000000002,-0.6336,0.2,0.0,0.0,0.1989675347273536,0.0,0.0,-0.004155545838081737,-0.0020777729190408684,0.0,square,0,0.2,0.25,3,6,12.439932346343994,0.0
1779527837.4355686,0.1989675347273536,0.0,0.0,-0.004155545838081737,-0.0020777729190408684,0.0,0.0,1.2276,-0.5148,0.2,0.0,0.0,0.1989675347273536,0.0,0.0,-0.004155545838081737,0.0,0.0,square,0,0.2,0.25,3,6,12.449905157089233,0.0
1779527837.4455738,0.1989675347273536,0.0,0.0,-0.004155545838081737,0.0,0.0,0.0396,1.1483999999999999,-0.35639999999999994,0.2,0.0,0.0,0.1989675347273536,0.0,0.0,-0.0020777729190408684,0.0,0.0020777729190408684,square,0,0.2,0.25,3,6,12.460055351257324,0.0
1779527837.4554124,0.1989675347273536,0.0,0.0,-0.0020777729190408684,0.0,0.0020777729190408684,0.0,1.2276,-0.6336,0.2,0.0,0.0,0.1989675347273536,0.0,0.0,0.0,0.0020777729190408684,0.0,square,0,0.2,0.25,3,6,12.470060586929321,0.0
1779527837.465421,0.1989675347273536,0.0,0.0,0.0,0.0020777729190408684,0.0,-0.0396,1.3068,-0.5940000000000001,0.2,0.0,0.0,0.1989675347273536,0.0,0.0,0.0,0.0,0.0,square,0,0.2,0.25,3,6,12.479899168014526,0.0
1779527837.4754162,0.1989675347273536,0.0,0.0,0.0,0.0,0.0,-0.0396,1.2672,-0.5148,0.2,0.0,0.0,0.1989675347273536,0.0,0.0,0.0,0.0,0.0,square,0,0.2,0.25,3,6,12.48990774154663,0.0
1779527837.4854095,0.1989675347273536,0.0,0.0,0.0,0.0,0.0,0.1188,1.2276,-0.5148,0.2,0.0,0.0,0.1989675347273536,0.0,0.0,0.0,0.0,0.0,square,0,0.2,0.25,3,6,12.499902963638306,0.0
1779527837.4955106,0.1989675347273536,0.0,0.0,0.0,0.0,0.0,0.1584,1.3068,-0.5544000000000001,0.2,0.0,0.0,0.1989675347273536,0.0,0.0,0.0,0.0,0.0,square,0,0.2,0.25,3,6,12.509896278381348,0.0
1779527837.5054357,0.1989675347273536,0.0,0.0,0.0,0.0,0.0,0.198,1.3464,-0.5148,0.2,0.0,0.0,0.1989675347273536,0.0,0.0,0.004155545838081737,0.0,0.0,square,0,0.2,0.25,3,6,12.519997358322144,0.0
1779527837.5154111,0.1989675347273536,0.0,0.0,0.004155545838081737,0.0,0.0,0.27720000000000006,1.3860000000000001,-0.5148,0.2,0.0,0.0,0.1989675347273536,0.0,0.0,0.0020777729190408684,0.0,0.0,square,0,0.2,0.25,3,6,12.529922485351562,0.0
1779527837.5254135,0.1989675347273536,0.0,0.0,0.0020777729190408684,0.0,0.0,0.35639999999999994,1.2672,-0.5148,0.2,0.0,0.0,0.1989675347273536,0.0,0.0,0.0,0.0,-0.0020777729190408684,square,0,0.2,0.25,3,6,12.539897918701172,0.0
1779527837.5354705,0.1989675347273536,0.0,0.0,0.0,0.0,-0.0020777729190408684,0.27720000000000006,1.3068,-0.7524000000000001,0.2,0.0,0.0,0.1989675347273536,0.0,0.0,-0.0020777729190408684,0.0,0.0,square,0,0.2,0.25,3,6,12.54990029335022,0.0
1779527837.546064,0.1989675347273536,0.0,0.0,-0.0020777729190408684,0.0,0.0,0.1584,1.4255999999999998,-0.5148,0.2,0.0,0.0,0.1989675347273536,0.0,0.0,-0.006233318757122605,0.0,0.0,square,0,0.2,0.25,3,6,12.559957265853882,0.0
1779527837.5554073,0.1989675347273536,0.0,0.0,-0.006233318757122605,0.0,0.0,0.1584,1.3464,-0.5148,0.2,0.0,0.0,0.1989675347273536,0.0,0.0,-0.004155545838081737,0.0,0.0,square,0,0.2,0.25,3,6,12.570550680160522,0.0
1779527837.565411,0.1989675347273536,0.0,0.0,-0.004155545838081737,0.0,0.0,0.0396,1.1880000000000002,-0.5148,0.2,0.0,0.0,0.1989675347273536,0.0,0.0,-0.0020777729190408684,0.0,0.0,square,0,0.2,0.25,3,6,12.579894065856934,0.0
1779527837.5754118,0.1989675347273536,0.0,0.0,-0.0020777729190408684,0.0,0.0,0.0396,1.3464,-0.5148,0.2,0.0,0.0,0.1989675347273536,0.0,0.0,0.0,0.0020777729190408684,0.0,square,0,0.2,0.25,3,6,12.589897871017456,0.0
1779527837.585407,0.1989675347273536,0.0,0.0,0.0,0.0020777729190408684,0.0,0.1584,1.2672,-0.5148,0.2,0.0,0.0,0.1989675347273536,0.0,0.0,0.0020777729190408684,0.0,0.0,square,0,0.2,0.25,3,6,12.59989857673645,0.0
1779527837.5954645,0.1989675347273536,0.0,0.0,0.0020777729190408684,0.0,0.0,0.2376,1.3860000000000001,0.4752,0.2,0.0,0.0,0.1989675347273536,0.0,0.0,0.0020777729190408684,0.0,0.0,square,0,0.2,0.25,3,6,12.609893798828125,0.0
1779527837.6055613,0.1989675347273536,0.0,0.0,0.0020777729190408684,0.0,0.0,0.27720000000000006,1.2276,0.396,0.2,0.0,0.0,0.1989675347273536,0.0,0.0,0.0020777729190408684,0.0,0.0,square,0,0.2,0.25,3,6,12.619951248168945,0.0
1779527837.6154141,0.1989675347273536,0.0,0.0,0.0020777729190408684,0.0,0.0,0.27720000000000006,1.2276,0.396,0.2,0.0,0.0,0.1989675347273536,0.0,0.0,0.0,-0.0020777729190408684,0.0,square,0,0.2,0.25,3,6,12.630048036575317,0.0
1779527837.625512,0.1989675347273536,0.0,0.0,0.0,-0.0020777729190408684,0.0,0.3168,1.1483999999999999,-0.5148,0.2,0.0,0.0,0.1989675347273536,0.0,0.0,0.0,0.0,0.0,square,0,0.2,0.25,3,6,12.639900922775269,0.0
1779527837.6354291,0.1989675347273536,0.0,0.0,0.0,0.0,0.0,0.35639999999999994,1.2276,-0.35639999999999994,0.2,0.0,0.0,0.1989675347273536,0.0,0.0,-0.0020777729190408684,0.0,0.0,square,0,0.2,0.25,3,6,12.649998664855957,0.0
1779527837.6454127,0.1989675347273536,0.0,0.0,-0.0020777729190408684,0.0,0.0,0.2376,1.3464,-0.5148,0.2,0.0,0.0,0.1989675347273536,0.0,0.0,-0.0020777729190408684,0.0,0.0,square,0,0.2,0.25,3,6,12.659915924072266,0.0
1779527837.6555316,0.1989675347273536,0.0,0.0,-0.0020777729190408684,0.0,0.0,0.198,1.3464,-0.5148,0.2,0.0,0.0,0.1989675347273536,0.0,0.0,-0.004155545838081737,0.0,0.0,square,0,0.2,0.25,3,6,12.669899463653564,0.0
1779527837.6655514,0.1989675347273536,0.0,0.0,-0.004155545838081737,0.0,0.0,0.0792,1.3068,-0.5544000000000001,0.2,0.0,0.0,0.1989675347273536,0.0,0.0,-0.006233318757122605,0.0,0.0,square,0,0.2,0.25,3,6,12.680018424987793,0.0
1779527837.6754322,0.1989675347273536,0.0,0.0,-0.006233318757122605,0.0,0.0,0.1188,1.4255999999999998,-0.5148,0.2,0.0,0.0,0.1989675347273536,0.0,0.0,0.0,0.0,0.0,square,0,0.2,0.25,3,6,12.690038204193115,0.0
1779527837.6854148,0.1989675347273536,0.0,0.0,0.0,0.0,0.0,0.1584,1.4255999999999998,-0.6336,0.2,0.0,0.0,0.1989675347273536,0.0,0.0,0.0,0.0,0.0,square,0,0.2,0.25,3,6,12.699918985366821,0.0
1779527837.6954103,0.1989675347273536,0.0,0.0,0.0,0.0,0.0,0.27720000000000006,1.4652,-0.4752,0.2,0.0,0.0,0.1989675347273536,0.0,0.0,0.0,0.0,0.0,square,0,0.2,0.25,3,6,12.709901571273804,0.0
1779527837.7054105,0.1989675347273536,0.0,0.0,0.0,0.0,0.0,0.3168,1.2276,-0.5148,0.2,0.0,0.0,0.1989675347273536,0.0,0.0,0.0,-0.0020777729190408684,0.0,square,0,0.2,0.25,3,6,12.719897031784058,0.0
1779527837.7154138,0.1989675347273536,0.0,0.0,0.0,-0.0020777729190408684,0.0,0.3168,1.2276,-0.396,0.2,0.0,0.0,0.1989675347273536,0.0,0.0,0.0020777729190408684,-0.0020777729190408684,0.0,square,0,0.2,0.25,3,6,12.729897260665894,0.0
1779527837.7255383,0.1989675347273536,0.0,0.0,0.0020777729190408684,-0.0020777729190408684,0.0,0.27720000000000006,1.2276,-0.3168,0.2,0.0,0.0,0.1989675347273536,0.0,0.0,-0.0020777729190408684,0.0,0.0,square,0,0.2,0.25,3,6,12.739900588989258,0.0
1779527837.7354121,0.1989675347273536,0.0,0.0,-0.0020777729190408684,0.0,0.0,0.2376,1.3068,-0.7127999999999999,0.2,0.0,0.0,0.1989675347273536,0.0,0.0,-0.0020777729190408684,0.0,0.0,square,0,0.2,0.25,3,6,12.750025033950806,0.0
1779527837.7454972,0.1989675347273536,0.0,0.0,-0.0020777729190408684,0.0,0.0,0.198,1.3068,-0.5148,0.2,0.0,0.0,0.1989675347273536,0.0,0.0,-0.0020777729190408684,0.0,0.0,square,0,0.2,0.25,3,6,12.759898900985718,0.0
1779527837.755414,0.1989675347273536,0.0,0.0,-0.0020777729190408684,0.0,0.0,0.1188,1.3068,-0.4356,0.2,0.0,0.0,0.1989675347273536,0.0,0.0,0.0,0.0,-0.0020777729190408684,square,0,0.2,0.25,3,6,12.769984006881714,0.0
1779527837.76542,0.1989675347273536,0.0,0.0,0.0,0.0,-0.0020777729190408684,0.1584,1.3068,-0.5148,0.2,0.0,0.0,0.1989675347273536,0.0,0.0,0.0,0.0020777729190408684,-0.0020777729190408684,square,0,0.2,0.25,3,6,12.779900789260864,0.0
1779527837.7755382,0.1989675347273536,0.0,0.0,0.0,0.0020777729190408684,-0.0020777729190408684,0.198,1.4652,0.396,0.2,0.0,0.0,0.1989675347273536,0.0,0.0,0.0,0.0,0.0,square,0,0.2,0.25,3,6,12.789906740188599,0.0
1779527837.7855437,0.1989675347273536,0.0,0.0,0.0,0.0,0.0,0.2376,1.3068,-0.5940000000000001,0.2,0.0,0.0,0.1989675347273536,0.0,0.0,0.0,0.0,0.0,square,0,0.2,0.25,3,6,12.80002498626709,0.0
1779527837.7954428,0.1989675347273536,0.0,0.0,0.0,0.0,0.0,0.27720000000000006,1.3860000000000001,-0.4356,0.2,0.0,0.0,0.1989675347273536,0.0,0.0,0.0,0.0,-0.0020777729190408684,square,0,0.2,0.25,3,6,12.810030460357666,0.0
1779527837.8054109,0.1989675347273536,0.0,0.0,0.0,0.0,-0.0020777729190408684,0.27720000000000006,1.4255999999999998,-0.4356,0.2,0.0,0.0,0.1989675347273536,0.0,0.0,0.0,0.0,0.0,square,0,0.2,0.25,3,6,12.819929599761963,0.0
1779527837.8154104,0.1989675347273536,0.0,0.0,0.0,0.0,0.0,0.3168,1.2276,-0.5148,0.2,0.0,0.0,0.1989675347273536,0.0,0.0,0.0,0.0,0.0,square,0,0.2,0.25,3,6,12.82989764213562,0.0
1779527837.825528,0.1989675347273536,0.0,0.0,0.0,0.0,0.0,0.27720000000000006,1.3464,0.5544000000000001,0.2,0.0,0.0,0.1989675347273536,0.0,0.0,-0.004155545838081737,0.0,0.0,square,0,0.2,0.25,3,6,12.839897155761719,0.0
1779527837.835412,0.1989675347273536,0.0,0.0,-0.004155545838081737,0.0,0.0,0.1584,1.4255999999999998,-0.6732,0.2,0.0,0.0,0.1989675347273536,0.0,0.0,-0.0020777729190408684,0.0,0.0,square,0,0.2,0.25,3,6,12.850014686584473,0.0
1779527837.845421,0.1989675347273536,0.0,0.0,-0.0020777729190408684,0.0,0.0,0.198,1.3068,-0.4356,0.2,0.0,0.0,0.1989675347273536,0.0,0.0,-0.006233318757122605,0.0,0.0,square,0,0.2,0.25,3,6,12.859898805618286,0.0
1779527837.8555512,0.1989675347273536,0.0,0.0,-0.006233318757122605,0.0,0.0,-0.1188,1.4255999999999998,-0.6732,0.2,0.0,0.0,0.1989675347273536,0.0,0.0,0.0,0.0020777729190408684,0.0,square,0,0.2,0.25,3,6,12.869907855987549,0.0
1779527837.8654256,0.1989675347273536,0.0,0.0,0.0,0.0020777729190408684,0.0,0.1584,1.2276,-0.5544000000000001,0.2,0.0,0.0,0.1989675347273536,0.0,0.0,0.0,0.0,0.0,square,0,0.2,0.25,3,6,12.880038022994995,0.0
1779527837.8754566,0.1989675347273536,0.0,0.0,0.0,0.0,0.0,0.0792,1.3860000000000001,-0.3168,0.2,0.0,0.0,0.1989675347273536,0.0,0.0,0.0,0.0,0.0,square,0,0.2,0.25,3,6,12.889912366867065,0.0
1779527837.8854477,0.1989675347273536,0.0,0.0,0.0,0.0,0.0,0.1584,1.4652,-0.6732,0.2,0.0,0.0,0.1989675347273536,0.0,0.0,0.004155545838081737,0.0,0.0,square,0,0.2,0.25,3,6,12.899943351745605,0.0
1779527837.8955185,0.1989675347273536,0.0,0.0,0.004155545838081737,0.0,0.0,0.27720000000000006,1.2276,-0.4752,0.2,0.0,0.0,0.1989675347273536,0.0,0.0,0.0,0.0,0.0,square,0,0.2,0.25,3,6,12.909934520721436,0.0
1779527837.90541,0.1989675347273536,0.0,0.0,0.0,0.0,0.0,0.27720000000000006,1.3068,-0.396,0.2,0.0,0.0,0.1989675347273536,0.0,0.0,0.0020777729190408684,0.0,0.0020777729190408684,square,0,0.2,0.25,3,6,12.920005321502686,0.0
1779527837.915413,0.1989675347273536,0.0,0.0,0.0020777729190408684,0.0,0.0020777729190408684,0.2376,1.4255999999999998,-0.5940000000000001,0.2,0.0,0.0,0.1989675347273536,0.0,0.0,0.0,0.0,0.0,square,0,0.2,0.25,3,6,12.929896831512451,0.0
1779527837.9254296,0.1989675347273536,0.0,0.0,0.0,0.0,0.0,0.27720000000000006,1.4652,-0.6732,0.2,0.0,0.0,0.1989675347273536,0.0,0.0,0.0,0.0,0.0,square,0,0.2,0.25,3,6,12.939899682998657,0.0
1779527837.9354508,0.1989675347273536,0.0,0.0,0.0,0.0,0.0,0.198,1.2672,-0.5148,0.2,0.0,0.0,0.1989675347273536,0.0,0.0,0.0,0.0,0.0,square,0,0.2,0.25,3,6,12.949916362762451,0.0
1779527837.9454126,0.1989675347273536,0.0,0.0,0.0,0.0,0.0,0.198,1.2672,-0.5148,0.2,0.0,0.0,0.1989675347273536,0.0,0.0,-0.0020777729190408684,0.0,0.0,square,0,0.2,0.25,3,6,12.959937572479248,0.0
1779527837.9554136,0.1989675347273536,0.0,0.0,-0.0020777729190408684,0.0,0.0,0.1584,1.5444,-0.5148,0.2,0.0,0.0,0.1989675347273536,0.0,0.0,-0.0020777729190408684,0.0020777729190408684,0.0,square,0,0.2,0.25,3,6,12.969899415969849,0.0
1779527837.9654295,0.1989675347273536,0.0,0.0,-0.0020777729190408684,0.0020777729190408684,0.0,0.1188,1.3464,-0.4356,0.2,0.0,0.0,0.1989675347273536,0.0,0.0,0.0,0.0,0.0,square,0,0.2,0.25,3,6,12.979900360107422,0.0
1779527837.9754117,0.1989675347273536,0.0,0.0,0.0,0.0,0.0,0.1584,1.3068,-0.5148,0.2,0.0,0.0,0.1989675347273536,0.0,0.0,0.0,0.0,0.0,square,0,0.2,0.25,3,6,12.989916324615479,0.0
1779527837.985424,0.1989675347273536,0.0,0.0,0.0,0.0,0.0,0.2376,1.2276,-0.4752,0.2,0.0,0.0,0.1989675347273536,0.0,0.0,0.0,0.0,0.0020777729190408684,square,0,0.2,0.25,3,6,12.999898433685303,0.0
1779527837.995414,0.1989675347273536,0.0,0.0,0.0,0.0,0.0020777729190408684,0.1584,1.3464,-0.5544000000000001,0.2,0.0,0.0,0.1989675347273536,0.0,0.0,0.0020777729190408684,0.0,-0.0020777729190408684,square,0,0.2,0.25,3,6,13.009910821914673,0.0
1779527838.0058734,0.1989675347273536,0.0,0.0,0.0020777729190408684,0.0,-0.0020777729190408684,0.2376,1.4255999999999998,-0.396,0.2,0.0,0.0,0.1989675347273536,0.0,0.0,0.0020777729190408684,0.0,0.0,square,0,0.2,0.25,3,6,13.019900798797607,0.0
1779527838.0154588,0.1989675347273536,0.0,0.0,0.0020777729190408684,0.0,0.0,0.1188,1.3464,-0.5148,0.2,0.0,0.0,0.1989675347273536,0.0,0.0,0.0,0.0,0.0,square,0,0.2,0.25,3,6,13.030360221862793,0.0
1779527838.0254116,0.1989675347273536,0.0,0.0,0.0,0.0,0.0,0.198,1.3464,-0.6732,0.2,0.0,0.0,0.1989675347273536,0.0,0.0,0.0,0.0,0.0,square,0,0.2,0.25,3,6,13.039945602416992,0.0
1779527838.035443,0.1989675347273536,0.0,0.0,0.0,0.0,0.0,0.1584,1.3464,-0.5148,0.2,0.0,0.0,0.1989675347273536,0.0,0.0,0.0,0.0,0.0,square,0,0.2,0.25,3,6,13.049898386001587,0.0
1779527838.0454373,0.1989675347273536,0.0,0.0,0.0,0.0,0.0,0.198,1.4255999999999998,-0.396,0.2,0.0,0.0,0.1989675347273536,0.0,0.0,0.0020777729190408684,0.0020777729190408684,-0.0020777729190408684,square,0,0.2,0.25,3,6,13.059929847717285,0.0
1779527838.055411,0.1989675347273536,0.0,0.0,0.0020777729190408684,0.0020777729190408684,-0.0020777729190408684,0.2376,1.2672,-0.4752,0.2,0.0,0.0,0.1989675347273536,0.0,0.0,0.0,0.0,0.0,square,0,0.2,0.25,3,6,13.069924116134644,0.0
1779527838.065465,0.1989675347273536,0.0,0.0,0.0,0.0,0.0,0.198,1.3860000000000001,-0.5940000000000001,0.2,0.0,0.0,0.1989675347273536,0.0,0.0,0.0,0.0,0.0,square,0,0.2,0.25,3,6,13.0798978805542,0.0
1779527838.0754108,0.1989675347273536,0.0,0.0,0.0,0.0,0.0,0.2376,1.3860000000000001,-0.5544000000000001,0.2,0.0,0.0,0.1989675347273536,0.0,0.0,0.0,0.0,0.0,square,0,0.2,0.25,3,6,13.089951753616333,0.0
1779527838.085422,0.1989675347273536,0.0,0.0,0.0,0.0,0.0,0.198,1.3068,-0.5544000000000001,0.2,0.0,0.0,0.1989675347273536,0.0,0.0,0.0,0.0,0.0,square,0,0.2,0.25,3,6,13.099897623062134,0.0
1779527838.095417,0.1989675347273536,0.0,0.0,0.0,0.0,0.0,0.2376,1.4255999999999998,-0.5148,0.2,0.0,0.0,0.1989675347273536,0.0,0.0,-0.0020777729190408684,0.0,0.0,square,0,0.2,0.25,3,6,13.109908819198608,0.0
1779527838.105407,0.1989675347273536,0.0,0.0,-0.0020777729190408684,0.0,0.0,0.2376,1.3860000000000001,-0.4752,0.2,0.0,0.0,0.1989675347273536,0.0,0.0,0.0,0.0,0.0,square,0,0.2,0.25,3,6,13.119903802871704,0.0
1779527838.1154134,0.1989675347273536,0.0,0.0,0.0,0.0,0.0,0.1584,1.3860000000000001,-0.396,0.2,0.0,0.0,0.1989675347273536,0.0,0.0,-0.0020777729190408684,0.0020777729190408684,0.0,square,0,0.2,0.25,3,6,13.129893779754639,0.0
1779527838.125411,0.1989675347273536,0.0,0.0,-0.0020777729190408684,0.0020777729190408684,0.0,0.198,1.2672,-0.5544000000000001,0.2,0.0,0.0,0.1989675347273536,0.0,0.0,-0.0020777729190408684,0.0,0.0,square,0,0.2,0.25,3,6,13.139900207519531,0.0
1779527838.1354406,0.1989675347273536,0.0,0.0,-0.0020777729190408684,0.0,0.0,0.1584,1.4652,-0.5148,0.2,0.0,0.0,0.1989675347273536,0.0,0.0,0.0,0.0,0.0,square,0,0.2,0.25,3,6,13.149897813796997,0.0
1779527838.1454113,0.1989675347273536,0.0,0.0,0.0,0.0,0.0,0.1584,1.3860000000000001,-0.4752,0.2,0.0,0.0,0.1989675347273536,0.0,0.0,0.0,0.0,0.0,square,0,0.2,0.25,3,6,13.159927368164062,0.0
1779527838.1555433,0.1989675347273536,0.0,0.0,0.0,0.0,0.0,0.1188,1.3464,-0.4356,0.2,0.0,0.0,0.1989675347273536,0.0,0.0,0.0,0.0,0.0,square,0,0.2,0.25,3,6,13.16989803314209,0.0
1779527838.1654108,0.1989675347273536,0.0,0.0,0.0,0.0,0.0,0.1188,1.3464,-0.7127999999999999,0.2,0.0,0.0,0.1989675347273536,0.0,0.0,0.0,0.0,-0.0020777729190408684,square,0,0.2,0.25,3,6,13.180030107498169,0.0
1779527838.1755154,0.1989675347273536,0.0,0.0,0.0,0.0,-0.0020777729190408684,0.1584,1.3068,-0.396,0.2,0.0,0.0,0.1989675347273536,0.0,0.0,0.0,0.0,0.0,square,0,0.2,0.25,3,6,13.189897537231445,0.0
1779527838.1854126,0.1989675347273536,0.0,0.0,0.0,0.0,0.0,0.2376,1.4255999999999998,-0.5940000000000001,0.2,0.0,0.0,0.1989675347273536,0.0,0.0,0.0,0.0020777729190408684,0.0,square,0,0.2,0.25,3,6,13.200002193450928,0.0
1779527838.195503,0.1989675347273536,0.0,0.0,0.0,0.0020777729190408684,0.0,0.198,1.4255999999999998,-0.5940000000000001,0.2,0.0,0.0,0.1989675347273536,0.0,0.0,0.0,0.0,0.0020777729190408684,square,0,0.2,0.25,3,6,13.209899425506592,0.0
1779527838.2054105,0.1989675347273536,0.0,0.0,0.0,0.0,0.0020777729190408684,0.2376,1.3464,-0.4752,0.2,0.0,0.0,0.1989675347273536,0.0,0.0,0.0,-0.0020777729190408684,0.0,square,0,0.2,0.25,3,6,13.219989776611328,0.0
1779527838.2154167,0.1989675347273536,0.0,0.0,0.0,-0.0020777729190408684,0.0,0.2376,1.4255999999999998,-0.4356,0.2,0.0,0.0,0.1989675347273536,0.0,0.0,-0.0020777729190408684,0.0,0.0,square,0,0.2,0.25,3,6,13.229897260665894,0.0
1779527838.2255237,0.1989675347273536,0.0,0.0,-0.0020777729190408684,0.0,0.0,0.2376,1.4652,-0.4356,0.2,0.0,0.0,0.1989675347273536,0.0,0.0,-0.0020777729190408684,0.0,0.0,square,0,0.2,0.25,3,6,13.239903450012207,0.0
1779527838.2355323,0.1989675347273536,0.0,0.0,-0.0020777729190408684,0.0,0.0,0.1584,1.3068,-0.6732,0.2,0.0,0.0,0.1989675347273536,0.0,0.0,-0.0020777729190408684,0.0,0.0,square,0,0.2,0.25,3,6,13.25001049041748,0.0
1779527838.24551,0.1989675347273536,0.0,0.0,-0.0020777729190408684,0.0,0.0,0.198,1.4255999999999998,-0.4356,0.2,0.0,0.0,0.1989675347273536,0.0,0.0,0.0,0.0,0.0,square,0,0.2,0.25,3,6,13.260019063949585,0.0
1779527838.2554746,0.1989675347273536,0.0,0.0,0.0,0.0,0.0,0.2376,1.5048000000000001,-0.396,0.2,0.0,0.0,0.1989675347273536,0.0,0.0,0.0,0.0,0.0,square,0,0.2,0.25,3,6,13.269996881484985,0.0
1779527838.2654183,0.1989675347273536,0.0,0.0,0.0,0.0,0.0,0.198,1.5048000000000001,-0.4752,0.2,0.0,0.0,0.1989675347273536,0.0,0.0,-0.0020777729190408684,0.0,0.0,square,0,0.2,0.25,3,6,13.279961347579956,0.0
1779527838.2754843,0.1989675347273536,0.0,0.0,-0.0020777729190408684,0.0,0.0,0.198,1.4255999999999998,-0.4752,0.2,0.0,0.0,0.1989675347273536,0.0,0.0,0.0,0.0,0.0,square,0,0.2,0.25,3,6,13.289905071258545,0.0
1779527838.285445,0.1989675347273536,0.0,0.0,0.0,0.0,0.0,0.1584,1.3068,-0.4752,0.2,0.0,0.0,0.1989675347273536,0.0,0.0,0.0020777729190408684,0.0,0.0020777729190408684,square,0,0.2,0.25,3,6,13.299971103668213,0.0
1779527838.2954252,0.1989675347273536,0.0,0.0,0.0020777729190408684,0.0,0.0020777729190408684,0.2376,1.3068,-0.5148,0.2,0.0,0.0,0.1989675347273536,0.0,0.0,0.0020777729190408684,0.0,-0.0020777729190408684,square,0,0.2,0.25,3,6,13.309931755065918,0.0
1779527838.3054442,0.1989675347273536,0.0,0.0,0.0020777729190408684,0.0,-0.0020777729190408684,0.198,1.4652,-0.396,0.2,0.0,0.0,0.1989675347273536,0.0,0.0,0.0020777729190408684,0.0,-0.004155545838081737,square,0,0.2,0.25,3,6,13.31991195678711,0.0
1779527838.317672,0.1989675347273536,0.0,0.0,0.0020777729190408684,0.0,-0.004155545838081737,0.27720000000000006,1.4652,-0.5544000000000001,0.2,0.0,0.0,0.1989675347273536,0.0,0.0,0.0,0.0,0.0,square,0,0.2,0.25,3,6,13.329931020736694,0.0
1779527838.3255088,0.1989675347273536,0.0,0.0,0.0,0.0,0.0,0.2376,1.4652,-0.4752,0.2,0.0,0.0,0.1989675347273536,0.0,0.0,0.0,0.0,0.0,square,0,0.2,0.25,3,6,13.342158794403076,0.0
1779527838.335446,0.1989675347273536,0.0,0.0,0.0,0.0,0.0,0.1584,1.4255999999999998,-0.5940000000000001,0.2,0.0,0.0,0.1989675347273536,0.0,0.0,0.0,0.0,0.0,square,0,0.2,0.25,3,6,13.349995613098145,0.0
1779527838.3454442,0.1989675347273536,0.0,0.0,0.0,0.0,0.0,0.198,1.3068,-0.5148,0.2,0.0,0.0,0.1989675347273536,0.0,0.0,0.0,0.0,0.0,square,0,0.2,0.25,3,6,13.359932661056519,0.0
1779527838.3554897,0.1989675347273536,0.0,0.0,0.0,0.0,0.0,0.2376,1.3068,-0.4752,0.2,0.0,0.0,0.1989675347273536,0.0,0.0,0.0020777729190408684,0.0,0.0,square,0,0.2,0.25,3,6,13.369930982589722,0.0
1779527838.3664258,0.1989675347273536,0.0,0.0,0.0020777729190408684,0.0,0.0,0.2376,1.3068,-0.4356,0.2,0.0,0.0,0.1989675347273536,0.0,0.0,0.0,0.0,0.0020777729190408684,square,0,0.2,0.25,3,6,13.379976511001587,0.0
1779527838.3760083,0.1989675347273536,0.0,0.0,0.0,0.0,0.0020777729190408684,0.198,1.4652,0.5544000000000001,0.2,0.0,0.0,0.1989675347273536,0.0,0.0,0.0,0.0,0.0,square,0,0.2,0.25,3,6,13.390912532806396,0.0
1779527838.3860505,0.1989675347273536,0.0,0.0,0.0,0.0,0.0,0.198,1.3068,-0.4752,0.2,0.0,0.0,0.1989675347273536,0.0,0.0,0.0,0.0020777729190408684,0.0,square,0,0.2,0.25,3,6,13.400495052337646,0.0
1779527838.3975115,0.1989675347273536,0.0,0.0,0.0,0.0020777729190408684,0.0,0.2376,1.2276,0.35639999999999994,0.2,0.0,0.0,0.1989675347273536,0.0,0.0,0.0020777729190408684,0.0,0.0,square,0,0.2,0.25,3,6,13.410537242889404,0.0
1779527838.4058437,0.1989675347273536,0.0,0.0,0.0020777729190408684,0.0,0.0,0.198,1.4255999999999998,-0.4752,0.2,0.0,0.0,0.1989675347273536,0.0,0.0,0.0,0.0,0.0,square,0,0.2,0.25,3,6,13.421998262405396,0.0
1779527838.4165196,0.1989675347273536,0.0,0.0,0.0,0.0,0.0,0.2376,1.3860000000000001,-0.5940000000000001,0.2,0.0,0.0,0.1989675347273536,0.0,0.0,0.0,0.0,0.0,square,0,0.2,0.25,3,6,13.430330514907837,0.0
1779527838.4268706,0.1989675347273536,0.0,0.0,0.0,0.0,0.0,0.198,1.3464,-0.5148,0.2,0.0,0.0,0.1989675347273536,0.0,0.0,0.0,0.0,0.0,square,0,0.2,0.25,3,6,13.441006422042847,0.0
1779527838.4355612,0.1989675347273536,0.0,0.0,0.0,0.0,0.0,0.2376,1.3068,-0.4356,0.2,0.0,0.0,0.1989675347273536,0.0,0.0,0.0,0.0,0.0,square,0,0.2,0.25,3,6,13.451357364654541,0.0
1779527838.4454205,0.1989675347273536,0.0,0.0,0.0,0.0,0.0,0.198,1.4255999999999998,0.4752,0.2,0.0,0.0,0.1989675347273536,0.0,0.0,0.0,0.0,0.0,square,0,0.2,0.25,3,6,13.460047960281372,0.0
1779527838.4554386,0.1989675347273536,0.0,0.0,0.0,0.0,0.0,0.2376,1.3464,-0.4752,0.2,0.0,0.0,0.1989675347273536,0.0,0.0,-0.0020777729190408684,0.0,0.0,square,0,0.2,0.25,3,6,13.469907283782959,0.0
1779527838.4661415,0.1989675347273536,0.0,0.0,-0.0020777729190408684,0.0,0.0,0.2376,1.2672,-0.4356,0.2,0.0,0.0,0.1989675347273536,0.0,0.0,0.0,0.0,0.0,square,0,0.2,0.25,3,6,13.479925394058228,0.0
1779527838.4755397,0.1989675347273536,0.0,0.0,0.0,0.0,0.0,0.198,1.3464,-0.3168,0.2,0.0,0.0,0.1989675347273536,0.0,0.0,0.0,0.0,0.0,square,0,0.2,0.25,3,6,13.490628242492676,0.0
1779527838.4854228,0.1989675347273536,0.0,0.0,0.0,0.0,0.0,0.198,1.3464,-0.3168,0.2,0.0,0.0,0.1989675347273536,0.0,0.0,0.0,-0.0020777729190408684,0.0,square,0,0.2,0.25,3,6,13.50002646446228,0.0
1779527838.4954133,0.1989675347273536,0.0,0.0,0.0,-0.0020777729190408684,0.0,0.27720000000000006,1.4652,-0.3168,0.2,0.0,0.0,0.1989675347273536,0.0,0.0,0.0,0.0,0.0,square,0,0.2,0.25,3,6,13.509909629821777,0.0
1779527838.5054238,0.1989675347273536,0.0,0.0,0.0,0.0,0.0,0.1584,1.4255999999999998,-0.4356,0.2,0.0,0.0,0.1989675347273536,0.0,0.0,0.0,0.0,0.0,square,0,0.2,0.25,3,6,13.51990008354187,0.0
1779527838.5154166,0.1989675347273536,0.0,0.0,0.0,0.0,0.0,0.2376,1.3464,-0.396,0.2,0.0,0.0,0.1989675347273536,0.0,0.0,0.0,0.0,0.0,square,0,0.2,0.25,3,6,13.529910564422607,0.0
1779527838.5254166,0.1989675347273536,0.0,0.0,0.0,0.0,0.0,0.1584,1.4652,-0.4356,0.2,0.0,0.0,0.1989675347273536,0.0,0.0,0.0,0.0020777729190408684,0.0,square,0,0.2,0.25,3,6,13.539903402328491,0.0
1779527838.535414,0.1989675347273536,0.0,0.0,0.0,0.0020777729190408684,0.0,0.198,1.3464,-0.3168,0.2,0.0,0.0,0.1989675347273536,0.0,0.0,0.0,0.0,0.0,square,0,0.2,0.25,3,6,13.549903392791748,0.0
1779527838.5463967,0.1989675347273536,0.0,0.0,0.0,0.0,0.0,0.198,1.2672,-0.2376,0.2,0.0,0.0,0.1989675347273536,0.0,0.0,0.0,0.0,0.0,square,0,0.2,0.25,3,6,13.559900760650635,0.0
1779527838.5554187,0.1989675347273536,0.0,0.0,0.0,0.0,0.0,0.198,1.3860000000000001,-0.4356,0.2,0.0,0.0,0.1989675347273536,0.0,0.0,0.0,0.0,0.0,square,0,0.2,0.25,3,6,13.570883512496948,0.0
1779527838.565538,0.1989675347273536,0.0,0.0,0.0,0.0,0.0,0.198,1.3860000000000001,-0.35639999999999994,0.2,0.0,0.0,0.1989675347273536,0.0,0.0,0.0,0.0020777729190408684,0.0,square,0,0.2,0.25,3,6,13.57990550994873,0.0
1779527838.5754173,0.1989675347273536,0.0,0.0,0.0,0.0020777729190408684,0.0,0.2376,1.4255999999999998,-0.5148,0.2,0.0,0.0,0.1989675347273536,0.0,0.0,0.0020777729190408684,0.0,0.0,square,0,0.2,0.25,3,6,13.590024709701538,0.0
1779527838.5855138,0.1989675347273536,0.0,0.0,0.0020777729190408684,0.0,0.0,0.198,1.4255999999999998,-0.396,0.2,0.0,0.0,0.1989675347273536,0.0,0.0,0.0,0.0,0.0,square,0,0.2,0.25,3,6,13.59990406036377,0.0
1779527838.5954635,0.1989675347273536,0.0,0.0,0.0,0.0,0.0,0.27720000000000006,1.3464,-0.5148,0.2,0.0,0.0,0.1989675347273536,0.0,0.0,0.0,0.0020777729190408684,0.0,square,0,0.2,0.25,3,6,13.610000610351562,0.0
1779527838.6054146,0.1989675347273536,0.0,0.0,0.0,0.0020777729190408684,0.0,0.2376,1.4652,-0.396,0.2,0.0,0.0,0.1989675347273536,0.0,0.0,0.0,0.0,-0.0020777729190408684,square,0,0.2,0.25,3,6,13.619950294494629,0.0
1779527838.6154156,0.1989675347273536,0.0,0.0,0.0,0.0,-0.0020777729190408684,0.2376,1.4255999999999998,-0.5148,0.2,0.0,0.0,0.1989675347273536,0.0,0.0,0.0,0.0,0.0,square,0,0.2,0.25,3,6,13.62990140914917,0.0
1779527838.6254406,0.1989675347273536,0.0,0.0,0.0,0.0,0.0,0.2376,1.3860000000000001,0.4752,0.2,0.0,0.0,0.1989675347273536,0.0,0.0,-0.0020777729190408684,0.0,0.0,square,0,0.2,0.25,3,6,13.639902353286743,0.0
1779527838.635451,0.1989675347273536,0.0,0.0,-0.0020777729190408684,0.0,0.0,0.198,1.3464,-0.5148,0.2,0.0,0.0,0.1989675347273536,0.0,0.0,0.0,0.0,0.0,square,0,0.2,0.25,3,6,13.649927377700806,0.0
1779527838.6454146,0.1989675347273536,0.0,0.0,0.0,0.0,0.0,0.198,1.4255999999999998,-0.35639999999999994,0.2,0.0,0.0,0.1989675347273536,0.0,0.0,0.0,0.0020777729190408684,0.0,square,0,0.2,0.25,3,6,13.659937858581543,0.0
1779527838.6554732,0.1989675347273536,0.0,0.0,0.0,0.0020777729190408684,0.0,0.198,1.4652,-0.3168,0.2,0.0,0.0,0.1989675347273536,0.0,0.0,0.0,-0.0020777729190408684,0.0,square,0,0.2,0.25,3,6,13.669901371002197,0.0
1779527838.6654613,0.1989675347273536,0.0,0.0,0.0,-0.0020777729190408684,0.0,0.198,1.4255999999999998,-0.5148,0.2,0.0,0.0,0.1989675347273536,0.0,0.0,0.0,0.0,0.0,square,0,0.2,0.25,3,6,13.679960012435913,0.0
1779527838.675531,0.1989675347273536,0.0,0.0,0.0,0.0,0.0,0.2376,1.5444,-0.5148,0.2,0.0,0.0,0.1989675347273536,0.0,0.0,0.0,0.0,0.0,square,0,0.2,0.25,3,6,13.689948081970215,0.0
1779527838.6854424,0.1989675347273536,0.0,0.0,0.0,0.0,0.0,0.2376,1.5444,-0.5148,0.2,0.0,0.0,0.1989675347273536,0.0,0.0,0.0,0.0,0.0,square,0,0.2,0.25,3,6,13.70001769065857,0.0
1779527838.695421,0.1989675347273536,0.0,0.0,0.0,0.0,0.0,0.2376,1.3068,-0.2376,0.2,0.0,0.0,0.1989675347273536,0.0,0.0,0.0,0.0,-0.0020777729190408684,square,0,0.2,0.25,3,6,13.70992922782898,0.0
1779527838.705415,0.1989675347273536,0.0,0.0,0.0,0.0,-0.0020777729190408684,0.3168,1.2672,-0.35639999999999994,0.2,0.0,0.0,0.1989675347273536,0.0,0.0,0.0,0.0,-0.0020777729190408684,square,0,0.2,0.25,3,6,13.719907760620117,0.0
1779527838.7154255,0.1989675347273536,0.0,0.0,0.0,0.0,-0.0020777729190408684,0.198,1.3068,-0.396,0.2,0.0,0.0,0.1989675347273536,0.0,0.0,0.0,0.0,0.0,square,0,0.2,0.25,3,6,13.729901790618896,0.0
1779527838.7254136,0.1989675347273536,0.0,0.0,0.0,0.0,0.0,0.1584,1.3464,-0.4752,0.2,0.0,0.0,0.1989675347273536,0.0,0.0,0.0,0.0,-0.0020777729190408684,square,0,0.2,0.25,3,6,13.739912271499634,0.0
1779527838.735418,0.1989675347273536,0.0,0.0,0.0,0.0,-0.0020777729190408684,0.198,1.3860000000000001,-0.4356,0.2,0.0,0.0,0.1989675347273536,0.0,0.0,0.0,0.0,-0.0020777729190408684,square,0,0.2,0.25,3,6,13.749900341033936,0.0
1779527838.7454166,0.1989675347273536,0.0,0.0,0.0,0.0,-0.0020777729190408684,0.198,1.3464,-0.35639999999999994,0.2,0.0,0.0,0.1989675347273536,0.0,0.0,0.0,0.0,0.0,square,0,0.2,0.25,3,6,13.759904861450195,0.0
1779527838.7554193,0.1989675347273536,0.0,0.0,0.0,0.0,0.0,0.2376,1.3860000000000001,0.396,0.2,0.0,0.0,0.1989675347273536,0.0,0.0,0.0,0.0,0.0020777729190408684,square,0,0.2,0.25,3,6,13.769903421401978,0.0
1779527838.7654777,0.1989675347273536,0.0,0.0,0.0,0.0,0.0020777729190408684,0.27720000000000006,1.4652,-0.4752,0.2,0.0,0.0,0.1989675347273536,0.0,0.0,0.0,0.0,0.0,square,0,0.2,0.25,3,6,13.779906034469604,0.0
1779527838.7754977,0.1989675347273536,0.0,0.0,0.0,0.0,0.0,0.2376,1.3464,-0.4356,0.2,0.0,0.0,0.1989675347273536,0.0,0.0,0.0020777729190408684,0.0,0.0,square,0,0.2,0.25,3,6,13.789964437484741,0.0
1779527838.7875571,0.1989675347273536,0.0,0.0,0.0020777729190408684,0.0,0.0,0.27720000000000006,1.4255999999999998,-0.3168,0.2,0.0,0.0,0.1989675347273536,0.0,0.0,0.0020777729190408684,0.0,0.0,square,0,0.2,0.25,3,6,13.799984455108643,0.0
1779527838.7955287,0.1989675347273536,0.0,0.0,0.0020777729190408684,0.0,0.0,0.27720000000000006,1.4255999999999998,-0.3168,0.2,0.0,0.0,0.1989675347273536,0.0,0.0,0.0,0.0,0.0,square,0,0.2,0.25,3,6,13.812043905258179,0.0
1779527838.8054295,0.1989675347273536,0.0,0.0,0.0,0.0,0.0,0.27720000000000006,1.4255999999999998,-0.27720000000000006,0.2,0.0,0.0,0.1989675347273536,0.0,0.0,0.0,0.0,0.0,square,0,0.2,0.25,3,6,13.82001543045044,0.0
1779527838.8155584,0.1989675347273536,0.0,0.0,0.0,0.0,0.0,0.2376,1.4255999999999998,-0.35639999999999994,0.2,0.0,0.0,0.1989675347273536,0.0,0.0,0.0,0.0,0.0,square,0,0.2,0.25,3,6,13.82991623878479,0.0
1779527838.8257902,0.1989675347273536,0.0,0.0,0.0,0.0,0.0,0.27720000000000006,1.5048000000000001,-0.396,0.2,0.0,0.0,0.1989675347273536,0.0,0.0,0.0,0.0,0.0,square,0,0.2,0.25,3,6,13.84004521369934,0.0
1779527838.8354335,0.1989675347273536,0.0,0.0,0.0,0.0,0.0,0.2376,1.3464,-0.3168,0.2,0.0,0.0,0.1989675347273536,0.0,0.0,0.0,0.0,0.0,square,0,0.2,0.25,3,6,13.850276947021484,0.0
1779527838.845457,0.1989675347273536,0.0,0.0,0.0,0.0,0.0,0.2376,1.2672,-0.4752,0.2,0.0,0.0,0.1989675347273536,0.0,0.0,0.0,0.0,0.0,square,0,0.2,0.25,3,6,13.859920263290405,0.0
1779527838.855557,0.1989675347273536,0.0,0.0,0.0,0.0,0.0,0.2376,1.2672,-0.27720000000000006,0.2,0.0,0.0,0.1989675347273536,0.0,0.0,0.0,0.0,0.0,square,0,0.2,0.25,3,6,13.869943857192993,0.0
1779527838.8655667,0.1989675347273536,0.0,0.0,0.0,0.0,0.0,0.2376,1.3860000000000001,-0.1188,0.2,0.0,0.0,0.1989675347273536,0.0,0.0,0.0,0.0,0.0,square,0,0.2,0.25,3,6,13.880043745040894,0.0
1779527838.8754268,0.1989675347273536,0.0,0.0,0.0,0.0,0.0,0.27720000000000006,1.5048000000000001,-0.2376,0.2,0.0,0.0,0.1989675347273536,0.0,0.0,0.0,-0.0020777729190408684,0.0020777729190408684,square,0,0.2,0.25,3,6,13.890053510665894,0.0
1779527838.8859282,0.1989675347273536,0.0,0.0,0.0,-0.0020777729190408684,0.0020777729190408684,0.27720000000000006,1.3860000000000001,-0.6336,0.2,0.0,0.0,0.1989675347273536,0.0,0.0,0.0,-0.0020777729190408684,0.0020777729190408684,square,0,0.2,0.25,3,6,13.899913549423218,0.0
1779527838.8966808,0.1989675347273536,0.0,0.0,0.0,-0.0020777729190408684,0.0020777729190408684,0.27720000000000006,1.3860000000000001,-0.6336,0.2,0.0,0.0,0.1989675347273536,0.0,0.0,0.0,0.0,0.0,square,0,0.2,0.25,3,6,13.910414934158325,0.0
1779527838.90578,0.1989675347273536,0.0,0.0,0.0,0.0,0.0,0.2376,1.5048000000000001,-0.35639999999999994,0.2,0.0,0.0,0.1989675347273536,0.0,0.0,0.0,0.0,0.0,square,0,0.2,0.25,3,6,13.921167612075806,0.0
1779527838.9155734,0.1989675347273536,0.0,0.0,0.0,0.0,0.0,0.2376,1.5048000000000001,-0.4752,0.2,0.0,0.0,0.1989675347273536,0.0,0.0,0.0,0.0,0.0,square,0,0.2,0.25,3,6,13.930266857147217,0.0
1779527838.9255552,0.1989675347273536,0.0,0.0,0.0,0.0,0.0,0.198,1.3860000000000001,-0.35639999999999994,0.2,0.0,0.0,0.1989675347273536,0.0,0.0,0.0,0.0,0.0,square,0,0.2,0.25,3,6,13.940060138702393,0.0
1779527838.935483,0.1989675347273536,0.0,0.0,0.0,0.0,0.0,0.198,1.3860000000000001,-0.35639999999999994,0.2,0.0,0.0,0.1989675347273536,0.0,0.0,0.0,0.0,0.0,square,0,0.2,0.25,3,6,13.950042009353638,0.0
1779527838.945519,0.1989675347273536,0.0,0.0,0.0,0.0,0.0,0.3168,1.5048000000000001,0.27720000000000006,0.2,0.0,0.0,0.1989675347273536,0.0,0.0,0.0,0.0,0.0,square,0,0.2,0.25,3,6,13.959969758987427,0.0
1779527838.9554486,0.1989675347273536,0.0,0.0,0.0,0.0,0.0,0.27720000000000006,1.3068,-0.5544000000000001,0.2,0.0,0.0,0.1989675347273536,0.0,0.0,0.0020777729190408684,0.0,-0.0020777729190408684,square,0,0.2,0.25,3,6,13.970005750656128,0.0
1779527838.9655733,0.1989675347273536,0.0,0.0,0.0020777729190408684,0.0,-0.0020777729190408684,0.3168,1.4652,-0.2376,0.2,0.0,0.0,0.1989675347273536,0.0,0.0,0.0,0.0,0.0020777729190408684,square,0,0.2,0.25,3,6,13.97993540763855,0.0
1779527838.9754708,0.1989675347273536,0.0,0.0,0.0,0.0,0.0020777729190408684,0.27720000000000006,1.4255999999999998,-0.396,0.2,0.0,0.0,0.1989675347273536,0.0,0.0,0.0,0.0020777729190408684,0.0,square,0,0.2,0.25,3,6,13.990060091018677,0.0
1779527838.9857163,0.1989675347273536,0.0,0.0,0.0,0.0020777729190408684,0.0,0.27720000000000006,1.4255999999999998,-0.27720000000000006,0.2,0.0,0.0,0.1989675347273536,0.0,0.0,0.0,0.0,0.0,square,0,0.2,0.25,3,6,13.99995756149292,0.0
1779527838.9955556,0.1989675347273536,0.0,0.0,0.0,0.0,0.0,0.2376,1.2672,-0.1584,-0.2,0.0,0.0,0.1989675347273536,0.0,0.0,-0.0020777729190408684,0.0,-0.0020777729190408684,square,0,0.2,0.25,3,6,14.010203123092651,0.0
1779527839.0054145,0.1989675347273536,0.0,0.0,-0.0020777729190408684,0.0,-0.0020777729190408684,0.198,1.4255999999999998,-0.35639999999999994,-0.2,0.0,0.0,0.1989675347273536,0.0,0.0,0.0,0.0,0.0,square,0,0.2,0.25,3,6,14.020042419433594,0.0
1779527839.0154166,0.1989675347273536,0.0,0.0,0.0,0.0,0.0,0.2376,1.5048000000000001,-0.4356,-0.2,0.0,0.0,0.19722220547535924,0.0,0.0,-0.19946620022792336,0.0,-0.0020777729190408684,square,0,0.2,0.25,3,6,14.029901266098022,0.0
1779527839.025487,0.19722220547535924,0.0,0.0,-0.19946620022792336,0.0,-0.0020777729190408684,13.1868,0.9107999999999999,-0.4356,-0.2,0.0,0.0,0.1762782544514273,0.0,0.0,-1.7598736624276154,-0.004155545838081737,0.0,square,0,0.2,0.25,3,6,14.039903402328491,0.0
1779527839.035417,0.1762782544514273,0.0,0.0,-1.7598736624276154,-0.004155545838081737,0.0,4.4748,1.2672,-0.0792,-0.2,0.0,0.0,0.14137166941154067,0.0,0.0,-3.156137064023079,-0.008311091676163474,0.0020777729190408684,square,0,0.2,0.25,3,6,14.049973726272583,0.0
1779527839.0454447,0.14137166941154067,0.0,0.0,-3.156137064023079,-0.008311091676163474,0.0020777729190408684,6.4548000000000005,0.6336,-3.0096000000000003,-0.2,0.0,0.0,0.10122909661567113,0.0,0.0,-3.8147910793590345,0.0,-0.006233318757122605,square,0,0.2,0.25,3,6,14.059903860092163,0.0
1779527839.0554147,0.10122909661567113,0.0,0.0,-3.8147910793590345,0.0,-0.006233318757122605,6.692399999999999,1.0692,-2.0592,-0.2,0.0,0.0,0.05585053606381855,0.0,0.0,-4.323845444524047,0.0,0.006233318757122605,square,0,0.2,0.25,3,6,14.069931507110596,0.0
1779527839.065426,0.05585053606381855,0.0,0.0,-4.323845444524047,0.0,0.006233318757122605,1.782,1.3068,1.5048000000000001,-0.2,0.0,0.0,0.012217304763960306,0.0,0.0,-4.415267452961845,0.006233318757122605,0.004155545838081737,square,0,0.2,0.25,3,6,14.079901456832886,0.0
1779527839.0755653,0.012217304763960306,0.0,0.0,-4.415267452961845,0.006233318757122605,0.004155545838081737,-0.4356,1.6632,-1.1880000000000002,-0.2,0.0,0.0,-0.02617993877991494,0.0,0.0,-3.9560796378538132,0.008311091676163474,0.0020777729190408684,square,0,0.2,0.25,3,6,14.08991289138794,0.0
1779527839.0854225,-0.02617993877991494,0.0,0.0,-3.9560796378538132,0.008311091676163474,0.0020777729190408684,-0.7524000000000001,2.4948,0.5148,-0.2,0.0,0.0,-0.05759586531581287,0.0,0.0,-3.3701476746842887,0.010388864595204342,-0.0020777729190408684,square,0,0.2,0.25,3,6,14.100052118301392,0.0
1779527839.095418,-0.05759586531581287,0.0,0.0,-3.3701476746842887,0.010388864595204342,-0.0020777729190408684,-2.6136,2.2967999999999997,-0.1188,-0.2,0.0,0.0,-0.08552113334772216,0.0,0.0,-2.856937763681194,0.0,-0.006233318757122605,square,0,0.2,0.25,3,6,14.109909296035767,0.0
1779527839.1054173,-0.08552113334772216,0.0,0.0,-2.856937763681194,0.0,-0.006233318757122605,-3.8412,1.98,0.1188,-0.2,0.0,0.0,-0.10821041362364843,0.0,0.0,-2.3624278089494672,-0.010388864595204342,-0.0020777729190408684,square,0,0.2,0.25,3,6,14.11990475654602,0.0
1779527839.1155012,-0.10821041362364843,0.0,0.0,-2.3624278089494672,-0.010388864595204342,-0.0020777729190408684,-4.356000000000001,1.8612000000000002,-1.3068,-0.2,0.0,0.0,-0.12566370614359174,0.0,0.0,-1.9011622209223946,-0.02493327502849042,0.0,square,0,0.2,0.25,3,6,14.12990403175354,0.0
1779527839.125597,-0.12566370614359174,0.0,0.0,-1.9011622209223946,-0.02493327502849042,0.0,-2.0196,1.0692,-1.5048000000000001,-0.2,0.0,0.0,-0.14137166941154067,0.0,0.0,-1.5209297767379157,-0.031166593785613025,0.0020777729190408684,square,0,0.2,0.25,3,6,14.13998794555664,0.0
1779527839.1354184,-0.14137166941154067,0.0,0.0,-1.5209297767379157,-0.031166593785613025,0.0020777729190408684,-0.3168,0.3168,-0.792,-0.2,0.0,0.0,-0.1518436449235067,0.0,0.0,-1.2217304763960306,-0.008311091676163474,0.0,square,0,0.2,0.25,3,6,14.150083780288696,0.0
1779527839.145417,-0.1518436449235067,0.0,0.0,-1.2217304763960306,-0.008311091676163474,0.0,0.4752,-0.5544000000000001,-0.5544000000000001,-0.2,0.0,0.0,-0.16231562043547265,0.0,0.0,-1.0056420928157803,0.008311091676163474,0.0,square,0,0.2,0.25,3,6,14.159905195236206,0.0
1779527839.1555,-0.16231562043547265,0.0,0.0,-1.0056420928157803,0.008311091676163474,0.0,0.396,0.99,-0.0396,-0.2,0.0,0.0,-0.16929693744344998,0.0,0.0,-0.8352647134544291,0.010388864595204342,0.0,square,0,0.2,0.25,3,6,14.169903755187988,0.0
1779527839.165417,-0.16929693744344998,0.0,0.0,-0.8352647134544291,0.010388864595204342,0.0,-0.0792,1.1088000000000002,0.0,-0.2,0.0,0.0,-0.1762782544514273,0.0,0.0,-0.6877428362025274,0.029088820866572156,0.0020777729190408684,square,0,0.2,0.25,3,6,14.179986715316772,0.0
1779527839.1754205,-0.1762782544514273,0.0,0.0,-0.6877428362025274,0.029088820866572156,0.0020777729190408684,0.0396,1.7028,-0.3168,-0.2,0.0,0.0,-0.18151424220741028,0.0,0.0,-0.552687596464871,0.020777729190408684,0.0,square,0,0.2,0.25,3,6,14.189903736114502,0.0
1779527839.1854224,-0.18151424220741028,0.0,0.0,-0.552687596464871,0.020777729190408684,0.0,-0.198,1.8215999999999999,-0.5940000000000001,-0.2,0.0,0.0,-0.18500490071139894,0.0,0.0,-0.4280212213224189,0.008311091676163474,0.0,square,0,0.2,0.25,3,6,14.199907302856445,0.0
1779527839.195413,-0.18500490071139894,0.0,0.0,-0.4280212213224189,0.008311091676163474,0.0,0.1584,1.4255999999999998,-0.198,-0.2,0.0,0.0,-0.18500490071139894,0.0,0.0,-0.4280212213224189,0.008311091676163474,0.0,square,0,0.2,0.25,3,6,14.209909200668335,0.0
1779527839.2054155,-0.18500490071139894,0.0,0.0,-0.4280212213224189,0.008311091676163474,0.0,0.1584,1.4255999999999998,-0.198,-0.2,0.0,0.0,-0.19198621771937624,0.0,0.0,-0.29296598158476245,0.0,-0.0020777729190408684,square,0,0.2,0.25,3,6,14.219899892807007,0.0
1779527839.2154367,-0.19198621771937624,0.0,0.0,-0.29296598158476245,0.0,-0.0020777729190408684,-0.35639999999999994,1.3860000000000001,0.1188,-0.2,0.0,0.0,-0.1937315469713706,0.0,0.0,-0.22855502109449552,-0.0020777729190408684,-0.004155545838081737,square,0,0.2,0.25,3,6,14.229902267456055,0.0
1779527839.2254605,-0.1937315469713706,0.0,0.0,-0.22855502109449552,-0.0020777729190408684,-0.004155545838081737,-0.4752,1.1483999999999999,0.4356,-0.2,0.0,0.0,-0.1954768762233649,0.0,0.0,-0.17245515228039207,-0.004155545838081737,0.0020777729190408684,square,0,0.2,0.25,3,6,14.239923477172852,0.0
1779527839.2354128,-0.1954768762233649,0.0,0.0,-0.17245515228039207,-0.004155545838081737,0.0020777729190408684,-0.5544000000000001,1.0296,-0.27720000000000006,-0.2,0.0,0.0,-0.1954768762233649,0.0,0.0,-0.12882192098053383,-0.008311091676163474,0.004155545838081737,square,0,0.2,0.25,3,6,14.249947309494019,0.0
1779527839.2454147,-0.1954768762233649,0.0,0.0,-0.12882192098053383,-0.008311091676163474,0.004155545838081737,-0.5940000000000001,0.8316,-0.5544000000000001,-0.2,0.0,0.0,-0.19722220547535924,0.0,0.0,-0.09142200843779821,-0.008311091676163474,0.0,square,0,0.2,0.25,3,6,14.259899616241455,0.0
1779527839.255433,-0.19722220547535924,0.0,0.0,-0.09142200843779821,-0.008311091676163474,0.0,-0.2376,0.8712,-0.35639999999999994,-0.2,0.0,0.0,-0.19722220547535924,0.0,0.0,-0.05194432297602171,-0.0020777729190408684,0.0,square,0,0.2,0.25,3,6,14.269901514053345,0.0
1779527839.2655656,-0.19722220547535924,0.0,0.0,-0.05194432297602171,-0.0020777729190408684,0.0,0.4752,0.99,-0.4752,-0.2,0.0,0.0,-0.1989675347273536,0.0,0.0,-0.05402209589506258,0.0020777729190408684,0.0,square,0,0.2,0.25,3,6,14.279919862747192,0.0
1779527839.275436,-0.1989675347273536,0.0,0.0,-0.05402209589506258,0.0020777729190408684,0.0,-0.1188,1.1088000000000002,-0.3168,-0.2,0.0,0.0,-0.1989675347273536,0.0,0.0,-0.031166593785613025,0.004155545838081737,0.0,square,0,0.2,0.25,3,6,14.29005241394043,0.0
1779527839.285429,-0.1989675347273536,0.0,0.0,-0.031166593785613025,0.004155545838081737,0.0,0.198,1.2276,0.2376,-0.2,0.0,0.0,-0.1989675347273536,0.0,0.0,-0.02493327502849042,0.006233318757122605,0.0,square,0,0.2,0.25,3,6,14.299922704696655,0.0
1779527839.2954133,-0.1989675347273536,0.0,0.0,-0.02493327502849042,0.006233318757122605,0.0,0.198,1.3464,0.396,-0.2,0.0,0.0,-0.1989675347273536,0.0,0.0,-0.018699956271367814,0.006233318757122605,0.0,square,0,0.2,0.25,3,6,14.309915781021118,0.0
1779527839.30547,-0.1989675347273536,0.0,0.0,-0.018699956271367814,0.006233318757122605,0.0,0.198,1.4652,-0.2376,-0.2,0.0,0.0,-0.1989675347273536,0.0,0.0,-0.008311091676163474,0.0020777729190408684,0.0,square,0,0.2,0.25,3,6,14.319900035858154,0.0
1779527839.3155475,-0.1989675347273536,0.0,0.0,-0.008311091676163474,0.0020777729190408684,0.0,0.35639999999999994,1.5048000000000001,-0.396,-0.2,0.0,0.0,-0.1989675347273536,0.0,0.0,-0.006233318757122605,0.0020777729190408684,0.0,square,0,0.2,0.25,3,6,14.329956769943237,0.0
1779527839.325507,-0.1989675347273536,0.0,0.0,-0.006233318757122605,0.0020777729190408684,0.0,0.3168,1.3860000000000001,-0.35639999999999994,-0.2,0.0,0.0,-0.1989675347273536,0.0,0.0,-0.010388864595204342,0.0,0.0,square,0,0.2,0.25,3,6,14.340034246444702,0.0
1779527839.335378,-0.1989675347273536,0.0,0.0,-0.010388864595204342,0.0,0.0,0.1188,1.3068,-0.198,-0.2,0.0,0.0,-0.1989675347273536,0.0,0.0,-0.006233318757122605,-0.004155545838081737,0.0,square,0,0.2,0.25,3,6,14.349993705749512,0.0
1779527839.346525,-0.1989675347273536,0.0,0.0,-0.006233318757122605,-0.004155545838081737,0.0,-0.0792,1.2672,-0.35639999999999994,-0.2,0.0,0.0,-0.1989675347273536,0.0,0.0,-0.006233318757122605,-0.004155545838081737,0.0,square,0,0.2,0.25,3,6,14.359864711761475,0.0
1779527839.3554225,-0.1989675347273536,0.0,0.0,-0.006233318757122605,-0.004155545838081737,0.0,-0.0792,1.2672,-0.35639999999999994,-0.2,0.0,0.0,-0.1989675347273536,0.0,0.0,0.0,-0.0020777729190408684,0.0,square,0,0.2,0.25,3,6,14.371011734008789,0.0
1779527839.3655446,-0.1989675347273536,0.0,0.0,0.0,-0.0020777729190408684,0.0,-0.1584,1.1880000000000002,-0.396,-0.2,0.0,0.0,-0.1989675347273536,0.0,0.0,0.0,-0.0020777729190408684,0.0,square,0,0.2,0.25,3,6,14.37990927696228,0.0
1779527839.3755622,-0.1989675347273536,0.0,0.0,0.0,-0.0020777729190408684,0.0,-0.1584,1.1880000000000002,-0.396,-0.2,0.0,0.0,-0.1989675347273536,0.0,0.0,-0.0020777729190408684,0.0,0.0020777729190408684,square,0,0.2,0.25,3,6,14.390031337738037,0.0
1779527839.385543,-0.1989675347273536,0.0,0.0,-0.0020777729190408684,0.0,0.0020777729190408684,-0.0396,1.3068,-0.2376,-0.2,0.0,0.0,-0.1989675347273536,0.0,0.0,-0.0020777729190408684,0.0020777729190408684,0.0,square,0,0.2,0.25,3,6,14.400048971176147,0.0
1779527839.3960397,-0.1989675347273536,0.0,0.0,-0.0020777729190408684,0.0020777729190408684,0.0,-0.0792,1.3464,-0.1188,-0.2,0.0,0.0,-0.1989675347273536,0.0,0.0,0.0,0.0020777729190408684,0.0,square,0,0.2,0.25,3,6,14.410029888153076,0.0
1779527839.40566,-0.1989675347273536,0.0,0.0,0.0,0.0020777729190408684,0.0,-0.0792,1.3464,-0.1584,-0.2,0.0,0.0,-0.1989675347273536,0.0,0.0,0.0,0.0020777729190408684,0.0,square,0,0.2,0.25,3,6,14.420526504516602,0.0
1779527839.4158947,-0.1989675347273536,0.0,0.0,0.0,0.0020777729190408684,0.0,-0.0792,1.3464,-0.1584,-0.2,0.0,0.0,-0.1989675347273536,0.0,0.0,0.0020777729190408684,0.0020777729190408684,0.0,square,0,0.2,0.25,3,6,14.43014669418335,0.0
1779527839.4262385,-0.1989675347273536,0.0,0.0,0.0020777729190408684,0.0020777729190408684,0.0,0.0,1.4652,-0.1584,-0.2,0.0,0.0,-0.1989675347273536,0.0,0.0,0.0020777729190408684,0.0,0.0,square,0,0.2,0.25,3,6,14.440381526947021,0.0
1779527839.43555,-0.1989675347273536,0.0,0.0,0.0020777729190408684,0.0,0.0,0.0396,1.2276,-0.27720000000000006,-0.2,0.0,0.0,-0.1989675347273536,0.0,0.0,0.004155545838081737,0.0,0.0,square,0,0.2,0.25,3,6,14.450725317001343,0.0
1779527839.4460545,-0.1989675347273536,0.0,0.0,0.004155545838081737,0.0,0.0,0.0,1.4255999999999998,-0.198,-0.2,0.0,0.0,-0.1989675347273536,0.0,0.0,0.004155545838081737,0.0,0.0,square,0,0.2,0.25,3,6,14.460036754608154,0.0
1779527839.4554286,-0.1989675347273536,0.0,0.0,0.004155545838081737,0.0,0.0,0.0,1.4255999999999998,-0.198,-0.2,0.0,0.0,-0.1989675347273536,0.0,0.0,0.0020777729190408684,-0.0020777729190408684,0.0,square,0,0.2,0.25,3,6,14.47054123878479,0.0
1779527839.465533,-0.1989675347273536,0.0,0.0,0.0020777729190408684,-0.0020777729190408684,0.0,-0.0396,1.2672,-0.5148,-0.2,0.0,0.0,-0.1989675347273536,0.0,0.0,0.0020777729190408684,0.0,0.0,square,0,0.2,0.25,3,6,14.479915380477905,0.0
1779527839.475417,-0.1989675347273536,0.0,0.0,0.0020777729190408684,0.0,0.0,-0.0396,1.3068,-0.27720000000000006,-0.2,0.0,0.0,-0.1989675347273536,0.0,0.0,0.0,0.0,0.0,square,0,0.2,0.25,3,6,14.490019798278809,0.0
1779527839.4855227,-0.1989675347273536,0.0,0.0,0.0,0.0,0.0,0.0,1.1880000000000002,-0.1584,-0.2,0.0,0.0,-0.1989675347273536,0.0,0.0,0.0,0.0,0.0,square,0,0.2,0.25,3,6,14.499903678894043,0.0
1779527839.4953904,-0.1989675347273536,0.0,0.0,0.0,0.0,0.0,-0.0396,1.3860000000000001,-0.35639999999999994,-0.2,0.0,0.0,-0.1989675347273536,0.0,0.0,-0.0020777729190408684,0.0,0.0,square,0,0.2,0.25,3,6,14.510009527206421,0.0
1779527839.5056424,-0.1989675347273536,0.0,0.0,-0.0020777729190408684,0.0,0.0,-0.0792,1.3464,-0.0792,-0.2,0.0,0.0,-0.1989675347273536,0.0,0.0,-0.0020777729190408684,0.0,0.0,square,0,0.2,0.25,3,6,14.519877195358276,0.0
1779527839.515418,-0.1989675347273536,0.0,0.0,-0.0020777729190408684,0.0,0.0,-0.0792,1.3464,-0.0792,-0.2,0.0,0.0,-0.1989675347273536,0.0,0.0,-0.0020777729190408684,0.0,0.0,square,0,0.2,0.25,3,6,14.530129194259644,0.0
1779527839.5255225,-0.1989675347273536,0.0,0.0,-0.0020777729190408684,0.0,0.0,0.1584,1.3464,-0.396,-0.2,0.0,0.0,-0.1989675347273536,0.0,0.0,0.0,0.0,0.0,square,0,0.2,0.25,3,6,14.539904832839966,0.0
1779527839.5354178,-0.1989675347273536,0.0,0.0,0.0,0.0,0.0,0.1188,1.3068,-0.4356,-0.2,0.0,0.0,-0.1989675347273536,0.0,0.0,0.0,0.0,0.0,square,0,0.2,0.25,3,6,14.55000925064087,0.0
1779527839.545423,-0.1989675347273536,0.0,0.0,0.0,0.0,0.0,0.0792,1.4652,-0.27720000000000006,-0.2,0.0,0.0,-0.1989675347273536,0.0,0.0,0.0,0.0,0.0,square,0,0.2,0.25,3,6,14.5599045753479,0.0
1779527839.555417,-0.1989675347273536,0.0,0.0,0.0,0.0,0.0,-0.0792,1.5048000000000001,-0.1584,-0.2,0.0,0.0,-0.1989675347273536,0.0,0.0,0.0020777729190408684,0.0,0.0,square,0,0.2,0.25,3,6,14.569909811019897,0.0
1779527839.5654862,-0.1989675347273536,0.0,0.0,0.0020777729190408684,0.0,0.0,-0.0396,1.4255999999999998,0.1188,-0.2,0.0,0.0,-0.1989675347273536,0.0,0.0,0.004155545838081737,0.0,0.0,square,0,0.2,0.25,3,6,14.579903841018677,0.0
1779527839.5755463,-0.1989675347273536,0.0,0.0,0.004155545838081737,0.0,0.0,0.0,1.4652,-0.1584,-0.2,0.0,0.0,-0.1989675347273536,0.0,0.0,0.0020777729190408684,-0.0020777729190408684,0.0,square,0,0.2,0.25,3,6,14.589972972869873,0.0
1779527839.585502,-0.1989675347273536,0.0,0.0,0.0020777729190408684,-0.0020777729190408684,0.0,-0.0396,1.4255999999999998,-0.1584,-0.2,0.0,0.0,-0.1989675347273536,0.0,0.0,0.0,0.0,0.0020777729190408684,square,0,0.2,0.25,3,6,14.600033044815063,0.0
1779527839.5954835,-0.1989675347273536,0.0,0.0,0.0,0.0,0.0020777729190408684,-0.1584,1.4255999999999998,-0.4752,-0.2,0.0,0.0,-0.1989675347273536,0.0,0.0,-0.0020777729190408684,0.0020777729190408684,0.0,square,0,0.2,0.25,3,6,14.609988689422607,0.0
1779527839.6055043,-0.1989675347273536,0.0,0.0,-0.0020777729190408684,0.0020777729190408684,0.0,0.198,1.3464,-0.27720000000000006,-0.2,0.0,0.0,-0.1989675347273536,0.0,0.0,-0.0020777729190408684,0.0,0.0,square,0,0.2,0.25,3,6,14.619970321655273,0.0
1779527839.615417,-0.1989675347273536,0.0,0.0,-0.0020777729190408684,0.0,0.0,0.2376,1.3860000000000001,-0.2376,-0.2,0.0,0.0,-0.1989675347273536,0.0,0.0,0.0,0.0,0.0,square,0,0.2,0.25,3,6,14.629991054534912,0.0
1779527839.6255157,-0.1989675347273536,0.0,0.0,0.0,0.0,0.0,0.2376,1.5048000000000001,-0.4752,-0.2,0.0,0.0,-0.1989675347273536,0.0,0.0,0.0,0.0,0.0,square,0,0.2,0.25,3,6,14.639903783798218,0.0
1779527839.6354234,-0.1989675347273536,0.0,0.0,0.0,0.0,0.0,0.198,1.3860000000000001,-0.1584,-0.2,0.0,0.0,-0.1989675347273536,0.0,0.0,0.0,0.0,0.0,square,0,0.2,0.25,3,6,14.650002479553223,0.0
1779527839.645537,-0.1989675347273536,0.0,0.0,0.0,0.0,0.0,-0.1188,1.4255999999999998,-0.198,-0.2,0.0,0.0,-0.1989675347273536,0.0,0.0,0.0,0.0,0.0,square,0,0.2,0.25,3,6,14.659910202026367,0.0
1779527839.6554236,-0.1989675347273536,0.0,0.0,0.0,0.0,0.0,-0.0792,1.5048000000000001,-0.1188,-0.2,0.0,0.0,-0.1989675347273536,0.0,0.0,0.0020777729190408684,-0.0020777729190408684,0.0,square,0,0.2,0.25,3,6,14.670023679733276,0.0
1779527839.665429,-0.1989675347273536,0.0,0.0,0.0020777729190408684,-0.0020777729190408684,0.0,-0.0792,1.3464,-0.198,-0.2,0.0,0.0,-0.1989675347273536,0.0,0.0,0.004155545838081737,-0.0020777729190408684,0.0,square,0,0.2,0.25,3,6,14.67991042137146,0.0
1779527839.67543,-0.1989675347273536,0.0,0.0,0.004155545838081737,-0.0020777729190408684,0.0,-0.0396,1.3068,-0.1584,-0.2,0.0,0.0,-0.1989675347273536,0.0,0.0,0.0,0.0,-0.0020777729190408684,square,0,0.2,0.25,3,6,14.689915895462036,0.0
1779527839.685416,-0.1989675347273536,0.0,0.0,0.0,0.0,-0.0020777729190408684,-0.0792,1.2672,-0.1188,-0.2,0.0,0.0,-0.1989675347273536,0.0,0.0,0.0,0.0,0.0,square,0,0.2,0.25,3,6,14.69991683959961,0.0
1779527839.695412,-0.1989675347273536,0.0,0.0,0.0,0.0,0.0,-0.1584,1.3464,-0.396,-0.2,0.0,0.0,-0.1989675347273536,0.0,0.0,0.0,0.0,0.0,square,0,0.2,0.25,3,6,14.7099027633667,0.0
1779527839.7054296,-0.1989675347273536,0.0,0.0,0.0,0.0,0.0,-0.2376,1.3464,-0.2376,-0.2,0.0,0.0,-0.1989675347273536,0.0,0.0,0.0,0.0,0.0,square,0,0.2,0.25,3,6,14.719898700714111,0.0
1779527839.7154167,-0.1989675347273536,0.0,0.0,0.0,0.0,0.0,0.2376,1.4652,-0.3168,-0.2,0.0,0.0,-0.1989675347273536,0.0,0.0,0.0,0.0,0.0,square,0,0.2,0.25,3,6,14.729916334152222,0.0
1779527839.7254124,-0.1989675347273536,0.0,0.0,0.0,0.0,0.0,0.2376,1.4652,-0.3168,-0.2,0.0,0.0,-0.1989675347273536,0.0,0.0,0.0,0.0020777729190408684,0.0,square,0,0.2,0.25,3,6,14.739903450012207,0.0
1779527839.7354138,-0.1989675347273536,0.0,0.0,0.0,0.0020777729190408684,0.0,0.2376,1.4255999999999998,-0.27720000000000006,-0.2,0.0,0.0,-0.1989675347273536,0.0,0.0,0.0020777729190408684,0.0,0.0,square,0,0.2,0.25,3,6,14.74989914894104,0.0
1779527839.7454116,-0.1989675347273536,0.0,0.0,0.0020777729190408684,0.0,0.0,0.1584,1.4255999999999998,-0.27720000000000006,-0.2,0.0,0.0,-0.1989675347273536,0.0,0.0,0.0,0.0,0.0020777729190408684,square,0,0.2,0.25,3,6,14.759900569915771,0.0
1779527839.755414,-0.1989675347273536,0.0,0.0,0.0,0.0,0.0020777729190408684,-0.1584,1.4255999999999998,0.0,-0.2,0.0,0.0,-0.1989675347273536,0.0,0.0,0.0020777729190408684,0.0,0.0,square,0,0.2,0.25,3,6,14.769898414611816,0.0
1779527839.7654483,-0.1989675347273536,0.0,0.0,0.0020777729190408684,0.0,0.0,-0.0792,1.3464,-0.3168,-0.2,0.0,0.0,-0.1989675347273536,0.0,0.0,0.0020777729190408684,-0.0020777729190408684,0.0,square,0,0.2,0.25,3,6,14.779900789260864,0.0
1779527839.7754102,-0.1989675347273536,0.0,0.0,0.0020777729190408684,-0.0020777729190408684,0.0,-0.0396,1.4255999999999998,-0.1584,-0.2,0.0,0.0,-0.1989675347273536,0.0,0.0,0.0,0.0,0.0,square,0,0.2,0.25,3,6,14.789935111999512,0.0
1779527839.785414,-0.1989675347273536,0.0,0.0,0.0,0.0,0.0,-0.0792,1.4255999999999998,-0.27720000000000006,-0.2,0.0,0.0,-0.1989675347273536,0.0,0.0,0.0,0.0,0.0,square,0,0.2,0.25,3,6,14.799896955490112,0.0
1779527839.795452,-0.1989675347273536,0.0,0.0,0.0,0.0,0.0,-0.198,1.3464,-0.0792,-0.2,0.0,0.0,-0.1989675347273536,0.0,0.0,-0.0020777729190408684,0.0020777729190408684,0.0,square,0,0.2,0.25,3,6,14.809900760650635,0.0
1779527839.805401,-0.1989675347273536,0.0,0.0,-0.0020777729190408684,0.0020777729190408684,0.0,0.2376,1.3860000000000001,-0.3168,-0.2,0.0,0.0,-0.1989675347273536,0.0,0.0,-0.0020777729190408684,0.0,0.0,square,0,0.2,0.25,3,6,14.819938898086548,0.0
1779527839.8155284,-0.1989675347273536,0.0,0.0,-0.0020777729190408684,0.0,0.0,0.2376,1.3860000000000001,-0.1188,-0.2,0.0,0.0,-0.1989675347273536,0.0,0.0,0.0,0.0020777729190408684,0.0,square,0,0.2,0.25,3,6,14.829887866973877,0.0
1779527839.8254144,-0.1989675347273536,0.0,0.0,0.0,0.0020777729190408684,0.0,0.1584,1.4255999999999998,-0.27720000000000006,-0.2,0.0,0.0,-0.1989675347273536,0.0,0.0,0.0020777729190408684,0.0,0.0,square,0,0.2,0.25,3,6,14.840015172958374,0.0
1779527839.835471,-0.1989675347273536,0.0,0.0,0.0020777729190408684,0.0,0.0,-0.1584,1.3860000000000001,-0.2376,-0.2,0.0,0.0,-0.1989675347273536,0.0,0.0,0.0,0.0,0.0,square,0,0.2,0.25,3,6,14.84990119934082,0.0
1779527839.845526,-0.1989675347273536,0.0,0.0,0.0,0.0,0.0,0.1584,1.3464,-0.198,-0.2,0.0,0.0,-0.1989675347273536,0.0,0.0,0.0,0.0,0.0,square,0,0.2,0.25,3,6,14.859957695007324,0.0
1779527839.8555057,-0.1989675347273536,0.0,0.0,0.0,0.0,0.0,-0.1584,1.3860000000000001,0.0,-0.2,0.0,0.0,-0.1989675347273536,0.0,0.0,0.0020777729190408684,0.0,0.0,square,0,0.2,0.25,3,6,14.870012760162354,0.0
1779527839.8660548,-0.1989675347273536,0.0,0.0,0.0020777729190408684,0.0,0.0,-0.1584,1.5444,0.27720000000000006,-0.2,0.0,0.0,-0.1989675347273536,0.0,0.0,0.0,0.0,0.0,square,0,0.2,0.25,3,6,14.879992485046387,0.0
1779527839.8754468,-0.1989675347273536,0.0,0.0,0.0,0.0,0.0,-0.0792,1.4255999999999998,0.198,-0.2,0.0,0.0,-0.1989675347273536,0.0,0.0,0.0,0.0,0.0,square,0,0.2,0.25,3,6,14.890541553497314,0.0
1779527839.8872232,-0.1989675347273536,0.0,0.0,0.0,0.0,0.0,-0.0792,1.5048000000000001,-0.1584,-0.2,0.0,0.0,-0.1989675347273536,0.0,0.0,0.0,0.0,0.0,square,0,0.2,0.25,3,6,14.899933576583862,0.0
1779527839.8954456,-0.1989675347273536,0.0,0.0,0.0,0.0,0.0,-0.1188,1.4652,-0.1188,-0.2,0.0,0.0,-0.1989675347273536,0.0,0.0,-0.0020777729190408684,0.0,0.0,square,0,0.2,0.25,3,6,14.911710023880005,0.0
1779527839.906221,-0.1989675347273536,0.0,0.0,-0.0020777729190408684,0.0,0.0,0.1188,1.4255999999999998,-0.0792,-0.2,0.0,0.0,-0.1989675347273536,0.0,0.0,-0.0020777729190408684,0.0,0.0,square,0,0.2,0.25,3,6,14.91993236541748,0.0
1779527839.9154127,-0.1989675347273536,0.0,0.0,-0.0020777729190408684,0.0,0.0,0.1188,1.4255999999999998,-0.0792,-0.2,0.0,0.0,-0.1989675347273536,0.0,0.0,0.0,0.0,0.0,square,0,0.2,0.25,3,6,14.930707693099976,0.0
1779527839.925409,-0.1989675347273536,0.0,0.0,0.0,0.0,0.0,0.2376,1.3464,-0.2376,-0.2,0.0,0.0,-0.1989675347273536,0.0,0.0,0.0,0.0,0.0,square,0,0.2,0.25,3,6,14.939899444580078,0.0
1779527839.9354198,-0.1989675347273536,0.0,0.0,0.0,0.0,0.0,0.2376,1.4652,-0.198,-0.2,0.0,0.0,-0.1989675347273536,0.0,0.0,0.0,0.0,0.0,square,0,0.2,0.25,3,6,14.949895858764648,0.0
1779527839.9455342,-0.1989675347273536,0.0,0.0,0.0,0.0,0.0,0.1584,1.3860000000000001,0.27720000000000006,-0.2,0.0,0.0,-0.1989675347273536,0.0,0.0,0.0,0.0,0.0,square,0,0.2,0.25,3,6,14.959906578063965,0.0
1779527839.9554286,-0.1989675347273536,0.0,0.0,0.0,0.0,0.0,0.1584,1.5048000000000001,0.0,-0.2,0.0,0.0,-0.1989675347273536,0.0,0.0,0.0,0.0,0.0,square,0,0.2,0.25,3,6,14.97002100944519,0.0
1779527839.9654398,-0.1989675347273536,0.0,0.0,0.0,0.0,0.0,0.198,1.3464,0.0,-0.2,0.0,0.0,-0.1989675347273536,0.0,0.0,0.0020777729190408684,0.0,-0.0020777729190408684,square,0,0.2,0.25,3,6,14.979915380477905,0.0
1779527839.9754138,-0.1989675347273536,0.0,0.0,0.0020777729190408684,0.0,-0.0020777729190408684,-0.1584,1.5444,-0.27720000000000006,-0.2,0.0,0.0,-0.1989675347273536,0.0,0.0,0.0,0.0,0.0,square,0,0.2,0.25,3,6,14.98992657661438,0.0
1779527839.9854262,-0.1989675347273536,0.0,0.0,0.0,0.0,0.0,-0.0792,1.3068,-0.1188,-0.2,0.0,0.0,-0.1989675347273536,0.0,0.0,0.0,0.0020777729190408684,0.0,square,0,0.2,0.25,3,6,14.999900579452515,0.0
1779527839.9973738,-0.1989675347273536,0.0,0.0,0.0,0.0020777729190408684,0.0,-0.1188,1.4255999999999998,-0.0792,-0.2,0.0,0.0,-0.1989675347273536,0.0,0.0,0.0,0.0,0.0,square,0,0.2,0.25,3,6,15.009912967681885,0.0
1779527840.0062277,-0.1989675347273536,0.0,0.0,0.0,0.0,0.0,-0.1188,1.5048000000000001,0.0,-0.2,0.0,0.0,-0.1989675347273536,0.0,0.0,-0.0020777729190408684,0.0,0.0,square,0,0.2,0.25,3,6,15.021860599517822,0.0
1779527840.0154524,-0.1989675347273536,0.0,0.0,-0.0020777729190408684,0.0,0.0,0.1584,1.4652,-0.1188,-0.2,0.0,0.0,-0.1989675347273536,0.0,0.0,0.0,0.0,0.0,square,0,0.2,0.25,3,6,15.030714511871338,0.0
1779527840.0254428,-0.1989675347273536,0.0,0.0,0.0,0.0,0.0,0.1584,1.3860000000000001,-0.1584,-0.2,0.0,0.0,-0.1989675347273536,0.0,0.0,0.0,0.0,0.0,square,0,0.2,0.25,3,6,15.039939165115356,0.0
1779527840.0354211,-0.1989675347273536,0.0,0.0,0.0,0.0,0.0,0.1584,1.584,-0.2376,-0.2,0.0,0.0,-0.1989675347273536,0.0,0.0,0.0,0.0,0.0,square,0,0.2,0.25,3,6,15.04992961883545,0.0
1779527840.045436,-0.1989675347273536,0.0,0.0,0.0,0.0,0.0,0.1584,1.3860000000000001,-0.1584,-0.2,0.0,0.0,-0.1989675347273536,0.0,0.0,0.0,0.0,0.0,square,0,0.2,0.25,3,6,15.059907913208008,0.0
1779527840.0555205,-0.1989675347273536,0.0,0.0,0.0,0.0,0.0,0.198,1.3860000000000001,-0.0396,-0.2,0.0,0.0,-0.1989675347273536,0.0,0.0,0.0,0.0,0.0,square,0,0.2,0.25,3,6,15.069922685623169,0.0
1779527840.0654142,-0.1989675347273536,0.0,0.0,0.0,0.0,0.0,0.198,1.5444,-0.0792,-0.2,0.0,0.0,-0.1989675347273536,0.0,0.0,0.0,0.0,0.0,square,0,0.2,0.25,3,6,15.080007314682007,0.0
1779527840.0754137,-0.1989675347273536,0.0,0.0,0.0,0.0,0.0,0.1584,1.3860000000000001,-0.2376,-0.2,0.0,0.0,-0.1989675347273536,0.0,0.0,0.0,0.0,0.0,square,0,0.2,0.25,3,6,15.089900970458984,0.0
1779527840.085413,-0.1989675347273536,0.0,0.0,0.0,0.0,0.0,0.198,1.5444,-0.1584,-0.2,0.0,0.0,-0.1989675347273536,0.0,0.0,0.0,0.0,-0.0020777729190408684,square,0,0.2,0.25,3,6,15.099900484085083,0.0
1779527840.0954103,-0.1989675347273536,0.0,0.0,0.0,0.0,-0.0020777729190408684,-0.1188,1.584,-0.1584,-0.2,0.0,0.0,-0.1989675347273536,0.0,0.0,0.0,0.0,0.0,square,0,0.2,0.25,3,6,15.109899759292603,0.0
1779527840.1054103,-0.1989675347273536,0.0,0.0,0.0,0.0,0.0,0.1584,1.4652,-0.3168,-0.2,0.0,0.0,-0.1989675347273536,0.0,0.0,0.0,0.0,0.0,square,0,0.2,0.25,3,6,15.11989712715149,0.0
1779527840.115414,-0.1989675347273536,0.0,0.0,0.0,0.0,0.0,0.1584,1.4255999999999998,-0.198,-0.2,0.0,0.0,-0.1989675347273536,0.0,0.0,0.0,0.0,0.0,square,0,0.2,0.25,3,6,15.129897117614746,0.0
1779527840.1262248,-0.1989675347273536,0.0,0.0,0.0,0.0,0.0,-0.1188,1.4652,-0.198,-0.2,0.0,0.0,-0.1989675347273536,0.0,0.0,0.0020777729190408684,-0.0020777729190408684,0.0,square,0,0.2,0.25,3,6,15.13990068435669,0.0
1779527840.135484,-0.1989675347273536,0.0,0.0,0.0020777729190408684,-0.0020777729190408684,0.0,-0.1584,1.5444,-0.1584,-0.2,0.0,0.0,-0.1989675347273536,0.0,0.0,0.0,0.0,0.0,square,0,0.2,0.25,3,6,15.15071153640747,0.0
1779527840.1454103,-0.1989675347273536,0.0,0.0,0.0,0.0,0.0,-0.0792,1.4255999999999998,0.2376,-0.2,0.0,0.0,-0.1989675347273536,0.0,0.0,0.0,0.0,0.0,square,0,0.2,0.25,3,6,15.159970760345459,0.0
1779527840.1554084,-0.1989675347273536,0.0,0.0,0.0,0.0,0.0,-0.1584,1.4652,-0.3168,-0.2,0.0,0.0,-0.1989675347273536,0.0,0.0,0.0,0.0020777729190408684,0.0,square,0,0.2,0.25,3,6,15.169897079467773,0.0
1779527840.165581,-0.1989675347273536,0.0,0.0,0.0,0.0020777729190408684,0.0,-0.1188,1.4255999999999998,-0.198,-0.2,0.0,0.0,-0.1989675347273536,0.0,0.0,0.0,0.0,0.0,square,0,0.2,0.25,3,6,15.179895162582397,0.0
1779527840.1754172,-0.1989675347273536,0.0,0.0,0.0,0.0,0.0,-0.1188,1.3464,-0.198,-0.2,0.0,0.0,-0.1989675347273536,0.0,0.0,0.0,0.0,0.0,square,0,0.2,0.25,3,6,15.190067768096924,0.0
1779527840.1854074,-0.1989675347273536,0.0,0.0,0.0,0.0,0.0,-0.1584,1.4652,-0.396,-0.2,0.0,0.0,-0.1989675347273536,0.0,0.0,0.0,0.0,0.0,square,0,0.2,0.25,3,6,15.199903964996338,0.0
1779527840.195413,-0.1989675347273536,0.0,0.0,0.0,0.0,0.0,0.2376,1.4652,-0.27720000000000006,-0.2,0.0,0.0,-0.1989675347273536,0.0,0.0,0.0,0.0,-0.0020777729190408684,square,0,0.2,0.25,3,6,15.209894180297852,0.0
1779527840.2053838,-0.1989675347273536,0.0,0.0,0.0,0.0,-0.0020777729190408684,0.2376,1.5048000000000001,0.0,-0.2,0.0,0.0,-0.1989675347273536,0.0,0.0,0.0,0.0,0.0,square,0,0.2,0.25,3,6,15.219899892807007,0.0
1779527840.2154167,-0.1989675347273536,0.0,0.0,0.0,0.0,0.0,0.1584,1.3860000000000001,-0.1584,-0.2,0.0,0.0,-0.1989675347273536,0.0,0.0,0.0,0.0,0.0,square,0,0.2,0.25,3,6,15.229870557785034,0.0
1779527840.2254841,-0.1989675347273536,0.0,0.0,0.0,0.0,0.0,0.27720000000000006,1.3860000000000001,-0.198,-0.2,0.0,0.0,-0.1989675347273536,0.0,0.0,0.0,0.0,0.0,square,0,0.2,0.25,3,6,15.239903450012207,0.0
1779527840.23541,-0.1989675347273536,0.0,0.0,0.0,0.0,0.0,0.198,1.5048000000000001,-0.0792,-0.2,0.0,0.0,-0.1989675347273536,0.0,0.0,0.0020777729190408684,0.0,0.0,square,0,0.2,0.25,3,6,15.24997091293335,0.0
1779527840.2454076,-0.1989675347273536,0.0,0.0,0.0020777729190408684,0.0,0.0,-0.1584,1.4255999999999998,-0.2376,-0.2,0.0,0.0,-0.1989675347273536,0.0,0.0,0.0,0.0,0.0,square,0,0.2,0.25,3,6,15.259896755218506,0.0
1779527840.2554457,-0.1989675347273536,0.0,0.0,0.0,0.0,0.0,0.1188,1.3068,-0.0792,-0.2,0.0,0.0,-0.1989675347273536,0.0,0.0,0.0,0.0,0.0,square,0,0.2,0.25,3,6,15.269894361495972,0.0
1779527840.2654312,-0.1989675347273536,0.0,0.0,0.0,0.0,0.0,-0.0792,1.4255999999999998,-0.0792,-0.2,0.0,0.0,-0.1989675347273536,0.0,0.0,0.0,0.0,0.0,square,0,0.2,0.25,3,6,15.279932498931885,0.0
1779527840.275411,-0.1989675347273536,0.0,0.0,0.0,0.0,0.0,-0.1188,1.5444,-0.1188,-0.2,0.0,0.0,-0.1989675347273536,0.0,0.0,0.0,0.0,0.0,square,0,0.2,0.25,3,6,15.289917945861816,0.0
1779527840.2854142,-0.1989675347273536,0.0,0.0,0.0,0.0,0.0,-0.0792,1.5444,-0.2376,-0.2,0.0,0.0,-0.1989675347273536,0.0,0.0,0.0,0.0,0.0,square,0,0.2,0.25,3,6,15.29989767074585,0.0
1779527840.2961326,-0.1989675347273536,0.0,0.0,0.0,0.0,0.0,-0.1584,1.584,-0.198,-0.2,0.0,0.0,-0.1989675347273536,0.0,0.0,0.0,0.0,0.0,square,0,0.2,0.25,3,6,15.309900999069214,0.0
1779527840.3054678,-0.1989675347273536,0.0,0.0,0.0,0.0,0.0,-0.1188,1.5048000000000001,0.0,-0.2,0.0,0.0,-0.1989675347273536,0.0,0.0,-0.0020777729190408684,0.0,0.0,square,0,0.2,0.25,3,6,15.320619344711304,0.0
1779527840.316415,-0.1989675347273536,0.0,0.0,-0.0020777729190408684,0.0,0.0,0.198,1.4255999999999998,-0.0792,-0.2,0.0,0.0,-0.1989675347273536,0.0,0.0,-0.0020777729190408684,0.0020777729190408684,0.0,square,0,0.2,0.25,3,6,15.329954624176025,0.0
1779527840.3254294,-0.1989675347273536,0.0,0.0,-0.0020777729190408684,0.0020777729190408684,0.0,0.198,1.584,-0.2376,-0.2,0.0,0.0,-0.1989675347273536,0.0,0.0,0.0,0.0,0.0,square,0,0.2,0.25,3,6,15.340901851654053,0.0
1779527840.335577,-0.1989675347273536,0.0,0.0,0.0,0.0,0.0,0.2376,1.3860000000000001,-0.35639999999999994,-0.2,0.0,0.0,-0.1989675347273536,0.0,0.0,0.0,0.0,0.0,square,0,0.2,0.25,3,6,15.349916219711304,0.0
1779527840.345493,-0.1989675347273536,0.0,0.0,0.0,0.0,0.0,0.198,1.3860000000000001,-0.2376,-0.2,0.0,0.0,-0.1989675347273536,0.0,0.0,0.0,0.0,0.0,square,0,0.2,0.25,3,6,15.360063791275024,0.0
1779527840.3570495,-0.1989675347273536,0.0,0.0,0.0,0.0,0.0,0.198,1.4652,-0.1584,-0.2,0.0,0.0,-0.1989675347273536,0.0,0.0,0.0020777729190408684,0.0,0.0,square,0,0.2,0.25,3,6,15.369979858398438,0.0
1779527840.3654058,-0.1989675347273536,0.0,0.0,0.0020777729190408684,0.0,0.0,-0.1584,1.5444,-0.1188,-0.2,0.0,0.0,-0.1989675347273536,0.0,0.0,0.0020777729190408684,-0.0020777729190408684,0.0,square,0,0.2,0.25,3,6,15.38153624534607,0.0
1779527840.3767464,-0.1989675347273536,0.0,0.0,0.0020777729190408684,-0.0020777729190408684,0.0,-0.0792,1.5048000000000001,-0.2376,-0.2,0.0,0.0,-0.1989675347273536,0.0,0.0,0.0020777729190408684,0.0,0.0,square,0,0.2,0.25,3,6,15.389892578125,0.0
1779527840.3859475,-0.1989675347273536,0.0,0.0,0.0020777729190408684,0.0,0.0,-0.1188,1.584,0.0,-0.2,0.0,0.0,-0.1989675347273536,0.0,0.0,0.0020777729190408684,-0.0020777729190408684,0.0020777729190408684,square,0,0.2,0.25,3,6,15.401233196258545,0.0
1779527840.395479,-0.1989675347273536,0.0,0.0,0.0020777729190408684,-0.0020777729190408684,0.0020777729190408684,-0.0396,1.5048000000000001,-0.2376,-0.2,0.0,0.0,-0.1989675347273536,0.0,0.0,0.0,0.0020777729190408684,0.0,square,0,0.2,0.25,3,6,15.410434246063232,0.0
1779527840.4054086,-0.1989675347273536,0.0,0.0,0.0,0.0020777729190408684,0.0,-0.1188,1.5048000000000001,0.35639999999999994,-0.2,0.0,0.0,-0.1989675347273536,0.0,0.0,0.0020777729190408684,0.0,0.0,square,0,0.2,0.25,3,6,15.419965744018555,0.0
1779527840.4154398,-0.1989675347273536,0.0,0.0,0.0020777729190408684,0.0,0.0,-0.198,1.5048000000000001,0.0,-0.2,0.0,0.0,-0.1989675347273536,0.0,0.0,0.0,0.0,0.0,square,0,0.2,0.25,3,6,15.429895401000977,0.0
1779527840.4254212,-0.1989675347273536,0.0,0.0,0.0,0.0,0.0,0.198,1.3860000000000001,-0.0396,-0.2,0.0,0.0,-0.1989675347273536,0.0,0.0,0.0,0.0,0.0,square,0,0.2,0.25,3,6,15.439926624298096,0.0
1779527840.4354374,-0.1989675347273536,0.0,0.0,0.0,0.0,0.0,0.1584,1.3860000000000001,-0.27720000000000006,-0.2,0.0,0.0,-0.1989675347273536,0.0,0.0,0.0,-0.0020777729190408684,0.0,square,0,0.2,0.25,3,6,15.449908018112183,0.0
1779527840.4476924,-0.1989675347273536,0.0,0.0,0.0,-0.0020777729190408684,0.0,0.2376,1.3860000000000001,-0.1188,-0.2,0.0,0.0,-0.1989675347273536,0.0,0.0,0.0,0.0,-0.0020777729190408684,square,0,0.2,0.25,3,6,15.459924221038818,0.0
1779527840.4566033,-0.1989675347273536,0.0,0.0,0.0,0.0,-0.0020777729190408684,-0.198,1.4255999999999998,0.1188,-0.2,0.0,0.0,-0.1989675347273536,0.0,0.0,0.0,0.0,0.0,square,0,0.2,0.25,3,6,15.472179174423218,0.0
1779527840.4654694,-0.1989675347273536,0.0,0.0,0.0,0.0,0.0,0.1584,1.5048000000000001,-0.0792,-0.2,0.0,0.0,-0.1989675347273536,0.0,0.0,0.0,0.0,0.0,square,0,0.2,0.25,3,6,15.481090068817139,0.0
1779527840.4754608,-0.1989675347273536,0.0,0.0,0.0,0.0,0.0,-0.1584,1.4255999999999998,-0.1584,-0.2,0.0,0.0,-0.1989675347273536,0.0,0.0,0.0,0.0,-0.0020777729190408684,square,0,0.2,0.25,3,6,15.489956140518188,0.0
1779527840.4854124,-0.1989675347273536,0.0,0.0,0.0,0.0,-0.0020777729190408684,0.1584,1.3464,0.0792,-0.2,0.0,0.0,-0.1989675347273536,0.0,0.0,0.0,0.0,0.0,square,0,0.2,0.25,3,6,15.499947547912598,0.0
1779527840.4955292,-0.1989675347273536,0.0,0.0,0.0,0.0,0.0,0.1188,1.3860000000000001,-0.198,-0.2,0.0,0.0,-0.1989675347273536,0.0,0.0,0.0020777729190408684,0.0,0.0,square,0,0.2,0.25,3,6,15.509899139404297,0.0
1779527840.5054927,-0.1989675347273536,0.0,0.0,0.0020777729190408684,0.0,0.0,-0.198,1.5048000000000001,0.0,-0.2,0.0,0.0,-0.1989675347273536,0.0,0.0,0.0,0.0,0.0,square,0,0.2,0.25,3,6,15.520015954971313,0.0
1779527840.5154116,-0.1989675347273536,0.0,0.0,0.0,0.0,0.0,-0.1188,1.584,-0.27720000000000006,-0.2,0.0,0.0,-0.1989675347273536,0.0,0.0,0.0,0.0020777729190408684,0.0,square,0,0.2,0.25,3,6,15.529979467391968,0.0
1779527840.5254102,-0.1989675347273536,0.0,0.0,0.0,0.0020777729190408684,0.0,0.1584,1.5444,-0.1584,-0.2,0.0,0.0,-0.1989675347273536,0.0,0.0,0.0,0.0,0.0,square,0,0.2,0.25,3,6,15.53989839553833,0.0
1779527840.5353835,-0.1989675347273536,0.0,0.0,0.0,0.0,0.0,-0.1584,1.4652,-0.1584,-0.2,0.0,0.0,-0.1989675347273536,0.0,0.0,0.0,0.0,0.0,square,0,0.2,0.25,3,6,15.549896955490112,0.0
1779527840.5462465,-0.1989675347273536,0.0,0.0,0.0,0.0,0.0,-0.1584,1.3860000000000001,-0.3168,-0.2,0.0,0.0,-0.1989675347273536,0.0,0.0,0.0,0.0,0.0,square,0,0.2,0.25,3,6,15.55987024307251,0.0
1779527840.5554116,-0.1989675347273536,0.0,0.0,0.0,0.0,0.0,0.1188,1.584,-0.2376,-0.2,0.0,0.0,-0.1989675347273536,0.0,0.0,0.0,0.0,0.0,square,0,0.2,0.25,3,6,15.570733308792114,0.0
1779527840.565433,-0.1989675347273536,0.0,0.0,0.0,0.0,0.0,-0.1188,1.3860000000000001,0.0,-0.2,0.0,0.0,-0.1989675347273536,0.0,0.0,0.0,0.0,0.0,square,0,0.2,0.25,3,6,15.579898357391357,0.0
1779527840.575411,-0.1989675347273536,0.0,0.0,0.0,0.0,0.0,0.1584,1.5048000000000001,0.0,-0.2,0.0,0.0,-0.1989675347273536,0.0,0.0,0.0,0.0,0.0,square,0,0.2,0.25,3,6,15.589919805526733,0.0
1779527840.5854087,-0.1989675347273536,0.0,0.0,0.0,0.0,0.0,0.1584,1.5444,-0.2376,-0.2,0.0,0.0,-0.1989675347273536,0.0,0.0,0.0,0.0,0.0,square,0,0.2,0.25,3,6,15.599897861480713,0.0
1779527840.5954723,-0.1989675347273536,0.0,0.0,0.0,0.0,0.0,0.1584,1.3860000000000001,0.0,-0.2,0.0,0.0,-0.1989675347273536,0.0,0.0,-0.0020777729190408684,-0.0020777729190408684,0.0,square,0,0.2,0.25,3,6,15.609895467758179,0.0
1779527840.6054113,-0.1989675347273536,0.0,0.0,-0.0020777729190408684,-0.0020777729190408684,0.0,0.2376,1.584,-0.0396,-0.2,0.0,0.0,-0.1989675347273536,0.0,0.0,0.0,0.0,0.0,square,0,0.2,0.25,3,6,15.619959115982056,0.0
1779527840.6154084,-0.1989675347273536,0.0,0.0,0.0,0.0,0.0,0.198,1.584,0.0792,-0.2,0.0,0.0,-0.1989675347273536,0.0,0.0,0.0,0.0,0.0,square,0,0.2,0.25,3,6,15.629898071289062,0.0
1779527840.6254144,-0.1989675347273536,0.0,0.0,0.0,0.0,0.0,0.198,1.5048000000000001,-0.0792,-0.2,0.0,0.0,-0.1989675347273536,0.0,0.0,0.0,0.0,0.0,square,0,0.2,0.25,3,6,15.63989520072937,0.0
1779527840.635444,-0.1989675347273536,0.0,0.0,0.0,0.0,0.0,-0.198,1.5444,-0.2376,-0.2,0.0,0.0,-0.1989675347273536,0.0,0.0,0.0,0.0,0.0,square,0,0.2,0.25,3,6,15.649901151657104,0.0
1779527840.6454117,-0.1989675347273536,0.0,0.0,0.0,0.0,0.0,-0.1584,1.584,0.1584,-0.2,0.0,0.0,-0.1989675347273536,0.0,0.0,0.0,0.0,0.0,square,0,0.2,0.25,3,6,15.65993070602417,0.0
1779527840.65542,-0.1989675347273536,0.0,0.0,0.0,0.0,0.0,-0.1584,1.5444,-0.0792,-0.2,0.0,0.0,-0.1989675347273536,0.0,0.0,0.0,0.0,0.0,square,0,0.2,0.25,3,6,15.669898509979248,0.0
1779527840.6654112,-0.1989675347273536,0.0,0.0,0.0,0.0,0.0,-0.1188,1.5444,-0.396,-0.2,0.0,0.0,-0.1989675347273536,0.0,0.0,0.0,0.0,0.0,square,0,0.2,0.25,3,6,15.679906845092773,0.0
1779527840.6754189,-0.1989675347273536,0.0,0.0,0.0,0.0,0.0,0.1584,1.5444,-0.198,-0.2,0.0,0.0,-0.1989675347273536,0.0,0.0,0.0,0.0,0.0,square,0,0.2,0.25,3,6,15.689898014068604,0.0
1779527840.6854687,-0.1989675347273536,0.0,0.0,0.0,0.0,0.0,-0.1584,1.3860000000000001,-0.1188,-0.2,0.0,0.0,-0.1989675347273536,0.0,0.0,0.0,0.0,0.0,square,0,0.2,0.25,3,6,15.699905633926392,0.0
1779527840.6954134,-0.1989675347273536,0.0,0.0,0.0,0.0,0.0,0.1584,1.5048000000000001,-0.198,-0.2,0.0,0.0,-0.1989675347273536,0.0,0.0,0.0,0.0,0.0,square,0,0.2,0.25,3,6,15.70995545387268,0.0
1779527840.7054133,-0.1989675347273536,0.0,0.0,0.0,0.0,0.0,-0.1584,1.5444,-0.0396,-0.2,0.0,0.0,-0.1989675347273536,0.0,0.0,0.0,0.0,0.0,square,0,0.2,0.25,3,6,15.719900131225586,0.0
1779527840.7154486,-0.1989675347273536,0.0,0.0,0.0,0.0,0.0,0.198,1.3860000000000001,-0.0792,-0.2,0.0,0.0,-0.1989675347273536,0.0,0.0,0.0,0.0,0.0,square,0,0.2,0.25,3,6,15.729900121688843,0.0
1779527840.7254105,-0.1989675347273536,0.0,0.0,0.0,0.0,0.0,0.198,1.6236000000000002,0.0,-0.2,0.0,0.0,-0.1989675347273536,0.0,0.0,0.0,0.0,0.0,square,0,0.2,0.25,3,6,15.739935398101807,0.0
1779527840.735412,-0.1989675347273536,0.0,0.0,0.0,0.0,0.0,-0.1188,1.5048000000000001,0.0792,-0.2,0.0,0.0,-0.1989675347273536,0.0,0.0,0.0,0.0,0.0020777729190408684,square,0,0.2,0.25,3,6,15.749897241592407,0.0
1779527840.74541,-0.1989675347273536,0.0,0.0,0.0,0.0,0.0020777729190408684,-0.1188,1.6236000000000002,-0.0792,-0.2,0.0,0.0,-0.1989675347273536,0.0,0.0,0.0,0.0,0.0020777729190408684,square,0,0.2,0.25,3,6,15.759898662567139,0.0
1779527840.7554085,-0.1989675347273536,0.0,0.0,0.0,0.0,0.0020777729190408684,0.1584,1.4652,-0.1188,-0.2,0.0,0.0,-0.1989675347273536,0.0,0.0,0.0,0.0,0.0,square,0,0.2,0.25,3,6,15.769896745681763,0.0
1779527840.7654545,-0.1989675347273536,0.0,0.0,0.0,0.0,0.0,-0.1584,1.4255999999999998,-0.396,-0.2,0.0,0.0,-0.1989675347273536,0.0,0.0,0.0020777729190408684,0.0,0.0,square,0,0.2,0.25,3,6,15.779895305633545,0.0
1779527840.7754154,-0.1989675347273536,0.0,0.0,0.0020777729190408684,0.0,0.0,-0.0792,1.584,-0.27720000000000006,-0.2,0.0,0.0,-0.1989675347273536,0.0,0.0,0.0,0.0,0.0,square,0,0.2,0.25,3,6,15.789941310882568,0.0
1779527840.78541,-0.1989675347273536,0.0,0.0,0.0,0.0,0.0,-0.1584,1.5048000000000001,0.0792,-0.2,0.0,0.0,-0.1989675347273536,0.0,0.0,0.0020777729190408684,0.0,0.0,square,0,0.2,0.25,3,6,15.799902200698853,0.0
1779527840.7954192,-0.1989675347273536,0.0,0.0,0.0020777729190408684,0.0,0.0,-0.1584,1.4255999999999998,-0.198,-0.2,0.0,0.0,-0.1989675347273536,0.0,0.0,0.0,0.0,-0.0020777729190408684,square,0,0.2,0.25,3,6,15.80989670753479,0.0
1779527840.805474,-0.1989675347273536,0.0,0.0,0.0,0.0,-0.0020777729190408684,-0.1584,1.3860000000000001,0.27720000000000006,-0.2,0.0,0.0,-0.1989675347273536,0.0,0.0,0.0,0.0,0.0,square,0,0.2,0.25,3,6,15.819905996322632,0.0
1779527840.8154721,-0.1989675347273536,0.0,0.0,0.0,0.0,0.0,-0.1584,1.3860000000000001,-0.1584,-0.2,0.0,0.0,-0.1989675347273536,0.0,0.0,0.0,0.0,0.0,square,0,0.2,0.25,3,6,15.829960823059082,0.0
1779527840.828319,-0.1989675347273536,0.0,0.0,0.0,0.0,0.0,-0.1584,1.3860000000000001,-0.1584,-0.2,0.0,0.0,-0.1989675347273536,0.0,0.0,0.0,0.0,0.0,square,0,0.2,0.25,3,6,15.839958906173706,0.0
1779527840.8362331,-0.1989675347273536,0.0,0.0,0.0,0.0,0.0,-0.1584,1.4255999999999998,-0.1584,-0.2,0.0,0.0,-0.1989675347273536,0.0,0.0,0.0,0.0020777729190408684,0.0,square,0,0.2,0.25,3,6,15.852805852890015,0.0
1779527840.8454866,-0.1989675347273536,0.0,0.0,0.0,0.0020777729190408684,0.0,0.198,1.4652,-0.27720000000000006,-0.2,0.0,0.0,-0.1989675347273536,0.0,0.0,0.0,0.0,0.0,square,0,0.2,0.25,3,6,15.860719919204712,0.0
1779527840.8554623,-0.1989675347273536,0.0,0.0,0.0,0.0,0.0,0.1584,1.5048000000000001,-0.0396,-0.2,0.0,0.0,-0.1989675347273536,0.0,0.0,0.0,0.0,0.0,square,0,0.2,0.25,3,6,15.869973421096802,0.0
1779527840.865454,-0.1989675347273536,0.0,0.0,0.0,0.0,0.0,0.1584,1.5444,-0.396,-0.2,0.0,0.0,-0.1989675347273536,0.0,0.0,0.0020777729190408684,-0.0020777729190408684,0.0,square,0,0.2,0.25,3,6,15.87994909286499,0.0
1779527840.8762138,-0.1989675347273536,0.0,0.0,0.0020777729190408684,-0.0020777729190408684,0.0,-0.1584,1.5048000000000001,-0.2376,-0.2,0.0,0.0,-0.1989675347273536,0.0,0.0,-0.0020777729190408684,0.0,0.0,square,0,0.2,0.25,3,6,15.889940738677979,0.0
1779527840.8854322,-0.1989675347273536,0.0,0.0,-0.0020777729190408684,0.0,0.0,0.1584,1.3860000000000001,-0.1188,-0.2,0.0,0.0,-0.1989675347273536,0.0,0.0,0.0,0.0,0.0,square,0,0.2,0.25,3,6,15.900700569152832,0.0
1779527840.8954315,-0.1989675347273536,0.0,0.0,0.0,0.0,0.0,0.198,1.5048000000000001,-0.2376,-0.2,0.0,0.0,-0.1989675347273536,0.0,0.0,0.0,-0.0020777729190408684,-0.0020777729190408684,square,0,0.2,0.25,3,6,15.909919023513794,0.0
1779527840.90543,-0.1989675347273536,0.0,0.0,0.0,-0.0020777729190408684,-0.0020777729190408684,-0.1584,1.584,0.0,-0.2,0.0,0.0,-0.1989675347273536,0.0,0.0,0.0020777729190408684,0.0,0.0,square,0,0.2,0.25,3,6,15.919918298721313,0.0
1779527840.9154944,-0.1989675347273536,0.0,0.0,0.0020777729190408684,0.0,0.0,-0.1584,1.584,-0.198,-0.2,0.0,0.0,-0.1989675347273536,0.0,0.0,0.0,0.0,0.0020777729190408684,square,0,0.2,0.25,3,6,15.929916858673096,0.0
1779527840.9254534,-0.1989675347273536,0.0,0.0,0.0,0.0,0.0020777729190408684,-0.1584,1.5444,-0.1584,-0.2,0.0,0.0,-0.1989675347273536,0.0,0.0,0.0,0.0020777729190408684,0.0,square,0,0.2,0.25,3,6,15.93998122215271,0.0
1779527840.9354334,-0.1989675347273536,0.0,0.0,0.0,0.0020777729190408684,0.0,-0.1188,1.5444,-0.27720000000000006,-0.2,0.0,0.0,-0.1989675347273536,0.0,0.0,0.0,0.0,0.0,square,0,0.2,0.25,3,6,15.949940204620361,0.0
1779527840.9454467,-0.1989675347273536,0.0,0.0,0.0,0.0,0.0,0.1584,1.3860000000000001,-0.2376,-0.2,0.0,0.0,-0.1989675347273536,0.0,0.0,0.0,0.0,0.0,square,0,0.2,0.25,3,6,15.959920167922974,0.0
1779527840.955489,-0.1989675347273536,0.0,0.0,0.0,0.0,0.0,-0.1584,1.584,-0.3168,-0.2,0.0,0.0,-0.1989675347273536,0.0,0.0,0.0,0.0,0.0,square,0,0.2,0.25,3,6,15.96993350982666,0.0
1779527840.965445,-0.1989675347273536,0.0,0.0,0.0,0.0,0.0,0.1584,1.5444,0.1188,-0.2,0.0,0.0,-0.1989675347273536,0.0,0.0,-0.0020777729190408684,0.0,0.0,square,0,0.2,0.25,3,6,15.979975700378418,0.0
1779527840.97541,-0.1989675347273536,0.0,0.0,-0.0020777729190408684,0.0,0.0,0.1188,1.5444,-0.3168,-0.2,0.0,0.0,-0.1989675347273536,0.0,0.0,0.0,0.0,0.0,square,0,0.2,0.25,3,6,15.98993182182312,0.0
1779527840.985408,-0.1989675347273536,0.0,0.0,0.0,0.0,0.0,0.1584,1.3860000000000001,-0.3168,-0.2,0.0,0.0,-0.1989675347273536,0.0,0.0,0.0,0.0,0.0,square,0,0.2,0.25,3,6,15.999896764755249,0.0
1779527840.9954176,-0.1989675347273536,0.0,0.0,0.0,0.0,0.0,-0.1584,1.4255999999999998,-0.2376,0.2,0.0,0.0,-0.1989675347273536,0.0,0.0,0.0,0.0,0.0,square,0,0.2,0.25,3,6,16.009894847869873,0.0
1779527841.00641,-0.1989675347273536,0.0,0.0,0.0,0.0,0.0,0.1188,1.584,0.0,0.2,0.0,0.0,-0.1989675347273536,0.0,0.0,0.0,0.0,0.0020777729190408684,square,0,0.2,0.25,3,6,16.019904375076294,0.0
1779527841.0155594,-0.1989675347273536,0.0,0.0,0.0,0.0,0.0020777729190408684,-0.1584,1.6236000000000002,-0.1584,0.2,0.0,0.0,-0.19722220547535924,0.0,0.0,0.1973884273088825,0.0,0.0,square,0,0.2,0.25,3,6,16.03089666366577,0.0
1779527841.0255165,-0.19722220547535924,0.0,0.0,0.1973884273088825,0.0,0.0,13.2264,1.4255999999999998,-0.27720000000000006,0.2,0.0,0.0,-0.1762782544514273,0.0,0.0,1.7577958895085746,0.0020777729190408684,-0.0020777729190408684,square,0,0.2,0.25,3,6,16.040046215057373,0.0
1779527841.0354245,-0.1762782544514273,0.0,0.0,1.7577958895085746,0.0020777729190408684,-0.0020777729190408684,5.4648,1.5444,-0.9504,0.2,0.0,0.0,-0.13962634015954636,0.0,0.0,3.187303657808692,0.004155545838081737,0.0,square,0,0.2,0.25,3,6,16.05000329017639,0.0
1779527841.045439,-0.13962634015954636,0.0,0.0,3.187303657808692,0.004155545838081737,0.0,6.2568,1.3464,-0.2376,0.2,0.0,0.0,-0.10122909661567113,0.0,0.0,3.821024398116157,0.0020777729190408684,0.0,square,0,0.2,0.25,3,6,16.059911251068115,0.0
1779527841.0554137,-0.10122909661567113,0.0,0.0,3.821024398116157,0.0020777729190408684,0.0,5.4252,1.2276,-0.4752,0.2,0.0,0.0,-0.05585053606381855,0.0,0.0,4.392411950852396,-0.008311091676163474,0.0,square,0,0.2,0.25,3,6,16.069925785064697,0.0
1779527841.065414,-0.05585053606381855,0.0,0.0,4.392411950852396,-0.008311091676163474,0.0,0.0396,1.1088000000000002,0.3168,0.2,0.0,0.0,-0.010471975511965978,0.0,0.0,4.485911732209235,-0.016622183352326948,0.0020777729190408684,square,0,0.2,0.25,3,6,16.07990050315857,0.0
1779527841.075416,-0.010471975511965978,0.0,0.0,4.485911732209235,-0.016622183352326948,0.0020777729190408684,-0.35639999999999994,0.8712,-0.4752,0.2,0.0,0.0,0.027925268031909273,0.0,0.0,3.9228352711491596,-0.02701104794753129,0.006233318757122605,square,0,0.2,0.25,3,6,16.089900732040405,0.0
1779527841.0854173,0.027925268031909273,0.0,0.0,3.9228352711491596,-0.02701104794753129,0.006233318757122605,-0.8712,-0.5940000000000001,1.5444,0.2,0.0,0.0,0.05934119456780721,0.0,0.0,3.314047805870185,-0.022855502109449553,0.004155545838081737,square,0,0.2,0.25,3,6,16.099902868270874,0.0
1779527841.0954309,0.05934119456780721,0.0,0.0,3.314047805870185,-0.022855502109449553,0.004155545838081737,-2.4948,-0.3168,0.5940000000000001,0.2,0.0,0.0,0.08552113334772216,0.0,0.0,2.840315580328867,-0.0020777729190408684,0.0020777729190408684,square,0,0.2,0.25,3,6,16.109904050827026,0.0
1779527841.105414,0.08552113334772216,0.0,0.0,2.840315580328867,-0.0020777729190408684,0.0020777729190408684,-3.9996,0.7127999999999999,1.7424,0.2,0.0,0.0,0.10821041362364843,0.0,0.0,2.3416500797590585,0.02701104794753129,-0.008311091676163474,square,0,0.2,0.25,3,6,16.119917631149292,0.0
1779527841.1154144,0.10821041362364843,0.0,0.0,2.3416500797590585,0.02701104794753129,-0.008311091676163474,-4.9104,1.98,1.9404,0.2,0.0,0.0,0.12566370614359174,0.0,0.0,1.9053177667604764,0.035322139623694765,-0.004155545838081737,square,0,0.2,0.25,3,6,16.129900693893433,0.0
1779527841.1255867,0.12566370614359174,0.0,0.0,1.9053177667604764,0.035322139623694765,-0.004155545838081737,-2.2967999999999997,2.7720000000000002,-1.782,0.2,0.0,0.0,0.14137166941154067,0.0,0.0,1.53131864133312,0.016622183352326948,-0.0020777729190408684,square,0,0.2,0.25,3,6,16.139901161193848,0.0
1779527841.1354184,0.14137166941154067,0.0,0.0,1.53131864133312,0.016622183352326948,-0.0020777729190408684,-0.5940000000000001,2.1780000000000004,-1.1088000000000002,0.2,0.0,0.0,0.1518436449235067,0.0,0.0,1.2217304763960306,0.004155545838081737,0.0,square,0,0.2,0.25,3,6,16.150073528289795,0.0
1779527841.145417,0.1518436449235067,0.0,0.0,1.2217304763960306,0.004155545838081737,0.0,0.27720000000000006,1.7028,-0.4752,0.2,0.0,0.0,0.16231562043547265,0.0,0.0,0.9973310011396168,0.0,0.0,square,0,0.2,0.25,3,6,16.159905195236206,0.0
1779527841.1554158,0.16231562043547265,0.0,0.0,0.9973310011396168,0.0,0.0,0.4752,1.4652,-0.1584,0.2,0.0,0.0,0.16929693744344998,0.0,0.0,0.83734248637347,-0.01246663751424521,0.0,square,0,0.2,0.25,3,6,16.16990375518799,0.0
1779527841.1654134,0.16929693744344998,0.0,0.0,0.83734248637347,-0.01246663751424521,0.0,0.0396,1.1880000000000002,0.5544000000000001,0.2,0.0,0.0,0.16929693744344998,0.0,0.0,0.83734248637347,-0.01246663751424521,0.0,square,0,0.2,0.25,3,6,16.17990255355835,0.0
1779527841.1754904,0.16929693744344998,0.0,0.0,0.83734248637347,-0.01246663751424521,0.0,0.0396,1.1880000000000002,0.5544000000000001,0.2,0.0,0.0,0.16929693744344998,0.0,0.0,0.83734248637347,-0.01246663751424521,0.0,square,0,0.2,0.25,3,6,16.189900159835815,0.0
1779527841.1854572,0.16929693744344998,0.0,0.0,0.83734248637347,-0.01246663751424521,0.0,0.0396,1.1880000000000002,0.5544000000000001,0.2,0.0,0.0,0.16929693744344998,0.0,0.0,0.83734248637347,-0.01246663751424521,0.0,square,0,0.2,0.25,3,6,16.199977159500122,0.0
1779527841.1954153,0.16929693744344998,0.0,0.0,0.83734248637347,-0.01246663751424521,0.0,0.0396,1.1880000000000002,0.5544000000000001,0.2,0.0,0.0,0.18849555921538758,0.0,0.0,0.33244366704653894,-0.010388864595204342,0.0,square,0,0.2,0.25,3,6,16.209944009780884,0.0
1779527841.2054176,0.18849555921538758,0.0,0.0,0.33244366704653894,-0.010388864595204342,0.0,0.27720000000000006,0.792,-0.35639999999999994,0.2,0.0,0.0,0.18849555921538758,0.0,0.0,0.33244366704653894,-0.010388864595204342,0.0,square,0,0.2,0.25,3,6,16.21990203857422,0.0
1779527841.21546,0.18849555921538758,0.0,0.0,0.33244366704653894,-0.010388864595204342,0.0,0.27720000000000006,0.792,-0.35639999999999994,0.2,0.0,0.0,0.18849555921538758,0.0,0.0,0.33244366704653894,-0.010388864595204342,0.0,square,0,0.2,0.25,3,6,16.229904413223267,0.0
1779527841.225427,0.18849555921538758,0.0,0.0,0.33244366704653894,-0.010388864595204342,0.0,0.27720000000000006,0.792,-0.35639999999999994,0.2,0.0,0.0,0.1954768762233649,0.0,0.0,0.1641440606042286,0.02493327502849042,0.0,square,0,0.2,0.25,3,6,16.239946842193604,0.0
1779527841.2354128,0.1954768762233649,0.0,0.0,0.1641440606042286,0.02493327502849042,0.0,-0.5544000000000001,1.8215999999999999,-0.1584,0.2,0.0,0.0,0.1954768762233649,0.0,0.0,0.12051082930437036,0.014544410433286078,0.0,square,0,0.2,0.25,3,6,16.249913692474365,0.0
1779527841.245526,0.1954768762233649,0.0,0.0,0.12051082930437036,0.014544410433286078,0.0,-0.2376,1.5444,-0.396,0.2,0.0,0.0,0.19722220547535924,0.0,0.0,0.078955370923553,0.008311091676163474,0.0,square,0,0.2,0.25,3,6,16.259899616241455,0.0
1779527841.2554293,0.19722220547535924,0.0,0.0,0.078955370923553,0.008311091676163474,0.0,0.2376,1.7028,-0.396,0.2,0.0,0.0,0.19722220547535924,0.0,0.0,0.05609986881410345,0.0020777729190408684,0.0,square,0,0.2,0.25,3,6,16.270012855529785,0.0
1779527841.265417,0.19722220547535924,0.0,0.0,0.05609986881410345,0.0020777729190408684,0.0,0.396,1.5444,-0.35639999999999994,0.2,0.0,0.0,0.19722220547535924,0.0,0.0,0.05609986881410345,0.0,0.0,square,0,0.2,0.25,3,6,16.279916048049927,0.0
1779527841.2755976,0.19722220547535924,0.0,0.0,0.05609986881410345,0.0,0.0,-0.0792,1.5444,-0.27720000000000006,0.2,0.0,0.0,0.1989675347273536,0.0,0.0,0.0394776854617765,-0.006233318757122605,0.0,square,0,0.2,0.25,3,6,16.28990387916565,0.0
1779527841.285432,0.1989675347273536,0.0,0.0,0.0394776854617765,-0.006233318757122605,0.0,0.0,1.2276,-0.4752,0.2,0.0,0.0,0.1989675347273536,0.0,0.0,0.02493327502849042,-0.006233318757122605,0.0,square,0,0.2,0.25,3,6,16.300084352493286,0.0
1779527841.2954373,0.1989675347273536,0.0,0.0,0.02493327502849042,-0.006233318757122605,0.0,0.1584,1.1880000000000002,-0.4356,0.2,0.0,0.0,0.1989675347273536,0.0,0.0,0.014544410433286078,-0.010388864595204342,0.0,square,0,0.2,0.25,3,6,16.309918880462646,0.0
1779527841.3063307,0.1989675347273536,0.0,0.0,0.014544410433286078,-0.010388864595204342,0.0,0.27720000000000006,1.0296,-0.3168,0.2,0.0,0.0,0.1989675347273536,0.0,0.0,0.01246663751424521,-0.008311091676163474,0.0,square,0,0.2,0.25,3,6,16.319924116134644,0.0
1779527841.3164628,0.1989675347273536,0.0,0.0,0.01246663751424521,-0.008311091676163474,0.0,0.27720000000000006,0.9504,-0.396,0.2,0.0,0.0,0.1989675347273536,0.0,0.0,0.01246663751424521,0.0,0.0,square,0,0.2,0.25,3,6,16.330817461013794,0.0
1779527841.3257754,0.1989675347273536,0.0,0.0,0.01246663751424521,0.0,0.0,0.1584,1.1880000000000002,-0.4752,0.2,0.0,0.0,0.1989675347273536,0.0,0.0,0.006233318757122605,0.004155545838081737,0.0,square,0,0.2,0.25,3,6,16.340949535369873,0.0
1779527841.3365026,0.1989675347273536,0.0,0.0,0.006233318757122605,0.004155545838081737,0.0,-0.1188,1.3464,-0.396,0.2,0.0,0.0,0.1989675347273536,0.0,0.0,0.0,0.006233318757122605,-0.0020777729190408684,square,0,0.2,0.25,3,6,16.35026216506958,0.0
1779527841.3473396,0.1989675347273536,0.0,0.0,0.0,0.006233318757122605,-0.0020777729190408684,0.3168,1.5048000000000001,-0.3168,0.2,0.0,0.0,0.1989675347273536,0.0,0.0,0.0,0.004155545838081737,0.0,square,0,0.2,0.25,3,6,16.360989332199097,0.0
1779527841.3554864,0.1989675347273536,0.0,0.0,0.0,0.004155545838081737,0.0,0.2376,1.4652,0.27720000000000006,0.2,0.0,0.0,0.1989675347273536,0.0,0.0,0.0020777729190408684,0.0020777729190408684,0.0,square,0,0.2,0.25,3,6,16.37182641029358,0.0
1779527841.3655055,0.1989675347273536,0.0,0.0,0.0020777729190408684,0.0020777729190408684,0.0,-0.1584,1.3068,-0.3168,0.2,0.0,0.0,0.1989675347273536,0.0,0.0,0.004155545838081737,0.0,0.0,square,0,0.2,0.25,3,6,16.37997317314148,0.0
1779527841.375443,0.1989675347273536,0.0,0.0,0.004155545838081737,0.0,0.0,0.0,1.3068,-0.3168,0.2,0.0,0.0,0.1989675347273536,0.0,0.0,0.006233318757122605,0.0,0.0,square,0,0.2,0.25,3,6,16.389992237091064,0.0
1779527841.3854368,0.1989675347273536,0.0,0.0,0.006233318757122605,0.0,0.0,-0.0792,1.3068,-0.3168,0.2,0.0,0.0,0.1989675347273536,0.0,0.0,0.004155545838081737,0.0,0.0,square,0,0.2,0.25,3,6,16.399929761886597,0.0
1779527841.3955092,0.1989675347273536,0.0,0.0,0.004155545838081737,0.0,0.0,0.1188,1.4652,-0.3168,0.2,0.0,0.0,0.1989675347273536,0.0,0.0,0.0,0.0,0.0,square,0,0.2,0.25,3,6,16.409923553466797,0.0
1779527841.4055226,0.1989675347273536,0.0,0.0,0.0,0.0,0.0,0.1188,1.3068,0.27720000000000006,0.2,0.0,0.0,0.1989675347273536,0.0,0.0,-0.004155545838081737,0.0,0.0,square,0,0.2,0.25,3,6,16.4199960231781,0.0
1779527841.415515,0.1989675347273536,0.0,0.0,-0.004155545838081737,0.0,0.0,0.0396,1.5048000000000001,-0.396,0.2,0.0,0.0,0.1989675347273536,0.0,0.0,-0.004155545838081737,-0.0020777729190408684,0.0020777729190408684,square,0,0.2,0.25,3,6,16.430009365081787,0.0
1779527841.4254408,0.1989675347273536,0.0,0.0,-0.004155545838081737,-0.0020777729190408684,0.0020777729190408684,0.0,1.2672,-0.35639999999999994,0.2,0.0,0.0,0.1989675347273536,0.0,0.0,-0.0020777729190408684,-0.0020777729190408684,0.0,square,0,0.2,0.25,3,6,16.440001726150513,0.0
1779527841.4360352,0.1989675347273536,0.0,0.0,-0.0020777729190408684,-0.0020777729190408684,0.0,-0.0396,1.3860000000000001,-0.35639999999999994,0.2,0.0,0.0,0.1989675347273536,0.0,0.0,-0.006233318757122605,0.0,0.0,square,0,0.2,0.25,3,6,16.44992756843567,0.0
1779527841.4454684,0.1989675347273536,0.0,0.0,-0.006233318757122605,0.0,0.0,0.0,1.2276,-0.35639999999999994,0.2,0.0,0.0,0.1989675347273536,0.0,0.0,-0.006233318757122605,0.0,0.0,square,0,0.2,0.25,3,6,16.460521936416626,0.0
1779527841.4554486,0.1989675347273536,0.0,0.0,-0.006233318757122605,0.0,0.0,0.0396,1.4255999999999998,-0.2376,0.2,0.0,0.0,0.1989675347273536,0.0,0.0,0.0,0.0,0.0,square,0,0.2,0.25,3,6,16.46995520591736,0.0
1779527841.4654865,0.1989675347273536,0.0,0.0,0.0,0.0,0.0,-0.0396,1.5048000000000001,-0.35639999999999994,0.2,0.0,0.0,0.1989675347273536,0.0,0.0,0.0,0.0,0.0,square,0,0.2,0.25,3,6,16.47993540763855,0.0
1779527841.4754002,0.1989675347273536,0.0,0.0,0.0,0.0,0.0,0.0,1.3860000000000001,-0.198,0.2,0.0,0.0,0.1989675347273536,0.0,0.0,0.0,0.0,0.0,square,0,0.2,0.25,3,6,16.489973306655884,0.0
1779527841.4855633,0.1989675347273536,0.0,0.0,0.0,0.0,0.0,-0.0792,1.3464,-0.27720000000000006,0.2,0.0,0.0,0.1989675347273536,0.0,0.0,0.0,0.0020777729190408684,0.0020777729190408684,square,0,0.2,0.25,3,6,16.499886989593506,0.0
1779527841.495458,0.1989675347273536,0.0,0.0,0.0,0.0020777729190408684,0.0020777729190408684,0.1188,1.3860000000000001,-0.27720000000000006,0.2,0.0,0.0,0.1989675347273536,0.0,0.0,0.004155545838081737,0.0,0.0,square,0,0.2,0.25,3,6,16.510050058364868,0.0
1779527841.5054064,0.1989675347273536,0.0,0.0,0.004155545838081737,0.0,0.0,0.27720000000000006,1.3464,-0.396,0.2,0.0,0.0,0.1989675347273536,0.0,0.0,0.0,-0.0020777729190408684,0.0,square,0,0.2,0.25,3,6,16.519944667816162,0.0
1779527841.5154226,0.1989675347273536,0.0,0.0,0.0,-0.0020777729190408684,0.0,0.27720000000000006,1.4255999999999998,-0.4356,0.2,0.0,0.0,0.1989675347273536,0.0,0.0,0.0,0.0,0.0,square,0,0.2,0.25,3,6,16.529893159866333,0.0
1779527841.5254138,0.1989675347273536,0.0,0.0,0.0,0.0,0.0,0.2376,1.4652,0.198,0.2,0.0,0.0,0.1989675347273536,0.0,0.0,0.0,-0.0020777729190408684,0.0020777729190408684,square,0,0.2,0.25,3,6,16.53990936279297,0.0
1779527841.5354147,0.1989675347273536,0.0,0.0,0.0,-0.0020777729190408684,0.0020777729190408684,0.198,1.4652,-0.198,0.2,0.0,0.0,0.1989675347273536,0.0,0.0,-0.004155545838081737,0.0,-0.0020777729190408684,square,0,0.2,0.25,3,6,16.5499005317688,0.0
1779527841.5454168,0.1989675347273536,0.0,0.0,-0.004155545838081737,0.0,-0.0020777729190408684,0.1188,1.5048000000000001,-0.3168,0.2,0.0,0.0,0.1989675347273536,0.0,0.0,0.0,0.0,0.0020777729190408684,square,0,0.2,0.25,3,6,16.559901475906372,0.0
1779527841.5554507,0.1989675347273536,0.0,0.0,0.0,0.0,0.0020777729190408684,0.2376,1.4255999999999998,-0.4752,0.2,0.0,0.0,0.1989675347273536,0.0,0.0,-0.006233318757122605,0.0,-0.0020777729190408684,square,0,0.2,0.25,3,6,16.56990361213684,0.0
1779527841.5654144,0.1989675347273536,0.0,0.0,-0.006233318757122605,0.0,-0.0020777729190408684,0.0792,1.4652,-0.3168,0.2,0.0,0.0,0.1989675347273536,0.0,0.0,-0.0020777729190408684,0.0,0.0,square,0,0.2,0.25,3,6,16.57993745803833,0.0
1779527841.5754142,0.1989675347273536,0.0,0.0,-0.0020777729190408684,0.0,0.0,0.0396,1.5048000000000001,-0.35639999999999994,0.2,0.0,0.0,0.1989675347273536,0.0,0.0,0.0,0.0,0.0,square,0,0.2,0.25,3,6,16.589901208877563,0.0
1779527841.5855818,0.1989675347273536,0.0,0.0,0.0,0.0,0.0,0.1188,1.5444,-0.3168,0.2,0.0,0.0,0.1989675347273536,0.0,0.0,0.0,0.0,0.0,square,0,0.2,0.25,3,6,16.59990096092224,0.0
1779527841.5954309,0.1989675347273536,0.0,0.0,0.0,0.0,0.0,0.1188,1.3860000000000001,0.198,0.2,0.0,0.0,0.1989675347273536,0.0,0.0,0.0,0.0,0.0,square,0,0.2,0.25,3,6,16.610068559646606,0.0
1779527841.6053917,0.1989675347273536,0.0,0.0,0.0,0.0,0.0,0.2376,1.4255999999999998,-0.198,0.2,0.0,0.0,0.1989675347273536,0.0,0.0,0.0020777729190408684,0.0,0.0,square,0,0.2,0.25,3,6,16.619917631149292,0.0
1779527841.615413,0.1989675347273536,0.0,0.0,0.0020777729190408684,0.0,0.0,0.198,1.5048000000000001,-0.3168,0.2,0.0,0.0,0.1989675347273536,0.0,0.0,0.0020777729190408684,0.0,0.0,square,0,0.2,0.25,3,6,16.629878520965576,0.0
1779527841.625417,0.1989675347273536,0.0,0.0,0.0020777729190408684,0.0,0.0,0.27720000000000006,1.5048000000000001,-0.3168,0.2,0.0,0.0,0.1989675347273536,0.0,0.0,0.0,0.0,0.0,square,0,0.2,0.25,3,6,16.639899730682373,0.0
1779527841.6354237,0.1989675347273536,0.0,0.0,0.0,0.0,0.0,0.2376,1.3464,-0.27720000000000006,0.2,0.0,0.0,0.1989675347273536,0.0,0.0,-0.0020777729190408684,0.0,0.0,square,0,0.2,0.25,3,6,16.649903774261475,0.0
1779527841.6454628,0.1989675347273536,0.0,0.0,-0.0020777729190408684,0.0,0.0,0.2376,1.3860000000000001,-0.198,0.2,0.0,0.0,0.1989675347273536,0.0,0.0,0.0,0.0,0.0,square,0,0.2,0.25,3,6,16.659910440444946,0.0
1779527841.6554134,0.1989675347273536,0.0,0.0,0.0,0.0,0.0,0.1584,1.4652,-0.2376,0.2,0.0,0.0,0.1989675347273536,0.0,0.0,0.0,0.0,0.0020777729190408684,square,0,0.2,0.25,3,6,16.669949531555176,0.0
1779527841.665414,0.1989675347273536,0.0,0.0,0.0,0.0,0.0020777729190408684,0.1584,1.5048000000000001,-0.3168,0.2,0.0,0.0,0.1989675347273536,0.0,0.0,-0.0020777729190408684,0.0,0.0,square,0,0.2,0.25,3,6,16.67990016937256,0.0
1779527841.675437,0.1989675347273536,0.0,0.0,-0.0020777729190408684,0.0,0.0,0.0792,1.4652,-0.3168,0.2,0.0,0.0,0.1989675347273536,0.0,0.0,0.0,0.0,-0.0020777729190408684,square,0,0.2,0.25,3,6,16.689900875091553,0.0
1779527841.6854231,0.1989675347273536,0.0,0.0,0.0,0.0,-0.0020777729190408684,0.1188,1.4255999999999998,-0.198,0.2,0.0,0.0,0.1989675347273536,0.0,0.0,0.0,0.0,0.0,square,0,0.2,0.25,3,6,16.699923753738403,0.0
1779527841.6954167,0.1989675347273536,0.0,0.0,0.0,0.0,0.0,0.2376,1.6236000000000002,-0.27720000000000006,0.2,0.0,0.0,0.1989675347273536,0.0,0.0,0.0020777729190408684,0.0,0.0,square,0,0.2,0.25,3,6,16.709909915924072,0.0
1779527841.7054534,0.1989675347273536,0.0,0.0,0.0020777729190408684,0.0,0.0,0.27720000000000006,1.5048000000000001,-0.396,0.2,0.0,0.0,0.1989675347273536,0.0,0.0,0.0020777729190408684,-0.0020777729190408684,0.0,square,0,0.2,0.25,3,6,16.719903469085693,0.0
1779527841.7154233,0.1989675347273536,0.0,0.0,0.0020777729190408684,-0.0020777729190408684,0.0,0.3168,1.4652,0.1584,0.2,0.0,0.0,0.1989675347273536,0.0,0.0,0.0,-0.0020777729190408684,0.0,square,0,0.2,0.25,3,6,16.729940176010132,0.0
1779527841.725416,0.1989675347273536,0.0,0.0,0.0,-0.0020777729190408684,0.0,0.198,1.4255999999999998,0.27720000000000006,0.2,0.0,0.0,0.1989675347273536,0.0,0.0,-0.0020777729190408684,0.0,0.0,square,0,0.2,0.25,3,6,16.739910125732422,0.0
1779527841.73551,0.1989675347273536,0.0,0.0,-0.0020777729190408684,0.0,0.0,0.198,1.4652,-0.4752,0.2,0.0,0.0,0.1989675347273536,0.0,0.0,-0.0020777729190408684,0.0,0.0,square,0,0.2,0.25,3,6,16.749902725219727,0.0
1779527841.7454224,0.1989675347273536,0.0,0.0,-0.0020777729190408684,0.0,0.0,0.2376,1.3860000000000001,-0.1584,0.2,0.0,0.0,0.1989675347273536,0.0,0.0,0.0,0.0020777729190408684,0.0,square,0,0.2,0.25,3,6,16.75999689102173,0.0
1779527841.755432,0.1989675347273536,0.0,0.0,0.0,0.0020777729190408684,0.0,0.0792,1.5444,-0.27720000000000006,0.2,0.0,0.0,0.1989675347273536,0.0,0.0,0.0,0.0,0.0,square,0,0.2,0.25,3,6,16.769909143447876,0.0
1779527841.7654657,0.1989675347273536,0.0,0.0,0.0,0.0,0.0,0.0792,1.4652,-0.3168,0.2,0.0,0.0,0.1989675347273536,0.0,0.0,0.0,0.0,0.0,square,0,0.2,0.25,3,6,16.779918670654297,0.0
1779527841.775414,0.1989675347273536,0.0,0.0,0.0,0.0,0.0,0.0792,1.4652,-0.3168,0.2,0.0,0.0,0.1989675347273536,0.0,0.0,0.0,0.0,0.0,square,0,0.2,0.25,3,6,16.789952516555786,0.0
1779527841.7854168,0.1989675347273536,0.0,0.0,0.0,0.0,0.0,0.0792,1.4652,-0.3168,0.2,0.0,0.0,0.1989675347273536,0.0,0.0,0.0,0.0020777729190408684,0.0,square,0,0.2,0.25,3,6,16.799900770187378,0.0
1779527841.795452,0.1989675347273536,0.0,0.0,0.0,0.0020777729190408684,0.0,0.2376,1.4255999999999998,-0.396,0.2,0.0,0.0,0.1989675347273536,0.0,0.0,0.0020777729190408684,0.0,0.0,square,0,0.2,0.25,3,6,16.809903621673584,0.0
1779527841.8054473,0.1989675347273536,0.0,0.0,0.0020777729190408684,0.0,0.0,0.2376,1.4255999999999998,-0.396,0.2,0.0,0.0,0.1989675347273536,0.0,0.0,0.0,0.0,0.0,square,0,0.2,0.25,3,6,16.819938898086548,0.0
1779527841.8154113,0.1989675347273536,0.0,0.0,0.0,0.0,0.0,0.198,1.584,-0.35639999999999994,0.2,0.0,0.0,0.1989675347273536,0.0,0.0,0.0,0.0,0.0,square,0,0.2,0.25,3,6,16.829934120178223,0.0
1779527841.825414,0.1989675347273536,0.0,0.0,0.0,0.0,0.0,0.2376,1.584,-0.27720000000000006,0.2,0.0,0.0,0.1989675347273536,0.0,0.0,0.0,0.0,0.0,square,0,0.2,0.25,3,6,16.839898109436035,0.0
1779527841.8354146,0.1989675347273536,0.0,0.0,0.0,0.0,0.0,0.1584,1.3860000000000001,0.2376,0.2,0.0,0.0,0.1989675347273536,0.0,0.0,-0.0020777729190408684,0.0,0.0020777729190408684,square,0,0.2,0.25,3,6,16.849900722503662,0.0
1779527841.8454063,0.1989675347273536,0.0,0.0,-0.0020777729190408684,0.0,0.0020777729190408684,0.1188,1.5048000000000001,-0.27720000000000006,0.2,0.0,0.0,0.1989675347273536,0.0,0.0,-0.004155545838081737,0.0,0.0,square,0,0.2,0.25,3,6,16.859901428222656,0.0
1779527841.8554146,0.1989675347273536,0.0,0.0,-0.004155545838081737,0.0,0.0,0.0396,1.3860000000000001,-0.27720000000000006,0.2,0.0,0.0,0.1989675347273536,0.0,0.0,0.0,0.0,0.0,square,0,0.2,0.25,3,6,16.869893074035645,0.0
1779527841.8654187,0.1989675347273536,0.0,0.0,0.0,0.0,0.0,0.0792,1.584,-0.2376,0.2,0.0,0.0,0.1989675347273536,0.0,0.0,-0.0020777729190408684,0.0,0.0,square,0,0.2,0.25,3,6,16.87990140914917,0.0
1779527841.8760324,0.1989675347273536,0.0,0.0,-0.0020777729190408684,0.0,0.0,0.0792,1.5048000000000001,-0.1188,0.2,0.0,0.0,0.1989675347273536,0.0,0.0,0.0020777729190408684,0.0,0.0,square,0,0.2,0.25,3,6,16.88990545272827,0.0
1779527841.8853998,0.1989675347273536,0.0,0.0,0.0020777729190408684,0.0,0.0,0.1188,1.4652,-0.198,0.2,0.0,0.0,0.1989675347273536,0.0,0.0,0.0,0.0,0.0,square,0,0.2,0.25,3,6,16.900519132614136,0.0
1779527841.8954847,0.1989675347273536,0.0,0.0,0.0,0.0,0.0,0.1584,1.5444,-0.27720000000000006,0.2,0.0,0.0,0.1989675347273536,0.0,0.0,0.0020777729190408684,0.0,0.0020777729190408684,square,0,0.2,0.25,3,6,16.909886598587036,0.0
1779527841.9055016,0.1989675347273536,0.0,0.0,0.0020777729190408684,0.0,0.0020777729190408684,0.2376,1.5444,-0.27720000000000006,0.2,0.0,0.0,0.1989675347273536,0.0,0.0,0.0,0.0,-0.0020777729190408684,square,0,0.2,0.25,3,6,16.919971466064453,0.0
1779527841.915516,0.1989675347273536,0.0,0.0,0.0,0.0,-0.0020777729190408684,0.1584,1.5444,0.0792,0.2,0.0,0.0,0.1989675347273536,0.0,0.0,0.0020777729190408684,0.0,0.0,square,0,0.2,0.25,3,6,16.929988384246826,0.0
1779527841.9254937,0.1989675347273536,0.0,0.0,0.0020777729190408684,0.0,0.0,0.1584,1.584,-0.198,0.2,0.0,0.0,0.1989675347273536,0.0,0.0,0.0,0.0,0.0,square,0,0.2,0.25,3,6,16.94000267982483,0.0
1779527841.936187,0.1989675347273536,0.0,0.0,0.0,0.0,0.0,0.1188,1.584,-0.27720000000000006,0.2,0.0,0.0,0.1989675347273536,0.0,0.0,0.0,0.0,-0.0020777729190408684,square,0,0.2,0.25,3,6,16.94998049736023,0.0
1779527841.9490802,0.1989675347273536,0.0,0.0,0.0,0.0,-0.0020777729190408684,0.1584,1.6236000000000002,0.0396,0.2,0.0,0.0,0.1989675347273536,0.0,0.0,-0.0020777729190408684,0.0,0.0,square,0,0.2,0.25,3,6,16.960673809051514,0.0
1779527841.9555428,0.1989675347273536,0.0,0.0,-0.0020777729190408684,0.0,0.0,0.0792,1.584,-0.27720000000000006,0.2,0.0,0.0,0.1989675347273536,0.0,0.0,0.0,-0.0020777729190408684,0.0,square,0,0.2,0.25,3,6,16.973567008972168,0.0
1779527841.9667394,0.1989675347273536,0.0,0.0,0.0,-0.0020777729190408684,0.0,0.0792,1.5048000000000001,-0.1584,0.2,0.0,0.0,0.1989675347273536,0.0,0.0,0.0,-0.0020777729190408684,0.0,square,0,0.2,0.25,3,6,16.980029582977295,0.0
1779527841.9765885,0.1989675347273536,0.0,0.0,0.0,-0.0020777729190408684,0.0,0.0792,1.5048000000000001,-0.1584,0.2,0.0,0.0,0.1989675347273536,0.0,0.0,0.0,0.0,0.0,square,0,0.2,0.25,3,6,16.991226196289062,0.0
1779527841.9865832,0.1989675347273536,0.0,0.0,0.0,0.0,0.0,0.0396,1.4652,-0.3168,0.2,0.0,0.0,0.1989675347273536,0.0,0.0,0.0020777729190408684,0.0,0.0,square,0,0.2,0.25,3,6,17.001075267791748,0.0
1779527841.9954996,0.1989675347273536,0.0,0.0,0.0020777729190408684,0.0,0.0,0.1584,1.5048000000000001,-0.1584,0.2,0.0,0.0,0.1989675347273536,0.0,0.0,0.0,0.0,0.0,square,0,0.2,0.25,3,6,17.011070013046265,0.0
1779527842.0054061,0.1989675347273536,0.0,0.0,0.0,0.0,0.0,0.1584,1.4652,-0.2376,0.2,0.0,0.0,0.1989675347273536,0.0,0.0,0.0,0.0,0.0,square,0,0.2,0.25,3,6,17.019986391067505,0.0
1779527842.0154798,0.1989675347273536,0.0,0.0,0.0,0.0,0.0,0.1584,1.4652,-0.4752,0.2,0.0,0.0,0.1989675347273536,0.0,0.0,0.0,0.0,0.0,square,0,0.2,0.25,3,6,17.029892921447754,0.0
1779527842.0256445,0.1989675347273536,0.0,0.0,0.0,0.0,0.0,0.1188,1.6236000000000002,-0.2376,0.2,0.0,0.0,0.1989675347273536,0.0,0.0,0.0,0.0020777729190408684,0.0,square,0,0.2,0.25,3,6,17.039966583251953,0.0
1779527842.0355198,0.1989675347273536,0.0,0.0,0.0,0.0020777729190408684,0.0,0.1188,1.5444,-0.198,0.2,0.0,0.0,0.1989675347273536,0.0,0.0,0.0,0.0,-0.0020777729190408684,square,0,0.2,0.25,3,6,17.05013132095337,0.0
1779527842.0455103,0.1989675347273536,0.0,0.0,0.0,0.0,-0.0020777729190408684,0.1584,1.5444,-0.396,0.2,0.0,0.0,0.1989675347273536,0.0,0.0,0.0,0.0,0.0,square,0,0.2,0.25,3,6,17.060006618499756,0.0
1779527842.0554326,0.1989675347273536,0.0,0.0,0.0,0.0,0.0,0.1188,1.3860000000000001,-0.396,0.2,0.0,0.0,0.1989675347273536,0.0,0.0,0.0,0.0020777729190408684,0.0,square,0,0.2,0.25,3,6,17.06999707221985,0.0
1779527842.0655189,0.1989675347273536,0.0,0.0,0.0,0.0020777729190408684,0.0,0.1188,1.4652,-0.198,0.2,0.0,0.0,0.1989675347273536,0.0,0.0,0.0,0.0,0.0,square,0,0.2,0.25,3,6,17.07991933822632,0.0
1779527842.0754502,0.1989675347273536,0.0,0.0,0.0,0.0,0.0,0.1584,1.4652,-0.3168,0.2,0.0,0.0,0.1989675347273536,0.0,0.0,0.0,0.0,0.0,square,0,0.2,0.25,3,6,17.09000563621521,0.0
1779527842.0854325,0.1989675347273536,0.0,0.0,0.0,0.0,0.0,0.198,1.6236000000000002,-0.1584,0.2,0.0,0.0,0.1989675347273536,0.0,0.0,-0.0020777729190408684,0.0,0.0,square,0,0.2,0.25,3,6,17.099936962127686,0.0
1779527842.0954275,0.1989675347273536,0.0,0.0,-0.0020777729190408684,0.0,0.0,0.0792,1.584,-0.1584,0.2,0.0,0.0,0.1989675347273536,0.0,0.0,0.0,0.0,0.0,square,0,0.2,0.25,3,6,17.10991930961609,0.0
1779527842.1054401,0.1989675347273536,0.0,0.0,0.0,0.0,0.0,0.0792,1.4652,-0.3168,0.2,0.0,0.0,0.1989675347273536,0.0,0.0,0.0,0.0,0.0020777729190408684,square,0,0.2,0.25,3,6,17.119914293289185,0.0
1779527842.115417,0.1989675347273536,0.0,0.0,0.0,0.0,0.0020777729190408684,0.1188,1.6236000000000002,-0.35639999999999994,0.2,0.0,0.0,0.1989675347273536,0.0,0.0,0.0,0.0,0.0,square,0,0.2,0.25,3,6,17.129926919937134,0.0
1779527842.125411,0.1989675347273536,0.0,0.0,0.0,0.0,0.0,0.0792,1.584,-0.0792,0.2,0.0,0.0,0.1989675347273536,0.0,0.0,0.0,0.0,-0.0020777729190408684,square,0,0.2,0.25,3,6,17.139903783798218,0.0
1779527842.1354313,0.1989675347273536,0.0,0.0,0.0,0.0,-0.0020777729190408684,0.0792,1.6236000000000002,-0.2376,0.2,0.0,0.0,0.1989675347273536,0.0,0.0,0.0,0.0,0.0,square,0,0.2,0.25,3,6,17.149897813796997,0.0
1779527842.145414,0.1989675347273536,0.0,0.0,0.0,0.0,0.0,0.0792,1.584,-0.35639999999999994,0.2,0.0,0.0,0.1989675347273536,0.0,0.0,0.0,0.0,0.0,square,0,0.2,0.25,3,6,17.159918069839478,0.0
1779527842.1554134,0.1989675347273536,0.0,0.0,0.0,0.0,0.0,0.0,1.4652,-0.198,0.2,0.0,0.0,0.1989675347273536,0.0,0.0,0.0,0.0,0.0,square,0,0.2,0.25,3,6,17.16990089416504,0.0
1779527842.1655524,0.1989675347273536,0.0,0.0,0.0,0.0,0.0,0.0792,1.4652,-0.3168,0.2,0.0,0.0,0.1989675347273536,0.0,0.0,0.0020777729190408684,0.0,0.0,square,0,0.2,0.25,3,6,17.17990016937256,0.0
1779527842.175467,0.1989675347273536,0.0,0.0,0.0020777729190408684,0.0,0.0,0.1584,1.4255999999999998,-0.27720000000000006,0.2,0.0,0.0,0.1989675347273536,0.0,0.0,0.0,0.0,0.0,square,0,0.2,0.25,3,6,17.19003915786743,0.0
1779527842.1854131,0.1989675347273536,0.0,0.0,0.0,0.0,0.0,0.1584,1.3464,-0.198,0.2,0.0,0.0,0.1989675347273536,0.0,0.0,0.0020777729190408684,0.0,0.0,square,0,0.2,0.25,3,6,17.19995379447937,0.0
1779527842.1954174,0.1989675347273536,0.0,0.0,0.0020777729190408684,0.0,0.0,0.198,1.5048000000000001,-0.5148,0.2,0.0,0.0,0.1989675347273536,0.0,0.0,0.0,0.0,0.0,square,0,0.2,0.25,3,6,17.20989990234375,0.0
1779527842.2054322,0.1989675347273536,0.0,0.0,0.0,0.0,0.0,0.1584,1.4652,-0.198,0.2,0.0,0.0,0.1989675347273536,0.0,0.0,0.0,0.0,0.0,square,0,0.2,0.25,3,6,17.21990418434143,0.0
1779527842.2154295,0.1989675347273536,0.0,0.0,0.0,0.0,0.0,0.1584,1.5444,-0.4356,0.2,0.0,0.0,0.1989675347273536,0.0,0.0,0.0,0.0,0.0,square,0,0.2,0.25,3,6,17.229918956756592,0.0
1779527842.225477,0.1989675347273536,0.0,0.0,0.0,0.0,0.0,0.1584,1.5444,-0.1584,0.2,0.0,0.0,0.1989675347273536,0.0,0.0,0.0,0.0,0.0,square,0,0.2,0.25,3,6,17.23991632461548,0.0
1779527842.2354138,0.1989675347273536,0.0,0.0,0.0,0.0,0.0,0.0792,1.5048000000000001,-0.1188,0.2,0.0,0.0,0.1989675347273536,0.0,0.0,0.0,0.0,0.0,square,0,0.2,0.25,3,6,17.249963760375977,0.0
1779527842.2454119,0.1989675347273536,0.0,0.0,0.0,0.0,0.0,0.0396,1.584,-0.3168,0.2,0.0,0.0,0.1989675347273536,0.0,0.0,0.0,0.0,0.0,square,0,0.2,0.25,3,6,17.25990056991577,0.0
1779527842.2554345,0.1989675347273536,0.0,0.0,0.0,0.0,0.0,0.0792,1.584,-0.198,0.2,0.0,0.0,0.1989675347273536,0.0,0.0,-0.0020777729190408684,0.0,0.0,square,0,0.2,0.25,3,6,17.269898653030396,0.0
1779527842.265469,0.1989675347273536,0.0,0.0,-0.0020777729190408684,0.0,0.0,0.0792,1.5444,-0.396,0.2,0.0,0.0,0.1989675347273536,0.0,0.0,0.0,0.0020777729190408684,0.0,square,0,0.2,0.25,3,6,17.279921293258667,0.0
1779527842.275416,0.1989675347273536,0.0,0.0,0.0,0.0020777729190408684,0.0,0.0792,1.5048000000000001,0.4356,0.2,0.0,0.0,0.1989675347273536,0.0,0.0,0.0,-0.0020777729190408684,0.0,square,0,0.2,0.25,3,6,17.289955854415894,0.0
1779527842.2854137,0.1989675347273536,0.0,0.0,0.0,-0.0020777729190408684,0.0,0.1188,1.5444,0.1584,0.2,0.0,0.0,0.1989675347273536,0.0,0.0,0.0020777729190408684,0.0020777729190408684,0.0,square,0,0.2,0.25,3,6,17.29990267753601,0.0
1779527842.295415,0.1989675347273536,0.0,0.0,0.0020777729190408684,0.0020777729190408684,0.0,0.1188,1.3860000000000001,-0.198,0.2,0.0,0.0,0.1989675347273536,0.0,0.0,0.0020777729190408684,0.0,0.0,square,0,0.2,0.25,3,6,17.309900522232056,0.0
1779527842.3053942,0.1989675347273536,0.0,0.0,0.0020777729190408684,0.0,0.0,0.1584,1.5444,-0.27720000000000006,0.2,0.0,0.0,0.1989675347273536,0.0,0.0,0.0,0.0,0.0,square,0,0.2,0.25,3,6,17.319901704788208,0.0
1779527842.315413,0.1989675347273536,0.0,0.0,0.0,0.0,0.0,0.0792,1.584,-0.396,0.2,0.0,0.0,0.1989675347273536,0.0,0.0,0.0,0.0,0.0,square,0,0.2,0.25,3,6,17.329880952835083,0.0
1779527842.325418,0.1989675347273536,0.0,0.0,0.0,0.0,0.0,0.1584,1.3860000000000001,-0.3168,0.2,0.0,0.0,0.1989675347273536,0.0,0.0,0.0,-0.0020777729190408684,0.0,square,0,0.2,0.25,3,6,17.33989977836609,0.0
1779527842.3354092,0.1989675347273536,0.0,0.0,0.0,-0.0020777729190408684,0.0,0.0792,1.4652,-0.198,0.2,0.0,0.0,0.1989675347273536,0.0,0.0,0.0020777729190408684,0.0,0.0,square,0,0.2,0.25,3,6,17.349904775619507,0.0
1779527842.3454187,0.1989675347273536,0.0,0.0,0.0020777729190408684,0.0,0.0,0.198,1.4255999999999998,-0.198,0.2,0.0,0.0,0.1989675347273536,0.0,0.0,0.0,0.0,0.0020777729190408684,square,0,0.2,0.25,3,6,17.359895944595337,0.0
1779527842.3554108,0.1989675347273536,0.0,0.0,0.0,0.0,0.0020777729190408684,0.1188,1.5444,-0.198,0.2,0.0,0.0,0.1989675347273536,0.0,0.0,0.0,0.0,0.0020777729190408684,square,0,0.2,0.25,3,6,17.369905471801758,0.0
1779527842.365441,0.1989675347273536,0.0,0.0,0.0,0.0,0.0020777729190408684,0.1188,1.5444,-0.198,0.2,0.0,0.0,0.1989675347273536,0.0,0.0,0.0,0.0,0.0,square,0,0.2,0.25,3,6,17.379897594451904,0.0
1779527842.3754148,0.1989675347273536,0.0,0.0,0.0,0.0,0.0,0.1188,1.6236000000000002,0.1584,0.2,0.0,0.0,0.1989675347273536,0.0,0.0,0.0,0.0,0.0,square,0,0.2,0.25,3,6,17.389927864074707,0.0
1779527842.3854396,0.1989675347273536,0.0,0.0,0.0,0.0,0.0,0.1188,1.4652,-0.4356,0.2,0.0,0.0,0.1989675347273536,0.0,0.0,0.0,0.0,0.0,square,0,0.2,0.25,3,6,17.399901628494263,0.0
1779527842.3954325,0.1989675347273536,0.0,0.0,0.0,0.0,0.0,0.0792,1.5048000000000001,-0.198,0.2,0.0,0.0,0.1989675347273536,0.0,0.0,0.0,0.0,0.0,square,0,0.2,0.25,3,6,17.409926414489746,0.0
1779527842.4054232,0.1989675347273536,0.0,0.0,0.0,0.0,0.0,0.0792,1.5048000000000001,-0.27720000000000006,0.2,0.0,0.0,0.1989675347273536,0.0,0.0,0.0,0.0,0.0020777729190408684,square,0,0.2,0.25,3,6,17.41991925239563,0.0
1779527842.4154263,0.1989675347273536,0.0,0.0,0.0,0.0,0.0020777729190408684,0.1584,1.4255999999999998,-0.1188,0.2,0.0,0.0,0.1989675347273536,0.0,0.0,0.0,0.0,0.0,square,0,0.2,0.25,3,6,17.4299099445343,0.0
1779527842.4253953,0.1989675347273536,0.0,0.0,0.0,0.0,0.0,0.1188,1.4255999999999998,-0.4356,0.2,0.0,0.0,0.1989675347273536,0.0,0.0,0.0,-0.0020777729190408684,0.0,square,0,0.2,0.25,3,6,17.439913034439087,0.0
1779527842.435416,0.1989675347273536,0.0,0.0,0.0,-0.0020777729190408684,0.0,0.0792,1.4652,-0.1584,0.2,0.0,0.0,0.1989675347273536,0.0,0.0,0.0,0.0,0.0,square,0,0.2,0.25,3,6,17.44988203048706,0.0
1779527842.445412,0.1989675347273536,0.0,0.0,0.0,0.0,0.0,0.1188,1.4255999999999998,-0.2376,0.2,0.0,0.0,0.1989675347273536,0.0,0.0,0.0,0.0,0.0,square,0,0.2,0.25,3,6,17.4599027633667,0.0
1779527842.4554107,0.1989675347273536,0.0,0.0,0.0,0.0,0.0,0.1188,1.4255999999999998,-0.1188,0.2,0.0,0.0,0.1989675347273536,0.0,0.0,0.0,0.0,0.0,square,0,0.2,0.25,3,6,17.46989870071411,0.0
1779527842.4654262,0.1989675347273536,0.0,0.0,0.0,0.0,0.0,0.1188,1.584,-0.1584,0.2,0.0,0.0,0.1989675347273536,0.0,0.0,0.0,0.0,0.0,square,0,0.2,0.25,3,6,17.479897499084473,0.0
1779527842.4754162,0.1989675347273536,0.0,0.0,0.0,0.0,0.0,0.1584,1.5444,-0.35639999999999994,0.2,0.0,0.0,0.1989675347273536,0.0,0.0,0.0020777729190408684,0.0,0.0,square,0,0.2,0.25,3,6,17.48991298675537,0.0
1779527842.4854226,0.1989675347273536,0.0,0.0,0.0020777729190408684,0.0,0.0,0.1584,1.5444,-0.1584,0.2,0.0,0.0,0.1989675347273536,0.0,0.0,0.0,0.0,0.0,square,0,0.2,0.25,3,6,17.499902963638306,0.0
1779527842.4954214,0.1989675347273536,0.0,0.0,0.0,0.0,0.0,0.1188,1.584,-0.4356,0.2,0.0,0.0,0.1989675347273536,0.0,0.0,0.0,0.0,0.0,square,0,0.2,0.25,3,6,17.5099093914032,0.0
1779527842.506693,0.1989675347273536,0.0,0.0,0.0,0.0,0.0,0.1188,1.5444,-0.4356,0.2,0.0,0.0,0.1989675347273536,0.0,0.0,0.0,0.0,0.0020777729190408684,square,0,0.2,0.25,3,6,17.51990818977356,0.0
1779527842.5161667,0.1989675347273536,0.0,0.0,0.0,0.0,0.0020777729190408684,0.0396,1.4255999999999998,-0.1188,0.2,0.0,0.0,0.1989675347273536,0.0,0.0,0.0,0.0,0.0,square,0,0.2,0.25,3,6,17.531179666519165,0.0
1779527842.5255148,0.1989675347273536,0.0,0.0,0.0,0.0,0.0,0.0792,1.4255999999999998,-0.1584,0.2,0.0,0.0,0.1989675347273536,0.0,0.0,0.0,0.0,0.0,square,0,0.2,0.25,3,6,17.540653467178345,0.0
1779527842.5383205,0.1989675347273536,0.0,0.0,0.0,0.0,0.0,0.0792,1.5048000000000001,-0.35639999999999994,0.2,0.0,0.0,0.1989675347273536,0.0,0.0,0.0,0.0,0.0,square,0,0.2,0.25,3,6,17.550001621246338,0.0
1779527842.5455806,0.1989675347273536,0.0,0.0,0.0,0.0,0.0,0.1584,1.584,-0.27720000000000006,0.2,0.0,0.0,0.1989675347273536,0.0,0.0,0.0,0.0,0.0,square,0,0.2,0.25,3,6,17.562807321548462,0.0
1779527842.5554633,0.1989675347273536,0.0,0.0,0.0,0.0,0.0,0.1584,1.5048000000000001,-0.198,0.2,0.0,0.0,0.1989675347273536,0.0,0.0,0.0,0.0,0.0,square,0,0.2,0.25,3,6,17.570067405700684,0.0
1779527842.5654495,0.1989675347273536,0.0,0.0,0.0,0.0,0.0,0.198,1.4652,-0.3168,0.2,0.0,0.0,0.1989675347273536,0.0,0.0,0.0,0.0,0.0,square,0,0.2,0.25,3,6,17.579950094223022,0.0
1779527842.5754595,0.1989675347273536,0.0,0.0,0.0,0.0,0.0,0.1584,1.584,-0.2376,0.2,0.0,0.0,0.1989675347273536,0.0,0.0,0.0,0.0,0.0,square,0,0.2,0.25,3,6,17.58993625640869,0.0
1779527842.585486,0.1989675347273536,0.0,0.0,0.0,0.0,0.0,0.1584,1.5048000000000001,-0.27720000000000006,0.2,0.0,0.0,0.1989675347273536,0.0,0.0,0.0020777729190408684,0.0,0.0020777729190408684,square,0,0.2,0.25,3,6,17.59994626045227,0.0
1779527842.5955644,0.1989675347273536,0.0,0.0,0.0020777729190408684,0.0,0.0020777729190408684,0.1584,1.584,-0.5148,0.2,0.0,0.0,0.1989675347273536,0.0,0.0,0.0,0.0,0.0,square,0,0.2,0.25,3,6,17.609972715377808,0.0
1779527842.6055493,0.1989675347273536,0.0,0.0,0.0,0.0,0.0,0.1584,1.5048000000000001,-0.2376,0.2,0.0,0.0,0.1989675347273536,0.0,0.0,0.0,0.0,0.0,square,0,0.2,0.25,3,6,17.62005114555359,0.0
1779527842.6156292,0.1989675347273536,0.0,0.0,0.0,0.0,0.0,0.1188,1.4652,-0.198,0.2,0.0,0.0,0.1989675347273536,0.0,0.0,0.0,0.0,0.0,square,0,0.2,0.25,3,6,17.630036115646362,0.0
1779527842.625473,0.1989675347273536,0.0,0.0,0.0,0.0,0.0,0.1188,1.4255999999999998,-0.198,0.2,0.0,0.0,0.1989675347273536,0.0,0.0,0.0,0.0,0.0,square,0,0.2,0.25,3,6,17.640115976333618,0.0
1779527842.6363952,0.1989675347273536,0.0,0.0,0.0,0.0,0.0,0.0792,1.4255999999999998,0.1584,0.2,0.0,0.0,0.1989675347273536,0.0,0.0,0.0,0.0,0.0,square,0,0.2,0.25,3,6,17.649959802627563,0.0
1779527842.6454399,0.1989675347273536,0.0,0.0,0.0,0.0,0.0,0.0792,1.3464,-0.3168,0.2,0.0,0.0,0.1989675347273536,0.0,0.0,0.0,0.0,0.0,square,0,0.2,0.25,3,6,17.660881996154785,0.0
1779527842.6558971,0.1989675347273536,0.0,0.0,0.0,0.0,0.0,0.1584,1.3860000000000001,-0.3168,0.2,0.0,0.0,0.1989675347273536,0.0,0.0,0.0,0.0,0.0,square,0,0.2,0.25,3,6,17.669926643371582,0.0
1779527842.6654868,0.1989675347273536,0.0,0.0,0.0,0.0,0.0,0.0792,1.4652,-0.396,0.2,0.0,0.0,0.1989675347273536,0.0,0.0,0.0,0.0,0.0,square,0,0.2,0.25,3,6,17.680383920669556,0.0
1779527842.6754963,0.1989675347273536,0.0,0.0,0.0,0.0,0.0,0.0792,1.5048000000000001,-0.396,0.2,0.0,0.0,0.1989675347273536,0.0,0.0,0.0,0.0,0.0,square,0,0.2,0.25,3,6,17.68997359275818,0.0
1779527842.6855156,0.1989675347273536,0.0,0.0,0.0,0.0,0.0,0.1584,1.584,-0.198,0.2,0.0,0.0,0.1989675347273536,0.0,0.0,0.0,0.0020777729190408684,0.0,square,0,0.2,0.25,3,6,17.6999831199646,0.0
1779527842.6955142,0.1989675347273536,0.0,0.0,0.0,0.0020777729190408684,0.0,0.198,1.5444,-0.0396,0.2,0.0,0.0,0.1989675347273536,0.0,0.0,0.0,0.0,-0.0020777729190408684,square,0,0.2,0.25,3,6,17.710002422332764,0.0
1779527842.7055583,0.1989675347273536,0.0,0.0,0.0,0.0,-0.0020777729190408684,0.2376,1.3464,-0.3168,0.2,0.0,0.0,0.1989675347273536,0.0,0.0,0.0,0.0,-0.0020777729190408684,square,0,0.2,0.25,3,6,17.720000982284546,0.0
1779527842.7154095,0.1989675347273536,0.0,0.0,0.0,0.0,-0.0020777729190408684,0.0792,1.584,-0.35639999999999994,0.2,0.0,0.0,0.1989675347273536,0.0,0.0,0.0,0.0,0.0,square,0,0.2,0.25,3,6,17.730045080184937,0.0
1779527842.7254124,0.1989675347273536,0.0,0.0,0.0,0.0,0.0,0.1584,1.3860000000000001,-0.1584,0.2,0.0,0.0,0.1989675347273536,0.0,0.0,-0.0020777729190408684,0.0,0.0020777729190408684,square,0,0.2,0.25,3,6,17.739896297454834,0.0
1779527842.7354116,0.1989675347273536,0.0,0.0,-0.0020777729190408684,0.0,0.0020777729190408684,0.1188,1.5048000000000001,-0.2376,0.2,0.0,0.0,0.1989675347273536,0.0,0.0,0.0,0.0,0.0,square,0,0.2,0.25,3,6,17.74989914894104,0.0
1779527842.745419,0.1989675347273536,0.0,0.0,0.0,0.0,0.0,0.0792,1.4652,-0.198,0.2,0.0,0.0,0.1989675347273536,0.0,0.0,0.0,0.0,0.0,square,0,0.2,0.25,3,6,17.75989842414856,0.0
1779527842.7554271,0.1989675347273536,0.0,0.0,0.0,0.0,0.0,0.1188,1.584,-0.27720000000000006,0.2,0.0,0.0,0.1989675347273536,0.0,0.0,0.0,-0.0020777729190408684,0.0,square,0,0.2,0.25,3,6,17.76990580558777,0.0
1779527842.7654138,0.1989675347273536,0.0,0.0,0.0,-0.0020777729190408684,0.0,0.1584,1.3860000000000001,-0.198,0.2,0.0,0.0,0.1989675347273536,0.0,0.0,0.0,0.0,0.0,square,0,0.2,0.25,3,6,17.779913902282715,0.0
1779527842.7755523,0.1989675347273536,0.0,0.0,0.0,0.0,0.0,0.1188,1.6236000000000002,-0.1584,0.2,0.0,0.0,0.1989675347273536,0.0,0.0,0.0,0.0,0.0,square,0,0.2,0.25,3,6,17.789900541305542,0.0
1779527842.785547,0.1989675347273536,0.0,0.0,0.0,0.0,0.0,0.198,1.4652,-0.1188,0.2,0.0,0.0,0.1989675347273536,0.0,0.0,0.0,0.0,0.0,square,0,0.2,0.25,3,6,17.800039052963257,0.0
1779527842.7954807,0.1989675347273536,0.0,0.0,0.0,0.0,0.0,0.1188,1.3860000000000001,-0.1584,0.2,0.0,0.0,0.1989675347273536,0.0,0.0,0.0,0.0,0.0,square,0,0.2,0.25,3,6,17.810033798217773,0.0
1779527842.805413,0.1989675347273536,0.0,0.0,0.0,0.0,0.0,0.1584,1.4652,-0.3168,0.2,0.0,0.0,0.1989675347273536,0.0,0.0,0.0,0.0,0.0,square,0,0.2,0.25,3,6,17.81996750831604,0.0
1779527842.8154118,0.1989675347273536,0.0,0.0,0.0,0.0,0.0,0.1188,1.5444,-0.1584,0.2,0.0,0.0,0.1989675347273536,0.0,0.0,0.0,0.0,0.0,square,0,0.2,0.25,3,6,17.829899787902832,0.0
1779527842.8254132,0.1989675347273536,0.0,0.0,0.0,0.0,0.0,0.1584,1.5048000000000001,-0.27720000000000006,0.2,0.0,0.0,0.1989675347273536,0.0,0.0,0.0,0.0,0.0,square,0,0.2,0.25,3,6,17.839898586273193,0.0
1779527842.8354266,0.1989675347273536,0.0,0.0,0.0,0.0,0.0,0.1584,1.4255999999999998,-0.27720000000000006,0.2,0.0,0.0,0.1989675347273536,0.0,0.0,0.0,0.0,0.0,square,0,0.2,0.25,3,6,17.849900007247925,0.0
1779527842.8454335,0.1989675347273536,0.0,0.0,0.0,0.0,0.0,0.1188,1.584,-0.198,0.2,0.0,0.0,0.1989675347273536,0.0,0.0,0.0,0.0020777729190408684,0.0,square,0,0.2,0.25,3,6,17.85991334915161,0.0
1779527842.8554153,0.1989675347273536,0.0,0.0,0.0,0.0020777729190408684,0.0,0.1188,1.4652,-0.3168,0.2,0.0,0.0,0.1989675347273536,0.0,0.0,0.0,0.0,0.0,square,0,0.2,0.25,3,6,17.869920253753662,0.0
1779527842.865417,0.1989675347273536,0.0,0.0,0.0,0.0,0.0,0.198,1.4255999999999998,-0.2376,0.2,0.0,0.0,0.1989675347273536,0.0,0.0,0.0,0.0,0.0,square,0,0.2,0.25,3,6,17.879902124404907,0.0
1779527842.875414,0.1989675347273536,0.0,0.0,0.0,0.0,0.0,0.1584,1.5048000000000001,-0.4752,0.2,0.0,0.0,0.1989675347273536,0.0,0.0,0.0,0.0,0.0,square,0,0.2,0.25,3,6,17.889903783798218,0.0
1779527842.8854673,0.1989675347273536,0.0,0.0,0.0,0.0,0.0,0.1584,1.4652,-0.198,0.2,0.0,0.0,0.1989675347273536,0.0,0.0,0.0,-0.0020777729190408684,0.0,square,0,0.2,0.25,3,6,17.899900674819946,0.0
1779527842.895434,0.1989675347273536,0.0,0.0,0.0,-0.0020777729190408684,0.0,0.1584,1.3464,-0.2376,0.2,0.0,0.0,0.1989675347273536,0.0,0.0,0.0,0.0,0.0,square,0,0.2,0.25,3,6,17.909954071044922,0.0
1779527842.9054143,0.1989675347273536,0.0,0.0,0.0,0.0,0.0,0.1584,1.584,-0.27720000000000006,0.2,0.0,0.0,0.1989675347273536,0.0,0.0,0.0,0.0,-0.0020777729190408684,square,0,0.2,0.25,3,6,17.919920682907104,0.0
1779527842.9154112,0.1989675347273536,0.0,0.0,0.0,0.0,-0.0020777729190408684,0.198,1.584,-0.3168,0.2,0.0,0.0,0.1989675347273536,0.0,0.0,0.0,0.0,0.0,square,0,0.2,0.25,3,6,17.929901123046875,0.0
1779527842.9254355,0.1989675347273536,0.0,0.0,0.0,0.0,0.0,0.1584,1.5444,-0.0792,0.2,0.0,0.0,0.1989675347273536,0.0,0.0,0.0,0.0,0.0,square,0,0.2,0.25,3,6,17.939898014068604,0.0
1779527842.935417,0.1989675347273536,0.0,0.0,0.0,0.0,0.0,0.198,1.5048000000000001,-0.27720000000000006,0.2,0.0,0.0,0.1989675347273536,0.0,0.0,0.0,0.0,0.0,square,0,0.2,0.25,3,6,17.94992232322693,0.0
1779527842.945415,0.1989675347273536,0.0,0.0,0.0,0.0,0.0,0.198,1.5444,-0.2376,0.2,0.0,0.0,0.1989675347273536,0.0,0.0,0.0,0.0,0.0,square,0,0.2,0.25,3,6,17.959903717041016,0.0
1779527842.9554129,0.1989675347273536,0.0,0.0,0.0,0.0,0.0,0.1188,1.4255999999999998,-0.3168,0.2,0.0,0.0,0.1989675347273536,0.0,0.0,0.0,0.0,0.0,square,0,0.2,0.25,3,6,17.96990180015564,0.0
1779527842.9654396,0.1989675347273536,0.0,0.0,0.0,0.0,0.0,0.198,1.3860000000000001,-0.198,0.2,0.0,0.0,0.1989675347273536,0.0,0.0,0.0,0.0,0.0,square,0,0.2,0.25,3,6,17.979899644851685,0.0
1779527842.9754832,0.1989675347273536,0.0,0.0,0.0,0.0,0.0,0.1584,1.4255999999999998,-0.27720000000000006,0.2,0.0,0.0,0.1989675347273536,0.0,0.0,0.0,0.0,0.0,square,0,0.2,0.25,3,6,17.9899263381958,0.0
1779527842.9854293,0.1989675347273536,0.0,0.0,0.0,0.0,0.0,0.1584,1.4255999999999998,-0.2376,0.2,0.0,0.0,0.1989675347273536,0.0,0.0,0.0,0.0,0.0,square,0,0.2,0.25,3,6,17.999969959259033,0.0
1779527842.9954777,0.1989675347273536,0.0,0.0,0.0,0.0,0.0,0.1584,1.5444,-0.198,-0.2,0.0,0.0,0.1989675347273536,0.0,0.0,0.0,-0.0020777729190408684,0.0,square,0,0.2,0.25,3,6,18.009916067123413,0.0
1779527843.0054624,0.1989675347273536,0.0,0.0,0.0,-0.0020777729190408684,0.0,0.1584,1.5444,-0.198,-0.2,0.0,0.0,0.19722220547535924,0.0,0.0,-0.19946620022792336,0.0,0.0,square,0,0.2,0.25,3,6,18.019964456558228,0.0
1779527843.0173917,0.19722220547535924,0.0,0.0,-0.19946620022792336,0.0,0.0,13.107600000000001,1.7424,-0.27720000000000006,-0.2,0.0,0.0,0.1762782544514273,0.0,0.0,-1.766106981184738,-0.0020777729190408684,0.0,square,0,0.2,0.25,3,6,18.029949188232422,0.0
1779527843.0268555,0.1762782544514273,0.0,0.0,-1.766106981184738,-0.0020777729190408684,0.0,4.6331999999999995,1.4255999999999998,0.0,-0.2,0.0,0.0,0.14137166941154067,0.0,0.0,-3.1540592911040384,-0.006233318757122605,0.0,square,0,0.2,0.25,3,6,18.04187846183777,0.0
1779527843.0369916,0.14137166941154067,0.0,0.0,-3.1540592911040384,-0.006233318757122605,0.0,6.573600000000001,0.4752,-5.900399999999999,-0.2,0.0,0.0,0.10122909661567113,0.0,0.0,-3.821024398116157,-0.0020777729190408684,-0.004155545838081737,square,0,0.2,0.25,3,6,18.051342248916626,0.0
1779527843.045446,0.10122909661567113,0.0,0.0,-3.821024398116157,-0.0020777729190408684,-0.004155545838081737,5.6628,0.99,3.0096000000000003,-0.2,0.0,0.0,0.05585053606381855,0.0,0.0,-4.338389854957333,0.0020777729190408684,0.0020777729190408684,square,0,0.2,0.25,3,6,18.06147837638855,0.0
1779527843.0554225,0.05585053606381855,0.0,0.0,-4.338389854957333,0.0020777729190408684,0.0020777729190408684,1.7424,1.1880000000000002,2.0592,-0.2,0.0,0.0,0.012217304763960306,0.0,0.0,-4.421500771718968,0.004155545838081737,0.0020777729190408684,square,0,0.2,0.25,3,6,18.06993269920349,0.0
1779527843.0655065,0.012217304763960306,0.0,0.0,-4.421500771718968,0.004155545838081737,0.0020777729190408684,-1.2672,1.3860000000000001,-0.4356,-0.2,0.0,0.0,-0.02617993877991494,0.0,0.0,-3.9477685461776497,0.010388864595204342,0.004155545838081737,square,0,0.2,0.25,3,6,18.079909324645996,0.0
1779527843.075414,-0.02617993877991494,0.0,0.0,-3.9477685461776497,0.010388864595204342,0.004155545838081737,-0.5544000000000001,2.2572,2.0988,-0.2,0.0,0.0,-0.05759586531581287,0.0,0.0,-3.3680699017652476,0.01246663751424521,0.0,square,0,0.2,0.25,3,6,18.089993238449097,0.0
1779527843.0859478,-0.05759586531581287,0.0,0.0,-3.3680699017652476,0.01246663751424521,0.0,-2.6532,2.4552,-0.7127999999999999,-0.2,0.0,0.0,-0.08552113334772216,0.0,0.0,-2.854859990762153,0.0,-0.008311091676163474,square,0,0.2,0.25,3,6,18.099900722503662,0.0
1779527843.0954382,-0.08552113334772216,0.0,0.0,-2.854859990762153,0.0,-0.008311091676163474,-3.9996,1.6236000000000002,-0.792,-0.2,0.0,0.0,-0.10821041362364843,0.0,0.0,-2.3603500360304266,-0.010388864595204342,0.0,square,0,0.2,0.25,3,6,18.110434532165527,0.0
1779527843.1054547,-0.10821041362364843,0.0,0.0,-2.3603500360304266,-0.010388864595204342,0.0,-4.6728,0.8316,1.5048000000000001,-0.2,0.0,0.0,-0.12566370614359174,0.0,0.0,-1.9011622209223946,-0.020777729190408684,-0.0020777729190408684,square,0,0.2,0.25,3,6,18.119925022125244,0.0
1779527843.1154535,-0.12566370614359174,0.0,0.0,-1.9011622209223946,-0.020777729190408684,-0.0020777729190408684,-1.8612000000000002,0.5544000000000001,1.4652,-0.2,0.0,0.0,-0.14137166941154067,0.0,0.0,-1.514696457980793,-0.033244366704653895,0.0,square,0,0.2,0.25,3,6,18.12994146347046,0.0
1779527843.125455,-0.14137166941154067,0.0,0.0,-1.514696457980793,-0.033244366704653895,0.0,-0.0792,0.198,0.27720000000000006,-0.2,0.0,0.0,-0.1518436449235067,0.0,0.0,-1.2217304763960306,-0.008311091676163474,0.0,square,0,0.2,0.25,3,6,18.13994026184082,0.0
1779527843.135393,-0.1518436449235067,0.0,0.0,-1.2217304763960306,-0.008311091676163474,0.0,0.6732,0.5940000000000001,-0.198,-0.2,0.0,0.0,-0.16231562043547265,0.0,0.0,-1.009797638653862,0.006233318757122605,0.0,square,0,0.2,0.25,3,6,18.14994168281555,0.0
1779527843.1454005,-0.16231562043547265,0.0,0.0,-1.009797638653862,0.006233318757122605,0.0,0.27720000000000006,1.0296,-0.396,-0.2,0.0,0.0,-0.16929693744344998,0.0,0.0,-0.8331869405353882,0.008311091676163474,0.0,square,0,0.2,0.25,3,6,18.159879684448242,0.0
1779527843.1554375,-0.16929693744344998,0.0,0.0,-0.8331869405353882,0.008311091676163474,0.0,0.0,1.0296,-0.3168,-0.2,0.0,0.0,-0.1762782544514273,0.0,0.0,-0.6835872903644457,0.029088820866572156,0.0020777729190408684,square,0,0.2,0.25,3,6,18.16988730430603,0.0
1779527843.1653857,-0.1762782544514273,0.0,0.0,-0.6835872903644457,0.029088820866572156,0.0020777729190408684,0.2376,1.8612000000000002,-0.27720000000000006,-0.2,0.0,0.0,-0.18151424220741028,0.0,0.0,-0.5485320506267892,0.022855502109449553,0.0,square,0,0.2,0.25,3,6,18.179924249649048,0.0
1779527843.1754453,-0.18151424220741028,0.0,0.0,-0.5485320506267892,0.022855502109449553,0.0,-0.1584,1.8215999999999999,-0.3168,-0.2,0.0,0.0,-0.18500490071139894,0.0,0.0,-0.4280212213224189,0.008311091676163474,0.0,square,0,0.2,0.25,3,6,18.18987250328064,0.0
1779527843.1853979,-0.18500490071139894,0.0,0.0,-0.4280212213224189,0.008311091676163474,0.0,0.0792,1.7028,-0.3168,-0.2,0.0,0.0,-0.18849555921538758,0.0,0.0,-0.3345214399655798,0.004155545838081737,-0.0020777729190408684,square,0,0.2,0.25,3,6,18.199932098388672,0.0
1779527843.1954305,-0.18849555921538758,0.0,0.0,-0.3345214399655798,0.004155545838081737,-0.0020777729190408684,0.5544000000000001,1.584,-0.2376,-0.2,0.0,0.0,-0.19198621771937624,0.0,0.0,-0.2950437545038033,0.0,0.0020777729190408684,square,0,0.2,0.25,3,6,18.209884643554688,0.0
1779527843.2054105,-0.19198621771937624,0.0,0.0,-0.2950437545038033,0.0,0.0020777729190408684,-0.396,1.2276,-0.198,-0.2,0.0,0.0,-0.1937315469713706,0.0,0.0,-0.22647724817545464,0.0,-0.004155545838081737,square,0,0.2,0.25,3,6,18.21991729736328,0.0
1779527843.215436,-0.1937315469713706,0.0,0.0,-0.22647724817545464,0.0,-0.004155545838081737,-0.5544000000000001,1.4255999999999998,0.198,-0.2,0.0,0.0,-0.1954768762233649,0.0,0.0,-0.17245515228039207,-0.004155545838081737,0.0,square,0,0.2,0.25,3,6,18.229897260665894,0.0
1779527843.225483,-0.1954768762233649,0.0,0.0,-0.17245515228039207,-0.004155545838081737,0.0,-0.5148,1.1088000000000002,-0.1584,-0.2,0.0,0.0,-0.1954768762233649,0.0,0.0,-0.13505523973765646,-0.010388864595204342,0.0020777729190408684,square,0,0.2,0.25,3,6,18.239922761917114,0.0
1779527843.2354107,-0.1954768762233649,0.0,0.0,-0.13505523973765646,-0.010388864595204342,0.0020777729190408684,-0.7524000000000001,0.9504,-0.1188,-0.2,0.0,0.0,-0.19722220547535924,0.0,0.0,-0.09142200843779821,-0.006233318757122605,0.0020777729190408684,square,0,0.2,0.25,3,6,18.249969720840454,0.0
1779527843.2454135,-0.19722220547535924,0.0,0.0,-0.09142200843779821,-0.006233318757122605,0.0020777729190408684,-0.27720000000000006,0.9504,0.27720000000000006,-0.2,0.0,0.0,-0.19722220547535924,0.0,0.0,-0.05194432297602171,-0.0020777729190408684,-0.0020777729190408684,square,0,0.2,0.25,3,6,18.259897470474243,0.0
1779527843.2554297,-0.19722220547535924,0.0,0.0,-0.05194432297602171,-0.0020777729190408684,-0.0020777729190408684,0.396,1.1088000000000002,-0.198,-0.2,0.0,0.0,-0.1989675347273536,0.0,0.0,-0.05402209589506258,0.0,0.0,square,0,0.2,0.25,3,6,18.26990032196045,0.0
1779527843.265426,-0.1989675347273536,0.0,0.0,-0.05402209589506258,0.0,0.0,-0.1188,0.99,-0.35639999999999994,-0.2,0.0,0.0,-0.1989675347273536,0.0,0.0,-0.035322139623694765,0.006233318757122605,0.0,square,0,0.2,0.25,3,6,18.279916524887085,0.0
1779527843.2754273,-0.1989675347273536,0.0,0.0,-0.035322139623694765,0.006233318757122605,0.0,0.1188,1.4255999999999998,-0.2376,-0.2,0.0,0.0,-0.1989675347273536,0.0,0.0,-0.022855502109449553,0.006233318757122605,0.0,square,0,0.2,0.25,3,6,18.289912700653076,0.0
1779527843.2854526,-0.1989675347273536,0.0,0.0,-0.022855502109449553,0.006233318757122605,0.0,0.1584,1.4652,-0.27720000000000006,-0.2,0.0,0.0,-0.1989675347273536,0.0,0.0,-0.016622183352326948,0.006233318757122605,0.0,square,0,0.2,0.25,3,6,18.299914121627808,0.0
1779527843.2962556,-0.1989675347273536,0.0,0.0,-0.016622183352326948,0.006233318757122605,0.0,0.198,1.584,-0.1188,-0.2,0.0,0.0,-0.1989675347273536,0.0,0.0,-0.010388864595204342,0.0020777729190408684,-0.0020777729190408684,square,0,0.2,0.25,3,6,18.30993938446045,0.0
1779527843.3054016,-0.1989675347273536,0.0,0.0,-0.010388864595204342,0.0020777729190408684,-0.0020777729190408684,0.27720000000000006,1.5048000000000001,-0.27720000000000006,-0.2,0.0,0.0,-0.1989675347273536,0.0,0.0,-0.006233318757122605,0.0,0.0,square,0,0.2,0.25,3,6,18.32074236869812,0.0
1779527843.3154254,-0.1989675347273536,0.0,0.0,-0.006233318757122605,0.0,0.0,0.3168,1.3464,0.27720000000000006,-0.2,0.0,0.0,-0.1989675347273536,0.0,0.0,-0.008311091676163474,0.0,0.0020777729190408684,square,0,0.2,0.25,3,6,18.329888343811035,0.0
1779527843.3254848,-0.1989675347273536,0.0,0.0,-0.008311091676163474,0.0,0.0020777729190408684,0.198,1.3068,-0.35639999999999994,-0.2,0.0,0.0,-0.1989675347273536,0.0,0.0,-0.008311091676163474,0.0,0.0,square,0,0.2,0.25,3,6,18.339912176132202,0.0
1779527843.3354125,-0.1989675347273536,0.0,0.0,-0.008311091676163474,0.0,0.0,-0.0396,1.2276,-0.2376,-0.2,0.0,0.0,-0.1989675347273536,0.0,0.0,-0.006233318757122605,-0.006233318757122605,0.0,square,0,0.2,0.25,3,6,18.349971532821655,0.0
1779527843.3454292,-0.1989675347273536,0.0,0.0,-0.006233318757122605,-0.006233318757122605,0.0,-0.0792,1.0692,-0.198,-0.2,0.0,0.0,-0.1989675347273536,0.0,0.0,0.0,-0.0020777729190408684,0.0,square,0,0.2,0.25,3,6,18.359899282455444,0.0
1779527843.3554091,-0.1989675347273536,0.0,0.0,0.0,-0.0020777729190408684,0.0,0.1584,1.1483999999999999,-0.3168,-0.2,0.0,0.0,-0.1989675347273536,0.0,0.0,0.0,-0.0020777729190408684,0.0020777729190408684,square,0,0.2,0.25,3,6,18.36991596221924,0.0
1779527843.365413,-0.1989675347273536,0.0,0.0,0.0,-0.0020777729190408684,0.0020777729190408684,-0.0792,1.1880000000000002,-0.198,-0.2,0.0,0.0,-0.1989675347273536,0.0,0.0,-0.0020777729190408684,0.0,0.0,square,0,0.2,0.25,3,6,18.37989592552185,0.0
1779527843.37541,-0.1989675347273536,0.0,0.0,-0.0020777729190408684,0.0,0.0,0.0396,1.3464,-0.27720000000000006,-0.2,0.0,0.0,-0.1989675347273536,0.0,0.0,-0.0020777729190408684,0.0,0.0,square,0,0.2,0.25,3,6,18.389899730682373,0.0
1779527843.3854346,-0.1989675347273536,0.0,0.0,-0.0020777729190408684,0.0,0.0,-0.0396,1.2672,-0.1584,-0.2,0.0,0.0,-0.1989675347273536,0.0,0.0,0.0,0.0,0.0020777729190408684,square,0,0.2,0.25,3,6,18.39989686012268,0.0
1779527843.3954105,-0.1989675347273536,0.0,0.0,0.0,0.0,0.0020777729190408684,-0.0396,1.3464,-0.3168,-0.2,0.0,0.0,-0.1989675347273536,0.0,0.0,0.0,0.0,-0.0020777729190408684,square,0,0.2,0.25,3,6,18.409921407699585,0.0
1779527843.40541,-0.1989675347273536,0.0,0.0,0.0,0.0,-0.0020777729190408684,0.0,1.4255999999999998,0.35639999999999994,-0.2,0.0,0.0,-0.1989675347273536,0.0,0.0,0.0020777729190408684,0.0,0.0,square,0,0.2,0.25,3,6,18.419897317886353,0.0
1779527843.4154103,-0.1989675347273536,0.0,0.0,0.0020777729190408684,0.0,0.0,0.0396,1.3860000000000001,-0.198,-0.2,0.0,0.0,-0.1989675347273536,0.0,0.0,0.0,0.0,0.0,square,0,0.2,0.25,3,6,18.42989683151245,0.0
1779527843.4254305,-0.1989675347273536,0.0,0.0,0.0,0.0,0.0,0.0792,1.3068,-0.1188,-0.2,0.0,0.0,-0.1989675347273536,0.0,0.0,0.0020777729190408684,0.0,0.0,square,0,0.2,0.25,3,6,18.439897060394287,0.0
1779527843.43554,-0.1989675347273536,0.0,0.0,0.0020777729190408684,0.0,0.0,0.0396,1.3860000000000001,-0.3168,-0.2,0.0,0.0,-0.1989675347273536,0.0,0.0,0.0020777729190408684,0.0,0.0020777729190408684,square,0,0.2,0.25,3,6,18.449917316436768,0.0
1779527843.4454105,-0.1989675347273536,0.0,0.0,0.0020777729190408684,0.0,0.0020777729190408684,-0.0396,1.5048000000000001,-0.1584,-0.2,0.0,0.0,-0.1989675347273536,0.0,0.0,0.0,0.0,0.0,square,0,0.2,0.25,3,6,18.460026741027832,0.0
1779527843.4554386,-0.1989675347273536,0.0,0.0,0.0,0.0,0.0,0.0,1.5048000000000001,-0.2376,-0.2,0.0,0.0,-0.1989675347273536,0.0,0.0,0.0020777729190408684,0.0,0.0,square,0,0.2,0.25,3,6,18.469897270202637,0.0
1779527843.4654462,-0.1989675347273536,0.0,0.0,0.0020777729190408684,0.0,0.0,-0.0396,1.5444,-0.2376,-0.2,0.0,0.0,-0.1989675347273536,0.0,0.0,0.0020777729190408684,0.0,0.0,square,0,0.2,0.25,3,6,18.479925394058228,0.0
1779527843.4754117,-0.1989675347273536,0.0,0.0,0.0020777729190408684,0.0,0.0,-0.0396,1.5444,-0.2376,-0.2,0.0,0.0,-0.1989675347273536,0.0,0.0,-0.0020777729190408684,-0.0020777729190408684,0.0,square,0,0.2,0.25,3,6,18.489933013916016,0.0
1779527843.4854138,-0.1989675347273536,0.0,0.0,-0.0020777729190408684,-0.0020777729190408684,0.0,-0.0396,1.3068,-0.3168,-0.2,0.0,0.0,-0.1989675347273536,0.0,0.0,0.0,-0.0020777729190408684,0.0,square,0,0.2,0.25,3,6,18.499898433685303,0.0
1779527843.4955227,-0.1989675347273536,0.0,0.0,0.0,-0.0020777729190408684,0.0,-0.1188,1.5048000000000001,-0.2376,-0.2,0.0,0.0,-0.1989675347273536,0.0,0.0,-0.0020777729190408684,0.0,0.0,square,0,0.2,0.25,3,6,18.50990056991577,0.0
1779527843.505429,-0.1989675347273536,0.0,0.0,-0.0020777729190408684,0.0,0.0,0.1584,1.3464,-0.27720000000000006,-0.2,0.0,0.0,-0.1989675347273536,0.0,0.0,0.0,0.0,0.0,square,0,0.2,0.25,3,6,18.520009517669678,0.0
1779527843.515419,-0.1989675347273536,0.0,0.0,0.0,0.0,0.0,0.1584,1.4255999999999998,-0.27720000000000006,-0.2,0.0,0.0,-0.1989675347273536,0.0,0.0,0.0,0.0,0.0,square,0,0.2,0.25,3,6,18.529915809631348,0.0
1779527843.5255258,-0.1989675347273536,0.0,0.0,0.0,0.0,0.0,0.1188,1.4652,-0.0792,-0.2,0.0,0.0,-0.1989675347273536,0.0,0.0,0.0020777729190408684,0.0,0.0,square,0,0.2,0.25,3,6,18.539905786514282,0.0
1779527843.535428,-0.1989675347273536,0.0,0.0,0.0020777729190408684,0.0,0.0,-0.0792,1.3464,-0.2376,-0.2,0.0,0.0,-0.1989675347273536,0.0,0.0,0.0,-0.0020777729190408684,0.0,square,0,0.2,0.25,3,6,18.550012588500977,0.0
1779527843.5463107,-0.1989675347273536,0.0,0.0,0.0,-0.0020777729190408684,0.0,-0.0792,1.4652,-0.396,-0.2,0.0,0.0,-0.1989675347273536,0.0,0.0,0.0,0.0,0.0,square,0,0.2,0.25,3,6,18.5599148273468,0.0
1779527843.5554383,-0.1989675347273536,0.0,0.0,0.0,0.0,0.0,-0.0396,1.4652,-0.27720000000000006,-0.2,0.0,0.0,-0.1989675347273536,0.0,0.0,0.0020777729190408684,0.0,0.0,square,0,0.2,0.25,3,6,18.570797443389893,0.0
1779527843.565428,-0.1989675347273536,0.0,0.0,0.0020777729190408684,0.0,0.0,-0.0396,1.3464,-0.27720000000000006,-0.2,0.0,0.0,-0.1989675347273536,0.0,0.0,0.0,-0.0020777729190408684,0.0,square,0,0.2,0.25,3,6,18.579925060272217,0.0
1779527843.5754104,-0.1989675347273536,0.0,0.0,0.0,-0.0020777729190408684,0.0,-0.0396,1.2672,-0.3168,-0.2,0.0,0.0,-0.1989675347273536,0.0,0.0,0.0,0.0020777729190408684,0.0,square,0,0.2,0.25,3,6,18.589914798736572,0.0
1779527843.5855708,-0.1989675347273536,0.0,0.0,0.0,0.0020777729190408684,0.0,-0.1188,1.3860000000000001,-0.27720000000000006,-0.2,0.0,0.0,-0.1989675347273536,0.0,0.0,-0.0020777729190408684,0.0,0.0,square,0,0.2,0.25,3,6,18.599897146224976,0.0
1779527843.5954115,-0.1989675347273536,0.0,0.0,-0.0020777729190408684,0.0,0.0,0.1584,1.3464,0.1188,-0.2,0.0,0.0,-0.1989675347273536,0.0,0.0,0.0,0.0,0.0,square,0,0.2,0.25,3,6,18.610057592391968,0.0
1779527843.6054192,-0.1989675347273536,0.0,0.0,0.0,0.0,0.0,0.198,1.4255999999999998,-0.27720000000000006,-0.2,0.0,0.0,-0.1989675347273536,0.0,0.0,0.0,0.0,0.0,square,0,0.2,0.25,3,6,18.619898319244385,0.0
1779527843.6155546,-0.1989675347273536,0.0,0.0,0.0,0.0,0.0,0.198,1.5444,-0.1584,-0.2,0.0,0.0,-0.1989675347273536,0.0,0.0,0.0,0.0,-0.0020777729190408684,square,0,0.2,0.25,3,6,18.629905939102173,0.0
1779527843.6255233,-0.1989675347273536,0.0,0.0,0.0,0.0,-0.0020777729190408684,0.1584,1.3860000000000001,0.1584,-0.2,0.0,0.0,-0.1989675347273536,0.0,0.0,0.0,0.0,0.0,square,0,0.2,0.25,3,6,18.64004135131836,0.0
1779527843.6354682,-0.1989675347273536,0.0,0.0,0.0,0.0,0.0,-0.1188,1.4255999999999998,-0.2376,-0.2,0.0,0.0,-0.1989675347273536,0.0,0.0,0.0,0.0,0.0,square,0,0.2,0.25,3,6,18.650010108947754,0.0
1779527843.6454113,-0.1989675347273536,0.0,0.0,0.0,0.0,0.0,-0.1188,1.5048000000000001,-0.1584,-0.2,0.0,0.0,-0.1989675347273536,0.0,0.0,0.0,0.0,0.0,square,0,0.2,0.25,3,6,18.65995502471924,0.0
1779527843.6555498,-0.1989675347273536,0.0,0.0,0.0,0.0,0.0,0.1188,1.5048000000000001,-0.27720000000000006,-0.2,0.0,0.0,-0.1989675347273536,0.0,0.0,0.0,0.0,0.0,square,0,0.2,0.25,3,6,18.66989803314209,0.0
1779527843.6655667,-0.1989675347273536,0.0,0.0,0.0,0.0,0.0,-0.0792,1.3464,-0.1584,-0.2,0.0,0.0,-0.1989675347273536,0.0,0.0,0.0,-0.0020777729190408684,0.0,square,0,0.2,0.25,3,6,18.680036544799805,0.0
1779527843.675441,-0.1989675347273536,0.0,0.0,0.0,-0.0020777729190408684,0.0,-0.0792,1.3068,-0.35639999999999994,-0.2,0.0,0.0,-0.1989675347273536,0.0,0.0,0.0,0.0,0.0,square,0,0.2,0.25,3,6,18.690053462982178,0.0
1779527843.6855185,-0.1989675347273536,0.0,0.0,0.0,0.0,0.0,-0.198,1.3860000000000001,-0.2376,-0.2,0.0,0.0,-0.1989675347273536,0.0,0.0,0.0,0.0,0.0,square,0,0.2,0.25,3,6,18.699927806854248,0.0
1779527843.6954107,-0.1989675347273536,0.0,0.0,0.0,0.0,0.0,0.1584,1.4652,-0.198,-0.2,0.0,0.0,-0.1989675347273536,0.0,0.0,0.0,0.0,0.0020777729190408684,square,0,0.2,0.25,3,6,18.710005283355713,0.0
1779527843.705411,-0.1989675347273536,0.0,0.0,0.0,0.0,0.0020777729190408684,0.198,1.3464,-0.1584,-0.2,0.0,0.0,-0.1989675347273536,0.0,0.0,-0.004155545838081737,0.0020777729190408684,0.0,square,0,0.2,0.25,3,6,18.719897508621216,0.0
1779527843.71543,-0.1989675347273536,0.0,0.0,-0.004155545838081737,0.0020777729190408684,0.0,0.2376,1.584,-0.27720000000000006,-0.2,0.0,0.0,-0.1989675347273536,0.0,0.0,0.0,0.004155545838081737,0.0,square,0,0.2,0.25,3,6,18.72989773750305,0.0
1779527843.725416,-0.1989675347273536,0.0,0.0,0.0,0.004155545838081737,0.0,0.198,1.4652,-0.198,-0.2,0.0,0.0,-0.1989675347273536,0.0,0.0,0.0,0.0,0.0,square,0,0.2,0.25,3,6,18.739916801452637,0.0
1779527843.7355523,-0.1989675347273536,0.0,0.0,0.0,0.0,0.0,0.1584,1.3860000000000001,-0.0792,-0.2,0.0,0.0,-0.1989675347273536,0.0,0.0,0.0,0.0,0.0,square,0,0.2,0.25,3,6,18.749902725219727,0.0
1779527843.7454112,-0.1989675347273536,0.0,0.0,0.0,0.0,0.0,-0.1188,1.3860000000000001,-0.3168,-0.2,0.0,0.0,-0.1989675347273536,0.0,0.0,0.0,0.0,0.0,square,0,0.2,0.25,3,6,18.76003909111023,0.0
1779527843.7554326,-0.1989675347273536,0.0,0.0,0.0,0.0,0.0,-0.1584,1.3860000000000001,-0.1188,-0.2,0.0,0.0,-0.1989675347273536,0.0,0.0,0.0,-0.004155545838081737,0.0020777729190408684,square,0,0.2,0.25,3,6,18.769897937774658,0.0
1779527843.7654624,-0.1989675347273536,0.0,0.0,0.0,-0.004155545838081737,0.0020777729190408684,-0.0792,1.4652,-0.35639999999999994,-0.2,0.0,0.0,-0.1989675347273536,0.0,0.0,0.0,0.0,0.0,square,0,0.2,0.25,3,6,18.779919385910034,0.0
1779527843.77555,-0.1989675347273536,0.0,0.0,0.0,0.0,0.0,-0.1584,1.3860000000000001,-0.35639999999999994,-0.2,0.0,0.0,-0.1989675347273536,0.0,0.0,0.0,-0.0020777729190408684,0.0,square,0,0.2,0.25,3,6,18.78994917869568,0.0
1779527843.7854111,-0.1989675347273536,0.0,0.0,0.0,-0.0020777729190408684,0.0,0.198,1.3068,-0.27720000000000006,-0.2,0.0,0.0,-0.1989675347273536,0.0,0.0,-0.0020777729190408684,0.0,0.0,square,0,0.2,0.25,3,6,18.800036668777466,0.0
1779527843.7954252,-0.1989675347273536,0.0,0.0,-0.0020777729190408684,0.0,0.0,0.198,1.3068,-0.198,-0.2,0.0,0.0,-0.1989675347273536,0.0,0.0,0.0,0.0,-0.0020777729190408684,square,0,0.2,0.25,3,6,18.809897899627686,0.0
1779527843.8054209,-0.1989675347273536,0.0,0.0,0.0,0.0,-0.0020777729190408684,0.27720000000000006,1.3860000000000001,-0.3168,-0.2,0.0,0.0,-0.1989675347273536,0.0,0.0,0.0,0.0,0.0,square,0,0.2,0.25,3,6,18.81991195678711,0.0
1779527843.8154082,-0.1989675347273536,0.0,0.0,0.0,0.0,0.0,0.27720000000000006,1.3464,-0.2376,-0.2,0.0,0.0,-0.1989675347273536,0.0,0.0,0.0,0.0,0.0,square,0,0.2,0.25,3,6,18.829907655715942,0.0
1779527843.8254554,-0.1989675347273536,0.0,0.0,0.0,0.0,0.0,0.198,1.4652,-0.0792,-0.2,0.0,0.0,-0.1989675347273536,0.0,0.0,0.0,0.0,0.0,square,0,0.2,0.25,3,6,18.839895009994507,0.0
1779527843.8354387,-0.1989675347273536,0.0,0.0,0.0,0.0,0.0,0.1584,1.584,-0.198,-0.2,0.0,0.0,-0.1989675347273536,0.0,0.0,0.0,0.0,0.0,square,0,0.2,0.25,3,6,18.849942207336426,0.0
1779527843.8453934,-0.1989675347273536,0.0,0.0,0.0,0.0,0.0,-0.1584,1.5444,-0.1584,-0.2,0.0,0.0,-0.1989675347273536,0.0,0.0,0.004155545838081737,0.0,0.0,square,0,0.2,0.25,3,6,18.859925508499146,0.0
1779527843.855432,-0.1989675347273536,0.0,0.0,0.004155545838081737,0.0,0.0,-0.1584,1.3464,-0.198,-0.2,0.0,0.0,-0.1989675347273536,0.0,0.0,0.0,0.0,0.0,square,0,0.2,0.25,3,6,18.869880199432373,0.0
1779527843.865435,-0.1989675347273536,0.0,0.0,0.0,0.0,0.0,-0.0792,1.3860000000000001,-0.1188,-0.2,0.0,0.0,-0.1989675347273536,0.0,0.0,0.0,0.0,-0.0020777729190408684,square,0,0.2,0.25,3,6,18.879918813705444,0.0
1779527843.8754206,-0.1989675347273536,0.0,0.0,0.0,0.0,-0.0020777729190408684,-0.1188,1.3464,-0.2376,-0.2,0.0,0.0,-0.1989675347273536,0.0,0.0,0.0,0.0,0.0,square,0,0.2,0.25,3,6,18.88992166519165,0.0
1779527843.885415,-0.1989675347273536,0.0,0.0,0.0,0.0,0.0,0.198,1.584,-0.198,-0.2,0.0,0.0,-0.1989675347273536,0.0,0.0,-0.0020777729190408684,0.0,0.0,square,0,0.2,0.25,3,6,18.89990735054016,0.0
1779527843.8954113,-0.1989675347273536,0.0,0.0,-0.0020777729190408684,0.0,0.0,0.1584,1.5048000000000001,-0.1584,-0.2,0.0,0.0,-0.1989675347273536,0.0,0.0,-0.0020777729190408684,0.0,0.0,square,0,0.2,0.25,3,6,18.9099018573761,0.0
1779527843.905565,-0.1989675347273536,0.0,0.0,-0.0020777729190408684,0.0,0.0,0.27720000000000006,1.3464,-0.27720000000000006,-0.2,0.0,0.0,-0.1989675347273536,0.0,0.0,0.0,0.0,0.0,square,0,0.2,0.25,3,6,18.91989803314209,0.0
1779527843.9154136,-0.1989675347273536,0.0,0.0,0.0,0.0,0.0,0.27720000000000006,1.584,-0.1584,-0.2,0.0,0.0,-0.1989675347273536,0.0,0.0,0.0,0.0,0.0,square,0,0.2,0.25,3,6,18.930051803588867,0.0
1779527843.9254472,-0.1989675347273536,0.0,0.0,0.0,0.0,0.0,-0.198,1.3860000000000001,-0.2376,-0.2,0.0,0.0,-0.1989675347273536,0.0,0.0,0.0,0.0,0.0,square,0,0.2,0.25,3,6,18.939900398254395,0.0
1779527843.9354217,-0.1989675347273536,0.0,0.0,0.0,0.0,0.0,0.2376,1.3464,-0.2376,-0.2,0.0,0.0,-0.1989675347273536,0.0,0.0,0.0,0.0,0.0,square,0,0.2,0.25,3,6,18.949934005737305,0.0
1779527843.9454107,-0.1989675347273536,0.0,0.0,0.0,0.0,0.0,0.198,1.5444,-0.0792,-0.2,0.0,0.0,-0.1989675347273536,0.0,0.0,0.0020777729190408684,0.0,0.0,square,0,0.2,0.25,3,6,18.959908485412598,0.0
1779527843.9554105,-0.1989675347273536,0.0,0.0,0.0020777729190408684,0.0,0.0,-0.1584,1.3860000000000001,-0.27720000000000006,-0.2,0.0,0.0,-0.1989675347273536,0.0,0.0,0.0,0.0,0.0,square,0,0.2,0.25,3,6,18.969897508621216,0.0
1779527843.9654427,-0.1989675347273536,0.0,0.0,0.0,0.0,0.0,0.1584,1.5444,-0.1584,-0.2,0.0,0.0,-0.1989675347273536,0.0,0.0,0.0020777729190408684,0.0,0.0,square,0,0.2,0.25,3,6,18.979897260665894,0.0
1779527843.9754262,-0.1989675347273536,0.0,0.0,0.0020777729190408684,0.0,0.0,-0.0792,1.5048000000000001,0.1584,-0.2,0.0,0.0,-0.1989675347273536,0.0,0.0,0.0,0.0,0.0,square,0,0.2,0.25,3,6,18.98992943763733,0.0
1779527843.985411,-0.1989675347273536,0.0,0.0,0.0,0.0,0.0,-0.0792,1.5048000000000001,-0.0396,-0.2,0.0,0.0,-0.1989675347273536,0.0,0.0,0.0,-0.004155545838081737,0.0020777729190408684,square,0,0.2,0.25,3,6,18.999912977218628,0.0
1779527843.9955542,-0.1989675347273536,0.0,0.0,0.0,-0.004155545838081737,0.0020777729190408684,-0.1188,1.3860000000000001,-0.27720000000000006,-0.2,0.0,0.0,-0.1989675347273536,0.0,0.0,0.0,0.0,0.0,square,0,0.2,0.25,3,6,19.009897708892822,0.0
1779527844.0054207,-0.1989675347273536,0.0,0.0,0.0,0.0,0.0,-0.1188,1.5048000000000001,-0.198,-0.2,0.0,0.0,-0.1989675347273536,0.0,0.0,0.0,0.0,0.0,square,0,0.2,0.25,3,6,19.02004098892212,0.0
1779527844.0153835,-0.1989675347273536,0.0,0.0,0.0,0.0,0.0,-0.1188,1.5048000000000001,-0.198,-0.2,0.0,0.0,-0.1989675347273536,0.0,0.0,0.0,0.0,0.0,square,0,0.2,0.25,3,6,19.02990746498108,0.0
1779527844.025413,-0.1989675347273536,0.0,0.0,0.0,0.0,0.0,0.1188,1.5048000000000001,-0.1188,-0.2,0.0,0.0,-0.1989675347273536,0.0,0.0,0.0,0.0,-0.0020777729190408684,square,0,0.2,0.25,3,6,19.039870262145996,0.0
1779527844.03541,-0.1989675347273536,0.0,0.0,0.0,0.0,-0.0020777729190408684,0.198,1.5444,0.27720000000000006,-0.2,0.0,0.0,-0.1989675347273536,0.0,0.0,0.0,0.0,0.0,square,0,0.2,0.25,3,6,19.04989981651306,0.0
1779527844.0454142,-0.1989675347273536,0.0,0.0,0.0,0.0,0.0,0.198,1.5048000000000001,-0.27720000000000006,-0.2,0.0,0.0,-0.1989675347273536,0.0,0.0,0.0,0.0,-0.0020777729190408684,square,0,0.2,0.25,3,6,19.05989670753479,0.0
1779527844.0554142,-0.1989675347273536,0.0,0.0,0.0,0.0,-0.0020777729190408684,0.198,1.5444,0.27720000000000006,-0.2,0.0,0.0,-0.1989675347273536,0.0,0.0,0.0,0.0,0.0,square,0,0.2,0.25,3,6,19.06990098953247,0.0
1779527844.0654101,-0.1989675347273536,0.0,0.0,0.0,0.0,0.0,0.1584,1.4652,-0.2376,-0.2,0.0,0.0,-0.1989675347273536,0.0,0.0,0.0,0.0,0.0,square,0,0.2,0.25,3,6,19.079900979995728,0.0
1779527844.0754266,-0.1989675347273536,0.0,0.0,0.0,0.0,0.0,0.1584,1.3464,-0.27720000000000006,-0.2,0.0,0.0,-0.1989675347273536,0.0,0.0,0.0,0.0,0.0,square,0,0.2,0.25,3,6,19.08989691734314,0.0
1779527844.0854185,-0.1989675347273536,0.0,0.0,0.0,0.0,0.0,-0.1584,1.4255999999999998,0.198,-0.2,0.0,0.0,-0.1989675347273536,0.0,0.0,0.0,-0.0020777729190408684,0.0,square,0,0.2,0.25,3,6,19.099913358688354,0.0
1779527844.0953908,-0.1989675347273536,0.0,0.0,0.0,-0.0020777729190408684,0.0,0.1584,1.5444,-0.2376,-0.2,0.0,0.0,-0.1989675347273536,0.0,0.0,0.0,0.0,0.0,square,0,0.2,0.25,3,6,19.109905242919922,0.0
1779527844.1054068,-0.1989675347273536,0.0,0.0,0.0,0.0,0.0,-0.1584,1.3068,0.2376,-0.2,0.0,0.0,-0.1989675347273536,0.0,0.0,0.0020777729190408684,0.0,0.0,square,0,0.2,0.25,3,6,19.119877576828003,0.0
1779527844.1154113,-0.1989675347273536,0.0,0.0,0.0020777729190408684,0.0,0.0,-0.1584,1.4255999999999998,-0.3168,-0.2,0.0,0.0,-0.1989675347273536,0.0,0.0,0.0,0.0020777729190408684,0.0,square,0,0.2,0.25,3,6,19.12989354133606,0.0
1779527844.1254103,-0.1989675347273536,0.0,0.0,0.0,0.0020777729190408684,0.0,-0.1188,1.5444,-0.5148,-0.2,0.0,0.0,-0.1989675347273536,0.0,0.0,0.0,0.0,0.0,square,0,0.2,0.25,3,6,19.13989806175232,0.0
1779527844.135435,-0.1989675347273536,0.0,0.0,0.0,0.0,0.0,-0.1188,1.4652,-0.198,-0.2,0.0,0.0,-0.1989675347273536,0.0,0.0,0.0,0.0,0.0,square,0,0.2,0.25,3,6,19.14989709854126,0.0
1779527844.1454108,-0.1989675347273536,0.0,0.0,0.0,0.0,0.0,-0.1584,1.3860000000000001,0.35639999999999994,-0.2,0.0,0.0,-0.1989675347273536,0.0,0.0,0.0,0.0,0.0,square,0,0.2,0.25,3,6,19.159921884536743,0.0
1779527844.1554103,-0.1989675347273536,0.0,0.0,0.0,0.0,0.0,-0.1584,1.3464,-0.198,-0.2,0.0,0.0,-0.1989675347273536,0.0,0.0,0.0,0.0,0.0,square,0,0.2,0.25,3,6,19.16989755630493,0.0
1779527844.165411,-0.1989675347273536,0.0,0.0,0.0,0.0,0.0,-0.1584,1.3464,0.4356,-0.2,0.0,0.0,-0.1989675347273536,0.0,0.0,0.0,0.0,0.0,square,0,0.2,0.25,3,6,19.17989706993103,0.0
1779527844.1754274,-0.1989675347273536,0.0,0.0,0.0,0.0,0.0,0.1584,1.4255999999999998,0.198,-0.2,0.0,0.0,-0.1989675347273536,0.0,0.0,-0.0020777729190408684,0.0,0.0,square,0,0.2,0.25,3,6,19.189897775650024,0.0
1779527844.1854115,-0.1989675347273536,0.0,0.0,-0.0020777729190408684,0.0,0.0,0.198,1.3464,-0.27720000000000006,-0.2,0.0,0.0,-0.1989675347273536,0.0,0.0,-0.0020777729190408684,0.0,0.0,square,0,0.2,0.25,3,6,19.19991421699524,0.0
1779527844.19541,-0.1989675347273536,0.0,0.0,-0.0020777729190408684,0.0,0.0,0.198,1.3860000000000001,0.3168,-0.2,0.0,0.0,-0.1989675347273536,0.0,0.0,0.0,0.0,0.0,square,0,0.2,0.25,3,6,19.209898233413696,0.0
1779527844.2054155,-0.1989675347273536,0.0,0.0,0.0,0.0,0.0,0.27720000000000006,1.3860000000000001,-0.2376,-0.2,0.0,0.0,-0.1989675347273536,0.0,0.0,0.0,0.0,-0.0020777729190408684,square,0,0.2,0.25,3,6,19.21989679336548,0.0
1779527844.21542,-0.1989675347273536,0.0,0.0,0.0,0.0,-0.0020777729190408684,0.2376,1.3860000000000001,-0.27720000000000006,-0.2,0.0,0.0,-0.1989675347273536,0.0,0.0,0.0,0.0,0.0020777729190408684,square,0,0.2,0.25,3,6,19.229902267456055,0.0
1779527844.225422,-0.1989675347273536,0.0,0.0,0.0,0.0,0.0020777729190408684,0.198,1.3860000000000001,-0.2376,-0.2,0.0,0.0,-0.1989675347273536,0.0,0.0,0.0,0.0,0.0,square,0,0.2,0.25,3,6,19.239906787872314,0.0
1779527844.2354121,-0.1989675347273536,0.0,0.0,0.0,0.0,0.0,0.198,1.3860000000000001,-0.2376,-0.2,0.0,0.0,-0.1989675347273536,0.0,0.0,0.0,0.0,0.0,square,0,0.2,0.25,3,6,19.249908685684204,0.0
1779527844.2454083,-0.1989675347273536,0.0,0.0,0.0,0.0,0.0,0.1584,1.5444,-0.27720000000000006,-0.2,0.0,0.0,-0.1989675347273536,0.0,0.0,0.0,0.0,0.0,square,0,0.2,0.25,3,6,19.259898900985718,0.0
1779527844.255404,-0.1989675347273536,0.0,0.0,0.0,0.0,0.0,-0.1584,1.3860000000000001,-0.198,-0.2,0.0,0.0,-0.1989675347273536,0.0,0.0,0.0020777729190408684,0.0,0.0,square,0,0.2,0.25,3,6,19.26989507675171,0.0
1779527844.2654345,-0.1989675347273536,0.0,0.0,0.0020777729190408684,0.0,0.0,-0.0396,1.4652,-0.198,-0.2,0.0,0.0,-0.1989675347273536,0.0,0.0,0.0,0.0,0.0020777729190408684,square,0,0.2,0.25,3,6,19.279890775680542,0.0
1779527844.2754073,-0.1989675347273536,0.0,0.0,0.0,0.0,0.0020777729190408684,-0.0792,1.4652,-0.35639999999999994,-0.2,0.0,0.0,-0.1989675347273536,0.0,0.0,0.0,0.0,0.0,square,0,0.2,0.25,3,6,19.289921283721924,0.0
1779527844.2854147,-0.1989675347273536,0.0,0.0,0.0,0.0,0.0,-0.1584,1.4652,-0.198,-0.2,0.0,0.0,-0.1989675347273536,0.0,0.0,-0.0020777729190408684,0.0,0.0,square,0,0.2,0.25,3,6,19.299894094467163,0.0
1779527844.29541,-0.1989675347273536,0.0,0.0,-0.0020777729190408684,0.0,0.0,-0.198,1.5444,-0.1584,-0.2,0.0,0.0,-0.1989675347273536,0.0,0.0,-0.0020777729190408684,0.0,-0.0020777729190408684,square,0,0.2,0.25,3,6,19.309901475906372,0.0
1779527844.3053987,-0.1989675347273536,0.0,0.0,-0.0020777729190408684,0.0,-0.0020777729190408684,0.198,1.4255999999999998,-0.2376,-0.2,0.0,0.0,-0.1989675347273536,0.0,0.0,-0.0020777729190408684,0.0,0.0,square,0,0.2,0.25,3,6,19.319896697998047,0.0
1779527844.3154113,-0.1989675347273536,0.0,0.0,-0.0020777729190408684,0.0,0.0,0.198,1.4255999999999998,0.3168,-0.2,0.0,0.0,-0.1989675347273536,0.0,0.0,0.0,0.0,0.0,square,0,0.2,0.25,3,6,19.329885482788086,0.0
1779527844.3254108,-0.1989675347273536,0.0,0.0,0.0,0.0,0.0,0.1584,1.4652,-0.3168,-0.2,0.0,0.0,-0.1989675347273536,0.0,0.0,0.0020777729190408684,0.0,0.0,square,0,0.2,0.25,3,6,19.339898109436035,0.0
1779527844.3354115,-0.1989675347273536,0.0,0.0,0.0020777729190408684,0.0,0.0,0.1584,1.4255999999999998,-0.2376,-0.2,0.0,0.0,-0.1989675347273536,0.0,0.0,0.0,0.0,0.0020777729190408684,square,0,0.2,0.25,3,6,19.349897623062134,0.0
1779527844.3454463,-0.1989675347273536,0.0,0.0,0.0,0.0,0.0020777729190408684,-0.198,1.3860000000000001,-0.2376,-0.2,0.0,0.0,-0.1989675347273536,0.0,0.0,0.0,0.0,0.0020777729190408684,square,0,0.2,0.25,3,6,19.359898328781128,0.0
1779527844.3554137,-0.1989675347273536,0.0,0.0,0.0,0.0,0.0020777729190408684,0.1584,1.5444,-0.3168,-0.2,0.0,0.0,-0.1989675347273536,0.0,0.0,0.0,0.0,0.0,square,0,0.2,0.25,3,6,19.369933128356934,0.0
1779527844.3654103,-0.1989675347273536,0.0,0.0,0.0,0.0,0.0,-0.1188,1.4255999999999998,-0.198,-0.2,0.0,0.0,-0.1989675347273536,0.0,0.0,0.0,-0.0020777729190408684,0.0,square,0,0.2,0.25,3,6,19.379900455474854,0.0
1779527844.3755162,-0.1989675347273536,0.0,0.0,0.0,-0.0020777729190408684,0.0,-0.0792,1.5444,-0.396,-0.2,0.0,0.0,-0.1989675347273536,0.0,0.0,0.0,0.0,0.0,square,0,0.2,0.25,3,6,19.389897108078003,0.0
1779527844.385476,-0.1989675347273536,0.0,0.0,0.0,0.0,0.0,-0.1188,1.3860000000000001,-0.396,-0.2,0.0,0.0,-0.1989675347273536,0.0,0.0,0.0,0.0,0.0,square,0,0.2,0.25,3,6,19.40000295639038,0.0
1779527844.3954113,-0.1989675347273536,0.0,0.0,0.0,0.0,0.0,-0.0792,1.4255999999999998,-0.396,-0.2,0.0,0.0,-0.1989675347273536,0.0,0.0,0.0,0.0,0.0,square,0,0.2,0.25,3,6,19.40996289253235,0.0
1779527844.4054132,-0.1989675347273536,0.0,0.0,0.0,0.0,0.0,-0.1584,1.4255999999999998,-0.4356,-0.2,0.0,0.0,-0.1989675347273536,0.0,0.0,0.0,0.0,-0.0020777729190408684,square,0,0.2,0.25,3,6,19.41989803314209,0.0
1779527844.4155178,-0.1989675347273536,0.0,0.0,0.0,0.0,-0.0020777729190408684,-0.1188,1.5444,0.3168,-0.2,0.0,0.0,-0.1989675347273536,0.0,0.0,0.0,0.0,-0.0020777729190408684,square,0,0.2,0.25,3,6,19.42989993095398,0.0
1779527844.4254208,-0.1989675347273536,0.0,0.0,0.0,0.0,-0.0020777729190408684,-0.1584,1.5444,0.4356,-0.2,0.0,0.0,-0.1989675347273536,0.0,0.0,-0.0020777729190408684,-0.0020777729190408684,0.0020777729190408684,square,0,0.2,0.25,3,6,19.440004587173462,0.0
1779527844.4354105,-0.1989675347273536,0.0,0.0,-0.0020777729190408684,-0.0020777729190408684,0.0020777729190408684,0.198,1.5444,-0.4356,-0.2,0.0,0.0,-0.1989675347273536,0.0,0.0,0.0,0.0,0.0,square,0,0.2,0.25,3,6,19.449907541275024,0.0
1779527844.4454129,-0.1989675347273536,0.0,0.0,0.0,0.0,0.0,0.198,1.3860000000000001,-0.3168,-0.2,0.0,0.0,-0.1989675347273536,0.0,0.0,0.0,0.0,0.0,square,0,0.2,0.25,3,6,19.45989727973938,0.0
1779527844.4555504,-0.1989675347273536,0.0,0.0,0.0,0.0,0.0,-0.1584,1.4652,-0.2376,-0.2,0.0,0.0,-0.1989675347273536,0.0,0.0,0.0,0.0,0.0,square,0,0.2,0.25,3,6,19.469899654388428,0.0
1779527844.465424,-0.1989675347273536,0.0,0.0,0.0,0.0,0.0,-0.1584,1.4255999999999998,-0.4356,-0.2,0.0,0.0,-0.1989675347273536,0.0,0.0,0.0,0.0,0.0,square,0,0.2,0.25,3,6,19.480037212371826,0.0
1779527844.4754238,-0.1989675347273536,0.0,0.0,0.0,0.0,0.0,-0.1584,1.5444,-0.4356,-0.2,0.0,0.0,-0.1989675347273536,0.0,0.0,0.0,-0.0020777729190408684,0.0,square,0,0.2,0.25,3,6,19.48991084098816,0.0
1779527844.4855716,-0.1989675347273536,0.0,0.0,0.0,-0.0020777729190408684,0.0,-0.1584,1.6236000000000002,-0.4752,-0.2,0.0,0.0,-0.1989675347273536,0.0,0.0,0.0,-0.0020777729190408684,0.0,square,0,0.2,0.25,3,6,19.499910593032837,0.0
1779527844.4954107,-0.1989675347273536,0.0,0.0,0.0,-0.0020777729190408684,0.0,0.198,1.584,-0.35639999999999994,-0.2,0.0,0.0,-0.1989675347273536,0.0,0.0,0.0,0.0,0.0020777729190408684,square,0,0.2,0.25,3,6,19.510058403015137,0.0
1779527844.5054295,-0.1989675347273536,0.0,0.0,0.0,0.0,0.0020777729190408684,-0.1584,1.584,-0.198,-0.2,0.0,0.0,-0.1989675347273536,0.0,0.0,0.0,0.0,0.0,square,0,0.2,0.25,3,6,19.5198974609375,0.0
1779527844.5154276,-0.1989675347273536,0.0,0.0,0.0,0.0,0.0,0.1584,1.5444,-0.3168,-0.2,0.0,0.0,-0.1989675347273536,0.0,0.0,0.0,0.0,0.0,square,0,0.2,0.25,3,6,19.529916286468506,0.0
1779527844.525414,-0.1989675347273536,0.0,0.0,0.0,0.0,0.0,0.1584,1.6632,-0.3168,-0.2,0.0,0.0,-0.1989675347273536,0.0,0.0,0.0,0.0,0.0,square,0,0.2,0.25,3,6,19.53991436958313,0.0
1779527844.5354145,-0.1989675347273536,0.0,0.0,0.0,0.0,0.0,0.1188,1.584,-0.3168,-0.2,0.0,0.0,-0.1989675347273536,0.0,0.0,0.0,0.0,0.0,square,0,0.2,0.25,3,6,19.549900770187378,0.0
1779527844.5455234,-0.1989675347273536,0.0,0.0,0.0,0.0,0.0,-0.1584,1.5444,-0.4356,-0.2,0.0,0.0,-0.1989675347273536,0.0,0.0,0.0,0.0,0.0,square,0,0.2,0.25,3,6,19.559901237487793,0.0
1779527844.5554187,-0.1989675347273536,0.0,0.0,0.0,0.0,0.0,-0.1188,1.4255999999999998,-0.198,-0.2,0.0,0.0,-0.1989675347273536,0.0,0.0,0.0,0.0,0.0,square,0,0.2,0.25,3,6,19.5700101852417,0.0
1779527844.5654101,-0.1989675347273536,0.0,0.0,0.0,0.0,0.0,0.198,1.6236000000000002,-0.3168,-0.2,0.0,0.0,-0.1989675347273536,0.0,0.0,0.0,0.0,0.0,square,0,0.2,0.25,3,6,19.57990550994873,0.0
1779527844.5754337,-0.1989675347273536,0.0,0.0,0.0,0.0,0.0,0.1584,1.4652,-0.396,-0.2,0.0,0.0,-0.1989675347273536,0.0,0.0,0.0,0.0,0.0,square,0,0.2,0.25,3,6,19.58989691734314,0.0
1779527844.5854127,-0.1989675347273536,0.0,0.0,0.0,0.0,0.0,0.198,1.5048000000000001,-0.396,-0.2,0.0,0.0,-0.1989675347273536,0.0,0.0,0.0,0.0,0.0,square,0,0.2,0.25,3,6,19.599920511245728,0.0
1779527844.5954247,-0.1989675347273536,0.0,0.0,0.0,0.0,0.0,-0.198,1.4652,-0.35639999999999994,-0.2,0.0,0.0,-0.1989675347273536,0.0,0.0,-0.0020777729190408684,0.0,0.0,square,0,0.2,0.25,3,6,19.609899520874023,0.0
1779527844.6054113,-0.1989675347273536,0.0,0.0,-0.0020777729190408684,0.0,0.0,0.198,1.6236000000000002,0.27720000000000006,-0.2,0.0,0.0,-0.1989675347273536,0.0,0.0,0.0020777729190408684,0.0020777729190408684,0.0,square,0,0.2,0.25,3,6,19.619911432266235,0.0
1779527844.6155057,-0.1989675347273536,0.0,0.0,0.0020777729190408684,0.0020777729190408684,0.0,-0.1584,1.4652,-0.1188,-0.2,0.0,0.0,-0.1989675347273536,0.0,0.0,0.0020777729190408684,0.0020777729190408684,0.0,square,0,0.2,0.25,3,6,19.629898071289062,0.0
1779527844.62541,-0.1989675347273536,0.0,0.0,0.0020777729190408684,0.0020777729190408684,0.0,-0.1584,1.4652,-0.1188,-0.2,0.0,0.0,-0.1989675347273536,0.0,0.0,0.0,0.0,0.0,square,0,0.2,0.25,3,6,19.639992475509644,0.0
1779527844.6354258,-0.1989675347273536,0.0,0.0,0.0,0.0,0.0,-0.1188,1.5444,0.27720000000000006,-0.2,0.0,0.0,-0.1989675347273536,0.0,0.0,0.0,0.0,0.0,square,0,0.2,0.25,3,6,19.64989686012268,0.0
1779527844.6454113,-0.1989675347273536,0.0,0.0,0.0,0.0,0.0,0.1188,1.584,0.27720000000000006,-0.2,0.0,0.0,-0.1989675347273536,0.0,0.0,0.0,0.0,0.0,square,0,0.2,0.25,3,6,19.659912586212158,0.0
1779527844.655545,-0.1989675347273536,0.0,0.0,0.0,0.0,0.0,-0.1188,1.584,-0.3168,-0.2,0.0,0.0,-0.1989675347273536,0.0,0.0,0.0,0.0,0.0,square,0,0.2,0.25,3,6,19.66989803314209,0.0
1779527844.66541,-0.1989675347273536,0.0,0.0,0.0,0.0,0.0,-0.0792,1.584,-0.198,-0.2,0.0,0.0,-0.1989675347273536,0.0,0.0,0.0,-0.0020777729190408684,-0.0020777729190408684,square,0,0.2,0.25,3,6,19.680031776428223,0.0
1779527844.6754262,-0.1989675347273536,0.0,0.0,0.0,-0.0020777729190408684,-0.0020777729190408684,-0.1188,1.5048000000000001,0.396,-0.2,0.0,0.0,-0.1989675347273536,0.0,0.0,-0.0020777729190408684,0.0,0.0,square,0,0.2,0.25,3,6,19.689896821975708,0.0
1779527844.6854186,-0.1989675347273536,0.0,0.0,-0.0020777729190408684,0.0,0.0,-0.1188,1.4255999999999998,-0.198,-0.2,0.0,0.0,-0.1989675347273536,0.0,0.0,0.0,0.0,0.0,square,0,0.2,0.25,3,6,19.699913024902344,0.0
1779527844.6954107,-0.1989675347273536,0.0,0.0,0.0,0.0,0.0,0.1584,1.4255999999999998,-0.2376,-0.2,0.0,0.0,-0.1989675347273536,0.0,0.0,0.0,0.0,0.0,square,0,0.2,0.25,3,6,19.70990538597107,0.0
1779527844.7054133,-0.1989675347273536,0.0,0.0,0.0,0.0,0.0,0.1584,1.4652,0.27720000000000006,-0.2,0.0,0.0,-0.1989675347273536,0.0,0.0,0.0,0.0020777729190408684,0.0,square,0,0.2,0.25,3,6,19.719897508621216,0.0
1779527844.7154226,-0.1989675347273536,0.0,0.0,0.0,0.0020777729190408684,0.0,0.1584,1.4255999999999998,0.27720000000000006,-0.2,0.0,0.0,-0.1989675347273536,0.0,0.0,0.0,0.0,0.0,square,0,0.2,0.25,3,6,19.729900121688843,0.0
1779527844.7254124,-0.1989675347273536,0.0,0.0,0.0,0.0,0.0,0.198,1.5048000000000001,-0.198,-0.2,0.0,0.0,-0.1989675347273536,0.0,0.0,0.0,0.0,0.0,square,0,0.2,0.25,3,6,19.739909410476685,0.0
1779527844.7354138,-0.1989675347273536,0.0,0.0,0.0,0.0,0.0,-0.1188,1.5444,-0.396,-0.2,0.0,0.0,-0.1989675347273536,0.0,0.0,0.0,0.0,0.0,square,0,0.2,0.25,3,6,19.74989914894104,0.0
1779527844.7454133,-0.1989675347273536,0.0,0.0,0.0,0.0,0.0,-0.1188,1.5048000000000001,-0.27720000000000006,-0.2,0.0,0.0,-0.1989675347273536,0.0,0.0,0.0,0.0,0.0,square,0,0.2,0.25,3,6,19.75990056991577,0.0
1779527844.7554197,-0.1989675347273536,0.0,0.0,0.0,0.0,0.0,-0.0396,1.5444,-0.396,-0.2,0.0,0.0,-0.1989675347273536,0.0,0.0,0.0,-0.0020777729190408684,0.0,square,0,0.2,0.25,3,6,19.76990008354187,0.0
1779527844.7655456,-0.1989675347273536,0.0,0.0,0.0,-0.0020777729190408684,0.0,-0.1188,1.4255999999999998,-0.1584,-0.2,0.0,0.0,-0.1989675347273536,0.0,0.0,0.0,0.0,0.0,square,0,0.2,0.25,3,6,19.779906511306763,0.0
1779527844.7754145,-0.1989675347273536,0.0,0.0,0.0,0.0,0.0,-0.1188,1.5444,-0.35639999999999994,-0.2,0.0,0.0,-0.1989675347273536,0.0,0.0,0.0,0.0,0.0,square,0,0.2,0.25,3,6,19.790032386779785,0.0
1779527844.7854075,-0.1989675347273536,0.0,0.0,0.0,0.0,0.0,-0.1188,1.4255999999999998,-0.3168,-0.2,0.0,0.0,-0.1989675347273536,0.0,0.0,0.0,0.0,0.0,square,0,0.2,0.25,3,6,19.799901247024536,0.0
1779527844.7954154,-0.1989675347273536,0.0,0.0,0.0,0.0,0.0,-0.1188,1.4652,-0.3168,-0.2,0.0,0.0,-0.1989675347273536,0.0,0.0,0.0,0.0,0.0,square,0,0.2,0.25,3,6,19.809894323349,0.0
1779527844.8054366,-0.1989675347273536,0.0,0.0,0.0,0.0,0.0,-0.1584,1.5048000000000001,-0.2376,-0.2,0.0,0.0,-0.1989675347273536,0.0,0.0,0.0,0.0,0.0020777729190408684,square,0,0.2,0.25,3,6,19.819902181625366,0.0
1779527844.8154106,-0.1989675347273536,0.0,0.0,0.0,0.0,0.0020777729190408684,-0.1584,1.584,-0.2376,-0.2,0.0,0.0,-0.1989675347273536,0.0,0.0,0.0,0.0,0.0,square,0,0.2,0.25,3,6,19.829923391342163,0.0
1779527844.8254204,-0.1989675347273536,0.0,0.0,0.0,0.0,0.0,0.1188,1.5444,-0.1188,-0.2,0.0,0.0,-0.1989675347273536,0.0,0.0,0.0,0.0,0.0,square,0,0.2,0.25,3,6,19.839897394180298,0.0
1779527844.8359637,-0.1989675347273536,0.0,0.0,0.0,0.0,0.0,0.198,1.4255999999999998,-0.27720000000000006,-0.2,0.0,0.0,-0.1989675347273536,0.0,0.0,-0.0020777729190408684,0.0,-0.0020777729190408684,square,0,0.2,0.25,3,6,19.849907159805298,0.0
1779527844.8454256,-0.1989675347273536,0.0,0.0,-0.0020777729190408684,0.0,-0.0020777729190408684,0.1188,1.4255999999999998,0.1188,-0.2,0.0,0.0,-0.1989675347273536,0.0,0.0,0.0,0.0,-0.0020777729190408684,square,0,0.2,0.25,3,6,19.860450506210327,0.0
1779527844.855411,-0.1989675347273536,0.0,0.0,0.0,0.0,-0.0020777729190408684,-0.1584,1.4255999999999998,-0.2376,-0.2,0.0,0.0,-0.1989675347273536,0.0,0.0,0.0,0.0,0.0,square,0,0.2,0.25,3,6,19.86991238594055,0.0
1779527844.8654196,-0.1989675347273536,0.0,0.0,0.0,0.0,0.0,0.198,1.5048000000000001,0.2376,-0.2,0.0,0.0,-0.1989675347273536,0.0,0.0,0.0,-0.0020777729190408684,0.0,square,0,0.2,0.25,3,6,19.879897832870483,0.0
1779527844.8753831,-0.1989675347273536,0.0,0.0,0.0,-0.0020777729190408684,0.0,-0.1584,1.4652,-0.2376,-0.2,0.0,0.0,-0.1989675347273536,0.0,0.0,0.0,-0.0020777729190408684,0.0020777729190408684,square,0,0.2,0.25,3,6,19.889906406402588,0.0
1779527844.885491,-0.1989675347273536,0.0,0.0,0.0,-0.0020777729190408684,0.0020777729190408684,0.1188,1.3860000000000001,-0.0792,-0.2,0.0,0.0,-0.1989675347273536,0.0,0.0,0.0,0.0,0.0,square,0,0.2,0.25,3,6,19.899869918823242,0.0
1779527844.8954146,-0.1989675347273536,0.0,0.0,0.0,0.0,0.0,-0.1188,1.5048000000000001,-0.2376,-0.2,0.0,0.0,-0.1989675347273536,0.0,0.0,0.0,0.0,-0.0020777729190408684,square,0,0.2,0.25,3,6,19.909977674484253,0.0
1779527844.905415,-0.1989675347273536,0.0,0.0,0.0,0.0,-0.0020777729190408684,-0.1188,1.584,0.27720000000000006,-0.2,0.0,0.0,-0.1989675347273536,0.0,0.0,-0.0020777729190408684,0.0020777729190408684,0.0,square,0,0.2,0.25,3,6,19.919901371002197,0.0
1779527844.915416,-0.1989675347273536,0.0,0.0,-0.0020777729190408684,0.0020777729190408684,0.0,0.1584,1.5048000000000001,-0.27720000000000006,-0.2,0.0,0.0,-0.1989675347273536,0.0,0.0,-0.0020777729190408684,0.0,0.0,square,0,0.2,0.25,3,6,19.929901838302612,0.0
1779527844.9254498,-0.1989675347273536,0.0,0.0,-0.0020777729190408684,0.0,0.0,0.1584,1.5048000000000001,-0.198,-0.2,0.0,0.0,-0.1989675347273536,0.0,0.0,0.0,0.0,0.0,square,0,0.2,0.25,3,6,19.939902782440186,0.0
1779527844.9354215,-0.1989675347273536,0.0,0.0,0.0,0.0,0.0,-0.1584,1.4652,-0.27720000000000006,-0.2,0.0,0.0,-0.1989675347273536,0.0,0.0,0.0,0.0,0.0,square,0,0.2,0.25,3,6,19.949936628341675,0.0
1779527844.9454114,-0.1989675347273536,0.0,0.0,0.0,0.0,0.0,-0.1188,1.5048000000000001,-0.3168,-0.2,0.0,0.0,-0.1989675347273536,0.0,0.0,0.0,0.0,0.0,square,0,0.2,0.25,3,6,19.95990824699402,0.0
1779527844.955411,-0.1989675347273536,0.0,0.0,0.0,0.0,0.0,0.1188,1.584,-0.2376,-0.2,0.0,0.0,-0.1989675347273536,0.0,0.0,0.0,0.0,-0.0020777729190408684,square,0,0.2,0.25,3,6,19.969898223876953,0.0
1779527844.9654229,-0.1989675347273536,0.0,0.0,0.0,0.0,-0.0020777729190408684,-0.1188,1.3464,-0.2376,-0.2,0.0,0.0,-0.1989675347273536,0.0,0.0,0.0,0.0,0.0,square,0,0.2,0.25,3,6,19.97989773750305,0.0
1779527844.9754193,-0.1989675347273536,0.0,0.0,0.0,0.0,0.0,-0.1188,1.584,-0.2376,-0.2,0.0,0.0,-0.1989675347273536,0.0,0.0,0.0,0.0020777729190408684,0.0,square,0,0.2,0.25,3,6,19.989909648895264,0.0
1779527844.9854145,-0.1989675347273536,0.0,0.0,0.0,0.0020777729190408684,0.0,-0.1188,1.3860000000000001,-0.3168,-0.2,0.0,0.0,-0.1989675347273536,0.0,0.0,0.0,0.0,0.0,square,0,0.2,0.25,3,6,19.999906063079834,0.0
