t,q_0,q_1,q_2,dq_0,dq_1,dq_2,tau_0,tau_1,tau_2,cmd_0,cmd_1,cmd_2,q_next_0,q_next_1,q_next_2,dq_next_0,dq_next_1,dq_next_2,signal_type,active_joint,amplitude,frequency,combo_index,segment_id,local_t,hold_s
1779527521.1933475,0.0,0.0,0.0,-0.0020777729190408684,0.0,0.0,0.0,1.5048000000000001,-0.1584,0.0,0.0,0.0,0.0,0.0,0.0,0.0,0.0,0.0,sine,2,0.2,0.5,28,56,0.0,0.0
1779527521.2033477,0.0,0.0,0.0,0.0,0.0,0.0,-0.0396,1.3860000000000001,-0.396,0.0,0.0,0.006283493386362521,0.0,0.0,0.0,0.0,0.0,0.0,sine,2,0.2,0.5,28,56,0.01000213623046875,0.0
1779527521.2133756,0.0,0.0,0.0,0.0,0.0,0.0,0.0,1.5048000000000001,-0.3168,0.0,0.0,0.012559587017036113,0.0,0.0,0.0,0.0,0.0,0.0020777729190408684,sine,2,0.2,0.5,28,56,0.020002365112304688,0.0
1779527521.2234075,0.0,0.0,0.0,0.0,0.0,0.0020777729190408684,0.0,1.4652,0.27720000000000006,0.0,0.0,0.018840585205725967,0.0,0.0,0.0,-0.0020777729190408684,0.0,0.016622183352326948,sine,2,0.2,0.5,28,56,0.030030250549316406,0.0
1779527521.2333455,0.0,0.0,0.0,-0.0020777729190408684,0.0,0.016622183352326948,0.0,1.4255999999999998,0.27720000000000006,0.0,0.0,0.02510541268489598,0.0,0.0,0.0,0.0,0.0,0.07064427924738953,sine,2,0.2,0.5,28,56,0.04006218910217285,0.0
1779527521.2433572,0.0,0.0,0.0,0.0,0.0,0.07064427924738953,-0.0396,1.4255999999999998,0.4356,0.0,0.0,0.03128701137483266,0.0,0.0,0.0017453292519943296,0.0,-0.0020777729190408684,0.16206628768518774,sine,2,0.2,0.5,28,56,0.05000019073486328,0.0
1779527521.253346,0.0,0.0,0.0017453292519943296,0.0,-0.0020777729190408684,0.16206628768518774,0.0,1.3464,0.198,0.0,0.0,0.037483585044843656,0.0,0.0,0.003490658503988659,-0.0020777729190408684,0.0,0.22024392941833204,sine,2,0.2,0.5,28,56,0.060011863708496094,0.0
1779527521.2633514,0.0,0.0,0.003490658503988659,-0.0020777729190408684,0.0,0.22024392941833204,0.0396,1.5048000000000001,0.9504,0.0,0.0,0.04362904592982074,0.0,0.0,0.006981317007977318,0.0,0.0,0.299199300341885,sine,2,0.2,0.5,28,56,0.07000064849853516,0.0
1779527521.273358,0.0,0.0,0.006981317007977318,0.0,0.0,0.299199300341885,0.0,1.4652,0.6732,0.0,0.0,0.04974170350138993,0.0,0.0,0.010471975511965978,0.0,0.0,0.34283253164174327,sine,2,0.2,0.5,28,56,0.08000612258911133,0.0
1779527521.2833467,0.0,0.0,0.010471975511965978,0.0,0.0,0.34283253164174327,0.0,1.3464,0.6336,0.0,0.0,0.055805937528584676,0.0,0.0,0.015707963267948967,0.0,0.0,0.4010101733748876,sine,2,0.2,0.5,28,56,0.09001278877258301,0.0
1779527521.2933571,0.0,0.0,0.015707963267948967,0.0,0.0,0.4010101733748876,0.0792,1.4255999999999998,0.35639999999999994,0.0,0.0,0.06180419671170904,0.0,0.0,0.019198621771937627,0.0,0.0020777729190408684,0.4363323129985824,sine,2,0.2,0.5,28,56,0.10000133514404297,0.0
1779527521.3033466,0.0,0.0,0.019198621771937627,0.0,0.0020777729190408684,0.4363323129985824,0.0,1.4652,0.6336,0.0,0.0,0.06775456931509738,0.0,0.0,0.024434609527920613,0.0,0.0,0.4591878151080319,sine,2,0.2,0.5,28,56,0.11001181602478027,0.0
1779527521.313352,0.0,0.0,0.024434609527920613,0.0,0.0,0.4591878151080319,0.0,1.4652,0.7524000000000001,0.0,0.0,0.07362567937919208,0.0,0.0,0.029670597283903605,0.0,0.0,0.49035440889364496,sine,2,0.2,0.5,28,56,0.12000131607055664,0.0
1779527521.323372,0.0,0.0,0.029670597283903605,0.0,0.0,0.49035440889364496,0.0,1.5444,0.792,0.0,0.0,0.07943349360259538,0.0,0.0,0.03490658503988659,0.0,0.0,0.5215210026792579,sine,2,0.2,0.5,28,56,0.1300067901611328,0.0
1779527521.3333464,0.0,0.0,0.03490658503988659,0.0,0.0,0.5215210026792579,0.0,1.5048000000000001,0.4356,0.0,0.0,0.0851709632220452,0.0,0.0,0.04014257279586959,0.0,0.0,0.5360654131125441,sine,2,0.2,0.5,28,56,0.14002656936645508,0.0
1779527521.343399,0.0,0.0,0.04014257279586959,0.0,0.0,0.5360654131125441,0.0396,1.3464,0.1188,0.0,0.0,0.09079868723865805,0.0,0.0,0.04537856055185257,0.0,0.0,0.5443765047887075,sine,2,0.2,0.5,28,56,0.15000104904174805,0.0
1779527521.353345,0.0,0.0,0.04537856055185257,0.0,0.0,0.5443765047887075,0.0,1.4255999999999998,0.7127999999999999,0.0,0.0,0.09638031717686525,0.0,0.0,0.050614548307835565,0.0,0.0,0.5547653693839119,sine,2,0.2,0.5,28,56,0.16005373001098633,0.0
1779527521.3633475,0.0,0.0,0.050614548307835565,0.0,0.0,0.5547653693839119,0.0396,1.3860000000000001,0.1188,0.0,0.0,0.10180806652814688,0.0,0.0,0.05585053606381855,0.0,0.0,0.5422987318696666,sine,2,0.2,0.5,28,56,0.1699995994567871,0.0
1779527521.3734708,0.0,0.0,0.05585053606381855,0.0,0.0,0.5422987318696666,0.0,1.5048000000000001,0.396,0.0,0.0,0.10716653275263786,0.0,0.0,0.061086523819801536,-0.0020777729190408684,0.0,0.5111321380840537,sine,2,0.2,0.5,28,56,0.18000221252441406,0.0
1779527521.3833828,0.0,0.0,0.061086523819801536,-0.0020777729190408684,0.0,0.5111321380840537,-0.0396,1.4652,1.3860000000000001,0.0,0.0,0.11248186744328131,0.0,0.0,0.06806784082777886,0.0,0.0,0.5547653693839119,sine,2,0.2,0.5,28,56,0.1901254653930664,0.0
1779527521.3933468,0.0,0.0,0.06806784082777886,0.0,0.0,0.5547653693839119,-0.0396,1.4652,0.6336,0.0,0.0,0.11757610118632099,0.0,0.0,0.07330382858376185,0.0,0.0,0.5609986881410345,sine,2,0.2,0.5,28,56,0.20003747940063477,0.0
1779527521.4033692,0.0,0.0,0.07330382858376185,0.0,0.0,0.5609986881410345,0.0,1.5444,0.7524000000000001,0.0,0.0,0.12258213987273466,0.0,0.0,0.07853981633974483,0.0,0.0,0.5693097798171979,sine,2,0.2,0.5,28,56,0.21000146865844727,0.0
1779527521.4133482,0.0,0.0,0.07853981633974483,0.0,0.0,0.5693097798171979,0.0,1.3860000000000001,0.2376,0.0,0.0,0.1274963539472579,0.0,0.0,0.08377580409572782,0.0,0.0,0.5651542339791162,sine,2,0.2,0.5,28,56,0.22002387046813965,0.0
1779527521.423349,0.0,0.0,0.08377580409572782,0.0,0.0,0.5651542339791162,0.0,1.5444,0.6732,0.0,0.0,0.13226373047378046,0.0,0.0,0.09075712110370514,0.0,0.0,0.5568431423029527,sine,2,0.2,0.5,28,56,0.23000288009643555,0.0
1779527521.433348,0.0,0.0,0.09075712110370514,0.0,0.0,0.5568431423029527,0.0,1.3464,0.0792,0.0,0.0,0.13691106356835875,0.0,0.0,0.09599310885968812,-0.0020777729190408684,0.0,0.5485320506267892,sine,2,0.2,0.5,28,56,0.2400035858154297,0.0
1779527521.44337,0.0,0.0,0.09599310885968812,-0.0020777729190408684,0.0,0.5485320506267892,0.0,1.4652,0.6336,0.0,0.0,0.14142252142493036,0.0,0.0,0.10122909661567113,0.0,0.0,0.5402209589506258,sine,2,0.2,0.5,28,56,0.2500026226043701,0.0
1779527521.4533436,0.0,0.0,0.10122909661567113,0.0,0.0,0.5402209589506258,0.0,1.3860000000000001,0.0792,0.0,0.0,0.14580438583680774,0.0,0.0,0.10646508437165411,0.0,0.0,0.5235987755982988,sine,2,0.2,0.5,28,56,0.2600247859954834,0.0
1779527521.4633636,0.0,0.0,0.10646508437165411,0.0,0.0,0.5235987755982988,0.0,1.4255999999999998,0.792,0.0,0.0,0.15002151253403626,0.0,0.0,0.1117010721276371,0.0,0.0,0.5069765922459719,sine,2,0.2,0.5,28,56,0.26999831199645996,0.0
1779527521.4733489,0.0,0.0,0.1117010721276371,0.0,0.0,0.5069765922459719,-0.0396,1.5444,0.5544000000000001,0.0,0.0,0.15410998940984377,0.0,0.0,0.11693705988362009,0.0,0.0,0.5090543651650128,sine,2,0.2,0.5,28,56,0.28001832962036133,0.0
1779527521.483376,0.0,0.0,0.11693705988362009,0.0,0.0,0.5090543651650128,0.0,1.5048000000000001,0.3168,0.0,0.0,0.15803236500293932,0.0,0.0,0.12217304763960307,0.0,0.0,0.504898819326931,sine,2,0.2,0.5,28,56,0.29000353813171387,0.0
1779527521.493345,0.0,0.0,0.12217304763960307,0.0,0.0,0.504898819326931,0.0,1.4652,0.3168,0.0,0.0,0.16181473920457823,0.0,0.0,0.12566370614359174,0.0,0.0020777729190408684,0.4861988630555632,sine,2,0.2,0.5,28,56,0.3000307083129883,0.0
1779527521.5033488,0.0,0.0,0.12566370614359174,0.0,0.0020777729190408684,0.4861988630555632,-0.0396,1.3860000000000001,0.1188,0.0,0.0,0.16541601044476997,0.0,0.0,0.1308996938995747,0.0,0.0,0.46749890678419537,sine,2,0.2,0.5,28,56,0.3099997043609619,0.0
1779527521.51335,0.0,0.0,0.1308996938995747,0.0,0.0,0.46749890678419537,-0.0396,1.3464,0.792,0.0,0.0,0.16886676664040234,0.0,0.0,0.13613568165555773,0.0,0.0,0.45711004218899104,sine,2,0.2,0.5,28,56,0.3200035095214844,0.0
1779527521.5233774,0.0,0.0,0.13613568165555773,0.0,0.0,0.45711004218899104,0.0,1.584,0.5544000000000001,0.0,0.0,0.17214990609692193,0.0,0.0,0.13962634015954636,0.0,0.0,0.4467211775937867,sine,2,0.2,0.5,28,56,0.3300046920776367,0.0
1779527521.5333571,0.0,0.0,0.13962634015954636,0.0,0.0,0.4467211775937867,-0.0396,1.3860000000000001,0.1584,0.0,0.0,0.17527105182442815,0.0,0.0,0.14486232791552936,0.0,0.0,0.4363323129985824,sine,2,0.2,0.5,28,56,0.34003210067749023,0.0
1779527521.5433447,0.0,0.0,0.14486232791552936,0.0,0.0,0.4363323129985824,0.0,1.5444,0.5544000000000001,0.0,0.0,0.17820467796373307,0.0,0.0,0.14835298641951802,0.0,0.0,0.4134768108891328,sine,2,0.2,0.5,28,56,0.35001182556152344,0.0
1779527521.5533502,0.0,0.0,0.14835298641951802,0.0,0.0,0.4134768108891328,0.0,1.4255999999999998,0.5544000000000001,0.0,0.0,0.1809652548625406,0.0,0.0,0.1518436449235067,0.0,0.0,0.40932126505105104,sine,2,0.2,0.5,28,56,0.359999418258667,0.0
1779527521.563345,0.0,0.0,0.1518436449235067,0.0,0.0,0.40932126505105104,0.0,1.4652,0.1584,0.0,0.0,0.18355214592933927,0.0,0.0,0.15707963267948966,0.0,0.0,0.39062130877968326,sine,2,0.2,0.5,28,56,0.37000489234924316,0.0
1779527521.5733461,0.0,0.0,0.15707963267948966,0.0,0.0,0.39062130877968326,0.0,1.3860000000000001,0.5940000000000001,0.0,0.0,0.18595521335546855,0.0,0.0,0.16057029118347835,0.0,0.0,0.36568803375119285,sine,2,0.2,0.5,28,56,0.37999963760375977,0.0
1779527521.583343,0.0,0.0,0.16057029118347835,0.0,0.0,0.36568803375119285,-0.0396,1.5444,0.8316,0.0,0.0,0.18817632834921152,0.0,0.0,0.16406094968746698,0.0,0.0,0.36984357958927455,sine,2,0.2,0.5,28,56,0.3900008201599121,0.0
1779527521.5933537,0.0,0.0,0.16406094968746698,0.0,0.0,0.36984357958927455,0.0396,1.5048000000000001,-0.198,0.0,0.0,0.1902108588546142,0.0,0.0,0.16755160819145565,0.0,0.0,0.3282881212084572,sine,2,0.2,0.5,28,56,0.3999977111816406,0.0
1779527521.603353,0.0,0.0,0.16755160819145565,0.0,0.0,0.3282881212084572,-0.0396,1.6236000000000002,1.0692,0.0,0.0,0.19206021489156277,0.0,0.0,0.1710422666954443,0.0,0.0,0.3365992128846207,sine,2,0.2,0.5,28,56,0.41000843048095703,0.0
1779527521.6133454,0.0,0.0,0.1710422666954443,0.0,0.0,0.3365992128846207,0.0,1.5048000000000001,0.3168,0.0,0.0,0.19371783623260183,0.0,0.0,0.17278759594743864,0.0,0.0,0.2971215274228442,sine,2,0.2,0.5,28,56,0.42000770568847656,0.0
1779527521.623351,0.0,0.0,0.17278759594743864,0.0,0.0,0.2971215274228442,0.0,1.4255999999999998,0.6336,0.0,0.0,0.19518336153771704,0.0,0.0,0.1762782544514273,-0.0020777729190408684,0.0,0.2950437545038033,sine,2,0.2,0.5,28,56,0.43000006675720215,0.0
1779527521.6334088,0.0,0.0,0.1762782544514273,-0.0020777729190408684,0.0,0.2950437545038033,0.0,1.5048000000000001,-0.0396,0.0,0.0,0.1964581305361618,0.0,0.0,0.17802358370342164,0.0,-0.0020777729190408684,0.26595493363723116,sine,2,0.2,0.5,28,56,0.4400057792663574,0.0
1779527521.643384,0.0,0.0,0.17802358370342164,0.0,-0.0020777729190408684,0.26595493363723116,-0.0396,1.4255999999999998,0.6336,0.0,0.0,0.19754390240908193,0.0,0.0,0.18151424220741028,0.0,0.0,0.25764384196106765,sine,2,0.2,0.5,28,56,0.45006346702575684,0.0
1779527521.653354,0.0,0.0,0.18151424220741028,0.0,0.0,0.25764384196106765,0.0,1.3860000000000001,0.5148,0.0,0.0,0.19842598339716797,0.0,0.0,0.1832595714594046,0.0,0.0,0.2306327940135364,sine,2,0.2,0.5,28,56,0.4600386619567871,0.0
1779527521.6633449,0.0,0.0,0.1832595714594046,0.0,0.0,0.2306327940135364,0.0,1.5444,0.5940000000000001,0.0,0.0,0.1991129020563061,0.0,0.0,0.18500490071139894,0.0,0.0,0.2181661564992912,sine,2,0.2,0.5,28,56,0.47000861167907715,0.0
1779527521.6734102,0.0,0.0,0.18500490071139894,0.0,0.0,0.2181661564992912,0.0,1.4255999999999998,0.27720000000000006,0.0,0.0,0.19960532762555094,0.0,0.0,0.18849555921538758,0.0,0.0,0.20569951898504596,sine,2,0.2,0.5,28,56,0.4799995422363281,0.0
1779527521.6833487,0.0,0.0,0.18849555921538758,0.0,0.0,0.20569951898504596,0.0,1.4255999999999998,-0.1584,0.0,0.0,0.19990258798576074,0.0,0.0,0.19024088846738194,0.0,0.0,0.17661069811847382,sine,2,0.2,0.5,28,56,0.4900648593902588,0.0
1779527521.6933596,0.0,0.0,0.19024088846738194,0.0,0.0,0.17661069811847382,0.0,1.5048000000000001,0.3168,0.0,0.0,0.19999999998900397,0.0,0.0,0.19024088846738194,0.0,-0.0020777729190408684,0.15998851476614687,sine,2,0.2,0.5,28,56,0.5000033378601074,0.0
1779527521.7033587,0.0,0.0,0.19024088846738194,0.0,-0.0020777729190408684,0.15998851476614687,0.0,1.3464,0.4356,0.0,0.0,0.19990102973456308,0.0,0.0,0.19198621771937624,0.0,0.0,0.14544410433286079,sine,2,0.2,0.5,28,56,0.5100142955780029,0.0
1779527521.7133482,0.0,0.0,0.19198621771937624,0.0,0.0,0.14544410433286079,-0.0396,1.4652,0.6732,0.0,0.0,0.1996048195160666,0.0,0.0,0.1937315469713706,0.0,0.0,0.1308996938995747,sine,2,0.2,0.5,28,56,0.5200133323669434,0.0
1779527521.7233486,0.0,0.0,0.1937315469713706,0.0,0.0,0.1308996938995747,0.0,1.4255999999999998,0.4752,0.0,0.0,0.19911222543217716,0.0,0.0,0.1954768762233649,0.0,0.0,0.10596641887108428,sine,2,0.2,0.5,28,56,0.5300028324127197,0.0
1779527521.7333472,0.0,0.0,0.1954768762233649,0.0,0.0,0.10596641887108428,0.0,1.4652,0.5148,0.0,0.0,0.19842268040248714,0.0,0.0,0.1954768762233649,0.0,0.0,0.07479982508547126,sine,2,0.2,0.5,28,56,0.5400032997131348,0.0
1779527521.7434666,0.0,0.0,0.1954768762233649,0.0,0.0,0.07479982508547126,0.0,1.5048000000000001,0.8712,0.0,0.0,0.19753748532793966,0.0,0.0,0.1954768762233649,0.0,0.0020777729190408684,0.06233318757122605,sine,2,0.2,0.5,28,56,0.550001859664917,0.0
1779527521.753377,0.0,0.0,0.1954768762233649,0.0,0.0020777729190408684,0.06233318757122605,0.0,1.5048000000000001,0.7127999999999999,0.0,0.0,0.19644315486275743,0.0,0.0,0.19722220547535924,0.0,0.0,0.035322139623694765,sine,2,0.2,0.5,28,56,0.5601212978363037,0.0
1779527521.7633557,0.0,0.0,0.19722220547535924,0.0,0.0,0.035322139623694765,0.0396,1.3860000000000001,0.99,0.0,0.0,0.1951790143366896,0.0,0.0,0.19722220547535924,0.0,0.0,0.03739991254273563,sine,2,0.2,0.5,28,56,0.5700316429138184,0.0
1779527521.7733648,0.0,0.0,0.19722220547535924,0.0,0.0,0.03739991254273563,0.0,1.3464,0.396,0.0,0.0,0.19371500484792503,0.0,0.0,0.19722220547535924,0.0,0.0020777729190408684,0.014544410433286078,sine,2,0.2,0.5,28,56,0.5800104141235352,0.0
1779527521.7835116,0.0,0.0,0.19722220547535924,0.0,0.0020777729190408684,0.014544410433286078,-0.0396,1.3464,0.396,0.0,0.0,0.1920553247425611,0.0,0.0,0.19722220547535924,0.0,0.0,0.0,sine,2,0.2,0.5,28,56,0.5900194644927979,0.0
1779527521.7933474,0.0,0.0,0.19722220547535924,0.0,0.0,0.0,-0.0396,1.5048000000000001,-0.1584,0.0,0.0,0.1901789842645737,0.0,0.0,0.19722220547535924,0.0,0.0,-0.020777729190408684,sine,2,0.2,0.5,28,56,0.6001663208007812,0.0
1779527521.8033473,0.0,0.0,0.19722220547535924,0.0,0.0,-0.020777729190408684,-0.0792,1.5048000000000001,-0.0396,0.0,0.0,0.18817571941925537,0.0,0.0,0.1954768762233649,0.0,0.0,-0.04778877713793997,sine,2,0.2,0.5,28,56,0.6100020408630371,0.0
1779527521.8133485,0.0,0.0,0.1954768762233649,0.0,0.0,-0.04778877713793997,0.0,1.5048000000000001,-0.35639999999999994,0.0,0.0,0.18595482732915225,0.0,0.0,0.1954768762233649,0.0,0.0,-0.04986655005698084,sine,2,0.2,0.5,28,56,0.620002031326294,0.0
1779527521.8233435,0.0,0.0,0.1954768762233649,0.0,0.0,-0.04986655005698084,-0.0396,1.584,0.1584,0.0,0.0,0.18355012315006566,0.0,0.0,0.1937315469713706,-0.0020777729190408684,0.0,-0.078955370923553,sine,2,0.2,0.5,28,56,0.6300032138824463,0.0
1779527521.8333488,0.0,0.0,0.1937315469713706,-0.0020777729190408684,0.0,-0.078955370923553,0.0,1.5444,0.198,0.0,0.0,0.1809658926892903,0.0,0.0,0.1937315469713706,0.0,0.0,-0.10181087303300256,sine,2,0.2,0.5,28,56,0.639998197555542,0.0
1779527521.8433478,0.0,0.0,0.1937315469713706,0.0,0.0,-0.10181087303300256,0.0,1.3860000000000001,0.2376,0.0,0.0,0.17820032549694254,0.0,0.0,0.19198621771937624,0.0,0.0,-0.12051082930437036,sine,2,0.2,0.5,28,56,0.6500034332275391,0.0
1779527521.853348,0.0,0.0,0.19198621771937624,0.0,0.0,-0.12051082930437036,-0.0396,1.3860000000000001,0.35639999999999994,0.0,0.0,0.17526058834244898,0.0,0.0,0.19024088846738194,0.0,0.0,-0.157910741847106,sine,2,0.2,0.5,28,56,0.6600024700164795,0.0
1779527521.863344,0.0,0.0,0.19024088846738194,0.0,0.0,-0.157910741847106,-0.0396,1.5444,0.0,0.0,0.0,0.17214754217854683,0.0,0.0,0.18849555921538758,0.0,0.0,-0.16206628768518774,sine,2,0.2,0.5,28,56,0.6700026988983154,0.0
1779527521.873346,0.0,0.0,0.18849555921538758,0.0,0.0,-0.16206628768518774,0.0,1.4652,0.5544000000000001,0.0,0.0,0.16886604423387397,0.0,0.0,0.1867502299633933,0.0,0.0020777729190408684,-0.17868847103751467,sine,2,0.2,0.5,28,56,0.6799986362457275,0.0
1779527521.883353,0.0,0.0,0.1867502299633933,0.0,0.0020777729190408684,-0.17868847103751467,-0.0396,1.4652,0.7127999999999999,0.0,0.0,0.16541584204101384,0.0,0.0,0.18500490071139894,0.0,-0.0020777729190408684,-0.20154397314696423,sine,2,0.2,0.5,28,56,0.6900007724761963,0.0
1779527521.8933463,0.0,0.0,0.18500490071139894,0.0,-0.0020777729190408684,-0.20154397314696423,0.0,1.4255999999999998,0.2376,0.0,0.0,0.16180056355728958,0.0,0.0,0.1832595714594046,0.0,0.0,-0.22232170233737292,sine,2,0.2,0.5,28,56,0.7000076770782471,0.0
1779527521.9033473,0.0,0.0,0.1832595714594046,0.0,0.0,-0.22232170233737292,-0.0396,1.4652,0.0,0.0,0.0,0.15803062052314013,0.0,0.0,0.17976891295541597,0.0,0.0,-0.23478833985161812,sine,2,0.2,0.5,28,56,0.7100009918212891,0.0
1779527521.9133446,0.0,0.0,0.17976891295541597,0.0,0.0,-0.23478833985161812,0.0,1.3860000000000001,0.198,0.0,0.0,0.1541018731905137,0.0,0.0,0.17802358370342164,0.0020777729190408684,0.0,-0.2617993877991494,sine,2,0.2,0.5,28,56,0.7200019359588623,0.0
1779527521.923358,0.0,0.0,0.17802358370342164,0.0020777729190408684,0.0,-0.2617993877991494,0.0,1.3464,0.396,0.0,0.0,0.15002250319955274,0.0,0.0,0.17453292519943295,0.0,0.0,-0.26595493363723116,sine,2,0.2,0.5,28,56,0.729999303817749,0.0
1779527521.9333472,0.0,0.0,0.17453292519943295,0.0,0.0,-0.26595493363723116,0.0,1.584,0.6732,0.0,0.0,0.14578828627205787,0.0,0.0,0.1710422666954443,0.0,0.0,-0.2971215274228442,sine,2,0.2,0.5,28,56,0.7400126457214355,0.0
1779527521.9433453,0.0,0.0,0.1710422666954443,0.0,0.0,-0.2971215274228442,-0.0396,1.4652,0.0792,0.0,0.0,0.14142050882210083,0.0,0.0,0.16929693744344998,-0.0020777729190408684,0.0,-0.2971215274228442,sine,2,0.2,0.5,28,56,0.7500019073486328,0.0
1779527521.9533472,0.0,0.0,0.16929693744344998,-0.0020777729190408684,0.0,-0.2971215274228442,-0.0396,1.4255999999999998,0.35639999999999994,0.0,0.0,0.13690942555379967,0.0,0.0,0.1658062789394613,0.0,0.0,-0.3345214399655798,sine,2,0.2,0.5,28,56,0.7599999904632568,0.0
1779527521.9633534,0.0,0.0,0.1658062789394613,0.0,0.0,-0.3345214399655798,0.0,1.4652,0.198,0.0,0.0,0.13226148310192673,0.0,0.0,0.16231562043547265,0.0,0.0,-0.3282881212084572,sine,2,0.2,0.5,28,56,0.7700018882751465,0.0
1779527521.9733493,0.0,0.0,0.16231562043547265,0.0,0.0,-0.3282881212084572,0.0,1.5048000000000001,0.99,0.0,0.0,0.12748088730799864,0.0,0.0,0.158824961931484,0.0,0.0,-0.37192135250831543,sine,2,0.2,0.5,28,56,0.78000807762146,0.0
1779527521.983348,0.0,0.0,0.158824961931484,0.0,0.0,-0.37192135250831543,0.0,1.3068,-0.27720000000000006,0.0,0.0,0.12257941741311698,0.0,0.0,0.15533430342749532,0.0,0.0,-0.35529916915598847,sine,2,0.2,0.5,28,56,0.7900040149688721,0.0
1779527521.9933467,0.0,0.0,0.15533430342749532,0.0,0.0,-0.35529916915598847,0.0,1.4652,0.9504,0.0,0.0,0.11755574157003063,0.0,0.0,0.15009831567151233,0.0,0.0020777729190408684,-0.3989324004558467,sine,2,0.2,0.5,28,56,0.8000025749206543,0.0
1779527522.0033512,0.0,0.0,0.15009831567151233,0.0,0.0020777729190408684,-0.3989324004558467,-0.0396,1.4652,0.35639999999999994,0.0,0.0,0.11241596191116748,0.0,0.0,0.1466076571675237,0.0,0.0,-0.3989324004558467,sine,2,0.2,0.5,28,56,0.8100013732910156,0.0
1779527522.0133476,0.0,0.0,0.1466076571675237,0.0,0.0,-0.3989324004558467,0.0,1.4652,0.3168,0.0,0.0,0.10716223232516214,0.0,0.0,0.14311699866353503,0.0,0.0,-0.4134768108891328,sine,2,0.2,0.5,28,56,0.8200058937072754,0.0
1779527522.0233614,0.0,0.0,0.14311699866353503,0.0,0.0,-0.4134768108891328,0.0,1.4255999999999998,0.35639999999999994,0.0,0.0,0.1018070349929478,0.0,0.0,0.13788101090755203,0.0,0.0,-0.4342545400795415,sine,2,0.2,0.5,28,56,0.8300023078918457,0.0
1779527522.033353,0.0,0.0,0.13788101090755203,0.0,0.0,-0.4342545400795415,0.0396,1.584,0.4752,0.0,0.0,0.09634185537715655,0.0,0.0,0.13264502315156904,0.0,0.0,-0.4467211775937867,sine,2,0.2,0.5,28,56,0.8400161266326904,0.0
1779527522.043356,0.0,0.0,0.13264502315156904,0.0,0.0,-0.4467211775937867,0.0,1.5048000000000001,0.0396,0.0,0.0,0.09079374862664091,0.0,0.0,0.12915436464758037,-0.0020777729190408684,0.0,-0.45711004218899104,sine,2,0.2,0.5,28,56,0.8500077724456787,0.0
1779527522.0533452,0.0,0.0,0.12915436464758037,-0.0020777729190408684,0.0,-0.45711004218899104,0.0,1.3860000000000001,0.3168,0.0,0.0,0.08514981835203572,0.0,0.0,0.1239183768915974,0.0,0.0,-0.46334336094611367,sine,2,0.2,0.5,28,56,0.8600106239318848,0.0
1779527522.0633442,0.0,0.0,0.1239183768915974,0.0,0.0,-0.46334336094611367,0.0,1.5444,0.9504,0.0,0.0,0.07942964411841802,0.0,0.0,0.11868238913561442,0.0,0.0,-0.49035440889364496,sine,2,0.2,0.5,28,56,0.869999885559082,0.0
1779527522.0733624,0.0,0.0,0.11868238913561442,0.0,0.0,-0.49035440889364496,0.0,1.4652,0.0,0.0,0.0,0.07362554009626798,0.0,0.0,0.11344640137963143,0.0,0.0,-0.504898819326931,sine,2,0.2,0.5,28,56,0.8799989223480225,0.0
1779527522.0833454,0.0,0.0,0.11344640137963143,0.0,0.0,-0.504898819326931,0.0,1.4255999999999998,0.27720000000000006,0.0,0.0,0.06773751472809053,0.0,0.0,0.10995574287564278,0.0,0.0,-0.5028210464078902,sine,2,0.2,0.5,28,56,0.890017032623291,0.0
1779527522.0933487,0.0,0.0,0.10995574287564278,0.0,0.0,-0.5028210464078902,-0.0396,1.4652,0.4752,0.0,0.0,0.06180334188661081,0.0,0.0,0.10471975511965977,0.0,0.0,-0.5111321380840537,sine,2,0.2,0.5,28,56,0.9000000953674316,0.0
1779527522.1033435,0.0,0.0,0.10471975511965977,0.0,0.0,-0.5111321380840537,-0.0396,1.4652,0.4752,0.0,0.0,0.055796155451215294,0.0,0.0,0.09773843811168245,0.0,0.0,-0.5256765485173397,sine,2,0.2,0.5,28,56,0.9100034236907959,0.0
1779527522.1133463,0.0,0.0,0.09773843811168245,0.0,0.0,-0.5256765485173397,0.0,1.5444,0.8316,0.0,0.0,0.04973909177311857,0.0,0.0,0.09250245035569947,0.0020777729190408684,0.0,-0.538143186031585,sine,2,0.2,0.5,28,56,0.9199981689453125,0.0
1779527522.1233876,0.0,0.0,0.09250245035569947,0.0020777729190408684,0.0,-0.538143186031585,-0.0396,1.4652,0.1584,0.0,0.0,0.043628022564165286,0.0,0.0,0.08726646259971647,0.0020777729190408684,0.0,-0.5485320506267892,sine,2,0.2,0.5,28,56,0.9300010204315186,0.0
1779527522.1333594,0.0,0.0,0.08726646259971647,0.0020777729190408684,0.0,-0.5485320506267892,0.0,1.4255999999999998,0.6732,0.0,0.0,0.03745018182880021,0.0,0.0,0.08203047484373349,0.0,0.0,-0.5609986881410345,sine,2,0.2,0.5,28,56,0.94004225730896,0.0
1779527522.143347,0.0,0.0,0.08203047484373349,0.0,0.0,-0.5609986881410345,-0.0396,1.4255999999999998,0.0792,0.0,0.0,0.03127813383467581,0.0,0.0,0.07679448708775051,0.0,0.0,-0.5713875527362388,sine,2,0.2,0.5,28,56,0.9500141143798828,0.0
1779527522.1533484,0.0,0.0,0.07679448708775051,0.0,0.0,-0.5713875527362388,0.0,1.584,0.4356,0.0,0.0,0.025065582582049134,0.0,0.0,0.06981317007977318,0.0020777729190408684,0.0,-0.5755430985743205,sine,2,0.2,0.5,28,56,0.9600017070770264,0.0
1779527522.163349,0.0,0.0,0.06981317007977318,0.0020777729190408684,0.0,-0.5755430985743205,-0.0396,1.4255999999999998,0.0396,0.0,0.0,0.018819705972481598,0.0,0.0,0.06457718232379019,0.0020777729190408684,0.0,-0.5755430985743205,sine,2,0.2,0.5,28,56,0.9700031280517578,0.0
1779527522.1733677,0.0,0.0,0.06457718232379019,0.0020777729190408684,0.0,-0.5755430985743205,0.0,1.5048000000000001,0.4752,0.0,0.0,0.012555849336339589,0.0,0.0,0.05934119456780721,0.0,0.0,-0.5796986444124023,sine,2,0.2,0.5,28,56,0.9800035953521729,0.0
1779527522.1833472,0.0,0.0,0.05934119456780721,0.0,0.0,-0.5796986444124023,0.0,1.3860000000000001,0.4752,0.0,0.0,0.006268071294986257,0.0,0.0,0.05235987755982988,0.0,0.0,-0.5921652819266475,sine,2,0.2,0.5,28,56,0.9900224208831787,0.0
1779527522.1933477,0.0,0.0,0.05235987755982988,0.0,0.0,-0.5921652819266475,0.0,1.584,0.6336,0.0,0.0,-1.1984224905464458e-06,0.0,0.0,0.047123889803846894,-0.0020777729190408684,0.0,-0.5963208277647293,sine,2,0.2,0.5,28,56,1.0000019073486328,0.0
1779527522.2034867,0.0,0.0,0.047123889803846894,-0.0020777729190408684,0.0,-0.5963208277647293,0.0,1.5444,0.3168,0.0,0.0,-0.006283643115221867,0.0,0.0,0.04014257279586959,0.0,0.0,-0.6004763736028109,sine,2,0.2,0.5,28,56,1.0100023746490479,0.0
1779527522.2133627,0.0,0.0,0.04014257279586959,0.0,0.0,-0.6004763736028109,0.0,1.5444,0.4752,0.0,0.0,-0.012646748479301898,0.0,0.0,0.03490658503988659,0.0,0.0020777729190408684,-0.6025541465218518,sine,2,0.2,0.5,28,56,1.020141363143921,0.0
1779527522.223347,0.0,0.0,0.03490658503988659,0.0,0.0020777729190408684,-0.6025541465218518,-0.0396,1.5444,0.4356,0.0,0.0,-0.01883253181171972,0.0,0.0,0.027925268031909273,0.0,0.0020777729190408684,-0.6046319194408927,sine,2,0.2,0.5,28,56,1.030017375946045,0.0
1779527522.2333598,0.0,0.0,0.027925268031909273,0.0,0.0020777729190408684,-0.6046319194408927,0.0,1.6236000000000002,0.5544000000000001,0.0,0.0,-0.025067663284080267,0.0,0.0,0.022689280275926284,0.0,0.0,-0.6067096923599336,sine,2,0.2,0.5,28,56,1.040001630783081,0.0
1779527522.243348,0.0,0.0,0.022689280275926284,0.0,0.0,-0.6067096923599336,-0.0396,1.5444,0.396,0.0,0.0,-0.031295888851799784,0.0,0.0,0.015707963267948967,0.0,0.0,-0.6108652381980153,sine,2,0.2,0.5,28,56,1.0500144958496094,0.0
1779527522.2533684,0.0,0.0,0.015707963267948967,0.0,0.0,-0.6108652381980153,0.0,1.5444,0.8712,0.0,0.0,-0.037477846243382254,0.0,0.0,0.010471975511965978,0.0,0.0,-0.6150207840360971,sine,2,0.2,0.5,28,56,1.0600025653839111,0.0
1779527522.2633495,0.0,0.0,0.010471975511965978,0.0,0.0,-0.6150207840360971,-0.0396,1.4652,0.3168,0.0,0.0,-0.04364278815242004,0.0,0.0,0.003490658503988659,0.0,0.0,-0.6170985569551379,sine,2,0.2,0.5,28,56,1.0700230598449707,0.0
1779527522.2733452,0.0,0.0,0.003490658503988659,0.0,0.0,-0.6170985569551379,-0.0792,1.3860000000000001,0.7127999999999999,0.0,0.0,-0.04974054273438547,0.0,0.0,0.0,0.0,0.0020777729190408684,-0.6191763298741788,sine,2,0.2,0.5,28,56,1.0800042152404785,0.0
1779527522.2833443,0.0,0.0,0.0,0.0,0.0020777729190408684,-0.6191763298741788,-0.0396,1.5444,0.2376,0.0,0.0,-0.05579816942015403,0.0,0.0,-0.006981317007977318,0.0,0.0,-0.6150207840360971,sine,2,0.2,0.5,28,56,1.0899999141693115,0.0
1779527522.293372,0.0,0.0,-0.006981317007977318,0.0,0.0,-0.6150207840360971,-0.0396,1.5444,0.6336,0.0,0.0,-0.06180277200251847,0.0,0.0,-0.012217304763960306,0.0,0.0020777729190408684,-0.6108652381980153,sine,2,0.2,0.5,28,56,1.099998950958252,0.0
1779527522.3033574,0.0,0.0,-0.012217304763960306,0.0,0.0020777729190408684,-0.6108652381980153,0.0,1.3860000000000001,0.5148,0.0,0.0,-0.06776330781346872,0.0,0.0,-0.019198621771937627,0.0,0.0,-0.6108652381980153,sine,2,0.2,0.5,28,56,1.1100265979766846,0.0
1779527522.3133597,0.0,0.0,-0.019198621771937627,0.0,0.0,-0.6108652381980153,0.0,1.4255999999999998,0.8316,0.0,0.0,-0.07363194706802538,0.0,0.0,-0.02617993877991494,0.0,0.0,-0.6087874652789744,sine,2,0.2,0.5,28,56,1.1200120449066162,0.0
1779527522.3233476,0.0,0.0,-0.02617993877991494,0.0,0.0,-0.6087874652789744,-0.0792,1.4652,0.4356,0.0,0.0,-0.07943789297030222,0.0,0.0,-0.031415926535897934,0.0,0.0,-0.6087874652789744,sine,2,0.2,0.5,28,56,1.130014419555664,0.0
1779527522.3333516,0.0,0.0,-0.031415926535897934,0.0,0.0,-0.6087874652789744,0.0,1.3860000000000001,0.5940000000000001,0.0,0.0,-0.08515713786169171,0.0,0.0,-0.038397243543875255,0.0,0.0,-0.6067096923599336,sine,2,0.2,0.5,28,56,1.1400022506713867,0.0
1779527522.343351,0.0,0.0,-0.038397243543875255,0.0,0.0,-0.6067096923599336,0.0,1.3464,0.5544000000000001,0.0,0.0,-0.09080162367760838,0.0,0.0,-0.04363323129985824,0.0020777729190408684,0.0,-0.6025541465218518,sine,2,0.2,0.5,28,56,1.1500062942504883,0.0
1779527522.3533454,0.0,0.0,-0.04363323129985824,0.0020777729190408684,0.0,-0.6025541465218518,0.0,1.3860000000000001,0.27720000000000006,0.0,0.0,-0.09635380134764551,0.0,0.0,-0.048869219055841226,-0.0020777729190408684,0.0,-0.5963208277647293,sine,2,0.2,0.5,28,56,1.1600055694580078,0.0
1779527522.3633733,0.0,0.0,-0.048869219055841226,-0.0020777729190408684,0.0,-0.5963208277647293,-0.0396,1.3464,0.5940000000000001,0.0,0.0,-0.10180832441137547,0.0,0.0,-0.05585053606381855,0.0,0.0,-0.5900875090076066,sine,2,0.2,0.5,28,56,1.1700000762939453,0.0
1779527522.3733482,0.0,0.0,-0.05585053606381855,0.0,0.0,-0.5900875090076066,-0.0396,1.4255999999999998,0.6336,0.0,0.0,-0.10718019247299633,0.0,0.0,-0.061086523819801536,0.0,-0.0020777729190408684,-0.5880097360885658,sine,2,0.2,0.5,28,56,1.180027961730957,0.0
1779527522.3833494,0.0,0.0,-0.061086523819801536,0.0,-0.0020777729190408684,-0.5880097360885658,-0.0396,1.4652,0.8316,0.0,0.0,-0.11241819208940314,0.0,0.0,-0.06806784082777886,0.0,0.0,-0.5859319631695249,sine,2,0.2,0.5,28,56,1.1900029182434082,0.0
1779527522.3933449,0.0,0.0,-0.06806784082777886,0.0,0.0,-0.5859319631695249,-0.0396,1.584,0.27720000000000006,0.0,0.0,-0.1175591349686857,0.0,0.0,-0.07330382858376185,0.0,0.0,-0.583854190250484,sine,2,0.2,0.5,28,56,1.2000041007995605,0.0
1779527522.403348,0.0,0.0,-0.07330382858376185,0.0,0.0,-0.583854190250484,-0.0792,1.3860000000000001,0.7127999999999999,0.0,0.0,-0.12258119293438514,0.0,0.0,-0.07853981633974483,0.0,0.0,-0.5755430985743205,sine,2,0.2,0.5,28,56,1.2099995613098145,0.0
1779527522.41335,0.0,0.0,-0.07853981633974483,0.0,0.0,-0.5755430985743205,0.0,1.4652,0.0,0.0,0.0,-0.12748608147187107,0.0,0.0,-0.08552113334772216,0.0,-0.0020777729190408684,-0.5672320068981571,sine,2,0.2,0.5,28,56,1.2200026512145996,0.0
1779527522.4233696,0.0,0.0,-0.08552113334772216,0.0,-0.0020777729190408684,-0.5672320068981571,-0.0396,1.3860000000000001,0.6336,0.0,0.0,-0.1322646294142113,0.0,0.0,-0.09075712110370514,0.0,0.0,-0.5609986881410345,sine,2,0.2,0.5,28,56,1.2300047874450684,0.0
1779527522.4333465,0.0,0.0,-0.09075712110370514,0.0,0.0,-0.5609986881410345,-0.0396,1.5444,0.1188,0.0,0.0,-0.1369205637119884,0.0,0.0,-0.09599310885968812,0.0,0.0,-0.5506098235458301,sine,2,0.2,0.5,28,56,1.2400243282318115,0.0
1779527522.4435117,0.0,0.0,-0.09599310885968812,0.0,0.0,-0.5506098235458301,0.0,1.3860000000000001,0.3168,0.0,0.0,-0.14142188586923632,0.0,0.0,-0.10122909661567113,0.0,0.0,-0.5360654131125441,sine,2,0.2,0.5,28,56,1.2500011920928955,0.0
1779527522.4534194,0.0,0.0,-0.10122909661567113,0.0,0.0,-0.5360654131125441,0.0,1.4255999999999998,0.35639999999999994,0.0,0.0,-0.14586527931886475,0.0,0.0,-0.10646508437165411,0.0,0.0,-0.5194432297602171,sine,2,0.2,0.5,28,56,1.2601664066314697,0.0
1779527522.4634645,0.0,0.0,-0.10646508437165411,0.0,0.0,-0.5194432297602171,0.0,1.5048000000000001,0.5940000000000001,0.0,0.0,-0.15005301157541562,0.0,0.0,-0.1117010721276371,0.0,0.0,-0.5090543651650128,sine,2,0.2,0.5,28,56,1.2700741291046143,0.0
1779527522.4733868,0.0,0.0,-0.1117010721276371,0.0,0.0,-0.5090543651650128,-0.0396,1.5444,0.8712,0.0,0.0,-0.1541503702466402,0.0,0.0,-0.11693705988362009,0.0,-0.0020777729190408684,-0.5132099110030945,sine,2,0.2,0.5,28,56,1.2801191806793213,0.0
1779527522.4833481,0.0,0.0,-0.11693705988362009,0.0,-0.0020777729190408684,-0.5132099110030945,-0.0792,1.3860000000000001,0.0,0.0,0.0,-0.1580469622897601,0.0,0.0,-0.12217304763960307,0.0,-0.0020777729190408684,-0.4986655005698084,sine,2,0.2,0.5,28,56,1.290041446685791,0.0
1779527522.493487,0.0,0.0,-0.12217304763960307,0.0,-0.0020777729190408684,-0.4986655005698084,-0.0396,1.5048000000000001,0.5148,0.0,0.0,-0.16180443788089194,0.0,0.0,-0.12566370614359174,0.0,0.0,-0.48204331721748145,sine,2,0.2,0.5,28,56,1.3000028133392334,0.0
1779527522.5035102,0.0,0.0,-0.12566370614359174,0.0,0.0,-0.48204331721748145,-0.0396,1.3464,0.1584,0.0,0.0,-0.16546609407822882,0.0,0.0,-0.1308996938995747,0.0,-0.0020777729190408684,-0.46957667970323624,sine,2,0.2,0.5,28,56,1.3101415634155273,0.0
1779527522.5135045,0.0,0.0,-0.1308996938995747,0.0,-0.0020777729190408684,-0.46957667970323624,0.0396,1.3860000000000001,0.35639999999999994,0.0,0.0,-0.16892108566329028,0.0,0.0,-0.13613568165555773,0.0,0.0,-0.4529544963509093,sine,2,0.2,0.5,28,56,1.3201649188995361,0.0
1779527522.5234587,0.0,0.0,-0.13613568165555773,0.0,0.0,-0.4529544963509093,0.0,1.3464,0.8712,0.0,0.0,-0.17219929836737813,0.0,0.0,-0.13962634015954636,0.0,0.0,-0.45087672343186846,sine,2,0.2,0.5,28,56,1.3301591873168945,0.0
1779527522.533346,0.0,0.0,-0.13962634015954636,0.0,0.0,-0.45087672343186846,0.0,1.3860000000000001,0.0,0.0,0.0,-0.17529565089935079,0.0,0.0,-0.14486232791552936,0.0,0.0,-0.4342545400795415,sine,2,0.2,0.5,28,56,1.3401134014129639,0.0
1779527522.5433528,0.0,0.0,-0.14486232791552936,0.0,0.0,-0.4342545400795415,-0.0396,1.5048000000000001,0.4752,0.0,0.0,-0.1782014816608739,0.0,0.0,-0.14835298641951802,0.0020777729190408684,0.0,-0.40516571921296934,sine,2,0.2,0.5,28,56,1.3500006198883057,0.0
1779527522.5533552,0.0,0.0,-0.14835298641951802,0.0020777729190408684,0.0,-0.40516571921296934,-0.0396,1.3464,0.7524000000000001,0.0,0.0,-0.18096742343206695,0.0,0.0,-0.1518436449235067,0.0,0.0,-0.4113990379700919,sine,2,0.2,0.5,28,56,1.3600075244903564,0.0
1779527522.563392,0.0,0.0,-0.1518436449235067,0.0,0.0,-0.4113990379700919,-0.0792,1.4652,-0.0792,0.0,0.0,-0.18355339523353928,0.0,0.0,-0.15707963267948966,0.0,0.0,-0.38231021710351976,sine,2,0.2,0.5,28,56,1.3700098991394043,0.0
1779527522.573355,0.0,0.0,-0.15707963267948966,0.0,0.0,-0.38231021710351976,-0.0792,1.3464,0.792,0.0,0.0,-0.1859660751425969,0.0,0.0,-0.16057029118347835,0.0,0.0,-0.3739991254273563,sine,2,0.2,0.5,28,56,1.3800466060638428,0.0
1779527522.5833476,0.0,0.0,-0.16057029118347835,0.0,0.0,-0.3739991254273563,0.0,1.5048000000000001,0.4752,0.0,0.0,-0.18817820578754263,0.0,0.0,-0.16406094968746698,0.0,0.0020777729190408684,-0.3594547149940702,sine,2,0.2,0.5,28,56,1.3900096416473389,0.0
1779527522.5933628,0.0,0.0,-0.16406094968746698,0.0,0.0020777729190408684,-0.3594547149940702,0.0,1.3464,0.0,0.0,0.0,-0.19021173839549244,0.0,0.0,-0.16755160819145565,0.0,0.0020777729190408684,-0.3365992128846207,sine,2,0.2,0.5,28,56,1.4000022411346436,0.0
1779527522.6033475,0.0,0.0,-0.16755160819145565,0.0,0.0020777729190408684,-0.3365992128846207,-0.0396,1.3464,0.27720000000000006,0.0,0.0,-0.1920618028277627,0.0,0.0,-0.1710422666954443,0.0,0.0,-0.33036589412749806,sine,2,0.2,0.5,28,56,1.410017490386963,0.0
1779527522.613368,0.0,0.0,-0.1710422666954443,0.0,0.0,-0.33036589412749806,0.0396,1.5048000000000001,0.35639999999999994,0.0,0.0,-0.1937169794324265,0.0,0.0,-0.17278759594743864,-0.0020777729190408684,0.0,-0.2971215274228442,sine,2,0.2,0.5,28,56,1.4200022220611572,0.0
1779527522.6233454,0.0,0.0,-0.17278759594743864,-0.0020777729190408684,0.0,-0.2971215274228442,-0.0396,1.3464,0.6336,0.0,0.0,-0.19518646549540206,0.0,0.0,-0.1762782544514273,0.0,-0.0020777729190408684,-0.2971215274228442,sine,2,0.2,0.5,28,56,1.4300227165222168,0.0
1779527522.633347,0.0,0.0,-0.1762782544514273,0.0,-0.0020777729190408684,-0.2971215274228442,0.0,1.3464,-0.1188,0.0,0.0,-0.196457456882594,0.0,0.0,-0.17802358370342164,0.0,0.0020777729190408684,-0.2638771607181903,sine,2,0.2,0.5,28,56,1.440000057220459,0.0
1779527522.6433458,0.0,0.0,-0.17802358370342164,0.0,0.0020777729190408684,-0.2638771607181903,-0.0792,1.3860000000000001,0.396,0.0,0.0,-0.19753783684327808,0.0,0.0,-0.18151424220741028,-0.0020777729190408684,0.0,-0.2617993877991494,sine,2,0.2,0.5,28,56,1.4500017166137695,0.0
1779527522.6533442,0.0,0.0,-0.18151424220741028,-0.0020777729190408684,0.0,-0.2617993877991494,0.0,1.3464,0.2376,0.0,0.0,-0.19842298081722068,0.0,0.0,-0.1832595714594046,0.0,0.0,-0.2306327940135364,sine,2,0.2,0.5,28,56,1.4600005149841309,0.0
1779527522.6633477,0.0,0.0,-0.1832595714594046,0.0,0.0,-0.2306327940135364,0.0,1.4255999999999998,0.6336,0.0,0.0,-0.1991123241225592,0.0,0.0,-0.18500490071139894,0.0,0.0,-0.20777729190408684,sine,2,0.2,0.5,28,56,1.469998836517334,0.0
1779527522.6733692,0.0,0.0,-0.18500490071139894,0.0,0.0,-0.20777729190408684,-0.0396,1.3068,0.6336,0.0,0.0,-0.1996054404944244,0.0,0.0,-0.18849555921538758,-0.0020777729190408684,0.0020777729190408684,-0.20777729190408684,sine,2,0.2,0.5,28,56,1.4800024032592773,0.0
1779527522.6833491,0.0,0.0,-0.18849555921538758,-0.0020777729190408684,0.0020777729190408684,-0.20777729190408684,0.0,1.4255999999999998,0.0,0.0,0.0,-0.1999017822421703,0.0,0.0,-0.19024088846738194,0.0,0.0,-0.17868847103751467,sine,2,0.2,0.5,28,56,1.4900238513946533,0.0
1779527522.693345,0.0,0.0,-0.19024088846738194,0.0,0.0,-0.17868847103751467,0.0,1.4255999999999998,0.0792,0.0,0.0,-0.19999999998563786,0.0,0.0,-0.19024088846738194,0.0,0.0,-0.15375519600902426,sine,2,0.2,0.5,28,56,1.5000038146972656,0.0
1779527522.703345,0.0,0.0,-0.19024088846738194,0.0,0.0,-0.15375519600902426,-0.0396,1.5048000000000001,0.35639999999999994,0.0,0.0,-0.1999013169667225,0.0,0.0,-0.19198621771937624,0.0,0.0,-0.1433663314138199,sine,2,0.2,0.5,28,56,1.5099997520446777,0.0
1779527522.7133636,0.0,0.0,-0.19198621771937624,0.0,0.0,-0.1433663314138199,-0.0396,1.3464,0.4752,0.0,0.0,-0.19960535584428107,0.0,0.0,-0.1937315469713706,0.0,0.0,-0.12674414806149298,sine,2,0.2,0.5,28,56,1.5199997425079346,0.0
1779527522.72335,0.0,0.0,-0.1937315469713706,0.0,0.0,-0.12674414806149298,0.0,1.3464,0.396,0.0,0.0,-0.19911130876009445,0.0,0.0,-0.1954768762233649,0.0,0.0,-0.10804419179012516,sine,2,0.2,0.5,28,56,1.5300183296203613,0.0
1779527522.7333446,0.0,0.0,-0.1954768762233649,0.0,0.0,-0.10804419179012516,-0.0792,1.3860000000000001,0.396,0.0,0.0,-0.198422567739615,0.0,0.0,-0.1954768762233649,0.0,0.0,-0.07687759800451213,sine,2,0.2,0.5,28,56,1.5400047302246094,0.0
1779527522.7433438,0.0,0.0,-0.1954768762233649,0.0,0.0,-0.07687759800451213,-0.0792,1.3464,0.7127999999999999,0.0,0.0,-0.19753774310829264,0.0,0.0,-0.1954768762233649,0.0,0.0,-0.07272205216643039,sine,2,0.2,0.5,28,56,1.5499992370605469,0.0
1779527522.7533658,0.0,0.0,-0.1954768762233649,0.0,0.0,-0.07272205216643039,0.0,1.3860000000000001,0.27720000000000006,0.0,0.0,-0.1964576253019377,0.0,0.0,-0.19722220547535924,0.0,0.0,-0.035322139623694765,sine,2,0.2,0.5,28,56,1.5599985122680664,0.0
1779527522.7633462,0.0,0.0,-0.19722220547535924,0.0,0.0,-0.035322139623694765,0.0,1.4652,0.9107999999999999,0.0,0.0,-0.1951805507869253,0.0,0.0,-0.19722220547535924,0.0,0.0,-0.02701104794753129,sine,2,0.2,0.5,28,56,1.5700204372406006,0.0
1779527522.773345,0.0,0.0,-0.19722220547535924,0.0,0.0,-0.02701104794753129,0.0,1.3464,0.6732,0.0,0.0,-0.19371649512863554,0.0,0.0,-0.19722220547535924,0.0,0.0,-0.01246663751424521,sine,2,0.2,0.5,28,56,1.580000877380371,0.0
1779527522.7833483,0.0,0.0,-0.19722220547535924,0.0,0.0,-0.01246663751424521,-0.0792,1.2276,0.5148,0.0,0.0,-0.19205879397465575,0.0,0.0,-0.19722220547535924,0.0,0.0,0.0020777729190408684,sine,2,0.2,0.5,28,56,1.5899996757507324,0.0
1779527522.7933502,0.0,0.0,-0.19722220547535924,0.0,0.0,0.0020777729190408684,0.0,1.3068,0.396,0.0,0.0,-0.1902107199762172,0.0,0.0,-0.19722220547535924,0.0,0.0,0.022855502109449553,sine,2,0.2,0.5,28,56,1.6000030040740967,0.0
1779527522.8033862,0.0,0.0,-0.19722220547535924,0.0,0.0,0.022855502109449553,0.0,1.5048000000000001,-0.35639999999999994,0.0,0.0,-0.188175110474097,0.0,0.0,-0.1954768762233649,-0.0020777729190408684,0.0,0.03739991254273563,sine,2,0.2,0.5,28,56,1.6100049018859863,0.0
1779527522.8133488,0.0,0.0,-0.1954768762233649,-0.0020777729190408684,0.0,0.03739991254273563,-0.0396,1.3464,0.0,0.0,0.0,-0.18594583698524625,0.0,0.0,-0.1954768762233649,0.0,0.0,0.05402209589506258,sine,2,0.2,0.5,28,56,1.6200408935546875,0.0
1779527522.823345,0.0,0.0,-0.1954768762233649,0.0,0.0,0.05402209589506258,0.0,1.4652,0.1584,0.0,0.0,-0.18355006365475557,0.0,0.0,-0.1954768762233649,0.0,-0.0020777729190408684,0.06856650632834865,sine,2,0.2,0.5,28,56,1.6300034523010254,0.0
1779527522.8333485,0.0,0.0,-0.1954768762233649,0.0,-0.0020777729190408684,0.06856650632834865,-0.0396,1.3464,0.6732,0.0,0.0,-0.1809655099944588,0.0,0.0,-0.1937315469713706,0.0020777729190408684,0.0,0.10596641887108428,sine,2,0.2,0.5,28,56,1.6399996280670166,0.0
1779527522.8433814,0.0,0.0,-0.1937315469713706,0.0020777729190408684,0.0,0.10596641887108428,-0.1188,1.3860000000000001,0.396,0.0,0.0,-0.17820039350738534,0.0,0.0,-0.1937315469713706,0.0020777729190408684,0.0,0.10596641887108428,sine,2,0.2,0.5,28,56,1.65000319480896,0.0
1779527522.8533463,0.0,0.0,-0.1937315469713706,0.0020777729190408684,0.0,0.10596641887108428,-0.1188,1.3860000000000001,0.396,0.0,0.0,-0.17525041152571938,0.0,0.0,-0.19024088846738194,0.0,0.0020777729190408684,0.15375519600902426,sine,2,0.2,0.5,28,56,1.6600360870361328,0.0
1779527522.8633442,0.0,0.0,-0.19024088846738194,0.0,0.0020777729190408684,0.15375519600902426,0.0,1.4652,0.35639999999999994,0.0,0.0,-0.17214807597467965,0.0,0.0,-0.18849555921538758,0.0,0.0,0.15998851476614687,sine,2,0.2,0.5,28,56,1.6700010299682617,0.0
1779527522.8733437,0.0,0.0,-0.18849555921538758,0.0,0.0,0.15998851476614687,-0.0792,1.4652,0.6732,0.0,0.0,-0.16886596396600817,0.0,0.0,-0.1867502299633933,0.0020777729190408684,0.0,0.17868847103751467,sine,2,0.2,0.5,28,56,1.6799988746643066,0.0
1779527522.8833504,0.0,0.0,-0.1867502299633933,0.0020777729190408684,0.0,0.17868847103751467,-0.0792,1.2276,0.6336,0.0,0.0,-0.16541668405608248,0.0,0.0,-0.18500490071139894,0.0,0.0,0.21401061066120944,sine,2,0.2,0.5,28,56,1.6899983882904053,0.0
1779527522.89335,0.0,0.0,-0.18500490071139894,0.0,0.0,0.21401061066120944,-0.0792,1.4652,-0.1188,0.0,0.0,-0.16180153215466586,0.0,0.0,-0.1832595714594046,0.0,0.0,0.2181661564992912,sine,2,0.2,0.5,28,56,1.700005054473877,0.0
1779527522.9033484,0.0,0.0,-0.1832595714594046,0.0,0.0,0.2181661564992912,-0.0792,1.1880000000000002,0.0396,0.0,0.0,-0.1580292432796381,0.0,0.0,-0.17976891295541597,0.0,0.0,0.23478833985161812,sine,2,0.2,0.5,28,56,1.7100045680999756,0.0
1779527522.913348,0.0,0.0,-0.17976891295541597,0.0,0.0,0.23478833985161812,-0.0396,1.4255999999999998,0.6336,0.0,0.0,-0.15410139574639464,0.0,0.0,-0.17802358370342164,0.0,0.0,0.26595493363723116,sine,2,0.2,0.5,28,56,1.7200031280517578,0.0
1779527522.9233735,0.0,0.0,-0.17802358370342164,0.0,0.0,0.26595493363723116,0.0,1.4255999999999998,0.396,0.0,0.0,-0.15002111626547307,0.0,0.0,-0.17453292519943295,0.0,0.0,0.26595493363723116,sine,2,0.2,0.5,28,56,1.7300026416778564,0.0
1779527522.9333467,0.0,0.0,-0.17453292519943295,0.0,0.0,0.26595493363723116,-0.0396,1.4652,0.4752,0.0,0.0,-0.14578162025703065,0.0,0.0,-0.1710422666954443,0.0,0.0,0.2950437545038033,sine,2,0.2,0.5,28,56,1.7400281429290771,0.0
1779527522.9433653,0.0,0.0,-0.1710422666954443,0.0,0.0,0.2950437545038033,-0.1188,1.3464,-0.0792,0.0,0.0,-0.1414207206763791,0.0,0.0,-0.16929693744344998,0.0020777729190408684,0.0,0.3033548461799668,sine,2,0.2,0.5,28,56,1.7500014305114746,0.0
1779527522.9533463,0.0,0.0,-0.16929693744344998,0.0020777729190408684,0.0,0.3033548461799668,-0.0792,1.3860000000000001,0.4752,0.0,0.0,-0.13690025235290193,0.0,0.0,-0.1658062789394613,0.0,0.0,0.33036589412749806,sine,2,0.2,0.5,28,56,1.7600200176239014,0.0
1779527522.963409,0.0,0.0,-0.1658062789394613,0.0,0.0,0.33036589412749806,-0.0396,1.4255999999999998,0.4356,0.0,0.0,-0.13226193257867194,0.0,0.0,-0.16231562043547265,0.0,0.0,0.33036589412749806,sine,2,0.2,0.5,28,56,1.77000093460083,0.0
1779527522.9733438,0.0,0.0,-0.16231562043547265,0.0,0.0,0.33036589412749806,-0.1188,1.3860000000000001,0.5148,0.0,0.0,-0.12745399076555206,0.0,0.0,-0.158824961931484,0.0,0.0,0.363610260832152,sine,2,0.2,0.5,28,56,1.7800636291503906,0.0
1779527522.983345,0.0,0.0,-0.158824961931484,0.0,0.0,0.363610260832152,-0.0792,1.4255999999999998,0.0,0.0,0.0,-0.12258213987273464,0.0,0.0,-0.15533430342749532,0.0,-0.0020777729190408684,0.363610260832152,sine,2,0.2,0.5,28,56,1.7899985313415527,0.0
1779527522.9933448,0.0,0.0,-0.15533430342749532,0.0,-0.0020777729190408684,0.363610260832152,-0.0396,1.3068,0.7524000000000001,0.0,0.0,-0.1175571958900714,0.0,0.0,-0.15009831567151233,0.0,0.0,0.3864657629416015,sine,2,0.2,0.5,28,56,1.799999713897705,0.0
1779527523.0033627,0.0,0.0,-0.15009831567151233,0.0,0.0,0.3864657629416015,0.0,1.4255999999999998,0.7127999999999999,0.0,0.0,-0.11241695310401714,0.0,0.0,-0.1466076571675237,0.0,0.0,0.40932126505105104,sine,2,0.2,0.5,28,56,1.8099994659423828,0.0
1779527523.0133488,0.0,0.0,-0.1466076571675237,0.0,0.0,0.40932126505105104,-0.0792,1.3068,-0.0396,0.0,0.0,-0.10715616101511555,0.0,0.0,-0.14311699866353503,0.0,0.0,0.40516571921296934,sine,2,0.2,0.5,28,56,1.8200173377990723,0.0
1779527523.023358,0.0,0.0,-0.14311699866353503,0.0,0.0,0.40516571921296934,-0.0396,1.4255999999999998,0.9504,0.0,0.0,-0.10180639028159222,0.0,0.0,-0.13788101090755203,0.0020777729190408684,0.0,0.4363323129985824,sine,2,0.2,0.5,28,56,1.8300034999847412,0.0
1779527523.0333564,0.0,0.0,-0.13788101090755203,0.0020777729190408684,0.0,0.4363323129985824,-0.0792,1.4255999999999998,0.4752,0.0,0.0,-0.09634369324790454,0.0,0.0,-0.1343903524035634,-0.0020777729190408684,0.0,0.4487989505128276,sine,2,0.2,0.5,28,56,1.840012788772583,0.0
1779527523.0433807,0.0,0.0,-0.1343903524035634,-0.0020777729190408684,0.0,0.4487989505128276,0.0792,1.3860000000000001,-0.0396,0.0,0.0,-0.09079187994444969,0.0,0.0,-0.12915436464758037,0.0,0.0,0.4529544963509093,sine,2,0.2,0.5,28,56,1.8500111103057861,0.0
1779527523.053349,0.0,0.0,-0.12915436464758037,0.0,0.0,0.4529544963509093,-0.0396,1.3464,0.6732,0.0,0.0,-0.08513572112614864,0.0,0.0,-0.1239183768915974,0.0,0.0,0.46749890678419537,sine,2,0.2,0.5,28,56,1.8600354194641113,0.0
1779527523.0633457,0.0,0.0,-0.1239183768915974,0.0,0.0,0.46749890678419537,-0.0396,1.4652,0.5940000000000001,0.0,0.0,-0.079427444397488,0.0,0.0,-0.11868238913561442,-0.0020777729190408684,0.0,0.48204331721748145,sine,2,0.2,0.5,28,56,1.8700037002563477,0.0
1779527523.073385,0.0,0.0,-0.11868238913561442,-0.0020777729190408684,0.0,0.48204331721748145,-0.0792,1.4255999999999998,0.27720000000000006,0.0,0.0,-0.07362470439785584,0.0,0.0,-0.11344640137963143,0.0,0.0,0.5028210464078902,sine,2,0.2,0.5,28,56,1.880000352859497,0.0
1779527523.0833564,0.0,0.0,-0.11344640137963143,0.0,0.0,0.5028210464078902,-0.0792,1.3464,0.5940000000000001,0.0,0.0,-0.06772412437317518,0.0,0.0,-0.10995574287564278,0.0,0.0020777729190408684,0.5111321380840537,sine,2,0.2,0.5,28,56,1.8900396823883057,0.0
1779527523.0933456,0.0,0.0,-0.10995574287564278,0.0,0.0020777729190408684,0.5111321380840537,-0.1188,1.3860000000000001,0.0792,0.0,0.0,-0.06179678818605641,0.0,0.0,-0.10471975511965977,0.0,0.0020777729190408684,0.5132099110030945,sine,2,0.2,0.5,28,56,1.9000110626220703,0.0
1779527523.1033468,0.0,0.0,-0.10471975511965977,0.0,0.0020777729190408684,0.5132099110030945,-0.0792,1.3068,0.5544000000000001,0.0,0.0,-0.05579802556543339,0.0,0.0,-0.0994837673636768,0.0,0.0,0.5194432297602171,sine,2,0.2,0.5,28,56,1.9100003242492676,0.0
1779527523.1133635,0.0,0.0,-0.0994837673636768,0.0,0.0,0.5194432297602171,0.0,1.3464,0.8316,0.0,0.0,-0.049737060422656715,0.0,0.0,-0.09250245035569947,0.0,0.0,0.5360654131125441,sine,2,0.2,0.5,28,56,1.92000150680542,0.0
1779527523.1233613,0.0,0.0,-0.09250245035569947,0.0,0.0,0.5360654131125441,-0.0396,1.2276,0.3168,0.0,0.0,-0.043617496447817615,0.0,0.0,-0.08726646259971647,0.0,0.0,0.5506098235458301,sine,2,0.2,0.5,28,56,1.9300181865692139,0.0
1779527523.1333692,0.0,0.0,-0.08726646259971647,0.0,0.0,0.5506098235458301,-0.1584,1.2672,0.7127999999999999,0.0,0.0,-0.03746636854452328,0.0,0.0,-0.08203047484373349,0.0,-0.0020777729190408684,0.5589209152219936,sine,2,0.2,0.5,28,56,1.9400160312652588,0.0
1779527523.143366,0.0,0.0,-0.08203047484373349,0.0,-0.0020777729190408684,0.5589209152219936,-0.1188,1.2276,0.2376,0.0,0.0,-0.03127206747923483,0.0,0.0,-0.07679448708775051,0.0020777729190408684,0.0,0.5651542339791162,sine,2,0.2,0.5,28,56,1.950023889541626,0.0
1779527523.153357,0.0,0.0,-0.07679448708775051,0.0020777729190408684,0.0,0.5651542339791162,-0.0792,1.2276,0.7127999999999999,0.0,0.0,-0.02505369280328916,0.0,0.0,-0.06981317007977318,0.0,0.0,0.5755430985743205,sine,2,0.2,0.5,28,56,1.9600207805633545,0.0
1779527523.1633463,0.0,0.0,-0.06981317007977318,0.0,0.0,0.5755430985743205,-0.0396,1.3860000000000001,0.0792,0.0,0.0,-0.01881433699333244,0.0,0.0,-0.06457718232379019,-0.0020777729190408684,0.0,0.5817764173314431,sine,2,0.2,0.5,28,56,1.9700117111206055,0.0
1779527523.1734846,0.0,0.0,-0.06457718232379019,-0.0020777729190408684,0.0,0.5817764173314431,-0.1188,1.3464,0.6732,0.0,0.0,-0.012557493916388602,0.0,0.0,-0.05934119456780721,0.0,0.0,0.583854190250484,sine,2,0.2,0.5,28,56,1.9800009727478027,0.0
1779527523.1833718,0.0,0.0,-0.05934119456780721,0.0,0.0,0.583854190250484,-0.1188,1.3860000000000001,0.1584,0.0,0.0,-0.006194703554842756,0.0,0.0,-0.05235987755982988,0.0,0.0,0.5880097360885658,sine,2,0.2,0.5,28,56,1.9901392459869385,0.0
1779527523.1933436,0.0,0.0,-0.05235987755982988,0.0,0.0,0.5880097360885658,-0.1188,1.4255999999999998,0.6336,0.0,0.0,1.6628112036955113e-05,0.0,0.0,-0.047123889803846894,0.0,0.0,0.5921652819266475,sine,2,0.2,0.5,28,56,2.0000264644622803,0.0
1779527523.2033484,0.0,0.0,-0.047123889803846894,0.0,0.0,0.5921652819266475,-0.1188,1.3068,0.27720000000000006,0.0,0.0,0.006281097724133825,0.0,0.0,-0.04014257279586959,0.0,0.0,0.6004763736028109,sine,2,0.2,0.5,28,56,2.009998321533203,0.0
1779527523.2133496,0.0,0.0,-0.04014257279586959,0.0,0.0,0.6004763736028109,-0.0792,1.3860000000000001,0.6336,0.0,0.0,0.01256003553842377,0.0,0.0,-0.03490658503988659,0.0,0.0,0.6067096923599336,sine,2,0.2,0.5,28,56,2.020003080368042,0.0
1779527523.223347,0.0,0.0,-0.03490658503988659,0.0,0.0,0.6067096923599336,-0.1188,1.2276,0.198,0.0,0.0,0.018824329249117523,0.0,0.0,-0.027925268031909273,0.0,0.0,0.6129430111170562,sine,2,0.2,0.5,28,56,2.0300042629241943,0.0
1779527523.2333562,0.0,0.0,-0.027925268031909273,0.0,0.0,0.6129430111170562,0.0396,1.4652,0.6336,0.0,0.0,0.025067663284080156,0.0,0.0,-0.022689280275926284,0.0,0.0,0.6150207840360971,sine,2,0.2,0.5,28,56,2.040001630783081,0.0
1779527523.2433512,0.0,0.0,-0.022689280275926284,0.0,0.0,0.6150207840360971,-0.1188,1.3068,0.0396,0.0,0.0,0.031293669488482986,0.0,0.0,-0.015707963267948967,0.0,0.0,0.6129430111170562,sine,2,0.2,0.5,28,56,2.050010919570923,0.0
1779527523.2533484,0.0,0.0,-0.015707963267948967,0.0,0.0,0.6129430111170562,0.0,1.3464,0.7127999999999999,0.0,0.0,0.0374799063296379,0.0,0.0,-0.010471975511965978,0.0,0.0020777729190408684,0.6129430111170562,sine,2,0.2,0.5,28,56,2.0600059032440186,0.0
1779527523.2633533,0.0,0.0,-0.010471975511965978,0.0,0.0020777729190408684,0.6129430111170562,-0.0396,1.3860000000000001,0.198,0.0,0.0,0.04363050787867648,0.0,0.0,-0.003490658503988659,0.0,0.0,0.6150207840360971,sine,2,0.2,0.5,28,56,2.070003032684326,0.0
1779527523.273358,0.0,0.0,-0.003490658503988659,0.0,0.0,0.6150207840360971,-0.0792,1.3464,0.7524000000000001,0.0,0.0,0.04974286426660835,0.0,0.0,0.0,0.0,0.0,0.6191763298741788,sine,2,0.2,0.5,28,56,2.080008029937744,0.0
1779527523.2833476,0.0,0.0,0.0,0.0,0.0,0.6191763298741788,0.0,1.3068,0.1188,0.0,0.0,0.05580593752858459,0.0,0.0,0.006981317007977318,0.0,0.0,0.6150207840360971,sine,2,0.2,0.5,28,56,2.090012788772583,0.0
1779527523.2933702,0.0,0.0,0.006981317007977318,0.0,0.0,0.6150207840360971,-0.0396,1.3068,0.8316,0.0,0.0,0.06180476659441442,0.0,0.0,0.012217304763960306,0.0,0.0,0.6170985569551379,sine,2,0.2,0.5,28,56,2.1000022888183594,0.0
1779527523.3033526,0.0,0.0,0.012217304763960306,0.0,0.0,0.6170985569551379,-0.0792,1.4255999999999998,0.198,0.0,0.0,0.06776232121613168,0.0,0.0,0.019198621771937627,0.0,0.0,0.6108652381980153,sine,2,0.2,0.5,28,56,2.110024929046631,0.0
1779527523.3133457,0.0,0.0,0.019198621771937627,0.0,0.0,0.6108652381980153,-0.0792,1.2276,0.8712,0.0,0.0,0.07362916143887077,0.0,0.0,0.02617993877991494,0.0,0.0,0.6067096923599336,sine,2,0.2,0.5,28,56,2.120007276535034,0.0
1779527523.3233447,0.0,0.0,0.02617993877991494,0.0,0.0,0.6067096923599336,-0.0792,1.3068,0.396,0.0,0.0,0.07942978160059731,0.0,0.0,0.031415926535897934,0.0,0.0,0.6046319194408927,sine,2,0.2,0.5,28,56,2.130000352859497,0.0
1779527523.3333468,0.0,0.0,0.031415926535897934,0.0,0.0,0.6046319194408927,-0.0792,1.3464,0.99,0.0,0.0,0.08515551131602922,0.0,0.0,0.038397243543875255,0.0,0.0020777729190408684,0.6046319194408927,sine,2,0.2,0.5,28,56,2.1399993896484375,0.0
1779527523.3433309,0.0,0.0,0.038397243543875255,0.0,0.0020777729190408684,0.6046319194408927,-0.0792,1.1880000000000002,0.5940000000000001,0.0,0.0,0.09079895418867234,0.0,0.0,0.04363323129985824,0.0,0.0,0.6025541465218518,sine,2,0.2,0.5,28,56,2.1500015258789062,0.0
1779527523.3533485,0.0,0.0,0.04363323129985824,0.0,0.0,0.6025541465218518,-0.1188,1.3068,0.792,0.0,0.0,0.09634277431385467,0.0,0.0,0.048869219055841226,0.0,0.0,0.6004763736028109,sine,2,0.2,0.5,28,56,2.1599855422973633,0.0
1779527523.363348,0.0,0.0,0.048869219055841226,0.0,0.0,0.6004763736028109,-0.0792,1.4255999999999998,0.4752,0.0,0.0,0.10181000064679242,0.0,0.0,0.05585053606381855,0.0,0.0,0.5921652819266475,sine,2,0.2,0.5,28,56,2.1700031757354736,0.0
1779527523.3733947,0.0,0.0,0.05585053606381855,0.0,0.0,0.5921652819266475,-0.0792,1.2276,0.7524000000000001,0.0,0.0,0.10716678571679548,0.0,0.0,0.061086523819801536,-0.0020777729190408684,0.0,0.5880097360885658,sine,2,0.2,0.5,28,56,2.1800026893615723,0.0
1779527523.3833551,0.0,0.0,0.061086523819801536,-0.0020777729190408684,0.0,0.5880097360885658,-0.1584,1.3860000000000001,0.7524000000000001,0.0,0.0,0.11244235104375032,0.0,0.0,0.06806784082777886,-0.0020777729190408684,-0.0020777729190408684,0.5776208714933614,sine,2,0.2,0.5,28,56,2.190049409866333,0.0
1779527523.393346,0.0,0.0,0.06806784082777886,-0.0020777729190408684,-0.0020777729190408684,0.5776208714933614,-0.0792,1.2276,0.7524000000000001,0.0,0.0,0.11756204355494954,0.0,0.0,0.07330382858376185,0.0,0.0,0.5796986444124023,sine,2,0.2,0.5,28,56,2.200009822845459,0.0
1779527523.4033775,0.0,0.0,0.07330382858376185,0.0,0.0,0.5796986444124023,-0.0792,1.3068,0.792,0.0,0.0,0.12258178477136937,0.0,0.0,0.07853981633974483,0.0,0.0,0.5755430985743205,sine,2,0.2,0.5,28,56,2.21000075340271,0.0
1779527523.4134758,0.0,0.0,0.07853981633974483,0.0,0.0,0.5755430985743205,-0.0792,1.3860000000000001,0.1584,0.0,0.0,0.12750039352955567,0.0,0.0,0.08552113334772216,0.0,0.0,0.5672320068981571,sine,2,0.2,0.5,28,56,2.220032215118408,0.0
1779527523.4234047,0.0,0.0,0.08552113334772216,0.0,0.0,0.5672320068981571,-0.0396,1.2276,0.6732,0.0,0.0,0.13232383665291889,0.0,0.0,0.09075712110370514,0.0,0.0,0.5568431423029527,sine,2,0.2,0.5,28,56,2.230130434036255,0.0
1779527523.433345,0.0,0.0,0.09075712110370514,0.0,0.0,0.5568431423029527,-0.0792,1.3464,0.0,0.0,0.0,0.13693661435764082,0.0,0.0,0.09599310885968812,0.0,0.0,0.5485320506267892,sine,2,0.2,0.5,28,56,2.2400593757629395,0.0
1779527523.4433613,0.0,0.0,0.09599310885968812,0.0,0.0,0.5485320506267892,0.1188,1.2276,0.6732,0.0,0.0,0.14142125031068603,0.0,0.0,0.10122909661567113,0.0,0.0,0.5402209589506258,sine,2,0.2,0.5,28,56,2.249999761581421,0.0
1779527523.453345,0.0,0.0,0.10122909661567113,0.0,0.0,0.5402209589506258,-0.1188,1.3860000000000001,0.0396,0.0,0.0,0.1458005918534533,0.0,0.0,0.10646508437165411,0.0,0.0,0.5235987755982988,sine,2,0.2,0.5,28,56,2.2600159645080566,0.0
1779527523.4633684,0.0,0.0,0.10646508437165411,0.0,0.0,0.5235987755982988,-0.1188,1.3464,0.7127999999999999,0.0,0.0,0.15002210693435603,0.0,0.0,0.1117010721276371,0.0020777729190408684,0.0,0.5069765922459719,sine,2,0.2,0.5,28,56,2.2699997425079346,0.0
1779527523.473367,0.0,0.0,0.1117010721276371,0.0020777729190408684,0.0,0.5069765922459719,-0.0396,1.1880000000000002,0.8316,0.0,0.0,0.15411189901772873,0.0,0.0,0.11693705988362009,0.0,0.0,0.5090543651650128,sine,2,0.2,0.5,28,56,2.2800230979919434,0.0
1779527523.4833415,0.0,0.0,0.11693705988362009,0.0,0.0,0.5090543651650128,-0.0396,1.2672,0.396,0.0,0.0,0.1580393426020712,0.0,0.0,0.12217304763960307,-0.0020777729190408684,0.0,0.5028210464078902,sine,2,0.2,0.5,28,56,2.2900216579437256,0.0
1779527523.4933474,0.0,0.0,0.12217304763960307,-0.0020777729190408684,0.0,0.5028210464078902,-0.1584,1.4255999999999998,0.4356,0.0,0.0,0.16180197242256938,0.0,0.0,0.12566370614359174,0.0,0.0,0.4841210901365223,sine,2,0.2,0.5,28,56,2.2999961376190186,0.0
1779527523.5033438,0.0,0.0,0.12566370614359174,0.0,0.0,0.4841210901365223,-0.1584,1.2672,0.1188,0.0,0.0,0.16541685245798252,0.0,0.0,0.1308996938995747,0.0,0.0,0.4654211338651545,sine,2,0.2,0.5,28,56,2.310002088546753,0.0
1779527523.5133538,0.0,0.0,0.1308996938995747,0.0,0.0,0.4654211338651545,-0.0792,1.2276,0.8316,0.0,0.0,0.16886508101323233,0.0,0.0,0.13613568165555773,0.0,0.0,0.45711004218899104,sine,2,0.2,0.5,28,56,2.3199985027313232,0.0
1779527523.523353,0.0,0.0,0.13613568165555773,0.0,0.0,0.45711004218899104,-0.1584,1.1880000000000002,0.35639999999999994,0.0,0.0,0.1721511261475112,0.0,0.0,0.13962634015954636,-0.0020777729190408684,0.0,0.44464340467474583,sine,2,0.2,0.5,28,56,2.3300085067749023,0.0
1779527523.5333443,0.0,0.0,0.13962634015954636,-0.0020777729190408684,0.0,0.44464340467474583,0.0792,1.2672,0.198,0.0,0.0,0.17526369152170276,0.0,0.0,0.14486232791552936,0.0,0.0020777729190408684,0.4342545400795415,sine,2,0.2,0.5,28,56,2.340007781982422,0.0
1779527523.543349,0.0,0.0,0.14486232791552936,0.0,0.0020777729190408684,0.4342545400795415,-0.0396,1.4652,0.5148,0.0,0.0,0.17820100559687183,0.0,0.0,0.14835298641951802,0.0020777729190408684,0.0,0.4113990379700919,sine,2,0.2,0.5,28,56,2.349998950958252,0.0
1779527523.553355,0.0,0.0,0.14835298641951802,0.0020777729190408684,0.0,0.4113990379700919,-0.0396,1.2672,0.6732,0.0,0.0,0.1809664029433802,0.0,0.0,0.1518436449235067,-0.0020777729190408684,0.0,0.4072434921320102,sine,2,0.2,0.5,28,56,2.360003709793091,0.0
1779527523.5633483,0.0,0.0,0.1518436449235067,-0.0020777729190408684,0.0,0.4072434921320102,0.0396,1.3464,0.1188,0.0,0.0,0.18355333574389282,0.0,0.0,0.15707963267948966,0.0,0.0020777729190408684,0.39062130877968326,sine,2,0.2,0.5,28,56,2.370009660720825,0.0
1779527523.573387,0.0,0.0,0.15707963267948966,0.0,0.0020777729190408684,0.39062130877968326,-0.1188,1.3860000000000001,0.5544000000000001,0.0,0.0,0.1859559853927654,0.0,0.0,0.16057029118347835,0.0,0.0,0.3615324879131111,sine,2,0.2,0.5,28,56,2.380002975463867,0.0
1779527523.5833454,0.0,0.0,0.16057029118347835,0.0,0.0,0.3615324879131111,-0.0396,1.2276,0.8712,0.0,0.0,0.1881850039492455,0.0,0.0,0.16406094968746698,0.0,0.0,0.3677658066702337,sine,2,0.2,0.5,28,56,2.3900415897369385,0.0
1779527523.5933502,0.0,0.0,0.16406094968746698,0.0,0.0,0.3677658066702337,-0.0792,1.2672,-0.1584,0.0,0.0,0.190211321775668,0.0,0.0,0.16755160819145565,0.0020777729190408684,0.0,0.3262103482894163,sine,2,0.2,0.5,28,56,2.4000000953674316,0.0
1779527523.6033466,0.0,0.0,0.16755160819145565,0.0020777729190408684,0.0,0.3262103482894163,-0.1584,1.1880000000000002,0.8316,0.0,0.0,0.192059588031811,0.0,0.0,0.1710422666954443,0.0,0.0,0.3365992128846207,sine,2,0.2,0.5,28,56,2.4100048542022705,0.0
1779527523.613349,0.0,0.0,0.1710422666954443,0.0,0.0,0.3365992128846207,-0.1584,1.3464,0.3168,0.0,0.0,0.19371683041783164,0.0,0.0,0.17278759594743864,0.0020777729190408684,0.0,0.2971215274228442,sine,2,0.2,0.5,28,56,2.420001268386841,0.0
1779527523.6233435,0.0,0.0,0.17278759594743864,0.0020777729190408684,0.0,0.2971215274228442,-0.0792,1.3068,0.792,0.0,0.0,0.19518385170200056,0.0,0.0,0.1762782544514273,0.0,0.0,0.2971215274228442,sine,2,0.2,0.5,28,56,2.4300036430358887,0.0
1779527523.633348,0.0,0.0,0.1762782544514273,0.0,0.0,0.2971215274228442,-0.0396,1.3464,-0.0792,0.0,0.0,0.19645723231729698,0.0,0.0,0.17802358370342164,0.0,0.0,0.26595493363723116,sine,2,0.2,0.5,28,56,2.439998149871826,0.0
1779527523.6433454,0.0,0.0,0.17802358370342164,0.0,0.0,0.26595493363723116,-0.1188,1.3464,0.6336,0.0,0.0,0.19753793057649038,0.0,0.0,0.18151424220741028,0.0,0.0,0.25972161488010853,sine,2,0.2,0.5,28,56,2.450002670288086,0.0
1779527523.653348,0.0,0.0,0.18151424220741028,0.0,0.0,0.25972161488010853,-0.1188,1.3068,0.4752,0.0,0.0,0.19842294326693746,0.0,0.0,0.1832595714594046,0.0,0.0,0.2306327940135364,sine,2,0.2,0.5,28,56,2.4600000381469727,0.0
1779527523.663364,0.0,0.0,0.1832595714594046,0.0,0.0,0.2306327940135364,-0.0792,1.3068,0.5940000000000001,0.0,0.0,0.19911254968002123,0.0,0.0,0.18500490071139894,0.0020777729190408684,0.0,0.21608838358025032,sine,2,0.2,0.5,28,56,2.4700026512145996,0.0
1779527523.6733425,0.0,0.0,0.18500490071139894,0.0020777729190408684,0.0,0.21608838358025032,-0.1188,1.3068,0.2376,0.0,0.0,0.19960607978011347,0.0,0.0,0.18849555921538758,-0.0020777729190408684,0.0,0.20569951898504596,sine,2,0.2,0.5,28,56,2.4800186157226562,0.0
1779527523.683346,0.0,0.0,0.18849555921538758,-0.0020777729190408684,0.0,0.20569951898504596,-0.1188,1.3860000000000001,-0.1188,0.0,0.0,0.19990125578830195,0.0,0.0,0.19024088846738194,0.0,0.0,0.17453292519943295,sine,2,0.2,0.5,28,56,2.489997148513794,0.0
1779527523.6933439,0.0,0.0,0.19024088846738194,0.0,0.0,0.17453292519943295,-0.0792,1.4255999999999998,0.35639999999999994,0.0,0.0,0.19999999999949508,0.0,0.0,0.19024088846738194,0.0020777729190408684,0.0,0.157910741847106,sine,2,0.2,0.5,28,56,2.5000007152557373,0.0
1779527523.7033575,0.0,0.0,0.19024088846738194,0.0020777729190408684,0.0,0.157910741847106,-0.0396,1.3860000000000001,0.5544000000000001,0.0,0.0,0.19990134049183753,0.0,0.0,0.19198621771937624,0.0,0.0,0.14752187725190166,sine,2,0.2,0.5,28,56,2.5099985599517822,0.0
1779527523.7133632,0.0,0.0,0.19198621771937624,0.0,0.0,0.14752187725190166,-0.1188,1.4255999999999998,0.4752,0.0,0.0,0.19960486657695897,0.0,0.0,0.1937315469713706,0.0,-0.0020777729190408684,0.13297746681861558,sine,2,0.2,0.5,28,56,2.520012140274048,0.0
1779527523.7233424,0.0,0.0,0.1937315469713706,0.0,-0.0020777729190408684,0.13297746681861558,0.0396,1.4255999999999998,0.27720000000000006,0.0,0.0,0.19911133697242678,0.0,0.0,0.1954768762233649,0.0,0.0,0.10596641887108428,sine,2,0.2,0.5,28,56,2.530017852783203,0.0
1779527523.7333431,0.0,0.0,0.1954768762233649,0.0,0.0,0.10596641887108428,-0.1188,1.5048000000000001,0.4752,0.0,0.0,0.1984231685619576,0.0,0.0,0.1954768762233649,0.0,0.0020777729190408684,0.07479982508547126,sine,2,0.2,0.5,28,56,2.539997100830078,0.0
1779527523.743342,0.0,0.0,0.1954768762233649,0.0,0.0020777729190408684,0.07479982508547126,-0.0792,1.2672,0.9107999999999999,0.0,0.0,0.19753788371010594,0.0,0.0,0.1954768762233649,0.0,0.0,0.06441096049026691,sine,2,0.2,0.5,28,56,2.5499978065490723,0.0
1779527523.7533607,0.0,0.0,0.1954768762233649,0.0,0.0,0.06441096049026691,0.0792,1.2276,0.7524000000000001,0.0,0.0,0.19645784985489043,0.0,0.0,0.19722220547535924,0.0,0.0,0.03739991254273563,sine,2,0.2,0.5,28,56,2.5599966049194336,0.0
1779527523.7633443,0.0,0.0,0.19722220547535924,0.0,0.0,0.03739991254273563,-0.1188,1.3464,0.99,0.0,0.0,0.19518123720778346,0.0,0.0,0.19722220547535924,0.0,0.0,0.035322139623694765,sine,2,0.2,0.5,28,56,2.5700154304504395,0.0
1779527523.773345,0.0,0.0,0.19722220547535924,0.0,0.0,0.035322139623694765,-0.0396,1.4652,0.396,0.0,0.0,0.19371679316391124,0.0,0.0,0.19722220547535924,0.0020777729190408684,0.0,0.01246663751424521,sine,2,0.2,0.5,28,56,2.5799989700317383,0.0
1779527523.783345,0.0,0.0,0.19722220547535924,0.0020777729190408684,0.0,0.01246663751424521,-0.0792,1.5048000000000001,0.5544000000000001,0.0,0.0,0.19205879397465578,0.0,0.0,0.19722220547535924,0.0,0.0,0.0,sine,2,0.2,0.5,28,56,2.5899996757507324,0.0
1779527523.7933478,0.0,0.0,0.19722220547535924,0.0,0.0,0.0,0.0,1.4652,0.1188,0.0,0.0,0.19021136806718653,0.0,0.0,0.19722220547535924,0.0,0.0,-0.018699956271367814,sine,2,0.2,0.5,28,56,2.5999996662139893,0.0
1779527523.8033886,0.0,0.0,0.19722220547535924,0.0,0.0,-0.018699956271367814,-0.0792,1.5048000000000001,0.0396,0.0,0.0,0.1881756179294513,0.0,0.0,0.1954768762233649,0.0,0.0,-0.04778877713793997,sine,2,0.2,0.5,28,56,2.6100025177001953,0.0
1779527523.8133428,0.0,0.0,0.1954768762233649,0.0,0.0,-0.04778877713793997,0.0,1.4652,-0.396,0.0,0.0,0.1859452853401675,0.0,0.0,0.1954768762233649,0.0,0.0,-0.05402209589506258,sine,2,0.2,0.5,28,56,2.6200432777404785,0.0
1779527523.8233433,0.0,0.0,0.1954768762233649,0.0,0.0,-0.05402209589506258,-0.0792,1.4255999999999998,0.1188,0.0,0.0,0.18355155100661597,0.0,0.0,0.1954768762233649,0.0020777729190408684,0.0,-0.07687759800451213,sine,2,0.2,0.5,28,56,2.629997491836548,0.0
1779527523.8333428,0.0,0.0,0.1954768762233649,0.0020777729190408684,0.0,-0.07687759800451213,-0.0792,1.4652,0.1188,0.0,0.0,0.18096595647140698,0.0,0.0,0.1937315469713706,0.0,0.0,-0.10388864595204342,sine,2,0.2,0.5,28,56,2.639997959136963,0.0
1779527523.8434098,0.0,0.0,0.1937315469713706,0.0,0.0,-0.10388864595204342,-0.0792,1.3464,0.198,0.0,0.0,0.17820202572802063,0.0,0.0,0.19198621771937624,0.0,0.0,-0.1246663751424521,sine,2,0.2,0.5,28,56,2.6499974727630615,0.0
1779527523.853346,0.0,0.0,0.19198621771937624,0.0,0.0,-0.1246663751424521,-0.0792,1.2672,0.4356,0.0,0.0,0.17524182106009867,0.0,0.0,0.19024088846738194,0.0,0.0,-0.15583296892806514,sine,2,0.2,0.5,28,56,2.660064458847046,0.0
1779527523.8633466,0.0,0.0,0.19024088846738194,0.0,0.0,-0.15583296892806514,-0.0396,1.4255999999999998,0.0,0.0,0.0,0.1721481522308837,0.0,0.0,0.18849555921538758,0.0,0.0,-0.1641440606042286,sine,2,0.2,0.5,28,56,2.6700007915496826,0.0
1779527523.8733432,0.0,0.0,0.18849555921538758,0.0,0.0,-0.1641440606042286,0.0,1.4652,0.5148,0.0,0.0,0.1688651612821403,0.0,0.0,0.1867502299633933,0.0,0.0,-0.17661069811847382,sine,2,0.2,0.5,28,56,2.6800012588500977,0.0
1779527523.8833654,0.0,0.0,0.1867502299633933,0.0,0.0,-0.17661069811847382,-0.1188,1.2672,0.6336,0.0,0.0,0.16541685245798268,0.0,0.0,0.18500490071139894,-0.0020777729190408684,0.0,-0.2036217460660051,sine,2,0.2,0.5,28,56,2.689997911453247,0.0
1779527523.8933427,0.0,0.0,0.18500490071139894,-0.0020777729190408684,0.0,-0.2036217460660051,-0.1188,1.4652,0.2376,0.0,0.0,0.16179598458464328,0.0,0.0,0.1832595714594046,0.0,0.0,-0.22232170233737292,sine,2,0.2,0.5,28,56,2.7000200748443604,0.0
1779527523.9033458,0.0,0.0,0.1832595714594046,0.0,0.0,-0.22232170233737292,-0.0396,1.4255999999999998,0.0,0.0,0.0,0.15803199774669396,0.0,0.0,0.17976891295541597,0.0,0.0,-0.23478833985161812,sine,2,0.2,0.5,28,56,2.7099974155426025,0.0
1779527523.9133437,0.0,0.0,0.17976891295541597,0.0,0.0,-0.23478833985161812,-0.0792,1.2672,0.2376,0.0,0.0,0.15410244612060364,0.0,0.0,0.17802358370342164,0.0,0.0,-0.2617993877991494,sine,2,0.2,0.5,28,56,2.7200005054473877,0.0
1779527523.9233642,0.0,0.0,0.17802358370342164,0.0,0.0,-0.2617993877991494,-0.0396,1.4652,0.35639999999999994,0.0,0.0,0.15002289946340264,0.0,0.0,0.17453292519943295,0.0,0.0,-0.26803270655627204,sine,2,0.2,0.5,28,56,2.7299983501434326,0.0
1779527523.933345,0.0,0.0,0.17453292519943295,0.0,0.0,-0.26803270655627204,-0.0792,1.2276,0.6732,0.0,0.0,0.1457856199075138,0.0,0.0,0.1710422666954443,0.0,0.0,-0.299199300341885,sine,2,0.2,0.5,28,56,2.740018844604492,0.0
1779527523.9433434,0.0,0.0,0.1710422666954443,0.0,0.0,-0.299199300341885,-0.0792,1.3068,0.1188,0.0,0.0,0.14142146216385368,0.0,0.0,0.16929693744344998,0.0,0.0020777729190408684,-0.2971215274228442,sine,2,0.2,0.5,28,56,2.749999761581421,0.0
1779527523.9533448,0.0,0.0,0.16929693744344998,0.0,0.0020777729190408684,-0.2971215274228442,-0.0396,1.4255999999999998,0.35639999999999994,0.0,0.0,0.1369102991637153,0.0,0.0,0.1658062789394613,-0.0020777729190408684,0.0,-0.3345214399655798,sine,2,0.2,0.5,28,56,2.759998083114624,0.0
1779527523.9633458,0.0,0.0,0.1658062789394613,-0.0020777729190408684,0.0,-0.3345214399655798,0.1188,1.3068,0.27720000000000006,0.0,0.0,0.13226260679156374,0.0,0.0,0.16231562043547265,0.0,0.0,-0.3262103482894163,sine,2,0.2,0.5,28,56,2.7699995040893555,0.0
1779527523.9733477,0.0,0.0,0.16231562043547265,0.0,0.0,-0.3262103482894163,-0.0396,1.2672,0.9107999999999999,0.0,0.0,0.12748458095051773,0.0,0.0,0.158824961931484,0.0,-0.0020777729190408684,-0.36984357958927455,sine,2,0.2,0.5,28,56,2.7800004482269287,0.0
1779527523.9833639,0.0,0.0,0.158824961931484,0.0,-0.0020777729190408684,-0.36984357958927455,-0.1584,1.4652,-0.2376,0.0,0.0,0.12258024599163445,0.0,0.0,0.15533430342749532,0.0,0.0020777729190408684,-0.35737694207502935,sine,2,0.2,0.5,28,56,2.7900023460388184,0.0
1779527523.9933438,0.0,0.0,0.15533430342749532,0.0,0.0020777729190408684,-0.35737694207502935,0.0,1.2672,0.8316,0.0,0.0,0.11754762144193281,0.0,0.0,0.15009831567151233,0.0,0.0,-0.3989324004558467,sine,2,0.2,0.5,28,56,2.800018548965454,0.0
1779527524.0033755,0.0,0.0,0.15009831567151233,0.0,0.0,-0.3989324004558467,-0.0792,1.4255999999999998,0.35639999999999994,0.0,0.0,0.11241744869892836,0.0,0.0,0.1466076571675237,0.0020777729190408684,0.0,-0.3989324004558467,sine,2,0.2,0.5,28,56,2.8099985122680664,0.0
1779527524.0133429,0.0,0.0,0.1466076571675237,0.0020777729190408684,0.0,-0.3989324004558467,-0.1188,1.4255999999999998,0.3168,0.0,0.0,0.10714933062575126,0.0,0.0,0.14311699866353503,0.0,0.0,-0.4134768108891328,sine,2,0.2,0.5,28,56,2.8200302124023438,0.0
1779527524.0233448,0.0,0.0,0.14311699866353503,0.0,0.0,-0.4134768108891328,0.0,1.3068,0.5148,0.0,0.0,0.10180961382409144,0.0,0.0,0.13788101090755203,0.0,0.0,-0.4363323129985824,sine,2,0.2,0.5,28,56,2.8299975395202637,0.0
1779527524.033342,0.0,0.0,0.13788101090755203,0.0,0.0,-0.4363323129985824,-0.0792,1.2672,0.5148,0.0,0.0,0.09635104462495452,0.0,0.0,0.13264502315156904,0.0,0.0,-0.4467211775937867,sine,2,0.2,0.5,28,56,2.8399994373321533,0.0
1779527524.0433466,0.0,0.0,0.13264502315156904,0.0,0.0,-0.4467211775937867,0.0396,1.4255999999999998,0.1584,0.0,0.0,0.09080002198669214,0.0,0.0,0.12915436464758037,0.0,-0.0020777729190408684,-0.4591878151080319,sine,2,0.2,0.5,28,56,2.849996566772461,0.0
1779527524.053343,0.0,0.0,0.12915436464758037,0.0,-0.0020777729190408684,-0.4591878151080319,-0.0792,1.3860000000000001,0.27720000000000006,0.0,0.0,0.08515510467853873,0.0,0.0,0.1239183768915974,0.0,0.0,-0.4654211338651545,sine,2,0.2,0.5,28,56,2.8600013256073,0.0
1779527524.0633461,0.0,0.0,0.1239183768915974,0.0,0.0,-0.4654211338651545,-0.1188,1.3464,0.8316,0.0,0.0,0.079430881456428,0.0,0.0,0.11868238913561442,0.0,0.0,-0.4882766359746041,sine,2,0.2,0.5,28,56,2.86999773979187,0.0
1779527524.0733452,0.0,0.0,0.11868238913561442,0.0,0.0,-0.4882766359746041,-0.1188,1.2672,0.0,0.0,0.0,0.07362442583138805,0.0,0.0,0.11344640137963143,0.0,0.0,-0.5028210464078902,sine,2,0.2,0.5,28,56,2.8800008296966553,0.0
1779527524.083361,0.0,0.0,0.11344640137963143,0.0,0.0,-0.5028210464078902,-0.0792,1.4652,0.396,0.0,0.0,0.06774766297913963,0.0,0.0,0.10995574287564278,0.0,0.0,-0.5069765922459719,sine,2,0.2,0.5,28,56,2.8899998664855957,0.0
1779527524.0933468,0.0,0.0,0.10995574287564278,0.0,0.0,-0.5069765922459719,-0.0792,1.4652,0.4752,0.0,0.0,0.06179408120137502,0.0,0.0,0.10471975511965977,-0.0020777729190408684,0.0,-0.5132099110030945,sine,2,0.2,0.5,28,56,2.9000155925750732,0.0
1779527524.1034186,0.0,0.0,0.10471975511965977,-0.0020777729190408684,0.0,-0.5132099110030945,-0.0396,1.3860000000000001,0.4752,0.0,0.0,0.05579730629136018,0.0,0.0,0.09773843811168245,0.0020777729190408684,0.0,-0.5277543214363806,sine,2,0.2,0.5,28,56,2.910001516342163,0.0
1779527524.1134257,0.0,0.0,0.09773843811168245,0.0020777729190408684,0.0,-0.5277543214363806,-0.0792,1.2276,0.792,0.0,0.0,0.04969338506525833,0.0,0.0,0.09250245035569947,0.0,0.0020777729190408684,-0.5402209589506258,sine,2,0.2,0.5,28,56,2.9200732707977295,0.0
1779527524.1233442,0.0,0.0,0.09250245035569947,0.0,0.0020777729190408684,-0.5402209589506258,-0.0792,1.4255999999999998,0.198,0.0,0.0,0.04357933821288492,0.0,0.0,0.08726646259971647,0.0,0.0,-0.5485320506267892,sine,2,0.2,0.5,28,56,2.9300804138183594,0.0
1779527524.1334062,0.0,0.0,0.08726646259971647,0.0,0.0,-0.5485320506267892,-0.0792,1.3860000000000001,0.6732,0.0,0.0,0.03747696334801115,0.0,0.0,0.08203047484373349,0.0,0.0,-0.5589209152219936,sine,2,0.2,0.5,28,56,2.9399988651275635,0.0
1779527524.1433432,0.0,0.0,0.08203047484373349,0.0,0.0,-0.5589209152219936,-0.0792,1.4255999999999998,0.0,0.0,0.0,0.031249133430020372,0.0,0.0,0.07679448708775051,0.0,0.0,-0.5734653256552796,sine,2,0.2,0.5,28,56,2.9500608444213867,0.0
1779527524.153481,0.0,0.0,0.07679448708775051,0.0,0.0,-0.5734653256552796,-0.0792,1.3860000000000001,0.4356,0.0,0.0,0.025067960527002567,0.0,0.0,0.06981317007977318,0.0,0.0,-0.5776208714933614,sine,2,0.2,0.5,28,56,2.9599978923797607,0.0
1779527524.163347,0.0,0.0,0.06981317007977318,0.0,0.0,-0.5776208714933614,-0.0792,1.4255999999999998,0.0,0.0,0.0,0.01873678354837144,0.0,0.0,0.06457718232379019,0.0,0.0020777729190408684,-0.5776208714933614,sine,2,0.2,0.5,28,56,2.9701356887817383,0.0
1779527524.1734061,0.0,0.0,0.06457718232379019,0.0,0.0020777729190408684,-0.5776208714933614,-0.0792,1.3464,0.35639999999999994,0.0,0.0,0.012557045394641557,0.0,0.0,0.05934119456780721,0.0020777729190408684,0.0020777729190408684,-0.5817764173314431,sine,2,0.2,0.5,28,56,2.98000168800354,0.0
1779527524.1834795,0.0,0.0,0.05934119456780721,0.0020777729190408684,0.0020777729190408684,-0.5817764173314431,-0.0396,1.3464,0.396,0.0,0.0,0.006243964844446918,0.0,0.0,0.05235987755982988,0.0,0.0,-0.5880097360885658,sine,2,0.2,0.5,28,56,2.990060806274414,0.0
1779527524.193481,0.0,0.0,0.05235987755982988,0.0,0.0,-0.5880097360885658,-0.0396,1.3860000000000001,0.5148,0.0,0.0,-8.433898027177768e-05,0.0,0.0,0.047123889803846894,0.0,0.0,-0.5942430548456884,sine,2,0.2,0.5,28,56,3.000134229660034,0.0
1779527524.2033424,0.0,0.0,0.047123889803846894,0.0,0.0,-0.5942430548456884,-0.0396,1.4652,0.3168,0.0,0.0,-0.006367340993366573,0.0,0.0,0.04014257279586959,0.0,-0.0020777729190408684,-0.6046319194408927,sine,2,0.2,0.5,28,56,3.0101356506347656,0.0
1779527524.2133672,0.0,0.0,0.04014257279586959,0.0,-0.0020777729190408684,-0.6046319194408927,-0.0792,1.2276,0.5148,0.0,0.0,-0.012556297858255634,0.0,0.0,0.03490658503988659,0.0,0.0,-0.6046319194408927,sine,2,0.2,0.5,28,56,3.0199971199035645,0.0
1779527524.2234516,0.0,0.0,0.03490658503988659,0.0,0.0,-0.6046319194408927,-0.0396,1.3464,0.35639999999999994,0.0,0.0,-0.018835365416828023,0.0,0.0,0.027925268031909273,0.0,0.0,-0.6067096923599336,sine,2,0.2,0.5,28,56,3.030021905899048,0.0
1779527524.2333422,0.0,0.0,0.027925268031909273,0.0,0.0,-0.6067096923599336,0.0,1.2672,0.7127999999999999,0.0,0.0,-0.02513290675535623,0.0,0.0,0.022689280275926284,0.0020777729190408684,0.0,-0.6067096923599336,sine,2,0.2,0.5,28,56,3.0401062965393066,0.0
1779527524.2434614,0.0,0.0,0.022689280275926284,0.0020777729190408684,0.0,-0.6067096923599336,-0.0792,1.3068,0.5544000000000001,0.0,0.0,-0.031284939954447144,0.0,0.0,0.015707963267948967,0.0,0.0,-0.6129430111170562,sine,2,0.2,0.5,28,56,3.049996852874756,0.0
1779527524.2534122,0.0,0.0,0.015707963267948967,0.0,0.0,-0.6129430111170562,0.0,1.2276,0.792,0.0,0.0,-0.03754788686266884,0.0,0.0,0.010471975511965978,0.0,0.0,-0.6150207840360971,sine,2,0.2,0.5,28,56,3.0601160526275635,0.0
1779527524.2634742,0.0,0.0,0.010471975511965978,0.0,0.0,-0.6150207840360971,-0.0792,1.1880000000000002,0.35639999999999994,0.0,0.0,-0.0436696871959089,0.0,0.0,0.003490658503988659,0.0,0.0,-0.6170985569551379,sine,2,0.2,0.5,28,56,3.0700669288635254,0.0
1779527524.2734454,0.0,0.0,0.003490658503988659,0.0,0.0,-0.6170985569551379,-0.0396,1.2276,0.6336,0.0,0.0,-0.04981642411724931,0.0,0.0,0.0,0.0,0.0,-0.6150207840360971,sine,2,0.2,0.5,28,56,3.0801289081573486,0.0
1779527524.2834473,0.0,0.0,0.0,0.0,0.0,-0.6150207840360971,-0.0792,1.3464,0.27720000000000006,0.0,0.0,-0.055858585634275454,0.0,0.0,-0.006981317007977318,0.0,0.0,-0.6129430111170562,sine,2,0.2,0.5,28,56,3.090100049972534,0.0
1779527524.2934952,0.0,0.0,-0.006981317007977318,0.0,0.0,-0.6129430111170562,-0.1188,1.2672,0.7127999999999999,0.0,0.0,-0.0618643162779906,0.0,0.0,-0.012217304763960306,0.0,0.0,-0.6129430111170562,sine,2,0.2,0.5,28,56,3.100101947784424,0.0
1779527524.3034241,0.0,0.0,-0.012217304763960306,0.0,0.0,-0.6129430111170562,-0.0792,1.3464,0.5940000000000001,0.0,0.0,-0.06783616992259099,0.0,0.0,-0.019198621771937627,0.0,0.0,-0.6087874652789744,sine,2,0.2,0.5,28,56,3.11014986038208,0.0
1779527524.3133829,0.0,0.0,-0.019198621771937627,0.0,0.0,-0.6087874652789744,-0.0396,1.1483999999999999,0.6336,0.0,0.0,-0.07367094414092132,0.0,0.0,-0.02617993877991494,0.0,0.0,-0.6087874652789744,sine,2,0.2,0.5,28,56,3.1200788021087646,0.0
1779527524.323345,0.0,0.0,-0.02617993877991494,0.0,0.0,-0.6087874652789744,-0.0792,1.1880000000000002,0.7127999999999999,0.0,0.0,-0.07945122827482365,0.0,0.0,-0.031415926535897934,0.0,0.0,-0.6087874652789744,sine,2,0.2,0.5,28,56,3.130037546157837,0.0
1779527524.3347194,0.0,0.0,-0.031415926535897934,0.0,0.0,-0.6087874652789744,-0.0792,1.3860000000000001,0.5148,0.0,0.0,-0.08515564686176375,0.0,0.0,-0.038397243543875255,0.0,0.0,-0.6067096923599336,sine,2,0.2,0.5,28,56,3.1399996280670166,0.0
1779527524.3434627,0.0,0.0,-0.038397243543875255,0.0,0.0,-0.6067096923599336,-0.0792,1.3860000000000001,0.6336,0.0,0.0,-0.0915665229745247,0.0,0.0,-0.04363323129985824,-0.0020777729190408684,0.0,-0.6025541465218518,sine,2,0.2,0.5,28,56,3.151374101638794,0.0
1779527524.3533447,0.0,0.0,-0.04363323129985824,-0.0020777729190408684,0.0,-0.6025541465218518,-0.0792,1.3464,0.2376,0.0,0.0,-0.096415361941772,0.0,0.0,-0.050614548307835565,0.0020777729190408684,0.0,-0.59839860068377,sine,2,0.2,0.5,28,56,3.1601173877716064,0.0
1779527524.3633425,0.0,0.0,-0.050614548307835565,0.0020777729190408684,0.0,-0.59839860068377,-0.0396,1.3068,0.6732,0.0,0.0,-0.10180793758644685,0.0,0.0,-0.05585053606381855,0.0020777729190408684,0.0,-0.5942430548456884,sine,2,0.2,0.5,28,56,3.169999361038208,0.0
1779527524.373478,0.0,0.0,-0.05585053606381855,0.0020777729190408684,0.0,-0.5942430548456884,0.0,1.3860000000000001,0.35639999999999994,0.0,0.0,-0.10716387661446246,0.0,0.0,-0.061086523819801536,0.0,0.0,-0.5942430548456884,sine,2,0.2,0.5,28,56,3.179997205734253,0.0
1779527524.3834522,0.0,0.0,-0.061086523819801536,0.0,0.0,-0.5942430548456884,0.0792,1.3464,0.9504,0.0,0.0,-0.11248558338878066,0.0,0.0,-0.06806784082777886,0.0,0.0,-0.5859319631695249,sine,2,0.2,0.5,28,56,3.1901326179504395,0.0
1779527524.3933513,0.0,0.0,-0.06806784082777886,0.0,0.0,-0.5859319631695249,-0.0396,1.1483999999999999,0.198,0.0,0.0,-0.11761136254477472,0.0,0.0,-0.07330382858376185,0.0,0.0,-0.5817764173314431,sine,2,0.2,0.5,28,56,3.2001068592071533,0.0
1779527524.4034798,0.0,0.0,-0.07330382858376185,0.0,0.0,-0.5817764173314431,-0.1188,1.3464,0.7127999999999999,0.0,0.0,-0.12258438883367462,0.0,0.0,-0.07853981633974483,0.0,0.0,-0.5734653256552796,sine,2,0.2,0.5,28,56,3.21000599861145,0.0
1779527524.4133787,0.0,0.0,-0.07853981633974483,0.0,0.0,-0.5734653256552796,-0.1188,1.2276,0.0,0.0,0.0,-0.1275499001467264,0.0,0.0,-0.08552113334772216,0.0020777729190408684,0.0,-0.5672320068981571,sine,2,0.2,0.5,28,56,3.2201344966888428,0.0
1779527524.4233325,0.0,0.0,-0.08552113334772216,0.0020777729190408684,0.0,-0.5672320068981571,-0.1188,1.3464,0.6336,0.0,0.0,-0.13227811295077357,0.0,0.0,-0.09075712110370514,0.0,0.0,-0.5568431423029527,sine,2,0.2,0.5,28,56,3.2300333976745605,0.0
1779527524.4335067,0.0,0.0,-0.09075712110370514,0.0,0.0,-0.5568431423029527,-0.0792,1.1880000000000002,0.0792,0.0,0.0,-0.13690352855829277,0.0,0.0,-0.09599310885968812,0.0,0.0,-0.552687596464871,sine,2,0.2,0.5,28,56,3.2399871349334717,0.0
1779527524.443524,0.0,0.0,-0.09599310885968812,0.0,0.0,-0.552687596464871,-0.0792,1.2276,0.27720000000000006,0.0,0.0,-0.14149305034939105,0.0,0.0,-0.10122909661567113,0.0,0.0,-0.5339876401935032,sine,2,0.2,0.5,28,56,3.2501614093780518,0.0
1779527524.4534762,0.0,0.0,-0.10122909661567113,0.0,0.0,-0.5339876401935032,-0.0792,1.2276,0.4752,0.0,0.0,-0.1458705062013346,0.0,0.0,-0.10646508437165411,0.0,0.0,-0.5194432297602171,sine,2,0.2,0.5,28,56,3.260178565979004,0.0
1779527524.463371,0.0,0.0,-0.10646508437165411,0.0,0.0,-0.5194432297602171,-0.0396,1.3464,0.35639999999999994,0.0,0.0,-0.15007658075986635,0.0,0.0,-0.1117010721276371,0.0020777729190408684,0.0,-0.5090543651650128,sine,2,0.2,0.5,28,56,3.2701308727264404,0.0
1779527524.473469,0.0,0.0,-0.1117010721276371,0.0020777729190408684,0.0,-0.5090543651650128,-0.0396,1.2276,0.9107999999999999,0.0,0.0,-0.15411294928732408,0.0,0.0,-0.11693705988362009,0.0,-0.0020777729190408684,-0.5111321380840537,sine,2,0.2,0.5,28,56,3.2800257205963135,0.0
1779527524.4834154,0.0,0.0,-0.11693705988362009,0.0,-0.0020777729190408684,-0.5111321380840537,-0.0396,1.2276,-0.0792,0.0,0.0,-0.1580786279388975,0.0,0.0,-0.12217304763960307,-0.0020777729190408684,0.0,-0.49658772765076753,sine,2,0.2,0.5,28,56,3.290123701095581,0.0
1779527524.4935493,0.0,0.0,-0.12217304763960307,-0.0020777729190408684,0.0,-0.49658772765076753,0.0396,1.1880000000000002,0.5544000000000001,0.0,0.0,-0.16182926460028776,0.0,0.0,-0.12566370614359174,0.0,0.0,-0.48204331721748145,sine,2,0.2,0.5,28,56,3.30007004737854,0.0
1779527524.5033498,0.0,0.0,-0.12566370614359174,0.0,0.0,-0.48204331721748145,-0.0792,1.4255999999999998,0.2376,0.0,0.0,-0.16548813729061382,0.0,0.0,-0.1308996938995747,0.0,-0.0020777729190408684,-0.46957667970323624,sine,2,0.2,0.5,28,56,3.310204029083252,0.0
1779527524.5133467,0.0,0.0,-0.1308996938995747,0.0,-0.0020777729190408684,-0.46957667970323624,-0.0396,1.2276,0.3168,0.0,0.0,-0.16886708770750725,0.0,0.0,-0.13613568165555773,0.0,0.0,-0.45087672343186846,sine,2,0.2,0.5,28,56,3.320004463195801,0.0
1779527524.523477,0.0,0.0,-0.13613568165555773,0.0,0.0,-0.45087672343186846,-0.0396,1.1483999999999999,0.8316,0.0,0.0,-0.17214883853237448,0.0,0.0,-0.13962634015954636,-0.0020777729190408684,0.0,-0.45087672343186846,sine,2,0.2,0.5,28,56,3.3300013542175293,0.0
1779527524.533357,0.0,0.0,-0.13962634015954636,-0.0020777729190408684,0.0,-0.45087672343186846,-0.0792,1.3068,0.0,0.0,0.0,-0.17530120394656754,0.0,0.0,-0.14486232791552936,0.0,0.0,-0.43217676716050063,sine,2,0.2,0.5,28,56,3.3401317596435547,0.0
1779527524.5434642,0.0,0.0,-0.14486232791552936,0.0,0.0,-0.43217676716050063,-0.0396,1.3860000000000001,0.27720000000000006,0.0,0.0,-0.17820460995958864,0.0,0.0,-0.14835298641951802,0.0,0.0,-0.4072434921320102,sine,2,0.2,0.5,28,56,3.3500115871429443,0.0
1779527524.553345,0.0,0.0,-0.14835298641951802,0.0,0.0,-0.4072434921320102,0.0,1.2672,0.8316,0.0,0.0,-0.18099719749477203,0.0,0.0,-0.1518436449235067,0.0,0.0,-0.4134768108891328,sine,2,0.2,0.5,28,56,3.360118865966797,0.0
1779527524.5634506,0.0,0.0,-0.1518436449235067,0.0,0.0,-0.4134768108891328,-0.0792,1.3068,-0.1188,0.0,0.0,-0.18355083708575506,0.0,0.0,-0.15707963267948966,0.0,0.0,-0.37815467126543806,sine,2,0.2,0.5,28,56,3.369999647140503,0.0
1779527524.5733612,0.0,0.0,-0.15707963267948966,0.0,0.0,-0.37815467126543806,-0.0396,1.2276,0.5148,0.0,0.0,-0.1859796329075903,0.0,0.0,-0.16057029118347835,0.0,0.0,-0.3739991254273563,sine,2,0.2,0.5,28,56,3.3801052570343018,0.0
1779527524.5834863,0.0,0.0,-0.16057029118347835,0.0,0.0,-0.3739991254273563,0.0,1.2672,0.5544000000000001,0.0,0.0,-0.18817952498206858,0.0,0.0,-0.16406094968746698,0.0,0.0,-0.35737694207502935,sine,2,0.2,0.5,28,56,3.3900158405303955,0.0
1779527524.5933576,0.0,0.0,-0.16406094968746698,0.0,0.0,-0.35737694207502935,-0.0396,1.2672,0.1584,0.0,0.0,-0.19023866145735113,0.0,0.0,-0.16755160819145565,0.0,0.0,-0.3345214399655798,sine,2,0.2,0.5,28,56,3.4001410007476807,0.0
1779527524.6033466,0.0,0.0,-0.16755160819145565,0.0,0.0,-0.3345214399655798,-0.0396,1.3068,0.3168,0.0,0.0,-0.19206088351524261,0.0,0.0,-0.1710422666954443,-0.0020777729190408684,0.0,-0.33036589412749806,sine,2,0.2,0.5,28,56,3.4100122451782227,0.0
1779527524.613345,0.0,0.0,-0.1710422666954443,-0.0020777729190408684,0.0,-0.33036589412749806,-0.0396,1.4255999999999998,0.2376,0.0,0.0,-0.1937168304178317,0.0,0.0,-0.17278759594743864,0.0020777729190408684,0.0,-0.2950437545038033,sine,2,0.2,0.5,28,56,3.420001268386841,0.0
1779527524.623349,0.0,0.0,-0.17278759594743864,0.0020777729190408684,0.0,-0.2950437545038033,-0.0396,1.1880000000000002,0.8712,0.0,0.0,-0.1951832961806177,0.0,0.0,-0.1762782544514273,0.0,0.0,-0.2950437545038033,sine,2,0.2,0.5,28,56,3.429999589920044,0.0
1779527524.633392,0.0,0.0,-0.1762782544514273,0.0,0.0,-0.2950437545038033,-0.0792,1.2672,0.0,0.0,0.0,-0.1964578779235135,0.0,0.0,-0.17802358370342164,0.0,0.0,-0.25972161488010853,sine,2,0.2,0.5,28,56,3.4400036334991455,0.0
1779527524.6433463,0.0,0.0,-0.17802358370342164,0.0,0.0,-0.25972161488010853,-0.0792,1.3860000000000001,0.396,0.0,0.0,-0.19754226380008044,0.0,0.0,-0.18151424220741028,0.0,0.0,-0.2638771607181903,sine,2,0.2,0.5,28,56,3.4500467777252197,0.0
1779527524.653344,0.0,0.0,-0.18151424220741028,0.0,0.0,-0.2638771607181903,-0.0792,1.2672,0.1188,0.0,0.0,-0.1984230183670586,0.0,0.0,-0.1832595714594046,0.0,0.0,-0.2306327940135364,sine,2,0.2,0.5,28,56,3.460000991821289,0.0
1779527524.6633453,0.0,0.0,-0.1832595714594046,0.0,0.0,-0.2306327940135364,-0.0396,1.3068,0.6732,0.0,0.0,-0.19911231002426827,0.0,0.0,-0.18500490071139894,0.0,0.0,-0.2098550648231277,sine,2,0.2,0.5,28,56,3.469998598098755,0.0
1779527524.673411,0.0,0.0,-0.18500490071139894,0.0,0.0,-0.2098550648231277,0.0,1.3068,0.792,0.0,0.0,-0.19960534643814964,0.0,0.0,-0.18849555921538758,0.0,0.0,-0.20777729190408684,sine,2,0.2,0.5,28,56,3.4800000190734863,0.0
1779527524.683347,0.0,0.0,-0.18849555921538758,0.0,0.0,-0.20777729190408684,-0.0396,1.4255999999999998,0.0792,0.0,0.0,-0.19990260200998874,0.0,0.0,-0.19024088846738194,-0.0020777729190408684,0.0,-0.18076624395655555,sine,2,0.2,0.5,28,56,3.490065574645996,0.0
1779527524.6934693,0.0,0.0,-0.19024088846738194,-0.0020777729190408684,0.0,-0.18076624395655555,0.0396,1.4652,0.1188,0.0,0.0,-0.19999999999725102,0.0,0.0,-0.19024088846738194,0.0,0.0,-0.15375519600902426,sine,2,0.2,0.5,28,56,3.5000016689300537,0.0
1779527524.7033465,0.0,0.0,-0.19024088846738194,0.0,0.0,-0.15375519600902426,-0.0792,1.2276,0.27720000000000006,0.0,0.0,-0.1998988502827988,0.0,0.0,-0.19198621771937624,0.0,0.0,-0.1433663314138199,sine,2,0.2,0.5,28,56,3.5101239681243896,0.0
1779527524.713374,0.0,0.0,-0.19198621771937624,0.0,0.0,-0.1433663314138199,0.0,1.4255999999999998,0.3168,0.0,0.0,-0.19960529940581295,0.0,0.0,-0.1937315469713706,0.0,0.0,-0.12882192098053383,sine,2,0.2,0.5,28,56,3.520001173019409,0.0
1779527524.7233894,0.0,0.0,-0.1937315469713706,0.0,0.0,-0.12882192098053383,-0.0792,1.3860000000000001,0.3168,0.0,0.0,-0.19911070208687404,0.0,0.0,-0.1954768762233649,0.0,0.0,-0.11012196470916602,sine,2,0.2,0.5,28,56,3.5300285816192627,0.0
1779527524.7333481,0.0,0.0,-0.1954768762233649,0.0,0.0,-0.11012196470916602,-0.0792,1.3860000000000001,0.198,0.0,0.0,-0.1984194679401994,0.0,0.0,-0.1954768762233649,0.0,0.0,-0.078955370923553,sine,2,0.2,0.5,28,56,3.540044069290161,0.0
1779527524.7433598,0.0,0.0,-0.1954768762233649,0.0,0.0,-0.078955370923553,-0.0396,1.4255999999999998,0.6336,0.0,0.0,-0.1975373915863048,0.0,0.0,-0.1954768762233649,-0.0020777729190408684,0.0,-0.07272205216643039,sine,2,0.2,0.5,28,56,3.5500028133392334,0.0
1779527524.7533517,0.0,0.0,-0.1954768762233649,-0.0020777729190408684,0.0,-0.07272205216643039,0.0,1.3860000000000001,0.3168,0.0,0.0,-0.19645574439403904,0.0,0.0,-0.19722220547535924,0.0,0.0,-0.035322139623694765,sine,2,0.2,0.5,28,56,3.560014486312866,0.0
1779527524.763349,0.0,0.0,-0.19722220547535924,0.0,0.0,-0.035322139623694765,-0.0396,1.1880000000000002,0.99,0.0,0.0,-0.19518247917991896,0.0,0.0,-0.19722220547535924,0.0,0.0,-0.02701104794753129,sine,2,0.2,0.5,28,56,3.5700063705444336,0.0
1779527524.773349,0.0,0.0,-0.19722220547535924,0.0,0.0,-0.02701104794753129,-0.0396,1.2276,0.6336,0.0,0.0,-0.19371604806268047,0.0,0.0,-0.19722220547535924,0.0,0.0,-0.010388864595204342,sine,2,0.2,0.5,28,56,3.5800037384033203,0.0
1779527524.7833478,0.0,0.0,-0.19722220547535924,0.0,0.0,-0.010388864595204342,-0.0396,1.3464,0.5940000000000001,0.0,0.0,-0.19205808346949288,0.0,0.0,-0.19722220547535924,0.0,0.0,0.004155545838081737,sine,2,0.2,0.5,28,56,3.590003728866577,0.0
1779527524.7933483,0.0,0.0,-0.19722220547535924,0.0,0.0,0.004155545838081737,-0.0396,1.4652,0.396,0.0,0.0,-0.19021081256192188,0.0,0.0,-0.19722220547535924,0.0,0.0,0.02493327502849042,sine,2,0.2,0.5,28,56,3.6000025272369385,0.0
1779527524.8033504,0.0,0.0,-0.19722220547535924,0.0,0.0,0.02493327502849042,-0.0396,1.2672,-0.396,0.0,0.0,-0.1881755164392251,0.0,0.0,-0.1954768762233649,0.0,0.0,0.03739991254273563,sine,2,0.2,0.5,28,56,3.6100029945373535,0.0
1779527524.8133461,0.0,0.0,-0.1954768762233649,0.0,0.0,0.03739991254273563,-0.0396,1.3860000000000001,0.0,0.0,0.0,-0.1859541104095741,0.0,0.0,-0.1954768762233649,0.0,0.0,0.05609986881410345,sine,2,0.2,0.5,28,56,3.6200051307678223,0.0
1779527524.8233442,0.0,0.0,-0.1954768762233649,0.0,0.0,0.05609986881410345,0.0,1.3464,0.2376,0.0,0.0,-0.18355071809750326,0.0,0.0,-0.1954768762233649,0.0,0.0,0.06648873340930779,sine,2,0.2,0.5,28,56,3.6300008296966553,0.0
1779527524.833362,0.0,0.0,-0.1954768762233649,0.0,0.0,0.06648873340930779,-0.0396,1.3464,0.7524000000000001,0.0,0.0,-0.18096570134233136,0.0,0.0,-0.1937315469713706,0.0,0.0,0.10388864595204342,sine,2,0.2,0.5,28,56,3.6399989128112793,0.0
1779527524.8433735,0.0,0.0,-0.1937315469713706,0.0,0.0,0.10388864595204342,0.0,1.2672,0.6336,0.0,0.0,-0.17819651675258688,0.0,0.0,-0.19198621771937624,0.0,0.0,0.12882192098053383,sine,2,0.2,0.5,28,56,3.6500167846679688,0.0
1779527524.8533425,0.0,0.0,-0.19198621771937624,0.0,0.0,0.12882192098053383,-0.0396,1.3068,0.6336,0.0,0.0,-0.17525279350909945,0.0,0.0,-0.19024088846738194,0.0,0.0,0.15583296892806514,sine,2,0.2,0.5,28,56,3.6600282192230225,0.0
1779527524.8633754,0.0,0.0,-0.19024088846738194,0.0,0.0,0.15583296892806514,-0.0792,1.3860000000000001,0.4752,0.0,0.0,-0.17214929606235554,0.0,0.0,-0.18849555921538758,0.0,0.0,0.157910741847106,sine,2,0.2,0.5,28,56,3.669997215270996,0.0
1779527524.8733513,0.0,0.0,-0.18849555921538758,0.0,0.0,0.157910741847106,0.0,1.1880000000000002,0.5544000000000001,0.0,0.0,-0.16885544805651287,0.0,0.0,-0.1867502299633933,0.0,0.0,0.17868847103751467,sine,2,0.2,0.5,28,56,3.680030107498169,0.0
1779527524.883336,0.0,0.0,-0.1867502299633933,0.0,0.0,0.17868847103751467,0.0,1.1880000000000002,0.35639999999999994,0.0,0.0,-0.1654139895751967,0.0,0.0,-0.18500490071139894,0.0,0.0,0.21193283774216856,sine,2,0.2,0.5,28,56,3.6900060176849365,0.0
1779527524.893365,0.0,0.0,-0.18500490071139894,0.0,0.0,0.21193283774216856,0.0,1.2672,-0.3168,0.0,0.0,-0.16180681521973062,0.0,0.0,-0.1832595714594046,0.0,0.0,0.22024392941833204,sine,2,0.2,0.5,28,56,3.699990749359131,0.0
1779527524.9033434,0.0,0.0,-0.1832595714594046,0.0,0.0,0.22024392941833204,-0.0396,1.3464,0.1584,0.0,0.0,-0.15802345863909906,0.0,0.0,-0.17976891295541597,0.0,0.0,0.23271056693257725,sine,2,0.2,0.5,28,56,3.710019588470459,0.0
1779527524.9134765,0.0,0.0,-0.17976891295541597,0.0,0.0,0.23271056693257725,-0.1188,1.3464,0.9107999999999999,0.0,0.0,-0.15410340099717046,0.0,0.0,-0.17802358370342164,0.0,0.0,0.26595493363723116,sine,2,0.2,0.5,28,56,3.7199981212615967,0.0
1779527524.9233696,0.0,0.0,-0.17802358370342164,0.0,0.0,0.26595493363723116,0.0,1.2276,0.396,0.0,0.0,-0.1499677067614269,0.0,0.0,-0.17453292519943295,0.0,0.0,0.26595493363723116,sine,2,0.2,0.5,28,56,3.730131149291992,0.0
1779527524.9333456,0.0,0.0,-0.17453292519943295,0.0,0.0,0.26595493363723116,0.0,1.3068,0.5148,0.0,0.0,-0.1457832611543291,0.0,0.0,-0.1710422666954443,0.0,0.0,0.2971215274228442,sine,2,0.2,0.5,28,56,3.7400243282318115,0.0
1779527524.943508,0.0,0.0,-0.1710422666954443,0.0,0.0,0.2971215274228442,-0.0396,1.3464,-0.2376,0.0,0.0,-0.14142125031068611,0.0,0.0,-0.16929693744344998,-0.0020777729190408684,0.0,0.3033548461799668,sine,2,0.2,0.5,28,56,3.750000238418579,0.0
1779527524.953344,0.0,0.0,-0.16929693744344998,-0.0020777729190408684,0.0,0.3033548461799668,-0.0792,1.1880000000000002,0.6336,0.0,0.0,-0.13683493223930235,0.0,0.0,-0.1658062789394613,0.0,0.0,0.33036589412749806,sine,2,0.2,0.5,28,56,3.760162591934204,0.0
1779527524.9633548,0.0,0.0,-0.1658062789394613,0.0,0.0,0.33036589412749806,0.0,1.2672,0.5544000000000001,0.0,0.0,-0.13226294389700796,0.0,0.0,-0.16231562043547265,0.0,0.0,0.33244366704653894,sine,2,0.2,0.5,28,56,3.769998788833618,0.0
1779527524.9734032,0.0,0.0,-0.16231562043547265,0.0,0.0,0.33244366704653894,-0.0396,1.3068,0.5148,0.0,0.0,-0.12748019474187308,0.0,0.0,-0.158824961931484,0.0,0.0,0.36568803375119285,sine,2,0.2,0.5,28,56,3.7800095081329346,0.0
1779527524.98335,0.0,0.0,-0.158824961931484,0.0,0.0,0.36568803375119285,0.0,1.2276,-0.0396,0.0,0.0,-0.12255266435333,0.0,0.0,-0.15533430342749532,0.0,0.0,0.363610260832152,sine,2,0.2,0.5,28,56,3.790057897567749,0.0
1779527524.9933434,0.0,0.0,-0.15533430342749532,0.0,0.0,0.363610260832152,0.0,1.2276,1.0692,0.0,0.0,-0.11755465082376759,0.0,0.0,-0.15009831567151233,0.0,0.0,0.3885435358606424,sine,2,0.2,0.5,28,56,3.800004720687866,0.0
1779527525.0033705,0.0,0.0,-0.15009831567151233,0.0,0.0,0.3885435358606424,-0.0792,1.3464,0.4356,0.0,0.0,-0.1124176964960057,0.0,0.0,-0.1466076571675237,-0.0020777729190408684,-0.0020777729190408684,0.40932126505105104,sine,2,0.2,0.5,28,56,3.809998035430908,0.0
1779527525.0133505,0.0,0.0,-0.1466076571675237,-0.0020777729190408684,-0.0020777729190408684,0.40932126505105104,0.0,1.1880000000000002,-0.1584,0.0,0.0,-0.10715198690911149,0.0,0.0,-0.14311699866353503,0.0,0.0,0.40516571921296934,sine,2,0.2,0.5,28,56,3.8200252056121826,0.0
1779527525.0233433,0.0,0.0,-0.14311699866353503,0.0,0.0,0.40516571921296934,0.0,1.2672,1.1088000000000002,0.0,0.0,-0.10180548768329539,0.0,0.0,-0.13788101090755203,0.0020777729190408684,0.0,0.4384100859176232,sine,2,0.2,0.5,28,56,3.830005168914795,0.0
1779527525.0333595,0.0,0.0,-0.13788101090755203,0.0020777729190408684,0.0,0.4384100859176232,0.0,1.3464,0.35639999999999994,0.0,0.0,-0.09635183226244172,0.0,0.0,-0.1343903524035634,0.0,0.0,0.4467211775937867,sine,2,0.2,0.5,28,56,3.8399980068206787,0.0
1779527525.0433583,0.0,0.0,-0.1343903524035634,0.0,0.0,0.4467211775937867,0.0,1.1880000000000002,0.0,0.0,0.0,-0.09079014473061847,0.0,0.0,-0.12915436464758037,0.0,0.0,0.45503226926995016,sine,2,0.2,0.5,28,56,3.8500142097473145,0.0
1779527525.0533485,0.0,0.0,-0.12915436464758037,0.0,0.0,0.45503226926995016,0.0,1.2276,0.9504,0.0,0.0,-0.0851484628719976,0.0,0.0,-0.1239183768915974,0.0,0.0,0.46749890678419537,sine,2,0.2,0.5,28,56,3.860013008117676,0.0
1779527525.063349,0.0,0.0,-0.1239183768915974,0.0,0.0,0.46749890678419537,-0.0396,1.1483999999999999,0.198,0.0,0.0,-0.07942771936322815,0.0,0.0,-0.11868238913561442,0.0,0.0,0.48204331721748145,sine,2,0.2,0.5,28,56,3.8700032234191895,0.0
1779527525.0733588,0.0,0.0,-0.11868238913561442,0.0,0.0,0.48204331721748145,0.0,1.1483999999999999,0.5148,0.0,0.0,-0.07362275442911152,0.0,0.0,-0.11344640137963143,0.0,0.0,0.5028210464078902,sine,2,0.2,0.5,28,56,3.8800036907196045,0.0
1779527525.083343,0.0,0.0,-0.11344640137963143,0.0,0.0,0.5028210464078902,-0.0396,1.2672,0.4356,0.0,0.0,-0.06773962896330618,0.0,0.0,-0.10995574287564278,-0.0020777729190408684,0.0,0.5111321380840537,sine,2,0.2,0.5,28,56,3.8900134563446045,0.0
1779527525.09335,0.0,0.0,-0.10995574287564278,-0.0020777729190408684,0.0,0.5111321380840537,0.0,1.2276,0.0,0.0,0.0,-0.06180476659441439,0.0,0.0,-0.10471975511965977,-0.0020777729190408684,0.0,0.5111321380840537,sine,2,0.2,0.5,28,56,3.8999977111816406,0.0
1779527525.1033478,0.0,0.0,-0.10471975511965977,-0.0020777729190408684,0.0,0.5111321380840537,-0.0396,1.3464,0.8316,0.0,0.0,-0.055795436175107585,0.0,0.0,-0.09773843811168245,0.0,0.0,0.5215210026792579,sine,2,0.2,0.5,28,56,3.9100046157836914,0.0
1779527525.1133423,0.0,0.0,-0.09773843811168245,0.0,0.0,0.5215210026792579,0.0,1.3068,0.6336,0.0,0.0,-0.049736480035806024,0.0,0.0,-0.09250245035569947,0.0,0.0,0.538143186031585,sine,2,0.2,0.5,28,56,3.9200024604797363,0.0
1779527525.123345,0.0,0.0,-0.09250245035569947,0.0,0.0,0.538143186031585,0.0,1.2672,0.5148,0.0,0.0,-0.04363050787867662,0.0,0.0,-0.08726646259971647,0.0,0.0020777729190408684,0.5506098235458301,sine,2,0.2,0.5,28,56,3.929996967315674,0.0
1779527525.133328,0.0,0.0,-0.08726646259971647,0.0,0.0020777729190408684,0.5506098235458301,-0.0396,1.1088000000000002,0.4752,0.0,0.0,-0.03747652190004169,0.0,0.0,-0.08203047484373349,0.0,0.0,0.5568431423029527,sine,2,0.2,0.5,28,56,3.939999580383301,0.0
1779527525.14335,0.0,0.0,-0.08203047484373349,0.0,0.0,0.5568431423029527,-0.0396,1.1088000000000002,0.198,0.0,0.0,-0.03129766433960893,0.0,0.0,-0.07679448708775051,0.0,0.0020777729190408684,0.5651542339791162,sine,2,0.2,0.5,28,56,3.9499826431274414,0.0
1779527525.1533482,0.0,0.0,-0.07679448708775051,0.0,0.0020777729190408684,0.5651542339791162,-0.0396,1.2276,0.5544000000000001,0.0,0.0,-0.025063799120971682,0.0,0.0,-0.06981317007977318,0.0020777729190408684,0.0,0.5734653256552796,sine,2,0.2,0.5,28,56,3.9600045680999756,0.0
1779527525.1633482,0.0,0.0,-0.06981317007977318,0.0020777729190408684,0.0,0.5734653256552796,0.0,1.1483999999999999,0.1584,0.0,0.0,-0.018819855110596143,0.0,0.0,-0.06457718232379019,-0.0020777729190408684,0.0,0.583854190250484,sine,2,0.2,0.5,28,56,3.9700028896331787,0.0
1779527525.1733735,0.0,0.0,-0.06457718232379019,-0.0020777729190408684,0.0,0.583854190250484,-0.0396,1.2276,0.5940000000000001,0.0,0.0,-0.012556297858255806,0.0,0.0,-0.05934119456780721,0.0,0.0,0.5859319631695249,sine,2,0.2,0.5,28,56,3.9800028800964355,0.0
1779527525.1833458,0.0,0.0,-0.05934119456780721,0.0,0.0,0.5859319631695249,0.0,1.2672,0.0792,0.0,0.0,-0.00626447779260419,0.0,0.0,-0.05235987755982988,-0.0020777729190408684,0.0,0.5900875090076066,sine,2,0.2,0.5,28,56,3.990028142929077,0.0
1779527525.1933658,0.0,0.0,-0.05235987755982988,-0.0020777729190408684,0.0,0.5900875090076066,-0.0396,1.1483999999999999,0.7524000000000001,0.0,0.0,2.996056227018751e-07,0.0,0.0,-0.047123889803846894,0.0,0.0,0.5963208277647293,sine,2,0.2,0.5,28,56,4.000000476837158,0.0
1779527525.2033467,0.0,0.0,-0.047123889803846894,0.0,0.0,0.5963208277647293,-0.0792,1.1483999999999999,0.1188,0.0,0.0,0.006295022498209639,0.0,0.0,-0.04014257279586959,0.0,0.0,0.59839860068377,sine,2,0.2,0.5,28,56,4.01002049446106,0.0
1779527525.2133613,0.0,0.0,-0.04014257279586959,0.0,0.0,0.59839860068377,0.0,1.1483999999999999,0.8316,0.0,0.0,0.012558988988420634,0.0,0.0,-0.03490658503988659,0.0,0.0,0.6067096923599336,sine,2,0.2,0.5,28,56,4.020001411437988,0.0
1779527525.2233763,0.0,0.0,-0.03490658503988659,0.0,0.0,0.6067096923599336,0.0,1.1483999999999999,0.0,0.0,0.0,0.0188316369882615,0.0,0.0,-0.027925268031909273,0.0,-0.0020777729190408684,0.6129430111170562,sine,2,0.2,0.5,28,56,4.03001594543457,0.0
1779527525.2333508,0.0,0.0,-0.027925268031909273,0.0,-0.0020777729190408684,0.6129430111170562,-0.0792,1.2276,0.8316,0.0,0.0,0.02508594361912196,0.0,0.0,-0.022689280275926284,0.0,0.0,0.6150207840360971,sine,2,0.2,0.5,28,56,4.0400309562683105,0.0
1779527525.2433698,0.0,0.0,-0.022689280275926284,0.0,0.0,0.6150207840360971,-0.0396,1.3464,0.0,0.0,0.0,0.03129026645705852,0.0,0.0,-0.015707963267948967,0.0,0.0,0.6108652381980153,sine,2,0.2,0.5,28,56,4.0500054359436035,0.0
1779527525.2533455,0.0,0.0,-0.015707963267948967,0.0,0.0,0.6108652381980153,0.0,1.2276,0.8316,0.0,0.0,0.037491383877610814,0.0,0.0,-0.010471975511965978,0.0,0.0020777729190408684,0.6150207840360971,sine,2,0.2,0.5,28,56,4.0600244998931885,0.0
1779527525.263355,0.0,0.0,-0.010471975511965978,0.0,0.0020777729190408684,0.6150207840360971,0.0,1.2672,-0.0396,0.0,0.0,0.04362875353975573,0.0,0.0,-0.003490658503988659,0.0,0.0,0.6150207840360971,sine,2,0.2,0.5,28,56,4.070000171661377,0.0
1779527525.2733762,0.0,0.0,-0.003490658503988659,0.0,0.0,0.6150207840360971,0.0,1.1088000000000002,0.9504,0.0,0.0,0.049743879934709356,0.0,0.0,0.0,0.0,0.0,0.6170985569551379,sine,2,0.2,0.5,28,56,4.080009698867798,0.0
1779527525.283347,0.0,0.0,0.0,0.0,0.0,0.6170985569551379,-0.0396,1.1483999999999999,0.0396,0.0,0.0,0.055816870267265055,0.0,0.0,0.006981317007977318,0.0,0.0,0.6170985569551379,sine,2,0.2,0.5,28,56,4.090030908584595,0.0
1779527525.2933486,0.0,0.0,0.006981317007977318,0.0,0.0,0.6170985569551379,-0.0396,1.1483999999999999,0.9107999999999999,0.0,0.0,0.061804339182437454,0.0,0.0,0.012217304763960306,0.0,0.0,0.6150207840360971,sine,2,0.2,0.5,28,56,4.100001573562622,0.0
1779527525.303357,0.0,0.0,0.012217304763960306,0.0,0.0,0.6150207840360971,0.0,1.1880000000000002,0.1188,0.0,0.0,0.06774949528124685,0.0,0.0,0.019198621771937627,0.0,0.0,0.6108652381980153,sine,2,0.2,0.5,28,56,4.110003232955933,0.0
1779527525.313348,0.0,0.0,0.019198621771937627,0.0,0.0,0.6108652381980153,-0.0792,1.2672,1.0692,0.0,0.0,0.0736316685058535,0.0,0.0,0.02617993877991494,0.0,0.0,0.6087874652789744,sine,2,0.2,0.5,28,56,4.120011568069458,0.0
1779527525.3233464,0.0,0.0,0.02617993877991494,0.0,0.0,0.6087874652789744,0.0,1.2672,0.2376,0.0,0.0,0.07943115641994003,0.0,0.0,0.031415926535897934,0.0,-0.0020777729190408684,0.6046319194408927,sine,2,0.2,0.5,28,56,4.130002737045288,0.0
1779527525.3333433,0.0,0.0,0.031415926535897934,0.0,-0.0020777729190408684,0.6046319194408927,0.0,1.2276,1.1483999999999999,0.0,0.0,0.08515646013516837,0.0,0.0,0.038397243543875255,0.0,0.0,0.6025541465218518,sine,2,0.2,0.5,28,56,4.140001058578491,0.0
1779527525.3433514,0.0,0.0,0.038397243543875255,0.0,0.0,0.6025541465218518,-0.0396,1.1483999999999999,0.2376,0.0,0.0,0.09079695205859827,0.0,0.0,0.04363323129985824,0.0,0.0,0.6046319194408927,sine,2,0.2,0.5,28,56,4.14999794960022,0.0
1779527525.353346,0.0,0.0,0.04363323129985824,0.0,0.0,0.6046319194408927,-0.0396,1.2672,1.1088000000000002,0.0,0.0,0.09635406389142018,0.0,0.0,0.050614548307835565,0.0,-0.0020777729190408684,0.6004763736028109,sine,2,0.2,0.5,28,56,4.160006046295166,0.0
1779527525.363374,0.0,0.0,0.050614548307835565,0.0,-0.0020777729190408684,0.6004763736028109,0.0,1.3068,0.1584,0.0,0.0,0.10180871123579008,0.0,0.0,0.05585053606381855,0.0,0.0,0.5942430548456884,sine,2,0.2,0.5,28,56,4.170000791549683,0.0
1779527525.3734932,0.0,0.0,0.05585053606381855,0.0,0.0,0.5942430548456884,0.0,1.1483999999999999,0.8316,0.0,0.0,0.10718057189966174,0.0,0.0,0.061086523819801536,0.0,0.0,0.5880097360885658,sine,2,0.2,0.5,28,56,4.180028676986694,0.0
1779527525.3833807,0.0,0.0,0.061086523819801536,0.0,0.0,0.5880097360885658,0.0,1.1880000000000002,0.4752,0.0,0.0,0.11249351054935129,0.0,0.0,0.06806784082777886,0.0,-0.0020777729190408684,0.5796986444124023,sine,2,0.2,0.5,28,56,4.190147876739502,0.0
1779527525.3933458,0.0,0.0,0.06806784082777886,0.0,-0.0020777729190408684,0.5796986444124023,-0.0396,1.2672,0.792,0.0,0.0,0.11757501053978457,0.0,0.0,0.06806784082777886,0.0,-0.0020777729190408684,0.5796986444124023,sine,2,0.2,0.5,28,56,4.200035333633423,0.0
1779527525.4033492,0.0,0.0,0.06806784082777886,0.0,-0.0020777729190408684,0.5796986444124023,-0.0396,1.2672,0.792,0.0,0.0,0.12258166640410997,0.0,0.0,0.07853981633974483,-0.0020777729190408684,0.0020777729190408684,0.5755430985743205,sine,2,0.2,0.5,28,56,4.210000514984131,0.0
1779527525.4133458,0.0,0.0,0.07853981633974483,-0.0020777729190408684,0.0020777729190408684,0.5755430985743205,0.0,1.2276,0.5148,0.0,0.0,0.12748665859225003,0.0,0.0,0.08552113334772216,0.0,0.0020777729190408684,0.5693097798171979,sine,2,0.2,0.5,28,56,4.220003843307495,0.0
1779527525.4233696,0.0,0.0,0.08552113334772216,0.0,0.0020777729190408684,0.5693097798171979,0.0396,1.2276,0.35639999999999994,0.0,0.0,0.1322626067915636,0.0,0.0,0.09075712110370514,0.0,0.0,0.5589209152219936,sine,2,0.2,0.5,28,56,4.2300004959106445,0.0
1779527525.4333475,0.0,0.0,0.09075712110370514,0.0,0.0,0.5589209152219936,0.0,1.1880000000000002,0.198,0.0,0.0,0.13692056371198844,0.0,0.0,0.09599310885968812,0.0,0.0,0.5464542777077483,sine,2,0.2,0.5,28,56,4.2400243282318115,0.0
1779527525.4433672,0.0,0.0,0.09599310885968812,0.0,0.0,0.5464542777077483,0.0,1.2276,0.6336,0.0,0.0,0.14142230957334967,0.0,0.0,0.10122909661567113,0.0,0.0,0.5402209589506258,sine,2,0.2,0.5,28,56,4.250002145767212,0.0
1779527525.4533412,0.0,0.0,0.10122909661567113,0.0,0.0,0.5402209589506258,0.0,1.2672,0.0396,0.0,0.0,0.14580315536798955,0.0,0.0,0.10646508437165411,0.0,0.0,0.5235987755982988,sine,2,0.2,0.5,28,56,4.260021924972534,0.0
1779527525.4633565,0.0,0.0,0.10646508437165411,0.0,0.0,0.5235987755982988,0.0,1.3068,0.8712,0.0,0.0,0.15002052186010317,0.0,0.0,0.1117010721276371,0.0,0.0,0.5090543651650128,sine,2,0.2,0.5,28,56,4.269995927810669,0.0
1779527525.4733462,0.0,0.0,0.1117010721276371,0.0,0.0,0.5090543651650128,0.0,1.1483999999999999,0.5940000000000001,0.0,0.0,0.1541071249331719,0.0,0.0,0.11693705988362009,0.0,0.0,0.5069765922459719,sine,2,0.2,0.5,28,56,4.280011177062988,0.0
1779527525.4833457,0.0,0.0,0.11693705988362009,0.0,0.0,0.5069765922459719,0.0,1.2672,0.6336,0.0,0.0,0.15803135504485116,0.0,0.0,0.12217304763960307,0.0,0.0,0.504898819326931,sine,2,0.2,0.5,28,56,4.290000915527344,0.0
1779527525.4933472,0.0,0.0,0.12217304763960307,0.0,0.0,0.504898819326931,0.0,1.2672,0.1188,0.0,0.0,0.16180355736823224,0.0,0.0,0.12566370614359174,0.0,0.0,0.48204331721748145,sine,2,0.2,0.5,28,56,4.300000429153442,0.0
1779527525.5033524,0.0,0.0,0.12566370614359174,0.0,0.0,0.48204331721748145,0.0,1.2276,0.0792,0.0,0.0,0.1654167682570788,0.0,0.0,0.1308996938995747,0.0,0.0,0.4654211338651545,sine,2,0.2,0.5,28,56,4.310001850128174,0.0
1779527525.5133452,0.0,0.0,0.1308996938995747,0.0,0.0,0.4654211338651545,0.0,1.1483999999999999,1.0296,0.0,0.0,0.16886797063423015,0.0,0.0,0.13613568165555773,0.0,0.0,0.45503226926995016,sine,2,0.2,0.5,28,56,4.320007085800171,0.0
1779527525.5233722,0.0,0.0,0.13613568165555773,0.0,0.0,0.45503226926995016,0.0,1.1880000000000002,0.1584,0.0,0.0,0.17214838099891644,0.0,0.0,0.13962634015954636,0.0,0.0,0.44464340467474583,sine,2,0.2,0.5,28,56,4.329999923706055,0.0
1779527525.5333476,0.0,0.0,0.13962634015954636,0.0,0.0,0.44464340467474583,0.0,1.1880000000000002,0.2376,0.0,0.0,0.17526946439468372,0.0,0.0,0.14486232791552936,0.0,0.0,0.4363323129985824,sine,2,0.2,0.5,28,56,4.34002685546875,0.0
1779527525.5433483,0.0,0.0,0.14486232791552936,0.0,0.0,0.4363323129985824,0.0,1.2276,0.6336,0.0,0.0,0.17820195771997716,0.0,0.0,0.14835298641951802,0.0020777729190408684,0.0,0.40932126505105104,sine,2,0.2,0.5,28,56,4.350002288818359,0.0
1779527525.5533562,0.0,0.0,0.14835298641951802,0.0020777729190408684,0.0,0.40932126505105104,0.0,1.1880000000000002,0.3168,0.0,0.0,0.18096621159885795,0.0,0.0,0.1518436449235067,0.0,0.0,0.4072434921320102,sine,2,0.2,0.5,28,56,4.3600029945373535,0.0
1779527525.5633457,0.0,0.0,0.1518436449235067,0.0,0.0,0.4072434921320102,0.0,1.3464,0.27720000000000006,0.0,0.0,0.18355363319109508,0.0,0.0,0.15707963267948966,0.0,0.0020777729190408684,0.39062130877968326,sine,2,0.2,0.5,28,56,4.370010852813721,0.0
1779527525.5733495,0.0,0.0,0.15707963267948966,0.0,0.0020777729190408684,0.39062130877968326,0.0,1.4255999999999998,0.792,0.0,0.0,0.18595537879375357,0.0,0.0,0.16057029118347835,0.0,0.0,0.35737694207502935,sine,2,0.2,0.5,28,56,4.380000352859497,0.0
1779527525.5833466,0.0,0.0,0.16057029118347835,0.0,0.0,0.35737694207502935,0.0,1.2672,0.6336,0.0,0.0,0.18817703874827976,0.0,0.0,0.16406094968746698,0.0,0.0,0.3677658066702337,sine,2,0.2,0.5,28,56,4.3900041580200195,0.0
1779527525.5933626,0.0,0.0,0.16406094968746698,0.0,0.0,0.3677658066702337,0.0,1.3860000000000001,-0.2376,0.0,0.0,0.1902115532321932,0.0,0.0,0.16755160819145565,0.0,0.0,0.3262103482894163,sine,2,0.2,0.5,28,56,4.400001287460327,0.0
1779527525.6033466,0.0,0.0,0.16755160819145565,0.0,0.0,0.3262103482894163,0.0,1.3464,1.1483999999999999,0.0,0.0,0.1920617610419613,0.0,0.0,0.1710422666954443,0.0,0.0,0.33867698580366157,sine,2,0.2,0.5,28,56,4.410017251968384,0.0
1779527525.6133475,0.0,0.0,0.1710422666954443,0.0,0.0,0.33867698580366157,0.0,1.1880000000000002,0.3168,0.0,0.0,0.1937168304178317,0.0,0.0,0.17278759594743864,0.0,0.0,0.2950437545038033,sine,2,0.2,0.5,28,56,4.420001268386841,0.0
1779527525.6233432,0.0,0.0,0.17278759594743864,0.0,0.0,0.2950437545038033,0.0,1.2672,0.198,0.0,0.0,0.19518365563924372,0.0,0.0,0.1762782544514273,0.0,0.0,0.2950437545038033,sine,2,0.2,0.5,28,56,4.430002212524414,0.0
1779527525.6333644,0.0,0.0,0.1762782544514273,0.0,0.0,0.2950437545038033,0.0,1.2276,-0.0396,0.0,0.0,0.19645720424613888,0.0,0.0,0.17802358370342164,0.0,0.0,0.2617993877991494,sine,2,0.2,0.5,28,56,4.439997911453247,0.0
1779527525.6433437,0.0,0.0,0.17802358370342164,0.0,0.0,0.2617993877991494,0.0,1.1880000000000002,0.9107999999999999,0.0,0.0,0.19753954719529396,0.0,0.0,0.18151424220741028,0.0,0.0,0.25764384196106765,sine,2,0.2,0.5,28,56,4.450019121170044,0.0
1779527525.6533458,0.0,0.0,0.18151424220741028,0.0,0.0,0.25764384196106765,0.0,1.2276,0.6336,0.0,0.0,0.19842281183743962,0.0,0.0,0.1832595714594046,0.0,0.0,0.23271056693257725,sine,2,0.2,0.5,28,56,4.459998369216919,0.0
1779527525.663361,0.0,0.0,0.1832595714594046,0.0,0.0,0.23271056693257725,0.0,1.2276,0.4752,0.0,0.0,0.19911242280746758,0.0,0.0,0.18500490071139894,0.0,0.0,0.21401061066120944,sine,2,0.2,0.5,28,56,4.470000505447388,0.0
1779527525.6733832,0.0,0.0,0.18500490071139894,0.0,0.0,0.21401061066120944,0.0,1.2672,0.0396,0.0,0.0,0.19960596700261823,0.0,0.0,0.18849555921538758,0.0,0.0,0.20569951898504596,sine,2,0.2,0.5,28,56,4.480015754699707,0.0
1779527525.6833458,0.0,0.0,0.18849555921538758,0.0,0.0,0.20569951898504596,-0.0396,1.2672,-0.198,0.0,0.0,0.19990205900481045,0.0,0.0,0.19024088846738194,0.0,0.0,0.17453292519943295,sine,2,0.2,0.5,28,56,4.49003791809082,0.0
1779527525.6933465,0.0,0.0,0.19024088846738194,0.0,0.0,0.17453292519943295,0.0,1.3860000000000001,0.4356,0.0,0.0,0.1999999999997756,0.0,0.0,0.19024088846738194,0.0,0.0,0.157910741847106,sine,2,0.2,0.5,28,56,4.500000476837158,0.0
1779527525.7033463,0.0,0.0,0.19024088846738194,0.0,0.0,0.157910741847106,0.0,1.3860000000000001,0.8712,0.0,0.0,0.19990128873288351,0.0,0.0,0.19198621771937624,0.0,0.0,0.14544410433286079,sine,2,0.2,0.5,28,56,4.510001182556152,0.0
1779527525.7133713,0.0,0.0,0.19198621771937624,0.0,0.0,0.14544410433286079,0.0,1.3860000000000001,0.8316,0.0,0.0,0.19960530881250427,0.0,0.0,0.1937315469713706,0.0,-0.0020777729190408684,0.1308996938995747,sine,2,0.2,0.5,28,56,4.52000093460083,0.0
1779527525.7233474,0.0,0.0,0.1937315469713706,0.0,-0.0020777729190408684,0.1308996938995747,-0.0396,1.3464,0.5940000000000001,0.0,0.0,0.19911085730200923,0.0,0.0,0.1954768762233649,0.0,0.0,0.10596641887108428,sine,2,0.2,0.5,28,56,4.530025959014893,0.0
1779527525.7333438,0.0,0.0,0.1954768762233649,0.0,0.0,0.10596641887108428,0.0,1.2672,0.4752,0.0,0.0,0.1984227742851527,0.0,0.0,0.1954768762233649,0.0,0.0,0.07479982508547126,sine,2,0.2,0.5,28,56,4.540002107620239,0.0
1779527525.7433457,0.0,0.0,0.1954768762233649,0.0,0.0,0.07479982508547126,0.0,1.4255999999999998,0.7524000000000001,0.0,0.0,0.197537813409698,0.0,0.0,0.1954768762233649,0.0,0.0,0.06025541465218518,sine,2,0.2,0.5,28,56,4.54999852180481,0.0
1779527525.7533731,0.0,0.0,0.1954768762233649,0.0,0.0,0.06025541465218518,0.0,1.2672,0.5148,0.0,0.0,0.1964574007419311,0.0,0.0,0.19722220547535924,0.0,0.0,0.035322139623694765,sine,2,0.2,0.5,28,56,4.560000419616699,0.0
1779527525.7633455,0.0,0.0,0.19722220547535924,0.0,0.0,0.035322139623694765,0.0396,1.3860000000000001,0.8316,0.0,0.0,0.1951795374107344,0.0,0.0,0.19722220547535924,0.0,0.0,0.035322139623694765,sine,2,0.2,0.5,28,56,4.570027828216553,0.0
1779527525.7733464,0.0,0.0,0.19722220547535924,0.0,0.0,0.035322139623694765,0.0,1.3860000000000001,0.1188,0.0,0.0,0.19371660689267906,0.0,0.0,0.19722220547535924,0.0,0.0,0.010388864595204342,sine,2,0.2,0.5,28,56,4.580000162124634,0.0
1779527525.7833447,0.0,0.0,0.19722220547535924,0.0,0.0,0.010388864595204342,-0.0396,1.2672,0.198,0.0,0.0,0.1920585432116834,0.0,0.0,0.19722220547535924,0.0,0.0,0.0,sine,2,0.2,0.5,28,56,4.590001106262207,0.0
1779527525.7933438,0.0,0.0,0.19722220547535924,0.0,0.0,0.0,0.0,1.3860000000000001,-0.0396,0.0,0.0,0.19021141435859823,0.0,0.0,0.19722220547535924,0.0,0.0,-0.018699956271367814,sine,2,0.2,0.5,28,56,4.59999942779541,0.0
1779527525.8033528,0.0,0.0,0.19722220547535924,0.0,0.0,-0.018699956271367814,-0.0396,1.4255999999999998,0.1584,0.0,0.0,0.18817648057932526,0.0,0.0,0.1954768762233649,-0.0020777729190408684,0.0,-0.04363323129985824,sine,2,0.2,0.5,28,56,4.609998464584351,0.0
1779527525.8133464,0.0,0.0,0.1954768762233649,-0.0020777729190408684,0.0,-0.04363323129985824,0.0,1.3860000000000001,-0.1188,0.0,0.0,0.1859535589209781,0.0,0.0,0.1954768762233649,0.0,-0.0020777729190408684,-0.05194432297602171,sine,2,0.2,0.5,28,56,4.620007514953613,0.0
1779527525.8233447,0.0,0.0,0.1954768762233649,0.0,-0.0020777729190408684,-0.05194432297602171,0.0,1.3860000000000001,0.3168,0.0,0.0,0.18355065860322295,0.0,0.0,0.1954768762233649,0.0,0.0,-0.07687759800451213,sine,2,0.2,0.5,28,56,4.630001068115234,0.0
1779527525.833345,0.0,0.0,0.1954768762233649,0.0,0.0,-0.07687759800451213,0.0,1.2672,0.1584,0.0,0.0,0.18096557377718459,0.0,0.0,0.1937315469713706,0.0,0.0,-0.10181087303300256,sine,2,0.2,0.5,28,56,4.6399993896484375,0.0
1779527525.8433917,0.0,0.0,0.1937315469713706,0.0,0.0,-0.10181087303300256,-0.0396,1.2276,0.0,0.0,0.0,0.1782014136520308,0.0,0.0,0.19198621771937624,0.0,0.0,-0.12258860222341124,sine,2,0.2,0.5,28,56,4.649999618530273,0.0
1779527525.8533478,0.0,0.0,0.19198621771937624,0.0,0.0,-0.12258860222341124,0.0,1.4255999999999998,0.0396,0.0,0.0,0.1752473075685404,0.0,0.0,0.19024088846738194,0.0,0.0,-0.15375519600902426,sine,2,0.2,0.5,28,56,4.660046339035034,0.0
1779527525.863348,0.0,0.0,0.19024088846738194,0.0,0.0,-0.15375519600902426,0.0,1.4652,-0.0792,0.0,0.0,0.1721476184354271,0.0,0.0,0.18849555921538758,0.0,0.0,-0.16622183352326947,sine,2,0.2,0.5,28,56,4.670002460479736,0.0
1779527525.8733459,0.0,0.0,0.18849555921538758,0.0,0.0,-0.16622183352326947,0.0,1.3464,0.4356,0.0,0.0,0.16886467966727212,0.0,0.0,0.1867502299633933,0.0,0.0,-0.17868847103751467,sine,2,0.2,0.5,28,56,4.680002689361572,0.0
1779527525.883363,0.0,0.0,0.1867502299633933,0.0,0.0,-0.17868847103751467,0.0,1.2672,0.8712,0.0,0.0,0.16541592624293844,0.0,0.0,0.18500490071139894,0.0,0.0,-0.20569951898504596,sine,2,0.2,0.5,28,56,4.690000534057617,0.0
1779527525.8933668,0.0,0.0,0.18500490071139894,0.0,0.0,-0.20569951898504596,-0.0396,1.3860000000000001,0.5544000000000001,0.0,0.0,0.1617968651753683,0.0,0.0,0.1832595714594046,-0.0020777729190408684,-0.0020777729190408684,-0.22232170233737292,sine,2,0.2,0.5,28,56,4.700017690658569,0.0
1779527525.903357,0.0,0.0,0.1832595714594046,-0.0020777729190408684,-0.0020777729190408684,-0.22232170233737292,0.0792,1.3464,0.0792,0.0,0.0,0.15802272405639195,0.0,0.0,0.17976891295541597,0.0,0.0,-0.236866112770659,sine,2,0.2,0.5,28,56,4.710021495819092,0.0
1779527525.913346,0.0,0.0,0.17976891295541597,0.0,0.0,-0.236866112770659,-0.0396,1.3068,0.0,0.0,0.0,0.15409795808493443,0.0,0.0,0.17802358370342164,0.0,0.0,-0.2617993877991494,sine,2,0.2,0.5,28,56,4.7200117111206055,0.0
1779527525.923451,0.0,0.0,0.17802358370342164,0.0,0.0,-0.2617993877991494,0.0,1.3464,0.1188,0.0,0.0,0.150021908801253,0.0,0.0,0.17453292519943295,0.0,0.0,-0.26595493363723116,sine,2,0.2,0.5,28,56,4.730000734329224,0.0
1779527525.93335,0.0,0.0,0.17453292519943295,0.0,0.0,-0.26595493363723116,0.0,1.2276,0.792,0.0,0.0,0.1457482849989781,0.0,0.0,0.1710422666954443,0.0,0.0,-0.299199300341885,sine,2,0.2,0.5,28,56,4.740105628967285,0.0
1779527525.943348,0.0,0.0,0.1710422666954443,0.0,0.0,-0.299199300341885,0.0,1.4255999999999998,0.35639999999999994,0.0,0.0,0.14141923768976705,0.0,0.0,0.16929693744344998,0.0,0.0,-0.3012770732609259,sine,2,0.2,0.5,28,56,4.750004768371582,0.0
1779527525.953346,0.0,0.0,0.16929693744344998,0.0,0.0,-0.3012770732609259,0.0,1.2276,0.2376,0.0,0.0,0.13690822433213945,0.0,0.0,0.1658062789394613,0.0,0.0,-0.3365992128846207,sine,2,0.2,0.5,28,56,4.760002613067627,0.0
1779527525.9633427,0.0,0.0,0.1658062789394613,0.0,0.0,-0.3365992128846207,0.0396,1.2672,-0.0396,0.0,0.0,0.13226204494767288,0.0,0.0,0.16231562043547265,0.0,0.0,-0.33036589412749806,sine,2,0.2,0.5,28,56,4.770000696182251,0.0
1779527525.9733465,0.0,0.0,0.16231562043547265,0.0,0.0,-0.33036589412749806,-0.0396,1.2276,1.0296,0.0,0.0,0.12748608147187132,0.0,0.0,0.158824961931484,-0.0020777729190408684,0.0,-0.3739991254273563,sine,2,0.2,0.5,28,56,4.7799973487854,0.0
1779527525.9834464,0.0,0.0,0.158824961931484,-0.0020777729190408684,0.0,-0.3739991254273563,0.0396,1.3464,-0.0396,0.0,0.0,0.12258083783136942,0.0,0.0,0.15533430342749532,0.0020777729190408684,0.0,-0.35529916915598847,sine,2,0.2,0.5,28,56,4.790001153945923,0.0
1779527525.9933465,0.0,0.0,0.15533430342749532,0.0020777729190408684,0.0,-0.35529916915598847,0.0,1.2672,0.7127999999999999,0.0,0.0,0.11750568293470257,0.0,0.0,0.15009831567151233,0.0,0.0,-0.39685462753680584,sine,2,0.2,0.5,28,56,4.800101041793823,0.0
1779527526.0033622,0.0,0.0,0.15009831567151233,0.0,0.0,-0.39685462753680584,0.0396,1.4652,0.35639999999999994,0.0,0.0,0.11241608581049443,0.0,0.0,0.1466076571675237,0.0,0.0,-0.39685462753680584,sine,2,0.2,0.5,28,56,4.8100011348724365,0.0
1779527526.013357,0.0,0.0,0.1466076571675237,0.0,0.0,-0.39685462753680584,0.0,1.2276,0.7524000000000001,0.0,0.0,0.10715641398913299,0.0,0.0,0.14311699866353503,0.0,0.0,-0.41555458380817367,sine,2,0.2,0.5,28,56,4.820016860961914,0.0
1779527526.0233634,0.0,0.0,0.14311699866353503,0.0,0.0,-0.41555458380817367,0.0,1.3860000000000001,0.1188,0.0,0.0,0.10180200620650635,0.0,0.0,0.13788101090755203,0.0,0.0020777729190408684,-0.4342545400795415,sine,2,0.2,0.5,28,56,4.830011606216431,0.0
1779527526.0333464,0.0,0.0,0.13788101090755203,0.0,0.0020777729190408684,-0.4342545400795415,0.0,1.3068,0.5940000000000001,0.0,0.0,0.09634080516054434,0.0,0.0,0.13264502315156904,0.0,0.0,-0.4467211775937867,sine,2,0.2,0.5,28,56,4.840018033981323,0.0
1779527526.0435638,0.0,0.0,0.13264502315156904,0.0,0.0,-0.4467211775937867,0.0,1.3068,0.35639999999999994,0.0,0.0,0.09079748596107214,0.0,0.0,0.12915436464758037,0.0,0.0,-0.4591878151080319,sine,2,0.2,0.5,28,56,4.850001096725464,0.0
1779527526.0533535,0.0,0.0,0.12915436464758037,0.0,0.0,-0.4591878151080319,0.0,1.4652,-0.1188,0.0,0.0,0.08503160254726856,0.0,0.0,0.1239183768915974,0.0,0.0,-0.4612655880270728,sine,2,0.2,0.5,28,56,4.860218524932861,0.0
1779527526.063348,0.0,0.0,0.1239183768915974,0.0,0.0,-0.4612655880270728,0.0,1.3464,1.1880000000000002,0.0,0.0,0.07942483221406747,0.0,0.0,0.11868238913561442,0.0,0.0,-0.4882766359746041,sine,2,0.2,0.5,28,56,4.870008230209351,0.0
1779527526.0733898,0.0,0.0,0.11868238913561442,0.0,0.0,-0.4882766359746041,0.0,1.3860000000000001,-0.1188,0.0,0.0,0.07362331156386459,0.0,0.0,0.11344640137963143,0.0,0.0,-0.5069765922459719,sine,2,0.2,0.5,28,56,4.880002737045288,0.0
1779527526.083342,0.0,0.0,0.11344640137963143,0.0,0.0,-0.5069765922459719,0.0,1.3860000000000001,0.27720000000000006,0.0,0.0,0.06772130530739152,0.0,0.0,0.10995574287564278,0.0020777729190408684,0.0,-0.5028210464078902,sine,2,0.2,0.5,28,56,4.890044450759888,0.0
1779527526.093347,0.0,0.0,0.10995574287564278,0.0020777729190408684,0.0,-0.5028210464078902,0.0,1.3068,0.7127999999999999,0.0,0.0,0.06180533647656499,0.0,0.0,0.10471975511965977,0.0,0.0,-0.5132099110030945,sine,2,0.2,0.5,28,56,4.899996757507324,0.0
1779527526.1033463,0.0,0.0,0.10471975511965977,0.0,0.0,-0.5132099110030945,-0.0396,1.2672,0.0792,0.0,0.0,0.055797162436451754,0.0,0.0,0.09773843811168245,0.0,0.0,-0.5256765485173397,sine,2,0.2,0.5,28,56,4.910001754760742,0.0
1779527526.113346,0.0,0.0,0.09773843811168245,0.0,0.0,-0.5256765485173397,-0.0396,1.3068,1.0692,0.0,0.0,0.049737350615914916,0.0,0.0,0.09250245035569947,0.0,0.0020777729190408684,-0.5402209589506258,sine,2,0.2,0.5,28,56,4.920001029968262,0.0
1779527526.1233668,0.0,0.0,0.09250245035569947,0.0,0.0020777729190408684,-0.5402209589506258,0.0,1.4255999999999998,-0.0396,0.0,0.0,0.04362816875933245,0.0,0.0,0.08726646259971647,-0.0020777729190408684,0.0,-0.5485320506267892,sine,2,0.2,0.5,28,56,4.9300007820129395,0.0
1779527526.1333702,0.0,0.0,0.08726646259971647,-0.0020777729190408684,0.0,-0.5485320506267892,0.0,1.3860000000000001,0.8712,0.0,0.0,0.037462984070443975,0.0,0.0,0.08203047484373349,0.0020777729190408684,-0.0020777729190408684,-0.5589209152219936,sine,2,0.2,0.5,28,56,4.940021514892578,0.0
1779527526.1433887,0.0,0.0,0.08203047484373349,0.0020777729190408684,-0.0020777729190408684,-0.5589209152219936,0.0,1.2276,0.0,0.0,0.0,0.03127147563810064,0.0,0.0,0.07679448708775051,0.0,0.0,-0.5713875527362388,sine,2,0.2,0.5,28,56,4.950024843215942,0.0
1779527526.1533475,0.0,0.0,0.07679448708775051,0.0,0.0,-0.5713875527362388,-0.0396,1.4652,0.396,0.0,0.0,0.02503957357417741,0.0,0.0,0.06981317007977318,0.0,0.0,-0.5734653256552796,sine,2,0.2,0.5,28,56,4.960043430328369,0.0
1779527526.1633484,0.0,0.0,0.06981317007977318,0.0,0.0,-0.5734653256552796,0.0792,1.3464,0.1584,0.0,0.0,0.018820302524876056,0.0,0.0,0.06457718232379019,0.0020777729190408684,0.0,-0.5776208714933614,sine,2,0.2,0.5,28,56,4.970002174377441,0.0
1779527526.1733725,0.0,0.0,0.06457718232379019,0.0020777729190408684,0.0,-0.5776208714933614,0.0,1.4255999999999998,0.2376,0.0,0.0,0.012556148350957256,0.0,0.0,0.05934119456780721,0.0,0.0,-0.5796986444124023,sine,2,0.2,0.5,28,56,4.980003118515015,0.0
1779527526.1833649,0.0,0.0,0.05934119456780721,0.0,0.0,-0.5796986444124023,0.0,1.3860000000000001,0.5544000000000001,0.0,0.0,0.006265076709808516,0.0,0.0,0.05235987755982988,0.0,0.0,-0.5880097360885658,sine,2,0.2,0.5,28,56,4.990027189254761,0.0
1779527526.1933455,0.0,0.0,0.05235987755982988,0.0,0.0,-0.5880097360885658,0.0,1.3068,0.35639999999999994,0.0,0.0,-1.2283830520202618e-05,0.0,0.0,0.047123889803846894,0.0,0.0,-0.5942430548456884,sine,2,0.2,0.5,28,56,5.000019550323486,0.0
1779527526.2033463,0.0,0.0,0.047123889803846894,0.0,0.0,-0.5942430548456884,0.0,1.3860000000000001,0.5940000000000001,0.0,0.0,-0.006282295555360794,0.0,0.0,0.04014257279586959,0.0,0.0,-0.6025541465218518,sine,2,0.2,0.5,28,56,5.010000228881836,0.0
1779527526.2133517,0.0,0.0,0.04014257279586959,0.0,0.0,-0.6025541465218518,0.0,1.4255999999999998,0.2376,0.0,0.0,-0.012558689974070399,0.0,0.0,0.03490658503988659,0.0,0.0,-0.6046319194408927,sine,2,0.2,0.5,28,56,5.02000093460083,0.0
1779527526.2233498,0.0,0.0,0.03490658503988659,0.0,0.0,-0.6046319194408927,0.0,1.3068,0.5940000000000001,0.0,0.0,-0.018825671488820667,0.0,0.0,0.027925268031909273,0.0,0.0,-0.6087874652789744,sine,2,0.2,0.5,28,56,5.030006408691406,0.0
1779527526.2333465,0.0,0.0,0.027925268031909273,0.0,0.0,-0.6087874652789744,0.0,1.4255999999999998,0.3168,0.0,0.0,-0.025069446740770152,0.0,0.0,0.022689280275926284,0.0,0.0,-0.6046319194408927,sine,2,0.2,0.5,28,56,5.04000449180603,0.0
1779527526.243349,0.0,0.0,0.022689280275926284,0.0,0.0,-0.6046319194408927,0.0,1.2672,0.8712,0.0,0.0,-0.03128760320859639,0.0,0.0,0.015707963267948967,0.0,0.0,-0.6087874652789744,sine,2,0.2,0.5,28,56,5.05000114440918,0.0
1779527526.2533484,0.0,0.0,0.015707963267948967,0.0,0.0,-0.6087874652789744,0.0,1.2672,0.396,0.0,0.0,-0.03747858198894653,0.0,0.0,0.010471975511965978,0.0020777729190408684,0.0,-0.6129430111170562,sine,2,0.2,0.5,28,56,5.060003757476807,0.0
1779527526.263347,0.0,0.0,0.010471975511965978,0.0020777729190408684,0.0,-0.6129430111170562,0.0,1.3860000000000001,0.5544000000000001,0.0,0.0,-0.04363050787867641,0.0,0.0,0.003490658503988659,0.0,0.0,-0.6150207840360971,sine,2,0.2,0.5,28,56,5.070003032684326,0.0
1779527526.2733493,0.0,0.0,0.003490658503988659,0.0,0.0,-0.6150207840360971,0.0,1.3068,0.35639999999999994,0.0,0.0,-0.04973894667683834,0.0,0.0,0.0,0.0,0.0,-0.6170985569551379,sine,2,0.2,0.5,28,56,5.080001592636108,0.0
1779527526.283344,0.0,0.0,0.0,0.0,0.0,-0.6170985569551379,0.0,1.2672,0.6732,0.0,0.0,-0.05580061494561661,0.0,0.0,-0.006981317007977318,-0.0020777729190408684,0.0,-0.6150207840360971,sine,2,0.2,0.5,28,56,5.090003967285156,0.0
1779527526.293345,0.0,0.0,-0.006981317007977318,-0.0020777729190408684,0.0,-0.6150207840360971,0.0,1.3068,0.396,0.0,0.0,-0.061802629531408464,0.0,0.0,-0.012217304763960306,0.0,0.0,-0.6108652381980153,sine,2,0.2,0.5,28,56,5.099998712539673,0.0
1779527526.3033664,0.0,0.0,-0.012217304763960306,0.0,0.0,-0.6108652381980153,0.0,1.5048000000000001,0.8712,0.0,0.0,-0.06774738108593756,0.0,0.0,-0.019198621771937627,0.0,0.0,-0.6108652381980153,sine,2,0.2,0.5,28,56,5.109999656677246,0.0
1779527526.3133464,0.0,0.0,-0.019198621771937627,0.0,0.0,-0.6108652381980153,0.0,1.2672,0.4752,0.0,0.0,-0.07363723971789606,0.0,0.0,-0.024434609527920613,0.0,0.0,-0.6087874652789744,sine,2,0.2,0.5,28,56,5.120021104812622,0.0
1779527526.3233483,0.0,0.0,-0.024434609527920613,0.0,0.0,-0.6087874652789744,0.0,1.3860000000000001,0.8316,0.0,0.0,-0.07943019404686769,0.0,0.0,-0.031415926535897934,0.0,0.0020777729190408684,-0.6087874652789744,sine,2,0.2,0.5,28,56,5.130001068115234,0.0
1779527526.3333929,0.0,0.0,-0.031415926535897934,0.0,0.0020777729190408684,-0.6087874652789744,0.0396,1.3860000000000001,0.1188,0.0,0.0,-0.0851575444970326,0.0,0.0,-0.038397243543875255,0.0,0.0,-0.6087874652789744,sine,2,0.2,0.5,28,56,5.140002965927124,0.0
1779527526.343376,0.0,0.0,-0.038397243543875255,0.0,0.0,-0.6087874652789744,0.0396,1.3068,0.8712,0.0,0.0,-0.09082471390639461,0.0,0.0,-0.04363323129985824,0.0,0.0,-0.6025541465218518,sine,2,0.2,0.5,28,56,5.150047540664673,0.0
1779527526.3533483,0.0,0.0,-0.04363323129985824,0.0,0.0,-0.6025541465218518,0.0,1.3860000000000001,0.0792,0.0,0.0,-0.09636758460350212,0.0,0.0,-0.048869219055841226,0.0020777729190408684,0.0,-0.5963208277647293,sine,2,0.2,0.5,28,56,5.1600306034088135,0.0
1779527526.3633666,0.0,0.0,-0.048869219055841226,0.0020777729190408684,0.0,-0.5963208277647293,0.0,1.2276,0.9504,0.0,0.0,-0.1018098717059489,0.0,0.0,-0.05585053606381855,0.0,0.0,-0.5880097360885658,sine,2,0.2,0.5,28,56,5.1700029373168945,0.0
1779527526.3733456,0.0,0.0,-0.05585053606381855,0.0,0.0,-0.5880097360885658,-0.0396,1.3068,0.2376,0.0,0.0,-0.10717665113135713,0.0,0.0,-0.061086523819801536,0.0,0.0,-0.5880097360885658,sine,2,0.2,0.5,28,56,5.180021286010742,0.0
1779527526.3833604,0.0,0.0,-0.061086523819801536,0.0,0.0,-0.5880097360885658,0.0396,1.3464,1.2672,0.0,0.0,-0.11241682920513162,0.0,0.0,-0.06806784082777886,0.0,0.0,-0.5859319631695249,sine,2,0.2,0.5,28,56,5.190000295639038,0.0
1779527526.3933492,0.0,0.0,-0.06806784082777886,0.0,0.0,-0.5859319631695249,0.0,1.4652,0.0,0.0,0.0,-0.11756470972565143,0.0,0.0,-0.07330382858376185,0.0,0.0,-0.5859319631695249,sine,2,0.2,0.5,28,56,5.200015068054199,0.0
1779527526.4033473,0.0,0.0,-0.07330382858376185,0.0,0.0,-0.5859319631695249,-0.0396,1.2672,0.99,0.0,0.0,-0.12258332353948204,0.0,0.0,-0.07853981633974483,0.0,0.0,-0.5755430985743205,sine,2,0.2,0.5,28,56,5.210003852844238,0.0
1779527526.4133456,0.0,0.0,-0.07853981633974483,0.0,0.0,-0.5755430985743205,0.0396,1.2672,-0.0396,0.0,0.0,-0.12748573519878545,0.0,0.0,-0.08552113334772216,-0.0020777729190408684,0.0,-0.5672320068981571,sine,2,0.2,0.5,28,56,5.220001935958862,0.0
1779527526.4233537,0.0,0.0,-0.08552113334772216,-0.0020777729190408684,0.0,-0.5672320068981571,0.0,1.4652,0.7127999999999999,0.0,0.0,-0.13226249442293386,0.0,0.0,-0.09075712110370514,0.0,0.0,-0.5609986881410345,sine,2,0.2,0.5,28,56,5.230000257492065,0.0
1779527526.433347,0.0,0.0,-0.09075712110370514,0.0,0.0,-0.5609986881410345,0.0396,1.3464,0.1188,0.0,0.0,-0.13691324756088696,0.0,0.0,-0.09599310885968812,0.0,0.0020777729190408684,-0.552687596464871,sine,2,0.2,0.5,28,56,5.240008354187012,0.0
1779527526.4433463,0.0,0.0,-0.09599310885968812,0.0,0.0020777729190408684,-0.552687596464871,0.0396,1.4255999999999998,0.198,0.0,0.0,-0.14142209772145178,0.0,0.0,-0.10122909661567113,0.0,0.0,-0.5339876401935032,sine,2,0.2,0.5,28,56,5.250001668930054,0.0
1779527526.4533455,0.0,0.0,-0.10122909661567113,0.0,0.0,-0.5339876401935032,0.0,1.4255999999999998,0.7127999999999999,0.0,0.0,-0.14579413157008134,0.0,0.0,-0.10646508437165411,0.0,0.0,-0.5194432297602171,sine,2,0.2,0.5,28,56,5.260000944137573,0.0
1779527526.4633708,0.0,0.0,-0.10646508437165411,0.0,0.0,-0.5194432297602171,0.0,1.2672,0.198,0.0,0.0,-0.15002230506712275,0.0,0.0,-0.10646508437165411,0.0,0.0,-0.5194432297602171,sine,2,0.2,0.5,28,56,5.270000219345093,0.0
1779527526.4733503,0.0,0.0,-0.10646508437165411,0.0,0.0,-0.5194432297602171,0.0,1.2672,0.198,0.0,0.0,-0.1541128538087023,0.0,0.0,-0.11693705988362009,0.0,0.0,-0.5132099110030945,sine,2,0.2,0.5,28,56,5.280025482177734,0.0
1779527526.483349,0.0,0.0,-0.11693705988362009,0.0,0.0,-0.5132099110030945,0.0396,1.4255999999999998,-0.198,0.0,0.0,-0.1580329158846472,0.0,0.0,-0.12217304763960307,0.0020777729190408684,0.0,-0.49450995473172665,sine,2,0.2,0.5,28,56,5.2900049686431885,0.0
1779527526.4933481,0.0,0.0,-0.12217304763960307,0.0020777729190408684,0.0,-0.49450995473172665,0.0396,1.2672,0.4752,0.0,0.0,-0.16180479008341417,0.0,0.0,-0.12566370614359174,0.0,0.0020777729190408684,-0.4841210901365223,sine,2,0.2,0.5,28,56,5.30000376701355,0.0
1779527526.5033464,0.0,0.0,-0.12566370614359174,0.0,0.0020777729190408684,-0.4841210901365223,0.0,1.2276,0.4356,0.0,0.0,-0.16541710506013654,0.0,0.0,-0.1308996938995747,0.0,0.0,-0.46957667970323624,sine,2,0.2,0.5,28,56,5.31000280380249,0.0
1779527526.5133436,0.0,0.0,-0.1308996938995747,0.0,0.0,-0.46957667970323624,0.0,1.3068,0.1188,0.0,0.0,-0.168865963966008,0.0,0.0,-0.13613568165555773,0.0,0.0,-0.4529544963509093,sine,2,0.2,0.5,28,56,5.320001125335693,0.0
1779527526.523345,0.0,0.0,-0.13613568165555773,0.0,0.0,-0.4529544963509093,0.0,1.2276,0.99,0.0,0.0,-0.17214784720548798,0.0,0.0,-0.13962634015954636,0.0,0.0,-0.4487989505128276,sine,2,0.2,0.5,28,56,5.329998254776001,0.0
1779527526.5333486,0.0,0.0,-0.13962634015954636,0.0,0.0,-0.4487989505128276,-0.0396,1.3464,0.0,0.0,0.0,-0.17526123786012712,0.0,0.0,-0.14486232791552936,0.0,0.0,-0.43009899424145975,sine,2,0.2,0.5,28,56,5.339999675750732,0.0
1779527526.5433607,0.0,0.0,-0.14486232791552936,0.0,0.0,-0.43009899424145975,0.0,1.4255999999999998,0.2376,0.0,0.0,-0.17820222975155084,0.0,0.0,-0.14835298641951802,0.0,0.0,-0.40516571921296934,sine,2,0.2,0.5,28,56,5.350003242492676,0.0
1779527526.553397,0.0,0.0,-0.14835298641951802,0.0,0.0,-0.40516571921296934,0.0,1.3860000000000001,1.0692,0.0,0.0,-0.18096952810789885,0.0,0.0,-0.1518436449235067,0.0,0.0020777729190408684,-0.4134768108891328,sine,2,0.2,0.5,28,56,5.360015392303467,0.0
1779527526.5633478,0.0,0.0,-0.1518436449235067,0.0,0.0020777729190408684,-0.4134768108891328,0.0,1.3068,-0.1584,0.0,0.0,-0.18356380433577876,0.0,0.0,-0.15707963267948966,0.0,0.0,-0.38023244418447893,sine,2,0.2,0.5,28,56,5.370051622390747,0.0
1779527526.5735085,0.0,0.0,-0.15707963267948966,0.0,0.0,-0.38023244418447893,0.0396,1.2276,0.198,0.0,0.0,-0.18595587510297487,0.0,0.0,-0.16057029118347835,0.0,0.0,-0.37192135250831543,sine,2,0.2,0.5,28,56,5.380002498626709,0.0
1779527526.583348,0.0,0.0,-0.16057029118347835,0.0,0.0,-0.37192135250831543,0.0,1.2672,0.7127999999999999,0.0,0.0,-0.1882108602114904,0.0,0.0,-0.16406094968746698,0.0,0.0,-0.3594547149940702,sine,2,0.2,0.5,28,56,5.39016318321228,0.0
1779527526.5933666,0.0,0.0,-0.16406094968746698,0.0,0.0,-0.3594547149940702,0.0,1.3860000000000001,0.3168,0.0,0.0,-0.19021183097650177,0.0,0.0,-0.16755160819145565,0.0,-0.0020777729190408684,-0.3345214399655798,sine,2,0.2,0.5,28,56,5.400002717971802,0.0
1779527526.603497,0.0,0.0,-0.16755160819145565,0.0,-0.0020777729190408684,-0.3345214399655798,0.0,1.2672,0.0792,0.0,0.0,-0.19206247138593002,0.0,0.0,-0.1710422666954443,0.0,0.0,-0.33244366704653894,sine,2,0.2,0.5,28,56,5.4100213050842285,0.0
1779527526.6135008,0.0,0.0,-0.1710422666954443,0.0,0.0,-0.33244366704653894,0.0,1.3068,0.1188,0.0,0.0,-0.19374031597049426,0.0,0.0,-0.17278759594743864,0.0,0.0,-0.299199300341885,sine,2,0.2,0.5,28,56,5.420151710510254,0.0
1779527526.623345,0.0,0.0,-0.17278759594743864,0.0,0.0,-0.299199300341885,0.0792,1.2276,0.8712,0.0,0.0,-0.19520464460495615,0.0,0.0,-0.1762782544514273,0.0,-0.0020777729190408684,-0.2971215274228442,sine,2,0.2,0.5,28,56,5.430155515670776,0.0
1779527526.6333818,0.0,0.0,-0.1762782544514273,0.0,-0.0020777729190408684,-0.2971215274228442,-0.0396,1.2672,0.0792,0.0,0.0,-0.196457400741931,0.0,0.0,-0.17802358370342164,0.0,0.0,-0.25972161488010853,sine,2,0.2,0.5,28,56,5.439999580383301,0.0
1779527526.643347,0.0,0.0,-0.17802358370342164,0.0,0.0,-0.25972161488010853,0.0,1.2276,0.198,0.0,0.0,-0.19754125695672856,0.0,0.0,-0.18151424220741028,0.0,0.0,-0.2617993877991494,sine,2,0.2,0.5,28,56,5.450036525726318,0.0
1779527526.653348,0.0,0.0,-0.18151424220741028,0.0,0.0,-0.2617993877991494,0.0396,1.3068,-0.198,0.0,0.0,-0.19842307469098058,0.0,0.0,-0.1832595714594046,0.0,0.0,-0.23271056693257725,sine,2,0.2,0.5,28,56,5.460001707077026,0.0
1779527526.6635058,0.0,0.0,-0.1832595714594046,0.0,0.0,-0.23271056693257725,0.0,1.2672,0.6336,0.0,0.0,-0.19911254968002123,0.0,0.0,-0.18500490071139894,0.0,0.0,-0.20777729190408684,sine,2,0.2,0.5,28,56,5.4700026512146,0.0
1779527526.673424,0.0,0.0,-0.18500490071139894,0.0,0.0,-0.20777729190408684,0.0,1.3860000000000001,1.0692,0.0,0.0,-0.1996116514418216,0.0,0.0,-0.18849555921538758,0.0,0.0,-0.20777729190408684,sine,2,0.2,0.5,28,56,5.480160474777222,0.0
1779527526.6833472,0.0,0.0,-0.18849555921538758,0.0,0.0,-0.20777729190408684,0.0,1.3464,0.198,0.0,0.0,-0.19990285894195647,0.0,0.0,-0.19024088846738194,0.0,0.0020777729190408684,-0.18076624395655555,sine,2,0.2,0.5,28,56,5.490078687667847,0.0
1779527526.6935084,0.0,0.0,-0.19024088846738194,0.0,0.0020777729190408684,-0.18076624395655555,0.0396,1.4255999999999998,0.1584,0.0,0.0,-0.19999999999640947,0.0,0.0,-0.19024088846738194,0.0,0.0,-0.1516774230899834,sine,2,0.2,0.5,28,56,5.500001907348633,0.0
1779527526.7034438,0.0,0.0,-0.19024088846738194,0.0,0.0,-0.1516774230899834,0.0,1.2672,0.2376,0.0,0.0,-0.1998980675224803,0.0,0.0,-0.19198621771937624,0.0,0.0,-0.14128855849477906,sine,2,0.2,0.5,28,56,5.510163068771362,0.0
1779527526.7133605,0.0,0.0,-0.19198621771937624,0.0,0.0,-0.14128855849477906,0.0396,1.3860000000000001,0.0792,0.0,0.0,-0.19960145213240496,0.0,0.0,-0.1937315469713706,0.0,0.0,-0.12882192098053383,sine,2,0.2,0.5,28,56,5.520098447799683,0.0
1779527526.7233503,0.0,0.0,-0.1937315469713706,0.0,0.0,-0.12882192098053383,0.0,1.2276,0.0,0.0,0.0,-0.19911149213226764,0.0,0.0,-0.1954768762233649,0.0,0.0,-0.10596641887108428,sine,2,0.2,0.5,28,56,5.530015230178833,0.0
1779527526.7333486,0.0,0.0,-0.1954768762233649,0.0,0.0,-0.10596641887108428,0.0,1.3860000000000001,0.2376,0.0,0.0,-0.19842254896208006,0.0,0.0,-0.1954768762233649,0.0,0.0,-0.078955370923553,sine,2,0.2,0.5,28,56,5.5400049686431885,0.0
1779527526.743517,0.0,0.0,-0.1954768762233649,0.0,0.0,-0.078955370923553,0.0396,1.4652,0.5940000000000001,0.0,0.0,-0.19753734471482248,0.0,0.0,-0.1954768762233649,0.0,0.0,-0.07272205216643039,sine,2,0.2,0.5,28,56,5.550003290176392,0.0
1779527526.7533677,0.0,0.0,-0.1954768762233649,0.0,0.0,-0.07272205216643039,0.0,1.3068,0.35639999999999994,0.0,0.0,-0.19643721775602868,0.0,0.0,-0.19722220547535924,0.0,0.0020777729190408684,-0.035322139623694765,sine,2,0.2,0.5,28,56,5.560171604156494,0.0
1779527526.763347,0.0,0.0,-0.19722220547535924,0.0,0.0020777729190408684,-0.035322139623694765,-0.0396,1.3860000000000001,1.0296,0.0,0.0,-0.19518028928056297,0.0,0.0,-0.19722220547535924,0.0,-0.0020777729190408684,-0.02701104794753129,sine,2,0.2,0.5,28,56,5.570022344589233,0.0
1779527526.7733717,0.0,0.0,-0.19722220547535924,0.0,-0.0020777729190408684,-0.02701104794753129,0.0,1.3860000000000001,0.792,0.0,0.0,-0.19371638336361402,0.0,0.0,-0.19722220547535924,0.0,0.0,-0.010388864595204342,sine,2,0.2,0.5,28,56,5.580001592636108,0.0
1779527526.783495,0.0,0.0,-0.19722220547535924,0.0,0.0,-0.010388864595204342,0.0,1.4652,0.6732,0.0,0.0,-0.19205411242624462,0.0,0.0,-0.19722220547535924,0.0,0.0,0.0020777729190408684,sine,2,0.2,0.5,28,56,5.590026378631592,0.0
1779527526.793347,0.0,0.0,-0.19722220547535924,0.0,0.0,0.0020777729190408684,0.0,1.2276,0.4356,0.0,0.0,-0.19018222962673936,0.0,0.0,-0.19722220547535924,0.0,0.0020777729190408684,0.02493327502849042,sine,2,0.2,0.5,28,56,5.600149631500244,0.0
1779527526.8033533,0.0,0.0,-0.19722220547535924,0.0,0.0020777729190408684,0.02493327502849042,0.0,1.2276,-0.4752,0.0,0.0,-0.18817582090863721,0.0,0.0,-0.1954768762233649,0.0,0.0020777729190408684,0.035322139623694765,sine,2,0.2,0.5,28,56,5.610001564025879,0.0
1779527526.8134792,0.0,0.0,-0.1954768762233649,0.0,0.0020777729190408684,0.035322139623694765,0.0,1.1880000000000002,0.0,0.0,0.0,-0.18595344862200697,0.0,0.0,-0.1954768762233649,0.0,0.0,0.05609986881410345,sine,2,0.2,0.5,28,56,5.6200079917907715,0.0
1779527526.8234656,0.0,0.0,-0.1954768762233649,0.0,0.0,0.05609986881410345,0.0396,1.2672,0.2376,0.0,0.0,-0.1835175042872439,0.0,0.0,-0.1954768762233649,0.0,0.0,0.06648873340930779,sine,2,0.2,0.5,28,56,5.630133867263794,0.0
1779527526.8333502,0.0,0.0,-0.1954768762233649,0.0,0.0,0.06648873340930779,0.0,1.1880000000000002,0.9107999999999999,0.0,0.0,-0.1809332229132143,0.0,0.0,-0.1937315469713706,0.0,0.0,0.10388864595204342,sine,2,0.2,0.5,28,56,5.640120267868042,0.0
1779527526.8434238,0.0,0.0,-0.1937315469713706,0.0,0.0,0.10388864595204342,0.0,1.3068,0.8316,0.0,0.0,-0.17819991743218624,0.0,0.0,-0.19198621771937624,0.0,0.0020777729190408684,0.1308996938995747,sine,2,0.2,0.5,28,56,5.650004863739014,0.0
1779527526.8533487,0.0,0.0,-0.19198621771937624,0.0,0.0020777729190408684,0.1308996938995747,0.0,1.2276,0.6732,0.0,0.0,-0.175237561405428,0.0,0.0,-0.19024088846738194,0.0,0.0,0.15583296892806514,sine,2,0.2,0.5,28,56,5.660078525543213,0.0
1779527526.8634806,0.0,0.0,-0.19024088846738194,0.0,0.0,0.15583296892806514,0.0,1.3464,0.4752,0.0,0.0,-0.1721473134073271,0.0,0.0,-0.18849555921538758,0.0,0.0,0.157910741847106,sine,2,0.2,0.5,28,56,5.670003414154053,0.0
1779527526.873367,0.0,0.0,-0.18849555921538758,0.0,0.0,0.157910741847106,-0.0396,1.3860000000000001,0.4752,0.0,0.0,-0.16882003522281425,0.0,0.0,-0.1867502299633933,0.0,0.0,0.17661069811847382,sine,2,0.2,0.5,28,56,5.680135250091553,0.0
1779527526.8833559,0.0,0.0,-0.1867502299633933,0.0,0.0,0.17661069811847382,0.0396,1.3860000000000001,0.396,0.0,0.0,-0.16540843190825336,0.0,0.0,-0.18500490071139894,0.0,0.0,0.21401061066120944,sine,2,0.2,0.5,28,56,5.690021753311157,0.0
1779527526.8933494,0.0,0.0,-0.18500490071139894,0.0,0.0,0.21401061066120944,0.0,1.3068,-0.4356,0.0,0.0,-0.16179950689307987,0.0,0.0,-0.1832595714594046,0.0,0.0,0.22024392941833204,sine,2,0.2,0.5,28,56,5.700010538101196,0.0
1779527526.9033484,0.0,0.0,-0.1832595714594046,0.0,0.0,0.22024392941833204,0.0,1.1880000000000002,0.27720000000000006,0.0,0.0,-0.15802942691325747,0.0,0.0,-0.17976891295541597,0.0,0.0,0.2306327940135364,sine,2,0.2,0.5,28,56,5.710004091262817,0.0
1779527526.9134483,0.0,0.0,-0.17976891295541597,0.0,0.0,0.2306327940135364,0.0,1.3068,0.9504,0.0,0.0,-0.1541013957463947,0.0,0.0,-0.17802358370342164,0.0,0.0,0.26595493363723116,sine,2,0.2,0.5,28,56,5.720003128051758,0.0
1779527526.9233546,0.0,0.0,-0.17802358370342164,0.0,0.0,0.26595493363723116,0.0,1.4255999999999998,0.4356,0.0,0.0,-0.14997940147025987,0.0,0.0,-0.17453292519943295,0.0,0.0,0.26803270655627204,sine,2,0.2,0.5,28,56,5.730103015899658,0.0
1779527526.9333735,0.0,0.0,-0.17453292519943295,0.0,0.0,0.26803270655627204,0.0,1.3068,0.27720000000000006,0.0,0.0,-0.1457897219839114,0.0,0.0,-0.1710422666954443,0.0,0.0,0.2971215274228442,sine,2,0.2,0.5,28,56,5.740009307861328,0.0
1779527526.9433465,0.0,0.0,-0.1710422666954443,0.0,0.0,0.2971215274228442,0.0,1.3464,-0.2376,0.0,0.0,-0.14140885634807798,0.0,0.0,-0.16929693744344998,0.0,0.0,0.299199300341885,sine,2,0.2,0.5,28,56,5.750028133392334,0.0
1779527526.953475,0.0,0.0,-0.16929693744344998,0.0,0.0,0.299199300341885,0.0,1.3860000000000001,0.8316,0.0,0.0,-0.13690887954510622,0.0,0.0,-0.1658062789394613,0.0,0.0,0.33244366704653894,sine,2,0.2,0.5,28,56,5.760001182556152,0.0
1779527526.963344,0.0,0.0,-0.1658062789394613,0.0,0.0,0.33244366704653894,0.0,1.4255999999999998,0.6336,0.0,0.0,-0.13220124248122775,0.0,0.0,-0.16231562043547265,0.0,0.0,0.33036589412749806,sine,2,0.2,0.5,28,56,5.770129680633545,0.0
1779527526.9733708,0.0,0.0,-0.16231562043547265,0.0,0.0,0.33036589412749806,0.0,1.2672,0.35639999999999994,0.0,0.0,-0.12748538892505598,0.0,0.0,-0.16231562043547265,0.0,0.0,0.33036589412749806,sine,2,0.2,0.5,28,56,5.779998779296875,0.0
1779527526.9833498,0.0,0.0,-0.16231562043547265,0.0,0.0,0.33036589412749806,0.0,1.2672,0.35639999999999994,0.0,0.0,-0.1225687639605789,0.0,0.0,-0.15533430342749532,0.0,0.0,0.363610260832152,sine,2,0.2,0.5,28,56,5.790025472640991,0.0
1779527526.9933474,0.0,0.0,-0.15533430342749532,0.0,0.0,0.363610260832152,0.0,1.4255999999999998,1.1880000000000002,0.0,0.0,-0.11755477201806058,0.0,0.0,-0.15009831567151233,0.0020777729190408684,0.0,0.3760768983463972,sine,2,0.2,0.5,28,56,5.800004482269287,0.0
1779527527.0033734,0.0,0.0,-0.15009831567151233,0.0020777729190408684,0.0,0.3760768983463972,0.0,1.3464,0.0,0.0,0.0,-0.11241559021280854,0.0,0.0,-0.1466076571675237,0.0,0.0,0.37192135250831543,sine,2,0.2,0.5,28,56,5.810002088546753,0.0
1779527527.013362,0.0,0.0,-0.1466076571675237,0.0,0.0,0.37192135250831543,0.0,1.3068,0.0396,0.0,0.0,-0.1071504690361518,0.0,0.0,-0.14311699866353503,0.0020777729190408684,0.0020777729190408684,0.40516571921296934,sine,2,0.2,0.5,28,56,5.820028066635132,0.0
1779527527.0234308,0.0,0.0,-0.14311699866353503,0.0020777729190408684,0.0020777729190408684,0.40516571921296934,0.0,1.2276,0.99,0.0,0.0,-0.10179929836244102,0.0,0.0,-0.13788101090755203,0.0,0.0,0.4404878588366641,sine,2,0.2,0.5,28,56,5.830016613006592,0.0
1779527527.0333629,0.0,0.0,-0.13788101090755203,0.0,0.0,0.4404878588366641,0.0,1.3464,0.1584,0.0,0.0,-0.09630365152259701,0.0,0.0,-0.1343903524035634,0.0,0.0,0.4529544963509093,sine,2,0.2,0.5,28,56,5.840085506439209,0.0
1779527527.043343,0.0,0.0,-0.1343903524035634,0.0,0.0,0.4529544963509093,0.0,1.3860000000000001,0.0,0.0,0.0,-0.0907882760291734,0.0,0.0,-0.12915436464758037,0.0,0.0,0.45711004218899104,sine,2,0.2,0.5,28,56,5.850017547607422,0.0
1779527527.0533502,0.0,0.0,-0.12915436464758037,0.0,0.0,0.45711004218899104,0.0,1.3860000000000001,1.1483999999999999,0.0,0.0,-0.08515713786169178,0.0,0.0,-0.1239183768915974,0.0,-0.0020777729190408684,0.4758099984603589,sine,2,0.2,0.5,28,56,5.859997749328613,0.0
1779527527.0634677,0.0,0.0,-0.1239183768915974,0.0,-0.0020777729190408684,0.4758099984603589,0.0396,1.2276,0.3168,0.0,0.0,-0.07942675698235796,0.0,0.0,-0.11868238913561442,0.0,-0.0020777729190408684,0.49035440889364496,sine,2,0.2,0.5,28,56,5.870004892349243,0.0
1779527527.0733478,0.0,0.0,-0.11868238913561442,0.0,-0.0020777729190408684,0.49035440889364496,0.0,1.4255999999999998,0.5148,0.0,0.0,-0.07355338599104602,0.0,0.0,-0.11519173063162574,-0.0020777729190408684,0.0,0.5069765922459719,sine,2,0.2,0.5,28,56,5.880122423171997,0.0
1779527527.0833461,0.0,0.0,-0.11519173063162574,-0.0020777729190408684,0.0,0.5069765922459719,0.0,1.2672,0.5148,0.0,0.0,-0.06774611256464666,0.0,0.0,-0.10995574287564278,0.0,0.0,0.5173654568411762,sine,2,0.2,0.5,28,56,5.890002489089966,0.0
1779527527.0933657,0.0,0.0,-0.10995574287564278,0.0,0.0,0.5173654568411762,0.0,1.4255999999999998,-0.0396,0.0,0.0,-0.06180291447359337,0.0,0.0,-0.10471975511965977,0.0020777729190408684,0.0,0.5132099110030945,sine,2,0.2,0.5,28,56,5.900000810623169,0.0
1779527527.1033459,0.0,0.0,-0.10471975511965977,0.0020777729190408684,0.0,0.5132099110030945,0.0,1.3464,1.0296,0.0,0.0,-0.05578594165714578,0.0,0.0,-0.0994837673636768,0.0,0.0,0.5235987755982988,sine,2,0.2,0.5,28,56,5.910020351409912,0.0
1779527527.1133475,0.0,0.0,-0.0994837673636768,0.0,0.0,0.5235987755982988,0.0,1.3464,0.5544000000000001,0.0,0.0,-0.04973764080906144,0.0,0.0,-0.09250245035569947,0.0,0.0,0.5402209589506258,sine,2,0.2,0.5,28,56,5.9200005531311035,0.0
1779527527.1233156,0.0,0.0,-0.09250245035569947,0.0,0.0,0.5402209589506258,-0.0396,1.3860000000000001,0.5940000000000001,0.0,0.0,-0.04362729158796311,0.0,0.0,-0.08726646259971647,0.0,0.0,0.5547653693839119,sine,2,0.2,0.5,28,56,5.930002212524414,0.0
1779527527.1333847,0.0,0.0,-0.08726646259971647,0.0,0.0,0.5547653693839119,0.0,1.2672,0.4356,0.0,0.0,-0.03749462111159691,0.0,0.0,-0.08203047484373349,0.0,0.0,0.5589209152219936,sine,2,0.2,0.5,28,56,5.939970254898071,0.0
1779527527.1433475,0.0,0.0,-0.08203047484373349,0.0,0.0,0.5589209152219936,0.0,1.2276,0.35639999999999994,0.0,0.0,-0.031262450026025033,0.0,0.0,-0.08203047484373349,0.0,0.0,0.5589209152219936,sine,2,0.2,0.5,28,56,5.950039386749268,0.0
1779527527.1533582,0.0,0.0,-0.08203047484373349,0.0,0.0,0.5589209152219936,0.0,1.2276,0.35639999999999994,0.0,0.0,-0.02506528533867713,0.0,0.0,-0.06981317007977318,0.0,0.0,0.5755430985743205,sine,2,0.2,0.5,28,56,5.960002183914185,0.0
1779527527.1634963,0.0,0.0,-0.06981317007977318,0.0,0.0,0.5755430985743205,0.0,1.4255999999999998,0.198,0.0,0.0,-0.01881359130070215,0.0,0.0,-0.06457718232379019,0.0,0.0,0.5630764610600754,sine,2,0.2,0.5,28,56,5.970012903213501,0.0
1779527527.1733658,0.0,0.0,-0.06457718232379019,0.0,0.0,0.5630764610600754,0.0,1.2276,0.3168,0.0,0.0,-0.012463452473242239,0.0,0.0,-0.05934119456780721,0.0,0.0,0.5339876401935032,sine,2,0.2,0.5,28,56,5.980150938034058,0.0
1779527527.1833158,0.0,0.0,-0.05934119456780721,0.0,0.0,0.5339876401935032,0.0,1.3860000000000001,0.6732,0.0,0.0,-0.006269269128664057,0.0,0.0,-0.054105206811824215,0.0,0.0,0.5817764173314431,sine,2,0.2,0.5,28,56,5.990020513534546,0.0
1779527527.1933508,0.0,0.0,-0.054105206811824215,0.0,0.0,0.5817764173314431,0.0,1.3464,0.792,0.0,0.0,-1.857554857709051e-05,0.0,0.0,-0.047123889803846894,0.0,0.0020777729190408684,0.5921652819266475,sine,2,0.2,0.5,28,56,5.999970436096191,0.0
1779527527.2034857,0.0,0.0,-0.047123889803846894,0.0,0.0020777729190408684,0.5921652819266475,0.0,1.3068,0.4356,0.0,0.0,0.0062855895900721,0.0,0.0,-0.04188790204786391,0.0,0.0,0.6067096923599336,sine,2,0.2,0.5,28,56,6.010005474090576,0.0
1779527527.2133555,0.0,0.0,-0.04188790204786391,0.0,0.0,0.6067096923599336,0.0,1.2276,0.9504,0.0,0.0,0.012646150467174364,0.0,0.0,-0.03490658503988659,0.0,0.0,0.6129430111170562,sine,2,0.2,0.5,28,56,6.0201404094696045,0.0
1779527527.223346,0.0,0.0,-0.03490658503988659,0.0,0.0,0.6129430111170562,0.0,1.4255999999999998,0.1584,0.0,0.0,0.018828057690625306,0.0,0.0,-0.029670597283903605,0.0,0.0,0.6150207840360971,sine,2,0.2,0.5,28,56,6.030010223388672,0.0
1779527527.2333634,0.0,0.0,-0.029670597283903605,0.0,0.0,0.6150207840360971,-0.0396,1.2276,0.9504,0.0,0.0,0.025067068798066545,0.0,0.0,-0.022689280275926284,0.0,0.0,0.6170985569551379,sine,2,0.2,0.5,28,56,6.040000677108765,0.0
1779527527.243471,0.0,0.0,-0.022689280275926284,0.0,0.0,0.6170985569551379,-0.0792,1.2672,0.0792,0.0,0.0,0.031298108211165965,0.0,0.0,-0.017453292519943295,0.0,0.0,0.6191763298741788,sine,2,0.2,0.5,28,56,6.050018072128296,0.0
1779527527.253346,0.0,0.0,-0.017453292519943295,0.0,0.0,0.6191763298741788,0.0,1.2672,1.0296,0.0,0.0,0.03755377241172616,0.0,0.0,-0.010471975511965978,0.0,0.0,0.6170985569551379,sine,2,0.2,0.5,28,56,6.0601255893707275,0.0
1779527527.2633479,0.0,0.0,-0.010471975511965978,0.0,0.0,0.6170985569551379,0.0,1.3464,0.0,0.0,0.0,0.04362904592982039,0.0,0.0,-0.003490658503988659,0.0,0.0,0.6212541027932197,sine,2,0.2,0.5,28,56,6.070000648498535,0.0
1779527527.2733493,0.0,0.0,-0.003490658503988659,0.0,0.0,0.6212541027932197,-0.0396,1.3860000000000001,0.99,0.0,0.0,0.04973952706179124,0.0,0.0,0.0,0.0,0.0,0.6212541027932197,sine,2,0.2,0.5,28,56,6.080002546310425,0.0
1779527527.2833455,0.0,0.0,0.0,0.0,0.0,0.6212541027932197,0.0,1.3068,0.0,0.0,0.0,0.05580061494561658,0.0,0.0,0.006981317007977318,0.0,0.0,0.6212541027932197,sine,2,0.2,0.5,28,56,6.090003967285156,0.0
1779527527.2933543,0.0,0.0,0.006981317007977318,0.0,0.0,0.6212541027932197,0.0,1.3068,1.0692,0.0,0.0,0.06180348435754704,0.0,0.0,0.012217304763960306,0.0,0.0,0.6191763298741788,sine,2,0.2,0.5,28,56,6.1000001430511475,0.0
1779527527.3033743,0.0,0.0,0.012217304763960306,0.0,0.0,0.6191763298741788,0.0,1.4255999999999998,0.0396,0.0,0.0,0.06775287797595407,0.0,0.0,0.019198621771937627,0.0,0.0,0.6129430111170562,sine,2,0.2,0.5,28,56,6.110008955001831,0.0
1779527527.3133445,0.0,0.0,0.019198621771937627,0.0,0.0,0.6129430111170562,0.0,1.4255999999999998,1.1088000000000002,0.0,0.0,0.07364183591807058,0.0,0.0,0.024434609527920613,0.0,0.0,0.6087874652789744,sine,2,0.2,0.5,28,56,6.120028972625732,0.0
1779527527.3234727,0.0,0.0,0.024434609527920613,0.0,0.0,0.6087874652789744,0.0,1.4652,0.2376,0.0,0.0,0.0794290941892546,0.0,0.0,0.031415926535897934,0.0,0.0,0.6067096923599336,sine,2,0.2,0.5,28,56,6.129999160766602,0.0
1779527527.3333592,0.0,0.0,0.031415926535897934,0.0,0.0,0.6067096923599336,0.0,1.3860000000000001,1.0692,0.0,0.0,0.08522829249810263,0.0,0.0,0.038397243543875255,0.0,0.0,0.6046319194408927,sine,2,0.2,0.5,28,56,6.140127420425415,0.0
1779527527.343347,0.0,0.0,0.038397243543875255,0.0,0.0,0.6046319194408927,0.0,1.3068,0.2376,0.0,0.0,0.09080589481752242,0.0,0.0,0.04363323129985824,0.0,0.0,0.6046319194408927,sine,2,0.2,0.5,28,56,6.1500139236450195,0.0
1779527527.3534496,0.0,0.0,0.04363323129985824,0.0,0.0,0.6046319194408927,0.0,1.3464,1.1088000000000002,0.0,0.0,0.09635170098966223,0.0,0.0,0.048869219055841226,0.0,0.0,0.6046319194408927,sine,2,0.2,0.5,28,56,6.160001754760742,0.0
1779527527.363345,0.0,0.0,0.048869219055841226,0.0,0.0,0.6046319194408927,0.0,1.4652,0.27720000000000006,0.0,0.0,0.10186466641709868,0.0,0.0,0.05585053606381855,-0.0020777729190408684,0.0,0.5942430548456884,sine,2,0.2,0.5,28,56,6.170104265213013,0.0
1779527527.3733516,0.0,0.0,0.05585053606381855,-0.0020777729190408684,0.0,0.5942430548456884,0.0,1.4255999999999998,0.8712,0.0,0.0,0.10716514144547183,0.0,0.0,0.061086523819801536,0.0,0.0,0.5900875090076066,sine,2,0.2,0.5,28,56,6.179999589920044,0.0
1779527527.383357,0.0,0.0,0.061086523819801536,0.0,0.0,0.5900875090076066,0.0,1.4652,0.4752,0.0,0.0,0.11241992665834755,0.0,0.0,0.06806784082777886,0.0,0.0,0.5817764173314431,sine,2,0.2,0.5,28,56,6.190006256103516,0.0
1779527527.3933475,0.0,0.0,0.06806784082777886,0.0,0.0,0.5817764173314431,0.0,1.4255999999999998,0.9107999999999999,0.0,0.0,0.11756301307526172,0.0,0.0,0.07330382858376185,0.0,-0.0020777729190408684,0.5796986444124023,sine,2,0.2,0.5,28,56,6.200011730194092,0.0
1779527527.4033477,0.0,0.0,0.07330382858376185,0.0,-0.0020777729190408684,0.5796986444124023,-0.0396,1.4652,0.35639999999999994,0.0,0.0,0.12258249497348087,0.0,0.0,0.07853981633974483,0.0,0.0,0.5755430985743205,sine,2,0.2,0.5,28,56,6.210002183914185,0.0
1779527527.4133468,0.0,0.0,0.07853981633974483,0.0,0.0,0.5755430985743205,0.0,1.5048000000000001,0.4752,0.0,0.0,0.12748596604758056,0.0,0.0,0.08552113334772216,0.0,0.0,0.5693097798171979,sine,2,0.2,0.5,28,56,6.2200024127960205,0.0
1779527527.4233541,0.0,0.0,0.08552113334772216,0.0,0.0,0.5693097798171979,0.0,1.4652,0.4356,0.0,0.0,0.13226305626534093,0.0,0.0,0.09075712110370514,0.0,0.0020777729190408684,0.5589209152219936,sine,2,0.2,0.5,28,56,6.230001449584961,0.0
1779527527.433347,0.0,0.0,0.09075712110370514,0.0,0.0020777729190408684,0.5589209152219936,0.0,1.5048000000000001,0.1188,0.0,0.0,0.13691346595845036,0.0,0.0,0.09599310885968812,0.0,0.0,0.552687596464871,sine,2,0.2,0.5,28,56,6.24000883102417,0.0
1779527527.4433737,0.0,0.0,0.09599310885968812,0.0,0.0,0.552687596464871,0.0,1.4652,0.6732,0.0,0.0,0.14142209772145178,0.0,0.0,0.10122909661567113,-0.0020777729190408684,0.0,0.5402209589506258,sine,2,0.2,0.5,28,56,6.250001668930054,0.0
1779527527.4533467,0.0,0.0,0.10122909661567113,-0.0020777729190408684,0.0,0.5402209589506258,0.0,1.3860000000000001,0.0396,0.0,0.0,0.14580592390626615,0.0,0.0,0.10646508437165411,0.0,0.0,0.5277543214363806,sine,2,0.2,0.5,28,56,6.26002836227417,0.0
1779527527.4633746,0.0,0.0,0.10646508437165411,0.0,0.0,0.5277543214363806,0.0,1.3860000000000001,0.7524000000000001,0.0,0.0,0.15002280039756655,0.0,0.0,0.1117010721276371,0.0,0.0,0.5090543651650128,sine,2,0.2,0.5,28,56,6.270001411437988,0.0
1779527527.4733472,0.0,0.0,0.1117010721276371,0.0,0.0,0.5090543651650128,0.0,1.2276,0.5940000000000001,0.0,0.0,0.154114381456276,0.0,0.0,0.11693705988362009,0.0,0.0,0.5069765922459719,sine,2,0.2,0.5,28,56,6.280029296875,0.0
1779527527.4834855,0.0,0.0,0.11693705988362009,0.0,0.0,0.5069765922459719,0.0,1.4652,0.5544000000000001,0.0,0.0,0.1580317223035791,0.0,0.0,0.12217304763960307,0.0,0.0,0.5069765922459719,sine,2,0.2,0.5,28,56,6.29000186920166,0.0
1779527527.4934635,0.0,0.0,0.12217304763960307,0.0,0.0,0.5069765922459719,0.0,1.2672,0.27720000000000006,0.0,0.0,0.16185514008845836,0.0,0.0,0.12566370614359174,0.0,0.0,0.4841210901365223,sine,2,0.2,0.5,28,56,6.300140142440796,0.0
1779527527.5033417,0.0,0.0,0.12566370614359174,0.0,0.0,0.4841210901365223,0.0,1.3068,0.0396,0.0,0.0,0.1654578472696151,0.0,0.0,0.1308996938995747,0.0,0.0,0.4654211338651545,sine,2,0.2,0.5,28,56,6.310118198394775,0.0
1779527527.5133507,0.0,0.0,0.1308996938995747,0.0,0.0,0.4654211338651545,0.0,1.3464,0.9504,0.0,0.0,0.16886435858879867,0.0,0.0,0.13613568165555773,-0.0020777729190408684,-0.0020777729190408684,0.45503226926995016,sine,2,0.2,0.5,28,56,6.319996356964111,0.0
1779527527.5233474,0.0,0.0,0.13613568165555773,-0.0020777729190408684,-0.0020777729190408684,0.45503226926995016,0.0,1.3464,0.198,0.0,0.0,0.17215013485829075,0.0,0.0,0.13962634015954636,0.0,0.0,0.44464340467474583,sine,2,0.2,0.5,28,56,6.330005407333374,0.0
1779527527.5333452,0.0,0.0,0.13962634015954636,0.0,0.0,0.44464340467474583,0.0,1.2672,0.27720000000000006,0.0,0.0,0.1752619595370957,0.0,0.0,0.14486232791552936,0.0,0.0,0.4342545400795415,sine,2,0.2,0.5,28,56,6.340002059936523,0.0
1779527527.5434473,0.0,0.0,0.14486232791552936,0.0,0.0,0.4342545400795415,-0.0396,1.3860000000000001,0.5940000000000001,0.0,0.0,0.17820127763404436,0.0,0.0,0.14835298641951802,0.0,0.0020777729190408684,0.40932126505105104,sine,2,0.2,0.5,28,56,6.349999904632568,0.0
1779527527.553355,0.0,0.0,0.14835298641951802,0.0,0.0020777729190408684,0.40932126505105104,0.0,1.4652,0.3168,0.0,0.0,0.18099267224455184,0.0,0.0,0.1518436449235067,0.0,0.0,0.4072434921320102,sine,2,0.2,0.5,28,56,6.360101938247681,0.0
1779527527.563376,0.0,0.0,0.1518436449235067,0.0,0.0,0.4072434921320102,0.0,1.2672,0.3168,0.0,0.0,0.18355333574389276,0.0,0.0,0.1518436449235067,0.0,0.0,0.4072434921320102,sine,2,0.2,0.5,28,56,6.370009660720825,0.0
1779527527.5733607,0.0,0.0,0.1518436449235067,0.0,0.0,0.4072434921320102,0.0,1.2672,0.3168,0.0,0.0,0.1859623814866037,0.0,0.0,0.16057029118347835,0.0,0.0,0.3615324879131111,sine,2,0.2,0.5,28,56,6.380030632019043,0.0
1779527527.5834782,0.0,0.0,0.16057029118347835,0.0,0.0,0.3615324879131111,0.0,1.3068,0.6732,0.0,0.0,0.18817942350810024,0.0,0.0,0.16406094968746698,0.0,0.0,0.36568803375119285,sine,2,0.2,0.5,28,56,6.390015363693237,0.0
1779527527.5933616,0.0,0.0,0.16406094968746698,0.0,0.0,0.36568803375119285,-0.0396,1.2672,-0.1584,0.0,0.0,0.19023708962666075,0.0,0.0,0.16755160819145565,0.0,0.0,0.3262103482894163,sine,2,0.2,0.5,28,56,6.400132894515991,0.0
1779527527.6033494,0.0,0.0,0.16755160819145565,0.0,0.0,0.3262103482894163,0.0,1.3068,1.1088000000000002,0.0,0.0,0.1920615938976785,0.0,0.0,0.1710422666954443,0.0,0.0,0.33867698580366157,sine,2,0.2,0.5,28,56,6.410016298294067,0.0
1779527527.6134462,0.0,0.0,0.1710422666954443,0.0,0.0,0.33867698580366157,0.0,1.3068,0.27720000000000006,0.0,0.0,0.19371727745639955,0.0,0.0,0.17278759594743864,0.0,0.0,0.2950437545038033,sine,2,0.2,0.5,28,56,6.42000412940979,0.0
1779527527.6234531,0.0,0.0,0.17278759594743864,0.0,0.0,0.2950437545038033,-0.0396,1.5048000000000001,0.35639999999999994,0.0,0.0,0.19519717472112091,0.0,0.0,0.1762782544514273,0.0,0.0,0.2971215274228442,sine,2,0.2,0.5,28,56,6.430100917816162,0.0
1779527527.6333706,0.0,0.0,0.1762782544514273,0.0,0.0,0.2971215274228442,0.0,1.3464,-0.0792,0.0,0.0,0.1964701333634782,0.0,0.0,0.17802358370342164,0.0,0.0,0.26595493363723116,sine,2,0.2,0.5,28,56,6.440107822418213,0.0
1779527527.6433468,0.0,0.0,0.17802358370342164,0.0,0.0,0.26595493363723116,-0.0396,1.3464,0.792,0.0,0.0,0.19754015621913515,0.0,0.0,0.18151424220741028,0.0,0.0,0.25972161488010853,sine,2,0.2,0.5,28,56,6.450025320053101,0.0
1779527527.6533475,0.0,0.0,0.18151424220741028,0.0,0.0,0.25972161488010853,0.0,1.3464,0.5940000000000001,0.0,0.0,0.19842305591645124,0.0,0.0,0.1832595714594046,0.0,0.0,0.2306327940135364,sine,2,0.2,0.5,28,56,6.460001468658447,0.0
1779527527.6633594,0.0,0.0,0.1832595714594046,0.0,0.0,0.2306327940135364,0.0,1.4652,0.5940000000000001,0.0,0.0,0.1991125214869024,0.0,0.0,0.18500490071139894,0.0,0.0,0.2181661564992912,sine,2,0.2,0.5,28,56,6.470002174377441,0.0
1779527527.6733544,0.0,0.0,0.18500490071139894,0.0,0.0,0.2181661564992912,0.0,1.2672,0.0,0.0,0.0,0.19960590120829913,0.0,0.0,0.18849555921538758,0.0,0.0,0.20777729190408684,sine,2,0.2,0.5,28,56,6.480014085769653,0.0
1779527527.6833456,0.0,0.0,0.18849555921538758,0.0,0.0,0.20777729190408684,-0.0396,1.3464,-0.198,0.0,0.0,0.1999014909861815,0.0,0.0,0.19024088846738194,0.0,0.0,0.17245515228039207,sine,2,0.2,0.5,28,56,6.490009069442749,0.0
1779527527.6933453,0.0,0.0,0.19024088846738194,0.0,0.0,0.17245515228039207,-0.0792,1.4255999999999998,0.396,0.0,0.0,0.1999999999999439,0.0,0.0,0.19024088846738194,0.0,0.0020777729190408684,0.15998851476614687,sine,2,0.2,0.5,28,56,6.500000238418579,0.0
1779527527.703364,0.0,0.0,0.19024088846738194,0.0,0.0020777729190408684,0.15998851476614687,0.0,1.3464,0.5940000000000001,0.0,0.0,0.19990131226136304,0.0,0.0,0.19198621771937624,0.0,0.0,0.1433663314138199,sine,2,0.2,0.5,28,56,6.509999990463257,0.0
1779527527.7133875,0.0,0.0,0.19198621771937624,0.0,0.0,0.1433663314138199,-0.0396,1.4255999999999998,0.792,0.0,0.0,0.1996046124148813,0.0,0.0,0.1937315469713706,0.0020777729190408684,0.0,0.1308996938995747,sine,2,0.2,0.5,28,56,6.520018577575684,0.0
1779527527.7233455,0.0,0.0,0.1937315469713706,0.0020777729190408684,0.0,0.1308996938995747,-0.0396,1.4255999999999998,0.4752,0.0,0.0,0.19910989757377945,0.0,0.0,0.1954768762233649,0.0,0.0,0.10596641887108428,sine,2,0.2,0.5,28,56,6.5300421714782715,0.0
1779527527.733467,0.0,0.0,0.1954768762233649,0.0,0.0,0.10596641887108428,0.0,1.3068,0.4752,0.0,0.0,0.19842292449162888,0.0,0.0,0.1954768762233649,-0.0020777729190408684,0.0,0.07687759800451213,sine,2,0.2,0.5,28,56,6.5400002002716064,0.0
1779527527.743491,0.0,0.0,0.1954768762233649,-0.0020777729190408684,0.0,0.07687759800451213,-0.0396,1.4255999999999998,0.8316,0.0,0.0,0.19752568340952933,0.0,0.0,0.1954768762233649,0.0,0.0020777729190408684,0.06441096049026691,sine,2,0.2,0.5,28,56,6.550121784210205,0.0
1779527527.7534862,0.0,0.0,0.1954768762233649,0.0,0.0020777729190408684,0.06441096049026691,0.0,1.3860000000000001,0.5940000000000001,0.0,0.0,0.19644028540484842,0.0,0.0,0.19722220547535924,0.0,0.0,0.03739991254273563,sine,2,0.2,0.5,28,56,6.560145616531372,0.0
1779527527.76335,0.0,0.0,0.19722220547535924,0.0,0.0,0.03739991254273563,-0.0792,1.3068,0.8316,0.0,0.0,0.19516402945669353,0.0,0.0,0.19722220547535924,0.0,0.0,0.035322139623694765,sine,2,0.2,0.5,28,56,6.570140838623047,0.0
1779527527.7735,0.0,0.0,0.19722220547535924,0.0,0.0,0.035322139623694765,-0.0396,1.2672,0.35639999999999994,0.0,0.0,0.19371589903721773,0.0,0.0,0.19722220547535924,0.0,0.0020777729190408684,0.014544410433286078,sine,2,0.2,0.5,28,56,6.580004692077637,0.0
1779527527.7833455,0.0,0.0,0.19722220547535924,0.0,0.0020777729190408684,0.014544410433286078,0.0,1.2672,0.35639999999999994,0.0,0.0,0.19203160543514589,0.0,0.0,0.19722220547535924,0.0,0.0,-0.0020777729190408684,sine,2,0.2,0.5,28,56,6.590154647827148,0.0
1779527527.793345,0.0,0.0,0.19722220547535924,0.0,0.0,-0.0020777729190408684,0.0,1.5048000000000001,0.0,0.0,0.0,0.19021127548404296,0.0,0.0,0.19722220547535924,0.0,0.0020777729190408684,-0.016622183352326948,sine,2,0.2,0.5,28,56,6.6000001430511475,0.0
1779527527.8033502,0.0,0.0,0.19722220547535924,0.0,0.0020777729190408684,-0.016622183352326948,0.0,1.4255999999999998,0.0396,0.0,0.0,0.18817622686194133,0.0,0.0,0.1954768762233649,0.0,0.0,-0.04778877713793997,sine,2,0.2,0.5,28,56,6.609999656677246,0.0
1779527527.813347,0.0,0.0,0.1954768762233649,0.0,0.0,-0.04778877713793997,0.0,1.3464,-0.27720000000000006,0.0,0.0,0.18595416555785987,0.0,0.0,0.1954768762233649,-0.0020777729190408684,0.0,-0.05402209589506258,sine,2,0.2,0.5,28,56,6.620004892349243,0.0
1779527527.8234801,0.0,0.0,0.1954768762233649,-0.0020777729190408684,0.0,-0.05402209589506258,-0.0396,1.2672,0.27720000000000006,0.0,0.0,0.1835504801197641,0.0,0.0,0.1954768762233649,0.0,0.0,-0.07687759800451213,sine,2,0.2,0.5,28,56,6.630001783370972,0.0
1779527527.8334653,0.0,0.0,0.1954768762233649,0.0,0.0,-0.07687759800451213,0.0396,1.4652,0.198,0.0,0.0,0.18092932884158364,0.0,0.0,0.1937315469713706,0.0,0.0,-0.10181087303300256,sine,2,0.2,0.5,28,56,6.640134811401367,0.0
1779527527.843354,0.0,0.0,0.1937315469713706,0.0,0.0,-0.10181087303300256,0.0,1.3068,0.0792,0.0,0.0,0.17816705641372532,0.0,0.0,0.19198621771937624,0.0,0.0,-0.12051082930437036,sine,2,0.2,0.5,28,56,6.65012001991272,0.0
1779527527.8534558,0.0,0.0,0.19198621771937624,0.0,0.0,-0.12051082930437036,0.0,1.4255999999999998,0.1584,0.0,0.0,0.17525871191330716,0.0,0.0,0.19024088846738194,0.0,0.0,-0.15583296892806514,sine,2,0.2,0.5,28,56,6.660008668899536,0.0
1779527527.8634756,0.0,0.0,0.19024088846738194,0.0,0.0,-0.15583296892806514,0.0,1.4652,0.0792,0.0,0.0,0.172113064181862,0.0,0.0,0.18849555921538758,0.0,0.0020777729190408684,-0.16622183352326947,sine,2,0.2,0.5,28,56,6.670110464096069,0.0
1779527527.8733442,0.0,0.0,0.18849555921538758,0.0,0.0020777729190408684,-0.16622183352326947,0.0,1.4652,0.4752,0.0,0.0,0.16882172196593803,0.0,0.0,0.1867502299633933,0.0,-0.0020777729190408684,-0.17868847103751467,sine,2,0.2,0.5,28,56,6.680130243301392,0.0
1779527527.8834066,0.0,0.0,0.1867502299633933,0.0,-0.0020777729190408684,-0.17868847103751467,0.0,1.3068,0.792,0.0,0.0,0.16541651565381113,0.0,0.0,0.18500490071139894,0.0,-0.0020777729190408684,-0.20569951898504596,sine,2,0.2,0.5,28,56,6.6899988651275635,0.0
1779527527.8934608,0.0,0.0,0.18500490071139894,0.0,-0.0020777729190408684,-0.20569951898504596,0.0,1.5048000000000001,0.35639999999999994,0.0,0.0,0.16178074892828337,0.0,0.0,0.1832595714594046,0.0,0.0,-0.22232170233737292,sine,2,0.2,0.5,28,56,6.700061321258545,0.0
1779527527.9033484,0.0,0.0,0.1832595714594046,0.0,0.0,-0.22232170233737292,0.0,1.5048000000000001,0.0,0.0,0.0,0.15798653883771543,0.0,0.0,0.17976891295541597,0.0,0.0020777729190408684,-0.23478833985161812,sine,2,0.2,0.5,28,56,6.710115432739258,0.0
1779527527.9134407,0.0,0.0,0.17976891295541597,0.0,0.0020777729190408684,-0.23478833985161812,0.0,1.3464,0.2376,0.0,0.0,0.15410139574639473,0.0,0.0,0.17802358370342164,0.0,0.0,-0.2617993877991494,sine,2,0.2,0.5,28,56,6.720003128051758,0.0
1779527527.9233708,0.0,0.0,0.17802358370342164,0.0,0.0,-0.2617993877991494,0.0,1.3068,0.35639999999999994,0.0,0.0,0.14998257271478657,0.0,0.0,0.17453292519943295,0.0020777729190408684,0.0,-0.26803270655627204,sine,2,0.2,0.5,28,56,6.730095386505127,0.0
1779527527.933357,0.0,0.0,0.17453292519943295,0.0020777729190408684,0.0,-0.26803270655627204,0.0,1.3860000000000001,0.8712,0.0,0.0,0.14578274837617236,0.0,0.0,0.1710422666954443,0.0,0.0,-0.299199300341885,sine,2,0.2,0.5,28,56,6.740025520324707,0.0
1779527527.9435048,0.0,0.0,0.1710422666954443,0.0,0.0,-0.299199300341885,0.0,1.3068,0.1584,0.0,0.0,0.14141616573945998,0.0,0.0,0.16929693744344998,0.0,0.0,-0.2971215274228442,sine,2,0.2,0.5,28,56,6.750011682510376,0.0
1779527527.9533453,0.0,0.0,0.16929693744344998,0.0,0.0,-0.2971215274228442,0.0,1.5048000000000001,0.3168,0.0,0.0,0.13683635253372767,0.0,0.0,0.1658062789394613,0.0,0.0,-0.3365992128846207,sine,2,0.2,0.5,28,56,6.760159492492676,0.0
1779527527.9633546,0.0,0.0,0.1658062789394613,0.0,0.0,-0.3365992128846207,-0.0396,1.5048000000000001,0.198,0.0,0.0,0.13226238205423013,0.0,0.0,0.16231562043547265,0.0,0.0,-0.3262103482894163,sine,2,0.2,0.5,28,56,6.769999980926514,0.0
1779527527.9733844,0.0,0.0,0.16231562043547265,0.0,0.0,-0.3262103482894163,-0.0792,1.4652,0.9107999999999999,0.0,0.0,0.12748031016973974,0.0,0.0,0.158824961931484,0.0,0.0,-0.3739991254273563,sine,2,0.2,0.5,28,56,6.7800092697143555,0.0
1779527527.983347,0.0,0.0,0.158824961931484,0.0,0.0,-0.3739991254273563,0.0,1.3860000000000001,-0.2376,0.0,0.0,0.12256201648588211,0.0,0.0,0.15533430342749532,-0.0020777729190408684,0.0,-0.35737694207502935,sine,2,0.2,0.5,28,56,6.7900390625,0.0
1779527527.9933693,0.0,0.0,0.15533430342749532,-0.0020777729190408684,0.0,-0.35737694207502935,0.0,1.584,0.8316,0.0,0.0,0.11755622634443293,0.0,0.0,0.15009831567151233,-0.0020777729190408684,0.0,-0.39685462753680584,sine,2,0.2,0.5,28,56,6.800001621246338,0.0
1779527528.0033627,0.0,0.0,0.15009831567151233,-0.0020777729190408684,0.0,-0.39685462753680584,0.0,1.3860000000000001,0.35639999999999994,0.0,0.0,0.11240419118752776,0.0,0.0,0.1466076571675237,0.0,0.0,-0.39685462753680584,sine,2,0.2,0.5,28,56,6.81002402305603,0.0
1779527528.0133452,0.0,0.0,0.1466076571675237,0.0,0.0,-0.39685462753680584,0.0,1.4652,0.35639999999999994,0.0,0.0,0.10715616101511549,0.0,0.0,0.14311699866353503,0.0,0.0,-0.41555458380817367,sine,2,0.2,0.5,28,56,6.820017337799072,0.0
1779527528.0233612,0.0,0.0,0.14311699866353503,0.0,0.0,-0.41555458380817367,0.0,1.5444,0.3168,0.0,0.0,0.10180832441137572,0.0,0.0,0.13788101090755203,0.0,0.0,-0.43217676716050063,sine,2,0.2,0.5,28,56,6.829999923706055,0.0
1779527528.0334642,0.0,0.0,0.13788101090755203,0.0,0.0,-0.43217676716050063,0.0,1.5048000000000001,0.5148,0.0,0.0,0.09634198665398999,0.0,0.0,0.13264502315156904,0.0,0.0,-0.4467211775937867,sine,2,0.2,0.5,28,56,6.840015888214111,0.0
1779527528.0433447,0.0,0.0,0.13264502315156904,0.0,0.0,-0.4467211775937867,0.0,1.4652,0.1584,0.0,0.0,0.0907315428418796,0.0,0.0,0.12915436464758037,0.0,0.0,-0.4591878151080319,sine,2,0.2,0.5,28,56,6.85011887550354,0.0
1779527528.053349,0.0,0.0,0.12915436464758037,0.0,0.0,-0.4591878151080319,0.0,1.4255999999999998,0.3168,0.0,0.0,0.08515618904422473,0.0,0.0,0.1239183768915974,0.0,0.0,-0.46334336094611367,sine,2,0.2,0.5,28,56,6.859999418258667,0.0
1779527528.063345,0.0,0.0,0.1239183768915974,0.0,0.0,-0.46334336094611367,-0.0396,1.5444,0.792,0.0,0.0,0.07942744439748828,0.0,0.0,0.11868238913561442,0.0,0.0,-0.4882766359746041,sine,2,0.2,0.5,28,56,6.870003700256348,0.0
1779527528.0733452,0.0,0.0,0.11868238913561442,0.0,0.0,-0.4882766359746041,0.0,1.5444,0.0,0.0,0.0,0.07362512224724783,0.0,0.0,0.11344640137963143,0.0,0.0,-0.504898819326931,sine,2,0.2,0.5,28,56,6.87999963760376,0.0
1779527528.0833485,0.0,0.0,0.11344640137963143,0.0,0.0,-0.504898819326931,-0.0396,1.4652,0.3168,0.0,0.0,0.06774766297913971,0.0,0.0,0.10995574287564278,0.0,0.0,-0.5028210464078902,sine,2,0.2,0.5,28,56,6.889999866485596,0.0
1779527528.0934253,0.0,0.0,0.10995574287564278,0.0,0.0,-0.5028210464078902,0.0,1.3068,0.396,0.0,0.0,0.061801489761282496,0.0,0.0,0.10471975511965977,0.0,0.0,-0.5111321380840537,sine,2,0.2,0.5,28,56,6.90000319480896,0.0
1779527528.1033535,0.0,0.0,0.10471975511965977,0.0,0.0,-0.5111321380840537,0.0,1.5444,0.4752,0.0,0.0,0.05574997633791412,0.0,0.0,0.0994837673636768,0.0,0.0,-0.5235987755982988,sine,2,0.2,0.5,28,56,6.9100799560546875,0.0
1779527528.1134875,0.0,0.0,0.0994837673636768,0.0,0.0,-0.5235987755982988,-0.0396,1.5444,0.7524000000000001,0.0,0.0,0.049732997705326,0.0,0.0,0.09250245035569947,0.0,0.0,-0.538143186031585,sine,2,0.2,0.5,28,56,6.920008182525635,0.0
1779527528.1234636,0.0,0.0,0.09250245035569947,0.0,0.0,-0.538143186031585,-0.0792,1.4652,0.0,0.0,0.0,0.043541470731823004,0.0,0.0,0.08726646259971647,0.0,0.0,-0.5464542777077483,sine,2,0.2,0.5,28,56,6.930142164230347,0.0
1779527528.1334095,0.0,0.0,0.08726646259971647,0.0,0.0,-0.5464542777077483,-0.0396,1.5048000000000001,0.6732,0.0,0.0,0.03740323891595145,0.0,0.0,0.08203047484373349,0.0,0.0,-0.5609986881410345,sine,2,0.2,0.5,28,56,6.940118312835693,0.0
1779527528.1433492,0.0,0.0,0.08203047484373349,0.0,0.0,-0.5609986881410345,0.0,1.4652,0.0792,0.0,0.0,0.031247061946766342,0.0,0.0,0.07679448708775051,0.0,0.0,-0.5693097798171979,sine,2,0.2,0.5,28,56,6.950064182281494,0.0
1779527528.1534522,0.0,0.0,0.07679448708775051,0.0,0.0,-0.5693097798171979,0.0,1.3464,0.4752,0.0,0.0,0.025064244986431058,0.0,0.0,0.06981317007977318,0.0,0.0,-0.5776208714933614,sine,2,0.2,0.5,28,56,6.960003852844238,0.0
1779527528.1633806,0.0,0.0,0.06981317007977318,0.0,0.0,-0.5776208714933614,-0.0396,1.4255999999999998,0.0792,0.0,0.0,0.018754829892628812,0.0,0.0,0.06457718232379019,0.0,0.0,-0.5776208714933614,sine,2,0.2,0.5,28,56,6.970106840133667,0.0
1779527528.1733558,0.0,0.0,0.06457718232379019,0.0,0.0,-0.5776208714933614,-0.0396,1.3068,0.4356,0.0,0.0,0.012535964801053082,0.0,0.0,0.05934119456780721,-0.0020777729190408684,0.0,-0.5817764173314431,sine,2,0.2,0.5,28,56,6.980035305023193,0.0
1779527528.1833842,0.0,0.0,0.05934119456780721,-0.0020777729190408684,0.0,-0.5817764173314431,0.0,1.5444,0.35639999999999994,0.0,0.0,0.0062755577517757885,0.0,0.0,0.05235987755982988,0.0,-0.0020777729190408684,-0.5900875090076066,sine,2,0.2,0.5,28,56,6.990010499954224,0.0
1779527528.193444,0.0,0.0,0.05235987755982988,0.0,-0.0020777729190408684,-0.5900875090076066,0.0,1.5048000000000001,0.5940000000000001,0.0,0.0,-2.4417858184041256e-05,0.0,0.0,0.047123889803846894,0.0,0.0,-0.5963208277647293,sine,2,0.2,0.5,28,56,7.0000388622283936,0.0
1779527528.2034569,0.0,0.0,0.047123889803846894,0.0,0.0,-0.5963208277647293,-0.0396,1.5048000000000001,0.3168,0.0,0.0,-0.006344133285065118,0.0,0.0,0.04014257279586959,0.0,0.0,-0.59839860068377,sine,2,0.2,0.5,28,56,7.010098695755005,0.0
1779527528.2152479,0.0,0.0,0.04014257279586959,0.0,0.0,-0.59839860068377,-0.0396,1.4255999999999998,0.5544000000000001,0.0,0.0,-0.012628060546698159,0.0,0.0,0.03490658503988659,0.0,0.0,-0.6004763736028109,sine,2,0.2,0.5,28,56,7.020111560821533,0.0
1779527528.2233322,0.0,0.0,0.03490658503988659,0.0,0.0,-0.6004763736028109,-0.0396,1.5048000000000001,0.4356,0.0,0.0,-0.020011422569284336,0.0,0.0,0.027925268031909273,0.0,0.0,-0.6046319194408927,sine,2,0.2,0.5,28,56,7.031902551651001,0.0
1779527528.2333677,0.0,0.0,0.027925268031909273,0.0,0.0,-0.6046319194408927,0.0,1.5048000000000001,0.7524000000000001,0.0,0.0,-0.025058448725590404,0.0,0.0,0.022689280275926284,0.0,0.0,-0.6087874652789744,sine,2,0.2,0.5,28,56,7.039986848831177,0.0
1779527528.2433488,0.0,0.0,0.022689280275926284,0.0,0.0,-0.6087874652789744,0.0,1.4255999999999998,0.4752,0.0,0.0,-0.0313007714371902,0.0,0.0,0.015707963267948967,0.0,0.0,-0.6150207840360971,sine,2,0.2,0.5,28,56,7.05002236366272,0.0
1779527528.2533448,0.0,0.0,0.015707963267948967,0.0,0.0,-0.6150207840360971,0.0,1.4652,0.8316,0.0,0.0,-0.03747843483987575,0.0,0.0,0.010471975511965978,0.0,0.0,-0.6254096486313013,sine,2,0.2,0.5,28,56,7.0600035190582275,0.0
1779527528.2633626,0.0,0.0,0.010471975511965978,0.0,0.0,-0.6254096486313013,0.0,1.4652,0.1584,0.0,0.0,-0.04362831495447501,0.0,0.0,0.003490658503988659,0.0,0.0,-0.6170985569551379,sine,2,0.2,0.5,28,56,7.06999945640564,0.0
1779527528.2733486,0.0,0.0,0.003490658503988659,0.0,0.0,-0.6170985569551379,-0.0396,1.5444,0.7524000000000001,0.0,0.0,-0.04974852297147081,0.0,0.0,0.0,0.0,0.0,-0.6191763298741788,sine,2,0.2,0.5,28,56,7.080017328262329,0.0
1779527528.2833161,0.0,0.0,0.0,0.0,0.0,-0.6191763298741788,0.0,1.3860000000000001,0.2376,0.0,0.0,-0.05580018338295728,0.0,0.0,-0.006981317007977318,0.0020777729190408684,0.0,-0.6129430111170562,sine,2,0.2,0.5,28,56,7.090003252029419,0.0
1779527528.293349,0.0,0.0,-0.006981317007977318,0.0020777729190408684,0.0,-0.6129430111170562,-0.0396,1.5048000000000001,0.7524000000000001,0.0,0.0,-0.06178596017224306,0.0,0.0,-0.012217304763960306,0.0,0.0,-0.6087874652789744,sine,2,0.2,0.5,28,56,7.099970817565918,0.0
1779527528.3033729,0.0,0.0,-0.012217304763960306,0.0,0.0,-0.6087874652789744,-0.0396,1.5048000000000001,0.4356,0.0,0.0,-0.06774977717330874,0.0,0.0,-0.019198621771937627,0.0,0.0020777729190408684,-0.6067096923599336,sine,2,0.2,0.5,28,56,7.110003709793091,0.0
1779527528.3133461,0.0,0.0,-0.019198621771937627,0.0,0.0020777729190408684,-0.6067096923599336,0.0,1.5048000000000001,0.7524000000000001,0.0,0.0,-0.07364100024865777,0.0,0.0,-0.02617993877991494,0.0,0.0,-0.6067096923599336,sine,2,0.2,0.5,28,56,7.120027542114258,0.0
1779527528.3233454,0.0,0.0,-0.02617993877991494,0.0,0.0,-0.6067096923599336,0.0,1.4255999999999998,0.5148,0.0,0.0,-0.07943005656482205,0.0,0.0,-0.031415926535897934,0.0,0.0,-0.6067096923599336,sine,2,0.2,0.5,28,56,7.130000829696655,0.0
1779527528.3333426,0.0,0.0,-0.031415926535897934,0.0,0.0,-0.6067096923599336,0.0396,1.4255999999999998,0.4752,0.0,0.0,-0.08515591795308974,0.0,0.0,-0.038397243543875255,0.0,0.0,-0.6067096923599336,sine,2,0.2,0.5,28,56,7.140000104904175,0.0
1779527528.3433473,0.0,0.0,-0.038397243543875255,0.0,0.0,-0.6067096923599336,0.0,1.584,0.4356,0.0,0.0,-0.09079655163120799,0.0,0.0,-0.04363323129985824,0.0020777729190408684,0.0,-0.6025541465218518,sine,2,0.2,0.5,28,56,7.149997234344482,0.0
1779527528.3534431,0.0,0.0,-0.04363323129985824,0.0020777729190408684,0.0,-0.6025541465218518,0.0,1.584,0.3168,0.0,0.0,-0.09635183226244148,0.0,0.0,-0.048869219055841226,0.0,0.0,-0.59839860068377,sine,2,0.2,0.5,28,56,7.160001993179321,0.0
1779527528.363349,0.0,0.0,-0.048869219055841226,0.0,0.0,-0.59839860068377,0.0,1.4255999999999998,0.7127999999999999,0.0,0.0,-0.10186118564833067,0.0,0.0,-0.05585053606381855,0.0,0.0,-0.5900875090076066,sine,2,0.2,0.5,28,56,7.170097827911377,0.0
1779527528.373346,0.0,0.0,-0.05585053606381855,0.0,0.0,-0.5900875090076066,-0.0396,1.6236000000000002,0.4356,0.0,0.0,-0.10716729164438946,0.0,0.0,-0.061086523819801536,0.0,0.0,-0.583854190250484,sine,2,0.2,0.5,28,56,7.180003643035889,0.0
1779527528.3833597,0.0,0.0,-0.061086523819801536,0.0,0.0,-0.583854190250484,-0.0396,1.4652,0.792,0.0,0.0,-0.1124170770028393,0.0,0.0,-0.06806784082777886,0.0020777729190408684,0.0,-0.583854190250484,sine,2,0.2,0.5,28,56,7.190000772476196,0.0
1779527528.393345,0.0,0.0,-0.06806784082777886,0.0020777729190408684,0.0,-0.583854190250484,0.0,1.584,0.35639999999999994,0.0,0.0,-0.11756434615879928,0.0,0.0,-0.07330382858376185,0.0,0.0,-0.583854190250484,sine,2,0.2,0.5,28,56,7.200014352798462,0.0
1779527528.4034855,0.0,0.0,-0.07330382858376185,0.0,0.0,-0.583854190250484,0.0,1.5048000000000001,0.5940000000000001,0.0,0.0,-0.12258131130191961,0.0,0.0,-0.07853981633974483,0.0,0.0,-0.5776208714933614,sine,2,0.2,0.5,28,56,7.2099997997283936,0.0
1779527528.4133503,0.0,0.0,-0.07853981633974483,0.0,0.0,-0.5776208714933614,0.0,1.3860000000000001,0.1188,0.0,0.0,-0.1275526693587434,0.0,0.0,-0.08552113334772216,0.0020777729190408684,-0.0020777729190408684,-0.5630764610600754,sine,2,0.2,0.5,28,56,7.220140218734741,0.0
1779527528.4233518,0.0,0.0,-0.08552113334772216,0.0020777729190408684,-0.0020777729190408684,-0.5630764610600754,-0.0396,1.5444,0.5940000000000001,0.0,0.0,-0.1322647417814313,0.0,0.0,-0.09075712110370514,0.0,0.0,-0.5589209152219936,sine,2,0.2,0.5,28,56,7.2300050258636475,0.0
1779527528.4333498,0.0,0.0,-0.09075712110370514,0.0,0.0,-0.5589209152219936,0.0,1.4652,0.0792,0.0,0.0,-0.13691237396756248,0.0,0.0,-0.09599310885968812,0.0,0.0,-0.552687596464871,sine,2,0.2,0.5,28,56,7.240006446838379,0.0
1779527528.4434714,0.0,0.0,-0.09599310885968812,0.0,0.0,-0.552687596464871,-0.0396,1.3860000000000001,0.3168,0.0,0.0,-0.14142336882807896,0.0,0.0,-0.10122909661567113,0.0,0.0020777729190408684,-0.5360654131125441,sine,2,0.2,0.5,28,56,7.250004529953003,0.0
1779527528.4534538,0.0,0.0,-0.10122909661567113,0.0,0.0020777729190408684,-0.5360654131125441,0.0,1.5444,0.3168,0.0,0.0,-0.1458479573439447,0.0,0.0,-0.10646508437165411,0.0,0.0020777729190408684,-0.5173654568411762,sine,2,0.2,0.5,28,56,7.260126113891602,0.0
1779527528.4633753,0.0,0.0,-0.10646508437165411,0.0,0.0020777729190408684,-0.5173654568411762,0.0,1.5444,0.7127999999999999,0.0,0.0,-0.15006727249210866,0.0,0.0,-0.1117010721276371,0.0,0.0,-0.5132099110030945,sine,2,0.2,0.5,28,56,7.270108461380005,0.0
1779527528.4733493,0.0,0.0,-0.1117010721276371,0.0,0.0,-0.5132099110030945,0.0,1.584,0.6732,0.0,0.0,-0.15411466788773176,0.0,0.0,-0.11693705988362009,0.0,0.0020777729190408684,-0.5111321380840537,sine,2,0.2,0.5,28,56,7.280030012130737,0.0
1779527528.4834526,0.0,0.0,-0.11693705988362009,0.0,0.0020777729190408684,-0.5111321380840537,-0.0396,1.4255999999999998,0.0396,0.0,0.0,-0.15803254863052996,0.0,0.0,-0.12217304763960307,0.0,0.0,-0.4986655005698084,sine,2,0.2,0.5,28,56,7.290004014968872,0.0
1779527528.4933455,0.0,0.0,-0.12217304763960307,0.0,0.0,-0.4986655005698084,0.0,1.5444,0.5148,0.0,0.0,-0.1618429954284949,0.0,0.0,-0.12566370614359174,0.0,0.0,-0.4841210901365223,sine,2,0.2,0.5,28,56,7.30010724067688,0.0
1779527528.5033565,0.0,0.0,-0.12566370614359174,0.0,0.0,-0.4841210901365223,0.0,1.4255999999999998,0.198,0.0,0.0,-0.1654161788481549,0.0,0.0,-0.1308996938995747,0.0,0.0,-0.46957667970323624,sine,2,0.2,0.5,28,56,7.31000018119812,0.0
1779527528.513348,0.0,0.0,-0.1308996938995747,0.0,0.0,-0.46957667970323624,-0.0792,1.5048000000000001,0.5148,0.0,0.0,-0.16886933513479951,0.0,0.0,-0.13613568165555773,0.0,0.0,-0.45087672343186846,sine,2,0.2,0.5,28,56,7.320011138916016,0.0
1779527528.5234356,0.0,0.0,-0.13613568165555773,0.0,0.0,-0.45087672343186846,-0.0396,1.4652,0.7524000000000001,0.0,0.0,-0.1721492960623554,0.0,0.0,-0.13962634015954636,0.0,0.0,-0.45087672343186846,sine,2,0.2,0.5,28,56,7.330002784729004,0.0
1779527528.5333567,0.0,0.0,-0.13962634015954636,0.0,0.0,-0.45087672343186846,0.0,1.3068,0.0,0.0,0.0,-0.1752886546722785,0.0,0.0,-0.14486232791552936,0.0,0.0,-0.43217676716050063,sine,2,0.2,0.5,28,56,7.340090274810791,0.0
1779527528.5433466,0.0,0.0,-0.14486232791552936,0.0,0.0,-0.43217676716050063,-0.0396,1.5444,0.5544000000000001,0.0,0.0,-0.1782045419553443,0.0,0.0,-0.14835298641951802,0.0,0.0,-0.4072434921320102,sine,2,0.2,0.5,28,56,7.350011348724365,0.0
1779527528.5533893,0.0,0.0,-0.14835298641951802,0.0,0.0,-0.4072434921320102,0.0,1.3860000000000001,0.6732,0.0,0.0,-0.18096576512475238,0.0,0.0,-0.1518436449235067,0.0,0.0,-0.41555458380817367,sine,2,0.2,0.5,28,56,7.3600013256073,0.0
1779527528.5633466,0.0,0.0,-0.1518436449235067,0.0,0.0,-0.41555458380817367,-0.0792,1.5444,-0.1584,0.0,0.0,-0.18356190119270419,0.0,0.0,-0.15707963267948966,0.0,0.0,-0.38023244418447893,sine,2,0.2,0.5,28,56,7.370043992996216,0.0
1779527528.5733478,0.0,0.0,-0.15707963267948966,0.0,0.0,-0.38023244418447893,0.0,1.3860000000000001,0.8316,0.0,0.0,-0.1859555993766728,0.0,0.0,-0.16057029118347835,0.0,0.0,-0.37192135250831543,sine,2,0.2,0.5,28,56,7.3800013065338135,0.0
1779527528.5833578,0.0,0.0,-0.16057029118347835,0.0,0.0,-0.37192135250831543,0.0,1.5444,0.5544000000000001,0.0,0.0,-0.1881766835513321,0.0,0.0,-0.16406094968746698,0.0,0.0,-0.35529916915598847,sine,2,0.2,0.5,28,56,7.390002489089966,0.0
1779527528.5934079,0.0,0.0,-0.16406094968746698,0.0,0.0,-0.35529916915598847,0.0,1.3464,0.0396,0.0,0.0,-0.19021372879312626,0.0,0.0,-0.16755160819145565,-0.0020777729190408684,0.0,-0.3365992128846207,sine,2,0.2,0.5,28,56,7.400012493133545,0.0
1779527528.6033492,0.0,0.0,-0.16755160819145565,-0.0020777729190408684,0.0,-0.3365992128846207,0.0,1.4652,0.4752,0.0,0.0,-0.19206969840952381,0.0,0.0,-0.1710422666954443,0.0,0.0,-0.33036589412749806,sine,2,0.2,0.5,28,56,7.410062551498413,0.0
1779527528.6134593,0.0,0.0,-0.1710422666954443,0.0,0.0,-0.33036589412749806,-0.0792,1.5048000000000001,0.35639999999999994,0.0,0.0,-0.19371724020378334,0.0,0.0,-0.17278759594743864,0.0,0.0,-0.2971215274228442,sine,2,0.2,0.5,28,56,7.420003890991211,0.0
1779527528.6234531,0.0,0.0,-0.17278759594743864,0.0,0.0,-0.2971215274228442,-0.0396,1.4652,0.5544000000000001,0.0,0.0,-0.1951989693220378,0.0,0.0,-0.1762782544514273,0.0,0.0,-0.299199300341885,sine,2,0.2,0.5,28,56,7.430114030838013,0.0
1779527528.6335142,0.0,0.0,-0.1762782544514273,0.0,0.0,-0.299199300341885,-0.0396,1.3068,-0.198,0.0,0.0,-0.1964701333634782,0.0,0.0,-0.1762782544514273,0.0,0.0,-0.299199300341885,sine,2,0.2,0.5,28,56,7.440107822418213,0.0
1779527528.6433802,0.0,0.0,-0.1762782544514273,0.0,0.0,-0.299199300341885,-0.0396,1.3068,-0.198,0.0,0.0,-0.19755423651406845,0.0,0.0,-0.18151424220741028,-0.0020777729190408684,0.0,-0.25972161488010853,sine,2,0.2,0.5,28,56,7.45016884803772,0.0
1779527528.6533456,0.0,0.0,-0.18151424220741028,-0.0020777729190408684,0.0,-0.25972161488010853,-0.0792,1.4652,0.27720000000000006,0.0,0.0,-0.19842568326741472,0.0,0.0,-0.1832595714594046,0.0020777729190408684,0.0,-0.23271056693257725,sine,2,0.2,0.5,28,56,7.4600348472595215,0.0
1779527528.663373,0.0,0.0,-0.1832595714594046,0.0020777729190408684,0.0,-0.23271056693257725,0.0,1.3860000000000001,0.6336,0.0,0.0,-0.19911240870995864,0.0,0.0,-0.18500490071139894,0.0,0.0,-0.2098550648231277,sine,2,0.2,0.5,28,56,7.470000267028809,0.0
1779527528.6733897,0.0,0.0,-0.18500490071139894,0.0,0.0,-0.2098550648231277,-0.0792,1.3068,0.5940000000000001,0.0,0.0,-0.199606436802464,0.0,0.0,-0.18849555921538758,0.0,0.0,-0.20569951898504596,sine,2,0.2,0.5,28,56,7.480027675628662,0.0
1779527528.6833472,0.0,0.0,-0.18849555921538758,0.0,0.0,-0.20569951898504596,-0.0396,1.4255999999999998,-0.1188,0.0,0.0,-0.19990218552869451,0.0,0.0,-0.19024088846738194,0.0,0.0,-0.17868847103751467,sine,2,0.2,0.5,28,56,7.490044355392456,0.0
1779527528.6934702,0.0,0.0,-0.19024088846738194,0.0,0.0,-0.17868847103751467,-0.0396,1.5048000000000001,0.1188,0.0,0.0,-0.19999999999640947,0.0,0.0,-0.19024088846738194,0.0,0.0,-0.15375519600902426,sine,2,0.2,0.5,28,56,7.500001907348633,0.0
1779527528.7033355,0.0,0.0,-0.19024088846738194,0.0,0.0,-0.15375519600902426,-0.0792,1.3860000000000001,0.396,0.0,0.0,-0.19989883122697094,0.0,0.0,-0.19198621771937624,0.0,0.0,-0.14128855849477906,sine,2,0.2,0.5,28,56,7.510124921798706,0.0
1779527528.7133772,0.0,0.0,-0.19198621771937624,0.0,0.0,-0.14128855849477906,-0.0396,1.5048000000000001,0.5544000000000001,0.0,0.0,-0.19960573199771092,0.0,0.0,-0.1937315469713706,0.0,0.0,-0.12674414806149298,sine,2,0.2,0.5,28,56,7.5199902057647705,0.0
1779527528.7233734,0.0,0.0,-0.1937315469713706,0.0,0.0,-0.12674414806149298,-0.0396,1.5048000000000001,0.5544000000000001,0.0,0.0,-0.19911050452078993,0.0,0.0,-0.1954768762233649,0.0,0.0020777729190408684,-0.10596641887108428,sine,2,0.2,0.5,28,56,7.53003191947937,0.0
1779527528.7333467,0.0,0.0,-0.1954768762233649,0.0,0.0020777729190408684,-0.10596641887108428,-0.0792,1.3464,0.396,0.0,0.0,-0.19842072701208746,0.0,0.0,-0.1954768762233649,0.0,0.0,-0.07687759800451213,sine,2,0.2,0.5,28,56,7.540028095245361,0.0
1779527528.7433503,0.0,0.0,-0.1954768762233649,0.0,0.0,-0.07687759800451213,-0.0792,1.4255999999999998,0.7127999999999999,0.0,0.0,-0.1975375321980922,0.0,0.0,-0.1954768762233649,0.0,0.0,-0.07064427924738953,sine,2,0.2,0.5,28,56,7.550001382827759,0.0
1779527528.7538812,0.0,0.0,-0.1954768762233649,0.0,0.0,-0.07064427924738953,0.0,1.3464,0.3168,0.0,0.0,-0.1964568673836448,0.0,0.0,-0.19722220547535924,0.0,0.0,-0.033244366704653895,sine,2,0.2,0.5,28,56,7.560004949569702,0.0
1779527528.7633595,0.0,0.0,-0.19722220547535924,0.0,0.0,-0.033244366704653895,-0.1188,1.4652,0.9107999999999999,0.0,0.0,-0.1951096237541618,0.0,0.0,-0.19722220547535924,0.0,0.0,-0.02701104794753129,sine,2,0.2,0.5,28,56,7.570535898208618,0.0
1779527528.7733474,0.0,0.0,-0.19722220547535924,0.0,0.0,-0.02701104794753129,-0.0396,1.3068,0.5544000000000001,0.0,0.0,-0.19371440868695297,0.0,0.0,-0.19722220547535924,0.0,0.0,-0.01246663751424521,sine,2,0.2,0.5,28,56,7.580014228820801,0.0
1779527528.7834668,0.0,0.0,-0.19722220547535924,0.0,0.0,-0.01246663751424521,0.0,1.4255999999999998,0.35639999999999994,0.0,0.0,-0.19205837603421344,0.0,0.0,-0.19722220547535924,0.0,0.0,0.004155545838081737,sine,2,0.2,0.5,28,56,7.590002059936523,0.0
1779527528.7933455,0.0,0.0,-0.19722220547535924,0.0,0.0,0.004155545838081737,0.0,1.5444,0.3168,0.0,0.0,-0.19018769919662304,0.0,0.0,-0.19722220547535924,0.0020777729190408684,0.0,0.02701104794753129,sine,2,0.2,0.5,28,56,7.60012149810791,0.0
1779527528.8033252,0.0,0.0,-0.19722220547535924,0.0020777729190408684,0.0,0.02701104794753129,-0.0396,1.3068,-0.27720000000000006,0.0,0.0,-0.18817612537424877,0.0,0.0,-0.1954768762233649,0.0020777729190408684,0.0,0.03739991254273563,sine,2,0.2,0.5,28,56,7.610000133514404,0.0
1779527528.813348,0.0,0.0,-0.1954768762233649,0.0020777729190408684,0.0,0.03739991254273563,0.0,1.5048000000000001,0.0,0.0,0.0,-0.18595995554729897,0.0,0.0,-0.1954768762233649,0.0,0.0020777729190408684,0.05817764173314431,sine,2,0.2,0.5,28,56,7.6199798583984375,0.0
1779527528.8233538,0.0,0.0,-0.1954768762233649,0.0,0.0020777729190408684,0.05817764173314431,-0.0396,1.4652,0.1188,0.0,0.0,-0.18355024214037702,0.0,0.0,-0.1954768762233649,0.0,0.0,0.06441096049026691,sine,2,0.2,0.5,28,56,7.630002737045288,0.0
1779527528.8334434,0.0,0.0,-0.1954768762233649,0.0,0.0,0.06441096049026691,-0.1188,1.3068,0.6732,0.0,0.0,-0.1809631499622345,0.0,0.0,-0.1937315469713706,0.0,0.0,0.10388864595204342,sine,2,0.2,0.5,28,56,7.640008449554443,0.0
1779527528.8433783,0.0,0.0,-0.1937315469713706,0.0,0.0,0.10388864595204342,-0.0396,1.4255999999999998,0.3168,0.0,0.0,-0.17817331745327078,0.0,0.0,-0.19198621771937624,-0.0020777729190408684,0.0,0.1308996938995747,sine,2,0.2,0.5,28,56,7.650098085403442,0.0
1779527528.8533487,0.0,0.0,-0.19198621771937624,-0.0020777729190408684,0.0,0.1308996938995747,-0.0792,1.3860000000000001,0.2376,0.0,0.0,-0.17525134989559005,0.0,0.0,-0.19024088846738194,0.0,0.0,0.15583296892806514,sine,2,0.2,0.5,28,56,7.6600329875946045,0.0
1779527528.863341,0.0,0.0,-0.19024088846738194,0.0,0.0,0.15583296892806514,0.0,1.3464,0.2376,0.0,0.0,-0.17214731340732714,0.0,0.0,-0.18849555921538758,0.0,-0.0020777729190408684,0.15998851476614687,sine,2,0.2,0.5,28,56,7.670003414154053,0.0
1779527528.873348,0.0,0.0,-0.18849555921538758,0.0,-0.0020777729190408684,0.15998851476614687,0.0,1.4255999999999998,0.7127999999999999,0.0,0.0,-0.16886700744087332,0.0,0.0,-0.1867502299633933,0.0,0.0020777729190408684,0.17868847103751467,sine,2,0.2,0.5,28,56,7.679995775222778,0.0
1779527528.883382,0.0,0.0,-0.1867502299633933,0.0,0.0020777729190408684,0.17868847103751467,0.0,1.4652,0.7127999999999999,0.0,0.0,-0.16541516842227721,0.0,0.0,-0.18500490071139894,0.0,0.0,0.21401061066120944,sine,2,0.2,0.5,28,56,7.690002679824829,0.0
1779527528.8934648,0.0,0.0,-0.18500490071139894,0.0,0.0,0.21401061066120944,0.0,1.2672,-0.1584,0.0,0.0,-0.16178982019541258,0.0,0.0,-0.1832595714594046,0.0,0.0,0.2181661564992912,sine,2,0.2,0.5,28,56,7.7000367641448975,0.0
1779527528.903444,0.0,0.0,-0.1832595714594046,0.0,0.0,0.2181661564992912,-0.0396,1.4652,0.0396,0.0,0.0,-0.15798497723688912,0.0,0.0,-0.17976891295541597,0.0,0.0,0.23271056693257725,sine,2,0.2,0.5,28,56,7.7101194858551025,0.0
1779527528.9134989,0.0,0.0,-0.17976891295541597,0.0,0.0,0.23271056693257725,0.0,1.4652,0.5940000000000001,0.0,0.0,-0.15406309769098325,0.0,0.0,-0.17802358370342164,0.0,0.0,0.26595493363723116,sine,2,0.2,0.5,28,56,7.7200987339019775,0.0
1779527528.9234447,0.0,0.0,-0.17802358370342164,0.0,0.0,0.26595493363723116,-0.0396,1.3464,0.35639999999999994,0.0,0.0,-0.14995838979911388,0.0,0.0,-0.17453292519943295,0.0,0.0020777729190408684,0.26803270655627204,sine,2,0.2,0.5,28,56,7.730153560638428,0.0
1779527528.9333706,0.0,0.0,-0.17453292519943295,0.0,0.0020777729190408684,0.26803270655627204,-0.0396,1.3464,0.6336,0.0,0.0,-0.14575095213748077,0.0,0.0,-0.17453292519943295,0.0,0.0020777729190408684,0.26803270655627204,sine,2,0.2,0.5,28,56,7.7400994300842285,0.0
1779527528.943357,0.0,0.0,-0.17453292519943295,0.0,0.0020777729190408684,0.26803270655627204,-0.0396,1.3464,0.6336,0.0,0.0,-0.14141012757371205,0.0,0.0,-0.16929693744344998,-0.0020777729190408684,-0.0020777729190408684,0.3033548461799668,sine,2,0.2,0.5,28,56,7.750025272369385,0.0
1779527528.9534934,0.0,0.0,-0.16929693744344998,-0.0020777729190408684,-0.0020777729190408684,0.3033548461799668,0.0,1.5048000000000001,0.35639999999999994,0.0,0.0,-0.13690407458580425,0.0,0.0,-0.1658062789394613,0.0,0.0,0.3282881212084572,sine,2,0.2,0.5,28,56,7.760011672973633,0.0
1779527528.963346,0.0,0.0,-0.1658062789394613,0.0,0.0,0.3282881212084572,-0.0792,1.3068,0.4356,0.0,0.0,-0.1321925867608382,0.0,0.0,-0.16231562043547265,-0.0020777729190408684,0.0,0.33244366704653894,sine,2,0.2,0.5,28,56,7.770148038864136,0.0
1779527528.9733443,0.0,0.0,-0.16231562043547265,-0.0020777729190408684,0.0,0.33244366704653894,-0.1188,1.3464,0.8316,0.0,0.0,-0.12748446552529746,0.0,0.0,-0.158824961931484,0.0,0.0,0.363610260832152,sine,2,0.2,0.5,28,56,7.780000686645508,0.0
1779527528.9834962,0.0,0.0,-0.158824961931484,0.0,0.0,0.363610260832152,-0.0792,1.3068,-0.0396,0.0,0.0,-0.12258190313855988,0.0,0.0,-0.15533430342749532,0.0,0.0,0.36568803375119285,sine,2,0.2,0.5,28,56,7.789999008178711,0.0
1779527528.9934587,0.0,0.0,-0.15533430342749532,0.0,0.0,0.36568803375119285,-0.1188,1.3464,0.6336,0.0,0.0,-0.11748034631341725,0.0,0.0,-0.15009831567151233,0.0,0.0,0.3885435358606424,sine,2,0.2,0.5,28,56,7.8001508712768555,0.0
1779527529.0033803,0.0,0.0,-0.15009831567151233,0.0,0.0,0.3885435358606424,-0.0792,1.5444,0.6336,0.0,0.0,-0.11235772224804053,0.0,0.0,-0.1466076571675237,0.0,0.0,0.40932126505105104,sine,2,0.2,0.5,28,56,7.810113430023193,0.0
1779527529.0133438,0.0,0.0,-0.1466076571675237,0.0,0.0,0.40932126505105104,0.0,1.2672,-0.0396,0.0,0.0,-0.10714680080742822,0.0,0.0,-0.14311699866353503,0.0020777729190408684,0.0,0.40308794629392847,sine,2,0.2,0.5,28,56,7.820034980773926,0.0
1779527529.0233457,0.0,0.0,-0.14311699866353503,0.0020777729190408684,0.0,0.40308794629392847,-0.0396,1.3464,0.6336,0.0,0.0,-0.10180909805969088,0.0,0.0,-0.13788101090755203,0.0,0.0,0.4384100859176232,sine,2,0.2,0.5,28,56,7.82999849319458,0.0
1779527529.0333521,0.0,0.0,-0.13788101090755203,0.0,0.0,0.4384100859176232,-0.0792,1.2672,0.5940000000000001,0.0,0.0,-0.09635051953221581,0.0,0.0,-0.13264502315156904,0.0,0.0020777729190408684,0.4487989505128276,sine,2,0.2,0.5,28,56,7.84000039100647,0.0
1779527529.0433545,0.0,0.0,-0.13264502315156904,0.0,0.0020777729190408684,0.4487989505128276,-0.0792,1.4255999999999998,0.0,0.0,0.0,-0.09079428253400483,0.0,0.0,-0.12915436464758037,0.0,0.0,0.45503226926995016,sine,2,0.2,0.5,28,56,7.850006818771362,0.0
1779527529.0533457,0.0,0.0,-0.12915436464758037,0.0,0.0,0.45503226926995016,0.0,1.2672,0.5940000000000001,0.0,0.0,-0.08515063163776598,0.0,0.0,-0.1239183768915974,-0.0020777729190408684,0.0020777729190408684,0.4654211338651545,sine,2,0.2,0.5,28,56,7.86000919342041,0.0
1779527529.063386,0.0,0.0,-0.1239183768915974,-0.0020777729190408684,0.0020777729190408684,0.4654211338651545,0.0,1.3464,0.792,0.0,0.0,-0.07942936915392605,0.0,0.0,-0.11868238913561442,0.0,0.0,0.47996554429844057,sine,2,0.2,0.5,28,56,7.87000036239624,0.0
1779527529.0733492,0.0,0.0,-0.11868238913561442,0.0,0.0,0.47996554429844057,-0.0792,1.3464,0.198,0.0,0.0,-0.07360116494850967,0.0,0.0,-0.11344640137963143,0.0,0.0,0.5007432734888493,sine,2,0.2,0.5,28,56,7.880040645599365,0.0
1779527529.0834732,0.0,0.0,-0.11344640137963143,0.0,0.0,0.5007432734888493,0.0,1.3860000000000001,0.5544000000000001,0.0,0.0,-0.06774526688207651,0.0,0.0,-0.10995574287564278,0.0,0.0020777729190408684,0.5111321380840537,sine,2,0.2,0.5,28,56,7.89000391960144,0.0
1779527529.093349,0.0,0.0,-0.10995574287564278,0.0,0.0020777729190408684,0.5111321380840537,-0.0396,1.5444,0.0792,0.0,0.0,-0.06172697247674942,0.0,0.0,-0.10471975511965977,0.0,0.0,0.5132099110030945,sine,2,0.2,0.5,28,56,7.90012788772583,0.0
1779527529.1034555,0.0,0.0,-0.10471975511965977,0.0,0.0,0.5132099110030945,-0.0396,1.4652,0.5940000000000001,0.0,0.0,-0.05579601159605657,0.0,0.0,-0.0994837673636768,0.0,0.0,0.5215210026792579,sine,2,0.2,0.5,28,56,7.910003662109375,0.0
1779527529.1134622,0.0,0.0,-0.0994837673636768,0.0,0.0,0.5215210026792579,0.0,1.5048000000000001,0.99,0.0,0.0,-0.04967089344732394,0.0,0.0,-0.09250245035569947,0.0,0.0,0.5360654131125441,sine,2,0.2,0.5,28,56,7.92011022567749,0.0
1779527529.123345,0.0,0.0,-0.09250245035569947,0.0,0.0,0.5360654131125441,0.0792,1.4255999999999998,0.1584,0.0,0.0,-0.04355696881799065,0.0,0.0,-0.08726646259971647,0.0,0.0,0.5506098235458301,sine,2,0.2,0.5,28,56,7.930116891860962,0.0
1779527529.1333823,0.0,0.0,-0.08726646259971647,0.0,0.0,0.5506098235458301,-0.0396,1.4255999999999998,0.9504,0.0,0.0,-0.03747652190004179,0.0,0.0,-0.08203047484373349,0.0,-0.0020777729190408684,0.5589209152219936,sine,2,0.2,0.5,28,56,7.939999580383301,0.0
1779527529.1433473,0.0,0.0,-0.08203047484373349,0.0,-0.0020777729190408684,0.5589209152219936,-0.1188,1.3860000000000001,0.0,0.0,0.0,-0.03126392963903478,0.0,0.0,-0.07679448708775051,0.0,0.0,0.5630764610600754,sine,2,0.2,0.5,28,56,7.950037002563477,0.0
1779527529.1534603,0.0,0.0,-0.07679448708775051,0.0,0.0,0.5630764610600754,-0.0396,1.5048000000000001,0.792,0.0,0.0,-0.025065433960370278,0.0,0.0,-0.06981317007977318,0.0020777729190408684,0.0,0.5755430985743205,sine,2,0.2,0.5,28,56,7.9600019454956055,0.0
1779527529.1634874,0.0,0.0,-0.06981317007977318,0.0020777729190408684,0.0,0.5755430985743205,-0.0396,1.4255999999999998,0.0792,0.0,0.0,-0.018749759034591692,0.0,0.0,-0.06457718232379019,0.0,0.0,0.5796986444124023,sine,2,0.2,0.5,28,56,7.9701149463653564,0.0
1779527529.1733747,0.0,0.0,-0.06457718232379019,0.0,0.0,0.5796986444124023,-0.0792,1.3860000000000001,0.5940000000000001,0.0,0.0,-0.012468984399622499,0.0,0.0,-0.05934119456780721,0.0,0.0,0.5880097360885658,sine,2,0.2,0.5,28,56,7.980142116546631,0.0
1779527529.1833422,0.0,0.0,-0.05934119456780721,0.0,0.0,0.5880097360885658,-0.1188,1.5048000000000001,0.1188,0.0,0.0,-0.006263729146019923,0.0,0.0,-0.05235987755982988,0.0,0.0,0.5880097360885658,sine,2,0.2,0.5,28,56,7.990029335021973,0.0
1779527529.1934624,0.0,0.0,-0.05235987755982988,0.0,0.0,0.5880097360885658,-0.0396,1.5048000000000001,0.6336,0.0,0.0,-1.947436547476724e-06,0.0,0.0,-0.047123889803846894,0.0020777729190408684,0.0,0.5942430548456884,sine,2,0.2,0.5,28,56,7.999996900558472,0.0
1779527529.2034824,0.0,0.0,-0.047123889803846894,0.0020777729190408684,0.0,0.5942430548456884,-0.0396,1.3860000000000001,0.35639999999999994,0.0,0.0,0.006355662286348081,0.0,0.0,-0.04014257279586959,0.0,0.0,0.6004763736028109,sine,2,0.2,0.5,28,56,8.010117053985596,0.0
1779527529.2133636,0.0,0.0,-0.04014257279586959,0.0,0.0,0.6004763736028109,0.0,1.4652,0.5544000000000001,0.0,0.0,0.012644057423835939,0.0,0.0,-0.03490658503988659,0.0,0.0,0.6067096923599336,sine,2,0.2,0.5,28,56,8.020137071609497,0.0
1779527529.223347,0.0,0.0,-0.03490658503988659,0.0,0.0,0.6067096923599336,-0.0396,1.3464,0.3168,0.0,0.0,0.018833128360480303,0.0,0.0,-0.027925268031909273,0.0,0.0,0.6108652381980153,sine,2,0.2,0.5,28,56,8.030018329620361,0.0
1779527529.2335055,0.0,0.0,-0.027925268031909273,0.0,0.0,0.6108652381980153,-0.0792,1.3464,0.4752,0.0,0.0,0.025067663284080183,0.0,0.0,-0.027925268031909273,0.0,0.0,0.6108652381980153,sine,2,0.2,0.5,28,56,8.040001630783081,0.0
1779527529.2435255,0.0,0.0,-0.027925268031909273,0.0,0.0,0.6108652381980153,-0.0792,1.3464,0.4752,0.0,0.0,0.03138628755663163,0.0,0.0,-0.027925268031909273,0.0,0.0,0.6108652381980153,sine,2,0.2,0.5,28,56,8.05016016960144,0.0
1779527529.2533422,0.0,0.0,-0.027925268031909273,0.0,0.0,0.6108652381980153,-0.0792,1.3464,0.4752,0.0,0.0,0.03758746653100098,0.0,0.0,-0.010471975511965978,0.0,0.0,0.5942430548456884,sine,2,0.2,0.5,28,56,8.060180187225342,0.0
1779527529.2633247,0.0,0.0,-0.010471975511965978,0.0,0.0,0.5942430548456884,-0.0792,1.5048000000000001,0.0,0.0,0.0,0.04362670680655989,0.0,0.0,-0.005235987755982989,0.0020777729190408684,0.0,0.5630764610600754,sine,2,0.2,0.5,28,56,8.06999683380127,0.0
1779527529.2735379,0.0,0.0,-0.005235987755982989,0.0020777729190408684,0.0,0.5630764610600754,-0.0396,1.5444,1.2276,0.0,0.0,0.049725452600821014,0.0,0.0,0.0,0.0,0.0,0.6170985569551379,sine,2,0.2,0.5,28,56,8.079979419708252,0.0
1779527529.2833493,0.0,0.0,0.0,0.0,0.0,0.6170985569551379,0.0,1.4652,0.396,0.0,0.0,0.05591439379612935,0.0,0.0,0.006981317007977318,0.0,0.0,0.6191763298741788,sine,2,0.2,0.5,28,56,8.090192556381226,0.0
1779527529.2934709,0.0,0.0,0.006981317007977318,0.0,0.0,0.6191763298741788,-0.0396,1.4652,0.7127999999999999,0.0,0.0,0.06180576388781363,0.0,0.0,0.012217304763960306,0.0,0.0,0.6212541027932197,sine,2,0.2,0.5,28,56,8.100003957748413,0.0
1779527529.3034892,0.0,0.0,0.012217304763960306,0.0,0.0,0.6212541027932197,0.0,1.5444,0.5148,0.0,0.0,0.06782179561142795,0.0,0.0,0.019198621771937627,0.0,0.0,0.6129430111170562,sine,2,0.2,0.5,28,56,8.110125541687012,0.0
1779527529.3133488,0.0,0.0,0.019198621771937627,0.0,0.0,0.6129430111170562,-0.0396,1.4652,0.7127999999999999,0.0,0.0,0.07370896316715655,0.0,0.0,0.024434609527920613,0.0,0.0,0.6150207840360971,sine,2,0.2,0.5,28,56,8.12014389038086,0.0
1779527529.3233488,0.0,0.0,0.024434609527920613,0.0,0.0,0.6150207840360971,-0.0396,1.3068,0.6336,0.0,0.0,0.07943156886487382,0.0,0.0,0.031415926535897934,-0.0020777729190408684,0.0,0.6108652381980153,sine,2,0.2,0.5,28,56,8.130003452301025,0.0
1779527529.3333502,0.0,0.0,0.031415926535897934,-0.0020777729190408684,0.0,0.6108652381980153,-0.0396,1.3860000000000001,0.6732,0.0,0.0,0.08515781558702061,0.0,0.0,0.03665191429188092,0.0,-0.0020777729190408684,0.6108652381980153,sine,2,0.2,0.5,28,56,8.140003442764282,0.0
1779527529.3434796,0.0,0.0,0.03665191429188092,0.0,-0.0020777729190408684,0.6108652381980153,-0.0396,1.3860000000000001,0.792,0.0,0.0,0.09080082283306722,0.0,0.0,0.03665191429188092,0.0,-0.0020777729190408684,0.6108652381980153,sine,2,0.2,0.5,28,56,8.150004863739014,0.0
1779527529.3534818,0.0,0.0,0.03665191429188092,0.0,-0.0020777729190408684,0.6108652381980153,-0.0396,1.3860000000000001,0.792,0.0,0.0,0.09642468031267155,0.0,0.0,0.048869219055841226,0.0,0.0,0.6025541465218518,sine,2,0.2,0.5,28,56,8.160134315490723,0.0
1779527529.363349,0.0,0.0,0.048869219055841226,0.0,0.0,0.6025541465218518,0.0,1.3860000000000001,0.7524000000000001,0.0,0.0,0.101882069635992,0.0,0.0,0.05585053606381855,0.0,0.0,0.59839860068377,sine,2,0.2,0.5,28,56,8.170136451721191,0.0
1779527529.3733475,0.0,0.0,0.05585053606381855,0.0,0.0,0.59839860068377,-0.0792,1.3860000000000001,0.396,0.0,0.0,0.10716729164438943,0.0,0.0,0.061086523819801536,0.0,0.0,0.5880097360885658,sine,2,0.2,0.5,28,56,8.180003643035889,0.0
1779527529.3834054,0.0,0.0,0.061086523819801536,0.0,0.0,0.5880097360885658,-0.0396,1.4652,1.0692,0.0,0.0,0.11241782039444936,0.0,0.0,0.06806784082777886,0.0,0.0,0.583854190250484,sine,2,0.2,0.5,28,56,8.190002202987671,0.0
1779527529.3934624,0.0,0.0,0.06806784082777886,0.0,0.0,0.583854190250484,-0.0396,1.3860000000000001,0.3168,0.0,0.0,0.11758761324056065,0.0,0.0,0.07330382858376185,0.0,0.0,0.5796986444124023,sine,2,0.2,0.5,28,56,8.20006012916565,0.0
1779527529.4033601,0.0,0.0,0.07330382858376185,0.0,0.0,0.5796986444124023,-0.0792,1.3068,0.8316,0.0,0.0,0.12263953978713027,0.0,0.0,0.07853981633974483,0.0020777729190408684,0.0,0.5755430985743205,sine,2,0.2,0.5,28,56,8.210117101669312,0.0
1779527529.4134762,0.0,0.0,0.07853981633974483,0.0020777729190408684,0.0,0.5755430985743205,-0.0396,1.4652,0.0,0.0,0.0,0.127491968015839,0.0,0.0,0.08552113334772216,0.0020777729190408684,0.0,0.5713875527362388,sine,2,0.2,0.5,28,56,8.220014810562134,0.0
1779527529.4233587,0.0,0.0,0.08552113334772216,0.0020777729190408684,0.0,0.5713875527362388,-0.1188,1.5048000000000001,0.8316,0.0,0.0,0.13232406130905663,0.0,0.0,0.09075712110370514,0.0020777729190408684,0.0,0.5609986881410345,sine,2,0.2,0.5,28,56,8.230130910873413,0.0
1779527529.4333735,0.0,0.0,0.09075712110370514,0.0020777729190408684,0.0,0.5609986881410345,-0.1188,1.3860000000000001,-0.0396,0.0,0.0,0.1369155407199747,0.0,0.0,0.09599310885968812,0.0,0.0,0.5506098235458301,sine,2,0.2,0.5,28,56,8.240013360977173,0.0
1779527529.4434977,0.0,0.0,0.09599310885968812,0.0,0.0,0.5506098235458301,-0.0792,1.3464,0.6336,0.0,0.0,0.1414338550218036,0.0,0.0,0.10122909661567113,0.0020777729190408684,0.0,0.5402209589506258,sine,2,0.2,0.5,28,56,8.250028133392334,0.0
1779527529.4534824,0.0,0.0,0.10122909661567113,0.0020777729190408684,0.0,0.5402209589506258,-0.0396,1.3860000000000001,0.1584,0.0,0.0,0.14585923226771272,0.0,0.0,0.10646508437165411,0.0,0.0020777729190408684,0.5256765485173397,sine,2,0.2,0.5,28,56,8.260152339935303,0.0
1779527529.4633636,0.0,0.0,0.10646508437165411,0.0,0.0020777729190408684,0.5256765485173397,-0.0396,1.4652,0.4356,0.0,0.0,0.15007915525577387,0.0,0.0,0.1117010721276371,0.0,0.0,0.5090543651650128,sine,2,0.2,0.5,28,56,8.270137071609497,0.0
1779527529.4734726,0.0,0.0,0.1117010721276371,0.0,0.0,0.5090543651650128,-0.0396,1.4255999999999998,1.0296,0.0,0.0,0.15410998940984366,0.0,0.0,0.11693705988362009,0.0020777729190408684,0.0020777729190408684,0.504898819326931,sine,2,0.2,0.5,28,56,8.280018329620361,0.0
1779527529.483343,0.0,0.0,0.11693705988362009,0.0020777729190408684,0.0020777729190408684,0.504898819326931,0.0,1.3068,0.3168,0.0,0.0,0.15808000446681536,0.0,0.0,0.12217304763960307,0.0020777729190408684,0.0020777729190408684,0.504898819326931,sine,2,0.2,0.5,28,56,8.290127277374268,0.0
1779527529.4935036,0.0,0.0,0.12217304763960307,0.0020777729190408684,0.0020777729190408684,0.504898819326931,0.0,1.4652,0.5148,0.0,0.0,0.16180250074105804,0.0,0.0,0.12566370614359174,0.0,0.0020777729190408684,0.4841210901365223,sine,2,0.2,0.5,28,56,8.299997568130493,0.0
1779527529.5034828,0.0,0.0,0.12566370614359174,0.0,0.0020777729190408684,0.4841210901365223,-0.0396,1.5048000000000001,0.0792,0.0,0.0,0.1654719841099714,0.0,0.0,0.1308996938995747,-0.0020777729190408684,0.0,0.46749890678419537,sine,2,0.2,0.5,28,56,8.310158252716064,0.0
1779527529.513347,0.0,0.0,0.1308996938995747,-0.0020777729190408684,0.0,0.46749890678419537,-0.0396,1.3464,0.6336,0.0,0.0,0.16891186171259817,0.0,0.0,0.13613568165555773,0.0,0.0,0.45711004218899104,sine,2,0.2,0.5,28,56,8.32013750076294,0.0
1779527529.523454,0.0,0.0,0.13613568165555773,0.0,0.0,0.45711004218899104,0.0,1.3860000000000001,0.7524000000000001,0.0,0.0,0.17214891478761285,0.0,0.0,0.13962634015954636,0.0,0.0,0.44464340467474583,sine,2,0.2,0.5,28,56,8.330001592636108,0.0
1779527529.5333421,0.0,0.0,0.13962634015954636,0.0,0.0,0.44464340467474583,-0.0396,1.3860000000000001,0.0396,0.0,0.0,0.175294208454029,0.0,0.0,0.14486232791552936,0.0,0.0,0.4363323129985824,sine,2,0.2,0.5,28,56,8.340108633041382,0.0
1779527529.5434947,0.0,0.0,0.14486232791552936,0.0,0.0,0.4363323129985824,-0.0396,1.3464,0.4356,0.0,0.0,0.17820039350738529,0.0,0.0,0.14835298641951802,0.0,0.0,0.4113990379700919,sine,2,0.2,0.5,28,56,8.34999680519104,0.0
1779527529.5533466,0.0,0.0,0.14835298641951802,0.0,0.0,0.4113990379700919,-0.0396,1.2672,0.8712,0.0,0.0,0.18100535439908658,0.0,0.0,0.1518436449235067,0.0,0.0,0.40516571921296934,sine,2,0.2,0.5,28,56,8.360149383544922,0.0
1779527529.563453,0.0,0.0,0.1518436449235067,0.0,0.0,0.40516571921296934,-0.0396,1.4652,0.0396,0.0,0.0,0.18355125354139248,0.0,0.0,0.15707963267948966,0.0,0.0,0.39062130877968326,sine,2,0.2,0.5,28,56,8.370001316070557,0.0
1779527529.5734627,0.0,0.0,0.15707963267948966,0.0,0.0,0.39062130877968326,-0.0396,1.5048000000000001,0.35639999999999994,0.0,0.0,0.18598018390269816,0.0,0.0,0.15707963267948966,0.0,0.0,0.39062130877968326,sine,2,0.2,0.5,28,56,8.380107641220093,0.0
1779527529.5834591,0.0,0.0,0.15707963267948966,0.0,0.0,0.39062130877968326,-0.0396,1.5048000000000001,0.35639999999999994,0.0,0.0,0.18820112931249533,0.0,0.0,0.16406094968746698,0.0,0.0,0.3677658066702337,sine,2,0.2,0.5,28,56,8.390117406845093,0.0
1779527529.5933275,0.0,0.0,0.16406094968746698,0.0,0.0,0.3677658066702337,-0.0792,1.4255999999999998,-0.1584,0.0,0.0,0.19023339071483264,0.0,0.0,0.16755160819145565,0.0,0.0,0.3282881212084572,sine,2,0.2,0.5,28,56,8.400113821029663,0.0
1779527529.6033723,0.0,0.0,0.16755160819145565,0.0,0.0,0.3282881212084572,-0.0792,1.3860000000000001,0.5940000000000001,0.0,0.0,0.19205561735706136,0.0,0.0,0.1710422666954443,0.0,0.0,0.3365992128846207,sine,2,0.2,0.5,28,56,8.409982204437256,0.0
1779527529.613491,0.0,0.0,0.1710422666954443,0.0,0.0,0.3365992128846207,0.0,1.3068,0.3168,0.0,0.0,0.19372085320154442,0.0,0.0,0.17278759594743864,0.0,0.0,0.29296598158476245,sine,2,0.2,0.5,28,56,8.420027017593384,0.0
1779527529.6234655,0.0,0.0,0.17278759594743864,0.0,0.0,0.29296598158476245,-0.0396,1.5048000000000001,0.9107999999999999,0.0,0.0,0.1952033076242345,0.0,0.0,0.1762782544514273,0.0,0.0,0.2950437545038033,sine,2,0.2,0.5,28,56,8.430145740509033,0.0
1779527529.6333935,0.0,0.0,0.1762782544514273,0.0,0.0,0.2950437545038033,-0.0396,1.4652,-0.0396,0.0,0.0,0.1964715902753373,0.0,0.0,0.17802358370342164,0.0,0.0,0.2638771607181903,sine,2,0.2,0.5,28,56,8.440120220184326,0.0
1779527529.6434555,0.0,0.0,0.17802358370342164,0.0,0.0,0.2638771607181903,-0.0396,1.2672,0.4356,0.0,0.0,0.19754240427355907,0.0,0.0,0.18151424220741028,0.0020777729190408684,0.0,0.2617993877991494,sine,2,0.2,0.5,28,56,8.450048208236694,0.0
1779527529.6534708,0.0,0.0,0.18151424220741028,0.0020777729190408684,0.0,0.2617993877991494,0.0,1.3860000000000001,0.35639999999999994,0.0,0.0,0.1984316055533618,0.0,0.0,0.1832595714594046,0.0,0.0,0.2306327940135364,sine,2,0.2,0.5,28,56,8.460110187530518,0.0
1779527529.6634388,0.0,0.0,0.1832595714594046,0.0,0.0,0.2306327940135364,-0.0396,1.2672,0.7524000000000001,0.0,0.0,0.19911979453673845,0.0,0.0,0.18500490071139894,0.0,0.0,0.22024392941833204,sine,2,0.2,0.5,28,56,8.470125436782837,0.0
1779527529.673348,0.0,0.0,0.18500490071139894,0.0,0.0,0.22024392941833204,-0.0396,1.4255999999999998,0.5148,0.0,0.0,0.19960902505967598,0.0,0.0,0.18849555921538758,0.0,0.0,0.20569951898504596,sine,2,0.2,0.5,28,56,8.480093479156494,0.0
1779527529.683519,0.0,0.0,0.18849555921538758,0.0,0.0,0.20569951898504596,0.0,1.4652,0.0,0.0,0.0,0.19990136401414882,0.0,0.0,0.19024088846738194,0.0,0.0,0.17245515228039207,sine,2,0.2,0.5,28,56,8.490002632141113,0.0
1779527529.6935487,0.0,0.0,0.19024088846738194,0.0,0.0,0.17245515228039207,-0.0792,1.3860000000000001,0.2376,0.0,0.0,0.19999997026672936,0.0,0.0,0.19024088846738194,0.0,0.0,0.17245515228039207,sine,2,0.2,0.5,28,56,8.500173568725586,0.0
1779527529.703496,0.0,0.0,0.19024088846738194,0.0,0.0,0.17245515228039207,-0.0792,1.3860000000000001,0.2376,0.0,0.0,0.1998972577418634,0.0,0.0,0.19198621771937624,0.0,0.0,0.14752187725190166,sine,2,0.2,0.5,28,56,8.51020336151123,0.0
1779527529.713362,0.0,0.0,0.19198621771937624,0.0,0.0,0.14752187725190166,0.0,1.3464,0.198,0.0,0.0,0.19959937936359173,0.0,0.0,0.1937315469713706,0.0,0.0,0.13297746681861558,sine,2,0.2,0.5,28,56,8.520150661468506,0.0
1779527529.7233908,0.0,0.0,0.1937315469713706,0.0,0.0,0.13297746681861558,-0.0396,1.3464,0.3168,0.0,0.0,0.19911140750130274,0.0,0.0,0.1954768762233649,0.0,0.0,0.10388864595204342,sine,2,0.2,0.5,28,56,8.530016660690308,0.0
1779527529.7334592,0.0,0.0,0.1954768762233649,0.0,0.0,0.10388864595204342,-0.0396,1.4255999999999998,0.4356,0.0,0.0,0.19841935516311437,0.0,0.0,0.1954768762233649,0.0,-0.0020777729190408684,0.07479982508547126,sine,2,0.2,0.5,28,56,8.540045499801636,0.0
1779527529.7434878,0.0,0.0,0.1954768762233649,0.0,-0.0020777729190408684,0.07479982508547126,-0.0792,1.3464,0.8712,0.0,0.0,0.19752645854985718,0.0,0.0,0.1954768762233649,0.0,0.0,0.06233318757122605,sine,2,0.2,0.5,28,56,8.550113916397095,0.0
1779527529.7533655,0.0,0.0,0.1954768762233649,0.0,0.0,0.06233318757122605,0.0,1.4255999999999998,0.8712,0.0,0.0,0.19644065118382747,0.0,0.0,0.19722220547535924,0.0,0.0,0.033244366704653895,sine,2,0.2,0.5,28,56,8.560142517089844,0.0
1779527529.763447,0.0,0.0,0.19722220547535924,0.0,0.0,0.033244366704653895,0.0396,1.3068,1.1880000000000002,0.0,0.0,0.19518058347472783,0.0,0.0,0.19722220547535924,0.0,0.0,0.035322139623694765,sine,2,0.2,0.5,28,56,8.570020198822021,0.0
1779527529.773461,0.0,0.0,0.19722220547535924,0.0,0.0,0.035322139623694765,-0.0396,1.4255999999999998,0.5940000000000001,0.0,0.0,0.19370072660687723,0.0,0.0,0.19722220547535924,0.0,-0.0020777729190408684,0.01246663751424521,sine,2,0.2,0.5,28,56,8.580101728439331,0.0
1779527529.78345,0.0,0.0,0.19722220547535924,0.0,-0.0020777729190408684,0.01246663751424521,-0.0396,1.3464,0.7127999999999999,0.0,0.0,0.19203842776055208,0.0,0.0,0.19722220547535924,0.0,0.0,-0.0020777729190408684,sine,2,0.2,0.5,28,56,8.590115785598755,0.0
1779527529.7934964,0.0,0.0,0.19722220547535924,0.0,0.0,-0.0020777729190408684,-0.0792,1.3068,-0.396,0.0,0.0,0.190190989493113,0.0,0.0,0.19722220547535924,0.0,0.0,-0.016622183352326948,sine,2,0.2,0.5,28,56,8.600104570388794,0.0
1779527529.8034875,0.0,0.0,0.19722220547535924,0.0,0.0,-0.016622183352326948,-0.0792,1.2276,-0.198,0.0,0.0,0.1881439833033568,0.0,0.0,0.1954768762233649,0.0,0.0,-0.04986655005698084,sine,2,0.2,0.5,28,56,8.610151052474976,0.0
1779527529.8133419,0.0,0.0,0.1954768762233649,0.0,0.0,-0.04986655005698084,-0.0396,1.3464,-0.5148,0.0,0.0,0.18592238287009902,0.0,0.0,0.1954768762233649,0.0,0.0,-0.05194432297602171,sine,2,0.2,0.5,28,56,8.620142221450806,0.0
1779527529.8234532,0.0,0.0,0.1954768762233649,0.0,0.0,-0.05194432297602171,-0.0792,1.2672,0.1188,0.0,0.0,0.18355178897694122,0.0,0.0,0.1954768762233649,0.0,-0.0020777729190408684,-0.078955370923553,sine,2,0.2,0.5,28,56,8.629996538162231,0.0
1779527529.8334553,0.0,0.0,0.1954768762233649,0.0,-0.0020777729190408684,-0.078955370923553,-0.0396,1.4255999999999998,0.198,0.0,0.0,0.1809365421514576,0.0,0.0,0.1937315469713706,0.0,0.0020777729190408684,-0.10388864595204342,sine,2,0.2,0.5,28,56,8.640107870101929,0.0
1779527529.8433504,0.0,0.0,0.1937315469713706,0.0,0.0020777729190408684,-0.10388864595204342,0.0,1.5048000000000001,0.3168,0.0,0.0,0.17816991481934247,0.0,0.0,0.19198621771937624,0.0,0.0,-0.12258860222341124,sine,2,0.2,0.5,28,56,8.650110006332397,0.0
1779527529.853445,0.0,0.0,0.19198621771937624,0.0,0.0,-0.12258860222341124,0.0,1.4255999999999998,0.6336,0.0,0.0,0.17525979447669315,0.0,0.0,0.19024088846738194,0.0,0.0,-0.15375519600902426,sine,2,0.2,0.5,28,56,8.66000509262085,0.0
1779527529.863479,0.0,0.0,0.19024088846738194,0.0,0.0,-0.15375519600902426,-0.0792,1.3464,0.396,0.0,0.0,0.1721164976100858,0.0,0.0,0.18849555921538758,0.0,0.0,-0.16829960644231035,sine,2,0.2,0.5,28,56,8.67009973526001,0.0
1779527529.873344,0.0,0.0,0.18849555921538758,0.0,0.0,-0.16829960644231035,-0.0792,1.3068,0.5148,0.0,0.0,0.16882059747516312,0.0,0.0,0.1867502299633933,0.0,0.0,-0.17661069811847382,sine,2,0.2,0.5,28,56,8.680133581161499,0.0
1779527529.883385,0.0,0.0,0.1867502299633933,0.0,0.0,-0.17661069811847382,-0.0396,1.5048000000000001,0.5940000000000001,0.0,0.0,0.16541659985499316,0.0,0.0,0.18500490071139894,0.0,0.0,-0.2036217460660051,sine,2,0.2,0.5,28,56,8.689998626708984,0.0
1779527529.8934517,0.0,0.0,0.18500490071139894,0.0,0.0,-0.2036217460660051,-0.0792,1.5048000000000001,0.198,0.0,0.0,0.16178876339831513,0.0,0.0,0.1832595714594046,0.0,0.0,-0.22232170233737292,sine,2,0.2,0.5,28,56,8.700039625167847,0.0
1779527529.9034588,0.0,0.0,0.1832595714594046,0.0,0.0,-0.22232170233737292,-0.0792,1.4652,-0.0396,0.0,0.0,0.15799002938223405,0.0,0.0,0.17976891295541597,0.0,0.0,-0.23478833985161812,sine,2,0.2,0.5,28,56,8.710106372833252,0.0
1779527529.913342,0.0,0.0,0.17976891295541597,0.0,0.0,-0.23478833985161812,0.0,1.3464,0.4752,0.0,0.0,0.15405717505522504,0.0,0.0,0.17802358370342164,0.0,0.0,-0.2617993877991494,sine,2,0.2,0.5,28,56,8.720113515853882,0.0
1779527529.9233763,0.0,0.0,0.17802358370342164,0.0,0.0,-0.2617993877991494,-0.0396,1.3860000000000001,0.5148,0.0,0.0,0.1500235929219,0.0,0.0,0.17453292519943295,0.0,0.0,-0.26803270655627204,sine,2,0.2,0.5,28,56,8.729996681213379,0.0
1779527529.9333434,0.0,0.0,0.17453292519943295,0.0,0.0,-0.26803270655627204,0.0,1.5048000000000001,0.5940000000000001,0.0,0.0,0.14578038957031655,0.0,0.0,0.1710422666954443,0.0,-0.0020777729190408684,-0.2950437545038033,sine,2,0.2,0.5,28,56,8.740031003952026,0.0
1779527529.9433396,0.0,0.0,0.1710422666954443,0.0,-0.0020777729190408684,-0.2950437545038033,0.0,1.5048000000000001,-0.1188,0.0,0.0,0.14142220364744063,0.0,0.0,0.16929693744344998,0.0,0.0,-0.2971215274228442,sine,2,0.2,0.5,28,56,8.749998092651367,0.0
1779527529.9533436,0.0,0.0,0.16929693744344998,0.0,0.0,-0.2971215274228442,-0.0396,1.3464,0.4356,0.0,0.0,0.13691204636879892,0.0,0.0,0.1658062789394613,0.0,0.0,-0.3345214399655798,sine,2,0.2,0.5,28,56,8.759994268417358,0.0
1779527529.9633415,0.0,0.0,0.1658062789394613,0.0,0.0,-0.3345214399655798,-0.0792,1.3464,0.396,0.0,0.0,0.13226316863359994,0.0,0.0,0.16231562043547265,0.0020777729190408684,0.0,-0.33036589412749806,sine,2,0.2,0.5,28,56,8.76999831199646,0.0
1779527529.9733422,0.0,0.0,0.16231562043547265,0.0020777729190408684,0.0,-0.33036589412749806,-0.0396,1.3860000000000001,0.8712,0.0,0.0,0.12748665859225025,0.0,0.0,0.158824961931484,0.0020777729190408684,-0.0020777729190408684,-0.3677658066702337,sine,2,0.2,0.5,28,56,8.779996156692505,0.0
1779527529.9833457,0.0,0.0,0.158824961931484,0.0020777729190408684,-0.0020777729190408684,-0.3677658066702337,-0.0792,1.3860000000000001,-0.3168,0.0,0.0,0.1225829684401804,0.0,0.0,0.15533430342749532,0.0,-0.0020777729190408684,-0.35737694207502935,sine,2,0.2,0.5,28,56,8.789996862411499,0.0
1779527529.9933467,0.0,0.0,0.15533430342749532,0.0,-0.0020777729190408684,-0.35737694207502935,-0.0396,1.3068,1.1088000000000002,0.0,0.0,0.11755683231095193,0.0,0.0,0.15009831567151233,0.0,0.0,-0.39685462753680584,sine,2,0.2,0.5,28,56,8.800000429153442,0.0
1779527530.0033863,0.0,0.0,0.15009831567151233,0.0,0.0,-0.39685462753680584,0.0,1.3068,0.3168,0.0,0.0,0.11241596191116764,0.0,0.0,0.1466076571675237,0.0,0.0,-0.3989324004558467,sine,2,0.2,0.5,28,56,8.810001373291016,0.0
1779527530.013344,0.0,0.0,0.1466076571675237,0.0,0.0,-0.3989324004558467,-0.0396,1.5048000000000001,0.1188,0.0,0.0,0.10714363850071199,0.0,0.0,0.14311699866353503,0.0,0.0,-0.41555458380817367,sine,2,0.2,0.5,28,56,8.820040941238403,0.0
1779527530.0233457,0.0,0.0,0.14311699866353503,0.0,0.0,-0.41555458380817367,-0.0396,1.4255999999999998,0.6732,0.0,0.0,0.10180896911844793,0.0,0.0,0.13788101090755203,0.0,0.0,-0.4363323129985824,sine,2,0.2,0.5,28,56,8.82999873161316,0.0
1779527530.033435,0.0,0.0,0.13788101090755203,0.0,0.0,-0.4363323129985824,-0.0396,1.4255999999999998,0.4752,0.0,0.0,0.09635051953221584,0.0,0.0,0.13264502315156904,-0.0020777729190408684,0.0,-0.4467211775937867,sine,2,0.2,0.5,28,56,8.84000039100647,0.0
1779527530.043369,0.0,0.0,0.13264502315156904,-0.0020777729190408684,0.0,-0.4467211775937867,0.0792,1.3464,0.0,0.0,0.0,0.09074782954496109,0.0,0.0,0.12915436464758037,0.0,0.0,-0.4591878151080319,sine,2,0.2,0.5,28,56,8.85008978843689,0.0
1779527530.0533428,0.0,0.0,0.12915436464758037,0.0,0.0,-0.4591878151080319,-0.0792,1.4255999999999998,0.5544000000000001,0.0,0.0,0.08514236315271179,0.0,0.0,0.1239183768915974,0.0,0.0,-0.46334336094611367,sine,2,0.2,0.5,28,56,8.860023736953735,0.0
1779527530.063484,0.0,0.0,0.1239183768915974,0.0,0.0,-0.46334336094611367,0.0,1.5444,0.7127999999999999,0.0,0.0,0.07943101893820634,0.0,0.0,0.11868238913561442,0.0,0.0,-0.49035440889364496,sine,2,0.2,0.5,28,56,8.869997501373291,0.0
1779527530.0733438,0.0,0.0,0.11868238913561442,0.0,0.0,-0.49035440889364496,-0.0396,1.3860000000000001,0.0396,0.0,0.0,0.07354391320116568,0.0,0.0,0.11344640137963143,0.0,0.0,-0.504898819326931,sine,2,0.2,0.5,28,56,8.880138635635376,0.0
1779527530.0836952,0.0,0.0,0.11344640137963143,0.0,0.0,-0.504898819326931,-0.0396,1.5048000000000001,0.4356,0.0,0.0,0.06774850865783387,0.0,0.0,0.10995574287564278,0.0020777729190408684,0.0,-0.5069765922459719,sine,2,0.2,0.5,28,56,8.889998435974121,0.0
1779527530.0933468,0.0,0.0,0.10995574287564278,0.0020777729190408684,0.0,-0.5069765922459719,-0.0792,1.3860000000000001,0.27720000000000006,0.0,0.0,0.06159429972981674,0.0,0.0,0.10471975511965977,-0.0020777729190408684,0.0,-0.5132099110030945,sine,2,0.2,0.5,28,56,8.900349855422974,0.0
1779527530.1035068,0.0,0.0,0.10471975511965977,-0.0020777729190408684,0.0,-0.5132099110030945,-0.0396,1.4652,0.792,0.0,0.0,0.05579730629136031,0.0,0.0,0.09773843811168245,0.0,0.0020777729190408684,-0.5256765485173397,sine,2,0.2,0.5,28,56,8.910001516342163,0.0
1779527530.1133428,0.0,0.0,0.09773843811168245,0.0,0.0020777729190408684,-0.5256765485173397,-0.0396,1.584,0.5940000000000001,0.0,0.0,0.04963969428831744,0.0,0.0,0.09250245035569947,0.0,0.0,-0.538143186031585,sine,2,0.2,0.5,28,56,8.920161485671997,0.0
1779527530.1234596,0.0,0.0,0.09250245035569947,0.0,0.0,-0.538143186031585,-0.0396,1.4652,0.396,0.0,0.0,0.04363021548910123,0.0,0.0,0.08726646259971647,0.0,0.0,-0.5464542777077483,sine,2,0.2,0.5,28,56,8.929997444152832,0.0
1779527530.1333861,0.0,0.0,0.08726646259971647,0.0,0.0,-0.5464542777077483,0.0,1.4255999999999998,0.6732,0.0,0.0,0.03740574062977348,0.0,0.0,0.08203047484373349,0.0,0.0,-0.5589209152219936,sine,2,0.2,0.5,28,56,8.940114259719849,0.0
1779527530.1434498,0.0,0.0,0.08203047484373349,0.0,0.0,-0.5589209152219936,-0.0396,1.5048000000000001,0.0792,0.0,0.0,0.03126156225737713,0.0,0.0,0.07679448708775051,0.0,0.0,-0.5734653256552796,sine,2,0.2,0.5,28,56,8.950040817260742,0.0
1779527530.153367,0.0,0.0,0.07679448708775051,0.0,0.0,-0.5734653256552796,-0.0396,1.3860000000000001,0.4356,0.0,0.0,0.02500152533637197,0.0,0.0,0.06981317007977318,0.0,0.0,-0.5755430985743205,sine,2,0.2,0.5,28,56,8.96010446548462,0.0
1779527530.1634636,0.0,0.0,0.06981317007977318,0.0,0.0,-0.5755430985743205,0.0,1.3860000000000001,0.0,0.0,0.0,0.01880807316703603,0.0,0.0,0.06457718232379019,0.0,0.0,-0.5755430985743205,sine,2,0.2,0.5,28,56,8.970021724700928,0.0
1779527530.1733754,0.0,0.0,0.06457718232379019,0.0,0.0,-0.5755430985743205,0.0,1.4652,0.5148,0.0,0.0,0.012483935504070722,0.0,0.0,0.05934119456780721,0.0,0.0,-0.5796986444124023,sine,2,0.2,0.5,28,56,8.98011827468872,0.0
1779527530.1834447,0.0,0.0,0.05934119456780721,0.0,0.0,-0.5796986444124023,0.0,1.5048000000000001,0.198,0.0,0.0,0.0062632799580266615,0.0,0.0,0.05235987755982988,0.0,-0.0020777729190408684,-0.5880097360885658,sine,2,0.2,0.5,28,56,8.99003005027771,0.0
1779527530.193495,0.0,0.0,0.05235987755982988,0.0,-0.0020777729190408684,-0.5880097360885658,-0.0396,1.4255999999999998,0.7127999999999999,0.0,0.0,-6.24677713036075e-05,0.0,0.0,0.047123889803846894,0.0,0.0,-0.5942430548456884,sine,2,0.2,0.5,28,56,9.000099420547485,0.0
1779527530.203343,0.0,0.0,0.047123889803846894,0.0,0.0,-0.5942430548456884,-0.0792,1.3068,0.198,0.0,0.0,-0.006376174872701532,0.0,0.0,0.04014257279586959,0.0,0.0020777729190408684,-0.6025541465218518,sine,2,0.2,0.5,28,56,9.010149717330933,0.0
1779527530.2135115,0.0,0.0,0.04014257279586959,0.0,0.0020777729190408684,-0.6025541465218518,-0.0396,1.3464,0.5544000000000001,0.0,0.0,-0.012556596872831144,0.0,0.0,0.03490658503988659,0.0,0.0020777729190408684,-0.6046319194408927,sine,2,0.2,0.5,28,56,9.019997596740723,0.0
1779527530.223474,0.0,0.0,0.03490658503988659,0.0,0.0020777729190408684,-0.6046319194408927,-0.0792,1.4652,0.1188,0.0,0.0,-0.018925591371243847,0.0,0.0,0.027925268031909273,0.0020777729190408684,0.0,-0.6067096923599336,sine,2,0.2,0.5,28,56,9.030166149139404,0.0
1779527530.2334907,0.0,0.0,0.027925268031909273,0.0020777729190408684,0.0,-0.6067096923599336,0.0,1.5444,0.7524000000000001,0.0,0.0,-0.02514687653062015,0.0,0.0,0.022689280275926284,0.0,0.0,-0.6067096923599336,sine,2,0.2,0.5,28,56,9.040128707885742,0.0
1779527530.2434762,0.0,0.0,0.022689280275926284,0.0,0.0,-0.6067096923599336,-0.0396,1.4255999999999998,0.2376,0.0,0.0,-0.031377114828660645,0.0,0.0,0.015707963267948967,0.0,0.0,-0.6108652381980153,sine,2,0.2,0.5,28,56,9.050145387649536,0.0
1779527530.2534707,0.0,0.0,0.015707963267948967,0.0,0.0,-0.6108652381980153,-0.0792,1.5444,0.99,0.0,0.0,-0.03755700944933945,0.0,0.0,0.010471975511965978,-0.0020777729190408684,0.0,-0.6150207840360971,sine,2,0.2,0.5,28,56,9.060130834579468,0.0
1779527530.2633662,0.0,0.0,0.010471975511965978,-0.0020777729190408684,0.0,-0.6150207840360971,0.0,1.4652,0.198,0.0,0.0,-0.043705502569469847,0.0,0.0,0.003490658503988659,0.0,-0.0020777729190408684,-0.6191763298741788,sine,2,0.2,0.5,28,56,9.070125341415405,0.0
1779527530.2733462,0.0,0.0,0.003490658503988659,0.0,-0.0020777729190408684,-0.6191763298741788,-0.0396,1.4255999999999998,0.7127999999999999,0.0,0.0,-0.04975069938511453,0.0,0.0,0.0,0.0,-0.0020777729190408684,-0.6191763298741788,sine,2,0.2,0.5,28,56,9.080020904541016,0.0
1779527530.2833412,0.0,0.0,0.0,0.0,-0.0020777729190408684,-0.6191763298741788,-0.0792,1.4652,0.1584,0.0,0.0,-0.055798744838723435,0.0,0.0,-0.006981317007977318,0.0,0.0,-0.6129430111170562,sine,2,0.2,0.5,28,56,9.090000867843628,0.0
1779527530.2933414,0.0,0.0,-0.006981317007977318,0.0,0.0,-0.6129430111170562,0.0,1.4652,0.8316,0.0,0.0,-0.06180091987538721,0.0,0.0,-0.012217304763960306,-0.0020777729190408684,0.0,-0.6129430111170562,sine,2,0.2,0.5,28,56,9.099995851516724,0.0
1779527530.303372,0.0,0.0,-0.012217304763960306,-0.0020777729190408684,0.0,-0.6129430111170562,-0.0396,1.5048000000000001,0.27720000000000006,0.0,0.0,-0.06774526688207612,0.0,0.0,-0.019198621771937627,0.0020777729190408684,-0.0020777729190408684,-0.6108652381980153,sine,2,0.2,0.5,28,56,9.10999608039856,0.0
1779527530.3133488,0.0,0.0,-0.019198621771937627,0.0020777729190408684,-0.0020777729190408684,-0.6108652381980153,-0.0792,1.4652,0.8712,0.0,0.0,-0.07364044313489003,0.0,0.0,-0.02617993877991494,0.0,0.0,-0.6087874652789744,sine,2,0.2,0.5,28,56,9.120026588439941,0.0
1779527530.3233457,0.0,0.0,-0.02617993877991494,0.0,0.0,-0.6087874652789744,0.0,1.5048000000000001,0.396,0.0,0.0,-0.07943156886487379,0.0,0.0,-0.031415926535897934,0.0,0.0,-0.6108652381980153,sine,2,0.2,0.5,28,56,9.130003452301025,0.0
1779527530.3333595,0.0,0.0,-0.031415926535897934,0.0,0.0,-0.6108652381980153,0.0,1.3860000000000001,0.5544000000000001,0.0,0.0,-0.08515605349868091,0.0,0.0,-0.038397243543875255,0.0,0.0,-0.6067096923599336,sine,2,0.2,0.5,28,56,9.140000343322754,0.0
1779527530.3433433,0.0,0.0,-0.038397243543875255,0.0,0.0,-0.6067096923599336,0.0,1.4652,0.4356,0.0,0.0,-0.09080602828980401,0.0,0.0,-0.04363323129985824,0.0,0.0,-0.6025541465218518,sine,2,0.2,0.5,28,56,9.150014162063599,0.0
1779527530.3533483,0.0,0.0,-0.04363323129985824,0.0,0.0,-0.6025541465218518,-0.0396,1.4255999999999998,0.4752,0.0,0.0,-0.09634960061784079,0.0,0.0,-0.048869219055841226,0.0,0.0020777729190408684,-0.5921652819266475,sine,2,0.2,0.5,28,56,9.159997940063477,0.0
1779527530.363344,0.0,0.0,-0.048869219055841226,0.0,0.0020777729190408684,-0.5921652819266475,0.0,1.5048000000000001,0.7524000000000001,0.0,0.0,-0.10180987170594882,0.0,0.0,-0.05585053606381855,0.0,0.0,-0.5900875090076066,sine,2,0.2,0.5,28,56,9.170002937316895,0.0
1779527530.373343,0.0,0.0,-0.05585053606381855,0.0,0.0,-0.5900875090076066,0.0,1.5048000000000001,0.5940000000000001,0.0,0.0,-0.10716463551378921,0.0,0.0,-0.061086523819801536,0.0,0.0,-0.5859319631695249,sine,2,0.2,0.5,28,56,9.179998636245728,0.0
1779527530.383365,0.0,0.0,-0.061086523819801536,0.0,0.0,-0.5859319631695249,0.0,1.3464,0.8316,0.0,0.0,-0.1124154663132291,0.0,0.0,-0.06806784082777886,-0.0020777729190408684,0.0,-0.5859319631695249,sine,2,0.2,0.5,28,56,9.189997673034668,0.0
1779527530.393345,0.0,0.0,-0.06806784082777886,-0.0020777729190408684,0.0,-0.5859319631695249,0.0,1.5048000000000001,0.396,0.0,0.0,-0.11756701230193162,0.0,0.0,-0.07330382858376185,0.0,0.0,-0.5817764173314431,sine,2,0.2,0.5,28,56,9.200019598007202,0.0
1779527530.4033432,0.0,0.0,-0.07330382858376185,0.0,0.0,-0.5817764173314431,0.0,1.4652,0.6336,0.0,0.0,-0.12258131130191957,0.0,0.0,-0.07853981633974483,0.0,0.0,-0.5734653256552796,sine,2,0.2,0.5,28,56,9.209999799728394,0.0
1779527530.4133422,0.0,0.0,-0.07853981633974483,0.0,0.0,-0.5734653256552796,0.0,1.3860000000000001,0.0792,0.0,0.0,-0.12748377297247476,0.0,0.0,-0.08552113334772216,0.0020777729190408684,0.0,-0.5672320068981571,sine,2,0.2,0.5,28,56,9.219997882843018,0.0
1779527530.423357,0.0,0.0,-0.08552113334772216,0.0020777729190408684,0.0,-0.5672320068981571,0.0,1.3068,0.5940000000000001,0.0,0.0,-0.13226092125432543,0.0,0.0,-0.09075712110370514,0.0020777729190408684,0.0,-0.5589209152219936,sine,2,0.2,0.5,28,56,9.229996919631958,0.0
1779527530.4333453,0.0,0.0,-0.09075712110370514,0.0020777729190408684,0.0,-0.5589209152219936,-0.0396,1.5048000000000001,0.0792,0.0,0.0,-0.1369147763373759,0.0,0.0,-0.09599310885968812,0.0,0.0,-0.552687596464871,sine,2,0.2,0.5,28,56,9.24001169204712,0.0
1779527530.4434748,0.0,0.0,-0.09599310885968812,0.0,0.0,-0.552687596464871,-0.0396,1.4255999999999998,0.35639999999999994,0.0,0.0,-0.14142135623730948,0.0,0.0,-0.10122909661567113,0.0,0.0,-0.538143186031585,sine,2,0.2,0.5,28,56,9.25,0.0
1779527530.453457,0.0,0.0,-0.10122909661567113,0.0,0.0,-0.538143186031585,-0.0396,1.4652,0.396,0.0,0.0,-0.14584939238922975,0.0,0.0,-0.10646508437165411,0.0,0.0,-0.5215210026792579,sine,2,0.2,0.5,28,56,9.260129451751709,0.0
1779527530.463369,0.0,0.0,-0.10646508437165411,0.0,0.0,-0.5215210026792579,-0.0396,1.584,0.6336,0.0,0.0,-0.1500686588770079,0.0,0.0,-0.1117010721276371,0.0020777729190408684,0.0,-0.5111321380840537,sine,2,0.2,0.5,28,56,9.270111799240112,0.0
1779527530.473374,0.0,0.0,-0.1117010721276371,0.0020777729190408684,0.0,-0.5111321380840537,0.0,1.3068,0.99,0.0,0.0,-0.15411208997661513,0.0,0.0,-0.11693705988362009,0.0,0.0,-0.5132099110030945,sine,2,0.2,0.5,28,56,9.280023574829102,0.0
1779527530.4834635,0.0,0.0,-0.11693705988362009,0.0,0.0,-0.5132099110030945,0.0,1.3860000000000001,0.0,0.0,0.0,-0.15804200497201415,0.0,0.0,-0.12217304763960307,0.0,0.0,-0.4986655005698084,sine,2,0.2,0.5,28,56,9.29002857208252,0.0
1779527530.493476,0.0,0.0,-0.12217304763960307,0.0,0.0,-0.4986655005698084,-0.0396,1.3464,0.4752,0.0,0.0,-0.16184704384061654,0.0,0.0,-0.12566370614359174,0.0,0.0,-0.4841210901365223,sine,2,0.2,0.5,28,56,9.300118207931519,0.0
1779527530.5039663,0.0,0.0,-0.12566370614359174,0.0,0.0,-0.4841210901365223,0.0,1.4255999999999998,0.2376,0.0,0.0,-0.165462223238269,0.0,0.0,-0.1308996938995747,0.0,0.0,-0.46957667970323624,sine,2,0.2,0.5,28,56,9.310130596160889,0.0
1779527530.5133421,0.0,0.0,-0.1308996938995747,0.0,0.0,-0.46957667970323624,0.0,1.4652,0.27720000000000006,0.0,0.0,-0.16907434019541864,0.0,0.0,-0.13613568165555773,0.0,0.0,-0.45087672343186846,sine,2,0.2,0.5,28,56,9.320621013641357,0.0
1779527530.523523,0.0,0.0,-0.13613568165555773,0.0,0.0,-0.45087672343186846,0.0,1.3068,0.7524000000000001,0.0,0.0,-0.17214738966449675,0.0,0.0,-0.13962634015954636,0.0,0.0,-0.45087672343186846,sine,2,0.2,0.5,28,56,9.329996824264526,0.0
1779527530.533364,0.0,0.0,-0.13962634015954636,0.0,0.0,-0.45087672343186846,0.0,1.4652,-0.0396,0.0,0.0,-0.17531512006086408,0.0,0.0,-0.14486232791552936,0.0,0.0,-0.4342545400795415,sine,2,0.2,0.5,28,56,9.340177774429321,0.0
1779527530.5434682,0.0,0.0,-0.14486232791552936,0.0,0.0,-0.4342545400795415,0.0,1.3860000000000001,0.35639999999999994,0.0,0.0,-0.17820665004042935,0.0,0.0,-0.14835298641951802,0.0,0.0,-0.4072434921320102,sine,2,0.2,0.5,28,56,9.350018739700317,0.0
1779527530.553372,0.0,0.0,-0.14835298641951802,0.0,0.0,-0.4072434921320102,0.0,1.3068,0.792,0.0,0.0,-0.180998280929434,0.0,0.0,-0.1518436449235067,-0.0020777729190408684,0.0,-0.4113990379700919,sine,2,0.2,0.5,28,56,9.360122919082642,0.0
1779527530.5633543,0.0,0.0,-0.1518436449235067,-0.0020777729190408684,0.0,-0.4113990379700919,0.0,1.4255999999999998,-0.1584,0.0,0.0,-0.18355755925288725,0.0,0.0,-0.15707963267948966,0.0,0.0,-0.38023244418447893,sine,2,0.2,0.5,28,56,9.370026588439941,0.0
1779527530.5733812,0.0,0.0,-0.15707963267948966,0.0,0.0,-0.38023244418447893,0.0,1.3860000000000001,0.6336,0.0,0.0,-0.1859573639799369,0.0,0.0,-0.16057029118347835,0.0,0.0,-0.37192135250831543,sine,2,0.2,0.5,28,56,9.380008935928345,0.0
1779527530.5833464,0.0,0.0,-0.16057029118347835,0.0,0.0,-0.37192135250831543,0.0,1.3464,0.4752,0.0,0.0,-0.1881837865074033,0.0,0.0,-0.16406094968746698,0.0020777729190408684,0.0,-0.35529916915598847,sine,2,0.2,0.5,28,56,9.39003586769104,0.0
1779527530.5933628,0.0,0.0,-0.16406094968746698,0.0020777729190408684,0.0,-0.35529916915598847,0.0,1.2672,0.0792,0.0,0.0,-0.19021150694110145,0.0,0.0,-0.16755160819145565,0.0,0.0,-0.3365992128846207,sine,2,0.2,0.5,28,56,9.400001049041748,0.0
1779527530.6033409,0.0,0.0,-0.16755160819145565,0.0,0.0,-0.3365992128846207,0.0,1.4255999999999998,0.35639999999999994,0.0,0.0,-0.19206180282776258,0.0,0.0,-0.1710422666954443,0.0,0.0,-0.33036589412749806,sine,2,0.2,0.5,28,56,9.410017490386963,0.0
1779527530.6133482,0.0,0.0,-0.1710422666954443,0.0,0.0,-0.33036589412749806,0.0,1.3464,0.35639999999999994,0.0,0.0,-0.1937159362937463,0.0,0.0,-0.17278759594743864,0.0,0.0,-0.2950437545038033,sine,2,0.2,0.5,28,56,9.419995546340942,0.0
1779527530.623348,0.0,0.0,-0.17278759594743864,0.0,0.0,-0.2950437545038033,0.0,1.3068,0.8316,0.0,0.0,-0.19518375367111485,0.0,0.0,-0.1762782544514273,0.0,0.0,-0.2950437545038033,sine,2,0.2,0.5,28,56,9.430002927780151,0.0
1779527530.633348,0.0,0.0,-0.1762782544514273,0.0,0.0,-0.2950437545038033,0.0,1.3068,-0.1188,0.0,0.0,-0.1964577656483597,0.0,0.0,-0.17802358370342164,0.0,0.0,-0.2617993877991494,sine,2,0.2,0.5,28,56,9.440002679824829,0.0
1779527530.6433904,0.0,0.0,-0.17802358370342164,0.0,0.0,-0.2617993877991494,0.0,1.2672,0.35639999999999994,0.0,0.0,-0.19753793057649038,0.0,0.0,-0.18151424220741028,0.0,0.0,-0.2638771607181903,sine,2,0.2,0.5,28,56,9.450002670288086,0.0
1779527530.6533394,0.0,0.0,-0.18151424220741028,0.0,0.0,-0.2638771607181903,0.0,1.2672,0.27720000000000006,0.0,0.0,-0.19842648980150449,0.0,0.0,-0.1832595714594046,-0.0020777729190408684,0.0,-0.2306327940135364,sine,2,0.2,0.5,28,56,9.460045099258423,0.0
1779527530.6634555,0.0,0.0,-0.1832595714594046,-0.0020777729190408684,0.0,-0.2306327940135364,0.0,1.4652,0.6336,0.0,0.0,-0.19911204213551725,0.0,0.0,-0.18500490071139894,0.0,0.0,-0.20777729190408684,sine,2,0.2,0.5,28,56,9.469994068145752,0.0
1779527530.6734228,0.0,0.0,-0.18500490071139894,0.0,0.0,-0.20777729190408684,0.0,1.4255999999999998,0.5940000000000001,0.0,0.0,-0.1996096801455877,0.0,0.0,-0.18849555921538758,0.0,-0.0020777729190408684,-0.20569951898504596,sine,2,0.2,0.5,28,56,9.480110168457031,0.0
1779527530.6833644,0.0,0.0,-0.18849555921538758,0.0,-0.0020777729190408684,-0.20569951898504596,0.0,1.3068,0.0,0.0,0.0,-0.1999028355985236,0.0,0.0,-0.19024088846738194,0.0,0.0,-0.17868847103751467,sine,2,0.2,0.5,28,56,9.490077495574951,0.0
1779527530.6933415,0.0,0.0,-0.19024088846738194,0.0,0.0,-0.17868847103751467,-0.0396,1.2672,0.1188,0.0,0.0,-0.1999999996409459,0.0,0.0,-0.19024088846738194,0.0,0.0,-0.15375519600902426,sine,2,0.2,0.5,28,56,9.500019073486328,0.0
1779527530.7033446,0.0,0.0,-0.19024088846738194,0.0,0.0,-0.15375519600902426,0.0,1.3068,0.2376,0.0,0.0,-0.19990138753365644,0.0,0.0,-0.19198621771937624,0.0,0.0,-0.14128855849477906,sine,2,0.2,0.5,28,56,9.509996175765991,0.0
1779527530.713521,0.0,0.0,-0.19198621771937624,0.0,0.0,-0.14128855849477906,0.0792,1.3068,0.396,0.0,0.0,-0.19960537465620795,0.0,0.0,-0.1937315469713706,0.0,0.0,-0.12882192098053383,sine,2,0.2,0.5,28,56,9.519999265670776,0.0
1779527530.7233486,0.0,0.0,-0.1937315469713706,0.0,0.0,-0.12882192098053383,0.0,1.4652,0.3168,0.0,0.0,-0.1991019742875479,0.0,0.0,-0.1954768762233649,0.0,0.0020777729190408684,-0.10804419179012516,sine,2,0.2,0.5,28,56,9.530175685882568,0.0
1779527530.7333486,0.0,0.0,-0.1954768762233649,0.0,0.0020777729190408684,-0.10804419179012516,0.0,1.3068,0.396,0.0,0.0,-0.19842268040248723,0.0,0.0,-0.1954768762233649,0.0,0.0020777729190408684,-0.078955370923553,sine,2,0.2,0.5,28,56,9.540003299713135,0.0
1779527530.74345,0.0,0.0,-0.1954768762233649,0.0,0.0020777729190408684,-0.078955370923553,0.0,1.4652,0.6732,0.0,0.0,-0.1975373447148225,0.0,0.0,-0.1954768762233649,0.0,-0.0020777729190408684,-0.07064427924738953,sine,2,0.2,0.5,28,56,9.550003290176392,0.0
1779527530.7535143,0.0,0.0,-0.1954768762233649,0.0,-0.0020777729190408684,-0.07064427924738953,0.0,1.3068,0.35639999999999994,0.0,0.0,-0.19644512343512055,0.0,0.0,-0.19722220547535924,0.0,0.0,-0.033244366704653895,sine,2,0.2,0.5,28,56,9.560104608535767,0.0
1779527530.7633486,0.0,0.0,-0.19722220547535924,0.0,0.0,-0.033244366704653895,0.0,1.2672,0.9504,0.0,0.0,-0.1951601650023955,0.0,0.0,-0.19722220547535924,0.0,0.0020777729190408684,-0.029088820866572156,sine,2,0.2,0.5,28,56,9.57016897201538,0.0
1779527530.773349,0.0,0.0,-0.19722220547535924,0.0,0.0020777729190408684,-0.029088820866572156,0.0,1.2672,0.5940000000000001,0.0,0.0,-0.19371612257475984,0.0,0.0,-0.19722220547535924,0.004155545838081737,0.0,-0.010388864595204342,sine,2,0.2,0.5,28,56,9.580003261566162,0.0
1779527530.7833476,0.0,0.0,-0.19722220547535924,0.004155545838081737,0.0,-0.010388864595204342,0.0,1.3860000000000001,0.4356,0.0,0.0,-0.19205808346949302,0.0,0.0,-0.19722220547535924,0.0,0.0,0.0020777729190408684,sine,2,0.2,0.5,28,56,9.590003728866577,0.0
1779527530.7933488,0.0,0.0,-0.19722220547535924,0.0,0.0,0.0020777729190408684,0.0,1.4652,0.35639999999999994,0.0,0.0,-0.1902108588546142,0.0,0.0,-0.19722220547535924,0.0,0.0,0.02493327502849042,sine,2,0.2,0.5,28,56,9.60000228881836,0.0
1779527530.8033473,0.0,0.0,-0.19722220547535924,0.0,0.0,0.02493327502849042,0.0,1.3860000000000001,-0.3168,0.0,0.0,-0.18817541494857662,0.0,0.0,-0.1954768762233649,0.0,0.0,0.0394776854617765,sine,2,0.2,0.5,28,56,9.610003471374512,0.0
1779527530.813448,0.0,0.0,-0.1954768762233649,0.0,0.0,0.0394776854617765,0.0,1.2276,0.0396,0.0,0.0,-0.1859548273291522,0.0,0.0,-0.1954768762233649,0.0,0.0,0.05609986881410345,sine,2,0.2,0.5,28,56,9.620002031326294,0.0
1779527530.8234606,0.0,0.0,-0.1954768762233649,0.0,0.0,0.05609986881410345,0.0,1.2672,0.1188,0.0,0.0,-0.183525304674448,0.0,0.0,-0.1954768762233649,0.0,0.0020777729190408684,0.06856650632834865,sine,2,0.2,0.5,28,56,9.630102634429932,0.0
1779527530.833503,0.0,0.0,-0.1954768762233649,0.0,0.0020777729190408684,0.06856650632834865,0.0396,1.4255999999999998,0.6336,0.0,0.0,-0.18093456340785363,0.0,0.0,-0.1937315469713706,0.0,0.0,0.10596641887108428,sine,2,0.2,0.5,28,56,9.64011526107788,0.0
1779527530.8433886,0.0,0.0,-0.1937315469713706,0.0,0.0,0.10596641887108428,0.0,1.4255999999999998,0.5544000000000001,0.0,0.0,-0.17815630178474626,0.0,0.0,-0.19198621771937624,0.0,0.0,0.12882192098053383,sine,2,0.2,0.5,28,56,9.650157690048218,0.0
1779527530.853351,0.0,0.0,-0.19198621771937624,0.0,0.0,0.12882192098053383,0.0396,1.1880000000000002,0.5544000000000001,0.0,0.0,-0.1752482459933714,0.0,0.0,-0.19024088846738194,0.0,0.0,0.15583296892806514,sine,2,0.2,0.5,28,56,9.660043239593506,0.0
1779527530.8634536,0.0,0.0,-0.19024088846738194,0.0,0.0,0.15583296892806514,0.0,1.4652,0.3168,0.0,0.0,-0.17214655083031638,0.0,0.0,-0.18849555921538758,0.0,0.0,0.15998851476614687,sine,2,0.2,0.5,28,56,9.670005798339844,0.0
1779527530.8733704,0.0,0.0,-0.18849555921538758,0.0,0.0,0.15998851476614687,0.0,1.3464,0.6336,0.0,0.0,-0.16882911101491957,0.0,0.0,-0.1867502299633933,0.0,0.0,0.17661069811847382,sine,2,0.2,0.5,28,56,9.680108308792114,0.0
1779527530.8833587,0.0,0.0,-0.1867502299633933,0.0,0.0,0.17661069811847382,0.0,1.3068,0.5544000000000001,0.0,0.0,-0.16540725295723752,0.0,0.0,-0.18500490071139894,0.0,0.0020777729190408684,0.21193283774216856,sine,2,0.2,0.5,28,56,9.690025091171265,0.0
1779527530.8933473,0.0,0.0,-0.18500490071139894,0.0,0.0020777729190408684,0.21193283774216856,0.0,1.4255999999999998,-0.2376,0.0,0.0,-0.16179845021579856,0.0,0.0,-0.1832595714594046,0.0,0.0,0.22024392941833204,sine,2,0.2,0.5,28,56,9.700013399124146,0.0
1779527530.9034574,0.0,0.0,-0.1832595714594046,0.0,0.0,0.22024392941833204,0.0,1.3860000000000001,0.1584,0.0,0.0,-0.15803025326015704,0.0,0.0,-0.17976891295541597,0.0,0.0,0.22855502109449552,sine,2,0.2,0.5,28,56,9.710001945495605,0.0
1779527530.9133475,0.0,0.0,-0.17976891295541597,0.0,0.0,0.22855502109449552,0.0,1.2672,0.5544000000000001,0.0,0.0,-0.15405774822804463,0.0,0.0,-0.17802358370342164,0.0020777729190408684,0.0,0.2638771607181903,sine,2,0.2,0.5,28,56,9.720112085342407,0.0
1779527530.9233744,0.0,0.0,-0.17802358370342164,0.0020777729190408684,0.0,0.2638771607181903,0.0,1.4255999999999998,0.35639999999999994,0.0,0.0,-0.15002131439992336,0.0,0.0,-0.17453292519943295,0.0,0.0,0.26803270655627204,sine,2,0.2,0.5,28,56,9.730002164840698,0.0
1779527530.9333951,0.0,0.0,-0.17453292519943295,0.0,0.0,0.26803270655627204,0.0396,1.3860000000000001,0.5940000000000001,0.0,0.0,-0.14578121002943448,0.0,0.0,-0.1710422666954443,0.0,0.0,0.299199300341885,sine,2,0.2,0.5,28,56,9.740029096603394,0.0
1779527530.943346,0.0,0.0,-0.1710422666954443,0.0,0.0,0.299199300341885,0.0,1.4652,-0.198,0.0,0.0,-0.14139921584856582,0.0,0.0,-0.16929693744344998,0.0,0.0,0.30543261909900765,sine,2,0.2,0.5,28,56,9.750049829483032,0.0
1779527530.953345,0.0,0.0,-0.16929693744344998,0.0,0.0,0.30543261909900765,0.0396,1.4652,0.4752,0.0,0.0,-0.13690909794881398,0.0,0.0,-0.1658062789394613,0.0,0.0,0.33036589412749806,sine,2,0.2,0.5,28,56,9.760000705718994,0.0
1779527530.9634016,0.0,0.0,-0.1658062789394613,0.0,0.0,0.33036589412749806,-0.0792,1.2672,0.4356,0.0,0.0,-0.1322624944229341,0.0,0.0,-0.16231562043547265,0.0,0.0,0.3345214399655798,sine,2,0.2,0.5,28,56,9.769999742507935,0.0
1779527530.9733465,0.0,0.0,-0.16231562043547265,0.0,0.0,0.3345214399655798,0.0,1.2672,0.4752,0.0,0.0,-0.12745756949938966,0.0,0.0,-0.158824961931484,0.0,-0.0020777729190408684,0.363610260832152,sine,2,0.2,0.5,28,56,9.780056238174438,0.0
1779527530.9833486,0.0,0.0,-0.158824961931484,0.0,-0.0020777729190408684,0.363610260832152,0.0396,1.3068,-0.0396,0.0,0.0,-0.12258083783136951,0.0,0.0,-0.15533430342749532,0.0,0.0,0.363610260832152,sine,2,0.2,0.5,28,56,9.790001153945923,0.0
1779527530.993345,0.0,0.0,-0.15533430342749532,0.0,0.0,0.363610260832152,0.0396,1.4255999999999998,0.792,0.0,0.0,-0.11755537798853671,0.0,0.0,-0.15009831567151233,0.0,0.0,0.3885435358606424,sine,2,0.2,0.5,28,56,9.800003290176392,0.0
1779527531.0033567,0.0,0.0,-0.15009831567151233,0.0,0.0,0.3885435358606424,0.0,1.2276,0.5544000000000001,0.0,0.0,-0.11241682920513192,0.0,0.0,-0.1466076571675237,0.0,0.0,0.4113990379700919,sine,2,0.2,0.5,28,56,9.809999704360962,0.0
1779527531.0133934,0.0,0.0,-0.1466076571675237,0.0,0.0,0.4113990379700919,0.0396,1.2672,-0.1188,0.0,0.0,-0.10715932317304883,0.0,0.0,-0.14311699866353503,0.0,0.0,0.40516571921296934,sine,2,0.2,0.5,28,56,9.820011377334595,0.0
1779527531.0233681,0.0,0.0,-0.14311699866353503,0.0,0.0,0.40516571921296934,0.0,1.3068,0.9504,0.0,0.0,-0.10178227705162819,0.0,0.0,-0.13788101090755203,0.0,0.0,0.4363323129985824,sine,2,0.2,0.5,28,56,9.830048084259033,0.0
1779527531.033347,0.0,0.0,-0.13788101090755203,0.0,0.0,0.4363323129985824,-0.0396,1.3860000000000001,0.4356,0.0,0.0,-0.09633817960387953,0.0,0.0,-0.13264502315156904,0.0020777729190408684,0.0,0.4467211775937867,sine,2,0.2,0.5,28,56,9.840022802352905,0.0
1779527531.043562,0.0,0.0,-0.13264502315156904,0.0020777729190408684,0.0,0.4467211775937867,0.0,1.2672,0.0396,0.0,0.0,-0.09079721900993745,0.0,0.0,-0.12915436464758037,0.0,0.0,0.45503226926995016,sine,2,0.2,0.5,28,56,9.850001573562622,0.0
1779527531.0533493,0.0,0.0,-0.12915436464758037,0.0,0.0,0.45503226926995016,0.0,1.4255999999999998,0.7524000000000001,0.0,0.0,-0.08503268726088044,0.0,0.0,-0.1239183768915974,0.0,0.0,0.4654211338651545,sine,2,0.2,0.5,28,56,9.860216617584229,0.0
1779527531.0635705,0.0,0.0,-0.1239183768915974,0.0,0.0,0.4654211338651545,0.0,1.3068,0.5940000000000001,0.0,0.0,-0.07942730691455153,0.0,0.0,-0.11868238913561442,0.0,0.0,0.48204331721748145,sine,2,0.2,0.5,28,56,9.870003938674927,0.0
1779527531.0733483,0.0,0.0,-0.11868238913561442,0.0,0.0,0.48204331721748145,0.0792,1.3860000000000001,0.3168,0.0,0.0,-0.07349334199289069,0.0,0.0,-0.11344640137963143,0.0,0.0020777729190408684,0.5007432734888493,sine,2,0.2,0.5,28,56,9.88022518157959,0.0
1779527531.083344,0.0,0.0,-0.11344640137963143,0.0,0.0020777729190408684,0.5007432734888493,0.0792,1.2672,0.5148,0.0,0.0,-0.06774583067060871,0.0,0.0,-0.10821041362364843,0.0020777729190408684,0.0,0.5132099110030945,sine,2,0.2,0.5,28,56,9.890002965927124,0.0
1779527531.093348,0.0,0.0,-0.10821041362364843,0.0020777729190408684,0.0,0.5132099110030945,0.0,1.3464,0.0,0.0,0.0,-0.0618041967117095,0.0,0.0,-0.10471975511965977,0.0,0.0,0.5132099110030945,sine,2,0.2,0.5,28,56,9.899998664855957,0.0
1779527531.103346,0.0,0.0,-0.10471975511965977,0.0,0.0,0.5132099110030945,0.0,1.3860000000000001,0.7127999999999999,0.0,0.0,-0.055796587016504334,0.0,0.0,-0.0994837673636768,-0.0020777729190408684,0.0020777729190408684,0.5215210026792579,sine,2,0.2,0.5,28,56,9.910002708435059,0.0
1779527531.1133418,0.0,0.0,-0.0994837673636768,-0.0020777729190408684,0.0020777729190408684,0.5215210026792579,0.0,1.2672,0.7524000000000001,0.0,0.0,-0.04973749571250172,0.0,0.0,-0.09250245035569947,0.0,0.0,0.5339876401935032,sine,2,0.2,0.5,28,56,9.920000791549683,0.0
1779527531.1233485,0.0,0.0,-0.09250245035569947,0.0,0.0,0.5339876401935032,0.0396,1.2672,0.5148,0.0,0.0,-0.04363080026815438,0.0,0.0,-0.08726646259971647,0.0,0.0,0.5506098235458301,sine,2,0.2,0.5,28,56,9.929996490478516,0.0
1779527531.133455,0.0,0.0,-0.08726646259971647,0.0,0.0,0.5506098235458301,0.0396,1.2672,0.6732,0.0,0.0,-0.03747431465735642,0.0,0.0,-0.08203047484373349,0.0,0.0,0.5547653693839119,sine,2,0.2,0.5,28,56,9.940003156661987,0.0
1779527531.143482,0.0,0.0,-0.08203047484373349,0.0,0.0,0.5547653693839119,0.0792,1.2276,0.2376,0.0,0.0,-0.03121880065355479,0.0,0.0,-0.07679448708775051,0.0,0.0020777729190408684,0.5651542339791162,sine,2,0.2,0.5,28,56,9.950109720230103,0.0
1779527531.1534865,0.0,0.0,-0.07679448708775051,0.0,0.0020777729190408684,0.5651542339791162,0.0,1.3464,0.6336,0.0,0.0,-0.02498146046568578,0.0,0.0,-0.06981317007977318,-0.0020777729190408684,0.0,0.5755430985743205,sine,2,0.2,0.5,28,56,9.960136651992798,0.0
1779527531.1633575,0.0,0.0,-0.06981317007977318,-0.0020777729190408684,0.0,0.5755430985743205,0.0396,1.4255999999999998,0.0792,0.0,0.0,-0.018733353234117366,0.0,0.0,-0.06457718232379019,0.0,0.0,0.5796986444124023,sine,2,0.2,0.5,28,56,9.970141172409058,0.0
1779527531.1733696,0.0,0.0,-0.06457718232379019,0.0,0.0,0.5796986444124023,0.0792,1.4255999999999998,0.6336,0.0,0.0,-0.012550467068402515,0.0,0.0,-0.05934119456780721,0.0,0.0,0.5880097360885658,sine,2,0.2,0.5,28,56,9.98001217842102,0.0
1779527531.1834521,0.0,0.0,-0.05934119456780721,0.0,0.0,0.5880097360885658,0.0,1.2276,0.1188,0.0,0.0,-0.006266873461083743,0.0,0.0,-0.05235987755982988,0.0,0.0,0.5921652819266475,sine,2,0.2,0.5,28,56,9.990024328231812,0.0
1779527531.1934638,0.0,0.0,-0.05235987755982988,0.0,0.0,0.5921652819266475,0.0,1.3860000000000001,0.6336,0.0,0.0,6.711165821054254e-05,0.0,0.0,-0.047123889803846894,0.0,0.0,0.5942430548456884,sine,2,0.2,0.5,28,56,10.000106811523438,0.0
1779527531.2035131,0.0,0.0,-0.047123889803846894,0.0,0.0,0.5942430548456884,0.0,1.3068,0.198,0.0,0.0,0.006356560649197169,0.0,0.0,-0.04014257279586959,0.0,0.0,0.59839860068377,sine,2,0.2,0.5,28,56,10.01011848449707,0.0
1779527531.213368,0.0,0.0,-0.04014257279586959,0.0,0.0,0.59839860068377,0.0,1.3860000000000001,0.7524000000000001,0.0,0.0,0.012663343270527212,0.0,0.0,-0.03490658503988659,-0.0020777729190408684,0.0,0.6025541465218518,sine,2,0.2,0.5,28,56,10.020167827606201,0.0
1779527531.2234595,0.0,0.0,-0.03490658503988659,-0.0020777729190408684,0.0,0.6025541465218518,-0.0396,1.2276,0.1584,0.0,0.0,0.018835812827812493,0.0,0.0,-0.027925268031909273,0.0,0.0,0.6108652381980153,sine,2,0.2,0.5,28,56,10.030022621154785,0.0
1779527531.233345,0.0,0.0,-0.027925268031909273,0.0,0.0,0.6108652381980153,0.0396,1.3860000000000001,0.6732,0.0,0.0,0.025137811052356924,0.0,0.0,-0.022689280275926284,0.0,0.0,0.6129430111170562,sine,2,0.2,0.5,28,56,10.040114164352417,0.0
1779527531.2433462,0.0,0.0,-0.022689280275926284,0.0,0.0,0.6129430111170562,0.0396,1.3068,0.0792,0.0,0.0,0.03128671545784529,0.0,0.0,-0.015707963267948967,0.0,0.0,0.6108652381980153,sine,2,0.2,0.5,28,56,10.049999713897705,0.0
1779527531.2534769,0.0,0.0,-0.015707963267948967,0.0,0.0,0.6108652381980153,0.0,1.3860000000000001,0.7127999999999999,0.0,0.0,0.037476816198708476,0.0,0.0,-0.010471975511965978,0.0,0.0,0.6150207840360971,sine,2,0.2,0.5,28,56,10.060000896453857,0.0
1779527531.263359,0.0,0.0,-0.010471975511965978,0.0,0.0,0.6150207840360971,0.0,1.3068,0.198,0.0,0.0,0.04370930329826094,0.0,0.0,-0.003490658503988659,0.0,0.0,0.6150207840360971,sine,2,0.2,0.5,28,56,10.070131540298462,0.0
1779527531.2734766,0.0,0.0,-0.003490658503988659,0.0,0.0,0.6150207840360971,-0.0396,1.3860000000000001,0.792,0.0,0.0,0.049746346551547214,0.0,0.0,0.0,0.0,0.0,0.6170985569551379,sine,2,0.2,0.5,28,56,10.080013751983643,0.0
1779527531.2833502,0.0,0.0,0.0,0.0,0.0,0.6170985569551379,0.0792,1.3068,0.0792,0.0,0.0,0.05587742860843582,0.0,0.0,0.006981317007977318,-0.0020777729190408684,0.0,0.6150207840360971,sine,2,0.2,0.5,28,56,10.090131282806396,0.0
1779527531.2935038,0.0,0.0,0.006981317007977318,-0.0020777729190408684,0.0,0.6150207840360971,0.0,1.3068,0.7127999999999999,0.0,0.0,0.06180633376899361,0.0,0.0,0.012217304763960306,-0.0020777729190408684,-0.0020777729190408684,0.6191763298741788,sine,2,0.2,0.5,28,56,10.10000491142273,0.0
1779527531.3033574,0.0,0.0,0.012217304763960306,-0.0020777729190408684,-0.0020777729190408684,0.6191763298741788,0.0792,1.2276,0.1584,0.0,0.0,0.06784124311435273,0.0,0.0,0.019198621771937627,0.0,-0.0020777729190408684,0.6108652381980153,sine,2,0.2,0.5,28,56,10.110158443450928,0.0
1779527531.3134596,0.0,0.0,0.019198621771937627,0.0,-0.0020777729190408684,0.6108652381980153,0.0,1.3860000000000001,0.8316,0.0,0.0,0.07363194706802542,0.0,0.0,0.02617993877991494,0.0,0.0,0.6087874652789744,sine,2,0.2,0.5,28,56,10.120012044906616,0.0
1779527531.3234706,0.0,0.0,0.02617993877991494,0.0,0.0,0.6087874652789744,0.0,1.3068,0.35639999999999994,0.0,0.0,0.07949549297943942,0.0,0.0,0.031415926535897934,-0.0020777729190408684,0.0,0.6067096923599336,sine,2,0.2,0.5,28,56,10.130114316940308,0.0
1779527531.3334646,0.0,0.0,0.031415926535897934,-0.0020777729190408684,0.0,0.6067096923599336,0.0,1.4652,0.8316,0.0,0.0,0.08522707281533051,0.0,0.0,0.038397243543875255,0.0,0.0,0.6067096923599336,sine,2,0.2,0.5,28,56,10.140125274658203,0.0
1779527531.3434021,0.0,0.0,0.038397243543875255,0.0,0.0,0.6067096923599336,0.0,1.3068,0.396,0.0,0.0,0.09086488459991146,0.0,0.0,0.04363323129985824,0.0,0.0,0.6004763736028109,sine,2,0.2,0.5,28,56,10.150119304656982,0.0
1779527531.3535626,0.0,0.0,0.04363323129985824,0.0,0.0,0.6004763736028109,0.0,1.4255999999999998,0.8316,0.0,0.0,0.09638202356556361,0.0,0.0,0.048869219055841226,0.0,0.0,0.6004763736028109,sine,2,0.2,0.5,28,56,10.160056829452515,0.0
1779527531.363344,0.0,0.0,0.048869219055841226,0.0,0.0,0.6004763736028109,0.0,1.2276,0.5148,0.0,0.0,0.10192576645967671,0.0,0.0,0.05585053606381855,0.0,0.0,0.5921652819266475,sine,2,0.2,0.5,28,56,10.170217275619507,0.0
1779527531.3733764,0.0,0.0,0.05585053606381855,0.0,0.0,0.5921652819266475,0.0396,1.4255999999999998,0.7524000000000001,0.0,0.0,0.10716463551378919,0.0,0.0,0.061086523819801536,0.0,0.0020777729190408684,0.5900875090076066,sine,2,0.2,0.5,28,56,10.179998636245728,0.0
1779527531.3833475,0.0,0.0,0.061086523819801536,0.0,0.0020777729190408684,0.5900875090076066,0.0,1.1880000000000002,0.5544000000000001,0.0,0.0,0.11243281164064052,0.0,0.0,0.06806784082777886,0.0,0.0,0.5817764173314431,sine,2,0.2,0.5,28,56,10.190031051635742,0.0
1779527531.3933463,0.0,0.0,0.06806784082777886,0.0,0.0,0.5817764173314431,0.0,1.4652,0.792,0.0,0.0,0.11755816543148936,0.0,0.0,0.07330382858376185,0.0,0.0,0.5776208714933614,sine,2,0.2,0.5,28,56,10.200002193450928,0.0
1779527531.40343,0.0,0.0,0.07330382858376185,0.0,0.0,0.5776208714933614,0.0396,1.3068,0.6336,0.0,0.0,0.12258190313856009,0.0,0.0,0.07853981633974483,0.0,0.0,0.5734653256552796,sine,2,0.2,0.5,28,56,10.210000991821289,0.0
1779527531.4133453,0.0,0.0,0.07853981633974483,0.0,0.0,0.5734653256552796,0.0792,1.2672,0.396,0.0,0.0,0.1275257831831705,0.0,0.0,0.08552113334772216,0.0,0.0,0.5693097798171979,sine,2,0.2,0.5,28,56,10.22008466720581,0.0
1779527531.4233627,0.0,0.0,0.08552113334772216,0.0,0.0,0.5693097798171979,0.0396,1.2276,0.6336,0.0,0.0,0.1322623820542293,0.0,0.0,0.09075712110370514,0.0,0.0,0.5568431423029527,sine,2,0.2,0.5,28,56,10.230000019073486,0.0
1779527531.43335,0.0,0.0,0.09075712110370514,0.0,0.0,0.5568431423029527,0.0396,1.4255999999999998,0.0396,0.0,0.0,0.1369173970620451,0.0,0.0,0.09599310885968812,0.0,0.0,0.5506098235458301,sine,2,0.2,0.5,28,56,10.240017414093018,0.0
1779527531.4433541,0.0,0.0,0.09599310885968812,0.0,0.0,0.5506098235458301,0.0396,1.4652,0.6732,0.0,0.0,0.1414234747531159,0.0,0.0,0.10122909661567113,0.0,0.0,0.5422987318696666,sine,2,0.2,0.5,28,56,10.250004768371582,0.0
1779527531.4533486,0.0,0.0,0.10122909661567113,0.0,0.0,0.5422987318696666,0.0792,1.4255999999999998,0.0792,0.0,0.0,0.14579751556852646,0.0,0.0,0.10646508437165411,0.0020777729190408684,0.0,0.5277543214363806,sine,2,0.2,0.5,28,56,10.260008811950684,0.0
1779527531.4633675,0.0,0.0,0.10646508437165411,0.0020777729190408684,0.0,0.5277543214363806,0.1188,1.4255999999999998,0.7127999999999999,0.0,0.0,0.15002359292189923,0.0,0.0,0.1117010721276371,-0.0020777729190408684,0.0,0.5069765922459719,sine,2,0.2,0.5,28,56,10.270003318786621,0.0
1779527531.4733443,0.0,0.0,0.1117010721276371,-0.0020777729190408684,0.0,0.5069765922459719,0.0396,1.3860000000000001,0.792,0.0,0.0,0.15411151709891832,0.0,0.0,0.11693705988362009,-0.0020777729190408684,0.0,0.504898819326931,sine,2,0.2,0.5,28,56,10.280022144317627,0.0
1779527531.483344,0.0,0.0,0.11693705988362009,-0.0020777729190408684,0.0,0.504898819326931,0.0396,1.2672,0.5544000000000001,0.0,0.0,0.1580306205231399,0.0,0.0,0.12217304763960307,0.0,0.0,0.5028210464078902,sine,2,0.2,0.5,28,56,10.289999008178711,0.0
1779527531.4933426,0.0,0.0,0.12217304763960307,0.0,0.0,0.5028210464078902,0.0792,1.4255999999999998,0.35639999999999994,0.0,0.0,0.1618029410039696,0.0,0.0,0.12566370614359174,0.0,0.0,0.4861988630555632,sine,2,0.2,0.5,28,56,10.299998760223389,0.0
1779527531.503358,0.0,0.0,0.12566370614359174,0.0,0.0,0.4861988630555632,0.0396,1.3860000000000001,0.0396,0.0,0.0,0.16541516842227735,0.0,0.0,0.1308996938995747,0.0,0.0,0.46334336094611367,sine,2,0.2,0.5,28,56,10.309997320175171,0.0
1779527531.5133405,0.0,0.0,0.1308996938995747,0.0,0.0,0.46334336094611367,-0.0396,1.2276,0.792,0.0,0.0,0.16886981671669843,0.0,0.0,0.13613568165555773,0.0,0.0,0.45503226926995016,sine,2,0.2,0.5,28,56,10.32001256942749,0.0
1779527531.5233433,0.0,0.0,0.13613568165555773,0.0,0.0,0.45503226926995016,0.0,1.3860000000000001,0.5148,0.0,0.0,0.17214685586227946,0.0,0.0,0.13962634015954636,0.0,0.0,0.4467211775937867,sine,2,0.2,0.5,28,56,10.329995155334473,0.0
1779527531.533342,0.0,0.0,0.13962634015954636,0.0,0.0,0.4467211775937867,0.0792,1.3860000000000001,0.1584,0.0,0.0,0.1752607326803988,0.0,0.0,0.14486232791552936,0.0,0.0,0.4342545400795415,sine,2,0.2,0.5,28,56,10.339998006820679,0.0
1779527531.5433407,0.0,0.0,0.14486232791552936,0.0,0.0,0.4342545400795415,-0.0396,1.3860000000000001,0.5940000000000001,0.0,0.0,0.17820032549694217,0.0,0.0,0.14835298641951802,0.0,0.0,0.4113990379700919,sine,2,0.2,0.5,28,56,10.349996566772461,0.0
1779527531.553344,0.0,0.0,0.14835298641951802,0.0,0.0,0.4113990379700919,0.0396,1.2276,0.4356,0.0,0.0,0.18096417053376618,0.0,0.0,0.1518436449235067,0.0,0.0,0.40516571921296934,sine,2,0.2,0.5,28,56,10.359995365142822,0.0
1779527531.5633419,0.0,0.0,0.1518436449235067,0.0,0.0,0.40516571921296934,0.0396,1.3464,0.1584,0.0,0.0,0.18355059910883947,0.0,0.0,0.15707963267948966,0.0,0.0,0.39062130877968326,sine,2,0.2,0.5,28,56,10.369998693466187,0.0
1779527531.5733688,0.0,0.0,0.15707963267948966,0.0,0.0,0.39062130877968326,0.0792,1.3464,0.5544000000000001,0.0,0.0,0.18595449644538387,0.0,0.0,0.16057029118347835,0.0,0.0,0.3615324879131111,sine,2,0.2,0.5,28,56,10.379996538162231,0.0
1779527531.5833416,0.0,0.0,0.16057029118347835,0.0,0.0,0.3615324879131111,0.0,1.3860000000000001,0.8316,0.0,0.0,0.18818114850812884,0.0,0.0,0.16406094968746698,0.0020777729190408684,0.0,0.3677658066702337,sine,2,0.2,0.5,28,56,10.390023469924927,0.0
1779527531.5934138,0.0,0.0,0.16406094968746698,0.0020777729190408684,0.0,0.3677658066702337,0.0792,1.4652,-0.198,0.0,0.0,0.19021058109685973,0.0,0.0,0.16755160819145565,0.0,0.0,0.3262103482894163,sine,2,0.2,0.5,28,56,10.399996280670166,0.0
1779527531.6034052,0.0,0.0,0.16755160819145565,0.0,0.0,0.3262103482894163,0.0,1.3068,1.0296,0.0,0.0,0.19207074251040324,0.0,0.0,0.1710422666954443,0.0,0.0,0.33244366704653894,sine,2,0.2,0.5,28,56,10.41006851196289,0.0
1779527531.61336,0.0,0.0,0.1710422666954443,0.0,0.0,0.33244366704653894,0.0396,1.2672,0.35639999999999994,0.0,0.0,0.19372599158041123,0.0,0.0,0.17278759594743864,0.0,0.0,0.29296598158476245,sine,2,0.2,0.5,28,56,10.4200599193573,0.0
1779527531.6233532,0.0,0.0,0.17278759594743864,0.0,0.0,0.29296598158476245,0.0,1.2672,0.5940000000000001,0.0,0.0,0.19518535471883777,0.0,0.0,0.1762782544514273,0.0,0.0,0.2971215274228442,sine,2,0.2,0.5,28,56,10.430014610290527,0.0
1779527531.6333601,0.0,0.0,0.1762782544514273,0.0,0.0,0.2971215274228442,0.0396,1.3860000000000001,-0.0792,0.0,0.0,0.19645838313988237,0.0,0.0,0.17802358370342164,0.0,0.0,0.26595493363723116,sine,2,0.2,0.5,28,56,10.44000792503357,0.0
1779527531.6434104,0.0,0.0,0.17802358370342164,0.0,0.0,0.26595493363723116,0.0396,1.3860000000000001,0.7524000000000001,0.0,0.0,0.19753912551951752,0.0,0.0,0.18151424220741028,-0.0020777729190408684,0.0,0.25972161488010853,sine,2,0.2,0.5,28,56,10.45001482963562,0.0
1779527531.6533446,0.0,0.0,0.18151424220741028,-0.0020777729190408684,0.0,0.25972161488010853,0.0,1.3068,0.6336,0.0,0.0,0.19842806476268016,0.0,0.0,0.1832595714594046,0.0,0.0,0.23271056693257725,sine,2,0.2,0.5,28,56,10.460065126419067,0.0
1779527531.663396,0.0,0.0,0.1832595714594046,0.0,0.0,0.23271056693257725,0.0396,1.4255999999999998,0.5940000000000001,0.0,0.0,0.19911235231880578,0.0,0.0,0.18500490071139894,0.0,0.0,0.21608838358025032,sine,2,0.2,0.5,28,56,10.469999313354492,0.0
1779527531.673347,0.0,0.0,0.18500490071139894,0.0,0.0,0.21608838358025032,-0.0792,1.2276,0.0396,0.0,0.0,0.19960733803338615,0.0,0.0,0.18849555921538758,0.0,0.0,0.20777729190408684,sine,2,0.2,0.5,28,56,10.480050563812256,0.0
1779527531.6833463,0.0,0.0,0.18849555921538758,0.0,0.0,0.20777729190408684,0.0,1.4652,-0.198,0.0,0.0,0.19990134519652408,0.0,0.0,0.19024088846738194,0.0,0.0020777729190408684,0.17245515228039207,sine,2,0.2,0.5,28,56,10.490001678466797,0.0
1779527531.6934376,0.0,0.0,0.19024088846738194,0.0,0.0020777729190408684,0.17245515228039207,0.0,1.4255999999999998,0.35639999999999994,0.0,0.0,0.19999999999910237,0.0,0.0,0.19024088846738194,0.0,0.0,0.15998851476614687,sine,2,0.2,0.5,28,56,10.500000953674316,0.0
1779527531.7033389,0.0,0.0,0.19024088846738194,0.0,0.0,0.15998851476614687,0.0396,1.5048000000000001,0.5544000000000001,0.0,0.0,0.19989948286735348,0.0,0.0,0.19198621771937624,0.0,0.0,0.14544410433286079,sine,2,0.2,0.5,28,56,10.51009225845337,0.0
1779527531.7133732,0.0,0.0,0.19198621771937624,0.0,0.0,0.14544410433286079,0.0,1.4652,0.8316,0.0,0.0,0.19960560036439143,0.0,0.0,0.1937315469713706,0.0,0.0,0.1308996938995747,sine,2,0.2,0.5,28,56,10.519993543624878,0.0
1779527531.7233446,0.0,0.0,0.1937315469713706,0.0,0.0,0.1308996938995747,0.0396,1.4255999999999998,0.5544000000000001,0.0,0.0,0.19911074441961504,0.0,0.0,0.1954768762233649,-0.0020777729190408684,0.0,0.10388864595204342,sine,2,0.2,0.5,28,56,10.530027866363525,0.0
1779527531.7334583,0.0,0.0,0.1954768762233649,-0.0020777729190408684,0.0,0.10388864595204342,0.0396,1.3464,0.4752,0.0,0.0,0.19842299959219525,0.0,0.0,0.1954768762233649,0.0,0.0,0.07272205216643039,sine,2,0.2,0.5,28,56,10.53999924659729,0.0
1779527531.743343,0.0,0.0,0.1954768762233649,0.0,0.0,0.07272205216643039,-0.0396,1.4255999999999998,0.8712,0.0,0.0,0.1975265524980601,0.0,0.0,0.1954768762233649,0.0,0.0,0.06441096049026691,sine,2,0.2,0.5,28,56,10.550112962722778,0.0
1779527531.753369,0.0,0.0,0.1954768762233649,0.0,0.0,0.06441096049026691,0.0,1.2672,0.6336,0.0,0.0,0.19645770951012165,0.0,0.0,0.19722220547535924,0.0,0.0,0.035322139623694765,sine,2,0.2,0.5,28,56,10.559997797012329,0.0
1779527531.7633512,0.0,0.0,0.19722220547535924,0.0,0.0,0.035322139623694765,0.0,1.3860000000000001,0.9107999999999999,0.0,0.0,0.19518009314619222,0.0,0.0,0.19722220547535924,0.0,0.0,0.035322139623694765,sine,2,0.2,0.5,28,56,10.570023775100708,0.0
1779527531.7733397,0.0,0.0,0.19722220547535924,0.0,0.0,0.035322139623694765,0.0,1.3860000000000001,0.27720000000000006,0.0,0.0,0.19371571275294414,0.0,0.0,0.19722220547535924,0.0,0.0,0.01246663751424521,sine,2,0.2,0.5,28,56,10.580005884170532,0.0
1779527531.7833543,0.0,0.0,0.19722220547535924,0.0,0.0,0.01246663751424521,0.0,1.2276,0.35639999999999994,0.0,0.0,0.19205971340570083,0.0,0.0,0.19722220547535924,0.0,0.0,-0.0020777729190408684,sine,2,0.2,0.5,28,56,10.589994430541992,0.0
1779527531.7933407,0.0,0.0,0.19722220547535924,0.0,0.0,-0.0020777729190408684,0.0,1.4652,-0.0792,0.0,0.0,0.19020956261889277,0.0,0.0,0.19722220547535924,0.0,0.0,-0.016622183352326948,sine,2,0.2,0.5,28,56,10.600008964538574,0.0
1779527531.8033414,0.0,0.0,0.19722220547535924,0.0,0.0,-0.016622183352326948,0.0,1.4652,0.0,0.0,0.0,0.18817714023217186,0.0,0.0,0.1954768762233649,0.0,0.0,-0.04778877713793997,sine,2,0.2,0.5,28,56,10.609995365142822,0.0
1779527531.8133438,0.0,0.0,0.1954768762233649,0.0,0.0,-0.04778877713793997,0.0792,1.4255999999999998,-0.3168,0.0,0.0,0.1859562059710944,0.0,0.0,0.1954768762233649,0.0,0.0,-0.04986655005698084,sine,2,0.2,0.5,28,56,10.619996070861816,0.0
1779527531.823345,0.0,0.0,0.1954768762233649,0.0,0.0,-0.04986655005698084,0.0396,1.2672,0.198,0.0,0.0,0.18355131303464325,0.0,0.0,0.1954768762233649,0.0,0.0,-0.07479982508547126,sine,2,0.2,0.5,28,56,10.629998445510864,0.0
1779527531.8334513,0.0,0.0,0.1954768762233649,0.0,0.0,-0.07479982508547126,0.0,1.3068,0.1584,0.0,0.0,0.18096550999445865,0.0,0.0,0.1937315469713706,0.0,0.0,-0.10181087303300256,sine,2,0.2,0.5,28,56,10.639999628067017,0.0
1779527531.8433442,0.0,0.0,0.1937315469713706,0.0,0.0,-0.10181087303300256,0.0,1.4652,0.0,0.0,0.0,0.17817107174291624,0.0,0.0,0.19198621771937624,0.0,0.0,-0.12258860222341124,sine,2,0.2,0.5,28,56,10.650105953216553,0.0
1779527531.853348,0.0,0.0,0.19198621771937624,0.0,0.0,-0.12258860222341124,0.0396,1.3464,0.2376,0.0,0.0,0.17526167086748867,0.0,0.0,0.19024088846738194,0.0,0.0,-0.157910741847106,sine,2,0.2,0.5,28,56,10.659998893737793,0.0
1779527531.863345,0.0,0.0,0.19024088846738194,0.0,0.0,-0.157910741847106,0.0,1.3068,0.0,0.0,0.0,0.17214754217854691,0.0,0.0,0.18849555921538758,0.0,0.0,-0.1641440606042286,sine,2,0.2,0.5,28,56,10.670002698898315,0.0
1779527531.8733416,0.0,0.0,0.18849555921538758,0.0,0.0,-0.1641440606042286,0.0,1.3860000000000001,0.5148,0.0,0.0,0.16886572316184234,0.0,0.0,0.1867502299633933,0.0,0.0,-0.17868847103751467,sine,2,0.2,0.5,28,56,10.679999589920044,0.0
1779527531.883371,0.0,0.0,0.1867502299633933,0.0,0.0,-0.17868847103751467,0.0,1.2672,0.9107999999999999,0.0,0.0,0.1654174418617099,0.0,0.0,0.18500490071139894,0.0,0.0,-0.2036217460660051,sine,2,0.2,0.5,28,56,10.689996242523193,0.0
1779527531.893372,0.0,0.0,0.18500490071139894,0.0,0.0,-0.2036217460660051,0.0,1.3068,0.35639999999999994,0.0,0.0,0.16179387112986898,0.0,0.0,0.1832595714594046,0.0,-0.0020777729190408684,-0.22232170233737292,sine,2,0.2,0.5,28,56,10.700025796890259,0.0
1779527531.903454,0.0,0.0,0.1832595714594046,0.0,-0.0020777729190408684,-0.22232170233737292,0.0,1.5048000000000001,0.0396,0.0,0.0,0.1580207039246918,0.0,0.0,0.17976891295541597,0.0,0.0,-0.23894388568969988,sine,2,0.2,0.5,28,56,10.710026741027832,0.0
1779527531.9134378,0.0,0.0,0.17976891295541597,0.0,0.0,-0.23894388568969988,0.0,1.3860000000000001,0.0792,0.0,0.0,0.15405908561919004,0.0,0.0,0.17802358370342164,0.0,0.0,-0.25764384196106765,sine,2,0.2,0.5,28,56,10.7201087474823,0.0
1779527531.9233742,0.0,0.0,0.17802358370342164,0.0,0.0,-0.25764384196106765,0.0,1.3464,0.1584,0.0,0.0,0.1499837619092706,0.0,0.0,0.17453292519943295,0.0,0.0,-0.26803270655627204,sine,2,0.2,0.5,28,56,10.730092525482178,0.0
1779527531.9333441,0.0,0.0,0.17453292519943295,0.0,0.0,-0.26803270655627204,0.0396,1.3464,0.7524000000000001,0.0,0.0,0.14578131258645613,0.0,0.0,0.1710422666954443,0.0,0.0,-0.2950437545038033,sine,2,0.2,0.5,28,56,10.740028858184814,0.0
1779527531.943471,0.0,0.0,0.1710422666954443,0.0,0.0,-0.2950437545038033,0.0792,1.2672,0.198,0.0,0.0,0.14142188586923635,0.0,0.0,0.16929693744344998,0.0,0.0,-0.3012770732609259,sine,2,0.2,0.5,28,56,10.749998807907104,0.0
1779527531.9534678,0.0,0.0,0.16929693744344998,0.0,0.0,-0.3012770732609259,0.0,1.4652,0.198,0.0,0.0,0.13685186567412308,0.0,0.0,0.1658062789394613,0.0,0.0,-0.3345214399655798,sine,2,0.2,0.5,28,56,10.760125637054443,0.0
1779527531.9641116,0.0,0.0,0.1658062789394613,0.0,0.0,-0.3345214399655798,0.1188,1.3068,0.1188,0.0,0.0,0.13220461472078401,0.0,0.0,0.16231562043547265,-0.0020777729190408684,0.0,-0.3282881212084572,sine,2,0.2,0.5,28,56,10.770122528076172,0.0
1779527531.97334,0.0,0.0,0.16231562043547265,-0.0020777729190408684,0.0,-0.3282881212084572,0.0,1.4255999999999998,1.0296,0.0,0.0,0.12711346667360685,0.0,0.0,0.158824961931484,0.0,0.0,-0.37192135250831543,sine,2,0.2,0.5,28,56,10.780766248703003,0.0
1779527531.9833443,0.0,0.0,0.158824961931484,0.0,0.0,-0.37192135250831543,0.0792,1.3464,-0.0792,0.0,0.0,0.12258403373622928,0.0,0.0,0.15533430342749532,0.0,0.0,-0.3594547149940702,sine,2,0.2,0.5,28,56,10.789994716644287,0.0
1779527531.9935064,0.0,0.0,0.15533430342749532,0.0,0.0,-0.3594547149940702,0.0,1.3068,0.7127999999999999,0.0,0.0,0.1175575594685982,0.0,0.0,0.15009831567151233,0.0,0.0,-0.3989324004558467,sine,2,0.2,0.5,28,56,10.799998998641968,0.0
1779527532.003545,0.0,0.0,0.15009831567151233,0.0,0.0,-0.3989324004558467,0.0,1.3860000000000001,0.4356,0.0,0.0,0.1123329351888929,0.0,0.0,0.1466076571675237,-0.0020777729190408684,0.0,-0.4010101733748876,sine,2,0.2,0.5,28,56,10.810161113739014,0.0
1779527532.013403,0.0,0.0,0.1466076571675237,-0.0020777729190408684,0.0,-0.4010101733748876,0.0396,1.4652,0.5148,0.0,0.0,0.10705938082179707,0.0,0.0,0.14311699866353503,0.0,0.0,-0.4113990379700919,sine,2,0.2,0.5,28,56,10.820199728012085,0.0
1779527532.0233524,0.0,0.0,0.14311699866353503,0.0,0.0,-0.4113990379700919,0.0,1.4652,0.3168,0.0,0.0,0.10177711888221602,0.0,0.0,0.13788101090755203,0.0,0.0,-0.4342545400795415,sine,2,0.2,0.5,28,56,10.830057621002197,0.0
1779527532.0334618,0.0,0.0,0.13788101090755203,0.0,0.0,-0.4342545400795415,0.0,1.4652,0.5544000000000001,0.0,0.0,0.09634684385882479,0.0,0.0,0.13264502315156904,0.0,0.0,-0.4467211775937867,sine,2,0.2,0.5,28,56,10.840007066726685,0.0
1779527532.0433617,0.0,0.0,0.13264502315156904,0.0,0.0,-0.4467211775937867,0.0396,1.4652,0.2376,0.0,0.0,0.09073287784604905,0.0,0.0,0.12915436464758037,0.0,0.0,-0.45711004218899104,sine,2,0.2,0.5,28,56,10.850116491317749,0.0
1779527532.0533557,0.0,0.0,0.12915436464758037,0.0,0.0,-0.45711004218899104,-0.0792,1.5048000000000001,0.1188,0.0,0.0,0.08514656519191918,0.0,0.0,0.1239183768915974,0.0,0.0,-0.46334336094611367,sine,2,0.2,0.5,28,56,10.860016345977783,0.0
1779527532.0634623,0.0,0.0,0.1239183768915974,0.0,0.0,-0.46334336094611367,0.0396,1.5048000000000001,1.1088000000000002,0.0,0.0,0.07942359485841151,0.0,0.0,0.11868238913561442,0.0020777729190408684,0.0,-0.4882766359746041,sine,2,0.2,0.5,28,56,10.870010375976562,0.0
1779527532.073559,0.0,0.0,0.11868238913561442,0.0020777729190408684,0.0,-0.4882766359746041,0.0396,1.4652,-0.0396,0.0,0.0,0.07355658997973452,0.0,0.0,0.11344640137963143,-0.0020777729190408684,0.0,-0.5069765922459719,sine,2,0.2,0.5,28,56,10.880116939544678,0.0
1779527532.0833406,0.0,0.0,0.11344640137963143,-0.0020777729190408684,0.0,-0.5069765922459719,0.0,1.4652,0.27720000000000006,0.0,0.0,0.06762121863086117,0.0,0.0,0.10995574287564278,0.0,0.0,-0.5028210464078902,sine,2,0.2,0.5,28,56,10.89021372795105,0.0
1779527532.0933454,0.0,0.0,0.10995574287564278,0.0,0.0,-0.5028210464078902,0.1188,1.4255999999999998,0.5940000000000001,0.0,0.0,0.06180619129875127,0.0,0.0,0.10471975511965977,0.0,0.0,-0.5111321380840537,sine,2,0.2,0.5,28,56,10.89999532699585,0.0
1779527532.1035082,0.0,0.0,0.10471975511965977,0.0,0.0,-0.5111321380840537,0.0,1.3068,0.396,0.0,0.0,0.0557981694201544,0.0,0.0,0.09773843811168245,-0.0020777729190408684,0.0,-0.5235987755982988,sine,2,0.2,0.5,28,56,10.910000085830688,0.0
1779527532.1134465,0.0,0.0,0.09773843811168245,-0.0020777729190408684,0.0,-0.5235987755982988,-0.0396,1.2672,0.9504,0.0,0.0,0.04963882359564488,0.0,0.0,0.09250245035569947,-0.0020777729190408684,0.0,-0.5402209589506258,sine,2,0.2,0.5,28,56,10.920162916183472,0.0
1779527532.1234455,0.0,0.0,0.09250245035569947,-0.0020777729190408684,0.0,-0.5402209589506258,0.0396,1.3068,0.0,0.0,0.0,0.04356661843106075,0.0,0.0,0.08726646259971647,0.0,0.0,-0.5485320506267892,sine,2,0.2,0.5,28,56,10.930101156234741,0.0
1779527532.1333592,0.0,0.0,0.08726646259971647,0.0,0.0,-0.5485320506267892,0.0396,1.2672,0.8316,0.0,0.0,0.03741442300128024,0.0,0.0,0.08203047484373349,0.0,0.0,-0.5568431423029527,sine,2,0.2,0.5,28,56,10.940100193023682,0.0
1779527532.1433423,0.0,0.0,0.08203047484373349,0.0,0.0,-0.5568431423029527,0.0,1.2276,0.0396,0.0,0.0,0.03127828179419619,0.0,0.0,0.07679448708775051,0.0,0.0,-0.5713875527362388,sine,2,0.2,0.5,28,56,10.950013875961304,0.0
1779527532.1534643,0.0,0.0,0.07679448708775051,0.0,0.0,-0.5713875527362388,0.0792,1.2672,0.4356,0.0,0.0,0.02506855501267822,0.0,0.0,0.06981317007977318,0.0,-0.0020777729190408684,-0.5755430985743205,sine,2,0.2,0.5,28,56,10.959996938705444,0.0
1779527532.1633523,0.0,0.0,0.06981317007977318,0.0,-0.0020777729190408684,-0.5755430985743205,0.0,1.2672,0.0792,0.0,0.0,0.018747223601012986,0.0,0.0,0.06457718232379019,0.0,0.0,-0.5776208714933614,sine,2,0.2,0.5,28,56,10.970118999481201,0.0
1779527532.1734061,0.0,0.0,0.06457718232379019,0.0,0.0,-0.5776208714933614,0.0396,1.3464,0.35639999999999994,0.0,0.0,0.012553756233227246,0.0,0.0,0.05934119456780721,0.0,0.0,-0.5817764173314431,sine,2,0.2,0.5,28,56,10.98000693321228,0.0
1779527532.1833642,0.0,0.0,0.05934119456780721,0.0,0.0,-0.5817764173314431,0.0,1.4255999999999998,0.4752,0.0,0.0,0.006243964844447114,0.0,0.0,0.05235987755982988,0.0,0.0,-0.5859319631695249,sine,2,0.2,0.5,28,56,10.990060806274414,0.0
1779527532.193507,0.0,0.0,0.05235987755982988,0.0,0.0,-0.5859319631695249,0.0396,1.3464,0.4356,0.0,0.0,-1.183442208720565e-05,0.0,0.0,0.047123889803846894,0.0,0.0,-0.5942430548456884,sine,2,0.2,0.5,28,56,11.000018835067749,0.0
1779527532.2034645,0.0,0.0,0.047123889803846894,0.0,0.0,-0.5942430548456884,0.0792,1.4652,0.5940000000000001,0.0,0.0,-0.006383661201373395,0.0,0.0,0.04014257279586959,0.0,0.0,-0.6004763736028109,sine,2,0.2,0.5,28,56,11.010161638259888,0.0
1779527532.2133505,0.0,0.0,0.04014257279586959,0.0,0.0,-0.6004763736028109,0.0396,1.4652,0.3168,0.0,0.0,-0.01263284466799351,0.0,0.0,0.03490658503988659,0.0,0.0,-0.6046319194408927,sine,2,0.2,0.5,28,56,11.020119190216064,0.0
1779527532.223368,0.0,0.0,0.03490658503988659,0.0,0.0,-0.6046319194408927,0.0396,1.4652,0.5544000000000001,0.0,0.0,-0.018824925800201554,0.0,0.0,0.027925268031909273,0.0,0.0,-0.6067096923599336,sine,2,0.2,0.5,28,56,11.03000521659851,0.0
1779527532.2333596,0.0,0.0,0.027925268031909273,0.0,0.0,-0.6067096923599336,0.0792,1.5048000000000001,0.5148,0.0,0.0,-0.025080741919435698,0.0,0.0,0.022689280275926284,0.0,0.0,-0.6087874652789744,sine,2,0.2,0.5,28,56,11.040022611618042,0.0
1779527532.2433438,0.0,0.0,0.022689280275926284,0.0,0.0,-0.6087874652789744,0.0,1.4652,0.6732,0.0,0.0,-0.03129574089436809,0.0,0.0,0.015707963267948967,-0.0020777729190408684,0.0,-0.6129430111170562,sine,2,0.2,0.5,28,56,11.05001425743103,0.0
1779527532.2533476,0.0,0.0,0.015707963267948967,-0.0020777729190408684,0.0,-0.6129430111170562,0.0396,1.4652,0.6732,0.0,0.0,-0.03747534470453117,0.0,0.0,0.010471975511965978,0.0,0.0020777729190408684,-0.6150207840360971,sine,2,0.2,0.5,28,56,11.059998512268066,0.0
1779527532.263343,0.0,0.0,0.010471975511965978,0.0,0.0020777729190408684,-0.6150207840360971,0.0396,1.4652,0.5940000000000001,0.0,0.0,-0.043630069294277145,0.0,0.0,0.003490658503988659,0.0,0.0,-0.6170985569551379,sine,2,0.2,0.5,28,56,11.070002317428589,0.0
1779527532.27349,0.0,0.0,0.003490658503988659,0.0,0.0,-0.6170985569551379,0.0,1.3464,0.5148,0.0,0.0,-0.04973662513256047,0.0,0.0,0.0,0.0,0.0,-0.6191763298741788,sine,2,0.2,0.5,28,56,11.079997777938843,0.0
1779527532.2834623,0.0,0.0,0.0,0.0,0.0,-0.6191763298741788,0.0396,1.5048000000000001,0.396,0.0,0.0,-0.055885483456160484,0.0,0.0,-0.006981317007977318,0.0,-0.0020777729190408684,-0.6129430111170562,sine,2,0.2,0.5,28,56,11.090144634246826,0.0
1779527532.2934923,0.0,0.0,-0.006981317007977318,0.0,-0.0020777729190408684,-0.6129430111170562,0.0396,1.3860000000000001,0.5544000000000001,0.0,0.0,-0.06187329094381038,0.0,0.0,-0.012217304763960306,0.0,0.0,-0.6108652381980153,sine,2,0.2,0.5,28,56,11.100116968154907,0.0
1779527532.30337,0.0,0.0,-0.012217304763960306,0.0,0.0,-0.6108652381980153,-0.0396,1.4652,0.6336,0.0,0.0,-0.06783447884770942,0.0,0.0,-0.019198621771937627,0.0,0.0,-0.6087874652789744,sine,2,0.2,0.5,28,56,11.11014699935913,0.0
1779527532.313433,0.0,0.0,-0.019198621771937627,0.0,0.0,-0.6087874652789744,0.0,1.5048000000000001,0.5940000000000001,0.0,0.0,-0.0736393289053702,0.0,0.0,-0.02617993877991494,0.0,0.0,-0.6087874652789744,sine,2,0.2,0.5,28,56,11.120024681091309,0.0
1779527532.3234642,0.0,0.0,-0.02617993877991494,0.0,0.0,-0.6087874652789744,0.0,1.2672,0.6732,0.0,0.0,-0.07948009708479166,0.0,0.0,-0.031415926535897934,0.0,0.0,-0.6108652381980153,sine,2,0.2,0.5,28,56,11.130087614059448,0.0
1779527532.3335392,0.0,0.0,-0.031415926535897934,0.0,0.0,-0.6108652381980153,0.0,1.4652,0.3168,0.0,0.0,-0.0852234137437769,0.0,0.0,-0.038397243543875255,0.0,0.0,-0.6046319194408927,sine,2,0.2,0.5,28,56,11.140118837356567,0.0
1779527532.3433785,0.0,0.0,-0.038397243543875255,0.0,0.0,-0.6046319194408927,0.0396,1.4255999999999998,0.7127999999999999,0.0,0.0,-0.09090665188439188,0.0,0.0,-0.04363323129985824,0.0,0.0,-0.6046319194408927,sine,2,0.2,0.5,28,56,11.150193929672241,0.0
1779527532.3533452,0.0,0.0,-0.04363323129985824,0.0,0.0,-0.6046319194408927,0.0792,1.2672,0.2376,0.0,0.0,-0.09636902852914811,0.0,0.0,-0.048869219055841226,0.0,0.0,-0.5963208277647293,sine,2,0.2,0.5,28,56,11.160033226013184,0.0
1779527532.3634527,0.0,0.0,-0.048869219055841226,0.0,0.0,-0.5963208277647293,0.0792,1.3068,0.7524000000000001,0.0,0.0,-0.10180819546978966,0.0,0.0,-0.05585053606381855,0.0,0.0,-0.5921652819266475,sine,2,0.2,0.5,28,56,11.169999837875366,0.0
1779527532.3734703,0.0,0.0,-0.05585053606381855,0.0,0.0,-0.5921652819266475,0.0,1.3860000000000001,0.396,0.0,0.0,-0.10722230552854183,0.0,0.0,-0.061086523819801536,0.0,0.0,-0.5880097360885658,sine,2,0.2,0.5,28,56,11.180107355117798,0.0
1779527532.3833785,0.0,0.0,-0.061086523819801536,0.0,0.0,-0.5880097360885658,0.0396,1.4255999999999998,0.99,0.0,0.0,-0.11248161971156197,0.0,0.0,-0.06806784082777886,-0.0020777729190408684,0.0,-0.5859319631695249,sine,2,0.2,0.5,28,56,11.190124988555908,0.0
1779527532.3933468,0.0,0.0,-0.06806784082777886,-0.0020777729190408684,0.0,-0.5859319631695249,0.0396,1.3068,0.1584,0.0,0.0,-0.11757391988790554,0.0,0.0,-0.07330382858376185,0.0,0.0,-0.5817764173314431,sine,2,0.2,0.5,28,56,11.200033187866211,0.0
1779527532.4035008,0.0,0.0,-0.07330382858376185,0.0,0.0,-0.5817764173314431,0.0,1.4652,0.792,0.0,0.0,-0.1225821398727341,0.0,0.0,-0.07853981633974483,0.0,0.0,-0.5755430985743205,sine,2,0.2,0.5,28,56,11.210001468658447,0.0
1779527532.413495,0.0,0.0,-0.07853981633974483,0.0,0.0,-0.5755430985743205,0.0792,1.3068,0.0,0.0,0.0,-0.12756005372260762,0.0,0.0,-0.08552113334772216,0.0020777729190408684,0.0,-0.5672320068981571,sine,2,0.2,0.5,28,56,11.220155477523804,0.0
1779527532.423359,0.0,0.0,-0.08552113334772216,0.0020777729190408684,0.0,-0.5672320068981571,0.0396,1.3860000000000001,0.6336,0.0,0.0,-0.1323329349889721,0.0,0.0,-0.09075712110370514,0.0,0.0,-0.5589209152219936,sine,2,0.2,0.5,28,56,11.230149745941162,0.0
1779527532.4333844,0.0,0.0,-0.09075712110370514,0.0,0.0,-0.5589209152219936,0.0396,1.4652,0.1188,0.0,0.0,-0.13691564991718144,0.0,0.0,-0.09599310885968812,0.0,0.0,-0.552687596464871,sine,2,0.2,0.5,28,56,11.240013599395752,0.0
1779527532.443498,0.0,0.0,-0.09599310885968812,0.0,0.0,-0.552687596464871,0.0,1.4255999999999998,0.27720000000000006,0.0,0.0,-0.14143872713002537,0.0,0.0,-0.10122909661567113,0.0,-0.0020777729190408684,-0.538143186031585,sine,2,0.2,0.5,28,56,11.250039100646973,0.0
1779527532.4533427,0.0,0.0,-0.10122909661567113,0.0,-0.0020777729190408684,-0.538143186031585,0.0396,1.3464,0.4752,0.0,0.0,-0.14585933476247812,0.0,0.0,-0.10646508437165411,0.0,0.0,-0.5173654568411762,sine,2,0.2,0.5,28,56,11.260152578353882,0.0
1779527532.463372,0.0,0.0,-0.10646508437165411,0.0,0.0,-0.5173654568411762,0.0,1.3464,0.4356,0.0,0.0,-0.15002111626547274,0.0,0.0,-0.1117010721276371,0.0,0.0,-0.5069765922459719,sine,2,0.2,0.5,28,56,11.269997358322144,0.0
1779527532.473351,0.0,0.0,-0.1117010721276371,0.0,0.0,-0.5069765922459719,0.0,1.4652,1.0692,0.0,0.0,-0.15411333120094683,0.0,0.0,-0.11693705988362009,0.0,0.0,-0.5111321380840537,sine,2,0.2,0.5,28,56,11.28002667427063,0.0
1779527532.4833379,0.0,0.0,-0.11693705988362009,0.0,0.0,-0.5111321380840537,0.0,1.3464,-0.0396,0.0,0.0,-0.15803319132430416,0.0,0.0,-0.12217304763960307,0.0,0.0,-0.4986655005698084,sine,2,0.2,0.5,28,56,11.290005683898926,0.0
1779527532.493374,0.0,0.0,-0.12217304763960307,0.0,0.0,-0.4986655005698084,0.0792,1.3464,0.4356,0.0,0.0,-0.16180065161205,0.0,0.0,-0.12566370614359174,0.0,0.0,-0.48204331721748145,sine,2,0.2,0.5,28,56,11.299992561340332,0.0
1779527532.5033534,0.0,0.0,-0.12566370614359174,0.0,0.0,-0.48204331721748145,0.0,1.4652,0.27720000000000006,0.0,0.0,-0.16542628237192603,0.0,0.0,-0.1308996938995747,0.0,0.0,-0.46957667970323624,sine,2,0.2,0.5,28,56,11.310028791427612,0.0
1779527532.5133612,0.0,0.0,-0.1308996938995747,0.0,0.0,-0.46957667970323624,0.0396,1.3464,0.1188,0.0,0.0,-0.16886829169565112,0.0,0.0,-0.13613568165555773,0.0,0.0,-0.4529544963509093,sine,2,0.2,0.5,28,56,11.320008039474487,0.0
1779527532.5233796,0.0,0.0,-0.13613568165555773,0.0,0.0,-0.4529544963509093,0.0,1.3860000000000001,0.8316,0.0,0.0,-0.17215348992516855,0.0,0.0,-0.13962634015954636,0.0,0.0,-0.45087672343186846,sine,2,0.2,0.5,28,56,11.330015897750854,0.0
1779527532.5333464,0.0,0.0,-0.13962634015954636,0.0,0.0,-0.45087672343186846,-0.0396,1.4652,0.0,0.0,0.0,-0.1752717012137882,0.0,0.0,-0.14486232791552936,0.0020777729190408684,-0.0020777729190408684,-0.43217676716050063,sine,2,0.2,0.5,28,56,11.340034246444702,0.0
1779527532.5437286,0.0,0.0,-0.14486232791552936,0.0020777729190408684,-0.0020777729190408684,-0.43217676716050063,0.0,1.4652,0.35639999999999994,0.0,0.0,-0.17820161767826023,0.0,0.0,-0.14835298641951802,0.0,0.0,-0.4072434921320102,sine,2,0.2,0.5,28,56,11.350001096725464,0.0
1779527532.5533676,0.0,0.0,-0.14835298641951802,0.0,0.0,-0.4072434921320102,0.0,1.4652,0.9107999999999999,0.0,0.0,-0.18106781417952816,0.0,0.0,-0.1518436449235067,0.0,0.0,-0.4134768108891328,sine,2,0.2,0.5,28,56,11.36038327217102,0.0
1779527532.5633504,0.0,0.0,-0.1518436449235067,0.0,0.0,-0.4134768108891328,0.0,1.4255999999999998,-0.1188,0.0,0.0,-0.18355648855324905,0.0,0.0,-0.15707963267948966,0.0,0.0,-0.38231021710351976,sine,2,0.2,0.5,28,56,11.370022296905518,0.0
1779527532.573708,0.0,0.0,-0.15707963267948966,0.0,0.0,-0.38231021710351976,0.0,1.4255999999999998,0.5544000000000001,0.0,0.0,-0.18595648169165863,0.0,0.0,-0.16057029118347835,0.0,0.0,-0.3739991254273563,sine,2,0.2,0.5,28,56,11.380005121231079,0.0
1779527532.5840511,0.0,0.0,-0.16057029118347835,0.0,0.0,-0.3739991254273563,0.0792,1.4652,0.6732,0.0,0.0,-0.18825323537556632,0.0,0.0,-0.16406094968746698,0.0,0.0,-0.35737694207502935,sine,2,0.2,0.5,28,56,11.390362739562988,0.0
1779527532.5936072,0.0,0.0,-0.16406094968746698,0.0,0.0,-0.35737694207502935,0.0396,1.3860000000000001,0.1584,0.0,0.0,-0.19034787722898047,0.0,0.0,-0.16755160819145565,0.0020777729190408684,0.0,-0.3365992128846207,sine,2,0.2,0.5,28,56,11.400705814361572,0.0
1779527532.6033373,0.0,0.0,-0.16755160819145565,0.0020777729190408684,0.0,-0.3365992128846207,0.0,1.3068,0.198,0.0,0.0,-0.19210457661181965,0.0,0.0,-0.1710422666954443,0.0,0.0,-0.3282881212084572,sine,2,0.2,0.5,28,56,11.410261869430542,0.0
1779527532.61335,0.0,0.0,-0.1710422666954443,0.0,0.0,-0.3282881212084572,0.0,1.4652,0.2376,0.0,0.0,-0.1937153774344044,0.0,0.0,-0.17278759594743864,0.0,0.0,-0.299199300341885,sine,2,0.2,0.5,28,56,11.419991970062256,0.0
1779527532.6233454,0.0,0.0,-0.17278759594743864,0.0,0.0,-0.299199300341885,0.0,1.3464,0.8712,0.0,0.0,-0.19518398240831503,0.0,0.0,-0.1762782544514273,0.0,0.0,-0.299199300341885,sine,2,0.2,0.5,28,56,11.430004596710205,0.0
1779527532.633494,0.0,0.0,-0.1762782544514273,0.0,0.0,-0.299199300341885,0.0396,1.4255999999999998,0.0,0.0,0.0,-0.1964574568825939,0.0,0.0,-0.17802358370342164,0.0,0.0,-0.25972161488010853,sine,2,0.2,0.5,28,56,11.440000057220459,0.0
1779527532.6433828,0.0,0.0,-0.17802358370342164,0.0,0.0,-0.25972161488010853,0.0,1.4255999999999998,0.2376,0.0,0.0,-0.19755225086775421,0.0,0.0,-0.18151424220741028,0.0,0.0020777729190408684,-0.2617993877991494,sine,2,0.2,0.5,28,56,11.450148582458496,0.0
1779527532.65335,0.0,0.0,-0.18151424220741028,0.0,0.0020777729190408684,-0.2617993877991494,0.0,1.3464,0.0792,0.0,0.0,-0.19842588960968144,0.0,0.0,-0.1832595714594046,0.0,0.0,-0.2306327940135364,sine,2,0.2,0.5,28,56,11.460037469863892,0.0
1779527532.6634023,0.0,0.0,-0.1832595714594046,0.0,0.0,-0.2306327940135364,0.0,1.3068,0.6732,0.0,0.0,-0.19911267654352663,0.0,0.0,-0.18500490071139894,0.0,0.0,-0.21193283774216856,sine,2,0.2,0.5,28,56,11.470004796981812,0.0
1779527532.6733708,0.0,0.0,-0.18500490071139894,0.0,0.0,-0.21193283774216856,0.0,1.5048000000000001,0.8712,0.0,0.0,-0.19960759131863354,0.0,0.0,-0.18849555921538758,0.0,0.0,-0.2098550648231277,sine,2,0.2,0.5,28,56,11.480057001113892,0.0
1779527532.6833563,0.0,0.0,-0.18849555921538758,0.0,0.0,-0.2098550648231277,0.0,1.5444,0.1188,0.0,0.0,-0.19990181509882696,0.0,0.0,-0.19024088846738194,0.0,0.0,-0.17868847103751467,sine,2,0.2,0.5,28,56,11.490025520324707,0.0
1779527532.6934402,0.0,0.0,-0.19024088846738194,0.0,0.0,-0.17868847103751467,0.0,1.4652,0.1188,0.0,0.0,-0.19999999988128775,0.0,0.0,-0.19024088846738194,0.0,0.0,-0.15375519600902426,sine,2,0.2,0.5,28,56,11.500010967254639,0.0
1779527532.7033455,0.0,0.0,-0.19024088846738194,0.0,0.0,-0.15375519600902426,0.0,1.3860000000000001,0.198,0.0,0.0,-0.1998994306235814,0.0,0.0,-0.19198621771937624,0.0,0.0020777729190408684,-0.13921078557573818,sine,2,0.2,0.5,28,56,11.51009488105774,0.0
1779527532.713347,0.0,0.0,-0.19198621771937624,0.0,0.0020777729190408684,-0.13921078557573818,0.0,1.3068,0.3168,0.0,0.0,-0.19960533703190633,0.0,0.0,-0.1937315469713706,0.0,0.0,-0.12882192098053383,sine,2,0.2,0.5,28,56,11.520000219345093,0.0
1779527532.7233605,0.0,0.0,-0.1937315469713706,0.0,0.0,-0.12882192098053383,0.0,1.2672,0.198,0.0,0.0,-0.19911229592586577,0.0,0.0,-0.1954768762233649,0.0,0.0,-0.11012196470916602,sine,2,0.2,0.5,28,56,11.530001640319824,0.0
1779527532.7333472,0.0,0.0,-0.1954768762233649,0.0,0.0,-0.11012196470916602,0.0,1.3068,0.2376,0.0,0.0,-0.19842174142276803,0.0,0.0,-0.1954768762233649,0.0,0.0020777729190408684,-0.078955370923553,sine,2,0.2,0.5,28,56,11.54001522064209,0.0
1779527532.7433429,0.0,0.0,-0.1954768762233649,0.0,0.0020777729190408684,-0.078955370923553,0.0,1.3464,0.6336,0.0,0.0,-0.19753748532793974,0.0,0.0,-0.1954768762233649,0.0,0.0,-0.07272205216643039,sine,2,0.2,0.5,28,56,11.550001859664917,0.0
1779527532.7534077,0.0,0.0,-0.1954768762233649,0.0,0.0,-0.07272205216643039,0.0,1.3464,0.3168,0.0,0.0,-0.19645773757929572,0.0,0.0,-0.19722220547535924,0.0,0.0,-0.035322139623694765,sine,2,0.2,0.5,28,56,11.55999755859375,0.0
1779527532.7634215,0.0,0.0,-0.19722220547535924,0.0,0.0,-0.035322139623694765,0.0,1.3464,0.9504,0.0,0.0,-0.19517479602811394,0.0,0.0,-0.19722220547535924,0.0,0.0,-0.02701104794753129,sine,2,0.2,0.5,28,56,11.570062398910522,0.0
1779527532.7733428,0.0,0.0,-0.19722220547535924,0.0,0.0,-0.02701104794753129,0.0,1.3464,0.6336,0.0,0.0,-0.19370471717184745,0.0,0.0,-0.19722220547535924,0.0,0.0,-0.01246663751424521,sine,2,0.2,0.5,28,56,11.580076217651367,0.0
1779527532.7833483,0.0,0.0,-0.19722220547535924,0.0,0.0,-0.01246663751424521,0.0,1.3464,0.4752,0.0,0.0,-0.19205917011184126,0.0,0.0,-0.19722220547535924,0.0,0.0,0.0020777729190408684,sine,2,0.2,0.5,28,56,11.58999752998352,0.0
1779527532.7933428,0.0,0.0,-0.19722220547535924,0.0,0.0,0.0020777729190408684,0.0,1.3860000000000001,0.396,0.0,0.0,-0.19021071997621725,0.0,0.0,-0.19722220547535924,0.0,0.0,0.02493327502849042,sine,2,0.2,0.5,28,56,11.600003004074097,0.0
1779527532.8033345,0.0,0.0,-0.19722220547535924,0.0,0.0,0.02493327502849042,0.0,1.4652,-0.3168,0.0,0.0,-0.18817668355133224,0.0,0.0,-0.1954768762233649,0.0,0.0,0.035322139623694765,sine,2,0.2,0.5,28,56,11.609997510910034,0.0
1779527532.8133657,0.0,0.0,-0.1954768762233649,0.0,0.0,0.035322139623694765,0.0,1.2672,0.0792,0.0,0.0,-0.18595780511406088,0.0,0.0,-0.1954768762233649,0.0,0.0,0.05402209589506258,sine,2,0.2,0.5,28,56,11.619989156723022,0.0
1779527532.823355,0.0,0.0,-0.1954768762233649,0.0,0.0,0.05402209589506258,0.0,1.3464,0.198,0.0,0.0,-0.183545839224533,0.0,0.0,-0.1954768762233649,0.0,0.0,0.06648873340930779,sine,2,0.2,0.5,28,56,11.630020380020142,0.0
1779527532.8333254,0.0,0.0,-0.1954768762233649,0.0,0.0,0.06648873340930779,0.0396,1.4652,0.7524000000000001,0.0,0.0,-0.1809628310283008,0.0,0.0,-0.1937315469713706,0.0,0.0,0.10596641887108428,sine,2,0.2,0.5,28,56,11.640009641647339,0.0
1779527532.843377,0.0,0.0,-0.1937315469713706,0.0,0.0,0.10596641887108428,-0.0396,1.4652,0.6732,0.0,0.0,-0.1782069900451551,0.0,0.0,-0.19198621771937624,0.0,0.0,0.12882192098053383,sine,2,0.2,0.5,28,56,11.649980068206787,0.0
1779527532.853354,0.0,0.0,-0.19198621771937624,0.0,0.0,0.12882192098053383,0.0,1.2672,0.4752,0.0,0.0,-0.17525171080265456,0.0,0.0,-0.19024088846738194,0.0,0.0,0.157910741847106,sine,2,0.2,0.5,28,56,11.660031795501709,0.0
1779527532.8634262,0.0,0.0,-0.19024088846738194,0.0,0.0,0.157910741847106,0.0,1.3068,0.4356,0.0,0.0,-0.17214563572515565,0.0,0.0,-0.18849555921538758,0.0,0.0,0.16206628768518774,sine,2,0.2,0.5,28,56,11.670008659362793,0.0
1779527532.8733761,0.0,0.0,-0.18849555921538758,0.0,0.0,0.16206628768518774,0.0,1.3068,0.5940000000000001,0.0,0.0,-0.168838346198775,0.0,0.0,-0.1867502299633933,-0.0020777729190408684,0.0,0.17453292519943295,sine,2,0.2,0.5,28,56,11.680080890655518,0.0
1779527532.8834217,0.0,0.0,-0.1867502299633933,-0.0020777729190408684,0.0,0.17453292519943295,0.0,1.4652,0.5544000000000001,0.0,0.0,-0.1654052318560379,0.0,0.0,-0.18500490071139894,0.0,0.0,0.21401061066120944,sine,2,0.2,0.5,28,56,11.690030813217163,0.0
1779527532.8933618,0.0,0.0,-0.18500490071139894,0.0,0.0,0.21401061066120944,0.0,1.3464,-0.198,0.0,0.0,-0.16177520000874007,0.0,0.0,-0.1832595714594046,0.0,0.0,0.2181661564992912,sine,2,0.2,0.5,28,56,11.700076341629028,0.0
1779527532.903349,0.0,0.0,-0.1832595714594046,0.0,0.0,0.2181661564992912,0.0,1.3860000000000001,0.1188,0.0,0.0,-0.15802465232389676,0.0,0.0,-0.17976891295541597,0.0,0.0,0.2306327940135364,sine,2,0.2,0.5,28,56,11.71001648902893,0.0
1779527532.9133487,0.0,0.0,-0.17976891295541597,0.0,0.0,0.2306327940135364,0.0,1.4652,0.8712,0.0,0.0,-0.15410120476814212,0.0,0.0,-0.17802358370342164,0.0,0.0,0.26595493363723116,sine,2,0.2,0.5,28,56,11.720003604888916,0.0
1779527532.9233668,0.0,0.0,-0.17802358370342164,0.0,0.0,0.26595493363723116,0.0,1.3068,0.35639999999999994,0.0,0.0,-0.15002081906316667,0.0,0.0,-0.17453292519943295,0.0,0.0,0.26595493363723116,sine,2,0.2,0.5,28,56,11.730003356933594,0.0
1779527532.9333649,0.0,0.0,-0.17453292519943295,0.0,0.0,0.26595493363723116,0.0,1.4255999999999998,0.5940000000000001,0.0,0.0,-0.14578449181356298,0.0,0.0,-0.1710422666954443,0.0,0.0,0.2950437545038033,sine,2,0.2,0.5,28,56,11.740021467208862,0.0
1779527532.943341,0.0,0.0,-0.1710422666954443,0.0,0.0,0.2950437545038033,0.0,1.3464,-0.1188,0.0,0.0,-0.1414126699907072,0.0,0.0,-0.16929693744344998,0.0,0.0,0.30543261909900765,sine,2,0.2,0.5,28,56,11.750019550323486,0.0
1779527532.9533486,0.0,0.0,-0.16929693744344998,0.0,0.0,0.30543261909900765,0.0,1.2672,0.5940000000000001,0.0,0.0,-0.13691139116919684,0.0,0.0,-0.1658062789394613,0.0,0.0,0.33036589412749806,sine,2,0.2,0.5,28,56,11.759995698928833,0.0
1779527532.9633436,0.0,0.0,-0.1658062789394613,0.0,0.0,0.33036589412749806,-0.0396,1.3068,0.5544000000000001,0.0,0.0,-0.13226080888458255,0.0,0.0,-0.16231562043547265,0.0,0.0,0.33244366704653894,sine,2,0.2,0.5,28,56,11.770003318786621,0.0
1779527532.9733365,0.0,0.0,-0.16231562043547265,0.0,0.0,0.33244366704653894,0.0,1.4255999999999998,0.4752,0.0,0.0,-0.12748561977428036,0.0,0.0,-0.158824961931484,0.0,0.0,0.363610260832152,sine,2,0.2,0.5,28,56,11.779998302459717,0.0
1779527532.983366,0.0,0.0,-0.158824961931484,0.0,0.0,0.363610260832152,0.0,1.3068,0.0,0.0,0.0,-0.12258580921726672,0.0,0.0,-0.15533430342749532,0.0,0.0,0.36568803375119285,sine,2,0.2,0.5,28,56,11.7899911403656,0.0
1779527532.9933593,0.0,0.0,-0.15533430342749532,0.0,0.0,0.36568803375119285,0.0,1.4255999999999998,0.9504,0.0,0.0,-0.11754653065590273,0.0,0.0,-0.15009831567151233,0.0,0.0,0.3864657629416015,sine,2,0.2,0.5,28,56,11.800020694732666,0.0
1779527533.0033424,0.0,0.0,-0.15009831567151233,0.0,0.0,0.3864657629416015,0.0,1.3464,0.5940000000000001,0.0,0.0,-0.11240939515659046,0.0,0.0,-0.1466076571675237,0.0,0.0,0.4072434921320102,sine,2,0.2,0.5,28,56,11.810014009475708,0.0
1779527533.0133877,0.0,0.0,-0.1466076571675237,0.0,0.0,0.4072434921320102,0.0,1.4255999999999998,-0.1188,0.0,0.0,-0.10716691219878481,0.0,0.0,-0.14311699866353503,0.0,0.0020777729190408684,0.40516571921296934,sine,2,0.2,0.5,28,56,11.819997072219849,0.0
1779527533.0233502,0.0,0.0,-0.14311699866353503,0.0,0.0020777729190408684,0.40516571921296934,0.0,1.4255999999999998,0.9107999999999999,0.0,0.0,-0.10178537190942204,0.0,0.0,-0.13788101090755203,0.0,0.0,0.4363323129985824,sine,2,0.2,0.5,28,56,11.830042362213135,0.0
1779527533.0333416,0.0,0.0,-0.13788101090755203,0.0,0.0,0.4363323129985824,0.0,1.4255999999999998,0.396,0.0,0.0,-0.0963480253298944,0.0,0.0,-0.13264502315156904,0.0,0.0,0.4487989505128276,sine,2,0.2,0.5,28,56,11.840004920959473,0.0
1779527533.043352,0.0,0.0,-0.13264502315156904,0.0,0.0,0.4487989505128276,0.0396,1.4652,0.0396,0.0,0.0,-0.09080015546121484,0.0,0.0,-0.12915436464758037,-0.0020777729190408684,-0.0020777729190408684,0.45503226926995016,sine,2,0.2,0.5,28,56,11.849996328353882,0.0
1779527533.0533497,0.0,0.0,-0.12915436464758037,-0.0020777729190408684,-0.0020777729190408684,0.45503226926995016,0.0,1.4255999999999998,0.8316,0.0,0.0,-0.08515212265713729,0.0,0.0,-0.1239183768915974,0.0,0.0,0.46957667970323624,sine,2,0.2,0.5,28,56,11.86000657081604,0.0
1779527533.0634625,0.0,0.0,-0.1239183768915974,0.0,0.0,0.46957667970323624,0.0,1.4652,0.35639999999999994,0.0,0.0,-0.07942703194854363,0.0,0.0,-0.11868238913561442,0.0,0.0,0.48204331721748145,sine,2,0.2,0.5,28,56,11.870004415512085,0.0
1779527533.0733466,0.0,0.0,-0.11868238913561442,0.0,0.0,0.48204331721748145,0.0,1.3068,0.35639999999999994,0.0,0.0,-0.07355645067633187,0.0,0.0,-0.11344640137963143,0.0,0.0,0.4986655005698084,sine,2,0.2,0.5,28,56,11.880117177963257,0.0
1779527533.0834305,0.0,0.0,-0.11344640137963143,0.0,0.0,0.4986655005698084,0.0,1.4255999999999998,0.5148,0.0,0.0,-0.06774681729907743,0.0,0.0,-0.10995574287564278,0.0,0.0,0.5111321380840537,sine,2,0.2,0.5,28,56,11.89000129699707,0.0
1779527533.0933506,0.0,0.0,-0.10995574287564278,0.0,0.0,0.5111321380840537,-0.0396,1.3464,0.0,0.0,0.0,-0.061752477547212796,0.0,0.0,-0.10471975511965977,-0.0020777729190408684,0.0,0.5132099110030945,sine,2,0.2,0.5,28,56,11.900085210800171,0.0
1779527533.1033466,0.0,0.0,-0.10471975511965977,-0.0020777729190408684,0.0,0.5132099110030945,0.0,1.3464,0.7127999999999999,0.0,0.0,-0.055795004609067334,0.0,0.0,-0.0994837673636768,0.0,0.0,0.5215210026792579,sine,2,0.2,0.5,28,56,11.910005331039429,0.0
1779527533.1133466,0.0,0.0,-0.0994837673636768,0.0,0.0,0.5215210026792579,0.0396,1.3464,0.5544000000000001,0.0,0.0,-0.049737205519300484,0.0,0.0,-0.09250245035569947,0.0,0.0,0.5360654131125441,sine,2,0.2,0.5,28,56,11.92000126838684,0.0
1779527533.1233459,0.0,0.0,-0.09250245035569947,0.0,0.0,0.5360654131125441,-0.0396,1.5048000000000001,0.4356,0.0,0.0,-0.043627876368973834,0.0,0.0,-0.08726646259971647,0.0020777729190408684,0.0,0.5485320506267892,sine,2,0.2,0.5,28,56,11.930001258850098,0.0
1779527533.133354,0.0,0.0,-0.08726646259971647,0.0020777729190408684,0.0,0.5485320506267892,-0.0396,1.4255999999999998,0.6336,0.0,0.0,-0.037475933302455355,0.0,0.0,-0.08203047484373349,0.0,0.0,0.5589209152219936,sine,2,0.2,0.5,28,56,11.940000534057617,0.0
1779527533.1433432,0.0,0.0,-0.08203047484373349,0.0,0.0,0.5589209152219936,0.0,1.3860000000000001,0.198,0.0,0.0,-0.03128153689920362,0.0,0.0,-0.07679448708775051,0.0,0.0,0.5651542339791162,sine,2,0.2,0.5,28,56,11.950008630752563,0.0
1779527533.153386,0.0,0.0,-0.07679448708775051,0.0,0.0,0.5651542339791162,-0.0396,1.3860000000000001,0.5148,0.0,0.0,-0.025067960527003486,0.0,0.0,-0.06981317007977318,0.0,-0.0020777729190408684,0.5755430985743205,sine,2,0.2,0.5,28,56,11.95999789237976,0.0
1779527533.1633468,0.0,0.0,-0.06981317007977318,0.0,-0.0020777729190408684,0.5755430985743205,0.0,1.3068,0.0792,0.0,0.0,-0.018796142017840613,0.0,0.0,-0.06457718232379019,0.0,0.0020777729190408684,0.5796986444124023,sine,2,0.2,0.5,28,56,11.970040798187256,0.0
1779527533.173329,0.0,0.0,-0.06457718232379019,0.0,0.0020777729190408684,0.5796986444124023,-0.0396,1.5048000000000001,0.6732,0.0,0.0,-0.012557194901898437,0.0,0.0,-0.05934119456780721,0.0,0.0,0.5859319631695249,sine,2,0.2,0.5,28,56,11.980001449584961,0.0
1779527533.1833482,0.0,0.0,-0.05934119456780721,0.0,0.0,0.5859319631695249,-0.0396,1.4652,0.1188,0.0,0.0,-0.006292327383028666,0.0,0.0,-0.05235987755982988,0.0,0.0020777729190408684,0.5900875090076066,sine,2,0.2,0.5,28,56,11.989983797073364,0.0
1779527533.193348,0.0,0.0,-0.05235987755982988,0.0,0.0020777729190408684,0.5900875090076066,0.0,1.3068,0.6336,0.0,0.0,1.797633735771091e-06,0.0,0.0,-0.047123889803846894,0.0,0.0020777729190408684,0.5921652819266475,sine,2,0.2,0.5,28,56,12.00000286102295,0.0
1779527533.203348,0.0,0.0,-0.047123889803846894,0.0,0.0020777729190408684,0.5921652819266475,-0.0396,1.4652,0.1584,0.0,0.0,0.006283792844077038,0.0,0.0,-0.04014257279586959,0.0,0.0,0.6004763736028109,sine,2,0.2,0.5,28,56,12.010002613067627,0.0
1779527533.2133725,0.0,0.0,-0.04014257279586959,0.0,0.0,0.6004763736028109,0.0,1.4255999999999998,0.6732,0.0,0.0,0.012559736524172492,0.0,0.0,-0.03490658503988659,0.0,0.0,0.6067096923599336,sine,2,0.2,0.5,28,56,12.020002603530884,0.0
1779527533.2233486,0.0,0.0,-0.03490658503988659,0.0,0.0,0.6067096923599336,0.0,1.2672,0.1188,0.0,0.0,0.018838646428503455,0.0,0.0,-0.027925268031909273,0.0,0.0,0.6108652381980153,sine,2,0.2,0.5,28,56,12.030027151107788,0.0
1779527533.2333736,0.0,0.0,-0.027925268031909273,0.0,0.0,0.6108652381980153,0.0,1.3464,0.6336,0.0,0.0,0.025068703634062068,0.0,0.0,-0.022689280275926284,0.0,0.0,0.6129430111170562,sine,2,0.2,0.5,28,56,12.040003299713135,0.0
1779527533.2434564,0.0,0.0,-0.022689280275926284,0.0,0.0,0.6129430111170562,0.0,1.4652,0.0792,0.0,0.0,0.03130447035278509,0.0,0.0,-0.015707963267948967,0.0,0.0,0.6129430111170562,sine,2,0.2,0.5,28,56,12.050028324127197,0.0
1779527533.2533472,0.0,0.0,-0.015707963267948967,0.0,0.0,0.6129430111170562,0.0,1.4652,0.7524000000000001,0.0,0.0,0.037544796935920645,0.0,0.0,-0.010471975511965978,0.0,0.0,0.6129430111170562,sine,2,0.2,0.5,28,56,12.060111045837402,0.0
1779527533.2633498,0.0,0.0,-0.010471975511965978,0.0,0.0,0.6129430111170562,0.0,1.3860000000000001,0.1188,0.0,0.0,0.043629776904554385,0.0,0.0,-0.003490658503988659,0.0,0.0,0.6170985569551379,sine,2,0.2,0.5,28,56,12.07000184059143,0.0
1779527533.2733676,0.0,0.0,-0.003490658503988659,0.0,0.0,0.6170985569551379,0.0,1.5048000000000001,0.9107999999999999,0.0,0.0,0.04974068783035817,0.0,0.0,0.0,0.0,0.0,0.6170985569551379,sine,2,0.2,0.5,28,56,12.080004453659058,0.0
1779527533.2833493,0.0,0.0,0.0,0.0,0.0,0.6170985569551379,0.0,1.3860000000000001,0.0792,0.0,0.0,0.055811691624118864,0.0,0.0,0.006981317007977318,0.0,0.0,0.6191763298741788,sine,2,0.2,0.5,28,56,12.090022325515747,0.0
1779527533.2934496,0.0,0.0,0.006981317007977318,0.0,0.0,0.6191763298741788,0.0,1.2672,0.8712,0.0,0.0,0.06180576388781353,0.0,0.0,0.012217304763960306,0.0,0.0,0.6170985569551379,sine,2,0.2,0.5,28,56,12.100003957748413,0.0
1779527533.3034117,0.0,0.0,0.012217304763960306,0.0,0.0,0.6170985569551379,0.0,1.5048000000000001,0.0792,0.0,0.0,0.0678092529969108,0.0,0.0,0.019198621771937627,0.0,0.0,0.6108652381980153,sine,2,0.2,0.5,28,56,12.110104322433472,0.0
1779527533.3133469,0.0,0.0,0.019198621771937627,0.0,0.0,0.6108652381980153,-0.0396,1.2672,0.8316,0.0,0.0,0.07366370207234164,0.0,0.0,0.024434609527920613,-0.0020777729190408684,-0.0020777729190408684,0.6067096923599336,sine,2,0.2,0.5,28,56,12.120066404342651,0.0
1779527533.3233464,0.0,0.0,0.024434609527920613,-0.0020777729190408684,-0.0020777729190408684,0.6067096923599336,-0.0396,1.5048000000000001,0.27720000000000006,0.0,0.0,0.07943046901082566,0.0,0.0,0.031415926535897934,0.0,0.0,0.6087874652789744,sine,2,0.2,0.5,28,56,12.130001544952393,0.0
1779527533.3334575,0.0,0.0,0.031415926535897934,0.0,0.0,0.6087874652789744,0.0,1.5048000000000001,0.99,0.0,0.0,0.08515646013516787,0.0,0.0,0.038397243543875255,0.0,0.0,0.6046319194408927,sine,2,0.2,0.5,28,56,12.140001058578491,0.0
1779527533.3433669,0.0,0.0,0.038397243543875255,0.0,0.0,0.6046319194408927,-0.0396,1.4255999999999998,0.35639999999999994,0.0,0.0,0.09086088108349445,0.0,0.0,0.04363323129985824,0.0,0.0,0.6025541465218518,sine,2,0.2,0.5,28,56,12.15011215209961,0.0
1779527533.353354,0.0,0.0,0.04363323129985824,0.0,0.0,0.6025541465218518,0.0,1.5048000000000001,0.8316,0.0,0.0,0.09636259644639235,0.0,0.0,0.048869219055841226,0.0,0.0,0.6004763736028109,sine,2,0.2,0.5,28,56,12.160021543502808,0.0
1779527533.3633492,0.0,0.0,0.048869219055841226,0.0,0.0,0.6004763736028109,-0.0396,1.5048000000000001,0.5148,0.0,0.0,0.10181296627042197,0.0,0.0,0.05585053606381855,0.0,0.0,0.5963208277647293,sine,2,0.2,0.5,28,56,12.170008659362793,0.0
1779527533.3734539,0.0,0.0,0.05585053606381855,0.0,0.0,0.5963208277647293,0.0,1.4255999999999998,0.7127999999999999,0.0,0.0,0.10716741812613745,0.0,0.0,0.061086523819801536,0.0,0.0,0.5859319631695249,sine,2,0.2,0.5,28,56,12.180003881454468,0.0
1779527533.3833628,0.0,0.0,0.061086523819801536,0.0,0.0,0.5859319631695249,0.0,1.4255999999999998,0.5940000000000001,0.0,0.0,0.11247307281267407,0.0,0.0,0.06806784082777886,-0.0020777729190408684,0.0,0.5776208714933614,sine,2,0.2,0.5,28,56,12.19010853767395,0.0
1779527533.3934693,0.0,0.0,0.06806784082777886,-0.0020777729190408684,0.0,0.5776208714933614,0.0,1.3464,0.5940000000000001,0.0,0.0,0.11756592161087237,0.0,0.0,0.07330382858376185,0.0020777729190408684,-0.0020777729190408684,0.5776208714933614,sine,2,0.2,0.5,28,56,12.20001745223999,0.0
1779527533.4034507,0.0,0.0,0.07330382858376185,0.0020777729190408684,-0.0020777729190408684,0.5776208714933614,0.0,1.3464,0.6336,0.0,0.0,0.12264297143424295,0.0,0.0,0.07853981633974483,0.0,0.0,0.5755430985743205,sine,2,0.2,0.5,28,56,12.210124015808105,0.0
1779527533.4133615,0.0,0.0,0.07853981633974483,0.0,0.0,0.5755430985743205,0.0,1.3464,0.27720000000000006,0.0,0.0,0.12753582268169256,0.0,0.0,0.08552113334772216,0.0,0.0,0.5713875527362388,sine,2,0.2,0.5,28,56,12.220105409622192,0.0
1779527533.4233556,0.0,0.0,0.08552113334772216,0.0,0.0,0.5713875527362388,-0.0792,1.4255999999999998,0.4752,0.0,0.0,0.1322700229570656,0.0,0.0,0.09075712110370514,0.0,0.0,0.5589209152219936,sine,2,0.2,0.5,28,56,12.230016231536865,0.0
1779527533.4334173,0.0,0.0,0.09075712110370514,0.0,0.0,0.5589209152219936,0.0,1.5048000000000001,0.0396,0.0,0.0,0.1369141211492959,0.0,0.0,0.09599310885968812,-0.0020777729190408684,-0.0020777729190408684,0.5485320506267892,sine,2,0.2,0.5,28,56,12.240010261535645,0.0
1779527533.4434605,0.0,0.0,0.09599310885968812,-0.0020777729190408684,-0.0020777729190408684,0.5485320506267892,0.0,1.4652,0.6732,0.0,0.0,0.1414533424472349,0.0,0.0,0.10122909661567113,0.0020777729190408684,0.0,0.5402209589506258,sine,2,0.2,0.5,28,56,12.250072002410889,0.0
1779527533.453361,0.0,0.0,0.10122909661567113,0.0020777729190408684,0.0,0.5402209589506258,-0.1188,1.4652,0.1188,0.0,0.0,0.14584324208223495,0.0,0.0,0.10646508437165411,0.0,0.0,0.5235987755982988,sine,2,0.2,0.5,28,56,12.260115146636963,0.0
1779527533.463359,0.0,0.0,0.10646508437165411,0.0,0.0,0.5235987755982988,0.0,1.4652,0.5940000000000001,0.0,0.0,0.15002874419876472,0.0,0.0,0.1117010721276371,0.0,0.0,0.5090543651650128,sine,2,0.2,0.5,28,56,12.270015716552734,0.0
1779527533.4733508,0.0,0.0,0.1117010721276371,0.0,0.0,0.5090543651650128,0.0,1.4652,0.7127999999999999,0.0,0.0,0.15410817525031992,0.0,0.0,0.11693705988362009,0.0,0.0,0.504898819326931,sine,2,0.2,0.5,28,56,12.280013799667358,0.0
1779527533.4833717,0.0,0.0,0.11693705988362009,0.0,0.0,0.504898819326931,0.0,1.5048000000000001,0.5544000000000001,0.0,0.0,0.1580330995111742,0.0,0.0,0.12217304763960307,0.0,-0.0020777729190408684,0.504898819326931,sine,2,0.2,0.5,28,56,12.290005445480347,0.0
1779527533.4933672,0.0,0.0,0.12217304763960307,0.0,-0.0020777729190408684,0.504898819326931,-0.0396,1.5048000000000001,0.396,0.0,0.0,0.16181315446643368,0.0,0.0,0.12566370614359174,-0.0020777729190408684,0.0,0.4861988630555632,sine,2,0.2,0.5,28,56,12.300026416778564,0.0
1779527533.5033624,0.0,0.0,0.12566370614359174,-0.0020777729190408684,0.0,0.4861988630555632,0.0,1.4652,0.0396,0.0,0.0,0.16542384080947098,0.0,0.0,0.1308996938995747,0.0,0.0,0.46334336094611367,sine,2,0.2,0.5,28,56,12.310021877288818,0.0
1779527533.5133502,0.0,0.0,0.1308996938995747,0.0,0.0,0.46334336094611367,0.0,1.3464,0.8316,0.0,0.0,0.16887134170354579,0.0,0.0,0.13613568165555773,0.0,0.0,0.4591878151080319,sine,2,0.2,0.5,28,56,12.320017099380493,0.0
1779527533.523358,0.0,0.0,0.13613568165555773,0.0,0.0,0.4591878151080319,-0.0396,1.4652,0.396,0.0,0.0,0.17214998235080814,0.0,0.0,0.13962634015954636,0.0,0.0,0.4467211775937867,sine,2,0.2,0.5,28,56,12.330004930496216,0.0
1779527533.5333478,0.0,0.0,0.13962634015954636,0.0,0.0,0.4467211775937867,-0.0792,1.2672,0.1584,0.0,0.0,0.1752652069617742,0.0,0.0,0.14486232791552936,-0.0020777729190408684,0.0,0.4342545400795415,sine,2,0.2,0.5,28,56,12.340012788772583,0.0
1779527533.5433536,0.0,0.0,0.14486232791552936,-0.0020777729190408684,0.0,0.4342545400795415,0.0396,1.3860000000000001,0.6336,0.0,0.0,0.17820202572802046,0.0,0.0,0.14835298641951802,0.0,0.0,0.40932126505105104,sine,2,0.2,0.5,28,56,12.350002527236938,0.0
1779527533.553352,0.0,0.0,0.14835298641951802,0.0,0.0,0.40932126505105104,-0.0396,1.4255999999999998,0.5544000000000001,0.0,0.0,0.18096761477080206,0.0,0.0,0.1518436449235067,0.0,0.0,0.40516571921296934,sine,2,0.2,0.5,28,56,12.360008239746094,0.0
1779527533.5634718,0.0,0.0,0.1518436449235067,0.0,0.0,0.40516571921296934,-0.0396,1.5048000000000001,0.198,0.0,0.0,0.18355262186010335,0.0,0.0,0.15707963267948966,0.0,0.0,0.3885435358606424,sine,2,0.2,0.5,28,56,12.370006799697876,0.0
1779527533.5734572,0.0,0.0,0.15707963267948966,0.0,0.0,0.3885435358606424,-0.0396,1.3464,0.5940000000000001,0.0,0.0,0.185984536397244,0.0,0.0,0.16057029118347835,0.0,0.0020777729190408684,0.3615324879131111,sine,2,0.2,0.5,28,56,12.380126476287842,0.0
1779527533.5833654,0.0,0.0,0.16057029118347835,0.0,0.0020777729190408684,0.3615324879131111,-0.0396,1.5048000000000001,0.9107999999999999,0.0,0.0,0.18819996337082393,0.0,0.0,0.16406094968746698,0.0,-0.0020777729190408684,0.3677658066702337,sine,2,0.2,0.5,28,56,12.390111923217773,0.0
1779527533.59336,0.0,0.0,0.16406094968746698,0.0,-0.0020777729190408684,0.3677658066702337,-0.0396,1.3464,-0.198,0.0,0.0,0.1902152098912152,0.0,0.0,0.16755160819145565,0.0,0.0,0.3282881212084572,sine,2,0.2,0.5,28,56,12.400020122528076,0.0
1779527533.6034806,0.0,0.0,0.16755160819145565,0.0,0.0,0.3282881212084572,0.0,1.5444,0.8316,0.0,0.0,0.19206130139103472,0.0,0.0,0.1710422666954443,0.0,0.0,0.3345214399655798,sine,2,0.2,0.5,28,56,12.410014629364014,0.0
1779527533.6133552,0.0,0.0,0.1710422666954443,0.0,0.0,0.3345214399655798,-0.0396,1.5048000000000001,0.35639999999999994,0.0,0.0,0.19373774992707404,0.0,0.0,0.17278759594743864,0.0,0.0,0.2971215274228442,sine,2,0.2,0.5,28,56,12.420135259628296,0.0
1779527533.6234577,0.0,0.0,0.17278759594743864,0.0,0.0,0.2971215274228442,0.0,1.3860000000000001,0.5940000000000001,0.0,0.0,0.19518470126172716,0.0,0.0,0.1762782544514273,0.0020777729190408684,0.0,0.2950437545038033,sine,2,0.2,0.5,28,56,12.430009841918945,0.0
1779527533.6333463,0.0,0.0,0.1762782544514273,0.0020777729190408684,0.0,0.2950437545038033,-0.0792,1.4255999999999998,0.0,0.0,0.0,0.19647066573121275,0.0,0.0,0.17802358370342164,0.0,0.0,0.2638771607181903,sine,2,0.2,0.5,28,56,12.440112352371216,0.0
1779527533.6433756,0.0,0.0,0.17802358370342164,0.0,0.0,0.2638771607181903,0.0,1.3464,0.7127999999999999,0.0,0.0,0.19753776654220528,0.0,0.0,0.18151424220741028,0.0,0.0,0.25348829612298596,sine,2,0.2,0.5,28,56,12.450001001358032,0.0
1779527533.653383,0.0,0.0,0.18151424220741028,0.0,0.0,0.25348829612298596,0.0,1.3464,0.396,0.0,0.0,0.1984253268263184,0.0,0.0,0.1832595714594046,0.0,0.0,0.22024392941833204,sine,2,0.2,0.5,28,56,12.460030317306519,0.0
1779527533.6634204,0.0,0.0,0.1832595714594046,0.0,0.0,0.22024392941833204,-0.0792,1.5048000000000001,0.7524000000000001,0.0,0.0,0.19911462065089974,0.0,0.0,0.18500490071139894,0.0,0.0,0.21608838358025032,sine,2,0.2,0.5,28,56,12.470037698745728,0.0
1779527533.673357,0.0,0.0,0.18500490071139894,0.0,0.0,0.21608838358025032,-0.0792,1.3860000000000001,0.3168,0.0,0.0,0.19960830383139366,0.0,0.0,0.18849555921538758,-0.0020777729190408684,0.0,0.20777729190408684,sine,2,0.2,0.5,28,56,12.480075120925903,0.0
1779527533.6833484,0.0,0.0,0.18849555921538758,-0.0020777729190408684,0.0,0.20777729190408684,0.0,1.3860000000000001,-0.0396,0.0,0.0,0.199901542692089,0.0,0.0,0.19024088846738194,-0.0020777729190408684,0.0,0.17661069811847382,sine,2,0.2,0.5,28,56,12.49001169204712,0.0
1779527533.693352,0.0,0.0,0.19024088846738194,-0.0020777729190408684,0.0,0.17661069811847382,0.0396,1.5048000000000001,0.3168,0.0,0.0,0.19999999999051873,0.0,0.0,0.19024088846738194,0.0,0.0,0.16206628768518774,sine,2,0.2,0.5,28,56,12.500003099441528,0.0
1779527533.7033553,0.0,0.0,0.19024088846738194,0.0,0.0,0.16206628768518774,0.0,1.4255999999999998,0.4752,0.0,0.0,0.1999011804657658,0.0,0.0,0.19198621771937624,0.0,0.0,0.14752187725190166,sine,2,0.2,0.5,28,56,12.510006666183472,0.0
1779527533.7134006,0.0,0.0,0.19198621771937624,0.0,0.0,0.14752187725190166,0.0,1.3068,0.6732,0.0,0.0,0.19960495127951028,0.0,0.0,0.1937315469713706,0.0,0.0,0.13297746681861558,sine,2,0.2,0.5,28,56,12.520009994506836,0.0
1779527533.7234504,0.0,0.0,0.1937315469713706,0.0,0.0,0.13297746681861558,-0.0792,1.4652,0.4752,0.0,0.0,0.19910912094516292,0.0,0.0,0.1954768762233649,0.0,0.0,0.10388864595204342,sine,2,0.2,0.5,28,56,12.530055284500122,0.0
1779527533.7334654,0.0,0.0,0.1954768762233649,0.0,0.0,0.10388864595204342,-0.0396,1.3860000000000001,0.6336,0.0,0.0,0.19841465255576862,0.0,0.0,0.1954768762233649,0.0,0.0,0.07479982508547126,sine,2,0.2,0.5,28,56,12.540105104446411,0.0
1779527533.743353,0.0,0.0,0.1954768762233649,0.0,0.0,0.07479982508547126,0.0,1.5048000000000001,0.8712,0.0,0.0,0.19752584784331947,0.0,0.0,0.1954768762233649,0.0,0.0,0.06648873340930779,sine,2,0.2,0.5,28,56,12.550120115280151,0.0
1779527533.7533557,0.0,0.0,0.1954768762233649,0.0,0.0,0.06648873340930779,-0.0396,1.4255999999999998,0.6336,0.0,0.0,0.19645655857908267,0.0,0.0,0.19722220547535924,0.0,0.0,0.033244366704653895,sine,2,0.2,0.5,28,56,12.560007572174072,0.0
1779527533.7633457,0.0,0.0,0.19722220547535924,0.0,0.0,0.033244366704653895,0.0,1.3464,1.1483999999999999,0.0,0.0,0.1951819235803518,0.0,0.0,0.19722220547535924,0.0,0.0,0.035322139623694765,sine,2,0.2,0.5,28,56,12.570010423660278,0.0
1779527533.773348,0.0,0.0,0.19722220547535924,0.0,0.0,0.035322139623694765,-0.0396,1.4652,0.4752,0.0,0.0,0.19371656963810657,0.0,0.0,0.19722220547535924,0.0,0.0,0.014544410433286078,sine,2,0.2,0.5,28,56,12.580000400543213,0.0
1779527533.7833986,0.0,0.0,0.19722220547535924,0.0,0.0,0.014544410433286078,0.0,1.4652,0.4752,0.0,0.0,0.19205825064997978,0.0,0.0,0.19722220547535924,0.0,0.0,0.0,sine,2,0.2,0.5,28,56,12.59000277519226,0.0
1779527533.7933526,0.0,0.0,0.19722220547535924,0.0,0.0,0.0,0.0,1.4652,0.2376,0.0,0.0,0.19020094978642016,0.0,0.0,0.19722220547535924,0.0,0.0,-0.020777729190408684,sine,2,0.2,0.5,28,56,12.600053310394287,0.0
1779527533.8033473,0.0,0.0,0.19722220547535924,0.0,0.0,-0.020777729190408684,0.0,1.5048000000000001,-0.0792,0.0,0.0,0.18817460300818586,0.0,0.0,0.1954768762233649,0.0,0.0,-0.04778877713793997,sine,2,0.2,0.5,28,56,12.610007286071777,0.0
1779527533.8133483,0.0,0.0,0.1954768762233649,0.0,0.0,-0.04778877713793997,0.0,1.3860000000000001,-0.27720000000000006,0.0,0.0,0.18595482732915247,0.0,0.0,0.1954768762233649,-0.0020777729190408684,0.0,-0.05194432297602171,sine,2,0.2,0.5,28,56,12.620002031326294,0.0
1779527533.8233461,0.0,0.0,0.1954768762233649,-0.0020777729190408684,0.0,-0.05194432297602171,0.0,1.3860000000000001,0.1584,0.0,0.0,0.18355018264527292,0.0,0.0,0.1937315469713706,0.0,0.0,-0.078955370923553,sine,2,0.2,0.5,28,56,12.630002975463867,0.0
1779527533.833384,0.0,0.0,0.1937315469713706,0.0,0.0,-0.078955370923553,-0.0396,1.5048000000000001,0.198,0.0,0.0,0.1809651910793073,0.0,0.0,0.1937315469713706,0.0,0.0,-0.10388864595204342,sine,2,0.2,0.5,28,56,12.640000820159912,0.0
1779527533.8434026,0.0,0.0,0.1937315469713706,0.0,0.0,-0.10388864595204342,-0.0396,1.5444,0.1584,0.0,0.0,0.17819025884910927,0.0,0.0,0.1937315469713706,0.0,0.0,-0.10388864595204342,sine,2,0.2,0.5,28,56,12.650038719177246,0.0
1779527533.853349,0.0,0.0,0.1937315469713706,0.0,0.0,-0.10388864595204342,-0.0396,1.5444,0.1584,0.0,0.0,0.17524398685495302,0.0,0.0,0.19024088846738194,0.0,0.0,-0.15375519600902426,sine,2,0.2,0.5,28,56,12.660057306289673,0.0
1779527533.8633459,0.0,0.0,0.19024088846738194,0.0,0.0,-0.15375519600902426,-0.0396,1.3068,0.0396,0.0,0.0,0.1721472371500608,0.0,0.0,0.18849555921538758,0.0,0.0,-0.1641440606042286,sine,2,0.2,0.5,28,56,12.670003652572632,0.0
1779527533.873346,0.0,0.0,0.18849555921538758,0.0,0.0,-0.1641440606042286,0.0,1.3464,0.5148,0.0,0.0,0.1688654020882954,0.0,0.0,0.1867502299633933,0.0020777729190408684,0.0,-0.18076624395655555,sine,2,0.2,0.5,28,56,12.68000054359436,0.0
1779527533.883395,0.0,0.0,0.1867502299633933,0.0020777729190408684,0.0,-0.18076624395655555,-0.0792,1.4255999999999998,0.6732,0.0,0.0,0.1654158420410143,0.0,0.0,0.18500490071139894,-0.0020777729190408684,-0.0020777729190408684,-0.20569951898504596,sine,2,0.2,0.5,28,56,12.690000772476196,0.0
1779527533.8933446,0.0,0.0,0.18500490071139894,-0.0020777729190408684,-0.0020777729190408684,-0.20569951898504596,0.0,1.5444,0.198,0.0,0.0,0.16178506450554334,0.0,0.0,0.1832595714594046,0.0,0.0020777729190408684,-0.22024392941833204,sine,2,0.2,0.5,28,56,12.700049638748169,0.0
1779527533.903349,0.0,0.0,0.1832595714594046,0.0,0.0020777729190408684,-0.22024392941833204,0.0,1.5048000000000001,0.0396,0.0,0.0,0.15803126322994787,0.0,0.0,0.17976891295541597,0.0,0.0,-0.23478833985161812,sine,2,0.2,0.5,28,56,12.709999322891235,0.0
1779527533.9133484,0.0,0.0,0.17976891295541597,0.0,0.0,-0.23478833985161812,-0.0396,1.5444,0.3168,0.0,0.0,0.15410120476814168,0.0,0.0,0.17802358370342164,-0.0020777729190408684,0.0,-0.2617993877991494,sine,2,0.2,0.5,28,56,12.720003604888916,0.0
1779527533.9233787,0.0,0.0,0.17802358370342164,-0.0020777729190408684,0.0,-0.2617993877991494,0.0,1.4652,0.27720000000000006,0.0,0.0,0.15002091813068663,0.0,0.0,0.17453292519943295,0.0,0.0,-0.2638771607181903,sine,2,0.2,0.5,28,56,12.730003118515015,0.0
1779527533.9333618,0.0,0.0,0.17453292519943295,0.0,0.0,-0.2638771607181903,-0.0396,1.4652,0.7127999999999999,0.0,0.0,0.14577936398905864,0.0,0.0,0.1710422666954443,0.0,0.0,-0.299199300341885,sine,2,0.2,0.5,28,56,12.740033388137817,0.0
1779527533.943346,0.0,0.0,0.1710422666954443,0.0,0.0,-0.299199300341885,-0.0792,1.584,0.0792,0.0,0.0,0.14141404711416575,0.0,0.0,0.16929693744344998,0.0,0.0,-0.299199300341885,sine,2,0.2,0.5,28,56,12.750016450881958,0.0
1779527533.9533455,0.0,0.0,0.16929693744344998,0.0,0.0,-0.299199300341885,-0.0396,1.3860000000000001,0.35639999999999994,0.0,0.0,0.13690909794881403,0.0,0.0,0.1658062789394613,0.0,0.0,-0.3345214399655798,sine,2,0.2,0.5,28,56,12.760000705718994,0.0
1779527533.96521,0.0,0.0,0.1658062789394613,0.0,0.0,-0.3345214399655798,-0.1188,1.5048000000000001,0.27720000000000006,0.0,0.0,0.13226226968545213,0.0,0.0,0.16231562043547265,-0.0020777729190408684,0.0,-0.3282881212084572,sine,2,0.2,0.5,28,56,12.770000219345093,0.0
1779527533.9734251,0.0,0.0,0.16231562043547265,-0.0020777729190408684,0.0,-0.3282881212084572,-0.0396,1.5444,0.9107999999999999,0.0,0.0,0.12657989029788086,0.0,0.0,0.158824961931484,0.0,0.0,-0.37192135250831543,sine,2,0.2,0.5,28,56,12.781864643096924,0.0
1779527533.9834018,0.0,0.0,0.158824961931484,0.0,0.0,-0.37192135250831543,-0.0792,1.5048000000000001,-0.27720000000000006,0.0,0.0,0.12254177272143472,0.0,0.0,0.15533430342749532,-0.0020777729190408684,0.0,-0.35737694207502935,sine,2,0.2,0.5,28,56,12.790079832077026,0.0
1779527533.9933498,0.0,0.0,0.15533430342749532,-0.0020777729190408684,0.0,-0.35737694207502935,0.0,1.3464,0.8316,0.0,0.0,0.11752835010236487,0.0,0.0,0.15533430342749532,-0.0020777729190408684,0.0,-0.35737694207502935,sine,2,0.2,0.5,28,56,12.800056457519531,0.0
1779527534.0034945,0.0,0.0,0.15533430342749532,-0.0020777729190408684,0.0,-0.35737694207502935,0.0,1.3464,0.8316,0.0,0.0,0.11241435121417864,0.0,0.0,0.1466076571675237,0.0,0.0,-0.40516571921296934,sine,2,0.2,0.5,28,56,12.810004472732544,0.0
1779527534.0134025,0.0,0.0,0.1466076571675237,0.0,0.0,-0.40516571921296934,-0.0792,1.5444,0.2376,0.0,0.0,0.10708620447591058,0.0,0.0,0.14311699866353503,0.0020777729190408684,0.0,-0.41555458380817367,sine,2,0.2,0.5,28,56,12.820149183273315,0.0
1779527534.023346,0.0,0.0,0.14311699866353503,0.0020777729190408684,0.0,-0.41555458380817367,0.0,1.5048000000000001,0.396,0.0,0.0,0.10177737679285632,0.0,0.0,0.13788101090755203,0.0,0.0,-0.43217676716050063,sine,2,0.2,0.5,28,56,12.830057144165039,0.0
1779527534.0334768,0.0,0.0,0.13788101090755203,0.0,0.0,-0.43217676716050063,-0.1188,1.3464,0.4752,0.0,0.0,0.09635038825889546,0.0,0.0,0.13264502315156904,0.0,0.0,-0.44464340467474583,sine,2,0.2,0.5,28,56,12.840000629425049,0.0
1779527534.0434444,0.0,0.0,0.13264502315156904,0.0,0.0,-0.44464340467474583,0.0,1.5444,0.1188,0.0,0.0,0.09072446723480133,0.0,0.0,0.12915436464758037,0.0,0.0,-0.45711004218899104,sine,2,0.2,0.5,28,56,12.850131511688232,0.0
1779527534.0533636,0.0,0.0,0.12915436464758037,0.0,0.0,-0.45711004218899104,-0.0792,1.5048000000000001,0.4356,0.0,0.0,0.08509952684426324,0.0,0.0,0.1239183768915974,0.0,-0.0020777729190408684,-0.4612655880270728,sine,2,0.2,0.5,28,56,12.860099077224731,0.0
1779527534.0634851,0.0,0.0,0.1239183768915974,0.0,-0.0020777729190408684,-0.4612655880270728,-0.0396,1.5048000000000001,0.9504,0.0,0.0,0.07941905785679497,0.0,0.0,0.11868238913561442,0.0,0.0,-0.4841210901365223,sine,2,0.2,0.5,28,56,12.870018243789673,0.0
1779527534.0734804,0.0,0.0,0.11868238913561442,0.0,0.0,-0.4841210901365223,0.0,1.4652,0.0396,0.0,0.0,0.0735432166649677,0.0,0.0,0.11344640137963143,-0.0020777729190408684,0.0,-0.5028210464078902,sine,2,0.2,0.5,28,56,12.880139827728271,0.0
1779527534.0835154,0.0,0.0,0.11344640137963143,-0.0020777729190408684,0.0,-0.5028210464078902,0.0396,1.3860000000000001,0.35639999999999994,0.0,0.0,0.06766774017074395,0.0,0.0,0.10821041362364843,0.0,0.0,-0.5028210464078902,sine,2,0.2,0.5,28,56,12.890135049819946,0.0
1779527534.0933492,0.0,0.0,0.10821041362364843,0.0,0.0,-0.5028210464078902,-0.0792,1.4255999999999998,0.4356,0.0,0.0,0.061701751288080545,0.0,0.0,0.10471975511965977,-0.0020777729190408684,0.0,-0.5132099110030945,sine,2,0.2,0.5,28,56,12.900170087814331,0.0
1779527534.1034455,0.0,0.0,0.10471975511965977,-0.0020777729190408684,0.0,-0.5132099110030945,0.0,1.4652,0.4356,0.0,0.0,0.055795867740866506,0.0,0.0,0.09773843811168245,0.0,0.0,-0.5256765485173397,sine,2,0.2,0.5,28,56,12.910003900527954,0.0
1779527534.1133454,0.0,0.0,0.09773843811168245,0.0,0.0,-0.5256765485173397,-0.0396,1.4255999999999998,0.792,0.0,0.0,0.049676988016387584,0.0,0.0,0.09250245035569947,0.0,0.0,-0.538143186031585,sine,2,0.2,0.5,28,56,12.920100212097168,0.0
1779527534.123478,0.0,0.0,0.09250245035569947,0.0,0.0,-0.538143186031585,-0.0396,1.6236000000000002,0.2376,0.0,0.0,0.04362860734468706,0.0,0.0,0.08726646259971647,0.0,0.0,-0.5464542777077483,sine,2,0.2,0.5,28,56,12.930000066757202,0.0
1779527534.1333933,0.0,0.0,0.08726646259971647,0.0,0.0,-0.5464542777077483,-0.0792,1.3464,0.6732,0.0,0.0,0.03739440928928463,0.0,0.0,0.08203047484373349,0.0,0.0,-0.5568431423029527,sine,2,0.2,0.5,28,56,12.94013261795044,0.0
1779527534.143346,0.0,0.0,0.08203047484373349,0.0,0.0,-0.5568431423029527,-0.0792,1.5444,0.0396,0.0,0.0,0.03125712340466837,0.0,0.0,0.07679448708775051,0.0,0.0,-0.5734653256552796,sine,2,0.2,0.5,28,56,12.950047969818115,0.0
1779527534.153344,0.0,0.0,0.07679448708775051,0.0,0.0,-0.5734653256552796,-0.1188,1.4255999999999998,0.4356,0.0,0.0,0.02506617706862493,0.0,0.0,0.06981317007977318,0.0,0.0,-0.5755430985743205,sine,2,0.2,0.5,28,56,12.96000075340271,0.0
1779527534.1633456,0.0,0.0,0.06981317007977318,0.0,0.0,-0.5755430985743205,-0.0792,1.584,0.0396,0.0,0.0,0.018822539594849193,0.0,0.0,0.06457718232379019,0.0,0.0,-0.5776208714933614,sine,2,0.2,0.5,28,56,12.969998598098755,0.0
1779527534.1733673,0.0,0.0,0.06457718232379019,0.0,0.0,-0.5776208714933614,-0.0792,1.4652,0.4752,0.0,0.0,0.01255794243807183,0.0,0.0,0.05934119456780721,0.0,0.0,-0.5776208714933614,sine,2,0.2,0.5,28,56,12.980000257492065,0.0
1779527534.183361,0.0,0.0,0.05934119456780721,0.0,0.0,-0.5776208714933614,-0.0396,1.5048000000000001,0.3168,0.0,0.0,0.00626837075342716,0.0,0.0,0.05235987755982988,0.0,0.0,-0.5900875090076066,sine,2,0.2,0.5,28,56,12.99002194404602,0.0
1779527534.1933434,0.0,0.0,0.05235987755982988,0.0,0.0,-0.5900875090076066,-0.0396,1.5048000000000001,0.6336,0.0,0.0,-9.886985542724175e-06,0.0,0.0,0.047123889803846894,0.0,0.0,-0.5921652819266475,sine,2,0.2,0.5,28,56,13.00001573562622,0.0
1779527534.2034702,0.0,0.0,0.047123889803846894,0.0,0.0,-0.5921652819266475,-0.0396,1.4255999999999998,0.27720000000000006,0.0,0.0,-0.006280947995213696,0.0,0.0,0.04014257279586959,-0.0020777729190408684,0.0020777729190408684,-0.6046319194408927,sine,2,0.2,0.5,28,56,13.009998083114624,0.0
1779527534.213873,0.0,0.0,0.04014257279586959,-0.0020777729190408684,0.0020777729190408684,-0.6046319194408927,-0.0792,1.5048000000000001,0.4752,0.0,0.0,-0.012636432754201288,0.0,0.0,0.03490658503988659,0.0,0.0,-0.6025541465218518,sine,2,0.2,0.5,28,56,13.020124912261963,0.0
1779527534.2233498,0.0,0.0,0.03490658503988659,0.0,0.0,-0.6025541465218518,-0.0396,1.5444,0.2376,0.0,0.0,-0.019151661114542685,0.0,0.0,0.027925268031909273,0.0,0.0,-0.6046319194408927,sine,2,0.2,0.5,28,56,13.030527591705322,0.0
1779527534.2334144,0.0,0.0,0.027925268031909273,0.0,0.0,-0.6046319194408927,0.0396,1.5048000000000001,0.792,0.0,0.0,-0.02506944674077031,0.0,0.0,0.022689280275926284,0.0,0.0,-0.6067096923599336,sine,2,0.2,0.5,28,56,13.04000449180603,0.0
1779527534.2433445,0.0,0.0,0.022689280275926284,0.0,0.0,-0.6067096923599336,-0.0396,1.5048000000000001,0.4752,0.0,0.0,-0.031329770641076636,0.0,0.0,0.015707963267948967,0.0,0.0,-0.6108652381980153,sine,2,0.2,0.5,28,56,13.050069093704224,0.0
1779527534.253343,0.0,0.0,0.015707963267948967,0.0,0.0,-0.6108652381980153,-0.0396,1.5444,0.792,0.0,0.0,-0.03747578615300486,0.0,0.0,0.010471975511965978,-0.0020777729190408684,0.0,-0.6150207840360971,sine,2,0.2,0.5,28,56,13.059999227523804,0.0
1779527534.2633567,0.0,0.0,0.010471975511965978,-0.0020777729190408684,0.0,-0.6150207840360971,0.0,1.4652,0.3168,0.0,0.0,-0.04362729158796197,0.0,0.0,0.003490658503988659,0.0,0.0,-0.6191763298741788,sine,2,0.2,0.5,28,56,13.069997787475586,0.0
1779527534.273382,0.0,0.0,0.003490658503988659,0.0,0.0,-0.6191763298741788,-0.0396,1.5444,0.7127999999999999,0.0,0.0,-0.04974489560144307,0.0,0.0,0.0,0.0,0.0,-0.6191763298741788,sine,2,0.2,0.5,28,56,13.080011367797852,0.0
1779527534.2833455,0.0,0.0,0.0,0.0,0.0,-0.6191763298741788,0.0,1.5048000000000001,0.27720000000000006,0.0,0.0,-0.05582032267348285,0.0,0.0,-0.006981317007977318,0.0,0.0,-0.6129430111170562,sine,2,0.2,0.5,28,56,13.090036630630493,0.0
1779527534.293361,0.0,0.0,-0.006981317007977318,0.0,0.0,-0.6129430111170562,-0.0396,1.5048000000000001,0.8712,0.0,0.0,-0.06180348435754619,0.0,0.0,-0.012217304763960306,0.0,0.0,-0.6108652381980153,sine,2,0.2,0.5,28,56,13.100000143051147,0.0
1779527534.303388,0.0,0.0,-0.012217304763960306,0.0,0.0,-0.6108652381980153,-0.0396,1.6236000000000002,0.35639999999999994,0.0,0.0,-0.06775682442543966,0.0,0.0,-0.019198621771937627,0.0020777729190408684,0.0,-0.6087874652789744,sine,2,0.2,0.5,28,56,13.110015630722046,0.0
1779527534.3133888,0.0,0.0,-0.019198621771937627,0.0020777729190408684,0.0,-0.6087874652789744,-0.0792,1.584,0.8316,0.0,0.0,-0.07364991397904296,0.0,0.0,-0.02617993877991494,0.0,0.0,-0.6087874652789744,sine,2,0.2,0.5,28,56,13.12004280090332,0.0
1779527534.323342,0.0,0.0,-0.02617993877991494,0.0,0.0,-0.6087874652789744,-0.0396,1.5444,0.4752,0.0,0.0,-0.07945466514100584,0.0,0.0,-0.031415926535897934,0.0,0.0,-0.6067096923599336,sine,2,0.2,0.5,28,56,13.130043506622314,0.0
1779527534.3333426,0.0,0.0,-0.031415926535897934,0.0,0.0,-0.6067096923599336,-0.0396,1.3464,0.6336,0.0,0.0,-0.08515402030979559,0.0,0.0,-0.038397243543875255,0.0,0.0,-0.6108652381980153,sine,2,0.2,0.5,28,56,13.139996767044067,0.0
1779527534.3433607,0.0,0.0,-0.038397243543875255,0.0,0.0,-0.6108652381980153,0.0,1.584,0.396,0.0,0.0,-0.09079655163120787,0.0,0.0,-0.04363323129985824,0.0,0.0,-0.6025541465218518,sine,2,0.2,0.5,28,56,13.149997234344482,0.0
1779527534.3533432,0.0,0.0,-0.04363323129985824,0.0,0.0,-0.6025541465218518,0.0,1.5444,0.4752,0.0,0.0,-0.09635918345181183,0.0,0.0,-0.048869219055841226,0.0,0.0,-0.59839860068377,sine,2,0.2,0.5,28,56,13.160015344619751,0.0
1779527534.3633447,0.0,0.0,-0.048869219055841226,0.0,0.0,-0.59839860068377,0.0,1.584,0.5940000000000001,0.0,0.0,-0.10180716393504691,0.0,0.0,-0.05585053606381855,0.0,0.0,-0.5900875090076066,sine,2,0.2,0.5,28,56,13.169997930526733,0.0
1779527534.3733537,0.0,0.0,-0.05585053606381855,0.0,0.0,-0.5900875090076066,0.0,1.5444,0.5148,0.0,0.0,-0.10716501496264078,0.0,0.0,-0.061086523819801536,0.0,-0.0020777729190408684,-0.5900875090076066,sine,2,0.2,0.5,28,56,13.179999351501465,0.0
1779527534.3833923,0.0,0.0,-0.061086523819801536,0.0,-0.0020777729190408684,-0.5900875090076066,-0.0396,1.4255999999999998,0.7127999999999999,0.0,0.0,-0.11242104173185544,0.0,0.0,-0.06806784082777886,0.0,0.0,-0.583854190250484,sine,2,0.2,0.5,28,56,13.190008401870728,0.0
1779527534.3933442,0.0,0.0,-0.06806784082777886,0.0,0.0,-0.583854190250484,-0.0792,1.584,0.2376,0.0,0.0,-0.11758094843961636,0.0,0.0,-0.07330382858376185,0.0,0.0,-0.5817764173314431,sine,2,0.2,0.5,28,56,13.200047016143799,0.0
1779527534.4034848,0.0,0.0,-0.07330382858376185,0.0,0.0,-0.5817764173314431,-0.0792,1.4255999999999998,0.6732,0.0,0.0,-0.12258083783136964,0.0,0.0,-0.07853981633974483,0.0,0.0,-0.5734653256552796,sine,2,0.2,0.5,28,56,13.209998846054077,0.0
1779527534.4134104,0.0,0.0,-0.07853981633974483,0.0,0.0,-0.5734653256552796,-0.1188,1.4255999999999998,0.0396,0.0,0.0,-0.12755232320949492,0.0,0.0,-0.08552113334772216,0.0,0.0,-0.5672320068981571,sine,2,0.2,0.5,28,56,13.220139503479004,0.0
1779527534.4233928,0.0,0.0,-0.08552113334772216,0.0,0.0,-0.5672320068981571,-0.0396,1.5048000000000001,0.5940000000000001,0.0,0.0,-0.13229305595522994,0.0,0.0,-0.09075712110370514,0.0,0.0,-0.5589209152219936,sine,2,0.2,0.5,28,56,13.230065107345581,0.0
1779527534.433367,0.0,0.0,-0.09075712110370514,0.0,0.0,-0.5589209152219936,-0.1188,1.3464,0.0792,0.0,0.0,-0.1369311551406474,0.0,0.0,-0.09599310885968812,0.0,0.0,-0.552687596464871,sine,2,0.2,0.5,28,56,13.240047454833984,0.0
1779527534.4434357,0.0,0.0,-0.09599310885968812,0.0,0.0,-0.552687596464871,-0.0792,1.5048000000000001,0.27720000000000006,0.0,0.0,-0.14143099522791133,0.0,0.0,-0.10122909661567113,0.0,0.0,-0.5360654131125441,sine,2,0.2,0.5,28,56,13.250021696090698,0.0
1779527534.4533682,0.0,0.0,-0.10122909661567113,0.0,0.0,-0.5360654131125441,-0.0792,1.3464,0.27720000000000006,0.0,0.0,-0.14583258085234652,0.0,0.0,-0.10646508437165411,0.0020777729190408684,0.0,-0.5194432297602171,sine,2,0.2,0.5,28,56,13.260090351104736,0.0
1779527534.4633708,0.0,0.0,-0.10646508437165411,0.0020777729190408684,0.0,-0.5194432297602171,-0.0396,1.4652,0.6732,0.0,0.0,-0.15003171598573536,0.0,0.0,-0.1117010721276371,0.0,0.0,-0.5111321380840537,sine,2,0.2,0.5,28,56,13.270022869110107,0.0
1779527534.4733527,0.0,0.0,-0.1117010721276371,0.0,0.0,-0.5111321380840537,-0.0792,1.584,0.9107999999999999,0.0,0.0,-0.1541128538087017,0.0,0.0,-0.11693705988362009,0.0,0.0,-0.5132099110030945,sine,2,0.2,0.5,28,56,13.280025482177734,0.0
1779527534.4834561,0.0,0.0,-0.11693705988362009,0.0,0.0,-0.5132099110030945,-0.0792,1.5048000000000001,0.0,0.0,0.0,-0.1580338340137349,0.0,0.0,-0.12217304763960307,0.0,0.0,-0.49450995473172665,sine,2,0.2,0.5,28,56,13.29000735282898,0.0
1779527534.4934666,0.0,0.0,-0.12217304763960307,0.0,0.0,-0.49450995473172665,-0.0792,1.5048000000000001,0.5544000000000001,0.0,0.0,-0.16184431558399257,0.0,0.0,-0.12566370614359174,0.0,0.0,-0.4841210901365223,sine,2,0.2,0.5,28,56,13.300110816955566,0.0
1779527534.5033512,0.0,0.0,-0.12566370614359174,0.0,0.0,-0.4841210901365223,-0.0792,1.4652,0.1584,0.0,0.0,-0.16545894128531013,0.0,0.0,-0.1308996938995747,-0.0020777729190408684,0.0,-0.46334336094611367,sine,2,0.2,0.5,28,56,13.310121297836304,0.0
1779527534.5133533,0.0,0.0,-0.1308996938995747,-0.0020777729190408684,0.0,-0.46334336094611367,0.0396,1.584,0.396,0.0,0.0,-0.16886756930532257,0.0,0.0,-0.13613568165555773,0.0,0.0,-0.4529544963509093,sine,2,0.2,0.5,28,56,13.320005893707275,0.0
1779527534.523342,0.0,0.0,-0.13613568165555773,0.0,0.0,-0.4529544963509093,0.0,1.3860000000000001,0.6336,0.0,0.0,-0.17215097364253945,0.0,0.0,-0.13962634015954636,0.0,0.0,-0.45087672343186846,sine,2,0.2,0.5,28,56,13.330008029937744,0.0
1779527534.5333629,0.0,0.0,-0.13962634015954636,0.0,0.0,-0.45087672343186846,-0.0396,1.584,0.0,0.0,0.0,-0.17526029966536838,0.0,0.0,-0.14486232791552936,0.0,-0.0020777729190408684,-0.4342545400795415,sine,2,0.2,0.5,28,56,13.339996576309204,0.0
1779527534.5433397,0.0,0.0,-0.14486232791552936,0.0,-0.0020777729190408684,-0.4342545400795415,-0.0792,1.2672,0.5940000000000001,0.0,0.0,-0.17820631003320464,0.0,0.0,-0.14835298641951802,0.0,0.0,-0.40932126505105104,sine,2,0.2,0.5,28,56,13.350017547607422,0.0
1779527534.5533996,0.0,0.0,-0.14835298641951802,0.0,0.0,-0.40932126505105104,-0.0396,1.3860000000000001,0.6732,0.0,0.0,-0.18096391539331969,0.0,0.0,-0.1518436449235067,0.0,0.0020777729190408684,-0.4134768108891328,sine,2,0.2,0.5,28,56,13.359994411468506,0.0
1779527534.5633419,0.0,0.0,-0.1518436449235067,0.0,0.0020777729190408684,-0.4134768108891328,-0.0396,1.5444,-0.1188,0.0,0.0,-0.1835644585168552,0.0,0.0,-0.15707963267948966,0.0,0.0,-0.38023244418447893,sine,2,0.2,0.5,28,56,13.370054244995117,0.0
1779527534.573341,0.0,0.0,-0.15707963267948966,0.0,0.0,-0.38023244418447893,-0.0396,1.5444,0.6732,0.0,0.0,-0.18595449644538356,0.0,0.0,-0.16057029118347835,0.0,0.0,-0.3739991254273563,sine,2,0.2,0.5,28,56,13.379996538162231,0.0
1779527534.5833426,0.0,0.0,-0.16057029118347835,0.0,0.0,-0.3739991254273563,-0.0396,1.5048000000000001,0.4752,0.0,0.0,-0.18817521196601253,0.0,0.0,-0.16406094968746698,0.0,0.0,-0.35737694207502935,sine,2,0.2,0.5,28,56,13.389995574951172,0.0
1779527534.5933602,0.0,0.0,-0.16406094968746698,0.0,0.0,-0.35737694207502935,-0.0396,1.3068,0.0,0.0,0.0,-0.19021076626912298,0.0,0.0,-0.16755160819145565,0.0,0.0,-0.3365992128846207,sine,2,0.2,0.5,28,56,13.399997234344482,0.0
1779527534.6033406,0.0,0.0,-0.16755160819145565,0.0,0.0,-0.3365992128846207,0.0,1.584,0.4356,0.0,0.0,-0.1920613431780215,0.0,0.0,-0.1710422666954443,0.0,0.0,-0.3282881212084572,sine,2,0.2,0.5,28,56,13.410014867782593,0.0
1779527534.613342,0.0,0.0,-0.1710422666954443,0.0,0.0,-0.3282881212084572,-0.1188,1.3068,0.396,0.0,0.0,-0.19371589903721761,0.0,0.0,-0.17278759594743864,0.0,0.0,-0.299199300341885,sine,2,0.2,0.5,28,56,13.419995307922363,0.0
1779527534.623345,0.0,0.0,-0.17278759594743864,0.0,0.0,-0.299199300341885,-0.0396,1.3464,0.7127999999999999,0.0,0.0,-0.1951829040288234,0.0,0.0,-0.1762782544514273,0.0,0.0,-0.2971215274228442,sine,2,0.2,0.5,28,56,13.429996728897095,0.0
1779527534.6333756,0.0,0.0,-0.1762782544514273,0.0,0.0,-0.2971215274228442,-0.0396,1.3464,-0.1584,0.0,0.0,-0.19645740074193097,0.0,0.0,-0.17802358370342164,0.0,0.0,-0.2638771607181903,sine,2,0.2,0.5,28,56,13.4399995803833,0.0
1779527534.6433442,0.0,0.0,-0.17802358370342164,0.0,0.0,-0.2638771607181903,-0.0792,1.5444,0.396,0.0,0.0,-0.1975406480683149,0.0,0.0,-0.18151424220741028,0.0,-0.0020777729190408684,-0.25972161488010853,sine,2,0.2,0.5,28,56,13.450030326843262,0.0
1779527534.6533422,0.0,0.0,-0.18151424220741028,0.0,-0.0020777729190408684,-0.25972161488010853,-0.0792,1.4255999999999998,0.27720000000000006,0.0,0.0,-0.19842284938928131,0.0,0.0,-0.1832595714594046,0.0,0.0,-0.23271056693257725,sine,2,0.2,0.5,28,56,13.459998846054077,0.0
1779527534.663469,0.0,0.0,-0.1832595714594046,0.0,0.0,-0.23271056693257725,0.0,1.4255999999999998,0.6336,0.0,0.0,-0.1991122113331043,0.0,0.0,-0.18500490071139894,0.0,-0.0020777729190408684,-0.2098550648231277,sine,2,0.2,0.5,28,56,13.469996929168701,0.0
1779527534.6738195,0.0,0.0,-0.18500490071139894,0.0,-0.0020777729190408684,-0.2098550648231277,-0.0396,1.3860000000000001,0.6732,0.0,0.0,-0.19961021316735608,0.0,0.0,-0.18849555921538758,0.0,0.0,-0.20569951898504596,sine,2,0.2,0.5,28,56,13.48012375831604,0.0
1779527534.6833847,0.0,0.0,-0.18849555921538758,0.0,0.0,-0.20569951898504596,0.0,1.3860000000000001,-0.0396,0.0,0.0,-0.19991044949183345,0.0,0.0,-0.19024088846738194,0.0,0.0,-0.18076624395655555,sine,2,0.2,0.5,28,56,13.490474224090576,0.0
1779527534.6934948,0.0,0.0,-0.19024088846738194,0.0,0.0,-0.18076624395655555,0.0,1.3860000000000001,0.1188,0.0,0.0,-0.19999999847261746,0.0,0.0,-0.19024088846738194,0.0020777729190408684,0.0,-0.15375519600902426,sine,2,0.2,0.5,28,56,13.500039339065552,0.0
1779527534.7033415,0.0,0.0,-0.19024088846738194,0.0020777729190408684,0.0,-0.15375519600902426,-0.0396,1.3068,0.3168,0.0,0.0,-0.19989833992141387,0.0,0.0,-0.19198621771937624,0.0,0.0,-0.14128855849477906,sine,2,0.2,0.5,28,56,13.510149478912354,0.0
1779527534.7133696,0.0,0.0,-0.19198621771937624,0.0,0.0,-0.14128855849477906,0.0,1.4652,0.5148,0.0,0.0,-0.19960549692281415,0.0,0.0,-0.1937315469713706,0.0,0.0,-0.12882192098053383,sine,2,0.2,0.5,28,56,13.519996166229248,0.0
1779527534.723397,0.0,0.0,-0.1937315469713706,0.0,0.0,-0.12882192098053383,-0.0396,1.3860000000000001,0.35639999999999994,0.0,0.0,-0.1991109560682396,0.0,0.0,-0.1954768762233649,0.0,0.0,-0.10804419179012516,sine,2,0.2,0.5,28,56,13.530024290084839,0.0
1779527534.7333443,0.0,0.0,-0.1954768762233649,0.0,0.0,-0.10804419179012516,0.0,1.3464,0.35639999999999994,0.0,0.0,-0.1984188664161045,0.0,0.0,-0.1954768762233649,0.0,0.0,-0.078955370923553,sine,2,0.2,0.5,28,56,13.540051698684692,0.0
1779527534.7433026,0.0,0.0,-0.1954768762233649,0.0,0.0,-0.078955370923553,-0.0396,1.5444,0.7127999999999999,0.0,0.0,-0.19753776654220537,0.0,0.0,-0.1954768762233649,0.0,0.0,-0.07272205216643039,sine,2,0.2,0.5,28,56,13.549998998641968,0.0
1779527534.7533698,0.0,0.0,-0.1954768762233649,0.0,0.0,-0.07272205216643039,0.0,1.4652,0.3168,0.0,0.0,-0.19646247968645394,0.0,0.0,-0.19722220547535924,0.0020777729190408684,0.0,-0.035322139623694765,sine,2,0.2,0.5,28,56,13.559957265853882,0.0
1779527534.76339,0.0,0.0,-0.19722220547535924,0.0020777729190408684,0.0,-0.035322139623694765,-0.0396,1.3860000000000001,0.9107999999999999,0.0,0.0,-0.19517999507752848,0.0,0.0,-0.19722220547535924,0.0,0.0020777729190408684,-0.031166593785613025,sine,2,0.2,0.5,28,56,13.570024490356445,0.0
1779527534.773341,0.0,0.0,-0.19722220547535924,0.0,0.0020777729190408684,-0.031166593785613025,0.0,1.3464,0.5544000000000001,0.0,0.0,-0.19370963839760558,0.0,0.0,-0.19722220547535924,0.0,-0.0020777729190408684,-0.010388864595204342,sine,2,0.2,0.5,28,56,13.580044746398926,0.0
1779527534.7833548,0.0,0.0,-0.19722220547535924,0.0,-0.0020777729190408684,-0.010388864595204342,0.0,1.5048000000000001,0.4752,0.0,0.0,-0.19205950444867936,0.0,0.0,-0.19722220547535924,0.0,-0.0020777729190408684,0.0020777729190408684,sine,2,0.2,0.5,28,56,13.589995622634888,0.0
1779527534.7933397,0.0,0.0,-0.19722220547535924,0.0,-0.0020777729190408684,0.0020777729190408684,0.0,1.4652,0.3168,0.0,0.0,-0.19020947002742541,0.0,0.0,-0.19722220547535924,0.0020777729190408684,0.0,0.02493327502849042,sine,2,0.2,0.5,28,56,13.600009441375732,0.0
1779527534.8033385,0.0,0.0,-0.19722220547535924,0.0020777729190408684,0.0,0.02493327502849042,-0.0792,1.2672,-0.35639999999999994,0.0,0.0,-0.18817734319868923,0.0,0.0,-0.1954768762233649,0.0,0.0,0.03739991254273563,sine,2,0.2,0.5,28,56,13.609994411468506,0.0
1779527534.813356,0.0,0.0,-0.1954768762233649,0.0,0.0,0.03739991254273563,0.0,1.3464,0.0,0.0,0.0,-0.1859568676960669,0.0,0.0,-0.1954768762233649,0.0,0.0,0.05817764173314431,sine,2,0.2,0.5,28,56,13.619993209838867,0.0
1779527534.823354,0.0,0.0,-0.1954768762233649,0.0,0.0,0.05817764173314431,0.0,1.3068,0.1584,0.0,0.0,-0.18354827874756807,0.0,0.0,-0.1954768762233649,-0.0020777729190408684,0.0,0.06648873340930779,sine,2,0.2,0.5,28,56,13.630010604858398,0.0
1779527534.8335042,0.0,0.0,-0.1954768762233649,-0.0020777729190408684,0.0,0.06648873340930779,0.0,1.3860000000000001,0.6732,0.0,0.0,-0.1809630861756506,0.0,0.0,-0.1937315469713706,0.0,0.0,0.10388864595204342,sine,2,0.2,0.5,28,56,13.640008687973022,0.0
1779527534.8433578,0.0,0.0,-0.1937315469713706,0.0,0.0,0.10388864595204342,0.0,1.4255999999999998,0.4356,0.0,0.0,-0.17815596140765583,0.0,0.0,-0.19198621771937624,0.0,0.0,0.1308996938995747,sine,2,0.2,0.5,28,56,13.650158882141113,0.0
1779527534.853346,0.0,0.0,-0.19198621771937624,0.0,0.0,0.1308996938995747,0.0,1.4652,0.3168,0.0,0.0,-0.17525755715464422,0.0,0.0,-0.19024088846738194,0.0,0.0,0.15583296892806514,sine,2,0.2,0.5,28,56,13.660012483596802,0.0
1779527534.8633525,0.0,0.0,-0.19024088846738194,0.0,0.0,0.15583296892806514,0.0,1.4652,0.3168,0.0,0.0,-0.17214815223088384,0.0,0.0,-0.18849555921538758,0.0,0.0,0.15998851476614687,sine,2,0.2,0.5,28,56,13.670000791549683,0.0
1779527534.8734803,0.0,0.0,-0.18849555921538758,0.0,0.0,0.15998851476614687,-0.0396,1.5048000000000001,0.6732,0.0,0.0,-0.16886315453102338,0.0,0.0,-0.1867502299633933,0.0,0.0,0.17868847103751467,sine,2,0.2,0.5,28,56,13.680007219314575,0.0
1779527534.8833826,0.0,0.0,-0.1867502299633933,0.0,0.0,0.17868847103751467,0.0,1.3860000000000001,0.6732,0.0,0.0,-0.1653684216251483,0.0,0.0,-0.18500490071139894,0.0,0.0,0.21193283774216856,sine,2,0.2,0.5,28,56,13.69013500213623,0.0
1779527534.8933434,0.0,0.0,-0.18500490071139894,0.0,0.0,0.21193283774216856,-0.0396,1.3068,-0.198,0.0,0.0,-0.1617896440634704,0.0,0.0,-0.1832595714594046,-0.0020777729190408684,0.0,0.22232170233737292,sine,2,0.2,0.5,28,56,13.700037240982056,0.0
1779527534.9033675,0.0,0.0,-0.1832595714594046,-0.0020777729190408684,0.0,0.22232170233737292,0.0,1.5048000000000001,0.0396,0.0,0.0,-0.15803172230357942,0.0,0.0,-0.17976891295541597,0.0,0.0,0.23271056693257725,sine,2,0.2,0.5,28,56,13.70999813079834,0.0
1779527534.9133449,0.0,0.0,-0.17976891295541597,0.0,0.0,0.23271056693257725,0.0,1.4255999999999998,0.5940000000000001,0.0,0.0,-0.15409375634654998,0.0,0.0,-0.17802358370342164,0.0020777729190408684,0.0,0.26595493363723116,sine,2,0.2,0.5,28,56,13.720022201538086,0.0
1779527534.9233716,0.0,0.0,-0.17802358370342164,0.0020777729190408684,0.0,0.26595493363723116,-0.0396,1.3068,0.3168,0.0,0.0,-0.15002240413337958,0.0,0.0,-0.17453292519943295,0.0020777729190408684,0.0,0.26595493363723116,sine,2,0.2,0.5,28,56,13.729999542236328,0.0
1779527534.9333456,0.0,0.0,-0.17453292519943295,0.0020777729190408684,0.0,0.26595493363723116,0.0,1.5048000000000001,0.792,0.0,0.0,-0.14578244070829774,0.0,0.0,-0.1710422666954443,0.0,0.0,0.2950437545038033,sine,2,0.2,0.5,28,56,13.740026235580444,0.0
1779527534.9433403,0.0,0.0,-0.1710422666954443,0.0,0.0,0.2950437545038033,-0.0396,1.5048000000000001,-0.0792,0.0,0.0,-0.14142125031068606,0.0,0.0,-0.16929693744344998,0.0,0.0,0.2971215274228442,sine,2,0.2,0.5,28,56,13.750000238418579,0.0
1779527534.9533436,0.0,0.0,-0.16929693744344998,0.0,0.0,0.2971215274228442,0.0,1.4255999999999998,0.5940000000000001,0.0,0.0,-0.13691171876934333,0.0,0.0,-0.1658062789394613,0.0,0.0020777729190408684,0.33036589412749806,sine,2,0.2,0.5,28,56,13.759994983673096,0.0
1779527534.9633398,0.0,0.0,-0.1658062789394613,0.0,0.0020777729190408684,0.33036589412749806,-0.0396,1.4652,0.4356,0.0,0.0,-0.13226316863360002,0.0,0.0,-0.16231562043547265,0.0,0.0,0.3345214399655798,sine,2,0.2,0.5,28,56,13.76999831199646,0.0
1779527534.973343,0.0,0.0,-0.16231562043547265,0.0,0.0,0.3345214399655798,-0.0792,1.4255999999999998,0.6732,0.0,0.0,-0.12748746655777643,0.0,0.0,-0.158824961931484,0.0,0.0,0.363610260832152,sine,2,0.2,0.5,28,56,13.779994487762451,0.0
1779527534.9833944,0.0,0.0,-0.158824961931484,0.0,0.0,0.363610260832152,0.0,1.3068,-0.0396,0.0,0.0,-0.12258261334025909,0.0,0.0,-0.15533430342749532,0.0,0.0,0.363610260832152,sine,2,0.2,0.5,28,56,13.789997577667236,0.0
1779527534.993401,0.0,0.0,-0.15533430342749532,0.0,0.0,0.363610260832152,0.0,1.4255999999999998,0.7127999999999999,0.0,0.0,-0.1175321075383887,0.0,0.0,-0.15009831567151233,0.0,0.0,0.3885435358606424,sine,2,0.2,0.5,28,56,13.800049066543579,0.0
1779527535.0036778,0.0,0.0,-0.15009831567151233,0.0,0.0,0.3885435358606424,-0.0396,1.3068,0.5544000000000001,0.0,0.0,-0.1123877112183118,0.0,0.0,-0.1466076571675237,0.0,0.0,0.40932126505105104,sine,2,0.2,0.5,28,56,13.81005573272705,0.0
1779527535.013395,0.0,0.0,-0.1466076571675237,0.0,0.0,0.40932126505105104,0.0,1.4255999999999998,-0.1188,0.0,0.0,-0.10698889260474909,0.0,0.0,-0.14311699866353503,-0.0020777729190408684,0.0,0.40308794629392847,sine,2,0.2,0.5,28,56,13.820332527160645,0.0
1779527535.0233471,0.0,0.0,-0.14311699866353503,-0.0020777729190408684,0.0,0.40308794629392847,-0.0396,1.3860000000000001,0.9504,0.0,0.0,-0.10178137437857682,0.0,0.0,-0.13788101090755203,0.0,0.0,0.4342545400795415,sine,2,0.2,0.5,28,56,13.830049753189087,0.0
1779527535.0333405,0.0,0.0,-0.13788101090755203,0.0,0.0,0.4342545400795415,0.0,1.4255999999999998,0.4356,0.0,0.0,-0.09634973189148482,0.0,0.0,-0.13264502315156904,-0.0020777729190408684,0.0,0.4487989505128276,sine,2,0.2,0.5,28,56,13.840001821517944,0.0
1779527535.04336,0.0,0.0,-0.13264502315156904,-0.0020777729190408684,0.0,0.4487989505128276,-0.1188,1.3860000000000001,0.0396,0.0,0.0,-0.09080082283306769,0.0,0.0,-0.12915436464758037,0.0,0.0,0.45503226926995016,sine,2,0.2,0.5,28,56,13.849995136260986,0.0
1779527535.0533485,0.0,0.0,-0.12915436464758037,0.0,0.0,0.45503226926995016,0.0396,1.2672,0.6732,0.0,0.0,-0.08514751403312903,0.0,0.0,-0.1239183768915974,-0.0020777729190408684,0.0,0.46957667970323624,sine,2,0.2,0.5,28,56,13.86001467704773,0.0
1779527535.063463,0.0,0.0,-0.1239183768915974,-0.0020777729190408684,0.0,0.46957667970323624,0.0,1.3068,0.4356,0.0,0.0,-0.07942771936322902,0.0,0.0,-0.11868238913561442,-0.0020777729190408684,0.0,0.47996554429844057,sine,2,0.2,0.5,28,56,13.87000322341919,0.0
1779527535.0733423,0.0,0.0,-0.11868238913561442,-0.0020777729190408684,0.0,0.47996554429844057,0.0396,1.2672,0.27720000000000006,0.0,0.0,-0.07355617206940412,0.0,0.0,-0.11344640137963143,-0.0020777729190408684,0.0,0.5007432734888493,sine,2,0.2,0.5,28,56,13.880117654800415,0.0
1779527535.0833395,0.0,0.0,-0.11344640137963143,-0.0020777729190408684,0.0,0.5007432734888493,0.0396,1.4255999999999998,0.5148,0.0,0.0,-0.0677493543351591,0.0,0.0,-0.10995574287564278,0.0,0.0,0.5090543651650128,sine,2,0.2,0.5,28,56,13.889997005462646,0.0
1779527535.093365,0.0,0.0,-0.10995574287564278,0.0,0.0,0.5090543651650128,-0.0396,1.4652,0.0396,0.0,0.0,-0.06180690364961941,0.0,0.0,-0.10471975511965977,0.0,-0.0020777729190408684,0.5152876839221353,sine,2,0.2,0.5,28,56,13.899994134902954,0.0
1779527535.1033432,0.0,0.0,-0.10471975511965977,0.0,-0.0020777729190408684,0.5152876839221353,0.0,1.3464,0.5940000000000001,0.0,0.0,-0.05578637322910173,0.0,0.0,-0.09773843811168245,0.0,0.0,0.5215210026792579,sine,2,0.2,0.5,28,56,13.910019636154175,0.0
1779527535.1133444,0.0,0.0,-0.09773843811168245,0.0,0.0,0.5215210026792579,-0.0396,1.3068,0.8316,0.0,0.0,-0.04973923686937175,0.0,0.0,-0.09250245035569947,0.0,0.0,0.5339876401935032,sine,2,0.2,0.5,28,56,13.919997930526733,0.0
1779527535.1233454,0.0,0.0,-0.09250245035569947,0.0,0.0,0.5339876401935032,-0.0396,1.5048000000000001,0.27720000000000006,0.0,0.0,-0.04362919212481721,0.0,0.0,-0.08726646259971647,0.0,0.0,0.5485320506267892,sine,2,0.2,0.5,28,56,13.929999113082886,0.0
1779527535.1333718,0.0,0.0,-0.08726646259971647,0.0,0.0,0.5485320506267892,-0.0396,1.3860000000000001,0.7524000000000001,0.0,0.0,-0.03747622760129072,0.0,0.0,-0.08203047484373349,0.0,0.0,0.5589209152219936,sine,2,0.2,0.5,28,56,13.940000057220459,0.0
1779527535.1433423,0.0,0.0,-0.08203047484373349,0.0,0.0,0.5589209152219936,0.0,1.3068,0.198,0.0,0.0,-0.031270439915440366,0.0,0.0,-0.07679448708775051,0.0,0.0,0.5672320068981571,sine,2,0.2,0.5,28,56,13.950026512145996,0.0
1779527535.1533687,0.0,0.0,-0.07679448708775051,0.0,0.0,0.5672320068981571,-0.0396,1.3068,0.7127999999999999,0.0,0.0,-0.025068555012678996,0.0,0.0,-0.06981317007977318,0.0,0.0,0.5755430985743205,sine,2,0.2,0.5,28,56,13.959996938705444,0.0
1779527535.163345,0.0,0.0,-0.06981317007977318,0.0,0.0,0.5755430985743205,-0.0396,1.2672,0.0792,0.0,0.0,-0.01880702919417687,0.0,0.0,-0.06457718232379019,0.0,0.0,0.5817764173314431,sine,2,0.2,0.5,28,56,13.970023393630981,0.0
1779527535.1733625,0.0,0.0,-0.06457718232379019,0.0,0.0,0.5817764173314431,-0.0792,1.3464,0.6336,0.0,0.0,-0.012558241452492874,0.0,0.0,-0.05934119456780721,0.0,0.0,0.5859319631695249,sine,2,0.2,0.5,28,56,13.979999780654907,0.0
1779527535.1834254,0.0,0.0,-0.05934119456780721,0.0,0.0,0.5859319631695249,0.0,1.4255999999999998,0.1188,0.0,0.0,-0.00627136533705807,0.0,0.0,-0.05235987755982988,0.0,0.0,0.5900875090076066,sine,2,0.2,0.5,28,56,13.990017175674438,0.0
1779527535.1933486,0.0,0.0,-0.05235987755982988,0.0,0.0,0.5900875090076066,0.0,1.5048000000000001,0.6732,0.0,0.0,5.033374407029586e-05,0.0,0.0,-0.047123889803846894,0.0,0.0,0.5921652819266475,sine,2,0.2,0.5,28,56,14.000080108642578,0.0
1779527535.203459,0.0,0.0,-0.047123889803846894,0.0,0.0,0.5921652819266475,-0.0396,1.4255999999999998,0.2376,0.0,0.0,0.006284242030622961,0.0,0.0,-0.04014257279586959,0.0,0.0,0.6004763736028109,sine,2,0.2,0.5,28,56,14.010003328323364,0.0
1779527535.2134805,0.0,0.0,-0.04014257279586959,0.0,0.0,0.6004763736028109,0.0,1.4652,0.6732,0.0,0.0,0.01262940608154613,0.0,0.0,-0.03490658503988659,0.0,0.0,0.6087874652789744,sine,2,0.2,0.5,28,56,14.020113706588745,0.0
1779527535.2233486,0.0,0.0,-0.03490658503988659,0.0,0.0,0.6087874652789744,-0.0792,1.4255999999999998,0.198,0.0,0.0,0.018906204303267348,0.0,0.0,-0.027925268031909273,0.0,0.0,0.6129430111170562,sine,2,0.2,0.5,28,56,14.030135154724121,0.0
1779527535.2334714,0.0,0.0,-0.027925268031909273,0.0,0.0,0.6129430111170562,0.0,1.3860000000000001,0.6336,0.0,0.0,0.02506870363406202,0.0,0.0,-0.022689280275926284,0.0,0.0,0.6150207840360971,sine,2,0.2,0.5,28,56,14.040003299713135,0.0
1779527535.2434375,0.0,0.0,-0.022689280275926284,0.0,0.0,0.6150207840360971,-0.0396,1.4255999999999998,0.1584,0.0,0.0,0.03136513100146227,0.0,0.0,-0.015707963267948967,-0.0020777729190408684,0.0,0.6170985569551379,sine,2,0.2,0.5,28,56,14.050126075744629,0.0
1779527535.2534611,0.0,0.0,-0.015707963267948967,-0.0020777729190408684,0.0,0.6170985569551379,0.0,1.5444,0.7127999999999999,0.0,0.0,0.03753317284257997,0.0,0.0,-0.010471975511965978,0.0,0.0,0.6129430111170562,sine,2,0.2,0.5,28,56,14.060092210769653,0.0
1779527535.2633505,0.0,0.0,-0.010471975511965978,0.0,0.0,0.6129430111170562,0.0,1.4255999999999998,0.2376,0.0,0.0,0.043699655262040636,0.0,0.0,-0.003490658503988659,0.0,0.0,0.6170985569551379,sine,2,0.2,0.5,28,56,14.070115804672241,0.0
1779527535.2734344,0.0,0.0,-0.003490658503988659,0.0,0.0,0.6170985569551379,-0.0792,1.3464,0.7524000000000001,0.0,0.0,0.049741123118110075,0.0,0.0,0.0,-0.0020777729190408684,0.0,0.6191763298741788,sine,2,0.2,0.5,28,56,14.080005168914795,0.0
1779527535.2834897,0.0,0.0,0.0,-0.0020777729190408684,0.0,0.6191763298741788,0.0,1.5444,0.198,0.0,0.0,0.05585196888980779,0.0,0.0,0.0,-0.0020777729190408684,0.0,0.6191763298741788,sine,2,0.2,0.5,28,56,14.090089082717896,0.0
1779527535.2933075,0.0,0.0,0.0,-0.0020777729190408684,0.0,0.6191763298741788,0.0,1.5444,0.198,0.0,0.0,0.06188967291501296,0.0,0.0,0.012217304763960306,0.0,0.0,0.6170985569551379,sine,2,0.2,0.5,28,56,14.100144386291504,0.0
1779527535.3035142,0.0,0.0,0.012217304763960306,0.0,0.0,0.6170985569551379,0.0,1.5048000000000001,0.1584,0.0,0.0,0.06772525199523302,0.0,0.0,0.019198621771937627,0.0,-0.0020777729190408684,0.6087874652789744,sine,2,0.2,0.5,28,56,14.109962224960327,0.0
1779527535.3133488,0.0,0.0,0.019198621771937627,0.0,-0.0020777729190408684,0.6087874652789744,-0.0396,1.4652,0.8712,0.0,0.0,0.07372358504900409,0.0,0.0,0.02617993877991494,-0.0020777729190408684,0.0,0.6087874652789744,sine,2,0.2,0.5,28,56,14.120168924331665,0.0
1779527535.3233035,0.0,0.0,0.02617993877991494,-0.0020777729190408684,0.0,0.6087874652789744,0.0,1.2672,0.396,0.0,0.0,0.07943156886487304,0.0,0.0,0.031415926535897934,0.0,0.0,0.6067096923599336,sine,2,0.2,0.5,28,56,14.130003452301025,0.0
1779527535.3334317,0.0,0.0,0.031415926535897934,0.0,0.0,0.6067096923599336,0.0,1.3860000000000001,0.8712,0.0,0.0,0.085132061184955,0.0,0.0,0.038397243543875255,0.0,0.0,0.6046319194408927,sine,2,0.2,0.5,28,56,14.139958143234253,0.0
1779527535.3434951,0.0,0.0,0.038397243543875255,0.0,0.0,0.6046319194408927,-0.0792,1.3860000000000001,0.4752,0.0,0.0,0.09084646804454044,0.0,0.0,0.04363323129985824,0.0,0.0020777729190408684,0.6025541465218518,sine,2,0.2,0.5,28,56,14.150086402893066,0.0
1779527535.3535008,0.0,0.0,0.04363323129985824,0.0,0.0020777729190408684,0.6025541465218518,-0.0396,1.5048000000000001,0.792,0.0,0.0,0.09643321097650263,0.0,0.0,0.050614548307835565,0.0,0.0,0.6004763736028109,sine,2,0.2,0.5,28,56,14.160149812698364,0.0
1779527535.3634474,0.0,0.0,0.050614548307835565,0.0,0.0,0.6004763736028109,-0.0792,1.4652,0.4752,0.0,0.0,0.10189238216304741,0.0,0.0,0.05585053606381855,0.0,0.0,0.5921652819266475,sine,2,0.2,0.5,28,56,14.17015552520752,0.0
1779527535.3734026,0.0,0.0,0.05585053606381855,0.0,0.0,0.5921652819266475,-0.0396,1.4652,0.6732,0.0,0.0,0.10721952349039016,0.0,0.0,0.061086523819801536,0.0,0.0020777729190408684,0.5880097360885658,sine,2,0.2,0.5,28,56,14.180102109909058,0.0
1779527535.3833566,0.0,0.0,0.061086523819801536,0.0,0.0020777729190408684,0.5880097360885658,-0.0792,1.5444,0.8316,0.0,0.0,0.11244643924487477,0.0,0.0,0.06806784082777886,0.0,0.0,0.5796986444124023,sine,2,0.2,0.5,28,56,14.190057277679443,0.0
1779527535.3933427,0.0,0.0,0.06806784082777886,0.0,0.0,0.5796986444124023,-0.0792,1.4652,0.7127999999999999,0.0,0.0,0.11756277069557933,0.0,0.0,0.07330382858376185,0.0,0.0,0.5796986444124023,sine,2,0.2,0.5,28,56,14.200011253356934,0.0
1779527535.4033422,0.0,0.0,0.07330382858376185,0.0,0.0,0.5796986444124023,-0.0396,1.3860000000000001,0.7524000000000001,0.0,0.0,0.12258012762348114,0.0,0.0,0.07853981633974483,0.0,0.0,0.5755430985743205,sine,2,0.2,0.5,28,56,14.209997415542603,0.0
1779527535.4134002,0.0,0.0,0.07853981633974483,0.0,0.0,0.5755430985743205,-0.0792,1.3464,0.198,0.0,0.0,0.1274833112691621,0.0,0.0,0.08552113334772216,0.0,0.0,0.5693097798171979,sine,2,0.2,0.5,28,56,14.219996929168701,0.0
1779527535.4234188,0.0,0.0,0.08552113334772216,0.0,0.0,0.5693097798171979,-0.0396,1.3860000000000001,0.7127999999999999,0.0,0.0,0.13228822490190795,0.0,0.0,0.09075712110370514,0.0,0.0,0.5568431423029527,sine,2,0.2,0.5,28,56,14.23005485534668,0.0
1779527535.4333425,0.0,0.0,0.09075712110370514,0.0,0.0,0.5568431423029527,-0.0792,1.5048000000000001,0.0,0.0,0.0,0.13694305598666295,0.0,0.0,0.09599310885968812,-0.0020777729190408684,0.0020777729190408684,0.5485320506267892,sine,2,0.2,0.5,28,56,14.240073442459106,0.0
1779527535.4433415,0.0,0.0,0.09599310885968812,-0.0020777729190408684,0.0020777729190408684,0.5485320506267892,-0.0396,1.5048000000000001,0.6732,0.0,0.0,0.14142008511259252,0.0,0.0,0.10122909661567113,0.0,0.0,0.538143186031585,sine,2,0.2,0.5,28,56,14.24999713897705,0.0
1779527535.4533615,0.0,0.0,0.10122909661567113,0.0,0.0,0.538143186031585,-0.0396,1.4255999999999998,0.198,0.0,0.0,0.14579208061858193,0.0,0.0,0.10646508437165411,0.0,0.0020777729190408684,0.5235987755982988,sine,2,0.2,0.5,28,56,14.259996175765991,0.0
1779527535.4633732,0.0,0.0,0.10646508437165411,0.0,0.0020777729190408684,0.5235987755982988,0.0,1.3860000000000001,0.6732,0.0,0.0,0.1500289423202527,0.0,0.0,0.1117010721276371,0.0,0.0,0.5069765922459719,sine,2,0.2,0.5,28,56,14.270016193389893,0.0
1779527535.4733796,0.0,0.0,0.1117010721276371,0.0,0.0,0.5069765922459719,-0.0792,1.3464,0.792,0.0,0.0,0.1541138085910299,0.0,0.0,0.11693705988362009,0.0,0.0,0.504898819326931,sine,2,0.2,0.5,28,56,14.280027866363525,0.0
1779527535.4833426,0.0,0.0,0.11693705988362009,0.0,0.0,0.504898819326931,-0.0792,1.3860000000000001,0.4356,0.0,0.0,0.15804420825626544,0.0,0.0,0.12217304763960307,0.0,0.0,0.5028210464078902,sine,2,0.2,0.5,28,56,14.290034294128418,0.0
1779527535.4933426,0.0,0.0,0.12217304763960307,0.0,0.0,0.5028210464078902,-0.0792,1.3464,0.35639999999999994,0.0,0.0,0.16180241268820345,0.0,0.0,0.12566370614359174,0.0,0.0,0.4841210901365223,sine,2,0.2,0.5,28,56,14.299997329711914,0.0
1779527535.5034525,0.0,0.0,0.12566370614359174,0.0,0.0,0.4841210901365223,0.0,1.3464,0.0396,0.0,0.0,0.16541516842227733,0.0,0.0,0.1308996938995747,0.0,0.0,0.46334336094611367,sine,2,0.2,0.5,28,56,14.309997320175171,0.0
1779527535.5134575,0.0,0.0,0.1308996938995747,0.0,0.0,0.46334336094611367,0.0,1.4652,0.792,0.0,0.0,0.16890167380647939,0.0,0.0,0.13613568165555773,-0.0020777729190408684,-0.0020777729190408684,0.45711004218899104,sine,2,0.2,0.5,28,56,14.320107221603394,0.0
1779527535.5234678,0.0,0.0,0.13613568165555773,-0.0020777729190408684,-0.0020777729190408684,0.45711004218899104,0.0,1.5048000000000001,0.5940000000000001,0.0,0.0,0.17218428679849138,0.0,0.0,0.13962634015954636,0.0020777729190408684,0.0,0.44464340467474583,sine,2,0.2,0.5,28,56,14.330112218856812,0.0
1779527535.5333734,0.0,0.0,0.13962634015954636,0.0020777729190408684,0.0,0.44464340467474583,0.0,1.3464,0.1188,0.0,0.0,0.17529839143708548,0.0,0.0,0.14486232791552936,0.0,0.0,0.43217676716050063,sine,2,0.2,0.5,28,56,14.34012246131897,0.0
1779527535.5433466,0.0,0.0,0.14486232791552936,0.0,0.0,0.43217676716050063,0.0396,1.4255999999999998,0.5940000000000001,0.0,0.0,0.17820930201100185,0.0,0.0,0.14835298641951802,0.0,0.0020777729190408684,0.4113990379700919,sine,2,0.2,0.5,28,56,14.350028038024902,0.0
1779527535.553351,0.0,0.0,0.14835298641951802,0.0,0.0020777729190408684,0.4113990379700919,-0.0396,1.3068,0.4752,0.0,0.0,0.1809657651247523,0.0,0.0,0.1518436449235067,0.0,0.0,0.40516571921296934,sine,2,0.2,0.5,28,56,14.3600013256073,0.0
1779527535.5634565,0.0,0.0,0.1518436449235067,0.0,0.0,0.40516571921296934,-0.0792,1.3068,0.1188,0.0,0.0,0.18355232440414815,0.0,0.0,0.15707963267948966,0.0,0.0,0.39062130877968326,sine,2,0.2,0.5,28,56,14.37000560760498,0.0
1779527535.5735028,0.0,0.0,0.15707963267948966,0.0,0.0,0.39062130877968326,-0.0792,1.584,0.5544000000000001,0.0,0.0,0.18598101037579637,0.0,0.0,0.16057029118347835,0.0,0.0,0.3615324879131111,sine,2,0.2,0.5,28,56,14.38011121749878,0.0
1779527535.5834503,0.0,0.0,0.16057029118347835,0.0,0.0,0.3615324879131111,0.0,1.3068,0.99,0.0,0.0,0.18820964406198198,0.0,0.0,0.16406094968746698,0.0,0.0,0.36984357958927455,sine,2,0.2,0.5,28,56,14.390157461166382,0.0
1779527535.5934033,0.0,0.0,0.16406094968746698,0.0,0.0,0.36984357958927455,-0.1188,1.4255999999999998,-0.2376,0.0,0.0,0.19023167973710475,0.0,0.0,0.16755160819145565,0.0,0.0,0.3282881212084572,sine,2,0.2,0.5,28,56,14.400104999542236,0.0
1779527535.6035235,0.0,0.0,0.16755160819145565,0.0,0.0,0.3282881212084572,0.0,1.3068,0.9504,0.0,0.0,0.19206890484781314,0.0,0.0,0.1710422666954443,0.0,0.0,0.3365992128846207,sine,2,0.2,0.5,28,56,14.41005802154541,0.0
1779527535.6133456,0.0,0.0,0.1710422666954443,0.0,0.0,0.3365992128846207,-0.0396,1.5444,0.3168,0.0,0.0,0.19374444286754622,0.0,0.0,0.17278759594743864,0.0,0.0,0.2971215274228442,sine,2,0.2,0.5,28,56,14.420178174972534,0.0
1779527535.623468,0.0,0.0,0.17278759594743864,0.0,0.0,0.2971215274228442,-0.0396,1.4652,0.5544000000000001,0.0,0.0,0.19518339421610226,0.0,0.0,0.1762782544514273,0.0020777729190408684,0.0,0.2971215274228442,sine,2,0.2,0.5,28,56,14.430000305175781,0.0
1779527535.6333785,0.0,0.0,0.1762782544514273,0.0020777729190408684,0.0,0.2971215274228442,-0.0396,1.5444,-0.0792,0.0,0.0,0.19647187041652509,0.0,0.0,0.1762782544514273,0.0020777729190408684,0.0,0.2971215274228442,sine,2,0.2,0.5,28,56,14.440122604370117,0.0
1779527535.6433525,0.0,0.0,0.1762782544514273,0.0020777729190408684,0.0,0.2971215274228442,-0.0396,1.5444,-0.0792,0.0,0.0,0.197540929103046,0.0,0.0,0.18151424220741028,0.0,0.0,0.2617993877991494,sine,2,0.2,0.5,28,56,14.450033187866211,0.0
1779527535.6535103,0.0,0.0,0.18151424220741028,0.0,0.0,0.2617993877991494,-0.0396,1.5048000000000001,0.4356,0.0,0.0,0.1984235064744314,0.0,0.0,0.1832595714594046,0.0,0.0,0.23271056693257725,sine,2,0.2,0.5,28,56,14.460007190704346,0.0
1779527535.6634946,0.0,0.0,0.1832595714594046,0.0,0.0,0.23271056693257725,-0.0792,1.3860000000000001,0.5544000000000001,0.0,0.0,0.19912212345794117,0.0,0.0,0.18500490071139894,0.0,0.0,0.2181661564992912,sine,2,0.2,0.5,28,56,14.470165014266968,0.0
1779527535.6733642,0.0,0.0,0.18500490071139894,0.0,0.0,0.2181661564992912,0.0,1.4652,0.2376,0.0,0.0,0.19961121276951552,0.0,0.0,0.18849555921538758,0.0,0.0,0.2036217460660051,sine,2,0.2,0.5,28,56,14.480149269104004,0.0
1779527535.683345,0.0,0.0,0.18849555921538758,0.0,0.0,0.2036217460660051,0.0,1.3860000000000001,-0.0396,0.0,0.0,0.19990168363922856,0.0,0.0,0.19024088846738194,0.0,0.0,0.17453292519943295,sine,2,0.2,0.5,28,56,14.490018844604492,0.0
1779527535.693445,0.0,0.0,0.19024088846738194,0.0,0.0,0.17453292519943295,-0.0396,1.4255999999999998,0.35639999999999994,0.0,0.0,0.1999999999999439,0.0,0.0,0.19024088846738194,0.0,0.0,0.16206628768518774,sine,2,0.2,0.5,28,56,14.499999761581421,0.0
1779527535.703488,0.0,0.0,0.19024088846738194,0.0,0.0,0.16206628768518774,0.0,1.4652,0.5544000000000001,0.0,0.0,0.199899335600139,0.0,0.0,0.19198621771937624,0.0,0.0,0.14544410433286079,sine,2,0.2,0.5,28,56,14.510099649429321,0.0
1779527535.7133563,0.0,0.0,0.19198621771937624,0.0,0.0,0.14544410433286079,0.0,1.5444,0.5940000000000001,0.0,0.0,0.19959969204228534,0.0,0.0,0.1937315469713706,0.0,0.0,0.1308996938995747,sine,2,0.2,0.5,28,56,14.520142793655396,0.0
1779527535.7234972,0.0,0.0,0.1937315469713706,0.0,0.0,0.1308996938995747,-0.0396,1.4255999999999998,0.396,0.0,0.0,0.19911174600103385,0.0,0.0,0.1954768762233649,-0.0020777729190408684,-0.0020777729190408684,0.10596641887108428,sine,2,0.2,0.5,28,56,14.53001093864441,0.0
1779527535.7334554,0.0,0.0,0.1954768762233649,-0.0020777729190408684,-0.0020777729190408684,0.10596641887108428,0.0,1.5048000000000001,0.4356,0.0,0.0,0.19841096084624538,0.0,0.0,0.1954768762233649,-0.0020777729190408684,-0.0020777729190408684,0.10596641887108428,sine,2,0.2,0.5,28,56,14.540151834487915,0.0
1779527535.74348,0.0,0.0,0.1954768762233649,-0.0020777729190408684,-0.0020777729190408684,0.10596641887108428,0.0,1.5048000000000001,0.4356,0.0,0.0,0.1975268343320306,0.0,0.0,0.1954768762233649,0.0,0.0,0.06025541465218518,sine,2,0.2,0.5,28,56,14.550110101699829,0.0
1779527535.7533662,0.0,0.0,0.1954768762233649,0.0,0.0,0.06025541465218518,0.0,1.3464,0.7524000000000001,0.0,0.0,0.19644157961604972,0.0,0.0,0.19722220547535924,0.0,0.0,0.03739991254273563,sine,2,0.2,0.5,28,56,14.560134649276733,0.0
1779527535.7633457,0.0,0.0,0.19722220547535924,0.0,0.0,0.03739991254273563,-0.0396,1.4652,1.0296,0.0,0.0,0.1951804854109918,0.0,0.0,0.19722220547535924,0.0,0.0,0.031166593785613025,sine,2,0.2,0.5,28,56,14.570020914077759,0.0
1779527535.7734938,0.0,0.0,0.19722220547535924,0.0,0.0,0.031166593785613025,0.0,1.3068,0.396,0.0,0.0,0.19371656963810657,0.0,0.0,0.19722220547535924,0.0,0.0,0.01246663751424521,sine,2,0.2,0.5,28,56,14.580000400543213,0.0
1779527535.7833695,0.0,0.0,0.19722220547535924,0.0,0.0,0.01246663751424521,-0.1188,1.3068,0.5148,0.0,0.0,0.1920326938507071,0.0,0.0,0.19722220547535924,0.0,0.0020777729190408684,0.0,sine,2,0.2,0.5,28,56,14.590148448944092,0.0
1779527535.7933416,0.0,0.0,0.19722220547535924,0.0,0.0020777729190408684,0.0,0.0,1.4652,0.0792,0.0,0.0,0.19020659948022786,0.0,0.0,0.19722220547535924,0.0,0.0,-0.018699956271367814,sine,2,0.2,0.5,28,56,14.600024223327637,0.0
1779527535.803347,0.0,0.0,0.19722220547535924,0.0,0.0,-0.018699956271367814,0.0,1.3464,-0.1188,0.0,0.0,0.18817693726396567,0.0,0.0,0.1954768762233649,0.0,0.0,-0.04778877713793997,sine,2,0.2,0.5,28,56,14.609996318817139,0.0
1779527535.8134701,0.0,0.0,0.1954768762233649,0.0,0.0,-0.04778877713793997,0.0,1.3860000000000001,-0.396,0.0,0.0,0.18595488247608205,0.0,0.0,0.1954768762233649,0.0,0.0,-0.05194432297602171,sine,2,0.2,0.5,28,56,14.620001792907715,0.0
1779527535.823495,0.0,0.0,0.1954768762233649,0.0,0.0,-0.05194432297602171,-0.0792,1.5048000000000001,0.27720000000000006,0.0,0.0,0.18351976717691157,0.0,0.0,0.1954768762233649,0.0,0.0,-0.07687759800451213,sine,2,0.2,0.5,28,56,14.630124807357788,0.0
1779527535.8334458,0.0,0.0,0.1954768762233649,0.0,0.0,-0.07687759800451213,-0.0396,1.5048000000000001,0.1584,0.0,0.0,0.18092537054567373,0.0,0.0,0.1937315469713706,0.0,0.0020777729190408684,-0.10388864595204342,sine,2,0.2,0.5,28,56,14.640149593353271,0.0
1779527535.8433535,0.0,0.0,0.1937315469713706,0.0,0.0020777729190408684,-0.10388864595204342,0.0,1.584,0.198,0.0,0.0,0.178172636946477,0.0,0.0,0.19198621771937624,0.0,-0.0020777729190408684,-0.12051082930437036,sine,2,0.2,0.5,28,56,14.650100469589233,0.0
1779527535.8534698,0.0,0.0,0.19198621771937624,0.0,-0.0020777729190408684,-0.12051082930437036,0.0,1.5048000000000001,0.3168,0.0,0.0,0.17525885625637017,0.0,0.0,0.19024088846738194,0.0,0.0,-0.15375519600902426,sine,2,0.2,0.5,28,56,14.660008192062378,0.0
1779527535.8633783,0.0,0.0,0.19024088846738194,0.0,0.0,-0.15375519600902426,-0.0792,1.5048000000000001,0.0792,0.0,0.0,0.17210856227972554,0.0,0.0,0.18849555921538758,0.0,0.0,-0.1641440606042286,sine,2,0.2,0.5,28,56,14.670124530792236,0.0
1779527535.8735192,0.0,0.0,0.18849555921538758,0.0,0.0,-0.1641440606042286,-0.0396,1.5444,0.5148,0.0,0.0,0.16885448468581216,0.0,0.0,0.1867502299633933,0.0,0.0,-0.17868847103751467,sine,2,0.2,0.5,28,56,14.680032968521118,0.0
1779527535.8833656,0.0,0.0,0.1867502299633933,0.0,0.0,-0.17868847103751467,-0.0396,1.5048000000000001,0.8316,0.0,0.0,0.16535468695633507,0.0,0.0,0.18500490071139894,0.0,0.0,-0.20154397314696423,sine,2,0.2,0.5,28,56,14.690173864364624,0.0
1779527535.8934712,0.0,0.0,0.18500490071139894,0.0,0.0,-0.20154397314696423,-0.0396,1.584,0.3168,0.0,0.0,0.16179589652507198,0.0,0.0,0.1832595714594046,0.0,0.0,-0.22232170233737292,sine,2,0.2,0.5,28,56,14.70002031326294,0.0
1779527535.9034374,0.0,0.0,0.1832595714594046,0.0,0.0,-0.22232170233737292,-0.0792,1.5444,0.0396,0.0,0.0,0.1579824969946937,0.0,0.0,0.17976891295541597,0.0,0.0,-0.236866112770659,sine,2,0.2,0.5,28,56,14.710125923156738,0.0
1779527535.9133422,0.0,0.0,0.17976891295541597,0.0,0.0,-0.236866112770659,-0.0396,1.5444,0.1584,0.0,0.0,0.1540657723208083,0.0,0.0,0.17802358370342164,0.0,0.0,-0.2638771607181903,sine,2,0.2,0.5,28,56,14.720092058181763,0.0
1779527535.9233627,0.0,0.0,0.17802358370342164,0.0,0.0,-0.2638771607181903,-0.0396,1.4255999999999998,0.3168,0.0,0.0,0.15002349385665312,0.0,0.0,0.17453292519943295,0.0,0.0,-0.2701104794753129,sine,2,0.2,0.5,28,56,14.729996919631958,0.0
1779527535.9333458,0.0,0.0,0.17453292519943295,0.0,0.0,-0.2701104794753129,-0.0396,1.4255999999999998,0.6336,0.0,0.0,0.14578623522731674,0.0,0.0,0.1710422666954443,0.0,0.0,-0.2971215274228442,sine,2,0.2,0.5,28,56,14.740017414093018,0.0
1779527535.9434488,0.0,0.0,0.1710422666954443,0.0,0.0,-0.2971215274228442,-0.0396,1.3464,0.0,0.0,0.0,0.1414211443839839,0.0,0.0,0.16929693744344998,0.0,0.0,-0.3033548461799668,sine,2,0.2,0.5,28,56,14.750000476837158,0.0
1779527535.9534404,0.0,0.0,0.16929693744344998,0.0,0.0,-0.3033548461799668,0.0,1.5444,0.198,0.0,0.0,0.13686202484963872,0.0,0.0,0.1658062789394613,-0.0020777729190408684,0.0,-0.3345214399655798,sine,2,0.2,0.5,28,56,14.760103464126587,0.0
1779527535.9637802,0.0,0.0,0.1658062789394613,-0.0020777729190408684,0.0,-0.3345214399655798,0.0,1.4255999999999998,0.27720000000000006,0.0,0.0,0.13221754102067526,0.0,0.0,0.16231562043547265,0.0,0.0,-0.3282881212084572,sine,2,0.2,0.5,28,56,14.770095109939575,0.0
1779527535.9733458,0.0,0.0,0.16231562043547265,0.0,0.0,-0.3282881212084572,0.0,1.5048000000000001,0.8712,0.0,0.0,0.12727415761520677,0.0,0.0,0.158824961931484,0.0020777729190408684,0.0,-0.36984357958927455,sine,2,0.2,0.5,28,56,14.780434846878052,0.0
1779527535.983459,0.0,0.0,0.158824961931484,0.0020777729190408684,0.0,-0.36984357958927455,-0.0396,1.3068,-0.2376,0.0,0.0,0.12258119293438573,0.0,0.0,0.15533430342749532,0.0,0.0,-0.35737694207502935,sine,2,0.2,0.5,28,56,14.790000438690186,0.0
1779527535.993346,0.0,0.0,0.15533430342749532,0.0,0.0,-0.35737694207502935,-0.1188,1.4652,0.8316,0.0,0.0,0.11749925813099421,0.0,0.0,0.15009831567151233,0.0,0.0,-0.4010101733748876,sine,2,0.2,0.5,28,56,14.800113677978516,0.0
1779527536.0033474,0.0,0.0,0.15009831567151233,0.0,0.0,-0.4010101733748876,0.0,1.3464,0.35639999999999994,0.0,0.0,0.11241633360895975,0.0,0.0,0.1466076571675237,0.0,0.0,-0.39685462753680584,sine,2,0.2,0.5,28,56,14.810000658035278,0.0
1779527536.0133545,0.0,0.0,0.1466076571675237,0.0,0.0,-0.39685462753680584,0.0,1.4255999999999998,0.4356,0.0,0.0,0.10716425606439697,0.0,0.0,0.14311699866353503,0.0,0.0,-0.4113990379700919,sine,2,0.2,0.5,28,56,14.82000207901001,0.0
1779527536.0233746,0.0,0.0,0.14311699866353503,0.0,0.0,-0.4113990379700919,-0.0792,1.3464,0.5544000000000001,0.0,0.0,0.10180329564720857,0.0,0.0,0.13788101090755203,0.0,0.0,-0.4342545400795415,sine,2,0.2,0.5,28,56,14.83000922203064,0.0
1779527536.0334575,0.0,0.0,0.13788101090755203,0.0,0.0,-0.4342545400795415,0.0396,1.4652,0.5148,0.0,0.0,0.09633463506808877,0.0,0.0,0.1343903524035634,0.0,0.0,-0.44464340467474583,sine,2,0.2,0.5,28,56,14.840029239654541,0.0
1779527536.0433693,0.0,0.0,0.1343903524035634,0.0,0.0,-0.44464340467474583,0.0,1.5444,0.198,0.0,0.0,0.09073528084072773,0.0,0.0,0.12915436464758037,0.0,0.0,-0.45711004218899104,sine,2,0.2,0.5,28,56,14.850112199783325,0.0
1779527536.0534508,0.0,0.0,0.12915436464758037,0.0,0.0,-0.45711004218899104,-0.0396,1.4255999999999998,0.3168,0.0,0.0,0.08514222760229588,0.0,0.0,0.1239183768915974,0.0,0.0,-0.46334336094611367,sine,2,0.2,0.5,28,56,14.860023975372314,0.0
1779527536.0634453,0.0,0.0,0.1239183768915974,0.0,0.0,-0.46334336094611367,0.0,1.5444,0.9107999999999999,0.0,0.0,0.07936873513160762,0.0,0.0,0.11868238913561442,0.0,0.0,-0.49035440889364496,sine,2,0.2,0.5,28,56,14.870105504989624,0.0
1779527536.073484,0.0,0.0,0.11868238913561442,0.0,0.0,-0.49035440889364496,0.0,1.3860000000000001,0.0,0.0,0.0,0.07356648041580059,0.0,0.0,0.11344640137963143,0.0,0.0,-0.5069765922459719,sine,2,0.2,0.5,28,56,14.880100011825562,0.0
1779527536.083475,0.0,0.0,0.11344640137963143,0.0,0.0,-0.5069765922459719,0.0,1.5048000000000001,0.3168,0.0,0.0,0.0676656256449611,0.0,0.0,0.10995574287564278,0.0,0.0,-0.5069765922459719,sine,2,0.2,0.5,28,56,14.890138626098633,0.0
1779527536.0934207,0.0,0.0,0.10995574287564278,0.0,0.0,-0.5069765922459719,0.0,1.5444,0.4752,0.0,0.0,0.061725832559425486,0.0,0.0,0.10471975511965977,0.0,0.0,-0.5132099110030945,sine,2,0.2,0.5,28,56,14.900129795074463,0.0
1779527536.1033704,0.0,0.0,0.10471975511965977,0.0,0.0,-0.5132099110030945,0.0,1.4652,0.396,0.0,0.0,0.055752709770829384,0.0,0.0,0.09773843811168245,0.0,0.0,-0.5277543214363806,sine,2,0.2,0.5,28,56,14.910075426101685,0.0
1779527536.1133459,0.0,0.0,0.09773843811168245,0.0,0.0,-0.5277543214363806,0.0,1.3860000000000001,0.8316,0.0,0.0,0.049722695716896616,0.0,0.0,0.09250245035569947,0.0,0.0,-0.538143186031585,sine,2,0.2,0.5,28,56,14.920025110244751,0.0
1779527536.12349,0.0,0.0,0.09250245035569947,0.0,0.0,-0.538143186031585,0.0,1.5444,0.0396,0.0,0.0,0.043628314954475535,0.0,0.0,0.08726646259971647,0.0,0.0,-0.5485320506267892,sine,2,0.2,0.5,28,56,14.93000054359436,0.0
1779527536.133354,0.0,0.0,0.08726646259971647,0.0,0.0,-0.5485320506267892,0.0,1.4652,0.7127999999999999,0.0,0.0,0.03738690404723689,0.0,0.0,0.08203047484373349,0.0,0.0,-0.5609986881410345,sine,2,0.2,0.5,28,56,14.940144777297974,0.0
1779527536.1433444,0.0,0.0,0.08203047484373349,0.0,0.0,-0.5609986881410345,0.0,1.5048000000000001,0.0792,0.0,0.0,0.0312815368992044,0.0,0.0,0.07679448708775051,0.0,0.0,-0.5734653256552796,sine,2,0.2,0.5,28,56,14.950008630752563,0.0
1779527536.1534953,0.0,0.0,0.07679448708775051,0.0,0.0,-0.5734653256552796,0.0,1.3860000000000001,0.4356,0.0,0.0,0.0250672174195921,0.0,0.0,0.06981317007977318,0.0,0.0,-0.5776208714933614,sine,2,0.2,0.5,28,56,14.959999084472656,0.0
1779527536.1634552,0.0,0.0,0.06981317007977318,0.0,0.0,-0.5776208714933614,0.0,1.5048000000000001,0.0792,0.0,0.0,0.018727834890825495,0.0,0.0,0.06457718232379019,0.0,0.0,-0.5776208714933614,sine,2,0.2,0.5,28,56,14.970149993896484,0.0
1779527536.17338,0.0,0.0,0.06457718232379019,0.0,0.0,-0.5776208714933614,0.0,1.5444,0.35639999999999994,0.0,0.0,0.01248916837408596,0.0,0.0,0.05934119456780721,0.0,0.0,-0.5817764173314431,sine,2,0.2,0.5,28,56,14.980109930038452,0.0
1779527536.1834695,0.0,0.0,0.05934119456780721,0.0,0.0,-0.5817764173314431,0.0,1.3860000000000001,0.35639999999999994,0.0,0.0,0.006260435100004068,0.0,0.0,0.05235987755982988,0.0,-0.0020777729190408684,-0.5880097360885658,sine,2,0.2,0.5,28,56,14.990034580230713,0.0
1779527536.1933434,0.0,0.0,0.05235987755982988,0.0,-0.0020777729190408684,-0.5880097360885658,0.0,1.584,0.5544000000000001,0.0,0.0,-7.80472627146045e-05,0.0,0.0,0.047123889803846894,0.0,-0.0020777729190408684,-0.5942430548456884,sine,2,0.2,0.5,28,56,15.000124216079712,0.0
1779527536.2034712,0.0,0.0,0.047123889803846894,0.0,-0.0020777729190408684,-0.5942430548456884,0.0,1.3860000000000001,0.35639999999999994,0.0,0.0,-0.006280947995213647,0.0,0.0,0.04014257279586959,0.0,0.0,-0.6025541465218518,sine,2,0.2,0.5,28,56,15.009998083114624,0.0
1779527536.2133565,0.0,0.0,0.04014257279586959,0.0,0.0,-0.6025541465218518,0.0,1.4652,0.4356,0.0,0.0,-0.012637030768173421,0.0,0.0,0.03490658503988659,0.0,0.0,-0.6025541465218518,sine,2,0.2,0.5,28,56,15.02012586593628,0.0
1779527536.2233982,0.0,0.0,0.03490658503988659,0.0,0.0,-0.6025541465218518,-0.0396,1.4255999999999998,0.5148,0.0,0.0,-0.018828654240653307,0.0,0.0,0.027925268031909273,0.0,0.0,-0.6087874652789744,sine,2,0.2,0.5,28,56,15.030011177062988,0.0
1779527536.2335007,0.0,0.0,0.027925268031909273,0.0,0.0,-0.6087874652789744,0.0396,1.5444,0.5544000000000001,0.0,0.0,-0.025099616576069406,0.0,0.0,0.022689280275926284,0.0,0.0,-0.6067096923599336,sine,2,0.2,0.5,28,56,15.040052890777588,0.0
1779527536.2433155,0.0,0.0,0.022689280275926284,0.0,0.0,-0.6067096923599336,-0.0396,1.3860000000000001,0.4752,0.0,0.0,-0.03138332861951898,0.0,0.0,0.015707963267948967,0.0,0.0,-0.6129430111170562,sine,2,0.2,0.5,28,56,15.050155401229858,0.0
1779527536.2533433,0.0,0.0,0.015707963267948967,0.0,0.0,-0.6129430111170562,0.0,1.5048000000000001,0.6336,0.0,0.0,-0.03745783376246816,0.0,0.0,0.010471975511965978,0.0,0.0,-0.6150207840360971,sine,2,0.2,0.5,28,56,15.059970140457153,0.0
1779527536.263472,0.0,0.0,0.010471975511965978,0.0,0.0,-0.6150207840360971,0.0,1.5048000000000001,0.4752,0.0,0.0,-0.043627437783251274,0.0,0.0,0.003490658503988659,0.0,0.0,-0.6170985569551379,sine,2,0.2,0.5,28,56,15.069998025894165,0.0
1779527536.273346,0.0,0.0,0.003490658503988659,0.0,0.0,-0.6170985569551379,0.0,1.5048000000000001,0.5148,0.0,0.0,-0.049815118383684284,0.0,0.0,0.0,0.0,0.0,-0.6191763298741788,sine,2,0.2,0.5,28,56,15.080126762390137,0.0
1779527536.2834468,0.0,0.0,0.0,0.0,0.0,-0.6191763298741788,-0.0396,1.3464,0.4752,0.0,0.0,-0.05579860098412788,0.0,0.0,-0.006981317007977318,0.0,0.0,-0.6129430111170562,sine,2,0.2,0.5,28,56,15.090000629425049,0.0
1779527536.2933643,0.0,0.0,-0.006981317007977318,0.0,0.0,-0.6129430111170562,0.0,1.4255999999999998,0.6732,0.0,0.0,-0.06186403136570837,0.0,0.0,-0.012217304763960306,0.0,0.0,-0.6108652381980153,sine,2,0.2,0.5,28,56,15.100101470947266,0.0
1779527536.3033924,0.0,0.0,-0.012217304763960306,0.0,0.0,-0.6108652381980153,-0.0396,1.3860000000000001,0.4752,0.0,0.0,-0.06775879763900709,0.0,0.0,-0.019198621771937627,0.0,0.0,-0.6108652381980153,sine,2,0.2,0.5,28,56,15.110018968582153,0.0
1779527536.3133461,0.0,0.0,-0.019198621771937627,0.0,0.0,-0.6108652381980153,0.0,1.5048000000000001,0.7127999999999999,0.0,0.0,-0.07365242093522223,0.0,0.0,-0.02617993877991494,-0.0020777729190408684,0.0,-0.6087874652789744,sine,2,0.2,0.5,28,56,15.120047092437744,0.0
1779527536.3234649,0.0,0.0,-0.02617993877991494,-0.0020777729190408684,0.0,-0.6087874652789744,0.0,1.3068,0.5940000000000001,0.0,0.0,-0.07943005656482188,0.0,0.0,-0.031415926535897934,0.0,0.0,-0.6108652381980153,sine,2,0.2,0.5,28,56,15.130000829696655,0.0
1779527536.3334749,0.0,0.0,-0.031415926535897934,0.0,0.0,-0.6108652381980153,0.0,1.4255999999999998,0.5148,0.0,0.0,-0.08522382030900381,0.0,0.0,-0.038397243543875255,0.0,0.0,-0.6046319194408927,sine,2,0.2,0.5,28,56,15.140119552612305,0.0
1779527536.3433566,0.0,0.0,-0.038397243543875255,0.0,0.0,-0.6046319194408927,-0.0396,1.5444,0.6336,0.0,0.0,-0.09087062289343417,0.0,0.0,-0.04363323129985824,0.0020777729190408684,0.0,-0.6046319194408927,sine,2,0.2,0.5,28,56,15.150129556655884,0.0
1779527536.3534493,0.0,0.0,-0.04363323129985824,0.0020777729190408684,0.0,-0.6046319194408927,0.0,1.3860000000000001,0.2376,0.0,0.0,-0.09635695185867334,0.0,0.0,-0.048869219055841226,0.0,0.0,-0.5963208277647293,sine,2,0.2,0.5,28,56,15.160011291503906,0.0
1779527536.3633428,0.0,0.0,-0.048869219055841226,0.0,0.0,-0.5963208277647293,0.0,1.3464,0.7127999999999999,0.0,0.0,-0.10186453750047973,0.0,0.0,-0.05585053606381855,0.0,0.0,-0.5921652819266475,sine,2,0.2,0.5,28,56,15.170104026794434,0.0
1779527536.3734581,0.0,0.0,-0.05585053606381855,0.0,0.0,-0.5921652819266475,0.0,1.3464,0.396,0.0,0.0,-0.10716400309783392,0.0,0.0,-0.061086523819801536,0.0,0.0,-0.5880097360885658,sine,2,0.2,0.5,28,56,15.179997444152832,0.0
1779527536.3834634,0.0,0.0,-0.061086523819801536,0.0,0.0,-0.5880097360885658,0.0,1.4652,1.0296,0.0,0.0,-0.11247530246743383,0.0,0.0,-0.06806784082777886,-0.004155545838081737,0.0,-0.583854190250484,sine,2,0.2,0.5,28,56,15.190112829208374,0.0
1779527536.3934712,0.0,0.0,-0.06806784082777886,-0.004155545838081737,0.0,-0.583854190250484,0.0,1.4652,0.1584,0.0,0.0,-0.1176170571542144,0.0,0.0,-0.07330382858376185,0.0,0.0,-0.5796986444124023,sine,2,0.2,0.5,28,56,15.200118064880371,0.0
1779527536.4033418,0.0,0.0,-0.07330382858376185,0.0,0.0,-0.5796986444124023,0.0,1.5444,0.9107999999999999,0.0,0.0,-0.12264391808533218,0.0,0.0,-0.07853981633974483,0.0020777729190408684,0.0,-0.5755430985743205,sine,2,0.2,0.5,28,56,15.210125923156738,0.0
1779527536.4133492,0.0,0.0,-0.07853981633974483,0.0020777729190408684,0.0,-0.5755430985743205,0.0396,1.4652,0.0792,0.0,0.0,-0.1274830804170764,0.0,0.0,-0.08552113334772216,0.0,0.0,-0.5651542339791162,sine,2,0.2,0.5,28,56,15.219996452331543,0.0
1779527536.423409,0.0,0.0,-0.08552113334772216,0.0,0.0,-0.5651542339791162,0.0,1.3068,0.5940000000000001,0.0,0.0,-0.13226417994458925,0.0,0.0,-0.09075712110370514,0.0020777729190408684,0.0,-0.5589209152219936,sine,2,0.2,0.5,28,56,15.230003833770752,0.0
1779527536.4335077,0.0,0.0,-0.09075712110370514,0.0020777729190408684,0.0,-0.5589209152219936,0.0396,1.3464,0.0792,0.0,0.0,-0.1369385796287419,0.0,0.0,-0.09599310885968812,0.0,0.0,-0.5547653693839119,sine,2,0.2,0.5,28,56,15.240063667297363,0.0
1779527536.4433491,0.0,0.0,-0.09599310885968812,0.0,0.0,-0.5547653693839119,0.0,1.4255999999999998,0.2376,0.0,0.0,-0.1414934738401819,0.0,0.0,-0.10122909661567113,0.0,0.0020777729190408684,-0.5360654131125441,sine,2,0.2,0.5,28,56,15.250162363052368,0.0
1779527536.4533455,0.0,0.0,-0.10122909661567113,0.0,0.0020777729190408684,-0.5360654131125441,0.0,1.3860000000000001,0.4356,0.0,0.0,-0.14579536212527622,0.0,0.0,-0.10646508437165411,0.0020777729190408684,0.0,-0.5173654568411762,sine,2,0.2,0.5,28,56,15.260003805160522,0.0
1779527536.4633656,0.0,0.0,-0.10646508437165411,0.0020777729190408684,0.0,-0.5173654568411762,0.0,1.5048000000000001,0.4752,0.0,0.0,-0.15002230506712258,0.0,0.0,-0.1117010721276371,0.0,0.0,-0.5069765922459719,sine,2,0.2,0.5,28,56,15.270000219345093,0.0
1779527536.4733484,0.0,0.0,-0.1117010721276371,0.0,0.0,-0.5069765922459719,0.0,1.4255999999999998,1.0296,0.0,0.0,-0.1541107532571476,0.0,0.0,-0.11693705988362009,-0.0020777729190408684,0.0,-0.5132099110030945,sine,2,0.2,0.5,28,56,15.280020236968994,0.0
1779527536.4833488,0.0,0.0,-0.11693705988362009,-0.0020777729190408684,0.0,-0.5132099110030945,0.0,1.4652,-0.0396,0.0,0.0,-0.158032181374994,0.0,0.0,-0.12217304763960307,0.0,0.0,-0.49450995473172665,sine,2,0.2,0.5,28,56,15.290003061294556,0.0
1779527536.493349,0.0,0.0,-0.12217304763960307,0.0,0.0,-0.49450995473172665,0.0,1.5048000000000001,0.4752,0.0,0.0,-0.16180470203291927,0.0,0.0,-0.12566370614359174,0.0,0.0,-0.48204331721748145,sine,2,0.2,0.5,28,56,15.30000352859497,0.0
1779527536.5033574,0.0,0.0,-0.12566370614359174,0.0,0.0,-0.48204331721748145,0.0,1.4255999999999998,0.2376,0.0,0.0,-0.16541744186170954,0.0,0.0,-0.12566370614359174,0.0,0.0,-0.48204331721748145,sine,2,0.2,0.5,28,56,15.310003757476807,0.0
1779527536.5133495,0.0,0.0,-0.12566370614359174,0.0,0.0,-0.48204331721748145,0.0,1.4255999999999998,0.2376,0.0,0.0,-0.16886965618977803,0.0,0.0,-0.13613568165555773,0.0,0.0,-0.4487989505128276,sine,2,0.2,0.5,28,56,15.320012092590332,0.0
1779527536.5234969,0.0,0.0,-0.13613568165555773,0.0,0.0,-0.4487989505128276,-0.0396,1.5048000000000001,0.8316,0.0,0.0,-0.17214975358885962,0.0,0.0,-0.13962634015954636,0.0,0.0,-0.45087672343186846,sine,2,0.2,0.5,28,56,15.330004215240479,0.0
1779527536.5333483,0.0,0.0,-0.13962634015954636,0.0,0.0,-0.45087672343186846,-0.0396,1.3860000000000001,0.0,0.0,0.0,-0.17530718904573228,0.0,0.0,-0.14486232791552936,0.0,0.0,-0.43217676716050063,sine,2,0.2,0.5,28,56,15.34015154838562,0.0
1779527536.5440257,0.0,0.0,-0.14486232791552936,0.0,0.0,-0.43217676716050063,0.0,1.5444,0.35639999999999994,0.0,0.0,-0.17820216174380757,0.0,0.0,-0.14835298641951802,-0.0020777729190408684,0.0,-0.40516571921296934,sine,2,0.2,0.5,28,56,15.350003004074097,0.0
1779527536.5533557,0.0,0.0,-0.14835298641951802,-0.0020777729190408684,0.0,-0.40516571921296934,0.0,1.3860000000000001,0.8712,0.0,0.0,-0.1811470054349191,0.0,0.0,-0.1518436449235067,0.0,0.0,-0.4134768108891328,sine,2,0.2,0.5,28,56,15.360680341720581,0.0
1779527536.5633698,0.0,0.0,-0.1518436449235067,0.0,0.0,-0.4134768108891328,0.0,1.4255999999999998,-0.0792,0.0,0.0,-0.1835535142125232,0.0,0.0,-0.15707963267948966,0.0,0.0,-0.38023244418447893,sine,2,0.2,0.5,28,56,15.370010375976562,0.0
1779527536.5733428,0.0,0.0,-0.15707963267948966,0.0,0.0,-0.38023244418447893,0.0,1.3464,0.4356,0.0,0.0,-0.1859609480014271,0.0,0.0,-0.16057029118347835,0.0,0.0,-0.37192135250831543,sine,2,0.2,0.5,28,56,15.380024433135986,0.0
1779527536.5833576,0.0,0.0,-0.16057029118347835,0.0,0.0,-0.37192135250831543,0.0,1.3068,0.5940000000000001,0.0,0.0,-0.18817561792945117,0.0,0.0,-0.16406094968746698,0.0,0.0,-0.35737694207502935,sine,2,0.2,0.5,28,56,15.389997482299805,0.0
1779527536.5933871,0.0,0.0,-0.16406094968746698,0.0,0.0,-0.35737694207502935,0.0,1.4255999999999998,0.2376,0.0,0.0,-0.19021368250705017,0.0,0.0,-0.16755160819145565,0.0,0.0,-0.3345214399655798,sine,2,0.2,0.5,28,56,15.400012254714966,0.0
1779527536.6033423,0.0,0.0,-0.16755160819145565,0.0,0.0,-0.3345214399655798,0.0,1.5048000000000001,0.3168,0.0,0.0,-0.19206606441348037,0.0,0.0,-0.1710422666954443,0.0020777729190408684,0.0,-0.33036589412749806,sine,2,0.2,0.5,28,56,15.410041809082031,0.0
1779527536.6133628,0.0,0.0,-0.1710422666954443,0.0020777729190408684,0.0,-0.33036589412749806,0.0,1.3068,0.27720000000000006,0.0,0.0,-0.19371615983063611,0.0,0.0,-0.17278759594743864,0.0,0.0,-0.2971215274228442,sine,2,0.2,0.5,28,56,15.419996976852417,0.0
1779527536.6233463,0.0,0.0,-0.17278759594743864,0.0,0.0,-0.2971215274228442,0.0,1.4652,0.7524000000000001,0.0,0.0,-0.19518574677207978,0.0,0.0,-0.1762782544514273,0.0,-0.0020777729190408684,-0.2971215274228442,sine,2,0.2,0.5,28,56,15.430017471313477,0.0
1779527536.6333694,0.0,0.0,-0.1762782544514273,0.0,-0.0020777729190408684,-0.2971215274228442,0.0,1.3860000000000001,0.0396,0.0,0.0,-0.19645756916259738,0.0,0.0,-0.17802358370342164,0.0,0.0020777729190408684,-0.2617993877991494,sine,2,0.2,0.5,28,56,15.440001010894775,0.0
1779527536.6433492,0.0,0.0,-0.17802358370342164,0.0,0.0020777729190408684,-0.2617993877991494,0.0396,1.3860000000000001,0.27720000000000006,0.0,0.0,-0.197540039104984,0.0,0.0,-0.18151424220741028,0.0,0.0,-0.25972161488010853,sine,2,0.2,0.5,28,56,15.450024127960205,0.0
1779527536.6533487,0.0,0.0,-0.18151424220741028,0.0,0.0,-0.25972161488010853,-0.0396,1.3464,0.0792,0.0,0.0,-0.19842324365673528,0.0,0.0,-0.1832595714594046,0.0,0.0020777729190408684,-0.23478833985161812,sine,2,0.2,0.5,28,56,15.460003852844238,0.0
1779527536.663368,0.0,0.0,-0.1832595714594046,0.0,0.0020777729190408684,-0.23478833985161812,0.0,1.4652,0.6732,0.0,0.0,-0.19911259196886175,0.0,0.0,-0.18500490071139894,0.0,-0.0020777729190408684,-0.20777729190408684,sine,2,0.2,0.5,28,56,15.470003366470337,0.0
1779527536.673425,0.0,0.0,-0.18500490071139894,0.0,-0.0020777729190408684,-0.20777729190408684,-0.0396,1.4652,0.8316,0.0,0.0,-0.19960623952062778,0.0,0.0,-0.18849555921538758,0.0,0.0,-0.2098550648231277,sine,2,0.2,0.5,28,56,15.480022668838501,0.0
1779527536.6833453,0.0,0.0,-0.18849555921538758,0.0,0.0,-0.2098550648231277,-0.0396,1.4255999999999998,0.0396,0.0,0.0,-0.19990287761468406,0.0,0.0,-0.19024088846738194,0.0,0.0,-0.17868847103751467,sine,2,0.2,0.5,28,56,15.490079641342163,0.0
1779527536.6933486,0.0,0.0,-0.19024088846738194,0.0,0.0,-0.17868847103751467,0.0,1.2672,0.0792,0.0,0.0,-0.2,0.0,0.0,-0.19024088846738194,0.0,0.0,-0.15375519600902426,sine,2,0.2,0.5,28,56,15.5,0.0
1779527536.7033453,0.0,0.0,-0.19024088846738194,0.0,0.0,-0.15375519600902426,0.0,1.4652,0.27720000000000006,0.0,0.0,-0.199901246374555,0.0,0.0,-0.19198621771937624,0.0,0.0,-0.14128855849477906,sine,2,0.2,0.5,28,56,15.510003328323364,0.0
1779527536.7133603,0.0,0.0,-0.19198621771937624,0.0,0.0,-0.14128855849477906,0.0,1.4652,0.27720000000000006,0.0,0.0,-0.19960534643814973,0.0,0.0,-0.1937315469713706,0.0,0.0,-0.12674414806149298,sine,2,0.2,0.5,28,56,15.519999980926514,0.0
1779527536.723392,0.0,0.0,-0.1937315469713706,0.0,0.0,-0.12674414806149298,0.0,1.3860000000000001,0.1188,0.0,0.0,-0.1991115062370375,0.0,0.0,-0.1954768762233649,0.0,0.0,-0.10596641887108428,sine,2,0.2,0.5,28,56,15.530014991760254,0.0
1779527536.7333639,0.0,0.0,-0.1954768762233649,0.0,0.0,-0.10596641887108428,-0.0792,1.3464,0.2376,0.0,0.0,-0.19841926117914907,0.0,0.0,-0.1954768762233649,0.0,0.0,-0.078955370923553,sine,2,0.2,0.5,28,56,15.540046691894531,0.0
1779527536.7433474,0.0,0.0,-0.1954768762233649,0.0,0.0,-0.078955370923553,0.0,1.3464,0.5940000000000001,0.0,0.0,-0.19753584459332954,0.0,0.0,-0.1954768762233649,0.0,0.0,-0.07272205216643039,sine,2,0.2,0.5,28,56,15.550018548965454,0.0
1779527536.7533727,0.0,0.0,-0.1954768762233649,0.0,0.0,-0.07272205216643039,-0.0396,1.3464,0.35639999999999994,0.0,0.0,-0.1964572042461389,0.0,0.0,-0.19722220547535924,0.0,0.0,-0.035322139623694765,sine,2,0.2,0.5,28,56,15.560002088546753,0.0
1779527536.7633498,0.0,0.0,-0.19722220547535924,0.0,0.0,-0.035322139623694765,0.0,1.5048000000000001,0.9504,0.0,0.0,-0.19517960279301916,0.0,0.0,-0.19722220547535924,0.0020777729190408684,0.0,-0.02701104794753129,sine,2,0.2,0.5,28,56,15.570027351379395,0.0
1779527536.773456,0.0,0.0,-0.19722220547535924,0.0020777729190408684,0.0,-0.02701104794753129,0.0,1.4255999999999998,0.7524000000000001,0.0,0.0,-0.19371593629374664,0.0,0.0,-0.19722220547535924,0.0,0.0,-0.01246663751424521,sine,2,0.2,0.5,28,56,15.580004453659058,0.0
1779527536.7833514,0.0,0.0,-0.19722220547535924,0.0,0.0,-0.01246663751424521,0.0396,1.5444,0.5148,0.0,0.0,-0.19203930650230364,0.0,0.0,-0.19722220547535924,0.0,0.0,0.0020777729190408684,sine,2,0.2,0.5,28,56,15.590110778808594,0.0
1779527536.7938564,0.0,0.0,-0.19722220547535924,0.0,0.0,0.0020777729190408684,-0.0396,1.3068,0.35639999999999994,0.0,0.0,-0.190210118158732,0.0,0.0,-0.19722220547535924,0.0,0.0,0.022855502109449553,sine,2,0.2,0.5,28,56,15.600006103515625,0.0
1779527536.8033485,0.0,0.0,-0.19722220547535924,0.0,0.0,0.022855502109449553,0.0,1.3860000000000001,-0.35639999999999994,0.0,0.0,-0.18806713871751715,0.0,0.0,-0.1954768762233649,-0.0020777729190408684,0.0,0.03739991254273563,sine,2,0.2,0.5,28,56,15.610511064529419,0.0
1779527536.8133545,0.0,0.0,-0.1954768762233649,-0.0020777729190408684,0.0,0.03739991254273563,0.0,1.5048000000000001,0.0396,0.0,0.0,-0.18595455159293958,0.0,0.0,-0.1954768762233649,0.0,0.0,0.05609986881410345,sine,2,0.2,0.5,28,56,15.62000322341919,0.0
1779527536.823497,0.0,0.0,-0.1954768762233649,0.0,0.0,0.05609986881410345,0.0396,1.4652,0.198,0.0,0.0,-0.1835486357364201,0.0,0.0,-0.1954768762233649,0.0,0.0,0.06648873340930779,sine,2,0.2,0.5,28,56,15.630009174346924,0.0
1779527536.8333619,0.0,0.0,-0.1954768762233649,0.0,0.0,0.06648873340930779,0.0,1.3860000000000001,0.9107999999999999,0.0,0.0,-0.18092479592190092,0.0,0.0,-0.1937315469713706,0.0,0.0,0.10388864595204342,sine,2,0.2,0.5,28,56,15.640151739120483,0.0
1779527536.8433537,0.0,0.0,-0.1937315469713706,0.0,0.0,0.10388864595204342,0.0,1.2672,0.6732,0.0,0.0,-0.17819658476862846,0.0,0.0,-0.19198621771937624,0.0,-0.0020777729190408684,0.13297746681861558,sine,2,0.2,0.5,28,56,15.65001654624939,0.0
1779527536.8533478,0.0,0.0,-0.19198621771937624,0.0,-0.0020777729190408684,0.13297746681861558,0.0,1.4652,0.5940000000000001,0.0,0.0,-0.17525878408488757,0.0,0.0,-0.19024088846738194,0.0,0.0,0.15583296892806514,sine,2,0.2,0.5,28,56,15.660008430480957,0.0
1779527536.8633492,0.0,0.0,-0.19024088846738194,0.0,0.0,0.15583296892806514,0.0,1.3860000000000001,0.4752,0.0,0.0,-0.17214761843542745,0.0,0.0,-0.18849555921538758,0.0,0.0,0.15998851476614687,sine,2,0.2,0.5,28,56,15.670002460479736,0.0
1779527536.8734517,0.0,0.0,-0.18849555921538758,0.0,0.0,0.15998851476614687,0.0,1.3068,0.4356,0.0,0.0,-0.1688642783189438,0.0,0.0,-0.1867502299633933,-0.0020777729190408684,0.0,0.17868847103751467,sine,2,0.2,0.5,28,56,15.680003881454468,0.0
1779527536.8833504,0.0,0.0,-0.1867502299633933,-0.0020777729190408684,0.0,0.17868847103751467,0.0,1.2672,0.3168,0.0,0.0,-0.1653785314624576,0.0,0.0,-0.18500490071139894,0.0,0.0,0.21401061066120944,sine,2,0.2,0.5,28,56,15.690106391906738,0.0
1779527536.893349,0.0,0.0,-0.18500490071139894,0.0,0.0,0.21401061066120944,0.0,1.3464,-0.35639999999999994,0.0,0.0,-0.16180153215466564,0.0,0.0,-0.1832595714594046,0.0,0.0,0.2181661564992912,sine,2,0.2,0.5,28,56,15.700005054473877,0.0
1779527536.90344,0.0,0.0,-0.1832595714594046,0.0,0.0,0.2181661564992912,0.0,1.3860000000000001,0.198,0.0,0.0,-0.15802961054652234,0.0,0.0,-0.17976891295541597,0.0,0.0,0.2306327940135364,sine,2,0.2,0.5,28,56,15.71000361442566,0.0
1779527536.913477,0.0,0.0,-0.17976891295541597,0.0,0.0,0.2306327940135364,-0.0396,1.4255999999999998,0.8712,0.0,0.0,-0.15406472158145798,0.0,0.0,-0.17802358370342164,0.0,0.0,0.26803270655627204,sine,2,0.2,0.5,28,56,15.720094680786133,0.0
1779527536.9233663,0.0,0.0,-0.17802358370342164,0.0,0.0,0.26803270655627204,-0.0396,1.4652,0.396,0.0,0.0,-0.14996750853592702,0.0,0.0,-0.17453292519943295,0.0,0.0,0.26595493363723116,sine,2,0.2,0.5,28,56,15.73013162612915,0.0
1779527536.9333465,0.0,0.0,-0.17453292519943295,0.0,0.0,0.26595493363723116,-0.0396,1.3860000000000001,0.4356,0.0,0.0,-0.14578469692229012,0.0,0.0,-0.1710422666954443,0.0,0.0,0.2971215274228442,sine,2,0.2,0.5,28,56,15.740020990371704,0.0
1779527536.9434946,0.0,0.0,-0.1710422666954443,0.0,0.0,0.2971215274228442,0.0,1.3860000000000001,-0.2376,0.0,0.0,-0.14142082660339936,0.0,0.0,-0.16929693744344998,0.0,0.0,0.3033548461799668,sine,2,0.2,0.5,28,56,15.750001192092896,0.0
1779527536.9534454,0.0,0.0,-0.16929693744344998,0.0,0.0,0.3033548461799668,0.0,1.3860000000000001,0.792,0.0,0.0,-0.13684105033824243,0.0,0.0,-0.1658062789394613,0.0,0.0,0.33036589412749806,sine,2,0.2,0.5,28,56,15.760149240493774,0.0
1779527536.9638913,0.0,0.0,-0.1658062789394613,0.0,0.0,0.33036589412749806,0.0,1.2276,0.5148,0.0,0.0,-0.13221518063912216,0.0,0.0,-0.16231562043547265,0.0,0.0,0.3345214399655798,sine,2,0.2,0.5,28,56,15.770100116729736,0.0
1779527536.9733472,0.0,0.0,-0.16231562043547265,0.0,0.0,0.3345214399655798,0.0,1.3860000000000001,0.27720000000000006,0.0,0.0,-0.1272203010520117,0.0,0.0,-0.158824961931484,-0.0020777729190408684,0.0,0.363610260832152,sine,2,0.2,0.5,28,56,15.780545949935913,0.0
1779527536.9834566,0.0,0.0,-0.158824961931484,-0.0020777729190408684,0.0,0.363610260832152,0.0,1.4255999999999998,0.0,0.0,0.0,-0.12258048272773514,0.0,0.0,-0.15533430342749532,0.0,0.0,0.363610260832152,sine,2,0.2,0.5,28,56,15.79000186920166,0.0
1779527536.9933462,0.0,0.0,-0.15533430342749532,0.0,0.0,0.363610260832152,0.0,1.3464,1.0692,0.0,0.0,-0.11750047037228195,0.0,0.0,-0.15009831567151233,0.0,0.0,0.3885435358606424,sine,2,0.2,0.5,28,56,15.800111293792725,0.0
1779527537.0034585,0.0,0.0,-0.15009831567151233,0.0,0.0,0.3885435358606424,0.0,1.3464,0.5148,0.0,0.0,-0.11241620970975846,0.0,0.0,-0.1466076571675237,0.0,0.0,0.4113990379700919,sine,2,0.2,0.5,28,56,15.810000896453857,0.0
1779527537.01342,0.0,0.0,-0.1466076571675237,0.0,0.0,0.4113990379700919,0.0,1.4255999999999998,-0.1188,0.0,0.0,-0.10710530835665184,0.0,0.0,-0.14311699866353503,0.0,0.0020777729190408684,0.40516571921296934,sine,2,0.2,0.5,28,56,15.820113182067871,0.0
1779527537.0234623,0.0,0.0,-0.14311699866353503,0.0,0.0020777729190408684,0.40516571921296934,0.0,1.2672,1.1880000000000002,0.0,0.0,-0.10176783394705327,0.0,0.0,-0.13788101090755203,0.0,0.0,0.4363323129985824,sine,2,0.2,0.5,28,56,15.830074787139893,0.0
1779527537.033467,0.0,0.0,-0.13788101090755203,0.0,0.0,0.4363323129985824,0.0,1.4255999999999998,0.2376,0.0,0.0,-0.09628632043060953,0.0,0.0,-0.13264502315156904,0.0,0.0,0.4467211775937867,sine,2,0.2,0.5,28,56,15.84011697769165,0.0
1779527537.0434728,0.0,0.0,-0.13264502315156904,0.0,0.0,0.4467211775937867,0.0,1.4255999999999998,0.0396,0.0,0.0,-0.09072994083015697,0.0,0.0,-0.12915436464758037,0.0,0.0,0.45503226926995016,sine,2,0.2,0.5,28,56,15.85012173652649,0.0
1779527537.0533485,0.0,0.0,-0.12915436464758037,0.0,0.0,0.45503226926995016,0.0,1.3464,1.0296,0.0,0.0,-0.08508339421379524,0.0,0.0,-0.1239183768915974,0.0,-0.0020777729190408684,0.46749890678419537,sine,2,0.2,0.5,28,56,15.860127449035645,0.0
1779527537.0633478,0.0,0.0,-0.1239183768915974,0.0,-0.0020777729190408684,0.46749890678419537,0.0,1.3860000000000001,0.27720000000000006,0.0,0.0,-0.07942771936322907,0.0,0.0,-0.11868238913561442,0.0,0.0,0.48204331721748145,sine,2,0.2,0.5,28,56,15.87000322341919,0.0
1779527537.0734425,0.0,0.0,-0.11868238913561442,0.0,0.0,0.48204331721748145,-0.0396,1.2276,0.4356,0.0,0.0,-0.07362345084744944,0.0,0.0,-0.11344640137963143,0.0,-0.0020777729190408684,0.5028210464078902,sine,2,0.2,0.5,28,56,15.880002498626709,0.0
1779527537.0841706,0.0,0.0,-0.11344640137963143,0.0,-0.0020777729190408684,0.5028210464078902,0.0,1.2672,0.4752,0.0,0.0,-0.06769015361884655,0.0,0.0,-0.10821041362364843,0.0,0.0,0.5090543651650128,sine,2,0.2,0.5,28,56,15.89009714126587,0.0
1779527537.0933535,0.0,0.0,-0.10821041362364843,0.0,0.0,0.5090543651650128,0.0,1.2276,0.0,0.0,0.0,-0.06131004280228547,0.0,0.0,-0.10471975511965977,0.0,0.0,0.5132099110030945,sine,2,0.2,0.5,28,56,15.900825262069702,0.0
1779527537.1033463,0.0,0.0,-0.10471975511965977,0.0,0.0,0.5132099110030945,-0.0396,1.2672,0.792,0.0,0.0,-0.055793278342088505,0.0,0.0,-0.09773843811168245,0.0,0.0,0.5194432297602171,sine,2,0.2,0.5,28,56,15.910008192062378,0.0
1779527537.1133633,0.0,0.0,-0.09773843811168245,0.0,0.0,0.5194432297602171,-0.0396,1.2672,0.6732,0.0,0.0,-0.04973735061591552,0.0,0.0,-0.09250245035569947,0.0,0.0,0.538143186031585,sine,2,0.2,0.5,28,56,15.920001029968262,0.0
1779527537.123522,0.0,0.0,-0.09250245035569947,0.0,0.0,0.538143186031585,0.0,1.3464,0.5940000000000001,0.0,0.0,-0.04361764264474649,0.0,0.0,-0.08726646259971647,0.0020777729190408684,0.0020777729190408684,0.5547653693839119,sine,2,0.2,0.5,28,56,15.930017948150635,0.0
1779527537.133386,0.0,0.0,-0.08726646259971647,0.0020777729190408684,0.0020777729190408684,0.5547653693839119,0.0396,1.2672,0.4356,0.0,0.0,-0.03736718413170421,0.0,0.0,-0.08203047484373349,0.0,0.0,0.5589209152219936,sine,2,0.2,0.5,28,56,15.940176725387573,0.0
1779527537.1433644,0.0,0.0,-0.08203047484373349,0.0,0.0,0.5589209152219936,0.0396,1.2672,0.2376,0.0,0.0,-0.03126171021886236,0.0,0.0,-0.07679448708775051,0.0,0.0,0.5630764610600754,sine,2,0.2,0.5,28,56,15.950040578842163,0.0
1779527537.15335,0.0,0.0,-0.07679448708775051,0.0,0.0,0.5630764610600754,0.0,1.1880000000000002,0.5544000000000001,0.0,0.0,-0.025054733162523414,0.0,0.0,-0.06981317007977318,0.0,0.0,0.5755430985743205,sine,2,0.2,0.5,28,56,15.9600191116333,0.0
1779527537.1635482,0.0,0.0,-0.06981317007977318,0.0,0.0,0.5755430985743205,0.0,1.3068,0.1188,0.0,0.0,-0.01881866200538538,0.0,0.0,-0.06457718232379019,0.0,0.0,0.5817764173314431,sine,2,0.2,0.5,28,56,15.970004796981812,0.0
1779527537.1733513,0.0,0.0,-0.06457718232379019,0.0,0.0,0.5817764173314431,0.0,1.3860000000000001,0.5940000000000001,0.0,0.0,-0.012430858766846459,0.0,0.0,-0.05934119456780721,0.0,0.0,0.5859319631695249,sine,2,0.2,0.5,28,56,15.980202913284302,0.0
1779527537.183367,0.0,0.0,-0.05934119456780721,0.0,0.0,0.5859319631695249,0.0,1.3068,0.1188,0.0,0.0,-0.006278402603049084,0.0,0.0,-0.05235987755982988,0.0,0.0,0.5880097360885658,sine,2,0.2,0.5,28,56,15.99000597000122,0.0
1779527537.1933582,0.0,0.0,-0.05235987755982988,0.0,0.0,0.5880097360885658,0.0,1.2672,0.7127999999999999,0.0,0.0,1.3632055818812552e-05,0.0,0.0,-0.047123889803846894,0.0,0.0,0.5942430548456884,sine,2,0.2,0.5,28,56,16.0000216960907,0.0
1779527537.2034564,0.0,0.0,-0.047123889803846894,0.0,0.0,0.5942430548456884,0.0,1.3464,0.1584,0.0,0.0,0.00629023118154055,0.0,0.0,-0.04014257279586959,0.0,0.0,0.5963208277647293,sine,2,0.2,0.5,28,56,16.01001286506653,0.0
1779527537.2133498,0.0,0.0,-0.04014257279586959,0.0,0.0,0.5963208277647293,0.0,1.3464,0.792,0.0,0.0,0.012627761538876287,0.0,0.0,-0.03490658503988659,0.0,0.0020777729190408684,0.6067096923599336,sine,2,0.2,0.5,28,56,16.020111083984375,0.0
1779527537.2234807,0.0,0.0,-0.03490658503988659,0.0,0.0020777729190408684,0.6067096923599336,0.0,1.3860000000000001,0.0396,0.0,0.0,0.01882447838690466,0.0,0.0,-0.03490658503988659,0.0,0.0020777729190408684,0.6067096923599336,sine,2,0.2,0.5,28,56,16.030004501342773,0.0
1779527537.2333486,0.0,0.0,-0.03490658503988659,0.0,0.0020777729190408684,0.6067096923599336,0.0,1.3860000000000001,0.0396,0.0,0.0,0.025151037716180054,0.0,0.0,-0.022689280275926284,0.0,0.0020777729190408684,0.6150207840360971,sine,2,0.2,0.5,28,56,16.040135383605957,0.0
1779527537.2434416,0.0,0.0,-0.022689280275926284,0.0,0.0020777729190408684,0.6150207840360971,0.0,1.2276,0.0,0.0,0.0,0.03128893483353758,0.0,0.0,-0.015707963267948967,0.0,-0.0020777729190408684,0.6129430111170562,sine,2,0.2,0.5,28,56,16.05000329017639,0.0
1779527537.2540007,0.0,0.0,-0.015707963267948967,0.0,-0.0020777729190408684,0.6129430111170562,0.0,1.3464,0.8712,0.0,0.0,0.03753567424085277,0.0,0.0,-0.010471975511965978,0.0,0.0,0.6129430111170562,sine,2,0.2,0.5,28,56,16.060096263885498,0.0
1779527537.2634192,0.0,0.0,-0.010471975511965978,0.0,0.0,0.6129430111170562,0.0,1.3464,0.0396,0.0,0.0,0.04403040485463017,0.0,0.0,-0.003490658503988659,0.0,0.0,0.6129430111170562,sine,2,0.2,0.5,28,56,16.070655345916748,0.0
1779527537.2733662,0.0,0.0,-0.003490658503988659,0.0,0.0,0.6129430111170562,0.0,1.2672,0.9504,0.0,0.0,0.049782909572633725,0.0,0.0,0.0,0.0020777729190408684,0.0,0.6191763298741788,sine,2,0.2,0.5,28,56,16.080073833465576,0.0
1779527537.2834804,0.0,0.0,0.0,0.0020777729190408684,0.0,0.6191763298741788,-0.0792,1.3860000000000001,-0.0792,0.0,0.0,0.055810828512981504,0.0,0.0,0.006981317007977318,-0.0020777729190408684,0.0,0.59839860068377,sine,2,0.2,0.5,28,56,16.090020895004272,0.0
1779527537.2934427,0.0,0.0,0.006981317007977318,-0.0020777729190408684,0.0,0.59839860068377,0.0396,1.4652,0.6732,0.0,0.0,0.06188411734144825,0.0,0.0,0.012217304763960306,0.0,0.0,0.5672320068981571,sine,2,0.2,0.5,28,56,16.10013508796692,0.0
1779527537.3033595,0.0,0.0,0.012217304763960306,0.0,0.0,0.5672320068981571,0.0,1.2672,0.7524000000000001,0.0,0.0,0.06780516601248002,0.0,0.0,0.019198621771937627,0.0,0.0,0.6067096923599336,sine,2,0.2,0.5,28,56,16.110097408294678,0.0
1779527537.313348,0.0,0.0,0.019198621771937627,0.0,0.0,0.6067096923599336,0.0,1.3464,1.0692,0.0,0.0,0.07363320059575391,0.0,0.0,0.024434609527920613,0.0,0.0,0.6067096923599336,sine,2,0.2,0.5,28,56,16.120014190673828,0.0
1779527537.3234787,0.0,0.0,0.024434609527920613,0.0,0.0,0.6067096923599336,0.0,1.3464,0.4356,0.0,0.0,0.07943115641993942,0.0,0.0,0.031415926535897934,0.0,0.0,0.6129430111170562,sine,2,0.2,0.5,28,56,16.130002737045288,0.0
1779527537.3333805,0.0,0.0,0.031415926535897934,0.0,0.0,0.6129430111170562,0.0,1.3068,1.0296,0.0,0.0,0.08523168048548109,0.0,0.0,0.03665191429188092,0.0,0.0,0.6129430111170562,sine,2,0.2,0.5,28,56,16.140133380889893,0.0
1779527537.3433883,0.0,0.0,0.03665191429188092,0.0,0.0,0.6129430111170562,0.0,1.2276,0.35639999999999994,0.0,0.0,0.090817773651091,0.0,0.0,0.04363323129985824,0.0,0.0,0.6108652381980153,sine,2,0.2,0.5,28,56,16.15003514289856,0.0
1779527537.353346,0.0,0.0,0.04363323129985824,0.0,0.0,0.6108652381980153,0.0,1.2276,0.9504,0.0,0.0,0.09637441037619324,0.0,0.0,0.048869219055841226,0.0,0.0,0.6067096923599336,sine,2,0.2,0.5,28,56,16.160043001174927,0.0
1779527537.3633478,0.0,0.0,0.048869219055841226,0.0,0.0,0.6067096923599336,0.0,1.1880000000000002,0.35639999999999994,0.0,0.0,0.10180871123579012,0.0,0.0,0.05585053606381855,-0.0020777729190408684,0.0,0.59839860068377,sine,2,0.2,0.5,28,56,16.170000791549683,0.0
1779527537.3741062,0.0,0.0,0.05585053606381855,-0.0020777729190408684,0.0,0.59839860068377,0.0,1.3464,0.8316,0.0,0.0,0.10716665923474694,0.0,0.0,0.061086523819801536,0.0,0.0,0.5921652819266475,sine,2,0.2,0.5,28,56,16.180002450942993,0.0
1779527537.3833477,0.0,0.0,0.061086523819801536,0.0,0.0,0.5921652819266475,0.0,1.3860000000000001,0.5148,0.0,0.0,0.11281174547969858,0.0,0.0,0.06806784082777886,0.0,0.0,0.5880097360885658,sine,2,0.2,0.5,28,56,16.190760850906372,0.0
1779527537.3933468,0.0,0.0,0.06806784082777886,0.0,0.0,0.5880097360885658,0.0,1.4255999999999998,0.7127999999999999,0.0,0.0,0.11755828662386958,0.0,0.0,0.07330382858376185,0.0,0.0,0.5817764173314431,sine,2,0.2,0.5,28,56,16.200002431869507,0.0
1779527537.4033456,0.0,0.0,0.07330382858376185,0.0,0.0,0.5817764173314431,0.0,1.3464,0.35639999999999994,0.0,0.0,0.12258213987273457,0.0,0.0,0.07853981633974483,0.0,0.0,0.5817764173314431,sine,2,0.2,0.5,28,56,16.210001468658447,0.0
1779527537.413348,0.0,0.0,0.07853981633974483,0.0,0.0,0.5817764173314431,0.0,1.3464,0.5148,0.0,0.0,0.12748492722574875,0.0,0.0,0.08552113334772216,0.0,0.0,0.5734653256552796,sine,2,0.2,0.5,28,56,16.22000026702881,0.0
1779527537.4233608,0.0,0.0,0.08552113334772216,0.0,0.0,0.5734653256552796,0.0,1.2672,0.35639999999999994,0.0,0.0,0.13226361810589227,0.0,0.0,0.09075712110370514,0.0,0.0,0.5609986881410345,sine,2,0.2,0.5,28,56,16.230002641677856,0.0
1779527537.433455,0.0,0.0,0.09075712110370514,0.0,0.0,0.5609986881410345,0.0,1.3464,0.198,0.0,0.0,0.13691652349207092,0.0,0.0,0.09599310885968812,0.0,0.0020777729190408684,0.5506098235458301,sine,2,0.2,0.5,28,56,16.240015506744385,0.0
1779527537.4433389,0.0,0.0,0.09599310885968812,0.0,0.0020777729190408684,0.5506098235458301,0.0,1.4255999999999998,0.7127999999999999,0.0,0.0,0.14147007407063292,0.0,0.0,0.10122909661567113,0.0,0.0,0.5402209589506258,sine,2,0.2,0.5,28,56,16.250109672546387,0.0
1779527537.4534752,0.0,0.0,0.10122909661567113,0.0,0.0,0.5402209589506258,0.0,1.3068,0.0,0.0,0.0,0.14579095258131122,0.0,0.0,0.10646508437165411,0.0,0.0,0.5215210026792579,sine,2,0.2,0.5,28,56,16.25999355316162,0.0
1779527537.4633605,0.0,0.0,0.10646508437165411,0.0,0.0,0.5215210026792579,0.0396,1.3068,0.8316,0.0,0.0,0.15007618467852107,0.0,0.0,0.1117010721276371,0.0,0.0,0.5069765922459719,sine,2,0.2,0.5,28,56,16.270129919052124,0.0
1779527537.4733458,0.0,0.0,0.1117010721276371,0.0,0.0,0.5069765922459719,0.0,1.1483999999999999,0.5544000000000001,0.0,0.0,0.1541087481461726,0.0,0.0,0.11693705988362009,-0.0020777729190408684,0.0,0.504898819326931,sine,2,0.2,0.5,28,56,16.280015230178833,0.0
1779527537.4834795,0.0,0.0,0.11693705988362009,-0.0020777729190408684,0.0,0.504898819326931,0.0,1.3860000000000001,0.7127999999999999,0.0,0.0,0.15803117141495482,0.0,0.0,0.12217304763960307,0.0,0.0,0.5028210464078902,sine,2,0.2,0.5,28,56,16.290000438690186,0.0
1779527537.4934535,0.0,0.0,0.12217304763960307,0.0,0.0,0.5028210464078902,0.0396,1.3860000000000001,0.3168,0.0,0.0,0.1618529400971566,0.0,0.0,0.12566370614359174,0.0,0.0,0.48204331721748145,sine,2,0.2,0.5,28,56,16.30013418197632,0.0
1779527537.5034585,0.0,0.0,0.12566370614359174,0.0,0.0,0.48204331721748145,0.0,1.4255999999999998,0.0792,0.0,0.0,0.16545431265015687,0.0,0.0,0.1308996938995747,0.0,0.0,0.46334336094611367,sine,2,0.2,0.5,28,56,16.310108184814453,0.0
1779527537.513344,0.0,0.0,0.1308996938995747,0.0,0.0,0.46334336094611367,0.0396,1.2276,1.0692,0.0,0.0,0.16890367942062817,0.0,0.0,0.13613568165555773,0.0,0.0,0.45711004218899104,sine,2,0.2,0.5,28,56,16.32011318206787,0.0
1779527537.5233507,0.0,0.0,0.13613568165555773,0.0,0.0,0.45711004218899104,0.0,1.3068,0.1584,0.0,0.0,0.1721479997183788,0.0,0.0,0.13962634015954636,0.0,0.0,0.44464340467474583,sine,2,0.2,0.5,28,56,16.32999873161316,0.0
1779527537.5334868,0.0,0.0,0.13962634015954636,0.0,0.0,0.44464340467474583,0.0,1.2276,0.27720000000000006,0.0,0.0,0.17526296986833229,0.0,0.0,0.14486232791552936,0.0,0.0,0.4342545400795415,sine,2,0.2,0.5,28,56,16.34000539779663,0.0
1779527537.543347,0.0,0.0,0.14486232791552936,0.0,0.0,0.4342545400795415,0.0,1.3068,0.6732,0.0,0.0,0.17824165739668743,0.0,0.0,0.14835298641951802,0.0,0.0,0.40932126505105104,sine,2,0.2,0.5,28,56,16.350141525268555,0.0
1779527537.5533528,0.0,0.0,0.14835298641951802,0.0,0.0,0.40932126505105104,0.0,1.3860000000000001,0.3168,0.0,0.0,0.18096582890707189,0.0,0.0,0.1518436449235067,0.0,0.0,0.40516571921296934,sine,2,0.2,0.5,28,56,16.36000156402588,0.0
1779527537.5634549,0.0,0.0,0.1518436449235067,0.0,0.0,0.40516571921296934,0.0396,1.3860000000000001,0.2376,0.0,0.0,0.1835528003324407,0.0,0.0,0.15707963267948966,0.0,0.0,0.3885435358606424,sine,2,0.2,0.5,28,56,16.370007514953613,0.0
1779527537.5733535,0.0,0.0,0.15707963267948966,0.0,0.0,0.3885435358606424,0.0,1.3860000000000001,0.7127999999999999,0.0,0.0,0.18598062469127172,0.0,0.0,0.16057029118347835,0.0,0.0,0.3615324879131111,sine,2,0.2,0.5,28,56,16.380109548568726,0.0
1779527537.583483,0.0,0.0,0.16057029118347835,0.0,0.0,0.3615324879131111,0.0,1.3068,0.4752,0.0,0.0,0.1881779013479018,0.0,0.0,0.16406094968746698,-0.0020777729190408684,-0.0020777729190408684,0.36984357958927455,sine,2,0.2,0.5,28,56,16.390008211135864,0.0
1779527537.5933719,0.0,0.0,0.16406094968746698,-0.0020777729190408684,-0.0020777729190408684,0.36984357958927455,0.0,1.3464,-0.27720000000000006,0.0,0.0,0.19023801424789089,0.0,0.0,0.16755160819145565,0.0,0.0,0.3262103482894163,sine,2,0.2,0.5,28,56,16.400137662887573,0.0
1779527537.6033459,0.0,0.0,0.16755160819145565,0.0,0.0,0.3262103482894163,0.0,1.2672,1.1088000000000002,0.0,0.0,0.19206339060837035,0.0,0.0,0.1710422666954443,0.0,0.0,0.3345214399655798,sine,2,0.2,0.5,28,56,16.41002655029297,0.0
1779527537.613348,0.0,0.0,0.1710422666954443,0.0,0.0,0.3345214399655798,0.0,1.3860000000000001,0.2376,0.0,0.0,0.19371671865574433,0.0,0.0,0.17278759594743864,0.0,0.0,0.2950437545038033,sine,2,0.2,0.5,28,56,16.420000553131104,0.0
1779527537.6233478,0.0,0.0,0.17278759594743864,0.0,0.0,0.2950437545038033,0.0,1.3860000000000001,0.396,0.0,0.0,0.1951837209939339,0.0,0.0,0.1762782544514273,0.0,0.0,0.2971215274228442,sine,2,0.2,0.5,28,56,16.430002689361572,0.0
1779527537.6333613,0.0,0.0,0.1762782544514273,0.0,0.0,0.2971215274228442,0.0,1.5048000000000001,-0.0792,0.0,0.0,0.19645773757929558,0.0,0.0,0.17802358370342164,0.0,0.0,0.26595493363723116,sine,2,0.2,0.5,28,56,16.44000244140625,0.0
1779527537.6433496,0.0,0.0,0.17802358370342164,0.0,0.0,0.26595493363723116,-0.0396,1.4255999999999998,1.0296,0.0,0.0,0.19753924265527953,0.0,0.0,0.18151424220741028,-0.0020777729190408684,0.0,0.2638771607181903,sine,2,0.2,0.5,28,56,16.450016021728516,0.0
1779527537.653349,0.0,0.0,0.18151424220741028,-0.0020777729190408684,0.0,0.2638771607181903,0.0,1.5048000000000001,0.5544000000000001,0.0,0.0,0.19842328120345634,0.0,0.0,0.1832595714594046,0.0,0.0020777729190408684,0.23478833985161812,sine,2,0.2,0.5,28,56,16.460004329681396,0.0
1779527537.663346,0.0,0.0,0.1832595714594046,0.0,0.0020777729190408684,0.23478833985161812,0.0,1.3860000000000001,0.5148,0.0,0.0,0.19911260606491843,0.0,0.0,0.18500490071139894,0.0020777729190408684,0.0,0.22024392941833204,sine,2,0.2,0.5,28,56,16.470003604888916,0.0
1779527537.6733794,0.0,0.0,0.18500490071139894,0.0020777729190408684,0.0,0.22024392941833204,0.0,1.4255999999999998,-0.0396,0.0,0.0,0.1996053746562079,0.0,0.0,0.18849555921538758,0.0,0.0,0.20569951898504596,sine,2,0.2,0.5,28,56,16.480000734329224,0.0
1779527537.683375,0.0,0.0,0.18849555921538758,0.0,0.0,0.20569951898504596,0.0396,1.5048000000000001,-0.198,0.0,0.0,0.19990198398911455,0.0,0.0,0.19024088846738194,0.0,0.0,0.17453292519943295,sine,2,0.2,0.5,28,56,16.490034103393555,0.0
1779527537.6933792,0.0,0.0,0.19024088846738194,0.0,0.0,0.17453292519943295,0.0,1.3464,0.396,0.0,0.0,0.1999999991373725,0.0,0.0,0.19024088846738194,0.0,0.0,0.15998851476614687,sine,2,0.2,0.5,28,56,16.50002956390381,0.0
1779527537.7034602,0.0,0.0,0.19024088846738194,0.0,0.0,0.15998851476614687,0.0,1.3068,0.7127999999999999,0.0,0.0,0.19990064296167243,0.0,0.0,0.19198621771937624,0.0,0.0,0.14544410433286079,sine,2,0.2,0.5,28,56,16.51003384590149,0.0
1779527537.7133298,0.0,0.0,0.19198621771937624,0.0,0.0,0.14544410433286079,-0.0396,1.3068,0.8316,0.0,0.0,0.19960079964775643,0.0,0.0,0.1937315469713706,0.0,0.0,0.1308996938995747,sine,2,0.2,0.5,28,56,16.52011489868164,0.0
1779527537.7233484,0.0,0.0,0.1937315469713706,0.0,0.0,0.1308996938995747,0.0,1.4652,0.5148,0.0,0.0,0.19911331072533023,0.0,0.0,0.1954768762233649,0.0,0.0,0.10388864595204342,sine,2,0.2,0.5,28,56,16.52998447418213,0.0
1779527537.7333457,0.0,0.0,0.1954768762233649,0.0,0.0,0.10388864595204342,0.0,1.4255999999999998,0.5148,0.0,0.0,0.19842269917924288,0.0,0.0,0.1954768762233649,0.0,0.0,0.07479982508547126,sine,2,0.2,0.5,28,56,16.540003061294556,0.0
1779527537.743348,0.0,0.0,0.1954768762233649,0.0,0.0,0.07479982508547126,0.0,1.4652,0.792,0.0,0.0,0.1975376259370674,0.0,0.0,0.1954768762233649,0.0020777729190408684,-0.0020777729190408684,0.06233318757122605,sine,2,0.2,0.5,28,56,16.550000429153442,0.0
1779527537.7534037,0.0,0.0,0.1954768762233649,0.0020777729190408684,-0.0020777729190408684,0.06233318757122605,0.0,1.4652,0.5940000000000001,0.0,0.0,0.19645714810349224,0.0,0.0,0.19722220547535924,0.0,0.0,0.035322139623694765,sine,2,0.2,0.5,28,56,16.56000256538391,0.0
1779527537.763348,0.0,0.0,0.19722220547535924,0.0,0.0,0.035322139623694765,0.0,1.5048000000000001,0.8712,0.0,0.0,0.19517535203348624,0.0,0.0,0.19722220547535924,0.0,-0.0020777729190408684,0.035322139623694765,sine,2,0.2,0.5,28,56,16.570058345794678,0.0
1779527537.7734673,0.0,0.0,0.19722220547535924,0.0,-0.0020777729190408684,0.035322139623694765,0.0,1.4255999999999998,0.198,0.0,0.0,0.1937161970864046,0.0,0.0,0.19722220547535924,0.0,0.0,0.01246663751424521,sine,2,0.2,0.5,28,56,16.580002784729004,0.0
1779527537.7833781,0.0,0.0,0.19722220547535924,0.0,0.0,0.01246663751424521,0.0,1.3464,0.35639999999999994,0.0,0.0,0.1920373397287462,0.0,0.0,0.19722220547535924,0.0,0.0,-0.0020777729190408684,sine,2,0.2,0.5,28,56,16.59012198448181,0.0
1779527537.7938402,0.0,0.0,0.19722220547535924,0.0,0.0,-0.0020777729190408684,0.0,1.4652,0.0,0.0,0.0,0.19020493252264992,0.0,0.0,0.19722220547535924,0.0,0.0,-0.020777729190408684,sine,2,0.2,0.5,28,56,16.600032806396484,0.0
1779527537.803347,0.0,0.0,0.19722220547535924,0.0,0.0,-0.020777729190408684,0.0,1.3068,0.198,0.0,0.0,0.18807060444207466,0.0,0.0,0.1954768762233649,0.0,0.0,-0.05194432297602171,sine,2,0.2,0.5,28,56,16.61049485206604,0.0
1779527537.8133483,0.0,0.0,0.1954768762233649,0.0,0.0,-0.05194432297602171,0.0,1.3860000000000001,-0.1584,0.0,0.0,0.18595488247608205,0.0,0.0,0.1954768762233649,0.0,-0.0020777729190408684,-0.05194432297602171,sine,2,0.2,0.5,28,56,16.620001792907715,0.0
1779527537.823369,0.0,0.0,0.1954768762233649,0.0,-0.0020777729190408684,-0.05194432297602171,0.0,1.4255999999999998,0.3168,0.0,0.0,0.18355018264527298,0.0,0.0,0.1937315469713706,0.0,0.0,-0.07687759800451213,sine,2,0.2,0.5,28,56,16.630002975463867,0.0
1779527537.8333466,0.0,0.0,0.1937315469713706,0.0,0.0,-0.07687759800451213,0.0,1.3860000000000001,0.1584,0.0,0.0,0.18095906741620754,0.0,0.0,0.1937315469713706,0.0,0.0,-0.10388864595204342,sine,2,0.2,0.5,28,56,16.640023708343506,0.0
1779527537.8433516,0.0,0.0,0.1937315469713706,0.0,0.0,-0.10388864595204342,0.0,1.5048000000000001,0.1188,0.0,0.0,0.1782009375873287,0.0,0.0,0.19198621771937624,0.0,0.0,-0.12258860222341124,sine,2,0.2,0.5,28,56,16.650001287460327,0.0
1779527537.853349,0.0,0.0,0.19198621771937624,0.0,0.0,-0.12258860222341124,-0.0396,1.3464,0.2376,0.0,0.0,0.17525943362468963,0.0,0.0,0.19024088846738194,0.0,0.0,-0.15375519600902426,sine,2,0.2,0.5,28,56,16.660006284713745,0.0
1779527537.863455,0.0,0.0,0.19024088846738194,0.0,0.0,-0.15375519600902426,0.0,1.3464,0.0,0.0,0.0,0.17214723715006086,0.0,0.0,0.18849555921538758,0.0020777729190408684,0.0,-0.16622183352326947,sine,2,0.2,0.5,28,56,16.670003652572632,0.0
1779527537.8734798,0.0,0.0,0.18849555921538758,0.0020777729190408684,0.0,-0.16622183352326947,-0.0792,1.3068,0.4752,0.0,0.0,0.16882862914485774,0.0,0.0,0.1867502299633933,0.0020777729190408684,0.0,-0.17868847103751467,sine,2,0.2,0.5,28,56,16.68010973930359,0.0
1779527537.883365,0.0,0.0,0.1867502299633933,0.0020777729190408684,0.0,-0.17868847103751467,0.0,1.3464,0.8316,0.0,0.0,0.16536859013338406,0.0,0.0,0.18500490071139894,0.0,0.0,-0.20569951898504596,sine,2,0.2,0.5,28,56,16.690134525299072,0.0
1779527537.8933456,0.0,0.0,0.18500490071139894,0.0,0.0,-0.20569951898504596,-0.0396,1.2672,0.5544000000000001,0.0,0.0,0.16179616070351474,0.0,0.0,0.1832595714594046,0.0,-0.0020777729190408684,-0.22232170233737292,sine,2,0.2,0.5,28,56,16.700019598007202,0.0
1779527537.9034798,0.0,0.0,0.1832595714594046,0.0,-0.0020777729190408684,-0.22232170233737292,0.0,1.3068,0.0792,0.0,0.0,0.1580308959694472,0.0,0.0,0.17976891295541597,0.0,0.0,-0.236866112770659,sine,2,0.2,0.5,28,56,16.71000027656555,0.0
1779527537.913498,0.0,0.0,0.17976891295541597,0.0,0.0,-0.236866112770659,0.0,1.4255999999999998,0.0792,0.0,0.0,0.15404876816307314,0.0,0.0,0.17802358370342164,0.0,0.0,-0.2617993877991494,sine,2,0.2,0.5,28,56,16.720134496688843,0.0
1779527537.9233718,0.0,0.0,0.17802358370342164,0.0,0.0,-0.2617993877991494,0.0,1.2672,0.0792,0.0,0.0,0.1499587862807389,0.0,0.0,0.17453292519943295,0.0,0.0,-0.26803270655627204,sine,2,0.2,0.5,28,56,16.73015260696411,0.0
1779527537.9333448,0.0,0.0,0.17453292519943295,0.0,0.0,-0.26803270655627204,0.0,1.3860000000000001,0.7127999999999999,0.0,0.0,0.1457823381521753,0.0,0.0,0.1710422666954443,0.0,0.0,-0.2971215274228442,sine,2,0.2,0.5,28,56,16.740026473999023,0.0
1779527537.943347,0.0,0.0,0.1710422666954443,0.0,0.0,-0.2971215274228442,-0.0396,1.3068,0.198,0.0,0.0,0.14142156809031856,0.0,0.0,0.16929693744344998,0.0,0.0,-0.3012770732609259,sine,2,0.2,0.5,28,56,16.749999523162842,0.0
1779527537.9533467,0.0,0.0,0.16929693744344998,0.0,0.0,-0.3012770732609259,-0.0396,1.4652,0.1584,0.0,0.0,0.1369086611410915,0.0,0.0,0.1658062789394613,0.0,0.0,-0.33036589412749806,sine,2,0.2,0.5,28,56,16.76000165939331,0.0
1779527537.9641478,0.0,0.0,0.1658062789394613,0.0,0.0,-0.33036589412749806,-0.0396,1.3464,0.0,0.0,0.0,0.1322617078404475,0.0,0.0,0.16231562043547265,0.0,0.0,-0.3262103482894163,sine,2,0.2,0.5,28,56,16.77000141143799,0.0
1779527537.973347,0.0,0.0,0.16231562043547265,0.0,0.0,-0.3262103482894163,0.0,1.4255999999999998,1.0692,0.0,0.0,0.12709588635402166,0.0,0.0,0.158824961931484,0.0,0.0,-0.37192135250831543,sine,2,0.2,0.5,28,56,16.780802488327026,0.0
1779527537.9833453,0.0,0.0,0.158824961931484,0.0,0.0,-0.37192135250831543,0.0,1.3068,-0.1584,0.0,0.0,0.12258060109568154,0.0,0.0,0.15533430342749532,0.0,0.0,-0.35529916915598847,sine,2,0.2,0.5,28,56,16.79000163078308,0.0
1779527537.9933462,0.0,0.0,0.15533430342749532,0.0,0.0,-0.35529916915598847,0.0,1.4652,0.5940000000000001,0.0,0.0,0.1175570746970972,0.0,0.0,0.15009831567151233,0.0,0.0,-0.39685462753680584,sine,2,0.2,0.5,28,56,16.799999952316284,0.0
1779527538.0033436,0.0,0.0,0.15009831567151233,0.0,0.0,-0.39685462753680584,0.0,1.5048000000000001,0.4356,0.0,0.0,0.11241620970975906,0.0,0.0,0.1466076571675237,0.0,0.0,-0.3989324004558467,sine,2,0.2,0.5,28,56,16.810000896453857,0.0
1779527538.0133557,0.0,0.0,0.1466076571675237,0.0,0.0,-0.3989324004558467,0.0,1.2672,0.5148,0.0,0.0,0.10716627978824014,0.0,0.0,0.14311699866353503,-0.0020777729190408684,0.0,-0.4134768108891328,sine,2,0.2,0.5,28,56,16.819998264312744,0.0
1779527538.023368,0.0,0.0,0.14311699866353503,-0.0020777729190408684,0.0,-0.4134768108891328,0.0,1.4652,0.35639999999999994,0.0,0.0,0.10180265092757168,0.0,0.0,0.13788101090755203,0.0,0.0,-0.4363323129985824,sine,2,0.2,0.5,28,56,16.830010414123535,0.0
1779527538.0333457,0.0,0.0,0.13788101090755203,0.0,0.0,-0.4363323129985824,0.0,1.5048000000000001,0.5148,0.0,0.0,0.09633831088222629,0.0,0.0,0.13264502315156904,0.0,0.0,-0.44256563175570496,sine,2,0.2,0.5,28,56,16.840022563934326,0.0
1779527538.0433724,0.0,0.0,0.13264502315156904,0.0,0.0,-0.44256563175570496,0.0,1.3068,0.27720000000000006,0.0,0.0,0.0907978863873932,0.0,0.0,0.12915436464758037,0.0,0.0,-0.45503226926995016,sine,2,0.2,0.5,28,56,16.850000381469727,0.0
1779527538.0533476,0.0,0.0,0.12915436464758037,0.0,0.0,-0.45503226926995016,0.0396,1.3860000000000001,0.1584,0.0,0.0,0.0851404654425393,0.0,0.0,0.1239183768915974,-0.0020777729190408684,0.0,-0.4612655880270728,sine,2,0.2,0.5,28,56,16.860027074813843,0.0
1779527538.0633485,0.0,0.0,0.1239183768915974,-0.0020777729190408684,0.0,-0.4612655880270728,0.0,1.4652,0.99,0.0,0.0,0.07942826929417358,0.0,0.0,0.11868238913561442,0.0,0.0,-0.49035440889364496,sine,2,0.2,0.5,28,56,16.870002269744873,0.0
1779527538.0734577,0.0,0.0,0.11868238913561442,0.0,0.0,-0.49035440889364496,0.0,1.5048000000000001,-0.0396,0.0,0.0,0.07362303299657144,0.0,0.0,0.11344640137963143,0.0020777729190408684,0.0,-0.5028210464078902,sine,2,0.2,0.5,28,56,16.880003213882446,0.0
1779527538.0840833,0.0,0.0,0.11344640137963143,0.0020777729190408684,0.0,-0.5028210464078902,0.0396,1.4652,0.27720000000000006,0.0,0.0,0.06768113196900173,0.0,0.0,0.10995574287564278,0.0,0.0,-0.5028210464078902,sine,2,0.2,0.5,28,56,16.89011240005493,0.0
1779527538.0933852,0.0,0.0,0.10995574287564278,0.0,0.0,-0.5028210464078902,0.0,1.4255999999999998,0.6336,0.0,0.0,0.06136222861288224,0.0,0.0,0.10471975511965977,0.0,0.0,-0.5152876839221353,sine,2,0.2,0.5,28,56,16.90073800086975,0.0
1779527538.1034865,0.0,0.0,0.10471975511965977,0.0,0.0,-0.5152876839221353,0.0,1.3464,0.35639999999999994,0.0,0.0,0.05577414524795136,0.0,0.0,0.09773843811168245,0.0,0.0,-0.5256765485173397,sine,2,0.2,0.5,28,56,16.9100399017334,0.0
1779527538.1133695,0.0,0.0,0.09773843811168245,0.0,0.0,-0.5256765485173397,0.0,1.2672,1.1880000000000002,0.0,0.0,0.04965202899346322,0.0,0.0,0.09250245035569947,0.0,0.0,-0.5402209589506258,sine,2,0.2,0.5,28,56,16.920141220092773,0.0
1779527538.1234844,0.0,0.0,0.09250245035569947,0.0,0.0,-0.5402209589506258,0.0,1.3860000000000001,0.0792,0.0,0.0,0.04361384151663618,0.0,0.0,0.08726646259971647,0.0,0.0,-0.5506098235458301,sine,2,0.2,0.5,28,56,16.93002414703369,0.0
1779527538.133354,0.0,0.0,0.08726646259971647,0.0,0.0,-0.5506098235458301,0.0,1.4255999999999998,0.792,0.0,0.0,0.03739043593264501,0.0,0.0,0.08203047484373349,0.0,0.0,-0.5568431423029527,sine,2,0.2,0.5,28,56,16.940139055252075,0.0
1779527538.1433487,0.0,0.0,0.08203047484373349,0.0,0.0,-0.5568431423029527,0.0,1.4652,0.0,0.0,0.0,0.03128153689920445,0.0,0.0,0.07679448708775051,-0.0020777729190408684,0.0,-0.5713875527362388,sine,2,0.2,0.5,28,56,16.950008630752563,0.0
1779527538.1533537,0.0,0.0,0.07679448708775051,-0.0020777729190408684,0.0,-0.5713875527362388,-0.0792,1.4255999999999998,0.396,0.0,0.0,0.025064542230001,0.0,0.0,0.06981317007977318,0.0,0.0,-0.5734653256552796,sine,2,0.2,0.5,28,56,16.96000337600708,0.0
1779527538.1633477,0.0,0.0,0.06981317007977318,0.0,0.0,-0.5734653256552796,0.0,1.5048000000000001,0.1188,0.0,0.0,0.018816424931294786,0.0,0.0,0.06457718232379019,0.0,0.0,-0.5776208714933614,sine,2,0.2,0.5,28,56,16.970008373260498,0.0
1779527538.173368,0.0,0.0,0.06457718232379019,0.0,0.0,-0.5776208714933614,-0.0792,1.3464,0.35639999999999994,0.0,0.0,0.01255659687283178,0.0,0.0,0.05934119456780721,0.0,0.0,-0.5817764173314431,sine,2,0.2,0.5,28,56,16.980002403259277,0.0
1779527538.1833465,0.0,0.0,0.05934119456780721,0.0,0.0,-0.5817764173314431,0.0,1.3860000000000001,0.4752,0.0,0.0,0.006267921565761602,0.0,0.0,0.05235987755982988,0.0,0.0,-0.5880097360885658,sine,2,0.2,0.5,28,56,16.990022659301758,0.0
1779527538.1933484,0.0,0.0,0.05235987755982988,0.0,0.0,-0.5880097360885658,-0.0396,1.5048000000000001,0.4356,0.0,0.0,-7.490140564041306e-07,0.0,0.0,0.047123889803846894,0.0,0.0,-0.5942430548456884,sine,2,0.2,0.5,28,56,17.000001192092896,0.0
1779527538.2033489,0.0,0.0,0.047123889803846894,0.0,0.0,-0.5942430548456884,-0.0396,1.3464,0.5148,0.0,0.0,-0.006284092301778466,0.0,0.0,0.04014257279586959,0.0,-0.0020777729190408684,-0.6025541465218518,sine,2,0.2,0.5,28,56,17.010003089904785,0.0
1779527538.2133608,0.0,0.0,0.04014257279586959,0.0,-0.0020777729190408684,-0.6025541465218518,0.0,1.3860000000000001,0.3168,0.0,0.0,-0.0125603345526459,0.0,0.0,0.03490658503988659,0.0,0.0,-0.6046319194408927,sine,2,0.2,0.5,28,56,17.0200035572052,0.0
1779527538.223349,0.0,0.0,0.03490658503988659,0.0,0.0,-0.6046319194408927,-0.0396,1.2672,0.5148,0.0,0.0,-0.01883133871369005,0.0,0.0,0.027925268031909273,0.0,0.0,-0.6046319194408927,sine,2,0.2,0.5,28,56,17.030015468597412,0.0
1779527538.2333446,0.0,0.0,0.027925268031909273,0.0,0.0,-0.6046319194408927,-0.0396,1.3464,0.5940000000000001,0.0,0.0,-0.02506900087678787,0.0,0.0,0.022689280275926284,0.0,0.0,-0.6067096923599336,sine,2,0.2,0.5,28,56,17.040003776550293,0.0
1779527538.2433603,0.0,0.0,0.022689280275926284,0.0,0.0,-0.6067096923599336,0.0,1.4255999999999998,0.5544000000000001,0.0,0.0,-0.03128641954078783,0.0,0.0,0.015707963267948967,0.0,0.0,-0.6108652381980153,sine,2,0.2,0.5,28,56,17.049999237060547,0.0
1779527538.2533457,0.0,0.0,0.015707963267948967,0.0,0.0,-0.6108652381980153,0.0,1.4652,0.5544000000000001,0.0,0.0,-0.0374854979715566,0.0,0.0,0.010471975511965978,0.0,0.0,-0.6170985569551379,sine,2,0.2,0.5,28,56,17.060014963150024,0.0
1779527538.2633476,0.0,0.0,0.010471975511965978,0.0,0.0,-0.6170985569551379,0.0,1.4652,0.4356,0.0,0.0,-0.04362889973480002,0.0,0.0,0.003490658503988659,0.0,0.0,-0.6150207840360971,sine,2,0.2,0.5,28,56,17.070000410079956,0.0
1779527538.2733462,0.0,0.0,0.003490658503988659,0.0,0.0,-0.6150207840360971,0.0,1.2672,0.4752,0.0,0.0,-0.0497393819655946,0.0,0.0,0.0,0.0,0.0,-0.6150207840360971,sine,2,0.2,0.5,28,56,17.080002307891846,0.0
1779527538.2833457,0.0,0.0,0.0,0.0,0.0,-0.6150207840360971,-0.0396,1.3068,0.5544000000000001,0.0,0.0,-0.05579874483872325,0.0,0.0,-0.006981317007977318,0.0,0.0,-0.6150207840360971,sine,2,0.2,0.5,28,56,17.090000867843628,0.0
1779527538.293448,0.0,0.0,-0.006981317007977318,0.0,0.0,-0.6150207840360971,0.0,1.5048000000000001,0.4752,0.0,0.0,-0.06180362682844909,0.0,0.0,-0.012217304763960306,0.0,0.0,-0.6129430111170562,sine,2,0.2,0.5,28,56,17.100000381469727,0.0
1779527538.3033748,0.0,0.0,-0.012217304763960306,0.0,0.0,-0.6129430111170562,0.0,1.3860000000000001,0.6732,0.0,0.0,-0.0678082664863566,0.0,0.0,-0.019198621771937627,0.0,0.0020777729190408684,-0.6087874652789744,sine,2,0.2,0.5,28,56,17.110102653503418,0.0
1779527538.3133466,0.0,0.0,-0.019198621771937627,0.0,0.0020777729190408684,-0.6087874652789744,0.0,1.4652,0.6336,0.0,0.0,-0.07364211447421118,0.0,0.0,-0.024434609527920613,0.0,0.0,-0.6067096923599336,sine,2,0.2,0.5,28,56,17.12002944946289,0.0
1779527538.323348,0.0,0.0,-0.024434609527920613,0.0,0.0,-0.6067096923599336,-0.0396,1.4255999999999998,0.6732,0.0,0.0,-0.07943033152886843,0.0,0.0,-0.031415926535897934,0.0,0.0,-0.6087874652789744,sine,2,0.2,0.5,28,56,17.130001306533813,0.0
1779527538.3333867,0.0,0.0,-0.031415926535897934,0.0,0.0,-0.6087874652789744,-0.0396,1.4652,0.198,0.0,0.0,-0.085157408951966,0.0,0.0,-0.038397243543875255,0.004155545838081737,0.0,-0.6067096923599336,sine,2,0.2,0.5,28,56,17.140002727508545,0.0
1779527538.343377,0.0,0.0,-0.038397243543875255,0.004155545838081737,0.0,-0.6067096923599336,-0.0396,1.4255999999999998,0.6732,0.0,0.0,-0.09082124379596437,0.0,0.0,-0.04363323129985824,0.0,0.0,-0.6067096923599336,sine,2,0.2,0.5,28,56,17.150041341781616,0.0
1779527538.3533466,0.0,0.0,-0.04363323129985824,0.0,0.0,-0.6067096923599336,0.0,1.5048000000000001,0.0792,0.0,0.0,-0.0963682409341514,0.0,0.0,-0.048869219055841226,0.0,0.0,-0.5963208277647293,sine,2,0.2,0.5,28,56,17.16003179550171,0.0
1779527538.3633447,0.0,0.0,-0.048869219055841226,0.0,0.0,-0.5963208277647293,0.0,1.3860000000000001,0.792,0.0,0.0,-0.10180896911844678,0.0,0.0,-0.05585053606381855,0.0,0.0,-0.5921652819266475,sine,2,0.2,0.5,28,56,17.17000126838684,0.0
1779527538.3733432,0.0,0.0,-0.05585053606381855,0.0,0.0,-0.5921652819266475,-0.0792,1.4255999999999998,0.27720000000000006,0.0,0.0,-0.10716501496264069,0.0,0.0,-0.061086523819801536,0.0,0.0020777729190408684,-0.5880097360885658,sine,2,0.2,0.5,28,56,17.179999351501465,0.0
1779527538.3834124,0.0,0.0,-0.061086523819801536,0.0,0.0020777729190408684,-0.5880097360885658,0.0,1.2276,0.9504,0.0,0.0,-0.1124155902128075,0.0,0.0,-0.06806784082777886,0.0,0.0,-0.5900875090076066,sine,2,0.2,0.5,28,56,17.189997911453247,0.0
1779527538.3933494,0.0,0.0,-0.06806784082777886,0.0,0.0,-0.5900875090076066,0.0,1.4255999999999998,0.1584,0.0,0.0,-0.1175911273279817,0.0,0.0,-0.07330382858376185,-0.0020777729190408684,-0.0020777729190408684,-0.5796986444124023,sine,2,0.2,0.5,28,56,17.200067043304443,0.0
1779527538.4033437,0.0,0.0,-0.07330382858376185,-0.0020777729190408684,-0.0020777729190408684,-0.5796986444124023,0.0396,1.3068,0.792,0.0,0.0,-0.12258344190577822,0.0,0.0,-0.07853981633974483,0.0,-0.0020777729190408684,-0.5734653256552796,sine,2,0.2,0.5,28,56,17.210004091262817,0.0
1779527538.4133544,0.0,0.0,-0.07853981633974483,0.0,-0.0020777729190408684,-0.5734653256552796,-0.0396,1.3068,0.0,0.0,0.0,-0.12748400382370148,0.0,0.0,-0.08552113334772216,0.0,0.0,-0.5651542339791162,sine,2,0.2,0.5,28,56,17.219998359680176,0.0
1779527538.423389,0.0,0.0,-0.08552113334772216,0.0,0.0,-0.5651542339791162,0.0,1.3068,0.6732,0.0,0.0,-0.13226665201281623,0.0,0.0,-0.09075712110370514,0.0,0.0,-0.5609986881410345,sine,2,0.2,0.5,28,56,17.230009078979492,0.0
1779527538.4334044,0.0,0.0,-0.09075712110370514,0.0,0.0,-0.5609986881410345,0.0,1.2672,0.0792,0.0,0.0,-0.13692940815064739,0.0,0.0,-0.09599310885968812,0.0,0.0,-0.5485320506267892,sine,2,0.2,0.5,28,56,17.24004364013672,0.0
1779527538.4433484,0.0,0.0,-0.09599310885968812,0.0,0.0,-0.5485320506267892,-0.0396,1.3464,0.2376,0.0,0.0,-0.141447623590042,0.0,0.0,-0.10122909661567113,0.0,0.0,-0.5339876401935032,sine,2,0.2,0.5,28,56,17.250059127807617,0.0
1779527538.4533696,0.0,0.0,-0.10122909661567113,0.0,0.0,-0.5339876401935032,-0.0396,1.4652,0.5544000000000001,0.0,0.0,-0.14579505448758176,0.0,0.0,-0.10646508437165411,0.0,0.0,-0.5173654568411762,sine,2,0.2,0.5,28,56,17.260003089904785,0.0
1779527538.4633849,0.0,0.0,-0.10646508437165411,0.0,0.0,-0.5173654568411762,-0.0396,1.2672,0.5148,0.0,0.0,-0.15003231033403966,0.0,0.0,-0.1117010721276371,0.0,0.0,-0.5111321380840537,sine,2,0.2,0.5,28,56,17.270024299621582,0.0
1779527538.4733467,0.0,0.0,-0.1117010721276371,0.0,0.0,-0.5111321380840537,0.0,1.4652,1.0296,0.0,0.0,-0.15411848689945298,0.0,0.0,-0.11693705988362009,0.0,0.0,-0.5111321380840537,sine,2,0.2,0.5,28,56,17.2800395488739,0.0
1779527538.4833455,0.0,0.0,-0.11693705988362009,0.0,0.0,-0.5111321380840537,-0.0396,1.3860000000000001,-0.2376,0.0,0.0,-0.15803153867439204,0.0,0.0,-0.12217304763960307,0.0,0.0,-0.49450995473172665,sine,2,0.2,0.5,28,56,17.290001392364502,0.0
1779527538.493347,0.0,0.0,-0.12217304763960307,0.0,0.0,-0.49450995473172665,0.0,1.3860000000000001,0.5148,0.0,0.0,-0.16180346931646647,0.0,0.0,-0.12566370614359174,0.0,0.0,-0.48204331721748145,sine,2,0.2,0.5,28,56,17.300000190734863,0.0
1779527538.503368,0.0,0.0,-0.12566370614359174,0.0,0.0,-0.48204331721748145,0.0,1.3860000000000001,0.35639999999999994,0.0,0.0,-0.165416684056082,0.0,0.0,-0.1308996938995747,0.0,0.0,-0.4654211338651545,sine,2,0.2,0.5,28,56,17.310001611709595,0.0
1779527538.5133495,0.0,0.0,-0.1308996938995747,0.0,0.0,-0.4654211338651545,0.0,1.3068,0.35639999999999994,0.0,0.0,-0.16887318769449533,0.0,0.0,-0.13613568165555773,-0.0020777729190408684,0.0,-0.45087672343186846,sine,2,0.2,0.5,28,56,17.320022583007812,0.0
1779527538.523346,0.0,0.0,-0.13613568165555773,-0.0020777729190408684,0.0,-0.45087672343186846,0.0,1.4652,0.8712,0.0,0.0,-0.1721497535888596,0.0,0.0,-0.13962634015954636,0.0,0.0,-0.45087672343186846,sine,2,0.2,0.5,28,56,17.33000421524048,0.0
1779527538.5333455,0.0,0.0,-0.13962634015954636,0.0,0.0,-0.45087672343186846,-0.0396,1.5048000000000001,0.0,0.0,0.0,-0.17526152653209473,0.0,0.0,-0.14486232791552936,0.0,0.0,-0.43009899424145975,sine,2,0.2,0.5,28,56,17.34000062942505,0.0
1779527538.5433433,0.0,0.0,-0.14486232791552936,0.0,0.0,-0.43009899424145975,-0.0792,1.3860000000000001,0.35639999999999994,0.0,0.0,-0.1782013456430874,0.0,0.0,-0.14835298641951802,0.0,0.0,-0.4072434921320102,sine,2,0.2,0.5,28,56,17.350000143051147,0.0
1779527538.5534236,0.0,0.0,-0.14835298641951802,0.0,0.0,-0.4072434921320102,0.0,1.3860000000000001,0.8712,0.0,0.0,-0.1809648721616175,0.0,0.0,-0.1518436449235067,0.0,0.0,-0.4113990379700919,sine,2,0.2,0.5,28,56,17.359997987747192,0.0
1779527538.5633469,0.0,0.0,-0.1518436449235067,0.0,0.0,-0.4113990379700919,0.0,1.5048000000000001,-0.1188,0.0,0.0,-0.18357046450607528,0.0,0.0,-0.15707963267948966,0.0,0.0,-0.38023244418447893,sine,2,0.2,0.5,28,56,17.370078325271606,0.0
1779527538.5733438,0.0,0.0,-0.15707963267948966,0.0,0.0,-0.38023244418447893,0.0,1.4652,0.5544000000000001,0.0,0.0,-0.185955654522142,0.0,0.0,-0.16057029118347835,0.0,-0.0020777729190408684,-0.37192135250831543,sine,2,0.2,0.5,28,56,17.380001544952393,0.0
1779527538.5833473,0.0,0.0,-0.16057029118347835,0.0,-0.0020777729190408684,-0.37192135250831543,-0.0396,1.4255999999999998,0.5940000000000001,0.0,0.0,-0.18817582090863677,0.0,0.0,-0.16406094968746698,0.0,0.0020777729190408684,-0.35737694207502935,sine,2,0.2,0.5,28,56,17.38999843597412,0.0
1779527538.5934052,0.0,0.0,-0.16406094968746698,0.0,0.0020777729190408684,-0.35737694207502935,0.0,1.2276,0.198,0.0,0.0,-0.19021169210482763,0.0,0.0,-0.16755160819145565,0.0,0.0,-0.3345214399655798,sine,2,0.2,0.5,28,56,17.400002002716064,0.0
1779527538.6033444,0.0,0.0,-0.16755160819145565,0.0,0.0,-0.3345214399655798,0.0,1.3860000000000001,0.396,0.0,0.0,-0.19206923898380118,0.0,0.0,-0.1710422666954443,0.0,0.0,-0.33036589412749806,sine,2,0.2,0.5,28,56,17.410059928894043,0.0
1779527538.6133757,0.0,0.0,-0.1710422666954443,0.0,0.0,-0.33036589412749806,0.0,1.3860000000000001,0.27720000000000006,0.0,0.0,-0.19371649512863542,0.0,0.0,-0.17278759594743864,0.0,0.0,-0.299199300341885,sine,2,0.2,0.5,28,56,17.41999912261963,0.0
1779527538.6233664,0.0,0.0,-0.17278759594743864,0.0,0.0,-0.299199300341885,0.0,1.2672,0.9107999999999999,0.0,0.0,-0.19518751081653196,0.0,0.0,-0.1762782544514273,0.0,0.0,-0.2971215274228442,sine,2,0.2,0.5,28,56,17.430030345916748,0.0
1779527538.6333778,0.0,0.0,-0.1762782544514273,0.0,0.0,-0.2971215274228442,0.0,1.4652,0.0,0.0,0.0,-0.19645992663530298,0.0,0.0,-0.17802358370342164,0.0,0.0,-0.25972161488010853,sine,2,0.2,0.5,28,56,17.44002103805542,0.0
1779527538.6433506,0.0,0.0,-0.17802358370342164,0.0,0.0,-0.25972161488010853,-0.0396,1.4255999999999998,0.2376,0.0,0.0,-0.19754085884585929,0.0,0.0,-0.18151424220741028,0.0,0.0,-0.25972161488010853,sine,2,0.2,0.5,28,56,17.450032472610474,0.0
1779527538.653373,0.0,0.0,-0.18151424220741028,0.0,0.0,-0.25972161488010853,0.0,1.5048000000000001,0.0,0.0,0.0,-0.19842335629556251,0.0,0.0,-0.1832595714594046,0.0,0.0,-0.23271056693257725,sine,2,0.2,0.5,28,56,17.460005283355713,0.0
1779527538.6634445,0.0,0.0,-0.1832595714594046,0.0,0.0,-0.23271056693257725,0.0,1.4652,0.6732,0.0,0.0,-0.1991140291912487,0.0,0.0,-0.18500490071139894,0.0,0.0,-0.2098550648231277,sine,2,0.2,0.5,28,56,17.470027685165405,0.0
1779527538.6733792,0.0,0.0,-0.18500490071139894,0.0,0.0,-0.2098550648231277,-0.0396,1.4255999999999998,0.8316,0.0,0.0,-0.19960924972237581,0.0,0.0,-0.18849555921538758,0.0,0.0,-0.20777729190408684,sine,2,0.2,0.5,28,56,17.480099201202393,0.0
1779527538.6833484,0.0,0.0,-0.18849555921538758,0.0,0.0,-0.20777729190408684,0.0,1.4652,0.198,0.0,0.0,-0.19990197929968026,0.0,0.0,-0.19024088846738194,0.0,0.0,-0.18076624395655555,sine,2,0.2,0.5,28,56,17.490033864974976,0.0
1779527538.693343,0.0,0.0,-0.19024088846738194,0.0,0.0,-0.18076624395655555,-0.0396,1.5444,0.1188,0.0,0.0,-0.19999999999051873,0.0,0.0,-0.19024088846738194,0.0,0.0,-0.15375519600902426,sine,2,0.2,0.5,28,56,17.50000309944153,0.0
1779527538.7033489,0.0,0.0,-0.19024088846738194,0.0,0.0,-0.15375519600902426,0.0,1.4255999999999998,0.2376,0.0,0.0,-0.1999013593099109,0.0,0.0,-0.19198621771937624,-0.0020777729190408684,0.0,-0.14128855849477906,sine,2,0.2,0.5,28,56,17.509997606277466,0.0
1779527538.7135096,0.0,0.0,-0.19198621771937624,-0.0020777729190408684,0.0,-0.14128855849477906,0.0,1.4652,0.3168,0.0,0.0,-0.19960520533274076,0.0,0.0,-0.1937315469713706,0.0,0.0,-0.12674414806149298,sine,2,0.2,0.5,28,56,17.5200035572052,0.0
1779527538.7234504,0.0,0.0,-0.1937315469713706,0.0,0.0,-0.12674414806149298,-0.0396,1.3464,0.2376,0.0,0.0,-0.1991026547989645,0.0,0.0,-0.1954768762233649,0.0,0.0,-0.11012196470916602,sine,2,0.2,0.5,28,56,17.53016424179077,0.0
1779527538.733348,0.0,0.0,-0.1954768762233649,0.0,0.0,-0.11012196470916602,0.0,1.3068,0.2376,0.0,0.0,-0.19841465255576854,0.0,0.0,-0.1954768762233649,0.0,0.0,-0.07687759800451213,sine,2,0.2,0.5,28,56,17.54010510444641,0.0
1779527538.7434287,0.0,0.0,-0.1954768762233649,0.0,0.0,-0.07687759800451213,-0.0396,1.3860000000000001,0.6732,0.0,0.0,-0.1975374150218799,0.0,0.0,-0.1954768762233649,0.0020777729190408684,0.0,-0.07272205216643039,sine,2,0.2,0.5,28,56,17.550002574920654,0.0
1779527538.7534595,0.0,0.0,-0.1954768762233649,0.0020777729190408684,0.0,-0.07272205216643039,-0.0396,1.4255999999999998,0.35639999999999994,0.0,0.0,-0.19644762555447592,0.0,0.0,-0.19722220547535924,-0.0020777729190408684,0.0,-0.035322139623694765,sine,2,0.2,0.5,28,56,17.560083389282227,0.0
1779527538.763429,0.0,0.0,-0.19722220547535924,-0.0020777729190408684,0.0,-0.035322139623694765,-0.0396,1.3860000000000001,0.9107999999999999,0.0,0.0,-0.19516769600306752,0.0,0.0,-0.19722220547535924,0.0,0.0,-0.02701104794753129,sine,2,0.2,0.5,28,56,17.570114135742188,0.0
1779527538.7734468,0.0,0.0,-0.19722220547535924,0.0,0.0,-0.02701104794753129,0.0,1.3860000000000001,0.6336,0.0,0.0,-0.19370356115487103,0.0,0.0,-0.19722220547535924,0.0,-0.0020777729190408684,-0.01246663751424521,sine,2,0.2,0.5,28,56,17.58008360862732,0.0
1779527538.783464,0.0,0.0,-0.19722220547535924,0.0,-0.0020777729190408684,-0.01246663751424521,0.0,1.4255999999999998,0.5148,0.0,0.0,-0.19204093832521726,0.0,0.0,-0.19722220547535924,0.0,0.0,0.0020777729190408684,sine,2,0.2,0.5,28,56,17.59010148048401,0.0
1779527538.793456,0.0,0.0,-0.19722220547535924,0.0,0.0,0.0020777729190408684,0.0,1.4652,0.35639999999999994,0.0,0.0,-0.1901882553408441,0.0,0.0,-0.19722220547535924,0.0,-0.0020777729190408684,0.02701104794753129,sine,2,0.2,0.5,28,56,17.60011863708496,0.0
1779527538.8033519,0.0,0.0,-0.19722220547535924,0.0,-0.0020777729190408684,0.02701104794753129,0.0,1.3464,0.4356,0.0,0.0,-0.18815256881655162,0.0,0.0,-0.1954768762233649,0.0,0.0,0.03739991254273563,sine,2,0.2,0.5,28,56,17.610110759735107,0.0
1779527538.8135395,0.0,0.0,-0.1954768762233649,0.0,0.0,0.03739991254273563,0.0,1.4652,0.0792,0.0,0.0,-0.18595377951766845,0.0,0.0,-0.1954768762233649,0.0020777729190408684,0.0,0.05609986881410345,sine,2,0.2,0.5,28,56,17.620006561279297,0.0
1779527538.8234806,0.0,0.0,-0.1954768762233649,0.0020777729190408684,0.0,0.05609986881410345,-0.0792,1.4255999999999998,0.2376,0.0,0.0,-0.18350243441610883,0.0,0.0,-0.1954768762233649,0.0,0.0,0.06856650632834865,sine,2,0.2,0.5,28,56,17.630194187164307,0.0
1779527538.8335044,0.0,0.0,-0.1954768762233649,0.0,0.0,0.06856650632834865,-0.0396,1.4652,0.7524000000000001,0.0,0.0,-0.18092920116070926,0.0,0.0,-0.1937315469713706,0.0,0.0,0.10388864595204342,sine,2,0.2,0.5,28,56,17.640135288238525,0.0
1779527538.843361,0.0,0.0,-0.1937315469713706,0.0,0.0,0.10388864595204342,-0.0396,1.4652,0.6336,0.0,0.0,-0.178155893331938,0.0,0.0,-0.19198621771937624,-0.0020777729190408684,0.0,0.12882192098053383,sine,2,0.2,0.5,28,56,17.650159120559692,0.0
1779527538.8535206,0.0,0.0,-0.19198621771937624,-0.0020777729190408684,0.0,0.12882192098053383,0.0,1.5048000000000001,0.5544000000000001,0.0,0.0,-0.17525661889469676,0.0,0.0,-0.19198621771937624,-0.0020777729190408684,0.0,0.12882192098053383,sine,2,0.2,0.5,28,56,17.66001558303833,0.0
1779527538.8634489,0.0,0.0,-0.19198621771937624,-0.0020777729190408684,0.0,0.12882192098053383,0.0,1.5048000000000001,0.5544000000000001,0.0,0.0,-0.17209230685298751,0.0,0.0,-0.18849555921538758,0.0,0.0,0.15998851476614687,sine,2,0.2,0.5,28,56,17.670175313949585,0.0
1779527538.873384,0.0,0.0,-0.18849555921538758,0.0,0.0,0.15998851476614687,-0.0396,1.3464,0.5148,0.0,0.0,-0.16883071722383414,0.0,0.0,-0.1867502299633933,0.0,0.0,0.17453292519943295,sine,2,0.2,0.5,28,56,17.680103540420532,0.0
1779527538.8833897,0.0,0.0,-0.1867502299633933,0.0,0.0,0.17453292519943295,0.0,1.3068,0.5148,0.0,0.0,-0.16540245275461407,0.0,0.0,-0.18500490071139894,0.0,0.0,0.2098550648231277,sine,2,0.2,0.5,28,56,17.690038681030273,0.0
1779527538.893447,0.0,0.0,-0.18500490071139894,0.0,0.0,0.2098550648231277,0.0,1.3068,-0.27720000000000006,0.0,0.0,-0.16178700204077312,0.0,0.0,-0.1832595714594046,0.0,0.0,0.22232170233737292,sine,2,0.2,0.5,28,56,17.70004439353943,0.0
1779527538.9035027,0.0,0.0,-0.1832595714594046,0.0,0.0,0.22232170233737292,0.0,1.3068,0.1188,0.0,0.0,-0.15799186645951968,0.0,0.0,-0.17976891295541597,0.0,0.0,0.23271056693257725,sine,2,0.2,0.5,28,56,17.71010160446167,0.0
1779527538.9134448,0.0,0.0,-0.17976891295541597,0.0,0.0,0.23271056693257725,0.0,1.4652,0.792,0.0,0.0,-0.1540395962446956,0.0,0.0,-0.17802358370342164,0.0,0.0,0.26595493363723116,sine,2,0.2,0.5,28,56,17.720157384872437,0.0
1779527538.9233732,0.0,0.0,-0.17802358370342164,0.0,0.0,0.26595493363723116,-0.0396,1.3860000000000001,0.35639999999999994,0.0,0.0,-0.14998088800186066,0.0,0.0,-0.17453292519943295,-0.0020777729190408684,0.0,0.26595493363723116,sine,2,0.2,0.5,28,56,17.73009943962097,0.0
1779527538.9333453,0.0,0.0,-0.17453292519943295,-0.0020777729190408684,0.0,0.26595493363723116,0.0,1.4652,0.5148,0.0,0.0,-0.14578172281372542,0.0,0.0,-0.1710422666954443,0.0,0.0020777729190408684,0.2950437545038033,sine,2,0.2,0.5,28,56,17.740027904510498,0.0
1779527538.9433455,0.0,0.0,-0.1710422666954443,0.0,0.0020777729190408684,0.2950437545038033,-0.0396,1.2672,-0.1584,0.0,0.0,-0.14142135623730942,0.0,0.0,-0.16929693744344998,0.0,0.0,0.30543261909900765,sine,2,0.2,0.5,28,56,17.75,0.0
1779527538.9535122,0.0,0.0,-0.16929693744344998,0.0,0.0,0.30543261909900765,0.0,1.3860000000000001,0.5544000000000001,0.0,0.0,-0.1369093163522151,0.0,0.0,-0.1658062789394613,0.0,0.0,0.33036589412749806,sine,2,0.2,0.5,28,56,17.760000228881836,0.0
1779527538.9633448,0.0,0.0,-0.1658062789394613,0.0,0.0,0.33036589412749806,-0.0792,1.4255999999999998,0.4752,0.0,0.0,-0.1321837057595508,0.0,0.0,-0.16231562043547265,0.0,0.0,0.33244366704653894,sine,2,0.2,0.5,28,56,17.770166873931885,0.0
1779527538.973346,0.0,0.0,-0.16231562043547265,0.0,0.0,0.33244366704653894,-0.0396,1.3464,0.5544000000000001,0.0,0.0,-0.12748504265068336,0.0,0.0,-0.158824961931484,0.0,0.0,0.36568803375119285,sine,2,0.2,0.5,28,56,17.779999494552612,0.0
1779527538.9833462,0.0,0.0,-0.158824961931484,0.0,0.0,0.36568803375119285,-0.0396,1.3860000000000001,0.0,0.0,0.0,-0.12258107456678213,0.0,0.0,-0.15533430342749532,0.0,0.0,0.3677658066702337,sine,2,0.2,0.5,28,56,17.790000677108765,0.0
1779527538.9933481,0.0,0.0,-0.15533430342749532,0.0,0.0,0.3677658066702337,-0.1188,1.4652,0.8712,0.0,0.0,-0.11755658992454261,0.0,0.0,-0.15009831567151233,-0.0020777729190408684,0.0020777729190408684,0.3885435358606424,sine,2,0.2,0.5,28,56,17.8000009059906,0.0
1779527539.0033464,0.0,0.0,-0.15009831567151233,-0.0020777729190408684,0.0020777729190408684,0.3885435358606424,0.0,1.3860000000000001,0.4752,0.0,0.0,-0.11241521851388217,0.0,0.0,-0.1466076571675237,0.0,0.0,0.40308794629392847,sine,2,0.2,0.5,28,56,17.81000280380249,0.0
1779527539.0133529,0.0,0.0,-0.1466076571675237,0.0,0.0,0.40308794629392847,-0.0792,1.3464,-0.1188,0.0,0.0,-0.10716476199680103,0.0,0.0,-0.14311699866353503,-0.0020777729190408684,0.0,0.3989324004558467,sine,2,0.2,0.5,28,56,17.820001125335693,0.0
1779527539.0234694,0.0,0.0,-0.14311699866353503,-0.0020777729190408684,0.0,0.3989324004558467,0.0792,1.3860000000000001,0.99,0.0,0.0,-0.10180419825230216,0.0,0.0,-0.13788101090755203,0.0,0.0,0.43217676716050063,sine,2,0.2,0.5,28,56,17.830007553100586,0.0
1779527539.0334706,0.0,0.0,-0.13788101090755203,0.0,0.0,0.43217676716050063,0.0792,1.2672,0.3168,0.0,0.0,-0.09628238141479534,0.0,0.0,-0.1343903524035634,0.0,0.0,0.44464340467474583,sine,2,0.2,0.5,28,56,17.840124130249023,0.0
1779527539.0434568,0.0,0.0,-0.1343903524035634,0.0,0.0,0.44464340467474583,-0.0792,1.3860000000000001,0.0396,0.0,0.0,-0.09072793830519624,0.0,0.0,-0.12915436464758037,0.0,0.0,0.45503226926995016,sine,2,0.2,0.5,28,56,17.850125312805176,0.0
1779527539.0533667,0.0,0.0,-0.12915436464758037,0.0,0.0,0.45503226926995016,-0.0396,1.3068,0.8316,0.0,0.0,-0.0850924773746143,0.0,0.0,-0.1239183768915974,0.0020777729190408684,-0.0020777729190408684,0.46749890678419537,sine,2,0.2,0.5,28,56,17.860111474990845,0.0
1779527539.06337,0.0,0.0,-0.1239183768915974,0.0020777729190408684,-0.0020777729190408684,0.46749890678419537,-0.0396,1.3464,0.4752,0.0,0.0,-0.07941727053980466,0.0,0.0,-0.11868238913561442,0.0,0.0,0.4841210901365223,sine,2,0.2,0.5,28,56,17.8700213432312,0.0
1779527539.073496,0.0,0.0,-0.11868238913561442,0.0,0.0,0.4841210901365223,0.0,1.3860000000000001,0.35639999999999994,0.0,0.0,-0.07361049729735425,0.0,0.0,-0.11344640137963143,0.0,0.0,0.5028210464078902,sine,2,0.2,0.5,28,56,17.880024671554565,0.0
1779527539.083499,0.0,0.0,-0.11344640137963143,0.0,0.0,0.5028210464078902,-0.0396,1.3068,0.4356,0.0,0.0,-0.06765843619341091,0.0,0.0,-0.10995574287564278,0.0,0.0,0.5132099110030945,sine,2,0.2,0.5,28,56,17.890150785446167,0.0
1779527539.0933435,0.0,0.0,-0.10995574287564278,0.0,0.0,0.5132099110030945,-0.0792,1.2276,0.0396,0.0,0.0,-0.061711583405887664,0.0,0.0,-0.10471975511965977,0.0,0.0,0.5152876839221353,sine,2,0.2,0.5,28,56,17.900153636932373,0.0
1779527539.1034606,0.0,0.0,-0.10471975511965977,0.0,0.0,0.5152876839221353,0.0,1.3860000000000001,0.6732,0.0,0.0,-0.055799320256793385,0.0,0.0,-0.0994837673636768,0.0020777729190408684,0.0,0.5194432297602171,sine,2,0.2,0.5,28,56,17.909998178482056,0.0
1779527539.1134272,0.0,0.0,-0.0994837673636768,0.0020777729190408684,0.0,0.5194432297602171,0.0,1.3860000000000001,0.7524000000000001,0.0,0.0,-0.049667846144358714,0.0,0.0,-0.09250245035569947,0.0,0.0,0.5360654131125441,sine,2,0.2,0.5,28,56,17.92011523246765,0.0
1779527539.1234567,0.0,0.0,-0.09250245035569947,0.0,0.0,0.5360654131125441,0.0,1.3860000000000001,0.396,0.0,0.0,-0.04357846099249357,0.0,0.0,-0.08726646259971647,0.0,0.0,0.552687596464871,sine,2,0.2,0.5,28,56,17.930081844329834,0.0
1779527539.1333544,0.0,0.0,-0.08726646259971647,0.0,0.0,0.552687596464871,0.0,1.3860000000000001,0.7127999999999999,0.0,0.0,-0.03740750654176171,0.0,0.0,-0.08203047484373349,0.0,0.0,0.5589209152219936,sine,2,0.2,0.5,28,56,17.9401113986969,0.0
1779527539.143525,0.0,0.0,-0.08203047484373349,0.0,0.0,0.5589209152219936,-0.0792,1.3464,0.2376,0.0,0.0,-0.031281240980917904,0.0,0.0,-0.07679448708775051,0.0,0.0,0.5651542339791162,sine,2,0.2,0.5,28,56,17.95000910758972,0.0
1779527539.153479,0.0,0.0,-0.07679448708775051,0.0,0.0,0.5651542339791162,-0.0396,1.2276,0.6732,0.0,0.0,-0.024954706907476972,0.0,0.0,-0.06981317007977318,0.0,0.0,0.5755430985743205,sine,2,0.2,0.5,28,56,17.960179567337036,0.0
1779527539.163492,0.0,0.0,-0.06981317007977318,0.0,0.0,0.5755430985743205,-0.0396,1.3068,0.0792,0.0,0.0,-0.018737976699852454,0.0,0.0,-0.06457718232379019,0.0,-0.0020777729190408684,0.5796986444124023,sine,2,0.2,0.5,28,56,17.970133781433105,0.0
1779527539.1733549,0.0,0.0,-0.06457718232379019,0.0,-0.0020777729190408684,0.5796986444124023,-0.0792,1.3068,0.6336,0.0,0.0,-0.012466143681866377,0.0,0.0,-0.05934119456780721,0.0020777729190408684,0.0,0.5880097360885658,sine,2,0.2,0.5,28,56,17.980146646499634,0.0
1779527539.1834536,0.0,0.0,-0.05934119456780721,0.0020777729190408684,0.0,0.5880097360885658,-0.0792,1.3860000000000001,0.0792,0.0,0.0,-0.006276156667939451,0.0,0.0,-0.05235987755982988,0.0,0.0,0.5921652819266475,sine,2,0.2,0.5,28,56,17.990009546279907,0.0
1779527539.1934907,0.0,0.0,-0.05235987755982988,0.0,0.0,0.5921652819266475,-0.0396,1.2672,0.6336,0.0,0.0,6.80104750263968e-05,0.0,0.0,-0.047123889803846894,0.0,0.0020777729190408684,0.5942430548456884,sine,2,0.2,0.5,28,56,18.000108242034912,0.0
1779527539.2033575,0.0,0.0,-0.047123889803846894,0.0,0.0020777729190408684,0.5942430548456884,0.0,1.3068,0.198,0.0,0.0,0.006373479792189047,0.0,0.0,-0.04014257279586959,0.0,0.0,0.6025541465218518,sine,2,0.2,0.5,28,56,18.01014542579651,0.0
1779527539.2133696,0.0,0.0,-0.04014257279586959,0.0,0.0,0.6025541465218518,-0.0792,1.2672,0.6732,0.0,0.0,0.01256571680384338,0.0,0.0,-0.03490658503988659,0.0,0.0020777729190408684,0.6025541465218518,sine,2,0.2,0.5,28,56,18.020012140274048,0.0
1779527539.2233768,0.0,0.0,-0.03490658503988659,0.0,0.0020777729190408684,0.6025541465218518,-0.0792,1.2276,0.1584,0.0,0.0,0.018836856786404954,0.0,0.0,-0.027925268031909273,0.0,0.0,0.6108652381980153,sine,2,0.2,0.5,28,56,18.03002429008484,0.0
1779527539.2334836,0.0,0.0,-0.027925268031909273,0.0,0.0,0.6108652381980153,-0.0792,1.2672,0.6732,0.0,0.0,0.025086240858583526,0.0,0.0,-0.022689280275926284,0.0,0.0,0.6150207840360971,sine,2,0.2,0.5,28,56,18.04003143310547,0.0
1779527539.243345,0.0,0.0,-0.022689280275926284,0.0,0.0,0.6150207840360971,-0.0396,1.3464,0.0,0.0,0.0,0.03137267638760649,0.0,0.0,-0.015707963267948967,0.0,0.0,0.6129430111170562,sine,2,0.2,0.5,28,56,18.050138235092163,0.0
1779527539.2533495,0.0,0.0,-0.015707963267948967,0.0,0.0,0.6129430111170562,0.0,1.3068,0.792,0.0,0.0,0.037476080451882804,0.0,0.0,-0.010471975511965978,0.0,0.0,0.6150207840360971,sine,2,0.2,0.5,28,56,18.059999704360962,0.0
1779527539.263382,0.0,0.0,-0.010471975511965978,0.0,0.0,0.6150207840360971,-0.0792,1.3068,0.1188,0.0,0.0,0.043631238852186706,0.0,0.0,-0.003490658503988659,0.0,0.0,0.6150207840360971,sine,2,0.2,0.5,28,56,18.07000422477722,0.0
1779527539.2734447,0.0,0.0,-0.003490658503988659,0.0,0.0,0.6150207840360971,0.0,1.2276,0.9107999999999999,0.0,0.0,0.04976027553053592,0.0,0.0,0.0,0.0,0.0,0.6191763298741788,sine,2,0.2,0.5,28,56,18.080036640167236,0.0
1779527539.283346,0.0,0.0,0.0,0.0,0.0,0.6191763298741788,-0.0396,1.3464,0.1584,0.0,0.0,0.05585815410948284,0.0,0.0,0.006981317007977318,0.0,0.004155545838081737,0.6170985569551379,sine,2,0.2,0.5,28,56,18.090099334716797,0.0
1779527539.2933612,0.0,0.0,0.006981317007977318,0.0,0.004155545838081737,0.6170985569551379,-0.0396,1.4652,0.7524000000000001,0.0,0.0,0.06180376929931535,0.0,0.0,0.012217304763960306,-0.0020777729190408684,0.0,0.6170985569551379,sine,2,0.2,0.5,28,56,18.100000619888306,0.0
1779527539.303347,0.0,0.0,0.012217304763960306,-0.0020777729190408684,0.0,0.6170985569551379,-0.0396,1.2672,0.0792,0.0,0.0,0.06775696536951346,0.0,0.0,0.019198621771937627,0.0,0.0,0.6129430111170562,sine,2,0.2,0.5,28,56,18.110015869140625,0.0
1779527539.3134642,0.0,0.0,0.019198621771937627,0.0,0.0,0.6129430111170562,-0.0396,1.4652,0.8316,0.0,0.0,0.07362595794491543,0.0,0.0,0.02617993877991494,0.0,0.0,0.6108652381980153,sine,2,0.2,0.5,28,56,18.120001792907715,0.0
1779527539.3233542,0.0,0.0,0.02617993877991494,0.0,0.0,0.6108652381980153,-0.0396,1.3464,0.27720000000000006,0.0,0.0,0.07949810472749558,0.0,0.0,0.031415926535897934,0.0,0.0,0.6067096923599336,sine,2,0.2,0.5,28,56,18.13011884689331,0.0
1779527539.3333478,0.0,0.0,0.031415926535897934,0.0,0.0,0.6067096923599336,-0.0396,1.2276,0.99,0.0,0.0,0.08516093310814891,0.0,0.0,0.038397243543875255,0.0,0.0,0.6046319194408927,sine,2,0.2,0.5,28,56,18.1400089263916,0.0
1779527539.3434155,0.0,0.0,0.038397243543875255,0.0,0.0,0.6046319194408927,-0.0396,1.3068,0.35639999999999994,0.0,0.0,0.09079948808808913,0.0,0.0,0.04363323129985824,0.0,0.0,0.6004763736028109,sine,2,0.2,0.5,28,56,18.150002479553223,0.0
1779527539.353346,0.0,0.0,0.04363323129985824,0.0,0.0,0.6004763736028109,0.0,1.3464,0.9504,0.0,0.0,0.09638937405856339,0.0,0.0,0.048869219055841226,0.0,0.0,0.6004763736028109,sine,2,0.2,0.5,28,56,18.160070180892944,0.0
1779527539.363346,0.0,0.0,0.048869219055841226,0.0,0.0,0.6004763736028109,-0.0792,1.3860000000000001,0.4752,0.0,0.0,0.10180871123579008,0.0,0.0,0.05585053606381855,0.0,0.0,0.5900875090076066,sine,2,0.2,0.5,28,56,18.170000791549683,0.0
1779527539.3733702,0.0,0.0,0.05585053606381855,0.0,0.0,0.5900875090076066,-0.0396,1.2276,0.7127999999999999,0.0,0.0,0.10716577385872127,0.0,0.0,0.061086523819801536,0.0,0.0,0.5880097360885658,sine,2,0.2,0.5,28,56,18.18000078201294,0.0
1779527539.3833675,0.0,0.0,0.061086523819801536,0.0,0.0,0.5880097360885658,-0.0396,1.2672,0.6732,0.0,0.0,0.1124295904590241,0.0,0.0,0.06806784082777886,0.0,0.0,0.5796986444124023,sine,2,0.2,0.5,28,56,18.190024852752686,0.0
1779527539.3933482,0.0,0.0,0.06806784082777886,0.0,0.0,0.5796986444124023,-0.0396,1.2276,0.7524000000000001,0.0,0.0,0.11756834536152605,0.0,0.0,0.07330382858376185,0.0,0.0,0.5755430985743205,sine,2,0.2,0.5,28,56,18.200022220611572,0.0
1779527539.403344,0.0,0.0,0.07330382858376185,0.0,0.0,0.5755430985743205,-0.0792,1.2672,0.6732,0.0,0.0,0.1225828500736078,0.0,0.0,0.07853981633974483,0.0,0.0,0.5755430985743205,sine,2,0.2,0.5,28,56,18.210002899169922,0.0
1779527539.413356,0.0,0.0,0.07853981633974483,0.0,0.0,0.5755430985743205,-0.0396,1.2672,0.27720000000000006,0.0,0.0,0.12748411924920708,0.0,0.0,0.08552113334772216,0.0,0.0,0.5651542339791162,sine,2,0.2,0.5,28,56,18.219998598098755,0.0
1779527539.4233508,0.0,0.0,0.08552113334772216,0.0,0.0,0.5651542339791162,-0.0792,1.2672,0.6732,0.0,0.0,0.1322674385724478,0.0,0.0,0.09075712110370514,-0.0020777729190408684,0.0,0.5568431423029527,sine,2,0.2,0.5,28,56,18.230010747909546,0.0
1779527539.4333494,0.0,0.0,0.09075712110370514,-0.0020777729190408684,0.0,0.5568431423029527,0.0396,1.3860000000000001,0.0,0.0,0.0,0.13691193716905634,0.0,0.0,0.09599310885968812,0.0,0.0,0.5443765047887075,sine,2,0.2,0.5,28,56,18.240005493164062,0.0
1779527539.4433482,0.0,0.0,0.09599310885968812,0.0,0.0,0.5443765047887075,-0.0792,1.4652,0.6732,0.0,0.0,0.14142315697776822,0.0,0.0,0.10122909661567113,0.0,0.0,0.5422987318696666,sine,2,0.2,0.5,28,56,18.250004053115845,0.0
1779527539.4533455,0.0,0.0,0.10122909661567113,0.0,0.0,0.5422987318696666,-0.0396,1.3068,0.0396,0.0,0.0,0.1457949519415205,0.0,0.0,0.10646508437165411,0.0,0.0,0.5215210026792579,sine,2,0.2,0.5,28,56,18.260002851486206,0.0
1779527539.4633634,0.0,0.0,0.10646508437165411,0.0,0.0,0.5215210026792579,-0.0396,1.2276,0.6732,0.0,0.0,0.15002230506712205,0.0,0.0,0.1117010721276371,0.0,0.0020777729190408684,0.5028210464078902,sine,2,0.2,0.5,28,56,18.270000219345093,0.0
1779527539.4733453,0.0,0.0,0.1117010721276371,0.0,0.0020777729190408684,0.5028210464078902,-0.0792,1.3068,0.8712,0.0,0.0,0.15410989392854146,0.0,0.0,0.11693705988362009,0.0,0.0,0.5069765922459719,sine,2,0.2,0.5,28,56,18.280018091201782,0.0
1779527539.4834433,0.0,0.0,0.11693705988362009,0.0,0.0,0.5069765922459719,-0.0792,1.4255999999999998,0.4356,0.0,0.0,0.15803098778470442,0.0,0.0,0.12217304763960307,0.0,0.0,0.5028210464078902,sine,2,0.2,0.5,28,56,18.289999961853027,0.0
1779527539.4934535,0.0,0.0,0.12217304763960307,0.0,0.0,0.5028210464078902,-0.1188,1.4255999999999998,0.396,0.0,0.0,0.16183956292858975,0.0,0.0,0.12566370614359174,0.0,0.0,0.48204331721748145,sine,2,0.2,0.5,28,56,18.300097942352295,0.0
1779527539.5033915,0.0,0.0,0.12566370614359174,0.0,0.0,0.48204331721748145,0.0396,1.4652,0.0792,0.0,0.0,0.16545431265015684,0.0,0.0,0.1308996938995747,0.0,0.0,0.46334336094611367,sine,2,0.2,0.5,28,56,18.310108184814453,0.0
1779527539.5134623,0.0,0.0,0.1308996938995747,0.0,0.0,0.46334336094611367,-0.0396,1.5048000000000001,0.8712,0.0,0.0,0.16888113290947487,0.0,0.0,0.13613568165555773,0.0,0.0,0.45711004218899104,sine,2,0.2,0.5,28,56,18.320046186447144,0.0
1779527539.523356,0.0,0.0,0.13613568165555773,0.0,0.0,0.45711004218899104,0.0396,1.4652,0.5940000000000001,0.0,0.0,0.172185810986623,0.0,0.0,0.13962634015954636,0.0,0.0,0.4467211775937867,sine,2,0.2,0.5,28,56,18.330116987228394,0.0
1779527539.5333493,0.0,0.0,0.13962634015954636,0.0,0.0,0.4467211775937867,-0.0792,1.3860000000000001,0.1188,0.0,0.0,0.1752645574927677,0.0,0.0,0.14486232791552936,0.0020777729190408684,0.0,0.4342545400795415,sine,2,0.2,0.5,28,56,18.34001064300537,0.0
1779527539.5434904,0.0,0.0,0.14486232791552936,0.0020777729190408684,0.0,0.4342545400795415,-0.0792,1.3860000000000001,0.5544000000000001,0.0,0.0,0.1782024337741812,0.0,0.0,0.14835298641951802,0.0,0.0,0.4072434921320102,sine,2,0.2,0.5,28,56,18.350003957748413,0.0
1779527539.5534909,0.0,0.0,0.14835298641951802,0.0,0.0,0.4072434921320102,-0.0396,1.3464,0.5544000000000001,0.0,0.0,0.18100420743494783,0.0,0.0,0.1518436449235067,0.0,-0.0020777729190408684,0.4072434921320102,sine,2,0.2,0.5,28,56,18.360145092010498,0.0
1779527539.5634754,0.0,0.0,0.1518436449235067,0.0,-0.0020777729190408684,0.4072434921320102,-0.0792,1.4652,0.1188,0.0,0.0,0.18358722814197925,0.0,0.0,0.15707963267948966,0.0,0.0,0.39062130877968326,sine,2,0.2,0.5,28,56,18.370145559310913,0.0
1779527539.5733454,0.0,0.0,0.15707963267948966,0.0,0.0,0.39062130877968326,-0.0396,1.3860000000000001,0.5940000000000001,0.0,0.0,0.18598536274669877,0.0,0.0,0.16057029118347835,0.0,0.0,0.3615324879131111,sine,2,0.2,0.5,28,56,18.38013005256653,0.0
1779527539.5834625,0.0,0.0,0.16057029118347835,0.0,0.0,0.3615324879131111,-0.0396,1.4255999999999998,0.9107999999999999,0.0,0.0,0.18817617611814738,0.0,0.0,0.16406094968746698,0.0,0.0,0.37192135250831543,sine,2,0.2,0.5,28,56,18.390000104904175,0.0
1779527539.5933268,0.0,0.0,0.16406094968746698,0.0,0.0,0.37192135250831543,-0.0792,1.3860000000000001,-0.198,0.0,0.0,0.1902340380737101,0.0,0.0,0.16755160819145565,0.0,0.0,0.3262103482894163,sine,2,0.2,0.5,28,56,18.40011715888977,0.0
1779527539.6033187,0.0,0.0,0.16755160819145565,0.0,0.0,0.3262103482894163,-0.0396,1.4652,0.8712,0.0,0.0,0.19205549195149327,0.0,0.0,0.1710422666954443,0.0,0.0,0.3345214399655798,sine,2,0.2,0.5,28,56,18.40998148918152,0.0
1779527539.613475,0.0,0.0,0.1710422666954443,0.0,0.0,0.3345214399655798,-0.0792,1.2672,0.3168,0.0,0.0,0.19371247097165067,0.0,0.0,0.17278759594743864,0.0,0.0,0.2950437545038033,sine,2,0.2,0.5,28,56,18.419973373413086,0.0
1779527539.6234622,0.0,0.0,0.17278759594743864,0.0,0.0,0.2950437545038033,-0.0396,1.3068,0.5940000000000001,0.0,0.0,0.19520112240586085,0.0,0.0,0.1762782544514273,0.0,0.0,0.2950437545038033,sine,2,0.2,0.5,28,56,18.430129766464233,0.0
1779527539.6334338,0.0,0.0,0.1762782544514273,0.0,0.0,0.2950437545038033,-0.0396,1.5048000000000001,-0.0396,0.0,0.0,0.1964711980591563,0.0,0.0,0.17802358370342164,0.0,0.0020777729190408684,0.26595493363723116,sine,2,0.2,0.5,28,56,18.44011688232422,0.0
1779527539.6434271,0.0,0.0,0.17802358370342164,0.0,0.0020777729190408684,0.26595493363723116,-0.0396,1.3860000000000001,0.7127999999999999,0.0,0.0,0.19754635930436432,0.0,0.0,0.18151424220741028,0.0,0.0,0.25972161488010853,sine,2,0.2,0.5,28,56,18.450088500976562,0.0
1779527539.6533475,0.0,0.0,0.18151424220741028,0.0,0.0,0.25972161488010853,0.0396,1.2672,0.4752,0.0,0.0,0.19842937663029844,0.0,0.0,0.1832595714594046,0.0,0.0,0.22855502109449552,sine,2,0.2,0.5,28,56,18.460081815719604,0.0
1779527539.6634667,0.0,0.0,0.1832595714594046,0.0,0.0,0.22855502109449552,-0.0396,1.4255999999999998,0.6732,0.0,0.0,0.19911252148690234,0.0,0.0,0.18500490071139894,0.0,0.0,0.21608838358025032,sine,2,0.2,0.5,28,56,18.47000217437744,0.0
1779527539.673354,0.0,0.0,0.18500490071139894,0.0,0.0,0.21608838358025032,-0.0792,1.4652,0.35639999999999994,0.0,0.0,0.19961011968108178,0.0,0.0,0.18849555921538758,0.0020777729190408684,0.0,0.20569951898504596,sine,2,0.2,0.5,28,56,18.48012137413025,0.0
1779527539.6833606,0.0,0.0,0.18849555921538758,0.0020777729190408684,0.0,0.20569951898504596,0.0,1.3068,-0.0396,0.0,0.0,0.1999014815836495,0.0,0.0,0.19024088846738194,-0.0020777729190408684,0.0020777729190408684,0.17453292519943295,sine,2,0.2,0.5,28,56,18.49000859260559,0.0
1779527539.6935441,0.0,0.0,0.19024088846738194,-0.0020777729190408684,0.0020777729190408684,0.17453292519943295,0.0396,1.5048000000000001,0.3168,0.0,0.0,0.19999999977020538,0.0,0.0,0.19024088846738194,0.0,0.0,0.157910741847106,sine,2,0.2,0.5,28,56,18.500015258789062,0.0
1779527539.7033575,0.0,0.0,0.19024088846738194,0.0,0.0,0.157910741847106,0.0,1.4652,0.4752,0.0,0.0,0.19989734894209718,0.0,0.0,0.19198621771937624,0.0,0.0,0.14752187725190166,sine,2,0.2,0.5,28,56,18.510198831558228,0.0
1779527539.7133627,0.0,0.0,0.19198621771937624,0.0,0.0,0.14752187725190166,0.0,1.4255999999999998,0.5148,0.0,0.0,0.199604866576959,0.0,0.0,0.1937315469713706,0.0,-0.0020777729190408684,0.1308996938995747,sine,2,0.2,0.5,28,56,18.520012140274048,0.0
1779527539.7233565,0.0,0.0,0.1937315469713706,0.0,-0.0020777729190408684,0.1308996938995747,0.0,1.5048000000000001,0.35639999999999994,0.0,0.0,0.19911136518431236,0.0,0.0,0.1954768762233649,0.0,0.0,0.10388864595204342,sine,2,0.2,0.5,28,56,18.530017375946045,0.0
1779527539.7334557,0.0,0.0,0.1954768762233649,0.0,0.0,0.10388864595204342,0.0,1.5048000000000001,0.4752,0.0,0.0,0.1984220607070975,0.0,0.0,0.1954768762233649,0.0,0.0,0.07479982508547126,sine,2,0.2,0.5,28,56,18.540011167526245,0.0
1779527539.7433455,0.0,0.0,0.1954768762233649,0.0,0.0,0.07479982508547126,-0.0396,1.2672,0.8316,0.0,0.0,0.19752681084647594,0.0,0.0,0.1954768762233649,0.0,0.0,0.06025541465218518,sine,2,0.2,0.5,28,56,18.550110340118408,0.0
1779527539.7533774,0.0,0.0,0.1954768762233649,0.0,0.0,0.06025541465218518,0.0,1.3464,0.7524000000000001,0.0,0.0,0.19645742881231767,0.0,0.0,0.19722220547535924,0.0,0.0,0.033244366704653895,sine,2,0.2,0.5,28,56,18.56000018119812,0.0
1779527539.7634685,0.0,0.0,0.19722220547535924,0.0,0.0,0.033244366704653895,-0.0792,1.4255999999999998,1.1088000000000002,0.0,0.0,0.19517894895046317,0.0,0.0,0.19722220547535924,0.0,0.0,0.03739991254273563,sine,2,0.2,0.5,28,56,18.570032119750977,0.0
1779527539.7733474,0.0,0.0,0.19722220547535924,0.0,0.0,0.03739991254273563,-0.0396,1.3464,0.4752,0.0,0.0,0.19369736909353852,0.0,0.0,0.19722220547535924,0.0,0.0,0.01246663751424521,sine,2,0.2,0.5,28,56,18.58012318611145,0.0
1779527539.7834797,0.0,0.0,0.19722220547535924,0.0,0.0,0.01246663751424521,0.0,1.4652,0.5940000000000001,0.0,0.0,0.19205837603421352,0.0,0.0,0.19722220547535924,0.0,0.0,-0.0020777729190408684,sine,2,0.2,0.5,28,56,18.590002059936523,0.0
1779527539.7933598,0.0,0.0,0.19722220547535924,0.0,0.0,-0.0020777729190408684,0.0,1.3464,0.198,0.0,0.0,0.19018519635749126,0.0,0.0,0.19722220547535924,0.0,0.0,-0.020777729190408684,sine,2,0.2,0.5,28,56,18.60013437271118,0.0
1779527539.8033488,0.0,0.0,0.19722220547535924,0.0,0.0,-0.020777729190408684,0.0,1.3860000000000001,-0.1584,0.0,0.0,0.18817308054710985,0.0,0.0,0.1954768762233649,0.0,0.0,-0.04778877713793997,sine,2,0.2,0.5,28,56,18.61001443862915,0.0
1779527539.8133519,0.0,0.0,0.1954768762233649,0.0,0.0,-0.04778877713793997,-0.0792,1.3068,-0.35639999999999994,0.0,0.0,0.18595449644538387,0.0,0.0,0.1954768762233649,0.0,0.0,-0.05194432297602171,sine,2,0.2,0.5,28,56,18.62000346183777,0.0
1779527539.823472,0.0,0.0,0.1954768762233649,0.0,0.0,-0.05194432297602171,-0.0396,1.4652,0.198,0.0,0.0,0.18354929020635327,0.0,0.0,0.1954768762233649,0.0,0.0,-0.07479982508547126,sine,2,0.2,0.5,28,56,18.630006551742554,0.0
1779527539.833342,0.0,0.0,0.1954768762233649,0.0,0.0,-0.07479982508547126,-0.0396,1.4652,0.198,0.0,0.0,0.1809314993543302,0.0,0.0,0.1937315469713706,0.0,0.0,-0.10181087303300256,sine,2,0.2,0.5,28,56,18.640126705169678,0.0
1779527539.8433497,0.0,0.0,0.1937315469713706,0.0,0.0,-0.10181087303300256,-0.0396,1.4255999999999998,0.198,0.0,0.0,0.17820222975155142,0.0,0.0,0.19198621771937624,0.0,0.0,-0.1184330563853295,sine,2,0.2,0.5,28,56,18.649996757507324,0.0
1779527539.8534992,0.0,0.0,0.19198621771937624,0.0,0.0,-0.1184330563853295,0.0,1.2672,0.396,0.0,0.0,0.1752600109867156,0.0,0.0,0.19024088846738194,0.0,0.0,-0.15375519600902426,sine,2,0.2,0.5,28,56,18.660004377365112,0.0
1779527539.863493,0.0,0.0,0.19024088846738194,0.0,0.0,-0.15375519600902426,-0.0396,1.3860000000000001,0.1584,0.0,0.0,0.17209917587757362,0.0,0.0,0.18849555921538758,0.0,0.0,-0.16829960644231035,sine,2,0.2,0.5,28,56,18.670153856277466,0.0
1779527539.873351,0.0,0.0,0.18849555921538758,0.0,0.0,-0.16829960644231035,-0.0792,1.3068,0.4356,0.0,0.0,0.16881585834579368,0.0,0.0,0.1867502299633933,0.0,0.0,-0.17661069811847382,sine,2,0.2,0.5,28,56,18.680147647857666,0.0
1779527539.8833654,0.0,0.0,0.1867502299633933,0.0,0.0,-0.17661069811847382,0.0,1.4652,0.6336,0.0,0.0,0.16541407377916278,0.0,0.0,0.18500490071139894,0.0,0.0,-0.20154397314696423,sine,2,0.2,0.5,28,56,18.690005779266357,0.0
1779527539.893396,0.0,0.0,0.18500490071139894,0.0,0.0,-0.20154397314696423,0.0396,1.3464,0.2376,0.0,0.0,0.16179598458464373,0.0,0.0,0.1832595714594046,0.0,-0.0020777729190408684,-0.22232170233737292,sine,2,0.2,0.5,28,56,18.70002007484436,0.0
1779527539.903499,0.0,0.0,0.1832595714594046,0.0,-0.0020777729190408684,-0.22232170233737292,-0.0396,1.3860000000000001,0.0,0.0,0.0,0.1580115209670987,0.0,0.0,0.17976891295541597,-0.0020777729190408684,0.0,-0.23478833985161812,sine,2,0.2,0.5,28,56,18.710050582885742,0.0
1779527539.9133735,0.0,0.0,0.17976891295541597,-0.0020777729190408684,0.0,-0.23478833985161812,-0.0396,1.4652,0.35639999999999994,0.0,0.0,0.15404112495306785,0.0,0.0,0.17802358370342164,0.0,0.0,-0.2617993877991494,sine,2,0.2,0.5,28,56,18.72015357017517,0.0
1779527539.9234142,0.0,0.0,0.17802358370342164,0.0,0.0,-0.2617993877991494,-0.0396,1.4255999999999998,0.3168,0.0,0.0,0.1500105155816037,0.0,0.0,0.17453292519943295,0.0,0.0,-0.26803270655627204,sine,2,0.2,0.5,28,56,18.73002815246582,0.0
1779527539.9333851,0.0,0.0,0.17453292519943295,0.0,0.0,-0.26803270655627204,-0.0396,1.5048000000000001,0.5544000000000001,0.0,0.0,0.14576408185955425,0.0,0.0,0.1710422666954443,0.0,0.0,-0.299199300341885,sine,2,0.2,0.5,28,56,18.740068912506104,0.0
1779527539.9433506,0.0,0.0,0.1710422666954443,0.0,0.0,-0.299199300341885,-0.0396,1.3464,0.0396,0.0,0.0,0.14140366539151086,0.0,0.0,0.16929693744344998,0.0,0.0020777729190408684,-0.299199300341885,sine,2,0.2,0.5,28,56,18.75003981590271,0.0
1779527539.9533496,0.0,0.0,0.16929693744344998,0.0,0.0020777729190408684,-0.299199300341885,-0.0396,1.3464,0.3168,0.0,0.0,0.13690702310118547,0.0,0.0,0.1658062789394613,0.0,-0.0020777729190408684,-0.33244366704653894,sine,2,0.2,0.5,28,56,18.760005235671997,0.0
1779527539.9633675,0.0,0.0,0.1658062789394613,0.0,-0.0020777729190408684,-0.33244366704653894,0.0,1.3860000000000001,0.35639999999999994,0.0,0.0,0.13226035940487021,0.0,0.0,0.16231562043547265,0.0020777729190408684,0.0,-0.33036589412749806,sine,2,0.2,0.5,28,56,18.770004272460938,0.0
1779527539.9733446,0.0,0.0,0.16231562043547265,0.0020777729190408684,0.0,-0.33036589412749806,-0.0396,1.4255999999999998,0.8712,0.0,0.0,0.12747407696261143,0.0,0.0,0.158824961931484,0.0,-0.0020777729190408684,-0.36984357958927455,sine,2,0.2,0.5,28,56,18.780022144317627,0.0
1779527539.9834747,0.0,0.0,0.158824961931484,0.0,-0.0020777729190408684,-0.36984357958927455,-0.0396,1.4652,-0.27720000000000006,0.0,0.0,0.12258178477136963,0.0,0.0,0.15533430342749532,0.0,0.0,-0.35529916915598847,sine,2,0.2,0.5,28,56,18.78999924659729,0.0
1779527539.9933498,0.0,0.0,0.15533430342749532,0.0,0.0,-0.35529916915598847,-0.0792,1.3068,1.0692,0.0,0.0,0.11749125717316994,0.0,0.0,0.15009831567151233,0.0,0.0,-0.3989324004558467,sine,2,0.2,0.5,28,56,18.800129413604736,0.0
1779527540.0033424,0.0,0.0,0.15009831567151233,0.0,0.0,-0.3989324004558467,-0.0792,1.5444,0.27720000000000006,0.0,0.0,0.11241435121417875,0.0,0.0,0.1466076571675237,0.0,0.0,-0.3989324004558467,sine,2,0.2,0.5,28,56,18.810004472732544,0.0
1779527540.0133739,0.0,0.0,0.1466076571675237,0.0,0.0,-0.3989324004558467,-0.0396,1.3464,0.3168,0.0,0.0,0.10716691219878437,0.0,0.0,0.14311699866353503,0.0,0.0,-0.4113990379700919,sine,2,0.2,0.5,28,56,18.81999707221985,0.0
1779527540.0233529,0.0,0.0,0.14311699866353503,0.0,0.0,-0.4113990379700919,0.0,1.584,0.5940000000000001,0.0,0.0,0.10179285101329405,0.0,0.0,0.13788101090755203,0.0,0.0020777729190408684,-0.4342545400795415,sine,2,0.2,0.5,28,56,18.830028533935547,0.0
1779527540.033356,0.0,0.0,0.13788101090755203,0.0,0.0020777729190408684,-0.4342545400795415,-0.0396,1.4652,0.4752,0.0,0.0,0.09634658130910422,0.0,0.0,0.1343903524035634,0.0,0.0,-0.44256563175570496,sine,2,0.2,0.5,28,56,18.840007543563843,0.0
1779527540.043348,0.0,0.0,0.1343903524035634,0.0,0.0,-0.44256563175570496,-0.0792,1.3464,0.1584,0.0,0.0,0.09079214689966005,0.0,0.0,0.12915436464758037,0.0,0.0,-0.45711004218899104,sine,2,0.2,0.5,28,56,18.850010633468628,0.0
1779527540.0533683,0.0,0.0,0.12915436464758037,0.0,0.0,-0.45711004218899104,-0.0792,1.4255999999999998,0.27720000000000006,0.0,0.0,0.08515429140226864,0.0,0.0,0.1239183768915974,0.0,0.0,-0.4612655880270728,sine,2,0.2,0.5,28,56,18.860002756118774,0.0
1779527540.0633452,0.0,0.0,0.1239183768915974,0.0,0.0,-0.4612655880270728,-0.0396,1.5444,0.7524000000000001,0.0,0.0,0.07941630813523115,0.0,0.0,0.11868238913561442,0.0,0.0,-0.4861988630555632,sine,2,0.2,0.5,28,56,18.870023012161255,0.0
1779527540.0734098,0.0,0.0,0.11868238913561442,0.0,0.0,-0.4861988630555632,-0.0792,1.2672,0.0396,0.0,0.0,0.07362498296415819,0.0,0.0,0.11344640137963143,0.0,0.0020777729190408684,-0.504898819326931,sine,2,0.2,0.5,28,56,18.87999987602234,0.0
1779527540.083351,0.0,0.0,0.11344640137963143,0.0,0.0020777729190408684,-0.504898819326931,-0.0792,1.3068,0.35639999999999994,0.0,0.0,0.06770946506515389,0.0,0.0,0.10995574287564278,0.0,0.0,-0.5007432734888493,sine,2,0.2,0.5,28,56,18.890064477920532,0.0
1779527540.0933452,0.0,0.0,0.10995574287564278,0.0,0.0,-0.5007432734888493,-0.0396,1.3860000000000001,0.396,0.0,0.0,0.06180006504550467,0.0,0.0,0.10471975511965977,0.0,0.0,-0.5090543651650128,sine,2,0.2,0.5,28,56,18.90000557899475,0.0
1779527540.1033537,0.0,0.0,0.10471975511965977,0.0,0.0,-0.5090543651650128,0.0,1.3464,0.5148,0.0,0.0,0.05579831327484393,0.0,0.0,0.0994837673636768,0.0,0.0,-0.5235987755982988,sine,2,0.2,0.5,28,56,18.90999984741211,0.0
1779527540.1133828,0.0,0.0,0.0994837673636768,0.0,0.0,-0.5235987755982988,-0.0792,1.3068,0.7127999999999999,0.0,0.0,0.04973285260787427,0.0,0.0,0.09250245035569947,0.0,-0.0020777729190408684,-0.5422987318696666,sine,2,0.2,0.5,28,56,18.920008420944214,0.0
1779527540.123517,0.0,0.0,0.09250245035569947,0.0,-0.0020777729190408684,-0.5422987318696666,-0.0396,1.5048000000000001,0.1188,0.0,0.0,0.04360565441529705,0.0,0.0,0.08726646259971647,0.0020777729190408684,0.0,-0.5422987318696666,sine,2,0.2,0.5,28,56,18.93003749847412,0.0
1779527540.1333601,0.0,0.0,0.08726646259971647,0.0020777729190408684,0.0,-0.5422987318696666,-0.1188,1.5048000000000001,0.6336,0.0,0.0,0.03737027459110692,0.0,0.0,0.08203047484373349,0.0,0.0,-0.5589209152219936,sine,2,0.2,0.5,28,56,18.940171718597412,0.0
1779527540.1433501,0.0,0.0,0.08203047484373349,0.0,0.0,-0.5589209152219936,-0.0792,1.3860000000000001,0.1188,0.0,0.0,0.03127768995601018,0.0,0.0,0.07679448708775051,0.0,0.0,-0.5713875527362388,sine,2,0.2,0.5,28,56,18.95001482963562,0.0
1779527540.1534722,0.0,0.0,0.07679448708775051,0.0,0.0,-0.5713875527362388,0.0792,1.5048000000000001,0.4356,0.0,0.0,0.02506365049912392,0.0,0.0,0.06981317007977318,0.0,-0.0020777729190408684,-0.5776208714933614,sine,2,0.2,0.5,28,56,18.960004806518555,0.0
1779527540.1633492,0.0,0.0,0.06981317007977318,0.0,-0.0020777729190408684,-0.5776208714933614,-0.0396,1.4652,0.0,0.0,0.0,0.018742301868330577,0.0,0.0,0.06457718232379019,0.0,0.0,-0.5776208714933614,sine,2,0.2,0.5,28,56,18.97012686729431,0.0
1779527540.1733654,0.0,0.0,0.06457718232379019,0.0,0.0,-0.5776208714933614,0.0,1.5444,0.5148,0.0,0.0,0.01255569982901997,0.0,0.0,0.05934119456780721,0.0020777729190408684,0.0,-0.583854190250484,sine,2,0.2,0.5,28,56,18.980003833770752,0.0
1779527540.1833494,0.0,0.0,0.05934119456780721,0.0020777729190408684,0.0,-0.583854190250484,-0.0792,1.4255999999999998,0.3168,0.0,0.0,0.006269568587047647,0.0,0.0,0.05235987755982988,0.0,0.0,-0.5900875090076066,sine,2,0.2,0.5,28,56,18.990020036697388,0.0
1779527540.1933484,0.0,0.0,0.05235987755982988,0.0,0.0,-0.5900875090076066,-0.0792,1.4652,0.6732,0.0,0.0,-2.5466477923772893e-06,0.0,0.0,0.047123889803846894,0.0,0.0,-0.5963208277647293,sine,2,0.2,0.5,28,56,19.000004053115845,0.0
1779527540.2033434,0.0,0.0,0.047123889803846894,0.0,0.0,-0.5963208277647293,-0.0396,1.5444,0.3168,0.0,0.0,-0.006284092301778417,0.0,0.0,0.04014257279586959,0.0,0.0,-0.6025541465218518,sine,2,0.2,0.5,28,56,19.010003089904785,0.0
1779527540.2133696,0.0,0.0,0.04014257279586959,0.0,0.0,-0.6025541465218518,-0.0396,1.3860000000000001,0.4752,0.0,0.0,-0.012556895887378024,0.0,0.0,0.03490658503988659,0.0,0.0,-0.6025541465218518,sine,2,0.2,0.5,28,56,19.01999807357788,0.0
1779527540.2233496,0.0,0.0,0.03490658503988659,0.0,0.0,-0.6025541465218518,-0.0396,1.3860000000000001,0.198,0.0,0.0,-0.018836856786405638,0.0,0.0,0.027925268031909273,0.0,0.0,-0.6025541465218518,sine,2,0.2,0.5,28,56,19.03002429008484,0.0
1779527540.2334795,0.0,0.0,0.027925268031909273,0.0,0.0,-0.6025541465218518,0.0,1.5444,0.8712,0.0,0.0,-0.02506929811945678,0.0,0.0,0.022689280275926284,0.0,0.0,-0.6046319194408927,sine,2,0.2,0.5,28,56,19.04000425338745,0.0
1779527540.2433474,0.0,0.0,0.022689280275926284,0.0,0.0,-0.6046319194408927,-0.0396,1.5444,0.3168,0.0,0.0,-0.03137016126397707,0.0,0.0,0.015707963267948967,0.0,-0.0020777729190408684,-0.6087874652789744,sine,2,0.2,0.5,28,56,19.05013418197632,0.0
1779527540.2533698,0.0,0.0,0.015707963267948967,0.0,-0.0020777729190408684,-0.6087874652789744,-0.0396,1.5048000000000001,0.8316,0.0,0.0,-0.0374775519450088,0.0,0.0,0.010471975511965978,0.0,0.0020777729190408684,-0.6150207840360971,sine,2,0.2,0.5,28,56,19.060002088546753,0.0
1779527540.2634594,0.0,0.0,0.010471975511965978,0.0,0.0020777729190408684,-0.6150207840360971,0.0,1.3068,0.3168,0.0,0.0,-0.043643665308219906,0.0,0.0,0.003490658503988659,0.0,0.0,-0.6170985569551379,sine,2,0.2,0.5,28,56,19.070024490356445,0.0
1779527540.2733471,0.0,0.0,0.003490658503988659,0.0,0.0,-0.6170985569551379,-0.0792,1.5444,0.792,0.0,0.0,-0.0498074290178859,0.0,0.0,0.0,0.0,0.0020777729190408684,-0.6170985569551379,sine,2,0.2,0.5,28,56,19.080114126205444,0.0
1779527540.283345,0.0,0.0,0.0,0.0,0.0020777729190408684,-0.6170985569551379,0.0,1.4652,0.198,0.0,0.0,-0.05579932025679183,0.0,0.0,-0.006981317007977318,0.0,0.0,-0.6108652381980153,sine,2,0.2,0.5,28,56,19.090001821517944,0.0
1779527540.293516,0.0,0.0,-0.006981317007977318,0.0,0.0,-0.6108652381980153,-0.0396,1.4652,0.7127999999999999,0.0,0.0,-0.06180319941563877,0.0,0.0,-0.012217304763960306,0.0020777729190408684,0.0,-0.6087874652789744,sine,2,0.2,0.5,28,56,19.09999966621399,0.0
1779527540.3033526,0.0,0.0,-0.012217304763960306,0.0020777729190408684,0.0,-0.6087874652789744,-0.0792,1.4652,0.35639999999999994,0.0,0.0,-0.06784843005157834,0.0,0.0,-0.019198621771937627,0.0,0.0,-0.6067096923599336,sine,2,0.2,0.5,28,56,19.110170602798462,0.0
1779527540.3133557,0.0,0.0,-0.019198621771937627,0.0,0.0,-0.6067096923599336,0.0,1.3860000000000001,0.9107999999999999,0.0,0.0,-0.07362916143886972,0.0,0.0,-0.024434609527920613,0.0,0.0020777729190408684,-0.6046319194408927,sine,2,0.2,0.5,28,56,19.120007276535034,0.0
1779527540.3233514,0.0,0.0,-0.024434609527920613,0.0,0.0020777729190408684,-0.6046319194408927,0.0792,1.5048000000000001,0.4356,0.0,0.0,-0.07943555581188984,0.0,0.0,-0.031415926535897934,0.0,0.0,-0.6067096923599336,sine,2,0.2,0.5,28,56,19.13001036643982,0.0
1779527540.3333523,0.0,0.0,-0.031415926535897934,0.0,0.0,-0.6067096923599336,0.0396,1.5444,0.6336,0.0,0.0,-0.08515930657853943,0.0,0.0,-0.03665191429188092,0.0,0.0,-0.6067096923599336,sine,2,0.2,0.5,28,56,19.140006065368652,0.0
1779527540.3433669,0.0,0.0,-0.03665191429188092,0.0,0.0,-0.6067096923599336,0.0,1.3860000000000001,0.35639999999999994,0.0,0.0,-0.09080202409919107,0.0,0.0,-0.04363323129985824,0.0,0.0,-0.59839860068377,sine,2,0.2,0.5,28,56,19.150007009506226,0.0
1779527540.3533475,0.0,0.0,-0.04363323129985824,0.0,0.0,-0.59839860068377,-0.0792,1.5444,0.5148,0.0,0.0,-0.09636259644639159,0.0,0.0,-0.048869219055841226,0.0,0.0,-0.5942430548456884,sine,2,0.2,0.5,28,56,19.160021543502808,0.0
1779527540.3633645,0.0,0.0,-0.048869219055841226,0.0,0.0,-0.5942430548456884,0.0396,1.5048000000000001,0.6336,0.0,0.0,-0.10180948488307709,0.0,0.0,-0.05585053606381855,0.0,0.0,-0.5921652819266475,sine,2,0.2,0.5,28,56,19.170002222061157,0.0
1779527540.3733492,0.0,0.0,-0.05585053606381855,0.0,0.0,-0.5921652819266475,-0.0792,1.5444,0.6336,0.0,0.0,-0.10717551283296144,0.0,0.0,-0.061086523819801536,0.0,0.0,-0.5880097360885658,sine,2,0.2,0.5,28,56,19.18001914024353,0.0
1779527540.383384,0.0,0.0,-0.061086523819801536,0.0,0.0,-0.5880097360885658,-0.0792,1.4652,0.7524000000000001,0.0,0.0,-0.11241868768179122,0.0,0.0,-0.06632251157578452,0.0,0.0,-0.5859319631695249,sine,2,0.2,0.5,28,56,19.190003871917725,0.0
1779527540.3933728,0.0,0.0,-0.06632251157578452,0.0,0.0,-0.5859319631695249,0.0792,1.5444,0.198,0.0,0.0,-0.1175767070987541,0.0,0.0,-0.07330382858376185,0.0,0.0,-0.583854190250484,sine,2,0.2,0.5,28,56,19.20003867149353,0.0
1779527540.4033432,0.0,0.0,-0.07330382858376185,0.0,0.0,-0.583854190250484,0.0792,1.584,0.6732,0.0,0.0,-0.12259504146921206,0.0,0.0,-0.07853981633974483,0.0,0.0,-0.5776208714933614,sine,2,0.2,0.5,28,56,19.21002745628357,0.0
1779527540.4133668,0.0,0.0,-0.07853981633974483,0.0,0.0,-0.5776208714933614,0.0,1.5048000000000001,0.0792,0.0,0.0,-0.12748377297247457,0.0,0.0,-0.08377580409572782,0.0,0.0,-0.5734653256552796,sine,2,0.2,0.5,28,56,19.219997882843018,0.0
1779527540.4234097,0.0,0.0,-0.08377580409572782,0.0,0.0,-0.5734653256552796,0.0,1.4255999999999998,0.5940000000000001,0.0,0.0,-0.13227249494040197,0.0,0.0,-0.09075712110370514,0.0,0.0,-0.5630764610600754,sine,2,0.2,0.5,28,56,19.230021476745605,0.0
1779527540.433366,0.0,0.0,-0.09075712110370514,0.0,0.0,-0.5630764610600754,-0.1188,1.5444,0.0396,0.0,0.0,-0.13693890717150523,0.0,0.0,-0.09599310885968812,0.0,0.0,-0.5547653693839119,sine,2,0.2,0.5,28,56,19.2400643825531,0.0
1779527540.443346,0.0,0.0,-0.09599310885968812,0.0,0.0,-0.5547653693839119,-0.0396,1.5048000000000001,0.35639999999999994,0.0,0.0,-0.14143057154982278,0.0,0.0,-0.10122909661567113,0.0,0.0,-0.538143186031585,sine,2,0.2,0.5,28,56,19.250020742416382,0.0
1779527540.4533453,0.0,0.0,-0.10122909661567113,0.0,0.0,-0.538143186031585,-0.0792,1.3464,0.27720000000000006,0.0,0.0,-0.1457940290232837,0.0,0.0,-0.10646508437165411,0.0,0.0,-0.5194432297602171,sine,2,0.2,0.5,28,56,19.260000705718994,0.0
1779527540.463401,0.0,0.0,-0.10646508437165411,0.0,0.0,-0.5194432297602171,0.0,1.5444,0.5544000000000001,0.0,0.0,-0.15002220600078134,0.0,0.0,-0.1117010721276371,0.0,-0.0020777729190408684,-0.5111321380840537,sine,2,0.2,0.5,28,56,19.269999980926514,0.0
1779527540.4733977,0.0,0.0,-0.1117010721276371,0.0,-0.0020777729190408684,-0.5111321380840537,0.0,1.5444,0.8712,0.0,0.0,-0.15412497890188284,0.0,0.0,-0.11693705988362009,0.0,0.0020777729190408684,-0.5132099110030945,sine,2,0.2,0.5,28,56,19.28005576133728,0.0
1779527540.4833477,0.0,0.0,-0.11693705988362009,0.0,0.0020777729190408684,-0.5132099110030945,-0.0396,1.4255999999999998,-0.0396,0.0,0.0,-0.15805118498612591,0.0,0.0,-0.12217304763960307,0.0,0.0,-0.49658772765076753,sine,2,0.2,0.5,28,56,19.29005241394043,0.0
1779527540.4933717,0.0,0.0,-0.12217304763960307,0.0,0.0,-0.49658772765076753,-0.0792,1.3464,0.4752,0.0,0.0,-0.16180426177908597,0.0,0.0,-0.12566370614359174,0.0,0.0020777729190408684,-0.4841210901365223,sine,2,0.2,0.5,28,56,19.300002336502075,0.0
1779527540.5033984,0.0,0.0,-0.12566370614359174,0.0,0.0020777729190408684,-0.4841210901365223,-0.0792,1.5048000000000001,0.1584,0.0,0.0,-0.16542544046265453,0.0,0.0,-0.1308996938995747,0.0020777729190408684,0.0,-0.46749890678419537,sine,2,0.2,0.5,28,56,19.31002640724182,0.0
1779527540.5133576,0.0,0.0,-0.1308996938995747,0.0020777729190408684,0.0,-0.46749890678419537,-0.0396,1.3860000000000001,0.396,0.0,0.0,-0.16888346011983402,0.0,0.0,-0.13613568165555773,0.0,0.0,-0.4529544963509093,sine,2,0.2,0.5,28,56,19.320053100585938,0.0
1779527540.5234044,0.0,0.0,-0.13613568165555773,0.0,0.0,-0.4529544963509093,-0.0396,1.5444,0.7524000000000001,0.0,0.0,-0.17215234617337544,0.0,0.0,-0.13962634015954636,0.0,0.0,-0.4529544963509093,sine,2,0.2,0.5,28,56,19.330012321472168,0.0
1779527540.5334,0.0,0.0,-0.13962634015954636,0.0,0.0,-0.4529544963509093,-0.0792,1.584,-0.0396,0.0,0.0,-0.17527920469081376,0.0,0.0,-0.14486232791552936,0.0,0.0,-0.43009899424145975,sine,2,0.2,0.5,28,56,19.34005904197693,0.0
1779527540.543343,0.0,0.0,-0.14486232791552936,0.0,0.0,-0.43009899424145975,-0.0792,1.3860000000000001,0.6336,0.0,0.0,-0.17821691708105925,0.0,0.0,-0.14835298641951802,0.0,0.0,-0.40308794629392847,sine,2,0.2,0.5,28,56,19.35005474090576,0.0
1779527540.5533266,0.0,0.0,-0.14835298641951802,0.0,0.0,-0.40308794629392847,-0.0396,1.5444,0.8316,0.0,0.0,-0.180964808377775,0.0,0.0,-0.1518436449235067,0.0,0.0020777729190408684,-0.4134768108891328,sine,2,0.2,0.5,28,56,19.359997749328613,0.0
1779527540.5633867,0.0,0.0,-0.1518436449235067,0.0,0.0020777729190408684,-0.4134768108891328,-0.0792,1.3068,-0.1188,0.0,0.0,-0.18354625574071948,0.0,0.0,-0.15533430342749532,0.0,0.0,-0.38231021710351976,sine,2,0.2,0.5,28,56,19.369981288909912,0.0
1779527540.573346,0.0,0.0,-0.15533430342749532,0.0,0.0,-0.38231021710351976,0.0,1.4652,0.792,0.0,0.0,-0.1859648623519738,0.0,0.0,-0.16057029118347835,0.0020777729190408684,0.0,-0.37192135250831543,sine,2,0.2,0.5,28,56,19.380041360855103,0.0
1779527540.5834563,0.0,0.0,-0.16057029118347835,0.0020777729190408684,0.0,-0.37192135250831543,0.0,1.3860000000000001,0.4752,0.0,0.0,-0.18817627760562902,0.0,0.0,-0.16406094968746698,0.0,0.0,-0.35529916915598847,sine,2,0.2,0.5,28,56,19.390000581741333,0.0
1779527540.5933619,0.0,0.0,-0.16406094968746698,0.0,0.0,-0.35529916915598847,-0.0396,1.4652,0.0396,0.0,0.0,-0.19023283581914566,0.0,0.0,-0.16755160819145565,0.0,0.0,-0.3345214399655798,sine,2,0.2,0.5,28,56,19.400110960006714,0.0
1779527540.6034567,0.0,0.0,-0.16755160819145565,0.0,0.0,-0.3345214399655798,-0.0792,1.5048000000000001,0.396,0.0,0.0,-0.19206163568391052,0.0,0.0,-0.16929693744344998,0.0,0.0,-0.33036589412749806,sine,2,0.2,0.5,28,56,19.410016536712646,0.0
1779527540.6134517,0.0,0.0,-0.16929693744344998,0.0,0.0,-0.33036589412749806,0.0,1.5444,0.35639999999999994,0.0,0.0,-0.1937340301051275,0.0,0.0,-0.17278759594743864,0.0,0.0,-0.2971215274228442,sine,2,0.2,0.5,28,56,19.420111417770386,0.0
1779527540.623489,0.0,0.0,-0.17278759594743864,0.0,0.0,-0.2971215274228442,0.0,1.5444,0.7127999999999999,0.0,0.0,-0.19519792523089485,0.0,0.0,-0.1762782544514273,0.0,0.0,-0.2971215274228442,sine,2,0.2,0.5,28,56,19.43010640144348,0.0
1779527540.6333208,0.0,0.0,-0.1762782544514273,0.0,0.0,-0.2971215274228442,0.0,1.5444,-0.1188,0.0,0.0,-0.19647433518368598,0.0,0.0,-0.17802358370342164,0.0,0.0,-0.2638771607181903,sine,2,0.2,0.5,28,56,19.440143585205078,0.0
1779527540.6433642,0.0,0.0,-0.17802358370342164,0.0,0.0,-0.2638771607181903,-0.0396,1.4652,0.35639999999999994,0.0,0.0,-0.19753525848508166,0.0,0.0,-0.18151424220741028,0.0,0.0,-0.2617993877991494,sine,2,0.2,0.5,28,56,19.44997549057007,0.0
1779527540.6533623,0.0,0.0,-0.18151424220741028,0.0,0.0,-0.2617993877991494,-0.0792,1.3464,0.27720000000000006,0.0,0.0,-0.198424426164545,0.0,0.0,-0.1832595714594046,0.0,0.0,-0.23271056693257725,sine,2,0.2,0.5,28,56,19.46001887321472,0.0
1779527540.6633453,0.0,0.0,-0.1832595714594046,0.0,0.0,-0.23271056693257725,-0.0396,1.4652,0.6732,0.0,0.0,-0.19911339526581284,0.0,0.0,-0.18500490071139894,0.0,0.0,-0.20777729190408684,sine,2,0.2,0.5,28,56,19.470016956329346,0.0
1779527540.6733162,0.0,0.0,-0.18500490071139894,0.0,0.0,-0.20777729190408684,-0.0396,1.5444,0.6732,0.0,0.0,-0.19960534643814962,0.0,0.0,-0.18849555921538758,0.0,0.0,-0.20777729190408684,sine,2,0.2,0.5,28,56,19.480000019073486,0.0
1779527540.683348,0.0,0.0,-0.18849555921538758,0.0,0.0,-0.20777729190408684,0.0,1.5048000000000001,-0.0396,0.0,0.0,-0.19990073736605604,0.0,0.0,-0.19024088846738194,0.0,0.0,-0.18076624395655555,sine,2,0.2,0.5,28,56,19.489970922470093,0.0
1779527540.693385,0.0,0.0,-0.19024088846738194,0.0,0.0,-0.18076624395655555,-0.0396,1.3860000000000001,0.0792,0.0,0.0,-0.19999999999321164,0.0,0.0,-0.19024088846738194,0.0,0.0,-0.15375519600902426,sine,2,0.2,0.5,28,56,19.50000262260437,0.0
1779527540.7034237,0.0,0.0,-0.19024088846738194,0.0,0.0,-0.15375519600902426,0.0792,1.3860000000000001,0.35639999999999994,0.0,0.0,-0.19990052961719762,0.0,0.0,-0.19198621771937624,0.0,0.0,-0.1433663314138199,sine,2,0.2,0.5,28,56,19.510039567947388,0.0
1779527540.7133498,0.0,0.0,-0.19198621771937624,0.0,0.0,-0.1433663314138199,0.0,1.4652,0.4356,0.0,0.0,-0.1996022457419534,0.0,0.0,-0.1937315469713706,0.0,0.0020777729190408684,-0.12882192098053383,sine,2,0.2,0.5,28,56,19.520078420639038,0.0
1779527540.7234547,0.0,0.0,-0.1937315469713706,0.0,0.0020777729190408684,-0.12882192098053383,-0.0396,1.4652,0.4356,0.0,0.0,-0.19911212673632156,0.0,0.0,-0.1954768762233649,0.0,0.0,-0.10804419179012516,sine,2,0.2,0.5,28,56,19.530004501342773,0.0
1779527540.733546,0.0,0.0,-0.1954768762233649,0.0,0.0,-0.10804419179012516,-0.0396,1.4652,0.396,0.0,0.0,-0.19841431369954596,0.0,0.0,-0.1954768762233649,0.0,0.0,-0.08103314384259387,sine,2,0.2,0.5,28,56,19.540109395980835,0.0
1779527540.7435222,0.0,0.0,-0.1954768762233649,0.0,0.0,-0.08103314384259387,-0.0396,1.5444,0.6732,0.0,0.0,-0.19751790184143492,0.0,0.0,-0.1954768762233649,0.0,0.0,-0.07272205216643039,sine,2,0.2,0.5,28,56,19.550200700759888,0.0
1779527540.7533646,0.0,0.0,-0.1954768762233649,0.0,0.0,-0.07272205216643039,0.0,1.5048000000000001,0.3168,0.0,0.0,-0.19643659843874428,0.0,0.0,-0.19722220547535924,0.0,-0.0020777729190408684,-0.033244366704653895,sine,2,0.2,0.5,28,56,19.560176849365234,0.0
1779527540.7633538,0.0,0.0,-0.19722220547535924,0.0,-0.0020777729190408684,-0.033244366704653895,-0.0396,1.3068,0.9504,0.0,0.0,-0.19518071422484312,0.0,0.0,-0.19722220547535924,0.0,0.0,-0.031166593785613025,sine,2,0.2,0.5,28,56,19.570019245147705,0.0
1779527540.7733464,0.0,0.0,-0.19722220547535924,0.0,0.0,-0.031166593785613025,-0.0396,1.5048000000000001,0.5940000000000001,0.0,0.0,-0.193715302917978,0.0,0.0,-0.19722220547535924,-0.0020777729190408684,0.0,-0.01246663751424521,sine,2,0.2,0.5,28,56,19.580008506774902,0.0
1779527540.7834747,0.0,0.0,-0.19722220547535924,-0.0020777729190408684,0.0,-0.01246663751424521,0.0,1.3860000000000001,0.4356,0.0,0.0,-0.1920585432116835,0.0,0.0,-0.19722220547535924,0.0,0.0,0.0020777729190408684,sine,2,0.2,0.5,28,56,19.590001106262207,0.0
1779527540.7933586,0.0,0.0,-0.19722220547535924,0.0,0.0,0.0020777729190408684,-0.0396,1.5048000000000001,0.3168,0.0,0.0,-0.1901861697207915,0.0,0.0,-0.19722220547535924,0.0,0.0,0.02493327502849042,sine,2,0.2,0.5,28,56,19.60012936592102,0.0
1779527540.8034027,0.0,0.0,-0.19722220547535924,0.0,0.0,0.02493327502849042,-0.0396,1.5048000000000001,-0.35639999999999994,0.0,0.0,-0.18817333429722072,0.0,0.0,-0.1954768762233649,0.0,0.0,0.035322139623694765,sine,2,0.2,0.5,28,56,19.610013246536255,0.0
1779527540.81336,0.0,0.0,-0.1954768762233649,0.0,0.0,0.035322139623694765,0.0,1.3860000000000001,0.0396,0.0,0.0,-0.1859420304218618,0.0,0.0,-0.1954768762233649,0.0,0.0,0.05402209589506258,sine,2,0.2,0.5,28,56,19.620057344436646,0.0
1779527540.8234828,0.0,0.0,-0.1954768762233649,0.0,0.0,0.05402209589506258,0.0,1.4255999999999998,0.198,0.0,0.0,-0.1835472672590236,0.0,0.0,-0.1954768762233649,0.0,0.0,0.06856650632834865,sine,2,0.2,0.5,28,56,19.630014657974243,0.0
1779527540.833449,0.0,0.0,-0.1954768762233649,0.0,0.0,0.06856650632834865,-0.0396,1.5444,0.6336,0.0,0.0,-0.18092862659174894,0.0,0.0,-0.1937315469713706,0.0,0.0,0.10181087303300256,sine,2,0.2,0.5,28,56,19.640137434005737,0.0
1779527540.8433561,0.0,0.0,-0.1937315469713706,0.0,0.0,0.10181087303300256,-0.0396,1.4652,0.4356,0.0,0.0,-0.17817175227270066,0.0,0.0,-0.19198621771937624,0.0,0.0020777729190408684,0.12882192098053383,sine,2,0.2,0.5,28,56,19.65010356903076,0.0
1779527540.8533525,0.0,0.0,-0.19198621771937624,0.0,0.0020777729190408684,0.12882192098053383,-0.0792,1.3464,0.4356,0.0,0.0,-0.1752580623646568,0.0,0.0,-0.19024088846738194,0.0,0.0,0.15583296892806514,sine,2,0.2,0.5,28,56,19.660010814666748,0.0
1779527540.8635445,0.0,0.0,-0.19024088846738194,0.0,0.0,0.15583296892806514,-0.0792,1.4255999999999998,0.27720000000000006,0.0,0.0,-0.17214609327947433,0.0,0.0,-0.18849555921538758,0.0,0.0,0.157910741847106,sine,2,0.2,0.5,28,56,19.67000722885132,0.0
1779527540.8734553,0.0,0.0,-0.18849555921538758,0.0,0.0,0.157910741847106,-0.0396,1.3860000000000001,0.6732,0.0,0.0,-0.1687985055000479,0.0,0.0,-0.1867502299633933,-0.0020777729190408684,0.0,0.17453292519943295,sine,2,0.2,0.5,28,56,19.680199146270752,0.0
1779527540.8833587,0.0,0.0,-0.1867502299633933,-0.0020777729190408684,0.0,0.17453292519943295,-0.0792,1.3464,0.8316,0.0,0.0,-0.16537726780585738,0.0,0.0,-0.18500490071139894,0.0,0.0020777729190408684,0.2098550648231277,sine,2,0.2,0.5,28,56,19.690109968185425,0.0
1779527540.893346,0.0,0.0,-0.18500490071139894,0.0,0.0020777729190408684,0.2098550648231277,0.0,1.3464,-0.0792,0.0,0.0,-0.1617984502157987,0.0,0.0,-0.1832595714594046,0.0,0.0,0.2243994752564138,sine,2,0.2,0.5,28,56,19.700013399124146,0.0
1779527540.9033628,0.0,0.0,-0.1832595714594046,0.0,0.0,0.2243994752564138,-0.0396,1.3464,0.0396,0.0,0.0,-0.1580307123386645,0.0,0.0,-0.17976891295541597,0.0,0.0,0.236866112770659,sine,2,0.2,0.5,28,56,19.71000075340271,0.0
1779527540.9134865,0.0,0.0,-0.17976891295541597,0.0,0.0,0.236866112770659,0.0,1.4652,0.5544000000000001,0.0,0.0,-0.15409566624838214,0.0,0.0,-0.17976891295541597,0.0,0.0,0.236866112770659,sine,2,0.2,0.5,28,56,19.720017433166504,0.0
1779527540.923377,0.0,0.0,-0.17976891295541597,0.0,0.0,0.236866112770659,0.0,1.4652,0.5544000000000001,0.0,0.0,-0.1499635439552453,0.0,0.0,-0.17976891295541597,0.0,0.0,0.236866112770659,sine,2,0.2,0.5,28,56,19.730141162872314,0.0
1779527540.9333754,0.0,0.0,-0.17976891295541597,0.0,0.0,0.236866112770659,0.0,1.4652,0.5544000000000001,0.0,0.0,-0.14578008189679822,0.0,0.0,-0.1710422666954443,0.0,0.0,0.2950437545038033,sine,2,0.2,0.5,28,56,19.740031719207764,0.0
1779527540.9434352,0.0,0.0,-0.1710422666954443,0.0,0.0,0.2950437545038033,-0.0396,1.4255999999999998,-0.0792,0.0,0.0,-0.1414080088579757,0.0,0.0,-0.16929693744344998,0.0,0.0,0.3012770732609259,sine,2,0.2,0.5,28,56,19.750030040740967,0.0
1779527540.9533439,0.0,0.0,-0.16929693744344998,0.0,0.0,0.3012770732609259,0.0,1.4652,0.6732,0.0,0.0,-0.13686825111284215,0.0,0.0,-0.1658062789394613,0.0,0.0,0.33036589412749806,sine,2,0.2,0.5,28,56,19.760089874267578,0.0
1779527540.9633477,0.0,0.0,-0.1658062789394613,0.0,0.0,0.33036589412749806,-0.0396,1.3860000000000001,0.35639999999999994,0.0,0.0,-0.1322630562653414,0.0,0.0,-0.16231562043547265,0.0,0.0,0.3282881212084572,sine,2,0.2,0.5,28,56,19.76999855041504,0.0
1779527540.9734037,0.0,0.0,-0.16231562043547265,0.0,0.0,0.3282881212084572,-0.0792,1.5444,0.792,0.0,0.0,-0.12748365754675403,0.0,0.0,-0.158824961931484,0.0,0.0020777729190408684,0.363610260832152,sine,2,0.2,0.5,28,56,19.78000235557556,0.0
1779527540.9833426,0.0,0.0,-0.158824961931484,0.0,0.0020777729190408684,0.363610260832152,-0.0396,1.3860000000000001,-0.0396,0.0,0.0,-0.12255242758491147,0.0,0.0,-0.15533430342749532,0.0,0.0,0.36568803375119285,sine,2,0.2,0.5,28,56,19.790058374404907,0.0
1779527540.993342,0.0,0.0,-0.15533430342749532,0.0,0.0,0.36568803375119285,0.0,1.3860000000000001,0.7524000000000001,0.0,0.0,-0.1175584078161847,0.0,0.0,-0.15009831567151233,0.0,0.0,0.3885435358606424,sine,2,0.2,0.5,28,56,19.799997329711914,0.0
1779527541.0033464,0.0,0.0,-0.15009831567151233,0.0,0.0,0.3885435358606424,-0.0396,1.584,0.5544000000000001,0.0,0.0,-0.11241843988572349,0.0,0.0,-0.1466076571675237,0.0,-0.0020777729190408684,0.40516571921296934,sine,2,0.2,0.5,28,56,19.809996604919434,0.0
1779527541.013391,0.0,0.0,-0.1466076571675237,0.0,-0.0020777729190408684,0.40516571921296934,0.0,1.4652,-0.0396,0.0,0.0,-0.10716476199680108,0.0,0.0,-0.14311699866353503,0.0,0.0,0.40308794629392847,sine,2,0.2,0.5,28,56,19.820001125335693,0.0
1779527541.0233412,0.0,0.0,-0.14311699866353503,0.0,0.0,0.40308794629392847,-0.0396,1.3860000000000001,0.8712,0.0,0.0,-0.10178356657970655,0.0,0.0,-0.13788101090755203,0.0,0.0020777729190408684,0.4363323129985824,sine,2,0.2,0.5,28,56,19.830045700073242,0.0
1779527541.0333428,0.0,0.0,-0.13788101090755203,0.0,0.0020777729190408684,0.4363323129985824,-0.0396,1.3068,0.396,0.0,0.0,-0.0963530137150238,0.0,0.0,-0.1343903524035634,0.0,0.0,0.4487989505128276,sine,2,0.2,0.5,28,56,19.839995861053467,0.0
1779527541.0433452,0.0,0.0,-0.1343903524035634,0.0,0.0,0.4487989505128276,-0.0792,1.4652,0.0792,0.0,0.0,-0.09079948808808996,0.0,0.0,-0.12915436464758037,0.0,0.0,0.45503226926995016,sine,2,0.2,0.5,28,56,19.849997520446777,0.0
1779527541.053361,0.0,0.0,-0.12915436464758037,0.0,0.0,0.45503226926995016,0.0,1.4652,0.6732,0.0,0.0,-0.08515591795309034,0.0,0.0,-0.1239183768915974,0.0,0.0,0.4654211338651545,sine,2,0.2,0.5,28,56,19.859999895095825,0.0
1779527541.0633433,0.0,0.0,-0.1239183768915974,0.0,0.0,0.4654211338651545,-0.0396,1.3860000000000001,0.4752,0.0,0.0,-0.0794205701960585,0.0,0.0,-0.11868238913561442,0.0,0.0,0.47996554429844057,sine,2,0.2,0.5,28,56,19.870015621185303,0.0
1779527541.073345,0.0,0.0,-0.11868238913561442,0.0,0.0,0.47996554429844057,-0.0396,1.3860000000000001,0.27720000000000006,0.0,0.0,-0.07362609722771774,0.0,0.0,-0.11344640137963143,0.0,0.0,0.5028210464078902,sine,2,0.2,0.5,28,56,19.879997968673706,0.0
1779527541.0833452,0.0,0.0,-0.11344640137963143,0.0,0.0,0.5028210464078902,-0.0792,1.4652,0.5544000000000001,0.0,0.0,-0.06774780392568461,0.0,0.0,-0.10995574287564278,-0.0020777729190408684,0.0,0.5111321380840537,sine,2,0.2,0.5,28,56,19.889999628067017,0.0
1779527541.093343,0.0,0.0,-0.10995574287564278,-0.0020777729190408684,0.0,0.5111321380840537,0.0,1.2672,0.0396,0.0,0.0,-0.061803484357547636,0.0,0.0,-0.10471975511965977,0.0,0.0,0.5111321380840537,sine,2,0.2,0.5,28,56,19.899999856948853,0.0
1779527541.1033432,0.0,0.0,-0.10471975511965977,0.0,0.0,0.5111321380840537,0.0,1.5444,0.6336,0.0,0.0,-0.05579960796563991,0.0,0.0,-0.0994837673636768,0.0020777729190408684,0.0,0.5173654568411762,sine,2,0.2,0.5,28,56,19.909997701644897,0.0
1779527541.113341,0.0,0.0,-0.0994837673636768,0.0020777729190408684,0.0,0.5173654568411762,-0.0396,1.3860000000000001,0.8712,0.0,0.0,-0.04973923686937189,0.0,0.0,-0.09250245035569947,0.0,0.0,0.5339876401935032,sine,2,0.2,0.5,28,56,19.919997930526733,0.0
1779527541.123347,0.0,0.0,-0.09250245035569947,0.0,0.0,0.5339876401935032,0.0,1.5048000000000001,0.396,0.0,0.0,-0.043631238852187615,0.0,0.0,-0.08726646259971647,0.0,-0.0020777729190408684,0.5485320506267892,sine,2,0.2,0.5,28,56,19.92999577522278,0.0
1779527541.1333518,0.0,0.0,-0.08726646259971647,0.0,-0.0020777729190408684,0.5485320506267892,0.0,1.3860000000000001,0.792,0.0,0.0,-0.037475197554997924,0.0,0.0,-0.08203047484373349,0.0,0.0,0.5568431423029527,sine,2,0.2,0.5,28,56,19.940001726150513,0.0
1779527541.143345,0.0,0.0,-0.08203047484373349,0.0,0.0,0.5568431423029527,-0.0792,1.3464,0.1188,0.0,0.0,-0.031282868530622905,0.0,0.0,-0.07679448708775051,0.0,0.0,0.5630764610600754,sine,2,0.2,0.5,28,56,19.95000648498535,0.0
1779527541.1533616,0.0,0.0,-0.07679448708775051,0.0,0.0,0.5630764610600754,0.0,1.4652,0.6732,0.0,0.0,-0.025066771554976303,0.0,0.0,-0.07155849933176751,0.0,-0.0020777729190408684,0.5755430985743205,sine,2,0.2,0.5,28,56,19.959999799728394,0.0
1779527541.163346,0.0,0.0,-0.07155849933176751,0.0,-0.0020777729190408684,0.5755430985743205,-0.0396,1.4255999999999998,0.1188,0.0,0.0,-0.01881150335993323,0.0,0.0,-0.07155849933176751,0.0,-0.0020777729190408684,0.5755430985743205,sine,2,0.2,0.5,28,56,19.97001624107361,0.0
1779527541.17338,0.0,0.0,-0.07155849933176751,0.0,-0.0020777729190408684,0.5755430985743205,-0.0396,1.4255999999999998,0.1188,0.0,0.0,-0.012557643423624212,0.0,0.0,-0.05934119456780721,0.0,0.0,0.5859319631695249,sine,2,0.2,0.5,28,56,19.980000734329224,0.0
1779527541.183341,0.0,0.0,-0.05934119456780721,0.0,0.0,0.5859319631695249,-0.0396,1.3464,0.198,0.0,0.0,-0.006260435100004901,0.0,0.0,-0.05235987755982988,0.0020777729190408684,0.0,0.5880097360885658,sine,2,0.2,0.5,28,56,19.990034580230713,0.0
1779527541.1933448,0.0,0.0,-0.05235987755982988,0.0020777729190408684,0.0,0.5880097360885658,-0.0792,1.5444,0.5940000000000001,0.0,0.0,-2.696450603831442e-06,0.0,0.0,-0.047123889803846894,0.0,0.0,0.5942430548456884,sine,2,0.2,0.5,28,56,19.999995708465576,0.0
