t,q_0,q_1,q_2,dq_0,dq_1,dq_2,tau_0,tau_1,tau_2,cmd_0,cmd_1,cmd_2,q_next_0,q_next_1,q_next_2,dq_next_0,dq_next_1,dq_next_2,signal_type,active_joint,amplitude,frequency,combo_index,segment_id,local_t,hold_s
1779528014.085386,0.0,0.0,0.0,0.0,0.0,0.0,-0.0396,1.3860000000000001,0.0396,0.0,0.1,0.0,0.0,0.0,0.0,0.0,0.0,0.0,square,1,0.1,0.25,12,24,0.0,0.0
1779528014.0953884,0.0,0.0,0.0,0.0,0.0,0.0,-0.0396,1.5048000000000001,0.0,0.0,0.1,0.0,0.0,0.0,0.0,0.0,0.0,0.004155545838081737,square,1,0.1,0.25,12,24,0.010003089904785156,0.0
1779528014.1053834,0.0,0.0,0.0,0.0,0.0,0.004155545838081737,0.0,1.3068,0.6336,0.0,0.1,0.0,0.0,0.006981317007977318,0.0,0.0,0.7646204342070395,0.0,square,1,0.1,0.25,12,24,0.020005464553833008,0.0
1779528014.1153834,0.0,0.006981317007977318,0.0,0.0,0.7646204342070395,0.0,-0.3168,-2.6136,0.1584,0.0,0.1,0.0,0.0,0.019198621771937627,0.0,0.0020777729190408684,1.0388864595204341,0.0020777729190408684,square,1,0.1,0.25,12,24,0.03000044822692871,0.0
1779528014.1254168,0.0,0.019198621771937627,0.0,0.0020777729190408684,1.0388864595204341,0.0020777729190408684,0.1584,0.9107999999999999,0.396,0.0,0.1,0.0,0.0,0.029670597283903605,0.0,0.0020777729190408684,1.1386195596343958,-0.0020777729190408684,square,1,0.1,0.25,12,24,0.04000043869018555,0.0
1779528014.1353836,0.0,0.029670597283903605,0.0,0.0020777729190408684,1.1386195596343958,-0.0020777729190408684,0.27720000000000006,0.0,-0.2376,0.0,0.1,0.0,0.0,0.04188790204786391,0.0,0.0,1.0825196908202923,0.0,square,1,0.1,0.25,12,24,0.0500338077545166,0.0
1779528014.1453838,0.0,0.04188790204786391,0.0,0.0,1.0825196908202923,0.0,0.2376,0.3168,-0.27720000000000006,0.0,0.1,0.0,0.0,0.050614548307835565,0.0,-0.0020777729190408684,0.9869421365444124,0.0,square,1,0.1,0.25,12,24,0.06000065803527832,0.0
1779528014.1554072,0.0,0.050614548307835565,0.0,-0.0020777729190408684,0.9869421365444124,0.0,0.0396,-0.4752,-0.3168,0.0,0.1,0.0,0.0,0.050614548307835565,0.0,-0.0020777729190408684,0.9869421365444124,0.0,square,1,0.1,0.25,12,24,0.07000088691711426,0.0
1779528014.165414,0.0,0.050614548307835565,0.0,-0.0020777729190408684,0.9869421365444124,0.0,0.0396,-0.4752,-0.3168,0.0,0.1,0.0,0.0,0.06632251157578452,0.0,-0.008311091676163474,0.7396871591785491,0.0,square,1,0.1,0.25,12,24,0.08002424240112305,0.0
1779528014.1754167,0.0,0.06632251157578452,0.0,-0.008311091676163474,0.7396871591785491,0.0,0.35639999999999994,-0.4356,-0.1584,0.0,0.1,0.0,0.0,0.06632251157578452,0.0,-0.008311091676163474,0.7396871591785491,0.0,square,1,0.1,0.25,12,24,0.09003114700317383,0.0
1779528014.1854107,0.0,0.06632251157578452,0.0,-0.008311091676163474,0.7396871591785491,0.0,0.35639999999999994,-0.4356,-0.1584,0.0,0.1,0.0,0.0,0.07155849933176751,0.0,0.0,0.6212541027932197,0.0,square,1,0.1,0.25,12,24,0.10003376007080078,0.0
1779528014.195411,0.0,0.07155849933176751,0.0,0.0,0.6212541027932197,0.0,0.1584,-2.0196,-0.2376,0.0,0.1,0.0,0.0,0.07679448708775051,0.0,0.006233318757122605,0.5090543651650128,0.0,square,1,0.1,0.25,12,24,0.11002779006958008,0.0
1779528014.2054107,0.0,0.07679448708775051,0.0,0.006233318757122605,0.5090543651650128,0.0,-0.0792,0.4356,-0.2376,0.0,0.1,0.0,0.0,0.08552113334772216,0.0,0.008311091676163474,0.3594547149940702,0.0,square,1,0.1,0.25,12,24,0.12002801895141602,0.0
1779528014.215409,0.0,0.08552113334772216,0.0,0.008311091676163474,0.3594547149940702,0.0,0.4752,-1.8612000000000002,-0.198,0.0,0.1,0.0,0.0,0.08552113334772216,0.0,0.008311091676163474,0.3594547149940702,0.0,square,1,0.1,0.25,12,24,0.13002777099609375,0.0
1779528014.2254143,0.0,0.08552113334772216,0.0,0.008311091676163474,0.3594547149940702,0.0,0.4752,-1.8612000000000002,-0.198,0.0,0.1,0.0,0.0,0.08726646259971647,0.0,0.0,0.28465488990859894,0.0,square,1,0.1,0.25,12,24,0.14002609252929688,0.0
1779528014.2353837,0.0,0.08726646259971647,0.0,0.0,0.28465488990859894,0.0,0.2376,0.0,-0.1584,0.0,0.1,0.0,0.0,0.09250245035569947,0.0,-0.004155545838081737,0.1973884273088825,0.0,square,1,0.1,0.25,12,24,0.15003132820129395,0.0
1779528014.2453837,0.0,0.09250245035569947,0.0,-0.004155545838081737,0.1973884273088825,0.0,-0.0792,0.0396,-0.2376,0.0,0.1,0.0,0.0,0.09250245035569947,0.0,0.0,0.15375519600902426,0.0,square,1,0.1,0.25,12,24,0.16000080108642578,0.0
1779528014.255384,0.0,0.09250245035569947,0.0,0.0,0.15375519600902426,0.0,-0.0792,-0.2376,-0.1188,0.0,0.1,0.0,0.0,0.09424777960769379,0.0,0.0,0.1246663751424521,0.0,square,1,0.1,0.25,12,24,0.17000079154968262,0.0
1779528014.2653832,0.0,0.09424777960769379,0.0,0.0,0.1246663751424521,0.0,-0.0792,-0.99,-0.198,0.0,0.1,0.0,0.0,0.09599310885968812,0.0,-0.0020777729190408684,0.1121997376282069,0.0,square,1,0.1,0.25,12,24,0.18000102043151855,0.0
1779528014.2756045,0.0,0.09599310885968812,0.0,-0.0020777729190408684,0.1121997376282069,0.0,0.0,1.7424,-0.198,0.0,0.1,0.0,0.0,0.09599310885968812,0.0,-0.0020777729190408684,0.1121997376282069,0.0,square,1,0.1,0.25,12,24,0.19000029563903809,0.0
1779528014.2853835,0.0,0.09599310885968812,0.0,-0.0020777729190408684,0.1121997376282069,0.0,0.0,1.7424,-0.198,0.0,0.1,0.0,0.0,0.09773843811168245,0.0,0.0,0.0851886896806756,0.0,square,1,0.1,0.25,12,24,0.20022153854370117,0.0
1779528014.2955513,0.0,0.09773843811168245,0.0,0.0,0.0851886896806756,0.0,-0.0792,1.98,-0.0396,0.0,0.1,0.0,0.0,0.09773843811168245,0.0,0.0,0.0851886896806756,0.0,square,1,0.1,0.25,12,24,0.21000051498413086,0.0
1779528014.3053837,0.0,0.09773843811168245,0.0,0.0,0.0851886896806756,0.0,-0.0792,1.98,-0.0396,0.0,0.1,0.0,0.0,0.09773843811168245,0.0,0.0020777729190408684,0.05194432297602171,0.0020777729190408684,square,1,0.1,0.25,12,24,0.2201683521270752,0.0
1779528014.3154116,0.0,0.09773843811168245,0.0,0.0020777729190408684,0.05194432297602171,0.0020777729190408684,-0.0792,1.5444,-0.1584,0.0,0.1,0.0,0.0,0.09773843811168245,0.0,0.008311091676163474,0.02701104794753129,0.0,square,1,0.1,0.25,12,24,0.23000073432922363,0.0
1779528014.3254073,0.0,0.09773843811168245,0.0,0.008311091676163474,0.02701104794753129,0.0,0.27720000000000006,1.0296,-0.3168,0.0,0.1,0.0,0.0,0.09773843811168245,0.0,0.008311091676163474,0.02701104794753129,0.0,square,1,0.1,0.25,12,24,0.24002861976623535,0.0
1779528014.335383,0.0,0.09773843811168245,0.0,0.008311091676163474,0.02701104794753129,0.0,0.27720000000000006,1.0296,-0.3168,0.0,0.1,0.0,0.0,0.09773843811168245,0.0,0.0020777729190408684,0.008311091676163474,0.0,square,1,0.1,0.25,12,24,0.25002431869506836,0.0
1779528014.3453832,0.0,0.09773843811168245,0.0,0.0020777729190408684,0.008311091676163474,0.0,0.35639999999999994,0.6732,-0.1584,0.0,0.1,0.0,0.0,0.0994837673636768,0.0,0.0,0.010388864595204342,0.0,square,1,0.1,0.25,12,24,0.25999999046325684,0.0
1779528014.3554103,0.0,0.0994837673636768,0.0,0.0,0.010388864595204342,0.0,0.2376,0.6732,-0.1584,0.0,0.1,0.0,0.0,0.0994837673636768,0.0,-0.004155545838081737,0.016622183352326948,0.0,square,1,0.1,0.25,12,24,0.2700002193450928,0.0
1779528014.3653944,0.0,0.0994837673636768,0.0,-0.004155545838081737,0.016622183352326948,0.0,0.0,0.8712,-0.198,0.0,0.1,0.0,0.0,0.0994837673636768,0.0,-0.008311091676163474,0.020777729190408684,0.0,square,1,0.1,0.25,12,24,0.2800273895263672,0.0
1779528014.3753834,0.0,0.0994837673636768,0.0,-0.008311091676163474,0.020777729190408684,0.0,0.1584,1.1880000000000002,-0.2376,0.0,0.1,0.0,0.0,0.0994837673636768,0.0,-0.006233318757122605,0.01246663751424521,0.0,square,1,0.1,0.25,12,24,0.2900114059448242,0.0
1779528014.3858566,0.0,0.0994837673636768,0.0,-0.006233318757122605,0.01246663751424521,0.0,-0.1584,1.0296,0.0,0.0,0.1,0.0,0.0,0.0994837673636768,0.0,-0.006233318757122605,0.01246663751424521,0.0,square,1,0.1,0.25,12,24,0.3000004291534424,0.0
1779528014.395569,0.0,0.0994837673636768,0.0,-0.006233318757122605,0.01246663751424521,0.0,-0.1584,1.0296,0.0,0.0,0.1,0.0,0.0,0.0994837673636768,0.0,0.0,0.0020777729190408684,0.0,square,1,0.1,0.25,12,24,0.3104736804962158,0.0
1779528014.4053838,0.0,0.0994837673636768,0.0,0.0,0.0020777729190408684,0.0,-0.0792,0.7127999999999999,-0.1188,0.0,0.1,0.0,0.0,0.0994837673636768,0.0,0.0020777729190408684,0.0,0.0,square,1,0.1,0.25,12,24,0.32018613815307617,0.0
1779528014.4155862,0.0,0.0994837673636768,0.0,0.0020777729190408684,0.0,0.0,0.0396,0.5940000000000001,-0.1188,0.0,0.1,0.0,0.0,0.0994837673636768,0.0,0.0020777729190408684,0.0,0.0,square,1,0.1,0.25,12,24,0.3300008773803711,0.0
1779528014.4253838,0.0,0.0994837673636768,0.0,0.0020777729190408684,0.0,0.0,0.0396,0.5940000000000001,-0.1188,0.0,0.1,0.0,0.0,0.0994837673636768,0.0,0.0,0.0,0.0,square,1,0.1,0.25,12,24,0.34020328521728516,0.0
1779528014.4353833,0.0,0.0994837673636768,0.0,0.0,0.0,0.0,-0.1188,0.9107999999999999,-0.2376,0.0,0.1,0.0,0.0,0.0994837673636768,0.0,0.0,0.0,0.0,square,1,0.1,0.25,12,24,0.35000085830688477,0.0
1779528014.4453835,0.0,0.0994837673636768,0.0,0.0,0.0,0.0,-0.1188,0.6732,-0.1584,0.0,0.1,0.0,0.0,0.0994837673636768,0.0,-0.0020777729190408684,0.0,0.0,square,1,0.1,0.25,12,24,0.3600003719329834,0.0
1779528014.4553838,0.0,0.0994837673636768,0.0,-0.0020777729190408684,0.0,0.0,0.0,0.7524000000000001,0.1584,0.0,0.1,0.0,0.0,0.0994837673636768,0.0,0.0,0.0,0.0,square,1,0.1,0.25,12,24,0.37000060081481934,0.0
1779528014.465395,0.0,0.0994837673636768,0.0,0.0,0.0,0.0,-0.0396,0.9107999999999999,-0.0396,0.0,0.1,0.0,0.0,0.0994837673636768,0.0,0.0,0.0,0.0,square,1,0.1,0.25,12,24,0.3800008296966553,0.0
1779528014.475391,0.0,0.0994837673636768,0.0,0.0,0.0,0.0,-0.0396,0.6732,-0.1584,0.0,0.1,0.0,0.0,0.0994837673636768,0.0,-0.004155545838081737,0.0,0.0,square,1,0.1,0.25,12,24,0.3900120258331299,0.0
1779528014.4853914,0.0,0.0994837673636768,0.0,-0.004155545838081737,0.0,0.0,0.0,0.9107999999999999,0.1584,0.0,0.1,0.0,0.0,0.0994837673636768,0.0,0.0,0.0020777729190408684,0.0,square,1,0.1,0.25,12,24,0.400007963180542,0.0
1779528014.4956617,0.0,0.0994837673636768,0.0,0.0,0.0020777729190408684,0.0,0.0,0.7524000000000001,-0.0792,0.0,0.1,0.0,0.0,0.0994837673636768,0.0,0.0,0.0020777729190408684,0.0,square,1,0.1,0.25,12,24,0.41000843048095703,0.0
1779528014.5053844,0.0,0.0994837673636768,0.0,0.0,0.0020777729190408684,0.0,0.0,0.7524000000000001,-0.0792,0.0,0.1,0.0,0.0,0.0994837673636768,0.0,0.0,0.0,0.0,square,1,0.1,0.25,12,24,0.42027878761291504,0.0
1779528014.515395,0.0,0.0994837673636768,0.0,0.0,0.0,0.0,0.0,0.7524000000000001,-0.1584,0.0,0.1,0.0,0.0,0.0994837673636768,0.0,0.0,0.0,0.0,square,1,0.1,0.25,12,24,0.43000149726867676,0.0
1779528014.5253916,0.0,0.0994837673636768,0.0,0.0,0.0,0.0,-0.0396,0.8712,0.0792,0.0,0.1,0.0,0.0,0.0994837673636768,0.0,0.0,0.0020777729190408684,0.0,square,1,0.1,0.25,12,24,0.44001197814941406,0.0
1779528014.535391,0.0,0.0994837673636768,0.0,0.0,0.0020777729190408684,0.0,-0.0792,0.9107999999999999,-0.198,0.0,0.1,0.0,0.0,0.0994837673636768,0.0,0.0020777729190408684,-0.0020777729190408684,0.0,square,1,0.1,0.25,12,24,0.4500086307525635,0.0
1779528014.5454123,0.0,0.0994837673636768,0.0,0.0020777729190408684,-0.0020777729190408684,0.0,0.198,0.9504,0.2376,0.0,0.1,0.0,0.0,0.0994837673636768,0.0,0.0,0.0,0.0,square,1,0.1,0.25,12,24,0.4600081443786621,0.0
1779528014.5555866,0.0,0.0994837673636768,0.0,0.0,0.0,0.0,-0.1584,0.792,-0.1188,0.0,0.1,0.0,0.0,0.0994837673636768,0.0,0.0,0.0,0.0,square,1,0.1,0.25,12,24,0.470029354095459,0.0
1779528014.5654123,0.0,0.0994837673636768,0.0,0.0,0.0,0.0,-0.1584,0.792,-0.1188,0.0,0.1,0.0,0.0,0.0994837673636768,0.0,0.0,0.0,0.0,square,1,0.1,0.25,12,24,0.48020362854003906,0.0
1779528014.5753832,0.0,0.0994837673636768,0.0,0.0,0.0,0.0,-0.0396,0.9107999999999999,-0.0396,0.0,0.1,0.0,0.0,0.0994837673636768,0.0,-0.0020777729190408684,0.0,0.0,square,1,0.1,0.25,12,24,0.49002933502197266,0.0
1779528014.5853841,0.0,0.0994837673636768,0.0,-0.0020777729190408684,0.0,0.0,0.0,0.8316,-0.198,0.0,0.1,0.0,0.0,0.0994837673636768,0.0,0.0,0.0,0.0,square,1,0.1,0.25,12,24,0.5000002384185791,0.0
1779528014.595415,0.0,0.0994837673636768,0.0,0.0,0.0,0.0,0.0,1.0296,0.198,0.0,0.1,0.0,0.0,0.0994837673636768,0.0,0.004155545838081737,0.0,0.0,square,1,0.1,0.25,12,24,0.5100011825561523,0.0
1779528014.6055284,0.0,0.0994837673636768,0.0,0.004155545838081737,0.0,0.0,-0.0396,0.9107999999999999,-0.0792,0.0,0.1,0.0,0.0,0.0994837673636768,0.0,0.004155545838081737,0.0,0.0,square,1,0.1,0.25,12,24,0.5200321674346924,0.0
1779528014.615611,0.0,0.0994837673636768,0.0,0.004155545838081737,0.0,0.0,-0.0396,0.9107999999999999,-0.0792,0.0,0.1,0.0,0.0,0.0994837673636768,0.0,0.004155545838081737,0.0,0.0,square,1,0.1,0.25,12,24,0.5301454067230225,0.0
1779528014.625529,0.0,0.0994837673636768,0.0,0.004155545838081737,0.0,0.0,-0.0396,0.9107999999999999,-0.0792,0.0,0.1,0.0,0.0,0.0994837673636768,0.0,0.0020777729190408684,0.0,0.0,square,1,0.1,0.25,12,24,0.5402281284332275,0.0
1779528014.6355746,0.0,0.0994837673636768,0.0,0.0020777729190408684,0.0,0.0,-0.1188,0.9504,-0.0792,0.0,0.1,0.0,0.0,0.0994837673636768,0.0,0.0,0.0,0.0,square,1,0.1,0.25,12,24,0.5501461029052734,0.0
1779528014.6455436,0.0,0.0994837673636768,0.0,0.0,0.0,0.0,-0.1584,0.8712,0.1584,0.0,0.1,0.0,0.0,0.0994837673636768,0.0,0.0,0.0,0.0,square,1,0.1,0.25,12,24,0.5601916313171387,0.0
1779528014.655414,0.0,0.0994837673636768,0.0,0.0,0.0,0.0,-0.1188,0.99,-0.198,0.0,0.1,0.0,0.0,0.0994837673636768,0.0,-0.0020777729190408684,0.0,0.0,square,1,0.1,0.25,12,24,0.5701606273651123,0.0
1779528014.6653843,0.0,0.0994837673636768,0.0,-0.0020777729190408684,0.0,0.0,0.0,1.0692,0.1188,0.0,0.1,0.0,0.0,0.0994837673636768,0.0,-0.004155545838081737,-0.0020777729190408684,0.0,square,1,0.1,0.25,12,24,0.580031156539917,0.0
1779528014.6753924,0.0,0.0994837673636768,0.0,-0.004155545838081737,-0.0020777729190408684,0.0,0.0,1.1088000000000002,0.27720000000000006,0.0,0.1,0.0,0.0,0.0994837673636768,0.0,0.0,0.0,0.0,square,1,0.1,0.25,12,24,0.5900013446807861,0.0
1779528014.6853921,0.0,0.0994837673636768,0.0,0.0,0.0,0.0,0.0,1.1088000000000002,-0.1584,0.0,0.1,0.0,0.0,0.0994837673636768,0.0,0.0,0.0,0.0,square,1,0.1,0.25,12,24,0.6000094413757324,0.0
1779528014.6955836,0.0,0.0994837673636768,0.0,0.0,0.0,0.0,0.0,1.0296,0.1584,0.0,0.1,0.0,0.0,0.0994837673636768,0.0,0.0,0.0,0.0,square,1,0.1,0.25,12,24,0.6100091934204102,0.0
1779528014.705414,0.0,0.0994837673636768,0.0,0.0,0.0,0.0,0.0,1.0296,0.1584,0.0,0.1,0.0,0.0,0.0994837673636768,0.0,0.0020777729190408684,0.0,0.0,square,1,0.1,0.25,12,24,0.6202006340026855,0.0
1779528014.7155888,0.0,0.0994837673636768,0.0,0.0020777729190408684,0.0,0.0,-0.0792,1.1088000000000002,-0.1584,0.0,0.1,0.0,0.0,0.0994837673636768,0.0,0.0020777729190408684,0.0,0.0,square,1,0.1,0.25,12,24,0.6300311088562012,0.0
1779528014.7254136,0.0,0.0994837673636768,0.0,0.0020777729190408684,0.0,0.0,-0.0792,1.1088000000000002,-0.1584,0.0,0.1,0.0,0.0,0.0994837673636768,0.0,0.0020777729190408684,0.0,0.0,square,1,0.1,0.25,12,24,0.6402058601379395,0.0
1779528014.7353835,0.0,0.0994837673636768,0.0,0.0020777729190408684,0.0,0.0,0.1584,1.0296,0.1584,0.0,0.1,0.0,0.0,0.0994837673636768,0.0,0.0,-0.0020777729190408684,0.0,square,1,0.1,0.25,12,24,0.6500306129455566,0.0
1779528014.745385,0.0,0.0994837673636768,0.0,0.0,-0.0020777729190408684,0.0,-0.198,0.99,-0.0396,0.0,0.1,0.0,0.0,0.0994837673636768,0.0,0.0,0.0,0.0,square,1,0.1,0.25,12,24,0.6600005626678467,0.0
1779528014.7553837,0.0,0.0994837673636768,0.0,0.0,0.0,0.0,-0.1584,1.1088000000000002,-0.0396,0.0,0.1,0.0,0.0,0.0994837673636768,0.0,0.0,0.0,0.0020777729190408684,square,1,0.1,0.25,12,24,0.6700019836425781,0.0
1779528014.7654202,0.0,0.0994837673636768,0.0,0.0,0.0,0.0020777729190408684,-0.1188,0.99,0.198,0.0,0.1,0.0,0.0,0.0994837673636768,0.0,0.0,0.0,0.0020777729190408684,square,1,0.1,0.25,12,24,0.6800007820129395,0.0
1779528014.7754962,0.0,0.0994837673636768,0.0,0.0,0.0,0.0020777729190408684,-0.1188,0.99,0.198,0.0,0.1,0.0,0.0,0.0994837673636768,0.0,-0.0020777729190408684,0.0,0.0,square,1,0.1,0.25,12,24,0.6900372505187988,0.0
1779528014.7853837,0.0,0.0994837673636768,0.0,-0.0020777729190408684,0.0,0.0,0.0,1.0692,0.0,0.0,0.1,0.0,0.0,0.0994837673636768,0.0,0.0,0.0,0.0,square,1,0.1,0.25,12,24,0.7001132965087891,0.0
1779528014.795415,0.0,0.0994837673636768,0.0,0.0,0.0,0.0,0.0396,0.99,0.0396,0.0,0.1,0.0,0.0,0.0994837673636768,0.0,0.0,0.0,0.0,square,1,0.1,0.25,12,24,0.71000075340271,0.0
1779528014.8054109,0.0,0.0994837673636768,0.0,0.0,0.0,0.0,0.0,1.0296,-0.1584,0.0,0.1,0.0,0.0,0.0994837673636768,0.0,0.0,0.0,0.0,square,1,0.1,0.25,12,24,0.7200319766998291,0.0
1779528014.8155704,0.0,0.0994837673636768,0.0,0.0,0.0,0.0,0.0,1.0296,-0.1584,0.0,0.1,0.0,0.0,0.0994837673636768,0.0,0.0,0.0,0.0,square,1,0.1,0.25,12,24,0.7300279140472412,0.0
1779528014.8253834,0.0,0.0994837673636768,0.0,0.0,0.0,0.0,0.0396,1.1483999999999999,0.0,0.0,0.1,0.0,0.0,0.0994837673636768,0.0,0.0,0.0,0.0,square,1,0.1,0.25,12,24,0.740187406539917,0.0
1779528014.835383,0.0,0.0994837673636768,0.0,0.0,0.0,0.0,-0.1188,1.0692,0.2376,0.0,0.1,0.0,0.0,0.0994837673636768,0.0,0.0,0.0,0.0,square,1,0.1,0.25,12,24,0.7500004768371582,0.0
1779528014.8455713,0.0,0.0994837673636768,0.0,0.0,0.0,0.0,-0.0792,1.1483999999999999,-0.0396,0.0,0.1,0.0,0.0,0.0994837673636768,0.0,0.0,0.0,0.0,square,1,0.1,0.25,12,24,0.7599999904632568,0.0
1779528014.8554652,0.0,0.0994837673636768,0.0,0.0,0.0,0.0,-0.0792,1.1483999999999999,-0.0396,0.0,0.1,0.0,0.0,0.0994837673636768,0.0,0.0,0.0,0.0,square,1,0.1,0.25,12,24,0.7701883316040039,0.0
1779528014.8655646,0.0,0.0994837673636768,0.0,0.0,0.0,0.0,-0.0792,0.9504,-0.1584,0.0,0.1,0.0,0.0,0.0994837673636768,0.0,-0.0020777729190408684,0.0,0.0,square,1,0.1,0.25,12,24,0.7800822257995605,0.0
1779528014.8755279,0.0,0.0994837673636768,0.0,-0.0020777729190408684,0.0,0.0,-0.0396,1.1880000000000002,0.198,0.0,0.1,0.0,0.0,0.0994837673636768,0.0,0.0,0.0,0.0,square,1,0.1,0.25,12,24,0.7901816368103027,0.0
1779528014.8854117,0.0,0.0994837673636768,0.0,0.0,0.0,0.0,-0.0396,1.1088000000000002,-0.1584,0.0,0.1,0.0,0.0,0.0994837673636768,0.0,0.0,0.0,0.0,square,1,0.1,0.25,12,24,0.8001449108123779,0.0
1779528014.8955555,0.0,0.0994837673636768,0.0,0.0,0.0,0.0,-0.0396,0.99,-0.1188,0.0,0.1,0.0,0.0,0.0994837673636768,0.0,-0.0020777729190408684,0.0,0.0,square,1,0.1,0.25,12,24,0.8100287914276123,0.0
1779528014.9055455,0.0,0.0994837673636768,0.0,-0.0020777729190408684,0.0,0.0,-0.0396,1.1483999999999999,-0.1584,0.0,0.1,0.0,0.0,0.0994837673636768,0.0,0.0,-0.0020777729190408684,0.0,square,1,0.1,0.25,12,24,0.8201725482940674,0.0
1779528014.9154124,0.0,0.0994837673636768,0.0,0.0,-0.0020777729190408684,0.0,-0.0396,1.2672,0.198,0.0,0.1,0.0,0.0,0.0994837673636768,0.0,0.0,0.0,0.0,square,1,0.1,0.25,12,24,0.830162525177002,0.0
1779528014.9255495,0.0,0.0994837673636768,0.0,0.0,0.0,0.0,-0.1188,1.2276,-0.1584,0.0,0.1,0.0,0.0,0.0994837673636768,0.0,0.0,0.0,0.0,square,1,0.1,0.25,12,24,0.8400294780731201,0.0
1779528014.9355335,0.0,0.0994837673636768,0.0,0.0,0.0,0.0,-0.1188,1.2276,-0.1584,0.0,0.1,0.0,0.0,0.0994837673636768,0.0,0.0,0.0,0.0020777729190408684,square,1,0.1,0.25,12,24,0.8501665592193604,0.0
1779528014.945444,0.0,0.0994837673636768,0.0,0.0,0.0,0.0020777729190408684,-0.0396,1.1088000000000002,0.198,0.0,0.1,0.0,0.0,0.0994837673636768,0.0,0.0,0.0,-0.0020777729190408684,square,1,0.1,0.25,12,24,0.8601505756378174,0.0
1779528014.9553676,0.0,0.0994837673636768,0.0,0.0,0.0,-0.0020777729190408684,0.0,1.0692,-0.1584,0.0,0.1,0.0,0.0,0.0994837673636768,0.0,-0.0020777729190408684,-0.0020777729190408684,0.0,square,1,0.1,0.25,12,24,0.8700611591339111,0.0
1779528014.965384,0.0,0.0994837673636768,0.0,-0.0020777729190408684,-0.0020777729190408684,0.0,0.0,1.0296,-0.1584,0.0,0.1,0.0,0.0,0.0994837673636768,0.0,0.0,0.0,0.0,square,1,0.1,0.25,12,24,0.8799846172332764,0.0
1779528014.9756224,0.0,0.0994837673636768,0.0,0.0,0.0,0.0,-0.0396,1.0296,-0.1584,0.0,0.1,0.0,0.0,0.0994837673636768,0.0,0.0,0.0,0.0,square,1,0.1,0.25,12,24,0.8900010585784912,0.0
1779528014.985412,0.0,0.0994837673636768,0.0,0.0,0.0,0.0,-0.0396,1.0296,-0.1584,0.0,0.1,0.0,0.0,0.0994837673636768,0.0,0.0,0.0,0.0,square,1,0.1,0.25,12,24,0.9002394676208496,0.0
1779528014.9953828,0.0,0.0994837673636768,0.0,0.0,0.0,0.0,-0.0396,1.2672,0.0,0.0,0.1,0.0,0.0,0.0994837673636768,0.0,0.0,0.0,0.0,square,1,0.1,0.25,12,24,0.9100289344787598,0.0
1779528015.005516,0.0,0.0994837673636768,0.0,0.0,0.0,0.0,-0.0792,1.3068,-0.1188,0.0,0.1,0.0,0.0,0.0994837673636768,0.0,0.0,0.0,0.0,square,1,0.1,0.25,12,24,0.9199998378753662,0.0
1779528015.015643,0.0,0.0994837673636768,0.0,0.0,0.0,0.0,-0.0792,1.3068,-0.1188,0.0,0.1,0.0,0.0,0.0994837673636768,0.0,0.0,0.0,0.0,square,1,0.1,0.25,12,24,0.9301331043243408,0.0
1779528015.0254319,0.0,0.0994837673636768,0.0,0.0,0.0,0.0,-0.0792,1.2672,-0.1584,0.0,0.1,0.0,0.0,0.0994837673636768,0.0,0.0,0.0,0.0,square,1,0.1,0.25,12,24,0.9402599334716797,0.0
1779528015.0353832,0.0,0.0994837673636768,0.0,0.0,0.0,0.0,-0.1584,1.3068,0.0396,0.0,0.1,0.0,0.0,0.0994837673636768,0.0,0.0,0.0,0.0,square,1,0.1,0.25,12,24,0.9500489234924316,0.0
1779528015.045383,0.0,0.0994837673636768,0.0,0.0,0.0,0.0,-0.1188,1.2276,-0.1188,0.0,0.1,0.0,0.0,0.0994837673636768,0.0,0.0,0.0,0.0,square,1,0.1,0.25,12,24,0.9600002765655518,0.0
1779528015.0554137,0.0,0.0994837673636768,0.0,0.0,0.0,0.0,-0.0792,1.1880000000000002,-0.198,0.0,0.1,0.0,0.0,0.0994837673636768,0.0,-0.0020777729190408684,0.0,0.0,square,1,0.1,0.25,12,24,0.9700000286102295,0.0
1779528015.0654144,0.0,0.0994837673636768,0.0,-0.0020777729190408684,0.0,0.0,-0.0396,1.2276,-0.0396,0.0,0.1,0.0,0.0,0.0994837673636768,0.0,-0.0020777729190408684,0.0,0.0,square,1,0.1,0.25,12,24,0.9800307750701904,0.0
1779528015.0754137,0.0,0.0994837673636768,0.0,-0.0020777729190408684,0.0,0.0,0.0,1.1088000000000002,-0.0792,0.0,0.1,0.0,0.0,0.0994837673636768,0.0,-0.0020777729190408684,0.0,0.0,square,1,0.1,0.25,12,24,0.9900314807891846,0.0
1779528015.0854154,0.0,0.0994837673636768,0.0,-0.0020777729190408684,0.0,0.0,0.0,1.2276,0.1584,0.0,0.1,0.0,0.0,0.0994837673636768,0.0,0.0,0.0,0.0,square,1,0.1,0.25,12,24,1.000030755996704,0.0
1779528015.0954123,0.0,0.0994837673636768,0.0,0.0,0.0,0.0,0.0,1.0692,-0.1584,0.0,0.1,0.0,0.0,0.0994837673636768,0.0,0.0,0.0,0.0,square,1,0.1,0.25,12,24,1.0100324153900146,0.0
1779528015.1054142,0.0,0.0994837673636768,0.0,0.0,0.0,0.0,-0.0396,1.3464,-0.198,0.0,0.1,0.0,0.0,0.0994837673636768,0.0,0.0020777729190408684,0.0,0.0,square,1,0.1,0.25,12,24,1.0200293064117432,0.0
1779528015.1155727,0.0,0.0994837673636768,0.0,0.0020777729190408684,0.0,0.0,-0.1188,1.1880000000000002,-0.198,0.0,0.1,0.0,0.0,0.0994837673636768,0.0,0.0020777729190408684,0.0,0.0,square,1,0.1,0.25,12,24,1.0300312042236328,0.0
1779528015.1253736,0.0,0.0994837673636768,0.0,0.0020777729190408684,0.0,0.0,-0.1188,1.1880000000000002,-0.198,0.0,0.1,0.0,0.0,0.0994837673636768,0.0,0.0,0.0,0.0,square,1,0.1,0.25,12,24,1.0401897430419922,0.0
1779528015.1353827,0.0,0.0994837673636768,0.0,0.0,0.0,0.0,-0.0792,1.2276,-0.198,0.0,0.1,0.0,0.0,0.0994837673636768,0.0,0.0,0.0,0.0,square,1,0.1,0.25,12,24,1.0499906539916992,0.0
1779528015.1453831,0.0,0.0994837673636768,0.0,0.0,0.0,0.0,-0.0792,1.3068,-0.198,0.0,0.1,0.0,0.0,0.0994837673636768,0.0,0.0,0.0,0.0,square,1,0.1,0.25,12,24,1.059999704360962,0.0
1779528015.1553946,0.0,0.0994837673636768,0.0,0.0,0.0,0.0,-0.1188,1.2276,-0.0792,0.0,0.1,0.0,0.0,0.0994837673636768,0.0,-0.0020777729190408684,0.0,0.0020777729190408684,square,1,0.1,0.25,12,24,1.070000171661377,0.0
1779528015.1653907,0.0,0.0994837673636768,0.0,-0.0020777729190408684,0.0,0.0020777729190408684,-0.0396,1.3860000000000001,0.2376,0.0,0.1,0.0,0.0,0.0994837673636768,0.0,0.0,0.0,-0.0020777729190408684,square,1,0.1,0.25,12,24,1.0800116062164307,0.0
1779528015.1754587,0.0,0.0994837673636768,0.0,0.0,0.0,-0.0020777729190408684,-0.0396,1.3068,-0.0792,0.0,0.1,0.0,0.0,0.0994837673636768,0.0,0.0,0.0,-0.0020777729190408684,square,1,0.1,0.25,12,24,1.0900077819824219,0.0
1779528015.1853952,0.0,0.0994837673636768,0.0,0.0,0.0,-0.0020777729190408684,-0.0396,1.3068,-0.0792,0.0,0.1,0.0,0.0,0.0994837673636768,0.0,0.0,0.0,0.0,square,1,0.1,0.25,12,24,1.1000757217407227,0.0
1779528015.19539,0.0,0.0994837673636768,0.0,0.0,0.0,0.0,-0.0396,1.3068,0.198,0.0,0.1,0.0,0.0,0.0994837673636768,0.0,0.0,0.0,0.0,square,1,0.1,0.25,12,24,1.1100122928619385,0.0
1779528015.2054012,0.0,0.0994837673636768,0.0,0.0,0.0,0.0,0.0,1.1483999999999999,-0.0396,0.0,0.1,0.0,0.0,0.0994837673636768,0.0,0.0,-0.0020777729190408684,0.0,square,1,0.1,0.25,12,24,1.120007038116455,0.0
1779528015.2155886,0.0,0.0994837673636768,0.0,0.0,-0.0020777729190408684,0.0,-0.0792,1.2672,-0.198,0.0,0.1,0.0,0.0,0.0994837673636768,0.0,0.0,-0.0020777729190408684,0.0,square,1,0.1,0.25,12,24,1.1300182342529297,0.0
1779528015.22553,0.0,0.0994837673636768,0.0,0.0,-0.0020777729190408684,0.0,-0.0792,1.2672,-0.198,0.0,0.1,0.0,0.0,0.0994837673636768,0.0,0.0,0.0,0.0,square,1,0.1,0.25,12,24,1.1402056217193604,0.0
1779528015.235433,0.0,0.0994837673636768,0.0,0.0,0.0,0.0,-0.1188,1.1088000000000002,-0.27720000000000006,0.0,0.1,0.0,0.0,0.0994837673636768,0.0,0.0,0.0,0.0020777729190408684,square,1,0.1,0.25,12,24,1.1501469612121582,0.0
1779528015.2453833,0.0,0.0994837673636768,0.0,0.0,0.0,0.0020777729190408684,-0.0396,1.2672,-0.0396,0.0,0.1,0.0,0.0,0.0994837673636768,0.0,0.0,0.0,0.0,square,1,0.1,0.25,12,24,1.1600501537322998,0.0
1779528015.2554061,0.0,0.0994837673636768,0.0,0.0,0.0,0.0,-0.0396,1.1880000000000002,-0.1188,0.0,0.1,0.0,0.0,0.0994837673636768,0.0,-0.0020777729190408684,0.0,0.0,square,1,0.1,0.25,12,24,1.1700003147125244,0.0
1779528015.2655566,0.0,0.0994837673636768,0.0,-0.0020777729190408684,0.0,0.0,0.0,1.4255999999999998,-0.1584,0.0,0.1,0.0,0.0,0.0994837673636768,0.0,-0.0020777729190408684,0.0,0.0,square,1,0.1,0.25,12,24,1.180023193359375,0.0
1779528015.2754326,0.0,0.0994837673636768,0.0,-0.0020777729190408684,0.0,0.0,0.0,1.4255999999999998,-0.1584,0.0,0.1,0.0,0.0,0.0994837673636768,0.0,0.0,0.0,0.0,square,1,0.1,0.25,12,24,1.190173625946045,0.0
1779528015.2854133,0.0,0.0994837673636768,0.0,0.0,0.0,0.0,0.0,1.1088000000000002,-0.1188,0.0,0.1,0.0,0.0,0.0994837673636768,0.0,0.0,0.0,0.0020777729190408684,square,1,0.1,0.25,12,24,1.200049638748169,0.0
1779528015.295384,0.0,0.0994837673636768,0.0,0.0,0.0,0.0020777729190408684,0.0,1.3464,0.3168,0.0,0.1,0.0,0.0,0.0994837673636768,0.0,0.0,0.0,0.0,square,1,0.1,0.25,12,24,1.2100303173065186,0.0
1779528015.305383,0.0,0.0994837673636768,0.0,0.0,0.0,0.0,-0.0396,1.1483999999999999,-0.1584,0.0,0.1,0.0,0.0,0.0994837673636768,0.0,0.0020777729190408684,0.0,0.0,square,1,0.1,0.25,12,24,1.220000982284546,0.0
1779528015.3153908,0.0,0.0994837673636768,0.0,0.0020777729190408684,0.0,0.0,-0.1188,1.3464,-0.198,0.0,0.1,0.0,0.0,0.0994837673636768,0.0,0.0,0.0,0.0,square,1,0.1,0.25,12,24,1.2300000190734863,0.0
1779528015.325612,0.0,0.0994837673636768,0.0,0.0,0.0,0.0,-0.0792,1.2276,-0.0792,0.0,0.1,0.0,0.0,0.0994837673636768,0.0,0.0,0.0,0.0,square,1,0.1,0.25,12,24,1.2400078773498535,0.0
1779528015.3354106,0.0,0.0994837673636768,0.0,0.0,0.0,0.0,-0.0792,1.2276,-0.0792,0.0,0.1,0.0,0.0,0.0994837673636768,0.0,0.0,-0.0020777729190408684,0.0,square,1,0.1,0.25,12,24,1.2502291202545166,0.0
1779528015.345536,0.0,0.0994837673636768,0.0,0.0,-0.0020777729190408684,0.0,-0.0792,1.3860000000000001,-0.0792,0.0,0.1,0.0,0.0,0.0994837673636768,0.0,0.0,-0.0020777729190408684,0.0,square,1,0.1,0.25,12,24,1.2600276470184326,0.0
1779528015.355541,0.0,0.0994837673636768,0.0,0.0,-0.0020777729190408684,0.0,-0.0792,1.3860000000000001,-0.0792,0.0,0.1,0.0,0.0,0.0994837673636768,0.0,0.0,0.0,0.0,square,1,0.1,0.25,12,24,1.2701530456542969,0.0
1779528015.3654363,0.0,0.0994837673636768,0.0,0.0,0.0,0.0,-0.1188,1.1483999999999999,-0.0792,0.0,0.1,0.0,0.0,0.0994837673636768,0.0,-0.0020777729190408684,0.0,0.0,square,1,0.1,0.25,12,24,1.2801580429077148,0.0
1779528015.3753877,0.0,0.0994837673636768,0.0,-0.0020777729190408684,0.0,0.0,0.0,1.4255999999999998,-0.198,0.0,0.1,0.0,0.0,0.0994837673636768,0.0,0.0,0.0,0.0,square,1,0.1,0.25,12,24,1.290053367614746,0.0
1779528015.3854058,0.0,0.0994837673636768,0.0,0.0,0.0,0.0,0.0396,1.3068,-0.1584,0.0,0.1,0.0,0.0,0.0994837673636768,0.0,0.0,0.0,0.0020777729190408684,square,1,0.1,0.25,12,24,1.3000047206878662,0.0
1779528015.3955426,0.0,0.0994837673636768,0.0,0.0,0.0,0.0020777729190408684,-0.0396,1.1483999999999999,-0.1584,0.0,0.1,0.0,0.0,0.0994837673636768,0.0,0.0,0.0,0.0020777729190408684,square,1,0.1,0.25,12,24,1.3100228309631348,0.0
1779528015.405411,0.0,0.0994837673636768,0.0,0.0,0.0,0.0020777729190408684,-0.0396,1.1483999999999999,-0.1584,0.0,0.1,0.0,0.0,0.0994837673636768,0.0,0.0,0.0,0.0,square,1,0.1,0.25,12,24,1.320159673690796,0.0
1779528015.4153838,0.0,0.0994837673636768,0.0,0.0,0.0,0.0,-0.0396,1.3464,-0.198,0.0,0.1,0.0,0.0,0.0994837673636768,0.0,0.0,0.0,0.0,square,1,0.1,0.25,12,24,1.3300280570983887,0.0
1779528015.4255118,0.0,0.0994837673636768,0.0,0.0,0.0,0.0,-0.0396,1.3068,0.198,0.0,0.1,0.0,0.0,0.0994837673636768,0.0,0.0,0.0,0.0,square,1,0.1,0.25,12,24,1.340000867843628,0.0
1779528015.4355946,0.0,0.0994837673636768,0.0,0.0,0.0,0.0,-0.0396,1.3068,0.198,0.0,0.1,0.0,0.0,0.0994837673636768,0.0,0.0,0.0,0.0,square,1,0.1,0.25,12,24,1.3501288890838623,0.0
1779528015.4456518,0.0,0.0994837673636768,0.0,0.0,0.0,0.0,-0.0396,1.1483999999999999,0.3168,0.0,0.1,0.0,0.0,0.0994837673636768,0.0,0.0,0.0,0.0,square,1,0.1,0.25,12,24,1.3602116107940674,0.0
1779528015.4554777,0.0,0.0994837673636768,0.0,0.0,0.0,0.0,0.0396,1.3860000000000001,-0.0792,0.0,0.1,0.0,0.0,0.0994837673636768,0.0,0.0,0.0,0.0,square,1,0.1,0.25,12,24,1.3702688217163086,0.0
1779528015.4653833,0.0,0.0994837673636768,0.0,0.0,0.0,0.0,-0.0396,1.1880000000000002,-0.1188,0.0,0.1,0.0,0.0,0.0994837673636768,0.0,0.0,0.0,0.0,square,1,0.1,0.25,12,24,1.3800947666168213,0.0
1779528015.4755208,0.0,0.0994837673636768,0.0,0.0,0.0,0.0,-0.0396,1.2276,-0.198,0.0,0.1,0.0,0.0,0.0994837673636768,0.0,0.0,0.0,0.0,square,1,0.1,0.25,12,24,1.390000343322754,0.0
1779528015.4854128,0.0,0.0994837673636768,0.0,0.0,0.0,0.0,-0.0396,1.2276,-0.198,0.0,0.1,0.0,0.0,0.0994837673636768,0.0,0.0,0.0,0.0,square,1,0.1,0.25,12,24,1.4001379013061523,0.0
1779528015.4955413,0.0,0.0994837673636768,0.0,0.0,0.0,0.0,-0.1188,1.3068,-0.2376,0.0,0.1,0.0,0.0,0.0994837673636768,0.0,0.0,0.0,0.0,square,1,0.1,0.25,12,24,1.4100298881530762,0.0
1779528015.5053506,0.0,0.0994837673636768,0.0,0.0,0.0,0.0,-0.1188,1.3068,-0.2376,0.0,0.1,0.0,0.0,0.0994837673636768,0.0,0.0,0.0,0.0,square,1,0.1,0.25,12,24,1.4201583862304688,0.0
1779528015.5153832,0.0,0.0994837673636768,0.0,0.0,0.0,0.0,-0.0396,1.2276,-0.1584,0.0,0.1,0.0,0.0,0.0994837673636768,0.0,0.0,0.0,0.0,square,1,0.1,0.25,12,24,1.4299676418304443,0.0
1779528015.5254254,0.0,0.0994837673636768,0.0,0.0,0.0,0.0,-0.0396,1.3464,-0.2376,0.0,0.1,0.0,0.0,0.0994837673636768,0.0,0.0,0.0,0.0,square,1,0.1,0.25,12,24,1.440000295639038,0.0
1779528015.535383,0.0,0.0994837673636768,0.0,0.0,0.0,0.0,0.0,1.3068,0.2376,0.0,0.1,0.0,0.0,0.0994837673636768,0.0,0.0,0.0,0.0,square,1,0.1,0.25,12,24,1.450042486190796,0.0
1779528015.5454116,0.0,0.0994837673636768,0.0,0.0,0.0,0.0,-0.0396,1.1088000000000002,-0.1188,0.0,0.1,0.0,0.0,0.0994837673636768,0.0,0.0,0.0,0.0,square,1,0.1,0.25,12,24,1.4600000381469727,0.0
1779528015.5554106,0.0,0.0994837673636768,0.0,0.0,0.0,0.0,-0.0396,1.4255999999999998,0.2376,0.0,0.1,0.0,0.0,0.0994837673636768,0.0,0.0,0.0,0.0020777729190408684,square,1,0.1,0.25,12,24,1.4700286388397217,0.0
1779528015.5654106,0.0,0.0994837673636768,0.0,0.0,0.0,0.0020777729190408684,-0.0792,1.2276,0.198,0.0,0.1,0.0,0.0,0.0994837673636768,0.0,0.0,0.0,0.0,square,1,0.1,0.25,12,24,1.480027675628662,0.0
1779528015.5754101,0.0,0.0994837673636768,0.0,0.0,0.0,0.0,-0.0396,1.2672,-0.1584,0.0,0.1,0.0,0.0,0.0994837673636768,0.0,0.0,-0.0020777729190408684,-0.0020777729190408684,square,1,0.1,0.25,12,24,1.490027666091919,0.0
1779528015.585361,0.0,0.0994837673636768,0.0,0.0,-0.0020777729190408684,-0.0020777729190408684,-0.0396,1.3068,-0.1188,0.0,0.1,0.0,0.0,0.0994837673636768,0.0,0.0,0.0,0.0,square,1,0.1,0.25,12,24,1.5000271797180176,0.0
1779528015.595586,0.0,0.0994837673636768,0.0,0.0,0.0,0.0,-0.0396,1.1880000000000002,-0.1584,0.0,0.1,0.0,0.0,0.0994837673636768,0.0,0.0,0.0,0.0,square,1,0.1,0.25,12,24,1.5099780559539795,0.0
1779528015.6055508,0.0,0.0994837673636768,0.0,0.0,0.0,0.0,-0.0396,1.1880000000000002,-0.1584,0.0,0.1,0.0,0.0,0.0994837673636768,0.0,0.0,0.0,0.0,square,1,0.1,0.25,12,24,1.5202031135559082,0.0
1779528015.615577,0.0,0.0994837673636768,0.0,0.0,0.0,0.0,-0.0396,1.3860000000000001,-0.198,0.0,0.1,0.0,0.0,0.0994837673636768,0.0,0.0,-0.0020777729190408684,0.0,square,1,0.1,0.25,12,24,1.530167818069458,0.0
1779528015.6255403,0.0,0.0994837673636768,0.0,0.0,-0.0020777729190408684,0.0,-0.0792,1.2276,-0.1584,0.0,0.1,0.0,0.0,0.0994837673636768,0.0,0.0020777729190408684,0.0,0.0,square,1,0.1,0.25,12,24,1.540194034576416,0.0
1779528015.6353831,0.0,0.0994837673636768,0.0,0.0020777729190408684,0.0,0.0,-0.0792,1.3860000000000001,-0.198,0.0,0.1,0.0,0.0,0.0994837673636768,0.0,0.0,0.0,0.0,square,1,0.1,0.25,12,24,1.5501573085784912,0.0
1779528015.6455204,0.0,0.0994837673636768,0.0,0.0,0.0,0.0,0.0,1.1880000000000002,-0.1188,0.0,0.1,0.0,0.0,0.0994837673636768,0.0,0.0,0.0,0.0,square,1,0.1,0.25,12,24,1.5600001811981201,0.0
1779528015.6554031,0.0,0.0994837673636768,0.0,0.0,0.0,0.0,0.0,1.1880000000000002,-0.1188,0.0,0.1,0.0,0.0,0.0994837673636768,0.0,0.0,0.0,0.0,square,1,0.1,0.25,12,24,1.5701375007629395,0.0
1779528015.665383,0.0,0.0994837673636768,0.0,0.0,0.0,0.0,-0.0396,1.3464,-0.27720000000000006,0.0,0.1,0.0,0.0,0.0994837673636768,0.0,0.0,0.0,0.0,square,1,0.1,0.25,12,24,1.5800201892852783,0.0
1779528015.6754622,0.0,0.0994837673636768,0.0,0.0,0.0,0.0,0.0,1.1483999999999999,-0.1584,0.0,0.1,0.0,0.0,0.0994837673636768,0.0,0.0,0.0,0.0,square,1,0.1,0.25,12,24,1.5900001525878906,0.0
1779528015.685355,0.0,0.0994837673636768,0.0,0.0,0.0,0.0,0.0,1.1483999999999999,-0.1584,0.0,0.1,0.0,0.0,0.0994837673636768,0.0,0.0,0.0,0.0,square,1,0.1,0.25,12,24,1.6000792980194092,0.0
1779528015.6953835,0.0,0.0994837673636768,0.0,0.0,0.0,0.0,-0.0396,1.2276,-0.1584,0.0,0.1,0.0,0.0,0.0994837673636768,0.0,0.0,0.0,0.0,square,1,0.1,0.25,12,24,1.6099720001220703,0.0
1779528015.7054114,0.0,0.0994837673636768,0.0,0.0,0.0,0.0,-0.0396,1.3068,-0.0792,0.0,0.1,0.0,0.0,0.0994837673636768,0.0,0.0020777729190408684,0.0,0.0,square,1,0.1,0.25,12,24,1.6200006008148193,0.0
1779528015.7154102,0.0,0.0994837673636768,0.0,0.0020777729190408684,0.0,0.0,-0.0396,1.4255999999999998,-0.2376,0.0,0.1,0.0,0.0,0.0994837673636768,0.0,0.0,0.0,0.0020777729190408684,square,1,0.1,0.25,12,24,1.630028486251831,0.0
1779528015.7254105,0.0,0.0994837673636768,0.0,0.0,0.0,0.0020777729190408684,-0.0396,1.1880000000000002,-0.27720000000000006,0.0,0.1,0.0,0.0,0.0994837673636768,0.0,0.0,0.0,0.0,square,1,0.1,0.25,12,24,1.6400272846221924,0.0
1779528015.7355342,0.0,0.0994837673636768,0.0,0.0,0.0,0.0,-0.1188,1.1483999999999999,-0.198,0.0,0.1,0.0,0.0,0.0994837673636768,0.0,0.0,0.0,0.0,square,1,0.1,0.25,12,24,1.6500275135040283,0.0
1779528015.745383,0.0,0.0994837673636768,0.0,0.0,0.0,0.0,-0.1188,1.1483999999999999,-0.198,0.0,0.1,0.0,0.0,0.0994837673636768,0.0,0.0,0.0,0.0,square,1,0.1,0.25,12,24,1.6601512432098389,0.0
1779528015.7554116,0.0,0.0994837673636768,0.0,0.0,0.0,0.0,0.0,1.4255999999999998,0.27720000000000006,0.0,0.1,0.0,0.0,0.0994837673636768,0.0,0.0,0.0,0.0,square,1,0.1,0.25,12,24,1.6700000762939453,0.0
1779528015.7653942,0.0,0.0994837673636768,0.0,0.0,0.0,0.0,-0.0396,1.1880000000000002,-0.1188,0.0,0.1,0.0,0.0,0.0994837673636768,0.0,0.0,0.0,0.0,square,1,0.1,0.25,12,24,1.6800286769866943,0.0
1779528015.7753913,0.0,0.0994837673636768,0.0,0.0,0.0,0.0,0.0,1.3860000000000001,-0.1188,0.0,0.1,0.0,0.0,0.0994837673636768,0.0,0.0,0.0,0.0,square,1,0.1,0.25,12,24,1.6900112628936768,0.0
1779528015.7856183,0.0,0.0994837673636768,0.0,0.0,0.0,0.0,0.0,1.3068,0.198,0.0,0.1,0.0,0.0,0.0994837673636768,0.0,0.0,0.0,0.0,square,1,0.1,0.25,12,24,1.7000083923339844,0.0
1779528015.7954226,0.0,0.0994837673636768,0.0,0.0,0.0,0.0,0.0,1.3068,0.198,0.0,0.1,0.0,0.0,0.0994837673636768,0.0,0.0020777729190408684,0.0,0.0,square,1,0.1,0.25,12,24,1.710235357284546,0.0
1779528015.8053827,0.0,0.0994837673636768,0.0,0.0020777729190408684,0.0,0.0,0.0792,1.2672,-0.27720000000000006,0.0,0.1,0.0,0.0,0.0994837673636768,0.0,0.0,0.0,0.0020777729190408684,square,1,0.1,0.25,12,24,1.7200396060943604,0.0
1779528015.8153944,0.0,0.0994837673636768,0.0,0.0,0.0,0.0020777729190408684,-0.1188,1.1483999999999999,0.2376,0.0,0.1,0.0,0.0,0.0994837673636768,0.0,0.0,0.0,0.0,square,1,0.1,0.25,12,24,1.7299997806549072,0.0
1779528015.8253615,0.0,0.0994837673636768,0.0,0.0,0.0,0.0,-0.1188,1.2672,-0.2376,0.0,0.1,0.0,0.0,0.0994837673636768,0.0,-0.0020777729190408684,0.0,0.0,square,1,0.1,0.25,12,24,1.74001145362854,0.0
1779528015.8354008,0.0,0.0994837673636768,0.0,-0.0020777729190408684,0.0,0.0,0.0,1.3068,-0.3168,0.0,0.1,0.0,0.0,0.0994837673636768,0.0,0.0,0.0,-0.0020777729190408684,square,1,0.1,0.25,12,24,1.7499785423278809,0.0
1779528015.845522,0.0,0.0994837673636768,0.0,0.0,0.0,-0.0020777729190408684,0.0,1.4255999999999998,-0.396,0.0,0.1,0.0,0.0,0.0994837673636768,0.0,0.0,0.0,-0.0020777729190408684,square,1,0.1,0.25,12,24,1.7600178718566895,0.0
1779528015.8553832,0.0,0.0994837673636768,0.0,0.0,0.0,-0.0020777729190408684,0.0,1.4255999999999998,-0.396,0.0,0.1,0.0,0.0,0.0994837673636768,0.0,0.0020777729190408684,0.0,0.0,square,1,0.1,0.25,12,24,1.7701389789581299,0.0
1779528015.8653827,0.0,0.0994837673636768,0.0,0.0020777729190408684,0.0,0.0,0.0,1.1880000000000002,-0.396,0.0,0.1,0.0,0.0,0.0994837673636768,0.0,-0.0020777729190408684,0.0,0.0,square,1,0.1,0.25,12,24,1.7800002098083496,0.0
1779528015.8754127,0.0,0.0994837673636768,0.0,-0.0020777729190408684,0.0,0.0,-0.0396,1.2672,-0.396,0.0,0.1,0.0,0.0,0.0994837673636768,0.0,0.0,0.0,0.0,square,1,0.1,0.25,12,24,1.7899997234344482,0.0
1779528015.8855743,0.0,0.0994837673636768,0.0,0.0,0.0,0.0,0.0,1.2672,-0.35639999999999994,0.0,0.1,0.0,0.0,0.0994837673636768,0.0,0.0,0.0,0.0,square,1,0.1,0.25,12,24,1.8000297546386719,0.0
1779528015.8954113,0.0,0.0994837673636768,0.0,0.0,0.0,0.0,0.0,1.2672,-0.35639999999999994,0.0,0.1,0.0,0.0,0.0994837673636768,0.0,0.0,0.0,0.0,square,1,0.1,0.25,12,24,1.8101913928985596,0.0
1779528015.905414,0.0,0.0994837673636768,0.0,0.0,0.0,0.0,-0.0792,1.2276,0.4356,0.0,0.1,0.0,0.0,0.0994837673636768,0.0,0.0020777729190408684,0.0,0.0,square,1,0.1,0.25,12,24,1.820028305053711,0.0
1779528015.915414,0.0,0.0994837673636768,0.0,0.0020777729190408684,0.0,0.0,-0.0396,1.3068,0.3168,0.0,0.1,0.0,0.0,0.0994837673636768,0.0,0.0,0.0,0.0020777729190408684,square,1,0.1,0.25,12,24,1.830031156539917,0.0
1779528015.9254134,0.0,0.0994837673636768,0.0,0.0,0.0,0.0020777729190408684,0.0,1.3860000000000001,-0.35639999999999994,0.0,0.1,0.0,0.0,0.0994837673636768,0.0,0.0,0.0,0.0,square,1,0.1,0.25,12,24,1.8400311470031738,0.0
1779528015.9355614,0.0,0.0994837673636768,0.0,0.0,0.0,0.0,-0.0396,1.3860000000000001,-0.4752,0.0,0.1,0.0,0.0,0.0994837673636768,0.0,0.0,0.0,0.0,square,1,0.1,0.25,12,24,1.8500304222106934,0.0
1779528015.9453838,0.0,0.0994837673636768,0.0,0.0,0.0,0.0,-0.0396,1.3860000000000001,-0.4752,0.0,0.1,0.0,0.0,0.0994837673636768,0.0,0.0,0.0,0.0,square,1,0.1,0.25,12,24,1.8601784706115723,0.0
1779528015.9556465,0.0,0.0994837673636768,0.0,0.0,0.0,0.0,-0.0792,1.3068,-0.4356,0.0,0.1,0.0,0.0,0.0994837673636768,0.0,0.0,0.0,0.0,square,1,0.1,0.25,12,24,1.8700008392333984,0.0
1779528015.9654202,0.0,0.0994837673636768,0.0,0.0,0.0,0.0,-0.0792,1.3068,-0.4356,0.0,0.1,0.0,0.0,0.0994837673636768,0.0,0.0020777729190408684,0.0,0.0,square,1,0.1,0.25,12,24,1.8802635669708252,0.0
1779528015.9753673,0.0,0.0994837673636768,0.0,0.0020777729190408684,0.0,0.0,-0.0396,1.1483999999999999,-0.4356,0.0,0.1,0.0,0.0,0.0994837673636768,0.0,0.0,0.0,0.0,square,1,0.1,0.25,12,24,1.8900372982025146,0.0
1779528015.9853866,0.0,0.0994837673636768,0.0,0.0,0.0,0.0,-0.0396,1.1483999999999999,0.3168,0.0,0.1,0.0,0.0,0.0994837673636768,0.0,0.0,0.0,0.0020777729190408684,square,1,0.1,0.25,12,24,1.899984359741211,0.0
1779528015.9953942,0.0,0.0994837673636768,0.0,0.0,0.0,0.0020777729190408684,0.0,1.1088000000000002,0.396,0.0,0.1,0.0,0.0,0.0994837673636768,0.0,0.0,0.0,0.0,square,1,0.1,0.25,12,24,1.910003662109375,0.0
1779528016.005415,0.0,0.0994837673636768,0.0,0.0,0.0,0.0,-0.0396,1.1483999999999999,-0.35639999999999994,0.0,0.1,0.0,0.0,0.0994837673636768,0.0,0.0,0.0,0.0,square,1,0.1,0.25,12,24,1.920011281967163,0.0
1779528016.0153825,0.0,0.0994837673636768,0.0,0.0,0.0,0.0,-0.0792,1.1483999999999999,0.4356,0.0,0.1,0.0,0.0,0.0994837673636768,0.0,0.0,0.0,0.0,square,1,0.1,0.25,12,24,1.9300320148468018,0.0
1779528016.0253842,0.0,0.0994837673636768,0.0,0.0,0.0,0.0,0.0,1.1483999999999999,-0.4356,0.0,0.1,0.0,0.0,0.0994837673636768,0.0,0.0,0.0,0.0,square,1,0.1,0.25,12,24,1.9399995803833008,0.0
1779528016.0355968,0.0,0.0994837673636768,0.0,0.0,0.0,0.0,-0.0396,1.2672,-0.4356,0.0,0.1,0.0,0.0,0.0994837673636768,0.0,0.0,0.0,0.0,square,1,0.1,0.25,12,24,1.9500012397766113,0.0
1779528016.0454302,0.0,0.0994837673636768,0.0,0.0,0.0,0.0,-0.0396,1.2672,-0.4356,0.0,0.1,0.0,0.0,0.0994837673636768,0.0,0.0,0.0,0.0,square,1,0.1,0.25,12,24,1.9602138996124268,0.0
1779528016.05554,0.0,0.0994837673636768,0.0,0.0,0.0,0.0,0.0,1.2672,-0.35639999999999994,0.0,0.1,0.0,0.0,0.0994837673636768,0.0,0.0,0.0,0.0,square,1,0.1,0.25,12,24,1.9700472354888916,0.0
1779528016.0653827,0.0,0.0994837673636768,0.0,0.0,0.0,0.0,0.0,1.1880000000000002,-0.4356,0.0,0.1,0.0,0.0,0.0994837673636768,0.0,0.0,0.0,0.0,square,1,0.1,0.25,12,24,1.9801571369171143,0.0
1779528016.075383,0.0,0.0994837673636768,0.0,0.0,0.0,0.0,0.0,1.3464,-0.4356,0.0,0.1,0.0,0.0,0.0994837673636768,0.0,0.0,-0.0020777729190408684,0.0,square,1,0.1,0.25,12,24,1.989999771118164,0.0
1779528016.0856454,0.0,0.0994837673636768,0.0,0.0,-0.0020777729190408684,0.0,0.0,1.2276,-0.35639999999999994,0.0,0.1,0.0,0.0,0.0994837673636768,0.0,0.0,-0.0020777729190408684,0.0,square,1,0.1,0.25,12,24,2.0,0.0
1779528016.0954103,0.0,0.0994837673636768,0.0,0.0,-0.0020777729190408684,0.0,0.0,1.2276,-0.35639999999999994,0.0,-0.1,0.0,0.0,0.0994837673636768,0.0,0.0,0.0,0.0,square,1,0.1,0.25,12,24,2.0102624893188477,0.0
1779528016.105383,0.0,0.0994837673636768,0.0,0.0,0.0,0.0,0.0,1.3464,-0.35639999999999994,0.0,-0.1,0.0,0.0,0.0994837673636768,0.0,0.0,0.0,-0.004155545838081737,square,1,0.1,0.25,12,24,2.0200273990631104,0.0
1779528016.1154144,0.0,0.0994837673636768,0.0,0.0,0.0,-0.004155545838081737,0.3168,1.2276,2.2176000000000005,0.0,-0.1,0.0,0.0,0.08901179185171082,0.0,-0.0020777729190408684,-0.9682421802730447,-0.006233318757122605,square,1,0.1,0.25,12,24,2.0299999713897705,0.0
1779528016.1253827,0.0,0.08901179185171082,0.0,-0.0020777729190408684,-0.9682421802730447,-0.006233318757122605,-0.1188,4.1184,0.99,0.0,-0.1,0.0,0.0,0.06283185307179587,0.0,-0.004155545838081737,-2.2793168921878326,0.004155545838081737,square,1,0.1,0.25,12,24,2.0400314331054688,0.0
1779528016.1355274,0.0,0.06283185307179587,0.0,-0.004155545838081737,-2.2793168921878326,0.004155545838081737,-0.198,0.4356,0.5940000000000001,0.0,-0.1,0.0,0.0,0.06283185307179587,0.0,-0.004155545838081737,-2.2793168921878326,0.004155545838081737,square,1,0.1,0.25,12,24,2.049999713897705,0.0
1779528016.145412,0.0,0.06283185307179587,0.0,-0.004155545838081737,-2.2793168921878326,0.004155545838081737,-0.198,0.4356,0.5940000000000001,0.0,-0.1,0.0,0.0,0.017453292519943295,0.0,0.004155545838081737,-2.1858171108309934,0.0,square,1,0.1,0.25,12,24,2.0601444244384766,0.0
1779528016.1553826,0.0,0.017453292519943295,0.0,0.004155545838081737,-2.1858171108309934,0.0,0.0,1.2672,-0.3168,0.0,-0.1,0.0,0.0,0.0,0.0,0.016622183352326948,-2.019595277307724,0.0020777729190408684,square,1,0.1,0.25,12,24,2.0700290203094482,0.0
1779528016.165383,0.0,0.0,0.0,0.016622183352326948,-2.019595277307724,0.0020777729190408684,0.4752,0.5544000000000001,-0.2376,0.0,-0.1,0.0,0.0,-0.017453292519943295,0.0,0.01246663751424521,-1.7640292082656972,0.0020777729190408684,square,1,0.1,0.25,12,24,2.0799996852874756,0.0
1779528016.1754408,0.0,-0.017453292519943295,0.0,0.01246663751424521,-1.7640292082656972,0.0020777729190408684,0.5940000000000001,0.2376,-0.35639999999999994,0.0,-0.1,0.0,0.0,-0.031415926535897934,0.0,0.004155545838081737,-1.514696457980793,0.0020777729190408684,square,1,0.1,0.25,12,24,2.0900001525878906,0.0
1779528016.1854112,0.0,-0.031415926535897934,0.0,0.004155545838081737,-1.514696457980793,0.0020777729190408684,0.4752,-0.7524000000000001,-0.396,0.0,-0.1,0.0,0.0,-0.04363323129985824,0.0,-0.004155545838081737,-1.2736747993720523,0.0,square,1,0.1,0.25,12,24,2.10005784034729,0.0
1779528016.195521,0.0,-0.04363323129985824,0.0,-0.004155545838081737,-1.2736747993720523,0.0,0.2376,-0.5544000000000001,-0.396,0.0,-0.1,0.0,0.0,-0.04363323129985824,0.0,-0.004155545838081737,-1.2736747993720523,0.0,square,1,0.1,0.25,12,24,2.1100282669067383,0.0
1779528016.2053826,0.0,-0.04363323129985824,0.0,-0.004155545838081737,-1.2736747993720523,0.0,0.2376,-0.5544000000000001,-0.396,0.0,-0.1,0.0,0.0,-0.06283185307179587,0.0,-0.018699956271367814,-0.883053490592369,0.0,square,1,0.1,0.25,12,24,2.120138168334961,0.0
1779528016.215413,0.0,-0.06283185307179587,0.0,-0.018699956271367814,-0.883053490592369,0.0,0.4752,0.9107999999999999,-0.27720000000000006,0.0,-0.1,0.0,0.0,-0.06981317007977318,0.0,-0.022855502109449553,-0.7376093862595082,0.0,square,1,0.1,0.25,12,24,2.1299996376037598,0.0
1779528016.2253828,0.0,-0.06981317007977318,0.0,-0.022855502109449553,-0.7376093862595082,0.0,0.792,-0.27720000000000006,-0.3168,0.0,-0.1,0.0,0.0,-0.07504915783575616,0.0,-0.008311091676163474,-0.6129430111170562,0.0,square,1,0.1,0.25,12,24,2.1400301456451416,0.0
1779528016.2353837,0.0,-0.07504915783575616,0.0,-0.008311091676163474,-0.6129430111170562,0.0,0.5940000000000001,1.3068,-0.1584,0.0,-0.1,0.0,0.0,-0.08028514559173917,0.0,0.0,-0.5007432734888493,0.0,square,1,0.1,0.25,12,24,2.1499998569488525,0.0
1779528016.2455094,0.0,-0.08028514559173917,0.0,0.0,-0.5007432734888493,0.0,0.396,0.8316,0.1188,0.0,-0.1,0.0,0.0,-0.08028514559173917,0.0,0.0,-0.5007432734888493,0.0,square,1,0.1,0.25,12,24,2.160000801086426,0.0
1779528016.255401,0.0,-0.08028514559173917,0.0,0.0,-0.5007432734888493,0.0,0.396,0.8316,0.1188,0.0,-0.1,0.0,0.0,-0.08726646259971647,0.0,0.004155545838081737,-0.3262103482894163,0.0,square,1,0.1,0.25,12,24,2.170126438140869,0.0
1779528016.2654142,0.0,-0.08726646259971647,0.0,0.004155545838081737,-0.3262103482894163,0.0,0.3168,1.9008,-0.198,0.0,-0.1,0.0,0.0,-0.08901179185171082,0.0,0.004155545838081737,-0.25972161488010853,0.0,square,1,0.1,0.25,12,24,2.1800179481506348,0.0
1779528016.2753942,0.0,-0.08901179185171082,0.0,0.004155545838081737,-0.25972161488010853,0.0,0.27720000000000006,2.6532,0.1584,0.0,-0.1,0.0,0.0,-0.09075712110370514,0.0,0.010388864595204342,-0.22232170233737292,0.0,square,1,0.1,0.25,12,24,2.1900312900543213,0.0
1779528016.2853966,0.0,-0.09075712110370514,0.0,0.010388864595204342,-0.22232170233737292,0.0,0.0,1.8612000000000002,-0.35639999999999994,0.0,-0.1,0.0,0.0,-0.09250245035569947,0.0,0.020777729190408684,-0.17661069811847382,0.0,square,1,0.1,0.25,12,24,2.2000112533569336,0.0
1779528016.2953908,0.0,-0.09250245035569947,0.0,0.020777729190408684,-0.17661069811847382,0.0,0.5148,0.8712,-0.27720000000000006,0.0,-0.1,0.0,0.0,-0.09424777960769379,0.0,0.014544410433286078,-0.1371330126566973,0.0,square,1,0.1,0.25,12,24,2.2100136280059814,0.0
1779528016.3053946,0.0,-0.09424777960769379,0.0,0.014544410433286078,-0.1371330126566973,0.0,0.4356,0.4356,-0.198,0.0,-0.1,0.0,0.0,-0.09599310885968812,0.0,0.0020777729190408684,-0.1308996938995747,0.0,square,1,0.1,0.25,12,24,2.22000789642334,0.0
1779528016.3156197,0.0,-0.09599310885968812,0.0,0.0020777729190408684,-0.1308996938995747,0.0,0.27720000000000006,-0.396,-0.35639999999999994,0.0,-0.1,0.0,0.0,-0.09599310885968812,0.0,0.0020777729190408684,-0.1308996938995747,0.0,square,1,0.1,0.25,12,24,2.2300117015838623,0.0
1779528016.325555,0.0,-0.09599310885968812,0.0,0.0020777729190408684,-0.1308996938995747,0.0,0.27720000000000006,-0.396,-0.35639999999999994,0.0,-0.1,0.0,0.0,-0.09599310885968812,0.0,-0.006233318757122605,-0.09973310011396168,0.0,square,1,0.1,0.25,12,24,2.240236759185791,0.0
1779528016.3353822,0.0,-0.09599310885968812,0.0,-0.006233318757122605,-0.09973310011396168,0.0,0.0396,-0.198,0.3168,0.0,-0.1,0.0,0.0,-0.09773843811168245,0.0,-0.01246663751424521,-0.04363323129985824,0.0,square,1,0.1,0.25,12,24,2.2501721382141113,0.0
1779528016.3455453,0.0,-0.09773843811168245,0.0,-0.01246663751424521,-0.04363323129985824,0.0,0.396,1.0692,0.198,0.0,-0.1,0.0,0.0,-0.09773843811168245,0.0,-0.01246663751424521,-0.04363323129985824,0.0,square,1,0.1,0.25,12,24,2.2599992752075195,0.0
1779528016.3553827,0.0,-0.09773843811168245,0.0,-0.01246663751424521,-0.04363323129985824,0.0,0.396,1.0692,0.198,0.0,-0.1,0.0,0.0,-0.09773843811168245,0.0,-0.004155545838081737,-0.031166593785613025,0.0,square,1,0.1,0.25,12,24,2.270162343978882,0.0
1779528016.3654146,0.0,-0.09773843811168245,0.0,-0.004155545838081737,-0.031166593785613025,0.0,0.396,1.1880000000000002,-0.27720000000000006,0.0,-0.1,0.0,0.0,-0.0994837673636768,0.0,0.0,-0.02701104794753129,-0.0020777729190408684,square,1,0.1,0.25,12,24,2.2799997329711914,0.0
1779528016.3753836,0.0,-0.0994837673636768,0.0,0.0,-0.02701104794753129,-0.0020777729190408684,0.2376,0.8712,0.3168,0.0,-0.1,0.0,0.0,-0.0994837673636768,0.0,0.004155545838081737,-0.018699956271367814,0.0,square,1,0.1,0.25,12,24,2.290031671524048,0.0
1779528016.3854153,0.0,-0.0994837673636768,0.0,0.004155545838081737,-0.018699956271367814,0.0,-0.1188,1.1880000000000002,-0.2376,0.0,-0.1,0.0,0.0,-0.0994837673636768,0.0,0.006233318757122605,-0.01246663751424521,0.0,square,1,0.1,0.25,12,24,2.3000006675720215,0.0
1779528016.3954139,0.0,-0.0994837673636768,0.0,0.006233318757122605,-0.01246663751424521,0.0,-0.0396,1.3464,-0.2376,0.0,-0.1,0.0,0.0,-0.0994837673636768,0.0,0.006233318757122605,-0.0020777729190408684,0.0,square,1,0.1,0.25,12,24,2.310032367706299,0.0
1779528016.4054108,0.0,-0.0994837673636768,0.0,0.006233318757122605,-0.0020777729190408684,0.0,-0.0396,1.3860000000000001,0.35639999999999994,0.0,-0.1,0.0,0.0,-0.0994837673636768,0.0,0.008311091676163474,-0.0020777729190408684,0.0,square,1,0.1,0.25,12,24,2.320030927658081,0.0
1779528016.415383,0.0,-0.0994837673636768,0.0,0.008311091676163474,-0.0020777729190408684,0.0,0.198,1.6236000000000002,0.1188,0.0,-0.1,0.0,0.0,-0.0994837673636768,0.0,0.0020777729190408684,0.0,0.0,square,1,0.1,0.25,12,24,2.3300278186798096,0.0
1779528016.4253829,0.0,-0.0994837673636768,0.0,0.0020777729190408684,0.0,0.0,-0.1188,1.5444,0.27720000000000006,0.0,-0.1,0.0,0.0,-0.0994837673636768,0.0,0.0,0.0,0.0,square,1,0.1,0.25,12,24,2.3400001525878906,0.0
1779528016.435411,0.0,-0.0994837673636768,0.0,0.0,0.0,0.0,0.0792,1.6632,0.2376,0.0,-0.1,0.0,0.0,-0.0994837673636768,0.0,0.0,0.0,0.0020777729190408684,square,1,0.1,0.25,12,24,2.3499999046325684,0.0
1779528016.445581,0.0,-0.0994837673636768,0.0,0.0,0.0,0.0020777729190408684,-0.0396,1.6236000000000002,-0.396,0.0,-0.1,0.0,0.0,-0.0994837673636768,0.0,0.0,0.0,0.0020777729190408684,square,1,0.1,0.25,12,24,2.360028028488159,0.0
1779528016.4554138,0.0,-0.0994837673636768,0.0,0.0,0.0,0.0020777729190408684,-0.0396,1.6236000000000002,-0.396,0.0,-0.1,0.0,0.0,-0.0994837673636768,0.0,-0.0020777729190408684,0.0,0.0,square,1,0.1,0.25,12,24,2.3701980113983154,0.0
1779528016.465549,0.0,-0.0994837673636768,0.0,-0.0020777729190408684,0.0,0.0,0.0,1.6632,0.198,0.0,-0.1,0.0,0.0,-0.0994837673636768,0.0,-0.0020777729190408684,0.0,0.0,square,1,0.1,0.25,12,24,2.380030870437622,0.0
1779528016.4754102,0.0,-0.0994837673636768,0.0,-0.0020777729190408684,0.0,0.0,0.0,1.6632,0.198,0.0,-0.1,0.0,0.0,-0.0994837673636768,0.0,-0.0020777729190408684,0.0,0.0,square,1,0.1,0.25,12,24,2.3901660442352295,0.0
1779528016.4854105,0.0,-0.0994837673636768,0.0,-0.0020777729190408684,0.0,0.0,-0.0792,1.6632,-0.2376,0.0,-0.1,0.0,0.0,-0.0994837673636768,0.0,-0.0020777729190408684,0.0,0.0,square,1,0.1,0.25,12,24,2.400027275085449,0.0
1779528016.4953835,0.0,-0.0994837673636768,0.0,-0.0020777729190408684,0.0,0.0,0.1188,1.6236000000000002,0.27720000000000006,0.0,-0.1,0.0,0.0,-0.0994837673636768,0.0,0.0,-0.0020777729190408684,0.0,square,1,0.1,0.25,12,24,2.410027503967285,0.0
1779528016.505383,0.0,-0.0994837673636768,0.0,0.0,-0.0020777729190408684,0.0,0.0396,1.6632,0.1584,0.0,-0.1,0.0,0.0,-0.0994837673636768,0.0,0.0,-0.0020777729190408684,0.0020777729190408684,square,1,0.1,0.25,12,24,2.4200005531311035,0.0
1779528016.5153825,0.0,-0.0994837673636768,0.0,0.0,-0.0020777729190408684,0.0020777729190408684,0.0,1.5444,-0.27720000000000006,0.0,-0.1,0.0,0.0,-0.0994837673636768,0.0,0.0020777729190408684,-0.004155545838081737,0.0,square,1,0.1,0.25,12,24,2.430000066757202,0.0
1779528016.5254107,0.0,-0.0994837673636768,0.0,0.0020777729190408684,-0.004155545838081737,0.0,-0.0396,1.5444,0.198,0.0,-0.1,0.0,0.0,-0.0994837673636768,0.0,0.0020777729190408684,0.0,0.0,square,1,0.1,0.25,12,24,2.439999580383301,0.0
1779528016.5353832,0.0,-0.0994837673636768,0.0,0.0020777729190408684,0.0,0.0,-0.0396,1.6236000000000002,0.35639999999999994,0.0,-0.1,0.0,0.0,-0.0994837673636768,0.0,0.0,0.0,0.0,square,1,0.1,0.25,12,24,2.4500277042388916,0.0
1779528016.545413,0.0,-0.0994837673636768,0.0,0.0,0.0,0.0,-0.0396,1.6236000000000002,0.35639999999999994,0.0,-0.1,0.0,0.0,-0.0994837673636768,0.0,-0.004155545838081737,0.0,0.0,square,1,0.1,0.25,12,24,2.4600002765655518,0.0
1779528016.5553827,0.0,-0.0994837673636768,0.0,-0.004155545838081737,0.0,0.0,0.0,1.6236000000000002,-0.2376,0.0,-0.1,0.0,0.0,-0.0994837673636768,0.0,0.0,0.0,0.0,square,1,0.1,0.25,12,24,2.4700300693511963,0.0
1779528016.5654335,0.0,-0.0994837673636768,0.0,0.0,0.0,0.0,0.0,1.7028,0.1584,0.0,-0.1,0.0,0.0,-0.0994837673636768,0.0,0.0,0.0,0.0,square,1,0.1,0.25,12,24,2.4799997806549072,0.0
1779528016.5753758,0.0,-0.0994837673636768,0.0,0.0,0.0,0.0,0.0396,1.782,0.2376,0.0,-0.1,0.0,0.0,-0.0994837673636768,0.0,0.0,0.0,0.0,square,1,0.1,0.25,12,24,2.4900505542755127,0.0
1779528016.5853825,0.0,-0.0994837673636768,0.0,0.0,0.0,0.0,0.0,1.8215999999999999,0.1584,0.0,-0.1,0.0,0.0,-0.0994837673636768,0.0,0.0020777729190408684,0.0,0.0,square,1,0.1,0.25,12,24,2.499992847442627,0.0
1779528016.595383,0.0,-0.0994837673636768,0.0,0.0020777729190408684,0.0,0.0,0.0792,1.6632,0.0792,0.0,-0.1,0.0,0.0,-0.0994837673636768,0.0,0.0,-0.0020777729190408684,0.0,square,1,0.1,0.25,12,24,2.5099995136260986,0.0
1779528016.605549,0.0,-0.0994837673636768,0.0,0.0,-0.0020777729190408684,0.0,0.1188,1.5048000000000001,0.1188,0.0,-0.1,0.0,0.0,-0.0994837673636768,0.0,0.0,-0.0020777729190408684,0.0,square,1,0.1,0.25,12,24,2.5199999809265137,0.0
1779528016.6154163,0.0,-0.0994837673636768,0.0,0.0,-0.0020777729190408684,0.0,0.1188,1.5048000000000001,0.1188,0.0,-0.1,0.0,0.0,-0.0994837673636768,0.0,-0.0020777729190408684,-0.0020777729190408684,0.0,square,1,0.1,0.25,12,24,2.5301661491394043,0.0
1779528016.6254146,0.0,-0.0994837673636768,0.0,-0.0020777729190408684,-0.0020777729190408684,0.0,0.0,1.5048000000000001,-0.27720000000000006,0.0,-0.1,0.0,0.0,-0.0994837673636768,0.0,-0.0020777729190408684,0.0,0.0,square,1,0.1,0.25,12,24,2.5400333404541016,0.0
1779528016.635414,0.0,-0.0994837673636768,0.0,-0.0020777729190408684,0.0,0.0,0.0792,1.5444,0.1188,0.0,-0.1,0.0,0.0,-0.0994837673636768,0.0,-0.004155545838081737,0.0,0.0,square,1,0.1,0.25,12,24,2.5500316619873047,0.0
1779528016.6455367,0.0,-0.0994837673636768,0.0,-0.004155545838081737,0.0,0.0,-0.1188,1.6236000000000002,-0.396,0.0,-0.1,0.0,0.0,-0.0994837673636768,0.0,-0.004155545838081737,0.0,0.0,square,1,0.1,0.25,12,24,2.560030937194824,0.0
1779528016.65542,0.0,-0.0994837673636768,0.0,-0.004155545838081737,0.0,0.0,-0.1188,1.6236000000000002,-0.396,0.0,-0.1,0.0,0.0,-0.0994837673636768,0.0,-0.0020777729190408684,0.0,0.0,square,1,0.1,0.25,12,24,2.5701537132263184,0.0
1779528016.6655636,0.0,-0.0994837673636768,0.0,-0.0020777729190408684,0.0,0.0,-0.0792,1.6236000000000002,0.35639999999999994,0.0,-0.1,0.0,0.0,-0.0994837673636768,0.0,-0.0020777729190408684,0.0,0.0,square,1,0.1,0.25,12,24,2.5800371170043945,0.0
1779528016.6754165,0.0,-0.0994837673636768,0.0,-0.0020777729190408684,0.0,0.0,-0.0792,1.6236000000000002,0.35639999999999994,0.0,-0.1,0.0,0.0,-0.0994837673636768,0.0,0.0,0.0020777729190408684,0.0,square,1,0.1,0.25,12,24,2.5901806354522705,0.0
1779528016.6854143,0.0,-0.0994837673636768,0.0,0.0,0.0020777729190408684,0.0,0.0,1.5444,0.198,0.0,-0.1,0.0,0.0,-0.0994837673636768,0.0,0.004155545838081737,0.0,0.0,square,1,0.1,0.25,12,24,2.6000335216522217,0.0
1779528016.695411,0.0,-0.0994837673636768,0.0,0.004155545838081737,0.0,0.0,0.0,1.7424,0.2376,0.0,-0.1,0.0,0.0,-0.0994837673636768,0.0,0.004155545838081737,0.0,0.0,square,1,0.1,0.25,12,24,2.6100313663482666,0.0
1779528016.7054157,0.0,-0.0994837673636768,0.0,0.004155545838081737,0.0,0.0,0.1584,1.5444,0.27720000000000006,0.0,-0.1,0.0,0.0,-0.0994837673636768,0.0,0.004155545838081737,0.0,0.0,square,1,0.1,0.25,12,24,2.620028018951416,0.0
1779528016.7154136,0.0,-0.0994837673636768,0.0,0.004155545838081737,0.0,0.0,0.1584,1.5444,0.27720000000000006,0.0,-0.1,0.0,0.0,-0.0994837673636768,0.0,0.0020777729190408684,0.0,0.0,square,1,0.1,0.25,12,24,2.630032777786255,0.0
1779528016.7254071,0.0,-0.0994837673636768,0.0,0.0020777729190408684,0.0,0.0,-0.0396,1.6236000000000002,-0.27720000000000006,0.0,-0.1,0.0,0.0,-0.0994837673636768,0.0,0.0020777729190408684,0.0,0.0,square,1,0.1,0.25,12,24,2.6400306224823,0.0
1779528016.7353826,0.0,-0.0994837673636768,0.0,0.0020777729190408684,0.0,0.0,-0.0396,1.6236000000000002,-0.27720000000000006,0.0,-0.1,0.0,0.0,-0.0994837673636768,0.0,0.0,0.0,0.0,square,1,0.1,0.25,12,24,2.650024175643921,0.0
1779528016.7454152,0.0,-0.0994837673636768,0.0,0.0,0.0,0.0,0.0,1.584,0.27720000000000006,0.0,-0.1,0.0,0.0,-0.0994837673636768,0.0,0.0,0.0,0.0,square,1,0.1,0.25,12,24,2.6599996089935303,0.0
1779528016.7554119,0.0,-0.0994837673636768,0.0,0.0,0.0,0.0,0.0,1.584,0.27720000000000006,0.0,-0.1,0.0,0.0,-0.0994837673636768,0.0,-0.0020777729190408684,0.0,0.0,square,1,0.1,0.25,12,24,2.670032262802124,0.0
1779528016.765383,0.0,-0.0994837673636768,0.0,-0.0020777729190408684,0.0,0.0,0.1188,1.6632,0.27720000000000006,0.0,-0.1,0.0,0.0,-0.0994837673636768,0.0,0.0,0.0,0.0,square,1,0.1,0.25,12,24,2.6800289154052734,0.0
1779528016.7754102,0.0,-0.0994837673636768,0.0,0.0,0.0,0.0,-0.1584,1.584,0.2376,0.0,-0.1,0.0,0.0,-0.0994837673636768,0.0,0.0,0.0,0.0,square,1,0.1,0.25,12,24,2.690000057220459,0.0
1779528016.785515,0.0,-0.0994837673636768,0.0,0.0,0.0,0.0,-0.1584,1.584,0.2376,0.0,-0.1,0.0,0.0,-0.0994837673636768,0.0,0.0020777729190408684,0.0,0.0,square,1,0.1,0.25,12,24,2.7000272274017334,0.0
1779528016.795525,0.0,-0.0994837673636768,0.0,0.0020777729190408684,0.0,0.0,0.0,1.584,-0.27720000000000006,0.0,-0.1,0.0,0.0,-0.0994837673636768,0.0,0.006233318757122605,0.0,0.0020777729190408684,square,1,0.1,0.25,12,24,2.710132122039795,0.0
1779528016.8054473,0.0,-0.0994837673636768,0.0,0.006233318757122605,0.0,0.0020777729190408684,0.0396,1.5048000000000001,-0.35639999999999994,0.0,-0.1,0.0,0.0,-0.0994837673636768,0.0,0.0020777729190408684,0.0,0.0,square,1,0.1,0.25,12,24,2.720142126083374,0.0
1779528016.8153877,0.0,-0.0994837673636768,0.0,0.0020777729190408684,0.0,0.0,0.0792,1.5444,0.3168,0.0,-0.1,0.0,0.0,-0.0994837673636768,0.0,0.0,-0.0020777729190408684,0.0,square,1,0.1,0.25,12,24,2.7300643920898438,0.0
1779528016.825383,0.0,-0.0994837673636768,0.0,0.0,-0.0020777729190408684,0.0,-0.1188,1.5444,-0.2376,0.0,-0.1,0.0,0.0,-0.0994837673636768,0.0,0.0,0.0,0.0,square,1,0.1,0.25,12,24,2.740004777908325,0.0
1779528016.835389,0.0,-0.0994837673636768,0.0,0.0,0.0,0.0,-0.0396,1.6236000000000002,0.27720000000000006,0.0,-0.1,0.0,0.0,-0.0994837673636768,0.0,0.0,0.0,0.0,square,1,0.1,0.25,12,24,2.75,0.0
1779528016.8454125,0.0,-0.0994837673636768,0.0,0.0,0.0,0.0,0.0,1.6632,0.27720000000000006,0.0,-0.1,0.0,0.0,-0.0994837673636768,0.0,0.0,0.0,0.0,square,1,0.1,0.25,12,24,2.7600059509277344,0.0
1779528016.8554115,0.0,-0.0994837673636768,0.0,0.0,0.0,0.0,0.0,1.6632,0.27720000000000006,0.0,-0.1,0.0,0.0,-0.0994837673636768,0.0,0.0,0.0,0.0,square,1,0.1,0.25,12,24,2.7700295448303223,0.0
1779528016.8653827,0.0,-0.0994837673636768,0.0,0.0,0.0,0.0,0.0,1.6236000000000002,0.198,0.0,-0.1,0.0,0.0,-0.0994837673636768,0.0,0.0,0.0,0.0020777729190408684,square,1,0.1,0.25,12,24,2.7800285816192627,0.0
1779528016.875729,0.0,-0.0994837673636768,0.0,0.0,0.0,0.0020777729190408684,0.0792,1.5048000000000001,0.3168,0.0,-0.1,0.0,0.0,-0.0994837673636768,0.0,0.0,0.0,0.0020777729190408684,square,1,0.1,0.25,12,24,2.7899997234344482,0.0
1779528016.8854113,0.0,-0.0994837673636768,0.0,0.0,0.0,0.0020777729190408684,0.0,1.5444,-0.198,0.0,-0.1,0.0,0.0,-0.0994837673636768,0.0,0.0,0.0,0.0,square,1,0.1,0.25,12,24,2.8003461360931396,0.0
1779528016.8953834,0.0,-0.0994837673636768,0.0,0.0,0.0,0.0,0.0,1.6236000000000002,-0.198,0.0,-0.1,0.0,0.0,-0.0994837673636768,0.0,0.0020777729190408684,0.0,0.0,square,1,0.1,0.25,12,24,2.810028314590454,0.0
1779528016.9055471,0.0,-0.0994837673636768,0.0,0.0020777729190408684,0.0,0.0,0.0,1.4652,0.27720000000000006,0.0,-0.1,0.0,0.0,-0.0994837673636768,0.0,0.0020777729190408684,0.0,0.0,square,1,0.1,0.25,12,24,2.820000410079956,0.0
1779528016.9154143,0.0,-0.0994837673636768,0.0,0.0020777729190408684,0.0,0.0,0.0,1.4652,0.27720000000000006,0.0,-0.1,0.0,0.0,-0.0994837673636768,0.0,0.0,0.0,0.0,square,1,0.1,0.25,12,24,2.8301641941070557,0.0
1779528016.9254162,0.0,-0.0994837673636768,0.0,0.0,0.0,0.0,0.0,1.5444,0.1188,0.0,-0.1,0.0,0.0,-0.0994837673636768,0.0,0.0,0.0,0.0,square,1,0.1,0.25,12,24,2.840031385421753,0.0
1779528016.9353828,0.0,-0.0994837673636768,0.0,0.0,0.0,0.0,0.0,1.6236000000000002,0.1188,0.0,-0.1,0.0,0.0,-0.0994837673636768,0.0,-0.0020777729190408684,0.0,0.0,square,1,0.1,0.25,12,24,2.8500332832336426,0.0
1779528016.945383,0.0,-0.0994837673636768,0.0,-0.0020777729190408684,0.0,0.0,0.0,1.5444,0.2376,0.0,-0.1,0.0,0.0,-0.0994837673636768,0.0,0.0,0.0,0.0,square,1,0.1,0.25,12,24,2.859999895095825,0.0
1779528016.9554086,0.0,-0.0994837673636768,0.0,0.0,0.0,0.0,0.0,1.584,0.27720000000000006,0.0,-0.1,0.0,0.0,-0.0994837673636768,0.0,0.0,0.0,0.0,square,1,0.1,0.25,12,24,2.870000123977661,0.0
1779528016.9654257,0.0,-0.0994837673636768,0.0,0.0,0.0,0.0,0.0,1.584,0.27720000000000006,0.0,-0.1,0.0,0.0,-0.0994837673636768,0.0,0.0,0.0,0.0,square,1,0.1,0.25,12,24,2.880025625228882,0.0
1779528016.9754138,0.0,-0.0994837673636768,0.0,0.0,0.0,0.0,-0.0396,1.5444,0.2376,0.0,-0.1,0.0,0.0,-0.0994837673636768,0.0,0.0,0.0,0.0,square,1,0.1,0.25,12,24,2.890042781829834,0.0
1779528016.9854004,0.0,-0.0994837673636768,0.0,0.0,0.0,0.0,0.0396,1.6236000000000002,0.198,0.0,-0.1,0.0,0.0,-0.0994837673636768,0.0,0.0,0.0,0.0,square,1,0.1,0.25,12,24,2.9000308513641357,0.0
1779528016.995414,0.0,-0.0994837673636768,0.0,0.0,0.0,0.0,0.0,1.5048000000000001,-0.27720000000000006,0.0,-0.1,0.0,0.0,-0.0994837673636768,0.0,0.0,0.0,0.0,square,1,0.1,0.25,12,24,2.910017490386963,0.0
1779528017.005415,0.0,-0.0994837673636768,0.0,0.0,0.0,0.0,0.0,1.5048000000000001,-0.27720000000000006,0.0,-0.1,0.0,0.0,-0.0994837673636768,0.0,-0.0020777729190408684,0.0,0.0,square,1,0.1,0.25,12,24,2.9200310707092285,0.0
1779528017.0154102,0.0,-0.0994837673636768,0.0,-0.0020777729190408684,0.0,0.0,0.0,1.5048000000000001,0.35639999999999994,0.0,-0.1,0.0,0.0,-0.0994837673636768,0.0,-0.0020777729190408684,0.0,0.0,square,1,0.1,0.25,12,24,2.9300320148468018,0.0
1779528017.0254223,0.0,-0.0994837673636768,0.0,-0.0020777729190408684,0.0,0.0,0.0,1.5048000000000001,0.35639999999999994,0.0,-0.1,0.0,0.0,-0.0994837673636768,0.0,0.0020777729190408684,0.0,-0.0020777729190408684,square,1,0.1,0.25,12,24,2.9400272369384766,0.0
1779528017.0354118,0.0,-0.0994837673636768,0.0,0.0020777729190408684,0.0,-0.0020777729190408684,0.0,1.5048000000000001,0.35639999999999994,0.0,-0.1,0.0,0.0,-0.0994837673636768,0.0,-0.0020777729190408684,0.0,0.0,square,1,0.1,0.25,12,24,2.9500393867492676,0.0
1779528017.0454109,0.0,-0.0994837673636768,0.0,-0.0020777729190408684,0.0,0.0,0.0,1.5048000000000001,0.3168,0.0,-0.1,0.0,0.0,-0.0994837673636768,0.0,0.0,0.0,0.0,square,1,0.1,0.25,12,24,2.960028886795044,0.0
1779528017.0553825,0.0,-0.0994837673636768,0.0,0.0,0.0,0.0,0.0396,1.5048000000000001,0.35639999999999994,0.0,-0.1,0.0,0.0,-0.0994837673636768,0.0,0.0,0.0,0.0,square,1,0.1,0.25,12,24,2.9700279235839844,0.0
1779528017.0654142,0.0,-0.0994837673636768,0.0,0.0,0.0,0.0,0.0396,1.5444,0.35639999999999994,0.0,-0.1,0.0,0.0,-0.0994837673636768,0.0,0.0,0.0,-0.0020777729190408684,square,1,0.1,0.25,12,24,2.979999542236328,0.0
1779528017.0755098,0.0,-0.0994837673636768,0.0,0.0,0.0,-0.0020777729190408684,0.0,1.584,0.35639999999999994,0.0,-0.1,0.0,0.0,-0.0994837673636768,0.0,0.0,0.0,-0.0020777729190408684,square,1,0.1,0.25,12,24,2.9900312423706055,0.0
1779528017.0854125,0.0,-0.0994837673636768,0.0,0.0,0.0,-0.0020777729190408684,0.0,1.584,0.35639999999999994,0.0,-0.1,0.0,0.0,-0.0994837673636768,0.0,0.0020777729190408684,0.0,-0.0020777729190408684,square,1,0.1,0.25,12,24,3.000126838684082,0.0
1779528017.0954428,0.0,-0.0994837673636768,0.0,0.0020777729190408684,0.0,-0.0020777729190408684,-0.0792,1.584,0.2376,0.0,-0.1,0.0,0.0,-0.0994837673636768,0.0,0.0,0.0,0.0,square,1,0.1,0.25,12,24,3.0100295543670654,0.0
1779528017.1054397,0.0,-0.0994837673636768,0.0,0.0,0.0,0.0,-0.0396,1.5444,0.35639999999999994,0.0,-0.1,0.0,0.0,-0.0994837673636768,0.0,0.0,0.0,0.0,square,1,0.1,0.25,12,24,3.020059823989868,0.0
1779528017.1154137,0.0,-0.0994837673636768,0.0,0.0,0.0,0.0,-0.0396,1.5444,-0.3168,0.0,-0.1,0.0,0.0,-0.0994837673636768,0.0,0.0,0.0,0.0,square,1,0.1,0.25,12,24,3.0300567150115967,0.0
1779528017.125411,0.0,-0.0994837673636768,0.0,0.0,0.0,0.0,-0.0396,1.5444,-0.3168,0.0,-0.1,0.0,0.0,-0.0994837673636768,0.0,-0.0020777729190408684,0.0,0.0,square,1,0.1,0.25,12,24,3.0400307178497314,0.0
1779528017.1354442,0.0,-0.0994837673636768,0.0,-0.0020777729190408684,0.0,0.0,0.0,1.584,0.396,0.0,-0.1,0.0,0.0,-0.0994837673636768,0.0,-0.0020777729190408684,0.0,0.0,square,1,0.1,0.25,12,24,3.050028085708618,0.0
1779528017.1454518,0.0,-0.0994837673636768,0.0,-0.0020777729190408684,0.0,0.0,0.0,1.584,0.396,0.0,-0.1,0.0,0.0,-0.0994837673636768,0.0,0.0,0.0,0.0,square,1,0.1,0.25,12,24,3.06006121635437,0.0
1779528017.155408,0.0,-0.0994837673636768,0.0,0.0,0.0,0.0,0.0,1.4652,0.198,0.0,-0.1,0.0,0.0,-0.0994837673636768,0.0,0.0,0.0,0.0,square,1,0.1,0.25,12,24,3.070068836212158,0.0
1779528017.1654124,0.0,-0.0994837673636768,0.0,0.0,0.0,0.0,0.0396,1.5048000000000001,0.35639999999999994,0.0,-0.1,0.0,0.0,-0.0994837673636768,0.0,0.0,0.0,0.0,square,1,0.1,0.25,12,24,3.0800249576568604,0.0
1779528017.1753829,0.0,-0.0994837673636768,0.0,0.0,0.0,0.0,0.0,1.5444,0.27720000000000006,0.0,-0.1,0.0,0.0,-0.0994837673636768,0.0,0.0,0.0,0.0,square,1,0.1,0.25,12,24,3.09002947807312,0.0
1779528017.1854086,0.0,-0.0994837673636768,0.0,0.0,0.0,0.0,0.0,1.584,-0.2376,0.0,-0.1,0.0,0.0,-0.0994837673636768,0.0,0.0,0.0,0.0,square,1,0.1,0.25,12,24,3.0999999046325684,0.0
1779528017.195567,0.0,-0.0994837673636768,0.0,0.0,0.0,0.0,0.0,1.584,-0.2376,0.0,-0.1,0.0,0.0,-0.0994837673636768,0.0,0.0,0.0,0.0,square,1,0.1,0.25,12,24,3.110025644302368,0.0
1779528017.2054148,0.0,-0.0994837673636768,0.0,0.0,0.0,0.0,0.0,1.5048000000000001,0.35639999999999994,0.0,-0.1,0.0,0.0,-0.0994837673636768,0.0,0.0,0.0,0.0,square,1,0.1,0.25,12,24,3.1201839447021484,0.0
1779528017.2154362,0.0,-0.0994837673636768,0.0,0.0,0.0,0.0,0.0,1.584,-0.4356,0.0,-0.1,0.0,0.0,-0.0994837673636768,0.0,0.0,0.0,0.0,square,1,0.1,0.25,12,24,3.1300318241119385,0.0
1779528017.225414,0.0,-0.0994837673636768,0.0,0.0,0.0,0.0,0.0,1.584,-0.4356,0.0,-0.1,0.0,0.0,-0.0994837673636768,0.0,0.0020777729190408684,0.0,0.0,square,1,0.1,0.25,12,24,3.1400532722473145,0.0
1779528017.2353823,0.0,-0.0994837673636768,0.0,0.0020777729190408684,0.0,0.0,0.0,1.5444,-0.198,0.0,-0.1,0.0,0.0,-0.0994837673636768,0.0,0.0,0.0,0.0,square,1,0.1,0.25,12,24,3.150031089782715,0.0
1779528017.2454178,0.0,-0.0994837673636768,0.0,0.0,0.0,0.0,0.0396,1.4652,0.3168,0.0,-0.1,0.0,0.0,-0.0994837673636768,0.0,0.0,-0.0020777729190408684,0.0,square,1,0.1,0.25,12,24,3.159999370574951,0.0
1779528017.2553833,0.0,-0.0994837673636768,0.0,0.0,-0.0020777729190408684,0.0,0.0,1.584,0.27720000000000006,0.0,-0.1,0.0,0.0,-0.0994837673636768,0.0,0.0,0.0,0.0,square,1,0.1,0.25,12,24,3.170034885406494,0.0
1779528017.2654316,0.0,-0.0994837673636768,0.0,0.0,0.0,0.0,0.0,1.584,0.35639999999999994,0.0,-0.1,0.0,0.0,-0.0994837673636768,0.0,0.0,0.0,0.0,square,1,0.1,0.25,12,24,3.1800003051757812,0.0
1779528017.2754135,0.0,-0.0994837673636768,0.0,0.0,0.0,0.0,0.0,1.584,0.35639999999999994,0.0,-0.1,0.0,0.0,-0.0994837673636768,0.0,0.0,0.0,0.0,square,1,0.1,0.25,12,24,3.1900486946105957,0.0
1779528017.2854125,0.0,-0.0994837673636768,0.0,0.0,0.0,0.0,-0.0396,1.6236000000000002,-0.3168,0.0,-0.1,0.0,0.0,-0.0994837673636768,0.0,0.0,0.0,0.0,square,1,0.1,0.25,12,24,3.200030565261841,0.0
1779528017.2953904,0.0,-0.0994837673636768,0.0,0.0,0.0,0.0,-0.0396,1.6236000000000002,-0.3168,0.0,-0.1,0.0,0.0,-0.0994837673636768,0.0,0.0,0.0,0.0,square,1,0.1,0.25,12,24,3.2100296020507812,0.0
1779528017.3054957,0.0,-0.0994837673636768,0.0,0.0,0.0,0.0,0.0,1.6236000000000002,0.2376,0.0,-0.1,0.0,0.0,-0.0994837673636768,0.0,0.0,0.0,0.0,square,1,0.1,0.25,12,24,3.2200074195861816,0.0
1779528017.3154294,0.0,-0.0994837673636768,0.0,0.0,0.0,0.0,0.0,1.6236000000000002,0.2376,0.0,-0.1,0.0,0.0,-0.0994837673636768,0.0,0.0,0.0,0.0,square,1,0.1,0.25,12,24,3.2301127910614014,0.0
1779528017.3254075,0.0,-0.0994837673636768,0.0,0.0,0.0,0.0,0.0,1.584,0.396,0.0,-0.1,0.0,0.0,-0.0994837673636768,0.0,0.0,0.0,0.0,square,1,0.1,0.25,12,24,3.240046501159668,0.0
1779528017.335609,0.0,-0.0994837673636768,0.0,0.0,0.0,0.0,0.0,1.584,-0.3168,0.0,-0.1,0.0,0.0,-0.0994837673636768,0.0,0.0,0.0,0.0,square,1,0.1,0.25,12,24,3.2500245571136475,0.0
1779528017.345415,0.0,-0.0994837673636768,0.0,0.0,0.0,0.0,0.0,1.584,-0.3168,0.0,-0.1,0.0,0.0,-0.0994837673636768,0.0,0.0,0.0,0.0,square,1,0.1,0.25,12,24,3.260226011276245,0.0
1779528017.3554082,0.0,-0.0994837673636768,0.0,0.0,0.0,0.0,0.0,1.584,-0.3168,0.0,-0.1,0.0,0.0,-0.0994837673636768,0.0,0.0,0.0,0.0,square,1,0.1,0.25,12,24,3.2700321674346924,0.0
1779528017.365568,0.0,-0.0994837673636768,0.0,0.0,0.0,0.0,0.0,1.6236000000000002,-0.4752,0.0,-0.1,0.0,0.0,-0.0994837673636768,0.0,0.0,0.0,0.0,square,1,0.1,0.25,12,24,3.2800252437591553,0.0
1779528017.375415,0.0,-0.0994837673636768,0.0,0.0,0.0,0.0,0.0,1.6236000000000002,0.396,0.0,-0.1,0.0,0.0,-0.0994837673636768,0.0,0.0,0.0,0.0,square,1,0.1,0.25,12,24,3.29018497467041,0.0
1779528017.385409,0.0,-0.0994837673636768,0.0,0.0,0.0,0.0,0.0,1.5444,0.35639999999999994,0.0,-0.1,0.0,0.0,-0.0994837673636768,0.0,0.0,0.0,0.0,square,1,0.1,0.25,12,24,3.300032138824463,0.0
1779528017.395396,0.0,-0.0994837673636768,0.0,0.0,0.0,0.0,0.0,1.5444,0.35639999999999994,0.0,-0.1,0.0,0.0,-0.0994837673636768,0.0,0.0,0.0,0.0,square,1,0.1,0.25,12,24,3.310026168823242,0.0
1779528017.4054174,0.0,-0.0994837673636768,0.0,0.0,0.0,0.0,-0.0396,1.4652,0.3168,0.0,-0.1,0.0,0.0,-0.0994837673636768,0.0,0.0,0.0,0.0,square,1,0.1,0.25,12,24,3.3200130462646484,0.0
1779528017.4155228,0.0,-0.0994837673636768,0.0,0.0,0.0,0.0,-0.0396,1.4652,0.3168,0.0,-0.1,0.0,0.0,-0.0994837673636768,0.0,0.0020777729190408684,0.0,0.0,square,1,0.1,0.25,12,24,3.3300344944000244,0.0
1779528017.4254158,0.0,-0.0994837673636768,0.0,0.0020777729190408684,0.0,0.0,0.0,1.584,0.396,0.0,-0.1,0.0,0.0,-0.0994837673636768,0.0,0.0,0.0,0.0,square,1,0.1,0.25,12,24,3.340139865875244,0.0
1779528017.4354115,0.0,-0.0994837673636768,0.0,0.0,0.0,0.0,-0.0396,1.5048000000000001,0.35639999999999994,0.0,-0.1,0.0,0.0,-0.0994837673636768,0.0,0.0,0.0,0.0,square,1,0.1,0.25,12,24,3.3500328063964844,0.0
1779528017.4454064,0.0,-0.0994837673636768,0.0,0.0,0.0,0.0,0.0,1.5048000000000001,0.3168,0.0,-0.1,0.0,0.0,-0.0994837673636768,0.0,-0.0020777729190408684,0.0,0.0,square,1,0.1,0.25,12,24,3.3600285053253174,0.0
1779528017.455384,0.0,-0.0994837673636768,0.0,-0.0020777729190408684,0.0,0.0,0.0,1.5048000000000001,-0.4752,0.0,-0.1,0.0,0.0,-0.0994837673636768,0.0,0.0,0.0,0.0,square,1,0.1,0.25,12,24,3.370023488998413,0.0
1779528017.4653833,0.0,-0.0994837673636768,0.0,0.0,0.0,0.0,0.0,1.6236000000000002,0.27720000000000006,0.0,-0.1,0.0,0.0,-0.0994837673636768,0.0,0.0,0.0,-0.0020777729190408684,square,1,0.1,0.25,12,24,3.3800010681152344,0.0
1779528017.4753838,0.0,-0.0994837673636768,0.0,0.0,0.0,-0.0020777729190408684,0.0,1.584,0.3168,0.0,-0.1,0.0,0.0,-0.0994837673636768,0.0,0.0,0.0,0.0,square,1,0.1,0.25,12,24,3.390000343322754,0.0
1779528017.4853833,0.0,-0.0994837673636768,0.0,0.0,0.0,0.0,0.0,1.584,0.27720000000000006,0.0,-0.1,0.0,0.0,-0.0994837673636768,0.0,0.0,-0.0020777729190408684,0.0,square,1,0.1,0.25,12,24,3.400000810623169,0.0
1779528017.4954138,0.0,-0.0994837673636768,0.0,0.0,-0.0020777729190408684,0.0,-0.0396,1.584,0.35639999999999994,0.0,-0.1,0.0,0.0,-0.0994837673636768,0.0,0.0,0.0,0.0,square,1,0.1,0.25,12,24,3.4100003242492676,0.0
1779528017.505383,0.0,-0.0994837673636768,0.0,0.0,0.0,0.0,0.0,1.5444,0.4752,0.0,-0.1,0.0,0.0,-0.0994837673636768,0.0,0.0,0.0,0.0,square,1,0.1,0.25,12,24,3.4200308322906494,0.0
1779528017.515416,0.0,-0.0994837673636768,0.0,0.0,0.0,0.0,-0.0792,1.584,0.35639999999999994,0.0,-0.1,0.0,0.0,-0.0994837673636768,0.0,0.0,0.0,-0.0020777729190408684,square,1,0.1,0.25,12,24,3.430000066757202,0.0
1779528017.525414,0.0,-0.0994837673636768,0.0,0.0,0.0,-0.0020777729190408684,0.0,1.6236000000000002,0.27720000000000006,0.0,-0.1,0.0,0.0,-0.0994837673636768,0.0,0.0,0.0,-0.0020777729190408684,square,1,0.1,0.25,12,24,3.440032958984375,0.0
1779528017.5353837,0.0,-0.0994837673636768,0.0,0.0,0.0,-0.0020777729190408684,0.0,1.6236000000000002,0.27720000000000006,0.0,-0.1,0.0,0.0,-0.0994837673636768,0.0,0.0,0.0,0.0,square,1,0.1,0.25,12,24,3.450031042098999,0.0
1779528017.5454736,0.0,-0.0994837673636768,0.0,0.0,0.0,0.0,0.0,1.5048000000000001,0.3168,0.0,-0.1,0.0,0.0,-0.0994837673636768,0.0,0.0,0.0,0.0,square,1,0.1,0.25,12,24,3.46000075340271,0.0
1779528017.5553844,0.0,-0.0994837673636768,0.0,0.0,0.0,0.0,0.0,1.5444,0.35639999999999994,0.0,-0.1,0.0,0.0,-0.0994837673636768,0.0,0.0,0.0,0.0,square,1,0.1,0.25,12,24,3.470090627670288,0.0
1779528017.565383,0.0,-0.0994837673636768,0.0,0.0,0.0,0.0,0.0,1.6236000000000002,0.3168,0.0,-0.1,0.0,0.0,-0.0994837673636768,0.0,0.0,0.0,0.0,square,1,0.1,0.25,12,24,3.480001449584961,0.0
1779528017.5754113,0.0,-0.0994837673636768,0.0,0.0,0.0,0.0,0.0,1.584,0.3168,0.0,-0.1,0.0,0.0,-0.0994837673636768,0.0,0.0,0.0,0.0,square,1,0.1,0.25,12,24,3.490000009536743,0.0
1779528017.5854733,0.0,-0.0994837673636768,0.0,0.0,0.0,0.0,0.0,1.584,0.3168,0.0,-0.1,0.0,0.0,-0.0994837673636768,0.0,0.0,0.0,-0.0020777729190408684,square,1,0.1,0.25,12,24,3.500028371810913,0.0
1779528017.5954344,0.0,-0.0994837673636768,0.0,0.0,0.0,-0.0020777729190408684,0.0,1.6236000000000002,0.3168,0.0,-0.1,0.0,0.0,-0.0994837673636768,0.0,0.0,0.0,0.0,square,1,0.1,0.25,12,24,3.5100903511047363,0.0
1779528017.6054137,0.0,-0.0994837673636768,0.0,0.0,0.0,0.0,0.0,1.5048000000000001,-0.2376,0.0,-0.1,0.0,0.0,-0.0994837673636768,0.0,0.0,0.0020777729190408684,0.0,square,1,0.1,0.25,12,24,3.5200514793395996,0.0
1779528017.615397,0.0,-0.0994837673636768,0.0,0.0,0.0020777729190408684,0.0,0.0,1.6632,-0.396,0.0,-0.1,0.0,0.0,-0.0994837673636768,0.0,-0.0020777729190408684,0.0,0.0,square,1,0.1,0.25,12,24,3.5300307273864746,0.0
1779528017.6254165,0.0,-0.0994837673636768,0.0,-0.0020777729190408684,0.0,0.0,0.0,1.584,-0.396,0.0,-0.1,0.0,0.0,-0.0994837673636768,0.0,-0.0020777729190408684,0.0,0.0,square,1,0.1,0.25,12,24,3.5400140285491943,0.0
1779528017.6354198,0.0,-0.0994837673636768,0.0,-0.0020777729190408684,0.0,0.0,0.0,1.584,-0.396,0.0,-0.1,0.0,0.0,-0.0994837673636768,0.0,-0.0020777729190408684,0.0,0.0,square,1,0.1,0.25,12,24,3.5500335693359375,0.0
1779528017.6454122,0.0,-0.0994837673636768,0.0,-0.0020777729190408684,0.0,0.0,0.0,1.5048000000000001,0.3168,0.0,-0.1,0.0,0.0,-0.0994837673636768,0.0,0.0,0.0,0.0,square,1,0.1,0.25,12,24,3.5600368976593018,0.0
1779528017.6553833,0.0,-0.0994837673636768,0.0,0.0,0.0,0.0,0.0,1.6236000000000002,-0.35639999999999994,0.0,-0.1,0.0,0.0,-0.0994837673636768,0.0,0.0,0.0,0.0,square,1,0.1,0.25,12,24,3.5700292587280273,0.0
1779528017.665383,0.0,-0.0994837673636768,0.0,0.0,0.0,0.0,-0.0396,1.6236000000000002,0.27720000000000006,0.0,-0.1,0.0,0.0,-0.0994837673636768,0.0,0.0,0.0,0.0020777729190408684,square,1,0.1,0.25,12,24,3.580000400543213,0.0
1779528017.6753833,0.0,-0.0994837673636768,0.0,0.0,0.0,0.0020777729190408684,0.0,1.584,-0.35639999999999994,0.0,-0.1,0.0,0.0,-0.0994837673636768,0.0,0.0020777729190408684,0.0,0.0,square,1,0.1,0.25,12,24,3.5900001525878906,0.0
1779528017.685415,0.0,-0.0994837673636768,0.0,0.0020777729190408684,0.0,0.0,-0.0396,1.584,0.3168,0.0,-0.1,0.0,0.0,-0.0994837673636768,0.0,0.0020777729190408684,0.0,0.0,square,1,0.1,0.25,12,24,3.6000003814697266,0.0
1779528017.695412,0.0,-0.0994837673636768,0.0,0.0020777729190408684,0.0,0.0,-0.0396,1.584,0.3168,0.0,-0.1,0.0,0.0,-0.0994837673636768,0.0,0.0,0.0,-0.0020777729190408684,square,1,0.1,0.25,12,24,3.610032081604004,0.0
1779528017.705617,0.0,-0.0994837673636768,0.0,0.0,0.0,-0.0020777729190408684,-0.0396,1.584,0.2376,0.0,-0.1,0.0,0.0,-0.0994837673636768,0.0,0.0,0.0,-0.0020777729190408684,square,1,0.1,0.25,12,24,3.6200289726257324,0.0
1779528017.7153828,0.0,-0.0994837673636768,0.0,0.0,0.0,-0.0020777729190408684,-0.0396,1.584,0.2376,0.0,-0.1,0.0,0.0,-0.0994837673636768,0.0,0.0,0.0,0.0,square,1,0.1,0.25,12,24,3.6302340030670166,0.0
1779528017.7254112,0.0,-0.0994837673636768,0.0,0.0,0.0,0.0,0.0,1.584,0.35639999999999994,0.0,-0.1,0.0,0.0,-0.0994837673636768,0.0,0.0,0.0,0.0,square,1,0.1,0.25,12,24,3.6399998664855957,0.0
1779528017.7354102,0.0,-0.0994837673636768,0.0,0.0,0.0,0.0,0.0,1.584,0.35639999999999994,0.0,-0.1,0.0,0.0,-0.0994837673636768,0.0,-0.0020777729190408684,0.0,0.0,square,1,0.1,0.25,12,24,3.6500282287597656,0.0
1779528017.7454143,0.0,-0.0994837673636768,0.0,-0.0020777729190408684,0.0,0.0,0.0,1.6236000000000002,0.27720000000000006,0.0,-0.1,0.0,0.0,-0.0994837673636768,0.0,-0.0020777729190408684,0.0,0.0,square,1,0.1,0.25,12,24,3.660027265548706,0.0
1779528017.755411,0.0,-0.0994837673636768,0.0,-0.0020777729190408684,0.0,0.0,0.0,1.6236000000000002,0.27720000000000006,0.0,-0.1,0.0,0.0,-0.0994837673636768,0.0,0.0020777729190408684,0.0,0.0,square,1,0.1,0.25,12,24,3.6700313091278076,0.0
1779528017.7653832,0.0,-0.0994837673636768,0.0,0.0020777729190408684,0.0,0.0,0.0,1.6236000000000002,0.3168,0.0,-0.1,0.0,0.0,-0.0994837673636768,0.0,0.004155545838081737,0.0,0.0,square,1,0.1,0.25,12,24,3.680027961730957,0.0
1779528017.7754135,0.0,-0.0994837673636768,0.0,0.004155545838081737,0.0,0.0,0.0396,1.5444,0.3168,0.0,-0.1,0.0,0.0,-0.0994837673636768,0.0,0.004155545838081737,0.0,0.0,square,1,0.1,0.25,12,24,3.690000295639038,0.0
1779528017.7853966,0.0,-0.0994837673636768,0.0,0.004155545838081737,0.0,0.0,0.0396,1.5444,0.3168,0.0,-0.1,0.0,0.0,-0.0994837673636768,0.0,0.0,0.0,0.0,square,1,0.1,0.25,12,24,3.700030565261841,0.0
1779528017.7953832,0.0,-0.0994837673636768,0.0,0.0,0.0,0.0,0.0,1.5444,-0.2376,0.0,-0.1,0.0,0.0,-0.0994837673636768,0.0,0.0,-0.0020777729190408684,0.0,square,1,0.1,0.25,12,24,3.7100136280059814,0.0
1779528017.8053832,0.0,-0.0994837673636768,0.0,0.0,-0.0020777729190408684,0.0,0.0,1.6236000000000002,0.27720000000000006,0.0,-0.1,0.0,0.0,-0.0994837673636768,0.0,0.0,0.0,0.0,square,1,0.1,0.25,12,24,3.7200002670288086,0.0
1779528017.8154109,0.0,-0.0994837673636768,0.0,0.0,0.0,0.0,0.0,1.6236000000000002,0.2376,0.0,-0.1,0.0,0.0,-0.0994837673636768,0.0,0.0,0.0,0.0,square,1,0.1,0.25,12,24,3.7300002574920654,0.0
1779528017.825414,0.0,-0.0994837673636768,0.0,0.0,0.0,0.0,0.0,1.6236000000000002,0.2376,0.0,-0.1,0.0,0.0,-0.0994837673636768,0.0,0.0020777729190408684,0.0,0.0,square,1,0.1,0.25,12,24,3.740027904510498,0.0
1779528017.8353653,0.0,-0.0994837673636768,0.0,0.0020777729190408684,0.0,0.0,0.0,1.584,0.396,0.0,-0.1,0.0,0.0,-0.0994837673636768,0.0,0.0,0.0,0.0,square,1,0.1,0.25,12,24,3.750030994415283,0.0
1779528017.845384,0.0,-0.0994837673636768,0.0,0.0,0.0,0.0,0.0,1.6236000000000002,0.2376,0.0,-0.1,0.0,0.0,-0.0994837673636768,0.0,0.0,0.0,0.0,square,1,0.1,0.25,12,24,3.7599823474884033,0.0
1779528017.8553834,0.0,-0.0994837673636768,0.0,0.0,0.0,0.0,-0.0396,1.6236000000000002,0.396,0.0,-0.1,0.0,0.0,-0.0994837673636768,0.0,0.0,0.0,-0.0020777729190408684,square,1,0.1,0.25,12,24,3.77000093460083,0.0
1779528017.8653839,0.0,-0.0994837673636768,0.0,0.0,0.0,-0.0020777729190408684,-0.0792,1.6236000000000002,0.27720000000000006,0.0,-0.1,0.0,0.0,-0.0994837673636768,0.0,0.0,0.0,0.0,square,1,0.1,0.25,12,24,3.7800004482269287,0.0
1779528017.875446,0.0,-0.0994837673636768,0.0,0.0,0.0,0.0,-0.0396,1.6236000000000002,0.27720000000000006,0.0,-0.1,0.0,0.0,-0.0994837673636768,0.0,0.0,0.0,0.0,square,1,0.1,0.25,12,24,3.7900009155273438,0.0
1779528017.8853834,0.0,-0.0994837673636768,0.0,0.0,0.0,0.0,-0.0396,1.6236000000000002,0.27720000000000006,0.0,-0.1,0.0,0.0,-0.0994837673636768,0.0,0.0,0.0,0.0,square,1,0.1,0.25,12,24,3.800063133239746,0.0
1779528017.8953836,0.0,-0.0994837673636768,0.0,0.0,0.0,0.0,0.0,1.584,-0.2376,0.0,-0.1,0.0,0.0,-0.0994837673636768,0.0,-0.0020777729190408684,0.0,0.0,square,1,0.1,0.25,12,24,3.810000419616699,0.0
1779528017.9053833,0.0,-0.0994837673636768,0.0,-0.0020777729190408684,0.0,0.0,0.0,1.6632,-0.35639999999999994,0.0,-0.1,0.0,0.0,-0.0994837673636768,0.0,0.0,0.0,0.0,square,1,0.1,0.25,12,24,3.820000648498535,0.0
1779528017.9153833,0.0,-0.0994837673636768,0.0,0.0,0.0,0.0,0.0,1.584,0.27720000000000006,0.0,-0.1,0.0,0.0,-0.0994837673636768,0.0,0.0,0.0,0.0,square,1,0.1,0.25,12,24,3.830000400543213,0.0
1779528017.925389,0.0,-0.0994837673636768,0.0,0.0,0.0,0.0,0.0,1.5444,-0.3168,0.0,-0.1,0.0,0.0,-0.0994837673636768,0.0,0.0,0.0,0.0,square,1,0.1,0.25,12,24,3.8400003910064697,0.0
1779528017.9354112,0.0,-0.0994837673636768,0.0,0.0,0.0,0.0,0.0,1.5048000000000001,0.35639999999999994,0.0,-0.1,0.0,0.0,-0.0994837673636768,0.0,0.0,0.0,0.0,square,1,0.1,0.25,12,24,3.850006103515625,0.0
1779528017.9454107,0.0,-0.0994837673636768,0.0,0.0,0.0,0.0,0.0,1.5048000000000001,0.35639999999999994,0.0,-0.1,0.0,0.0,-0.0994837673636768,0.0,0.0,0.0,0.0,square,1,0.1,0.25,12,24,3.8600282669067383,0.0
1779528017.9553518,0.0,-0.0994837673636768,0.0,0.0,0.0,0.0,-0.0396,1.5444,0.35639999999999994,0.0,-0.1,0.0,0.0,-0.0994837673636768,0.0,0.0,0.0,-0.0020777729190408684,square,1,0.1,0.25,12,24,3.870027780532837,0.0
1779528017.9653838,0.0,-0.0994837673636768,0.0,0.0,0.0,-0.0020777729190408684,-0.0396,1.5444,0.35639999999999994,0.0,-0.1,0.0,0.0,-0.0994837673636768,0.0,0.0,0.0020777729190408684,0.0,square,1,0.1,0.25,12,24,3.8799688816070557,0.0
1779528017.975453,0.0,-0.0994837673636768,0.0,0.0,0.0020777729190408684,0.0,-0.0396,1.6632,0.35639999999999994,0.0,-0.1,0.0,0.0,-0.0994837673636768,0.0,0.0,0.0020777729190408684,0.0,square,1,0.1,0.25,12,24,3.890000820159912,0.0
1779528017.985413,0.0,-0.0994837673636768,0.0,0.0,0.0020777729190408684,0.0,-0.0396,1.6632,0.35639999999999994,0.0,-0.1,0.0,0.0,-0.0994837673636768,0.0,0.0,0.0,0.0020777729190408684,square,1,0.1,0.25,12,24,3.9000699520111084,0.0
1779528017.9953644,0.0,-0.0994837673636768,0.0,0.0,0.0,0.0020777729190408684,0.0,1.6236000000000002,0.27720000000000006,0.0,-0.1,0.0,0.0,-0.0994837673636768,0.0,0.0,0.0,0.0,square,1,0.1,0.25,12,24,3.9100301265716553,0.0
1779528018.0053835,0.0,-0.0994837673636768,0.0,0.0,0.0,0.0,-0.0396,1.5444,0.27720000000000006,0.0,-0.1,0.0,0.0,-0.0994837673636768,0.0,0.0,0.0020777729190408684,0.0,square,1,0.1,0.25,12,24,3.9199814796447754,0.0
1779528018.0153964,0.0,-0.0994837673636768,0.0,0.0,0.0020777729190408684,0.0,-0.0792,1.5048000000000001,0.198,0.0,-0.1,0.0,0.0,-0.0994837673636768,0.0,0.0,0.0,0.0,square,1,0.1,0.25,12,24,3.9300005435943604,0.0
1779528018.0253835,0.0,-0.0994837673636768,0.0,0.0,0.0,0.0,0.0,1.584,0.27720000000000006,0.0,-0.1,0.0,0.0,-0.0994837673636768,0.0,0.0,0.0,0.0,square,1,0.1,0.25,12,24,3.9400134086608887,0.0
1779528018.035415,0.0,-0.0994837673636768,0.0,0.0,0.0,0.0,-0.0396,1.5048000000000001,0.198,0.0,-0.1,0.0,0.0,-0.0994837673636768,0.0,0.0,0.0,0.0,square,1,0.1,0.25,12,24,3.950000524520874,0.0
1779528018.0454109,0.0,-0.0994837673636768,0.0,0.0,0.0,0.0,-0.0396,1.5048000000000001,0.198,0.0,-0.1,0.0,0.0,-0.0994837673636768,0.0,0.0,0.0,0.0,square,1,0.1,0.25,12,24,3.9600319862365723,0.0
1779528018.0554113,0.0,-0.0994837673636768,0.0,0.0,0.0,0.0,0.0,1.5048000000000001,0.1584,0.0,-0.1,0.0,0.0,-0.0994837673636768,0.0,0.0,0.0,0.0,square,1,0.1,0.25,12,24,3.9700279235839844,0.0
1779528018.0653834,0.0,-0.0994837673636768,0.0,0.0,0.0,0.0,0.0,1.5048000000000001,0.27720000000000006,0.0,-0.1,0.0,0.0,-0.0994837673636768,0.0,0.0,0.0,0.0,square,1,0.1,0.25,12,24,3.9800283908843994,0.0
1779528018.0753837,0.0,-0.0994837673636768,0.0,0.0,0.0,0.0,-0.0396,1.5444,0.198,0.0,-0.1,0.0,0.0,-0.0994837673636768,0.0,0.0,0.0,0.0,square,1,0.1,0.25,12,24,3.9900004863739014,0.0
1779528018.0854437,0.0,-0.0994837673636768,0.0,0.0,0.0,0.0,0.0,1.6236000000000002,0.27720000000000006,0.0,0.1,0.0,0.0,-0.0994837673636768,0.0,0.0,0.0,0.0,square,1,0.1,0.25,12,24,4.000000715255737,0.0
1779528018.0954113,0.0,-0.0994837673636768,0.0,0.0,0.0,0.0,0.0,1.6236000000000002,0.27720000000000006,0.0,0.1,0.0,0.0,-0.0994837673636768,0.0,0.0020777729190408684,0.0,0.0,square,1,0.1,0.25,12,24,4.010060787200928,0.0
1779528018.105383,0.0,-0.0994837673636768,0.0,0.0020777729190408684,0.0,0.0,0.0792,1.5048000000000001,0.99,0.0,0.1,0.0,0.0,-0.08901179185171082,0.0,0.0020777729190408684,0.9578533156778403,0.004155545838081737,square,1,0.1,0.25,12,24,4.020028352737427,0.0
1779528018.1153831,0.0,-0.08901179185171082,0.0,0.0020777729190408684,0.9578533156778403,0.004155545838081737,-0.198,3.8016,-0.5148,0.0,0.1,0.0,0.0,-0.06283185307179587,0.0,0.0020777729190408684,2.2502280713212603,-0.0020777729190408684,square,1,0.1,0.25,12,24,4.0299999713897705,0.0
1779528018.1254222,0.0,-0.06283185307179587,0.0,0.0020777729190408684,2.2502280713212603,-0.0020777729190408684,0.3168,-1.8215999999999999,0.2376,0.0,0.1,0.0,0.0,-0.06283185307179587,0.0,0.0020777729190408684,2.2502280713212603,-0.0020777729190408684,square,1,0.1,0.25,12,24,4.0400002002716064,0.0
1779528018.135384,0.0,-0.06283185307179587,0.0,0.0020777729190408684,2.2502280713212603,-0.0020777729190408684,0.3168,-1.8215999999999999,0.2376,0.0,0.1,0.0,0.0,-0.017453292519943295,0.0,0.0020777729190408684,2.2294503421308516,-0.006233318757122605,square,1,0.1,0.25,12,24,4.050039291381836,0.0
1779528018.1453836,0.0,-0.017453292519943295,0.0,0.0020777729190408684,2.2294503421308516,-0.006233318757122605,0.2376,-0.0792,-0.0396,0.0,0.1,0.0,0.0,0.0,0.0,-0.0020777729190408684,2.0279063689838877,0.0,square,1,0.1,0.25,12,24,4.0600011348724365,0.0
1779528018.1554136,0.0,0.0,0.0,-0.0020777729190408684,2.0279063689838877,0.0,-0.2376,-1.4255999999999998,-0.27720000000000006,0.0,0.1,0.0,0.0,0.0,0.0,-0.0020777729190408684,2.0279063689838877,0.0,square,1,0.1,0.25,12,24,4.070000648498535,0.0
1779528018.1654286,0.0,0.0,0.0,-0.0020777729190408684,2.0279063689838877,0.0,-0.2376,-1.4255999999999998,-0.27720000000000006,0.0,0.1,0.0,0.0,0.017453292519943295,0.0,-0.014544410433286078,1.7411737061562478,0.0,square,1,0.1,0.25,12,24,4.080030679702759,0.0
1779528018.1754162,0.0,0.017453292519943295,0.0,-0.014544410433286078,1.7411737061562478,0.0,0.35639999999999994,0.0,-0.0396,0.0,0.1,0.0,0.0,0.04363323129985824,0.0,-0.006233318757122605,1.2736747993720523,0.0,square,1,0.1,0.25,12,24,4.090045690536499,0.0
1779528018.185411,0.0,0.04363323129985824,0.0,-0.006233318757122605,1.2736747993720523,0.0,0.5940000000000001,-2.1780000000000004,-0.1584,0.0,0.1,0.0,0.0,0.04363323129985824,0.0,-0.006233318757122605,1.2736747993720523,0.0,square,1,0.1,0.25,12,24,4.100033283233643,0.0
1779528018.1954157,0.0,0.04363323129985824,0.0,-0.006233318757122605,1.2736747993720523,0.0,0.5940000000000001,-2.1780000000000004,-0.1584,0.0,0.1,0.0,0.0,0.06283185307179587,0.0,0.02493327502849042,0.9079867656208594,0.0,square,1,0.1,0.25,12,24,4.110028028488159,0.0
1779528018.2053838,0.0,0.06283185307179587,0.0,0.02493327502849042,0.9079867656208594,0.0,0.4752,-1.7028,-0.396,0.0,0.1,0.0,0.0,0.06981317007977318,0.0,0.02493327502849042,0.7479982508547126,0.0,square,1,0.1,0.25,12,24,4.120032787322998,0.0
1779528018.215416,0.0,0.06981317007977318,0.0,0.02493327502849042,0.7479982508547126,0.0,0.792,-1.8215999999999999,-0.35639999999999994,0.0,0.1,0.0,0.0,0.07504915783575616,0.0,0.008311091676163474,0.6170985569551379,0.0020777729190408684,square,1,0.1,0.25,12,24,4.130000829696655,0.0
1779528018.225422,0.0,0.07504915783575616,0.0,0.008311091676163474,0.6170985569551379,0.0020777729190408684,0.4752,-0.6732,-0.35639999999999994,0.0,0.1,0.0,0.0,0.07504915783575616,0.0,0.008311091676163474,0.6170985569551379,0.0020777729190408684,square,1,0.1,0.25,12,24,4.140033006668091,0.0
1779528018.2354293,0.0,0.07504915783575616,0.0,0.008311091676163474,0.6170985569551379,0.0020777729190408684,0.4752,-0.6732,-0.35639999999999994,0.0,0.1,0.0,0.0,0.08028514559173917,0.0,0.0,0.504898819326931,0.0,square,1,0.1,0.25,12,24,4.150038957595825,0.0
1779528018.2454112,0.0,0.08028514559173917,0.0,0.0,0.504898819326931,0.0,0.3168,-0.8316,-0.2376,0.0,0.1,0.0,0.0,0.08726646259971647,0.0,-0.004155545838081737,0.3282881212084572,0.0,square,1,0.1,0.25,12,24,4.160046339035034,0.0
1779528018.255384,0.0,0.08726646259971647,0.0,-0.004155545838081737,0.3282881212084572,0.0,-0.1188,-0.4356,-0.27720000000000006,0.0,0.1,0.0,0.0,0.08901179185171082,0.0,0.0,0.2617993877991494,0.0,square,1,0.1,0.25,12,24,4.170028209686279,0.0
1779528018.2654116,0.0,0.08901179185171082,0.0,0.0,0.2617993877991494,0.0,0.198,0.7127999999999999,-0.3168,0.0,0.1,0.0,0.0,0.08901179185171082,0.0,0.0,0.2617993877991494,0.0,square,1,0.1,0.25,12,24,4.1800010204315186,0.0
1779528018.275424,0.0,0.08901179185171082,0.0,0.0,0.2617993877991494,0.0,0.198,0.7127999999999999,-0.3168,0.0,0.1,0.0,0.0,0.09250245035569947,0.0,-0.010388864595204342,0.1703773793613512,0.0,square,1,0.1,0.25,12,24,4.190028667449951,0.0
1779528018.2853827,0.0,0.09250245035569947,0.0,-0.010388864595204342,0.1703773793613512,0.0,-0.1584,-0.198,-0.35639999999999994,0.0,0.1,0.0,0.0,0.09424777960769379,0.0,-0.010388864595204342,0.14544410433286079,0.0,square,1,0.1,0.25,12,24,4.200041055679321,0.0
1779528018.2954078,0.0,0.09424777960769379,0.0,-0.010388864595204342,0.14544410433286079,0.0,0.4356,-1.1088000000000002,-0.3168,0.0,0.1,0.0,0.0,0.09599310885968812,0.0,-0.004155545838081737,0.12674414806149298,-0.0020777729190408684,square,1,0.1,0.25,12,24,4.2099997997283936,0.0
1779528018.3054137,0.0,0.09599310885968812,0.0,-0.004155545838081737,0.12674414806149298,-0.0020777729190408684,0.396,2.0592,-0.2376,0.0,0.1,0.0,0.0,0.09599310885968812,0.0,-0.004155545838081737,0.12674414806149298,-0.0020777729190408684,square,1,0.1,0.25,12,24,4.220024824142456,0.0
1779528018.315414,0.0,0.09599310885968812,0.0,-0.004155545838081737,0.12674414806149298,-0.0020777729190408684,0.396,2.0592,-0.2376,0.0,0.1,0.0,0.0,0.09773843811168245,0.0,0.004155545838081737,0.07064427924738953,0.0,square,1,0.1,0.25,12,24,4.23003077507019,0.0
1779528018.3253832,0.0,0.09773843811168245,0.0,0.004155545838081737,0.07064427924738953,0.0,-0.0792,1.6632,-0.396,0.0,0.1,0.0,0.0,0.09773843811168245,0.0,0.01246663751424521,0.04155545838081737,0.0,square,1,0.1,0.25,12,24,4.240031003952026,0.0
1779528018.3353837,0.0,0.09773843811168245,0.0,0.01246663751424521,0.04155545838081737,0.0,-0.1584,1.2276,-0.27720000000000006,0.0,0.1,0.0,0.0,0.09773843811168245,0.0,0.018699956271367814,0.0394776854617765,0.0,square,1,0.1,0.25,12,24,4.250000238418579,0.0
1779528018.3454132,0.0,0.09773843811168245,0.0,0.018699956271367814,0.0394776854617765,0.0,0.6336,1.3068,-0.35639999999999994,0.0,0.1,0.0,0.0,0.09773843811168245,0.0,0.018699956271367814,0.0394776854617765,0.0,square,1,0.1,0.25,12,24,4.260000705718994,0.0
1779528018.355409,0.0,0.09773843811168245,0.0,0.018699956271367814,0.0394776854617765,0.0,0.6336,1.3068,-0.35639999999999994,0.0,0.1,0.0,0.0,0.09773843811168245,0.0,0.008311091676163474,0.020777729190408684,0.0,square,1,0.1,0.25,12,24,4.27003026008606,0.0
1779528018.3653965,0.0,0.09773843811168245,0.0,0.008311091676163474,0.020777729190408684,0.0,0.4356,0.9107999999999999,-0.4356,0.0,0.1,0.0,0.0,0.0994837673636768,0.0,-0.006233318757122605,0.016622183352326948,0.0,square,1,0.1,0.25,12,24,4.280025959014893,0.0
1779528018.3753836,0.0,0.0994837673636768,0.0,-0.006233318757122605,0.016622183352326948,0.0,-0.1188,0.99,-0.3168,0.0,0.1,0.0,0.0,0.0994837673636768,0.0,-0.008311091676163474,0.02701104794753129,0.0,square,1,0.1,0.25,12,24,4.290013551712036,0.0
1779528018.3855238,0.0,0.0994837673636768,0.0,-0.008311091676163474,0.02701104794753129,0.0,0.0396,1.3068,-0.27720000000000006,0.0,0.1,0.0,0.0,0.0994837673636768,0.0,-0.008311091676163474,0.01246663751424521,0.0,square,1,0.1,0.25,12,24,4.3000006675720215,0.0
1779528018.395418,0.0,0.0994837673636768,0.0,-0.008311091676163474,0.01246663751424521,0.0,-0.1584,1.1088000000000002,0.3168,0.0,0.1,0.0,0.0,0.0994837673636768,0.0,-0.0020777729190408684,0.004155545838081737,0.0,square,1,0.1,0.25,12,24,4.31014084815979,0.0
1779528018.405413,0.0,0.0994837673636768,0.0,-0.0020777729190408684,0.004155545838081737,0.0,-0.0396,0.7524000000000001,-0.4752,0.0,0.1,0.0,0.0,0.0994837673636768,0.0,-0.0020777729190408684,0.004155545838081737,0.0,square,1,0.1,0.25,12,24,4.320034980773926,0.0
1779528018.4154973,0.0,0.0994837673636768,0.0,-0.0020777729190408684,0.004155545838081737,0.0,-0.0396,0.7524000000000001,-0.4752,0.0,0.1,0.0,0.0,0.0994837673636768,0.0,0.0,0.0,-0.0020777729190408684,square,1,0.1,0.25,12,24,4.3300299644470215,0.0
1779528018.4254148,0.0,0.0994837673636768,0.0,0.0,0.0,-0.0020777729190408684,0.0,0.8316,-0.35639999999999994,0.0,0.1,0.0,0.0,0.0994837673636768,0.0,0.0020777729190408684,0.0,0.0,square,1,0.1,0.25,12,24,4.34011435508728,0.0
1779528018.4354136,0.0,0.0994837673636768,0.0,0.0020777729190408684,0.0,0.0,-0.0396,0.8316,-0.396,0.0,0.1,0.0,0.0,0.0994837673636768,0.0,0.0,0.0020777729190408684,0.0,square,1,0.1,0.25,12,24,4.350031852722168,0.0
1779528018.4455404,0.0,0.0994837673636768,0.0,0.0,0.0020777729190408684,0.0,0.0,0.8712,-0.2376,0.0,0.1,0.0,0.0,0.0994837673636768,0.0,0.0,0.0020777729190408684,0.0,square,1,0.1,0.25,12,24,4.360030651092529,0.0
1779528018.455411,0.0,0.0994837673636768,0.0,0.0,0.0020777729190408684,0.0,0.0,0.8712,-0.2376,0.0,0.1,0.0,0.0,0.0994837673636768,0.0,0.0,0.0,0.0,square,1,0.1,0.25,12,24,4.370157480239868,0.0
1779528018.4654248,0.0,0.0994837673636768,0.0,0.0,0.0,0.0,-0.0792,0.9107999999999999,0.35639999999999994,0.0,0.1,0.0,0.0,0.0994837673636768,0.0,0.0,0.0,0.0,square,1,0.1,0.25,12,24,4.380028009414673,0.0
1779528018.475411,0.0,0.0994837673636768,0.0,0.0,0.0,0.0,-0.0792,0.9107999999999999,0.35639999999999994,0.0,0.1,0.0,0.0,0.0994837673636768,0.0,0.0020777729190408684,0.0,0.0,square,1,0.1,0.25,12,24,4.390041828155518,0.0
1779528018.4854136,0.0,0.0994837673636768,0.0,0.0020777729190408684,0.0,0.0,-0.1584,0.792,-0.27720000000000006,0.0,0.1,0.0,0.0,0.0994837673636768,0.0,0.0,0.0,-0.0020777729190408684,square,1,0.1,0.25,12,24,4.4000279903411865,0.0
1779528018.495369,0.0,0.0994837673636768,0.0,0.0,0.0,-0.0020777729190408684,-0.1584,0.7127999999999999,-0.4752,0.0,0.1,0.0,0.0,0.0994837673636768,0.0,-0.0020777729190408684,0.0,0.0,square,1,0.1,0.25,12,24,4.4100306034088135,0.0
1779528018.5053833,0.0,0.0994837673636768,0.0,-0.0020777729190408684,0.0,0.0,-0.0792,0.8712,-0.396,0.0,0.1,0.0,0.0,0.0994837673636768,0.0,0.0,0.0,0.0020777729190408684,square,1,0.1,0.25,12,24,4.419986009597778,0.0
1779528018.5153832,0.0,0.0994837673636768,0.0,0.0,0.0,0.0020777729190408684,0.0396,1.0296,0.35639999999999994,0.0,0.1,0.0,0.0,0.0994837673636768,0.0,0.0,0.0,0.0020777729190408684,square,1,0.1,0.25,12,24,4.430000305175781,0.0
1779528018.5254142,0.0,0.0994837673636768,0.0,0.0,0.0,0.0020777729190408684,0.0,0.8316,-0.35639999999999994,0.0,0.1,0.0,0.0,0.0994837673636768,0.0,0.0,0.0,0.0020777729190408684,square,1,0.1,0.25,12,24,4.440000295639038,0.0
1779528018.5353887,0.0,0.0994837673636768,0.0,0.0,0.0,0.0020777729190408684,0.0,0.8316,-0.35639999999999994,0.0,0.1,0.0,0.0,0.0994837673636768,0.0,0.0,0.0,0.0,square,1,0.1,0.25,12,24,4.450031280517578,0.0
1779528018.545415,0.0,0.0994837673636768,0.0,0.0,0.0,0.0,-0.0396,1.0296,-0.35639999999999994,0.0,0.1,0.0,0.0,0.0994837673636768,0.0,0.0020777729190408684,0.0,0.0,square,1,0.1,0.25,12,24,4.460005760192871,0.0
1779528018.5553832,0.0,0.0994837673636768,0.0,0.0020777729190408684,0.0,0.0,-0.198,0.9107999999999999,-0.35639999999999994,0.0,0.1,0.0,0.0,0.0994837673636768,0.0,0.0,0.0,0.0,square,1,0.1,0.25,12,24,4.470031976699829,0.0
1779528018.5654118,0.0,0.0994837673636768,0.0,0.0,0.0,0.0,0.198,0.9107999999999999,-0.396,0.0,0.1,0.0,0.0,0.0994837673636768,0.0,0.0,0.0,0.0,square,1,0.1,0.25,12,24,4.480000257492065,0.0
1779528018.5753837,0.0,0.0994837673636768,0.0,0.0,0.0,0.0,0.198,0.9107999999999999,-0.396,0.0,0.1,0.0,0.0,0.0994837673636768,0.0,0.0,0.0020777729190408684,0.0,square,1,0.1,0.25,12,24,4.4900288581848145,0.0
1779528018.5853844,0.0,0.0994837673636768,0.0,0.0,0.0020777729190408684,0.0,0.0,0.8712,0.4356,0.0,0.1,0.0,0.0,0.0994837673636768,0.0,0.0,0.0,0.0,square,1,0.1,0.25,12,24,4.500000715255737,0.0
1779528018.5954366,0.0,0.0994837673636768,0.0,0.0,0.0,0.0,0.0,1.1483999999999999,0.4752,0.0,0.1,0.0,0.0,0.0994837673636768,0.0,-0.0020777729190408684,0.0,0.0,square,1,0.1,0.25,12,24,4.5100014209747314,0.0
1779528018.6053822,0.0,0.0994837673636768,0.0,-0.0020777729190408684,0.0,0.0,0.0,1.0692,-0.3168,0.0,0.1,0.0,0.0,0.0994837673636768,0.0,0.0,0.0,0.0,square,1,0.1,0.25,12,24,4.5200536251068115,0.0
1779528018.6153963,0.0,0.0994837673636768,0.0,0.0,0.0,0.0,-0.0396,1.1088000000000002,-0.27720000000000006,0.0,0.1,0.0,0.0,0.0994837673636768,0.0,0.004155545838081737,0.0,0.0,square,1,0.1,0.25,12,24,4.529999256134033,0.0
1779528018.6253836,0.0,0.0994837673636768,0.0,0.004155545838081737,0.0,0.0,-0.1188,1.1483999999999999,-0.3168,0.0,0.1,0.0,0.0,0.0994837673636768,0.0,0.0020777729190408684,0.0,0.0,square,1,0.1,0.25,12,24,4.540013313293457,0.0
1779528018.635384,0.0,0.0994837673636768,0.0,0.0020777729190408684,0.0,0.0,-0.1584,1.0296,-0.35639999999999994,0.0,0.1,0.0,0.0,0.0994837673636768,0.0,0.004155545838081737,-0.0020777729190408684,0.0,square,1,0.1,0.25,12,24,4.5500006675720215,0.0
1779528018.645409,0.0,0.0994837673636768,0.0,0.004155545838081737,-0.0020777729190408684,0.0,0.198,1.0692,-0.396,0.0,0.1,0.0,0.0,0.0994837673636768,0.0,0.004155545838081737,-0.0020777729190408684,0.0,square,1,0.1,0.25,12,24,4.5600011348724365,0.0
1779528018.6554108,0.0,0.0994837673636768,0.0,0.004155545838081737,-0.0020777729190408684,0.0,0.198,1.0692,-0.396,0.0,0.1,0.0,0.0,0.0994837673636768,0.0,0.0,0.0,0.0,square,1,0.1,0.25,12,24,4.570026159286499,0.0
1779528018.6654131,0.0,0.0994837673636768,0.0,0.0,0.0,0.0,-0.1188,1.0296,-0.396,0.0,0.1,0.0,0.0,0.0994837673636768,0.0,0.0,0.0,0.0,square,1,0.1,0.25,12,24,4.58002781867981,0.0
1779528018.6754103,0.0,0.0994837673636768,0.0,0.0,0.0,0.0,-0.1188,1.0296,-0.396,0.0,0.1,0.0,0.0,0.0994837673636768,0.0,-0.0020777729190408684,0.0,0.0020777729190408684,square,1,0.1,0.25,12,24,4.590030193328857,0.0
1779528018.6854115,0.0,0.0994837673636768,0.0,-0.0020777729190408684,0.0,0.0020777729190408684,0.0,1.1483999999999999,0.35639999999999994,0.0,0.1,0.0,0.0,0.0994837673636768,0.0,-0.004155545838081737,0.0,0.0,square,1,0.1,0.25,12,24,4.600027322769165,0.0
1779528018.695384,0.0,0.0994837673636768,0.0,-0.004155545838081737,0.0,0.0,-0.0396,1.1483999999999999,-0.35639999999999994,0.0,0.1,0.0,0.0,0.0994837673636768,0.0,0.0,0.0,0.0,square,1,0.1,0.25,12,24,4.610028505325317,0.0
1779528018.7053838,0.0,0.0994837673636768,0.0,0.0,0.0,0.0,0.0,1.1880000000000002,-0.4752,0.0,0.1,0.0,0.0,0.0994837673636768,0.0,0.0,-0.0020777729190408684,0.0,square,1,0.1,0.25,12,24,4.6200010776519775,0.0
1779528018.7154143,0.0,0.0994837673636768,0.0,0.0,-0.0020777729190408684,0.0,0.0,1.1088000000000002,0.3168,0.0,0.1,0.0,0.0,0.0994837673636768,0.0,0.0,-0.0020777729190408684,0.0,square,1,0.1,0.25,12,24,4.630000829696655,0.0
1779528018.725416,0.0,0.0994837673636768,0.0,0.0,-0.0020777729190408684,0.0,0.0,1.1088000000000002,0.3168,0.0,0.1,0.0,0.0,0.0994837673636768,0.0,0.0020777729190408684,0.0,0.0,square,1,0.1,0.25,12,24,4.640031337738037,0.0
1779528018.735384,0.0,0.0994837673636768,0.0,0.0020777729190408684,0.0,0.0,-0.0792,1.1088000000000002,-0.396,0.0,0.1,0.0,0.0,0.0994837673636768,0.0,0.004155545838081737,0.0,0.0,square,1,0.1,0.25,12,24,4.650032997131348,0.0
1779528018.7453833,0.0,0.0994837673636768,0.0,0.004155545838081737,0.0,0.0,0.1584,0.99,0.2376,0.0,0.1,0.0,0.0,0.0994837673636768,0.0,0.0020777729190408684,0.0,0.0,square,1,0.1,0.25,12,24,4.660001039505005,0.0
1779528018.75541,0.0,0.0994837673636768,0.0,0.0020777729190408684,0.0,0.0,0.2376,1.1088000000000002,-0.3168,0.0,0.1,0.0,0.0,0.0994837673636768,0.0,0.0020777729190408684,0.0,0.0,square,1,0.1,0.25,12,24,4.670000314712524,0.0
1779528018.7654166,0.0,0.0994837673636768,0.0,0.0020777729190408684,0.0,0.0,0.2376,1.1088000000000002,-0.3168,0.0,0.1,0.0,0.0,0.0994837673636768,0.0,0.0,-0.0020777729190408684,0.0,square,1,0.1,0.25,12,24,4.680027008056641,0.0
1779528018.7753837,0.0,0.0994837673636768,0.0,0.0,-0.0020777729190408684,0.0,-0.1584,1.1880000000000002,0.27720000000000006,0.0,0.1,0.0,0.0,0.0994837673636768,0.0,-0.0020777729190408684,0.0,0.0,square,1,0.1,0.25,12,24,4.690033674240112,0.0
1779528018.7854235,0.0,0.0994837673636768,0.0,-0.0020777729190408684,0.0,0.0,-0.1188,1.1483999999999999,-0.396,0.0,0.1,0.0,0.0,0.0994837673636768,0.0,-0.0020777729190408684,0.0,0.0,square,1,0.1,0.25,12,24,4.700000762939453,0.0
1779528018.7953832,0.0,0.0994837673636768,0.0,-0.0020777729190408684,0.0,0.0,-0.1188,1.1483999999999999,-0.396,0.0,0.1,0.0,0.0,0.0994837673636768,0.0,-0.004155545838081737,0.0,0.0,square,1,0.1,0.25,12,24,4.71004056930542,0.0
1779528018.8054142,0.0,0.0994837673636768,0.0,-0.004155545838081737,0.0,0.0,-0.0396,1.1088000000000002,-0.3168,0.0,0.1,0.0,0.0,0.0994837673636768,0.0,-0.004155545838081737,0.0,0.0,square,1,0.1,0.25,12,24,4.720000267028809,0.0
1779528018.8153832,0.0,0.0994837673636768,0.0,-0.004155545838081737,0.0,0.0,-0.0396,1.1088000000000002,-0.3168,0.0,0.1,0.0,0.0,0.0994837673636768,0.0,0.0,0.0020777729190408684,0.0,square,1,0.1,0.25,12,24,4.730031251907349,0.0
1779528018.8253832,0.0,0.0994837673636768,0.0,0.0,0.0020777729190408684,0.0,0.0,1.1088000000000002,-0.35639999999999994,0.0,0.1,0.0,0.0,0.0994837673636768,0.0,0.0,0.0,0.0,square,1,0.1,0.25,12,24,4.740000247955322,0.0
1779528018.8354132,0.0,0.0994837673636768,0.0,0.0,0.0,0.0,-0.0396,1.1088000000000002,0.3168,0.0,0.1,0.0,0.0,0.0994837673636768,0.0,0.0020777729190408684,0.0,0.0,square,1,0.1,0.25,12,24,4.750000238418579,0.0
1779528018.8454092,0.0,0.0994837673636768,0.0,0.0020777729190408684,0.0,0.0,-0.1188,1.0692,-0.2376,0.0,0.1,0.0,0.0,0.0994837673636768,0.0,0.0020777729190408684,0.0020777729190408684,0.0,square,1,0.1,0.25,12,24,4.760030269622803,0.0
1779528018.8554137,0.0,0.0994837673636768,0.0,0.0020777729190408684,0.0020777729190408684,0.0,-0.1584,1.0692,-0.198,0.0,0.1,0.0,0.0,0.0994837673636768,0.0,0.0020777729190408684,0.0020777729190408684,0.0,square,1,0.1,0.25,12,24,4.770026206970215,0.0
1779528018.8653967,0.0,0.0994837673636768,0.0,0.0020777729190408684,0.0020777729190408684,0.0,-0.1584,1.0692,-0.198,0.0,0.1,0.0,0.0,0.0994837673636768,0.0,0.0,0.0,0.0,square,1,0.1,0.25,12,24,4.780030727386475,0.0
1779528018.875414,0.0,0.0994837673636768,0.0,0.0,0.0,0.0,0.1188,1.2276,-0.3168,0.0,0.1,0.0,0.0,0.0994837673636768,0.0,0.0,0.0,0.0,square,1,0.1,0.25,12,24,4.790013790130615,0.0
1779528018.885414,0.0,0.0994837673636768,0.0,0.0,0.0,0.0,0.1188,1.2276,-0.3168,0.0,0.1,0.0,0.0,0.0994837673636768,0.0,-0.0020777729190408684,-0.0020777729190408684,0.0,square,1,0.1,0.25,12,24,4.800030946731567,0.0
1779528018.8954144,0.0,0.0994837673636768,0.0,-0.0020777729190408684,-0.0020777729190408684,0.0,-0.1584,1.2276,-0.396,0.0,0.1,0.0,0.0,0.0994837673636768,0.0,-0.0020777729190408684,0.0,0.0,square,1,0.1,0.25,12,24,4.810030937194824,0.0
1779528018.9054143,0.0,0.0994837673636768,0.0,-0.0020777729190408684,0.0,0.0,-0.0792,1.2276,-0.198,0.0,0.1,0.0,0.0,0.0994837673636768,0.0,0.0,0.0,0.0,square,1,0.1,0.25,12,24,4.820031404495239,0.0
1779528018.9153829,0.0,0.0994837673636768,0.0,0.0,0.0,0.0,-0.0792,1.1088000000000002,0.27720000000000006,0.0,0.1,0.0,0.0,0.0994837673636768,0.0,0.0,0.0,0.0,square,1,0.1,0.25,12,24,4.830031394958496,0.0
1779528018.9254115,0.0,0.0994837673636768,0.0,0.0,0.0,0.0,-0.0792,1.2276,0.35639999999999994,0.0,0.1,0.0,0.0,0.0994837673636768,0.0,0.0,0.0,0.0,square,1,0.1,0.25,12,24,4.8399999141693115,0.0
1779528018.9353836,0.0,0.0994837673636768,0.0,0.0,0.0,0.0,-0.0792,1.2276,0.35639999999999994,0.0,0.1,0.0,0.0,0.0994837673636768,0.0,0.0,0.0,0.0,square,1,0.1,0.25,12,24,4.8500285148620605,0.0
1779528018.9454687,0.0,0.0994837673636768,0.0,0.0,0.0,0.0,-0.0792,1.2276,0.4356,0.0,0.1,0.0,0.0,0.0994837673636768,0.0,0.0,0.0,0.0,square,1,0.1,0.25,12,24,4.8600006103515625,0.0
1779528018.9554102,0.0,0.0994837673636768,0.0,0.0,0.0,0.0,-0.0792,1.2276,0.4356,0.0,0.1,0.0,0.0,0.0994837673636768,0.0,0.0,0.0,0.0,square,1,0.1,0.25,12,24,4.870085716247559,0.0
1779528018.9653835,0.0,0.0994837673636768,0.0,0.0,0.0,0.0,-0.0792,1.1880000000000002,0.2376,0.0,0.1,0.0,0.0,0.0994837673636768,0.0,0.0,0.0,0.0,square,1,0.1,0.25,12,24,4.8800272941589355,0.0
1779528018.9754028,0.0,0.0994837673636768,0.0,0.0,0.0,0.0,-0.1188,1.2276,-0.2376,0.0,0.1,0.0,0.0,0.0994837673636768,0.0,0.0,0.0,0.0,square,1,0.1,0.25,12,24,4.890000581741333,0.0
1779528018.9854007,0.0,0.0994837673636768,0.0,0.0,0.0,0.0,-0.1188,1.2276,-0.2376,0.0,0.1,0.0,0.0,0.0994837673636768,0.0,-0.0020777729190408684,0.0,0.0,square,1,0.1,0.25,12,24,4.900019884109497,0.0
1779528018.9954135,0.0,0.0994837673636768,0.0,-0.0020777729190408684,0.0,0.0,-0.0792,1.1088000000000002,-0.2376,0.0,0.1,0.0,0.0,0.0994837673636768,0.0,0.0,-0.0020777729190408684,0.0,square,1,0.1,0.25,12,24,4.910017728805542,0.0
1779528019.0054157,0.0,0.0994837673636768,0.0,0.0,-0.0020777729190408684,0.0,-0.1188,1.1483999999999999,0.2376,0.0,0.1,0.0,0.0,0.0994837673636768,0.0,0.0,-0.0020777729190408684,0.0,square,1,0.1,0.25,12,24,4.92003059387207,0.0
1779528019.0153856,0.0,0.0994837673636768,0.0,0.0,-0.0020777729190408684,0.0,-0.1188,1.1483999999999999,0.2376,0.0,0.1,0.0,0.0,0.0994837673636768,0.0,0.0,-0.0020777729190408684,0.0,square,1,0.1,0.25,12,24,4.930032730102539,0.0
1779528019.025411,0.0,0.0994837673636768,0.0,0.0,-0.0020777729190408684,0.0,-0.0792,1.4255999999999998,0.2376,0.0,0.1,0.0,0.0,0.0994837673636768,0.0,0.0,0.0,0.0,square,1,0.1,0.25,12,24,4.940002679824829,0.0
1779528019.035384,0.0,0.0994837673636768,0.0,0.0,0.0,0.0,-0.0792,1.3464,0.35639999999999994,0.0,0.1,0.0,0.0,0.0994837673636768,0.0,0.0020777729190408684,0.0,0.0,square,1,0.1,0.25,12,24,4.950027942657471,0.0
1779528019.045383,0.0,0.0994837673636768,0.0,0.0020777729190408684,0.0,0.0,0.0396,1.4652,-0.3168,0.0,0.1,0.0,0.0,0.0994837673636768,0.0,0.0,0.0,0.0,square,1,0.1,0.25,12,24,4.960000991821289,0.0
1779528019.0554285,0.0,0.0994837673636768,0.0,0.0,0.0,0.0,-0.1188,1.3860000000000001,-0.27720000000000006,0.0,0.1,0.0,0.0,0.0994837673636768,0.0,0.0,0.0,0.0,square,1,0.1,0.25,12,24,4.9700000286102295,0.0
1779528019.0654123,0.0,0.0994837673636768,0.0,0.0,0.0,0.0,-0.1188,1.3860000000000001,-0.27720000000000006,0.0,0.1,0.0,0.0,0.0994837673636768,0.0,-0.0020777729190408684,0.0,0.0020777729190408684,square,1,0.1,0.25,12,24,4.980045557022095,0.0
1779528019.0754147,0.0,0.0994837673636768,0.0,-0.0020777729190408684,0.0,0.0020777729190408684,-0.0396,1.3068,0.198,0.0,0.1,0.0,0.0,0.0994837673636768,0.0,0.0,0.0,0.0,square,1,0.1,0.25,12,24,4.990029335021973,0.0
1779528019.0853837,0.0,0.0994837673636768,0.0,0.0,0.0,0.0,-0.0396,1.1880000000000002,-0.3168,0.0,0.1,0.0,0.0,0.0994837673636768,0.0,-0.0020777729190408684,0.0,0.0,square,1,0.1,0.25,12,24,5.0000317096710205,0.0
1779528019.0953953,0.0,0.0994837673636768,0.0,-0.0020777729190408684,0.0,0.0,0.0,1.3068,-0.27720000000000006,0.0,0.1,0.0,0.0,0.0994837673636768,0.0,0.0,0.0,0.0,square,1,0.1,0.25,12,24,5.010000705718994,0.0
1779528019.105392,0.0,0.0994837673636768,0.0,0.0,0.0,0.0,0.0,1.2276,-0.198,0.0,0.1,0.0,0.0,0.0994837673636768,0.0,0.0,0.0,0.0,square,1,0.1,0.25,12,24,5.020012378692627,0.0
1779528019.1153932,0.0,0.0994837673636768,0.0,0.0,0.0,0.0,-0.0396,1.2672,-0.27720000000000006,0.0,0.1,0.0,0.0,0.0994837673636768,0.0,0.0,0.0,0.0,square,1,0.1,0.25,12,24,5.030009031295776,0.0
1779528019.1253924,0.0,0.0994837673636768,0.0,0.0,0.0,0.0,-0.0792,1.3068,0.198,0.0,0.1,0.0,0.0,0.0994837673636768,0.0,0.0,0.0,0.0,square,1,0.1,0.25,12,24,5.040010213851929,0.0
1779528019.1355839,0.0,0.0994837673636768,0.0,0.0,0.0,0.0,-0.0792,1.3464,0.3168,0.0,0.1,0.0,0.0,0.0994837673636768,0.0,0.0,0.0,0.0,square,1,0.1,0.25,12,24,5.050009489059448,0.0
1779528019.1454265,0.0,0.0994837673636768,0.0,0.0,0.0,0.0,-0.0792,1.3464,0.3168,0.0,0.1,0.0,0.0,0.0994837673636768,0.0,0.0,0.0,0.0,square,1,0.1,0.25,12,24,5.060200929641724,0.0
1779528019.155384,0.0,0.0994837673636768,0.0,0.0,0.0,0.0,-0.0792,1.3860000000000001,-0.35639999999999994,0.0,0.1,0.0,0.0,0.0994837673636768,0.0,-0.0020777729190408684,0.0,0.0,square,1,0.1,0.25,12,24,5.070043563842773,0.0
1779528019.1656072,0.0,0.0994837673636768,0.0,-0.0020777729190408684,0.0,0.0,-0.1188,1.3068,-0.27720000000000006,0.0,0.1,0.0,0.0,0.0994837673636768,0.0,-0.0020777729190408684,0.0,0.0,square,1,0.1,0.25,12,24,5.08000111579895,0.0
1779528019.175601,0.0,0.0994837673636768,0.0,-0.0020777729190408684,0.0,0.0,-0.1188,1.3068,-0.27720000000000006,0.0,0.1,0.0,0.0,0.0994837673636768,0.0,0.0,0.0,0.0,square,1,0.1,0.25,12,24,5.090224266052246,0.0
1779528019.1855335,0.0,0.0994837673636768,0.0,0.0,0.0,0.0,-0.0792,1.3068,-0.2376,0.0,0.1,0.0,0.0,0.0994837673636768,0.0,-0.0020777729190408684,0.0,0.0,square,1,0.1,0.25,12,24,5.100218057632446,0.0
1779528019.1955354,0.0,0.0994837673636768,0.0,-0.0020777729190408684,0.0,0.0,-0.0396,1.2276,-0.27720000000000006,0.0,0.1,0.0,0.0,0.0994837673636768,0.0,0.0,0.0,0.0,square,1,0.1,0.25,12,24,5.110150575637817,0.0
1779528019.2055945,0.0,0.0994837673636768,0.0,0.0,0.0,0.0,-0.0792,1.1880000000000002,-0.198,0.0,0.1,0.0,0.0,0.0994837673636768,0.0,-0.0020777729190408684,0.0,0.0,square,1,0.1,0.25,12,24,5.120152473449707,0.0
1779528019.2153828,0.0,0.0994837673636768,0.0,-0.0020777729190408684,0.0,0.0,-0.0396,1.4255999999999998,-0.27720000000000006,0.0,0.1,0.0,0.0,0.0994837673636768,0.0,0.0,0.0,0.0,square,1,0.1,0.25,12,24,5.130211591720581,0.0
1779528019.2253919,0.0,0.0994837673636768,0.0,0.0,0.0,0.0,-0.1188,1.2276,-0.2376,0.0,0.1,0.0,0.0,0.0994837673636768,0.0,0.0,0.0020777729190408684,0.0,square,1,0.1,0.25,12,24,5.139999866485596,0.0
1779528019.2353919,0.0,0.0994837673636768,0.0,0.0,0.0020777729190408684,0.0,-0.0792,1.3068,-0.35639999999999994,0.0,0.1,0.0,0.0,0.0994837673636768,0.0,0.0,0.0,0.0,square,1,0.1,0.25,12,24,5.150008916854858,0.0
1779528019.2453911,0.0,0.0994837673636768,0.0,0.0,0.0,0.0,-0.0396,1.2276,-0.198,0.0,0.1,0.0,0.0,0.0994837673636768,0.0,0.0,0.0,0.0,square,1,0.1,0.25,12,24,5.160008907318115,0.0
1779528019.2553835,0.0,0.0994837673636768,0.0,0.0,0.0,0.0,-0.1584,1.2672,-0.3168,0.0,0.1,0.0,0.0,0.0994837673636768,0.0,0.0020777729190408684,0.0,0.0020777729190408684,square,1,0.1,0.25,12,24,5.170008182525635,0.0
1779528019.2653832,0.0,0.0994837673636768,0.0,0.0020777729190408684,0.0,0.0020777729190408684,-0.1584,1.4652,-0.2376,0.0,0.1,0.0,0.0,0.0994837673636768,0.0,0.0,-0.0020777729190408684,0.0,square,1,0.1,0.25,12,24,5.18000054359436,0.0
1779528019.2753925,0.0,0.0994837673636768,0.0,0.0,-0.0020777729190408684,0.0,-0.1188,1.2276,-0.2376,0.0,0.1,0.0,0.0,0.0994837673636768,0.0,0.0,0.0,0.0020777729190408684,square,1,0.1,0.25,12,24,5.190000295639038,0.0
1779528019.2853832,0.0,0.0994837673636768,0.0,0.0,0.0,0.0020777729190408684,-0.0792,1.3464,-0.2376,0.0,0.1,0.0,0.0,0.0994837673636768,0.0,0.0,0.0,0.0,square,1,0.1,0.25,12,24,5.20000958442688,0.0
1779528019.295414,0.0,0.0994837673636768,0.0,0.0,0.0,0.0,-0.0792,1.4652,0.27720000000000006,0.0,0.1,0.0,0.0,0.0994837673636768,0.0,0.0,0.0,0.0,square,1,0.1,0.25,12,24,5.210000276565552,0.0
1779528019.305535,0.0,0.0994837673636768,0.0,0.0,0.0,0.0,-0.0792,1.4652,0.27720000000000006,0.0,0.1,0.0,0.0,0.0994837673636768,0.0,0.0,0.0,0.0,square,1,0.1,0.25,12,24,5.220031023025513,0.0
1779528019.3153841,0.0,0.0994837673636768,0.0,0.0,0.0,0.0,-0.0792,1.4255999999999998,-0.2376,0.0,0.1,0.0,0.0,0.0994837673636768,0.0,0.0,0.0,0.0,square,1,0.1,0.25,12,24,5.230152130126953,0.0
1779528019.3253827,0.0,0.0994837673636768,0.0,0.0,0.0,0.0,-0.0792,1.2276,-0.2376,0.0,0.1,0.0,0.0,0.0994837673636768,0.0,0.0,0.0,0.0,square,1,0.1,0.25,12,24,5.240001201629639,0.0
1779528019.335522,0.0,0.0994837673636768,0.0,0.0,0.0,0.0,-0.0792,1.2276,-0.1584,0.0,0.1,0.0,0.0,0.0994837673636768,0.0,0.0,0.0,0.0,square,1,0.1,0.25,12,24,5.249999761581421,0.0
1779528019.3453827,0.0,0.0994837673636768,0.0,0.0,0.0,0.0,-0.0792,1.2276,-0.1584,0.0,0.1,0.0,0.0,0.0994837673636768,0.0,0.0,0.0,0.0,square,1,0.1,0.25,12,24,5.260138988494873,0.0
1779528019.3553832,0.0,0.0994837673636768,0.0,0.0,0.0,0.0,-0.1188,1.3464,-0.2376,0.0,0.1,0.0,0.0,0.0994837673636768,0.0,0.0,0.0,0.0,square,1,0.1,0.25,12,24,5.269999742507935,0.0
1779528019.3654146,0.0,0.0994837673636768,0.0,0.0,0.0,0.0,-0.1188,1.4255999999999998,-0.27720000000000006,0.0,0.1,0.0,0.0,0.0994837673636768,0.0,0.0,0.0,0.0,square,1,0.1,0.25,12,24,5.28000020980835,0.0
1779528019.3754113,0.0,0.0994837673636768,0.0,0.0,0.0,0.0,-0.0792,1.4255999999999998,0.27720000000000006,0.0,0.1,0.0,0.0,0.0994837673636768,0.0,0.0,0.0,0.0,square,1,0.1,0.25,12,24,5.290031671524048,0.0
1779528019.385561,0.0,0.0994837673636768,0.0,0.0,0.0,0.0,-0.1188,1.3860000000000001,-0.1584,0.0,0.1,0.0,0.0,0.0994837673636768,0.0,0.0,0.0,0.0,square,1,0.1,0.25,12,24,5.300028324127197,0.0
1779528019.395414,0.0,0.0994837673636768,0.0,0.0,0.0,0.0,-0.1188,1.3860000000000001,-0.1584,0.0,0.1,0.0,0.0,0.0994837673636768,0.0,-0.0020777729190408684,0.0,0.0,square,1,0.1,0.25,12,24,5.31017804145813,0.0
1779528019.4054134,0.0,0.0994837673636768,0.0,-0.0020777729190408684,0.0,0.0,-0.1188,1.3860000000000001,0.1584,0.0,0.1,0.0,0.0,0.0994837673636768,0.0,0.0,0.0,0.0,square,1,0.1,0.25,12,24,5.32003116607666,0.0
1779528019.415544,0.0,0.0994837673636768,0.0,0.0,0.0,0.0,-0.0792,1.2276,0.35639999999999994,0.0,0.1,0.0,0.0,0.0994837673636768,0.0,0.0,0.0,0.0,square,1,0.1,0.25,12,24,5.33003044128418,0.0
1779528019.4254131,0.0,0.0994837673636768,0.0,0.0,0.0,0.0,-0.0792,1.2276,0.35639999999999994,0.0,0.1,0.0,0.0,0.0994837673636768,0.0,0.0,-0.0020777729190408684,0.0,square,1,0.1,0.25,12,24,5.340161085128784,0.0
1779528019.4353836,0.0,0.0994837673636768,0.0,0.0,-0.0020777729190408684,0.0,-0.1188,1.2672,-0.2376,0.0,0.1,0.0,0.0,0.0994837673636768,0.0,0.0,0.0,0.0,square,1,0.1,0.25,12,24,5.350030183792114,0.0
1779528019.4455867,0.0,0.0994837673636768,0.0,0.0,0.0,0.0,-0.1188,1.2276,0.198,0.0,0.1,0.0,0.0,0.0994837673636768,0.0,0.0,0.0,0.0,square,1,0.1,0.25,12,24,5.3600006103515625,0.0
1779528019.4553828,0.0,0.0994837673636768,0.0,0.0,0.0,0.0,-0.1188,1.2276,0.198,0.0,0.1,0.0,0.0,0.0994837673636768,0.0,0.0,0.0,-0.0020777729190408684,square,1,0.1,0.25,12,24,5.370203733444214,0.0
1779528019.465414,0.0,0.0994837673636768,0.0,0.0,0.0,-0.0020777729190408684,-0.1188,1.3860000000000001,-0.1188,0.0,0.1,0.0,0.0,0.0994837673636768,0.0,0.0,0.0,0.0,square,1,0.1,0.25,12,24,5.379999876022339,0.0
1779528019.4753852,0.0,0.0994837673636768,0.0,0.0,0.0,0.0,-0.0792,1.3860000000000001,-0.27720000000000006,0.0,0.1,0.0,0.0,0.0994837673636768,0.0,0.0,0.0,0.0,square,1,0.1,0.25,12,24,5.390031099319458,0.0
1779528019.4853945,0.0,0.0994837673636768,0.0,0.0,0.0,0.0,-0.0792,1.2672,-0.198,0.0,0.1,0.0,0.0,0.0994837673636768,0.0,0.0,0.0020777729190408684,-0.004155545838081737,square,1,0.1,0.25,12,24,5.4000022411346436,0.0
1779528019.4953918,0.0,0.0994837673636768,0.0,0.0,0.0020777729190408684,-0.004155545838081737,-0.0396,1.4652,-0.2376,0.0,0.1,0.0,0.0,0.0994837673636768,0.0,0.0,0.0,0.0,square,1,0.1,0.25,12,24,5.410011529922485,0.0
1779528019.5054183,0.0,0.0994837673636768,0.0,0.0,0.0,0.0,-0.1188,1.3068,0.2376,0.0,0.1,0.0,0.0,0.0994837673636768,0.0,0.0,0.0,0.0,square,1,0.1,0.25,12,24,5.420008897781372,0.0
1779528019.5156736,0.0,0.0994837673636768,0.0,0.0,0.0,0.0,-0.1188,1.3068,0.2376,0.0,0.1,0.0,0.0,0.0994837673636768,0.0,0.0,0.0,0.0,square,1,0.1,0.25,12,24,5.430035352706909,0.0
1779528019.5255525,0.0,0.0994837673636768,0.0,0.0,0.0,0.0,-0.0792,1.4255999999999998,-0.3168,0.0,0.1,0.0,0.0,0.0994837673636768,0.0,0.0,0.0,-0.0020777729190408684,square,1,0.1,0.25,12,24,5.440290689468384,0.0
1779528019.535586,0.0,0.0994837673636768,0.0,0.0,0.0,-0.0020777729190408684,-0.0792,1.3464,-0.198,0.0,0.1,0.0,0.0,0.0994837673636768,0.0,0.0,0.0,0.0,square,1,0.1,0.25,12,24,5.450169563293457,0.0
1779528019.5454137,0.0,0.0994837673636768,0.0,0.0,0.0,0.0,-0.1188,1.4255999999999998,-0.2376,0.0,0.1,0.0,0.0,0.0994837673636768,0.0,0.0,0.0,0.0,square,1,0.1,0.25,12,24,5.460203170776367,0.0
1779528019.555384,0.0,0.0994837673636768,0.0,0.0,0.0,0.0,-0.1188,1.2672,0.2376,0.0,0.1,0.0,0.0,0.0994837673636768,0.0,0.0,0.0,0.0,square,1,0.1,0.25,12,24,5.470030784606934,0.0
1779528019.5653949,0.0,0.0994837673636768,0.0,0.0,0.0,0.0,-0.0792,1.4255999999999998,0.27720000000000006,0.0,0.1,0.0,0.0,0.0994837673636768,0.0,0.0,0.0,0.0,square,1,0.1,0.25,12,24,5.480000972747803,0.0
1779528019.5753913,0.0,0.0994837673636768,0.0,0.0,0.0,0.0,-0.1188,1.3068,-0.0396,0.0,0.1,0.0,0.0,0.0994837673636768,0.0,0.0,0.0,0.0,square,1,0.1,0.25,12,24,5.490011930465698,0.0
1779528019.585391,0.0,0.0994837673636768,0.0,0.0,0.0,0.0,-0.0792,1.3464,0.198,0.0,0.1,0.0,0.0,0.0994837673636768,0.0,0.0,-0.0020777729190408684,0.0,square,1,0.1,0.25,12,24,5.5000083446502686,0.0
1779528019.5955906,0.0,0.0994837673636768,0.0,0.0,-0.0020777729190408684,0.0,-0.1188,1.4652,-0.1188,0.0,0.1,0.0,0.0,0.0994837673636768,0.0,0.0,-0.0020777729190408684,0.0,square,1,0.1,0.25,12,24,5.510008096694946,0.0
1779528019.6054137,0.0,0.0994837673636768,0.0,0.0,-0.0020777729190408684,0.0,-0.1188,1.4652,-0.1188,0.0,0.1,0.0,0.0,0.0994837673636768,0.0,0.0,0.0,0.0,square,1,0.1,0.25,12,24,5.520207643508911,0.0
1779528019.615567,0.0,0.0994837673636768,0.0,0.0,0.0,0.0,-0.0792,1.3068,-0.1584,0.0,0.1,0.0,0.0,0.0994837673636768,0.0,0.0,0.0,0.0,square,1,0.1,0.25,12,24,5.530030727386475,0.0
1779528019.6253836,0.0,0.0994837673636768,0.0,0.0,0.0,0.0,-0.0792,1.3068,-0.1584,0.0,0.1,0.0,0.0,0.0994837673636768,0.0,0.0,0.0,-0.0020777729190408684,square,1,0.1,0.25,12,24,5.540184020996094,0.0
1779528019.6353855,0.0,0.0994837673636768,0.0,0.0,0.0,-0.0020777729190408684,-0.1188,1.4652,-0.1584,0.0,0.1,0.0,0.0,0.0994837673636768,0.0,0.0,0.0,-0.0020777729190408684,square,1,0.1,0.25,12,24,5.5500006675720215,0.0
1779528019.645537,0.0,0.0994837673636768,0.0,0.0,0.0,-0.0020777729190408684,-0.0792,1.5444,-0.1584,0.0,0.1,0.0,0.0,0.0994837673636768,0.0,0.0,0.0,-0.0020777729190408684,square,1,0.1,0.25,12,24,5.560002565383911,0.0
1779528019.655458,0.0,0.0994837673636768,0.0,0.0,0.0,-0.0020777729190408684,-0.0792,1.5444,-0.1584,0.0,0.1,0.0,0.0,0.0994837673636768,0.0,0.0,0.0020777729190408684,0.0,square,1,0.1,0.25,12,24,5.5701539516448975,0.0
1779528019.6654146,0.0,0.0994837673636768,0.0,0.0,0.0020777729190408684,0.0,-0.1188,1.3068,0.2376,0.0,0.1,0.0,0.0,0.0994837673636768,0.0,0.0,0.0,0.0,square,1,0.1,0.25,12,24,5.580075025558472,0.0
1779528019.6755345,0.0,0.0994837673636768,0.0,0.0,0.0,0.0,-0.0792,1.3860000000000001,-0.1584,0.0,0.1,0.0,0.0,0.0994837673636768,0.0,0.0,0.0,0.0,square,1,0.1,0.25,12,24,5.590031623840332,0.0
1779528019.6854155,0.0,0.0994837673636768,0.0,0.0,0.0,0.0,-0.0792,1.3860000000000001,-0.1584,0.0,0.1,0.0,0.0,0.0994837673636768,0.0,0.0,0.0,0.0,square,1,0.1,0.25,12,24,5.600151538848877,0.0
1779528019.6954134,0.0,0.0994837673636768,0.0,0.0,0.0,0.0,-0.0396,1.4652,-0.3168,0.0,0.1,0.0,0.0,0.0994837673636768,0.0,0.0,0.0,0.0,square,1,0.1,0.25,12,24,5.610032558441162,0.0
1779528019.7054644,0.0,0.0994837673636768,0.0,0.0,0.0,0.0,-0.0396,1.4652,-0.3168,0.0,0.1,0.0,0.0,0.0994837673636768,0.0,0.0,0.0020777729190408684,0.0,square,1,0.1,0.25,12,24,5.620030403137207,0.0
1779528019.7156224,0.0,0.0994837673636768,0.0,0.0,0.0020777729190408684,0.0,-0.0792,1.5048000000000001,-0.1584,0.0,0.1,0.0,0.0,0.0994837673636768,0.0,0.0,0.0,0.0,square,1,0.1,0.25,12,24,5.630081415176392,0.0
1779528019.7256758,0.0,0.0994837673636768,0.0,0.0,0.0,0.0,-0.1188,1.3860000000000001,-0.2376,0.0,0.1,0.0,0.0,0.0994837673636768,0.0,0.0,0.0,0.0,square,1,0.1,0.25,12,24,5.640239477157593,0.0
1779528019.7354112,0.0,0.0994837673636768,0.0,0.0,0.0,0.0,-0.1584,1.3068,0.1584,0.0,0.1,0.0,0.0,0.0994837673636768,0.0,0.0,0.0,0.0,square,1,0.1,0.25,12,24,5.650292873382568,0.0
1779528019.7455714,0.0,0.0994837673636768,0.0,0.0,0.0,0.0,-0.1188,1.3860000000000001,-0.2376,0.0,0.1,0.0,0.0,0.0994837673636768,0.0,0.0,0.0,-0.0020777729190408684,square,1,0.1,0.25,12,24,5.6600282192230225,0.0
1779528019.7556527,0.0,0.0994837673636768,0.0,0.0,0.0,-0.0020777729190408684,-0.0792,1.2276,-0.198,0.0,0.1,0.0,0.0,0.0994837673636768,0.0,0.0,0.0,-0.0020777729190408684,square,1,0.1,0.25,12,24,5.6701884269714355,0.0
1779528019.7654405,0.0,0.0994837673636768,0.0,0.0,0.0,-0.0020777729190408684,-0.1188,1.4652,-0.27720000000000006,0.0,0.1,0.0,0.0,0.0994837673636768,0.0,0.0,0.0,0.0,square,1,0.1,0.25,12,24,5.680269718170166,0.0
1779528019.775428,0.0,0.0994837673636768,0.0,0.0,0.0,0.0,-0.0396,1.2672,-0.2376,0.0,0.1,0.0,0.0,0.0994837673636768,0.0,0.0,0.0,0.0,square,1,0.1,0.25,12,24,5.6900575160980225,0.0
1779528019.7855656,0.0,0.0994837673636768,0.0,0.0,0.0,0.0,-0.0396,1.2672,-0.2376,0.0,0.1,0.0,0.0,0.0994837673636768,0.0,0.0,0.0,0.0,square,1,0.1,0.25,12,24,5.700045108795166,0.0
1779528019.7954354,0.0,0.0994837673636768,0.0,0.0,0.0,0.0,-0.0792,1.2672,-0.396,0.0,0.1,0.0,0.0,0.0994837673636768,0.0,0.0,0.0,0.0,square,1,0.1,0.25,12,24,5.7101826667785645,0.0
1779528019.8055484,0.0,0.0994837673636768,0.0,0.0,0.0,0.0,-0.0792,1.3464,-0.198,0.0,0.1,0.0,0.0,0.0994837673636768,0.0,0.0,0.0,0.0,square,1,0.1,0.25,12,24,5.720052480697632,0.0
1779528019.815509,0.0,0.0994837673636768,0.0,0.0,0.0,0.0,0.0792,1.4255999999999998,-0.0792,0.0,0.1,0.0,0.0,0.0994837673636768,0.0,0.0,0.0,0.0,square,1,0.1,0.25,12,24,5.730165481567383,0.0
1779528019.8253834,0.0,0.0994837673636768,0.0,0.0,0.0,0.0,-0.0792,1.3464,0.1584,0.0,0.1,0.0,0.0,0.0994837673636768,0.0,0.0,0.0,0.0,square,1,0.1,0.25,12,24,5.740126132965088,0.0
1779528019.835384,0.0,0.0994837673636768,0.0,0.0,0.0,0.0,-0.1188,1.3860000000000001,-0.198,0.0,0.1,0.0,0.0,0.0994837673636768,0.0,0.0,0.0020777729190408684,0.0,square,1,0.1,0.25,12,24,5.750000476837158,0.0
1779528019.8454137,0.0,0.0994837673636768,0.0,0.0,0.0020777729190408684,0.0,-0.0396,1.3464,-0.1584,0.0,0.1,0.0,0.0,0.0994837673636768,0.0,0.0,0.0,0.0,square,1,0.1,0.25,12,24,5.760000944137573,0.0
1779528019.855441,0.0,0.0994837673636768,0.0,0.0,0.0,0.0,-0.1188,1.2672,-0.1188,0.0,0.1,0.0,0.0,0.0994837673636768,0.0,0.0,0.0,0.0,square,1,0.1,0.25,12,24,5.770030736923218,0.0
1779528019.8655035,0.0,0.0994837673636768,0.0,0.0,0.0,0.0,-0.1188,1.2672,-0.1188,0.0,0.1,0.0,0.0,0.0994837673636768,0.0,-0.0020777729190408684,0.0,0.0,square,1,0.1,0.25,12,24,5.780058145523071,0.0
1779528019.8755434,0.0,0.0994837673636768,0.0,-0.0020777729190408684,0.0,0.0,-0.1188,1.2672,-0.0792,0.0,0.1,0.0,0.0,0.0994837673636768,0.0,0.0,0.0,0.0,square,1,0.1,0.25,12,24,5.790120601654053,0.0
1779528019.8856037,0.0,0.0994837673636768,0.0,0.0,0.0,0.0,-0.1584,1.3068,-0.0396,0.0,0.1,0.0,0.0,0.0994837673636768,0.0,0.0,0.0,0.0,square,1,0.1,0.25,12,24,5.8001604080200195,0.0
1779528019.8954148,0.0,0.0994837673636768,0.0,0.0,0.0,0.0,-0.0792,1.1880000000000002,-0.1188,0.0,0.1,0.0,0.0,0.0994837673636768,0.0,0.0,0.0,-0.0020777729190408684,square,1,0.1,0.25,12,24,5.810220718383789,0.0
1779528019.905564,0.0,0.0994837673636768,0.0,0.0,0.0,-0.0020777729190408684,-0.0396,1.3860000000000001,-0.1188,0.0,0.1,0.0,0.0,0.0994837673636768,0.0,0.0,0.0,-0.0020777729190408684,square,1,0.1,0.25,12,24,5.8200318813323975,0.0
1779528019.9155633,0.0,0.0994837673636768,0.0,0.0,0.0,-0.0020777729190408684,-0.0396,1.3860000000000001,-0.1188,0.0,0.1,0.0,0.0,0.0994837673636768,0.0,0.0,0.0,0.0,square,1,0.1,0.25,12,24,5.830181121826172,0.0
1779528019.9255288,0.0,0.0994837673636768,0.0,0.0,0.0,0.0,-0.0792,1.3068,-0.1584,0.0,0.1,0.0,0.0,0.0994837673636768,0.0,-0.0020777729190408684,0.0,-0.0020777729190408684,square,1,0.1,0.25,12,24,5.840180397033691,0.0
1779528019.9354136,0.0,0.0994837673636768,0.0,-0.0020777729190408684,0.0,-0.0020777729190408684,-0.0792,1.4652,-0.198,0.0,0.1,0.0,0.0,0.0994837673636768,0.0,0.004155545838081737,0.0,0.0,square,1,0.1,0.25,12,24,5.8501458168029785,0.0
1779528019.945408,0.0,0.0994837673636768,0.0,0.004155545838081737,0.0,0.0,0.1584,1.2672,-0.198,0.0,0.1,0.0,0.0,0.0994837673636768,0.0,0.0,0.0,0.0,square,1,0.1,0.25,12,24,5.860030651092529,0.0
1779528019.9553838,0.0,0.0994837673636768,0.0,0.0,0.0,0.0,-0.1584,1.2672,-0.2376,0.0,0.1,0.0,0.0,0.0994837673636768,0.0,0.0,0.0,0.0,square,1,0.1,0.25,12,24,5.870025157928467,0.0
1779528019.9655633,0.0,0.0994837673636768,0.0,0.0,0.0,0.0,-0.0792,1.3464,-0.2376,0.0,0.1,0.0,0.0,0.0994837673636768,0.0,0.0,0.0,0.0,square,1,0.1,0.25,12,24,5.880000829696655,0.0
1779528019.9755442,0.0,0.0994837673636768,0.0,0.0,0.0,0.0,-0.0792,1.3464,-0.2376,0.0,0.1,0.0,0.0,0.0994837673636768,0.0,0.0,0.0,0.0,square,1,0.1,0.25,12,24,5.890180349349976,0.0
1779528019.98561,0.0,0.0994837673636768,0.0,0.0,0.0,0.0,-0.0396,1.3464,-0.1188,0.0,0.1,0.0,0.0,0.0994837673636768,0.0,0.0,0.0,0.0,square,1,0.1,0.25,12,24,5.900161266326904,0.0
1779528019.9955595,0.0,0.0994837673636768,0.0,0.0,0.0,0.0,-0.0792,1.4255999999999998,-0.27720000000000006,0.0,0.1,0.0,0.0,0.0994837673636768,0.0,0.0,0.0,0.0,square,1,0.1,0.25,12,24,5.910227060317993,0.0
1779528020.0053852,0.0,0.0994837673636768,0.0,0.0,0.0,0.0,-0.1584,1.2672,-0.198,0.0,0.1,0.0,0.0,0.0994837673636768,0.0,0.0,0.0,0.0,square,1,0.1,0.25,12,24,5.9201765060424805,0.0
1779528020.0154808,0.0,0.0994837673636768,0.0,0.0,0.0,0.0,-0.0396,1.3464,-0.27720000000000006,0.0,0.1,0.0,0.0,0.0994837673636768,0.0,0.0,0.0,0.0,square,1,0.1,0.25,12,24,5.930002212524414,0.0
1779528020.0253835,0.0,0.0994837673636768,0.0,0.0,0.0,0.0,-0.0396,1.3464,-0.27720000000000006,0.0,0.1,0.0,0.0,0.0994837673636768,0.0,0.0,0.0,0.0,square,1,0.1,0.25,12,24,5.940097808837891,0.0
1779528020.0353944,0.0,0.0994837673636768,0.0,0.0,0.0,0.0,-0.1584,1.2276,-0.198,0.0,0.1,0.0,0.0,0.0994837673636768,0.0,0.0,0.0,0.0,square,1,0.1,0.25,12,24,5.950000524520874,0.0
1779528020.0453973,0.0,0.0994837673636768,0.0,0.0,0.0,0.0,-0.1584,1.2672,-0.1584,0.0,0.1,0.0,0.0,0.0994837673636768,0.0,0.0,0.0,0.0,square,1,0.1,0.25,12,24,5.9600114822387695,0.0
1779528020.0554106,0.0,0.0994837673636768,0.0,0.0,0.0,0.0,-0.0396,1.4255999999999998,-0.198,0.0,0.1,0.0,0.0,0.0994837673636768,0.0,-0.0020777729190408684,0.0,0.0,square,1,0.1,0.25,12,24,5.970014333724976,0.0
1779528020.0653827,0.0,0.0994837673636768,0.0,-0.0020777729190408684,0.0,0.0,-0.0396,1.2276,-0.2376,0.0,0.1,0.0,0.0,0.0994837673636768,0.0,0.0,0.0,0.0,square,1,0.1,0.25,12,24,5.980027675628662,0.0
1779528020.075384,0.0,0.0994837673636768,0.0,0.0,0.0,0.0,-0.1188,1.3068,-0.0396,0.0,0.1,0.0,0.0,0.0994837673636768,0.0,0.0,0.0,0.0,square,1,0.1,0.25,12,24,5.989999771118164,0.0
1779528020.0854115,0.0,0.0994837673636768,0.0,0.0,0.0,0.0,-0.1584,1.3860000000000001,-0.1584,0.0,-0.1,0.0,0.0,0.0994837673636768,0.0,0.0,0.0,0.0,square,1,0.1,0.25,12,24,6.000000953674316,0.0
1779528020.0954118,0.0,0.0994837673636768,0.0,0.0,0.0,0.0,-0.1584,1.3860000000000001,-0.1584,0.0,-0.1,0.0,0.0,0.0994837673636768,0.0,0.0020777729190408684,0.0,0.0,square,1,0.1,0.25,12,24,6.010028600692749,0.0
1779528020.105383,0.0,0.0994837673636768,0.0,0.0020777729190408684,0.0,0.0,-0.0792,1.2672,-0.0792,0.0,-0.1,0.0,0.0,0.08901179185171082,0.0,-0.0020777729190408684,-0.9703199531920855,-0.006233318757122605,square,1,0.1,0.25,12,24,6.020028829574585,0.0
1779528020.115383,0.0,0.08901179185171082,0.0,-0.0020777729190408684,-0.9703199531920855,-0.006233318757122605,0.0,4.0788,0.4356,0.0,-0.1,0.0,0.0,0.06283185307179587,0.0,-0.004155545838081737,-2.2793168921878326,0.0020777729190408684,square,1,0.1,0.25,12,24,6.0299999713897705,0.0
1779528020.1253915,0.0,0.06283185307179587,0.0,-0.004155545838081737,-2.2793168921878326,0.0020777729190408684,0.198,1.1483999999999999,0.5148,0.0,-0.1,0.0,0.0,0.04014257279586959,0.0,0.0,-2.27308357343071,0.0,square,1,0.1,0.25,12,24,6.039999961853027,0.0
1779528020.1355813,0.0,0.04014257279586959,0.0,0.0,-2.27308357343071,0.0,-0.1188,3.564,0.4356,0.0,-0.1,0.0,0.0,0.04014257279586959,0.0,0.0,-2.27308357343071,0.0,square,1,0.1,0.25,12,24,6.050008535385132,0.0
1779528020.1454108,0.0,0.04014257279586959,0.0,0.0,-2.27308357343071,0.0,-0.1188,3.564,0.4356,0.0,-0.1,0.0,0.0,0.0,0.0,0.014544410433286078,-2.017517504388683,0.0,square,1,0.1,0.25,12,24,6.0601983070373535,0.0
1779528020.1554143,0.0,0.0,0.0,0.014544410433286078,-2.017517504388683,0.0,0.5148,0.5148,-0.1188,0.0,-0.1,0.0,0.0,0.0,0.0,0.014544410433286078,-2.017517504388683,0.0,square,1,0.1,0.25,12,24,6.070027828216553,0.0
1779528020.1654108,0.0,0.0,0.0,0.014544410433286078,-2.017517504388683,0.0,0.5148,0.5148,-0.1188,0.0,-0.1,0.0,0.0,-0.017453292519943295,0.0,0.01246663751424521,-1.7640292082656972,0.0,square,1,0.1,0.25,12,24,6.080031394958496,0.0
1779528020.175411,0.0,-0.017453292519943295,0.0,0.01246663751424521,-1.7640292082656972,0.0,0.792,0.0396,-0.2376,0.0,-0.1,0.0,0.0,-0.04363323129985824,0.0,-0.006233318757122605,-1.2757525722910932,0.0,square,1,0.1,0.25,12,24,6.090027809143066,0.0
1779528020.1854076,0.0,-0.04363323129985824,0.0,-0.006233318757122605,-1.2757525722910932,0.0,0.35639999999999994,-0.5940000000000001,-0.0396,0.0,-0.1,0.0,0.0,-0.054105206811824215,0.0,-0.006233318757122605,-1.0555086428727611,0.0,square,1,0.1,0.25,12,24,6.100028038024902,0.0
1779528020.1953826,0.0,-0.054105206811824215,0.0,-0.006233318757122605,-1.0555086428727611,0.0,0.1584,0.792,0.0,0.0,-0.1,0.0,0.0,-0.06283185307179587,0.0,-0.018699956271367814,-0.8872090364304508,0.0,square,1,0.1,0.25,12,24,6.110024690628052,0.0
1779528020.2053835,0.0,-0.06283185307179587,0.0,-0.018699956271367814,-0.8872090364304508,0.0,0.396,0.792,0.0,0.0,-0.1,0.0,0.0,-0.06981317007977318,0.0,-0.018699956271367814,-0.7334538404214266,0.0,square,1,0.1,0.25,12,24,6.119999647140503,0.0
1779528020.2153902,0.0,-0.06981317007977318,0.0,-0.018699956271367814,-0.7334538404214266,0.0,0.7127999999999999,-0.1584,-0.0792,0.0,-0.1,0.0,0.0,-0.07504915783575616,0.0,-0.008311091676163474,-0.6087874652789744,0.0,square,1,0.1,0.25,12,24,6.130000591278076,0.0
1779528020.2254145,0.0,-0.07504915783575616,0.0,-0.008311091676163474,-0.6087874652789744,0.0,0.5940000000000001,1.3068,-0.0396,0.0,-0.1,0.0,0.0,-0.07504915783575616,0.0,-0.008311091676163474,-0.6087874652789744,0.0,square,1,0.1,0.25,12,24,6.140007257461548,0.0
1779528020.2353618,0.0,-0.07504915783575616,0.0,-0.008311091676163474,-0.6087874652789744,0.0,0.5940000000000001,1.3068,-0.0396,0.0,-0.1,0.0,0.0,-0.08377580409572782,0.0,0.004155545838081737,-0.4010101733748876,0.0,square,1,0.1,0.25,12,24,6.150031566619873,0.0
1779528020.2453911,0.0,-0.08377580409572782,0.0,0.004155545838081737,-0.4010101733748876,0.0,0.2376,0.5148,0.0,0.0,-0.1,0.0,0.0,-0.08726646259971647,0.0,0.0020777729190408684,-0.3262103482894163,0.0,square,1,0.1,0.25,12,24,6.159978866577148,0.0
1779528020.2553833,0.0,-0.08726646259971647,0.0,0.0020777729190408684,-0.3262103482894163,0.0,0.3168,1.9404,0.0,0.0,-0.1,0.0,0.0,-0.08901179185171082,0.0,0.006233318757122605,-0.25972161488010853,0.0020777729190408684,square,1,0.1,0.25,12,24,6.170008182525635,0.0
1779528020.2654135,0.0,-0.08901179185171082,0.0,0.006233318757122605,-0.25972161488010853,0.0020777729190408684,0.198,2.5344,0.0,0.0,-0.1,0.0,0.0,-0.08901179185171082,0.0,0.006233318757122605,-0.25972161488010853,0.0020777729190408684,square,1,0.1,0.25,12,24,6.180000305175781,0.0
1779528020.2754111,0.0,-0.08901179185171082,0.0,0.006233318757122605,-0.25972161488010853,0.0020777729190408684,0.198,2.5344,0.0,0.0,-0.1,0.0,0.0,-0.09075712110370514,0.0,0.010388864595204342,-0.22232170233737292,0.0,square,1,0.1,0.25,12,24,6.190030574798584,0.0
1779528020.285383,0.0,-0.09075712110370514,0.0,0.010388864595204342,-0.22232170233737292,0.0,0.0792,1.5444,0.0396,0.0,-0.1,0.0,0.0,-0.09424777960769379,0.0,0.014544410433286078,-0.13921078557573818,0.0,square,1,0.1,0.25,12,24,6.20002818107605,0.0
1779528020.2953906,0.0,-0.09424777960769379,0.0,0.014544410433286078,-0.13921078557573818,0.0,0.6336,0.396,0.1188,0.0,-0.1,0.0,0.0,-0.09599310885968812,0.0,0.0020777729190408684,-0.12882192098053383,0.0,square,1,0.1,0.25,12,24,6.210000038146973,0.0
1779528020.305417,0.0,-0.09599310885968812,0.0,0.0020777729190408684,-0.12882192098053383,0.0,0.396,-0.27720000000000006,-0.1584,0.0,-0.1,0.0,0.0,-0.09599310885968812,0.0,-0.006233318757122605,-0.10181087303300256,-0.0020777729190408684,square,1,0.1,0.25,12,24,6.220007658004761,0.0
1779528020.3154092,0.0,-0.09599310885968812,0.0,-0.006233318757122605,-0.10181087303300256,-0.0020777729190408684,0.0792,0.198,-0.1188,0.0,-0.1,0.0,0.0,-0.09599310885968812,0.0,-0.006233318757122605,-0.10181087303300256,-0.0020777729190408684,square,1,0.1,0.25,12,24,6.230034112930298,0.0
1779528020.3253832,0.0,-0.09599310885968812,0.0,-0.006233318757122605,-0.10181087303300256,-0.0020777729190408684,0.0792,0.198,-0.1188,0.0,-0.1,0.0,0.0,-0.09773843811168245,0.0,-0.008311091676163474,-0.04363323129985824,0.0,square,1,0.1,0.25,12,24,6.240026235580444,0.0
1779528020.335412,0.0,-0.09773843811168245,0.0,-0.008311091676163474,-0.04363323129985824,0.0,-0.198,1.1880000000000002,-0.0792,0.0,-0.1,0.0,0.0,-0.09773843811168245,0.0,-0.008311091676163474,-0.04363323129985824,0.0,square,1,0.1,0.25,12,24,6.250000238418579,0.0
1779528020.3454149,0.0,-0.09773843811168245,0.0,-0.008311091676163474,-0.04363323129985824,0.0,-0.198,1.1880000000000002,-0.0792,0.0,-0.1,0.0,0.0,-0.09773843811168245,0.0,-0.006233318757122605,-0.02701104794753129,0.0,square,1,0.1,0.25,12,24,6.260029077529907,0.0
1779528020.3554137,0.0,-0.09773843811168245,0.0,-0.006233318757122605,-0.02701104794753129,0.0,0.3168,1.2276,0.0792,0.0,-0.1,0.0,0.0,-0.0994837673636768,0.0,0.0,-0.029088820866572156,0.0,square,1,0.1,0.25,12,24,6.270031929016113,0.0
1779528020.3653836,0.0,-0.0994837673636768,0.0,0.0,-0.029088820866572156,0.0,0.198,1.0692,-0.0396,0.0,-0.1,0.0,0.0,-0.0994837673636768,0.0,0.0020777729190408684,-0.018699956271367814,0.0020777729190408684,square,1,0.1,0.25,12,24,6.280030727386475,0.0
1779528020.3753617,0.0,-0.0994837673636768,0.0,0.0020777729190408684,-0.018699956271367814,0.0020777729190408684,-0.0396,1.1483999999999999,-0.1584,0.0,-0.1,0.0,0.0,-0.0994837673636768,0.0,0.006233318757122605,-0.014544410433286078,0.0020777729190408684,square,1,0.1,0.25,12,24,6.290000677108765,0.0
1779528020.3854125,0.0,-0.0994837673636768,0.0,0.006233318757122605,-0.014544410433286078,0.0020777729190408684,-0.0792,1.3464,0.1188,0.0,-0.1,0.0,0.0,-0.0994837673636768,0.0,0.006233318757122605,-0.014544410433286078,0.0020777729190408684,square,1,0.1,0.25,12,24,6.299978733062744,0.0
1779528020.3954132,0.0,-0.0994837673636768,0.0,0.006233318757122605,-0.014544410433286078,0.0020777729190408684,-0.0792,1.3464,0.1188,0.0,-0.1,0.0,0.0,-0.0994837673636768,0.0,0.006233318757122605,0.0,0.0,square,1,0.1,0.25,12,24,6.31002950668335,0.0
1779528020.4053833,0.0,-0.0994837673636768,0.0,0.006233318757122605,0.0,0.0,0.27720000000000006,1.5444,0.0396,0.0,-0.1,0.0,0.0,-0.0994837673636768,0.0,0.0,0.0,0.0,square,1,0.1,0.25,12,24,6.320030212402344,0.0
1779528020.4153843,0.0,-0.0994837673636768,0.0,0.0,0.0,0.0,-0.1584,1.7424,0.0,0.0,-0.1,0.0,0.0,-0.0994837673636768,0.0,0.0,0.0,0.0,square,1,0.1,0.25,12,24,6.330000400543213,0.0
1779528020.4253438,0.0,-0.0994837673636768,0.0,0.0,0.0,0.0,0.1188,1.782,0.0396,0.0,-0.1,0.0,0.0,-0.0994837673636768,0.0,0.0,0.0,0.0,square,1,0.1,0.25,12,24,6.340001344680786,0.0
1779528020.4355202,0.0,-0.0994837673636768,0.0,0.0,0.0,0.0,-0.1584,1.584,0.0792,0.0,-0.1,0.0,0.0,-0.0994837673636768,0.0,0.0,0.0,0.0,square,1,0.1,0.25,12,24,6.349960803985596,0.0
1779528020.4456115,0.0,-0.0994837673636768,0.0,0.0,0.0,0.0,-0.1584,1.584,0.0792,0.0,-0.1,0.0,0.0,-0.0994837673636768,0.0,-0.0020777729190408684,-0.0020777729190408684,0.0,square,1,0.1,0.25,12,24,6.360137224197388,0.0
1779528020.4553833,0.0,-0.0994837673636768,0.0,-0.0020777729190408684,-0.0020777729190408684,0.0,-0.1584,1.6632,-0.0792,0.0,-0.1,0.0,0.0,-0.0994837673636768,0.0,0.0,0.0,0.0,square,1,0.1,0.25,12,24,6.37022852897644,0.0
1779528020.465518,0.0,-0.0994837673636768,0.0,0.0,0.0,0.0,-0.0792,1.584,0.0396,0.0,-0.1,0.0,0.0,-0.0994837673636768,0.0,0.0,0.0,0.0,square,1,0.1,0.25,12,24,6.380000352859497,0.0
1779528020.475383,0.0,-0.0994837673636768,0.0,0.0,0.0,0.0,-0.0792,1.584,0.0396,0.0,-0.1,0.0,0.0,-0.0994837673636768,0.0,-0.0020777729190408684,0.0,0.0,square,1,0.1,0.25,12,24,6.390135049819946,0.0
1779528020.4853837,0.0,-0.0994837673636768,0.0,-0.0020777729190408684,0.0,0.0,0.0,1.782,0.0792,0.0,-0.1,0.0,0.0,-0.0994837673636768,0.0,0.0,-0.0020777729190408684,0.0,square,1,0.1,0.25,12,24,6.400000095367432,0.0
1779528020.495534,0.0,-0.0994837673636768,0.0,0.0,-0.0020777729190408684,0.0,-0.0396,1.584,-0.0396,0.0,-0.1,0.0,0.0,-0.0994837673636768,0.0,0.0,-0.0020777729190408684,0.0,square,1,0.1,0.25,12,24,6.410000801086426,0.0
1779528020.5054197,0.0,-0.0994837673636768,0.0,0.0,-0.0020777729190408684,0.0,-0.0396,1.584,-0.0396,0.0,-0.1,0.0,0.0,-0.0994837673636768,0.0,0.0,0.0,0.0,square,1,0.1,0.25,12,24,6.420150995254517,0.0
1779528020.5153835,0.0,-0.0994837673636768,0.0,0.0,0.0,0.0,0.0,1.6632,-0.0792,0.0,-0.1,0.0,0.0,-0.0994837673636768,0.0,0.0,0.0,-0.0020777729190408684,square,1,0.1,0.25,12,24,6.430036783218384,0.0
1779528020.525383,0.0,-0.0994837673636768,0.0,0.0,0.0,-0.0020777729190408684,-0.1584,1.6236000000000002,0.0792,0.0,-0.1,0.0,0.0,-0.0994837673636768,0.0,0.0,0.0,0.0,square,1,0.1,0.25,12,24,6.440000534057617,0.0
1779528020.535495,0.0,-0.0994837673636768,0.0,0.0,0.0,0.0,-0.1188,1.5444,0.0396,0.0,-0.1,0.0,0.0,-0.0994837673636768,0.0,0.0,0.004155545838081737,0.0,square,1,0.1,0.25,12,24,6.450000047683716,0.0
1779528020.5453832,0.0,-0.0994837673636768,0.0,0.0,0.004155545838081737,0.0,-0.0792,1.782,0.0396,0.0,-0.1,0.0,0.0,-0.0994837673636768,0.0,-0.0020777729190408684,0.0020777729190408684,0.0020777729190408684,square,1,0.1,0.25,12,24,6.46011209487915,0.0
1779528020.5554156,0.0,-0.0994837673636768,0.0,-0.0020777729190408684,0.0020777729190408684,0.0020777729190408684,0.0,1.782,0.0792,0.0,-0.1,0.0,0.0,-0.0994837673636768,0.0,-0.0020777729190408684,0.0020777729190408684,0.0020777729190408684,square,1,0.1,0.25,12,24,6.470000267028809,0.0
1779528020.5653832,0.0,-0.0994837673636768,0.0,-0.0020777729190408684,0.0020777729190408684,0.0020777729190408684,0.0,1.782,0.0792,0.0,-0.1,0.0,0.0,-0.0994837673636768,0.0,0.0020777729190408684,0.0,0.0,square,1,0.1,0.25,12,24,6.480032682418823,0.0
1779528020.575383,0.0,-0.0994837673636768,0.0,0.0020777729190408684,0.0,0.0,-0.1188,1.6632,0.0396,0.0,-0.1,0.0,0.0,-0.0994837673636768,0.0,0.0,0.0,0.0,square,1,0.1,0.25,12,24,6.490000247955322,0.0
1779528020.5853894,0.0,-0.0994837673636768,0.0,0.0,0.0,0.0,-0.198,1.782,0.1584,0.0,-0.1,0.0,0.0,-0.0994837673636768,0.0,0.0,0.0,0.0,square,1,0.1,0.25,12,24,6.5,0.0
1779528020.5954149,0.0,-0.0994837673636768,0.0,0.0,0.0,0.0,0.198,1.6236000000000002,0.0,0.0,-0.1,0.0,0.0,-0.0994837673636768,0.0,0.0,0.0,0.0,square,1,0.1,0.25,12,24,6.510006427764893,0.0
1779528020.6054115,0.0,-0.0994837673636768,0.0,0.0,0.0,0.0,0.198,1.6236000000000002,0.0,0.0,-0.1,0.0,0.0,-0.0994837673636768,0.0,0.0,-0.0020777729190408684,0.0,square,1,0.1,0.25,12,24,6.520031929016113,0.0
1779528020.6154087,0.0,-0.0994837673636768,0.0,0.0,-0.0020777729190408684,0.0,-0.198,1.5444,0.0792,0.0,-0.1,0.0,0.0,-0.0994837673636768,0.0,0.0,-0.0020777729190408684,0.0,square,1,0.1,0.25,12,24,6.530028581619263,0.0
1779528020.6254113,0.0,-0.0994837673636768,0.0,0.0,-0.0020777729190408684,0.0,-0.1188,1.4652,0.0,0.0,-0.1,0.0,0.0,-0.0994837673636768,0.0,-0.004155545838081737,-0.0020777729190408684,0.0,square,1,0.1,0.25,12,24,6.54002571105957,0.0
1779528020.635384,0.0,-0.0994837673636768,0.0,-0.004155545838081737,-0.0020777729190408684,0.0,0.0,1.5444,0.0792,0.0,-0.1,0.0,0.0,-0.0994837673636768,0.0,-0.0020777729190408684,0.0,0.0,square,1,0.1,0.25,12,24,6.550028324127197,0.0
1779528020.6453898,0.0,-0.0994837673636768,0.0,-0.0020777729190408684,0.0,0.0,0.0,1.5444,-0.0792,0.0,-0.1,0.0,0.0,-0.0994837673636768,0.0,0.0,0.0,0.0,square,1,0.1,0.25,12,24,6.5600011348724365,0.0
1779528020.655395,0.0,-0.0994837673636768,0.0,0.0,0.0,0.0,-0.0396,1.7424,0.1188,0.0,-0.1,0.0,0.0,-0.0994837673636768,0.0,0.0020777729190408684,0.0,0.0,square,1,0.1,0.25,12,24,6.570006847381592,0.0
1779528020.6653838,0.0,-0.0994837673636768,0.0,0.0020777729190408684,0.0,0.0,-0.0396,1.6632,0.0396,0.0,-0.1,0.0,0.0,-0.0994837673636768,0.0,0.0020777729190408684,0.0020777729190408684,0.0,square,1,0.1,0.25,12,24,6.580012083053589,0.0
1779528020.6753829,0.0,-0.0994837673636768,0.0,0.0020777729190408684,0.0020777729190408684,0.0,0.0,1.6632,0.1188,0.0,-0.1,0.0,0.0,-0.0994837673636768,0.0,0.006233318757122605,0.0,0.0,square,1,0.1,0.25,12,24,6.590000867843628,0.0
1779528020.685384,0.0,-0.0994837673636768,0.0,0.006233318757122605,0.0,0.0,-0.1188,1.5444,-0.0792,0.0,-0.1,0.0,0.0,-0.0994837673636768,0.0,0.0020777729190408684,0.0,0.0,square,1,0.1,0.25,12,24,6.599999904632568,0.0
1779528020.695414,0.0,-0.0994837673636768,0.0,0.0020777729190408684,0.0,0.0,0.198,1.6632,0.0792,0.0,-0.1,0.0,0.0,-0.0994837673636768,0.0,0.0020777729190408684,0.0,0.0,square,1,0.1,0.25,12,24,6.610001087188721,0.0
1779528020.7054105,0.0,-0.0994837673636768,0.0,0.0020777729190408684,0.0,0.0,0.198,1.6632,0.0792,0.0,-0.1,0.0,0.0,-0.0994837673636768,0.0,0.0,0.0,-0.0020777729190408684,square,1,0.1,0.25,12,24,6.620031118392944,0.0
1779528020.7154186,0.0,-0.0994837673636768,0.0,0.0,0.0,-0.0020777729190408684,0.1584,1.6632,0.0,0.0,-0.1,0.0,0.0,-0.0994837673636768,0.0,0.0020777729190408684,0.0,0.0,square,1,0.1,0.25,12,24,6.630027532577515,0.0
1779528020.725384,0.0,-0.0994837673636768,0.0,0.0020777729190408684,0.0,0.0,-0.1584,1.5444,0.1188,0.0,-0.1,0.0,0.0,-0.0994837673636768,0.0,-0.0020777729190408684,0.0020777729190408684,0.0,square,1,0.1,0.25,12,24,6.640035629272461,0.0
1779528020.7353835,0.0,-0.0994837673636768,0.0,-0.0020777729190408684,0.0020777729190408684,0.0,-0.0396,1.6236000000000002,-0.1188,0.0,-0.1,0.0,0.0,-0.0994837673636768,0.0,-0.004155545838081737,0.0,0.0,square,1,0.1,0.25,12,24,6.650001049041748,0.0
1779528020.7454119,0.0,-0.0994837673636768,0.0,-0.004155545838081737,0.0,0.0,0.0396,1.7028,-0.0396,0.0,-0.1,0.0,0.0,-0.0994837673636768,0.0,-0.004155545838081737,0.0,0.0,square,1,0.1,0.25,12,24,6.660000562667847,0.0
1779528020.7553892,0.0,-0.0994837673636768,0.0,-0.004155545838081737,0.0,0.0,0.0396,1.7028,-0.0396,0.0,-0.1,0.0,0.0,-0.0994837673636768,0.0,0.0,0.0,0.0,square,1,0.1,0.25,12,24,6.670028924942017,0.0
1779528020.7653897,0.0,-0.0994837673636768,0.0,0.0,0.0,0.0,-0.0792,1.5444,0.0396,0.0,-0.1,0.0,0.0,-0.0994837673636768,0.0,0.0,0.0,0.0,square,1,0.1,0.25,12,24,6.680006265640259,0.0
1779528020.77539,0.0,-0.0994837673636768,0.0,0.0,0.0,0.0,-0.0396,1.5444,-0.198,0.0,-0.1,0.0,0.0,-0.0994837673636768,0.0,0.0020777729190408684,0.0,0.0,square,1,0.1,0.25,12,24,6.690006732940674,0.0
1779528020.7853894,0.0,-0.0994837673636768,0.0,0.0020777729190408684,0.0,0.0,-0.0396,1.6632,-0.1188,0.0,-0.1,0.0,0.0,-0.0994837673636768,0.0,0.004155545838081737,0.0,0.0,square,1,0.1,0.25,12,24,6.70000696182251,0.0
1779528020.7953854,0.0,-0.0994837673636768,0.0,0.004155545838081737,0.0,0.0,-0.1188,1.6236000000000002,0.198,0.0,-0.1,0.0,0.0,-0.0994837673636768,0.0,0.004155545838081737,0.0,0.0,square,1,0.1,0.25,12,24,6.710006475448608,0.0
1779528020.805418,0.0,-0.0994837673636768,0.0,0.004155545838081737,0.0,0.0,0.2376,1.584,0.0792,0.0,-0.1,0.0,0.0,-0.0994837673636768,0.0,0.0,0.0,0.0,square,1,0.1,0.25,12,24,6.7200024127960205,0.0
1779528020.8156323,0.0,-0.0994837673636768,0.0,0.0,0.0,0.0,0.1188,1.6632,0.0792,0.0,-0.1,0.0,0.0,-0.0994837673636768,0.0,0.0,0.0,-0.0020777729190408684,square,1,0.1,0.25,12,24,6.730035066604614,0.0
1779528020.8253856,0.0,-0.0994837673636768,0.0,0.0,0.0,-0.0020777729190408684,-0.0792,1.6236000000000002,0.1584,0.0,-0.1,0.0,0.0,-0.0994837673636768,0.0,-0.0020777729190408684,0.0,0.0,square,1,0.1,0.25,12,24,6.740249395370483,0.0
1779528020.835396,0.0,-0.0994837673636768,0.0,-0.0020777729190408684,0.0,0.0,-0.1188,1.584,-0.198,0.0,-0.1,0.0,0.0,-0.0994837673636768,0.0,-0.0020777729190408684,0.0,0.0,square,1,0.1,0.25,12,24,6.75000262260437,0.0
1779528020.845619,0.0,-0.0994837673636768,0.0,-0.0020777729190408684,0.0,0.0,-0.0396,1.6236000000000002,0.0792,0.0,-0.1,0.0,0.0,-0.0994837673636768,0.0,-0.0020777729190408684,0.0,0.0,square,1,0.1,0.25,12,24,6.760013103485107,0.0
1779528020.8556151,0.0,-0.0994837673636768,0.0,-0.0020777729190408684,0.0,0.0,-0.0396,1.6236000000000002,0.0792,0.0,-0.1,0.0,0.0,-0.0994837673636768,0.0,0.0,0.0,0.0,square,1,0.1,0.25,12,24,6.770236015319824,0.0
1779528020.8654149,0.0,-0.0994837673636768,0.0,0.0,0.0,0.0,0.0,1.6632,-0.0396,0.0,-0.1,0.0,0.0,-0.0994837673636768,0.0,0.0,0.0,0.0,square,1,0.1,0.25,12,24,6.780232191085815,0.0
1779528020.8753839,0.0,-0.0994837673636768,0.0,0.0,0.0,0.0,-0.0396,1.6236000000000002,0.1584,0.0,-0.1,0.0,0.0,-0.0994837673636768,0.0,0.0,0.0,0.0,square,1,0.1,0.25,12,24,6.790031909942627,0.0
1779528020.8853838,0.0,-0.0994837673636768,0.0,0.0,0.0,0.0,-0.0792,1.5444,0.0792,0.0,-0.1,0.0,0.0,-0.0994837673636768,0.0,-0.0020777729190408684,0.0,0.0,square,1,0.1,0.25,12,24,6.800000905990601,0.0
1779528020.8953838,0.0,-0.0994837673636768,0.0,-0.0020777729190408684,0.0,0.0,0.0396,1.584,0.2376,0.0,-0.1,0.0,0.0,-0.0994837673636768,0.0,0.0,0.0,0.0,square,1,0.1,0.25,12,24,6.810000896453857,0.0
1779528020.905413,0.0,-0.0994837673636768,0.0,0.0,0.0,0.0,-0.1188,1.6236000000000002,0.1584,0.0,-0.1,0.0,0.0,-0.0994837673636768,0.0,0.0,0.0,0.0,square,1,0.1,0.25,12,24,6.820000886917114,0.0
1779528020.9155564,0.0,-0.0994837673636768,0.0,0.0,0.0,0.0,-0.1188,1.6236000000000002,0.1584,0.0,-0.1,0.0,0.0,-0.0994837673636768,0.0,0.0,0.0,0.0,square,1,0.1,0.25,12,24,6.8300299644470215,0.0
1779528020.9255552,0.0,-0.0994837673636768,0.0,0.0,0.0,0.0,-0.1188,1.6236000000000002,-0.1188,0.0,-0.1,0.0,0.0,-0.0994837673636768,0.0,0.0,0.0,0.0,square,1,0.1,0.25,12,24,6.8401734828948975,0.0
1779528020.935384,0.0,-0.0994837673636768,0.0,0.0,0.0,0.0,-0.0792,1.5048000000000001,-0.1584,0.0,-0.1,0.0,0.0,-0.0994837673636768,0.0,0.0,0.0,0.0,square,1,0.1,0.25,12,24,6.850172281265259,0.0
1779528020.9453843,0.0,-0.0994837673636768,0.0,0.0,0.0,0.0,-0.0396,1.6236000000000002,-0.1188,0.0,-0.1,0.0,0.0,-0.0994837673636768,0.0,0.0,-0.0020777729190408684,0.0,square,1,0.1,0.25,12,24,6.860001087188721,0.0
1779528020.9553852,0.0,-0.0994837673636768,0.0,0.0,-0.0020777729190408684,0.0,0.0,1.5444,0.0396,0.0,-0.1,0.0,0.0,-0.0994837673636768,0.0,0.0,0.0,0.0,square,1,0.1,0.25,12,24,6.870001316070557,0.0
1779528020.9654162,0.0,-0.0994837673636768,0.0,0.0,0.0,0.0,-0.0396,1.584,-0.1188,0.0,-0.1,0.0,0.0,-0.0994837673636768,0.0,0.0,0.0,0.0,square,1,0.1,0.25,12,24,6.88000226020813,0.0
1779528020.975334,0.0,-0.0994837673636768,0.0,0.0,0.0,0.0,-0.0396,1.584,-0.1188,0.0,-0.1,0.0,0.0,-0.0994837673636768,0.0,0.0,0.0,0.0,square,1,0.1,0.25,12,24,6.89003324508667,0.0
1779528020.9854321,0.0,-0.0994837673636768,0.0,0.0,0.0,0.0,-0.0792,1.6236000000000002,-0.1584,0.0,-0.1,0.0,0.0,-0.0994837673636768,0.0,0.0,0.0,0.0020777729190408684,square,1,0.1,0.25,12,24,6.899950981140137,0.0
1779528020.99553,0.0,-0.0994837673636768,0.0,0.0,0.0,0.0020777729190408684,-0.1188,1.5048000000000001,-0.1584,0.0,-0.1,0.0,0.0,-0.0994837673636768,0.0,0.0,0.0,0.0020777729190408684,square,1,0.1,0.25,12,24,6.910049200057983,0.0
1779528021.0054169,0.0,-0.0994837673636768,0.0,0.0,0.0,0.0020777729190408684,-0.1188,1.5048000000000001,-0.1584,0.0,-0.1,0.0,0.0,-0.0994837673636768,0.0,0.0020777729190408684,0.0,0.0,square,1,0.1,0.25,12,24,6.920146942138672,0.0
1779528021.0154154,0.0,-0.0994837673636768,0.0,0.0020777729190408684,0.0,0.0,-0.0792,1.4652,0.198,0.0,-0.1,0.0,0.0,-0.0994837673636768,0.0,0.0,-0.0020777729190408684,0.0,square,1,0.1,0.25,12,24,6.930033922195435,0.0
1779528021.0255954,0.0,-0.0994837673636768,0.0,0.0,-0.0020777729190408684,0.0,-0.0792,1.5048000000000001,-0.0792,0.0,-0.1,0.0,0.0,-0.0994837673636768,0.0,0.0,-0.0020777729190408684,0.0,square,1,0.1,0.25,12,24,6.940032482147217,0.0
1779528021.035384,0.0,-0.0994837673636768,0.0,0.0,-0.0020777729190408684,0.0,-0.0792,1.5048000000000001,-0.0792,0.0,-0.1,0.0,0.0,-0.0994837673636768,0.0,0.0,0.0,0.0,square,1,0.1,0.25,12,24,6.950212478637695,0.0
1779528021.045385,0.0,-0.0994837673636768,0.0,0.0,0.0,0.0,-0.0396,1.6632,-0.1188,0.0,-0.1,0.0,0.0,-0.0994837673636768,0.0,0.0,0.0020777729190408684,0.0020777729190408684,square,1,0.1,0.25,12,24,6.960000991821289,0.0
1779528021.0555274,0.0,-0.0994837673636768,0.0,0.0,0.0020777729190408684,0.0020777729190408684,0.0,1.6236000000000002,-0.1584,0.0,-0.1,0.0,0.0,-0.0994837673636768,0.0,0.0,0.0020777729190408684,0.0020777729190408684,square,1,0.1,0.25,12,24,6.970001935958862,0.0
1779528021.0654192,0.0,-0.0994837673636768,0.0,0.0,0.0020777729190408684,0.0020777729190408684,0.0,1.6236000000000002,-0.1584,0.0,-0.1,0.0,0.0,-0.0994837673636768,0.0,0.0020777729190408684,0.0,-0.0020777729190408684,square,1,0.1,0.25,12,24,6.980144500732422,0.0
1779528021.075553,0.0,-0.0994837673636768,0.0,0.0020777729190408684,0.0,-0.0020777729190408684,-0.0792,1.6236000000000002,0.0792,0.0,-0.1,0.0,0.0,-0.0994837673636768,0.0,0.0020777729190408684,0.0,0.0020777729190408684,square,1,0.1,0.25,12,24,6.990036249160767,0.0
1779528021.0854192,0.0,-0.0994837673636768,0.0,0.0020777729190408684,0.0,0.0020777729190408684,-0.1584,1.5048000000000001,-0.27720000000000006,0.0,-0.1,0.0,0.0,-0.0994837673636768,0.0,0.0,0.0,0.0,square,1,0.1,0.25,12,24,7.000169992446899,0.0
1779528021.095384,0.0,-0.0994837673636768,0.0,0.0,0.0,0.0,0.1188,1.6632,0.198,0.0,-0.1,0.0,0.0,-0.0994837673636768,0.0,0.0,0.0,0.0,square,1,0.1,0.25,12,24,7.01003623008728,0.0
1779528021.1053836,0.0,-0.0994837673636768,0.0,0.0,0.0,0.0,-0.1188,1.4652,0.2376,0.0,-0.1,0.0,0.0,-0.0994837673636768,0.0,0.0,0.0,0.0,square,1,0.1,0.25,12,24,7.02000093460083,0.0
1779528021.115384,0.0,-0.0994837673636768,0.0,0.0,0.0,0.0,0.0396,1.584,0.1584,0.0,-0.1,0.0,0.0,-0.0994837673636768,0.0,0.0,0.0,0.0,square,1,0.1,0.25,12,24,7.030000686645508,0.0
1779528021.1253843,0.0,-0.0994837673636768,0.0,0.0,0.0,0.0,-0.0396,1.5048000000000001,0.1584,0.0,-0.1,0.0,0.0,-0.0994837673636768,0.0,0.0,0.0,0.0,square,1,0.1,0.25,12,24,7.040001153945923,0.0
1779528021.1354368,0.0,-0.0994837673636768,0.0,0.0,0.0,0.0,-0.0396,1.584,0.1188,0.0,-0.1,0.0,0.0,-0.0994837673636768,0.0,0.0,0.0,0.0,square,1,0.1,0.25,12,24,7.050001382827759,0.0
1779528021.1453838,0.0,-0.0994837673636768,0.0,0.0,0.0,0.0,0.0,1.6236000000000002,0.198,0.0,-0.1,0.0,0.0,-0.0994837673636768,0.0,0.0,0.0,0.0,square,1,0.1,0.25,12,24,7.060053825378418,0.0
1779528021.1554136,0.0,-0.0994837673636768,0.0,0.0,0.0,0.0,0.0396,1.4652,0.27720000000000006,0.0,-0.1,0.0,0.0,-0.0994837673636768,0.0,0.0,0.0,0.0,square,1,0.1,0.25,12,24,7.070000886917114,0.0
1779528021.1654134,0.0,-0.0994837673636768,0.0,0.0,0.0,0.0,0.0396,1.4652,0.27720000000000006,0.0,-0.1,0.0,0.0,-0.0994837673636768,0.0,0.0,0.0,0.0,square,1,0.1,0.25,12,24,7.080030679702759,0.0
1779528021.1754138,0.0,-0.0994837673636768,0.0,0.0,0.0,0.0,-0.0792,1.584,0.2376,0.0,-0.1,0.0,0.0,-0.0994837673636768,0.0,0.0,0.0,0.0,square,1,0.1,0.25,12,24,7.0900304317474365,0.0
1779528021.1855145,0.0,-0.0994837673636768,0.0,0.0,0.0,0.0,-0.0792,1.584,0.2376,0.0,-0.1,0.0,0.0,-0.0994837673636768,0.0,0.0,0.0,0.0,square,1,0.1,0.25,12,24,7.100030899047852,0.0
1779528021.195428,0.0,-0.0994837673636768,0.0,0.0,0.0,0.0,-0.0792,1.5444,0.2376,0.0,-0.1,0.0,0.0,-0.0994837673636768,0.0,0.0,0.0,0.0020777729190408684,square,1,0.1,0.25,12,24,7.110131502151489,0.0
1779528021.2053835,0.0,-0.0994837673636768,0.0,0.0,0.0,0.0020777729190408684,-0.0792,1.4652,-0.1584,0.0,-0.1,0.0,0.0,-0.0994837673636768,0.0,0.0,0.0,0.0,square,1,0.1,0.25,12,24,7.120044946670532,0.0
1779528021.2158384,0.0,-0.0994837673636768,0.0,0.0,0.0,0.0,-0.1188,1.5444,-0.1584,0.0,-0.1,0.0,0.0,-0.0994837673636768,0.0,0.0,0.0,0.0,square,1,0.1,0.25,12,24,7.130000591278076,0.0
1779528021.2254028,0.0,-0.0994837673636768,0.0,0.0,0.0,0.0,-0.1584,1.6236000000000002,0.1584,0.0,-0.1,0.0,0.0,-0.0994837673636768,0.0,0.0,0.0,0.0,square,1,0.1,0.25,12,24,7.140455484390259,0.0
1779528021.2353892,0.0,-0.0994837673636768,0.0,0.0,0.0,0.0,-0.0396,1.5048000000000001,0.198,0.0,-0.1,0.0,0.0,-0.0994837673636768,0.0,0.0,0.0,0.0,square,1,0.1,0.25,12,24,7.150019884109497,0.0
1779528021.2453892,0.0,-0.0994837673636768,0.0,0.0,0.0,0.0,0.0,1.5444,0.1188,0.0,-0.1,0.0,0.0,-0.0994837673636768,0.0,0.0,0.0,0.0,square,1,0.1,0.25,12,24,7.160006284713745,0.0
1779528021.2553885,0.0,-0.0994837673636768,0.0,0.0,0.0,0.0,0.0,1.6236000000000002,0.1584,0.0,-0.1,0.0,0.0,-0.0994837673636768,0.0,0.0,0.0,0.0,square,1,0.1,0.25,12,24,7.170006275177002,0.0
1779528021.2653894,0.0,-0.0994837673636768,0.0,0.0,0.0,0.0,0.0,1.5048000000000001,0.1584,0.0,-0.1,0.0,0.0,-0.0994837673636768,0.0,0.0,0.0,0.0,square,1,0.1,0.25,12,24,7.1800055503845215,0.0
1779528021.275403,0.0,-0.0994837673636768,0.0,0.0,0.0,0.0,-0.0396,1.5444,0.0396,0.0,-0.1,0.0,0.0,-0.0994837673636768,0.0,0.0,0.0020777729190408684,0.0,square,1,0.1,0.25,12,24,7.190006494522095,0.0
1779528021.2853837,0.0,-0.0994837673636768,0.0,0.0,0.0020777729190408684,0.0,0.0,1.5048000000000001,0.2376,0.0,-0.1,0.0,0.0,-0.0994837673636768,0.0,0.0,0.0020777729190408684,0.0,square,1,0.1,0.25,12,24,7.20002007484436,0.0
1779528021.2954504,0.0,-0.0994837673636768,0.0,0.0,0.0020777729190408684,0.0,0.0,1.5048000000000001,0.2376,0.0,-0.1,0.0,0.0,-0.0994837673636768,0.0,0.0,0.0,0.0,square,1,0.1,0.25,12,24,7.21000075340271,0.0
1779528021.3053699,0.0,-0.0994837673636768,0.0,0.0,0.0,0.0,-0.0396,1.584,0.1188,0.0,-0.1,0.0,0.0,-0.0994837673636768,0.0,0.0,0.0,0.0020777729190408684,square,1,0.1,0.25,12,24,7.220067501068115,0.0
1779528021.3154476,0.0,-0.0994837673636768,0.0,0.0,0.0,0.0020777729190408684,-0.0792,1.6632,-0.198,0.0,-0.1,0.0,0.0,-0.0994837673636768,0.0,0.0,0.0,0.0020777729190408684,square,1,0.1,0.25,12,24,7.229986906051636,0.0
1779528021.3253887,0.0,-0.0994837673636768,0.0,0.0,0.0,0.0020777729190408684,-0.0792,1.6632,-0.198,0.0,-0.1,0.0,0.0,-0.0994837673636768,0.0,0.0,0.0,-0.0020777729190408684,square,1,0.1,0.25,12,24,7.24006462097168,0.0
1779528021.3354032,0.0,-0.0994837673636768,0.0,0.0,0.0,-0.0020777729190408684,0.0,1.4652,0.198,0.0,-0.1,0.0,0.0,-0.0994837673636768,0.0,0.0020777729190408684,0.0,0.0,square,1,0.1,0.25,12,24,7.250005722045898,0.0
1779528021.345404,0.0,-0.0994837673636768,0.0,0.0020777729190408684,0.0,0.0,-0.0792,1.4652,0.198,0.0,-0.1,0.0,0.0,-0.0994837673636768,0.0,0.0,0.0,0.0,square,1,0.1,0.25,12,24,7.2600202560424805,0.0
1779528021.3554037,0.0,-0.0994837673636768,0.0,0.0,0.0,0.0,-0.0396,1.5048000000000001,0.1188,0.0,-0.1,0.0,0.0,-0.0994837673636768,0.0,0.0,0.0,0.0,square,1,0.1,0.25,12,24,7.270020961761475,0.0
1779528021.3654115,0.0,-0.0994837673636768,0.0,0.0,0.0,0.0,0.0,1.5444,0.27720000000000006,0.0,-0.1,0.0,0.0,-0.0994837673636768,0.0,0.0,0.0,0.0,square,1,0.1,0.25,12,24,7.280020713806152,0.0
1779528021.3755128,0.0,-0.0994837673636768,0.0,0.0,0.0,0.0,0.0,1.6236000000000002,0.198,0.0,-0.1,0.0,0.0,-0.0994837673636768,0.0,0.0,0.0,0.0,square,1,0.1,0.25,12,24,7.2900285720825195,0.0
1779528021.3853889,0.0,-0.0994837673636768,0.0,0.0,0.0,0.0,0.0,1.6236000000000002,0.198,0.0,-0.1,0.0,0.0,-0.0994837673636768,0.0,0.0,0.0,0.0,square,1,0.1,0.25,12,24,7.3001298904418945,0.0
1779528021.3953888,0.0,-0.0994837673636768,0.0,0.0,0.0,0.0,-0.0792,1.6236000000000002,-0.1584,0.0,-0.1,0.0,0.0,-0.0994837673636768,0.0,0.0,0.0,0.0,square,1,0.1,0.25,12,24,7.3100059032440186,0.0
1779528021.405403,0.0,-0.0994837673636768,0.0,0.0,0.0,0.0,-0.0792,1.5444,0.27720000000000006,0.0,-0.1,0.0,0.0,-0.0994837673636768,0.0,0.0,0.0,0.0,square,1,0.1,0.25,12,24,7.320005893707275,0.0
1779528021.4154942,0.0,-0.0994837673636768,0.0,0.0,0.0,0.0,-0.0396,1.5444,0.2376,0.0,-0.1,0.0,0.0,-0.0994837673636768,0.0,0.0,0.0,0.0,square,1,0.1,0.25,12,24,7.330019950866699,0.0
1779528021.4253886,0.0,-0.0994837673636768,0.0,0.0,0.0,0.0,-0.0396,1.5444,0.2376,0.0,-0.1,0.0,0.0,-0.0994837673636768,0.0,0.0,0.0,0.0,square,1,0.1,0.25,12,24,7.340111255645752,0.0
1779528021.4354994,0.0,-0.0994837673636768,0.0,0.0,0.0,0.0,-0.0792,1.4255999999999998,0.2376,0.0,-0.1,0.0,0.0,-0.0994837673636768,0.0,0.0,0.0,0.0,square,1,0.1,0.25,12,24,7.350005626678467,0.0
1779528021.445499,0.0,-0.0994837673636768,0.0,0.0,0.0,0.0,-0.0792,1.4255999999999998,0.2376,0.0,-0.1,0.0,0.0,-0.0994837673636768,0.0,0.0,0.0020777729190408684,0.0,square,1,0.1,0.25,12,24,7.360116481781006,0.0
1779528021.4553888,0.0,-0.0994837673636768,0.0,0.0,0.0020777729190408684,0.0,0.0,1.6236000000000002,0.27720000000000006,0.0,-0.1,0.0,0.0,-0.0994837673636768,0.0,0.0,0.0,0.0,square,1,0.1,0.25,12,24,7.3701159954071045,0.0
1779528021.4654036,0.0,-0.0994837673636768,0.0,0.0,0.0,0.0,-0.0792,1.5444,-0.1584,0.0,-0.1,0.0,0.0,-0.0994837673636768,0.0,0.0,0.0,0.0020777729190408684,square,1,0.1,0.25,12,24,7.380005836486816,0.0
1779528021.475389,0.0,-0.0994837673636768,0.0,0.0,0.0,0.0020777729190408684,0.0,1.5048000000000001,-0.3168,0.0,-0.1,0.0,0.0,-0.0994837673636768,0.0,0.0,0.0,0.0,square,1,0.1,0.25,12,24,7.3900206089019775,0.0
1779528021.4854834,0.0,-0.0994837673636768,0.0,0.0,0.0,0.0,-0.0792,1.5048000000000001,-0.27720000000000006,0.0,-0.1,0.0,0.0,-0.0994837673636768,0.0,0.0,0.0,0.0,square,1,0.1,0.25,12,24,7.400006055831909,0.0
1779528021.495364,0.0,-0.0994837673636768,0.0,0.0,0.0,0.0,-0.0792,1.5048000000000001,-0.27720000000000006,0.0,-0.1,0.0,0.0,-0.0994837673636768,0.0,0.0,0.0,0.0,square,1,0.1,0.25,12,24,7.41010046005249,0.0
1779528021.5054038,0.0,-0.0994837673636768,0.0,0.0,0.0,0.0,-0.0792,1.5048000000000001,0.1584,0.0,-0.1,0.0,0.0,-0.0994837673636768,0.0,0.0,0.0,0.0,square,1,0.1,0.25,12,24,7.419981002807617,0.0
1779528021.5153894,0.0,-0.0994837673636768,0.0,0.0,0.0,0.0,-0.0792,1.5048000000000001,0.35639999999999994,0.0,-0.1,0.0,0.0,-0.0994837673636768,0.0,0.0,0.0,0.0,square,1,0.1,0.25,12,24,7.430020809173584,0.0
1779528021.525404,0.0,-0.0994837673636768,0.0,0.0,0.0,0.0,0.0,1.4652,0.1188,0.0,-0.1,0.0,0.0,-0.0994837673636768,0.0,0.0,0.0,0.0,square,1,0.1,0.25,12,24,7.440006494522095,0.0
1779528021.5354028,0.0,-0.0994837673636768,0.0,0.0,0.0,0.0,-0.0396,1.5048000000000001,-0.198,0.0,-0.1,0.0,0.0,-0.0994837673636768,0.0,0.0020777729190408684,0.0020777729190408684,0.0,square,1,0.1,0.25,12,24,7.450021028518677,0.0
1779528021.5454035,0.0,-0.0994837673636768,0.0,0.0020777729190408684,0.0020777729190408684,0.0,0.0396,1.5444,0.1584,0.0,-0.1,0.0,0.0,-0.0994837673636768,0.0,0.0,0.0,0.0,square,1,0.1,0.25,12,24,7.460019826889038,0.0
1779528021.5554032,0.0,-0.0994837673636768,0.0,0.0,0.0,0.0,-0.0396,1.5444,0.2376,0.0,-0.1,0.0,0.0,-0.0994837673636768,0.0,0.0020777729190408684,0.0,0.0,square,1,0.1,0.25,12,24,7.470020532608032,0.0
1779528021.5654032,0.0,-0.0994837673636768,0.0,0.0020777729190408684,0.0,0.0,0.0,1.6236000000000002,0.2376,0.0,-0.1,0.0,0.0,-0.0994837673636768,0.0,0.0020777729190408684,0.0,0.0,square,1,0.1,0.25,12,24,7.48002028465271,0.0
1779528021.5753887,0.0,-0.0994837673636768,0.0,0.0020777729190408684,0.0,0.0,-0.0792,1.5444,0.198,0.0,-0.1,0.0,0.0,-0.0994837673636768,0.0,0.0,0.0,0.0,square,1,0.1,0.25,12,24,7.490020275115967,0.0
1779528021.58539,0.0,-0.0994837673636768,0.0,0.0,0.0,0.0,-0.0396,1.584,0.1584,0.0,-0.1,0.0,0.0,-0.0994837673636768,0.0,0.0,0.0,0.0,square,1,0.1,0.25,12,24,7.500005722045898,0.0
1779528021.5954843,0.0,-0.0994837673636768,0.0,0.0,0.0,0.0,-0.0792,1.4652,0.2376,0.0,-0.1,0.0,0.0,-0.0994837673636768,0.0,0.0,0.0,0.0,square,1,0.1,0.25,12,24,7.51000714302063,0.0
1779528021.6053908,0.0,-0.0994837673636768,0.0,0.0,0.0,0.0,-0.0792,1.4652,0.2376,0.0,-0.1,0.0,0.0,-0.0994837673636768,0.0,0.0,0.0,0.0,square,1,0.1,0.25,12,24,7.520101308822632,0.0
1779528021.61539,0.0,-0.0994837673636768,0.0,0.0,0.0,0.0,0.0,1.4652,-0.198,0.0,-0.1,0.0,0.0,-0.0994837673636768,0.0,0.0,0.0,0.0,square,1,0.1,0.25,12,24,7.530007839202881,0.0
1779528021.6253893,0.0,-0.0994837673636768,0.0,0.0,0.0,0.0,-0.0396,1.4652,0.1584,0.0,-0.1,0.0,0.0,-0.0994837673636768,0.0,0.0,0.0,0.0,square,1,0.1,0.25,12,24,7.5400071144104,0.0
1779528021.6354203,0.0,-0.0994837673636768,0.0,0.0,0.0,0.0,0.0,1.4255999999999998,0.27720000000000006,0.0,-0.1,0.0,0.0,-0.0994837673636768,0.0,0.0,0.0,0.0,square,1,0.1,0.25,12,24,7.55000638961792,0.0
1779528021.6454835,0.0,-0.0994837673636768,0.0,0.0,0.0,0.0,0.0,1.4255999999999998,0.27720000000000006,0.0,-0.1,0.0,0.0,-0.0994837673636768,0.0,0.0,0.0,0.0,square,1,0.1,0.25,12,24,7.56003737449646,0.0
1779528021.6554039,0.0,-0.0994837673636768,0.0,0.0,0.0,0.0,0.0,1.5048000000000001,0.2376,0.0,-0.1,0.0,0.0,-0.0994837673636768,0.0,0.0020777729190408684,0.0,0.0,square,1,0.1,0.25,12,24,7.570100545883179,0.0
1779528021.6655037,0.0,-0.0994837673636768,0.0,0.0020777729190408684,0.0,0.0,-0.0396,1.584,0.3168,0.0,-0.1,0.0,0.0,-0.0994837673636768,0.0,0.0020777729190408684,0.0,0.0,square,1,0.1,0.25,12,24,7.580020904541016,0.0
1779528021.6753905,0.0,-0.0994837673636768,0.0,0.0020777729190408684,0.0,0.0,-0.0396,1.584,0.3168,0.0,-0.1,0.0,0.0,-0.0994837673636768,0.0,0.0,0.0,0.0,square,1,0.1,0.25,12,24,7.590120792388916,0.0
1779528021.6855476,0.0,-0.0994837673636768,0.0,0.0,0.0,0.0,-0.0792,1.4652,0.198,0.0,-0.1,0.0,0.0,-0.0994837673636768,0.0,0.0,0.0,0.0,square,1,0.1,0.25,12,24,7.6000075340271,0.0
1779528021.695463,0.0,-0.0994837673636768,0.0,0.0,0.0,0.0,-0.0792,1.4652,0.198,0.0,-0.1,0.0,0.0,-0.0994837673636768,0.0,0.0,0.0,0.0,square,1,0.1,0.25,12,24,7.610164642333984,0.0
1779528021.705503,0.0,-0.0994837673636768,0.0,0.0,0.0,0.0,-0.0396,1.5048000000000001,-0.1584,0.0,-0.1,0.0,0.0,-0.0994837673636768,0.0,0.0,-0.0020777729190408684,0.0,square,1,0.1,0.25,12,24,7.62007999420166,0.0
1779528021.7155764,0.0,-0.0994837673636768,0.0,0.0,-0.0020777729190408684,0.0,-0.0396,1.6236000000000002,0.2376,0.0,-0.1,0.0,0.0,-0.0994837673636768,0.0,0.0,0.0,0.0,square,1,0.1,0.25,12,24,7.630120038986206,0.0
1779528021.7253532,0.0,-0.0994837673636768,0.0,0.0,0.0,0.0,0.0,1.6236000000000002,-0.35639999999999994,0.0,-0.1,0.0,0.0,-0.0994837673636768,0.0,0.0,0.0,0.0020777729190408684,square,1,0.1,0.25,12,24,7.640193462371826,0.0
1779528021.7353835,0.0,-0.0994837673636768,0.0,0.0,0.0,0.0020777729190408684,0.0,1.5444,-0.4356,0.0,-0.1,0.0,0.0,-0.0994837673636768,0.0,0.0,0.0,0.0,square,1,0.1,0.25,12,24,7.649970293045044,0.0
1779528021.7453823,0.0,-0.0994837673636768,0.0,0.0,0.0,0.0,0.0,1.6632,-0.35639999999999994,0.0,-0.1,0.0,0.0,-0.0994837673636768,0.0,0.0020777729190408684,0.0,0.0,square,1,0.1,0.25,12,24,7.660000562667847,0.0
1779528021.7553835,0.0,-0.0994837673636768,0.0,0.0020777729190408684,0.0,0.0,0.0,1.584,0.2376,0.0,-0.1,0.0,0.0,-0.0994837673636768,0.0,0.0020777729190408684,0.0,0.0,square,1,0.1,0.25,12,24,7.669999361038208,0.0
1779528021.765383,0.0,-0.0994837673636768,0.0,0.0020777729190408684,0.0,0.0,0.0,1.584,0.3168,0.0,-0.1,0.0,0.0,-0.0994837673636768,0.0,0.0,0.0,0.0,square,1,0.1,0.25,12,24,7.68000054359436,0.0
1779528021.7753916,0.0,-0.0994837673636768,0.0,0.0,0.0,0.0,-0.0396,1.6236000000000002,0.27720000000000006,0.0,-0.1,0.0,0.0,-0.0994837673636768,0.0,0.0,0.0,0.0,square,1,0.1,0.25,12,24,7.690000057220459,0.0
1779528021.7854087,0.0,-0.0994837673636768,0.0,0.0,0.0,0.0,0.0,1.5048000000000001,0.3168,0.0,-0.1,0.0,0.0,-0.0994837673636768,0.0,0.0,0.0,0.0,square,1,0.1,0.25,12,24,7.7000086307525635,0.0
1779528021.7953842,0.0,-0.0994837673636768,0.0,0.0,0.0,0.0,0.0,1.5048000000000001,0.3168,0.0,-0.1,0.0,0.0,-0.0994837673636768,0.0,0.0,0.0,0.0,square,1,0.1,0.25,12,24,7.710025787353516,0.0
1779528021.805383,0.0,-0.0994837673636768,0.0,0.0,0.0,0.0,-0.0396,1.5444,-0.2376,0.0,-0.1,0.0,0.0,-0.0994837673636768,0.0,0.0,0.0,0.0,square,1,0.1,0.25,12,24,7.720001220703125,0.0
1779528021.8153968,0.0,-0.0994837673636768,0.0,0.0,0.0,0.0,-0.0792,1.5444,-0.35639999999999994,0.0,-0.1,0.0,0.0,-0.0994837673636768,0.0,0.0,0.0,0.0,square,1,0.1,0.25,12,24,7.730000019073486,0.0
1779528021.8254106,0.0,-0.0994837673636768,0.0,0.0,0.0,0.0,-0.0396,1.4652,0.396,0.0,-0.1,0.0,0.0,-0.0994837673636768,0.0,0.0,0.0,0.0,square,1,0.1,0.25,12,24,7.740013837814331,0.0
1779528021.8354356,0.0,-0.0994837673636768,0.0,0.0,0.0,0.0,-0.0396,1.4652,0.396,0.0,-0.1,0.0,0.0,-0.0994837673636768,0.0,0.0,0.0,0.0,square,1,0.1,0.25,12,24,7.750027656555176,0.0
1779528021.8455288,0.0,-0.0994837673636768,0.0,0.0,0.0,0.0,0.0,1.5444,-0.27720000000000006,0.0,-0.1,0.0,0.0,-0.0994837673636768,0.0,0.0,0.0,0.0,square,1,0.1,0.25,12,24,7.760052680969238,0.0
1779528021.855383,0.0,-0.0994837673636768,0.0,0.0,0.0,0.0,0.0,1.5444,-0.27720000000000006,0.0,-0.1,0.0,0.0,-0.0994837673636768,0.0,0.0,0.0,0.0,square,1,0.1,0.25,12,24,7.770145893096924,0.0
1779528021.8653827,0.0,-0.0994837673636768,0.0,0.0,0.0,0.0,-0.0792,1.584,-0.3168,0.0,-0.1,0.0,0.0,-0.0994837673636768,0.0,0.0,0.0,0.0,square,1,0.1,0.25,12,24,7.7799999713897705,0.0
1779528021.875384,0.0,-0.0994837673636768,0.0,0.0,0.0,0.0,-0.0792,1.5048000000000001,0.35639999999999994,0.0,-0.1,0.0,0.0,-0.0994837673636768,0.0,0.0,0.0,0.0020777729190408684,square,1,0.1,0.25,12,24,7.789999723434448,0.0
1779528021.8853838,0.0,-0.0994837673636768,0.0,0.0,0.0,0.0020777729190408684,-0.0396,1.5444,-0.3168,0.0,-0.1,0.0,0.0,-0.0994837673636768,0.0,0.0,0.0,0.0,square,1,0.1,0.25,12,24,7.80000114440918,0.0
1779528021.8954108,0.0,-0.0994837673636768,0.0,0.0,0.0,0.0,-0.0396,1.5048000000000001,-0.4356,0.0,-0.1,0.0,0.0,-0.0994837673636768,0.0,0.0,0.0,0.0,square,1,0.1,0.25,12,24,7.810000896453857,0.0
1779528021.9053838,0.0,-0.0994837673636768,0.0,0.0,0.0,0.0,-0.0396,1.5048000000000001,-0.4356,0.0,-0.1,0.0,0.0,-0.0994837673636768,0.0,0.0,0.0,0.0,square,1,0.1,0.25,12,24,7.820027828216553,0.0
1779528021.9153836,0.0,-0.0994837673636768,0.0,0.0,0.0,0.0,0.0,1.584,-0.4356,0.0,-0.1,0.0,0.0,-0.0994837673636768,0.0,0.0,0.0,0.0,square,1,0.1,0.25,12,24,7.830000877380371,0.0
1779528021.9253833,0.0,-0.0994837673636768,0.0,0.0,0.0,0.0,0.0,1.5048000000000001,0.3168,0.0,-0.1,0.0,0.0,-0.0994837673636768,0.0,-0.0020777729190408684,0.0,0.0,square,1,0.1,0.25,12,24,7.840000629425049,0.0
1779528021.9353836,0.0,-0.0994837673636768,0.0,-0.0020777729190408684,0.0,0.0,0.0,1.5048000000000001,-0.2376,0.0,-0.1,0.0,0.0,-0.0994837673636768,0.0,0.0,0.0,0.0,square,1,0.1,0.25,12,24,7.850000381469727,0.0
1779528021.945418,0.0,-0.0994837673636768,0.0,0.0,0.0,0.0,0.0,1.5048000000000001,0.35639999999999994,0.0,-0.1,0.0,0.0,-0.0994837673636768,0.0,0.0,0.0,0.0,square,1,0.1,0.25,12,24,7.8600006103515625,0.0
1779528021.955384,0.0,-0.0994837673636768,0.0,0.0,0.0,0.0,0.0,1.584,-0.35639999999999994,0.0,-0.1,0.0,0.0,-0.0994837673636768,0.0,0.0,0.0,0.0,square,1,0.1,0.25,12,24,7.87003493309021,0.0
1779528021.9653835,0.0,-0.0994837673636768,0.0,0.0,0.0,0.0,-0.0792,1.5444,-0.27720000000000006,0.0,-0.1,0.0,0.0,-0.0994837673636768,0.0,0.0,0.0,0.0,square,1,0.1,0.25,12,24,7.880001068115234,0.0
1779528021.9755363,0.0,-0.0994837673636768,0.0,0.0,0.0,0.0,-0.0396,1.4255999999999998,0.27720000000000006,0.0,-0.1,0.0,0.0,-0.0994837673636768,0.0,0.0,0.0,0.0,square,1,0.1,0.25,12,24,7.890000581741333,0.0
1779528021.985384,0.0,-0.0994837673636768,0.0,0.0,0.0,0.0,-0.0396,1.4255999999999998,0.27720000000000006,0.0,-0.1,0.0,0.0,-0.0994837673636768,0.0,0.0,-0.0020777729190408684,0.0,square,1,0.1,0.25,12,24,7.900153398513794,0.0
1779528021.9954965,0.0,-0.0994837673636768,0.0,0.0,-0.0020777729190408684,0.0,-0.0396,1.584,-0.4356,0.0,-0.1,0.0,0.0,-0.0994837673636768,0.0,0.0,-0.0020777729190408684,0.0,square,1,0.1,0.25,12,24,7.910001039505005,0.0
1779528022.0053837,0.0,-0.0994837673636768,0.0,0.0,-0.0020777729190408684,0.0,-0.0396,1.584,-0.4356,0.0,-0.1,0.0,0.0,-0.0994837673636768,0.0,0.0,0.0,0.0,square,1,0.1,0.25,12,24,7.920113563537598,0.0
1779528022.0153832,0.0,-0.0994837673636768,0.0,0.0,0.0,0.0,0.0,1.584,0.35639999999999994,0.0,-0.1,0.0,0.0,-0.0994837673636768,0.0,0.0,0.0,0.0020777729190408684,square,1,0.1,0.25,12,24,7.9300007820129395,0.0
1779528022.0253837,0.0,-0.0994837673636768,0.0,0.0,0.0,0.0020777729190408684,0.0,1.5048000000000001,-0.396,0.0,-0.1,0.0,0.0,-0.0994837673636768,0.0,0.0,-0.0020777729190408684,0.0,square,1,0.1,0.25,12,24,7.940000295639038,0.0
1779528022.0353832,0.0,-0.0994837673636768,0.0,0.0,-0.0020777729190408684,0.0,0.0,1.5048000000000001,-0.4356,0.0,-0.1,0.0,0.0,-0.0994837673636768,0.0,0.0,0.0,0.0,square,1,0.1,0.25,12,24,7.950000762939453,0.0
1779528022.045395,0.0,-0.0994837673636768,0.0,0.0,0.0,0.0,0.0,1.584,0.2376,0.0,-0.1,0.0,0.0,-0.0994837673636768,0.0,-0.0020777729190408684,0.0,0.0,square,1,0.1,0.25,12,24,7.960000276565552,0.0
1779528022.0555944,0.0,-0.0994837673636768,0.0,-0.0020777729190408684,0.0,0.0,0.0,1.5444,0.198,0.0,-0.1,0.0,0.0,-0.0994837673636768,0.0,-0.0020777729190408684,0.0,0.0,square,1,0.1,0.25,12,24,7.970011949539185,0.0
1779528022.0653605,0.0,-0.0994837673636768,0.0,-0.0020777729190408684,0.0,0.0,0.0,1.5444,0.198,0.0,-0.1,0.0,0.0,-0.0994837673636768,0.0,-0.0020777729190408684,0.0,0.0,square,1,0.1,0.25,12,24,7.980211496353149,0.0
1779528022.0755749,0.0,-0.0994837673636768,0.0,-0.0020777729190408684,0.0,0.0,-0.0396,1.4652,0.35639999999999994,0.0,-0.1,0.0,0.0,-0.0994837673636768,0.0,-0.0020777729190408684,0.0,0.0,square,1,0.1,0.25,12,24,7.989977598190308,0.0
1779528022.0854201,0.0,-0.0994837673636768,0.0,-0.0020777729190408684,0.0,0.0,-0.0396,1.4652,0.35639999999999994,0.0,0.1,0.0,0.0,-0.0994837673636768,0.0,0.0,0.0,0.0,square,1,0.1,0.25,12,24,8.000191926956177,0.0
1779528022.0954797,0.0,-0.0994837673636768,0.0,0.0,0.0,0.0,0.0,1.4652,0.396,0.0,0.1,0.0,0.0,-0.0994837673636768,0.0,0.0,0.0,0.0,square,1,0.1,0.25,12,24,8.010037183761597,0.0
1779528022.1053834,0.0,-0.0994837673636768,0.0,0.0,0.0,0.0,0.0,1.4652,0.396,0.0,0.1,0.0,0.0,-0.08901179185171082,0.0,0.0020777729190408684,0.962008861515922,0.006233318757122605,square,1,0.1,0.25,12,24,8.020096778869629,0.0
1779528022.1153882,0.0,-0.08901179185171082,0.0,0.0020777729190408684,0.962008861515922,0.006233318757122605,-0.0792,3.5244,1.1088000000000002,0.0,0.1,0.0,0.0,-0.08901179185171082,0.0,0.0020777729190408684,0.962008861515922,0.006233318757122605,square,1,0.1,0.25,12,24,8.030000448226929,0.0
1779528022.1253836,0.0,-0.08901179185171082,0.0,0.0020777729190408684,0.962008861515922,0.006233318757122605,-0.0792,3.5244,1.1088000000000002,0.0,0.1,0.0,0.0,-0.04014257279586959,0.0,0.0020777729190408684,2.2647724817545467,0.0,square,1,0.1,0.25,12,24,8.040005207061768,0.0
1779528022.1354156,0.0,-0.04014257279586959,0.0,0.0020777729190408684,2.2647724817545467,0.0,0.198,3.0888,0.8316,0.0,0.1,0.0,0.0,-0.017453292519943295,0.0,0.0020777729190408684,2.22529479629277,-0.0020777729190408684,square,1,0.1,0.25,12,24,8.050000667572021,0.0
1779528022.1453834,0.0,-0.017453292519943295,0.0,0.0020777729190408684,2.22529479629277,-0.0020777729190408684,0.3168,0.0,0.5940000000000001,0.0,0.1,0.0,0.0,0.0,0.0,-0.0020777729190408684,2.023750823145806,0.0,square,1,0.1,0.25,12,24,8.060032606124878,0.0
1779528022.1553836,0.0,0.0,0.0,-0.0020777729190408684,2.023750823145806,0.0,-0.1188,-1.3464,-0.6732,0.0,0.1,0.0,0.0,0.017453292519943295,0.0,-0.016622183352326948,1.7411737061562478,-0.004155545838081737,square,1,0.1,0.25,12,24,8.070000410079956,0.0
1779528022.1655757,0.0,0.017453292519943295,0.0,-0.016622183352326948,1.7411737061562478,-0.004155545838081737,0.4356,0.0792,0.2376,0.0,0.1,0.0,0.0,0.017453292519943295,0.0,-0.016622183352326948,1.7411737061562478,-0.004155545838081737,square,1,0.1,0.25,12,24,8.080000638961792,0.0
1779528022.1756024,0.0,0.017453292519943295,0.0,-0.016622183352326948,1.7411737061562478,-0.004155545838081737,0.4356,0.0792,0.2376,0.0,0.1,0.0,0.0,0.031415926535897934,0.0,-0.022855502109449553,1.500152047547507,0.0,square,1,0.1,0.25,12,24,8.090192794799805,0.0
1779528022.1853838,0.0,0.031415926535897934,0.0,-0.022855502109449553,1.500152047547507,0.0,0.8712,-2.5344,-0.396,0.0,0.1,0.0,0.0,0.054105206811824215,0.0,0.008311091676163474,1.0700530533060473,0.0,square,1,0.1,0.25,12,24,8.100219488143921,0.0
1779528022.1953828,0.0,0.054105206811824215,0.0,0.008311091676163474,1.0700530533060473,0.0,0.1584,-0.2376,-0.35639999999999994,0.0,0.1,0.0,0.0,0.06283185307179587,0.0,0.020777729190408684,0.9121423114589412,0.0,square,1,0.1,0.25,12,24,8.110000848770142,0.0
1779528022.2055366,0.0,0.06283185307179587,0.0,0.020777729190408684,0.9121423114589412,0.0,0.4356,-1.5048000000000001,-0.4356,0.0,0.1,0.0,0.0,0.06283185307179587,0.0,0.020777729190408684,0.9121423114589412,0.0,square,1,0.1,0.25,12,24,8.119999885559082,0.0
1779528022.2153838,0.0,0.06283185307179587,0.0,0.020777729190408684,0.9121423114589412,0.0,0.4356,-1.5048000000000001,-0.4356,0.0,0.1,0.0,0.0,0.07504915783575616,0.0,0.006233318757122605,0.6150207840360971,0.0,square,1,0.1,0.25,12,24,8.13015365600586,0.0
1779528022.2253919,0.0,0.07504915783575616,0.0,0.006233318757122605,0.6150207840360971,0.0,0.4356,-0.5940000000000001,-0.396,0.0,0.1,0.0,0.0,0.08028514559173917,0.0,-0.0020777729190408684,0.5069765922459719,0.0,square,1,0.1,0.25,12,24,8.140000820159912,0.0
1779528022.2355328,0.0,0.08028514559173917,0.0,-0.0020777729190408684,0.5069765922459719,0.0,0.27720000000000006,-0.792,-0.4356,0.0,0.1,0.0,0.0,0.08028514559173917,0.0,-0.0020777729190408684,0.5069765922459719,0.0,square,1,0.1,0.25,12,24,8.150008916854858,0.0
1779528022.2454102,0.0,0.08028514559173917,0.0,-0.0020777729190408684,0.5069765922459719,0.0,0.27720000000000006,-0.792,-0.4356,0.0,0.1,0.0,0.0,0.08726646259971647,0.0,-0.004155545838081737,0.33036589412749806,0.0,square,1,0.1,0.25,12,24,8.160149812698364,0.0
1779528022.255412,0.0,0.08726646259971647,0.0,-0.004155545838081737,0.33036589412749806,0.0,-0.1584,-0.4356,-0.5148,0.0,0.1,0.0,0.0,0.08901179185171082,0.0,-0.0020777729190408684,0.2617993877991494,0.0,square,1,0.1,0.25,12,24,8.170027256011963,0.0
1779528022.2653832,0.0,0.08901179185171082,0.0,-0.0020777729190408684,0.2617993877991494,0.0,0.198,0.8316,-0.5544000000000001,0.0,0.1,0.0,0.0,0.09075712110370514,0.0,-0.010388864595204342,0.2181661564992912,0.0,square,1,0.1,0.25,12,24,8.180029153823853,0.0
1779528022.275392,0.0,0.09075712110370514,0.0,-0.010388864595204342,0.2181661564992912,0.0,0.0396,0.198,-0.4356,0.0,0.1,0.0,0.0,0.09075712110370514,0.0,-0.010388864595204342,0.2181661564992912,0.0,square,1,0.1,0.25,12,24,8.190000295639038,0.0
1779528022.2855172,0.0,0.09075712110370514,0.0,-0.010388864595204342,0.2181661564992912,0.0,0.0396,0.198,-0.4356,0.0,0.1,0.0,0.0,0.09250245035569947,0.0,-0.008311091676163474,0.1703773793613512,0.0,square,1,0.1,0.25,12,24,8.200009107589722,0.0
1779528022.2953835,0.0,0.09250245035569947,0.0,-0.008311091676163474,0.1703773793613512,0.0,-0.2376,-0.3168,-0.396,0.0,0.1,0.0,0.0,0.09599310885968812,0.0,-0.006233318757122605,0.12674414806149298,0.0,square,1,0.1,0.25,12,24,8.210134267807007,0.0
1779528022.3055804,0.0,0.09599310885968812,0.0,-0.006233318757122605,0.12674414806149298,0.0,0.4356,1.9008,-0.4752,0.0,0.1,0.0,0.0,0.09599310885968812,0.0,-0.006233318757122605,0.12674414806149298,0.0,square,1,0.1,0.25,12,24,8.220000505447388,0.0
1779528022.3154383,0.0,0.09599310885968812,0.0,-0.006233318757122605,0.12674414806149298,0.0,0.4356,1.9008,-0.4752,0.0,0.1,0.0,0.0,0.09773843811168245,0.0,0.0020777729190408684,0.07272205216643039,-0.0020777729190408684,square,1,0.1,0.25,12,24,8.230197429656982,0.0
1779528022.3253827,0.0,0.09773843811168245,0.0,0.0020777729190408684,0.07272205216643039,-0.0020777729190408684,0.1584,1.782,-0.5940000000000001,0.0,0.1,0.0,0.0,0.09773843811168245,0.0,0.010388864595204342,0.04571100421889911,0.0020777729190408684,square,1,0.1,0.25,12,24,8.240055322647095,0.0
1779528022.3353837,0.0,0.09773843811168245,0.0,0.010388864595204342,0.04571100421889911,0.0020777729190408684,-0.198,1.2672,0.4752,0.0,0.1,0.0,0.0,0.09773843811168245,0.0,0.020777729190408684,0.04155545838081737,0.0,square,1,0.1,0.25,12,24,8.249999761581421,0.0
1779528022.3453827,0.0,0.09773843811168245,0.0,0.020777729190408684,0.04155545838081737,0.0,0.5544000000000001,1.3068,-0.5148,0.0,0.1,0.0,0.0,0.09773843811168245,0.0,0.006233318757122605,0.020777729190408684,-0.0020777729190408684,square,1,0.1,0.25,12,24,8.260000705718994,0.0
1779528022.3553832,0.0,0.09773843811168245,0.0,0.006233318757122605,0.020777729190408684,-0.0020777729190408684,0.4356,0.792,-0.4752,0.0,0.1,0.0,0.0,0.09773843811168245,0.0,0.0,0.018699956271367814,0.0,square,1,0.1,0.25,12,24,8.269999742507935,0.0
1779528022.3653834,0.0,0.09773843811168245,0.0,0.0,0.018699956271367814,0.0,0.2376,0.7127999999999999,0.5940000000000001,0.0,0.1,0.0,0.0,0.0994837673636768,0.0,-0.006233318757122605,0.018699956271367814,0.0,square,1,0.1,0.25,12,24,8.28000020980835,0.0
1779528022.3753948,0.0,0.0994837673636768,0.0,-0.006233318757122605,0.018699956271367814,0.0,0.0,0.9107999999999999,-0.5544000000000001,0.0,0.1,0.0,0.0,0.0994837673636768,0.0,-0.008311091676163474,0.02701104794753129,0.0,square,1,0.1,0.25,12,24,8.290000438690186,0.0
1779528022.3855612,0.0,0.0994837673636768,0.0,-0.008311091676163474,0.02701104794753129,0.0,-0.0792,1.2672,-0.5148,0.0,0.1,0.0,0.0,0.0994837673636768,0.0,-0.008311091676163474,0.02701104794753129,0.0,square,1,0.1,0.25,12,24,8.30001187324524,0.0
1779528022.3955328,0.0,0.0994837673636768,0.0,-0.008311091676163474,0.02701104794753129,0.0,-0.0792,1.2672,-0.5148,0.0,0.1,0.0,0.0,0.0994837673636768,0.0,-0.010388864595204342,0.01246663751424521,0.0,square,1,0.1,0.25,12,24,8.310178279876709,0.0
1779528022.4053876,0.0,0.0994837673636768,0.0,-0.010388864595204342,0.01246663751424521,0.0,-0.1584,1.0692,-0.6336,0.0,0.1,0.0,0.0,0.0994837673636768,0.0,0.0,0.0,0.0,square,1,0.1,0.25,12,24,8.320149898529053,0.0
1779528022.4154754,0.0,0.0994837673636768,0.0,0.0,0.0,0.0,0.0,0.6732,-0.5544000000000001,0.0,0.1,0.0,0.0,0.0994837673636768,0.0,0.0020777729190408684,0.0,0.0,square,1,0.1,0.25,12,24,8.330004692077637,0.0
1779528022.425548,0.0,0.0994837673636768,0.0,0.0020777729190408684,0.0,0.0,0.0,0.5544000000000001,0.6732,0.0,0.1,0.0,0.0,0.0994837673636768,0.0,0.0020777729190408684,0.0,0.0,square,1,0.1,0.25,12,24,8.340092420578003,0.0
1779528022.4354107,0.0,0.0994837673636768,0.0,0.0020777729190408684,0.0,0.0,0.0,0.5544000000000001,0.6732,0.0,0.1,0.0,0.0,0.0994837673636768,0.0,0.0,0.0,0.0,square,1,0.1,0.25,12,24,8.350165128707886,0.0
1779528022.4453835,0.0,0.0994837673636768,0.0,0.0,0.0,0.0,0.0,0.7524000000000001,-0.5148,0.0,0.1,0.0,0.0,0.0994837673636768,0.0,0.0,0.0,0.0,square,1,0.1,0.25,12,24,8.36002779006958,0.0
1779528022.455383,0.0,0.0994837673636768,0.0,0.0,0.0,0.0,0.0,0.7524000000000001,-0.5544000000000001,0.0,0.1,0.0,0.0,0.0994837673636768,0.0,0.0,0.0,-0.0020777729190408684,square,1,0.1,0.25,12,24,8.37000060081482,0.0
1779528022.4655433,0.0,0.0994837673636768,0.0,0.0,0.0,-0.0020777729190408684,-0.0396,0.6336,-0.5940000000000001,0.0,0.1,0.0,0.0,0.0994837673636768,0.0,0.0,0.0,-0.0020777729190408684,square,1,0.1,0.25,12,24,8.380000114440918,0.0
1779528022.475383,0.0,0.0994837673636768,0.0,0.0,0.0,-0.0020777729190408684,-0.0396,0.6336,-0.5940000000000001,0.0,0.1,0.0,0.0,0.0994837673636768,0.0,0.0020777729190408684,0.0,0.0,square,1,0.1,0.25,12,24,8.390160322189331,0.0
1779528022.485535,0.0,0.0994837673636768,0.0,0.0020777729190408684,0.0,0.0,0.1584,0.6732,-0.5544000000000001,0.0,0.1,0.0,0.0,0.0994837673636768,0.0,0.0020777729190408684,0.0,0.0,square,1,0.1,0.25,12,24,8.400000095367432,0.0
1779528022.4954147,0.0,0.0994837673636768,0.0,0.0020777729190408684,0.0,0.0,0.1584,0.6732,-0.5544000000000001,0.0,0.1,0.0,0.0,0.0994837673636768,0.0,-0.0020777729190408684,0.0,0.0,square,1,0.1,0.25,12,24,8.410151958465576,0.0
1779528022.5055442,0.0,0.0994837673636768,0.0,-0.0020777729190408684,0.0,0.0,-0.0792,0.8712,-0.5544000000000001,0.0,0.1,0.0,0.0,0.0994837673636768,0.0,-0.0020777729190408684,0.0,0.0,square,1,0.1,0.25,12,24,8.420031785964966,0.0
1779528022.515412,0.0,0.0994837673636768,0.0,-0.0020777729190408684,0.0,0.0,-0.0792,0.8712,-0.5544000000000001,0.0,0.1,0.0,0.0,0.0994837673636768,0.0,-0.004155545838081737,0.0,0.0,square,1,0.1,0.25,12,24,8.430161237716675,0.0
1779528022.5253851,0.0,0.0994837673636768,0.0,-0.004155545838081737,0.0,0.0,0.0,0.6732,-0.5940000000000001,0.0,0.1,0.0,0.0,0.0994837673636768,0.0,0.0,-0.0020777729190408684,0.0,square,1,0.1,0.25,12,24,8.44002914428711,0.0
1779528022.5353837,0.0,0.0994837673636768,0.0,0.0,-0.0020777729190408684,0.0,0.0,0.8712,-0.5940000000000001,0.0,0.1,0.0,0.0,0.0994837673636768,0.0,0.0,0.0,0.0020777729190408684,square,1,0.1,0.25,12,24,8.450002193450928,0.0
1779528022.5455263,0.0,0.0994837673636768,0.0,0.0,0.0,0.0020777729190408684,-0.0792,0.792,-0.5148,0.0,0.1,0.0,0.0,0.0994837673636768,0.0,0.0,0.0,0.0020777729190408684,square,1,0.1,0.25,12,24,8.46000075340271,0.0
1779528022.555384,0.0,0.0994837673636768,0.0,0.0,0.0,0.0020777729190408684,-0.0792,0.792,-0.5148,0.0,0.1,0.0,0.0,0.0994837673636768,0.0,0.0,0.0,0.0,square,1,0.1,0.25,12,24,8.47014331817627,0.0
1779528022.5653837,0.0,0.0994837673636768,0.0,0.0,0.0,0.0,0.1188,0.792,-0.7127999999999999,0.0,0.1,0.0,0.0,0.0994837673636768,0.0,0.0,0.0,0.0,square,1,0.1,0.25,12,24,8.480000972747803,0.0
1779528022.5753834,0.0,0.0994837673636768,0.0,0.0,0.0,0.0,0.0,0.7524000000000001,-0.5544000000000001,0.0,0.1,0.0,0.0,0.0994837673636768,0.0,0.0,0.0,0.0,square,1,0.1,0.25,12,24,8.49000072479248,0.0
1779528022.585562,0.0,0.0994837673636768,0.0,0.0,0.0,0.0,0.0,0.9504,-0.5544000000000001,0.0,0.1,0.0,0.0,0.0994837673636768,0.0,0.0,0.0,0.0,square,1,0.1,0.25,12,24,8.500000476837158,0.0
1779528022.5955515,0.0,0.0994837673636768,0.0,0.0,0.0,0.0,0.0,0.9504,-0.5544000000000001,0.0,0.1,0.0,0.0,0.0994837673636768,0.0,-0.004155545838081737,0.0020777729190408684,0.0,square,1,0.1,0.25,12,24,8.510179042816162,0.0
1779528022.6054628,0.0,0.0994837673636768,0.0,-0.004155545838081737,0.0020777729190408684,0.0,0.0396,1.0296,-0.5148,0.0,0.1,0.0,0.0,0.0994837673636768,0.0,0.0,0.0,0.0,square,1,0.1,0.25,12,24,8.520168542861938,0.0
1779528022.6155503,0.0,0.0994837673636768,0.0,0.0,0.0,0.0,0.0,1.0296,0.5940000000000001,0.0,0.1,0.0,0.0,0.0994837673636768,0.0,0.0,0.0,0.0,square,1,0.1,0.25,12,24,8.53007984161377,0.0
1779528022.6254046,0.0,0.0994837673636768,0.0,0.0,0.0,0.0,0.0,1.0296,0.5940000000000001,0.0,0.1,0.0,0.0,0.0994837673636768,0.0,0.0,0.0,0.0,square,1,0.1,0.25,12,24,8.540167331695557,0.0
1779528022.6353834,0.0,0.0994837673636768,0.0,0.0,0.0,0.0,0.1584,0.9504,-0.5148,0.0,0.1,0.0,0.0,0.0994837673636768,0.0,0.0,0.0,0.0,square,1,0.1,0.25,12,24,8.550021648406982,0.0
1779528022.6455657,0.0,0.0994837673636768,0.0,0.0,0.0,0.0,0.198,0.8712,-0.7127999999999999,0.0,0.1,0.0,0.0,0.0994837673636768,0.0,0.0,0.0,0.0,square,1,0.1,0.25,12,24,8.5600004196167,0.0
1779528022.6554632,0.0,0.0994837673636768,0.0,0.0,0.0,0.0,0.198,0.8712,-0.7127999999999999,0.0,0.1,0.0,0.0,0.0994837673636768,0.0,0.0,-0.0020777729190408684,-0.0020777729190408684,square,1,0.1,0.25,12,24,8.570182800292969,0.0
1779528022.6655726,0.0,0.0994837673636768,0.0,0.0,-0.0020777729190408684,-0.0020777729190408684,0.1584,0.8316,-0.7524000000000001,0.0,0.1,0.0,0.0,0.0994837673636768,0.0,0.0,0.0,0.0,square,1,0.1,0.25,12,24,8.580080270767212,0.0
1779528022.6755185,0.0,0.0994837673636768,0.0,0.0,0.0,0.0,-0.0792,1.0692,-0.5544000000000001,0.0,0.1,0.0,0.0,0.0994837673636768,0.0,-0.004155545838081737,0.0,0.0,square,1,0.1,0.25,12,24,8.590189695358276,0.0
1779528022.685536,0.0,0.0994837673636768,0.0,-0.004155545838081737,0.0,0.0,0.0,0.9504,0.5940000000000001,0.0,0.1,0.0,0.0,0.0994837673636768,0.0,-0.0020777729190408684,0.0,0.0,square,1,0.1,0.25,12,24,8.600135564804077,0.0
1779528022.695574,0.0,0.0994837673636768,0.0,-0.0020777729190408684,0.0,0.0,0.0,1.0692,-0.5148,0.0,0.1,0.0,0.0,0.0994837673636768,0.0,-0.0020777729190408684,0.0,0.0,square,1,0.1,0.25,12,24,8.610152959823608,0.0
1779528022.7056062,0.0,0.0994837673636768,0.0,-0.0020777729190408684,0.0,0.0,-0.0396,1.0296,-0.6336,0.0,0.1,0.0,0.0,0.0994837673636768,0.0,0.0,0.0,0.0,square,1,0.1,0.25,12,24,8.620191097259521,0.0
1779528022.7154114,0.0,0.0994837673636768,0.0,0.0,0.0,0.0,0.0,0.99,-0.6732,0.0,0.1,0.0,0.0,0.0994837673636768,0.0,0.0020777729190408684,0.0,0.0,square,1,0.1,0.25,12,24,8.630223274230957,0.0
1779528022.7253838,0.0,0.0994837673636768,0.0,0.0020777729190408684,0.0,0.0,-0.0396,0.9107999999999999,0.6732,0.0,0.1,0.0,0.0,0.0994837673636768,0.0,0.0020777729190408684,0.0,0.0,square,1,0.1,0.25,12,24,8.640028476715088,0.0
1779528022.73553,0.0,0.0994837673636768,0.0,0.0020777729190408684,0.0,0.0,-0.0792,1.1088000000000002,-0.6732,0.0,0.1,0.0,0.0,0.0994837673636768,0.0,0.0020777729190408684,0.0,0.0,square,1,0.1,0.25,12,24,8.650000810623169,0.0
1779528022.745549,0.0,0.0994837673636768,0.0,0.0020777729190408684,0.0,0.0,-0.0792,1.1088000000000002,-0.6732,0.0,0.1,0.0,0.0,0.0994837673636768,0.0,0.0,0.0,0.0,square,1,0.1,0.25,12,24,8.660146951675415,0.0
1779528022.7553837,0.0,0.0994837673636768,0.0,0.0,0.0,0.0,-0.1188,1.0296,-0.7524000000000001,0.0,0.1,0.0,0.0,0.0994837673636768,0.0,0.0020777729190408684,0.0,0.0,square,1,0.1,0.25,12,24,8.670166015625,0.0
1779528022.7655623,0.0,0.0994837673636768,0.0,0.0020777729190408684,0.0,0.0,0.1584,0.9504,0.5544000000000001,0.0,0.1,0.0,0.0,0.0994837673636768,0.0,0.0020777729190408684,0.0,0.0,square,1,0.1,0.25,12,24,8.68000078201294,0.0
1779528022.7753842,0.0,0.0994837673636768,0.0,0.0020777729190408684,0.0,0.0,0.1584,0.9504,0.5544000000000001,0.0,0.1,0.0,0.0,0.0994837673636768,0.0,0.0,0.0,0.0,square,1,0.1,0.25,12,24,8.690179347991943,0.0
1779528022.7853837,0.0,0.0994837673636768,0.0,0.0,0.0,0.0,0.1584,1.1088000000000002,-0.5544000000000001,0.0,0.1,0.0,0.0,0.0994837673636768,0.0,-0.006233318757122605,0.0,-0.0020777729190408684,square,1,0.1,0.25,12,24,8.700001239776611,0.0
1779528022.7956047,0.0,0.0994837673636768,0.0,-0.006233318757122605,0.0,-0.0020777729190408684,-0.0396,1.1088000000000002,-0.5940000000000001,0.0,0.1,0.0,0.0,0.0994837673636768,0.0,-0.006233318757122605,0.0,-0.0020777729190408684,square,1,0.1,0.25,12,24,8.71000075340271,0.0
1779528022.805412,0.0,0.0994837673636768,0.0,-0.006233318757122605,0.0,-0.0020777729190408684,-0.0396,1.1088000000000002,-0.5940000000000001,0.0,0.1,0.0,0.0,0.0994837673636768,0.0,0.0,0.0,0.0,square,1,0.1,0.25,12,24,8.720221757888794,0.0
1779528022.8154135,0.0,0.0994837673636768,0.0,0.0,0.0,0.0,0.0,1.0296,0.5544000000000001,0.0,0.1,0.0,0.0,0.0994837673636768,0.0,0.0,0.0020777729190408684,0.0,square,1,0.1,0.25,12,24,8.730029106140137,0.0
1779528022.825383,0.0,0.0994837673636768,0.0,0.0,0.0020777729190408684,0.0,0.0,0.9504,-0.6732,0.0,0.1,0.0,0.0,0.0994837673636768,0.0,0.0,0.0,0.0,square,1,0.1,0.25,12,24,8.740030527114868,0.0
1779528022.8353944,0.0,0.0994837673636768,0.0,0.0,0.0,0.0,0.0,1.1880000000000002,0.5940000000000001,0.0,0.1,0.0,0.0,0.0994837673636768,0.0,0.0,0.0,0.0,square,1,0.1,0.25,12,24,8.75,0.0
1779528022.8453915,0.0,0.0994837673636768,0.0,0.0,0.0,0.0,-0.0396,1.1088000000000002,-0.5148,0.0,0.1,0.0,0.0,0.0994837673636768,0.0,0.0020777729190408684,-0.0020777729190408684,-0.0020777729190408684,square,1,0.1,0.25,12,24,8.760011434555054,0.0
1779528022.855436,0.0,0.0994837673636768,0.0,0.0020777729190408684,-0.0020777729190408684,-0.0020777729190408684,0.198,1.0692,-0.5940000000000001,0.0,0.1,0.0,0.0,0.0994837673636768,0.0,0.0,0.0,0.0,square,1,0.1,0.25,12,24,8.770008563995361,0.0
1779528022.8653917,0.0,0.0994837673636768,0.0,0.0,0.0,0.0,-0.1188,0.99,0.5940000000000001,0.0,0.1,0.0,0.0,0.0994837673636768,0.0,0.0,0.0,0.0,square,1,0.1,0.25,12,24,8.78005313873291,0.0
1779528022.8754153,0.0,0.0994837673636768,0.0,0.0,0.0,0.0,-0.0792,1.0692,0.6336,0.0,0.1,0.0,0.0,0.0994837673636768,0.0,0.0,0.0,0.0,square,1,0.1,0.25,12,24,8.790008783340454,0.0
1779528022.8853838,0.0,0.0994837673636768,0.0,0.0,0.0,0.0,-0.0396,1.1088000000000002,-0.5940000000000001,0.0,0.1,0.0,0.0,0.0994837673636768,0.0,0.0,0.0,0.0,square,1,0.1,0.25,12,24,8.800032377243042,0.0
1779528022.895559,0.0,0.0994837673636768,0.0,0.0,0.0,0.0,-0.0396,1.2276,-0.5148,0.0,0.1,0.0,0.0,0.0994837673636768,0.0,0.0,0.0,0.0,square,1,0.1,0.25,12,24,8.810000896453857,0.0
1779528022.9055784,0.0,0.0994837673636768,0.0,0.0,0.0,0.0,-0.0396,1.2276,-0.5148,0.0,0.1,0.0,0.0,0.0994837673636768,0.0,0.0,0.0,0.0,square,1,0.1,0.25,12,24,8.820176124572754,0.0
1779528022.9153843,0.0,0.0994837673636768,0.0,0.0,0.0,0.0,-0.0396,1.1483999999999999,-0.5940000000000001,0.0,0.1,0.0,0.0,0.0994837673636768,0.0,0.0,-0.0020777729190408684,0.0,square,1,0.1,0.25,12,24,8.830195426940918,0.0
1779528022.9253833,0.0,0.0994837673636768,0.0,0.0,-0.0020777729190408684,0.0,-0.0792,1.2276,-0.6732,0.0,0.1,0.0,0.0,0.0994837673636768,0.0,0.0,0.0,0.0,square,1,0.1,0.25,12,24,8.840001344680786,0.0
1779528022.935384,0.0,0.0994837673636768,0.0,0.0,0.0,0.0,-0.0396,1.0692,0.7127999999999999,0.0,0.1,0.0,0.0,0.0994837673636768,0.0,0.0020777729190408684,0.0,0.0,square,1,0.1,0.25,12,24,8.850000381469727,0.0
1779528022.9454587,0.0,0.0994837673636768,0.0,0.0020777729190408684,0.0,0.0,0.1188,1.1483999999999999,0.6336,0.0,0.1,0.0,0.0,0.0994837673636768,0.0,0.0,0.0,0.0020777729190408684,square,1,0.1,0.25,12,24,8.86000108718872,0.0
1779528022.9553967,0.0,0.0994837673636768,0.0,0.0,0.0,0.0020777729190408684,0.0,1.0692,0.7524000000000001,0.0,0.1,0.0,0.0,0.0994837673636768,0.0,0.0,0.0020777729190408684,0.0,square,1,0.1,0.25,12,24,8.870075702667236,0.0
1779528022.9653943,0.0,0.0994837673636768,0.0,0.0,0.0020777729190408684,0.0,-0.0792,0.99,-0.6732,0.0,0.1,0.0,0.0,0.0994837673636768,0.0,0.0,0.0,0.0,square,1,0.1,0.25,12,24,8.880013704299927,0.0
1779528022.975383,0.0,0.0994837673636768,0.0,0.0,0.0,0.0,-0.0396,1.1483999999999999,0.6732,0.0,0.1,0.0,0.0,0.0994837673636768,0.0,0.0,0.0,0.0,square,1,0.1,0.25,12,24,8.890011310577393,0.0
1779528022.9853556,0.0,0.0994837673636768,0.0,0.0,0.0,0.0,-0.0396,1.1088000000000002,-0.6732,0.0,0.1,0.0,0.0,0.0994837673636768,0.0,0.0,0.0,-0.004155545838081737,square,1,0.1,0.25,12,24,8.900000095367432,0.0
1779528022.9953833,0.0,0.0994837673636768,0.0,0.0,0.0,-0.004155545838081737,0.0,1.2672,-0.5940000000000001,0.0,0.1,0.0,0.0,0.0994837673636768,0.0,0.0,0.0,0.0,square,1,0.1,0.25,12,24,8.909972667694092,0.0
1779528023.0053544,0.0,0.0994837673636768,0.0,0.0,0.0,0.0,-0.0792,1.2276,0.6336,0.0,0.1,0.0,0.0,0.0994837673636768,0.0,0.0,0.0,0.0,square,1,0.1,0.25,12,24,8.920000314712524,0.0
1779528023.0153832,0.0,0.0994837673636768,0.0,0.0,0.0,0.0,-0.0792,1.2672,-0.6336,0.0,0.1,0.0,0.0,0.0994837673636768,0.0,0.0,0.0,0.0,square,1,0.1,0.25,12,24,8.92997145652771,0.0
1779528023.0253832,0.0,0.0994837673636768,0.0,0.0,0.0,0.0,-0.0792,1.0692,-0.6336,0.0,0.1,0.0,0.0,0.0994837673636768,0.0,0.0,0.0,0.0,square,1,0.1,0.25,12,24,8.940000295639038,0.0
1779528023.0355253,0.0,0.0994837673636768,0.0,0.0,0.0,0.0,0.0396,1.2276,-0.5940000000000001,0.0,0.1,0.0,0.0,0.0994837673636768,0.0,0.0,0.0,0.0,square,1,0.1,0.25,12,24,8.950000286102295,0.0
1779528023.0455208,0.0,0.0994837673636768,0.0,0.0,0.0,0.0,0.0396,1.2276,-0.5940000000000001,0.0,0.1,0.0,0.0,0.0994837673636768,0.0,0.0,0.0,0.0,square,1,0.1,0.25,12,24,8.960142374038696,0.0
1779528023.0555882,0.0,0.0994837673636768,0.0,0.0,0.0,0.0,-0.0396,1.1483999999999999,0.792,0.0,0.1,0.0,0.0,0.0994837673636768,0.0,0.0,0.0,0.0,square,1,0.1,0.25,12,24,8.97013783454895,0.0
1779528023.065576,0.0,0.0994837673636768,0.0,0.0,0.0,0.0,-0.0396,1.1483999999999999,-0.5544000000000001,0.0,0.1,0.0,0.0,0.0994837673636768,0.0,0.0,0.0,0.0,square,1,0.1,0.25,12,24,8.980205297470093,0.0
1779528023.0755117,0.0,0.0994837673636768,0.0,0.0,0.0,0.0,-0.0792,1.2276,-0.6336,0.0,0.1,0.0,0.0,0.0994837673636768,0.0,0.0,0.0,0.0,square,1,0.1,0.25,12,24,8.990193128585815,0.0
1779528023.0853837,0.0,0.0994837673636768,0.0,0.0,0.0,0.0,-0.0396,1.0296,-0.6732,0.0,0.1,0.0,0.0,0.0994837673636768,0.0,-0.0020777729190408684,-0.0020777729190408684,0.0,square,1,0.1,0.25,12,24,9.000128746032715,0.0
1779528023.095562,0.0,0.0994837673636768,0.0,-0.0020777729190408684,-0.0020777729190408684,0.0,0.0,1.0296,-0.6336,0.0,0.1,0.0,0.0,0.0994837673636768,0.0,-0.0020777729190408684,-0.0020777729190408684,0.0,square,1,0.1,0.25,12,24,9.010000705718994,0.0
1779528023.1056302,0.0,0.0994837673636768,0.0,-0.0020777729190408684,-0.0020777729190408684,0.0,0.0,1.0296,-0.6336,0.0,0.1,0.0,0.0,0.0994837673636768,0.0,0.0,0.0,0.0,square,1,0.1,0.25,12,24,9.020179033279419,0.0
1779528023.1155474,0.0,0.0994837673636768,0.0,0.0,0.0,0.0,0.0,1.0692,-0.5544000000000001,0.0,0.1,0.0,0.0,0.0994837673636768,0.0,0.0,0.0,0.0,square,1,0.1,0.25,12,24,9.030247211456299,0.0
1779528023.1254117,0.0,0.0994837673636768,0.0,0.0,0.0,0.0,-0.0396,1.1880000000000002,-0.5544000000000001,0.0,0.1,0.0,0.0,0.0994837673636768,0.0,0.0,0.0,0.0,square,1,0.1,0.25,12,24,9.040164470672607,0.0
1779528023.1353836,0.0,0.0994837673636768,0.0,0.0,0.0,0.0,-0.0792,1.2672,-0.7127999999999999,0.0,0.1,0.0,0.0,0.0994837673636768,0.0,0.0,0.0,0.0,square,1,0.1,0.25,12,24,9.050028800964355,0.0
1779528023.145582,0.0,0.0994837673636768,0.0,0.0,0.0,0.0,-0.0396,1.3068,-0.5940000000000001,0.0,0.1,0.0,0.0,0.0994837673636768,0.0,0.0,0.0,0.0,square,1,0.1,0.25,12,24,9.060000658035278,0.0
1779528023.1555734,0.0,0.0994837673636768,0.0,0.0,0.0,0.0,-0.0396,1.3068,-0.5940000000000001,0.0,0.1,0.0,0.0,0.0994837673636768,0.0,0.0,0.0,-0.0020777729190408684,square,1,0.1,0.25,12,24,9.070199012756348,0.0
1779528023.1654124,0.0,0.0994837673636768,0.0,0.0,0.0,-0.0020777729190408684,-0.0396,1.1088000000000002,-0.5544000000000001,0.0,0.1,0.0,0.0,0.0994837673636768,0.0,0.0,0.0,0.0,square,1,0.1,0.25,12,24,9.080190420150757,0.0
1779528023.1755562,0.0,0.0994837673636768,0.0,0.0,0.0,0.0,-0.0792,1.2276,-0.7127999999999999,0.0,0.1,0.0,0.0,0.0994837673636768,0.0,0.0,0.0,0.0,square,1,0.1,0.25,12,24,9.09002947807312,0.0
1779528023.1853836,0.0,0.0994837673636768,0.0,0.0,0.0,0.0,-0.0792,1.2276,-0.7127999999999999,0.0,0.1,0.0,0.0,0.0994837673636768,0.0,0.0,0.0,0.0,square,1,0.1,0.25,12,24,9.100173234939575,0.0
1779528023.1955938,0.0,0.0994837673636768,0.0,0.0,0.0,0.0,0.0,1.2276,-0.4752,0.0,0.1,0.0,0.0,0.0994837673636768,0.0,0.0,0.0,0.0,square,1,0.1,0.25,12,24,9.110000610351562,0.0
1779528023.2055743,0.0,0.0994837673636768,0.0,0.0,0.0,0.0,0.0,1.2276,-0.4752,0.0,0.1,0.0,0.0,0.0994837673636768,0.0,0.0,0.0,0.0,square,1,0.1,0.25,12,24,9.120210886001587,0.0
1779528023.2154102,0.0,0.0994837673636768,0.0,0.0,0.0,0.0,0.0,1.2276,-0.5148,0.0,0.1,0.0,0.0,0.0994837673636768,0.0,-0.0020777729190408684,-0.0020777729190408684,0.0,square,1,0.1,0.25,12,24,9.130191326141357,0.0
1779528023.2254112,0.0,0.0994837673636768,0.0,-0.0020777729190408684,-0.0020777729190408684,0.0,0.0,1.1880000000000002,-0.4356,0.0,0.1,0.0,0.0,0.0994837673636768,0.0,0.0,0.0,0.0,square,1,0.1,0.25,12,24,9.140027284622192,0.0
1779528023.235453,0.0,0.0994837673636768,0.0,0.0,0.0,0.0,-0.0396,1.1088000000000002,-0.6336,0.0,0.1,0.0,0.0,0.0994837673636768,0.0,0.0,0.0,0.0,square,1,0.1,0.25,12,24,9.150028228759766,0.0
1779528023.2453828,0.0,0.0994837673636768,0.0,0.0,0.0,0.0,-0.1188,1.1483999999999999,-0.5544000000000001,0.0,0.1,0.0,0.0,0.0994837673636768,0.0,0.0,0.0,0.0,square,1,0.1,0.25,12,24,9.160069942474365,0.0
1779528023.2555397,0.0,0.0994837673636768,0.0,0.0,0.0,0.0,-0.0792,1.1483999999999999,-0.5940000000000001,0.0,0.1,0.0,0.0,0.0994837673636768,0.0,0.0,0.0,0.0,square,1,0.1,0.25,12,24,9.169999837875366,0.0
1779528023.2654011,0.0,0.0994837673636768,0.0,0.0,0.0,0.0,-0.0792,1.1483999999999999,-0.5940000000000001,0.0,0.1,0.0,0.0,0.0994837673636768,0.0,0.0,0.0,0.0,square,1,0.1,0.25,12,24,9.180156707763672,0.0
1779528023.2753842,0.0,0.0994837673636768,0.0,0.0,0.0,0.0,-0.0792,1.1483999999999999,-0.5940000000000001,0.0,0.1,0.0,0.0,0.0994837673636768,0.0,0.0,0.0,0.0,square,1,0.1,0.25,12,24,9.19001817703247,0.0
1779528023.2855685,0.0,0.0994837673636768,0.0,0.0,0.0,0.0,0.0792,1.2276,0.792,0.0,0.1,0.0,0.0,0.0994837673636768,0.0,0.0,0.0,0.0,square,1,0.1,0.25,12,24,9.200001239776611,0.0
1779528023.2955275,0.0,0.0994837673636768,0.0,0.0,0.0,0.0,0.0792,1.2276,0.792,0.0,0.1,0.0,0.0,0.0994837673636768,0.0,0.0,0.0,0.0,square,1,0.1,0.25,12,24,9.210185527801514,0.0
1779528023.3055525,0.0,0.0994837673636768,0.0,0.0,0.0,0.0,-0.0396,1.2672,-0.6732,0.0,0.1,0.0,0.0,0.0994837673636768,0.0,0.0,0.0,0.0,square,1,0.1,0.25,12,24,9.220144510269165,0.0
1779528023.3155134,0.0,0.0994837673636768,0.0,0.0,0.0,0.0,0.0,1.2672,-0.6336,0.0,0.1,0.0,0.0,0.0994837673636768,0.0,0.0,0.0,0.0,square,1,0.1,0.25,12,24,9.230169534683228,0.0
1779528023.3253756,0.0,0.0994837673636768,0.0,0.0,0.0,0.0,-0.0396,1.1088000000000002,-0.6336,0.0,0.1,0.0,0.0,0.0994837673636768,0.0,0.0,0.0,0.0,square,1,0.1,0.25,12,24,9.240130424499512,0.0
1779528023.3353834,0.0,0.0994837673636768,0.0,0.0,0.0,0.0,-0.0396,1.1088000000000002,0.6732,0.0,0.1,0.0,0.0,0.0994837673636768,0.0,0.0,0.0,0.0,square,1,0.1,0.25,12,24,9.249992609024048,0.0
1779528023.3455691,0.0,0.0994837673636768,0.0,0.0,0.0,0.0,-0.1188,1.1880000000000002,0.7524000000000001,0.0,0.1,0.0,0.0,0.0994837673636768,0.0,0.0,0.0,0.0,square,1,0.1,0.25,12,24,9.260000467300415,0.0
1779528023.3556063,0.0,0.0994837673636768,0.0,0.0,0.0,0.0,-0.1188,1.1880000000000002,0.7524000000000001,0.0,0.1,0.0,0.0,0.0994837673636768,0.0,0.0,-0.0020777729190408684,0.0,square,1,0.1,0.25,12,24,9.270186185836792,0.0
1779528023.3653626,0.0,0.0994837673636768,0.0,0.0,-0.0020777729190408684,0.0,-0.0792,1.3464,-0.7127999999999999,0.0,0.1,0.0,0.0,0.0994837673636768,0.0,0.0,0.0,0.0,square,1,0.1,0.25,12,24,9.280223369598389,0.0
1779528023.3754137,0.0,0.0994837673636768,0.0,0.0,0.0,0.0,-0.0396,1.3464,-0.6732,0.0,0.1,0.0,0.0,0.0994837673636768,0.0,0.0,0.0,0.0,square,1,0.1,0.25,12,24,9.289979696273804,0.0
1779528023.3853831,0.0,0.0994837673636768,0.0,0.0,0.0,0.0,-0.0396,1.3464,-0.6732,0.0,0.1,0.0,0.0,0.0994837673636768,0.0,0.0,0.0,-0.0020777729190408684,square,1,0.1,0.25,12,24,9.300030708312988,0.0
1779528023.3954358,0.0,0.0994837673636768,0.0,0.0,0.0,-0.0020777729190408684,-0.0792,1.3464,-0.5148,0.0,0.1,0.0,0.0,0.0994837673636768,0.0,0.0020777729190408684,0.0,0.0,square,1,0.1,0.25,12,24,9.31000018119812,0.0
1779528023.4053912,0.0,0.0994837673636768,0.0,0.0020777729190408684,0.0,0.0,-0.0396,1.3068,-0.5544000000000001,0.0,0.1,0.0,0.0,0.0994837673636768,0.0,0.0,0.0,0.0,square,1,0.1,0.25,12,24,9.320052862167358,0.0
1779528023.4154658,0.0,0.0994837673636768,0.0,0.0,0.0,0.0,-0.0396,1.1088000000000002,-0.5940000000000001,0.0,0.1,0.0,0.0,0.0994837673636768,0.0,0.0,0.0,0.0,square,1,0.1,0.25,12,24,9.330008268356323,0.0
1779528023.4255557,0.0,0.0994837673636768,0.0,0.0,0.0,0.0,-0.0396,1.1088000000000002,-0.5940000000000001,0.0,0.1,0.0,0.0,0.0994837673636768,0.0,0.0,0.0,0.0,square,1,0.1,0.25,12,24,9.340082883834839,0.0
1779528023.4354115,0.0,0.0994837673636768,0.0,0.0,0.0,0.0,-0.0792,1.1880000000000002,-0.6336,0.0,0.1,0.0,0.0,0.0994837673636768,0.0,0.0,0.0020777729190408684,-0.0020777729190408684,square,1,0.1,0.25,12,24,9.350172758102417,0.0
1779528023.445383,0.0,0.0994837673636768,0.0,0.0,0.0020777729190408684,-0.0020777729190408684,-0.1188,1.1880000000000002,-0.5940000000000001,0.0,0.1,0.0,0.0,0.0994837673636768,0.0,0.0,0.0,0.0,square,1,0.1,0.25,12,24,9.360028505325317,0.0
1779528023.455554,0.0,0.0994837673636768,0.0,0.0,0.0,0.0,-0.0396,1.3860000000000001,-0.5148,0.0,0.1,0.0,0.0,0.0994837673636768,0.0,0.0,0.0,0.0,square,1,0.1,0.25,12,24,9.370000123977661,0.0
1779528023.4653835,0.0,0.0994837673636768,0.0,0.0,0.0,0.0,-0.0396,1.3860000000000001,-0.5148,0.0,0.1,0.0,0.0,0.0994837673636768,0.0,0.0,0.0,0.0,square,1,0.1,0.25,12,24,9.380171060562134,0.0
1779528023.4753828,0.0,0.0994837673636768,0.0,0.0,0.0,0.0,-0.0792,1.1483999999999999,-0.6336,0.0,0.1,0.0,0.0,0.0994837673636768,0.0,0.0,0.0,0.0,square,1,0.1,0.25,12,24,9.390000581741333,0.0
1779528023.485499,0.0,0.0994837673636768,0.0,0.0,0.0,0.0,-0.0792,1.2672,-0.4752,0.0,0.1,0.0,0.0,0.0994837673636768,0.0,0.0,0.0,0.0,square,1,0.1,0.25,12,24,9.399999856948853,0.0
1779528023.4953837,0.0,0.0994837673636768,0.0,0.0,0.0,0.0,-0.0792,1.2672,-0.4752,0.0,0.1,0.0,0.0,0.0994837673636768,0.0,0.0,0.0,0.0,square,1,0.1,0.25,12,24,9.410115957260132,0.0
1779528023.5053833,0.0,0.0994837673636768,0.0,0.0,0.0,0.0,0.0,1.2672,-0.6336,0.0,0.1,0.0,0.0,0.0994837673636768,0.0,0.0,-0.0020777729190408684,0.0,square,1,0.1,0.25,12,24,9.420000791549683,0.0
1779528023.5153909,0.0,0.0994837673636768,0.0,0.0,-0.0020777729190408684,0.0,-0.0396,1.3464,0.5940000000000001,0.0,0.1,0.0,0.0,0.0994837673636768,0.0,0.0,0.0,0.0,square,1,0.1,0.25,12,24,9.430000305175781,0.0
1779528023.5254142,0.0,0.0994837673636768,0.0,0.0,0.0,0.0,-0.0792,1.3464,-0.5148,0.0,0.1,0.0,0.0,0.0994837673636768,0.0,0.0,0.0,0.0,square,1,0.1,0.25,12,24,9.44000792503357,0.0
1779528023.5354233,0.0,0.0994837673636768,0.0,0.0,0.0,0.0,-0.1188,1.3464,-0.5148,0.0,0.1,0.0,0.0,0.0994837673636768,0.0,0.0,0.0,0.0,square,1,0.1,0.25,12,24,9.450031280517578,0.0
1779528023.5453835,0.0,0.0994837673636768,0.0,0.0,0.0,0.0,-0.1188,1.3464,-0.5148,0.0,0.1,0.0,0.0,0.0994837673636768,0.0,0.0020777729190408684,0.0,0.0,square,1,0.1,0.25,12,24,9.46004033088684,0.0
1779528023.555384,0.0,0.0994837673636768,0.0,0.0020777729190408684,0.0,0.0,0.0792,1.2276,0.5148,0.0,0.1,0.0,0.0,0.0994837673636768,0.0,0.0,0.0,0.0,square,1,0.1,0.25,12,24,9.470000505447388,0.0
1779528023.5655587,0.0,0.0994837673636768,0.0,0.0,0.0,0.0,-0.0792,1.3068,-0.5940000000000001,0.0,0.1,0.0,0.0,0.0994837673636768,0.0,0.0,0.0,0.0,square,1,0.1,0.25,12,24,9.480000972747803,0.0
1779528023.575413,0.0,0.0994837673636768,0.0,0.0,0.0,0.0,-0.0792,1.3068,-0.5940000000000001,0.0,0.1,0.0,0.0,0.0994837673636768,0.0,0.0,0.0020777729190408684,0.0,square,1,0.1,0.25,12,24,9.490175724029541,0.0
1779528023.5853837,0.0,0.0994837673636768,0.0,0.0,0.0020777729190408684,0.0,-0.0792,1.3068,-0.5148,0.0,0.1,0.0,0.0,0.0994837673636768,0.0,0.0020777729190408684,0.0,0.0,square,1,0.1,0.25,12,24,9.500030040740967,0.0
1779528023.595423,0.0,0.0994837673636768,0.0,0.0020777729190408684,0.0,0.0,-0.0396,1.3464,-0.6336,0.0,0.1,0.0,0.0,0.0994837673636768,0.0,0.0020777729190408684,0.0,0.0,square,1,0.1,0.25,12,24,9.510000705718994,0.0
1779528023.6053836,0.0,0.0994837673636768,0.0,0.0020777729190408684,0.0,0.0,-0.0396,1.3464,-0.6336,0.0,0.1,0.0,0.0,0.0994837673636768,0.0,0.0020777729190408684,0.0,0.0020777729190408684,square,1,0.1,0.25,12,24,9.520040035247803,0.0
1779528023.6154115,0.0,0.0994837673636768,0.0,0.0020777729190408684,0.0,0.0020777729190408684,-0.0396,1.2672,-0.5940000000000001,0.0,0.1,0.0,0.0,0.0994837673636768,0.0,0.0020777729190408684,0.0,0.0020777729190408684,square,1,0.1,0.25,12,24,9.530000686645508,0.0
1779528023.625366,0.0,0.0994837673636768,0.0,0.0020777729190408684,0.0,0.0020777729190408684,-0.0396,1.2672,-0.5940000000000001,0.0,0.1,0.0,0.0,0.0994837673636768,0.0,0.0,0.0,0.0,square,1,0.1,0.25,12,24,9.54002857208252,0.0
1779528023.6354394,0.0,0.0994837673636768,0.0,0.0,0.0,0.0,-0.1188,1.3068,-0.6732,0.0,0.1,0.0,0.0,0.0994837673636768,0.0,0.0,0.0,0.0,square,1,0.1,0.25,12,24,9.549983024597168,0.0
1779528023.6453638,0.0,0.0994837673636768,0.0,0.0,0.0,0.0,0.0,1.1880000000000002,-0.5940000000000001,0.0,0.1,0.0,0.0,0.0994837673636768,0.0,0.0,0.0,0.0,square,1,0.1,0.25,12,24,9.560056447982788,0.0
1779528023.655416,0.0,0.0994837673636768,0.0,0.0,0.0,0.0,-0.0792,1.3860000000000001,-0.6336,0.0,0.1,0.0,0.0,0.0994837673636768,0.0,0.0,0.0,0.0,square,1,0.1,0.25,12,24,9.56998085975647,0.0
1779528023.665398,0.0,0.0994837673636768,0.0,0.0,0.0,0.0,-0.0792,1.3860000000000001,-0.6336,0.0,0.1,0.0,0.0,0.0994837673636768,0.0,0.0,0.0,0.0,square,1,0.1,0.25,12,24,9.58003306388855,0.0
1779528023.675416,0.0,0.0994837673636768,0.0,0.0,0.0,0.0,-0.0792,1.1088000000000002,-0.5940000000000001,0.0,0.1,0.0,0.0,0.0994837673636768,0.0,0.0,0.0,0.0,square,1,0.1,0.25,12,24,9.590014934539795,0.0
1779528023.685426,0.0,0.0994837673636768,0.0,0.0,0.0,0.0,-0.0792,1.1088000000000002,-0.5940000000000001,0.0,0.1,0.0,0.0,0.0994837673636768,0.0,0.0,0.0,0.0,square,1,0.1,0.25,12,24,9.600033044815063,0.0
1779528023.6954107,0.0,0.0994837673636768,0.0,0.0,0.0,0.0,0.0,1.1483999999999999,-0.5940000000000001,0.0,0.1,0.0,0.0,0.0994837673636768,0.0,0.0,0.0,0.0,square,1,0.1,0.25,12,24,9.610043048858643,0.0
1779528023.705411,0.0,0.0994837673636768,0.0,0.0,0.0,0.0,0.0,1.1483999999999999,-0.5940000000000001,0.0,0.1,0.0,0.0,0.0994837673636768,0.0,0.0,0.0,0.0,square,1,0.1,0.25,12,24,9.620027780532837,0.0
1779528023.7154171,0.0,0.0994837673636768,0.0,0.0,0.0,0.0,-0.0792,1.3068,-0.5940000000000001,0.0,0.1,0.0,0.0,0.0994837673636768,0.0,0.0,0.0,0.0,square,1,0.1,0.25,12,24,9.630028009414673,0.0
1779528023.725413,0.0,0.0994837673636768,0.0,0.0,0.0,0.0,-0.0792,1.3068,-0.5940000000000001,0.0,0.1,0.0,0.0,0.0994837673636768,0.0,0.0,0.0,0.0,square,1,0.1,0.25,12,24,9.640034198760986,0.0
1779528023.735488,0.0,0.0994837673636768,0.0,0.0,0.0,0.0,-0.0792,1.3068,-0.5940000000000001,0.0,0.1,0.0,0.0,0.0994837673636768,0.0,0.0,0.0,-0.0020777729190408684,square,1,0.1,0.25,12,24,9.650030136108398,0.0
1779528023.7454123,0.0,0.0994837673636768,0.0,0.0,0.0,-0.0020777729190408684,-0.0792,1.2672,-0.5940000000000001,0.0,0.1,0.0,0.0,0.0994837673636768,0.0,0.0,0.0,0.0,square,1,0.1,0.25,12,24,9.660104990005493,0.0
1779528023.7554133,0.0,0.0994837673636768,0.0,0.0,0.0,0.0,-0.0396,1.1880000000000002,-0.5940000000000001,0.0,0.1,0.0,0.0,0.0994837673636768,0.0,0.0,-0.0020777729190408684,0.0,square,1,0.1,0.25,12,24,9.670029401779175,0.0
1779528023.7654066,0.0,0.0994837673636768,0.0,0.0,-0.0020777729190408684,0.0,0.0,1.3464,-0.6336,0.0,0.1,0.0,0.0,0.0994837673636768,0.0,0.0,0.0,0.0,square,1,0.1,0.25,12,24,9.680030345916748,0.0
1779528023.7753835,0.0,0.0994837673636768,0.0,0.0,0.0,0.0,-0.0396,1.1880000000000002,-0.6336,0.0,0.1,0.0,0.0,0.0994837673636768,0.0,0.0,0.0,0.0,square,1,0.1,0.25,12,24,9.69002366065979,0.0
1779528023.7853835,0.0,0.0994837673636768,0.0,0.0,0.0,0.0,-0.0396,1.2276,0.5544000000000001,0.0,0.1,0.0,0.0,0.0994837673636768,0.0,0.0,0.0,0.0,square,1,0.1,0.25,12,24,9.700000524520874,0.0
1779528023.795383,0.0,0.0994837673636768,0.0,0.0,0.0,0.0,-0.0396,1.3464,-0.6732,0.0,0.1,0.0,0.0,0.0994837673636768,0.0,0.0,0.0,0.0,square,1,0.1,0.25,12,24,9.71000051498413,0.0
1779528023.805383,0.0,0.0994837673636768,0.0,0.0,0.0,0.0,-0.0792,1.3860000000000001,-0.5544000000000001,0.0,0.1,0.0,0.0,0.0994837673636768,0.0,0.0,0.0,0.0,square,1,0.1,0.25,12,24,9.72000002861023,0.0
1779528023.8153841,0.0,0.0994837673636768,0.0,0.0,0.0,0.0,-0.0792,1.1880000000000002,-0.4752,0.0,0.1,0.0,0.0,0.0994837673636768,0.0,0.0020777729190408684,0.0,0.0,square,1,0.1,0.25,12,24,9.730000019073486,0.0
1779528023.8254142,0.0,0.0994837673636768,0.0,0.0020777729190408684,0.0,0.0,-0.0396,1.3068,0.5544000000000001,0.0,0.1,0.0,0.0,0.0994837673636768,0.0,0.0,0.0,0.0020777729190408684,square,1,0.1,0.25,12,24,9.740001201629639,0.0
1779528023.8354137,0.0,0.0994837673636768,0.0,0.0,0.0,0.0020777729190408684,-0.0396,1.2672,-0.6336,0.0,0.1,0.0,0.0,0.0994837673636768,0.0,0.0,0.0,0.0,square,1,0.1,0.25,12,24,9.750031232833862,0.0
1779528023.8454132,0.0,0.0994837673636768,0.0,0.0,0.0,0.0,-0.0396,1.3068,0.6336,0.0,0.1,0.0,0.0,0.0994837673636768,0.0,0.0,0.0,0.0020777729190408684,square,1,0.1,0.25,12,24,9.760030746459961,0.0
1779528023.8553832,0.0,0.0994837673636768,0.0,0.0,0.0,0.0020777729190408684,-0.0792,1.2276,-0.4752,0.0,0.1,0.0,0.0,0.0994837673636768,0.0,0.0,0.0,0.0,square,1,0.1,0.25,12,24,9.77003026008606,0.0
1779528023.8654106,0.0,0.0994837673636768,0.0,0.0,0.0,0.0,-0.0396,1.2672,-0.4752,0.0,0.1,0.0,0.0,0.0994837673636768,0.0,0.0,0.0,0.0,square,1,0.1,0.25,12,24,9.78000020980835,0.0
1779528023.8754132,0.0,0.0994837673636768,0.0,0.0,0.0,0.0,-0.0396,1.2672,-0.4752,0.0,0.1,0.0,0.0,0.0994837673636768,0.0,-0.0020777729190408684,0.0,0.0,square,1,0.1,0.25,12,24,9.790027618408203,0.0
1779528023.8854134,0.0,0.0994837673636768,0.0,-0.0020777729190408684,0.0,0.0,-0.0792,1.2672,-0.5148,0.0,0.1,0.0,0.0,0.0994837673636768,0.0,0.0,0.0,-0.004155545838081737,square,1,0.1,0.25,12,24,9.80003023147583,0.0
1779528023.895383,0.0,0.0994837673636768,0.0,0.0,0.0,-0.004155545838081737,0.0,1.3860000000000001,-0.4752,0.0,0.1,0.0,0.0,0.0994837673636768,0.0,0.0,0.0,0.0,square,1,0.1,0.25,12,24,9.810030460357666,0.0
1779528023.905383,0.0,0.0994837673636768,0.0,0.0,0.0,0.0,-0.0396,1.3068,-0.6336,0.0,0.1,0.0,0.0,0.0994837673636768,0.0,0.0,0.0,0.0,square,1,0.1,0.25,12,24,9.819999933242798,0.0
1779528023.915411,0.0,0.0994837673636768,0.0,0.0,0.0,0.0,-0.0792,1.1880000000000002,-0.5148,0.0,0.1,0.0,0.0,0.0994837673636768,0.0,0.0,-0.004155545838081737,0.0,square,1,0.1,0.25,12,24,9.830000162124634,0.0
1779528023.9254143,0.0,0.0994837673636768,0.0,0.0,-0.004155545838081737,0.0,-0.1188,1.3068,-0.5544000000000001,0.0,0.1,0.0,0.0,0.0994837673636768,0.0,0.0,0.0,0.0,square,1,0.1,0.25,12,24,9.840028047561646,0.0
1779528023.9353826,0.0,0.0994837673636768,0.0,0.0,0.0,0.0,0.0792,1.3068,-0.5544000000000001,0.0,0.1,0.0,0.0,0.0994837673636768,0.0,0.0,0.0,0.0,square,1,0.1,0.25,12,24,9.85003137588501,0.0
1779528023.9454086,0.0,0.0994837673636768,0.0,0.0,0.0,0.0,-0.0792,1.1880000000000002,-0.4752,0.0,0.1,0.0,0.0,0.0994837673636768,0.0,0.0,0.0,0.0,square,1,0.1,0.25,12,24,9.859999656677246,0.0
1779528023.9553828,0.0,0.0994837673636768,0.0,0.0,0.0,0.0,-0.0792,1.1880000000000002,-0.4752,0.0,0.1,0.0,0.0,0.0994837673636768,0.0,-0.0020777729190408684,0.0,0.0020777729190408684,square,1,0.1,0.25,12,24,9.870025634765625,0.0
1779528023.9653828,0.0,0.0994837673636768,0.0,-0.0020777729190408684,0.0,0.0020777729190408684,-0.0396,1.2672,-0.5544000000000001,0.0,0.1,0.0,0.0,0.0994837673636768,0.0,0.0,0.0,0.0,square,1,0.1,0.25,12,24,9.879999876022339,0.0
1779528023.975414,0.0,0.0994837673636768,0.0,0.0,0.0,0.0,-0.0396,1.3464,-0.4752,0.0,0.1,0.0,0.0,0.0994837673636768,0.0,0.0,0.0,0.0,square,1,0.1,0.25,12,24,9.889999866485596,0.0
1779528023.9854136,0.0,0.0994837673636768,0.0,0.0,0.0,0.0,-0.0396,1.3464,-0.4752,0.0,0.1,0.0,0.0,0.0994837673636768,0.0,0.0,0.0,0.0,square,1,0.1,0.25,12,24,9.900031089782715,0.0
1779528023.9954963,0.0,0.0994837673636768,0.0,0.0,0.0,0.0,0.0,1.3068,-0.5148,0.0,0.1,0.0,0.0,0.0994837673636768,0.0,0.0,0.0,0.0,square,1,0.1,0.25,12,24,9.910030603408813,0.0
1779528024.00554,0.0,0.0994837673636768,0.0,0.0,0.0,0.0,0.0,1.3068,-0.5148,0.0,0.1,0.0,0.0,0.0994837673636768,0.0,0.0,0.0,0.0,square,1,0.1,0.25,12,24,9.920113325119019,0.0
1779528024.0153837,0.0,0.0994837673636768,0.0,0.0,0.0,0.0,-0.0792,1.0692,-0.4356,0.0,0.1,0.0,0.0,0.0994837673636768,0.0,0.0,0.0,0.0,square,1,0.1,0.25,12,24,9.930156946182251,0.0
1779528024.0253832,0.0,0.0994837673636768,0.0,0.0,0.0,0.0,-0.0792,1.3464,0.5544000000000001,0.0,0.1,0.0,0.0,0.0994837673636768,0.0,-0.0020777729190408684,0.0,-0.0020777729190408684,square,1,0.1,0.25,12,24,9.940000772476196,0.0
1779528024.0353835,0.0,0.0994837673636768,0.0,-0.0020777729190408684,0.0,-0.0020777729190408684,-0.0792,1.2672,-0.4752,0.0,0.1,0.0,0.0,0.0994837673636768,0.0,0.0,0.0,0.0,square,1,0.1,0.25,12,24,9.950000286102295,0.0
1779528024.0453832,0.0,0.0994837673636768,0.0,0.0,0.0,0.0,0.0,1.1088000000000002,-0.5940000000000001,0.0,0.1,0.0,0.0,0.0994837673636768,0.0,0.0020777729190408684,0.0,0.0,square,1,0.1,0.25,12,24,9.96000051498413,0.0
1779528024.0553825,0.0,0.0994837673636768,0.0,0.0020777729190408684,0.0,0.0,-0.0396,1.3860000000000001,-0.5940000000000001,0.0,0.1,0.0,0.0,0.0994837673636768,0.0,-0.0020777729190408684,0.0,0.0,square,1,0.1,0.25,12,24,9.970000267028809,0.0
1779528024.0653832,0.0,0.0994837673636768,0.0,-0.0020777729190408684,0.0,0.0,-0.0792,1.3068,-0.4752,0.0,0.1,0.0,0.0,0.0994837673636768,0.0,0.0,0.0,0.0,square,1,0.1,0.25,12,24,9.979999542236328,0.0
1779528024.0754094,0.0,0.0994837673636768,0.0,0.0,0.0,0.0,0.0,1.2276,-0.5940000000000001,0.0,0.1,0.0,0.0,0.0994837673636768,0.0,0.0,0.0,0.0,square,1,0.1,0.25,12,24,9.990000247955322,0.0
1779528024.085414,0.0,0.0994837673636768,0.0,0.0,0.0,0.0,0.0,1.2276,-0.5940000000000001,0.0,-0.1,0.0,0.0,0.0994837673636768,0.0,-0.0020777729190408684,0.0,0.0,square,1,0.1,0.25,12,24,10.00002646446228,0.0
1779528024.0954578,0.0,0.0994837673636768,0.0,-0.0020777729190408684,0.0,0.0,-0.0792,1.2276,0.4752,0.0,-0.1,0.0,0.0,0.0994837673636768,0.0,0.0020777729190408684,0.0020777729190408684,-0.0020777729190408684,square,1,0.1,0.25,12,24,10.01003098487854,0.0
1779528024.1053836,0.0,0.0994837673636768,0.0,0.0020777729190408684,0.0020777729190408684,-0.0020777729190408684,0.1188,1.3068,-4.5144,0.0,-0.1,0.0,0.0,0.08901179185171082,0.0,0.0,-0.9703199531920855,-0.008311091676163474,square,1,0.1,0.25,12,24,10.020074844360352,0.0
1779528024.115394,0.0,0.08901179185171082,0.0,0.0,-0.9703199531920855,-0.008311091676163474,-0.198,4.2768,-1.2672,0.0,-0.1,0.0,0.0,0.06283185307179587,0.0,-0.004155545838081737,-2.2793168921878326,0.004155545838081737,square,1,0.1,0.25,12,24,10.030000686645508,0.0
1779528024.1254148,0.0,0.06283185307179587,0.0,-0.004155545838081737,-2.2793168921878326,0.004155545838081737,-0.1584,0.5940000000000001,-2.1384,0.0,-0.1,0.0,0.0,0.06283185307179587,0.0,-0.004155545838081737,-2.2793168921878326,0.004155545838081737,square,1,0.1,0.25,12,24,10.040011167526245,0.0
1779528024.1354127,0.0,0.06283185307179587,0.0,-0.004155545838081737,-2.2793168921878326,0.004155545838081737,-0.1584,0.5940000000000001,-2.1384,0.0,-0.1,0.0,0.0,0.04014257279586959,0.0,-0.0020777729190408684,-2.271005800511669,0.0020777729190408684,square,1,0.1,0.25,12,24,10.050031900405884,0.0
1779528024.145442,0.0,0.04014257279586959,0.0,-0.0020777729190408684,-2.271005800511669,0.0020777729190408684,-0.27720000000000006,3.564,-1.3860000000000001,0.0,-0.1,0.0,0.0,0.0,0.0,0.01246663751424521,-2.021673050226765,0.0020777729190408684,square,1,0.1,0.25,12,24,10.060029745101929,0.0
1779528024.1553833,0.0,0.0,0.0,0.01246663751424521,-2.021673050226765,0.0020777729190408684,0.396,0.4752,-0.2376,0.0,-0.1,0.0,0.0,-0.017453292519943295,0.0,0.014544410433286078,-1.7577958895085746,0.0020777729190408684,square,1,0.1,0.25,12,24,10.070059061050415,0.0
1779528024.1653836,0.0,-0.017453292519943295,0.0,0.014544410433286078,-1.7577958895085746,0.0020777729190408684,0.6336,0.27720000000000006,-0.396,0.0,-0.1,0.0,0.0,-0.031415926535897934,0.0,0.004155545838081737,-1.5126186850617522,0.0020777729190408684,square,1,0.1,0.25,12,24,10.080000400543213,0.0
1779528024.175366,0.0,-0.031415926535897934,0.0,0.004155545838081737,-1.5126186850617522,0.0020777729190408684,0.5544000000000001,-0.7127999999999999,-0.35639999999999994,0.0,-0.1,0.0,0.0,-0.04363323129985824,0.0,-0.004155545838081737,-1.2757525722910932,0.0020777729190408684,square,1,0.1,0.25,12,24,10.090000629425049,0.0
1779528024.1853836,0.0,-0.04363323129985824,0.0,-0.004155545838081737,-1.2757525722910932,0.0020777729190408684,0.2376,-0.5940000000000001,-0.5940000000000001,0.0,-0.1,0.0,0.0,-0.054105206811824215,0.0,-0.008311091676163474,-1.059664188710843,0.0,square,1,0.1,0.25,12,24,10.099982976913452,0.0
1779528024.1953852,0.0,-0.054105206811824215,0.0,-0.008311091676163474,-1.059664188710843,0.0,0.1188,0.9504,-0.5544000000000001,0.0,-0.1,0.0,0.0,-0.06283185307179587,0.0,-0.020777729190408684,-0.8892868093494917,0.0,square,1,0.1,0.25,12,24,10.110000610351562,0.0
1779528024.2054439,0.0,-0.06283185307179587,0.0,-0.020777729190408684,-0.8892868093494917,0.0,0.4752,0.792,-0.396,0.0,-0.1,0.0,0.0,-0.06981317007977318,0.0,-0.022855502109449553,-0.7334538404214266,0.0,square,1,0.1,0.25,12,24,10.120002269744873,0.0
1779528024.2154357,0.0,-0.06981317007977318,0.0,-0.022855502109449553,-0.7334538404214266,0.0,0.7127999999999999,-0.198,-0.35639999999999994,0.0,-0.1,0.0,0.0,-0.07504915783575616,0.0,-0.006233318757122605,-0.6129430111170562,0.0,square,1,0.1,0.25,12,24,10.130060911178589,0.0
1779528024.2253835,0.0,-0.07504915783575616,0.0,-0.006233318757122605,-0.6129430111170562,0.0,0.5544000000000001,1.2672,-0.5940000000000001,0.0,-0.1,0.0,0.0,-0.08028514559173917,0.0,0.0,-0.5007432734888493,0.0,square,1,0.1,0.25,12,24,10.140052795410156,0.0
1779528024.23541,0.0,-0.08028514559173917,0.0,0.0,-0.5007432734888493,0.0,0.4356,0.7127999999999999,0.6336,0.0,-0.1,0.0,0.0,-0.08028514559173917,0.0,0.0,-0.5007432734888493,0.0,square,1,0.1,0.25,12,24,10.15000057220459,0.0
1779528024.2454112,0.0,-0.08028514559173917,0.0,0.0,-0.5007432734888493,0.0,0.4356,0.7127999999999999,0.6336,0.0,-0.1,0.0,0.0,-0.08377580409572782,0.0,0.0020777729190408684,-0.3989324004558467,0.0,square,1,0.1,0.25,12,24,10.160027027130127,0.0
1779528024.2553837,0.0,-0.08377580409572782,0.0,0.0020777729190408684,-0.3989324004558467,0.0,0.27720000000000006,0.5148,-0.5544000000000001,0.0,-0.1,0.0,0.0,-0.08901179185171082,0.0,0.006233318757122605,-0.2617993877991494,0.0,square,1,0.1,0.25,12,24,10.17002820968628,0.0
1779528024.2653835,0.0,-0.08901179185171082,0.0,0.006233318757122605,-0.2617993877991494,0.0,0.2376,2.5344,0.4752,0.0,-0.1,0.0,0.0,-0.09075712110370514,0.0,0.010388864595204342,-0.2243994752564138,0.0,square,1,0.1,0.25,12,24,10.18000078201294,0.0
1779528024.2753837,0.0,-0.09075712110370514,0.0,0.010388864595204342,-0.2243994752564138,0.0,-0.0792,1.6236000000000002,0.4356,0.0,-0.1,0.0,0.0,-0.09250245035569947,0.0,0.020777729190408684,-0.17661069811847382,0.0,square,1,0.1,0.25,12,24,10.190000534057617,0.0
1779528024.2854125,0.0,-0.09250245035569947,0.0,0.020777729190408684,-0.17661069811847382,0.0,0.5544000000000001,0.7524000000000001,-0.396,0.0,-0.1,0.0,0.0,-0.09250245035569947,0.0,0.020777729190408684,-0.17661069811847382,0.0,square,1,0.1,0.25,12,24,10.200000762939453,0.0
1779528024.2954159,0.0,-0.09250245035569947,0.0,0.020777729190408684,-0.17661069811847382,0.0,0.5544000000000001,0.7524000000000001,-0.396,0.0,-0.1,0.0,0.0,-0.09424777960769379,0.0,0.01246663751424521,-0.14128855849477906,0.0,square,1,0.1,0.25,12,24,10.210029602050781,0.0
1779528024.3054066,0.0,-0.09424777960769379,0.0,0.01246663751424521,-0.14128855849477906,0.0,0.5544000000000001,0.27720000000000006,-0.396,0.0,-0.1,0.0,0.0,-0.09599310885968812,0.0,-0.006233318757122605,-0.09973310011396168,-0.0020777729190408684,square,1,0.1,0.25,12,24,10.220032930374146,0.0
1779528024.315384,0.0,-0.09599310885968812,0.0,-0.006233318757122605,-0.09973310011396168,-0.0020777729190408684,0.1188,-0.27720000000000006,0.35639999999999994,0.0,-0.1,0.0,0.0,-0.09773843811168245,0.0,-0.006233318757122605,-0.07687759800451213,0.0,square,1,0.1,0.25,12,24,10.230023622512817,0.0
1779528024.325409,0.0,-0.09773843811168245,0.0,-0.006233318757122605,-0.07687759800451213,0.0,0.0,0.2376,0.2376,0.0,-0.1,0.0,0.0,-0.09773843811168245,0.0,-0.006233318757122605,-0.07687759800451213,0.0,square,1,0.1,0.25,12,24,10.24000096321106,0.0
1779528024.3353846,0.0,-0.09773843811168245,0.0,-0.006233318757122605,-0.07687759800451213,0.0,0.0,0.2376,0.2376,0.0,-0.1,0.0,0.0,-0.09773843811168245,0.0,-0.010388864595204342,-0.02701104794753129,-0.0020777729190408684,square,1,0.1,0.25,12,24,10.250025987625122,0.0
1779528024.345384,0.0,-0.09773843811168245,0.0,-0.010388864595204342,-0.02701104794753129,-0.0020777729190408684,0.35639999999999994,1.4255999999999998,0.396,0.0,-0.1,0.0,0.0,-0.09773843811168245,0.0,-0.008311091676163474,-0.02701104794753129,0.0,square,1,0.1,0.25,12,24,10.26000165939331,0.0
1779528024.3553832,0.0,-0.09773843811168245,0.0,-0.008311091676163474,-0.02701104794753129,0.0,0.396,1.0692,0.2376,0.0,-0.1,0.0,0.0,-0.0994837673636768,0.0,0.0,-0.02701104794753129,0.0,square,1,0.1,0.25,12,24,10.27000093460083,0.0
1779528024.3653834,0.0,-0.0994837673636768,0.0,0.0,-0.02701104794753129,0.0,0.27720000000000006,1.0692,0.27720000000000006,0.0,-0.1,0.0,0.0,-0.0994837673636768,0.0,0.0020777729190408684,-0.016622183352326948,0.0,square,1,0.1,0.25,12,24,10.28000020980835,0.0
1779528024.3753834,0.0,-0.0994837673636768,0.0,0.0020777729190408684,-0.016622183352326948,0.0,0.0,1.1483999999999999,0.2376,0.0,-0.1,0.0,0.0,-0.0994837673636768,0.0,0.006233318757122605,-0.01246663751424521,0.0,square,1,0.1,0.25,12,24,10.290000438690186,0.0
1779528024.385413,0.0,-0.0994837673636768,0.0,0.006233318757122605,-0.01246663751424521,0.0,-0.1188,1.2276,0.3168,0.0,-0.1,0.0,0.0,-0.0994837673636768,0.0,0.006233318757122605,-0.01246663751424521,0.0,square,1,0.1,0.25,12,24,10.300000429153442,0.0
1779528024.3953831,0.0,-0.0994837673636768,0.0,0.006233318757122605,-0.01246663751424521,0.0,-0.1188,1.2276,0.3168,0.0,-0.1,0.0,0.0,-0.0994837673636768,0.0,0.004155545838081737,0.0,0.0,square,1,0.1,0.25,12,24,10.310029983520508,0.0
1779528024.405383,0.0,-0.0994837673636768,0.0,0.004155545838081737,0.0,0.0,0.1584,1.5048000000000001,0.3168,0.0,-0.1,0.0,0.0,-0.0994837673636768,0.0,0.0020777729190408684,0.0,0.0020777729190408684,square,1,0.1,0.25,12,24,10.320000171661377,0.0
1779528024.4154143,0.0,-0.0994837673636768,0.0,0.0020777729190408684,0.0,0.0020777729190408684,-0.1584,1.7028,-0.27720000000000006,0.0,-0.1,0.0,0.0,-0.0994837673636768,0.0,0.0020777729190408684,0.0,0.0020777729190408684,square,1,0.1,0.25,12,24,10.330000162124634,0.0
1779528024.4254098,0.0,-0.0994837673636768,0.0,0.0020777729190408684,0.0,0.0020777729190408684,-0.1584,1.7028,-0.27720000000000006,0.0,-0.1,0.0,0.0,-0.0994837673636768,0.0,0.0,0.0020777729190408684,0.0,square,1,0.1,0.25,12,24,10.340031385421753,0.0
1779528024.435412,0.0,-0.0994837673636768,0.0,0.0,0.0020777729190408684,0.0,-0.0792,1.584,0.35639999999999994,0.0,-0.1,0.0,0.0,-0.0994837673636768,0.0,-0.0020777729190408684,0.0020777729190408684,0.0,square,1,0.1,0.25,12,24,10.350026845932007,0.0
1779528024.4453835,0.0,-0.0994837673636768,0.0,-0.0020777729190408684,0.0020777729190408684,0.0,-0.1584,1.6236000000000002,-0.2376,0.0,-0.1,0.0,0.0,-0.0994837673636768,0.0,-0.0020777729190408684,0.0,0.0,square,1,0.1,0.25,12,24,10.360028982162476,0.0
1779528024.4554126,0.0,-0.0994837673636768,0.0,-0.0020777729190408684,0.0,0.0,-0.0792,1.584,0.3168,0.0,-0.1,0.0,0.0,-0.0994837673636768,0.0,-0.0020777729190408684,0.0,0.0,square,1,0.1,0.25,12,24,10.37000060081482,0.0
1779528024.4654148,0.0,-0.0994837673636768,0.0,-0.0020777729190408684,0.0,0.0,-0.0792,1.584,0.3168,0.0,-0.1,0.0,0.0,-0.0994837673636768,0.0,-0.004155545838081737,0.0,0.0,square,1,0.1,0.25,12,24,10.380029678344727,0.0
1779528024.475383,0.0,-0.0994837673636768,0.0,-0.004155545838081737,0.0,0.0,0.0,1.6236000000000002,0.3168,0.0,-0.1,0.0,0.0,-0.0994837673636768,0.0,-0.0020777729190408684,0.0,0.0,square,1,0.1,0.25,12,24,10.390031814575195,0.0
1779528024.485384,0.0,-0.0994837673636768,0.0,-0.0020777729190408684,0.0,0.0,-0.0396,1.7424,0.27720000000000006,0.0,-0.1,0.0,0.0,-0.0994837673636768,0.0,0.0,0.0,0.0,square,1,0.1,0.25,12,24,10.400000095367432,0.0
1779528024.4954684,0.0,-0.0994837673636768,0.0,0.0,0.0,0.0,0.0,1.6632,0.27720000000000006,0.0,-0.1,0.0,0.0,-0.0994837673636768,0.0,0.0020777729190408684,-0.0020777729190408684,0.0020777729190408684,square,1,0.1,0.25,12,24,10.410001039505005,0.0
1779528024.5054908,0.0,-0.0994837673636768,0.0,0.0020777729190408684,-0.0020777729190408684,0.0020777729190408684,-0.0792,1.5444,0.3168,0.0,-0.1,0.0,0.0,-0.0994837673636768,0.0,0.0020777729190408684,0.0,0.0,square,1,0.1,0.25,12,24,10.420085430145264,0.0
1779528024.515384,0.0,-0.0994837673636768,0.0,0.0020777729190408684,0.0,0.0,0.198,1.584,0.198,0.0,-0.1,0.0,0.0,-0.0994837673636768,0.0,0.0020777729190408684,0.0,0.0,square,1,0.1,0.25,12,24,10.430107831954956,0.0
1779528024.5254142,0.0,-0.0994837673636768,0.0,0.0020777729190408684,0.0,0.0,0.198,1.584,0.27720000000000006,0.0,-0.1,0.0,0.0,-0.0994837673636768,0.0,0.0020777729190408684,0.0,0.0,square,1,0.1,0.25,12,24,10.440001010894775,0.0
1779528024.5354114,0.0,-0.0994837673636768,0.0,0.0020777729190408684,0.0,0.0,0.198,1.584,0.27720000000000006,0.0,-0.1,0.0,0.0,-0.0994837673636768,0.0,0.0,0.0020777729190408684,0.0,square,1,0.1,0.25,12,24,10.450031280517578,0.0
1779528024.5453832,0.0,-0.0994837673636768,0.0,0.0,0.0020777729190408684,0.0,-0.0396,1.6632,0.1584,0.0,-0.1,0.0,0.0,-0.0994837673636768,0.0,0.0,0.0020777729190408684,0.0,square,1,0.1,0.25,12,24,10.460028409957886,0.0
1779528024.5553837,0.0,-0.0994837673636768,0.0,0.0,0.0020777729190408684,0.0,0.0,1.782,0.2376,0.0,-0.1,0.0,0.0,-0.0994837673636768,0.0,0.0,0.0,0.0,square,1,0.1,0.25,12,24,10.470000267028809,0.0
1779528024.5653827,0.0,-0.0994837673636768,0.0,0.0,0.0,0.0,-0.0396,1.8612000000000002,0.27720000000000006,0.0,-0.1,0.0,0.0,-0.0994837673636768,0.0,0.0,0.0,0.0020777729190408684,square,1,0.1,0.25,12,24,10.480000734329224,0.0
1779528024.5753827,0.0,-0.0994837673636768,0.0,0.0,0.0,0.0020777729190408684,-0.1188,1.6632,0.1188,0.0,-0.1,0.0,0.0,-0.0994837673636768,0.0,0.0020777729190408684,0.0,0.0,square,1,0.1,0.25,12,24,10.489999771118164,0.0
1779528024.5854504,0.0,-0.0994837673636768,0.0,0.0020777729190408684,0.0,0.0,0.198,1.7424,0.27720000000000006,0.0,-0.1,0.0,0.0,-0.0994837673636768,0.0,0.0,-0.004155545838081737,0.0,square,1,0.1,0.25,12,24,10.499999761581421,0.0
1779528024.5954146,0.0,-0.0994837673636768,0.0,0.0,-0.004155545838081737,0.0,0.1584,1.6632,0.3168,0.0,-0.1,0.0,0.0,-0.0994837673636768,0.0,0.0,-0.004155545838081737,0.0,square,1,0.1,0.25,12,24,10.510067462921143,0.0
1779528024.6054177,0.0,-0.0994837673636768,0.0,0.0,-0.004155545838081737,0.0,0.1584,1.6632,0.3168,0.0,-0.1,0.0,0.0,-0.0994837673636768,0.0,0.0,-0.0020777729190408684,0.0,square,1,0.1,0.25,12,24,10.520031690597534,0.0
1779528024.6154134,0.0,-0.0994837673636768,0.0,0.0,-0.0020777729190408684,0.0,-0.1584,1.5048000000000001,0.2376,0.0,-0.1,0.0,0.0,-0.0994837673636768,0.0,-0.0020777729190408684,0.0,0.0020777729190408684,square,1,0.1,0.25,12,24,10.53003478050232,0.0
1779528024.6253834,0.0,-0.0994837673636768,0.0,-0.0020777729190408684,0.0,0.0020777729190408684,0.0,1.5048000000000001,-0.2376,0.0,-0.1,0.0,0.0,-0.0994837673636768,0.0,-0.0020777729190408684,0.0,0.0,square,1,0.1,0.25,12,24,10.540030479431152,0.0
1779528024.6354997,0.0,-0.0994837673636768,0.0,-0.0020777729190408684,0.0,0.0,0.0792,1.5444,0.198,0.0,-0.1,0.0,0.0,-0.0994837673636768,0.0,-0.0020777729190408684,0.0,0.0,square,1,0.1,0.25,12,24,10.550000429153442,0.0
1779528024.6454108,0.0,-0.0994837673636768,0.0,-0.0020777729190408684,0.0,0.0,0.0792,1.5444,0.198,0.0,-0.1,0.0,0.0,-0.0994837673636768,0.0,0.0,0.0,0.0020777729190408684,square,1,0.1,0.25,12,24,10.5601167678833,0.0
1779528024.6553829,0.0,-0.0994837673636768,0.0,0.0,0.0,0.0020777729190408684,-0.0396,1.584,-0.198,0.0,-0.1,0.0,0.0,-0.0994837673636768,0.0,0.0,0.0,0.0,square,1,0.1,0.25,12,24,10.570027828216553,0.0
1779528024.6653833,0.0,-0.0994837673636768,0.0,0.0,0.0,0.0,0.0,1.6632,0.198,0.0,-0.1,0.0,0.0,-0.0994837673636768,0.0,0.0020777729190408684,0.0020777729190408684,0.0,square,1,0.1,0.25,12,24,10.579999923706055,0.0
1779528024.6754107,0.0,-0.0994837673636768,0.0,0.0020777729190408684,0.0020777729190408684,0.0,-0.0396,1.584,0.27720000000000006,0.0,-0.1,0.0,0.0,-0.0994837673636768,0.0,0.0020777729190408684,0.0,0.0,square,1,0.1,0.25,12,24,10.59000039100647,0.0
1779528024.6854138,0.0,-0.0994837673636768,0.0,0.0020777729190408684,0.0,0.0,-0.1188,1.6236000000000002,0.27720000000000006,0.0,-0.1,0.0,0.0,-0.0994837673636768,0.0,0.006233318757122605,0.0,0.0,square,1,0.1,0.25,12,24,10.600027799606323,0.0
1779528024.6953828,0.0,-0.0994837673636768,0.0,0.006233318757122605,0.0,0.0,0.2376,1.584,-0.2376,0.0,-0.1,0.0,0.0,-0.0994837673636768,0.0,0.0020777729190408684,0.0,0.0,square,1,0.1,0.25,12,24,10.610030889511108,0.0
1779528024.7054138,0.0,-0.0994837673636768,0.0,0.0020777729190408684,0.0,0.0,0.198,1.5048000000000001,0.198,0.0,-0.1,0.0,0.0,-0.0994837673636768,0.0,0.0,0.0,0.0,square,1,0.1,0.25,12,24,10.619999885559082,0.0
1779528024.7153838,0.0,-0.0994837673636768,0.0,0.0,0.0,0.0,-0.198,1.5444,0.2376,0.0,-0.1,0.0,0.0,-0.0994837673636768,0.0,-0.0020777729190408684,0.0,0.0,square,1,0.1,0.25,12,24,10.630030870437622,0.0
1779528024.7254124,0.0,-0.0994837673636768,0.0,-0.0020777729190408684,0.0,0.0,-0.0792,1.6236000000000002,0.2376,0.0,-0.1,0.0,0.0,-0.0994837673636768,0.0,-0.0020777729190408684,0.0,0.0,square,1,0.1,0.25,12,24,10.640000820159912,0.0
1779528024.7354116,0.0,-0.0994837673636768,0.0,-0.0020777729190408684,0.0,0.0,-0.0792,1.6236000000000002,0.2376,0.0,-0.1,0.0,0.0,-0.0994837673636768,0.0,-0.0020777729190408684,0.0,0.0,square,1,0.1,0.25,12,24,10.650029420852661,0.0
1779528024.7454464,0.0,-0.0994837673636768,0.0,-0.0020777729190408684,0.0,0.0,0.0,1.6236000000000002,0.198,0.0,-0.1,0.0,0.0,-0.0994837673636768,0.0,-0.004155545838081737,0.0,0.0,square,1,0.1,0.25,12,24,10.66002869606018,0.0
1779528024.7553837,0.0,-0.0994837673636768,0.0,-0.004155545838081737,0.0,0.0,-0.0792,1.5444,-0.1584,0.0,-0.1,0.0,0.0,-0.0994837673636768,0.0,-0.0020777729190408684,0.0,0.0,square,1,0.1,0.25,12,24,10.670063495635986,0.0
1779528024.7654147,0.0,-0.0994837673636768,0.0,-0.0020777729190408684,0.0,0.0,-0.1188,1.6632,0.198,0.0,-0.1,0.0,0.0,-0.0994837673636768,0.0,0.0,0.0,-0.0020777729190408684,square,1,0.1,0.25,12,24,10.68000078201294,0.0
1779528024.775414,0.0,-0.0994837673636768,0.0,0.0,0.0,-0.0020777729190408684,-0.0396,1.6632,0.0792,0.0,-0.1,0.0,0.0,-0.0994837673636768,0.0,0.006233318757122605,0.0,0.0,square,1,0.1,0.25,12,24,10.69003176689148,0.0
1779528024.785383,0.0,-0.0994837673636768,0.0,0.006233318757122605,0.0,0.0,-0.0396,1.584,0.0792,0.0,-0.1,0.0,0.0,-0.0994837673636768,0.0,0.006233318757122605,0.0,0.0,square,1,0.1,0.25,12,24,10.700031042098999,0.0
1779528024.7953587,0.0,-0.0994837673636768,0.0,0.006233318757122605,0.0,0.0,-0.1584,1.584,0.27720000000000006,0.0,-0.1,0.0,0.0,-0.0994837673636768,0.0,0.008311091676163474,-0.0020777729190408684,0.0020777729190408684,square,1,0.1,0.25,12,24,10.710000038146973,0.0
1779528024.8053901,0.0,-0.0994837673636768,0.0,0.008311091676163474,-0.0020777729190408684,0.0020777729190408684,0.27720000000000006,1.5444,0.3168,0.0,-0.1,0.0,0.0,-0.0994837673636768,0.0,0.0020777729190408684,0.0,0.0020777729190408684,square,1,0.1,0.25,12,24,10.719975709915161,0.0
1779528024.8153837,0.0,-0.0994837673636768,0.0,0.0020777729190408684,0.0,0.0020777729190408684,0.198,1.4652,0.1584,0.0,-0.1,0.0,0.0,-0.0994837673636768,0.0,0.0,0.0,0.0,square,1,0.1,0.25,12,24,10.73000717163086,0.0
1779528024.8254228,0.0,-0.0994837673636768,0.0,0.0,0.0,0.0,0.1584,1.6236000000000002,0.1584,0.0,-0.1,0.0,0.0,-0.0994837673636768,0.0,0.0,0.0,0.0,square,1,0.1,0.25,12,24,10.74000072479248,0.0
1779528024.8353984,0.0,-0.0994837673636768,0.0,0.0,0.0,0.0,0.1584,1.6236000000000002,0.1584,0.0,-0.1,0.0,0.0,-0.0994837673636768,0.0,-0.0020777729190408684,0.0,0.0,square,1,0.1,0.25,12,24,10.75003981590271,0.0
1779528024.8453832,0.0,-0.0994837673636768,0.0,-0.0020777729190408684,0.0,0.0,-0.1188,1.6632,0.2376,0.0,-0.1,0.0,0.0,-0.0994837673636768,0.0,-0.004155545838081737,0.0,0.0,square,1,0.1,0.25,12,24,10.760015487670898,0.0
1779528024.8553824,0.0,-0.0994837673636768,0.0,-0.004155545838081737,0.0,0.0,0.0,1.6236000000000002,0.1188,0.0,-0.1,0.0,0.0,-0.0994837673636768,0.0,0.0,0.0,0.0,square,1,0.1,0.25,12,24,10.770000219345093,0.0
1779528024.8654687,0.0,-0.0994837673636768,0.0,0.0,0.0,0.0,-0.0396,1.6236000000000002,0.198,0.0,-0.1,0.0,0.0,-0.0994837673636768,0.0,0.0,0.0,0.0,square,1,0.1,0.25,12,24,10.779999494552612,0.0
1779528024.8753839,0.0,-0.0994837673636768,0.0,0.0,0.0,0.0,-0.0792,1.6236000000000002,0.0792,0.0,-0.1,0.0,0.0,-0.0994837673636768,0.0,-0.0020777729190408684,0.0,0.0,square,1,0.1,0.25,12,24,10.790085792541504,0.0
1779528024.8853834,0.0,-0.0994837673636768,0.0,-0.0020777729190408684,0.0,0.0,-0.1584,1.5444,-0.198,0.0,-0.1,0.0,0.0,-0.0994837673636768,0.0,0.0,-0.0020777729190408684,0.0,square,1,0.1,0.25,12,24,10.8000009059906,0.0
1779528024.8953836,0.0,-0.0994837673636768,0.0,0.0,-0.0020777729190408684,0.0,-0.0396,1.584,0.198,0.0,-0.1,0.0,0.0,-0.0994837673636768,0.0,0.0,-0.0020777729190408684,0.0,square,1,0.1,0.25,12,24,10.8100004196167,0.0
1779528024.9054286,0.0,-0.0994837673636768,0.0,0.0,-0.0020777729190408684,0.0,-0.1188,1.5048000000000001,0.1188,0.0,-0.1,0.0,0.0,-0.0994837673636768,0.0,0.0,-0.0020777729190408684,0.0,square,1,0.1,0.25,12,24,10.820000648498535,0.0
1779528024.915383,0.0,-0.0994837673636768,0.0,0.0,-0.0020777729190408684,0.0,-0.1188,1.5048000000000001,0.1188,0.0,-0.1,0.0,0.0,-0.0994837673636768,0.0,0.0,0.0,-0.0020777729190408684,square,1,0.1,0.25,12,24,10.830045700073242,0.0
1779528024.9254107,0.0,-0.0994837673636768,0.0,0.0,0.0,-0.0020777729190408684,0.1188,1.584,0.1584,0.0,-0.1,0.0,0.0,-0.0994837673636768,0.0,0.0,0.0,0.0,square,1,0.1,0.25,12,24,10.84000015258789,0.0
1779528024.9353833,0.0,-0.0994837673636768,0.0,0.0,0.0,0.0,-0.1188,1.6236000000000002,0.1584,0.0,-0.1,0.0,0.0,-0.0994837673636768,0.0,0.0,0.0,0.0,square,1,0.1,0.25,12,24,10.850027799606323,0.0
1779528024.9454114,0.0,-0.0994837673636768,0.0,0.0,0.0,0.0,-0.0792,1.6236000000000002,0.198,0.0,-0.1,0.0,0.0,-0.0994837673636768,0.0,0.0,0.0,0.0,square,1,0.1,0.25,12,24,10.860000371932983,0.0
1779528024.9554133,0.0,-0.0994837673636768,0.0,0.0,0.0,0.0,-0.0792,1.6236000000000002,0.198,0.0,-0.1,0.0,0.0,-0.0994837673636768,0.0,0.0,0.0,0.0,square,1,0.1,0.25,12,24,10.870028495788574,0.0
1779528024.9653835,0.0,-0.0994837673636768,0.0,0.0,0.0,0.0,-0.0792,1.6236000000000002,0.1188,0.0,-0.1,0.0,0.0,-0.0994837673636768,0.0,0.0,0.0,0.0,square,1,0.1,0.25,12,24,10.880030393600464,0.0
1779528024.975383,0.0,-0.0994837673636768,0.0,0.0,0.0,0.0,-0.0792,1.5048000000000001,-0.0792,0.0,-0.1,0.0,0.0,-0.0994837673636768,0.0,0.0020777729190408684,0.0,0.0,square,1,0.1,0.25,12,24,10.890000581741333,0.0
1779528024.985383,0.0,-0.0994837673636768,0.0,0.0020777729190408684,0.0,0.0,-0.1188,1.7028,0.1188,0.0,-0.1,0.0,0.0,-0.0994837673636768,0.0,0.0020777729190408684,0.0,0.0,square,1,0.1,0.25,12,24,10.900000095367432,0.0
1779528024.9953828,0.0,-0.0994837673636768,0.0,0.0020777729190408684,0.0,0.0,0.1188,1.584,0.0792,0.0,-0.1,0.0,0.0,-0.0994837673636768,0.0,-0.0020777729190408684,0.0,0.0,square,1,0.1,0.25,12,24,10.910000085830688,0.0
1779528025.0053837,0.0,-0.0994837673636768,0.0,-0.0020777729190408684,0.0,0.0,-0.1188,1.5048000000000001,0.0396,0.0,-0.1,0.0,0.0,-0.0994837673636768,0.0,0.0,0.0,0.0,square,1,0.1,0.25,12,24,10.919999837875366,0.0
1779528025.0154123,0.0,-0.0994837673636768,0.0,0.0,0.0,0.0,-0.0792,1.4652,-0.0792,0.0,-0.1,0.0,0.0,-0.0994837673636768,0.0,0.0,0.0,0.0,square,1,0.1,0.25,12,24,10.93000078201294,0.0
1779528025.0253835,0.0,-0.0994837673636768,0.0,0.0,0.0,0.0,-0.0792,1.4652,-0.0792,0.0,-0.1,0.0,0.0,-0.0994837673636768,0.0,0.0,0.0,0.0,square,1,0.1,0.25,12,24,10.940029382705688,0.0
1779528025.035383,0.0,-0.0994837673636768,0.0,0.0,0.0,0.0,-0.0792,1.5048000000000001,-0.0792,0.0,-0.1,0.0,0.0,-0.0994837673636768,0.0,0.0,0.0,0.0,square,1,0.1,0.25,12,24,10.950000524520874,0.0
1779528025.0454152,0.0,-0.0994837673636768,0.0,0.0,0.0,0.0,0.0,1.6632,0.198,0.0,-0.1,0.0,0.0,-0.0994837673636768,0.0,0.0,0.0,0.0,square,1,0.1,0.25,12,24,10.960000038146973,0.0
1779528025.0553827,0.0,-0.0994837673636768,0.0,0.0,0.0,0.0,-0.0792,1.6236000000000002,0.1584,0.0,-0.1,0.0,0.0,-0.0994837673636768,0.0,-0.0020777729190408684,0.0,0.0,square,1,0.1,0.25,12,24,10.970032215118408,0.0
1779528025.0654402,0.0,-0.0994837673636768,0.0,-0.0020777729190408684,0.0,0.0,-0.1188,1.6632,0.0,0.0,-0.1,0.0,0.0,-0.0994837673636768,0.0,-0.0020777729190408684,0.0,0.0,square,1,0.1,0.25,12,24,10.979999780654907,0.0
1779528025.0753832,0.0,-0.0994837673636768,0.0,-0.0020777729190408684,0.0,0.0,-0.1188,1.6632,0.0,0.0,-0.1,0.0,0.0,-0.0994837673636768,0.0,0.004155545838081737,0.0,-0.0020777729190408684,square,1,0.1,0.25,12,24,10.990057229995728,0.0
1779528025.0853832,0.0,-0.0994837673636768,0.0,0.004155545838081737,0.0,-0.0020777729190408684,0.1584,1.5444,0.0792,0.0,-0.1,0.0,0.0,-0.0994837673636768,0.0,0.0020777729190408684,0.0,0.0,square,1,0.1,0.25,12,24,11.000000238418579,0.0
1779528025.0954144,0.0,-0.0994837673636768,0.0,0.0020777729190408684,0.0,0.0,0.198,1.584,0.1584,0.0,-0.1,0.0,0.0,-0.0994837673636768,0.0,0.0020777729190408684,0.0,0.0,square,1,0.1,0.25,12,24,11.010000228881836,0.0
1779528025.1054108,0.0,-0.0994837673636768,0.0,0.0020777729190408684,0.0,0.0,0.198,1.584,0.1584,0.0,-0.1,0.0,0.0,-0.0994837673636768,0.0,0.0,0.0,0.0,square,1,0.1,0.25,12,24,11.020031452178955,0.0
1779528025.115383,0.0,-0.0994837673636768,0.0,0.0,0.0,0.0,0.1584,1.584,0.0792,0.0,-0.1,0.0,0.0,-0.0994837673636768,0.0,-0.0020777729190408684,0.0,0.0,square,1,0.1,0.25,12,24,11.030027866363525,0.0
1779528025.1253834,0.0,-0.0994837673636768,0.0,-0.0020777729190408684,0.0,0.0,-0.0396,1.4652,0.0396,0.0,-0.1,0.0,0.0,-0.0994837673636768,0.0,-0.0020777729190408684,0.0,0.0,square,1,0.1,0.25,12,24,11.039999961853027,0.0
1779528025.1353831,0.0,-0.0994837673636768,0.0,-0.0020777729190408684,0.0,0.0,-0.0396,1.6236000000000002,0.0396,0.0,-0.1,0.0,0.0,-0.0994837673636768,0.0,-0.0020777729190408684,0.0,0.0,square,1,0.1,0.25,12,24,11.050000429153442,0.0
1779528025.1454158,0.0,-0.0994837673636768,0.0,-0.0020777729190408684,0.0,0.0,0.0,1.5048000000000001,-0.198,0.0,-0.1,0.0,0.0,-0.0994837673636768,0.0,0.0,0.0,0.0,square,1,0.1,0.25,12,24,11.06000018119812,0.0
1779528025.1553829,0.0,-0.0994837673636768,0.0,0.0,0.0,0.0,0.0,1.6632,0.0,0.0,-0.1,0.0,0.0,-0.0994837673636768,0.0,0.0,0.0020777729190408684,0.0020777729190408684,square,1,0.1,0.25,12,24,11.070032835006714,0.0
1779528025.1654403,0.0,-0.0994837673636768,0.0,0.0,0.0020777729190408684,0.0020777729190408684,-0.0792,1.5048000000000001,0.1188,0.0,-0.1,0.0,0.0,-0.0994837673636768,0.0,0.0,0.0020777729190408684,0.0020777729190408684,square,1,0.1,0.25,12,24,11.079999923706055,0.0
1779528025.1754138,0.0,-0.0994837673636768,0.0,0.0,0.0020777729190408684,0.0020777729190408684,-0.0792,1.5048000000000001,0.1188,0.0,-0.1,0.0,0.0,-0.0994837673636768,0.0,0.0,0.0,0.0,square,1,0.1,0.25,12,24,11.090057373046875,0.0
1779528025.185383,0.0,-0.0994837673636768,0.0,0.0,0.0,0.0,-0.0396,1.5444,0.1188,0.0,-0.1,0.0,0.0,-0.0994837673636768,0.0,0.0,0.0,0.0,square,1,0.1,0.25,12,24,11.100030899047852,0.0
1779528025.1953843,0.0,-0.0994837673636768,0.0,0.0,0.0,0.0,-0.1188,1.6632,0.1584,0.0,-0.1,0.0,0.0,-0.0994837673636768,0.0,0.0,0.0,0.0,square,1,0.1,0.25,12,24,11.110000133514404,0.0
1779528025.2054107,0.0,-0.0994837673636768,0.0,0.0,0.0,0.0,-0.1188,1.6632,-0.0396,0.0,-0.1,0.0,0.0,-0.0994837673636768,0.0,0.0,0.0,0.0,square,1,0.1,0.25,12,24,11.120001316070557,0.0
1779528025.2154121,0.0,-0.0994837673636768,0.0,0.0,0.0,0.0,-0.1188,1.6632,-0.0396,0.0,-0.1,0.0,0.0,-0.0994837673636768,0.0,0.0,0.0,0.0,square,1,0.1,0.25,12,24,11.130027770996094,0.0
1779528025.225383,0.0,-0.0994837673636768,0.0,0.0,0.0,0.0,-0.1188,1.584,0.1584,0.0,-0.1,0.0,0.0,-0.0994837673636768,0.0,0.0,-0.0020777729190408684,0.0,square,1,0.1,0.25,12,24,11.140029191970825,0.0
1779528025.235383,0.0,-0.0994837673636768,0.0,0.0,-0.0020777729190408684,0.0,-0.0396,1.584,-0.0396,0.0,-0.1,0.0,0.0,-0.0994837673636768,0.0,0.0,0.0,0.0,square,1,0.1,0.25,12,24,11.150000095367432,0.0
1779528025.2453837,0.0,-0.0994837673636768,0.0,0.0,0.0,0.0,-0.0396,1.584,0.198,0.0,-0.1,0.0,0.0,-0.0994837673636768,0.0,-0.0020777729190408684,0.0,0.0,square,1,0.1,0.25,12,24,11.160000085830688,0.0
1779528025.2553833,0.0,-0.0994837673636768,0.0,-0.0020777729190408684,0.0,0.0,-0.0792,1.5444,-0.0396,0.0,-0.1,0.0,0.0,-0.0994837673636768,0.0,0.0,0.0,0.0,square,1,0.1,0.25,12,24,11.170000791549683,0.0
1779528025.265383,0.0,-0.0994837673636768,0.0,0.0,0.0,0.0,0.0,1.5048000000000001,-0.0396,0.0,-0.1,0.0,0.0,-0.0994837673636768,0.0,0.0,0.0,0.0020777729190408684,square,1,0.1,0.25,12,24,11.180000305175781,0.0
1779528025.2754111,0.0,-0.0994837673636768,0.0,0.0,0.0,0.0020777729190408684,-0.0396,1.6236000000000002,-0.0396,0.0,-0.1,0.0,0.0,-0.0994837673636768,0.0,0.0,0.0,0.0020777729190408684,square,1,0.1,0.25,12,24,11.190000057220459,0.0
1779528025.2854347,0.0,-0.0994837673636768,0.0,0.0,0.0,0.0020777729190408684,-0.0396,1.6236000000000002,-0.0396,0.0,-0.1,0.0,0.0,-0.0994837673636768,0.0,0.0,0.0,0.0,square,1,0.1,0.25,12,24,11.20002818107605,0.0
1779528025.2953842,0.0,-0.0994837673636768,0.0,0.0,0.0,0.0,0.0,1.5444,0.0396,0.0,-0.1,0.0,0.0,-0.0994837673636768,0.0,0.0,-0.0020777729190408684,0.0,square,1,0.1,0.25,12,24,11.210051774978638,0.0
1779528025.3053844,0.0,-0.0994837673636768,0.0,0.0,-0.0020777729190408684,0.0,-0.0792,1.6236000000000002,0.0396,0.0,-0.1,0.0,0.0,-0.0994837673636768,0.0,0.0,0.0,-0.0020777729190408684,square,1,0.1,0.25,12,24,11.220001220703125,0.0
1779528025.3154213,0.0,-0.0994837673636768,0.0,0.0,0.0,-0.0020777729190408684,-0.0792,1.5444,0.0396,0.0,-0.1,0.0,0.0,-0.0994837673636768,0.0,0.0020777729190408684,0.0,0.0,square,1,0.1,0.25,12,24,11.230001449584961,0.0
1779528025.3254216,0.0,-0.0994837673636768,0.0,0.0020777729190408684,0.0,0.0,-0.1188,1.6236000000000002,0.0,0.0,-0.1,0.0,0.0,-0.0994837673636768,0.0,0.0020777729190408684,0.0,0.0,square,1,0.1,0.25,12,24,11.240038394927979,0.0
1779528025.3354142,0.0,-0.0994837673636768,0.0,0.0020777729190408684,0.0,0.0,-0.1188,1.6236000000000002,0.0,0.0,-0.1,0.0,0.0,-0.0994837673636768,0.0,-0.0020777729190408684,0.0,0.0,square,1,0.1,0.25,12,24,11.250038623809814,0.0
1779528025.3453832,0.0,-0.0994837673636768,0.0,-0.0020777729190408684,0.0,0.0,-0.0396,1.584,0.1584,0.0,-0.1,0.0,0.0,-0.0994837673636768,0.0,0.0,0.0,0.0,square,1,0.1,0.25,12,24,11.26003122329712,0.0
1779528025.355383,0.0,-0.0994837673636768,0.0,0.0,0.0,0.0,0.0,1.584,-0.1188,0.0,-0.1,0.0,0.0,-0.0994837673636768,0.0,0.0,0.0,0.0,square,1,0.1,0.25,12,24,11.270000219345093,0.0
1779528025.3653839,0.0,-0.0994837673636768,0.0,0.0,0.0,0.0,-0.0792,1.584,0.1188,0.0,-0.1,0.0,0.0,-0.0994837673636768,0.0,0.0,0.0,0.0,square,1,0.1,0.25,12,24,11.27999997138977,0.0
1779528025.375383,0.0,-0.0994837673636768,0.0,0.0,0.0,0.0,-0.0792,1.584,0.0396,0.0,-0.1,0.0,0.0,-0.0994837673636768,0.0,0.0020777729190408684,0.0,0.0,square,1,0.1,0.25,12,24,11.290000915527344,0.0
1779528025.3854012,0.0,-0.0994837673636768,0.0,0.0020777729190408684,0.0,0.0,-0.0792,1.5444,0.0,0.0,-0.1,0.0,0.0,-0.0994837673636768,0.0,0.0,0.0,0.0,square,1,0.1,0.25,12,24,11.299999952316284,0.0
1779528025.3953831,0.0,-0.0994837673636768,0.0,0.0,0.0,0.0,0.1188,1.6236000000000002,0.1188,0.0,-0.1,0.0,0.0,-0.0994837673636768,0.0,0.0,0.0,0.0,square,1,0.1,0.25,12,24,11.310018301010132,0.0
1779528025.4053843,0.0,-0.0994837673636768,0.0,0.0,0.0,0.0,-0.0792,1.584,0.0396,0.0,-0.1,0.0,0.0,-0.0994837673636768,0.0,-0.0020777729190408684,0.0,0.0,square,1,0.1,0.25,12,24,11.320000171661377,0.0
1779528025.4153833,0.0,-0.0994837673636768,0.0,-0.0020777729190408684,0.0,0.0,-0.0792,1.5444,0.0,0.0,-0.1,0.0,0.0,-0.0994837673636768,0.0,-0.0020777729190408684,0.0,0.0,square,1,0.1,0.25,12,24,11.33000135421753,0.0
1779528025.425414,0.0,-0.0994837673636768,0.0,-0.0020777729190408684,0.0,0.0,-0.1188,1.7028,-0.0396,0.0,-0.1,0.0,0.0,-0.0994837673636768,0.0,-0.0020777729190408684,0.0,0.0,square,1,0.1,0.25,12,24,11.34000039100647,0.0
1779528025.4354587,0.0,-0.0994837673636768,0.0,-0.0020777729190408684,0.0,0.0,-0.1188,1.7028,-0.0396,0.0,-0.1,0.0,0.0,-0.0994837673636768,0.0,0.0,0.0,0.0,square,1,0.1,0.25,12,24,11.35003113746643,0.0
1779528025.4454234,0.0,-0.0994837673636768,0.0,0.0,0.0,0.0,-0.0792,1.5444,0.0792,0.0,-0.1,0.0,0.0,-0.0994837673636768,0.0,-0.0020777729190408684,0.0,0.0,square,1,0.1,0.25,12,24,11.36007571220398,0.0
1779528025.4555652,0.0,-0.0994837673636768,0.0,-0.0020777729190408684,0.0,0.0,0.0396,1.584,-0.0396,0.0,-0.1,0.0,0.0,-0.0994837673636768,0.0,-0.0020777729190408684,0.0,0.0,square,1,0.1,0.25,12,24,11.37004041671753,0.0
1779528025.465595,0.0,-0.0994837673636768,0.0,-0.0020777729190408684,0.0,0.0,0.0396,1.584,-0.0396,0.0,-0.1,0.0,0.0,-0.0994837673636768,0.0,0.0,0.0,0.0,square,1,0.1,0.25,12,24,11.380182266235352,0.0
1779528025.4755516,0.0,-0.0994837673636768,0.0,0.0,0.0,0.0,-0.0396,1.584,0.198,0.0,-0.1,0.0,0.0,-0.0994837673636768,0.0,0.0,0.0,0.0,square,1,0.1,0.25,12,24,11.390212059020996,0.0
1779528025.4855742,0.0,-0.0994837673636768,0.0,0.0,0.0,0.0,-0.0792,1.5444,0.1188,0.0,-0.1,0.0,0.0,-0.0994837673636768,0.0,0.0,0.0,0.0,square,1,0.1,0.25,12,24,11.400168657302856,0.0
1779528025.4953833,0.0,-0.0994837673636768,0.0,0.0,0.0,0.0,-0.0792,1.5444,0.1584,0.0,-0.1,0.0,0.0,-0.0994837673636768,0.0,0.0,0.0,0.0,square,1,0.1,0.25,12,24,11.410191297531128,0.0
1779528025.505427,0.0,-0.0994837673636768,0.0,0.0,0.0,0.0,-0.1188,1.5048000000000001,0.0792,0.0,-0.1,0.0,0.0,-0.0994837673636768,0.0,0.0,0.0,0.0,square,1,0.1,0.25,12,24,11.420000314712524,0.0
1779528025.5153835,0.0,-0.0994837673636768,0.0,0.0,0.0,0.0,-0.1188,1.5048000000000001,0.0792,0.0,-0.1,0.0,0.0,-0.0994837673636768,0.0,-0.0020777729190408684,0.0,0.0,square,1,0.1,0.25,12,24,11.430043935775757,0.0
1779528025.5253923,0.0,-0.0994837673636768,0.0,-0.0020777729190408684,0.0,0.0,-0.0396,1.4652,0.0792,0.0,-0.1,0.0,0.0,-0.0994837673636768,0.0,0.0,0.0,0.0,square,1,0.1,0.25,12,24,11.440000534057617,0.0
1779528025.535384,0.0,-0.0994837673636768,0.0,0.0,0.0,0.0,-0.0396,1.4652,0.0396,0.0,-0.1,0.0,0.0,-0.0994837673636768,0.0,0.0,0.0,0.0,square,1,0.1,0.25,12,24,11.4500093460083,0.0
1779528025.5454524,0.0,-0.0994837673636768,0.0,0.0,0.0,0.0,-0.0396,1.5444,0.1188,0.0,-0.1,0.0,0.0,-0.0994837673636768,0.0,0.0,0.0,0.0,square,1,0.1,0.25,12,24,11.460000991821289,0.0
1779528025.555383,0.0,-0.0994837673636768,0.0,0.0,0.0,0.0,-0.0396,1.5444,0.0396,0.0,-0.1,0.0,0.0,-0.0994837673636768,0.0,-0.0020777729190408684,0.0,0.0,square,1,0.1,0.25,12,24,11.470069408416748,0.0
1779528025.56555,0.0,-0.0994837673636768,0.0,-0.0020777729190408684,0.0,0.0,-0.0396,1.6236000000000002,0.0792,0.0,-0.1,0.0,0.0,-0.0994837673636768,0.0,-0.0020777729190408684,0.0,0.0,square,1,0.1,0.25,12,24,11.480000019073486,0.0
1779528025.575415,0.0,-0.0994837673636768,0.0,-0.0020777729190408684,0.0,0.0,-0.0396,1.6236000000000002,0.0792,0.0,-0.1,0.0,0.0,-0.0994837673636768,0.0,0.0,0.0,0.0020777729190408684,square,1,0.1,0.25,12,24,11.490167140960693,0.0
1779528025.5854135,0.0,-0.0994837673636768,0.0,0.0,0.0,0.0020777729190408684,-0.0396,1.5048000000000001,-0.1584,0.0,-0.1,0.0,0.0,-0.0994837673636768,0.0,0.0,0.0,-0.0020777729190408684,square,1,0.1,0.25,12,24,11.5000319480896,0.0
1779528025.5953908,0.0,-0.0994837673636768,0.0,0.0,0.0,-0.0020777729190408684,-0.0792,1.5048000000000001,0.0792,0.0,-0.1,0.0,0.0,-0.0994837673636768,0.0,-0.0020777729190408684,0.0,0.0,square,1,0.1,0.25,12,24,11.510030508041382,0.0
1779528025.6055236,0.0,-0.0994837673636768,0.0,-0.0020777729190408684,0.0,0.0,-0.0792,1.584,0.0,0.0,-0.1,0.0,0.0,-0.0994837673636768,0.0,0.0,0.0,0.0,square,1,0.1,0.25,12,24,11.520007848739624,0.0
1779528025.615418,0.0,-0.0994837673636768,0.0,0.0,0.0,0.0,-0.0396,1.5048000000000001,-0.1188,0.0,-0.1,0.0,0.0,-0.0994837673636768,0.0,0.0,0.0,0.0,square,1,0.1,0.25,12,24,11.53014063835144,0.0
1779528025.6254168,0.0,-0.0994837673636768,0.0,0.0,0.0,0.0,-0.0396,1.5048000000000001,-0.1188,0.0,-0.1,0.0,0.0,-0.0994837673636768,0.0,0.0,0.0,0.0,square,1,0.1,0.25,12,24,11.540035009384155,0.0
1779528025.6354184,0.0,-0.0994837673636768,0.0,0.0,0.0,0.0,-0.0792,1.6236000000000002,0.2376,0.0,-0.1,0.0,0.0,-0.0994837673636768,0.0,0.0,0.0,0.0,square,1,0.1,0.25,12,24,11.550033807754517,0.0
1779528025.645411,0.0,-0.0994837673636768,0.0,0.0,0.0,0.0,-0.0396,1.6236000000000002,0.1188,0.0,-0.1,0.0,0.0,-0.0994837673636768,0.0,0.0,0.0,0.0,square,1,0.1,0.25,12,24,11.560035467147827,0.0
1779528025.6554143,0.0,-0.0994837673636768,0.0,0.0,0.0,0.0,-0.0792,1.6632,-0.0792,0.0,-0.1,0.0,0.0,-0.0994837673636768,0.0,0.0,0.0020777729190408684,0.0,square,1,0.1,0.25,12,24,11.570028066635132,0.0
1779528025.665426,0.0,-0.0994837673636768,0.0,0.0,0.0020777729190408684,0.0,-0.0396,1.6236000000000002,0.1188,0.0,-0.1,0.0,0.0,-0.0994837673636768,0.0,0.0,0.0020777729190408684,0.0,square,1,0.1,0.25,12,24,11.580031394958496,0.0
1779528025.6754403,0.0,-0.0994837673636768,0.0,0.0,0.0020777729190408684,0.0,-0.1188,1.6236000000000002,-0.1188,0.0,-0.1,0.0,0.0,-0.0994837673636768,0.0,0.0,0.0,0.0,square,1,0.1,0.25,12,24,11.590043067932129,0.0
1779528025.6853645,0.0,-0.0994837673636768,0.0,0.0,0.0,0.0,-0.0792,1.6632,0.0396,0.0,-0.1,0.0,0.0,-0.0994837673636768,0.0,0.0,0.0,0.0,square,1,0.1,0.25,12,24,11.600057363510132,0.0
1779528025.6954157,0.0,-0.0994837673636768,0.0,0.0,0.0,0.0,-0.1188,1.5444,0.0,0.0,-0.1,0.0,0.0,-0.0994837673636768,0.0,0.0,0.0,0.0,square,1,0.1,0.25,12,24,11.609981536865234,0.0
1779528025.7054162,0.0,-0.0994837673636768,0.0,0.0,0.0,0.0,-0.1188,1.5444,0.0,0.0,-0.1,0.0,0.0,-0.0994837673636768,0.0,0.0,0.0,0.0,square,1,0.1,0.25,12,24,11.620032787322998,0.0
1779528025.7154171,0.0,-0.0994837673636768,0.0,0.0,0.0,0.0,-0.0792,1.7028,0.0,0.0,-0.1,0.0,0.0,-0.0994837673636768,0.0,-0.0020777729190408684,0.0,0.0,square,1,0.1,0.25,12,24,11.630033254623413,0.0
1779528025.7253811,0.0,-0.0994837673636768,0.0,-0.0020777729190408684,0.0,0.0,-0.0792,1.6236000000000002,-0.1188,0.0,-0.1,0.0,0.0,-0.0994837673636768,0.0,0.0,0.0,0.0,square,1,0.1,0.25,12,24,11.640034198760986,0.0
1779528025.7353895,0.0,-0.0994837673636768,0.0,0.0,0.0,0.0,-0.0396,1.6632,0.0,0.0,-0.1,0.0,0.0,-0.0994837673636768,0.0,0.0,0.0,0.0,square,1,0.1,0.25,12,24,11.649998188018799,0.0
1779528025.7454307,0.0,-0.0994837673636768,0.0,0.0,0.0,0.0,-0.0396,1.584,0.0792,0.0,-0.1,0.0,0.0,-0.0994837673636768,0.0,0.0,0.0,0.0,square,1,0.1,0.25,12,24,11.660006523132324,0.0
1779528025.7553837,0.0,-0.0994837673636768,0.0,0.0,0.0,0.0,-0.0396,1.584,0.0792,0.0,-0.1,0.0,0.0,-0.0994837673636768,0.0,0.0,0.0,0.0020777729190408684,square,1,0.1,0.25,12,24,11.670047760009766,0.0
1779528025.7653837,0.0,-0.0994837673636768,0.0,0.0,0.0,0.0020777729190408684,-0.0792,1.5444,0.1584,0.0,-0.1,0.0,0.0,-0.0994837673636768,0.0,0.0,-0.0020777729190408684,0.0,square,1,0.1,0.25,12,24,11.68000078201294,0.0
1779528025.7753851,0.0,-0.0994837673636768,0.0,0.0,-0.0020777729190408684,0.0,-0.1584,1.6632,0.0,0.0,-0.1,0.0,0.0,-0.0994837673636768,0.0,0.0,0.0,0.0,square,1,0.1,0.25,12,24,11.690000772476196,0.0
1779528025.785404,0.0,-0.0994837673636768,0.0,0.0,0.0,0.0,-0.1188,1.6632,0.1584,0.0,-0.1,0.0,0.0,-0.0994837673636768,0.0,0.0,0.0,0.0,square,1,0.1,0.25,12,24,11.700002193450928,0.0
1779528025.7953835,0.0,-0.0994837673636768,0.0,0.0,0.0,0.0,-0.0792,1.584,0.0,0.0,-0.1,0.0,0.0,-0.0994837673636768,0.0,0.0,0.0,0.0,square,1,0.1,0.25,12,24,11.710021018981934,0.0
1779528025.8053834,0.0,-0.0994837673636768,0.0,0.0,0.0,0.0,-0.0396,1.584,-0.0792,0.0,-0.1,0.0,0.0,-0.0994837673636768,0.0,0.0,0.0,0.0,square,1,0.1,0.25,12,24,11.720000505447388,0.0
1779528025.8153834,0.0,-0.0994837673636768,0.0,0.0,0.0,0.0,-0.0396,1.584,0.0,0.0,-0.1,0.0,0.0,-0.0994837673636768,0.0,0.0,0.0,0.0,square,1,0.1,0.25,12,24,11.730000495910645,0.0
1779528025.8253834,0.0,-0.0994837673636768,0.0,0.0,0.0,0.0,-0.0396,1.5048000000000001,0.0396,0.0,-0.1,0.0,0.0,-0.0994837673636768,0.0,0.0,0.0,0.0,square,1,0.1,0.25,12,24,11.740000486373901,0.0
1779528025.8354173,0.0,-0.0994837673636768,0.0,0.0,0.0,0.0,-0.0396,1.5444,0.0,0.0,-0.1,0.0,0.0,-0.0994837673636768,0.0,0.0,0.0,0.0,square,1,0.1,0.25,12,24,11.750000476837158,0.0
1779528025.8454134,0.0,-0.0994837673636768,0.0,0.0,0.0,0.0,-0.0396,1.5444,0.0,0.0,-0.1,0.0,0.0,-0.0994837673636768,0.0,0.0,0.0,0.0,square,1,0.1,0.25,12,24,11.760034322738647,0.0
1779528025.8554168,0.0,-0.0994837673636768,0.0,0.0,0.0,0.0,-0.1188,1.6236000000000002,0.0,0.0,-0.1,0.0,0.0,-0.0994837673636768,0.0,0.0,0.0,0.0,square,1,0.1,0.25,12,24,11.770030498504639,0.0
1779528025.8655806,0.0,-0.0994837673636768,0.0,0.0,0.0,0.0,-0.0792,1.5444,0.1584,0.0,-0.1,0.0,0.0,-0.0994837673636768,0.0,0.0,0.0,0.0,square,1,0.1,0.25,12,24,11.780033826828003,0.0
1779528025.8754127,0.0,-0.0994837673636768,0.0,0.0,0.0,0.0,-0.0792,1.5444,0.1584,0.0,-0.1,0.0,0.0,-0.0994837673636768,0.0,0.0,0.0,0.0,square,1,0.1,0.25,12,24,11.790197610855103,0.0
1779528025.8855562,0.0,-0.0994837673636768,0.0,0.0,0.0,0.0,-0.0792,1.6632,-0.0396,0.0,-0.1,0.0,0.0,-0.0994837673636768,0.0,0.0,0.0,0.0,square,1,0.1,0.25,12,24,11.800029754638672,0.0
1779528025.8954182,0.0,-0.0994837673636768,0.0,0.0,0.0,0.0,-0.0792,1.6632,-0.0396,0.0,-0.1,0.0,0.0,-0.0994837673636768,0.0,0.0,0.0,0.0,square,1,0.1,0.25,12,24,11.810173273086548,0.0
1779528025.9054153,0.0,-0.0994837673636768,0.0,0.0,0.0,0.0,-0.0792,1.584,0.0396,0.0,-0.1,0.0,0.0,-0.0994837673636768,0.0,0.0,0.0,0.0,square,1,0.1,0.25,12,24,11.820035219192505,0.0
1779528025.9154131,0.0,-0.0994837673636768,0.0,0.0,0.0,0.0,-0.0792,1.6632,0.0792,0.0,-0.1,0.0,0.0,-0.0994837673636768,0.0,0.0,0.0,0.0,square,1,0.1,0.25,12,24,11.830032348632812,0.0
1779528025.9253838,0.0,-0.0994837673636768,0.0,0.0,0.0,0.0,0.0396,1.6236000000000002,0.0792,0.0,-0.1,0.0,0.0,-0.0994837673636768,0.0,-0.0020777729190408684,0.0,0.0,square,1,0.1,0.25,12,24,11.840030193328857,0.0
1779528025.935566,0.0,-0.0994837673636768,0.0,-0.0020777729190408684,0.0,0.0,0.0,1.5444,0.0792,0.0,-0.1,0.0,0.0,-0.0994837673636768,0.0,-0.0020777729190408684,0.0,0.0,square,1,0.1,0.25,12,24,11.850000858306885,0.0
1779528025.945383,0.0,-0.0994837673636768,0.0,-0.0020777729190408684,0.0,0.0,0.0,1.5444,0.0792,0.0,-0.1,0.0,0.0,-0.0994837673636768,0.0,0.0,0.0,0.0,square,1,0.1,0.25,12,24,11.860183000564575,0.0
1779528025.9555528,0.0,-0.0994837673636768,0.0,0.0,0.0,0.0,-0.1188,1.584,0.0792,0.0,-0.1,0.0,0.0,-0.0994837673636768,0.0,0.0,0.0,0.0,square,1,0.1,0.25,12,24,11.870000123977661,0.0
1779528025.9655564,0.0,-0.0994837673636768,0.0,0.0,0.0,0.0,-0.1188,1.584,0.0792,0.0,-0.1,0.0,0.0,-0.0994837673636768,0.0,0.0,0.0,0.0,square,1,0.1,0.25,12,24,11.880169868469238,0.0
1779528025.9754174,0.0,-0.0994837673636768,0.0,0.0,0.0,0.0,-0.0792,1.6632,0.0792,0.0,-0.1,0.0,0.0,-0.0994837673636768,0.0,0.0,0.0,0.0,square,1,0.1,0.25,12,24,11.890173435211182,0.0
1779528025.9855976,0.0,-0.0994837673636768,0.0,0.0,0.0,0.0,-0.0792,1.5444,0.1188,0.0,-0.1,0.0,0.0,-0.0994837673636768,0.0,0.0,0.0,0.0,square,1,0.1,0.25,12,24,11.900034427642822,0.0
1779528025.9953837,0.0,-0.0994837673636768,0.0,0.0,0.0,0.0,-0.0792,1.5444,0.1188,0.0,-0.1,0.0,0.0,-0.0994837673636768,0.0,-0.0020777729190408684,0.0,0.0,square,1,0.1,0.25,12,24,11.91021466255188,0.0
1779528026.0054173,0.0,-0.0994837673636768,0.0,-0.0020777729190408684,0.0,0.0,-0.1584,1.6632,0.0792,0.0,-0.1,0.0,0.0,-0.0994837673636768,0.0,0.0,0.0,0.0,square,1,0.1,0.25,12,24,11.920000791549683,0.0
1779528026.0153837,0.0,-0.0994837673636768,0.0,0.0,0.0,0.0,-0.0792,1.584,0.1188,0.0,-0.1,0.0,0.0,-0.0994837673636768,0.0,0.0,0.0,0.0,square,1,0.1,0.25,12,24,11.930034399032593,0.0
1779528026.025543,0.0,-0.0994837673636768,0.0,0.0,0.0,0.0,-0.0792,1.5444,0.0792,0.0,-0.1,0.0,0.0,-0.0994837673636768,0.0,0.0,0.0,0.0,square,1,0.1,0.25,12,24,11.940000772476196,0.0
1779528026.0355077,0.0,-0.0994837673636768,0.0,0.0,0.0,0.0,-0.0792,1.5444,0.0792,0.0,-0.1,0.0,0.0,-0.0994837673636768,0.0,0.0,0.0,0.0020777729190408684,square,1,0.1,0.25,12,24,11.950160026550293,0.0
1779528026.0453832,0.0,-0.0994837673636768,0.0,0.0,0.0,0.0020777729190408684,-0.0396,1.6236000000000002,0.0,0.0,-0.1,0.0,0.0,-0.0994837673636768,0.0,0.0,0.0,0.0,square,1,0.1,0.25,12,24,11.960124731063843,0.0
1779528026.055384,0.0,-0.0994837673636768,0.0,0.0,0.0,0.0,-0.0396,1.5444,0.1188,0.0,-0.1,0.0,0.0,-0.0994837673636768,0.0,0.0,0.0,0.0020777729190408684,square,1,0.1,0.25,12,24,11.970000267028809,0.0
1779528026.0654163,0.0,-0.0994837673636768,0.0,0.0,0.0,0.0020777729190408684,-0.1188,1.5444,-0.1584,0.0,-0.1,0.0,0.0,-0.0994837673636768,0.0,0.0,0.0,0.0020777729190408684,square,1,0.1,0.25,12,24,11.980000972747803,0.0
1779528026.075384,0.0,-0.0994837673636768,0.0,0.0,0.0,0.0020777729190408684,-0.1188,1.5444,-0.1584,0.0,-0.1,0.0,0.0,-0.0994837673636768,0.0,0.0,0.0,0.0,square,1,0.1,0.25,12,24,11.990033388137817,0.0
1779528026.0855305,0.0,-0.0994837673636768,0.0,0.0,0.0,0.0,-0.0396,1.6632,0.198,0.0,0.1,0.0,0.0,-0.0994837673636768,0.0,0.0,0.0,0.0,square,1,0.1,0.25,12,24,12.000000953674316,0.0
1779528026.095384,0.0,-0.0994837673636768,0.0,0.0,0.0,0.0,-0.0396,1.6632,0.198,0.0,0.1,0.0,0.0,-0.0994837673636768,0.0,0.0,0.0,0.0,square,1,0.1,0.25,12,24,12.01014757156372,0.0
1779528026.1054163,0.0,-0.0994837673636768,0.0,0.0,0.0,0.0,-0.0396,1.5048000000000001,2.2176000000000005,0.0,0.1,0.0,0.0,-0.08901179185171082,0.0,0.0020777729190408684,0.962008861515922,0.004155545838081737,square,1,0.1,0.25,12,24,12.02000093460083,0.0
1779528026.1153836,0.0,-0.08901179185171082,0.0,0.0020777729190408684,0.962008861515922,0.004155545838081737,-0.0792,3.7224000000000004,0.9107999999999999,0.0,0.1,0.0,0.0,-0.06283185307179587,0.0,0.0020777729190408684,2.2460725254831786,-0.0020777729190408684,square,1,0.1,0.25,12,24,12.030033349990845,0.0
1779528026.1255016,0.0,-0.06283185307179587,0.0,0.0020777729190408684,2.2460725254831786,-0.0020777729190408684,0.2376,-1.6632,-0.27720000000000006,0.0,0.1,0.0,0.0,-0.06283185307179587,0.0,0.0020777729190408684,2.2460725254831786,-0.0020777729190408684,square,1,0.1,0.25,12,24,12.040000677108765,0.0
1779528026.1354284,0.0,-0.06283185307179587,0.0,0.0020777729190408684,2.2460725254831786,-0.0020777729190408684,0.2376,-1.6632,-0.27720000000000006,0.0,0.1,0.0,0.0,-0.017453292519943295,0.0,0.0020777729190408684,2.227372569211811,-0.004155545838081737,square,1,0.1,0.25,12,24,12.050118684768677,0.0
1779528026.1454163,0.0,-0.017453292519943295,0.0,0.0020777729190408684,2.227372569211811,-0.004155545838081737,0.2376,-0.1188,-0.396,0.0,0.1,0.0,0.0,-0.017453292519943295,0.0,0.0020777729190408684,2.227372569211811,-0.004155545838081737,square,1,0.1,0.25,12,24,12.06004548072815,0.0
1779528026.1553836,0.0,-0.017453292519943295,0.0,0.0020777729190408684,2.227372569211811,-0.004155545838081737,0.2376,-0.1188,-0.396,0.0,0.1,0.0,0.0,0.017453292519943295,0.0,-0.016622183352326948,1.7432514790752887,-0.0020777729190408684,square,1,0.1,0.25,12,24,12.070033311843872,0.0
1779528026.1653845,0.0,0.017453292519943295,0.0,-0.016622183352326948,1.7432514790752887,-0.0020777729190408684,0.4752,0.0,-0.3168,0.0,0.1,0.0,0.0,0.031415926535897934,0.0,-0.020777729190408684,1.500152047547507,0.0,square,1,0.1,0.25,12,24,12.080000638961792,0.0
1779528026.175331,0.0,0.031415926535897934,0.0,-0.020777729190408684,1.500152047547507,0.0,0.8712,-2.6136,0.0,0.0,0.1,0.0,0.0,0.04363323129985824,0.0,-0.006233318757122605,1.279908118129175,0.0,square,1,0.1,0.25,12,24,12.090001583099365,0.0
1779528026.1853838,0.0,0.04363323129985824,0.0,-0.006233318757122605,1.279908118129175,0.0,0.5940000000000001,-2.3760000000000003,-0.1584,0.0,0.1,0.0,0.0,0.054105206811824215,0.0,0.010388864595204342,1.0700530533060473,-0.0020777729190408684,square,1,0.1,0.25,12,24,12.099948167800903,0.0
1779528026.1954176,0.0,0.054105206811824215,0.0,0.010388864595204342,1.0700530533060473,-0.0020777729190408684,0.1584,-0.35639999999999994,0.0,0.0,0.1,0.0,0.0,0.06283185307179587,0.0,0.020777729190408684,0.9121423114589412,0.0,square,1,0.1,0.25,12,24,12.110000848770142,0.0
1779528026.2053833,0.0,0.06283185307179587,0.0,0.020777729190408684,0.9121423114589412,0.0,-0.35639999999999994,-1.4255999999999998,-0.2376,0.0,0.1,0.0,0.0,0.06981317007977318,0.0,0.02701104794753129,0.7438427050166309,0.0,square,1,0.1,0.25,12,24,12.12003469467163,0.0
1779528026.215384,0.0,0.06981317007977318,0.0,0.02701104794753129,0.7438427050166309,0.0,0.7524000000000001,-1.8612000000000002,-0.3168,0.0,0.1,0.0,0.0,0.07504915783575616,0.0,0.008311091676163474,0.6150207840360971,0.0,square,1,0.1,0.25,12,24,12.130000352859497,0.0
1779528026.2253833,0.0,0.07504915783575616,0.0,0.008311091676163474,0.6150207840360971,0.0,0.4752,-0.8712,-0.3168,0.0,0.1,0.0,0.0,0.08028514559173917,0.0,-0.004155545838081737,0.5090543651650128,-0.0020777729190408684,square,1,0.1,0.25,12,24,12.140001058578491,0.0
1779528026.2353842,0.0,0.08028514559173917,0.0,-0.004155545838081737,0.5090543651650128,-0.0020777729190408684,0.27720000000000006,-0.7127999999999999,-0.35639999999999994,0.0,0.1,0.0,0.0,0.08377580409572782,0.0,-0.0020777729190408684,0.4010101733748876,0.0,square,1,0.1,0.25,12,24,12.15000033378601,0.0
1779528026.2455182,0.0,0.08377580409572782,0.0,-0.0020777729190408684,0.4010101733748876,0.0,0.198,-1.3860000000000001,-0.3168,0.0,0.1,0.0,0.0,0.08377580409572782,0.0,-0.0020777729190408684,0.4010101733748876,0.0,square,1,0.1,0.25,12,24,12.160001277923584,0.0
1779528026.255418,0.0,0.08377580409572782,0.0,-0.0020777729190408684,0.4010101733748876,0.0,0.198,-1.3860000000000001,-0.3168,0.0,0.1,0.0,0.0,0.08726646259971647,0.0,-0.0020777729190408684,0.3282881212084572,0.0,square,1,0.1,0.25,12,24,12.170135259628296,0.0
1779528026.2654486,0.0,0.08726646259971647,0.0,-0.0020777729190408684,0.3282881212084572,0.0,-0.1584,-0.5544000000000001,-0.1584,0.0,0.1,0.0,0.0,0.09075712110370514,0.0,-0.006233318757122605,0.21401061066120944,0.0,square,1,0.1,0.25,12,24,12.18003511428833,0.0
1779528026.2754955,0.0,0.09075712110370514,0.0,-0.006233318757122605,0.21401061066120944,0.0,0.0,0.27720000000000006,-0.3168,0.0,0.1,0.0,0.0,0.09075712110370514,0.0,-0.006233318757122605,0.21401061066120944,0.0,square,1,0.1,0.25,12,24,12.190065622329712,0.0
1779528026.2854407,0.0,0.09075712110370514,0.0,-0.006233318757122605,0.21401061066120944,0.0,0.0,0.27720000000000006,-0.3168,0.0,0.1,0.0,0.0,0.09424777960769379,0.0,-0.010388864595204342,0.1433663314138199,0.0,square,1,0.1,0.25,12,24,12.200112581253052,0.0
1779528026.2953844,0.0,0.09424777960769379,0.0,-0.010388864595204342,0.1433663314138199,0.0,0.396,-1.1880000000000002,-0.198,0.0,0.1,0.0,0.0,0.09599310885968812,0.0,-0.006233318757122605,0.1246663751424521,0.0,square,1,0.1,0.25,12,24,12.210057735443115,0.0
1779528026.3054519,0.0,0.09599310885968812,0.0,-0.006233318757122605,0.1246663751424521,0.0,0.4356,1.8612000000000002,-0.2376,0.0,0.1,0.0,0.0,0.09599310885968812,0.0,0.0,0.09765532719492082,0.0020777729190408684,square,1,0.1,0.25,12,24,12.220001459121704,0.0
1779528026.315384,0.0,0.09599310885968812,0.0,0.0,0.09765532719492082,0.0020777729190408684,0.2376,1.9008,-0.1584,0.0,0.1,0.0,0.0,0.09773843811168245,0.0,0.006233318757122605,0.07272205216643039,0.0,square,1,0.1,0.25,12,24,12.230068922042847,0.0
1779528026.325384,0.0,0.09773843811168245,0.0,0.006233318757122605,0.07272205216643039,0.0,-0.1188,1.6236000000000002,-0.3168,0.0,0.1,0.0,0.0,0.09773843811168245,0.0,0.014544410433286078,0.04363323129985824,0.0020777729190408684,square,1,0.1,0.25,12,24,12.24000096321106,0.0
1779528026.3353698,0.0,0.09773843811168245,0.0,0.014544410433286078,0.04363323129985824,0.0020777729190408684,0.27720000000000006,1.2276,-0.4356,0.0,0.1,0.0,0.0,0.09773843811168245,0.0,0.016622183352326948,0.04155545838081737,0.0,square,1,0.1,0.25,12,24,12.250000953674316,0.0
1779528026.3454025,0.0,0.09773843811168245,0.0,0.016622183352326948,0.04155545838081737,0.0,0.6336,1.2672,-0.4356,0.0,0.1,0.0,0.0,0.09773843811168245,0.0,0.008311091676163474,0.020777729190408684,0.0,square,1,0.1,0.25,12,24,12.259986877441406,0.0
1779528026.355335,0.0,0.09773843811168245,0.0,0.008311091676163474,0.020777729190408684,0.0,0.4752,0.9107999999999999,-0.4356,0.0,0.1,0.0,0.0,0.09773843811168245,0.0,0.0,0.018699956271367814,0.0,square,1,0.1,0.25,12,24,12.27001953125,0.0
1779528026.365384,0.0,0.09773843811168245,0.0,0.0,0.018699956271367814,0.0,0.3168,0.8712,-0.27720000000000006,0.0,0.1,0.0,0.0,0.0994837673636768,0.0,-0.006233318757122605,0.018699956271367814,0.0,square,1,0.1,0.25,12,24,12.279952049255371,0.0
1779528026.3753898,0.0,0.0994837673636768,0.0,-0.006233318757122605,0.018699956271367814,0.0,-0.0792,1.0296,-0.4356,0.0,0.1,0.0,0.0,0.0994837673636768,0.0,-0.006233318757122605,0.018699956271367814,0.0,square,1,0.1,0.25,12,24,12.290001153945923,0.0
1779528026.3853843,0.0,0.0994837673636768,0.0,-0.006233318757122605,0.018699956271367814,0.0,-0.0792,1.0296,-0.4356,0.0,0.1,0.0,0.0,0.0994837673636768,0.0,-0.008311091676163474,0.014544410433286078,0.0,square,1,0.1,0.25,12,24,12.300006866455078,0.0
1779528026.3954613,0.0,0.0994837673636768,0.0,-0.008311091676163474,0.014544410433286078,0.0,0.1584,0.99,-0.396,0.0,0.1,0.0,0.0,0.0994837673636768,0.0,-0.008311091676163474,0.014544410433286078,0.0,square,1,0.1,0.25,12,24,12.310001373291016,0.0
1779528026.4055152,0.0,0.0994837673636768,0.0,-0.008311091676163474,0.014544410433286078,0.0,0.1584,0.99,-0.396,0.0,0.1,0.0,0.0,0.0994837673636768,0.0,0.0,0.0,0.0,square,1,0.1,0.25,12,24,12.320078372955322,0.0
1779528026.4153907,0.0,0.0994837673636768,0.0,0.0,0.0,0.0,-0.0396,0.8712,-0.396,0.0,0.1,0.0,0.0,0.0994837673636768,0.0,0.004155545838081737,0.0,0.0,square,1,0.1,0.25,12,24,12.330132246017456,0.0
1779528026.4253833,0.0,0.0994837673636768,0.0,0.004155545838081737,0.0,0.0,-0.0396,0.9504,-0.5544000000000001,0.0,0.1,0.0,0.0,0.0994837673636768,0.0,0.0,0.0,0.0,square,1,0.1,0.25,12,24,12.340007781982422,0.0
1779528026.4354131,0.0,0.0994837673636768,0.0,0.0,0.0,0.0,-0.1188,0.8712,-0.35639999999999994,0.0,0.1,0.0,0.0,0.0994837673636768,0.0,0.0,0.0,0.0,square,1,0.1,0.25,12,24,12.350000381469727,0.0
1779528026.445421,0.0,0.0994837673636768,0.0,0.0,0.0,0.0,-0.1188,0.8712,-0.35639999999999994,0.0,0.1,0.0,0.0,0.0994837673636768,0.0,0.0,0.0,0.0020777729190408684,square,1,0.1,0.25,12,24,12.360030174255371,0.0
1779528026.4553838,0.0,0.0994837673636768,0.0,0.0,0.0,0.0020777729190408684,-0.0396,0.7524000000000001,0.396,0.0,0.1,0.0,0.0,0.0994837673636768,0.0,0.0,0.0,0.0,square,1,0.1,0.25,12,24,12.370038032531738,0.0
1779528026.4653838,0.0,0.0994837673636768,0.0,0.0,0.0,0.0,0.0,0.9107999999999999,-0.35639999999999994,0.0,0.1,0.0,0.0,0.0994837673636768,0.0,0.0,0.0,0.0,square,1,0.1,0.25,12,24,12.380000829696655,0.0
1779528026.4754133,0.0,0.0994837673636768,0.0,0.0,0.0,0.0,-0.0792,0.9107999999999999,-0.396,0.0,0.1,0.0,0.0,0.0994837673636768,0.0,0.0,0.0,0.0,square,1,0.1,0.25,12,24,12.390000820159912,0.0
1779528026.485409,0.0,0.0994837673636768,0.0,0.0,0.0,0.0,-0.0792,0.9107999999999999,-0.396,0.0,0.1,0.0,0.0,0.0994837673636768,0.0,0.0,0.0,0.0,square,1,0.1,0.25,12,24,12.400030374526978,0.0
1779528026.4954135,0.0,0.0994837673636768,0.0,0.0,0.0,0.0,-0.1584,0.99,0.6732,0.0,0.1,0.0,0.0,0.0994837673636768,0.0,0.0,0.0,0.0,square,1,0.1,0.25,12,24,12.41002607345581,0.0
1779528026.5053837,0.0,0.0994837673636768,0.0,0.0,0.0,0.0,-0.1584,0.99,0.6732,0.0,0.1,0.0,0.0,0.0994837673636768,0.0,-0.004155545838081737,0.0,0.0,square,1,0.1,0.25,12,24,12.42003059387207,0.0
1779528026.515384,0.0,0.0994837673636768,0.0,-0.004155545838081737,0.0,0.0,0.0,0.99,-0.5544000000000001,0.0,0.1,0.0,0.0,0.0994837673636768,0.0,-0.0020777729190408684,0.0,0.0,square,1,0.1,0.25,12,24,12.43000078201294,0.0
1779528026.5253835,0.0,0.0994837673636768,0.0,-0.0020777729190408684,0.0,0.0,-0.0396,0.8712,0.6336,0.0,0.1,0.0,0.0,0.0994837673636768,0.0,0.0,0.0,0.0,square,1,0.1,0.25,12,24,12.440001010894775,0.0
1779528026.535417,0.0,0.0994837673636768,0.0,0.0,0.0,0.0,0.0,0.99,0.4752,0.0,0.1,0.0,0.0,0.0994837673636768,0.0,0.0,0.0,0.0,square,1,0.1,0.25,12,24,12.450000524520874,0.0
1779528026.545416,0.0,0.0994837673636768,0.0,0.0,0.0,0.0,0.0,0.99,0.4752,0.0,0.1,0.0,0.0,0.0994837673636768,0.0,0.0020777729190408684,0.0,0.0,square,1,0.1,0.25,12,24,12.460034132003784,0.0
1779528026.5554178,0.0,0.0994837673636768,0.0,0.0020777729190408684,0.0,0.0,-0.1188,0.8316,-0.396,0.0,0.1,0.0,0.0,0.0994837673636768,0.0,0.0020777729190408684,0.0,0.0,square,1,0.1,0.25,12,24,12.470033168792725,0.0
1779528026.5653844,0.0,0.0994837673636768,0.0,0.0020777729190408684,0.0,0.0,-0.1188,0.8316,-0.396,0.0,0.1,0.0,0.0,0.0994837673636768,0.0,0.0,0.0,0.0,square,1,0.1,0.25,12,24,12.480034828186035,0.0
1779528026.575422,0.0,0.0994837673636768,0.0,0.0,0.0,0.0,-0.0792,0.99,-0.3168,0.0,0.1,0.0,0.0,0.0994837673636768,0.0,0.0,0.0,0.0,square,1,0.1,0.25,12,24,12.490001440048218,0.0
1779528026.5854123,0.0,0.0994837673636768,0.0,0.0,0.0,0.0,-0.0792,0.99,-0.3168,0.0,0.1,0.0,0.0,0.0994837673636768,0.0,-0.0020777729190408684,0.0,0.0020777729190408684,square,1,0.1,0.25,12,24,12.500039100646973,0.0
1779528026.5955822,0.0,0.0994837673636768,0.0,-0.0020777729190408684,0.0,0.0020777729190408684,0.0,1.0692,-0.3168,0.0,0.1,0.0,0.0,0.0994837673636768,0.0,0.0,0.0,0.0,square,1,0.1,0.25,12,24,12.510029315948486,0.0
1779528026.6053843,0.0,0.0994837673636768,0.0,0.0,0.0,0.0,0.0,1.1880000000000002,-0.35639999999999994,0.0,0.1,0.0,0.0,0.0994837673636768,0.0,0.0,0.0,0.0,square,1,0.1,0.25,12,24,12.520199298858643,0.0
1779528026.6153834,0.0,0.0994837673636768,0.0,0.0,0.0,0.0,-0.0792,1.1483999999999999,-0.4752,0.0,0.1,0.0,0.0,0.0994837673636768,0.0,0.0020777729190408684,0.0,0.0,square,1,0.1,0.25,12,24,12.530001401901245,0.0
1779528026.6253846,0.0,0.0994837673636768,0.0,0.0020777729190408684,0.0,0.0,-0.0792,1.1483999999999999,-0.4356,0.0,0.1,0.0,0.0,0.0994837673636768,0.0,0.0020777729190408684,0.0,0.0,square,1,0.1,0.25,12,24,12.540000438690186,0.0
1779528026.635384,0.0,0.0994837673636768,0.0,0.0020777729190408684,0.0,0.0,0.1584,0.9504,-0.3168,0.0,0.1,0.0,0.0,0.0994837673636768,0.0,0.0,0.0,0.0,square,1,0.1,0.25,12,24,12.550001621246338,0.0
1779528026.6453848,0.0,0.0994837673636768,0.0,0.0,0.0,0.0,0.198,1.1483999999999999,-0.35639999999999994,0.0,0.1,0.0,0.0,0.0994837673636768,0.0,0.0,0.0,0.0,square,1,0.1,0.25,12,24,12.560001134872437,0.0
1779528026.6554174,0.0,0.0994837673636768,0.0,0.0,0.0,0.0,0.1584,1.1483999999999999,0.35639999999999994,0.0,0.1,0.0,0.0,0.0994837673636768,0.0,0.0,0.0,0.0,square,1,0.1,0.25,12,24,12.57000184059143,0.0
1779528026.6654167,0.0,0.0994837673636768,0.0,0.0,0.0,0.0,0.1584,1.1483999999999999,0.35639999999999994,0.0,0.1,0.0,0.0,0.0994837673636768,0.0,0.0,0.0,0.0,square,1,0.1,0.25,12,24,12.580034494400024,0.0
1779528026.675397,0.0,0.0994837673636768,0.0,0.0,0.0,0.0,-0.0396,1.1088000000000002,0.3168,0.0,0.1,0.0,0.0,0.0994837673636768,0.0,-0.004155545838081737,-0.0020777729190408684,0.0,square,1,0.1,0.25,12,24,12.590033769607544,0.0
1779528026.6853836,0.0,0.0994837673636768,0.0,-0.004155545838081737,-0.0020777729190408684,0.0,-0.0792,1.0692,0.27720000000000006,0.0,0.1,0.0,0.0,0.0994837673636768,0.0,-0.0020777729190408684,0.0,0.0,square,1,0.1,0.25,12,24,12.600013971328735,0.0
1779528026.6953835,0.0,0.0994837673636768,0.0,-0.0020777729190408684,0.0,0.0,0.0,1.2276,-0.2376,0.0,0.1,0.0,0.0,0.0994837673636768,0.0,-0.0020777729190408684,0.0,0.0,square,1,0.1,0.25,12,24,12.610000610351562,0.0
1779528026.7053986,0.0,0.0994837673636768,0.0,-0.0020777729190408684,0.0,0.0,-0.0792,1.2672,-0.2376,0.0,0.1,0.0,0.0,0.0994837673636768,0.0,0.0,0.0,0.0,square,1,0.1,0.25,12,24,12.62000060081482,0.0
1779528026.715384,0.0,0.0994837673636768,0.0,0.0,0.0,0.0,-0.0396,1.2276,-0.27720000000000006,0.0,0.1,0.0,0.0,0.0994837673636768,0.0,0.0,0.0,0.0,square,1,0.1,0.25,12,24,12.63001561164856,0.0
1779528026.7254062,0.0,0.0994837673636768,0.0,0.0,0.0,0.0,-0.0792,1.1483999999999999,-0.35639999999999994,0.0,0.1,0.0,0.0,0.0994837673636768,0.0,0.004155545838081737,0.0,0.0,square,1,0.1,0.25,12,24,12.640001058578491,0.0
1779528026.7353952,0.0,0.0994837673636768,0.0,0.004155545838081737,0.0,0.0,-0.0792,1.1088000000000002,-0.35639999999999994,0.0,0.1,0.0,0.0,0.0994837673636768,0.0,0.004155545838081737,-0.0020777729190408684,0.0,square,1,0.1,0.25,12,24,12.650023221969604,0.0
1779528026.7453835,0.0,0.0994837673636768,0.0,0.004155545838081737,-0.0020777729190408684,0.0,-0.1584,1.2672,-0.27720000000000006,0.0,0.1,0.0,0.0,0.0994837673636768,0.0,0.004155545838081737,0.0,0.0,square,1,0.1,0.25,12,24,12.660012245178223,0.0
1779528026.7554162,0.0,0.0994837673636768,0.0,0.004155545838081737,0.0,0.0,0.198,1.2672,-0.27720000000000006,0.0,0.1,0.0,0.0,0.0994837673636768,0.0,0.004155545838081737,0.0,0.0,square,1,0.1,0.25,12,24,12.670000553131104,0.0
1779528026.765418,0.0,0.0994837673636768,0.0,0.004155545838081737,0.0,0.0,0.198,1.2672,-0.27720000000000006,0.0,0.1,0.0,0.0,0.0994837673636768,0.0,0.0,0.0,0.0,square,1,0.1,0.25,12,24,12.680033206939697,0.0
1779528026.7753837,0.0,0.0994837673636768,0.0,0.0,0.0,0.0,0.1584,1.2672,0.27720000000000006,0.0,0.1,0.0,0.0,0.0994837673636768,0.0,0.0,-0.0020777729190408684,0.0,square,1,0.1,0.25,12,24,12.690035104751587,0.0
1779528026.7854178,0.0,0.0994837673636768,0.0,0.0,-0.0020777729190408684,0.0,-0.0396,1.2276,-0.2376,0.0,0.1,0.0,0.0,0.0994837673636768,0.0,0.0,-0.0020777729190408684,0.0,square,1,0.1,0.25,12,24,12.700000762939453,0.0
1779528026.7954443,0.0,0.0994837673636768,0.0,0.0,-0.0020777729190408684,0.0,-0.0396,1.2276,-0.2376,0.0,0.1,0.0,0.0,0.0994837673636768,0.0,-0.006233318757122605,0.0,0.0,square,1,0.1,0.25,12,24,12.710034847259521,0.0
1779528026.8054168,0.0,0.0994837673636768,0.0,-0.006233318757122605,0.0,0.0,-0.1188,1.2672,-0.2376,0.0,0.1,0.0,0.0,0.0994837673636768,0.0,-0.0020777729190408684,0.0,0.0,square,1,0.1,0.25,12,24,12.720061302185059,0.0
1779528026.8154013,0.0,0.0994837673636768,0.0,-0.0020777729190408684,0.0,0.0,-0.0792,1.1483999999999999,-0.396,0.0,0.1,0.0,0.0,0.0994837673636768,0.0,0.0,0.0,0.0,square,1,0.1,0.25,12,24,12.730033874511719,0.0
1779528026.8253841,0.0,0.0994837673636768,0.0,0.0,0.0,0.0,-0.0396,1.0692,-0.396,0.0,0.1,0.0,0.0,0.0994837673636768,0.0,0.0,0.0,0.0,square,1,0.1,0.25,12,24,12.740018367767334,0.0
1779528026.8353834,0.0,0.0994837673636768,0.0,0.0,0.0,0.0,-0.0396,1.1483999999999999,0.3168,0.0,0.1,0.0,0.0,0.0994837673636768,0.0,0.0,-0.0020777729190408684,0.0,square,1,0.1,0.25,12,24,12.750001192092896,0.0
1779528026.8454137,0.0,0.0994837673636768,0.0,0.0,-0.0020777729190408684,0.0,-0.0792,1.2672,0.2376,0.0,0.1,0.0,0.0,0.0994837673636768,0.0,0.0,-0.0020777729190408684,0.0,square,1,0.1,0.25,12,24,12.760000467300415,0.0
1779528026.855383,0.0,0.0994837673636768,0.0,0.0,-0.0020777729190408684,0.0,-0.0792,1.2672,0.2376,0.0,0.1,0.0,0.0,0.0994837673636768,0.0,0.0020777729190408684,0.0,0.0,square,1,0.1,0.25,12,24,12.770030736923218,0.0
1779528026.8654184,0.0,0.0994837673636768,0.0,0.0020777729190408684,0.0,0.0,-0.1188,1.3068,-0.3168,0.0,0.1,0.0,0.0,0.0994837673636768,0.0,0.0020777729190408684,0.0,0.0,square,1,0.1,0.25,12,24,12.77999997138977,0.0
1779528026.8753746,0.0,0.0994837673636768,0.0,0.0020777729190408684,0.0,0.0,-0.1188,1.3068,-0.3168,0.0,0.1,0.0,0.0,0.0994837673636768,0.0,0.0,0.0,-0.0020777729190408684,square,1,0.1,0.25,12,24,12.790035486221313,0.0
1779528026.8854206,0.0,0.0994837673636768,0.0,0.0,0.0,-0.0020777729190408684,-0.0396,1.2672,-0.3168,0.0,0.1,0.0,0.0,0.0994837673636768,0.0,0.0,0.0,-0.0020777729190408684,square,1,0.1,0.25,12,24,12.799991607666016,0.0
1779528026.8954167,0.0,0.0994837673636768,0.0,0.0,0.0,-0.0020777729190408684,-0.0396,1.2672,-0.3168,0.0,0.1,0.0,0.0,0.0994837673636768,0.0,0.0,0.0,0.0,square,1,0.1,0.25,12,24,12.810037612915039,0.0
1779528026.9054105,0.0,0.0994837673636768,0.0,0.0,0.0,0.0,0.0,1.3464,-0.3168,0.0,0.1,0.0,0.0,0.0994837673636768,0.0,0.0,0.0,0.0,square,1,0.1,0.25,12,24,12.82003378868103,0.0
1779528026.9154146,0.0,0.0994837673636768,0.0,0.0,0.0,0.0,-0.0396,1.1483999999999999,0.3168,0.0,0.1,0.0,0.0,0.0994837673636768,0.0,0.0,0.0,0.0,square,1,0.1,0.25,12,24,12.83002758026123,0.0
1779528026.925418,0.0,0.0994837673636768,0.0,0.0,0.0,0.0,-0.0396,1.1483999999999999,0.3168,0.0,0.1,0.0,0.0,0.0994837673636768,0.0,0.0,0.0,0.0,square,1,0.1,0.25,12,24,12.840031623840332,0.0
1779528026.9354002,0.0,0.0994837673636768,0.0,0.0,0.0,0.0,-0.0396,1.3068,-0.396,0.0,0.1,0.0,0.0,0.0994837673636768,0.0,0.0,0.0,0.0,square,1,0.1,0.25,12,24,12.850034952163696,0.0
1779528026.9464123,0.0,0.0994837673636768,0.0,0.0,0.0,0.0,-0.0396,1.3068,-0.2376,0.0,0.1,0.0,0.0,0.0994837673636768,0.0,0.0,0.0,0.0,square,1,0.1,0.25,12,24,12.8600172996521,0.0
1779528026.9554272,0.0,0.0994837673636768,0.0,0.0,0.0,0.0,-0.0396,1.3068,-0.2376,0.0,0.1,0.0,0.0,0.0994837673636768,0.0,0.0,0.0,0.0,square,1,0.1,0.25,12,24,12.871029376983643,0.0
1779528026.9653838,0.0,0.0994837673636768,0.0,0.0,0.0,0.0,0.0,1.2672,-0.4356,0.0,0.1,0.0,0.0,0.0994837673636768,0.0,0.0,0.0,0.0,square,1,0.1,0.25,12,24,12.880044221878052,0.0
1779528026.9753964,0.0,0.0994837673636768,0.0,0.0,0.0,0.0,0.0,1.3464,-0.3168,0.0,0.1,0.0,0.0,0.0994837673636768,0.0,0.0,0.0,0.0,square,1,0.1,0.25,12,24,12.890000820159912,0.0
1779528026.9854226,0.0,0.0994837673636768,0.0,0.0,0.0,0.0,0.0,1.3464,-0.2376,0.0,0.1,0.0,0.0,0.0994837673636768,0.0,0.0,0.0,0.0,square,1,0.1,0.25,12,24,12.900013446807861,0.0
1779528026.9954436,0.0,0.0994837673636768,0.0,0.0,0.0,0.0,0.0,1.3464,-0.2376,0.0,0.1,0.0,0.0,0.0994837673636768,0.0,0.0,0.0,0.0,square,1,0.1,0.25,12,24,12.91003966331482,0.0
1779528027.0054164,0.0,0.0994837673636768,0.0,0.0,0.0,0.0,0.0,1.3464,-0.27720000000000006,0.0,0.1,0.0,0.0,0.0994837673636768,0.0,0.0020777729190408684,0.0,0.0,square,1,0.1,0.25,12,24,12.920060634613037,0.0
1779528027.0154111,0.0,0.0994837673636768,0.0,0.0020777729190408684,0.0,0.0,-0.0792,1.3464,-0.396,0.0,0.1,0.0,0.0,0.0994837673636768,0.0,0.0,0.0,0.0,square,1,0.1,0.25,12,24,12.930033445358276,0.0
1779528027.025415,0.0,0.0994837673636768,0.0,0.0,0.0,0.0,-0.0396,1.4652,-0.4356,0.0,0.1,0.0,0.0,0.0994837673636768,0.0,0.0,0.0,0.0,square,1,0.1,0.25,12,24,12.940028190612793,0.0
1779528027.0353835,0.0,0.0994837673636768,0.0,0.0,0.0,0.0,-0.0396,1.2276,-0.35639999999999994,0.0,0.1,0.0,0.0,0.0994837673636768,0.0,0.0,0.0,0.0,square,1,0.1,0.25,12,24,12.950031995773315,0.0
1779528027.045385,0.0,0.0994837673636768,0.0,0.0,0.0,0.0,-0.0792,1.3068,0.4356,0.0,0.1,0.0,0.0,0.0994837673636768,0.0,-0.0020777729190408684,0.0,0.0,square,1,0.1,0.25,12,24,12.96000051498413,0.0
1779528027.0555305,0.0,0.0994837673636768,0.0,-0.0020777729190408684,0.0,0.0,-0.0792,1.3860000000000001,-0.396,0.0,0.1,0.0,0.0,0.0994837673636768,0.0,-0.0020777729190408684,0.0,0.0,square,1,0.1,0.25,12,24,12.970001935958862,0.0
1779528027.0655136,0.0,0.0994837673636768,0.0,-0.0020777729190408684,0.0,0.0,-0.0792,1.3860000000000001,-0.396,0.0,0.1,0.0,0.0,0.0994837673636768,0.0,0.0,0.0020777729190408684,0.0,square,1,0.1,0.25,12,24,12.98014760017395,0.0
1779528027.0753846,0.0,0.0994837673636768,0.0,0.0,0.0020777729190408684,0.0,-0.0396,1.2672,-0.35639999999999994,0.0,0.1,0.0,0.0,0.0994837673636768,0.0,0.0,0.0,0.0,square,1,0.1,0.25,12,24,12.99013066291809,0.0
1779528027.085384,0.0,0.0994837673636768,0.0,0.0,0.0,0.0,0.0,1.2672,-0.396,0.0,0.1,0.0,0.0,0.0994837673636768,0.0,0.0,0.0020777729190408684,0.0,square,1,0.1,0.25,12,24,13.000001668930054,0.0
1779528027.0955424,0.0,0.0994837673636768,0.0,0.0,0.0020777729190408684,0.0,0.0,1.2672,-0.35639999999999994,0.0,0.1,0.0,0.0,0.0994837673636768,0.0,0.0,0.0020777729190408684,0.0,square,1,0.1,0.25,12,24,13.010000944137573,0.0
1779528027.1055548,0.0,0.0994837673636768,0.0,0.0,0.0020777729190408684,0.0,0.0,1.2672,-0.35639999999999994,0.0,0.1,0.0,0.0,0.0994837673636768,0.0,0.0,0.0,0.0,square,1,0.1,0.25,12,24,13.020159482955933,0.0
1779528027.1153834,0.0,0.0994837673636768,0.0,0.0,0.0,0.0,0.0,1.4652,0.3168,0.0,0.1,0.0,0.0,0.0994837673636768,0.0,0.0,0.0,0.0,square,1,0.1,0.25,12,24,13.030171871185303,0.0
1779528027.1253834,0.0,0.0994837673636768,0.0,0.0,0.0,0.0,-0.0396,1.4652,-0.27720000000000006,0.0,0.1,0.0,0.0,0.0994837673636768,0.0,0.0020777729190408684,0.0,0.0,square,1,0.1,0.25,12,24,13.040000438690186,0.0
1779528027.1353838,0.0,0.0994837673636768,0.0,0.0020777729190408684,0.0,0.0,0.0792,1.4255999999999998,-0.27720000000000006,0.0,0.1,0.0,0.0,0.0994837673636768,0.0,0.0020777729190408684,0.0,0.0020777729190408684,square,1,0.1,0.25,12,24,13.050000429153442,0.0
1779528027.1455395,0.0,0.0994837673636768,0.0,0.0020777729190408684,0.0,0.0020777729190408684,-0.0792,1.3464,-0.35639999999999994,0.0,0.1,0.0,0.0,0.0994837673636768,0.0,0.0020777729190408684,0.0,0.0020777729190408684,square,1,0.1,0.25,12,24,13.060000896453857,0.0
1779528027.1554482,0.0,0.0994837673636768,0.0,0.0020777729190408684,0.0,0.0020777729190408684,-0.0792,1.3464,-0.35639999999999994,0.0,0.1,0.0,0.0,0.0994837673636768,0.0,-0.0020777729190408684,0.0,0.0,square,1,0.1,0.25,12,24,13.070156574249268,0.0
1779528027.1653848,0.0,0.0994837673636768,0.0,-0.0020777729190408684,0.0,0.0,-0.0396,1.4652,-0.35639999999999994,0.0,0.1,0.0,0.0,0.0994837673636768,0.0,-0.0020777729190408684,-0.0020777729190408684,0.0,square,1,0.1,0.25,12,24,13.080065250396729,0.0
1779528027.1753838,0.0,0.0994837673636768,0.0,-0.0020777729190408684,-0.0020777729190408684,0.0,0.0,1.4255999999999998,-0.2376,0.0,0.1,0.0,0.0,0.0994837673636768,0.0,0.0,0.0,0.0,square,1,0.1,0.25,12,24,13.090001821517944,0.0
1779528027.1853945,0.0,0.0994837673636768,0.0,0.0,0.0,0.0,-0.0396,1.3860000000000001,-0.3168,0.0,0.1,0.0,0.0,0.0994837673636768,0.0,0.0,0.0,0.0,square,1,0.1,0.25,12,24,13.100000858306885,0.0
1779528027.1955633,0.0,0.0994837673636768,0.0,0.0,0.0,0.0,0.0,1.3068,-0.396,0.0,0.1,0.0,0.0,0.0994837673636768,0.0,0.0,0.0,0.0,square,1,0.1,0.25,12,24,13.110011577606201,0.0
1779528027.2054362,0.0,0.0994837673636768,0.0,0.0,0.0,0.0,0.0,1.3068,-0.396,0.0,0.1,0.0,0.0,0.0994837673636768,0.0,-0.0020777729190408684,0.0020777729190408684,0.0,square,1,0.1,0.25,12,24,13.120180368423462,0.0
1779528027.2156763,0.0,0.0994837673636768,0.0,-0.0020777729190408684,0.0020777729190408684,0.0,0.0,1.3068,-0.27720000000000006,0.0,0.1,0.0,0.0,0.0994837673636768,0.0,-0.0020777729190408684,0.0020777729190408684,0.0,square,1,0.1,0.25,12,24,13.130053281784058,0.0
1779528027.225431,0.0,0.0994837673636768,0.0,-0.0020777729190408684,0.0020777729190408684,0.0,0.0,1.3068,-0.27720000000000006,0.0,0.1,0.0,0.0,0.0994837673636768,0.0,0.0,0.0,0.0,square,1,0.1,0.25,12,24,13.14029335975647,0.0
1779528027.2353842,0.0,0.0994837673636768,0.0,0.0,0.0,0.0,0.0396,1.3068,-0.396,0.0,0.1,0.0,0.0,0.0994837673636768,0.0,0.0,0.0,0.0,square,1,0.1,0.25,12,24,13.150048017501831,0.0
1779528027.245384,0.0,0.0994837673636768,0.0,0.0,0.0,0.0,0.0,1.3068,-0.35639999999999994,0.0,0.1,0.0,0.0,0.0994837673636768,0.0,-0.0020777729190408684,0.0,0.0,square,1,0.1,0.25,12,24,13.160001277923584,0.0
1779528027.2553954,0.0,0.0994837673636768,0.0,-0.0020777729190408684,0.0,0.0,-0.0792,1.4255999999999998,-0.2376,0.0,0.1,0.0,0.0,0.0994837673636768,0.0,0.0,0.0,0.0,square,1,0.1,0.25,12,24,13.170001029968262,0.0
1779528027.265394,0.0,0.0994837673636768,0.0,0.0,0.0,0.0,-0.0396,1.3464,-0.35639999999999994,0.0,0.1,0.0,0.0,0.0994837673636768,0.0,0.0,0.0,0.0,square,1,0.1,0.25,12,24,13.180012464523315,0.0
1779528027.2753851,0.0,0.0994837673636768,0.0,0.0,0.0,0.0,-0.0396,1.4255999999999998,-0.27720000000000006,0.0,0.1,0.0,0.0,0.0994837673636768,0.0,0.0,0.0,0.0,square,1,0.1,0.25,12,24,13.190011024475098,0.0
1779528027.2853944,0.0,0.0994837673636768,0.0,0.0,0.0,0.0,0.0,1.3860000000000001,-0.396,0.0,0.1,0.0,0.0,0.0994837673636768,0.0,0.0,0.0,0.0020777729190408684,square,1,0.1,0.25,12,24,13.200002193450928,0.0
1779528027.2955287,0.0,0.0994837673636768,0.0,0.0,0.0,0.0020777729190408684,0.0,1.5048000000000001,0.35639999999999994,0.0,0.1,0.0,0.0,0.0994837673636768,0.0,0.0,0.0,0.0020777729190408684,square,1,0.1,0.25,12,24,13.21001148223877,0.0
1779528027.3053842,0.0,0.0994837673636768,0.0,0.0,0.0,0.0020777729190408684,0.0,1.5048000000000001,0.35639999999999994,0.0,0.1,0.0,0.0,0.0994837673636768,0.0,0.0,-0.0020777729190408684,0.0,square,1,0.1,0.25,12,24,13.22014570236206,0.0
1779528027.3153954,0.0,0.0994837673636768,0.0,0.0,-0.0020777729190408684,0.0,0.0,1.4652,-0.35639999999999994,0.0,0.1,0.0,0.0,0.0994837673636768,0.0,0.0,0.0,0.0,square,1,0.1,0.25,12,24,13.230001211166382,0.0
1779528027.3253925,0.0,0.0994837673636768,0.0,0.0,0.0,0.0,0.0,1.5048000000000001,-0.2376,0.0,0.1,0.0,0.0,0.0994837673636768,0.0,0.0,0.0,0.0,square,1,0.1,0.25,12,24,13.240012407302856,0.0
1779528027.3353918,0.0,0.0994837673636768,0.0,0.0,0.0,0.0,0.0,1.5048000000000001,-0.3168,0.0,0.1,0.0,0.0,0.0994837673636768,0.0,0.0,0.0,0.0,square,1,0.1,0.25,12,24,13.250009536743164,0.0
1779528027.3453846,0.0,0.0994837673636768,0.0,0.0,0.0,0.0,0.0,1.5048000000000001,-0.396,0.0,0.1,0.0,0.0,0.0994837673636768,0.0,0.0,0.0,0.0,square,1,0.1,0.25,12,24,13.260008811950684,0.0
1779528027.3555315,0.0,0.0994837673636768,0.0,0.0,0.0,0.0,0.0,1.3860000000000001,0.27720000000000006,0.0,0.1,0.0,0.0,0.0994837673636768,0.0,0.0,0.0,0.0,square,1,0.1,0.25,12,24,13.270001649856567,0.0
1779528027.3654113,0.0,0.0994837673636768,0.0,0.0,0.0,0.0,0.0,1.3860000000000001,0.27720000000000006,0.0,0.1,0.0,0.0,0.0994837673636768,0.0,0.0,0.0,0.0,square,1,0.1,0.25,12,24,13.28014850616455,0.0
1779528027.3753836,0.0,0.0994837673636768,0.0,0.0,0.0,0.0,0.0,1.3464,0.27720000000000006,0.0,0.1,0.0,0.0,0.0994837673636768,0.0,-0.004155545838081737,0.0,0.0,square,1,0.1,0.25,12,24,13.29002833366394,0.0
1779528027.385384,0.0,0.0994837673636768,0.0,-0.004155545838081737,0.0,0.0,-0.1188,1.3464,-0.35639999999999994,0.0,0.1,0.0,0.0,0.0994837673636768,0.0,0.0,0.0,0.0,square,1,0.1,0.25,12,24,13.300000667572021,0.0
1779528027.395392,0.0,0.0994837673636768,0.0,0.0,0.0,0.0,-0.0396,1.3464,0.198,0.0,0.1,0.0,0.0,0.0994837673636768,0.0,0.0,0.0,0.0,square,1,0.1,0.25,12,24,13.310001134872437,0.0
1779528027.4056206,0.0,0.0994837673636768,0.0,0.0,0.0,0.0,0.0,1.3464,-0.3168,0.0,0.1,0.0,0.0,0.0994837673636768,0.0,0.0,0.0,0.0,square,1,0.1,0.25,12,24,13.320008993148804,0.0
1779528027.4154181,0.0,0.0994837673636768,0.0,0.0,0.0,0.0,0.0,1.3464,-0.3168,0.0,0.1,0.0,0.0,0.0994837673636768,0.0,0.0,0.0,0.0,square,1,0.1,0.25,12,24,13.330237627029419,0.0
1779528027.4255407,0.0,0.0994837673636768,0.0,0.0,0.0,0.0,-0.0396,1.4652,-0.27720000000000006,0.0,0.1,0.0,0.0,0.0994837673636768,0.0,0.0,0.0,0.0,square,1,0.1,0.25,12,24,13.340035200119019,0.0
1779528027.435545,0.0,0.0994837673636768,0.0,0.0,0.0,0.0,-0.0396,1.4652,-0.27720000000000006,0.0,0.1,0.0,0.0,0.0994837673636768,0.0,0.0,0.0,0.0,square,1,0.1,0.25,12,24,13.350157737731934,0.0
1779528027.4453838,0.0,0.0994837673636768,0.0,0.0,0.0,0.0,0.0,1.2672,-0.3168,0.0,0.1,0.0,0.0,0.0994837673636768,0.0,0.0,0.0,-0.0020777729190408684,square,1,0.1,0.25,12,24,13.360162019729614,0.0
1779528027.455383,0.0,0.0994837673636768,0.0,0.0,0.0,-0.0020777729190408684,-0.0396,1.3464,-0.27720000000000006,0.0,0.1,0.0,0.0,0.0994837673636768,0.0,0.0,0.0,0.0,square,1,0.1,0.25,12,24,13.370000839233398,0.0
1779528027.4653838,0.0,0.0994837673636768,0.0,0.0,0.0,0.0,0.0,1.5444,0.35639999999999994,0.0,0.1,0.0,0.0,0.0994837673636768,0.0,0.0,0.0,0.0,square,1,0.1,0.25,12,24,13.380000114440918,0.0
1779528027.475395,0.0,0.0994837673636768,0.0,0.0,0.0,0.0,0.0,1.4652,-0.2376,0.0,0.1,0.0,0.0,0.0994837673636768,0.0,0.0,0.0,-0.0020777729190408684,square,1,0.1,0.25,12,24,13.390000820159912,0.0
1779528027.485392,0.0,0.0994837673636768,0.0,0.0,0.0,-0.0020777729190408684,0.0,1.4652,-0.35639999999999994,0.0,0.1,0.0,0.0,0.0994837673636768,0.0,0.0,0.0,0.0,square,1,0.1,0.25,12,24,13.400012016296387,0.0
1779528027.4955132,0.0,0.0994837673636768,0.0,0.0,0.0,0.0,0.0,1.3068,-0.2376,0.0,0.1,0.0,0.0,0.0994837673636768,0.0,0.0,0.0,0.0,square,1,0.1,0.25,12,24,13.410009145736694,0.0
1779528027.5054653,0.0,0.0994837673636768,0.0,0.0,0.0,0.0,0.0,1.3068,-0.2376,0.0,0.1,0.0,0.0,0.0994837673636768,0.0,0.0,0.0,0.0,square,1,0.1,0.25,12,24,13.420130252838135,0.0
1779528027.5154672,0.0,0.0994837673636768,0.0,0.0,0.0,0.0,-0.0396,1.5048000000000001,-0.396,0.0,0.1,0.0,0.0,0.0994837673636768,0.0,0.0,0.0,0.0,square,1,0.1,0.25,12,24,13.430082321166992,0.0
1779528027.5255096,0.0,0.0994837673636768,0.0,0.0,0.0,0.0,-0.0396,1.5048000000000001,-0.396,0.0,0.1,0.0,0.0,0.0994837673636768,0.0,0.0,0.0,0.0,square,1,0.1,0.25,12,24,13.440084218978882,0.0
1779528027.5355504,0.0,0.0994837673636768,0.0,0.0,0.0,0.0,-0.0396,1.4255999999999998,-0.3168,0.0,0.1,0.0,0.0,0.0994837673636768,0.0,0.0,0.0,0.0,square,1,0.1,0.25,12,24,13.450126647949219,0.0
1779528027.5453844,0.0,0.0994837673636768,0.0,0.0,0.0,0.0,-0.0396,1.4255999999999998,-0.3168,0.0,0.1,0.0,0.0,0.0994837673636768,0.0,0.0,0.0,0.0020777729190408684,square,1,0.1,0.25,12,24,13.460167407989502,0.0
1779528027.5555346,0.0,0.0994837673636768,0.0,0.0,0.0,0.0020777729190408684,-0.0792,1.5048000000000001,-0.4356,0.0,0.1,0.0,0.0,0.0994837673636768,0.0,0.0,0.0,0.0020777729190408684,square,1,0.1,0.25,12,24,13.470001459121704,0.0
1779528027.565426,0.0,0.0994837673636768,0.0,0.0,0.0,0.0020777729190408684,-0.0792,1.5048000000000001,-0.4356,0.0,0.1,0.0,0.0,0.0994837673636768,0.0,0.0,0.0,0.0,square,1,0.1,0.25,12,24,13.480151653289795,0.0
1779528027.575616,0.0,0.0994837673636768,0.0,0.0,0.0,0.0,0.0396,1.3860000000000001,-0.27720000000000006,0.0,0.1,0.0,0.0,0.0994837673636768,0.0,0.0,0.0,0.0,square,1,0.1,0.25,12,24,13.49004316329956,0.0
1779528027.585414,0.0,0.0994837673636768,0.0,0.0,0.0,0.0,0.0,1.4652,-0.27720000000000006,0.0,0.1,0.0,0.0,0.0994837673636768,0.0,0.0,0.0020777729190408684,0.0,square,1,0.1,0.25,12,24,13.500232934951782,0.0
1779528027.5953836,0.0,0.0994837673636768,0.0,0.0,0.0020777729190408684,0.0,0.0,1.3068,-0.27720000000000006,0.0,0.1,0.0,0.0,0.0994837673636768,0.0,0.0,0.0,0.0,square,1,0.1,0.25,12,24,13.51003098487854,0.0
1779528027.6056097,0.0,0.0994837673636768,0.0,0.0,0.0,0.0,0.0,1.3860000000000001,-0.2376,0.0,0.1,0.0,0.0,0.0994837673636768,0.0,0.0,0.0,0.0,square,1,0.1,0.25,12,24,13.520000696182251,0.0
1779528027.615411,0.0,0.0994837673636768,0.0,0.0,0.0,0.0,0.0,1.3860000000000001,-0.2376,0.0,0.1,0.0,0.0,0.0994837673636768,0.0,0.0,0.0,0.0,square,1,0.1,0.25,12,24,13.530226707458496,0.0
1779528027.6253839,0.0,0.0994837673636768,0.0,0.0,0.0,0.0,-0.0396,1.584,-0.35639999999999994,0.0,0.1,0.0,0.0,0.0994837673636768,0.0,0.0,0.0,0.0,square,1,0.1,0.25,12,24,13.540028095245361,0.0
1779528027.635392,0.0,0.0994837673636768,0.0,0.0,0.0,0.0,-0.0396,1.3860000000000001,-0.3168,0.0,0.1,0.0,0.0,0.0994837673636768,0.0,0.0,0.0,0.0,square,1,0.1,0.25,12,24,13.5500009059906,0.0
1779528027.645579,0.0,0.0994837673636768,0.0,0.0,0.0,0.0,-0.0396,1.3068,-0.35639999999999994,0.0,0.1,0.0,0.0,0.0994837673636768,0.0,0.0,0.0,0.0,square,1,0.1,0.25,12,24,13.560009002685547,0.0
1779528027.6554232,0.0,0.0994837673636768,0.0,0.0,0.0,0.0,-0.0396,1.3068,-0.35639999999999994,0.0,0.1,0.0,0.0,0.0994837673636768,0.0,0.0,0.0,0.0,square,1,0.1,0.25,12,24,13.570196151733398,0.0
1779528027.6653833,0.0,0.0994837673636768,0.0,0.0,0.0,0.0,-0.0792,1.3860000000000001,-0.27720000000000006,0.0,0.1,0.0,0.0,0.0994837673636768,0.0,0.0,0.0,0.0,square,1,0.1,0.25,12,24,13.580040216445923,0.0
1779528027.675395,0.0,0.0994837673636768,0.0,0.0,0.0,0.0,0.0,1.4255999999999998,-0.35639999999999994,0.0,0.1,0.0,0.0,0.0994837673636768,0.0,0.0,0.0020777729190408684,0.0,square,1,0.1,0.25,12,24,13.59000039100647,0.0
1779528027.6853917,0.0,0.0994837673636768,0.0,0.0,0.0020777729190408684,0.0,0.0,1.3464,-0.198,0.0,0.1,0.0,0.0,0.0994837673636768,0.0,0.0,0.0,0.0,square,1,0.1,0.25,12,24,13.600012063980103,0.0
1779528027.6954138,0.0,0.0994837673636768,0.0,0.0,0.0,0.0,-0.0396,1.4255999999999998,-0.3168,0.0,0.1,0.0,0.0,0.0994837673636768,0.0,0.0,0.0,0.0,square,1,0.1,0.25,12,24,13.610008716583252,0.0
1779528027.7054145,0.0,0.0994837673636768,0.0,0.0,0.0,0.0,0.0,1.3464,-0.3168,0.0,0.1,0.0,0.0,0.0994837673636768,0.0,0.0,0.0,0.0,square,1,0.1,0.25,12,24,13.620030879974365,0.0
1779528027.715569,0.0,0.0994837673636768,0.0,0.0,0.0,0.0,0.0,1.3068,-0.3168,0.0,0.1,0.0,0.0,0.0994837673636768,0.0,0.0,0.0,0.0,square,1,0.1,0.25,12,24,13.63003158569336,0.0
1779528027.725412,0.0,0.0994837673636768,0.0,0.0,0.0,0.0,0.0,1.3068,-0.3168,0.0,0.1,0.0,0.0,0.0994837673636768,0.0,0.0020777729190408684,0.0,0.0,square,1,0.1,0.25,12,24,13.640186071395874,0.0
1779528027.7353835,0.0,0.0994837673636768,0.0,0.0020777729190408684,0.0,0.0,-0.0396,1.4652,-0.3168,0.0,0.1,0.0,0.0,0.0994837673636768,0.0,0.0,0.0,0.0,square,1,0.1,0.25,12,24,13.650028944015503,0.0
1779528027.745564,0.0,0.0994837673636768,0.0,0.0,0.0,0.0,-0.0792,1.3464,-0.3168,0.0,0.1,0.0,0.0,0.0994837673636768,0.0,0.0,0.0,0.0,square,1,0.1,0.25,12,24,13.660000562667847,0.0
1779528027.7555304,0.0,0.0994837673636768,0.0,0.0,0.0,0.0,-0.0792,1.3464,-0.3168,0.0,0.1,0.0,0.0,0.0994837673636768,0.0,-0.0020777729190408684,-0.0020777729190408684,0.0,square,1,0.1,0.25,12,24,13.670181035995483,0.0
1779528027.7655456,0.0,0.0994837673636768,0.0,-0.0020777729190408684,-0.0020777729190408684,0.0,0.0,1.4652,-0.27720000000000006,0.0,0.1,0.0,0.0,0.0994837673636768,0.0,-0.0020777729190408684,-0.0020777729190408684,0.0,square,1,0.1,0.25,12,24,13.680147409439087,0.0
1779528027.7753835,0.0,0.0994837673636768,0.0,-0.0020777729190408684,-0.0020777729190408684,0.0,0.0,1.3860000000000001,-0.27720000000000006,0.0,0.1,0.0,0.0,0.0994837673636768,0.0,0.0,0.0,0.0,square,1,0.1,0.25,12,24,13.690162658691406,0.0
1779528027.7854447,0.0,0.0994837673636768,0.0,0.0,0.0,0.0,0.0,1.5048000000000001,-0.396,0.0,0.1,0.0,0.0,0.0994837673636768,0.0,0.0,0.0,0.0,square,1,0.1,0.25,12,24,13.700000524520874,0.0
1779528027.7954223,0.0,0.0994837673636768,0.0,0.0,0.0,0.0,0.0,1.5048000000000001,-0.35639999999999994,0.0,0.1,0.0,0.0,0.0994837673636768,0.0,0.0,0.0,0.0,square,1,0.1,0.25,12,24,13.71006178855896,0.0
1779528027.8054128,0.0,0.0994837673636768,0.0,0.0,0.0,0.0,0.0,1.5048000000000001,-0.35639999999999994,0.0,0.1,0.0,0.0,0.0994837673636768,0.0,0.0,0.0,-0.0020777729190408684,square,1,0.1,0.25,12,24,13.720039367675781,0.0
1779528027.8154128,0.0,0.0994837673636768,0.0,0.0,0.0,-0.0020777729190408684,-0.0396,1.4255999999999998,-0.35639999999999994,0.0,0.1,0.0,0.0,0.0994837673636768,0.0,0.0,0.0,-0.0020777729190408684,square,1,0.1,0.25,12,24,13.730029821395874,0.0
1779528027.825383,0.0,0.0994837673636768,0.0,0.0,0.0,-0.0020777729190408684,-0.0396,1.4255999999999998,-0.35639999999999994,0.0,0.1,0.0,0.0,0.0994837673636768,0.0,0.0,0.0,0.0020777729190408684,square,1,0.1,0.25,12,24,13.74002981185913,0.0
1779528027.835391,0.0,0.0994837673636768,0.0,0.0,0.0,0.0020777729190408684,-0.0396,1.3464,0.3168,0.0,0.1,0.0,0.0,0.0994837673636768,0.0,0.0,0.0,0.0,square,1,0.1,0.25,12,24,13.75,0.0
1779528027.845412,0.0,0.0994837673636768,0.0,0.0,0.0,0.0,0.0,1.3860000000000001,-0.27720000000000006,0.0,0.1,0.0,0.0,0.0994837673636768,0.0,0.0,0.0,0.0,square,1,0.1,0.25,12,24,13.760008096694946,0.0
1779528027.855384,0.0,0.0994837673636768,0.0,0.0,0.0,0.0,0.0,1.3860000000000001,-0.27720000000000006,0.0,0.1,0.0,0.0,0.0994837673636768,0.0,0.0020777729190408684,0.0,0.0,square,1,0.1,0.25,12,24,13.770029067993164,0.0
1779528027.8654225,0.0,0.0994837673636768,0.0,0.0020777729190408684,0.0,0.0,0.0,1.4255999999999998,-0.396,0.0,0.1,0.0,0.0,0.0994837673636768,0.0,0.0020777729190408684,0.0,0.0,square,1,0.1,0.25,12,24,13.780001163482666,0.0
1779528027.8753948,0.0,0.0994837673636768,0.0,0.0020777729190408684,0.0,0.0,0.0,1.4255999999999998,-0.396,0.0,0.1,0.0,0.0,0.0994837673636768,0.0,0.0,0.0,0.0,square,1,0.1,0.25,12,24,13.790039539337158,0.0
1779528027.8853831,0.0,0.0994837673636768,0.0,0.0,0.0,0.0,0.0,1.4255999999999998,-0.2376,0.0,0.1,0.0,0.0,0.0994837673636768,0.0,-0.0020777729190408684,0.0,0.0,square,1,0.1,0.25,12,24,13.80001187324524,0.0
1779528027.8953834,0.0,0.0994837673636768,0.0,-0.0020777729190408684,0.0,0.0,0.0,1.4652,-0.3168,0.0,0.1,0.0,0.0,0.0994837673636768,0.0,0.0020777729190408684,0.0,0.0,square,1,0.1,0.25,12,24,13.81000018119812,0.0
1779528027.9054358,0.0,0.0994837673636768,0.0,0.0020777729190408684,0.0,0.0,-0.0792,1.4255999999999998,-0.27720000000000006,0.0,0.1,0.0,0.0,0.0994837673636768,0.0,0.0,0.0,0.0,square,1,0.1,0.25,12,24,13.820000410079956,0.0
1779528027.9153838,0.0,0.0994837673636768,0.0,0.0,0.0,0.0,0.0,1.4652,-0.396,0.0,0.1,0.0,0.0,0.0994837673636768,0.0,0.0,0.0,0.0,square,1,0.1,0.25,12,24,13.830052852630615,0.0
1779528027.9253833,0.0,0.0994837673636768,0.0,0.0,0.0,0.0,0.0,1.3464,-0.27720000000000006,0.0,0.1,0.0,0.0,0.0994837673636768,0.0,0.0,0.0,0.0,square,1,0.1,0.25,12,24,13.840000867843628,0.0
1779528027.9353836,0.0,0.0994837673636768,0.0,0.0,0.0,0.0,0.0,1.4255999999999998,-0.198,0.0,0.1,0.0,0.0,0.0994837673636768,0.0,0.0,0.0,0.0,square,1,0.1,0.25,12,24,13.850000381469727,0.0
1779528027.9454153,0.0,0.0994837673636768,0.0,0.0,0.0,0.0,-0.0396,1.4652,-0.3168,0.0,0.1,0.0,0.0,0.0994837673636768,0.0,0.0,0.0,0.0,square,1,0.1,0.25,12,24,13.860000610351562,0.0
1779528027.9554033,0.0,0.0994837673636768,0.0,0.0,0.0,0.0,-0.0396,1.4652,-0.3168,0.0,0.1,0.0,0.0,0.0994837673636768,0.0,0.0,0.0,0.0,square,1,0.1,0.25,12,24,13.87003231048584,0.0
1779528027.965395,0.0,0.0994837673636768,0.0,0.0,0.0,0.0,0.0,1.5444,-0.3168,0.0,0.1,0.0,0.0,0.0994837673636768,0.0,0.0,0.0,-0.0020777729190408684,square,1,0.1,0.25,12,24,13.880020380020142,0.0
1779528027.9754431,0.0,0.0994837673636768,0.0,0.0,0.0,-0.0020777729190408684,0.0,1.4652,-0.2376,0.0,0.1,0.0,0.0,0.0994837673636768,0.0,0.0,0.0,-0.0020777729190408684,square,1,0.1,0.25,12,24,13.89001202583313,0.0
1779528027.9853835,0.0,0.0994837673636768,0.0,0.0,0.0,-0.0020777729190408684,0.0,1.4652,-0.2376,0.0,0.1,0.0,0.0,0.0994837673636768,0.0,0.0,0.0,0.0,square,1,0.1,0.25,12,24,13.900060176849365,0.0
1779528027.995384,0.0,0.0994837673636768,0.0,0.0,0.0,0.0,0.0,1.4652,-0.27720000000000006,0.0,0.1,0.0,0.0,0.0994837673636768,0.0,0.0,0.0,0.0,square,1,0.1,0.25,12,24,13.910000562667847,0.0
1779528028.0055766,0.0,0.0994837673636768,0.0,0.0,0.0,0.0,0.0,1.4652,-0.2376,0.0,0.1,0.0,0.0,0.0994837673636768,0.0,0.0,0.0,0.0,square,1,0.1,0.25,12,24,13.920001029968262,0.0
1779528028.0154169,0.0,0.0994837673636768,0.0,0.0,0.0,0.0,0.0,1.4652,-0.2376,0.0,0.1,0.0,0.0,0.0994837673636768,0.0,0.0,-0.0020777729190408684,0.0,square,1,0.1,0.25,12,24,13.930193662643433,0.0
1779528028.0253832,0.0,0.0994837673636768,0.0,0.0,-0.0020777729190408684,0.0,-0.0396,1.3464,-0.2376,0.0,0.1,0.0,0.0,0.0994837673636768,0.0,0.0,0.0020777729190408684,0.0,square,1,0.1,0.25,12,24,13.940033912658691,0.0
1779528028.035384,0.0,0.0994837673636768,0.0,0.0,0.0020777729190408684,0.0,-0.0396,1.2672,-0.198,0.0,0.1,0.0,0.0,0.0994837673636768,0.0,0.0,0.0,0.0,square,1,0.1,0.25,12,24,13.950000286102295,0.0
1779528028.0453844,0.0,0.0994837673636768,0.0,0.0,0.0,0.0,-0.0396,1.4652,-0.27720000000000006,0.0,0.1,0.0,0.0,0.0994837673636768,0.0,0.0,0.0,0.0,square,1,0.1,0.25,12,24,13.960000991821289,0.0
1779528028.0553837,0.0,0.0994837673636768,0.0,0.0,0.0,0.0,0.0,1.4652,0.2376,0.0,0.1,0.0,0.0,0.0994837673636768,0.0,0.0,0.0,0.0,square,1,0.1,0.25,12,24,13.970001459121704,0.0
1779528028.065544,0.0,0.0994837673636768,0.0,0.0,0.0,0.0,0.0,1.5048000000000001,0.396,0.0,0.1,0.0,0.0,0.0994837673636768,0.0,0.0,0.0,0.0,square,1,0.1,0.25,12,24,13.980000734329224,0.0
1779528028.0753841,0.0,0.0994837673636768,0.0,0.0,0.0,0.0,0.0,1.5048000000000001,0.396,0.0,0.1,0.0,0.0,0.0994837673636768,0.0,0.0,0.0,0.0,square,1,0.1,0.25,12,24,13.990160942077637,0.0
1779528028.085539,0.0,0.0994837673636768,0.0,0.0,0.0,0.0,0.0,1.4652,-0.27720000000000006,0.0,-0.1,0.0,0.0,0.0994837673636768,0.0,0.0,0.0,0.0,square,1,0.1,0.25,12,24,14.000001192092896,0.0
1779528028.0954156,0.0,0.0994837673636768,0.0,0.0,0.0,0.0,0.0,1.4652,-0.27720000000000006,0.0,-0.1,0.0,0.0,0.0994837673636768,0.0,0.0,0.0,-0.0020777729190408684,square,1,0.1,0.25,12,24,14.010156154632568,0.0
1779528028.1053839,0.0,0.0994837673636768,0.0,0.0,0.0,-0.0020777729190408684,-0.0792,1.3068,-0.0396,0.0,-0.1,0.0,0.0,0.08901179185171082,0.0,-0.004155545838081737,-0.9723977261111264,-0.008311091676163474,square,1,0.1,0.25,12,24,14.02003264427185,0.0
1779528028.1153831,0.0,0.08901179185171082,0.0,-0.004155545838081737,-0.9723977261111264,-0.008311091676163474,-0.3168,4.2768,-0.1188,0.0,-0.1,0.0,0.0,0.06283185307179587,0.0,-0.0020777729190408684,-2.2793168921878326,0.004155545838081737,square,1,0.1,0.25,12,24,14.030000925064087,0.0
1779528028.1254125,0.0,0.06283185307179587,0.0,-0.0020777729190408684,-2.2793168921878326,0.004155545838081737,-0.2376,0.5940000000000001,-0.3168,0.0,-0.1,0.0,0.0,0.04014257279586959,0.0,-0.0020777729190408684,-2.271005800511669,0.0,square,1,0.1,0.25,12,24,14.040000200271606,0.0
1779528028.1355863,0.0,0.04014257279586959,0.0,-0.0020777729190408684,-2.271005800511669,0.0,-0.27720000000000006,3.8412,-0.1188,0.0,-0.1,0.0,0.0,0.04014257279586959,0.0,-0.0020777729190408684,-2.271005800511669,0.0,square,1,0.1,0.25,12,24,14.050029516220093,0.0
1779528028.1454155,0.0,0.04014257279586959,0.0,-0.0020777729190408684,-2.271005800511669,0.0,-0.27720000000000006,3.8412,-0.1188,0.0,-0.1,0.0,0.0,0.0,0.0,0.016622183352326948,-2.019595277307724,0.0,square,1,0.1,0.25,12,24,14.060203313827515,0.0
1779528028.155383,0.0,0.0,0.0,0.016622183352326948,-2.019595277307724,0.0,0.4356,0.5148,0.198,0.0,-0.1,0.0,0.0,-0.017453292519943295,0.0,0.014544410433286078,-1.7619514353466563,0.0,square,1,0.1,0.25,12,24,14.070032596588135,0.0
1779528028.1655457,0.0,-0.017453292519943295,0.0,0.014544410433286078,-1.7619514353466563,0.0,0.5940000000000001,-0.0396,-0.1584,0.0,-0.1,0.0,0.0,-0.017453292519943295,0.0,0.014544410433286078,-1.7619514353466563,0.0,square,1,0.1,0.25,12,24,14.080000162124634,0.0
1779528028.1755261,0.0,-0.017453292519943295,0.0,0.014544410433286078,-1.7619514353466563,0.0,0.5940000000000001,-0.0396,-0.1584,0.0,-0.1,0.0,0.0,-0.031415926535897934,0.0,0.004155545838081737,-1.514696457980793,0.0020777729190408684,square,1,0.1,0.25,12,24,14.090162754058838,0.0
1779528028.1856115,0.0,-0.031415926535897934,0.0,0.004155545838081737,-1.514696457980793,0.0020777729190408684,0.5148,-0.7127999999999999,-0.2376,0.0,-0.1,0.0,0.0,-0.04363323129985824,0.0,-0.004155545838081737,-1.2736747993720523,0.0,square,1,0.1,0.25,12,24,14.100143194198608,0.0
1779528028.1954753,0.0,-0.04363323129985824,0.0,-0.004155545838081737,-1.2736747993720523,0.0,0.1584,-0.6336,0.0,0.0,-0.1,0.0,0.0,-0.06283185307179587,0.0,-0.022855502109449553,-0.8851312635114099,0.0,square,1,0.1,0.25,12,24,14.110228538513184,0.0
1779528028.2054114,0.0,-0.06283185307179587,0.0,-0.022855502109449553,-0.8851312635114099,0.0,0.4752,0.8316,0.0,0.0,-0.1,0.0,0.0,-0.06981317007977318,0.0,-0.020777729190408684,-0.7376093862595082,0.0,square,1,0.1,0.25,12,24,14.120092391967773,0.0
1779528028.2156065,0.0,-0.06981317007977318,0.0,-0.020777729190408684,-0.7376093862595082,0.0,0.7524000000000001,-0.2376,-0.0396,0.0,-0.1,0.0,0.0,-0.06981317007977318,0.0,-0.020777729190408684,-0.7376093862595082,0.0,square,1,0.1,0.25,12,24,14.130028486251831,0.0
1779528028.2255595,0.0,-0.06981317007977318,0.0,-0.020777729190408684,-0.7376093862595082,0.0,0.7524000000000001,-0.2376,-0.0396,0.0,-0.1,0.0,0.0,-0.07504915783575616,0.0,-0.010388864595204342,-0.6129430111170562,0.0,square,1,0.1,0.25,12,24,14.140223503112793,0.0
1779528028.2353837,0.0,-0.07504915783575616,0.0,-0.010388864595204342,-0.6129430111170562,0.0,0.5940000000000001,1.2672,0.0,0.0,-0.1,0.0,0.0,-0.08377580409572782,0.0,0.006233318757122605,-0.4010101733748876,0.0,square,1,0.1,0.25,12,24,14.150176525115967,0.0
1779528028.2453911,0.0,-0.08377580409572782,0.0,0.006233318757122605,-0.4010101733748876,0.0,0.27720000000000006,0.792,0.0792,0.0,-0.1,0.0,0.0,-0.08726646259971647,0.0,0.004155545838081737,-0.3241325753703755,0.0,square,1,0.1,0.25,12,24,14.160000801086426,0.0
1779528028.2554166,0.0,-0.08726646259971647,0.0,0.004155545838081737,-0.3241325753703755,0.0,0.27720000000000006,1.98,0.0396,0.0,-0.1,0.0,0.0,-0.08726646259971647,0.0,0.004155545838081737,-0.3241325753703755,0.0,square,1,0.1,0.25,12,24,14.170008182525635,0.0
1779528028.2654133,0.0,-0.08726646259971647,0.0,0.004155545838081737,-0.3241325753703755,0.0,0.27720000000000006,1.98,0.0396,0.0,-0.1,0.0,0.0,-0.09075712110370514,0.0,0.01246663751424521,-0.22024392941833204,0.0,square,1,0.1,0.25,12,24,14.180033683776855,0.0
1779528028.2755191,0.0,-0.09075712110370514,0.0,0.01246663751424521,-0.22024392941833204,0.0,-0.0792,1.3464,0.0396,0.0,-0.1,0.0,0.0,-0.09075712110370514,0.0,0.01246663751424521,-0.22024392941833204,0.0,square,1,0.1,0.25,12,24,14.190030336380005,0.0
1779528028.2854073,0.0,-0.09075712110370514,0.0,0.01246663751424521,-0.22024392941833204,0.0,-0.0792,1.3464,0.0396,0.0,-0.1,0.0,0.0,-0.09424777960769379,0.0,0.010388864595204342,-0.14128855849477906,0.0,square,1,0.1,0.25,12,24,14.200136184692383,0.0
1779528028.2955346,0.0,-0.09424777960769379,0.0,0.010388864595204342,-0.14128855849477906,0.0,0.5544000000000001,0.35639999999999994,0.2376,0.0,-0.1,0.0,0.0,-0.09424777960769379,0.0,0.010388864595204342,-0.14128855849477906,0.0,square,1,0.1,0.25,12,24,14.210024356842041,0.0
1779528028.3054113,0.0,-0.09424777960769379,0.0,0.010388864595204342,-0.14128855849477906,0.0,0.5544000000000001,0.35639999999999994,0.2376,0.0,-0.1,0.0,0.0,-0.09599310885968812,0.0,-0.004155545838081737,-0.09973310011396168,0.0,square,1,0.1,0.25,12,24,14.220151662826538,0.0
1779528028.3153841,0.0,-0.09599310885968812,0.0,-0.004155545838081737,-0.09973310011396168,0.0,0.0792,0.0792,-0.0792,0.0,-0.1,0.0,0.0,-0.09773843811168245,0.0,-0.006233318757122605,-0.07479982508547126,0.0,square,1,0.1,0.25,12,24,14.2300283908844,0.0
1779528028.325553,0.0,-0.09773843811168245,0.0,-0.006233318757122605,-0.07479982508547126,0.0,0.0,0.2376,-0.1188,0.0,-0.1,0.0,0.0,-0.09773843811168245,0.0,-0.006233318757122605,-0.07479982508547126,0.0,square,1,0.1,0.25,12,24,14.240001201629639,0.0
1779528028.3355818,0.0,-0.09773843811168245,0.0,-0.006233318757122605,-0.07479982508547126,0.0,0.0,0.2376,-0.1188,0.0,-0.1,0.0,0.0,-0.09773843811168245,0.0,-0.010388864595204342,-0.04363323129985824,0.0,square,1,0.1,0.25,12,24,14.2501699924469,0.0
1779528028.3455648,0.0,-0.09773843811168245,0.0,-0.010388864595204342,-0.04363323129985824,0.0,-0.27720000000000006,0.99,0.1188,0.0,-0.1,0.0,0.0,-0.09773843811168245,0.0,-0.010388864595204342,-0.029088820866572156,0.0,square,1,0.1,0.25,12,24,14.260198831558228,0.0
1779528028.3554463,0.0,-0.09773843811168245,0.0,-0.010388864595204342,-0.029088820866572156,0.0,0.4752,1.5048000000000001,-0.1188,0.0,-0.1,0.0,0.0,-0.0994837673636768,0.0,0.0,-0.031166593785613025,0.0,square,1,0.1,0.25,12,24,14.270181894302368,0.0
1779528028.365384,0.0,-0.0994837673636768,0.0,0.0,-0.031166593785613025,0.0,-0.198,1.0692,0.0,0.0,-0.1,0.0,0.0,-0.0994837673636768,0.0,0.004155545838081737,-0.018699956271367814,0.0,square,1,0.1,0.25,12,24,14.280063390731812,0.0
1779528028.3753958,0.0,-0.0994837673636768,0.0,0.004155545838081737,-0.018699956271367814,0.0,0.0,1.3068,0.1584,0.0,-0.1,0.0,0.0,-0.0994837673636768,0.0,0.008311091676163474,-0.010388864595204342,0.0,square,1,0.1,0.25,12,24,14.290001153945923,0.0
1779528028.3855975,0.0,-0.0994837673636768,0.0,0.008311091676163474,-0.010388864595204342,0.0,-0.0792,1.3068,0.0396,0.0,-0.1,0.0,0.0,-0.0994837673636768,0.0,0.008311091676163474,-0.010388864595204342,0.0,square,1,0.1,0.25,12,24,14.300012826919556,0.0
1779528028.3953924,0.0,-0.0994837673636768,0.0,0.008311091676163474,-0.010388864595204342,0.0,-0.0792,1.3068,0.0396,0.0,-0.1,0.0,0.0,-0.0994837673636768,0.0,0.0020777729190408684,0.0,0.0,square,1,0.1,0.25,12,24,14.310214519500732,0.0
1779528028.4053917,0.0,-0.0994837673636768,0.0,0.0020777729190408684,0.0,0.0,-0.2376,1.584,0.0396,0.0,-0.1,0.0,0.0,-0.0994837673636768,0.0,0.0,0.0,0.0,square,1,0.1,0.25,12,24,14.320009469985962,0.0
1779528028.4153924,0.0,-0.0994837673636768,0.0,0.0,0.0,0.0,0.0,1.782,0.198,0.0,-0.1,0.0,0.0,-0.0994837673636768,0.0,0.0,0.0,0.0,square,1,0.1,0.25,12,24,14.330008745193481,0.0
1779528028.42553,0.0,-0.0994837673636768,0.0,0.0,0.0,0.0,-0.0792,1.7424,0.0792,0.0,-0.1,0.0,0.0,-0.0994837673636768,0.0,0.0,0.0,0.0,square,1,0.1,0.25,12,24,14.340009450912476,0.0
1779528028.4355226,0.0,-0.0994837673636768,0.0,0.0,0.0,0.0,-0.0792,1.7424,0.0792,0.0,-0.1,0.0,0.0,-0.0994837673636768,0.0,0.0020777729190408684,0.0,0.0,square,1,0.1,0.25,12,24,14.350147008895874,0.0
1779528028.4453323,0.0,-0.0994837673636768,0.0,0.0020777729190408684,0.0,0.0,0.1188,1.7424,-0.1584,0.0,-0.1,0.0,0.0,-0.0994837673636768,0.0,0.0,0.0,0.0,square,1,0.1,0.25,12,24,14.360139608383179,0.0
1779528028.4555166,0.0,-0.0994837673636768,0.0,0.0,0.0,0.0,-0.0396,1.6236000000000002,-0.1188,0.0,-0.1,0.0,0.0,-0.0994837673636768,0.0,0.0,-0.0020777729190408684,0.0020777729190408684,square,1,0.1,0.25,12,24,14.369949340820312,0.0
1779528028.4653838,0.0,-0.0994837673636768,0.0,0.0,-0.0020777729190408684,0.0020777729190408684,-0.0396,1.7424,-0.198,0.0,-0.1,0.0,0.0,-0.0994837673636768,0.0,-0.004155545838081737,0.0,0.0,square,1,0.1,0.25,12,24,14.380133628845215,0.0
1779528028.4754655,0.0,-0.0994837673636768,0.0,-0.004155545838081737,0.0,0.0,0.0396,1.6632,-0.2376,0.0,-0.1,0.0,0.0,-0.0994837673636768,0.0,-0.004155545838081737,0.0,0.0,square,1,0.1,0.25,12,24,14.390000820159912,0.0
1779528028.4853837,0.0,-0.0994837673636768,0.0,-0.004155545838081737,0.0,0.0,0.0396,1.6632,-0.2376,0.0,-0.1,0.0,0.0,-0.0994837673636768,0.0,-0.0020777729190408684,0.0,0.0,square,1,0.1,0.25,12,24,14.4000825881958,0.0
1779528028.4953845,0.0,-0.0994837673636768,0.0,-0.0020777729190408684,0.0,0.0,0.0,1.7424,0.1188,0.0,-0.1,0.0,0.0,-0.0994837673636768,0.0,0.0020777729190408684,-0.0020777729190408684,0.0,square,1,0.1,0.25,12,24,14.410000801086426,0.0
1779528028.5054302,0.0,-0.0994837673636768,0.0,0.0020777729190408684,-0.0020777729190408684,0.0,-0.0792,1.6236000000000002,0.0792,0.0,-0.1,0.0,0.0,-0.0994837673636768,0.0,0.0020777729190408684,-0.004155545838081737,0.0,square,1,0.1,0.25,12,24,14.42000150680542,0.0
1779528028.5153837,0.0,-0.0994837673636768,0.0,0.0020777729190408684,-0.004155545838081737,0.0,-0.1188,1.6236000000000002,-0.1584,0.0,-0.1,0.0,0.0,-0.0994837673636768,0.0,0.0,0.0,0.0,square,1,0.1,0.25,12,24,14.430047273635864,0.0
1779528028.5253527,0.0,-0.0994837673636768,0.0,0.0,0.0,0.0,-0.1188,1.7028,-0.1188,0.0,-0.1,0.0,0.0,-0.0994837673636768,0.0,0.0,0.0,0.0,square,1,0.1,0.25,12,24,14.440000772476196,0.0
1779528028.5353835,0.0,-0.0994837673636768,0.0,0.0,0.0,0.0,-0.0792,1.6632,-0.1188,0.0,-0.1,0.0,0.0,-0.0994837673636768,0.0,0.0,0.0020777729190408684,0.0,square,1,0.1,0.25,12,24,14.44996976852417,0.0
1779528028.5453837,0.0,-0.0994837673636768,0.0,0.0,0.0020777729190408684,0.0,-0.0396,1.782,0.0,0.0,-0.1,0.0,0.0,-0.0994837673636768,0.0,0.0,0.0020777729190408684,0.0,square,1,0.1,0.25,12,24,14.46000051498413,0.0
1779528028.555415,0.0,-0.0994837673636768,0.0,0.0,0.0020777729190408684,0.0,-0.0396,1.8612000000000002,0.0,0.0,-0.1,0.0,0.0,-0.0994837673636768,0.0,-0.0020777729190408684,0.0,0.0,square,1,0.1,0.25,12,24,14.470000743865967,0.0
1779528028.5653837,0.0,-0.0994837673636768,0.0,-0.0020777729190408684,0.0,0.0,-0.0396,1.9008,0.0792,0.0,-0.1,0.0,0.0,-0.0994837673636768,0.0,0.0,0.0,0.0,square,1,0.1,0.25,12,24,14.480031967163086,0.0
1779528028.5753837,0.0,-0.0994837673636768,0.0,0.0,0.0,0.0,-0.0792,1.8215999999999999,0.0792,0.0,-0.1,0.0,0.0,-0.0994837673636768,0.0,0.0,-0.0020777729190408684,0.0,square,1,0.1,0.25,12,24,14.49000072479248,0.0
1779528028.5854108,0.0,-0.0994837673636768,0.0,0.0,-0.0020777729190408684,0.0,0.1584,1.8612000000000002,0.0792,0.0,-0.1,0.0,0.0,-0.0994837673636768,0.0,0.0,-0.0020777729190408684,0.0,square,1,0.1,0.25,12,24,14.500000715255737,0.0
1779528028.595453,0.0,-0.0994837673636768,0.0,0.0,-0.0020777729190408684,0.0,0.1584,1.8612000000000002,0.0792,0.0,-0.1,0.0,0.0,-0.0994837673636768,0.0,0.0,-0.0020777729190408684,0.0,square,1,0.1,0.25,12,24,14.510027885437012,0.0
1779528028.6053843,0.0,-0.0994837673636768,0.0,0.0,-0.0020777729190408684,0.0,-0.198,1.6236000000000002,0.0,0.0,-0.1,0.0,0.0,-0.0994837673636768,0.0,0.0,0.0,0.0,square,1,0.1,0.25,12,24,14.52007007598877,0.0
1779528028.61542,0.0,-0.0994837673636768,0.0,0.0,0.0,0.0,-0.0792,1.6632,-0.2376,0.0,-0.1,0.0,0.0,-0.0994837673636768,0.0,0.0,0.0,0.0,square,1,0.1,0.25,12,24,14.530001401901245,0.0
1779528028.6254287,0.0,-0.0994837673636768,0.0,0.0,0.0,0.0,-0.0792,1.6632,-0.2376,0.0,-0.1,0.0,0.0,-0.0994837673636768,0.0,-0.004155545838081737,0.0,0.0,square,1,0.1,0.25,12,24,14.540037155151367,0.0
1779528028.6353817,0.0,-0.0994837673636768,0.0,-0.004155545838081737,0.0,0.0,0.0,1.584,0.198,0.0,-0.1,0.0,0.0,-0.0994837673636768,0.0,-0.004155545838081737,0.0,0.0,square,1,0.1,0.25,12,24,14.550045728683472,0.0
1779528028.645417,0.0,-0.0994837673636768,0.0,-0.004155545838081737,0.0,0.0,-0.1584,1.6236000000000002,-0.198,0.0,-0.1,0.0,0.0,-0.0994837673636768,0.0,0.0,0.0020777729190408684,0.0,square,1,0.1,0.25,12,24,14.559998750686646,0.0
1779528028.655383,0.0,-0.0994837673636768,0.0,0.0,0.0020777729190408684,0.0,-0.0792,1.6632,0.0396,0.0,-0.1,0.0,0.0,-0.0994837673636768,0.0,0.0,0.0,0.0,square,1,0.1,0.25,12,24,14.57003402709961,0.0
1779528028.6654186,0.0,-0.0994837673636768,0.0,0.0,0.0,0.0,-0.0396,1.6632,0.1188,0.0,-0.1,0.0,0.0,-0.0994837673636768,0.0,0.004155545838081737,0.0,0.0,square,1,0.1,0.25,12,24,14.580000162124634,0.0
1779528028.6753833,0.0,-0.0994837673636768,0.0,0.004155545838081737,0.0,0.0,-0.0792,1.6236000000000002,0.0792,0.0,-0.1,0.0,0.0,-0.0994837673636768,0.0,0.0020777729190408684,0.0,0.0,square,1,0.1,0.25,12,24,14.590035676956177,0.0
1779528028.6854153,0.0,-0.0994837673636768,0.0,0.0020777729190408684,0.0,0.0,-0.0792,1.7028,0.1188,0.0,-0.1,0.0,0.0,-0.0994837673636768,0.0,0.0020777729190408684,0.0,0.0,square,1,0.1,0.25,12,24,14.600000381469727,0.0
1779528028.6954615,0.0,-0.0994837673636768,0.0,0.0020777729190408684,0.0,0.0,-0.0792,1.7028,0.1188,0.0,-0.1,0.0,0.0,-0.0994837673636768,0.0,0.0020777729190408684,0.0,0.0,square,1,0.1,0.25,12,24,14.610032320022583,0.0
1779528028.7055366,0.0,-0.0994837673636768,0.0,0.0020777729190408684,0.0,0.0,0.1584,1.6236000000000002,0.1188,0.0,-0.1,0.0,0.0,-0.0994837673636768,0.0,0.0020777729190408684,0.0,0.0,square,1,0.1,0.25,12,24,14.620078563690186,0.0
1779528028.715384,0.0,-0.0994837673636768,0.0,0.0020777729190408684,0.0,0.0,0.1584,1.6236000000000002,0.1188,0.0,-0.1,0.0,0.0,-0.0994837673636768,0.0,0.0,0.0,0.0,square,1,0.1,0.25,12,24,14.63015365600586,0.0
1779528028.7253835,0.0,-0.0994837673636768,0.0,0.0,0.0,0.0,-0.0792,1.6632,0.0396,0.0,-0.1,0.0,0.0,-0.0994837673636768,0.0,-0.0020777729190408684,0.0,0.0,square,1,0.1,0.25,12,24,14.640001058578491,0.0
1779528028.7353835,0.0,-0.0994837673636768,0.0,-0.0020777729190408684,0.0,0.0,-0.0396,1.584,0.0,0.0,-0.1,0.0,0.0,-0.0994837673636768,0.0,-0.004155545838081737,0.0,0.0020777729190408684,square,1,0.1,0.25,12,24,14.65000057220459,0.0
1779528028.7455595,0.0,-0.0994837673636768,0.0,-0.004155545838081737,0.0,0.0020777729190408684,-0.0396,1.7424,0.1188,0.0,-0.1,0.0,0.0,-0.0994837673636768,0.0,-0.004155545838081737,0.0,0.0020777729190408684,square,1,0.1,0.25,12,24,14.660000562667847,0.0
1779528028.7554178,0.0,-0.0994837673636768,0.0,-0.004155545838081737,0.0,0.0020777729190408684,-0.0396,1.7424,0.1188,0.0,-0.1,0.0,0.0,-0.0994837673636768,0.0,0.0,0.0,0.0,square,1,0.1,0.25,12,24,14.67017650604248,0.0
1779528028.7653837,0.0,-0.0994837673636768,0.0,0.0,0.0,0.0,-0.0792,1.7028,0.1584,0.0,-0.1,0.0,0.0,-0.0994837673636768,0.0,0.0,0.0,0.0020777729190408684,square,1,0.1,0.25,12,24,14.680034875869751,0.0
1779528028.7753842,0.0,-0.0994837673636768,0.0,0.0,0.0,0.0020777729190408684,-0.0792,1.7028,0.0396,0.0,-0.1,0.0,0.0,-0.0994837673636768,0.0,0.0020777729190408684,0.0,0.0,square,1,0.1,0.25,12,24,14.690000772476196,0.0
1779528028.7853837,0.0,-0.0994837673636768,0.0,0.0020777729190408684,0.0,0.0,0.0,1.7028,-0.0396,0.0,-0.1,0.0,0.0,-0.0994837673636768,0.0,0.0020777729190408684,0.0,0.0,square,1,0.1,0.25,12,24,14.700001239776611,0.0
1779528028.7962196,0.0,-0.0994837673636768,0.0,0.0020777729190408684,0.0,0.0,-0.1188,1.7028,0.0792,0.0,-0.1,0.0,0.0,-0.0994837673636768,0.0,0.004155545838081737,0.0,0.0,square,1,0.1,0.25,12,24,14.71000075340271,0.0
1779528028.8055596,0.0,-0.0994837673636768,0.0,0.004155545838081737,0.0,0.0,0.1584,1.6236000000000002,0.1188,0.0,-0.1,0.0,0.0,-0.0994837673636768,0.0,0.004155545838081737,0.0,0.0,square,1,0.1,0.25,12,24,14.720836639404297,0.0
1779528028.8153844,0.0,-0.0994837673636768,0.0,0.004155545838081737,0.0,0.0,0.1584,1.6236000000000002,0.1188,0.0,-0.1,0.0,0.0,-0.0994837673636768,0.0,0.0,0.0,-0.0020777729190408684,square,1,0.1,0.25,12,24,14.7301766872406,0.0
1779528028.825514,0.0,-0.0994837673636768,0.0,0.0,0.0,-0.0020777729190408684,0.198,1.6632,0.1584,0.0,-0.1,0.0,0.0,-0.0994837673636768,0.0,0.0,0.0,-0.0020777729190408684,square,1,0.1,0.25,12,24,14.740001440048218,0.0
1779528028.8354182,0.0,-0.0994837673636768,0.0,0.0,0.0,-0.0020777729190408684,0.198,1.6632,0.1584,0.0,-0.1,0.0,0.0,-0.0994837673636768,0.0,-0.0020777729190408684,0.0,0.0020777729190408684,square,1,0.1,0.25,12,24,14.750131130218506,0.0
1779528028.8453836,0.0,-0.0994837673636768,0.0,-0.0020777729190408684,0.0,0.0020777729190408684,0.0,1.7028,-0.1584,0.0,-0.1,0.0,0.0,-0.0994837673636768,0.0,0.0,0.0,0.0,square,1,0.1,0.25,12,24,14.760035276412964,0.0
1779528028.8553832,0.0,-0.0994837673636768,0.0,0.0,0.0,0.0,0.0,1.6236000000000002,0.0792,0.0,-0.1,0.0,0.0,-0.0994837673636768,0.0,0.0,0.0,0.0,square,1,0.1,0.25,12,24,14.770000696182251,0.0
1779528028.8653836,0.0,-0.0994837673636768,0.0,0.0,0.0,0.0,0.0,1.6236000000000002,0.1188,0.0,-0.1,0.0,0.0,-0.0994837673636768,0.0,-0.0020777729190408684,0.0020777729190408684,0.0,square,1,0.1,0.25,12,24,14.78000020980835,0.0
1779528028.8753982,0.0,-0.0994837673636768,0.0,-0.0020777729190408684,0.0020777729190408684,0.0,0.0,1.6236000000000002,-0.0792,0.0,-0.1,0.0,0.0,-0.0994837673636768,0.0,-0.0020777729190408684,0.0,0.0,square,1,0.1,0.25,12,24,14.790000677108765,0.0
1779528028.8853917,0.0,-0.0994837673636768,0.0,-0.0020777729190408684,0.0,0.0,-0.0396,1.584,0.198,0.0,-0.1,0.0,0.0,-0.0994837673636768,0.0,0.0,0.0,0.0,square,1,0.1,0.25,12,24,14.800015211105347,0.0
1779528028.8953836,0.0,-0.0994837673636768,0.0,0.0,0.0,0.0,-0.0792,1.5048000000000001,0.1188,0.0,-0.1,0.0,0.0,-0.0994837673636768,0.0,0.0,0.0,0.0,square,1,0.1,0.25,12,24,14.810008764266968,0.0
1779528028.9053836,0.0,-0.0994837673636768,0.0,0.0,0.0,0.0,-0.0792,1.6632,0.1188,0.0,-0.1,0.0,0.0,-0.0994837673636768,0.0,0.0,0.0,0.0,square,1,0.1,0.25,12,24,14.820000648498535,0.0
1779528028.9153934,0.0,-0.0994837673636768,0.0,0.0,0.0,0.0,-0.0792,1.7028,0.0,0.0,-0.1,0.0,0.0,-0.0994837673636768,0.0,0.0,-0.0020777729190408684,0.0,square,1,0.1,0.25,12,24,14.830000638961792,0.0
1779528028.9253845,0.0,-0.0994837673636768,0.0,0.0,-0.0020777729190408684,0.0,-0.0792,1.6632,-0.0792,0.0,-0.1,0.0,0.0,-0.0994837673636768,0.0,0.0,0.0,0.0,square,1,0.1,0.25,12,24,14.840010404586792,0.0
1779528028.9354165,0.0,-0.0994837673636768,0.0,0.0,0.0,0.0,0.0,1.7028,0.1188,0.0,-0.1,0.0,0.0,-0.0994837673636768,0.0,0.0,0.0,0.0,square,1,0.1,0.25,12,24,14.850001573562622,0.0
1779528028.9454148,0.0,-0.0994837673636768,0.0,0.0,0.0,0.0,0.0,1.7028,0.1188,0.0,-0.1,0.0,0.0,-0.0994837673636768,0.0,0.0,0.0,0.0,square,1,0.1,0.25,12,24,14.860033512115479,0.0
1779528028.955384,0.0,-0.0994837673636768,0.0,0.0,0.0,0.0,-0.0396,1.6632,0.0396,0.0,-0.1,0.0,0.0,-0.0994837673636768,0.0,-0.0020777729190408684,0.0,0.0,square,1,0.1,0.25,12,24,14.870031833648682,0.0
1779528028.9654193,0.0,-0.0994837673636768,0.0,-0.0020777729190408684,0.0,0.0,-0.0396,1.5444,0.1188,0.0,-0.1,0.0,0.0,-0.0994837673636768,0.0,-0.0020777729190408684,0.0,0.0,square,1,0.1,0.25,12,24,14.880001068115234,0.0
1779528028.9753838,0.0,-0.0994837673636768,0.0,-0.0020777729190408684,0.0,0.0,-0.0396,1.5444,0.1188,0.0,-0.1,0.0,0.0,-0.0994837673636768,0.0,0.0020777729190408684,0.0,0.0020777729190408684,square,1,0.1,0.25,12,24,14.890036344528198,0.0
1779528028.9853835,0.0,-0.0994837673636768,0.0,0.0020777729190408684,0.0,0.0020777729190408684,-0.1188,1.6236000000000002,0.0396,0.0,-0.1,0.0,0.0,-0.0994837673636768,0.0,0.0,0.0,0.0,square,1,0.1,0.25,12,24,14.900000810623169,0.0
1779528028.9955657,0.0,-0.0994837673636768,0.0,0.0,0.0,0.0,-0.1188,1.5444,0.1188,0.0,-0.1,0.0,0.0,-0.0994837673636768,0.0,0.0,0.0,0.0,square,1,0.1,0.25,12,24,14.910000562667847,0.0
1779528029.0054173,0.0,-0.0994837673636768,0.0,0.0,0.0,0.0,-0.1188,1.5444,0.1188,0.0,-0.1,0.0,0.0,-0.0994837673636768,0.0,0.0,0.0,0.0,square,1,0.1,0.25,12,24,14.920182704925537,0.0
1779528029.0153303,0.0,-0.0994837673636768,0.0,0.0,0.0,0.0,-0.1188,1.6632,0.0792,0.0,-0.1,0.0,0.0,-0.0994837673636768,0.0,0.0020777729190408684,0.0,0.0,square,1,0.1,0.25,12,24,14.930034399032593,0.0
1779528029.0253842,0.0,-0.0994837673636768,0.0,0.0020777729190408684,0.0,0.0,0.0,1.6632,0.1584,0.0,-0.1,0.0,0.0,-0.0994837673636768,0.0,0.0,0.0,0.0,square,1,0.1,0.25,12,24,14.939947366714478,0.0
1779528029.0353837,0.0,-0.0994837673636768,0.0,0.0,0.0,0.0,0.0,1.6632,0.1584,0.0,-0.1,0.0,0.0,-0.0994837673636768,0.0,-0.0020777729190408684,0.0,0.0020777729190408684,square,1,0.1,0.25,12,24,14.950001239776611,0.0
1779528029.0453835,0.0,-0.0994837673636768,0.0,-0.0020777729190408684,0.0,0.0020777729190408684,0.0,1.584,0.0792,0.0,-0.1,0.0,0.0,-0.0994837673636768,0.0,0.0,0.0,0.0,square,1,0.1,0.25,12,24,14.96000075340271,0.0
1779528029.0554597,0.0,-0.0994837673636768,0.0,0.0,0.0,0.0,-0.0396,1.6632,0.0396,0.0,-0.1,0.0,0.0,-0.0994837673636768,0.0,0.0,0.0,0.0,square,1,0.1,0.25,12,24,14.970000505447388,0.0
1779528029.0655894,0.0,-0.0994837673636768,0.0,0.0,0.0,0.0,-0.0396,1.6632,0.0396,0.0,-0.1,0.0,0.0,-0.0994837673636768,0.0,0.0,0.0,0.0,square,1,0.1,0.25,12,24,14.980076789855957,0.0
1779528029.0754173,0.0,-0.0994837673636768,0.0,0.0,0.0,0.0,-0.0792,1.7028,0.0792,0.0,-0.1,0.0,0.0,-0.0994837673636768,0.0,0.0,0.0,0.0,square,1,0.1,0.25,12,24,14.990206480026245,0.0
1779528029.0854213,0.0,-0.0994837673636768,0.0,0.0,0.0,0.0,-0.1188,1.584,0.0792,0.0,-0.1,0.0,0.0,-0.0994837673636768,0.0,0.0,0.0,0.0,square,1,0.1,0.25,12,24,15.00003433227539,0.0
1779528029.095417,0.0,-0.0994837673636768,0.0,0.0,0.0,0.0,-0.1188,1.6632,0.0792,0.0,-0.1,0.0,0.0,-0.0994837673636768,0.0,0.0,0.0,0.0,square,1,0.1,0.25,12,24,15.010038375854492,0.0
1779528029.1053836,0.0,-0.0994837673636768,0.0,0.0,0.0,0.0,-0.1188,1.6632,0.0792,0.0,-0.1,0.0,0.0,-0.0994837673636768,0.0,0.0,0.0020777729190408684,0.0,square,1,0.1,0.25,12,24,15.020034074783325,0.0
1779528029.115586,0.0,-0.0994837673636768,0.0,0.0,0.0020777729190408684,0.0,-0.0792,1.5048000000000001,0.1188,0.0,-0.1,0.0,0.0,-0.0994837673636768,0.0,0.0,0.0020777729190408684,0.0,square,1,0.1,0.25,12,24,15.030000686645508,0.0
1779528029.1253843,0.0,-0.0994837673636768,0.0,0.0,0.0020777729190408684,0.0,-0.0792,1.5048000000000001,0.1188,0.0,-0.1,0.0,0.0,-0.0994837673636768,0.0,0.0,0.0,0.0,square,1,0.1,0.25,12,24,15.040203094482422,0.0
1779528029.135384,0.0,-0.0994837673636768,0.0,0.0,0.0,0.0,0.0,1.6632,0.0792,0.0,-0.1,0.0,0.0,-0.0994837673636768,0.0,0.0,0.0,0.0,square,1,0.1,0.25,12,24,15.050001382827759,0.0
1779528029.1453834,0.0,-0.0994837673636768,0.0,0.0,0.0,0.0,0.0,1.584,0.1584,0.0,-0.1,0.0,0.0,-0.0994837673636768,0.0,0.0,0.0,0.0,square,1,0.1,0.25,12,24,15.060001134872437,0.0
1779528029.155383,0.0,-0.0994837673636768,0.0,0.0,0.0,0.0,-0.0396,1.6236000000000002,0.0396,0.0,-0.1,0.0,0.0,-0.0994837673636768,0.0,0.0,0.0,0.0,square,1,0.1,0.25,12,24,15.070000410079956,0.0
1779528029.1653843,0.0,-0.0994837673636768,0.0,0.0,0.0,0.0,-0.0396,1.6236000000000002,0.0,0.0,-0.1,0.0,0.0,-0.0994837673636768,0.0,0.0,0.0,0.0,square,1,0.1,0.25,12,24,15.080000162124634,0.0
1779528029.1755474,0.0,-0.0994837673636768,0.0,0.0,0.0,0.0,-0.0396,1.7028,0.0396,0.0,-0.1,0.0,0.0,-0.0994837673636768,0.0,0.0,0.0,0.0,square,1,0.1,0.25,12,24,15.090001344680786,0.0
1779528029.1854177,0.0,-0.0994837673636768,0.0,0.0,0.0,0.0,-0.0396,1.7028,0.0396,0.0,-0.1,0.0,0.0,-0.0994837673636768,0.0,0.0,0.0,0.0,square,1,0.1,0.25,12,24,15.100164413452148,0.0
1779528029.1954541,0.0,-0.0994837673636768,0.0,0.0,0.0,0.0,-0.0792,1.6632,0.0,0.0,-0.1,0.0,0.0,-0.0994837673636768,0.0,0.0,0.0,0.0,square,1,0.1,0.25,12,24,15.110034704208374,0.0
1779528029.2054534,0.0,-0.0994837673636768,0.0,0.0,0.0,0.0,-0.0792,1.6632,0.0,0.0,-0.1,0.0,0.0,-0.0994837673636768,0.0,0.0,0.0,0.0,square,1,0.1,0.25,12,24,15.120071172714233,0.0
1779528029.2154176,0.0,-0.0994837673636768,0.0,0.0,0.0,0.0,-0.1188,1.7424,0.0792,0.0,-0.1,0.0,0.0,-0.0994837673636768,0.0,0.0,0.0,0.0,square,1,0.1,0.25,12,24,15.130070447921753,0.0
1779528029.2253838,0.0,-0.0994837673636768,0.0,0.0,0.0,0.0,-0.0792,1.6236000000000002,0.0396,0.0,-0.1,0.0,0.0,-0.0994837673636768,0.0,-0.0020777729190408684,0.0,0.0,square,1,0.1,0.25,12,24,15.140034675598145,0.0
1779528029.235415,0.0,-0.0994837673636768,0.0,-0.0020777729190408684,0.0,0.0,-0.0792,1.584,0.2376,0.0,-0.1,0.0,0.0,-0.0994837673636768,0.0,-0.0020777729190408684,0.0,0.0,square,1,0.1,0.25,12,24,15.150000810623169,0.0
1779528029.2454162,0.0,-0.0994837673636768,0.0,-0.0020777729190408684,0.0,0.0,-0.0792,1.584,0.2376,0.0,-0.1,0.0,0.0,-0.0994837673636768,0.0,-0.0020777729190408684,0.0,0.0,square,1,0.1,0.25,12,24,15.160032033920288,0.0
1779528029.2553837,0.0,-0.0994837673636768,0.0,-0.0020777729190408684,0.0,0.0,-0.0396,1.5444,0.0396,0.0,-0.1,0.0,0.0,-0.0994837673636768,0.0,0.0,0.0,0.0,square,1,0.1,0.25,12,24,15.17003321647644,0.0
1779528029.2653837,0.0,-0.0994837673636768,0.0,0.0,0.0,0.0,0.0,1.6236000000000002,0.0792,0.0,-0.1,0.0,0.0,-0.0994837673636768,0.0,0.0,0.0,0.0,square,1,0.1,0.25,12,24,15.18000078201294,0.0
1779528029.2753844,0.0,-0.0994837673636768,0.0,0.0,0.0,0.0,-0.1188,1.7028,0.1188,0.0,-0.1,0.0,0.0,-0.0994837673636768,0.0,0.0020777729190408684,0.0,0.0,square,1,0.1,0.25,12,24,15.190000772476196,0.0
1779528029.2856019,0.0,-0.0994837673636768,0.0,0.0020777729190408684,0.0,0.0,-0.1188,1.584,0.0396,0.0,-0.1,0.0,0.0,-0.0994837673636768,0.0,0.0020777729190408684,0.0,0.0,square,1,0.1,0.25,12,24,15.20000147819519,0.0
1779528029.2954183,0.0,-0.0994837673636768,0.0,0.0020777729190408684,0.0,0.0,-0.1188,1.584,0.0396,0.0,-0.1,0.0,0.0,-0.0994837673636768,0.0,0.0020777729190408684,0.0,0.0,square,1,0.1,0.25,12,24,15.210218906402588,0.0
1779528029.3053846,0.0,-0.0994837673636768,0.0,0.0020777729190408684,0.0,0.0,-0.1584,1.6236000000000002,0.0,0.0,-0.1,0.0,0.0,-0.0994837673636768,0.0,0.0,0.0,-0.0020777729190408684,square,1,0.1,0.25,12,24,15.220035314559937,0.0
1779528029.315516,0.0,-0.0994837673636768,0.0,0.0,0.0,-0.0020777729190408684,-0.1188,1.584,0.0,0.0,-0.1,0.0,0.0,-0.0994837673636768,0.0,0.0,0.0,-0.0020777729190408684,square,1,0.1,0.25,12,24,15.23000168800354,0.0
1779528029.3254135,0.0,-0.0994837673636768,0.0,0.0,0.0,-0.0020777729190408684,-0.1188,1.584,0.0,0.0,-0.1,0.0,0.0,-0.0994837673636768,0.0,-0.0020777729190408684,0.0,0.0,square,1,0.1,0.25,12,24,15.240133047103882,0.0
1779528029.3354628,0.0,-0.0994837673636768,0.0,-0.0020777729190408684,0.0,0.0,-0.0792,1.6236000000000002,0.1188,0.0,-0.1,0.0,0.0,-0.0994837673636768,0.0,-0.0020777729190408684,0.0,0.0,square,1,0.1,0.25,12,24,15.250030517578125,0.0
1779528029.345384,0.0,-0.0994837673636768,0.0,-0.0020777729190408684,0.0,0.0,-0.0792,1.6236000000000002,0.1188,0.0,-0.1,0.0,0.0,-0.0994837673636768,0.0,0.0,0.0,0.0,square,1,0.1,0.25,12,24,15.260079860687256,0.0
1779528029.3553941,0.0,-0.0994837673636768,0.0,0.0,0.0,0.0,-0.0396,1.7028,0.0396,0.0,-0.1,0.0,0.0,-0.0994837673636768,0.0,0.0,0.0,0.0,square,1,0.1,0.25,12,24,15.27000093460083,0.0
1779528029.3653839,0.0,-0.0994837673636768,0.0,0.0,0.0,0.0,-0.0792,1.5444,0.1584,0.0,-0.1,0.0,0.0,-0.0994837673636768,0.0,0.0,0.0,0.0,square,1,0.1,0.25,12,24,15.280011177062988,0.0
1779528029.375384,0.0,-0.0994837673636768,0.0,0.0,0.0,0.0,-0.0792,1.6632,0.2376,0.0,-0.1,0.0,0.0,-0.0994837673636768,0.0,0.0020777729190408684,0.0,0.0,square,1,0.1,0.25,12,24,15.290000915527344,0.0
1779528029.3853838,0.0,-0.0994837673636768,0.0,0.0020777729190408684,0.0,0.0,0.0792,1.6236000000000002,0.1584,0.0,-0.1,0.0,0.0,-0.0994837673636768,0.0,0.0,0.0,0.0,square,1,0.1,0.25,12,24,15.30000114440918,0.0
1779528029.395384,0.0,-0.0994837673636768,0.0,0.0,0.0,0.0,-0.1188,1.6236000000000002,0.0,0.0,-0.1,0.0,0.0,-0.0994837673636768,0.0,0.0,0.0020777729190408684,0.0020777729190408684,square,1,0.1,0.25,12,24,15.310000896453857,0.0
1779528029.4055507,0.0,-0.0994837673636768,0.0,0.0,0.0020777729190408684,0.0020777729190408684,-0.1584,1.6632,-0.2376,0.0,-0.1,0.0,0.0,-0.0994837673636768,0.0,0.0,0.0020777729190408684,0.0020777729190408684,square,1,0.1,0.25,12,24,15.320001125335693,0.0
1779528029.4153838,0.0,-0.0994837673636768,0.0,0.0,0.0020777729190408684,0.0020777729190408684,-0.1584,1.6632,-0.2376,0.0,-0.1,0.0,0.0,-0.0994837673636768,0.0,0.0,-0.0020777729190408684,0.0,square,1,0.1,0.25,12,24,15.330167770385742,0.0
1779528029.4253843,0.0,-0.0994837673636768,0.0,0.0,-0.0020777729190408684,0.0,-0.0792,1.5444,0.0,0.0,-0.1,0.0,0.0,-0.0994837673636768,0.0,0.0,0.0020777729190408684,0.0020777729190408684,square,1,0.1,0.25,12,24,15.340000867843628,0.0
1779528029.435403,0.0,-0.0994837673636768,0.0,0.0,0.0020777729190408684,0.0020777729190408684,-0.0396,1.6632,0.0,0.0,-0.1,0.0,0.0,-0.0994837673636768,0.0,0.0,-0.0020777729190408684,0.0,square,1,0.1,0.25,12,24,15.350001335144043,0.0
1779528029.4453835,0.0,-0.0994837673636768,0.0,0.0,-0.0020777729190408684,0.0,-0.0396,1.5444,0.1188,0.0,-0.1,0.0,0.0,-0.0994837673636768,0.0,0.0,0.0,0.0,square,1,0.1,0.25,12,24,15.360020160675049,0.0
1779528029.4553838,0.0,-0.0994837673636768,0.0,0.0,0.0,0.0,-0.0396,1.6632,-0.0792,0.0,-0.1,0.0,0.0,-0.0994837673636768,0.0,-0.0020777729190408684,0.0,0.0020777729190408684,square,1,0.1,0.25,12,24,15.37000060081482,0.0
1779528029.4653842,0.0,-0.0994837673636768,0.0,-0.0020777729190408684,0.0,0.0020777729190408684,0.0,1.584,0.1188,0.0,-0.1,0.0,0.0,-0.0994837673636768,0.0,0.0,0.0,0.0,square,1,0.1,0.25,12,24,15.380000829696655,0.0
1779528029.475384,0.0,-0.0994837673636768,0.0,0.0,0.0,0.0,-0.1188,1.584,0.0396,0.0,-0.1,0.0,0.0,-0.0994837673636768,0.0,0.0,0.0,0.0,square,1,0.1,0.25,12,24,15.39000129699707,0.0
1779528029.485384,0.0,-0.0994837673636768,0.0,0.0,0.0,0.0,-0.0792,1.7028,0.0,0.0,-0.1,0.0,0.0,-0.0994837673636768,0.0,0.0,0.0,0.0,square,1,0.1,0.25,12,24,15.400001049041748,0.0
1779528029.4953837,0.0,-0.0994837673636768,0.0,0.0,0.0,0.0,-0.1188,1.5444,0.1188,0.0,-0.1,0.0,0.0,-0.0994837673636768,0.0,0.0020777729190408684,0.0,0.0,square,1,0.1,0.25,12,24,15.410001039505005,0.0
1779528029.505433,0.0,-0.0994837673636768,0.0,0.0020777729190408684,0.0,0.0,0.1584,1.584,0.1584,0.0,-0.1,0.0,0.0,-0.0994837673636768,0.0,0.0020777729190408684,0.0,0.0,square,1,0.1,0.25,12,24,15.420000791549683,0.0
1779528029.5153837,0.0,-0.0994837673636768,0.0,0.0020777729190408684,0.0,0.0,0.1584,1.584,0.1584,0.0,-0.1,0.0,0.0,-0.0994837673636768,0.0,0.0,0.0,0.0,square,1,0.1,0.25,12,24,15.430050134658813,0.0
1779528029.5253835,0.0,-0.0994837673636768,0.0,0.0,0.0,0.0,-0.0792,1.584,0.1188,0.0,-0.1,0.0,0.0,-0.0994837673636768,0.0,0.0,0.0,0.0,square,1,0.1,0.25,12,24,15.440000772476196,0.0
1779528029.5353847,0.0,-0.0994837673636768,0.0,0.0,0.0,0.0,-0.0396,1.584,-0.0792,0.0,-0.1,0.0,0.0,-0.0994837673636768,0.0,0.0,0.0,-0.0020777729190408684,square,1,0.1,0.25,12,24,15.450000524520874,0.0
1779528029.5453835,0.0,-0.0994837673636768,0.0,0.0,0.0,-0.0020777729190408684,-0.0396,1.6632,0.1584,0.0,-0.1,0.0,0.0,-0.0994837673636768,0.0,0.0,0.0,0.0,square,1,0.1,0.25,12,24,15.460001707077026,0.0
1779528029.555384,0.0,-0.0994837673636768,0.0,0.0,0.0,0.0,-0.0792,1.584,0.0396,0.0,-0.1,0.0,0.0,-0.0994837673636768,0.0,0.0,0.0,0.0,square,1,0.1,0.25,12,24,15.470000505447388,0.0
1779528029.5653834,0.0,-0.0994837673636768,0.0,0.0,0.0,0.0,-0.0792,1.5048000000000001,0.0396,0.0,-0.1,0.0,0.0,-0.0994837673636768,0.0,0.0,-0.0020777729190408684,0.0,square,1,0.1,0.25,12,24,15.480000972747803,0.0
1779528029.575415,0.0,-0.0994837673636768,0.0,0.0,-0.0020777729190408684,0.0,-0.1188,1.6632,0.0396,0.0,-0.1,0.0,0.0,-0.0994837673636768,0.0,0.0,-0.0020777729190408684,0.0,square,1,0.1,0.25,12,24,15.490000486373901,0.0
1779528029.5853837,0.0,-0.0994837673636768,0.0,0.0,-0.0020777729190408684,0.0,-0.1188,1.6632,0.0396,0.0,-0.1,0.0,0.0,-0.0994837673636768,0.0,0.0,0.0,0.0,square,1,0.1,0.25,12,24,15.5000319480896,0.0
1779528029.5953948,0.0,-0.0994837673636768,0.0,0.0,0.0,0.0,-0.1188,1.584,0.1188,0.0,-0.1,0.0,0.0,-0.0994837673636768,0.0,0.0,0.0,-0.0020777729190408684,square,1,0.1,0.25,12,24,15.510000705718994,0.0
1779528029.6055684,0.0,-0.0994837673636768,0.0,0.0,0.0,-0.0020777729190408684,-0.1188,1.5444,0.1584,0.0,-0.1,0.0,0.0,-0.0994837673636768,0.0,0.0,0.0,0.0,square,1,0.1,0.25,12,24,15.520011901855469,0.0
1779528029.6153855,0.0,-0.0994837673636768,0.0,0.0,0.0,0.0,-0.0792,1.6236000000000002,0.1188,0.0,-0.1,0.0,0.0,-0.0994837673636768,0.0,0.0,0.0,0.0,square,1,0.1,0.25,12,24,15.530185461044312,0.0
1779528029.6254137,0.0,-0.0994837673636768,0.0,0.0,0.0,0.0,-0.0792,1.584,-0.198,0.0,-0.1,0.0,0.0,-0.0994837673636768,0.0,0.0,0.0,0.0,square,1,0.1,0.25,12,24,15.540002584457397,0.0
1779528029.6353836,0.0,-0.0994837673636768,0.0,0.0,0.0,0.0,-0.0792,1.584,-0.198,0.0,-0.1,0.0,0.0,-0.0994837673636768,0.0,-0.0020777729190408684,0.0,0.0,square,1,0.1,0.25,12,24,15.550030708312988,0.0
1779528029.6454265,0.0,-0.0994837673636768,0.0,-0.0020777729190408684,0.0,0.0,-0.0396,1.584,0.0792,0.0,-0.1,0.0,0.0,-0.0994837673636768,0.0,-0.0020777729190408684,0.0,0.0,square,1,0.1,0.25,12,24,15.560000658035278,0.0
1779528029.6553838,0.0,-0.0994837673636768,0.0,-0.0020777729190408684,0.0,0.0,-0.0396,1.584,0.0792,0.0,-0.1,0.0,0.0,-0.0994837673636768,0.0,0.0,0.0,0.0,square,1,0.1,0.25,12,24,15.570043563842773,0.0
1779528029.6655617,0.0,-0.0994837673636768,0.0,0.0,0.0,0.0,-0.1188,1.7028,0.0792,0.0,-0.1,0.0,0.0,-0.0994837673636768,0.0,0.0,0.0,0.0,square,1,0.1,0.25,12,24,15.580000877380371,0.0
1779528029.6753833,0.0,-0.0994837673636768,0.0,0.0,0.0,0.0,-0.1188,1.7028,0.0792,0.0,-0.1,0.0,0.0,-0.0994837673636768,0.0,0.0,0.0,0.0,square,1,0.1,0.25,12,24,15.590178728103638,0.0
1779528029.685414,0.0,-0.0994837673636768,0.0,0.0,0.0,0.0,-0.0792,1.6236000000000002,-0.1188,0.0,-0.1,0.0,0.0,-0.0994837673636768,0.0,0.0,0.0,0.0,square,1,0.1,0.25,12,24,15.600000381469727,0.0
1779528029.6954145,0.0,-0.0994837673636768,0.0,0.0,0.0,0.0,-0.0792,1.6236000000000002,-0.1188,0.0,-0.1,0.0,0.0,-0.0994837673636768,0.0,0.0020777729190408684,0.0,0.0,square,1,0.1,0.25,12,24,15.610031127929688,0.0
1779528029.705383,0.0,-0.0994837673636768,0.0,0.0020777729190408684,0.0,0.0,-0.1584,1.6236000000000002,0.0792,0.0,-0.1,0.0,0.0,-0.0994837673636768,0.0,0.0,0.0,0.0,square,1,0.1,0.25,12,24,15.620031595230103,0.0
1779528029.71544,0.0,-0.0994837673636768,0.0,0.0,0.0,0.0,-0.0792,1.5444,-0.0792,0.0,-0.1,0.0,0.0,-0.0994837673636768,0.0,0.0,0.0,0.0,square,1,0.1,0.25,12,24,15.630000114440918,0.0
1779528029.7255664,0.0,-0.0994837673636768,0.0,0.0,0.0,0.0,-0.0792,1.6236000000000002,0.0792,0.0,-0.1,0.0,0.0,-0.0994837673636768,0.0,0.0,0.0,0.0,square,1,0.1,0.25,12,24,15.64005708694458,0.0
1779528029.7353837,0.0,-0.0994837673636768,0.0,0.0,0.0,0.0,-0.0792,1.6236000000000002,0.0792,0.0,-0.1,0.0,0.0,-0.0994837673636768,0.0,0.0,0.0,0.0,square,1,0.1,0.25,12,24,15.65018343925476,0.0
1779528029.745384,0.0,-0.0994837673636768,0.0,0.0,0.0,0.0,-0.0792,1.5444,0.1584,0.0,-0.1,0.0,0.0,-0.0994837673636768,0.0,0.0,0.0,-0.0020777729190408684,square,1,0.1,0.25,12,24,15.660000801086426,0.0
1779528029.7554202,0.0,-0.0994837673636768,0.0,0.0,0.0,-0.0020777729190408684,-0.0396,1.6236000000000002,0.1188,0.0,-0.1,0.0,0.0,-0.0994837673636768,0.0,0.0,0.0,-0.0020777729190408684,square,1,0.1,0.25,12,24,15.670001029968262,0.0
1779528029.7654202,0.0,-0.0994837673636768,0.0,0.0,0.0,-0.0020777729190408684,-0.0396,1.6236000000000002,0.1188,0.0,-0.1,0.0,0.0,-0.0994837673636768,0.0,0.0,0.0,0.0,square,1,0.1,0.25,12,24,15.680037260055542,0.0
1779528029.7753844,0.0,-0.0994837673636768,0.0,0.0,0.0,0.0,-0.1188,1.6632,0.1188,0.0,-0.1,0.0,0.0,-0.0994837673636768,0.0,0.0,0.0,0.0,square,1,0.1,0.25,12,24,15.690037250518799,0.0
1779528029.7853825,0.0,-0.0994837673636768,0.0,0.0,0.0,0.0,-0.0792,1.584,0.1188,0.0,-0.1,0.0,0.0,-0.0994837673636768,0.0,0.0,0.0,0.0,square,1,0.1,0.25,12,24,15.70000147819519,0.0
1779528029.795384,0.0,-0.0994837673636768,0.0,0.0,0.0,0.0,-0.0792,1.6632,0.198,0.0,-0.1,0.0,0.0,-0.0994837673636768,0.0,0.0,0.0,0.0,square,1,0.1,0.25,12,24,15.709999561309814,0.0
1779528029.8053844,0.0,-0.0994837673636768,0.0,0.0,0.0,0.0,-0.1188,1.5444,0.0792,0.0,-0.1,0.0,0.0,-0.0994837673636768,0.0,0.0,0.0,0.0,square,1,0.1,0.25,12,24,15.720000982284546,0.0
1779528029.8153832,0.0,-0.0994837673636768,0.0,0.0,0.0,0.0,-0.0396,1.5444,0.1188,0.0,-0.1,0.0,0.0,-0.0994837673636768,0.0,0.0,0.0,0.0020777729190408684,square,1,0.1,0.25,12,24,15.730001449584961,0.0
1779528029.8253834,0.0,-0.0994837673636768,0.0,0.0,0.0,0.0020777729190408684,-0.0396,1.5048000000000001,0.1584,0.0,-0.1,0.0,0.0,-0.0994837673636768,0.0,0.0,0.0,0.0,square,1,0.1,0.25,12,24,15.740000247955322,0.0
1779528029.8353841,0.0,-0.0994837673636768,0.0,0.0,0.0,0.0,-0.1188,1.5048000000000001,0.0792,0.0,-0.1,0.0,0.0,-0.0994837673636768,0.0,0.0,0.0,0.0,square,1,0.1,0.25,12,24,15.750000476837158,0.0
1779528029.8453853,0.0,-0.0994837673636768,0.0,0.0,0.0,0.0,-0.1188,1.5048000000000001,0.0792,0.0,-0.1,0.0,0.0,-0.0994837673636768,0.0,0.0,0.0,0.0,square,1,0.1,0.25,12,24,15.760001182556152,0.0
1779528029.855428,0.0,-0.0994837673636768,0.0,0.0,0.0,0.0,-0.0792,1.6632,0.0,0.0,-0.1,0.0,0.0,-0.0994837673636768,0.0,0.0020777729190408684,0.0,0.0020777729190408684,square,1,0.1,0.25,12,24,15.770002365112305,0.0
1779528029.8654132,0.0,-0.0994837673636768,0.0,0.0020777729190408684,0.0,0.0020777729190408684,-0.1188,1.6236000000000002,-0.198,0.0,-0.1,0.0,0.0,-0.0994837673636768,0.0,0.0020777729190408684,0.0,0.0020777729190408684,square,1,0.1,0.25,12,24,15.78004503250122,0.0
1779528029.8753889,0.0,-0.0994837673636768,0.0,0.0020777729190408684,0.0,0.0020777729190408684,-0.1188,1.6236000000000002,-0.198,0.0,-0.1,0.0,0.0,-0.0994837673636768,0.0,0.0,0.0,0.0,square,1,0.1,0.25,12,24,15.790030241012573,0.0
1779528029.8853836,0.0,-0.0994837673636768,0.0,0.0,0.0,0.0,-0.1188,1.6632,0.0792,0.0,-0.1,0.0,0.0,-0.0994837673636768,0.0,0.0,0.0,-0.0020777729190408684,square,1,0.1,0.25,12,24,15.800005912780762,0.0
1779528029.895384,0.0,-0.0994837673636768,0.0,0.0,0.0,-0.0020777729190408684,-0.1188,1.6632,0.1188,0.0,-0.1,0.0,0.0,-0.0994837673636768,0.0,-0.0020777729190408684,0.0,0.0020777729190408684,square,1,0.1,0.25,12,24,15.810000658035278,0.0
1779528029.9053843,0.0,-0.0994837673636768,0.0,-0.0020777729190408684,0.0,0.0020777729190408684,-0.0396,1.584,0.27720000000000006,0.0,-0.1,0.0,0.0,-0.0994837673636768,0.0,0.0,0.0020777729190408684,0.0,square,1,0.1,0.25,12,24,15.820001125335693,0.0
1779528029.9156215,0.0,-0.0994837673636768,0.0,0.0,0.0020777729190408684,0.0,-0.1188,1.5444,0.1584,0.0,-0.1,0.0,0.0,-0.0994837673636768,0.0,0.0,0.0020777729190408684,0.0,square,1,0.1,0.25,12,24,15.83000135421753,0.0
1779528029.9254568,0.0,-0.0994837673636768,0.0,0.0,0.0020777729190408684,0.0,-0.1188,1.5444,0.1584,0.0,-0.1,0.0,0.0,-0.0994837673636768,0.0,0.0,0.0,0.0,square,1,0.1,0.25,12,24,15.840238571166992,0.0
1779528029.9353833,0.0,-0.0994837673636768,0.0,0.0,0.0,0.0,-0.0792,1.5444,0.1584,0.0,-0.1,0.0,0.0,-0.0994837673636768,0.0,0.0020777729190408684,0.0,0.0,square,1,0.1,0.25,12,24,15.85007381439209,0.0
1779528029.9453835,0.0,-0.0994837673636768,0.0,0.0020777729190408684,0.0,0.0,-0.0396,1.7028,0.1584,0.0,-0.1,0.0,0.0,-0.0994837673636768,0.0,0.0,0.0,0.0,square,1,0.1,0.25,12,24,15.860000371932983,0.0
1779528029.9553833,0.0,-0.0994837673636768,0.0,0.0,0.0,0.0,-0.0792,1.6632,0.198,0.0,-0.1,0.0,0.0,-0.0994837673636768,0.0,0.0020777729190408684,0.0,0.0,square,1,0.1,0.25,12,24,15.87000060081482,0.0
1779528029.9654162,0.0,-0.0994837673636768,0.0,0.0020777729190408684,0.0,0.0,-0.1188,1.5444,0.1584,0.0,-0.1,0.0,0.0,-0.0994837673636768,0.0,0.0020777729190408684,0.0,0.0,square,1,0.1,0.25,12,24,15.880000352859497,0.0
1779528029.9754152,0.0,-0.0994837673636768,0.0,0.0020777729190408684,0.0,0.0,-0.1188,1.5444,0.1584,0.0,-0.1,0.0,0.0,-0.0994837673636768,0.0,0.0,0.0,0.0,square,1,0.1,0.25,12,24,15.89003324508667,0.0
1779528029.9853876,0.0,-0.0994837673636768,0.0,0.0,0.0,0.0,-0.1188,1.6632,-0.27720000000000006,0.0,-0.1,0.0,0.0,-0.0994837673636768,0.0,0.0,0.0020777729190408684,0.0020777729190408684,square,1,0.1,0.25,12,24,15.90003228187561,0.0
1779528029.9953845,0.0,-0.0994837673636768,0.0,0.0,0.0020777729190408684,0.0020777729190408684,-0.1188,1.5048000000000001,-0.2376,0.0,-0.1,0.0,0.0,-0.0994837673636768,0.0,0.0,0.0,0.0,square,1,0.1,0.25,12,24,15.910004615783691,0.0
1779528030.0054164,0.0,-0.0994837673636768,0.0,0.0,0.0,0.0,-0.0396,1.6236000000000002,0.198,0.0,-0.1,0.0,0.0,-0.0994837673636768,0.0,0.0,0.0,0.0,square,1,0.1,0.25,12,24,15.92000150680542,0.0
1779528030.015415,0.0,-0.0994837673636768,0.0,0.0,0.0,0.0,-0.0396,1.6236000000000002,0.198,0.0,-0.1,0.0,0.0,-0.0994837673636768,0.0,0.0,0.0,0.0,square,1,0.1,0.25,12,24,15.930033445358276,0.0
1779528030.0253842,0.0,-0.0994837673636768,0.0,0.0,0.0,0.0,-0.0396,1.5444,0.198,0.0,-0.1,0.0,0.0,-0.0994837673636768,0.0,0.0,0.0,0.0,square,1,0.1,0.25,12,24,15.940032005310059,0.0
1779528030.0354233,0.0,-0.0994837673636768,0.0,0.0,0.0,0.0,-0.1188,1.6632,0.3168,0.0,-0.1,0.0,0.0,-0.0994837673636768,0.0,0.0020777729190408684,0.0,0.0,square,1,0.1,0.25,12,24,15.950001239776611,0.0
1779528030.0454936,0.0,-0.0994837673636768,0.0,0.0020777729190408684,0.0,0.0,-0.1188,1.6236000000000002,0.198,0.0,-0.1,0.0,0.0,-0.0994837673636768,0.0,0.0,0.0,0.0,square,1,0.1,0.25,12,24,15.96004033088684,0.0
1779528030.0553842,0.0,-0.0994837673636768,0.0,0.0,0.0,0.0,-0.0792,1.584,0.198,0.0,-0.1,0.0,0.0,-0.0994837673636768,0.0,0.0,0.0,0.0,square,1,0.1,0.25,12,24,15.970110654830933,0.0
1779528030.0653837,0.0,-0.0994837673636768,0.0,0.0,0.0,0.0,-0.0792,1.584,0.2376,0.0,-0.1,0.0,0.0,-0.0994837673636768,0.0,0.0,0.0,0.0,square,1,0.1,0.25,12,24,15.980001211166382,0.0
1779528030.0753837,0.0,-0.0994837673636768,0.0,0.0,0.0,0.0,-0.1584,1.584,0.1188,0.0,-0.1,0.0,0.0,-0.0994837673636768,0.0,0.0020777729190408684,0.0,0.0,square,1,0.1,0.25,12,24,15.99000072479248,0.0
1779528030.085384,0.0,-0.0994837673636768,0.0,0.0020777729190408684,0.0,0.0,-0.1188,1.6632,0.198,0.0,0.1,0.0,0.0,-0.0994837673636768,0.0,0.0,0.0,0.0,square,1,0.1,0.25,12,24,16.000000715255737,0.0
1779528030.0953836,0.0,-0.0994837673636768,0.0,0.0,0.0,0.0,-0.0792,1.6632,0.3168,0.0,0.1,0.0,0.0,-0.0994837673636768,0.0,0.0,0.0,0.0,square,1,0.1,0.25,12,24,16.010000944137573,0.0
1779528030.1054027,0.0,-0.0994837673636768,0.0,0.0,0.0,0.0,-0.1584,1.6236000000000002,-1.6632,0.0,0.1,0.0,0.0,-0.0994837673636768,0.0,0.0,0.0,0.0,square,1,0.1,0.25,12,24,16.02000069618225,0.0
1779528030.1153834,0.0,-0.0994837673636768,0.0,0.0,0.0,0.0,-0.1584,1.6236000000000002,-1.6632,0.0,0.1,0.0,0.0,-0.04014257279586959,0.0,0.0,2.260616935916465,0.0,square,1,0.1,0.25,12,24,16.030019760131836,0.0
1779528030.1253853,0.0,-0.04014257279586959,0.0,0.0,2.260616935916465,0.0,0.27720000000000006,3.2868000000000004,0.27720000000000006,0.0,0.1,0.0,0.0,-0.04014257279586959,0.0,0.0020777729190408684,2.260616935916465,0.0020777729190408684,square,1,0.1,0.25,12,24,16.040000438690186,0.0
1779528030.1353838,0.0,-0.04014257279586959,0.0,0.0020777729190408684,2.260616935916465,0.0020777729190408684,0.2376,3.2868000000000004,0.4356,0.0,0.1,0.0,0.0,-0.017453292519943295,0.0,0.0,2.2336058879689333,-0.006233318757122605,square,1,0.1,0.25,12,24,16.050002336502075,0.0
1779528030.145416,0.0,-0.017453292519943295,0.0,0.0,2.2336058879689333,-0.006233318757122605,0.27720000000000006,-0.198,0.1584,0.0,0.1,0.0,0.0,-0.017453292519943295,0.0,0.0,2.2336058879689333,-0.006233318757122605,square,1,0.1,0.25,12,24,16.060000896453857,0.0
1779528030.1554134,0.0,-0.017453292519943295,0.0,0.0,2.2336058879689333,-0.006233318757122605,0.27720000000000006,-0.198,0.1584,0.0,0.1,0.0,0.0,0.0,0.0,0.0,2.023750823145806,0.0,square,1,0.1,0.25,12,24,16.070033073425293,0.0
1779528030.1654134,0.0,0.0,0.0,0.0,2.023750823145806,0.0,0.0,-1.4255999999999998,-0.198,0.0,0.1,0.0,0.0,0.017453292519943295,0.0,-0.018699956271367814,1.7411737061562478,-0.0020777729190408684,square,1,0.1,0.25,12,24,16.08003044128418,0.0
1779528030.175419,0.0,0.017453292519943295,0.0,-0.018699956271367814,1.7411737061562478,-0.0020777729190408684,0.5148,-0.0396,0.0396,0.0,0.1,0.0,0.0,0.031415926535897934,0.0,-0.018699956271367814,1.498074274628466,0.0020777729190408684,square,1,0.1,0.25,12,24,16.090030431747437,0.0
1779528030.1853678,0.0,0.031415926535897934,0.0,-0.018699956271367814,1.498074274628466,0.0020777729190408684,0.8316,-2.4552,-0.0792,0.0,0.1,0.0,0.0,0.04363323129985824,0.0,-0.006233318757122605,1.277830345210134,0.0020777729190408684,square,1,0.1,0.25,12,24,16.100036144256592,0.0
1779528030.195419,0.0,0.04363323129985824,0.0,-0.006233318757122605,1.277830345210134,0.0020777729190408684,0.6336,-2.2967999999999997,-0.198,0.0,0.1,0.0,0.0,0.054105206811824215,0.0,0.008311091676163474,1.074208599144129,0.0,square,1,0.1,0.25,12,24,16.109984874725342,0.0
1779528030.205416,0.0,0.054105206811824215,0.0,0.008311091676163474,1.074208599144129,0.0,0.198,-0.4356,-0.0396,0.0,0.1,0.0,0.0,0.06981317007977318,0.0,0.020777729190408684,0.7459204779356717,0.0,square,1,0.1,0.25,12,24,16.120036125183105,0.0
1779528030.2154183,0.0,0.06981317007977318,0.0,0.020777729190408684,0.7459204779356717,0.0,0.35639999999999994,-1.584,-0.198,0.0,0.1,0.0,0.0,0.06981317007977318,0.0,0.02493327502849042,0.7459204779356717,0.0020777729190408684,square,1,0.1,0.25,12,24,16.130033016204834,0.0
1779528030.2255452,0.0,0.06981317007977318,0.0,0.02493327502849042,0.7459204779356717,0.0020777729190408684,0.8316,-1.584,-0.1584,0.0,0.1,0.0,0.0,0.08028514559173917,0.0,0.008311091676163474,0.5090543651650128,0.0,square,1,0.1,0.25,12,24,16.140035390853882,0.0
1779528030.2354147,0.0,0.08028514559173917,0.0,0.008311091676163474,0.5090543651650128,0.0,0.5148,-0.7127999999999999,-0.27720000000000006,0.0,0.1,0.0,0.0,0.08377580409572782,0.0,-0.0020777729190408684,0.39685462753680584,0.0,square,1,0.1,0.25,12,24,16.15016222000122,0.0
1779528030.245386,0.0,0.08377580409572782,0.0,-0.0020777729190408684,0.39685462753680584,0.0,0.27720000000000006,-1.2276,-0.3168,0.0,0.1,0.0,0.0,0.08726646259971647,0.0,-0.004155545838081737,0.33036589412749806,0.0,square,1,0.1,0.25,12,24,16.16003179550171,0.0
1779528030.2553835,0.0,0.08726646259971647,0.0,-0.004155545838081737,0.33036589412749806,0.0,-0.198,-0.792,-0.27720000000000006,0.0,0.1,0.0,0.0,0.09075712110370514,0.0,-0.0020777729190408684,0.21608838358025032,0.0020777729190408684,square,1,0.1,0.25,12,24,16.170002937316895,0.0
1779528030.2654321,0.0,0.09075712110370514,0.0,-0.0020777729190408684,0.21608838358025032,0.0020777729190408684,0.198,0.2376,0.2376,0.0,0.1,0.0,0.0,0.09075712110370514,0.0,-0.008311091676163474,0.21608838358025032,0.0,square,1,0.1,0.25,12,24,16.18000054359436,0.0
1779528030.2754092,0.0,0.09075712110370514,0.0,-0.008311091676163474,0.21608838358025032,0.0,0.0,0.2376,-0.4356,0.0,0.1,0.0,0.0,0.09075712110370514,0.0,-0.008311091676163474,0.21608838358025032,0.0,square,1,0.1,0.25,12,24,16.190049171447754,0.0
1779528030.2854173,0.0,0.09075712110370514,0.0,-0.008311091676163474,0.21608838358025032,0.0,0.0,0.2376,-0.4356,0.0,0.1,0.0,0.0,0.09250245035569947,0.0,-0.010388864595204342,0.16829960644231035,0.0,square,1,0.1,0.25,12,24,16.200026273727417,0.0
1779528030.295385,0.0,0.09250245035569947,0.0,-0.010388864595204342,0.16829960644231035,0.0,-0.0792,-0.198,-0.198,0.0,0.1,0.0,0.0,0.09599310885968812,0.0,-0.006233318757122605,0.12882192098053383,-0.0020777729190408684,square,1,0.1,0.25,12,24,16.210034370422363,0.0
1779528030.3053854,0.0,0.09599310885968812,0.0,-0.006233318757122605,0.12882192098053383,-0.0020777729190408684,0.35639999999999994,1.6236000000000002,-0.27720000000000006,0.0,0.1,0.0,0.0,0.09773843811168245,0.0,0.0,0.07479982508547126,0.0,square,1,0.1,0.25,12,24,16.220001935958862,0.0
1779528030.315418,0.0,0.09773843811168245,0.0,0.0,0.07479982508547126,0.0,0.27720000000000006,1.5444,-0.3168,0.0,0.1,0.0,0.0,0.09773843811168245,0.0,0.0,0.07479982508547126,0.0,square,1,0.1,0.25,12,24,16.230002403259277,0.0
1779528030.3254144,0.0,0.09773843811168245,0.0,0.0,0.07479982508547126,0.0,0.27720000000000006,1.5444,-0.3168,0.0,0.1,0.0,0.0,0.09773843811168245,0.0,0.004155545838081737,0.07479982508547126,0.0,square,1,0.1,0.25,12,24,16.24003505706787,0.0
1779528030.335431,0.0,0.09773843811168245,0.0,0.004155545838081737,0.07479982508547126,0.0,-0.1188,1.5444,-0.2376,0.0,0.1,0.0,0.0,0.09773843811168245,0.0,0.018699956271367814,0.0394776854617765,0.0,square,1,0.1,0.25,12,24,16.25003147125244,0.0
1779528030.3455474,0.0,0.09773843811168245,0.0,0.018699956271367814,0.0394776854617765,0.0,0.6732,1.3068,-0.2376,0.0,0.1,0.0,0.0,0.09773843811168245,0.0,0.018699956271367814,0.0394776854617765,0.0,square,1,0.1,0.25,12,24,16.260048151016235,0.0
1779528030.3553834,0.0,0.09773843811168245,0.0,0.018699956271367814,0.0394776854617765,0.0,0.6732,1.3068,-0.2376,0.0,0.1,0.0,0.0,0.09773843811168245,0.0,0.0,0.018699956271367814,0.0,square,1,0.1,0.25,12,24,16.270164489746094,0.0
1779528030.3653839,0.0,0.09773843811168245,0.0,0.0,0.018699956271367814,0.0,0.396,0.9504,-0.396,0.0,0.1,0.0,0.0,0.0994837673636768,0.0,-0.006233318757122605,0.020777729190408684,0.0,square,1,0.1,0.25,12,24,16.28000044822693,0.0
1779528030.3753839,0.0,0.0994837673636768,0.0,-0.006233318757122605,0.020777729190408684,0.0,-0.0792,0.99,-0.27720000000000006,0.0,0.1,0.0,0.0,0.0994837673636768,0.0,-0.008311091676163474,0.02493327502849042,0.0,square,1,0.1,0.25,12,24,16.290000915527344,0.0
1779528030.3853848,0.0,0.0994837673636768,0.0,-0.008311091676163474,0.02493327502849042,0.0,-0.0396,1.3068,-0.2376,0.0,0.1,0.0,0.0,0.0994837673636768,0.0,-0.008311091676163474,0.01246663751424521,0.0,square,1,0.1,0.25,12,24,16.3000009059906,0.0
1779528030.3954837,0.0,0.0994837673636768,0.0,-0.008311091676163474,0.01246663751424521,0.0,-0.1188,1.1088000000000002,-0.3168,0.0,0.1,0.0,0.0,0.0994837673636768,0.0,-0.004155545838081737,0.004155545838081737,0.0,square,1,0.1,0.25,12,24,16.310001850128174,0.0
1779528030.4067965,0.0,0.0994837673636768,0.0,-0.004155545838081737,0.004155545838081737,0.0,-0.0396,0.8712,-0.2376,0.0,0.1,0.0,0.0,0.0994837673636768,0.0,-0.004155545838081737,0.004155545838081737,0.0,square,1,0.1,0.25,12,24,16.320100784301758,0.0
1779528030.4153948,0.0,0.0994837673636768,0.0,-0.004155545838081737,0.004155545838081737,0.0,-0.0396,0.8712,-0.2376,0.0,0.1,0.0,0.0,0.0994837673636768,0.0,0.0,0.0,0.0,square,1,0.1,0.25,12,24,16.331413507461548,0.0
1779528030.4253836,0.0,0.0994837673636768,0.0,0.0,0.0,0.0,-0.0792,0.792,-0.4356,0.0,0.1,0.0,0.0,0.0994837673636768,0.0,0.0,0.0,0.0,square,1,0.1,0.25,12,24,16.340011835098267,0.0
1779528030.435396,0.0,0.0994837673636768,0.0,0.0,0.0,0.0,-0.0792,0.792,-0.35639999999999994,0.0,0.1,0.0,0.0,0.0994837673636768,0.0,0.0,0.0,0.0,square,1,0.1,0.25,12,24,16.350000619888306,0.0
1779528030.4455774,0.0,0.0994837673636768,0.0,0.0,0.0,0.0,-0.0792,0.8712,-0.2376,0.0,0.1,0.0,0.0,0.0994837673636768,0.0,0.0,0.0,0.0,square,1,0.1,0.25,12,24,16.360013008117676,0.0
1779528030.4555151,0.0,0.0994837673636768,0.0,0.0,0.0,0.0,-0.0792,0.8712,-0.2376,0.0,0.1,0.0,0.0,0.0994837673636768,0.0,0.0,0.0,0.0,square,1,0.1,0.25,12,24,16.37019443511963,0.0
1779528030.4653835,0.0,0.0994837673636768,0.0,0.0,0.0,0.0,0.0396,0.9107999999999999,-0.27720000000000006,0.0,0.1,0.0,0.0,0.0994837673636768,0.0,0.0,0.0,0.0,square,1,0.1,0.25,12,24,16.38013219833374,0.0
1779528030.4753835,0.0,0.0994837673636768,0.0,0.0,0.0,0.0,-0.1188,1.0692,-0.27720000000000006,0.0,0.1,0.0,0.0,0.0994837673636768,0.0,0.0020777729190408684,0.0,0.0,square,1,0.1,0.25,12,24,16.390000581741333,0.0
1779528030.485384,0.0,0.0994837673636768,0.0,0.0020777729190408684,0.0,0.0,-0.198,1.0692,0.3168,0.0,0.1,0.0,0.0,0.0994837673636768,0.0,0.0,0.0,0.0,square,1,0.1,0.25,12,24,16.40000057220459,0.0
1779528030.4953837,0.0,0.0994837673636768,0.0,0.0,0.0,0.0,-0.1584,0.8712,0.3168,0.0,0.1,0.0,0.0,0.0994837673636768,0.0,-0.0020777729190408684,0.0,0.0,square,1,0.1,0.25,12,24,16.410001039505005,0.0
1779528030.5053844,0.0,0.0994837673636768,0.0,-0.0020777729190408684,0.0,0.0,-0.0792,1.0692,-0.198,0.0,0.1,0.0,0.0,0.0994837673636768,0.0,-0.004155545838081737,0.0020777729190408684,0.0,square,1,0.1,0.25,12,24,16.420000791549683,0.0
1779528030.5153837,0.0,0.0994837673636768,0.0,-0.004155545838081737,0.0020777729190408684,0.0,0.0,0.8712,-0.3168,0.0,0.1,0.0,0.0,0.0994837673636768,0.0,-0.0020777729190408684,0.0,0.0020777729190408684,square,1,0.1,0.25,12,24,16.430001497268677,0.0
1779528030.5254512,0.0,0.0994837673636768,0.0,-0.0020777729190408684,0.0,0.0020777729190408684,0.0,0.99,0.2376,0.0,0.1,0.0,0.0,0.0994837673636768,0.0,-0.0020777729190408684,0.0,0.0020777729190408684,square,1,0.1,0.25,12,24,16.440000772476196,0.0
1779528030.5354128,0.0,0.0994837673636768,0.0,-0.0020777729190408684,0.0,0.0020777729190408684,0.0,0.99,0.2376,0.0,0.1,0.0,0.0,0.0994837673636768,0.0,0.0,0.0,0.0,square,1,0.1,0.25,12,24,16.45006823539734,0.0
1779528030.5453835,0.0,0.0994837673636768,0.0,0.0,0.0,0.0,-0.1188,0.8712,0.3168,0.0,0.1,0.0,0.0,0.0994837673636768,0.0,0.0020777729190408684,0.0,0.0,square,1,0.1,0.25,12,24,16.46002984046936,0.0
1779528030.5553832,0.0,0.0994837673636768,0.0,0.0020777729190408684,0.0,0.0,-0.2376,0.8316,0.396,0.0,0.1,0.0,0.0,0.0994837673636768,0.0,0.0020777729190408684,0.0,0.0,square,1,0.1,0.25,12,24,16.470000505447388,0.0
1779528030.5653837,0.0,0.0994837673636768,0.0,0.0020777729190408684,0.0,0.0,0.1584,0.8316,-0.2376,0.0,0.1,0.0,0.0,0.0994837673636768,0.0,0.0,-0.0020777729190408684,0.0,square,1,0.1,0.25,12,24,16.480000257492065,0.0
1779528030.5755177,0.0,0.0994837673636768,0.0,0.0,-0.0020777729190408684,0.0,-0.198,0.9107999999999999,0.27720000000000006,0.0,0.1,0.0,0.0,0.0994837673636768,0.0,0.0,-0.0020777729190408684,0.0,square,1,0.1,0.25,12,24,16.49000072479248,0.0
1779528030.585388,0.0,0.0994837673636768,0.0,0.0,-0.0020777729190408684,0.0,-0.198,0.9107999999999999,0.27720000000000006,0.0,0.1,0.0,0.0,0.0994837673636768,0.0,-0.0020777729190408684,0.0,0.0,square,1,0.1,0.25,12,24,16.500134706497192,0.0
1779528030.5953834,0.0,0.0994837673636768,0.0,-0.0020777729190408684,0.0,0.0,-0.0396,1.1483999999999999,-0.2376,0.0,0.1,0.0,0.0,0.0994837673636768,0.0,0.0,0.0020777729190408684,0.0,square,1,0.1,0.25,12,24,16.510004997253418,0.0
1779528030.6055596,0.0,0.0994837673636768,0.0,0.0,0.0020777729190408684,0.0,0.0,1.2276,-0.198,0.0,0.1,0.0,0.0,0.0994837673636768,0.0,0.0,0.0020777729190408684,0.0,square,1,0.1,0.25,12,24,16.520000457763672,0.0
1779528030.6153836,0.0,0.0994837673636768,0.0,0.0,0.0020777729190408684,0.0,0.0,1.2276,-0.198,0.0,0.1,0.0,0.0,0.0994837673636768,0.0,0.0020777729190408684,0.0,0.004155545838081737,square,1,0.1,0.25,12,24,16.530176639556885,0.0
1779528030.625538,0.0,0.0994837673636768,0.0,0.0020777729190408684,0.0,0.004155545838081737,0.198,1.1088000000000002,-0.396,0.0,0.1,0.0,0.0,0.0994837673636768,0.0,0.0020777729190408684,0.0,0.004155545838081737,square,1,0.1,0.25,12,24,16.540000677108765,0.0
1779528030.635384,0.0,0.0994837673636768,0.0,0.0020777729190408684,0.0,0.004155545838081737,0.198,1.1088000000000002,-0.396,0.0,0.1,0.0,0.0,0.0994837673636768,0.0,0.0020777729190408684,0.0,-0.0020777729190408684,square,1,0.1,0.25,12,24,16.55015516281128,0.0
1779528030.6454136,0.0,0.0994837673636768,0.0,0.0020777729190408684,0.0,-0.0020777729190408684,0.27720000000000006,0.9504,-0.396,0.0,0.1,0.0,0.0,0.0994837673636768,0.0,0.0020777729190408684,0.0,-0.0020777729190408684,square,1,0.1,0.25,12,24,16.560001134872437,0.0
1779528030.6554148,0.0,0.0994837673636768,0.0,0.0020777729190408684,0.0,-0.0020777729190408684,0.27720000000000006,0.9504,-0.396,0.0,0.1,0.0,0.0,0.0994837673636768,0.0,0.0,0.0,0.0,square,1,0.1,0.25,12,24,16.570030689239502,0.0
1779528030.665443,0.0,0.0994837673636768,0.0,0.0,0.0,0.0,-0.1584,1.1483999999999999,-0.35639999999999994,0.0,0.1,0.0,0.0,0.0994837673636768,0.0,-0.0020777729190408684,0.0,0.0,square,1,0.1,0.25,12,24,16.580031871795654,0.0
1779528030.6755915,0.0,0.0994837673636768,0.0,-0.0020777729190408684,0.0,0.0,-0.0792,1.1880000000000002,-0.35639999999999994,0.0,0.1,0.0,0.0,0.0994837673636768,0.0,-0.0020777729190408684,0.0,0.0,square,1,0.1,0.25,12,24,16.590059995651245,0.0
1779528030.6854103,0.0,0.0994837673636768,0.0,-0.0020777729190408684,0.0,0.0,-0.0792,1.1880000000000002,-0.35639999999999994,0.0,0.1,0.0,0.0,0.0994837673636768,0.0,0.0,0.0,0.0,square,1,0.1,0.25,12,24,16.600208520889282,0.0
1779528030.6954174,0.0,0.0994837673636768,0.0,0.0,0.0,0.0,0.0,1.1088000000000002,-0.27720000000000006,0.0,0.1,0.0,0.0,0.0994837673636768,0.0,0.0,0.0,0.0,square,1,0.1,0.25,12,24,16.610027313232422,0.0
1779528030.705416,0.0,0.0994837673636768,0.0,0.0,0.0,0.0,0.0,1.1088000000000002,-0.27720000000000006,0.0,0.1,0.0,0.0,0.0994837673636768,0.0,0.0,0.0,0.0,square,1,0.1,0.25,12,24,16.62003445625305,0.0
1779528030.7153842,0.0,0.0994837673636768,0.0,0.0,0.0,0.0,0.0,1.1088000000000002,-0.3168,0.0,0.1,0.0,0.0,0.0994837673636768,0.0,0.0,0.0,0.0,square,1,0.1,0.25,12,24,16.630033016204834,0.0
1779528030.7255528,0.0,0.0994837673636768,0.0,0.0,0.0,0.0,-0.0792,1.1880000000000002,-0.27720000000000006,0.0,0.1,0.0,0.0,0.0994837673636768,0.0,0.0,0.0,0.0,square,1,0.1,0.25,12,24,16.64000129699707,0.0
1779528030.7355835,0.0,0.0994837673636768,0.0,0.0,0.0,0.0,-0.0792,1.1880000000000002,-0.27720000000000006,0.0,0.1,0.0,0.0,0.0994837673636768,0.0,0.0,0.0,0.0,square,1,0.1,0.25,12,24,16.650169849395752,0.0
1779528030.7453935,0.0,0.0994837673636768,0.0,0.0,0.0,0.0,-0.0792,1.0692,0.35639999999999994,0.0,0.1,0.0,0.0,0.0994837673636768,0.0,0.0020777729190408684,0.0,0.0,square,1,0.1,0.25,12,24,16.660200595855713,0.0
1779528030.755413,0.0,0.0994837673636768,0.0,0.0020777729190408684,0.0,0.0,-0.198,1.1880000000000002,-0.3168,0.0,0.1,0.0,0.0,0.0994837673636768,0.0,0.0020777729190408684,0.0,0.0,square,1,0.1,0.25,12,24,16.670010566711426,0.0
1779528030.765418,0.0,0.0994837673636768,0.0,0.0020777729190408684,0.0,0.0,0.3168,1.1088000000000002,-0.3168,0.0,0.1,0.0,0.0,0.0994837673636768,0.0,0.0,0.0,0.0,square,1,0.1,0.25,12,24,16.68003010749817,0.0
1779528030.7753832,0.0,0.0994837673636768,0.0,0.0,0.0,0.0,0.27720000000000006,1.0692,0.3168,0.0,0.1,0.0,0.0,0.0994837673636768,0.0,-0.0020777729190408684,0.0,0.0,square,1,0.1,0.25,12,24,16.690035104751587,0.0
1779528030.7853835,0.0,0.0994837673636768,0.0,-0.0020777729190408684,0.0,0.0,-0.1188,1.2672,-0.27720000000000006,0.0,0.1,0.0,0.0,0.0994837673636768,0.0,-0.0020777729190408684,0.0,-0.0020777729190408684,square,1,0.1,0.25,12,24,16.700000286102295,0.0
1779528030.7953842,0.0,0.0994837673636768,0.0,-0.0020777729190408684,0.0,-0.0020777729190408684,-0.0396,1.3068,-0.396,0.0,0.1,0.0,0.0,0.0994837673636768,0.0,-0.0020777729190408684,0.0,0.0,square,1,0.1,0.25,12,24,16.71000051498413,0.0
1779528030.805431,0.0,0.0994837673636768,0.0,-0.0020777729190408684,0.0,0.0,0.0,1.3068,-0.3168,0.0,0.1,0.0,0.0,0.0994837673636768,0.0,-0.0020777729190408684,0.0,0.0,square,1,0.1,0.25,12,24,16.720001220703125,0.0
1779528030.8155818,0.0,0.0994837673636768,0.0,-0.0020777729190408684,0.0,0.0,0.0,1.3068,-0.3168,0.0,0.1,0.0,0.0,0.0994837673636768,0.0,-0.0020777729190408684,0.0,0.0,square,1,0.1,0.25,12,24,16.730047941207886,0.0
1779528030.8255477,0.0,0.0994837673636768,0.0,-0.0020777729190408684,0.0,0.0,0.0,1.3068,-0.35639999999999994,0.0,0.1,0.0,0.0,0.0994837673636768,0.0,0.0,0.0,0.0,square,1,0.1,0.25,12,24,16.740198850631714,0.0
1779528030.835615,0.0,0.0994837673636768,0.0,0.0,0.0,0.0,0.0,1.3464,0.3168,0.0,0.1,0.0,0.0,0.0994837673636768,0.0,0.0020777729190408684,0.0,0.0,square,1,0.1,0.25,12,24,16.75016474723816,0.0
1779528030.8454142,0.0,0.0994837673636768,0.0,0.0020777729190408684,0.0,0.0,-0.0792,1.3464,-0.3168,0.0,0.1,0.0,0.0,0.0994837673636768,0.0,0.004155545838081737,0.0,0.0,square,1,0.1,0.25,12,24,16.760231971740723,0.0
1779528030.8555355,0.0,0.0994837673636768,0.0,0.004155545838081737,0.0,0.0,0.198,1.1483999999999999,0.3168,0.0,0.1,0.0,0.0,0.0994837673636768,0.0,0.004155545838081737,0.0,0.0,square,1,0.1,0.25,12,24,16.770031213760376,0.0
1779528030.8654168,0.0,0.0994837673636768,0.0,0.004155545838081737,0.0,0.0,0.198,1.1483999999999999,0.3168,0.0,0.1,0.0,0.0,0.0994837673636768,0.0,0.0,0.0,0.0,square,1,0.1,0.25,12,24,16.780152559280396,0.0
1779528030.8753834,0.0,0.0994837673636768,0.0,0.0,0.0,0.0,-0.1188,1.2276,-0.35639999999999994,0.0,0.1,0.0,0.0,0.0994837673636768,0.0,0.0,0.0,0.0,square,1,0.1,0.25,12,24,16.79003381729126,0.0
1779528030.8853838,0.0,0.0994837673636768,0.0,0.0,0.0,0.0,-0.1584,1.2276,-0.35639999999999994,0.0,0.1,0.0,0.0,0.0994837673636768,0.0,0.0,0.0,0.0,square,1,0.1,0.25,12,24,16.800000429153442,0.0
1779528030.8953838,0.0,0.0994837673636768,0.0,0.0,0.0,0.0,-0.0396,1.3068,-0.27720000000000006,0.0,0.1,0.0,0.0,0.0994837673636768,0.0,-0.0020777729190408684,0.0,0.0,square,1,0.1,0.25,12,24,16.810000896453857,0.0
1779528030.905384,0.0,0.0994837673636768,0.0,-0.0020777729190408684,0.0,0.0,-0.1188,1.1880000000000002,-0.2376,0.0,0.1,0.0,0.0,0.0994837673636768,0.0,0.0,0.0,0.0,square,1,0.1,0.25,12,24,16.820000886917114,0.0
1779528030.9153843,0.0,0.0994837673636768,0.0,0.0,0.0,0.0,-0.0792,1.3464,-0.3168,0.0,0.1,0.0,0.0,0.0994837673636768,0.0,0.0,-0.0020777729190408684,0.0,square,1,0.1,0.25,12,24,16.83000111579895,0.0
1779528030.9255576,0.0,0.0994837673636768,0.0,0.0,-0.0020777729190408684,0.0,-0.1188,1.3464,-0.3168,0.0,0.1,0.0,0.0,0.0994837673636768,0.0,0.0,-0.0020777729190408684,0.0,square,1,0.1,0.25,12,24,16.840001344680786,0.0
1779528030.9353817,0.0,0.0994837673636768,0.0,0.0,-0.0020777729190408684,0.0,-0.1188,1.3464,-0.3168,0.0,0.1,0.0,0.0,0.0994837673636768,0.0,0.0,0.0,0.0020777729190408684,square,1,0.1,0.25,12,24,16.85017466545105,0.0
1779528030.9454145,0.0,0.0994837673636768,0.0,0.0,0.0,0.0020777729190408684,-0.1188,1.4255999999999998,0.3168,0.0,0.1,0.0,0.0,0.0994837673636768,0.0,0.0,0.0,0.0020777729190408684,square,1,0.1,0.25,12,24,16.85999870300293,0.0
1779528030.9554167,0.0,0.0994837673636768,0.0,0.0,0.0,0.0020777729190408684,-0.1188,1.4255999999999998,0.3168,0.0,0.1,0.0,0.0,0.0994837673636768,0.0,0.0,0.0,0.0020777729190408684,square,1,0.1,0.25,12,24,16.870031595230103,0.0
1779528030.965384,0.0,0.0994837673636768,0.0,0.0,0.0,0.0020777729190408684,-0.0792,1.4255999999999998,0.2376,0.0,0.1,0.0,0.0,0.0994837673636768,0.0,0.0,0.0,0.0,square,1,0.1,0.25,12,24,16.88003373146057,0.0
1779528030.975384,0.0,0.0994837673636768,0.0,0.0,0.0,0.0,-0.1188,1.4255999999999998,0.35639999999999994,0.0,0.1,0.0,0.0,0.0994837673636768,0.0,0.0,0.0,0.0,square,1,0.1,0.25,12,24,16.89000105857849,0.0
1779528030.9856076,0.0,0.0994837673636768,0.0,0.0,0.0,0.0,-0.0792,1.3068,-0.27720000000000006,0.0,0.1,0.0,0.0,0.0994837673636768,0.0,0.0,0.0,0.0,square,1,0.1,0.25,12,24,16.900001049041748,0.0
1779528030.9954321,0.0,0.0994837673636768,0.0,0.0,0.0,0.0,-0.0792,1.3068,-0.27720000000000006,0.0,0.1,0.0,0.0,0.0994837673636768,0.0,0.0,0.0,0.0,square,1,0.1,0.25,12,24,16.910224676132202,0.0
1779528031.0053833,0.0,0.0994837673636768,0.0,0.0,0.0,0.0,-0.1584,1.3068,-0.396,0.0,0.1,0.0,0.0,0.0994837673636768,0.0,0.0,0.0,0.0,square,1,0.1,0.25,12,24,16.92004919052124,0.0
1779528031.0154135,0.0,0.0994837673636768,0.0,0.0,0.0,0.0,-0.0792,1.3068,-0.4752,0.0,0.1,0.0,0.0,0.0994837673636768,0.0,0.0,0.0,0.0,square,1,0.1,0.25,12,24,16.93000030517578,0.0
1779528031.0253837,0.0,0.0994837673636768,0.0,0.0,0.0,0.0,-0.1584,1.3464,-0.27720000000000006,0.0,0.1,0.0,0.0,0.0994837673636768,0.0,0.0,0.0,0.0,square,1,0.1,0.25,12,24,16.940030574798584,0.0
1779528031.035596,0.0,0.0994837673636768,0.0,0.0,0.0,0.0,-0.0396,1.3068,-0.35639999999999994,0.0,0.1,0.0,0.0,0.0994837673636768,0.0,0.0,0.0,0.0,square,1,0.1,0.25,12,24,16.950000762939453,0.0
1779528031.0454125,0.0,0.0994837673636768,0.0,0.0,0.0,0.0,-0.0396,1.3068,-0.35639999999999994,0.0,0.1,0.0,0.0,0.0994837673636768,0.0,0.0,0.0,-0.0020777729190408684,square,1,0.1,0.25,12,24,16.96021294593811,0.0
1779528031.055416,0.0,0.0994837673636768,0.0,0.0,0.0,-0.0020777729190408684,-0.1188,1.1880000000000002,-0.198,0.0,0.1,0.0,0.0,0.0994837673636768,0.0,0.0020777729190408684,0.0,0.0020777729190408684,square,1,0.1,0.25,12,24,16.970029592514038,0.0
1779528031.0653841,0.0,0.0994837673636768,0.0,0.0020777729190408684,0.0,0.0020777729190408684,-0.0792,1.4652,0.396,0.0,0.1,0.0,0.0,0.0994837673636768,0.0,0.0,-0.0020777729190408684,-0.0020777729190408684,square,1,0.1,0.25,12,24,16.98003315925598,0.0
1779528031.0754135,0.0,0.0994837673636768,0.0,0.0,-0.0020777729190408684,-0.0020777729190408684,-0.1188,1.4652,-0.27720000000000006,0.0,0.1,0.0,0.0,0.0994837673636768,0.0,0.0,0.0,0.0,square,1,0.1,0.25,12,24,16.99000120162964,0.0
1779528031.085525,0.0,0.0994837673636768,0.0,0.0,0.0,0.0,-0.0396,1.4255999999999998,-0.396,0.0,0.1,0.0,0.0,0.0994837673636768,0.0,0.0,0.0,0.0,square,1,0.1,0.25,12,24,17.000030517578125,0.0
1779528031.0953832,0.0,0.0994837673636768,0.0,0.0,0.0,0.0,-0.0396,1.4255999999999998,-0.396,0.0,0.1,0.0,0.0,0.0994837673636768,0.0,0.0,-0.0020777729190408684,0.0,square,1,0.1,0.25,12,24,17.0101420879364,0.0
1779528031.105428,0.0,0.0994837673636768,0.0,0.0,-0.0020777729190408684,0.0,0.0,1.3068,0.35639999999999994,0.0,0.1,0.0,0.0,0.0994837673636768,0.0,0.0,-0.0020777729190408684,0.0,square,1,0.1,0.25,12,24,17.020000219345093,0.0
1779528031.1155887,0.0,0.0994837673636768,0.0,0.0,-0.0020777729190408684,0.0,0.0,1.3068,0.35639999999999994,0.0,0.1,0.0,0.0,0.0994837673636768,0.0,0.0,0.0020777729190408684,0.0,square,1,0.1,0.25,12,24,17.03004503250122,0.0
1779528031.1255538,0.0,0.0994837673636768,0.0,0.0,0.0020777729190408684,0.0,-0.0792,1.3860000000000001,-0.198,0.0,0.1,0.0,0.0,0.0994837673636768,0.0,0.0020777729190408684,0.0020777729190408684,0.0,square,1,0.1,0.25,12,24,17.040205717086792,0.0
1779528031.1353927,0.0,0.0994837673636768,0.0,0.0020777729190408684,0.0020777729190408684,0.0,-0.0792,1.3860000000000001,0.27720000000000006,0.0,0.1,0.0,0.0,0.0994837673636768,0.0,0.0,0.0,0.0,square,1,0.1,0.25,12,24,17.0501708984375,0.0
1779528031.145606,0.0,0.0994837673636768,0.0,0.0,0.0,0.0,-0.198,1.3860000000000001,0.396,0.0,0.1,0.0,0.0,0.0994837673636768,0.0,0.0,0.0,0.0,square,1,0.1,0.25,12,24,17.060009717941284,0.0
1779528031.15559,0.0,0.0994837673636768,0.0,0.0,0.0,0.0,-0.1584,1.4652,-0.35639999999999994,0.0,0.1,0.0,0.0,0.0994837673636768,0.0,0.0,0.0020777729190408684,0.0,square,1,0.1,0.25,12,24,17.070223093032837,0.0
1779528031.165562,0.0,0.0994837673636768,0.0,0.0,0.0020777729190408684,0.0,-0.1584,1.2672,-0.35639999999999994,0.0,0.1,0.0,0.0,0.0994837673636768,0.0,-0.0020777729190408684,0.0,0.0,square,1,0.1,0.25,12,24,17.080207109451294,0.0
1779528031.1754172,0.0,0.0994837673636768,0.0,-0.0020777729190408684,0.0,0.0,-0.1584,1.4652,-0.35639999999999994,0.0,0.1,0.0,0.0,0.0994837673636768,0.0,-0.0020777729190408684,0.0,0.0,square,1,0.1,0.25,12,24,17.090178966522217,0.0
1779528031.1854043,0.0,0.0994837673636768,0.0,-0.0020777729190408684,0.0,0.0,-0.0396,1.2672,0.2376,0.0,0.1,0.0,0.0,0.0994837673636768,0.0,0.0,0.0,0.0,square,1,0.1,0.25,12,24,17.10003423690796,0.0
1779528031.1955636,0.0,0.0994837673636768,0.0,0.0,0.0,0.0,0.0396,1.5048000000000001,-0.2376,0.0,0.1,0.0,0.0,0.0994837673636768,0.0,0.0,0.0,0.0,square,1,0.1,0.25,12,24,17.110021352767944,0.0
1779528031.2065787,0.0,0.0994837673636768,0.0,0.0,0.0,0.0,0.0396,1.5048000000000001,-0.2376,0.0,0.1,0.0,0.0,0.0994837673636768,0.0,0.0020777729190408684,0.0,0.0,square,1,0.1,0.25,12,24,17.12018060684204,0.0
1779528031.215363,0.0,0.0994837673636768,0.0,0.0020777729190408684,0.0,0.0,-0.0792,1.4652,-0.35639999999999994,0.0,0.1,0.0,0.0,0.0994837673636768,0.0,0.0,0.0,0.0,square,1,0.1,0.25,12,24,17.131195783615112,0.0
1779528031.2254286,0.0,0.0994837673636768,0.0,0.0,0.0,0.0,-0.1584,1.5048000000000001,-0.35639999999999994,0.0,0.1,0.0,0.0,0.0994837673636768,0.0,0.0,0.0,0.0,square,1,0.1,0.25,12,24,17.13998007774353,0.0
1779528031.2353837,0.0,0.0994837673636768,0.0,0.0,0.0,0.0,-0.1584,1.5048000000000001,-0.35639999999999994,0.0,0.1,0.0,0.0,0.0994837673636768,0.0,0.0020777729190408684,0.0,0.0,square,1,0.1,0.25,12,24,17.15004563331604,0.0
1779528031.2455761,0.0,0.0994837673636768,0.0,0.0020777729190408684,0.0,0.0,-0.0792,1.4255999999999998,-0.27720000000000006,0.0,0.1,0.0,0.0,0.0994837673636768,0.0,0.0020777729190408684,0.0,0.0,square,1,0.1,0.25,12,24,17.160000801086426,0.0
1779528031.2553837,0.0,0.0994837673636768,0.0,0.0020777729190408684,0.0,0.0,-0.0792,1.4255999999999998,-0.27720000000000006,0.0,0.1,0.0,0.0,0.0994837673636768,0.0,-0.0020777729190408684,0.0,-0.0020777729190408684,square,1,0.1,0.25,12,24,17.170193195343018,0.0
1779528031.2654228,0.0,0.0994837673636768,0.0,-0.0020777729190408684,0.0,-0.0020777729190408684,-0.1584,1.3068,-0.35639999999999994,0.0,0.1,0.0,0.0,0.0994837673636768,0.0,-0.0020777729190408684,0.0,-0.0020777729190408684,square,1,0.1,0.25,12,24,17.18000078201294,0.0
1779528031.2754195,0.0,0.0994837673636768,0.0,-0.0020777729190408684,0.0,-0.0020777729190408684,-0.1584,1.3068,-0.35639999999999994,0.0,0.1,0.0,0.0,0.0994837673636768,0.0,0.0,0.0,0.0,square,1,0.1,0.25,12,24,17.19003987312317,0.0
1779528031.285414,0.0,0.0994837673636768,0.0,0.0,0.0,0.0,-0.0792,1.4652,-0.396,0.0,0.1,0.0,0.0,0.0994837673636768,0.0,0.0020777729190408684,0.0,0.0,square,1,0.1,0.25,12,24,17.20003652572632,0.0
1779528031.2954147,0.0,0.0994837673636768,0.0,0.0020777729190408684,0.0,0.0,-0.1188,1.2672,-0.35639999999999994,0.0,0.1,0.0,0.0,0.0994837673636768,0.0,0.0020777729190408684,0.0,0.0,square,1,0.1,0.25,12,24,17.210031032562256,0.0
1779528031.3053846,0.0,0.0994837673636768,0.0,0.0020777729190408684,0.0,0.0,-0.1188,1.2672,-0.35639999999999994,0.0,0.1,0.0,0.0,0.0994837673636768,0.0,0.0,0.0,0.0,square,1,0.1,0.25,12,24,17.22003173828125,0.0
1779528031.3154294,0.0,0.0994837673636768,0.0,0.0,0.0,0.0,-0.0792,1.3860000000000001,0.4356,0.0,0.1,0.0,0.0,0.0994837673636768,0.0,0.0,0.0,0.0,square,1,0.1,0.25,12,24,17.23000168800354,0.0
1779528031.3254662,0.0,0.0994837673636768,0.0,0.0,0.0,0.0,-0.0792,1.3860000000000001,0.4356,0.0,0.1,0.0,0.0,0.0994837673636768,0.0,-0.0020777729190408684,0.0,0.0,square,1,0.1,0.25,12,24,17.240046501159668,0.0
1779528031.3353837,0.0,0.0994837673636768,0.0,-0.0020777729190408684,0.0,0.0,-0.0396,1.4652,-0.2376,0.0,0.1,0.0,0.0,0.0994837673636768,0.0,0.0,0.0,0.0,square,1,0.1,0.25,12,24,17.250083208084106,0.0
1779528031.3453836,0.0,0.0994837673636768,0.0,0.0,0.0,0.0,-0.1188,1.4255999999999998,0.35639999999999994,0.0,0.1,0.0,0.0,0.0994837673636768,0.0,0.0,0.0,0.0,square,1,0.1,0.25,12,24,17.260000705718994,0.0
1779528031.3555298,0.0,0.0994837673636768,0.0,0.0,0.0,0.0,-0.1584,1.5048000000000001,-0.2376,0.0,0.1,0.0,0.0,0.0994837673636768,0.0,0.0,0.0,0.0,square,1,0.1,0.25,12,24,17.27000069618225,0.0
1779528031.3654218,0.0,0.0994837673636768,0.0,0.0,0.0,0.0,-0.1584,1.5048000000000001,-0.2376,0.0,0.1,0.0,0.0,0.0994837673636768,0.0,0.0,0.0,0.0,square,1,0.1,0.25,12,24,17.280146837234497,0.0
1779528031.375414,0.0,0.0994837673636768,0.0,0.0,0.0,0.0,-0.1188,1.5048000000000001,-0.35639999999999994,0.0,0.1,0.0,0.0,0.0994837673636768,0.0,0.0,0.0020777729190408684,0.0,square,1,0.1,0.25,12,24,17.29003882408142,0.0
1779528031.3853838,0.0,0.0994837673636768,0.0,0.0,0.0020777729190408684,0.0,-0.1584,1.3068,-0.3168,0.0,0.1,0.0,0.0,0.0994837673636768,0.0,0.0,0.0,0.0,square,1,0.1,0.25,12,24,17.300030946731567,0.0
1779528031.3955448,0.0,0.0994837673636768,0.0,0.0,0.0,0.0,-0.0792,1.3464,0.396,0.0,0.1,0.0,0.0,0.0994837673636768,0.0,0.0,0.0,0.0,square,1,0.1,0.25,12,24,17.310000896453857,0.0
1779528031.4054174,0.0,0.0994837673636768,0.0,0.0,0.0,0.0,-0.0792,1.3464,0.396,0.0,0.1,0.0,0.0,0.0994837673636768,0.0,0.0,0.0,0.0,square,1,0.1,0.25,12,24,17.320161819458008,0.0
1779528031.4153838,0.0,0.0994837673636768,0.0,0.0,0.0,0.0,-0.0396,1.4652,-0.35639999999999994,0.0,0.1,0.0,0.0,0.0994837673636768,0.0,0.0,0.0,0.0,square,1,0.1,0.25,12,24,17.330034494400024,0.0
1779528031.4255784,0.0,0.0994837673636768,0.0,0.0,0.0,0.0,-0.0792,1.3860000000000001,-0.35639999999999994,0.0,0.1,0.0,0.0,0.0994837673636768,0.0,0.0,0.0,0.0,square,1,0.1,0.25,12,24,17.340000867843628,0.0
1779528031.4353845,0.0,0.0994837673636768,0.0,0.0,0.0,0.0,-0.0792,1.3860000000000001,-0.35639999999999994,0.0,0.1,0.0,0.0,0.0994837673636768,0.0,0.0,0.0,0.0,square,1,0.1,0.25,12,24,17.35019540786743,0.0
1779528031.4453833,0.0,0.0994837673636768,0.0,0.0,0.0,0.0,-0.0792,1.3068,-0.3168,0.0,0.1,0.0,0.0,0.0994837673636768,0.0,0.0,0.0,0.0,square,1,0.1,0.25,12,24,17.36000156402588,0.0
1779528031.455384,0.0,0.0994837673636768,0.0,0.0,0.0,0.0,-0.1188,1.5048000000000001,-0.3168,0.0,0.1,0.0,0.0,0.0994837673636768,0.0,0.0,0.0,0.0020777729190408684,square,1,0.1,0.25,12,24,17.37000036239624,0.0
1779528031.4653835,0.0,0.0994837673636768,0.0,0.0,0.0,0.0020777729190408684,-0.1188,1.3860000000000001,-0.35639999999999994,0.0,0.1,0.0,0.0,0.0994837673636768,0.0,0.0020777729190408684,0.0,0.0,square,1,0.1,0.25,12,24,17.380001068115234,0.0
1779528031.475383,0.0,0.0994837673636768,0.0,0.0020777729190408684,0.0,0.0,-0.0792,1.3860000000000001,-0.27720000000000006,0.0,0.1,0.0,0.0,0.0994837673636768,0.0,0.0,0.0,0.0,square,1,0.1,0.25,12,24,17.390000581741333,0.0
1779528031.4853837,0.0,0.0994837673636768,0.0,0.0,0.0,0.0,-0.1188,1.5444,-0.27720000000000006,0.0,0.1,0.0,0.0,0.0994837673636768,0.0,0.0,-0.0020777729190408684,0.0,square,1,0.1,0.25,12,24,17.40000009536743,0.0
1779528031.4956465,0.0,0.0994837673636768,0.0,0.0,-0.0020777729190408684,0.0,-0.0396,1.3464,-0.3168,0.0,0.1,0.0,0.0,0.0994837673636768,0.0,0.0,-0.0020777729190408684,0.0,square,1,0.1,0.25,12,24,17.410000801086426,0.0
1779528031.5055058,0.0,0.0994837673636768,0.0,0.0,-0.0020777729190408684,0.0,-0.0396,1.3464,-0.3168,0.0,0.1,0.0,0.0,0.0994837673636768,0.0,0.0,0.0,0.0,square,1,0.1,0.25,12,24,17.420263528823853,0.0
1779528031.5153835,0.0,0.0994837673636768,0.0,0.0,0.0,0.0,-0.0792,1.4652,-0.3168,0.0,0.1,0.0,0.0,0.0994837673636768,0.0,0.0,0.0,0.0,square,1,0.1,0.25,12,24,17.43012285232544,0.0
1779528031.5253832,0.0,0.0994837673636768,0.0,0.0,0.0,0.0,-0.0792,1.3068,-0.3168,0.0,0.1,0.0,0.0,0.0994837673636768,0.0,0.0,0.0,0.0,square,1,0.1,0.25,12,24,17.440000534057617,0.0
1779528031.535383,0.0,0.0994837673636768,0.0,0.0,0.0,0.0,-0.1188,1.3068,-0.3168,0.0,0.1,0.0,0.0,0.0994837673636768,0.0,0.0,0.0,0.0,square,1,0.1,0.25,12,24,17.450000286102295,0.0
1779528031.5453835,0.0,0.0994837673636768,0.0,0.0,0.0,0.0,-0.0396,1.4255999999999998,-0.2376,0.0,0.1,0.0,0.0,0.0994837673636768,0.0,0.0,0.0,-0.0020777729190408684,square,1,0.1,0.25,12,24,17.460000038146973,0.0
1779528031.5555232,0.0,0.0994837673636768,0.0,0.0,0.0,-0.0020777729190408684,-0.1188,1.4652,-0.35639999999999994,0.0,0.1,0.0,0.0,0.0994837673636768,0.0,0.0,0.0,-0.0020777729190408684,square,1,0.1,0.25,12,24,17.470000505447388,0.0
1779528031.5655742,0.0,0.0994837673636768,0.0,0.0,0.0,-0.0020777729190408684,-0.1188,1.4652,-0.35639999999999994,0.0,0.1,0.0,0.0,0.0994837673636768,0.0,0.0020777729190408684,0.0,0.0,square,1,0.1,0.25,12,24,17.480140209197998,0.0
1779528031.5753834,0.0,0.0994837673636768,0.0,0.0020777729190408684,0.0,0.0,-0.0396,1.4652,-0.35639999999999994,0.0,0.1,0.0,0.0,0.0994837673636768,0.0,0.0,0.0,0.0,square,1,0.1,0.25,12,24,17.490191221237183,0.0
1779528031.5854135,0.0,0.0994837673636768,0.0,0.0,0.0,0.0,-0.0792,1.5444,-0.396,0.0,0.1,0.0,0.0,0.0994837673636768,0.0,0.0,0.0,0.0,square,1,0.1,0.25,12,24,17.500000476837158,0.0
1779528031.5953836,0.0,0.0994837673636768,0.0,0.0,0.0,0.0,-0.0792,1.5444,-0.396,0.0,0.1,0.0,0.0,0.0994837673636768,0.0,0.0,0.0,0.0,square,1,0.1,0.25,12,24,17.510030508041382,0.0
1779528031.605427,0.0,0.0994837673636768,0.0,0.0,0.0,0.0,-0.0792,1.3464,-0.27720000000000006,0.0,0.1,0.0,0.0,0.0994837673636768,0.0,0.0,0.0,0.0,square,1,0.1,0.25,12,24,17.52000069618225,0.0
1779528031.6153836,0.0,0.0994837673636768,0.0,0.0,0.0,0.0,-0.0792,1.3464,-0.27720000000000006,0.0,0.1,0.0,0.0,0.0994837673636768,0.0,0.0,0.0,0.0,square,1,0.1,0.25,12,24,17.530044078826904,0.0
1779528031.6254218,0.0,0.0994837673636768,0.0,0.0,0.0,0.0,-0.0792,1.5048000000000001,-0.27720000000000006,0.0,0.1,0.0,0.0,0.0994837673636768,0.0,0.0,0.0,0.0,square,1,0.1,0.25,12,24,17.540000677108765,0.0
1779528031.6354394,0.0,0.0994837673636768,0.0,0.0,0.0,0.0,-0.0792,1.5048000000000001,-0.27720000000000006,0.0,0.1,0.0,0.0,0.0994837673636768,0.0,0.0,-0.0020777729190408684,0.0,square,1,0.1,0.25,12,24,17.550038814544678,0.0
1779528031.6454163,0.0,0.0994837673636768,0.0,0.0,-0.0020777729190408684,0.0,-0.1584,1.3464,0.3168,0.0,0.1,0.0,0.0,0.0994837673636768,0.0,0.0,-0.0020777729190408684,0.0,square,1,0.1,0.25,12,24,17.560056447982788,0.0
1779528031.6555254,0.0,0.0994837673636768,0.0,0.0,-0.0020777729190408684,0.0,-0.1584,1.3464,0.3168,0.0,0.1,0.0,0.0,0.0994837673636768,0.0,0.0,0.0,0.0,square,1,0.1,0.25,12,24,17.570033311843872,0.0
1779528031.6654246,0.0,0.0994837673636768,0.0,0.0,0.0,0.0,-0.0792,1.5048000000000001,-0.2376,0.0,0.1,0.0,0.0,0.0994837673636768,0.0,0.0,0.0,0.0,square,1,0.1,0.25,12,24,17.580142498016357,0.0
1779528031.6754167,0.0,0.0994837673636768,0.0,0.0,0.0,0.0,-0.0396,1.5048000000000001,-0.3168,0.0,0.1,0.0,0.0,0.0994837673636768,0.0,0.0,0.0,0.0,square,1,0.1,0.25,12,24,17.590041637420654,0.0
1779528031.6856058,0.0,0.0994837673636768,0.0,0.0,0.0,0.0,-0.0396,1.5048000000000001,-0.3168,0.0,0.1,0.0,0.0,0.0994837673636768,0.0,0.0020777729190408684,0.0,0.0020777729190408684,square,1,0.1,0.25,12,24,17.6000337600708,0.0
1779528031.6954293,0.0,0.0994837673636768,0.0,0.0020777729190408684,0.0,0.0020777729190408684,-0.0792,1.3860000000000001,0.4356,0.0,0.1,0.0,0.0,0.0994837673636768,0.0,0.0,0.0,0.0,square,1,0.1,0.25,12,24,17.610222816467285,0.0
1779528031.7053833,0.0,0.0994837673636768,0.0,0.0,0.0,0.0,-0.0396,1.5048000000000001,-0.3168,0.0,0.1,0.0,0.0,0.0994837673636768,0.0,0.0,0.0,0.0,square,1,0.1,0.25,12,24,17.620046377182007,0.0
1779528031.715416,0.0,0.0994837673636768,0.0,0.0,0.0,0.0,-0.0792,1.5444,-0.2376,0.0,0.1,0.0,0.0,0.0994837673636768,0.0,0.0,0.0,0.0,square,1,0.1,0.25,12,24,17.630000352859497,0.0
1779528031.725446,0.0,0.0994837673636768,0.0,0.0,0.0,0.0,-0.0792,1.5444,-0.2376,0.0,0.1,0.0,0.0,0.0994837673636768,0.0,0.0,0.0,0.0,square,1,0.1,0.25,12,24,17.64003300666809,0.0
1779528031.7355652,0.0,0.0994837673636768,0.0,0.0,0.0,0.0,-0.0792,1.5444,-0.2376,0.0,0.1,0.0,0.0,0.0994837673636768,0.0,0.0,0.0,0.0,square,1,0.1,0.25,12,24,17.650063037872314,0.0
1779528031.7455215,0.0,0.0994837673636768,0.0,0.0,0.0,0.0,-0.1188,1.3860000000000001,-0.35639999999999994,0.0,0.1,0.0,0.0,0.0994837673636768,0.0,0.0,0.0,0.0,square,1,0.1,0.25,12,24,17.660182237625122,0.0
1779528031.7554154,0.0,0.0994837673636768,0.0,0.0,0.0,0.0,-0.1188,1.4255999999999998,-0.3168,0.0,0.1,0.0,0.0,0.0994837673636768,0.0,0.0,0.0,0.0,square,1,0.1,0.25,12,24,17.670138597488403,0.0
1779528031.765422,0.0,0.0994837673636768,0.0,0.0,0.0,0.0,-0.0792,1.4255999999999998,-0.2376,0.0,0.1,0.0,0.0,0.0994837673636768,0.0,0.0,0.0,0.0,square,1,0.1,0.25,12,24,17.68003249168396,0.0
1779528031.7755134,0.0,0.0994837673636768,0.0,0.0,0.0,0.0,-0.0792,1.4255999999999998,-0.2376,0.0,0.1,0.0,0.0,0.0994837673636768,0.0,0.0,0.0,0.0,square,1,0.1,0.25,12,24,17.69003915786743,0.0
1779528031.7855353,0.0,0.0994837673636768,0.0,0.0,0.0,0.0,-0.0792,1.3860000000000001,-0.4356,0.0,0.1,0.0,0.0,0.0994837673636768,0.0,0.0,0.0,0.0,square,1,0.1,0.25,12,24,17.700130462646484,0.0
1779528031.7953835,0.0,0.0994837673636768,0.0,0.0,0.0,0.0,-0.0396,1.5444,-0.35639999999999994,0.0,0.1,0.0,0.0,0.0994837673636768,0.0,0.0,0.0,0.0,square,1,0.1,0.25,12,24,17.71015238761902,0.0
1779528031.8053844,0.0,0.0994837673636768,0.0,0.0,0.0,0.0,-0.0792,1.3860000000000001,0.35639999999999994,0.0,0.1,0.0,0.0,0.0994837673636768,0.0,0.0,0.0,-0.0020777729190408684,square,1,0.1,0.25,12,24,17.720000505447388,0.0
1779528031.8153841,0.0,0.0994837673636768,0.0,0.0,0.0,-0.0020777729190408684,-0.1188,1.4652,-0.2376,0.0,0.1,0.0,0.0,0.0994837673636768,0.0,0.0,0.0,0.0,square,1,0.1,0.25,12,24,17.73000144958496,0.0
1779528031.825419,0.0,0.0994837673636768,0.0,0.0,0.0,0.0,-0.0792,1.5444,-0.27720000000000006,0.0,0.1,0.0,0.0,0.0994837673636768,0.0,0.0,0.0,0.0,square,1,0.1,0.25,12,24,17.74000120162964,0.0
1779528031.8354135,0.0,0.0994837673636768,0.0,0.0,0.0,0.0,-0.0792,1.5444,-0.27720000000000006,0.0,0.1,0.0,0.0,0.0994837673636768,0.0,0.0,0.0,0.0,square,1,0.1,0.25,12,24,17.750036001205444,0.0
1779528031.8453844,0.0,0.0994837673636768,0.0,0.0,0.0,0.0,-0.1188,1.3464,-0.35639999999999994,0.0,0.1,0.0,0.0,0.0994837673636768,0.0,0.0,0.0,0.0,square,1,0.1,0.25,12,24,17.760030508041382,0.0
1779528031.8555372,0.0,0.0994837673636768,0.0,0.0,0.0,0.0,-0.0792,1.4255999999999998,-0.198,0.0,0.1,0.0,0.0,0.0994837673636768,0.0,0.0,0.0,0.0,square,1,0.1,0.25,12,24,17.77000141143799,0.0
1779528031.8653848,0.0,0.0994837673636768,0.0,0.0,0.0,0.0,-0.0792,1.4255999999999998,-0.198,0.0,0.1,0.0,0.0,0.0994837673636768,0.0,0.0,0.0,0.0,square,1,0.1,0.25,12,24,17.78015422821045,0.0
1779528031.8753686,0.0,0.0994837673636768,0.0,0.0,0.0,0.0,-0.0396,1.4255999999999998,-0.27720000000000006,0.0,0.1,0.0,0.0,0.0994837673636768,0.0,0.0,0.0,0.0,square,1,0.1,0.25,12,24,17.79000186920166,0.0
1779528031.8854136,0.0,0.0994837673636768,0.0,0.0,0.0,0.0,-0.0396,1.584,-0.4356,0.0,0.1,0.0,0.0,0.0994837673636768,0.0,0.0,0.0,0.0,square,1,0.1,0.25,12,24,17.799985647201538,0.0
1779528031.8954136,0.0,0.0994837673636768,0.0,0.0,0.0,0.0,-0.0396,1.584,-0.4356,0.0,0.1,0.0,0.0,0.0994837673636768,0.0,0.0,0.0,0.0,square,1,0.1,0.25,12,24,17.810030698776245,0.0
1779528031.9055603,0.0,0.0994837673636768,0.0,0.0,0.0,0.0,-0.0792,1.3860000000000001,-0.3168,0.0,0.1,0.0,0.0,0.0994837673636768,0.0,0.0,0.0,0.0,square,1,0.1,0.25,12,24,17.820030689239502,0.0
1779528031.9156158,0.0,0.0994837673636768,0.0,0.0,0.0,0.0,-0.1188,1.4652,0.35639999999999994,0.0,0.1,0.0,0.0,0.0994837673636768,0.0,0.0,0.0,0.0,square,1,0.1,0.25,12,24,17.830177307128906,0.0
1779528031.925384,0.0,0.0994837673636768,0.0,0.0,0.0,0.0,-0.1188,1.4652,0.35639999999999994,0.0,0.1,0.0,0.0,0.0994837673636768,0.0,0.004155545838081737,0.0,0.0,square,1,0.1,0.25,12,24,17.840232849121094,0.0
1779528031.935383,0.0,0.0994837673636768,0.0,0.004155545838081737,0.0,0.0,0.1188,1.4255999999999998,-0.3168,0.0,0.1,0.0,0.0,0.0994837673636768,0.0,0.0,0.0,0.0,square,1,0.1,0.25,12,24,17.850001096725464,0.0
1779528031.9453843,0.0,0.0994837673636768,0.0,0.0,0.0,0.0,-0.0792,1.584,-0.3168,0.0,0.1,0.0,0.0,0.0994837673636768,0.0,0.0,0.0,0.0,square,1,0.1,0.25,12,24,17.860000133514404,0.0
1779528031.955544,0.0,0.0994837673636768,0.0,0.0,0.0,0.0,-0.0396,1.4652,-0.3168,0.0,0.1,0.0,0.0,0.0994837673636768,0.0,0.0,0.0,0.0,square,1,0.1,0.25,12,24,17.870001316070557,0.0
1779528031.9654193,0.0,0.0994837673636768,0.0,0.0,0.0,0.0,-0.0396,1.4652,-0.3168,0.0,0.1,0.0,0.0,0.0994837673636768,0.0,-0.0020777729190408684,0.0,0.0,square,1,0.1,0.25,12,24,17.88016104698181,0.0
1779528031.9753842,0.0,0.0994837673636768,0.0,-0.0020777729190408684,0.0,0.0,-0.0396,1.4652,0.35639999999999994,0.0,0.1,0.0,0.0,0.0994837673636768,0.0,0.0,0.0,0.0,square,1,0.1,0.25,12,24,17.8900363445282,0.0
1779528031.9854167,0.0,0.0994837673636768,0.0,0.0,0.0,0.0,-0.0792,1.4255999999999998,-0.4356,0.0,0.1,0.0,0.0,0.0994837673636768,0.0,0.0,0.0,0.0,square,1,0.1,0.25,12,24,17.900001287460327,0.0
1779528031.995415,0.0,0.0994837673636768,0.0,0.0,0.0,0.0,-0.0792,1.5048000000000001,0.396,0.0,0.1,0.0,0.0,0.0994837673636768,0.0,0.0,0.0,0.0,square,1,0.1,0.25,12,24,17.910033702850342,0.0
1779528032.0053968,0.0,0.0994837673636768,0.0,0.0,0.0,0.0,-0.0792,1.5048000000000001,0.396,0.0,0.1,0.0,0.0,0.0994837673636768,0.0,0.0,0.0,-0.0020777729190408684,square,1,0.1,0.25,12,24,17.920032024383545,0.0
1779528032.0154555,0.0,0.0994837673636768,0.0,0.0,0.0,-0.0020777729190408684,-0.0792,1.5444,-0.35639999999999994,0.0,0.1,0.0,0.0,0.0994837673636768,0.0,0.0,0.0,0.0,square,1,0.1,0.25,12,24,17.93001389503479,0.0
1779528032.0256364,0.0,0.0994837673636768,0.0,0.0,0.0,0.0,-0.0792,1.3068,-0.3168,0.0,0.1,0.0,0.0,0.0994837673636768,0.0,0.0,0.0,0.0,square,1,0.1,0.25,12,24,17.940072536468506,0.0
1779528032.0355313,0.0,0.0994837673636768,0.0,0.0,0.0,0.0,-0.0792,1.3068,-0.3168,0.0,0.1,0.0,0.0,0.0994837673636768,0.0,0.0,0.0,0.0,square,1,0.1,0.25,12,24,17.9502534866333,0.0
1779528032.0453894,0.0,0.0994837673636768,0.0,0.0,0.0,0.0,-0.0792,1.3068,-0.396,0.0,0.1,0.0,0.0,0.0994837673636768,0.0,0.0,0.0,0.0,square,1,0.1,0.25,12,24,17.960148334503174,0.0
1779528032.0555537,0.0,0.0994837673636768,0.0,0.0,0.0,0.0,-0.1188,1.4255999999999998,0.35639999999999994,0.0,0.1,0.0,0.0,0.0994837673636768,0.0,0.0,0.0,0.0,square,1,0.1,0.25,12,24,17.970006465911865,0.0
1779528032.0654159,0.0,0.0994837673636768,0.0,0.0,0.0,0.0,-0.1188,1.4255999999999998,0.35639999999999994,0.0,0.1,0.0,0.0,0.0994837673636768,0.0,0.0,0.0,0.0,square,1,0.1,0.25,12,24,17.980170726776123,0.0
1779528032.075417,0.0,0.0994837673636768,0.0,0.0,0.0,0.0,-0.1188,1.5048000000000001,-0.4356,0.0,0.1,0.0,0.0,0.0994837673636768,0.0,0.0020777729190408684,0.0,0.0,square,1,0.1,0.25,12,24,17.99003291130066,0.0
1779528032.0854185,0.0,0.0994837673636768,0.0,0.0020777729190408684,0.0,0.0,0.0,1.4652,-0.2376,0.0,-0.1,0.0,0.0,0.0994837673636768,0.0,0.0,0.0,0.0,square,1,0.1,0.25,12,24,18.00003409385681,0.0
1779528032.0955365,0.0,0.0994837673636768,0.0,0.0,0.0,0.0,-0.0792,1.5048000000000001,-0.396,0.0,-0.1,0.0,0.0,0.0994837673636768,0.0,0.0020777729190408684,0.0,0.0020777729190408684,square,1,0.1,0.25,12,24,18.010035514831543,0.0
1779528032.1054137,0.0,0.0994837673636768,0.0,0.0020777729190408684,0.0,0.0020777729190408684,0.1188,1.4652,-0.35639999999999994,0.0,-0.1,0.0,0.0,0.08901179185171082,0.0,0.0,-0.9744754990301673,0.0,square,1,0.1,0.25,12,24,18.020153522491455,0.0
1779528032.115445,0.0,0.08901179185171082,0.0,0.0,-0.9744754990301673,0.0,-0.35639999999999994,4.158,3.168,0.0,-0.1,0.0,0.0,0.06283185307179587,0.0,-0.004155545838081737,-2.275161346349751,-0.008311091676163474,square,1,0.1,0.25,12,24,18.030030727386475,0.0
1779528032.1254213,0.0,0.06283185307179587,0.0,-0.004155545838081737,-2.275161346349751,-0.008311091676163474,-0.4752,1.0692,1.6236000000000002,0.0,-0.1,0.0,0.0,0.04014257279586959,0.0,-0.004155545838081737,-2.2647724817545467,0.004155545838081737,square,1,0.1,0.25,12,24,18.040061950683594,0.0
1779528032.1355746,0.0,0.04014257279586959,0.0,-0.004155545838081737,-2.2647724817545467,0.004155545838081737,-0.2376,3.7224000000000004,1.3464,0.0,-0.1,0.0,0.0,0.017453292519943295,0.0,0.0,-2.189972656669075,0.0,square,1,0.1,0.25,12,24,18.05003833770752,0.0
1779528032.1454184,0.0,0.017453292519943295,0.0,0.0,-2.189972656669075,0.0,-0.27720000000000006,0.99,-0.27720000000000006,0.0,-0.1,0.0,0.0,0.0,0.0,0.0,-2.019595277307724,0.0,square,1,0.1,0.25,12,24,18.06019163131714,0.0
1779528032.1555316,0.0,0.0,0.0,0.0,-2.019595277307724,0.0,-0.0396,0.4356,-0.1584,0.0,-0.1,0.0,0.0,-0.017453292519943295,0.0,0.014544410433286078,-1.7619514353466563,0.0,square,1,0.1,0.25,12,24,18.070035457611084,0.0
1779528032.165417,0.0,-0.017453292519943295,0.0,0.014544410433286078,-1.7619514353466563,0.0,0.5544000000000001,0.0,-0.1584,0.0,-0.1,0.0,0.0,-0.031415926535897934,0.0,0.014544410433286078,-1.5126186850617522,0.0020777729190408684,square,1,0.1,0.25,12,24,18.080148696899414,0.0
1779528032.1754365,0.0,-0.031415926535897934,0.0,0.014544410433286078,-1.5126186850617522,0.0020777729190408684,0.7524000000000001,-0.7524000000000001,-0.27720000000000006,0.0,-0.1,0.0,0.0,-0.04363323129985824,0.0,0.004155545838081737,-1.2757525722910932,0.0,square,1,0.1,0.25,12,24,18.090034008026123,0.0
1779528032.1854143,0.0,-0.04363323129985824,0.0,0.004155545838081737,-1.2757525722910932,0.0,0.5148,-0.6336,-0.35639999999999994,0.0,-0.1,0.0,0.0,-0.06283185307179587,0.0,-0.006233318757122605,-0.8892868093494917,-0.0020777729190408684,square,1,0.1,0.25,12,24,18.100053548812866,0.0
1779528032.195521,0.0,-0.06283185307179587,0.0,-0.006233318757122605,-0.8892868093494917,-0.0020777729190408684,0.1188,0.8316,0.1188,0.0,-0.1,0.0,0.0,-0.06283185307179587,0.0,-0.006233318757122605,-0.8892868093494917,-0.0020777729190408684,square,1,0.1,0.25,12,24,18.110031366348267,0.0
1779528032.205582,0.0,-0.06283185307179587,0.0,-0.006233318757122605,-0.8892868093494917,-0.0020777729190408684,0.1188,0.8316,0.1188,0.0,-0.1,0.0,0.0,-0.06981317007977318,0.0,-0.020777729190408684,-0.7313760675023857,0.0,square,1,0.1,0.25,12,24,18.12013816833496,0.0
1779528032.2155657,0.0,-0.06981317007977318,0.0,-0.020777729190408684,-0.7313760675023857,0.0,0.4356,-0.2376,-0.2376,0.0,-0.1,0.0,0.0,-0.07504915783575616,0.0,-0.022855502109449553,-0.6087874652789744,0.0,square,1,0.1,0.25,12,24,18.13019895553589,0.0
1779528032.2254262,0.0,-0.07504915783575616,0.0,-0.022855502109449553,-0.6087874652789744,0.0,0.7524000000000001,1.2672,-0.27720000000000006,0.0,-0.1,0.0,0.0,-0.08377580409572782,0.0,-0.0020777729190408684,-0.3989324004558467,0.0,square,1,0.1,0.25,12,24,18.140182733535767,0.0
1779528032.235517,0.0,-0.08377580409572782,0.0,-0.0020777729190408684,-0.3989324004558467,0.0,0.4752,0.792,0.1188,0.0,-0.1,0.0,0.0,-0.08377580409572782,0.0,-0.0020777729190408684,-0.3989324004558467,0.0,square,1,0.1,0.25,12,24,18.15004324913025,0.0
1779528032.2454255,0.0,-0.08377580409572782,0.0,-0.0020777729190408684,-0.3989324004558467,0.0,0.4752,0.792,0.1188,0.0,-0.1,0.0,0.0,-0.08901179185171082,0.0,0.004155545838081737,-0.26595493363723116,0.0,square,1,0.1,0.25,12,24,18.160134077072144,0.0
1779528032.2555482,0.0,-0.08901179185171082,0.0,0.004155545838081737,-0.26595493363723116,0.0,0.27720000000000006,2.3364,-0.1188,0.0,-0.1,0.0,0.0,-0.08901179185171082,0.0,0.004155545838081737,-0.26595493363723116,0.0,square,1,0.1,0.25,12,24,18.170042514801025,0.0
1779528032.2654145,0.0,-0.08901179185171082,0.0,0.004155545838081737,-0.26595493363723116,0.0,0.27720000000000006,2.3364,-0.1188,0.0,-0.1,0.0,0.0,-0.09250245035569947,0.0,0.01246663751424521,-0.17661069811847382,0.0,square,1,0.1,0.25,12,24,18.18016529083252,0.0
1779528032.2753835,0.0,-0.09250245035569947,0.0,0.01246663751424521,-0.17661069811847382,0.0,0.0792,0.6732,0.1188,0.0,-0.1,0.0,0.0,-0.09424777960769379,0.0,0.020777729190408684,-0.14128855849477906,0.0,square,1,0.1,0.25,12,24,18.1900315284729,0.0
1779528032.2853837,0.0,-0.09424777960769379,0.0,0.020777729190408684,-0.14128855849477906,0.0,0.5940000000000001,0.4356,-0.1584,0.0,-0.1,0.0,0.0,-0.09599310885968812,0.0,0.01246663751424521,-0.1308996938995747,0.0,square,1,0.1,0.25,12,24,18.200000524520874,0.0
1779528032.2953837,0.0,-0.09599310885968812,0.0,0.01246663751424521,-0.1308996938995747,0.0,0.5544000000000001,0.0,-0.27720000000000006,0.0,-0.1,0.0,0.0,-0.09599310885968812,0.0,0.0,-0.09557755427587994,0.0,square,1,0.1,0.25,12,24,18.21000075340271,0.0
1779528032.3053842,0.0,-0.09599310885968812,0.0,0.0,-0.09557755427587994,0.0,0.35639999999999994,0.2376,0.1584,0.0,-0.1,0.0,0.0,-0.09773843811168245,0.0,-0.0020777729190408684,-0.07272205216643039,0.0,square,1,0.1,0.25,12,24,18.220000743865967,0.0
1779528032.3154159,0.0,-0.09773843811168245,0.0,-0.0020777729190408684,-0.07272205216643039,0.0,0.198,0.3168,0.2376,0.0,-0.1,0.0,0.0,-0.09773843811168245,0.0,-0.0020777729190408684,-0.07272205216643039,0.0,square,1,0.1,0.25,12,24,18.230001211166382,0.0
1779528032.325417,0.0,-0.09773843811168245,0.0,-0.0020777729190408684,-0.07272205216643039,0.0,0.198,0.3168,0.2376,0.0,-0.1,0.0,0.0,-0.09773843811168245,0.0,-0.010388864595204342,-0.02701104794753129,0.0,square,1,0.1,0.25,12,24,18.24003291130066,0.0
1779528032.3355618,0.0,-0.09773843811168245,0.0,-0.010388864595204342,-0.02701104794753129,0.0,-0.1584,1.4652,0.1188,0.0,-0.1,0.0,0.0,-0.09773843811168245,0.0,-0.010388864595204342,-0.02701104794753129,0.0,square,1,0.1,0.25,12,24,18.25003409385681,0.0
1779528032.3454187,0.0,-0.09773843811168245,0.0,-0.010388864595204342,-0.02701104794753129,0.0,-0.1584,1.4652,0.1188,0.0,-0.1,0.0,0.0,-0.0994837673636768,0.0,-0.006233318757122605,-0.02701104794753129,0.0,square,1,0.1,0.25,12,24,18.260178804397583,0.0
1779528032.3553832,0.0,-0.0994837673636768,0.0,-0.006233318757122605,-0.02701104794753129,0.0,0.35639999999999994,1.1880000000000002,0.27720000000000006,0.0,-0.1,0.0,0.0,-0.0994837673636768,0.0,0.0,-0.014544410433286078,0.0,square,1,0.1,0.25,12,24,18.27003574371338,0.0
1779528032.3653848,0.0,-0.0994837673636768,0.0,0.0,-0.014544410433286078,0.0,-0.1584,1.3860000000000001,-0.3168,0.0,-0.1,0.0,0.0,-0.0994837673636768,0.0,0.004155545838081737,-0.010388864595204342,0.0020777729190408684,square,1,0.1,0.25,12,24,18.28000020980835,0.0
1779528032.3753836,0.0,-0.0994837673636768,0.0,0.004155545838081737,-0.010388864595204342,0.0020777729190408684,0.0,1.4652,-0.1584,0.0,-0.1,0.0,0.0,-0.0994837673636768,0.0,0.0020777729190408684,-0.006233318757122605,0.0,square,1,0.1,0.25,12,24,18.29000186920166,0.0
1779528032.3853838,0.0,-0.0994837673636768,0.0,0.0020777729190408684,-0.006233318757122605,0.0,0.0396,1.4652,0.2376,0.0,-0.1,0.0,0.0,-0.0994837673636768,0.0,0.008311091676163474,-0.0020777729190408684,0.0,square,1,0.1,0.25,12,24,18.30000066757202,0.0
1779528032.3955493,0.0,-0.0994837673636768,0.0,0.008311091676163474,-0.0020777729190408684,0.0,0.1584,1.6632,-0.198,0.0,-0.1,0.0,0.0,-0.0994837673636768,0.0,0.008311091676163474,-0.0020777729190408684,0.0,square,1,0.1,0.25,12,24,18.310000896453857,0.0
1779528032.4053836,0.0,-0.0994837673636768,0.0,0.008311091676163474,-0.0020777729190408684,0.0,0.1584,1.6632,-0.198,0.0,-0.1,0.0,0.0,-0.0994837673636768,0.0,0.0,0.0,0.0020777729190408684,square,1,0.1,0.25,12,24,18.32016634941101,0.0
1779528032.4154155,0.0,-0.0994837673636768,0.0,0.0,0.0,0.0020777729190408684,-0.0792,1.782,0.1188,0.0,-0.1,0.0,0.0,-0.0994837673636768,0.0,0.0,0.0,0.0020777729190408684,square,1,0.1,0.25,12,24,18.330000638961792,0.0
1779528032.4253838,0.0,-0.0994837673636768,0.0,0.0,0.0,0.0020777729190408684,-0.0792,1.782,0.1188,0.0,-0.1,0.0,0.0,-0.0994837673636768,0.0,0.0,0.0,0.0,square,1,0.1,0.25,12,24,18.34003257751465,0.0
1779528032.4353836,0.0,-0.0994837673636768,0.0,0.0,0.0,0.0,-0.0792,1.8612000000000002,0.27720000000000006,0.0,-0.1,0.0,0.0,-0.0994837673636768,0.0,0.0,-0.0020777729190408684,0.0,square,1,0.1,0.25,12,24,18.350000858306885,0.0
1779528032.4455857,0.0,-0.0994837673636768,0.0,0.0,-0.0020777729190408684,0.0,-0.1188,1.7424,0.2376,0.0,-0.1,0.0,0.0,-0.0994837673636768,0.0,0.0,-0.0020777729190408684,0.0,square,1,0.1,0.25,12,24,18.360000610351562,0.0
1779528032.4554138,0.0,-0.0994837673636768,0.0,0.0,-0.0020777729190408684,0.0,-0.1188,1.7424,0.2376,0.0,-0.1,0.0,0.0,-0.0994837673636768,0.0,-0.004155545838081737,0.0,0.0020777729190408684,square,1,0.1,0.25,12,24,18.370202779769897,0.0
1779528032.4654212,0.0,-0.0994837673636768,0.0,-0.004155545838081737,0.0,0.0020777729190408684,-0.0396,1.782,-0.2376,0.0,-0.1,0.0,0.0,-0.0994837673636768,0.0,-0.004155545838081737,0.0,0.0,square,1,0.1,0.25,12,24,18.380030870437622,0.0
1779528032.475423,0.0,-0.0994837673636768,0.0,-0.004155545838081737,0.0,0.0,0.0,1.8215999999999999,0.198,0.0,-0.1,0.0,0.0,-0.0994837673636768,0.0,-0.004155545838081737,-0.0020777729190408684,0.0,square,1,0.1,0.25,12,24,18.39003825187683,0.0
1779528032.4853835,0.0,-0.0994837673636768,0.0,-0.004155545838081737,-0.0020777729190408684,0.0,-0.0396,1.8612000000000002,0.0792,0.0,-0.1,0.0,0.0,-0.0994837673636768,0.0,0.0,-0.0020777729190408684,0.0,square,1,0.1,0.25,12,24,18.40004014968872,0.0
1779528032.4953833,0.0,-0.0994837673636768,0.0,0.0,-0.0020777729190408684,0.0,0.0,1.584,0.1584,0.0,-0.1,0.0,0.0,-0.0994837673636768,0.0,0.0,0.0,0.0,square,1,0.1,0.25,12,24,18.410000562667847,0.0
1779528032.505384,0.0,-0.0994837673636768,0.0,0.0,0.0,0.0,-0.1188,1.5444,0.2376,0.0,-0.1,0.0,0.0,-0.0994837673636768,0.0,0.0020777729190408684,0.0,0.0020777729190408684,square,1,0.1,0.25,12,24,18.420000314712524,0.0
1779528032.515616,0.0,-0.0994837673636768,0.0,0.0020777729190408684,0.0,0.0020777729190408684,-0.1188,1.7028,0.198,0.0,-0.1,0.0,0.0,-0.0994837673636768,0.0,0.0020777729190408684,0.0,0.0020777729190408684,square,1,0.1,0.25,12,24,18.43000102043152,0.0
1779528032.5254147,0.0,-0.0994837673636768,0.0,0.0020777729190408684,0.0,0.0020777729190408684,-0.1188,1.7028,0.198,0.0,-0.1,0.0,0.0,-0.0994837673636768,0.0,0.0,0.0020777729190408684,0.0020777729190408684,square,1,0.1,0.25,12,24,18.44023299217224,0.0
1779528032.5354164,0.0,-0.0994837673636768,0.0,0.0,0.0020777729190408684,0.0020777729190408684,-0.0396,1.8215999999999999,-0.1584,0.0,-0.1,0.0,0.0,-0.0994837673636768,0.0,0.0,0.0020777729190408684,0.0020777729190408684,square,1,0.1,0.25,12,24,18.450031757354736,0.0
1779528032.5453832,0.0,-0.0994837673636768,0.0,0.0,0.0020777729190408684,0.0020777729190408684,-0.0396,1.8215999999999999,-0.1584,0.0,-0.1,0.0,0.0,-0.0994837673636768,0.0,0.0,0.0020777729190408684,0.0,square,1,0.1,0.25,12,24,18.460033416748047,0.0
1779528032.5553951,0.0,-0.0994837673636768,0.0,0.0,0.0020777729190408684,0.0,-0.0792,1.782,0.0792,0.0,-0.1,0.0,0.0,-0.0994837673636768,0.0,0.0,0.0020777729190408684,0.0,square,1,0.1,0.25,12,24,18.47000026702881,0.0
1779528032.56542,0.0,-0.0994837673636768,0.0,0.0,0.0020777729190408684,0.0,-0.0792,1.782,0.0792,0.0,-0.1,0.0,0.0,-0.0994837673636768,0.0,0.0,0.0,0.0,square,1,0.1,0.25,12,24,18.48001217842102,0.0
1779528032.5754151,0.0,-0.0994837673636768,0.0,0.0,0.0,0.0,-0.0396,1.7424,0.2376,0.0,-0.1,0.0,0.0,-0.0994837673636768,0.0,0.0,0.0,0.0,square,1,0.1,0.25,12,24,18.490036964416504,0.0
1779528032.5853837,0.0,-0.0994837673636768,0.0,0.0,0.0,0.0,-0.0792,1.6632,0.1584,0.0,-0.1,0.0,0.0,-0.0994837673636768,0.0,0.0020777729190408684,-0.004155545838081737,0.0,square,1,0.1,0.25,12,24,18.50003218650818,0.0
1779528032.595569,0.0,-0.0994837673636768,0.0,0.0020777729190408684,-0.004155545838081737,0.0,0.1584,1.6236000000000002,0.1584,0.0,-0.1,0.0,0.0,-0.0994837673636768,0.0,0.0020777729190408684,-0.004155545838081737,0.0,square,1,0.1,0.25,12,24,18.510000705718994,0.0
1779528032.6054192,0.0,-0.0994837673636768,0.0,0.0020777729190408684,-0.004155545838081737,0.0,0.1584,1.6236000000000002,0.1584,0.0,-0.1,0.0,0.0,-0.0994837673636768,0.0,0.0,-0.0020777729190408684,-0.0020777729190408684,square,1,0.1,0.25,12,24,18.520185947418213,0.0
1779528032.6154768,0.0,-0.0994837673636768,0.0,0.0,-0.0020777729190408684,-0.0020777729190408684,-0.1188,1.7028,0.198,0.0,-0.1,0.0,0.0,-0.0994837673636768,0.0,-0.004155545838081737,0.0,0.0020777729190408684,square,1,0.1,0.25,12,24,18.530036211013794,0.0
1779528032.625531,0.0,-0.0994837673636768,0.0,-0.004155545838081737,0.0,0.0020777729190408684,0.0,1.6632,-0.198,0.0,-0.1,0.0,0.0,-0.0994837673636768,0.0,-0.004155545838081737,0.0,0.0020777729190408684,square,1,0.1,0.25,12,24,18.540093898773193,0.0
1779528032.635358,0.0,-0.0994837673636768,0.0,-0.004155545838081737,0.0,0.0020777729190408684,0.0,1.6632,-0.198,0.0,-0.1,0.0,0.0,-0.0994837673636768,0.0,-0.004155545838081737,0.0,0.0,square,1,0.1,0.25,12,24,18.550148010253906,0.0
1779528032.6453846,0.0,-0.0994837673636768,0.0,-0.004155545838081737,0.0,0.0,-0.0792,1.7424,0.198,0.0,-0.1,0.0,0.0,-0.0994837673636768,0.0,0.0,0.0020777729190408684,0.0,square,1,0.1,0.25,12,24,18.559975147247314,0.0
1779528032.6553938,0.0,-0.0994837673636768,0.0,0.0,0.0020777729190408684,0.0,-0.0396,1.782,0.2376,0.0,-0.1,0.0,0.0,-0.0994837673636768,0.0,0.0,0.0,0.0,square,1,0.1,0.25,12,24,18.57000160217285,0.0
1779528032.6653833,0.0,-0.0994837673636768,0.0,0.0,0.0,0.0,0.0,1.7028,0.3168,0.0,-0.1,0.0,0.0,-0.0994837673636768,0.0,0.0020777729190408684,0.0,0.0,square,1,0.1,0.25,12,24,18.580010890960693,0.0
1779528032.6753833,0.0,-0.0994837673636768,0.0,0.0020777729190408684,0.0,0.0,-0.0792,1.6632,0.2376,0.0,-0.1,0.0,0.0,-0.0994837673636768,0.0,0.0,0.0,0.0,square,1,0.1,0.25,12,24,18.59000039100647,0.0
1779528032.685418,0.0,-0.0994837673636768,0.0,0.0,0.0,0.0,-0.0792,1.7028,0.0792,0.0,-0.1,0.0,0.0,-0.0994837673636768,0.0,0.0,0.0,0.0,square,1,0.1,0.25,12,24,18.600000381469727,0.0
1779528032.6954176,0.0,-0.0994837673636768,0.0,0.0,0.0,0.0,-0.0792,1.7028,0.0792,0.0,-0.1,0.0,0.0,-0.0994837673636768,0.0,0.0,-0.0020777729190408684,0.0,square,1,0.1,0.25,12,24,18.610034942626953,0.0
1779528032.7053912,0.0,-0.0994837673636768,0.0,0.0,-0.0020777729190408684,0.0,0.198,1.584,0.1584,0.0,-0.1,0.0,0.0,-0.0994837673636768,0.0,-0.0020777729190408684,0.0,0.0,square,1,0.1,0.25,12,24,18.62003469467163,0.0
1779528032.7153833,0.0,-0.0994837673636768,0.0,-0.0020777729190408684,0.0,0.0,-0.1188,1.7424,0.3168,0.0,-0.1,0.0,0.0,-0.0994837673636768,0.0,-0.0020777729190408684,0.0,0.0,square,1,0.1,0.25,12,24,18.630008220672607,0.0
1779528032.7254143,0.0,-0.0994837673636768,0.0,-0.0020777729190408684,0.0,0.0,-0.1188,1.7028,0.2376,0.0,-0.1,0.0,0.0,-0.0994837673636768,0.0,-0.0020777729190408684,0.0,0.0,square,1,0.1,0.25,12,24,18.640000343322754,0.0
1779528032.7354105,0.0,-0.0994837673636768,0.0,-0.0020777729190408684,0.0,0.0,-0.1188,1.7028,0.2376,0.0,-0.1,0.0,0.0,-0.0994837673636768,0.0,-0.0020777729190408684,0.0,-0.0020777729190408684,square,1,0.1,0.25,12,24,18.650031328201294,0.0
1779528032.745414,0.0,-0.0994837673636768,0.0,-0.0020777729190408684,0.0,-0.0020777729190408684,0.0,1.6236000000000002,0.27720000000000006,0.0,-0.1,0.0,0.0,-0.0994837673636768,0.0,-0.004155545838081737,0.0,0.0,square,1,0.1,0.25,12,24,18.660027503967285,0.0
1779528032.7554135,0.0,-0.0994837673636768,0.0,-0.004155545838081737,0.0,0.0,-0.0396,1.6236000000000002,0.2376,0.0,-0.1,0.0,0.0,-0.0994837673636768,0.0,-0.004155545838081737,0.0020777729190408684,-0.0020777729190408684,square,1,0.1,0.25,12,24,18.67003107070923,0.0
1779528032.7654111,0.0,-0.0994837673636768,0.0,-0.004155545838081737,0.0020777729190408684,-0.0020777729190408684,-0.1188,1.7424,0.198,0.0,-0.1,0.0,0.0,-0.0994837673636768,0.0,-0.0020777729190408684,0.0,0.0,square,1,0.1,0.25,12,24,18.680030584335327,0.0
1779528032.7754166,0.0,-0.0994837673636768,0.0,-0.0020777729190408684,0.0,0.0,-0.0792,1.6236000000000002,0.1584,0.0,-0.1,0.0,0.0,-0.0994837673636768,0.0,0.004155545838081737,0.0,0.0,square,1,0.1,0.25,12,24,18.690028190612793,0.0
1779528032.7854173,0.0,-0.0994837673636768,0.0,0.004155545838081737,0.0,0.0,0.0,1.6236000000000002,0.2376,0.0,-0.1,0.0,0.0,-0.0994837673636768,0.0,0.004155545838081737,0.0,0.0,square,1,0.1,0.25,12,24,18.70003366470337,0.0
1779528032.7953835,0.0,-0.0994837673636768,0.0,0.004155545838081737,0.0,0.0,0.0,1.6236000000000002,0.2376,0.0,-0.1,0.0,0.0,-0.0994837673636768,0.0,0.0020777729190408684,-0.0020777729190408684,0.0,square,1,0.1,0.25,12,24,18.710034370422363,0.0
1779528032.8054783,0.0,-0.0994837673636768,0.0,0.0020777729190408684,-0.0020777729190408684,0.0,0.198,1.584,0.198,0.0,-0.1,0.0,0.0,-0.0994837673636768,0.0,0.0020777729190408684,-0.0020777729190408684,0.0,square,1,0.1,0.25,12,24,18.720000505447388,0.0
1779528032.815394,0.0,-0.0994837673636768,0.0,0.0020777729190408684,-0.0020777729190408684,0.0,0.198,1.584,0.198,0.0,-0.1,0.0,0.0,-0.0994837673636768,0.0,0.0,0.0,0.0,square,1,0.1,0.25,12,24,18.730095386505127,0.0
1779528032.8254173,0.0,-0.0994837673636768,0.0,0.0,0.0,0.0,0.1584,1.7424,-0.2376,0.0,-0.1,0.0,0.0,-0.0994837673636768,0.0,0.0,0.0,0.0,square,1,0.1,0.25,12,24,18.740010976791382,0.0
1779528032.8354278,0.0,-0.0994837673636768,0.0,0.0,0.0,0.0,0.1584,1.7424,-0.2376,0.0,-0.1,0.0,0.0,-0.0994837673636768,0.0,0.0,0.0,-0.0020777729190408684,square,1,0.1,0.25,12,24,18.75003433227539,0.0
1779528032.845414,0.0,-0.0994837673636768,0.0,0.0,0.0,-0.0020777729190408684,-0.0792,1.7028,0.35639999999999994,0.0,-0.1,0.0,0.0,-0.0994837673636768,0.0,-0.0020777729190408684,0.0,0.0,square,1,0.1,0.25,12,24,18.760044813156128,0.0
1779528032.8553836,0.0,-0.0994837673636768,0.0,-0.0020777729190408684,0.0,0.0,0.0,1.6236000000000002,0.27720000000000006,0.0,-0.1,0.0,0.0,-0.0994837673636768,0.0,0.0,0.0,0.0,square,1,0.1,0.25,12,24,18.770030975341797,0.0
1779528032.8654273,0.0,-0.0994837673636768,0.0,0.0,0.0,0.0,0.0,1.7028,0.27720000000000006,0.0,-0.1,0.0,0.0,-0.0994837673636768,0.0,-0.0020777729190408684,0.0,0.0,square,1,0.1,0.25,12,24,18.780000686645508,0.0
1779528032.875384,0.0,-0.0994837673636768,0.0,-0.0020777729190408684,0.0,0.0,0.0,1.6236000000000002,0.198,0.0,-0.1,0.0,0.0,-0.0994837673636768,0.0,-0.0020777729190408684,0.0,0.0,square,1,0.1,0.25,12,24,18.79004430770874,0.0
1779528032.8854218,0.0,-0.0994837673636768,0.0,-0.0020777729190408684,0.0,0.0,-0.0792,1.6236000000000002,0.2376,0.0,-0.1,0.0,0.0,-0.0994837673636768,0.0,-0.0020777729190408684,0.0,0.0,square,1,0.1,0.25,12,24,18.80000114440918,0.0
1779528032.895421,0.0,-0.0994837673636768,0.0,-0.0020777729190408684,0.0,0.0,-0.0792,1.6236000000000002,0.2376,0.0,-0.1,0.0,0.0,-0.0994837673636768,0.0,0.0020777729190408684,0.0,0.0,square,1,0.1,0.25,12,24,18.810038805007935,0.0
1779528032.9053833,0.0,-0.0994837673636768,0.0,0.0020777729190408684,0.0,0.0,0.0792,1.6236000000000002,0.1188,0.0,-0.1,0.0,0.0,-0.0994837673636768,0.0,0.0,-0.0020777729190408684,0.0020777729190408684,square,1,0.1,0.25,12,24,18.820038080215454,0.0
1779528032.9156778,0.0,-0.0994837673636768,0.0,0.0,-0.0020777729190408684,0.0020777729190408684,-0.0792,1.7028,0.198,0.0,-0.1,0.0,0.0,-0.0994837673636768,0.0,0.0,-0.0020777729190408684,0.0020777729190408684,square,1,0.1,0.25,12,24,18.830000400543213,0.0
1779528032.9254158,0.0,-0.0994837673636768,0.0,0.0,-0.0020777729190408684,0.0020777729190408684,-0.0792,1.7028,0.198,0.0,-0.1,0.0,0.0,-0.0994837673636768,0.0,0.0,0.0,0.0,square,1,0.1,0.25,12,24,18.84029483795166,0.0
1779528032.9353836,0.0,-0.0994837673636768,0.0,0.0,0.0,0.0,-0.0792,1.782,0.198,0.0,-0.1,0.0,0.0,-0.0994837673636768,0.0,0.0,0.0,0.0,square,1,0.1,0.25,12,24,18.850032806396484,0.0
1779528032.94556,0.0,-0.0994837673636768,0.0,0.0,0.0,0.0,-0.0396,1.6632,-0.2376,0.0,-0.1,0.0,0.0,-0.0994837673636768,0.0,0.0,0.0,0.0,square,1,0.1,0.25,12,24,18.860000610351562,0.0
1779528032.9555407,0.0,-0.0994837673636768,0.0,0.0,0.0,0.0,-0.0396,1.6632,-0.2376,0.0,-0.1,0.0,0.0,-0.0994837673636768,0.0,-0.0020777729190408684,0.0,-0.0020777729190408684,square,1,0.1,0.25,12,24,18.870177030563354,0.0
1779528032.9654136,0.0,-0.0994837673636768,0.0,-0.0020777729190408684,0.0,-0.0020777729190408684,-0.0396,1.6632,0.198,0.0,-0.1,0.0,0.0,-0.0994837673636768,0.0,0.0,0.0,0.0,square,1,0.1,0.25,12,24,18.880157709121704,0.0
1779528032.9754014,0.0,-0.0994837673636768,0.0,0.0,0.0,0.0,0.0,1.7028,0.35639999999999994,0.0,-0.1,0.0,0.0,-0.0994837673636768,0.0,0.0,0.0,0.0020777729190408684,square,1,0.1,0.25,12,24,18.8900306224823,0.0
1779528032.9854147,0.0,-0.0994837673636768,0.0,0.0,0.0,0.0020777729190408684,-0.0396,1.6236000000000002,-0.1584,0.0,-0.1,0.0,0.0,-0.0994837673636768,0.0,0.0,0.0020777729190408684,0.0,square,1,0.1,0.25,12,24,18.900018453598022,0.0
1779528032.9953985,0.0,-0.0994837673636768,0.0,0.0,0.0020777729190408684,0.0,-0.0396,1.6236000000000002,0.1584,0.0,-0.1,0.0,0.0,-0.0994837673636768,0.0,0.0,0.0,0.0,square,1,0.1,0.25,12,24,18.91003179550171,0.0
1779528033.0054173,0.0,-0.0994837673636768,0.0,0.0,0.0,0.0,-0.0396,1.7028,-0.2376,0.0,-0.1,0.0,0.0,-0.0994837673636768,0.0,0.0,0.0,0.0,square,1,0.1,0.25,12,24,18.920015573501587,0.0
1779528033.015384,0.0,-0.0994837673636768,0.0,0.0,0.0,0.0,-0.0396,1.7028,-0.2376,0.0,-0.1,0.0,0.0,-0.0994837673636768,0.0,0.0,0.0,0.0,square,1,0.1,0.25,12,24,18.930034399032593,0.0
1779528033.0253851,0.0,-0.0994837673636768,0.0,0.0,0.0,0.0,-0.0396,1.6632,0.2376,0.0,-0.1,0.0,0.0,-0.0994837673636768,0.0,0.0,0.0,0.0,square,1,0.1,0.25,12,24,18.940001010894775,0.0
1779528033.035413,0.0,-0.0994837673636768,0.0,0.0,0.0,0.0,-0.0396,1.6236000000000002,0.27720000000000006,0.0,-0.1,0.0,0.0,-0.0994837673636768,0.0,0.0,0.0,0.0,square,1,0.1,0.25,12,24,18.950002193450928,0.0
1779528033.0453835,0.0,-0.0994837673636768,0.0,0.0,0.0,0.0,-0.0396,1.6236000000000002,0.27720000000000006,0.0,-0.1,0.0,0.0,-0.0994837673636768,0.0,0.0,0.0,0.0,square,1,0.1,0.25,12,24,18.96003007888794,0.0
1779528033.0553834,0.0,-0.0994837673636768,0.0,0.0,0.0,0.0,-0.0396,1.7424,0.3168,0.0,-0.1,0.0,0.0,-0.0994837673636768,0.0,0.0,0.0,0.0020777729190408684,square,1,0.1,0.25,12,24,18.970000505447388,0.0
1779528033.0654163,0.0,-0.0994837673636768,0.0,0.0,0.0,0.0020777729190408684,-0.0396,1.7028,-0.2376,0.0,-0.1,0.0,0.0,-0.0994837673636768,0.0,0.0,0.0,0.0020777729190408684,square,1,0.1,0.25,12,24,18.980000495910645,0.0
1779528033.0754232,0.0,-0.0994837673636768,0.0,0.0,0.0,0.0020777729190408684,-0.0396,1.7028,-0.2376,0.0,-0.1,0.0,0.0,-0.0994837673636768,0.0,0.0020777729190408684,0.0,0.0020777729190408684,square,1,0.1,0.25,12,24,18.990033388137817,0.0
1779528033.0853841,0.0,-0.0994837673636768,0.0,0.0020777729190408684,0.0,0.0020777729190408684,-0.1188,1.7424,0.27720000000000006,0.0,-0.1,0.0,0.0,-0.0994837673636768,0.0,0.0,0.0020777729190408684,0.0,square,1,0.1,0.25,12,24,19.000040292739868,0.0
1779528033.0954134,0.0,-0.0994837673636768,0.0,0.0,0.0020777729190408684,0.0,-0.1584,1.584,0.3168,0.0,-0.1,0.0,0.0,-0.0994837673636768,0.0,0.0,0.0,0.0,square,1,0.1,0.25,12,24,19.010001182556152,0.0
1779528033.1053743,0.0,-0.0994837673636768,0.0,0.0,0.0,0.0,-0.1584,1.6236000000000002,-0.3168,0.0,-0.1,0.0,0.0,-0.0994837673636768,0.0,0.0,0.0,0.0020777729190408684,square,1,0.1,0.25,12,24,19.02003049850464,0.0
1779528033.1153395,0.0,-0.0994837673636768,0.0,0.0,0.0,0.0020777729190408684,-0.0792,1.584,-0.35639999999999994,0.0,-0.1,0.0,0.0,-0.0994837673636768,0.0,0.0,0.0,0.0,square,1,0.1,0.25,12,24,19.029991388320923,0.0
1779528033.1253836,0.0,-0.0994837673636768,0.0,0.0,0.0,0.0,-0.0792,1.584,0.198,0.0,-0.1,0.0,0.0,-0.0994837673636768,0.0,0.0,0.0,0.0020777729190408684,square,1,0.1,0.25,12,24,19.03995656967163,0.0
1779528033.135418,0.0,-0.0994837673636768,0.0,0.0,0.0,0.0020777729190408684,0.0,1.5444,-0.3168,0.0,-0.1,0.0,0.0,-0.0994837673636768,0.0,0.0,0.0,0.0020777729190408684,square,1,0.1,0.25,12,24,19.05000066757202,0.0
1779528033.145415,0.0,-0.0994837673636768,0.0,0.0,0.0,0.0020777729190408684,0.0,1.5444,-0.3168,0.0,-0.1,0.0,0.0,-0.0994837673636768,0.0,0.0,0.0,0.0,square,1,0.1,0.25,12,24,19.06003499031067,0.0
1779528033.1553836,0.0,-0.0994837673636768,0.0,0.0,0.0,0.0,0.0,1.584,-0.198,0.0,-0.1,0.0,0.0,-0.0994837673636768,0.0,0.0,0.0,0.0,square,1,0.1,0.25,12,24,19.070032119750977,0.0
1779528033.1653843,0.0,-0.0994837673636768,0.0,0.0,0.0,0.0,0.0,1.5444,0.3168,0.0,-0.1,0.0,0.0,-0.0994837673636768,0.0,0.0,-0.0020777729190408684,0.0,square,1,0.1,0.25,12,24,19.080000638961792,0.0
1779528033.175414,0.0,-0.0994837673636768,0.0,0.0,-0.0020777729190408684,0.0,-0.0396,1.584,0.35639999999999994,0.0,-0.1,0.0,0.0,-0.0994837673636768,0.0,0.0,0.0,0.0,square,1,0.1,0.25,12,24,19.090001344680786,0.0
1779528033.1853848,0.0,-0.0994837673636768,0.0,0.0,0.0,0.0,-0.0396,1.5444,-0.2376,0.0,-0.1,0.0,0.0,-0.0994837673636768,0.0,0.0,0.0,0.0,square,1,0.1,0.25,12,24,19.10003113746643,0.0
1779528033.1953835,0.0,-0.0994837673636768,0.0,0.0,0.0,0.0,-0.1584,1.584,-0.27720000000000006,0.0,-0.1,0.0,0.0,-0.0994837673636768,0.0,0.0,0.0,0.0020777729190408684,square,1,0.1,0.25,12,24,19.110001802444458,0.0
1779528033.2053843,0.0,-0.0994837673636768,0.0,0.0,0.0,0.0020777729190408684,-0.1188,1.7028,0.1188,0.0,-0.1,0.0,0.0,-0.0994837673636768,0.0,0.0,0.0,0.0020777729190408684,square,1,0.1,0.25,12,24,19.12000060081482,0.0
1779528033.2154365,0.0,-0.0994837673636768,0.0,0.0,0.0,0.0020777729190408684,-0.1188,1.6236000000000002,-0.27720000000000006,0.0,-0.1,0.0,0.0,-0.0994837673636768,0.0,0.0,0.0,0.0020777729190408684,square,1,0.1,0.25,12,24,19.130001306533813,0.0
1779528033.2253835,0.0,-0.0994837673636768,0.0,0.0,0.0,0.0020777729190408684,-0.1188,1.6236000000000002,-0.27720000000000006,0.0,-0.1,0.0,0.0,-0.0994837673636768,0.0,0.0,0.0,0.0,square,1,0.1,0.25,12,24,19.140053510665894,0.0
1779528033.2353835,0.0,-0.0994837673636768,0.0,0.0,0.0,0.0,-0.0792,1.6632,0.2376,0.0,-0.1,0.0,0.0,-0.0994837673636768,0.0,0.0,0.0020777729190408684,0.0,square,1,0.1,0.25,12,24,19.15000057220459,0.0
1779528033.245384,0.0,-0.0994837673636768,0.0,0.0,0.0020777729190408684,0.0,0.0,1.7028,0.35639999999999994,0.0,-0.1,0.0,0.0,-0.0994837673636768,0.0,-0.004155545838081737,0.0,0.0,square,1,0.1,0.25,12,24,19.160000562667847,0.0
1779528033.2553837,0.0,-0.0994837673636768,0.0,-0.004155545838081737,0.0,0.0,0.0,1.584,0.27720000000000006,0.0,-0.1,0.0,0.0,-0.0994837673636768,0.0,0.0,0.0,0.0,square,1,0.1,0.25,12,24,19.17000102996826,0.0
1779528033.2653837,0.0,-0.0994837673636768,0.0,0.0,0.0,0.0,-0.0396,1.5444,0.198,0.0,-0.1,0.0,0.0,-0.0994837673636768,0.0,0.0,0.0,0.0,square,1,0.1,0.25,12,24,19.18000078201294,0.0
1779528033.2753837,0.0,-0.0994837673636768,0.0,0.0,0.0,0.0,0.0,1.7028,0.35639999999999994,0.0,-0.1,0.0,0.0,-0.0994837673636768,0.0,0.0,0.0,0.0,square,1,0.1,0.25,12,24,19.190000772476196,0.0
1779528033.2853835,0.0,-0.0994837673636768,0.0,0.0,0.0,0.0,-0.0792,1.5444,0.35639999999999994,0.0,-0.1,0.0,0.0,-0.0994837673636768,0.0,0.0,0.0,0.0,square,1,0.1,0.25,12,24,19.200000762939453,0.0
1779528033.2954123,0.0,-0.0994837673636768,0.0,0.0,0.0,0.0,0.0,1.6236000000000002,0.396,0.0,-0.1,0.0,0.0,-0.0994837673636768,0.0,0.0,0.0,0.0,square,1,0.1,0.25,12,24,19.21000051498413,0.0
1779528033.3053837,0.0,-0.0994837673636768,0.0,0.0,0.0,0.0,0.0,1.6236000000000002,0.396,0.0,-0.1,0.0,0.0,-0.0994837673636768,0.0,0.0020777729190408684,0.0,0.0,square,1,0.1,0.25,12,24,19.22002935409546,0.0
1779528033.3153841,0.0,-0.0994837673636768,0.0,0.0020777729190408684,0.0,0.0,0.1188,1.584,0.2376,0.0,-0.1,0.0,0.0,-0.0994837673636768,0.0,-0.0020777729190408684,0.0,0.0,square,1,0.1,0.25,12,24,19.230000734329224,0.0
1779528033.3254294,0.0,-0.0994837673636768,0.0,-0.0020777729190408684,0.0,0.0,0.0,1.6632,0.2376,0.0,-0.1,0.0,0.0,-0.0994837673636768,0.0,-0.0020777729190408684,0.0,0.0,square,1,0.1,0.25,12,24,19.24000120162964,0.0
1779528033.3354151,0.0,-0.0994837673636768,0.0,-0.0020777729190408684,0.0,0.0,0.0,1.6632,0.2376,0.0,-0.1,0.0,0.0,-0.0994837673636768,0.0,0.0,0.0,-0.0020777729190408684,square,1,0.1,0.25,12,24,19.250046491622925,0.0
1779528033.345401,0.0,-0.0994837673636768,0.0,0.0,0.0,-0.0020777729190408684,-0.0792,1.6632,0.1584,0.0,-0.1,0.0,0.0,-0.0994837673636768,0.0,0.0,0.0,0.0,square,1,0.1,0.25,12,24,19.260032176971436,0.0
1779528033.3553834,0.0,-0.0994837673636768,0.0,0.0,0.0,0.0,-0.0396,1.6632,0.27720000000000006,0.0,-0.1,0.0,0.0,-0.0994837673636768,0.0,0.0,0.0,0.0,square,1,0.1,0.25,12,24,19.270018100738525,0.0
1779528033.365383,0.0,-0.0994837673636768,0.0,0.0,0.0,0.0,-0.0396,1.6632,0.3168,0.0,-0.1,0.0,0.0,-0.0994837673636768,0.0,0.0,0.0,0.0,square,1,0.1,0.25,12,24,19.28000044822693,0.0
1779528033.3753839,0.0,-0.0994837673636768,0.0,0.0,0.0,0.0,-0.0792,1.5444,0.2376,0.0,-0.1,0.0,0.0,-0.0994837673636768,0.0,0.0,0.0,0.0,square,1,0.1,0.25,12,24,19.289999961853027,0.0
1779528033.3854158,0.0,-0.0994837673636768,0.0,0.0,0.0,0.0,-0.0792,1.6632,0.4356,0.0,-0.1,0.0,0.0,-0.0994837673636768,0.0,0.0,0.0,0.0,square,1,0.1,0.25,12,24,19.3000009059906,0.0
1779528033.3953836,0.0,-0.0994837673636768,0.0,0.0,0.0,0.0,-0.0792,1.6632,0.4356,0.0,-0.1,0.0,0.0,-0.0994837673636768,0.0,0.0,0.0,0.0,square,1,0.1,0.25,12,24,19.310032844543457,0.0
1779528033.4054146,0.0,-0.0994837673636768,0.0,0.0,0.0,0.0,-0.0792,1.6236000000000002,-0.4356,0.0,-0.1,0.0,0.0,-0.0994837673636768,0.0,0.0,0.0,0.0,square,1,0.1,0.25,12,24,19.320000648498535,0.0
1779528033.4154193,0.0,-0.0994837673636768,0.0,0.0,0.0,0.0,-0.0792,1.6236000000000002,-0.4356,0.0,-0.1,0.0,0.0,-0.0994837673636768,0.0,0.0,0.0,0.0020777729190408684,square,1,0.1,0.25,12,24,19.330031633377075,0.0
1779528033.4253838,0.0,-0.0994837673636768,0.0,0.0,0.0,0.0020777729190408684,-0.0792,1.5444,-0.2376,0.0,-0.1,0.0,0.0,-0.0994837673636768,0.0,0.0,0.0,0.0,square,1,0.1,0.25,12,24,19.340036392211914,0.0
1779528033.435384,0.0,-0.0994837673636768,0.0,0.0,0.0,0.0,-0.0396,1.584,0.2376,0.0,-0.1,0.0,0.0,-0.0994837673636768,0.0,-0.0020777729190408684,0.0,0.0020777729190408684,square,1,0.1,0.25,12,24,19.350000858306885,0.0
1779528033.4454384,0.0,-0.0994837673636768,0.0,-0.0020777729190408684,0.0,0.0020777729190408684,0.0,1.6632,-0.2376,0.0,-0.1,0.0,0.0,-0.0994837673636768,0.0,0.0,0.0020777729190408684,0.0,square,1,0.1,0.25,12,24,19.36000108718872,0.0
1779528033.4553843,0.0,-0.0994837673636768,0.0,0.0,0.0020777729190408684,0.0,0.0,1.6236000000000002,0.3168,0.0,-0.1,0.0,0.0,-0.0994837673636768,0.0,0.0,0.0,0.0,square,1,0.1,0.25,12,24,19.370055437088013,0.0
1779528033.4653833,0.0,-0.0994837673636768,0.0,0.0,0.0,0.0,-0.0396,1.5444,0.27720000000000006,0.0,-0.1,0.0,0.0,-0.0994837673636768,0.0,0.0,0.0,0.0,square,1,0.1,0.25,12,24,19.380001306533813,0.0
1779528033.475384,0.0,-0.0994837673636768,0.0,0.0,0.0,0.0,-0.0396,1.584,0.2376,0.0,-0.1,0.0,0.0,-0.0994837673636768,0.0,0.0,0.0,0.0,square,1,0.1,0.25,12,24,19.390000343322754,0.0
1779528033.4854088,0.0,-0.0994837673636768,0.0,0.0,0.0,0.0,-0.0396,1.7028,0.2376,0.0,-0.1,0.0,0.0,-0.0994837673636768,0.0,0.0020777729190408684,0.0,0.0020777729190408684,square,1,0.1,0.25,12,24,19.400001049041748,0.0
1779528033.495384,0.0,-0.0994837673636768,0.0,0.0020777729190408684,0.0,0.0020777729190408684,-0.0792,1.7028,0.3168,0.0,-0.1,0.0,0.0,-0.0994837673636768,0.0,0.0,0.0,0.0,square,1,0.1,0.25,12,24,19.41002583503723,0.0
1779528033.5053842,0.0,-0.0994837673636768,0.0,0.0,0.0,0.0,-0.0792,1.7028,0.3168,0.0,-0.1,0.0,0.0,-0.0994837673636768,0.0,0.0,0.0,0.0,square,1,0.1,0.25,12,24,19.42000102996826,0.0
1779528033.5153832,0.0,-0.0994837673636768,0.0,0.0,0.0,0.0,-0.0792,1.7028,-0.3168,0.0,-0.1,0.0,0.0,-0.0994837673636768,0.0,0.0,0.0,0.0,square,1,0.1,0.25,12,24,19.430001258850098,0.0
1779528033.5253835,0.0,-0.0994837673636768,0.0,0.0,0.0,0.0,-0.0792,1.5444,0.2376,0.0,-0.1,0.0,0.0,-0.0994837673636768,0.0,0.0,0.0,0.0,square,1,0.1,0.25,12,24,19.440000295639038,0.0
1779528033.5353844,0.0,-0.0994837673636768,0.0,0.0,0.0,0.0,-0.0792,1.5444,0.27720000000000006,0.0,-0.1,0.0,0.0,-0.0994837673636768,0.0,0.0020777729190408684,0.0,0.0,square,1,0.1,0.25,12,24,19.450000524520874,0.0
1779528033.545418,0.0,-0.0994837673636768,0.0,0.0020777729190408684,0.0,0.0,-0.0396,1.584,0.198,0.0,-0.1,0.0,0.0,-0.0994837673636768,0.0,0.0020777729190408684,0.0,0.0,square,1,0.1,0.25,12,24,19.460001468658447,0.0
1779528033.5553837,0.0,-0.0994837673636768,0.0,0.0020777729190408684,0.0,0.0,-0.0396,1.584,0.198,0.0,-0.1,0.0,0.0,-0.0994837673636768,0.0,0.0,0.0,0.0,square,1,0.1,0.25,12,24,19.470035076141357,0.0
1779528033.5653832,0.0,-0.0994837673636768,0.0,0.0,0.0,0.0,-0.0396,1.5444,0.3168,0.0,-0.1,0.0,0.0,-0.0994837673636768,0.0,0.0,0.0,0.0,square,1,0.1,0.25,12,24,19.480000734329224,0.0
1779528033.5753834,0.0,-0.0994837673636768,0.0,0.0,0.0,0.0,-0.0792,1.7424,0.2376,0.0,-0.1,0.0,0.0,-0.0994837673636768,0.0,0.0020777729190408684,0.0,0.0,square,1,0.1,0.25,12,24,19.490000247955322,0.0
1779528033.5853832,0.0,-0.0994837673636768,0.0,0.0020777729190408684,0.0,0.0,-0.1188,1.6632,0.198,0.0,-0.1,0.0,0.0,-0.0994837673636768,0.0,0.0,0.0,0.0,square,1,0.1,0.25,12,24,19.500000476837158,0.0
1779528033.5954182,0.0,-0.0994837673636768,0.0,0.0,0.0,0.0,-0.0792,1.584,0.198,0.0,-0.1,0.0,0.0,-0.0994837673636768,0.0,0.0,0.0,0.0,square,1,0.1,0.25,12,24,19.510000228881836,0.0
1779528033.6054316,0.0,-0.0994837673636768,0.0,0.0,0.0,0.0,-0.0792,1.584,0.198,0.0,-0.1,0.0,0.0,-0.0994837673636768,0.0,0.0,0.0,0.0,square,1,0.1,0.25,12,24,19.52003526687622,0.0
1779528033.6153846,0.0,-0.0994837673636768,0.0,0.0,0.0,0.0,-0.0396,1.6632,0.1584,0.0,-0.1,0.0,0.0,-0.0994837673636768,0.0,0.0,0.0,0.0,square,1,0.1,0.25,12,24,19.530048608779907,0.0
1779528033.6254168,0.0,-0.0994837673636768,0.0,0.0,0.0,0.0,0.0,1.6632,0.1584,0.0,-0.1,0.0,0.0,-0.0994837673636768,0.0,0.0,0.0,0.0,square,1,0.1,0.25,12,24,19.54000163078308,0.0
1779528033.6353836,0.0,-0.0994837673636768,0.0,0.0,0.0,0.0,0.0,1.6632,0.1584,0.0,-0.1,0.0,0.0,-0.0994837673636768,0.0,0.0,0.0,0.0,square,1,0.1,0.25,12,24,19.550033807754517,0.0
1779528033.6454437,0.0,-0.0994837673636768,0.0,0.0,0.0,0.0,-0.0792,1.6236000000000002,0.2376,0.0,-0.1,0.0,0.0,-0.0994837673636768,0.0,0.0,0.0,0.0,square,1,0.1,0.25,12,24,19.56000065803528,0.0
1779528033.6554148,0.0,-0.0994837673636768,0.0,0.0,0.0,0.0,-0.0792,1.6236000000000002,0.2376,0.0,-0.1,0.0,0.0,-0.0994837673636768,0.0,-0.0020777729190408684,0.0,0.0,square,1,0.1,0.25,12,24,19.57006072998047,0.0
1779528033.6653838,0.0,-0.0994837673636768,0.0,-0.0020777729190408684,0.0,0.0,-0.0792,1.5048000000000001,-0.27720000000000006,0.0,-0.1,0.0,0.0,-0.0994837673636768,0.0,0.0,0.0,0.0,square,1,0.1,0.25,12,24,19.580031871795654,0.0
1779528033.6753836,0.0,-0.0994837673636768,0.0,0.0,0.0,0.0,-0.0792,1.7028,0.3168,0.0,-0.1,0.0,0.0,-0.0994837673636768,0.0,0.0,0.0,0.0,square,1,0.1,0.25,12,24,19.590000867843628,0.0
1779528033.6853843,0.0,-0.0994837673636768,0.0,0.0,0.0,0.0,-0.1188,1.584,-0.198,0.0,-0.1,0.0,0.0,-0.0994837673636768,0.0,0.0,0.0,0.0,square,1,0.1,0.25,12,24,19.600000619888306,0.0
1779528033.6953835,0.0,-0.0994837673636768,0.0,0.0,0.0,0.0,-0.0792,1.6236000000000002,0.198,0.0,-0.1,0.0,0.0,-0.0994837673636768,0.0,0.0,0.0,0.0,square,1,0.1,0.25,12,24,19.6100013256073,0.0
1779528033.70541,0.0,-0.0994837673636768,0.0,0.0,0.0,0.0,-0.0792,1.6236000000000002,0.27720000000000006,0.0,-0.1,0.0,0.0,-0.0994837673636768,0.0,0.0,0.0,0.0,square,1,0.1,0.25,12,24,19.62000060081482,0.0
1779528033.7154267,0.0,-0.0994837673636768,0.0,0.0,0.0,0.0,-0.0792,1.6236000000000002,0.27720000000000006,0.0,-0.1,0.0,0.0,-0.0994837673636768,0.0,0.0,0.0,0.0,square,1,0.1,0.25,12,24,19.630027055740356,0.0
1779528033.7254171,0.0,-0.0994837673636768,0.0,0.0,0.0,0.0,-0.0396,1.584,0.2376,0.0,-0.1,0.0,0.0,-0.0994837673636768,0.0,0.0,0.0,0.0,square,1,0.1,0.25,12,24,19.64004373550415,0.0
1779528033.735391,0.0,-0.0994837673636768,0.0,0.0,0.0,0.0,0.0,1.584,0.2376,0.0,-0.1,0.0,0.0,-0.0994837673636768,0.0,0.0,0.0,-0.0020777729190408684,square,1,0.1,0.25,12,24,19.650034189224243,0.0
1779528033.745434,0.0,-0.0994837673636768,0.0,0.0,0.0,-0.0020777729190408684,-0.0396,1.7028,0.1584,0.0,-0.1,0.0,0.0,-0.0994837673636768,0.0,0.0,0.0,0.0020777729190408684,square,1,0.1,0.25,12,24,19.6600079536438,0.0
1779528033.7553852,0.0,-0.0994837673636768,0.0,0.0,0.0,0.0020777729190408684,-0.0792,1.6236000000000002,0.1584,0.0,-0.1,0.0,0.0,-0.0994837673636768,0.0,0.0,0.0,0.0,square,1,0.1,0.25,12,24,19.670051097869873,0.0
1779528033.7653902,0.0,-0.0994837673636768,0.0,0.0,0.0,0.0,-0.0396,1.5444,0.1584,0.0,-0.1,0.0,0.0,-0.0994837673636768,0.0,0.0,0.0,0.0020777729190408684,square,1,0.1,0.25,12,24,19.680002212524414,0.0
1779528033.7754223,0.0,-0.0994837673636768,0.0,0.0,0.0,0.0020777729190408684,-0.0396,1.584,-0.27720000000000006,0.0,-0.1,0.0,0.0,-0.0994837673636768,0.0,0.0,0.0,0.0020777729190408684,square,1,0.1,0.25,12,24,19.690007209777832,0.0
1779528033.7853827,0.0,-0.0994837673636768,0.0,0.0,0.0,0.0020777729190408684,-0.0396,1.584,-0.27720000000000006,0.0,-0.1,0.0,0.0,-0.0994837673636768,0.0,0.0,0.0,0.0,square,1,0.1,0.25,12,24,19.700039386749268,0.0
1779528033.7953932,0.0,-0.0994837673636768,0.0,0.0,0.0,0.0,-0.0792,1.7028,0.2376,0.0,-0.1,0.0,0.0,-0.0994837673636768,0.0,0.0,0.0,0.0,square,1,0.1,0.25,12,24,19.709999799728394,0.0
1779528033.8054142,0.0,-0.0994837673636768,0.0,0.0,0.0,0.0,-0.0792,1.6632,0.2376,0.0,-0.1,0.0,0.0,-0.0994837673636768,0.0,0.0,0.0,0.0,square,1,0.1,0.25,12,24,19.72001028060913,0.0
1779528033.815416,0.0,-0.0994837673636768,0.0,0.0,0.0,0.0,-0.0792,1.6632,0.2376,0.0,-0.1,0.0,0.0,-0.0994837673636768,0.0,0.0,0.0,-0.0020777729190408684,square,1,0.1,0.25,12,24,19.73003125190735,0.0
1779528033.825389,0.0,-0.0994837673636768,0.0,0.0,0.0,-0.0020777729190408684,-0.0396,1.6632,0.2376,0.0,-0.1,0.0,0.0,-0.0994837673636768,0.0,0.0,0.0,0.0,square,1,0.1,0.25,12,24,19.74003314971924,0.0
1779528033.8353834,0.0,-0.0994837673636768,0.0,0.0,0.0,0.0,0.0,1.5444,0.1584,0.0,-0.1,0.0,0.0,-0.0994837673636768,0.0,0.0,0.0,0.0,square,1,0.1,0.25,12,24,19.750005960464478,0.0
1779528033.8454175,0.0,-0.0994837673636768,0.0,0.0,0.0,0.0,0.0,1.5444,0.198,0.0,-0.1,0.0,0.0,-0.0994837673636768,0.0,0.0,0.0,0.0,square,1,0.1,0.25,12,24,19.760000467300415,0.0
1779528033.8553956,0.0,-0.0994837673636768,0.0,0.0,0.0,0.0,0.0,1.5444,0.198,0.0,-0.1,0.0,0.0,-0.0994837673636768,0.0,-0.0020777729190408684,0.0,0.0,square,1,0.1,0.25,12,24,19.770034551620483,0.0
1779528033.8653839,0.0,-0.0994837673636768,0.0,-0.0020777729190408684,0.0,0.0,-0.0396,1.584,0.35639999999999994,0.0,-0.1,0.0,0.0,-0.0994837673636768,0.0,0.0,0.0,0.0,square,1,0.1,0.25,12,24,19.780012607574463,0.0
1779528033.875385,0.0,-0.0994837673636768,0.0,0.0,0.0,0.0,-0.0792,1.584,0.198,0.0,-0.1,0.0,0.0,-0.0994837673636768,0.0,0.0,0.0020777729190408684,0.0,square,1,0.1,0.25,12,24,19.790000915527344,0.0
1779528033.8854396,0.0,-0.0994837673636768,0.0,0.0,0.0020777729190408684,0.0,0.0,1.6632,-0.35639999999999994,0.0,-0.1,0.0,0.0,-0.0994837673636768,0.0,0.0,0.0,-0.0020777729190408684,square,1,0.1,0.25,12,24,19.800002098083496,0.0
1779528033.8953834,0.0,-0.0994837673636768,0.0,0.0,0.0,-0.0020777729190408684,-0.0396,1.6632,0.1584,0.0,-0.1,0.0,0.0,-0.0994837673636768,0.0,-0.0020777729190408684,0.0,0.0,square,1,0.1,0.25,12,24,19.810056686401367,0.0
1779528033.9053833,0.0,-0.0994837673636768,0.0,-0.0020777729190408684,0.0,0.0,-0.0792,1.584,-0.1584,0.0,-0.1,0.0,0.0,-0.0994837673636768,0.0,-0.0020777729190408684,0.0,0.0,square,1,0.1,0.25,12,24,19.820000410079956,0.0
1779528033.915559,0.0,-0.0994837673636768,0.0,-0.0020777729190408684,0.0,0.0,-0.0396,1.584,0.2376,0.0,-0.1,0.0,0.0,-0.0994837673636768,0.0,-0.0020777729190408684,0.0,0.0,square,1,0.1,0.25,12,24,19.830000400543213,0.0
1779528033.925383,0.0,-0.0994837673636768,0.0,-0.0020777729190408684,0.0,0.0,-0.0396,1.584,0.2376,0.0,-0.1,0.0,0.0,-0.0994837673636768,0.0,0.0,0.0,0.0,square,1,0.1,0.25,12,24,19.840176105499268,0.0
1779528033.93539,0.0,-0.0994837673636768,0.0,0.0,0.0,0.0,-0.0792,1.6632,0.3168,0.0,-0.1,0.0,0.0,-0.0994837673636768,0.0,0.0,0.0,0.0,square,1,0.1,0.25,12,24,19.850000143051147,0.0
1779528033.945383,0.0,-0.0994837673636768,0.0,0.0,0.0,0.0,-0.0792,1.584,0.198,0.0,-0.1,0.0,0.0,-0.0994837673636768,0.0,0.0,0.0,0.0,square,1,0.1,0.25,12,24,19.8600070476532,0.0
1779528033.9554255,0.0,-0.0994837673636768,0.0,0.0,0.0,0.0,-0.0396,1.5048000000000001,0.2376,0.0,-0.1,0.0,0.0,-0.0994837673636768,0.0,0.0,0.0,0.0,square,1,0.1,0.25,12,24,19.87000012397766,0.0
1779528033.9654117,0.0,-0.0994837673636768,0.0,0.0,0.0,0.0,-0.0396,1.5048000000000001,0.2376,0.0,-0.1,0.0,0.0,-0.0994837673636768,0.0,0.0,0.0,0.0,square,1,0.1,0.25,12,24,19.880042552947998,0.0
1779528033.9754102,0.0,-0.0994837673636768,0.0,0.0,0.0,0.0,-0.0792,1.6632,0.1188,0.0,-0.1,0.0,0.0,-0.0994837673636768,0.0,0.0,0.0,0.0,square,1,0.1,0.25,12,24,19.890028715133667,0.0
1779528033.9853828,0.0,-0.0994837673636768,0.0,0.0,0.0,0.0,-0.1188,1.6632,0.3168,0.0,-0.1,0.0,0.0,-0.0994837673636768,0.0,0.0,0.0,0.0,square,1,0.1,0.25,12,24,19.90002727508545,0.0
1779528033.9953916,0.0,-0.0994837673636768,0.0,0.0,0.0,0.0,-0.0792,1.584,0.1584,0.0,-0.1,0.0,0.0,-0.0994837673636768,0.0,0.0020777729190408684,0.0,0.0,square,1,0.1,0.25,12,24,19.90999984741211,0.0
1779528034.005413,0.0,-0.0994837673636768,0.0,0.0020777729190408684,0.0,0.0,-0.0792,1.584,0.27720000000000006,0.0,-0.1,0.0,0.0,-0.0994837673636768,0.0,0.0020777729190408684,0.0,0.0,square,1,0.1,0.25,12,24,19.920008659362793,0.0
1779528034.015437,0.0,-0.0994837673636768,0.0,0.0020777729190408684,0.0,0.0,-0.0792,1.584,0.27720000000000006,0.0,-0.1,0.0,0.0,-0.0994837673636768,0.0,-0.0020777729190408684,0.0,0.0,square,1,0.1,0.25,12,24,19.93003010749817,0.0
1779528034.0253832,0.0,-0.0994837673636768,0.0,-0.0020777729190408684,0.0,0.0,-0.0396,1.584,0.27720000000000006,0.0,-0.1,0.0,0.0,-0.0994837673636768,0.0,0.0,0.0,0.0,square,1,0.1,0.25,12,24,19.940053939819336,0.0
1779528034.0353835,0.0,-0.0994837673636768,0.0,0.0,0.0,0.0,-0.0792,1.584,0.1584,0.0,-0.1,0.0,0.0,-0.0994837673636768,0.0,0.0,0.0020777729190408684,0.0,square,1,0.1,0.25,12,24,19.950000286102295,0.0
1779528034.0454106,0.0,-0.0994837673636768,0.0,0.0,0.0020777729190408684,0.0,-0.0792,1.584,0.1584,0.0,-0.1,0.0,0.0,-0.0994837673636768,0.0,0.0,0.0020777729190408684,0.0,square,1,0.1,0.25,12,24,19.96000051498413,0.0
1779528034.0553777,0.0,-0.0994837673636768,0.0,0.0,0.0020777729190408684,0.0,-0.0792,1.584,0.1584,0.0,-0.1,0.0,0.0,-0.0994837673636768,0.0,0.0,0.0,0.0,square,1,0.1,0.25,12,24,19.970027685165405,0.0
1779528034.0654123,0.0,-0.0994837673636768,0.0,0.0,0.0,0.0,-0.0792,1.6236000000000002,0.2376,0.0,-0.1,0.0,0.0,-0.0994837673636768,0.0,0.0,0.0,0.0,square,1,0.1,0.25,12,24,19.979994773864746,0.0
1779528034.075412,0.0,-0.0994837673636768,0.0,0.0,0.0,0.0,-0.0792,1.6236000000000002,0.2376,0.0,-0.1,0.0,0.0,-0.0994837673636768,0.0,0.0,0.0020777729190408684,0.0,square,1,0.1,0.25,12,24,19.990029335021973,0.0
