t,q_0,q_1,q_2,dq_0,dq_1,dq_2,tau_0,tau_1,tau_2,cmd_0,cmd_1,cmd_2,q_next_0,q_next_1,q_next_2,dq_next_0,dq_next_1,dq_next_2,signal_type,active_joint,amplitude,frequency,combo_index,segment_id,local_t,hold_s
1779527353.113357,0.0,0.0,0.0,0.0,0.0,0.0,-0.1188,1.4652,-0.35639999999999994,0.0,0.0,0.0,0.0,0.0,0.0,0.0,0.0,0.0,sine,1,0.3,1.0,20,40,0.0,0.0
1779527353.1233494,0.0,0.0,0.0,0.0,0.0,0.0,-0.0396,1.584,-0.198,0.0,0.018853733189322933,0.0,0.0,0.0,0.0,-0.0020777729190408684,0.0,0.0,sine,1,0.3,1.0,20,40,0.010008811950683594,0.0
1779527353.1333477,0.0,0.0,0.0,-0.0020777729190408684,0.0,0.0,-0.0396,1.5444,-0.1188,0.0,0.03760216372266396,0.0,0.0,0.0,0.0,0.0,0.0,0.0,sine,1,0.3,1.0,20,40,0.02000117301940918,0.0
1779527353.1433482,0.0,0.0,0.0,0.0,0.0,0.0,-0.0396,1.5048000000000001,-0.2376,0.0,0.056213458505302814,0.0,0.0,0.0,0.0,-0.0020777729190408684,0.0,0.0,sine,1,0.3,1.0,20,40,0.029999494552612305,0.0
1779527353.1533458,0.0,0.0,0.0,-0.0020777729190408684,0.0,0.0,0.0396,-1.1880000000000002,-0.1584,0.0,0.07460689650314363,0.0,0.0,0.003490658503988659,0.0,0.0,0.315821483694212,0.0020777729190408684,sine,1,0.3,1.0,20,40,0.039999961853027344,0.0
1779527353.1633747,0.0,0.003490658503988659,0.0,0.0,0.315821483694212,0.0020777729190408684,-0.0396,0.27720000000000006,-0.396,0.0,0.09270073869090244,0.0,0.0,0.006981317007977318,0.0,0.0,0.4072434921320102,0.0,sine,1,0.3,1.0,20,40,0.049997568130493164,0.0
1779527353.1733646,0.0,0.006981317007977318,0.0,0.0,0.4072434921320102,0.0,-0.1584,-0.1584,-0.3168,0.0,0.11048364528395105,0.0,0.0,0.013962634015954637,0.0,0.0020777729190408684,0.6046319194408927,0.0,sine,1,0.3,1.0,20,40,0.06002640724182129,0.0
1779527353.1833153,0.0,0.013962634015954637,0.0,0.0020777729190408684,0.6046319194408927,0.0,-0.0792,-0.1188,-0.5940000000000001,0.0,0.12776173088100073,0.0,0.0,0.020943951023931956,0.0,0.0020777729190408684,0.7604648883689579,0.0,sine,1,0.3,1.0,20,40,0.07001638412475586,0.0
1779527353.1933577,0.0,0.020943951023931956,0.0,0.0020777729190408684,0.7604648883689579,0.0,-0.3168,-0.8316,-0.4752,0.0,0.14447162599946747,0.0,0.0,0.03316125578789226,0.0,0.0,1.1012196470916602,0.0020777729190408684,sine,1,0.3,1.0,20,40,0.07996702194213867,0.0
1779527353.203349,0.0,0.03316125578789226,0.0,0.0,1.1012196470916602,0.0020777729190408684,0.0792,-1.8215999999999999,-0.7524000000000001,0.0,0.16076307953259203,0.0,0.0,0.04363323129985824,0.0,-0.0020777729190408684,1.119919603363028,0.0,sine,1,0.3,1.0,20,40,0.09000945091247559,0.0
1779527353.213383,0.0,0.04363323129985824,0.0,-0.0020777729190408684,1.119919603363028,0.0,0.198,-0.2376,-0.35639999999999994,0.0,0.17633688456979543,0.0,0.0,0.05934119456780721,0.0,0.0,1.3775634453240957,0.0,sine,1,0.3,1.0,20,40,0.10000085830688477,0.0
1779527353.2233415,0.0,0.05934119456780721,0.0,0.0,1.3775634453240957,0.0,-0.27720000000000006,-2.0196,0.7127999999999999,0.0,0.19127759618885945,0.0,0.0,0.07155849933176751,0.0,0.0,1.3276968952671149,0.0,sine,1,0.3,1.0,20,40,0.11003470420837402,0.0
1779527353.2333481,0.0,0.07155849933176751,0.0,0.0,1.3276968952671149,0.0,0.0,-1.0296,-0.5940000000000001,0.0,0.20535480141129658,0.0,0.0,0.08552113334772216,0.0,0.0,1.3754856724050548,0.0,sine,1,0.3,1.0,20,40,0.11999320983886719,0.0
1779527353.2435117,0.0,0.08552113334772216,0.0,0.0,1.3754856724050548,0.0,0.1188,-1.98,-0.35639999999999994,0.0,0.21869042825291082,0.0,0.0,0.0994837673636768,0.0,0.0,1.3796412182431366,0.0020777729190408684,sine,1,0.3,1.0,20,40,0.12999987602233887,0.0
1779527353.2533467,0.0,0.0994837673636768,0.0,0.0,1.3796412182431366,0.0020777729190408684,0.0396,-0.7524000000000001,-0.8316,0.0,0.23135020463150496,0.0,0.0,0.11344640137963143,0.0,0.0020777729190408684,1.4087300391097088,0.0,sine,1,0.3,1.0,20,40,0.14016342163085938,0.0
1779527353.2633975,0.0,0.11344640137963143,0.0,0.0020777729190408684,1.4087300391097088,0.0,0.0,-0.6732,-0.5940000000000001,0.0,0.24270335487333347,0.0,0.0,0.12740903539558607,0.0,0.0020777729190408684,1.4087300391097088,0.0,sine,1,0.3,1.0,20,40,0.14999842643737793,0.0
1779527353.273346,0.0,0.12740903539558607,0.0,0.0020777729190408684,1.4087300391097088,0.0,-0.0792,0.3168,-0.8316,0.0,0.2533480580832775,0.0,0.0,0.14137166941154067,0.0,0.0020777729190408684,1.4295077683001174,0.0020777729190408684,sine,1,0.3,1.0,20,40,0.1600492000579834,0.0
1779527353.2833474,0.0,0.14137166941154067,0.0,0.0020777729190408684,1.4295077683001174,0.0020777729190408684,-0.1188,-0.0792,-0.7524000000000001,0.0,0.26288990822520936,0.0,0.0,0.15533430342749532,0.0,0.0,1.4295077683001174,0.0,sine,1,0.3,1.0,20,40,0.1699976921081543,0.0
1779527353.2933478,0.0,0.15533430342749532,0.0,0.0,1.4295077683001174,0.0,0.1188,-1.6632,-0.5940000000000001,0.0,0.2714474039180378,0.0,0.0,0.1710422666954443,0.0,0.0,1.48352986419518,0.0,sine,1,0.3,1.0,20,40,0.17999911308288574,0.0
1779527353.3033504,0.0,0.1710422666954443,0.0,0.0,1.48352986419518,0.0,0.1188,-2.2967999999999997,0.8712,0.0,0.2789326545941354,0.0,0.0,0.18500490071139894,0.0,-0.0020777729190408684,1.3671745807288913,-0.0020777729190408684,sine,1,0.3,1.0,20,40,0.18999958038330078,0.0
1779527353.313349,0.0,0.18500490071139894,0.0,-0.0020777729190408684,1.3671745807288913,-0.0020777729190408684,0.0396,-1.6236000000000002,-0.5940000000000001,0.0,0.28531823251000976,0.0,0.0,0.19722220547535924,0.0,-0.0020777729190408684,1.294452528562461,-0.0020777729190408684,sine,1,0.3,1.0,20,40,0.20000219345092773,0.0
1779527353.3233411,0.0,0.19722220547535924,0.0,-0.0020777729190408684,1.294452528562461,-0.0020777729190408684,-0.1188,-2.0196,-0.5940000000000001,0.0,0.2905753015074651,0.0,0.0,0.20943951023931953,0.0,0.0,1.2196527034769897,0.0,sine,1,0.3,1.0,20,40,0.21000075340270996,0.0
1779527353.3333454,0.0,0.20943951023931953,0.0,0.0,1.2196527034769897,0.0,-0.0792,-1.782,-0.4752,0.0,0.29468365870639257,0.0,0.0,0.21991148575128555,0.0,0.0,1.1593972888248045,0.0,sine,1,0.3,1.0,20,40,0.21999287605285645,0.0
1779527353.343357,0.0,0.21991148575128555,0.0,0.0,1.1593972888248045,0.0,-0.0792,-1.8215999999999999,-0.5544000000000001,0.0,0.2976337389432107,0.0,0.0,0.23212879051524585,0.0,0.0,1.0929085554154967,0.0,sine,1,0.3,1.0,20,40,0.2299971580505371,0.0
1779527353.353442,0.0,0.23212879051524585,0.0,0.0,1.0929085554154967,0.0,-0.0792,-1.2276,-0.792,0.0,0.29940906328411016,0.0,0.0,0.24085543677521748,0.0,0.0,1.011875411572903,0.0,sine,1,0.3,1.0,20,40,0.24000883102416992,0.0
1779527353.3633568,0.0,0.24085543677521748,0.0,0.0,1.011875411572903,0.0,-0.0396,-0.3168,-0.7524000000000001,0.0,0.29999994801042407,0.0,0.0,0.24958208303518914,0.0,0.0020777729190408684,0.9287644948112682,0.0,sine,1,0.3,1.0,20,40,0.2500936985015869,0.0
1779527353.3733473,0.0,0.24958208303518914,0.0,0.0020777729190408684,0.9287644948112682,0.0,0.0396,-0.6336,-0.5148,0.0,0.2994070033535968,0.0,0.0,0.25830872929516074,0.0,0.0020777729190408684,0.8311091676163473,0.0,sine,1,0.3,1.0,20,40,0.2600085735321045,0.0
1779527353.3833873,0.0,0.25830872929516074,0.0,0.0020777729190408684,0.8311091676163473,0.0,-0.0396,-1.5048000000000001,-0.6336,0.0,0.297634640198098,0.0,0.0,0.26529004630313807,0.0,0.004155545838081737,0.7292982945833448,0.0,sine,1,0.3,1.0,20,40,0.26999902725219727,0.0
1779527353.3935268,0.0,0.26529004630313807,0.0,0.004155545838081737,0.7292982945833448,0.0,-0.0792,-0.0396,-0.792,0.0,0.2946723658819829,0.0,0.0,0.27227136331111546,0.0,0.0,0.6212541027932197,0.0,sine,1,0.3,1.0,20,40,0.28003907203674316,0.0
1779527353.4033554,0.0,0.27227136331111546,0.0,0.0,0.6212541027932197,0.0,-0.0396,-1.3860000000000001,-0.4752,0.0,0.2904910726726226,0.0,0.0,0.27576202181510406,0.0,0.0,0.5173654568411762,0.0,sine,1,0.3,1.0,20,40,0.2901785373687744,0.0
1779527353.4133728,0.0,0.27576202181510406,0.0,0.0,0.5173654568411762,0.0,-0.0792,0.0792,-0.3168,0.0,0.28531281613391546,0.0,0.0,0.28099800957108706,0.0,0.0,0.39685462753680584,0.0,sine,1,0.3,1.0,20,40,0.3000071048736572,0.0
1779527353.4233582,0.0,0.28099800957108706,0.0,0.0,0.39685462753680584,0.0,-0.0792,-0.6732,-0.396,0.0,0.2789159420241242,0.0,0.0,0.28274333882308134,0.0,-0.004155545838081737,0.3116659378561303,0.0,sine,1,0.3,1.0,20,40,0.3100244998931885,0.0
1779527353.4333494,0.0,0.28274333882308134,0.0,-0.004155545838081737,0.3116659378561303,0.0,-0.0396,-1.6236000000000002,-0.4356,0.0,0.2714401321375482,0.0,0.0,0.2844886680750757,0.0,-0.0020777729190408684,0.21401061066120944,0.0,sine,1,0.3,1.0,20,40,0.3200099468231201,0.0
1779527353.44335,0.0,0.2844886680750757,0.0,-0.0020777729190408684,0.21401061066120944,0.0,-0.0396,-1.5444,-0.35639999999999994,0.0,0.2628909907672098,0.0,0.0,0.28623399732707006,0.0,0.0,0.09973310011396168,0.0,sine,1,0.3,1.0,20,40,0.3300011157989502,0.0
1779527353.453346,0.0,0.28623399732707006,0.0,0.0,0.09973310011396168,0.0,0.0,1.3860000000000001,-0.27720000000000006,0.0,0.2532965378831979,0.0,0.0,0.2844886680750757,0.0,0.0,-0.06233318757122605,0.0,sine,1,0.3,1.0,20,40,0.34000182151794434,0.0
1779527353.4634066,0.0,0.2844886680750757,0.0,0.0,-0.06233318757122605,0.0,0.0,1.8215999999999999,-0.3168,0.0,0.24270758135152898,0.0,0.0,0.28274333882308134,0.0,0.0020777729190408684,-0.12674414806149298,0.0,sine,1,0.3,1.0,20,40,0.34999775886535645,0.0
1779527353.4733558,0.0,0.28274333882308134,0.0,0.0020777729190408684,-0.12674414806149298,0.0,-0.1188,2.3364,-0.198,0.0,0.23108389975516314,0.0,0.0,0.28099800957108706,0.0,0.0020777729190408684,-0.24102165860874072,0.0,sine,1,0.3,1.0,20,40,0.3600583076477051,0.0
1779527353.4833467,0.0,0.28099800957108706,0.0,0.0020777729190408684,-0.24102165860874072,0.0,-0.2376,1.0296,-0.198,0.0,0.2186808911306647,0.0,0.0,0.2775073510670984,0.0,0.0,-0.33036589412749806,0.0,sine,1,0.3,1.0,20,40,0.3700075149536133,0.0
1779527353.493525,0.0,0.2775073510670984,0.0,0.0,-0.33036589412749806,0.0,-0.3168,0.7524000000000001,0.0,0.0,0.2053662677511241,0.0,0.0,0.27227136331111546,0.0,0.0,-0.45087672343186846,0.0,sine,1,0.3,1.0,20,40,0.37999844551086426,0.0
1779527353.5033784,0.0,0.27227136331111546,0.0,0.0,-0.45087672343186846,0.0,-0.4752,1.6236000000000002,-0.198,0.0,0.19097033677664615,0.0,0.0,0.26529004630313807,0.0,0.0,-0.6773539716073231,-0.0020777729190408684,sine,1,0.3,1.0,20,40,0.39017677307128906,0.0
1779527353.5133452,0.0,0.26529004630313807,0.0,0.0,-0.6773539716073231,-0.0020777729190408684,-0.1584,0.0,-0.1584,0.0,0.17628961613362956,0.0,0.0,0.25830872929516074,0.0,0.0,-0.6898206091215683,0.0,sine,1,0.3,1.0,20,40,0.40003013610839844,0.0
1779527353.5233471,0.0,0.25830872929516074,0.0,0.0,-0.6898206091215683,0.0,-0.2376,2.1384,-0.1584,0.0,0.16075283468874857,0.0,0.0,0.25132741228718347,0.0,-0.0020777729190408684,-0.7770870717212848,0.0,sine,1,0.3,1.0,20,40,0.40999698638916016,0.0
1779527353.533346,0.0,0.25132741228718347,0.0,-0.0020777729190408684,-0.7770870717212848,0.0,-0.2376,0.396,-0.1188,0.0,0.14452794530275045,0.0,0.0,0.24260076602721178,0.0,0.0,-0.8622757614019604,0.0,sine,1,0.3,1.0,20,40,0.4199988842010498,0.0
1779527353.543347,0.0,0.24260076602721178,0.0,0.0,-0.8622757614019604,0.0,-0.35639999999999994,0.6732,0.0,0.0,0.12773773996673282,0.0,0.0,0.23212879051524585,0.0,0.0,-0.9578533156778403,0.0,sine,1,0.3,1.0,20,40,0.42999768257141113,0.0
1779527353.5533473,0.0,0.23212879051524585,0.0,0.0,-0.9578533156778403,0.0,-0.5148,1.8215999999999999,0.0,0.0,0.11043977261380414,0.0,0.0,0.21991148575128555,0.0,0.0,-1.198874974286581,0.0,sine,1,0.3,1.0,20,40,0.4399986267089844,0.0
1779527353.5633492,0.0,0.21991148575128555,0.0,0.0,-1.198874974286581,0.0,-0.198,1.2276,-0.0792,0.0,0.09270672247969661,0.0,0.0,0.2076941809873252,0.0,0.0,-1.1635528346628863,0.0,sine,1,0.3,1.0,20,40,0.4499990940093994,0.0
1779527353.5733466,0.0,0.2076941809873252,0.0,0.0,-1.1635528346628863,0.0,0.4356,1.9008,0.1584,0.0,0.0746051553439307,0.0,0.0,0.1954768762233649,0.0,0.0,-1.2341971139102759,0.0,sine,1,0.3,1.0,20,40,0.46000099182128906,0.0
1779527353.5833654,0.0,0.1954768762233649,0.0,0.0,-1.2341971139102759,0.0,-0.3168,1.0692,-0.35639999999999994,0.0,0.056217431536176,0.0,0.0,0.1832595714594046,0.0,0.0,-1.296530301481502,-0.004155545838081737,sine,1,0.3,1.0,20,40,0.4699983596801758,0.0
1779527353.5934565,0.0,0.1832595714594046,0.0,0.0,-1.296530301481502,-0.004155545838081737,-0.35639999999999994,1.3860000000000001,0.0,0.0,0.037567831921559804,0.0,0.0,0.16929693744344998,0.0,0.0,-1.3837967640812183,0.0,sine,1,0.3,1.0,20,40,0.48001718521118164,0.0
1779527353.6033483,0.0,0.16929693744344998,0.0,0.0,-1.3837967640812183,0.0,-0.35639999999999994,0.2376,-0.27720000000000006,0.0,0.01863350475677584,0.0,0.0,0.15358897417550102,0.0,0.0,-1.4419744058143626,-0.0020777729190408684,sine,1,0.3,1.0,20,40,0.4901082515716553,0.0
1779527353.6133451,0.0,0.15358897417550102,0.0,0.0,-1.4419744058143626,-0.0020777729190408684,-0.35639999999999994,0.0,0.1188,0.0,3.6739403974420595e-17,0.0,0.0,0.13962634015954636,0.0,0.0,-1.4918409558713435,0.0,sine,1,0.3,1.0,20,40,0.5,0.0
1779527353.6233475,0.0,0.13962634015954636,0.0,0.0,-1.4918409558713435,0.0,-0.3168,0.35639999999999994,-0.0792,0.0,-0.018831307133157324,0.0,0.0,0.1239183768915974,0.0,-0.0020777729190408684,-1.545863051766406,0.0,sine,1,0.3,1.0,20,40,0.5099968910217285,0.0
1779527353.633408,0.0,0.1239183768915974,0.0,-0.0020777729190408684,-1.545863051766406,0.0,-0.35639999999999994,1.1088000000000002,-0.198,0.0,-0.03759859680557121,0.0,0.0,0.10821041362364843,0.0,0.0,-1.6061184664185912,0.0,sine,1,0.3,1.0,20,40,0.5199992656707764,0.0
1779527353.6433496,0.0,0.10821041362364843,0.0,0.0,-1.6061184664185912,0.0,-0.27720000000000006,0.9107999999999999,-0.3168,0.0,-0.05632514092127299,0.0,0.0,0.09075712110370514,0.0,0.0,-1.6767627456659808,-0.0020777729190408684,sine,1,0.3,1.0,20,40,0.530059814453125,0.0
1779527353.653346,0.0,0.09075712110370514,0.0,0.0,-1.6767627456659808,-0.0020777729190408684,-0.198,0.0,-0.1584,0.0,-0.07460950823694024,0.0,0.0,0.07330382858376185,0.0,0.0,-1.7162404311277573,-0.0020777729190408684,sine,1,0.3,1.0,20,40,0.540001392364502,0.0
1779527353.663346,0.0,0.07330382858376185,0.0,0.0,-1.7162404311277573,-0.0020777729190408684,-0.27720000000000006,0.5940000000000001,-0.198,0.0,-0.09270116610573999,0.0,0.0,0.05585053606381855,0.0,0.0,-1.739095933237207,0.0,sine,1,0.3,1.0,20,40,0.5499978065490723,0.0
1779527353.6733642,0.0,0.05585053606381855,0.0,0.0,-1.739095933237207,0.0,-0.396,1.2276,-0.198,0.0,-0.11043350486641912,0.0,0.0,0.038397243543875255,0.0,0.0,-1.749484797832411,0.0,sine,1,0.3,1.0,20,40,0.5599977970123291,0.0
1779527353.6833498,0.0,0.038397243543875255,0.0,0.0,-1.749484797832411,0.0,-0.3168,0.27720000000000006,-0.0396,0.0,-0.1277609176460109,0.0,0.0,0.020943951023931956,0.0,0.0,-1.7785736186989833,-0.0020777729190408684,sine,1,0.3,1.0,20,40,0.5700159072875977,0.0
1779527353.6933472,0.0,0.020943951023931956,0.0,0.0,-1.7785736186989833,-0.0020777729190408684,-0.35639999999999994,1.1088000000000002,-0.3168,0.0,-0.14452873293829144,0.0,0.0,0.0017453292519943296,0.0,0.0020777729190408684,-1.8055846666465145,-0.0020777729190408684,sine,1,0.3,1.0,20,40,0.5800015926361084,0.0
1779527353.7034628,0.0,0.0017453292519943296,0.0,0.0020777729190408684,-1.8055846666465145,-0.0020777729190408684,-0.27720000000000006,0.1188,-0.2376,0.0,-0.1607463840965946,0.0,0.0,-0.013962634015954637,0.0,0.0,-1.8180513041607598,0.0,sine,1,0.3,1.0,20,40,0.5899989604949951,0.0
1779527353.7133536,0.0,-0.013962634015954637,0.0,0.0,-1.8180513041607598,0.0,-0.27720000000000006,0.7127999999999999,-0.35639999999999994,0.0,-0.17651026606898937,0.0,0.0,-0.031415926535897934,0.0,0.0,-1.7910402562132286,0.0,sine,1,0.3,1.0,20,40,0.6001145839691162,0.0
1779527353.7233527,0.0,-0.031415926535897934,0.0,0.0,-1.7910402562132286,0.0,-0.27720000000000006,0.35639999999999994,0.0396,0.0,-0.19123500878278046,0.0,0.0,-0.048869219055841226,0.0,0.0,-1.7764958457799425,0.0,sine,1,0.3,1.0,20,40,0.6100053787231445,0.0
1779527353.7333443,0.0,-0.048869219055841226,0.0,0.0,-1.7764958457799425,0.0,0.27720000000000006,1.0296,-0.35639999999999994,0.0,-0.20537019893767547,0.0,0.0,-0.06632251157578452,0.0,0.0020777729190408684,-1.7619514353466563,0.0,sine,1,0.3,1.0,20,40,0.620004415512085,0.0
1779527353.7433453,0.0,-0.06632251157578452,0.0,0.0020777729190408684,-1.7619514353466563,0.0,-0.2376,1.3464,0.0396,0.0,-0.21868550592612535,0.0,0.0,-0.08377580409572782,0.0,0.0,-1.7619514353466563,0.0,sine,1,0.3,1.0,20,40,0.6299960613250732,0.0
1779527353.7533658,0.0,-0.08377580409572782,0.0,0.0,-1.7619514353466563,0.0,-0.35639999999999994,0.8712,0.2376,0.0,-0.2311503748075358,0.0,0.0,-0.10297442586766545,0.0,-0.0020777729190408684,-1.8637623083796588,-0.0020777729190408684,sine,1,0.3,1.0,20,40,0.6399970054626465,0.0
1779527353.7634795,0.0,-0.10297442586766545,0.0,-0.0020777729190408684,-1.8637623083796588,-0.0020777729190408684,0.0396,1.2672,0.27720000000000006,0.0,-0.24272448586996373,0.0,0.0,-0.12042771838760874,0.0,0.0,-1.6996182477754302,0.0,sine,1,0.3,1.0,20,40,0.650017499923706,0.0
1779527353.7733452,0.0,-0.12042771838760874,0.0,0.0,-1.6996182477754302,0.0,0.27720000000000006,0.6336,0.0,0.0,-0.253430821033164,0.0,0.0,-0.13613568165555773,0.0,0.0,-1.626896195609,0.0,sine,1,0.3,1.0,20,40,0.6601312160491943,0.0
1779527353.7834868,0.0,-0.13613568165555773,0.0,0.0,-1.626896195609,0.0,-0.4752,0.8712,-0.27720000000000006,0.0,-0.26288925869292973,0.0,0.0,-0.1518436449235067,0.0,0.0,-1.6622183352326947,0.0,sine,1,0.3,1.0,20,40,0.669996976852417,0.0
1779527353.7933633,0.0,-0.1518436449235067,0.0,0.0,-1.6622183352326947,0.0,-0.1188,0.8316,-0.27720000000000006,0.0,-0.27155924004655513,0.0,0.0,-0.16755160819145565,0.0,0.0,-1.5396297330092834,0.0,sine,1,0.3,1.0,20,40,0.6801385879516602,0.0
1779527353.803348,0.0,-0.16755160819145565,0.0,0.0,-1.5396297330092834,0.0,-0.35639999999999994,-0.0792,-0.1188,0.0,-0.27894340683152563,0.0,0.0,-0.18151424220741028,0.0,0.0,-1.4606743620857305,0.0,sine,1,0.3,1.0,20,40,0.6900150775909424,0.0
1779527353.8133538,0.0,-0.18151424220741028,0.0,0.0,-1.4606743620857305,0.0,-0.2376,-0.4356,-0.198,0.0,-0.2853168437884664,0.0,0.0,-0.1954768762233649,0.0,0.0020777729190408684,-1.3526301702956054,0.0,sine,1,0.3,1.0,20,40,0.6999998092651367,0.0
1779527353.8233252,0.0,-0.1954768762233649,0.0,0.0020777729190408684,-1.3526301702956054,0.0,-0.3168,0.5940000000000001,-0.1188,0.0,-0.2905775366024928,0.0,0.0,-0.1954768762233649,0.0,0.0020777729190408684,-1.3526301702956054,0.0,sine,1,0.3,1.0,20,40,0.710005521774292,0.0
1779527353.8333898,0.0,-0.1954768762233649,0.0,0.0020777729190408684,-1.3526301702956054,0.0,-0.3168,0.5940000000000001,-0.1188,0.0,-0.29467801377843844,0.0,0.0,-0.21991148575128555,0.0,-0.0020777729190408684,-1.186408336772336,0.0,sine,1,0.3,1.0,20,40,0.7199769020080566,0.0
1779527353.8433642,0.0,-0.21991148575128555,0.0,-0.0020777729190408684,-1.186408336772336,0.0,-0.1584,0.1188,0.0,0.0,-0.2976442054713828,0.0,0.0,-0.2303834612632515,0.0,0.0,-1.1074529658487828,0.0,sine,1,0.3,1.0,20,40,0.73004150390625,0.0
1779527353.8533266,0.0,-0.2303834612632515,0.0,0.0,-1.1074529658487828,0.0,-0.2376,0.396,-0.1188,0.0,-0.29940990879281176,0.0,0.0,-0.24085543677521748,0.0,0.0,-1.0638197345489246,-0.0020777729190408684,sine,1,0.3,1.0,20,40,0.740015983581543,0.0
1779527353.8633924,0.0,-0.24085543677521748,0.0,0.0,-1.0638197345489246,-0.0020777729190408684,0.0396,1.0296,-0.0792,0.0,-0.2999999972125058,0.0,0.0,-0.24958208303518914,0.0,0.0,-0.9557755427587995,0.0,sine,1,0.3,1.0,20,40,0.7499783039093018,0.0
1779527353.8733475,0.0,-0.24958208303518914,0.0,0.0,-0.9557755427587995,0.0,0.1584,1.3860000000000001,-0.0792,0.0,-0.29940278772543466,0.0,0.0,-0.25830872929516074,0.0,0.0,-0.8705868530781239,0.0,sine,1,0.3,1.0,20,40,0.7600440979003906,0.0
1779527353.883357,0.0,-0.25830872929516074,0.0,0.0,-0.8705868530781239,0.0,-0.0792,0.0,-0.0396,0.0,-0.2976345838746769,0.0,0.0,-0.26529004630313807,0.0,0.0020777729190408684,-0.7459204779356717,-0.0020777729190408684,sine,1,0.3,1.0,20,40,0.7699992656707764,0.0
1779527353.8933427,0.0,-0.26529004630313807,0.0,0.0020777729190408684,-0.7459204779356717,-0.0020777729190408684,-0.1188,1.3860000000000001,-0.0792,0.0,-0.2946830690766715,0.0,0.0,-0.27227136331111546,0.0,0.0,-0.6420318319836283,0.0,sine,1,0.3,1.0,20,40,0.7800087928771973,0.0
1779527353.9033506,0.0,-0.27227136331111546,0.0,0.0,-0.6420318319836283,0.0,-0.1188,0.3168,-0.198,0.0,-0.2905775366024928,0.0,0.0,-0.2775073510670984,0.0,-0.0020777729190408684,-0.5235987755982988,0.0,sine,1,0.3,1.0,20,40,0.789994478225708,0.0
1779527353.913344,0.0,-0.2775073510670984,0.0,-0.0020777729190408684,-0.5235987755982988,0.0,-0.1188,1.9404,0.0,0.0,-0.2853155938843337,0.0,0.0,-0.28099800957108706,0.0,0.0,-0.4197101296462554,0.0,sine,1,0.3,1.0,20,40,0.8000023365020752,0.0
1779527353.9233701,0.0,-0.28099800957108706,0.0,0.0,-0.4197101296462554,0.0,-0.1188,0.4356,-0.1188,0.0,-0.27893596325655284,0.0,0.0,-0.2844886680750757,0.0,0.0,-0.31789925661325286,0.0,sine,1,0.3,1.0,20,40,0.8099956512451172,0.0
1779527353.933439,0.0,-0.2844886680750757,0.0,0.0,-0.31789925661325286,0.0,-0.0792,0.5148,-0.0792,0.0,-0.2714305626652306,0.0,0.0,-0.28623399732707006,0.0,0.0,-0.20777729190408684,0.0,sine,1,0.3,1.0,20,40,0.8200218677520752,0.0
1779527353.9434001,0.0,-0.28623399732707006,0.0,0.0,-0.20777729190408684,0.0,-0.0792,1.0692,0.2376,0.0,-0.262809542465213,0.0,0.0,-0.28623399732707006,0.0,0.0,-0.09142200843779821,0.0,sine,1,0.3,1.0,20,40,0.8300907611846924,0.0
1779527353.953347,0.0,-0.28623399732707006,0.0,0.0,-0.09142200843779821,0.0,-0.0396,1.4652,-0.1584,0.0,-0.25324595537143196,0.0,0.0,-0.28623399732707006,0.0,0.0,0.0020777729190408684,0.0,sine,1,0.3,1.0,20,40,0.8400518894195557,0.0
1779527353.9633493,0.0,-0.28623399732707006,0.0,0.0,0.0020777729190408684,0.0,-0.0396,-0.8712,0.2376,0.0,-0.24270652474505186,0.0,0.0,-0.2844886680750757,0.0,0.0,0.1121997376282069,0.0,sine,1,0.3,1.0,20,40,0.8499987125396729,0.0
1779527353.9733481,0.0,-0.2844886680750757,0.0,0.0,0.1121997376282069,0.0,-0.0792,-0.0396,0.198,0.0,-0.23115266655279418,0.0,0.0,-0.2844886680750757,0.0,0.0,0.1121997376282069,0.0,sine,1,0.3,1.0,20,40,0.8600010871887207,0.0
1779527353.9833462,0.0,-0.2844886680750757,0.0,0.0,0.1121997376282069,0.0,-0.0792,-0.0396,0.198,0.0,-0.21869073589416343,0.0,0.0,-0.2792526803190927,0.0,0.0,0.35737694207502935,0.0,sine,1,0.3,1.0,20,40,0.869999885559082,0.0
1779527353.9935377,0.0,-0.2792526803190927,0.0,0.0,0.35737694207502935,0.0,-0.1188,-0.35639999999999994,0.3168,0.0,-0.2053669229534913,0.0,0.0,-0.27227136331111546,0.0,0.0,0.5755430985743205,0.0020777729190408684,sine,1,0.3,1.0,20,40,0.879997968673706,0.0
1779527354.003375,0.0,-0.27227136331111546,0.0,0.0,0.5755430985743205,0.0020777729190408684,-0.0792,-0.8712,-0.5544000000000001,0.0,-0.19095196673988937,0.0,0.0,-0.26529004630313807,0.0,0.0,0.7105983383119769,0.004155545838081737,sine,1,0.3,1.0,20,40,0.8901894092559814,0.0
1779527354.0133665,0.0,-0.26529004630313807,0.0,0.0,0.7105983383119769,0.004155545838081737,-0.1188,-0.27720000000000006,-0.4356,0.0,-0.1762947069018679,0.0,0.0,-0.25656340004316647,0.0,0.0020777729190408684,0.8352647134544291,0.0,sine,1,0.3,1.0,20,40,0.900026798248291,0.0
1779527354.0235405,0.0,-0.25656340004316647,0.0,0.0020777729190408684,0.8352647134544291,0.0,0.0396,0.27720000000000006,0.27720000000000006,0.0,-0.16071906278586398,0.0,0.0,-0.2478367537831948,0.0,0.0,0.8040981196688161,0.0,sine,1,0.3,1.0,20,40,0.9100182056427002,0.0
1779527354.0333467,0.0,-0.2478367537831948,0.0,0.0,0.8040981196688161,0.0,-0.0792,-0.8712,0.3168,0.0,-0.14420845224592946,0.0,0.0,-0.23911010752322315,0.0,0.0,0.8643535343210013,0.0,sine,1,0.3,1.0,20,40,0.9201922416687012,0.0
1779527354.0434096,0.0,-0.23911010752322315,0.0,0.0,0.8643535343210013,0.0,0.0,-1.6632,0.198,0.0,-0.12773652006307576,0.0,0.0,-0.2303834612632515,0.0,0.0,0.9329200406493499,0.0,sine,1,0.3,1.0,20,40,0.9299983978271484,0.0
1779527354.053346,0.0,-0.2303834612632515,0.0,0.0,0.9329200406493499,0.0,0.0,-0.198,0.396,0.0,-0.11032987003004145,0.0,0.0,-0.21991148575128555,0.0,0.0,1.0243420490871482,0.0,sine,1,0.3,1.0,20,40,0.9400613307952881,0.0
1779527354.0634398,0.0,-0.21991148575128555,0.0,0.0,1.0243420490871482,0.0,-0.0396,0.396,-0.5148,0.0,-0.09270928694812608,0.0,0.0,-0.20943951023931953,0.0,0.0020777729190408684,1.119919603363028,0.0,sine,1,0.3,1.0,20,40,0.9499976634979248,0.0
1779527354.0733867,0.0,-0.20943951023931953,0.0,0.0020777729190408684,1.119919603363028,0.0,-0.0792,0.27720000000000006,-0.396,0.0,-0.07443973301263332,0.0,0.0,-0.19722220547535924,0.0,0.0,1.2113416118008262,0.0020777729190408684,sine,1,0.3,1.0,20,40,0.9600915908813477,0.0
1779527354.0833511,0.0,-0.19722220547535924,0.0,0.0,1.2113416118008262,0.0020777729190408684,-0.1584,-0.0792,-0.396,0.0,-0.0561432666090396,0.0,0.0,-0.1832595714594046,0.0,0.0020777729190408684,1.296530301481502,0.0,sine,1,0.3,1.0,20,40,0.9700384140014648,0.0
1779527354.0933573,0.0,-0.1832595714594046,0.0,0.0020777729190408684,1.296530301481502,0.0,0.1188,0.396,0.27720000000000006,0.0,-0.03759458401738743,0.0,0.0,-0.16929693744344998,0.0,0.0,1.371330126566973,0.0,sine,1,0.3,1.0,20,40,0.9800028800964355,0.0
1779527354.1033456,0.0,-0.16929693744344998,0.0,0.0,1.371330126566973,0.0,-0.1188,0.5148,-0.4752,0.0,-0.01882009406544877,0.0,0.0,-0.15533430342749532,0.0,0.0,1.43574108705724,0.0,sine,1,0.3,1.0,20,40,0.990009069442749,0.0
1779527354.1134524,0.0,-0.15533430342749532,0.0,0.0,1.43574108705724,0.0,-0.0396,-0.0792,-0.396,0.0,-4.943492773384542e-06,0.0,0.0,-0.13962634015954636,0.0,-0.0020777729190408684,1.4939187287903843,0.0,sine,1,0.3,1.0,20,40,0.9999973773956299,0.0
1779527354.1233485,0.0,-0.13962634015954636,0.0,-0.0020777729190408684,1.4939187287903843,0.0,0.0,-1.5048000000000001,-0.4356,0.0,0.01903313782022924,0.0,0.0,-0.1239183768915974,0.0,0.0,1.5604074621996922,0.0,sine,1,0.3,1.0,20,40,1.0101041793823242,0.0
1779527354.133356,0.0,-0.1239183768915974,0.0,0.0,1.5604074621996922,0.0,-0.0396,-1.1483999999999999,0.5544000000000001,0.0,0.037600380264792614,0.0,0.0,-0.10821041362364843,0.0,0.0,1.6352072872851635,-0.0020777729190408684,sine,1,0.3,1.0,20,40,1.0200002193450928,0.0
1779527354.1433434,0.0,-0.10821041362364843,0.0,0.0,1.6352072872851635,-0.0020777729190408684,0.0396,-0.1188,0.5544000000000001,0.0,0.056228909123516746,0.0,0.0,-0.09075712110370514,0.0,-0.0020777729190408684,1.6829960644231035,0.0,sine,1,0.3,1.0,20,40,1.0300078392028809,0.0
1779527354.1533487,0.0,-0.09075712110370514,0.0,-0.0020777729190408684,1.6829960644231035,0.0,0.0,-1.584,-0.396,0.0,0.07459819068029229,0.0,0.0,-0.07330382858376185,0.0,-0.0020777729190408684,1.7141626582087164,0.0,sine,1,0.3,1.0,20,40,1.0399951934814453,0.0
1779527354.163354,0.0,-0.07330382858376185,0.0,-0.0020777729190408684,1.7141626582087164,0.0,-0.0396,-1.1088000000000002,-0.27720000000000006,0.0,0.0927058676552225,0.0,0.0,-0.05585053606381855,0.0,0.0,1.7245515228039208,0.0,sine,1,0.3,1.0,20,40,1.0500004291534424,0.0
1779527354.1733654,0.0,-0.05585053606381855,0.0,0.0,1.7245515228039208,0.0,0.0,-0.1188,-0.5148,0.0,0.11044729383705833,0.0,0.0,-0.038397243543875255,0.0,0.0,1.7577958895085746,0.0,sine,1,0.3,1.0,20,40,1.0600056648254395,0.0
1779527354.183375,0.0,-0.038397243543875255,0.0,0.0,1.7577958895085746,0.0,-0.0396,-1.4255999999999998,-0.396,0.0,0.1277629507313351,0.0,0.0,-0.020943951023931956,0.0,0.0,1.8055846666465145,0.0,sine,1,0.3,1.0,20,40,1.0700170993804932,0.0
1779527354.1933947,0.0,-0.020943951023931956,0.0,0.0,1.8055846666465145,0.0,-0.0792,-0.1188,-0.5544000000000001,0.0,0.1445700819820738,0.0,0.0,-0.003490658503988659,0.0,0.0020777729190408684,1.815973531241719,0.0,sine,1,0.3,1.0,20,40,1.080026626586914,0.0
1779527354.2033012,0.0,-0.003490658503988659,0.0,0.0020777729190408684,1.815973531241719,0.0,-0.1188,-3.0492,-0.6336,0.0,0.1608218874359024,0.0,0.0,0.013962634015954637,0.0,0.0020777729190408684,1.7972735749703512,-0.0020777729190408684,sine,1,0.3,1.0,20,40,1.0900464057922363,0.0
1779527354.2134354,0.0,0.013962634015954637,0.0,0.0020777729190408684,1.7972735749703512,-0.0020777729190408684,0.0792,-0.0396,0.5940000000000001,0.0,0.17626379747243012,0.0,0.0,0.031415926535897934,0.0,0.0,1.782729164537065,0.0,sine,1,0.3,1.0,20,40,1.0999529361724854,0.0
1779527354.2234807,0.0,0.031415926535897934,0.0,0.0,1.782729164537065,0.0,-0.0396,-1.3068,-0.396,0.0,0.19135375258878184,0.0,0.0,0.031415926535897934,0.0,0.0,1.782729164537065,0.0,sine,1,0.3,1.0,20,40,1.1100871562957764,0.0
1779527354.2333457,0.0,0.031415926535897934,0.0,0.0,1.782729164537065,0.0,-0.0396,-1.3068,-0.396,0.0,0.2055460515818243,0.0,0.0,0.06806784082777886,0.0,-0.0020777729190408684,1.926095495950885,0.0,sine,1,0.3,1.0,20,40,1.1201324462890625,0.0
1779527354.243338,0.0,0.06806784082777886,0.0,-0.0020777729190408684,1.926095495950885,0.0,0.2376,-1.4652,-0.4356,0.0,0.21868735181339252,0.0,0.0,0.08552113334772216,0.0,-0.0020777729190408684,1.784806937456106,0.0,sine,1,0.3,1.0,20,40,1.1299974918365479,0.0
1779527354.2533472,0.0,0.08552113334772216,0.0,-0.0020777729190408684,1.784806937456106,0.0,0.0,-0.99,-0.1584,0.0,0.23114178046714806,0.0,0.0,0.10297442586766545,0.0,0.0,1.720395976965839,0.0,sine,1,0.3,1.0,20,40,1.1399898529052734,0.0
1779527354.2633493,0.0,0.10297442586766545,0.0,0.0,1.720395976965839,0.0,-0.0396,-0.3168,-0.5940000000000001,0.0,0.242703883190733,0.0,0.0,0.11868238913561442,0.0,0.0,1.641440606042286,0.0020777729190408684,sine,1,0.3,1.0,20,40,1.1499989032745361,0.0
1779527354.2733388,0.0,0.11868238913561442,0.0,0.0,1.641440606042286,0.0020777729190408684,-0.0396,-0.8316,-0.6732,0.0,0.25329942755535395,0.0,0.0,0.13613568165555773,0.0,0.0,1.6123517851757139,-0.0020777729190408684,sine,1,0.3,1.0,20,40,1.1600010395050049,0.0
1779527354.283339,0.0,0.13613568165555773,0.0,0.0,1.6123517851757139,-0.0020777729190408684,0.0,-1.7028,-0.5940000000000001,0.0,0.26288341266348636,0.0,0.0,0.1518436449235067,0.0,0.0,1.6684516539898173,0.0020777729190408684,sine,1,0.3,1.0,20,40,1.1699905395507812,0.0
1779527354.293479,0.0,0.1518436449235067,0.0,0.0,1.6684516539898173,0.0020777729190408684,0.0396,0.35639999999999994,-0.5148,0.0,0.2714407062574615,0.0,0.0,0.16755160819145565,0.0,0.004155545838081737,1.6352072872851635,0.0,sine,1,0.3,1.0,20,40,1.1799907684326172,0.0
1779527354.303347,0.0,0.16755160819145565,0.0,0.004155545838081737,1.6352072872851635,0.0,-0.0396,-1.3068,-0.4356,0.0,0.279023551568202,0.0,0.0,0.1832595714594046,0.0,0.0,1.4710632266809347,0.0020777729190408684,sine,1,0.3,1.0,20,40,1.1901307106018066,0.0
1779527354.3133454,0.0,0.1832595714594046,0.0,0.0,1.4710632266809347,0.0020777729190408684,-0.198,-2.7720000000000002,-0.5940000000000001,0.0,0.28531628828192124,0.0,0.0,0.19722220547535924,0.0,0.0,1.4336633141381991,0.0,sine,1,0.3,1.0,20,40,1.1999988555908203,0.0
1779527354.323338,0.0,0.19722220547535924,0.0,0.0,1.4336633141381991,0.0,0.198,-2.0592,-0.4356,0.0,0.29057362501502404,0.0,0.0,0.20943951023931953,0.0,-0.0020777729190408684,1.279908118129175,0.0,sine,1,0.3,1.0,20,40,1.2099971771240234,0.0
1779527354.3333461,0.0,0.20943951023931953,0.0,-0.0020777729190408684,1.279908118129175,0.0,0.0,-1.7028,-0.4752,0.0,0.2946825636539773,0.0,0.0,0.22165681500327988,0.0,0.0,1.1947194284484992,0.0,sine,1,0.3,1.0,20,40,1.2199897766113281,0.0
1779527354.343346,0.0,0.22165681500327988,0.0,0.0,1.1947194284484992,0.0,0.1188,-2.0196,-0.5940000000000001,0.0,0.29763390794152644,0.0,0.0,0.23212879051524585,0.0,0.0,1.0970641012535784,0.0,sine,1,0.3,1.0,20,40,1.2299978733062744,0.0
1779527354.3533835,0.0,0.23212879051524585,0.0,0.0,1.0970641012535784,0.0,0.0,-1.4652,-0.396,0.0,0.2994077656629531,0.0,0.0,0.24260076602721178,0.0,0.0,1.0222642761681073,0.0,sine,1,0.3,1.0,20,40,1.2399978637695312,0.0
1779527354.3633382,0.0,0.24260076602721178,0.0,0.0,1.0222642761681073,0.0,0.0,-0.9107999999999999,-0.4752,0.0,0.29999999262682375,0.0,0.0,0.25132741228718347,0.0,0.0,0.9225311760541456,0.0,sine,1,0.3,1.0,20,40,1.250035285949707,0.0
1779527354.373343,0.0,0.25132741228718347,0.0,0.0,0.9225311760541456,0.0,0.0396,-0.27720000000000006,-0.4356,0.0,0.2994092042442209,0.0,0.0,0.25830872929516074,0.0,0.0,0.8248758488592247,0.0,sine,1,0.3,1.0,20,40,1.2599899768829346,0.0
1779527354.383369,0.0,0.25830872929516074,0.0,0.0,0.8248758488592247,0.0,0.0,-1.5048000000000001,0.198,0.0,0.29763565390546315,0.0,0.0,0.2670353755551324,0.0,0.0,0.7334538404214266,0.0,sine,1,0.3,1.0,20,40,1.2699947357177734,0.0
1779527354.3933463,0.0,0.2670353755551324,0.0,0.0,0.7334538404214266,0.0,0.0396,-0.35639999999999994,-0.4752,0.0,0.294678856493466,0.0,0.0,0.27227136331111546,0.0,0.0,0.6274874215503422,0.0,sine,1,0.3,1.0,20,40,1.2800207138061523,0.0
1779527354.4034777,0.0,0.27227136331111546,0.0,0.0,0.6274874215503422,0.0,0.0,-1.4255999999999998,-0.4752,0.0,0.290575860305675,0.0,0.0,0.2775073510670984,0.0,0.0,0.5132099110030945,-0.0020777729190408684,sine,1,0.3,1.0,20,40,1.2899980545043945,0.0
1779527354.413345,0.0,0.2775073510670984,0.0,0.0,0.5132099110030945,-0.0020777729190408684,0.0,0.35639999999999994,-0.27720000000000006,0.0,0.28524147930889304,0.0,0.0,0.28099800957108706,0.0,0.0,0.38438799002256063,0.0,sine,1,0.3,1.0,20,40,1.3001294136047363,0.0
1779527354.4233484,0.0,0.28099800957108706,0.0,0.0,0.38438799002256063,0.0,-0.1188,-0.5940000000000001,-0.1584,0.0,0.2789351361144217,0.0,0.0,0.2844886680750757,0.0,0.0,0.30543261909900765,0.0,sine,1,0.3,1.0,20,40,1.3099968433380127,0.0
1779527354.4333396,0.0,0.2844886680750757,0.0,0.0,0.30543261909900765,0.0,-0.0396,-1.4652,-0.2376,0.0,0.27144797796850867,0.0,0.0,0.28623399732707006,0.0,0.0,0.20777729190408684,0.0,sine,1,0.3,1.0,20,40,1.320000171661377,0.0
1779527354.4435139,0.0,0.28623399732707006,0.0,0.0,0.20777729190408684,0.0,-0.0396,1.1880000000000002,-0.35639999999999994,0.0,0.2628998670552842,0.0,0.0,0.28623399732707006,0.0,-0.0020777729190408684,0.05817764173314431,0.0,sine,1,0.3,1.0,20,40,1.329991340637207,0.0
1779527354.4533381,0.0,0.28623399732707006,0.0,-0.0020777729190408684,0.05817764173314431,0.0,0.0792,1.584,-0.1584,0.0,0.25313096770018145,0.0,0.0,0.28623399732707006,0.0,0.0,-0.014544410433286078,0.0,sine,1,0.3,1.0,20,40,1.340165615081787,0.0
1779527354.4633446,0.0,0.28623399732707006,0.0,0.0,-0.014544410433286078,0.0,-0.1584,1.9404,-0.1584,0.0,0.24271629802244893,0.0,0.0,0.2844886680750757,0.0,0.0,-0.10804419179012516,-0.0020777729190408684,sine,1,0.3,1.0,20,40,1.349989891052246,0.0
1779527354.4733465,0.0,0.2844886680750757,0.0,0.0,-0.10804419179012516,-0.0020777729190408684,-0.2376,2.3760000000000003,-0.198,0.0,0.23115839577069602,0.0,0.0,0.28099800957108706,0.0,0.0,-0.22855502109449552,0.0,sine,1,0.3,1.0,20,40,1.3599963188171387,0.0
1779527354.4833386,0.0,0.28099800957108706,0.0,0.0,-0.22855502109449552,0.0,-0.396,1.7424,-0.198,0.0,0.21869288936919062,0.0,0.0,0.2775073510670984,0.0,0.0020777729190408684,-0.4342545400795415,-0.0020777729190408684,sine,1,0.3,1.0,20,40,1.3699982166290283,0.0
1779527354.4933462,0.0,0.2775073510670984,0.0,0.0020777729190408684,-0.4342545400795415,-0.0020777729190408684,-0.4356,0.7524000000000001,-0.1188,0.0,0.20537740594065376,0.0,0.0,0.27052603405912107,0.0,0.0,-0.5796986444124023,-0.0020777729190408684,sine,1,0.3,1.0,20,40,1.3799903392791748,0.0
1779527354.5033486,0.0,0.27052603405912107,0.0,0.0,-0.5796986444124023,-0.0020777729190408684,-0.27720000000000006,2.0988,-0.1584,0.0,0.19123016102416696,0.0,0.0,0.26529004630313807,0.0,0.0,-0.5900875090076066,0.0,sine,1,0.3,1.0,20,40,1.389997959136963,0.0
1779527354.5133436,0.0,0.26529004630313807,0.0,0.0,-0.5900875090076066,0.0,-0.35639999999999994,0.8316,-0.1584,0.0,0.17633506667666962,0.0,0.0,0.25830872929516074,0.0,0.0,-0.6669651070121188,0.0,sine,1,0.3,1.0,20,40,1.4000003337860107,0.0
1779527354.5233455,0.0,0.25830872929516074,0.0,0.0,-0.6669651070121188,0.0,-0.5940000000000001,1.9008,-0.1188,0.0,0.16075549078462745,0.0,0.0,0.2478367537831948,0.0,0.0,-0.8851312635114099,-0.006233318757122605,sine,1,0.3,1.0,20,40,1.4099953174591064,0.0
1779527354.5334873,0.0,0.2478367537831948,0.0,0.0,-0.8851312635114099,-0.006233318757122605,-0.2376,0.6336,0.198,0.0,0.1445307020214684,0.0,0.0,0.23911010752322315,0.0,0.0,-0.883053490592369,0.0,sine,1,0.3,1.0,20,40,1.419997215270996,0.0
1779527354.543346,0.0,0.23911010752322315,0.0,0.0,-0.883053490592369,0.0,-0.4356,0.35639999999999994,-0.35639999999999994,0.0,0.12749655556293538,0.0,0.0,0.2303834612632515,0.0,-0.004155545838081737,-0.9453866781635951,-0.0020777729190408684,sine,1,0.3,1.0,20,40,1.4301390647888184,0.0
1779527354.5533526,0.0,0.2303834612632515,0.0,-0.004155545838081737,-0.9453866781635951,-0.0020777729190408684,0.27720000000000006,1.0692,-0.198,0.0,0.11044144400368926,0.0,0.0,0.20943951023931953,0.0,0.0,-1.1136862846059055,0.0,sine,1,0.3,1.0,20,40,1.439997673034668,0.0
1779527354.563404,0.0,0.20943951023931953,0.0,0.0,-1.1136862846059055,0.0,0.35639999999999994,1.3860000000000001,-0.1188,0.0,0.09269731936471344,0.0,0.0,0.20943951023931953,0.0,0.0,-1.1136862846059055,0.0,sine,1,0.3,1.0,20,40,1.4500043392181396,0.0
1779527354.5733411,0.0,0.20943951023931953,0.0,0.0,-1.1136862846059055,0.0,0.2376,1.3860000000000001,-0.1188,0.0,0.07450503418588153,0.0,0.0,0.19722220547535924,0.0,0.0,-1.1780972450961724,-0.0020777729190408684,sine,1,0.3,1.0,20,40,1.4600558280944824,0.0
1779527354.5833676,0.0,0.19722220547535924,0.0,0.0,-1.1780972450961724,-0.0020777729190408684,-0.396,1.8612000000000002,-0.1584,0.0,0.056227584790869096,0.0,0.0,0.1832595714594046,0.0,0.0,-1.2902969827243793,0.0,sine,1,0.3,1.0,20,40,1.4699928760528564,0.0
1779527354.593349,0.0,0.1832595714594046,0.0,0.0,-1.2902969827243793,0.0,-0.6732,1.4652,-0.2376,0.0,0.037563819081003744,0.0,0.0,0.16755160819145565,0.0,0.0,-1.5520963705235287,-0.004155545838081737,sine,1,0.3,1.0,20,40,1.4800193309783936,0.0
1779527354.6033387,0.0,0.16755160819145565,0.0,0.0,-1.5520963705235287,-0.004155545838081737,-0.2376,-0.27720000000000006,0.1584,0.0,0.01883579235284626,0.0,0.0,0.15358897417550102,0.0,0.0,-1.4856076371142208,0.0,sine,1,0.3,1.0,20,40,1.4900007247924805,0.0
1779527354.6133533,0.0,0.15358897417550102,0.0,0.0,-1.4856076371142208,0.0,-0.4752,0.6732,0.0792,0.0,1.797633734722505e-05,0.0,0.0,0.13788101090755203,0.0,0.0,-1.5209297767379157,0.0,sine,1,0.3,1.0,20,40,1.499990463256836,0.0
1779527354.6233432,0.0,0.13788101090755203,0.0,0.0,-1.5209297767379157,0.0,-0.5544000000000001,0.8316,-0.27720000000000006,0.0,-0.018846556862851922,0.0,0.0,0.12042771838760874,0.0,0.0,-1.703773793613512,-0.004155545838081737,sine,1,0.3,1.0,20,40,1.510004997253418,0.0
1779527354.6333516,0.0,0.12042771838760874,0.0,0.0,-1.703773793613512,-0.004155545838081737,-0.198,1.3464,0.1188,0.0,-0.03759057122236988,0.0,0.0,0.10471975511965977,0.0,0.0020777729190408684,-1.6518294706374903,0.0020777729190408684,sine,1,0.3,1.0,20,40,1.5199949741363525,0.0
1779527354.643375,0.0,0.10471975511965977,0.0,0.0020777729190408684,-1.6518294706374903,0.0020777729190408684,-0.4752,0.6732,0.27720000000000006,0.0,-0.05622052166423456,0.0,0.0,0.08726646259971647,0.0,0.0,-1.67468497274694,0.0,sine,1,0.3,1.0,20,40,1.530003309249878,0.0
1779527354.6533506,0.0,0.08726646259971647,0.0,0.0,-1.67468497274694,0.0,-0.5544000000000001,-0.198,0.0,0.0,-0.07465564787328716,0.0,0.0,0.06806784082777886,0.0,0.0,-1.8512956708654138,-0.004155545838081737,sine,1,0.3,1.0,20,40,1.5400266647338867,0.0
1779527354.6633399,0.0,0.06806784082777886,0.0,0.0,-1.8512956708654138,-0.004155545838081737,-0.1584,1.0296,0.0,0.0,-0.0927092869481259,0.0,0.0,0.05235987755982988,0.0,0.0,-1.7453292519943295,0.0020777729190408684,sine,1,0.3,1.0,20,40,1.5500023365020752,0.0
1779527354.6733806,0.0,0.05235987755982988,0.0,0.0,-1.7453292519943295,0.0020777729190408684,0.35639999999999994,0.5544000000000001,-0.198,0.0,-0.11042264063886427,0.0,0.0,0.03490658503988659,0.0,0.0,-1.7287070686420025,-0.0020777729190408684,sine,1,0.3,1.0,20,40,1.5599915981292725,0.0
1779527354.6833441,0.0,0.03490658503988659,0.0,0.0,-1.7287070686420025,-0.0020777729190408684,0.27720000000000006,1.0692,-0.2376,0.0,-0.12778897359038585,0.0,0.0,0.017453292519943295,0.0,0.0,-1.7245515228039208,-0.0020777729190408684,sine,1,0.3,1.0,20,40,1.5700323581695557,0.0
1779527354.6933954,0.0,0.017453292519943295,0.0,0.0,-1.7245515228039208,-0.0020777729190408684,-0.5940000000000001,0.5148,-0.0396,0.0,-0.14451928122617583,0.0,0.0,0.0,0.0,0.0020777729190408684,-1.9447954522222528,-0.0020777729190408684,sine,1,0.3,1.0,20,40,1.57999587059021,0.0
1779527354.70335,0.0,0.0,0.0,0.0020777729190408684,-1.9447954522222528,-0.0020777729190408684,-0.0396,0.1188,0.2376,0.0,-0.16082302556786304,0.0,0.0,0.0,0.0,0.0020777729190408684,-1.9447954522222528,-0.0020777729190408684,sine,1,0.3,1.0,20,40,1.5900471210479736,0.0
1779527354.713369,0.0,0.0,0.0,0.0020777729190408684,-1.9447954522222528,-0.0020777729190408684,-0.0396,0.1188,0.2376,0.0,-0.1763383388771734,0.0,0.0,-0.03665191429188092,0.0,0.0,-1.7598736624276154,-0.0020777729190408684,sine,1,0.3,1.0,20,40,1.6000018119812012,0.0
1779527354.7233431,0.0,-0.03665191429188092,0.0,0.0,-1.7598736624276154,-0.0020777729190408684,-0.35639999999999994,0.5148,0.0,0.0,-0.19125716889382785,0.0,0.0,-0.05235987755982988,0.0,-0.0020777729190408684,-1.7100071123706346,0.0,sine,1,0.3,1.0,20,40,1.610020637512207,0.0
1779527354.7333426,0.0,-0.05235987755982988,0.0,-0.0020777729190408684,-1.7100071123706346,0.0,-0.35639999999999994,0.9107999999999999,0.1584,0.0,-0.20535709472442473,0.0,0.0,-0.06981317007977318,0.0,0.0020777729190408684,-1.720395976965839,0.0,sine,1,0.3,1.0,20,40,1.619994878768921,0.0
1779527354.74335,0.0,-0.06981317007977318,0.0,0.0020777729190408684,-1.720395976965839,0.0,-0.3168,-0.0396,-0.1188,0.0,-0.21868335236865113,0.0,0.0,-0.08726646259971647,0.0,0.0,-1.7120848852896755,0.0020777729190408684,sine,1,0.3,1.0,20,40,1.6299943923950195,0.0
1779527354.7533712,0.0,-0.08726646259971647,0.0,0.0,-1.7120848852896755,0.0020777729190408684,-0.35639999999999994,0.2376,-0.2376,0.0,-0.23115610410843415,0.0,0.0,-0.10297442586766545,0.0,-0.0020777729190408684,-1.67468497274694,-0.0020777729190408684,sine,1,0.3,1.0,20,40,1.6400017738342285,0.0
1779527354.7633555,0.0,-0.10297442586766545,0.0,-0.0020777729190408684,-1.67468497274694,-0.0020777729190408684,0.4356,1.3464,-0.1584,0.0,-0.24273056038631688,0.0,0.0,-0.12042771838760874,0.0,0.0,-1.7598736624276154,-0.0020777729190408684,sine,1,0.3,1.0,20,40,1.6500229835510254,0.0
1779527354.773342,0.0,-0.12042771838760874,0.0,0.0,-1.7598736624276154,-0.0020777729190408684,-0.2376,0.1584,0.0792,0.0,-0.25330568823088856,0.0,0.0,-0.13788101090755203,0.0,0.0,-1.7245515228039208,0.0,sine,1,0.3,1.0,20,40,1.6600072383880615,0.0
1779527354.7833433,0.0,-0.13788101090755203,0.0,0.0,-1.7245515228039208,0.0,-0.198,1.2672,0.0,0.0,-0.26288622747208806,0.0,0.0,-0.15358897417550102,0.0,0.0,-1.581185191390101,0.0,sine,1,0.3,1.0,20,40,1.6699936389923096,0.0
1779527354.7933407,0.0,-0.15358897417550102,0.0,0.0,-1.581185191390101,0.0,-0.4356,0.4356,-0.1188,0.0,-0.271444150861814,0.0,0.0,-0.16929693744344998,0.0,-0.0020777729190408684,-1.5978073747424277,0.0,sine,1,0.3,1.0,20,40,1.679995059967041,0.0
1779527354.8033419,0.0,-0.16929693744344998,0.0,-0.0020777729190408684,-1.5978073747424277,0.0,-0.0396,-0.396,-0.1584,0.0,-0.27892769113104793,0.0,0.0,-0.1832595714594046,0.0,0.0,-1.4440521787334035,0.0020777729190408684,sine,1,0.3,1.0,20,40,1.6899924278259277,0.0
1779527354.8133426,0.0,-0.1832595714594046,0.0,0.0,-1.4440521787334035,0.0020777729190408684,-0.3168,0.5544000000000001,-0.2376,0.0,-0.285313232812805,0.0,0.0,-0.19722220547535924,0.0,0.0,-1.3505523973765645,0.0,sine,1,0.3,1.0,20,40,1.69999361038208,0.0
1779527354.8233385,0.0,-0.19722220547535924,0.0,0.0,-1.3505523973765645,0.0,-0.3168,0.35639999999999994,-0.198,0.0,-0.2905722837154353,0.0,0.0,-0.20943951023931953,0.0,0.0,-1.3131524848338287,0.0,sine,1,0.3,1.0,20,40,1.7099943161010742,0.0
1779527354.833485,0.0,-0.20943951023931953,0.0,0.0,-1.3131524848338287,0.0,-0.1584,0.9504,0.0,0.0,-0.29468273213085383,0.0,0.0,-0.22165681500327988,0.0,0.0,-1.1822527909342542,0.0,sine,1,0.3,1.0,20,40,1.7199902534484863,0.0
1779527354.843386,0.0,-0.22165681500327988,0.0,0.0,-1.1822527909342542,0.0,0.3168,0.5940000000000001,-0.0396,0.0,-0.2976665799078273,0.0,0.0,-0.23212879051524585,0.0,0.0,-1.1406973325534366,0.0,sine,1,0.3,1.0,20,40,1.7301366329193115,0.0
1779527354.8533454,0.0,-0.23212879051524585,0.0,0.0,-1.1406973325534366,0.0,-0.1188,0.0396,-0.2376,0.0,-0.29941246980337516,0.0,0.0,-0.24260076602721178,0.0,0.0,-1.011875411572903,0.0,sine,1,0.3,1.0,20,40,1.7400376796722412,0.0
1779527354.863339,0.0,-0.24260076602721178,0.0,0.0,-1.011875411572903,0.0,-0.27720000000000006,0.6336,-0.1188,0.0,-0.2999999999515277,0.0,0.0,-0.25132741228718347,0.0,0.0020777729190408684,-0.9225311760541456,0.0,sine,1,0.3,1.0,20,40,1.7499971389770508,0.0
1779527354.8733864,0.0,-0.25132741228718347,0.0,0.0020777729190408684,-0.9225311760541456,0.0,-0.198,1.3464,-0.198,0.0,-0.29940911967017014,0.0,0.0,-0.26005405854715513,0.0,0.0,-0.8227980759401838,0.0,sine,1,0.3,1.0,20,40,1.7599906921386719,0.0
1779527354.8833516,0.0,-0.26005405854715513,0.0,0.0,-0.8227980759401838,0.0,-0.198,0.35639999999999994,0.198,0.0,-0.29762539422973805,0.0,0.0,-0.2670353755551324,0.0,0.0,-0.7251427487452631,0.0,sine,1,0.3,1.0,20,40,1.77003812789917,0.0
1779527354.8933618,0.0,-0.2670353755551324,0.0,0.0,-0.7251427487452631,0.0,-0.198,0.792,-0.1584,0.0,-0.2946850063097906,0.0,0.0,-0.27227136331111546,0.0,0.0,-0.6191763298741788,0.0,sine,1,0.3,1.0,20,40,1.780003309249878,0.0
1779527354.9033453,0.0,-0.27227136331111546,0.0,0.0,-0.6191763298741788,0.0,-0.1584,0.8316,0.0396,0.0,-0.2905685946574061,0.0,0.0,-0.2775073510670984,0.0,0.0,-0.49450995473172665,0.0,sine,1,0.3,1.0,20,40,1.7900135517120361,0.0
1779527354.9133456,0.0,-0.2775073510670984,0.0,0.0,-0.49450995473172665,0.0,-0.1188,1.5444,-0.1188,0.0,-0.28531864911398747,0.0,0.0,-0.28099800957108706,0.0,0.0,-0.38231021710351976,0.0,sine,1,0.3,1.0,20,40,1.799997091293335,0.0
1779527354.9233465,0.0,-0.28099800957108706,0.0,0.0,-0.38231021710351976,0.0,-0.1584,0.396,-0.1188,0.0,-0.27893480525318765,0.0,0.0,-0.2844886680750757,0.0,0.0,-0.299199300341885,0.0,sine,1,0.3,1.0,20,40,1.809997320175171,0.0
1779527354.9333467,0.0,-0.2844886680750757,0.0,0.0,-0.299199300341885,0.0,-0.1584,0.5940000000000001,0.0,0.0,-0.2714495087429615,0.0,0.0,-0.28623399732707006,0.0,0.0,-0.20569951898504596,0.0,sine,1,0.3,1.0,20,40,1.8199982643127441,0.0
1779527354.943346,0.0,-0.28623399732707006,0.0,0.0,-0.20569951898504596,0.0,-0.0792,0.8712,0.0396,0.0,-0.26289337230769505,0.0,0.0,-0.28623399732707006,0.0,0.0,-0.0851886896806756,0.0,sine,1,0.3,1.0,20,40,1.82999849319458,0.0
1779527354.953345,0.0,-0.28623399732707006,0.0,0.0,-0.0851886896806756,0.0,0.0792,1.5048000000000001,-0.0792,0.0,-0.25330063156126104,0.0,0.0,-0.28623399732707006,0.0,-0.0020777729190408684,0.006233318757122605,0.0,sine,1,0.3,1.0,20,40,1.8399977684020996,0.0
1779527354.963353,0.0,-0.28623399732707006,0.0,-0.0020777729190408684,0.006233318757122605,0.0,-0.0396,0.9107999999999999,0.0,0.0,-0.2427086379492918,0.0,0.0,-0.2844886680750757,0.0,0.0,0.1121997376282069,0.0,sine,1,0.3,1.0,20,40,1.84999680519104,0.0
1779527354.9733694,0.0,-0.2844886680750757,0.0,0.0,0.1121997376282069,0.0,-0.0792,0.0,0.0396,0.0,-0.23114836950320183,0.0,0.0,-0.28274333882308134,0.0,0.0,0.236866112770659,0.0020777729190408684,sine,1,0.3,1.0,20,40,1.8600046634674072,0.0
1779527354.9834635,0.0,-0.28274333882308134,0.0,0.0,0.236866112770659,0.0020777729190408684,0.0,0.4752,-0.0396,0.0,-0.21866335390093686,0.0,0.0,-0.2792526803190927,0.0,0.0,0.3490658503988659,-0.0020777729190408684,sine,1,0.3,1.0,20,40,1.870021104812622,0.0
1779527354.9934788,0.0,-0.2792526803190927,0.0,0.0,0.3490658503988659,-0.0020777729190408684,-0.0792,-0.8712,0.0,0.0,-0.20520568763351213,0.0,0.0,-0.27401669256310973,0.0,0.0,0.46749890678419537,0.0,sine,1,0.3,1.0,20,40,1.880115270614624,0.0
1779527355.0033438,0.0,-0.27401669256310973,0.0,0.0,0.46749890678419537,0.0,-0.1188,-1.1088000000000002,0.0,0.0,-0.19103756777465755,0.0,0.0,-0.2670353755551324,0.0,0.0,0.5672320068981571,0.0,sine,1,0.3,1.0,20,40,1.8901305198669434,0.0
1779527355.0133493,0.0,-0.2670353755551324,0.0,0.0,0.5672320068981571,0.0,-0.1584,0.1188,0.0396,0.0,-0.17634233818981598,0.0,0.0,-0.26005405854715513,0.0,0.0,0.6752761986882823,0.0,sine,1,0.3,1.0,20,40,1.8999955654144287,0.0
1779527355.023359,0.0,-0.26005405854715513,0.0,0.0,0.6752761986882823,0.0,-0.1188,-0.8316,0.1584,0.0,-0.16074638409659464,0.0,0.0,-0.2530727415391778,0.0,0.0,0.7833203904784074,0.0,sine,1,0.3,1.0,20,40,1.9100010395050049,0.0
1779527355.0333467,0.0,-0.2530727415391778,0.0,0.0,0.7833203904784074,0.0,-0.2376,-0.5940000000000001,-0.198,0.0,-0.1445082539926089,0.0,0.0,-0.24260076602721178,0.0,0.0,1.009797638653862,0.0,sine,1,0.3,1.0,20,40,1.9200108051300049,0.0
1779527355.0433547,0.0,-0.24260076602721178,0.0,0.0,1.009797638653862,0.0,0.0792,-0.2376,-0.27720000000000006,0.0,-0.1277365200630756,0.0,0.0,-0.24260076602721178,0.0,0.0,1.009797638653862,0.0,sine,1,0.3,1.0,20,40,1.9299983978271484,0.0
1779527355.053346,0.0,-0.24260076602721178,0.0,0.0,1.009797638653862,0.0,0.0792,-0.2376,-0.27720000000000006,0.0,-0.11042598349595426,0.0,0.0,-0.21991148575128555,0.0,0.0,1.2113416118008262,0.0,sine,1,0.3,1.0,20,40,1.9400064945220947,0.0
1779527355.0633452,0.0,-0.21991148575128555,0.0,0.0,1.2113416118008262,0.0,0.1188,0.198,0.1584,0.0,-0.09270928694812615,0.0,0.0,-0.2076941809873252,0.0,0.0,1.1905638826104177,0.0,sine,1,0.3,1.0,20,40,1.9499976634979248,0.0
1779527355.073467,0.0,-0.2076941809873252,0.0,0.0,1.1905638826104177,0.0,-0.0792,0.5940000000000001,-0.0396,0.0,-0.07461255525208518,0.0,0.0,-0.1954768762233649,0.0,0.0,1.2404304326673985,0.0,sine,1,0.3,1.0,20,40,1.9599969387054443,0.0
1779527355.0835063,0.0,-0.1954768762233649,0.0,0.0,1.2404304326673985,0.0,0.0,0.5148,0.0,0.0,-0.055994484580774745,0.0,0.0,-0.18151424220741028,0.0,0.0,1.3027636202386246,-0.0020777729190408684,sine,1,0.3,1.0,20,40,1.970118761062622,0.0
1779527355.0933523,0.0,-0.18151424220741028,0.0,0.0,1.3027636202386246,-0.0020777729190408684,-0.0396,0.3168,0.0792,0.0,-0.03730430759383165,0.0,0.0,-0.16755160819145565,0.0,0.0,1.3671745807288913,0.0020777729190408684,sine,1,0.3,1.0,20,40,1.9801580905914307,0.0
1779527355.1034698,0.0,-0.16755160819145565,0.0,0.0,1.3671745807288913,0.0020777729190408684,-0.2376,0.2376,-0.198,0.0,-0.01882951304409868,0.0,0.0,-0.1518436449235067,0.0,0.0,1.5874185101472233,0.0020777729190408684,sine,1,0.3,1.0,20,40,1.990004062652588,0.0
1779527355.1134574,0.0,-0.1518436449235067,0.0,0.0,1.5874185101472233,0.0020777729190408684,0.1188,-2.4155999999999995,-0.27720000000000006,0.0,0.00022919827901829887,0.0,0.0,-0.13613568165555773,0.0,0.0,1.5230075496569566,0.0,sine,1,0.3,1.0,20,40,2.000121593475342,0.0
1779527355.1235447,0.0,-0.13613568165555773,0.0,0.0,1.5230075496569566,0.0,-0.4752,-1.0296,0.198,0.0,0.019042556375105435,0.0,0.0,-0.12042771838760874,0.0,0.0,1.7287070686420025,0.0020777729190408684,sine,1,0.3,1.0,20,40,2.0101091861724854,0.0
1779527355.1333547,0.0,-0.12042771838760874,0.0,0.0,1.7287070686420025,0.0020777729190408684,0.1584,-0.0792,-0.396,0.0,0.03796729819172401,0.0,0.0,-0.10297442586766545,0.0,-0.0020777729190408684,1.6476739247994086,-0.0020777729190408684,sine,1,0.3,1.0,20,40,2.0201964378356934,0.0
1779527355.1433454,0.0,-0.10297442586766545,0.0,-0.0020777729190408684,1.6476739247994086,-0.0020777729190408684,-0.1584,-1.1088000000000002,0.2376,0.0,0.05622626045708513,0.0,0.0,-0.08726646259971647,0.0,0.0,1.6663738810707764,0.0,sine,1,0.3,1.0,20,40,2.0300064086914062,0.0
1779527355.1535041,0.0,-0.08726646259971647,0.0,0.0,1.6663738810707764,0.0,0.0,-1.5048000000000001,0.0396,0.0,0.07460167301746844,0.0,0.0,-0.06981317007977318,0.0,0.0,1.6518294706374903,0.0020777729190408684,sine,1,0.3,1.0,20,40,2.039997100830078,0.0
1779527355.163551,0.0,-0.06981317007977318,0.0,0.0,1.6518294706374903,0.0020777729190408684,-0.27720000000000006,0.1584,-0.3168,0.0,0.09298449630578481,0.0,0.0,-0.050614548307835565,0.0,0.0020777729190408684,1.8409068062702094,0.0020777729190408684,sine,1,0.3,1.0,20,40,2.0501558780670166,0.0
1779527355.1733801,0.0,-0.050614548307835565,0.0,0.0020777729190408684,1.8409068062702094,0.0020777729190408684,0.198,-1.4255999999999998,-0.27720000000000006,0.0,0.11079276557081243,0.0,0.0,-0.03316125578789226,0.0,0.0020777729190408684,1.7619514353466563,-0.0020777729190408684,sine,1,0.3,1.0,20,40,2.0602028369903564,0.0
1779527355.1833737,0.0,-0.03316125578789226,0.0,0.0020777729190408684,1.7619514353466563,-0.0020777729190408684,-0.0792,0.27720000000000006,0.1188,0.0,0.127788160393819,0.0,0.0,-0.015707963267948967,0.0,0.0,1.7640292082656972,0.0,sine,1,0.3,1.0,20,40,2.0700318813323975,0.0
1779527355.19346,0.0,-0.015707963267948967,0.0,0.0,1.7640292082656972,0.0,-0.0396,-3.0096000000000003,0.2376,0.0,0.14456811306108808,0.0,0.0,0.0,0.0,0.0,1.7557181165895337,0.0,sine,1,0.3,1.0,20,40,2.0800254344940186,0.0
1779527355.2034874,0.0,0.0,0.0,0.0,1.7557181165895337,0.0,-0.1188,-0.8316,-0.2376,0.0,0.16092582341964937,0.0,0.0,0.017453292519943295,0.0,-0.0020777729190408684,1.7536403436704928,0.0,sine,1,0.3,1.0,20,40,2.09011173248291,0.0
1779527355.2133653,0.0,0.017453292519943295,0.0,-0.0020777729190408684,1.7536403436704928,0.0,-0.198,0.0,0.1584,0.0,0.17654769301274414,0.0,0.0,0.03665191429188092,0.0,-0.0020777729190408684,1.8658400812986997,0.0020777729190408684,sine,1,0.3,1.0,20,40,2.1001391410827637,0.0
1779527355.2233462,0.0,0.03665191429188092,0.0,-0.0020777729190408684,1.8658400812986997,0.0020777729190408684,0.1584,-1.7028,-0.4356,0.0,0.19125197527552387,0.0,0.0,0.054105206811824215,0.0,-0.0020777729190408684,1.784806937456106,-0.0020777729190408684,sine,1,0.3,1.0,20,40,2.1100170612335205,0.0
1779527355.2335026,0.0,0.054105206811824215,0.0,-0.0020777729190408684,1.784806937456106,-0.0020777729190408684,0.0396,0.0,0.198,0.0,0.2053613536746108,0.0,0.0,0.07155849933176751,0.0,0.0,1.749484797832411,0.0,sine,1,0.3,1.0,20,40,2.119997978210449,0.0
1779527355.2434614,0.0,0.07155849933176751,0.0,0.0,1.749484797832411,0.0,-0.1584,-2.0196,-0.198,0.0,0.21888967687616542,0.0,0.0,0.08901179185171082,0.0,0.0,1.832595714594046,0.0,sine,1,0.3,1.0,20,40,2.1301543712615967,0.0
1779527355.2534811,0.0,0.08901179185171082,0.0,0.0,1.832595714594046,0.0,0.1188,-1.1483999999999999,-0.396,0.0,0.23128982428587141,0.0,0.0,0.10646508437165411,0.0,0.0,1.6871516102611852,-0.0020777729190408684,sine,1,0.3,1.0,20,40,2.140113115310669,0.0
1779527355.263346,0.0,0.10646508437165411,0.0,0.0,1.6871516102611852,-0.0020777729190408684,-0.0396,-0.8316,0.1188,0.0,0.24285225404433225,0.0,0.0,0.12217304763960307,0.0,0.0,1.6206628768518774,-0.0020777729190408684,sine,1,0.3,1.0,20,40,2.150132894515991,0.0
1779527355.2735527,0.0,0.12217304763960307,0.0,0.0,1.6206628768518774,-0.0020777729190408684,0.0396,-1.98,-0.2376,0.0,0.25329605626321383,0.0,0.0,0.13788101090755203,0.0,-0.0020777729190408684,1.5707963267948966,0.0,sine,1,0.3,1.0,20,40,2.1599977016448975,0.0
1779527355.2833476,0.0,0.13788101090755203,0.0,-0.0020777729190408684,1.5707963267948966,0.0,-0.0396,-0.7524000000000001,-0.27720000000000006,0.0,0.26307740050528,0.0,0.0,0.15358897417550102,0.0,0.0,1.5500185976044878,0.0,sine,1,0.3,1.0,20,40,2.1702044010162354,0.0
1779527355.2934895,0.0,0.15358897417550102,0.0,0.0,1.5500185976044878,0.0,0.0396,0.0,-0.1188,0.0,0.27144759526880385,0.0,0.0,0.16929693744344998,0.0,0.0,1.5749518726329783,0.0,sine,1,0.3,1.0,20,40,2.179999351501465,0.0
1779527355.3033452,0.0,0.16929693744344998,0.0,0.0,1.5749518726329783,0.0,-0.1584,-1.8612000000000002,-0.198,0.0,0.27903081514437095,0.0,0.0,0.1832595714594046,0.0,0.0020777729190408684,1.4295077683001174,0.0,sine,1,0.3,1.0,20,40,2.190141201019287,0.0
1779527355.3134964,0.0,0.1832595714594046,0.0,0.0020777729190408684,1.4295077683001174,0.0,-0.198,-1.782,-0.1188,0.0,0.28531517723809774,0.0,0.0,0.19722220547535924,0.0,0.0,1.419118903704913,0.0,sine,1,0.3,1.0,20,40,2.1999969482421875,0.0
1779527355.3234925,0.0,0.19722220547535924,0.0,0.0,1.419118903704913,0.0,0.1188,-2.1384,-0.3168,0.0,0.2906442454419542,0.0,0.0,0.20943951023931953,0.0,0.0,1.2736747993720523,0.0,sine,1,0.3,1.0,20,40,2.2101480960845947,0.0
1779527355.3335197,0.0,0.20943951023931953,0.0,0.0,1.2736747993720523,0.0,-0.0792,-1.5048000000000001,-0.0792,0.0,0.294737011742018,0.0,0.0,0.22165681500327988,0.0,-0.0020777729190408684,1.2508192972626027,0.0,sine,1,0.3,1.0,20,40,2.220144271850586,0.0
1779527355.3433554,0.0,0.22165681500327988,0.0,-0.0020777729190408684,1.2508192972626027,0.0,0.1188,-2.2572,-0.1584,0.0,0.29767474046940934,0.0,0.0,0.23212879051524585,0.0,0.0,1.1157640575249463,0.0,sine,1,0.3,1.0,20,40,2.2301714420318604,0.0
1779527355.3533459,0.0,0.23212879051524585,0.0,0.0,1.1157640575249463,0.0,-0.0396,-1.4255999999999998,-0.198,0.0,0.29940886591173527,0.0,0.0,0.24260076602721178,0.0,-0.0020777729190408684,1.0305753678442706,-0.004155545838081737,sine,1,0.3,1.0,20,40,2.240007162094116,0.0
1779527355.3634865,0.0,0.24260076602721178,0.0,-0.0020777729190408684,1.0305753678442706,-0.004155545838081737,0.0,-1.4652,-0.0792,0.0,0.2999999999663387,0.0,0.0,0.25132741228718347,0.0,0.0,0.9225311760541456,0.0,sine,1,0.3,1.0,20,40,2.249997615814209,0.0
1779527355.373507,0.0,0.25132741228718347,0.0,0.0,0.9225311760541456,0.0,0.0,-0.3168,0.1584,0.0,0.299391539879985,0.0,0.0,0.26005405854715513,0.0,-0.0020777729190408684,0.820720303021143,0.0,sine,1,0.3,1.0,20,40,2.2601382732391357,0.0
1779527355.3833468,0.0,0.26005405854715513,0.0,-0.0020777729190408684,0.820720303021143,0.0,0.0,-1.6632,0.198,0.0,0.29759675382179807,0.0,0.0,0.2670353755551324,0.0,0.0020777729190408684,0.727220521664304,0.0,sine,1,0.3,1.0,20,40,2.2701587677001953,0.0
1779527355.3935332,0.0,0.2670353755551324,0.0,0.0020777729190408684,0.727220521664304,0.0,-0.0396,-0.4752,-0.2376,0.0,0.29468669057597024,0.0,0.0,0.27227136331111546,0.0,0.0,0.6170985569551379,0.0,sine,1,0.3,1.0,20,40,2.279998540878296,0.0
1779527355.4034355,0.0,0.27227136331111546,0.0,0.0,0.6170985569551379,0.0,-0.0396,-1.4255999999999998,-0.1188,0.0,0.29048804164281583,0.0,0.0,0.2775073510670984,0.0,0.0,0.49450995473172665,0.0,sine,1,0.3,1.0,20,40,2.29018497467041,0.0
1779527355.4133527,0.0,0.2775073510670984,0.0,0.0,0.49450995473172665,0.0,-0.0396,0.198,-0.1188,0.0,0.2852661116357563,0.0,0.0,0.28099800957108706,0.0,0.0,0.37815467126543806,0.0,sine,1,0.3,1.0,20,40,2.3000872135162354,0.0
1779527355.4233892,0.0,0.28099800957108706,0.0,0.0,0.37815467126543806,0.0,-0.0396,-1.0692,-0.1188,0.0,0.27892984203421933,0.0,0.0,0.28274333882308134,0.0,0.0020777729190408684,0.2638771607181903,0.0,sine,1,0.3,1.0,20,40,2.310004472732544,0.0
1779527355.4335148,0.0,0.28274333882308134,0.0,0.0020777729190408684,0.2638771607181903,0.0,-0.1188,-1.584,-0.27720000000000006,0.0,0.27141524834215125,0.0,0.0,0.2844886680750757,0.0,0.0,0.19323288147080075,-0.0020777729190408684,sine,1,0.3,1.0,20,40,2.3200409412384033,0.0
1779527355.443366,0.0,0.2844886680750757,0.0,0.0,0.19323288147080075,-0.0020777729190408684,-0.0792,1.4255999999999998,-0.1188,0.0,0.26274059291748103,0.0,0.0,0.28623399732707006,0.0,0.0,0.08103314384259387,0.0,sine,1,0.3,1.0,20,40,2.3301665782928467,0.0
1779527355.4534485,0.0,0.28623399732707006,0.0,0.0,0.08103314384259387,0.0,-0.0396,0.7524000000000001,-0.2376,0.0,0.2532804023760296,0.0,0.0,0.28623399732707006,0.0,0.0,0.006233318757122605,0.0,sine,1,0.3,1.0,20,40,2.340017795562744,0.0
1779527355.463365,0.0,0.28623399732707006,0.0,0.0,0.006233318757122605,0.0,-0.198,1.7028,-0.198,0.0,0.2425939462779335,0.0,0.0,0.2844886680750757,0.0,0.0,-0.09349978135683908,-0.0020777729190408684,sine,1,0.3,1.0,20,40,2.35010027885437,0.0
1779527355.4733622,0.0,0.2844886680750757,0.0,0.0,-0.09349978135683908,-0.0020777729190408684,-0.2376,2.2967999999999997,-0.4356,0.0,0.23113375866159952,0.0,0.0,0.28099800957108706,0.0,0.0,-0.2243994752564138,0.0,sine,1,0.3,1.0,20,40,2.3600168228149414,0.0
1779527355.4834557,0.0,0.28099800957108706,0.0,0.0,-0.2243994752564138,0.0,0.2376,2.1780000000000004,-0.1584,0.0,0.2186725842205878,0.0,0.0,0.2775073510670984,0.0,0.0,-0.33244366704653894,0.0,sine,1,0.3,1.0,20,40,2.370013952255249,0.0
1779527355.493431,0.0,0.2775073510670984,0.0,0.0,-0.33244366704653894,0.0,-0.5148,0.9504,-0.35639999999999994,0.0,0.20521650568622637,0.0,0.0,0.27227136331111546,0.0,0.0,-0.5672320068981571,-0.004155545838081737,sine,1,0.3,1.0,20,40,2.3801074028015137,0.0
1779527355.5033739,0.0,0.27227136331111546,0.0,0.0,-0.5672320068981571,-0.004155545838081737,-0.4356,1.584,-0.2376,0.0,0.1911068611908416,0.0,0.0,0.26529004630313807,0.0,0.004155545838081737,-0.7085205653929361,-0.006233318757122605,sine,1,0.3,1.0,20,40,2.390082836151123,0.0
1779527355.5133524,0.0,0.26529004630313807,0.0,0.004155545838081737,-0.7085205653929361,-0.006233318757122605,-0.4752,0.4356,-0.1584,0.0,0.17629652501458978,0.0,0.0,0.25656340004316647,0.0,0.0,-0.8311091676163473,0.0,sine,1,0.3,1.0,20,40,2.4000256061553955,0.0
1779527355.5234468,0.0,0.25656340004316647,0.0,0.0,-0.8311091676163473,0.0,-0.27720000000000006,1.3860000000000001,-0.2376,0.0,0.1607414512204875,0.0,0.0,0.2478367537831948,0.0,0.0020777729190408684,-0.8061758925878569,0.0,sine,1,0.3,1.0,20,40,2.410004138946533,0.0
1779527355.5333452,0.0,0.2478367537831948,0.0,0.0020777729190408684,-0.8061758925878569,0.0,0.5148,1.2276,-0.3168,0.0,0.1443633010154345,0.0,0.0,0.23911010752322315,0.0,0.0,-0.8643535343210013,0.0,sine,1,0.3,1.0,20,40,2.4200985431671143,0.0
1779527355.5433452,0.0,0.23911010752322315,0.0,0.0,-0.8643535343210013,0.0,-0.5148,0.0396,0.35639999999999994,0.0,0.12773895986780995,0.0,0.0,0.2303834612632515,0.0,0.0,-0.9287644948112682,0.0,sine,1,0.3,1.0,20,40,2.429996967315674,0.0
1779527355.5534117,0.0,0.2303834612632515,0.0,0.0,-0.9287644948112682,0.0,-0.792,1.3464,-0.1584,0.0,0.11044269754350095,0.0,0.0,0.2181661564992912,0.0,-0.0020777729190408684,-1.1656306075819272,-0.004155545838081737,sine,1,0.3,1.0,20,40,2.4399969577789307,0.0
1779527355.5633454,0.0,0.2181661564992912,0.0,-0.0020777729190408684,-1.1656306075819272,-0.004155545838081737,-0.396,0.8316,0.0792,0.0,0.09259131365187093,0.0,0.0,0.20420352248333656,0.0,-0.0020777729190408684,-1.2902969827243793,-0.0020777729190408684,sine,1,0.3,1.0,20,40,2.450063467025757,0.0
1779527355.5734985,0.0,0.20420352248333656,0.0,-0.0020777729190408684,-1.2902969827243793,-0.0020777729190408684,0.1584,0.8316,-0.0792,0.0,0.07461211996470948,0.0,0.0,0.19198621771937624,0.0,-0.0020777729190408684,-1.2425082055864394,0.0,sine,1,0.3,1.0,20,40,2.4599971771240234,0.0
1779527355.58349,0.0,0.19198621771937624,0.0,-0.0020777729190408684,-1.2425082055864394,0.0,0.396,1.0296,-0.1188,0.0,0.05593620404895415,0.0,0.0,0.17976891295541597,0.0,0.0,-1.2902969827243793,0.0,sine,1,0.3,1.0,20,40,2.4701502323150635,0.0
1779527355.5933528,0.0,0.17976891295541597,0.0,0.0,-1.2902969827243793,0.0,0.5544000000000001,0.0,-0.198,0.0,0.037335075905088166,0.0,0.0,0.16406094968746698,0.0,0.0020777729190408684,-1.514696457980793,-0.004155545838081737,sine,1,0.3,1.0,20,40,2.4801416397094727,0.0
1779527355.6033459,0.0,0.16406094968746698,0.0,0.0020777729190408684,-1.514696457980793,-0.004155545838081737,-0.1584,-0.198,-0.0396,0.0,0.018828615999315772,0.0,0.0,0.15009831567151233,0.0,0.0020777729190408684,-1.4440521787334035,0.0020777729190408684,sine,1,0.3,1.0,20,40,2.490004539489746,0.0
1779527355.6133687,0.0,0.15009831567151233,0.0,0.0020777729190408684,-1.4440521787334035,0.0020777729190408684,-0.792,1.4255999999999998,0.4356,0.0,4.494084339350459e-06,0.0,0.0,0.13264502315156904,0.0,0.0,-1.639362833123245,-0.0020777729190408684,sine,1,0.3,1.0,20,40,2.499997615814209,0.0
1779527355.6234808,0.0,0.13264502315156904,0.0,0.0,-1.639362833123245,-0.0020777729190408684,-0.198,0.792,0.0396,0.0,-0.0188757106217444,0.0,0.0,0.11868238913561442,0.0,0.0,-1.53131864133312,0.0,sine,1,0.3,1.0,20,40,2.5100204944610596,0.0
1779527355.6333644,0.0,0.11868238913561442,0.0,0.0,-1.53131864133312,0.0,-0.6732,1.9008,0.198,0.0,-0.037847822114237505,0.0,0.0,0.10297442586766545,0.0,0.0,-1.581185191390101,0.0,sine,1,0.3,1.0,20,40,2.520132541656494,0.0
1779527355.6433659,0.0,0.10297442586766545,0.0,0.0,-1.581185191390101,0.0,0.5544000000000001,0.0,0.198,0.0,-0.056244359587156796,0.0,0.0,0.08377580409572782,0.0,0.0,-1.7931180291322695,-0.0020777729190408684,sine,1,0.3,1.0,20,40,2.5300161838531494,0.0
1779527355.6534562,0.0,0.08377580409572782,0.0,0.0,-1.7931180291322695,-0.0020777729190408684,-0.3168,0.9107999999999999,-0.0792,0.0,-0.0746391074653295,0.0,0.0,0.06457718232379019,0.0,0.0,-1.861684535460618,0.0,sine,1,0.3,1.0,20,40,2.540017604827881,0.0
1779527355.6633444,0.0,0.06457718232379019,0.0,0.0,-1.861684535460618,0.0,-0.5544000000000001,0.0,0.0,0.0,-0.0928986094955187,0.0,0.0,0.047123889803846894,0.0,0.0,-1.894928902165272,0.0,sine,1,0.3,1.0,20,40,2.550107955932617,0.0
1779527355.6733506,0.0,0.047123889803846894,0.0,0.0,-1.894928902165272,0.0,-0.1584,0.99,-0.0792,0.0,-0.1104305798985573,0.0,0.0,0.029670597283903605,0.0,0.0,-1.7162404311277573,0.0,sine,1,0.3,1.0,20,40,2.5599961280822754,0.0
1779527355.6833425,0.0,0.029670597283903605,0.0,0.0,-1.7162404311277573,0.0,-0.4752,0.9504,0.0,0.0,-0.12773773996673216,0.0,0.0,0.012217304763960306,0.0,0.0,-1.7162404311277573,-0.0020777729190408684,sine,1,0.3,1.0,20,40,2.570002317428589,0.0
1779527355.6936452,0.0,0.012217304763960306,0.0,0.0,-1.7162404311277573,-0.0020777729190408684,-0.3168,0.5148,0.0,0.0,-0.14451652444162008,0.0,0.0,-0.003490658503988659,0.0,0.0,-1.7079293394515938,0.0,sine,1,0.3,1.0,20,40,2.5799942016601562,0.0
1779527355.703357,0.0,-0.003490658503988659,0.0,0.0,-1.7079293394515938,0.0,-0.5544000000000001,0.99,0.0,0.0,-0.16122041407931534,0.0,0.0,-0.020943951023931956,0.0,0.0,-1.8720734000558223,-0.0020777729190408684,sine,1,0.3,1.0,20,40,2.590296983718872,0.0
1779527355.7133627,0.0,-0.020943951023931956,0.0,0.0,-1.8720734000558223,-0.0020777729190408684,-0.3168,0.198,0.0,0.0,-0.17634888241630878,0.0,0.0,-0.04014257279586959,0.0,0.0,-1.876228945893904,-0.0020777729190408684,sine,1,0.3,1.0,20,40,2.600008726119995,0.0
1779527355.7233443,0.0,-0.04014257279586959,0.0,0.0,-1.876228945893904,-0.0020777729190408684,-0.1584,1.0692,0.1188,0.0,-0.19124816656072705,0.0,0.0,-0.05759586531581287,0.0,0.0,-1.7307848415610434,0.0,sine,1,0.3,1.0,20,40,2.6100144386291504,0.0
1779527355.733361,0.0,-0.05759586531581287,0.0,0.0,-1.7307848415610434,0.0,0.4356,0.5940000000000001,-0.1584,0.0,-0.20535873279140518,0.0,0.0,-0.07504915783575616,0.0,0.0020777729190408684,-1.8429845791892503,0.0,sine,1,0.3,1.0,20,40,2.6199960708618164,0.0
1779527355.743359,0.0,-0.07504915783575616,0.0,0.0020777729190408684,-1.8429845791892503,0.0,0.0,0.5148,-0.0792,0.0,-0.2187070401782576,0.0,0.0,-0.07504915783575616,0.0,0.0020777729190408684,-1.8429845791892503,0.0,sine,1,0.3,1.0,20,40,2.6300127506256104,0.0
1779527355.7533705,0.0,-0.07504915783575616,0.0,0.0020777729190408684,-1.8429845791892503,0.0,0.0,0.5148,-0.0792,0.0,-0.2311669892084919,0.0,0.0,-0.10821041362364843,0.0,0.0,-1.639362833123245,0.0,sine,1,0.3,1.0,20,40,2.6400108337402344,0.0
1779527355.7633665,0.0,-0.10821041362364843,0.0,0.0,-1.639362833123245,0.0,-0.2376,-0.0792,0.0396,0.0,-0.2427297680744382,0.0,0.0,-0.1239183768915974,0.0,0.0,-1.5562519163616104,-0.0020777729190408684,sine,1,0.3,1.0,20,40,2.650022268295288,0.0
1779527355.773345,0.0,-0.1239183768915974,0.0,0.0,-1.5562519163616104,-0.0020777729190408684,-0.5940000000000001,1.3860000000000001,0.0396,0.0,-0.25331676386933705,0.0,0.0,-0.13962634015954636,0.0,0.0,-1.6372850602042042,0.0,sine,1,0.3,1.0,20,40,2.6600182056427,0.0
1779527355.7834604,0.0,-0.13962634015954636,0.0,0.0,-1.6372850602042042,0.0,-0.1188,0.5148,-0.0792,0.0,-0.26288904218098996,0.0,0.0,-0.15533430342749532,0.0,0.0,-1.5126186850617522,-0.0020777729190408684,sine,1,0.3,1.0,20,40,2.669996738433838,0.0
1779527355.7940865,0.0,-0.15533430342749532,0.0,0.0,-1.5126186850617522,-0.0020777729190408684,0.5148,0.5148,0.0792,0.0,-0.271538035887012,0.0,0.0,-0.1710422666954443,0.0,0.0,-1.564563008037774,0.0,sine,1,0.3,1.0,20,40,2.68011212348938,0.0
1779527355.803342,0.0,-0.1710422666954443,0.0,0.0,-1.564563008037774,0.0,-0.2376,-0.0396,0.1188,0.0,-0.2794421801525317,0.0,0.0,-0.18500490071139894,0.0,0.0020777729190408684,-1.500152047547507,-0.0020777729190408684,sine,1,0.3,1.0,20,40,2.6907382011413574,0.0
1779527355.813562,0.0,-0.18500490071139894,0.0,0.0020777729190408684,-1.500152047547507,-0.0020777729190408684,-0.198,0.8316,0.0396,0.0,-0.28531337170448773,0.0,0.0,-0.1989675347273536,0.0,0.0,-1.3505523973765645,0.0,sine,1,0.3,1.0,20,40,2.699993848800659,0.0
1779527355.823358,0.0,-0.1989675347273536,0.0,0.0,-1.3505523973765645,0.0,-0.35639999999999994,0.5544000000000001,-0.0792,0.0,-0.29067484429486234,0.0,0.0,-0.2111848394913139,0.0,0.0020777729190408684,-1.2383526597483576,0.0,sine,1,0.3,1.0,20,40,2.7102136611938477,0.0
1779527355.8335094,0.0,-0.2111848394913139,0.0,0.0020777729190408684,-1.2383526597483576,0.0,-0.3168,0.5544000000000001,-0.1584,0.0,-0.29468963740527987,0.0,0.0,-0.22165681500327988,0.0,0.0,-1.1448528783915184,0.0,sine,1,0.3,1.0,20,40,2.7200098037719727,0.0
1779527355.8433568,0.0,-0.22165681500327988,0.0,0.0,-1.1448528783915184,0.0,-0.35639999999999994,0.6732,-0.2376,0.0,-0.2976723384956278,0.0,0.0,-0.23212879051524585,0.0,-0.004155545838081737,-1.0700530533060473,0.0,sine,1,0.3,1.0,20,40,2.730161190032959,0.0
1779527355.8533456,0.0,-0.23212879051524585,0.0,-0.004155545838081737,-1.0700530533060473,0.0,0.27720000000000006,0.198,-0.1188,0.0,-0.2994090350900723,0.0,0.0,-0.24260076602721178,0.0,-0.0020777729190408684,-1.026419822006189,0.0,sine,1,0.3,1.0,20,40,2.740008592605591,0.0
1779527355.8633602,0.0,-0.24260076602721178,0.0,-0.0020777729190408684,-1.026419822006189,0.0,0.0396,0.5544000000000001,-0.1584,0.0,-0.2999999999592698,0.0,0.0,-0.25132741228718347,0.0,0.0,-0.916297857297023,0.0,sine,1,0.3,1.0,20,40,2.74999737739563,0.0
1779527355.873315,0.0,-0.25132741228718347,0.0,0.0,-0.916297857297023,0.0,0.1584,1.6236000000000002,-0.198,0.0,-0.2994066078892446,0.0,0.0,-0.26005405854715513,0.0,0.0,-0.8456535780496335,0.0,sine,1,0.3,1.0,20,40,2.760011911392212,0.0
1779527355.8833694,0.0,-0.26005405854715513,0.0,0.0,-0.8456535780496335,0.0,-0.1584,0.27720000000000006,-0.1188,0.0,-0.29764223772840004,0.0,0.0,-0.2670353755551324,0.0,0.0,-0.727220521664304,0.0,sine,1,0.3,1.0,20,40,2.7699668407440186,0.0
1779527355.8934479,0.0,-0.2670353755551324,0.0,0.0,-0.727220521664304,0.0,-0.2376,0.5544000000000001,0.1584,0.0,-0.29467868795575075,0.0,0.0,-0.27227136331111546,0.0,0.0,-0.6233318757122606,0.0,sine,1,0.3,1.0,20,40,2.7800211906433105,0.0
1779527355.9033415,0.0,-0.27227136331111546,0.0,0.0,-0.6233318757122606,0.0,-0.2376,0.5940000000000001,-0.1584,0.0,-0.2905281922276472,0.0,0.0,-0.2775073510670984,0.0,0.0,-0.49035440889364496,0.0,sine,1,0.3,1.0,20,40,2.790099620819092,0.0
1779527355.9134839,0.0,-0.2775073510670984,0.0,0.0,-0.49035440889364496,0.0,-0.1188,1.584,0.1584,0.0,-0.2853208709045451,0.0,0.0,-0.28099800957108706,0.0,0.0,-0.3739991254273563,0.0,sine,1,0.3,1.0,20,40,2.7999932765960693,0.0
1779527355.9233718,0.0,-0.28099800957108706,0.0,0.0,-0.3739991254273563,0.0,-0.1188,0.4356,0.0,0.0,-0.2788387498588008,0.0,0.0,-0.28274333882308134,0.0,-0.0020777729190408684,-0.25972161488010853,0.0,sine,1,0.3,1.0,20,40,2.81013560295105,0.0
1779527355.9333534,0.0,-0.28274333882308134,0.0,-0.0020777729190408684,-0.25972161488010853,0.0,0.0792,0.6336,0.1188,0.0,-0.27142922281758647,0.0,0.0,-0.2844886680750757,0.0,0.0,-0.15375519600902426,0.0,sine,1,0.3,1.0,20,40,2.820023536682129,0.0
1779527355.9434683,0.0,-0.2844886680750757,0.0,0.0,-0.15375519600902426,0.0,-0.0396,0.396,0.0792,0.0,-0.26288731006423405,0.0,0.0,-0.28623399732707006,0.0,0.0020777729190408684,-0.07272205216643039,0.0020777729190408684,sine,1,0.3,1.0,20,40,2.830005168914795,0.0
1779527355.9535027,0.0,-0.28623399732707006,0.0,0.0020777729190408684,-0.07272205216643039,0.0020777729190408684,-0.1584,0.99,0.1188,0.0,-0.25317702649993407,0.0,0.0,-0.2844886680750757,0.0,0.0,0.05817764173314431,0.0,sine,1,0.3,1.0,20,40,2.8401200771331787,0.0
1779527355.963527,0.0,-0.2844886680750757,0.0,0.0,0.05817764173314431,0.0,-0.1584,0.198,0.0,0.0,-0.24253391693098564,0.0,0.0,-0.28274333882308134,0.0,0.0,0.12882192098053383,0.0,sine,1,0.3,1.0,20,40,2.850154399871826,0.0
1779527355.973345,0.0,-0.28274333882308134,0.0,0.0,0.12882192098053383,0.0,-0.1188,0.5148,0.0,0.0,-0.23093910541250542,0.0,0.0,-0.28099800957108706,0.0,0.0,0.236866112770659,0.0,sine,1,0.3,1.0,20,40,2.8601787090301514,0.0
1779527355.9834454,0.0,-0.28099800957108706,0.0,0.0,0.236866112770659,0.0,-0.0792,-0.1188,-0.0792,0.0,-0.21869473518578839,0.0,0.0,-0.2775073510670984,0.0,-0.0020777729190408684,0.3282881212084572,0.0,sine,1,0.3,1.0,20,40,2.8699967861175537,0.0
1779527355.9933543,0.0,-0.2775073510670984,0.0,-0.0020777729190408684,0.3282881212084572,0.0,-0.0396,-0.9504,-0.1188,0.0,-0.20523060118423211,0.0,0.0,-0.27227136331111546,0.0,0.0,0.45503226926995016,0.0,sine,1,0.3,1.0,20,40,2.8800971508026123,0.0
1779527356.003346,0.0,-0.27227136331111546,0.0,0.0,0.45503226926995016,0.0,-0.1188,-0.396,-0.1584,0.0,-0.19121838754593362,0.0,0.0,-0.26529004630313807,0.0,0.0020777729190408684,0.6648873340930779,0.0,sine,1,0.3,1.0,20,40,2.8900060653686523,0.0
1779527356.0133512,0.0,-0.26529004630313807,0.0,0.0020777729190408684,0.6648873340930779,0.0,-0.1188,-0.6732,-0.0792,0.0,-0.17633906602848787,0.0,0.0,-0.25656340004316647,0.0,0.0020777729190408684,0.8040981196688161,0.0020777729190408684,sine,1,0.3,1.0,20,40,2.8999977111816406,0.0
1779527356.0234642,0.0,-0.25656340004316647,0.0,0.0020777729190408684,0.8040981196688161,0.0020777729190408684,-0.1584,0.3168,0.0,0.0,-0.1607433484877438,0.0,0.0,-0.2478367537831948,0.0,0.0020777729190408684,0.9121423114589412,0.0,sine,1,0.3,1.0,20,40,2.9100029468536377,0.0
1779527356.0334873,0.0,-0.2478367537831948,0.0,0.0020777729190408684,0.9121423114589412,0.0,-0.0396,-0.6336,0.0,0.0,-0.14433454154028946,0.0,0.0,-0.23911010752322315,0.0,0.0,0.8872090364304508,0.0,sine,1,0.3,1.0,20,40,2.9201159477233887,0.0
1779527356.0434995,0.0,-0.23911010752322315,0.0,0.0,0.8872090364304508,0.0,-0.1188,-1.1880000000000002,0.0,0.0,-0.12749655556293596,0.0,0.0,-0.22863813201125718,0.0,0.0,0.9370755864874316,0.0,sine,1,0.3,1.0,20,40,2.9301390647888184,0.0
1779527356.0533469,0.0,-0.22863813201125718,0.0,0.0,0.9370755864874316,0.0,-0.2376,-0.4356,0.0396,0.0,-0.11017229919901063,0.0,0.0,-0.2181661564992912,0.0,0.0,1.1614750617438454,0.0020777729190408684,sine,1,0.3,1.0,20,40,2.9401512145996094,0.0
1779527356.0634754,0.0,-0.2181661564992912,0.0,0.0,1.1614750617438454,0.0020777729190408684,0.1188,-0.5940000000000001,0.0396,0.0,-0.09270757730333834,0.0,0.0,-0.2059488517353309,0.0,0.0,1.1490084242296001,0.0,sine,1,0.3,1.0,20,40,2.949998617172241,0.0
1779527356.073461,0.0,-0.2059488517353309,0.0,0.0,1.1490084242296001,0.0,0.0792,0.1584,-0.2376,0.0,-0.07437486345942596,0.0,0.0,-0.1937315469713706,0.0,0.0,1.213419384719867,0.0,sine,1,0.3,1.0,20,40,2.960127115249634,0.0
1779527356.0834754,0.0,-0.1937315469713706,0.0,0.0,1.213419384719867,0.0,-0.198,0.0,-0.0792,0.0,-0.056005522313754406,0.0,0.0,-0.17976891295541597,0.0,0.004155545838081737,1.4232744495429948,0.0020777729190408684,sine,1,0.3,1.0,20,40,2.9701128005981445,0.0
1779527356.0933475,0.0,-0.17976891295541597,0.0,0.004155545838081737,1.4232744495429948,0.0020777729190408684,-0.1584,-0.8712,-0.1584,0.0,-0.03736227654371994,0.0,0.0,-0.16231562043547265,0.0,0.0,1.5437852788473652,0.0,sine,1,0.3,1.0,20,40,2.9801270961761475,0.0
1779527356.10348,0.0,-0.16231562043547265,0.0,0.0,1.5437852788473652,0.0,-0.1584,-1.1880000000000002,-0.0396,0.0,-0.018838483482631316,0.0,0.0,-0.1466076571675237,0.0,0.0,1.5978073747424277,0.0020777729190408684,sine,1,0.3,1.0,20,40,2.989999294281006,0.0
1779527356.1133454,0.0,-0.1466076571675237,0.0,0.0,1.5978073747424277,0.0020777729190408684,0.0396,-0.4356,0.0396,0.0,0.00024852283554900823,0.0,0.0,-0.13264502315156904,0.0,-0.0020777729190408684,1.5043075933855887,0.0,sine,1,0.3,1.0,20,40,3.000131845474243,0.0
1779527356.1235044,0.0,-0.13264502315156904,0.0,-0.0020777729190408684,1.5043075933855887,0.0,0.35639999999999994,0.396,0.0,0.0,0.018831755655316466,0.0,0.0,-0.13264502315156904,0.0,-0.0020777729190408684,1.5043075933855887,0.0,sine,1,0.3,1.0,20,40,3.0099971294403076,0.0
1779527356.1333961,0.0,-0.13264502315156904,0.0,-0.0020777729190408684,1.5043075933855887,0.0,0.35639999999999994,0.396,0.0,0.0,0.03789195764544351,0.0,0.0,-0.13264502315156904,0.0,-0.0020777729190408684,1.5043075933855887,0.0,sine,1,0.3,1.0,20,40,3.020156145095825,0.0
1779527356.143498,0.0,-0.13264502315156904,0.0,-0.0020777729190408684,1.5043075933855887,0.0,0.35639999999999994,0.396,0.0,0.0,0.0563030699385279,0.0,0.0,-0.08028514559173917,0.0,0.0,1.639362833123245,0.0,sine,1,0.3,1.0,20,40,3.03004789352417,0.0
1779527356.1535025,0.0,-0.08028514559173917,0.0,0.0,1.639362833123245,0.0,-0.0792,-0.1188,0.1584,0.0,0.07488022523420348,0.0,0.0,-0.06457718232379019,0.0,0.0,1.6061184664185912,0.0,sine,1,0.3,1.0,20,40,3.040149688720703,0.0
1779527356.1634831,0.0,-0.06457718232379019,0.0,0.0,1.6061184664185912,0.0,-0.198,-1.0692,0.0792,0.0,0.0929815053644787,0.0,0.0,-0.047123889803846894,0.0,0.0,1.7744180728609016,0.0,sine,1,0.3,1.0,20,40,3.050154209136963,0.0
1779527356.173383,0.0,-0.047123889803846894,0.0,0.0,1.7744180728609016,0.0,0.0396,-0.4356,-0.396,0.0,0.11067372858706082,0.0,0.0,-0.029670597283903605,0.0,0.0020777729190408684,1.7183182040467981,0.0,sine,1,0.3,1.0,20,40,3.0601348876953125,0.0
1779527356.183416,0.0,-0.029670597283903605,0.0,0.0020777729190408684,1.7183182040467981,0.0,-0.3168,-0.7524000000000001,-0.0792,0.0,0.12779303955601404,0.0,0.0,-0.010471975511965978,0.0,0.0,1.8699956271367815,0.0,sine,1,0.3,1.0,20,40,3.0700347423553467,0.0
1779527356.1935012,0.0,-0.010471975511965978,0.0,0.0,1.8699956271367815,0.0,-0.2376,-1.7424,0.0,0.0,0.14463780792479894,0.0,0.0,0.003490658503988659,0.0,0.0,1.7411737061562478,0.0,sine,1,0.3,1.0,20,40,3.0800676345825195,0.0
1779527356.2034602,0.0,0.003490658503988659,0.0,0.0,1.7411737061562478,0.0,-0.198,0.4356,-0.0396,0.0,0.160991433271974,0.0,0.0,0.020943951023931956,0.0,0.0,1.7079293394515938,0.0,sine,1,0.3,1.0,20,40,3.0901529788970947,0.0
1779527356.2135074,0.0,0.020943951023931956,0.0,0.0,1.7079293394515938,0.0,0.0,-2.8908,0.0,0.0,0.17650626876837042,0.0,0.0,0.038397243543875255,0.0,0.0,1.6767627456659808,0.0,sine,1,0.3,1.0,20,40,3.100111961364746,0.0
1779527356.2233756,0.0,0.038397243543875255,0.0,0.0,1.6767627456659808,0.0,-0.35639999999999994,-0.5148,-0.1584,0.0,0.19145826070694946,0.0,0.0,0.05585053606381855,0.0,0.0,1.8388290333511685,0.0020777729190408684,sine,1,0.3,1.0,20,40,3.110159158706665,0.0
1779527356.2334642,0.0,0.05585053606381855,0.0,0.0,1.8388290333511685,0.0020777729190408684,0.0792,-1.1880000000000002,-0.1188,0.0,0.20540164604083508,0.0,0.0,0.07330382858376185,0.0,0.0,1.7328626144800843,-0.0020777729190408684,sine,1,0.3,1.0,20,40,3.1200273036956787,0.0
1779527356.2435014,0.0,0.07330382858376185,0.0,0.0,1.7328626144800843,-0.0020777729190408684,-0.198,-1.4255999999999998,0.0792,0.0,0.21884019145256478,0.0,0.0,0.09075712110370514,0.0,-0.0020777729190408684,1.6829960644231035,0.0,sine,1,0.3,1.0,20,40,3.1301159858703613,0.0
1779527356.2533464,0.0,0.09075712110370514,0.0,-0.0020777729190408684,1.6829960644231035,0.0,-0.1188,-0.6336,-0.1584,0.0,0.23133790150720449,0.0,0.0,0.09075712110370514,0.0,-0.0020777729190408684,1.6829960644231035,0.0,sine,1,0.3,1.0,20,40,3.140153169631958,0.0
1779527356.2633533,0.0,0.09075712110370514,0.0,-0.0020777729190408684,1.6829960644231035,0.0,-0.1188,-0.6336,-0.1584,0.0,0.24270309071381682,0.0,0.0,0.1239183768915974,0.0,0.0,1.6227406497709183,-0.0020777729190408684,sine,1,0.3,1.0,20,40,3.149998188018799,0.0
1779527356.273452,0.0,0.1239183768915974,0.0,0.0,1.6227406497709183,-0.0020777729190408684,0.0,-1.5048000000000001,0.0792,0.0,0.25330352111745763,0.0,0.0,0.13962634015954636,0.0,0.0,1.5687185538758557,0.0,sine,1,0.3,1.0,20,40,3.1600050926208496,0.0
1779527356.283448,0.0,0.13962634015954636,0.0,0.0,1.5687185538758557,0.0,-0.0396,-0.0396,-0.0792,0.0,0.2629861967001871,0.0,0.0,0.15533430342749532,0.0,0.0020777729190408684,1.6185851039328365,0.0020777729190408684,sine,1,0.3,1.0,20,40,3.1701037883758545,0.0
1779527356.293453,0.0,0.15533430342749532,0.0,0.0020777729190408684,1.6185851039328365,0.0020777729190408684,0.0,-1.0692,-0.0792,0.0,0.27152809982438203,0.0,0.0,0.1710422666954443,0.0,0.004155545838081737,1.5894962830662642,0.0,sine,1,0.3,1.0,20,40,3.1800997257232666,0.0
1779527356.3033667,0.0,0.1710422666954443,0.0,0.004155545838081737,1.5894962830662642,0.0,-0.1584,-2.3760000000000003,0.0792,0.0,0.27900555248794284,0.0,0.0,0.1867502299633933,0.0,0.0020777729190408684,1.5043075933855887,0.0,sine,1,0.3,1.0,20,40,3.1901047229766846,0.0
1779527356.3134434,0.0,0.1867502299633933,0.0,0.0020777729190408684,1.5043075933855887,0.0,-0.0396,-1.3464,0.2376,0.0,0.2853276741184682,0.0,0.0,0.1989675347273536,0.0,0.0,1.3360079869432784,0.0,sine,1,0.3,1.0,20,40,3.2000184059143066,0.0
1779527356.3234715,0.0,0.1989675347273536,0.0,0.0,1.3360079869432784,0.0,0.1584,-1.1483999999999999,-0.0396,0.0,0.29061950784062673,0.0,0.0,0.2111848394913139,0.0,0.0,1.3027636202386246,0.0,sine,1,0.3,1.0,20,40,3.210095167160034,0.0
1779527356.333375,0.0,0.2111848394913139,0.0,0.0,1.3027636202386246,0.0,0.1188,-1.5444,-0.0792,0.0,0.29472963385337064,0.0,0.0,0.2234021442552742,0.0,-0.004155545838081737,1.1780972450961724,0.0,sine,1,0.3,1.0,20,40,3.220123291015625,0.0
1779527356.3433561,0.0,0.2234021442552742,0.0,-0.004155545838081737,1.1780972450961724,0.0,-0.0792,-1.4652,0.0,0.0,0.2976407191961794,0.0,0.0,0.23387411976724018,0.0,-0.0020777729190408684,1.1344640137963142,0.0,sine,1,0.3,1.0,20,40,3.2300267219543457,0.0
1779527356.3534007,0.0,0.23387411976724018,0.0,-0.0020777729190408684,1.1344640137963142,0.0,0.0792,-2.3364,0.0396,0.0,0.2994089505039273,0.0,0.0,0.24434609527920614,0.0,0.0,0.9994087740586577,0.0,sine,1,0.3,1.0,20,40,3.2400078773498535,0.0
1779527356.3635156,0.0,0.24434609527920614,0.0,0.0,0.9994087740586577,0.0,0.0,-1.3860000000000001,0.0,0.0,0.2999999837079196,0.0,0.0,0.2530727415391778,0.0,0.0020777729190408684,0.9017534468637369,0.0,sine,1,0.3,1.0,20,40,3.2500524520874023,0.0
1779527356.37347,0.0,0.2530727415391778,0.0,0.0020777729190408684,0.9017534468637369,0.0,-0.0396,-0.1584,-0.0792,0.0,0.2993880446732317,0.0,0.0,0.2617993877991494,0.0,0.0,0.8144869842640204,0.0,sine,1,0.3,1.0,20,40,3.260167360305786,0.0
1779527356.3833861,0.0,0.2617993877991494,0.0,0.0,0.8144869842640204,0.0,0.0,-1.2672,-0.1188,0.0,0.29760554523678917,0.0,0.0,0.2617993877991494,0.0,0.0,0.8144869842640204,0.0,sine,1,0.3,1.0,20,40,3.2701218128204346,0.0
1779527356.3933651,0.0,0.2617993877991494,0.0,0.0,0.8144869842640204,0.0,0.0,-1.2672,-0.1188,0.0,0.2946727874692907,0.0,0.0,0.27401669256310973,0.0,0.0,0.6108652381980153,0.0,sine,1,0.3,1.0,20,40,3.2800378799438477,0.0
1779527356.4034925,0.0,0.27401669256310973,0.0,0.0,0.6108652381980153,0.0,-0.0396,-1.3068,-0.1584,0.0,0.29056702938795587,0.0,0.0,0.2792526803190927,0.0,0.0,0.5028210464078902,0.0,sine,1,0.3,1.0,20,40,3.2900168895721436,0.0
1779527356.4134676,0.0,0.2792526803190927,0.0,0.0,0.5028210464078902,0.0,-0.0396,-0.1584,-0.198,0.0,0.2852328462935648,0.0,0.0,0.28274333882308134,0.0,0.0,0.39062130877968326,0.0,sine,1,0.3,1.0,20,40,3.3001441955566406,0.0
1779527356.4233701,0.0,0.28274333882308134,0.0,0.0,0.39062130877968326,0.0,0.0,-1.1088000000000002,0.2376,0.0,0.27885002241998735,0.0,0.0,0.2844886680750757,0.0,0.0,0.2950437545038033,0.0,sine,1,0.3,1.0,20,40,3.310119390487671,0.0
1779527356.4333453,0.0,0.2844886680750757,0.0,0.0,0.2950437545038033,0.0,-0.0792,-1.4652,-0.1188,0.0,0.2714305626652305,0.0,0.0,0.28623399732707006,0.0,0.0,0.17868847103751467,0.0,sine,1,0.3,1.0,20,40,3.320021867752075,0.0
1779527356.4434772,0.0,0.28623399732707006,0.0,0.0,0.17868847103751467,0.0,-0.1584,-0.4752,-0.1584,0.0,0.26289467129969013,0.0,0.0,0.28623399732707006,0.0,0.0,0.031166593785613025,0.0,sine,1,0.3,1.0,20,40,3.3299970626831055,0.0
1779527356.4534614,0.0,0.28623399732707006,0.0,0.0,0.031166593785613025,0.0,-0.1584,1.0692,-0.35639999999999994,0.0,0.25316810573318843,0.0,0.0,0.2844886680750757,0.0,0.0,-0.0851886896806756,0.0,sine,1,0.3,1.0,20,40,3.3401288986206055,0.0
1779527356.4634027,0.0,0.2844886680750757,0.0,0.0,-0.0851886896806756,0.0,-0.27720000000000006,2.2176000000000005,-0.27720000000000006,0.0,0.24257966871161102,0.0,0.0,0.28274333882308134,0.0,0.0,-0.22024392941833204,-0.0020777729190408684,sine,1,0.3,1.0,20,40,3.3501131534576416,0.0
1779527356.473353,0.0,0.28274333882308134,0.0,0.0,-0.22024392941833204,-0.0020777729190408684,-0.2376,2.2176000000000005,-0.3168,0.0,0.2310884851377193,0.0,0.0,0.2792526803190927,0.0,-0.0020777729190408684,-0.34283253164174327,0.0,sine,1,0.3,1.0,20,40,3.3600544929504395,0.0
1779527356.4833572,0.0,0.2792526803190927,0.0,-0.0020777729190408684,-0.34283253164174327,0.0,-0.198,0.9504,-0.27720000000000006,0.0,0.21868458297586713,0.0,0.0,0.27576202181510406,0.0,0.0,-0.36984357958927455,0.0,sine,1,0.3,1.0,20,40,3.370004653930664,0.0
1779527356.4934835,0.0,0.27576202181510406,0.0,0.0,-0.36984357958927455,0.0,-0.27720000000000006,1.1880000000000002,0.3168,0.0,0.2053518528326663,0.0,0.0,0.27052603405912107,0.0,0.0020777729190408684,-0.44256563175570496,0.0,sine,1,0.3,1.0,20,40,3.3800089359283447,0.0
1779527356.503684,0.0,0.27052603405912107,0.0,0.0020777729190408684,-0.44256563175570496,0.0,-0.3168,2.1384,-0.4356,0.0,0.1910306374897855,0.0,0.0,0.26529004630313807,0.0,0.0,-0.5422987318696666,0.0,sine,1,0.3,1.0,20,40,3.3901352882385254,0.0
1779527356.5133839,0.0,0.26529004630313807,0.0,0.0,-0.5422987318696666,0.0,-0.7127999999999999,0.4752,-0.35639999999999994,0.0,0.17582311885312368,0.0,0.0,0.25656340004316647,0.0,0.0,-0.7770870717212848,-0.004155545838081737,sine,1,0.3,1.0,20,40,3.4003357887268066,0.0
1779527356.5234792,0.0,0.25656340004316647,0.0,0.0,-0.7770870717212848,-0.004155545838081737,-0.3168,1.2672,-0.0396,0.0,0.16069136010365168,0.0,0.0,0.24958208303518914,0.0,-0.0020777729190408684,-0.7812426175593665,0.0,sine,1,0.3,1.0,20,40,3.4100356101989746,0.0
1779527356.533349,0.0,0.24958208303518914,0.0,-0.0020777729190408684,-0.7812426175593665,0.0,-0.35639999999999994,1.3860000000000001,-0.2376,0.0,0.14430972033167722,0.0,0.0,0.24085543677521748,0.0,-0.0020777729190408684,-0.8601979884829195,0.0,sine,1,0.3,1.0,20,40,3.420130968093872,0.0
1779527356.5435007,0.0,0.24085543677521748,0.0,-0.0020777729190408684,-0.8601979884829195,0.0,0.5544000000000001,0.27720000000000006,0.2376,0.0,0.12773245369891975,0.0,0.0,0.22863813201125718,0.0,-0.0020777729190408684,-1.07628637206317,-0.004155545838081737,sine,1,0.3,1.0,20,40,3.4300007820129395,0.0
1779527356.5533454,0.0,0.22863813201125718,0.0,-0.0020777729190408684,-1.07628637206317,-0.004155545838081737,0.198,0.396,0.0,0.0,0.11017020916396915,0.0,0.0,0.2181661564992912,0.0,0.0,-1.057586415791802,0.0,sine,1,0.3,1.0,20,40,3.440152406692505,0.0
1779527356.5633464,0.0,0.2181661564992912,0.0,0.0,-1.057586415791802,0.0,-0.4752,1.4652,-0.198,0.0,0.09271014176927166,0.0,0.0,0.2076941809873252,0.0,0.0020777729190408684,-1.119919603363028,-0.0020777729190408684,sine,1,0.3,1.0,20,40,3.4499971866607666,0.0
1779527356.5734768,0.0,0.2076941809873252,0.0,0.0020777729190408684,-1.119919603363028,-0.0020777729190408684,-0.6336,1.0692,-0.0792,0.0,0.07461037881353326,0.0,0.0,0.1937315469713706,0.0,0.0,-1.342241305700401,-0.006233318757122605,sine,1,0.3,1.0,20,40,3.45999813079834,0.0
1779527356.5834546,0.0,0.1937315469713706,0.0,0.0,-1.342241305700401,-0.006233318757122605,-0.2376,0.4752,-0.1188,0.0,0.05597638252868125,0.0,0.0,0.17976891295541597,0.0,0.0020777729190408684,-1.3297746681861558,0.0020777729190408684,sine,1,0.3,1.0,20,40,3.4701285362243652,0.0
1779527356.5933895,0.0,0.17976891295541597,0.0,0.0020777729190408684,-1.3297746681861558,0.0020777729190408684,-0.6336,0.1188,0.198,0.0,0.03740107035733271,0.0,0.0,0.1658062789394613,0.0,0.0,-1.3817189911621774,0.0,sine,1,0.3,1.0,20,40,3.4801063537597656,0.0
1779527356.6033456,0.0,0.1658062789394613,0.0,0.0,-1.3817189911621774,0.0,-0.4356,-0.35639999999999994,-0.198,0.0,0.01875954304409483,0.0,0.0,0.1518436449235067,0.0,0.0020777729190408684,-1.4128855849477906,0.0,sine,1,0.3,1.0,20,40,3.4900412559509277,0.0
1779527356.6135008,0.0,0.1518436449235067,0.0,0.0020777729190408684,-1.4128855849477906,0.0,-0.8712,0.6732,-0.1188,0.0,4.94349277356824e-06,0.0,0.0,0.13613568165555773,0.0,0.0,-1.6497516977184494,-0.004155545838081737,sine,1,0.3,1.0,20,40,3.49999737739563,0.0
1779527356.623472,0.0,0.13613568165555773,0.0,0.0,-1.6497516977184494,-0.004155545838081737,-0.4752,0.5148,-0.0792,0.0,-0.019124183060289887,0.0,0.0,0.11868238913561442,0.0,0.0,-1.7287070686420025,-0.0020777729190408684,sine,1,0.3,1.0,20,40,3.510152578353882,0.0
1779527356.6333525,0.0,0.11868238913561442,0.0,0.0,-1.7287070686420025,-0.0020777729190408684,-0.5940000000000001,1.2276,0.0396,0.0,-0.037831326802970085,0.0,0.0,0.0994837673636768,0.0,0.0,-1.8097402124845963,0.0020777729190408684,sine,1,0.3,1.0,20,40,3.5201237201690674,0.0
1779527356.643343,0.0,0.0994837673636768,0.0,0.0,-1.8097402124845963,0.0020777729190408684,-0.3168,0.6732,0.0,0.0,-0.05622228744892148,0.0,0.0,0.08203047484373349,0.0,-0.0020777729190408684,-1.8637623083796588,0.0,sine,1,0.3,1.0,20,40,3.5300042629241943,0.0
1779527356.6533427,0.0,0.08203047484373349,0.0,-0.0020777729190408684,-1.8637623083796588,0.0,0.1188,0.9107999999999999,0.198,0.0,-0.07459732009432397,0.0,0.0,0.06457718232379019,0.0,0.0,-1.7058515665325529,0.0,sine,1,0.3,1.0,20,40,3.539994716644287,0.0
1779527356.6633408,0.0,0.06457718232379019,0.0,0.0,-1.7058515665325529,0.0,0.7127999999999999,0.4752,-0.0396,0.0,-0.09269518227908453,0.0,0.0,0.04537856055185257,0.0,0.0020777729190408684,-1.8367512604321277,-0.0020777729190408684,sine,1,0.3,1.0,20,40,3.549994468688965,0.0
1779527356.673363,0.0,0.04537856055185257,0.0,0.0020777729190408684,-1.8367512604321277,-0.0020777729190408684,-0.35639999999999994,0.5148,-0.0396,0.0,-0.11042431206939192,0.0,0.0,0.027925268031909273,0.0,0.0,-1.8512956708654138,0.0,sine,1,0.3,1.0,20,40,3.559992551803589,0.0
1779527356.6833787,0.0,0.027925268031909273,0.0,0.0,-1.8512956708654138,0.0,-0.2376,1.2276,0.0792,0.0,-0.12775888455351864,0.0,0.0,0.010471975511965978,0.0,0.0,-1.739095933237207,0.004155545838081737,sine,1,0.3,1.0,20,40,3.570014715194702,0.0
1779527356.6934867,0.0,0.010471975511965978,0.0,0.0,-1.739095933237207,0.004155545838081737,-0.4752,1.1880000000000002,0.396,0.0,-0.14457638247472457,0.0,0.0,-0.005235987755982989,0.0,0.0,-1.7016960206944711,0.0,sine,1,0.3,1.0,20,40,3.5800304412841797,0.0
1779527356.703349,0.0,-0.005235987755982989,0.0,0.0,-1.7016960206944711,0.0,-0.35639999999999994,-0.198,-0.1584,0.0,-0.16096830039609644,0.0,0.0,-0.020943951023931956,0.0,0.0,-1.6871516102611852,-0.0020777729190408684,sine,1,0.3,1.0,20,40,3.5901384353637695,0.0
1779527356.7133815,0.0,-0.020943951023931956,0.0,0.0,-1.6871516102611852,-0.0020777729190408684,-0.6732,1.0296,0.0396,0.0,-0.17633688456979543,0.0,0.0,-0.04014257279586959,0.0,0.0,-1.830517941675005,-0.004155545838081737,sine,1,0.3,1.0,20,40,3.6000008583068848,0.0
1779527356.723347,0.0,-0.04014257279586959,0.0,0.0,-1.830517941675005,-0.004155545838081737,-0.1188,0.4752,0.0,0.0,-0.19127551890506925,0.0,0.0,-0.05585053606381855,0.0,0.0,-1.691307156099267,0.0,sine,1,0.3,1.0,20,40,3.6100332736968994,0.0
1779527356.733493,0.0,-0.05585053606381855,0.0,0.0,-1.691307156099267,0.0,-0.5148,0.8712,0.1188,0.0,-0.20536233649820848,0.0,0.0,-0.05585053606381855,0.0,0.0,-1.691307156099267,0.0,sine,1,0.3,1.0,20,40,3.6199986934661865,0.0
1779527356.7433453,0.0,-0.05585053606381855,0.0,0.0,-1.691307156099267,0.0,-0.5148,0.8712,0.1188,0.0,-0.2188773835495965,0.0,0.0,-0.08901179185171082,0.0,-0.0020777729190408684,-1.6497516977184494,0.0,sine,1,0.3,1.0,20,40,3.6301448345184326,0.0
1779527356.7533665,0.0,-0.08901179185171082,0.0,-0.0020777729190408684,-1.6497516977184494,0.0,0.35639999999999994,1.5048000000000001,0.0792,0.0,-0.2311503748075353,0.0,0.0,-0.10646508437165411,0.0,0.0020777729190408684,-1.6289739685280409,-0.0020777729190408684,sine,1,0.3,1.0,20,40,3.6399970054626465,0.0
1779527356.763343,0.0,-0.10646508437165411,0.0,0.0020777729190408684,-1.6289739685280409,-0.0020777729190408684,-0.5940000000000001,0.2376,0.1584,0.0,-0.24272527821452455,0.0,0.0,-0.1239183768915974,0.0,0.0,-1.7141626582087164,-0.0020777729190408684,sine,1,0.3,1.0,20,40,3.6500182151794434,0.0
1779527356.7733393,0.0,-0.1239183768915974,0.0,0.0,-1.7141626582087164,-0.0020777729190408684,-0.1188,0.6732,-0.0396,0.0,-0.25329316649556327,0.0,0.0,-0.13962634015954636,0.0,0.0,-1.5666407809568148,-0.0020777729190408684,sine,1,0.3,1.0,20,40,3.6599948406219482,0.0
1779527356.7834587,0.0,-0.13962634015954636,0.0,0.0,-1.5666407809568148,-0.0020777729190408684,-0.5544000000000001,1.8215999999999999,0.0396,0.0,-0.262883845717453,0.0,0.0,-0.15358897417550102,0.0,0.0,-1.5230075496569566,0.0,sine,1,0.3,1.0,20,40,3.6699910163879395,0.0
1779527356.7939825,0.0,-0.15358897417550102,0.0,0.0,-1.5230075496569566,0.0,-0.5544000000000001,0.4752,0.1584,0.0,-0.2715366984360915,0.0,0.0,-0.16929693744344998,0.0,0.0,-1.5604074621996922,-0.0020777729190408684,sine,1,0.3,1.0,20,40,3.680110454559326,0.0
1779527356.803346,0.0,-0.16929693744344998,0.0,0.0,-1.5604074621996922,-0.0020777729190408684,-0.35639999999999994,-0.1188,-0.0396,0.0,-0.27937083524506623,0.0,0.0,-0.18500490071139894,0.0,-0.0020777729190408684,-1.5271630954950381,0.0,sine,1,0.3,1.0,20,40,3.690634250640869,0.0
1779527356.8134556,0.0,-0.18500490071139894,0.0,-0.0020777729190408684,-1.5271630954950381,0.0,0.198,0.5940000000000001,0.0,0.0,-0.2853155938843336,0.0,0.0,-0.19722220547535924,0.0,-0.0020777729190408684,-1.3526301702956054,0.0,sine,1,0.3,1.0,20,40,3.699997663497925,0.0
1779527356.823515,0.0,-0.19722220547535924,0.0,-0.0020777729190408684,-1.3526301702956054,0.0,-0.2376,1.0692,0.0,0.0,-0.29062519364700556,0.0,0.0,-0.20943951023931953,0.0,0.0,-1.2528970701816435,0.0020777729190408684,sine,1,0.3,1.0,20,40,3.7101073265075684,0.0
1779527356.8333452,0.0,-0.20943951023931953,0.0,0.0,-1.2528970701816435,0.0020777729190408684,-0.27720000000000006,0.6336,-0.1584,0.0,-0.2947448870107732,0.0,0.0,-0.22165681500327988,0.0,0.0,-1.1614750617438454,0.0,sine,1,0.3,1.0,20,40,3.7201666831970215,0.0
1779527356.8433483,0.0,-0.22165681500327988,0.0,0.0,-1.1614750617438454,0.0,0.27720000000000006,0.5148,-0.1188,0.0,-0.2976336826091029,0.0,0.0,-0.23212879051524585,0.0,0.0,-1.0825196908202923,0.0020777729190408684,sine,1,0.3,1.0,20,40,3.729996919631958,0.0
1779527356.8534381,0.0,-0.23212879051524585,0.0,0.0,-1.0825196908202923,0.0020777729190408684,0.198,0.198,-0.0792,0.0,-0.29940801965722447,0.0,0.0,-0.24260076602721178,0.0,0.0,-0.9994087740586577,-0.004155545838081737,sine,1,0.3,1.0,20,40,3.740000009536743,0.0
1779527356.863502,0.0,-0.24260076602721178,0.0,0.0,-0.9994087740586577,-0.004155545838081737,-0.198,0.8316,0.0,0.0,-0.2999999521574989,0.0,0.0,-0.25132741228718347,0.0,0.0,-0.947464451082636,0.0,sine,1,0.3,1.0,20,40,3.7500898838043213,0.0
1779527356.8733947,0.0,-0.25132741228718347,0.0,0.0,-0.947464451082636,0.0,-0.198,1.584,0.0792,0.0,-0.29938967892428076,0.0,0.0,-0.26005405854715513,0.0,0.004155545838081737,-0.8498091238877151,0.0,sine,1,0.3,1.0,20,40,3.7601537704467773,0.0
1779527356.8833535,0.0,-0.26005405854715513,0.0,0.004155545838081737,-0.8498091238877151,0.0,-0.27720000000000006,0.396,0.2376,0.0,-0.2976234186788107,0.0,0.0,-0.2670353755551324,0.0,0.0,-0.7396871591785491,0.0,sine,1,0.3,1.0,20,40,3.7700464725494385,0.0
1779527356.893366,0.0,-0.2670353755551324,0.0,0.0,-0.7396871591785491,0.0,-0.27720000000000006,0.6336,-0.35639999999999994,0.0,-0.2946843325292532,0.0,0.0,-0.27227136331111546,0.0,0.0,-0.6274874215503422,-0.0020777729190408684,sine,1,0.3,1.0,20,40,3.7800052165985107,0.0
1779527356.9034622,0.0,-0.27227136331111546,0.0,0.0,-0.6274874215503422,-0.0020777729190408684,-0.198,0.7524000000000001,0.1188,0.0,-0.2905665821446388,0.0,0.0,-0.2775073510670984,0.0,0.0,-0.4986655005698084,0.0,sine,1,0.3,1.0,20,40,3.79001784324646,0.0
1779527356.9134898,0.0,-0.2775073510670984,0.0,0.0,-0.4986655005698084,0.0,-0.1584,1.6236000000000002,0.1584,0.0,-0.2852505274087264,0.0,0.0,-0.28099800957108706,0.0,0.0,-0.38023244418447893,-0.0020777729190408684,sine,1,0.3,1.0,20,40,3.8001139163970947,0.0
1779527356.9233599,0.0,-0.28099800957108706,0.0,0.0,-0.38023244418447893,-0.0020777729190408684,-0.2376,0.4356,0.0396,0.0,-0.2788346048074075,0.0,0.0,-0.2844886680750757,0.0,-0.0020777729190408684,-0.3033548461799668,0.0,sine,1,0.3,1.0,20,40,3.8101415634155273,0.0
1779527356.9334254,0.0,-0.2844886680750757,0.0,-0.0020777729190408684,-0.3033548461799668,0.0,-0.0396,0.5148,0.1584,0.0,-0.27143879250309766,0.0,0.0,-0.28623399732707006,0.0,0.0,-0.20154397314696423,0.0,sine,1,0.3,1.0,20,40,3.820011615753174,0.0
1779527356.9433067,0.0,-0.28623399732707006,0.0,0.0,-0.20154397314696423,0.0,-0.0396,1.0296,0.0,0.0,-0.26282189504371906,0.0,0.0,-0.28623399732707006,0.0,0.0,-0.08311091676163473,0.0,sine,1,0.3,1.0,20,40,3.8300771713256836,0.0
1779527356.9533913,0.0,-0.28623399732707006,0.0,0.0,-0.08311091676163473,0.0,-0.0792,1.584,0.0396,0.0,-0.25334035578357156,0.0,0.0,-0.28623399732707006,0.0,0.0,0.05609986881410345,0.0,sine,1,0.3,1.0,20,40,3.839958429336548,0.0
1779527356.964246,0.0,-0.28623399732707006,0.0,0.0,0.05609986881410345,0.0,-0.0396,-0.35639999999999994,0.27720000000000006,0.0,-0.2426573829204478,0.0,0.0,-0.2844886680750757,0.0,0.0020777729190408684,0.12674414806149298,0.0,sine,1,0.3,1.0,20,40,3.8500430583953857,0.0
1779527356.9733233,0.0,-0.2844886680750757,0.0,0.0020777729190408684,0.12674414806149298,0.0,-0.1188,0.27720000000000006,0.1584,0.0,-0.2300716045986207,0.0,0.0,-0.28099800957108706,0.0,0.004155545838081737,0.33244366704653894,0.0,sine,1,0.3,1.0,20,40,3.8608977794647217,0.0
1779527356.9833567,0.0,-0.28099800957108706,0.0,0.004155545838081737,0.33244366704653894,0.0,0.0,-0.198,0.35639999999999994,0.0,-0.2187227279047541,0.0,0.0,-0.2775073510670984,0.0,-0.0020777729190408684,0.35529916915598847,0.0,sine,1,0.3,1.0,20,40,3.8699750900268555,0.0
1779527356.9933655,0.0,-0.2775073510670984,0.0,-0.0020777729190408684,0.35529916915598847,0.0,-0.0396,-0.6336,0.1584,0.0,-0.20535250807558741,0.0,0.0,-0.27227136331111546,0.0,0.0,0.4612655880270728,0.0,sine,1,0.3,1.0,20,40,3.8800084590911865,0.0
1779527357.0033429,0.0,-0.27227136331111546,0.0,0.0,0.4612655880270728,0.0,0.0792,-0.5544000000000001,0.0396,0.0,-0.19120211162686312,0.0,0.0,-0.26529004630313807,0.0,0.0020777729190408684,0.5630764610600754,0.0,sine,1,0.3,1.0,20,40,3.89001727104187,0.0
1779527357.0133486,0.0,-0.26529004630313807,0.0,0.0020777729190408684,0.5630764610600754,0.0,-0.198,-0.5544000000000001,0.1188,0.0,-0.17634379247345058,0.0,0.0,-0.25830872929516074,0.0,0.0,0.7812426175593665,0.0020777729190408684,sine,1,0.3,1.0,20,40,3.8999946117401123,0.0
1779527357.0233634,0.0,-0.25830872929516074,0.0,0.0,0.7812426175593665,0.0020777729190408684,-0.1188,-0.2376,0.1584,0.0,-0.1607475224439618,0.0,0.0,-0.2478367537831948,0.0,0.0020777729190408684,0.9121423114589412,-0.0020777729190408684,sine,1,0.3,1.0,20,40,3.9100003242492676,0.0
1779527357.0333424,0.0,-0.2478367537831948,0.0,0.0020777729190408684,0.9121423114589412,-0.0020777729190408684,-0.1584,-0.6732,0.198,0.0,-0.14450116492248696,0.0,0.0,-0.23736477827122884,0.0,0.0,1.0222642761681073,0.0,sine,1,0.3,1.0,20,40,3.9200150966644287,0.0
1779527357.0433776,0.0,-0.23736477827122884,0.0,0.0,1.0222642761681073,0.0,-0.1188,-0.9107999999999999,0.2376,0.0,-0.12774383944631948,0.0,0.0,-0.22689280275926285,0.0,0.0,1.1157640575249463,0.0,sine,1,0.3,1.0,20,40,3.9299941062927246,0.0
1779527357.0533822,0.0,-0.22689280275926285,0.0,0.0,1.1157640575249463,0.0,-0.0396,-0.7524000000000001,0.396,0.0,-0.11038586816428227,0.0,0.0,-0.21467549799530256,0.0,-0.0020777729190408684,1.2113416118008262,0.0,sine,1,0.3,1.0,20,40,3.9400293827056885,0.0
1779527357.0633442,0.0,-0.21467549799530256,0.0,-0.0020777729190408684,1.2113416118008262,0.0,-0.1584,-1.1088000000000002,0.1584,0.0,-0.09264431810664307,0.0,0.0,-0.20245819323134226,0.0,-0.0020777729190408684,1.1573195159057637,0.0,sine,1,0.3,1.0,20,40,3.9500339031219482,0.0
1779527357.0733457,0.0,-0.20245819323134226,0.0,-0.0020777729190408684,1.1573195159057637,0.0,0.0,-1.7028,0.1188,0.0,-0.07461429639991235,0.0,0.0,-0.19024088846738194,0.0,0.0,1.186408336772336,0.0,sine,1,0.3,1.0,20,40,3.959995985031128,0.0
1779527357.083343,0.0,-0.19024088846738194,0.0,0.0,1.186408336772336,0.0,-0.1584,-1.4255999999999998,0.1188,0.0,-0.05621919732439559,0.0,0.0,-0.1762782544514273,0.0,0.0,1.4004189474335453,0.0,sine,1,0.3,1.0,20,40,3.9699974060058594,0.0
1779527357.0933852,0.0,-0.1762782544514273,0.0,0.0,1.4004189474335453,0.0,-0.0396,-2.6136,-0.198,0.0,-0.03760974340355451,0.0,0.0,-0.16231562043547265,0.0,0.0,1.5043075933855887,-0.0020777729190408684,sine,1,0.3,1.0,20,40,3.979994773864746,0.0
1779527357.1033509,0.0,-0.16231562043547265,0.0,0.0,1.5043075933855887,-0.0020777729190408684,-0.2376,-0.8316,0.2376,0.0,-0.018767616557992323,0.0,0.0,-0.14486232791552936,0.0,0.0020777729190408684,1.5707963267948966,0.0,sine,1,0.3,1.0,20,40,3.990036964416504,0.0
1779527357.11336,0.0,-0.14486232791552936,0.0,0.0020777729190408684,1.5707963267948966,0.0,0.0792,0.27720000000000006,0.0,0.0,4.943492773017148e-06,0.0,0.0,-0.1308996938995747,0.0,0.0020777729190408684,1.4731409995999756,0.0,sine,1,0.3,1.0,20,40,4.00000262260437,0.0
1779527357.123366,0.0,-0.1308996938995747,0.0,0.0020777729190408684,1.4731409995999756,0.0,-0.6336,0.27720000000000006,0.2376,0.0,0.018859115427067984,0.0,0.0,-0.11344640137963143,0.0,0.0,1.67468497274694,0.0020777729190408684,sine,1,0.3,1.0,20,40,4.010011672973633,0.0
1779527357.1333613,0.0,-0.11344640137963143,0.0,0.0,1.67468497274694,0.0020777729190408684,0.2376,-2.1780000000000004,-0.2376,0.0,0.037633374016803965,0.0,0.0,-0.09773843811168245,0.0,-0.004155545838081737,1.5728740997139374,0.0,sine,1,0.3,1.0,20,40,4.020017862319946,0.0
1779527357.1433651,0.0,-0.09773843811168245,0.0,-0.004155545838081737,1.5728740997139374,0.0,0.0,-1.1880000000000002,0.1584,0.0,0.056238620861566176,0.0,0.0,-0.08203047484373349,0.0,0.0,1.5894962830662642,-0.0020777729190408684,sine,1,0.3,1.0,20,40,4.030013084411621,0.0
1779527357.153429,0.0,-0.08203047484373349,0.0,0.0,1.5894962830662642,-0.0020777729190408684,0.0792,-0.3168,0.35639999999999994,0.0,0.07463780163334707,0.0,0.0,-0.06457718232379019,0.0,0.0,1.7474070249133704,0.0020777729190408684,sine,1,0.3,1.0,20,40,4.0400168895721436,0.0
1779527357.1635504,0.0,-0.06457718232379019,0.0,0.0,1.7474070249133704,0.0020777729190408684,0.198,-0.9107999999999999,-0.5940000000000001,0.0,0.09284989382965257,0.0,0.0,-0.048869219055841226,0.0,0.0,1.6705294269088582,0.0,sine,1,0.3,1.0,20,40,4.0500807762146,0.0
1779527357.1734023,0.0,-0.048869219055841226,0.0,0.0,1.6705294269088582,0.0,-0.27720000000000006,-1.2276,0.27720000000000006,0.0,0.11079151265506289,0.0,0.0,-0.029670597283903605,0.0,0.0020777729190408684,1.8409068062702094,0.0,sine,1,0.3,1.0,20,40,4.060202121734619,0.0
1779527357.183375,0.0,-0.029670597283903605,0.0,0.0020777729190408684,1.8409068062702094,0.0,0.1584,-0.9504,-0.396,0.0,0.12782597282059696,0.0,0.0,-0.012217304763960306,0.0,0.0,1.7349403873991252,0.0,sine,1,0.3,1.0,20,40,4.070054054260254,0.0
1779527357.1934266,0.0,-0.012217304763960306,0.0,0.0,1.7349403873991252,0.0,-0.2376,-1.3860000000000001,0.4356,0.0,0.14457008198207408,0.0,0.0,0.003490658503988659,0.0,0.0,1.7349403873991252,0.0,sine,1,0.3,1.0,20,40,4.080026626586914,0.0
1779527357.2034767,0.0,0.003490658503988659,0.0,0.0,1.7349403873991252,0.0,0.0,-0.0396,-0.6732,0.0,0.16087272082886586,0.0,0.0,0.019198621771937627,0.0,-0.0020777729190408684,1.6954627019373485,0.0,sine,1,0.3,1.0,20,40,4.090078353881836,0.0
1779527357.2133684,0.0,0.019198621771937627,0.0,-0.0020777729190408684,1.6954627019373485,0.0,-0.1188,-1.1483999999999999,-0.396,0.0,0.17653134195234896,0.0,0.0,0.038397243543875255,0.0,0.0,1.8388290333511685,0.0020777729190408684,sine,1,0.3,1.0,20,40,4.100128412246704,0.0
1779527357.2233572,0.0,0.038397243543875255,0.0,0.0,1.8388290333511685,0.0020777729190408684,0.0,-0.6732,-0.792,0.0,0.19125647641696633,0.0,0.0,0.05759586531581287,0.0,0.0,1.8866178104891085,0.0,sine,1,0.3,1.0,20,40,4.110020160675049,0.0
1779527357.2333658,0.0,0.05759586531581287,0.0,0.0,1.8866178104891085,0.0,0.0792,-0.8712,-0.1584,0.0,0.20537642318065535,0.0,0.0,0.07504915783575616,0.0,0.0020777729190408684,1.7474070249133704,0.0,sine,1,0.3,1.0,20,40,4.120008945465088,0.0
1779527357.2433863,0.0,0.07504915783575616,0.0,0.0020777729190408684,1.7474070249133704,0.0,-0.4356,-1.3068,-0.0396,0.0,0.21871319238001594,0.0,0.0,0.09250245035569947,0.0,0.0,1.8118179854036371,0.0,sine,1,0.3,1.0,20,40,4.130017518997192,0.0
1779527357.253355,0.0,0.09250245035569947,0.0,0.0,1.8118179854036371,0.0,0.198,-0.6732,-0.0396,0.0,0.23119964001399404,0.0,0.0,0.10821041362364843,0.0,-0.0020777729190408684,1.6476739247994086,0.0,sine,1,0.3,1.0,20,40,4.140038013458252,0.0
1779527357.263405,0.0,0.10821041362364843,0.0,-0.0020777729190408684,1.6476739247994086,0.0,-0.1188,-0.99,-0.1188,0.0,0.24271260011328688,0.0,0.0,0.12566370614359174,0.0,-0.004155545838081737,1.703773793613512,0.0020777729190408684,sine,1,0.3,1.0,20,40,4.1500067710876465,0.0
1779527357.273379,0.0,0.12566370614359174,0.0,-0.004155545838081737,1.703773793613512,0.0020777729190408684,-0.2376,-0.6336,-0.5148,0.0,0.253355759800803,0.0,0.0,0.14311699866353503,0.0,-0.0020777729190408684,1.6871516102611852,0.0,sine,1,0.3,1.0,20,40,4.160056829452515,0.0
1779527357.283533,0.0,0.14311699866353503,0.0,-0.0020777729190408684,1.6871516102611852,0.0,-0.198,-0.8712,0.198,0.0,0.26291999739841554,0.0,0.0,0.15707963267948966,0.0,0.0,1.5354741871712017,0.0,sine,1,0.3,1.0,20,40,4.170030832290649,0.0
1779527357.2933807,0.0,0.15707963267948966,0.0,0.0,1.5354741871712017,0.0,0.0,-2.7720000000000002,-0.198,0.0,0.27159628153910403,0.0,0.0,0.1710422666954443,0.0,0.004155545838081737,1.4419744058143626,0.0,sine,1,0.3,1.0,20,40,4.180184841156006,0.0
1779527357.303364,0.0,0.1710422666954443,0.0,0.004155545838081737,1.4419744058143626,0.0,-0.1584,-2.0988,-0.2376,0.0,0.2789554792681759,0.0,0.0,0.1867502299633933,0.0,0.0020777729190408684,1.437818859976281,0.0,sine,1,0.3,1.0,20,40,4.190032482147217,0.0
1779527357.3133912,0.0,0.1867502299633933,0.0,0.0020777729190408684,1.437818859976281,0.0,0.0,-1.1483999999999999,-0.27720000000000006,0.0,0.28532614700018444,0.0,0.0,0.1989675347273536,0.0,0.0,1.308996938995747,0.0,sine,1,0.3,1.0,20,40,4.2000157833099365,0.0
1779527357.3233547,0.0,0.1989675347273536,0.0,0.0,1.308996938995747,0.0,-0.1584,-0.99,-0.27720000000000006,0.0,0.29059507303795323,0.0,0.0,0.2111848394913139,0.0,0.0,1.2819858910482158,-0.0020777729190408684,sine,1,0.3,1.0,20,40,4.210042953491211,0.0
1779527357.3333988,0.0,0.2111848394913139,0.0,0.0,1.2819858910482158,-0.0020777729190408684,0.0396,-1.3068,-0.35639999999999994,0.0,0.29468845877076805,0.0,0.0,0.2234021442552742,0.0,-0.0020777729190408684,1.2279637951531532,0.0,sine,1,0.3,1.0,20,40,4.220006465911865,0.0
1779527357.3433661,0.0,0.2234021442552742,0.0,-0.0020777729190408684,1.2279637951531532,0.0,0.0,-1.2276,-0.1584,0.0,0.2976463409516172,0.0,0.0,0.23561944901923448,0.0,0.0,1.151086197148641,0.0,sine,1,0.3,1.0,20,40,4.230050563812256,0.0
1779527357.3533914,0.0,0.23561944901923448,0.0,0.0,1.151086197148641,0.0,0.0792,-2.1384,-0.4356,0.0,0.2994101341596698,0.0,0.0,0.24609142453120048,0.0,0.0,1.0430420053585159,0.0,sine,1,0.3,1.0,20,40,4.240017890930176,0.0
1779527357.3634033,0.0,0.24609142453120048,0.0,0.0,1.0430420053585159,0.0,0.0396,-2.2572,-0.3168,0.0,0.2999999889722139,0.0,0.0,0.25481807079117214,0.0,0.0,0.9038312197827777,-0.0020777729190408684,sine,1,0.3,1.0,20,40,4.250043153762817,0.0
1779527357.3734212,0.0,0.25481807079117214,0.0,0.0,0.9038312197827777,-0.0020777729190408684,0.0,-0.35639999999999994,-0.5544000000000001,0.0,0.299401483242918,0.0,0.0,0.2617993877991494,0.0,0.0,0.7978648009116934,0.0,sine,1,0.3,1.0,20,40,4.260055065155029,0.0
1779527357.3833678,0.0,0.2617993877991494,0.0,0.0,0.7978648009116934,0.0,0.0,-1.0692,-0.35639999999999994,0.0,0.2976171479482426,0.0,0.0,0.2687807048071268,0.0,0.0,0.6960539278786909,0.0,sine,1,0.3,1.0,20,40,4.270072937011719,0.0
1779527357.3933816,0.0,0.2687807048071268,0.0,0.0,0.6960539278786909,0.0,0.0,-0.8712,-0.5148,0.0,0.2946792778261816,0.0,0.0,0.27401669256310973,0.0,0.0,0.5921652819266475,-0.0020777729190408684,sine,1,0.3,1.0,20,40,4.280019521713257,0.0
1779527357.4033449,0.0,0.27401669256310973,0.0,0.0,0.5921652819266475,-0.0020777729190408684,-0.0396,-0.9504,-0.4752,0.0,0.2905593129785098,0.0,0.0,0.2792526803190927,0.0,0.0,0.49658772765076753,0.0,sine,1,0.3,1.0,20,40,4.290033340454102,0.0
1779527357.413399,0.0,0.2792526803190927,0.0,0.0,0.49658772765076753,0.0,0.0,-0.4356,-0.27720000000000006,0.0,0.285318926846771,0.0,0.0,0.28274333882308134,0.0,0.0,0.35737694207502935,0.0,sine,1,0.3,1.0,20,40,4.299996614456177,0.0
1779527357.4233506,0.0,0.28274333882308134,0.0,0.0,0.35737694207502935,0.0,-0.0396,-1.1880000000000002,-0.27720000000000006,0.0,0.2788977329515055,0.0,0.0,0.2844886680750757,0.0,-0.004155545838081737,0.2888104357466807,0.0,sine,1,0.3,1.0,20,40,4.31005072593689,0.0
1779527357.433361,0.0,0.2844886680750757,0.0,-0.004155545838081737,0.2888104357466807,0.0,0.0396,-1.6236000000000002,-0.396,0.0,0.27144625580064907,0.0,0.0,0.28623399732707006,0.0,0.0,0.12674414806149298,0.0,sine,1,0.3,1.0,20,40,4.320002317428589,0.0
1779527357.443354,0.0,0.28623399732707006,0.0,0.0,0.12674414806149298,0.0,-0.0792,-0.792,-0.396,0.0,0.26288038121964874,0.0,0.0,0.28623399732707006,0.0,0.0020777729190408684,0.06441096049026691,0.0,sine,1,0.3,1.0,20,40,4.330012798309326,0.0
1779527357.4533925,0.0,0.28623399732707006,0.0,0.0020777729190408684,0.06441096049026691,0.0,-0.1188,0.6336,-0.4356,0.0,0.2532926848596638,0.0,0.0,0.28623399732707006,0.0,0.0020777729190408684,-0.01246663751424521,0.0,sine,1,0.3,1.0,20,40,4.34000563621521,0.0
1779527357.463385,0.0,0.28623399732707006,0.0,0.0020777729190408684,-0.01246663751424521,0.0,-0.1584,1.3860000000000001,-0.27720000000000006,0.0,0.24265606164361986,0.0,0.0,0.2844886680750757,0.0,0.0,-0.11427751054724776,0.0,sine,1,0.3,1.0,20,40,4.350044250488281,0.0
1779527357.473313,0.0,0.2844886680750757,0.0,0.0,-0.11427751054724776,0.0,-0.2376,2.1780000000000004,-0.198,0.0,0.23110969080511815,0.0,0.0,0.28274333882308134,0.0,-0.0020777729190408684,-0.23478833985161812,0.0,sine,1,0.3,1.0,20,40,4.360036849975586,0.0
1779527357.4833682,0.0,0.28274333882308134,0.0,-0.0020777729190408684,-0.23478833985161812,0.0,0.35639999999999994,1.9404,0.1584,0.0,0.21873595381943722,0.0,0.0,0.2775073510670984,0.0,0.0,-0.4384100859176232,0.0,sine,1,0.3,1.0,20,40,4.369964838027954,0.0
1779527357.49336,0.0,0.2775073510670984,0.0,0.0,-0.4384100859176232,0.0,-0.1188,0.6732,-0.2376,0.0,0.20533678173672978,0.0,0.0,0.27227136331111546,0.0,0.0,-0.48204331721748145,-0.0020777729190408684,sine,1,0.3,1.0,20,40,4.380019903182983,0.0
1779527357.5033507,0.0,0.27227136331111546,0.0,0.0,-0.48204331721748145,-0.0020777729190408684,-0.5544000000000001,2.2176000000000005,-0.27720000000000006,0.0,0.1912100765567533,0.0,0.0,0.26529004630313807,0.0,0.0,-0.6960539278786909,0.0,sine,1,0.3,1.0,20,40,4.390011787414551,0.0
1779527357.5133579,0.0,0.26529004630313807,0.0,0.0,-0.6960539278786909,0.0,-0.3168,-0.1188,-0.2376,0.0,0.17633179444411315,0.0,0.0,0.25656340004316647,0.0,0.0020777729190408684,-0.8165647571830613,-0.0020777729190408684,sine,1,0.3,1.0,20,40,4.400002479553223,0.0
1779527357.5234628,0.0,0.25656340004316647,0.0,0.0020777729190408684,-0.8165647571830613,-0.0020777729190408684,-0.2376,1.6632,0.0396,0.0,0.16073272367496208,0.0,0.0,0.2478367537831948,0.0,0.004155545838081737,-0.8020203467497752,0.0,sine,1,0.3,1.0,20,40,4.4100096225738525,0.0
1779527357.533375,0.0,0.2478367537831948,0.0,0.004155545838081737,-0.8020203467497752,0.0,0.5148,1.1088000000000002,-0.2376,0.0,0.14433690539787605,0.0,0.0,0.23911010752322315,0.0,0.0,-0.8664313072400421,0.0,sine,1,0.3,1.0,20,40,4.420114517211914,0.0
1779527357.54343,0.0,0.23911010752322315,0.0,0.0,-0.8664313072400421,0.0,-0.4752,-0.1188,-0.2376,0.0,0.12768812847079125,0.0,0.0,0.2303834612632515,0.0,0.0,-0.9287644948112682,0.0,sine,1,0.3,1.0,20,40,4.4300267696380615,0.0
1779527357.5533662,0.0,0.2303834612632515,0.0,0.0,-0.9287644948112682,0.0,-0.5544000000000001,1.0296,0.0,0.0,0.11029392858661863,0.0,0.0,0.21991148575128555,0.0,-0.004155545838081737,-1.026419822006189,-0.0020777729190408684,sine,1,0.3,1.0,20,40,4.440081834793091,0.0
1779527357.5633712,0.0,0.21991148575128555,0.0,-0.004155545838081737,-1.026419822006189,-0.0020777729190408684,0.792,1.2276,-0.0792,0.0,0.09267295628028692,0.0,0.0,0.2076941809873252,0.0,-0.004155545838081737,-1.2549748431006844,-0.006233318757122605,sine,1,0.3,1.0,20,40,4.450017929077148,0.0
1779527357.573345,0.0,0.2076941809873252,0.0,-0.004155545838081737,-1.2549748431006844,-0.006233318757122605,0.3168,0.9504,-0.198,0.0,0.0745651079428311,0.0,0.0,0.19198621771937624,0.0,-0.0020777729190408684,-1.3962634015954636,0.0,sine,1,0.3,1.0,20,40,4.460022926330566,0.0
1779527357.5834327,0.0,0.19198621771937624,0.0,-0.0020777729190408684,-1.3962634015954636,0.0,0.0792,0.6732,0.0,0.0,0.056220521664235516,0.0,0.0,0.17976891295541597,0.0,0.0,-1.342241305700401,0.004155545838081737,sine,1,0.3,1.0,20,40,4.469996690750122,0.0
1779527357.593362,0.0,0.17976891295541597,0.0,0.0,-1.342241305700401,0.004155545838081737,0.6732,0.2376,0.1584,0.0,0.03744209300936013,0.0,0.0,0.16406094968746698,0.0,0.0,-1.547940824685447,-0.0020777729190408684,sine,1,0.3,1.0,20,40,4.480084419250488,0.0
1779527357.6033044,0.0,0.16406094968746698,0.0,0.0,-1.547940824685447,-0.0020777729190408684,-0.3168,0.4356,0.2376,0.0,0.018811123592276758,0.0,0.0,0.14835298641951802,0.0,0.004155545838081737,-1.610274012256673,-0.004155545838081737,sine,1,0.3,1.0,20,40,4.490013837814331,0.0
1779527357.6133454,0.0,0.14835298641951802,0.0,0.004155545838081737,-1.610274012256673,-0.004155545838081737,-0.396,1.3068,0.1584,0.0,8.269115080020084e-05,0.0,0.0,0.13264502315156904,0.0,0.0020777729190408684,-1.514696457980793,0.0020777729190408684,sine,1,0.3,1.0,20,40,4.499956130981445,0.0
1779527357.623391,0.0,0.13264502315156904,0.0,0.0020777729190408684,-1.514696457980793,0.0020777729190408684,-0.5544000000000001,0.99,-0.0792,0.0,-0.01883175565531636,0.0,0.0,0.11693705988362009,0.0,0.0,-1.498074274628466,0.0,sine,1,0.3,1.0,20,40,4.509997129440308,0.0
1779527357.6333263,0.0,0.11693705988362009,0.0,0.0,-1.498074274628466,0.0,-0.9504,0.9504,-0.198,0.0,-0.03767974283243986,0.0,0.0,0.0994837673636768,0.0,0.0,-1.7183182040467981,-0.0020777729190408684,sine,1,0.3,1.0,20,40,4.520042657852173,0.0
1779527357.6433702,0.0,0.0994837673636768,0.0,0.0,-1.7183182040467981,-0.0020777729190408684,-0.198,0.1584,-0.0792,0.0,-0.05617372763470037,0.0,0.0,0.08377580409572782,0.0,0.0,-1.6476739247994086,0.0,sine,1,0.3,1.0,20,40,4.529978036880493,0.0
1779527357.653378,0.0,0.08377580409572782,0.0,0.0,-1.6476739247994086,0.0,-0.396,1.2672,0.1188,0.0,-0.07464694242556698,0.0,0.0,0.06806784082777886,0.0,0.0,-1.6518294706374903,0.0,sine,1,0.3,1.0,20,40,4.540021896362305,0.0
1779527357.6633434,0.0,0.06806784082777886,0.0,0.0,-1.6518294706374903,0.0,-0.6336,0.35639999999999994,-0.0396,0.0,-0.09275843781195416,0.0,0.0,0.048869219055841226,0.0,0.0,-1.8201290770798007,-0.006233318757122605,sine,1,0.3,1.0,20,40,4.550029754638672,0.0
1779527357.6733723,0.0,0.048869219055841226,0.0,0.0,-1.8201290770798007,-0.006233318757122605,-0.396,0.8712,-0.27720000000000006,0.0,-0.11042890848289731,0.0,0.0,0.029670597283903605,0.0,0.0,-1.8845400375700676,-0.0020777729190408684,sine,1,0.3,1.0,20,40,4.559995174407959,0.0
1779527357.6833708,0.0,0.029670597283903605,0.0,0.0,-1.8845400375700676,-0.0020777729190408684,0.4356,0.5148,-0.0792,0.0,-0.1277747424848629,0.0,0.0,0.010471975511965978,0.0,0.0,-1.9302510417889667,0.0,sine,1,0.3,1.0,20,40,4.570024013519287,0.0
1779527357.6933808,0.0,0.010471975511965978,0.0,0.0,-1.9302510417889667,0.0,-0.2376,1.1880000000000002,-0.0396,0.0,-0.1445633876176303,0.0,0.0,-0.006981317007977318,0.0,0.0,-1.9364843605460893,0.0,sine,1,0.3,1.0,20,40,4.580022573471069,0.0
1779527357.7033045,0.0,-0.006981317007977318,0.0,0.0,-1.9364843605460893,0.0,-0.35639999999999994,0.0,0.0,0.0,-0.16079988291292646,0.0,0.0,-0.02617993877991494,0.0,0.0,-1.9219399501128032,0.0,sine,1,0.3,1.0,20,40,4.590032577514648,0.0
1779527357.7139437,0.0,-0.02617993877991494,0.0,0.0,-1.9219399501128032,0.0,-0.0792,0.7524000000000001,0.2376,0.0,-0.17626888863388096,0.0,0.0,-0.04363323129985824,0.0,0.004155545838081737,-1.7245515228039208,0.0,sine,1,0.3,1.0,20,40,4.599956274032593,0.0
1779527357.723355,0.0,-0.04363323129985824,0.0,0.004155545838081737,-1.7245515228039208,0.0,-0.9107999999999999,0.792,0.0792,0.0,-0.19209069945451188,0.0,0.0,-0.061086523819801536,0.0,0.0,-1.813895758322678,0.0,sine,1,0.3,1.0,20,40,4.610595464706421,0.0
1779527357.7333739,0.0,-0.061086523819801536,0.0,0.0,-1.813895758322678,0.0,0.1584,-0.3168,0.198,0.0,-0.20537347487577218,0.0,0.0,-0.07679448708775051,0.0,0.0,-1.6809182915040626,0.0,sine,1,0.3,1.0,20,40,4.620006799697876,0.0
1779527357.7433448,0.0,-0.07679448708775051,0.0,0.0,-1.6809182915040626,0.0,-0.4752,1.5048000000000001,0.198,0.0,-0.21872365067243743,0.0,0.0,-0.09424777960769379,0.0,-0.0020777729190408684,-1.641440606042286,0.0,sine,1,0.3,1.0,20,40,4.630025625228882,0.0
1779527357.753355,0.0,-0.09424777960769379,0.0,-0.0020777729190408684,-1.641440606042286,0.0,-0.35639999999999994,-0.198,0.0,0.0,-0.23114980186603382,0.0,0.0,-0.10995574287564278,0.0,-0.004155545838081737,-1.591574055985305,-0.0020777729190408684,sine,1,0.3,1.0,20,40,4.639996528625488,0.0
1779527357.7633493,0.0,-0.10995574287564278,0.0,-0.004155545838081737,-1.591574055985305,-0.0020777729190408684,0.4752,0.8712,-0.1188,0.0,-0.24271260011328685,0.0,0.0,-0.12566370614359174,0.0,-0.0020777729190408684,-1.6663738810707764,-0.0020777729190408684,sine,1,0.3,1.0,20,40,4.6500067710876465,0.0
1779527357.7733421,0.0,-0.12566370614359174,0.0,-0.0020777729190408684,-1.6663738810707764,-0.0020777729190408684,0.0,0.9504,-0.0792,0.0,-0.25329942755535395,0.0,0.0,-0.14137166941154067,0.0,-0.004155545838081737,-1.529240868414079,0.0,sine,1,0.3,1.0,20,40,4.660001039505005,0.0
1779527357.7834601,0.0,-0.14137166941154067,0.0,-0.004155545838081737,-1.529240868414079,0.0,0.198,0.6336,0.1584,0.0,-0.26288644399169714,0.0,0.0,-0.15533430342749532,0.0,0.0,-1.481452091276139,0.0,sine,1,0.3,1.0,20,40,4.669993877410889,0.0
1779527357.7933521,0.0,-0.15533430342749532,0.0,0.0,-1.481452091276139,0.0,0.4356,0.198,0.0792,0.0,-0.2715378448244229,0.0,0.0,-0.1710422666954443,0.0,0.0020777729190408684,-1.5375519600902425,0.0,sine,1,0.3,1.0,20,40,4.680111885070801,0.0
1779527357.803349,0.0,-0.1710422666954443,0.0,0.0020777729190408684,-1.5375519600902425,0.0,0.1584,0.5544000000000001,-0.0396,0.0,-0.2789356324015782,0.0,0.0,-0.1867502299633933,0.0,0.0020777729190408684,-1.4918409558713435,0.0,sine,1,0.3,1.0,20,40,4.690003871917725,0.0
1779527357.8133767,0.0,-0.1867502299633933,0.0,0.0020777729190408684,-1.4918409558713435,0.0,-0.396,1.0692,-0.1584,0.0,-0.2853173992847668,0.0,0.0,-0.20071286397934787,0.0,0.004155545838081737,-1.419118903704913,0.0,sine,1,0.3,1.0,20,40,4.700000762939453,0.0
1779527357.8233497,0.0,-0.20071286397934787,0.0,0.004155545838081737,-1.419118903704913,0.0,-0.2376,0.8316,0.0396,0.0,-0.29058826142779987,0.0,0.0,-0.21293016874330822,0.0,0.0020777729190408684,-1.2466637514245211,0.0,sine,1,0.3,1.0,20,40,4.710028409957886,0.0
1779527357.8333433,0.0,-0.21293016874330822,0.0,0.0020777729190408684,-1.2466637514245211,0.0,0.4356,1.1483999999999999,0.0,0.0,-0.29468669057597013,0.0,0.0,-0.2234021442552742,0.0,0.0,-1.1469306513105593,0.0,sine,1,0.3,1.0,20,40,4.720001459121704,0.0
1779527357.8433824,0.0,-0.2234021442552742,0.0,0.0,-1.1469306513105593,0.0,-0.396,0.6336,0.0792,0.0,-0.29763323191219593,0.0,0.0,-0.23387411976724018,0.0,0.0,-1.105375192929742,0.0,sine,1,0.3,1.0,20,40,4.729995012283325,0.0
1779527357.8533592,0.0,-0.23387411976724018,0.0,0.0,-1.105375192929742,0.0,-0.2376,0.0396,0.0,0.0,-0.29941204804176313,0.0,0.0,-0.24434609527920614,0.0,0.0,-1.0305753678442706,0.0,sine,1,0.3,1.0,20,40,4.740034103393555,0.0
1779527357.8633468,0.0,-0.24434609527920614,0.0,0.0,-1.0305753678442706,0.0,-0.1584,0.1188,-0.0396,0.0,-0.29999999928772636,0.0,0.0,-0.2530727415391778,0.0,-0.0020777729190408684,-0.9059089927018186,0.0,sine,1,0.3,1.0,20,40,4.750010967254639,0.0
1779527357.873436,0.0,-0.2530727415391778,0.0,-0.0020777729190408684,-0.9059089927018186,0.0,0.1188,1.4652,0.0396,0.0,-0.29940818895650334,0.0,0.0,-0.2617993877991494,0.0,0.0,-0.8269536217782656,0.0,sine,1,0.3,1.0,20,40,4.759998559951782,0.0
1779527357.8833816,0.0,-0.2617993877991494,0.0,0.0,-0.8269536217782656,0.0,-0.0396,0.6732,0.0,0.0,-0.29761364179616856,0.0,0.0,-0.2687807048071268,0.0,0.0,-0.7168316570690996,0.0,sine,1,0.3,1.0,20,40,4.770087718963623,0.0
1779527357.8933427,0.0,-0.2687807048071268,0.0,0.0,-0.7168316570690996,0.0,0.0396,0.1584,0.0396,0.0,-0.29467438935029017,0.0,0.0,-0.27401669256310973,0.0,0.0,-0.6108652381980153,0.0,sine,1,0.3,1.0,20,40,4.780033349990845,0.0
1779527357.903344,0.0,-0.27401669256310973,0.0,0.0,-0.6108652381980153,0.0,0.0792,0.99,0.0,0.0,-0.29057753660249297,0.0,0.0,-0.2792526803190927,0.0,0.0020777729190408684,-0.5007432734888493,0.0,sine,1,0.3,1.0,20,40,4.789994478225708,0.0
1779527357.913347,0.0,-0.2792526803190927,0.0,0.0020777729190408684,-0.5007432734888493,0.0,-0.0396,1.0296,-0.0396,0.0,-0.2853194823046549,0.0,0.0,-0.28274333882308134,0.0,0.0,-0.3885435358606424,0.0,sine,1,0.3,1.0,20,40,4.79999566078186,0.0
1779527357.9233747,0.0,-0.28274333882308134,0.0,0.0,-0.3885435358606424,0.0,-0.0396,0.7524000000000001,0.0396,0.0,-0.2789338126544625,0.0,0.0,-0.2844886680750757,0.0,0.0,-0.25972161488010853,0.0,sine,1,0.3,1.0,20,40,4.8099987506866455,0.0
1779527357.933381,0.0,-0.2844886680750757,0.0,0.0,-0.25972161488010853,0.0,-0.0396,0.396,0.198,0.0,-0.27142692586647266,0.0,0.0,-0.28623399732707006,0.0,0.0,-0.17661069811847382,0.0,sine,1,0.3,1.0,20,40,4.820026397705078,0.0
1779527357.9433455,0.0,-0.28623399732707006,0.0,0.0,-0.17661069811847382,0.0,-0.0396,1.3068,-0.198,0.0,-0.26286219012853074,0.0,0.0,-0.28623399732707006,0.0,0.0,-0.08726646259971647,-0.0020777729190408684,sine,1,0.3,1.0,20,40,4.830032825469971,0.0
1779527357.9535384,0.0,-0.28623399732707006,0.0,0.0,-0.08726646259971647,-0.0020777729190408684,-0.0792,1.1880000000000002,0.2376,0.0,-0.2533011131596452,0.0,0.0,-0.28623399732707006,0.0,0.0,0.010388864595204342,-0.0020777729190408684,sine,1,0.3,1.0,20,40,4.839997291564941,0.0
1779527357.9641788,0.0,-0.28623399732707006,0.0,0.0,0.010388864595204342,-0.0020777729190408684,-0.1188,-0.7127999999999999,0.0,0.0,-0.2424942345720425,0.0,0.0,-0.2844886680750757,0.0,0.0,0.19946620022792336,0.0,sine,1,0.3,1.0,20,40,4.850190162658691,0.0
1779527357.9734023,0.0,-0.2844886680750757,0.0,0.0,0.19946620022792336,0.0,0.0,-0.1188,-0.198,0.0,-0.2301529163800911,0.0,0.0,-0.28099800957108706,0.0,0.0,0.2701104794753129,0.0,sine,1,0.3,1.0,20,40,4.860830545425415,0.0
1779527357.98337,0.0,-0.28099800957108706,0.0,0.0,0.2701104794753129,0.0,0.0,0.1584,0.1188,0.0,-0.2186208887426382,0.0,0.0,-0.2775073510670984,0.0,-0.0020777729190408684,0.35322139623694765,0.0,sine,1,0.3,1.0,20,40,4.870054006576538,0.0
1779527357.993527,0.0,-0.2775073510670984,0.0,-0.0020777729190408684,0.35322139623694765,0.0,0.0,-1.1483999999999999,0.3168,0.0,-0.20533416057703277,0.0,0.0,-0.27227136331111546,0.0,0.0,0.46749890678419537,0.0,sine,1,0.3,1.0,20,40,4.880021810531616,0.0
1779527358.0034707,0.0,-0.27227136331111546,0.0,0.0,0.46749890678419537,0.0,0.0,-0.7524000000000001,0.1584,0.0,-0.19096756401804627,0.0,0.0,-0.2670353755551324,0.0,-0.0020777729190408684,0.5776208714933614,0.0,sine,1,0.3,1.0,20,40,4.890178680419922,0.0
1779527358.0133574,0.0,-0.2670353755551324,0.0,-0.0020777729190408684,0.5776208714933614,0.0,-0.1188,-0.3168,0.27720000000000006,0.0,-0.1761488620656199,0.0,0.0,-0.25830872929516074,0.0,0.0,0.7916314821545708,0.0,sine,1,0.3,1.0,20,40,4.900122404098511,0.0
1779527358.0233948,0.0,-0.25830872929516074,0.0,0.0,0.7916314821545708,0.0,0.0,-0.4752,0.1584,0.0,-0.16073348259953957,0.0,0.0,-0.25132741228718347,0.0,0.0020777729190408684,0.7937092550736117,0.0,sine,1,0.3,1.0,20,40,4.910009145736694,0.0
1779527358.03347,0.0,-0.25132741228718347,0.0,0.0020777729190408684,0.7937092550736117,0.0,-0.1584,-0.6336,0.1188,0.0,-0.1444491751982864,0.0,0.0,-0.24260076602721178,0.0,0.0,0.8726646259971648,0.0,sine,1,0.3,1.0,20,40,4.92004656791687,0.0
1779527358.0433419,0.0,-0.24260076602721178,0.0,0.0,0.8726646259971648,0.0,-0.0792,-0.4356,0.1584,0.0,-0.12752625148874633,0.0,0.0,-0.23212879051524585,0.0,0.0020777729190408684,0.9516199969207177,0.0,sine,1,0.3,1.0,20,40,4.930121660232544,0.0
1779527358.0535114,0.0,-0.23212879051524585,0.0,0.0020777729190408684,0.9516199969207177,0.0,-0.3168,0.27720000000000006,0.0792,0.0,-0.11044854736646047,0.0,0.0,-0.21991148575128555,0.0,0.0,1.1884861096913768,0.0020777729190408684,sine,1,0.3,1.0,20,40,4.939993619918823,0.0
1779527358.0634408,0.0,-0.21991148575128555,0.0,0.0,1.1884861096913768,0.0020777729190408684,0.1188,0.1188,-0.35639999999999994,0.0,-0.09241261381805428,0.0,0.0,-0.2076941809873252,0.0,-0.0020777729190408684,1.1822527909342542,0.0,sine,1,0.3,1.0,20,40,4.950163125991821,0.0
1779527358.073538,0.0,-0.2076941809873252,0.0,-0.0020777729190408684,1.1822527909342542,0.0,-0.3168,0.35639999999999994,0.27720000000000006,0.0,-0.0744379915965484,0.0,0.0,-0.1937315469713706,0.0,0.0,1.4004189474335453,0.0,sine,1,0.3,1.0,20,40,4.960092544555664,0.0
1779527358.0833485,0.0,-0.1937315469713706,0.0,0.0,1.4004189474335453,0.0,0.1584,-0.27720000000000006,0.396,0.0,-0.05586290876052195,0.0,0.0,-0.17976891295541597,0.0,0.0,1.3380857598623193,0.0,sine,1,0.3,1.0,20,40,4.970189809799194,0.0
1779527358.0933712,0.0,-0.17976891295541597,0.0,0.0,1.3380857598623193,0.0,-0.0396,0.0396,0.198,0.0,-0.03759948853535142,0.0,0.0,-0.1658062789394613,0.0,0.0,1.3837967640812183,0.0,sine,1,0.3,1.0,20,40,4.980000257492065,0.0
1779527358.1035526,0.0,-0.1658062789394613,0.0,0.0,1.3837967640812183,0.0,0.0,-1.4652,0.396,0.0,-0.0187940796467344,0.0,0.0,-0.1518436449235067,0.0,0.0,1.4108078120287497,0.0,sine,1,0.3,1.0,20,40,4.990022897720337,0.0
1779527358.1134734,0.0,-0.1518436449235067,0.0,0.0,1.4108078120287497,0.0,0.2376,-1.7028,-0.3168,0.0,0.00038514292209853424,0.0,0.0,-0.13613568165555773,0.0,0.0,1.6289739685280409,0.0,sine,1,0.3,1.0,20,40,5.00020432472229,0.0
1779527358.123343,0.0,-0.13613568165555773,0.0,0.0,1.6289739685280409,0.0,0.198,-1.6236000000000002,0.198,0.0,0.01907260592416336,0.0,0.0,-0.12042771838760874,0.0,0.0,1.5853407372281825,-0.0020777729190408684,sine,1,0.3,1.0,20,40,5.010125160217285,0.0
1779527358.1333728,0.0,-0.12042771838760874,0.0,0.0,1.5853407372281825,-0.0020777729190408684,-0.0792,0.3168,0.35639999999999994,0.0,0.03759012535583454,0.0,0.0,-0.10471975511965977,0.0,0.0020777729190408684,1.610274012256673,0.0,sine,1,0.3,1.0,20,40,5.019994735717773,0.0
1779527358.1433566,0.0,-0.10471975511965977,0.0,0.0020777729190408684,1.610274012256673,0.0,-0.1188,-0.9504,0.4752,0.0,0.05625980989618029,0.0,0.0,-0.08726646259971647,0.0,0.0020777729190408684,1.639362833123245,0.0020777729190408684,sine,1,0.3,1.0,20,40,5.030024528503418,0.0
1779527358.1535108,0.0,-0.08726646259971647,0.0,0.0020777729190408684,1.639362833123245,0.0020777729190408684,-0.0792,-1.4255999999999998,-0.4356,0.0,0.07462213153198198,0.0,0.0,-0.07155849933176751,0.0,0.0,1.6663738810707764,0.0020777729190408684,sine,1,0.3,1.0,20,40,5.040008306503296,0.0
1779527358.163452,0.0,-0.07155849933176751,0.0,0.0,1.6663738810707764,0.0020777729190408684,0.0,-0.4752,0.198,0.0,0.0929964599687584,0.0,0.0,-0.054105206811824215,0.0,-0.004155545838081737,1.6829960644231035,0.0020777729190408684,sine,1,0.3,1.0,20,40,5.0501625537872314,0.0
1779527358.1733534,0.0,-0.054105206811824215,0.0,-0.004155545838081737,1.6829960644231035,0.0020777729190408684,0.198,-0.5544000000000001,-0.27720000000000006,0.0,0.11061900657322916,0.0,0.0,-0.03490658503988659,0.0,0.0,1.8886955834081494,0.0,sine,1,0.3,1.0,20,40,5.06010365486145,0.0
1779527358.1833758,0.0,-0.03490658503988659,0.0,0.0,1.8886955834081494,0.0,-0.0396,-0.198,-0.5544000000000001,0.0,0.1277426195555622,0.0,0.0,-0.015707963267948967,0.0,0.0,1.9863509106030701,0.0,sine,1,0.3,1.0,20,40,5.070005178451538,0.0
1779527358.1935244,0.0,-0.015707963267948967,0.0,0.0,1.9863509106030701,0.0,0.1584,-2.6532,-0.1188,0.0,0.14457165711302306,0.0,0.0,0.0017453292519943296,0.0,-0.0020777729190408684,1.830517941675005,0.0,sine,1,0.3,1.0,20,40,5.0800275802612305,0.0
1779527358.2033434,0.0,0.0017453292519943296,0.0,-0.0020777729190408684,1.830517941675005,0.0,0.0,-0.198,-0.35639999999999994,0.0,0.16102821556833388,0.0,0.0,0.019198621771937627,0.0,0.0,1.7640292082656972,0.0,sine,1,0.3,1.0,20,40,5.090176105499268,0.0
1779527358.2133663,0.0,0.019198621771937627,0.0,0.0,1.7640292082656972,0.0,-0.1188,-1.3860000000000001,-0.6336,0.0,0.17632815859256876,0.0,0.0,0.038397243543875255,0.0,0.0,1.8720734000558223,0.0020777729190408684,sine,1,0.3,1.0,20,40,5.099995136260986,0.0
1779527358.2234347,0.0,0.038397243543875255,0.0,0.0,1.8720734000558223,0.0020777729190408684,0.198,-1.5444,-0.4356,0.0,0.19125336024984688,0.0,0.0,0.05585053606381855,0.0,0.0,1.7785736186989833,0.0,sine,1,0.3,1.0,20,40,5.110018014907837,0.0
1779527358.233355,0.0,0.05585053606381855,0.0,0.0,1.7785736186989833,0.0,-0.1188,-0.5940000000000001,-0.5940000000000001,0.0,0.20548286472724478,0.0,0.0,0.07330382858376185,0.0,0.0,1.8699956271367815,0.0,sine,1,0.3,1.0,20,40,5.120086431503296,0.0
1779527358.2434952,0.0,0.07330382858376185,0.0,0.0,1.8699956271367815,0.0,0.0,-1.7028,-0.6336,0.0,0.21869934964998647,0.0,0.0,0.09250245035569947,0.0,0.006233318757122605,1.8429845791892503,0.0,sine,1,0.3,1.0,20,40,5.130006790161133,0.0
1779527358.2533405,0.0,0.09250245035569947,0.0,0.006233318757122605,1.8429845791892503,0.0,0.1188,-0.0792,-0.1584,0.0,0.2313304619431159,0.0,0.0,0.10821041362364843,0.0,0.0020777729190408684,1.6809182915040626,0.0,sine,1,0.3,1.0,20,40,5.140146970748901,0.0
1779527358.2633495,0.0,0.10821041362364843,0.0,0.0020777729190408684,1.6809182915040626,0.0,0.1188,-1.8215999999999999,-0.35639999999999994,0.0,0.24269648654888976,0.0,0.0,0.1239183768915974,0.0,-0.0020777729190408684,1.5894962830662642,-0.0020777729190408684,sine,1,0.3,1.0,20,40,5.149992227554321,0.0
1779527358.2734952,0.0,0.1239183768915974,0.0,-0.0020777729190408684,1.5894962830662642,-0.0020777729190408684,0.0792,-1.6632,-0.4356,0.0,0.2532996683576726,0.0,0.0,0.13962634015954636,0.0,-0.004155545838081737,1.545863051766406,0.0020777729190408684,sine,1,0.3,1.0,20,40,5.160001277923584,0.0
1779527358.2833688,0.0,0.13962634015954636,0.0,-0.004155545838081737,1.545863051766406,0.0020777729190408684,0.0,0.3168,-0.5148,0.0,0.26302532779381055,0.0,0.0,0.15533430342749532,0.0,0.0,1.6144295580947547,0.0,sine,1,0.3,1.0,20,40,5.170146942138672,0.0
1779527358.2935655,0.0,0.15533430342749532,0.0,0.0,1.6144295580947547,0.0,-0.1584,-2.0592,-0.7524000000000001,0.0,0.271464623047281,0.0,0.0,0.1710422666954443,0.0,-0.0020777729190408684,1.5707963267948966,0.0,sine,1,0.3,1.0,20,40,5.180020570755005,0.0
1779527358.3033059,0.0,0.1710422666954443,0.0,-0.0020777729190408684,1.5707963267948966,0.0,-0.1188,-2.0592,-0.3168,0.0,0.27908343981533923,0.0,0.0,0.1867502299633933,0.0,0.0020777729190408684,1.5022298204665478,0.0,sine,1,0.3,1.0,20,40,5.1902172565460205,0.0
1779527358.3133807,0.0,0.1867502299633933,0.0,0.0020777729190408684,1.5022298204665478,0.0,0.0,-1.0692,-0.792,0.0,0.2852922528211844,0.0,0.0,0.20071286397934787,0.0,0.0020777729190408684,1.406652266190668,0.0,sine,1,0.3,1.0,20,40,5.199957609176636,0.0
1779527358.3233614,0.0,0.20071286397934787,0.0,0.0020777729190408684,1.406652266190668,0.0,0.0792,-0.4356,-0.5940000000000001,0.0,0.29059015998927357,0.0,0.0,0.21293016874330822,0.0,0.0,1.2528970701816435,0.0,sine,1,0.3,1.0,20,40,5.2100324630737305,0.0
1779527358.3334973,0.0,0.21293016874330822,0.0,0.0,1.2528970701816435,0.0,0.0,-0.9107999999999999,-0.7127999999999999,0.0,0.29469081591017476,0.0,0.0,0.22514747350726852,0.0,0.0020777729190408684,1.2113416118008262,0.0,sine,1,0.3,1.0,20,40,5.22001314163208,0.0
1779527358.3433847,0.0,0.22514747350726852,0.0,0.0020777729190408684,1.2113416118008262,0.0,0.0792,-1.4652,-0.5544000000000001,0.0,0.2976694880418006,0.0,0.0,0.23561944901923448,0.0,0.0,1.07628637206317,0.0,sine,1,0.3,1.0,20,40,5.230149030685425,0.0
1779527358.353366,0.0,0.23561944901923448,0.0,0.0,1.07628637206317,0.0,0.0396,-1.6632,-0.5940000000000001,0.0,0.29941232923296884,0.0,0.0,0.24434609527920614,0.0,0.0,1.026419822006189,0.0,sine,1,0.3,1.0,20,40,5.240036487579346,0.0
1779527358.3634982,0.0,0.24434609527920614,0.0,0.0,1.026419822006189,0.0,0.1188,-2.5344,0.5544000000000001,0.0,0.2999999981567059,0.0,0.0,0.2530727415391778,0.0,0.0020777729190408684,0.8934423551875734,0.0020777729190408684,sine,1,0.3,1.0,20,40,5.2500176429748535,0.0
1779527358.3735354,0.0,0.2530727415391778,0.0,0.0020777729190408684,0.8934423551875734,0.0020777729190408684,0.0,-0.1188,-0.396,0.0,0.29939013726905356,0.0,0.0,0.2617993877991494,0.0,0.0,0.7999425738307343,0.0,sine,1,0.3,1.0,20,40,5.260149955749512,0.0
1779527358.3833756,0.0,0.2617993877991494,0.0,0.0,0.7999425738307343,0.0,0.0,-1.1880000000000002,-0.396,0.0,0.29758999339612485,0.0,0.0,0.2687807048071268,0.0,0.0,0.7022872466358135,0.0,sine,1,0.3,1.0,20,40,5.270187139511108,0.0
1779527358.3933716,0.0,0.2687807048071268,0.0,0.0,0.7022872466358135,0.0,0.0,-0.99,-0.5940000000000001,0.0,0.2946764967247458,0.0,0.0,0.27401669256310973,0.0,0.0,0.6046319194408927,0.0,sine,1,0.3,1.0,20,40,5.280027389526367,0.0
1779527358.4033823,0.0,0.27401669256310973,0.0,0.0,0.6046319194408927,0.0,0.0396,-1.2672,-0.2376,0.0,0.29056401029310225,0.0,0.0,0.2792526803190927,0.0,-0.0020777729190408684,0.5007432734888493,0.0,sine,1,0.3,1.0,20,40,5.290023326873779,0.0
1779527358.4134724,0.0,0.2792526803190927,0.0,-0.0020777729190408684,0.5007432734888493,0.0,-0.0396,-0.2376,-0.396,0.0,0.2852971170328374,0.0,0.0,0.28274333882308134,0.0,0.0,0.37815467126543806,0.0,sine,1,0.3,1.0,20,40,5.300034046173096,0.0
1779527358.4234064,0.0,0.28274333882308134,0.0,0.0,0.37815467126543806,0.0,0.0,-1.1880000000000002,-0.4752,0.0,0.2788467072611765,0.0,0.0,0.2844886680750757,0.0,0.0,0.299199300341885,0.0,sine,1,0.3,1.0,20,40,5.310124158859253,0.0
1779527358.4333448,0.0,0.2844886680750757,0.0,0.0,0.299199300341885,0.0,0.0,-1.5444,-0.4356,0.0,0.2714014621184892,0.0,0.0,0.28623399732707006,0.0,0.0,0.1371330126566973,0.0,sine,1,0.3,1.0,20,40,5.320058107376099,0.0
1779527358.4434834,0.0,0.28623399732707006,0.0,0.0,0.1371330126566973,0.0,-0.0396,1.0296,-0.3168,0.0,0.26289510429230195,0.0,0.0,0.28623399732707006,0.0,0.0,0.02493327502849042,0.0,sine,1,0.3,1.0,20,40,5.329996585845947,0.0
1779527358.4533772,0.0,0.28623399732707006,0.0,0.0,0.02493327502849042,0.0,-0.0792,1.7028,-0.1584,0.0,0.25316183662098474,0.0,0.0,0.2844886680750757,0.0,0.0,-0.09973310011396168,0.0,sine,1,0.3,1.0,20,40,5.340135097503662,0.0
1779527358.4633625,0.0,0.2844886680750757,0.0,0.0,-0.09973310011396168,0.0,0.1584,2.0196,0.0,0.0,0.24267297295889229,0.0,0.0,0.28274333882308134,0.0,0.0,-0.2243994752564138,0.0,sine,1,0.3,1.0,20,40,5.350028991699219,0.0
1779527358.4733953,0.0,0.28274333882308134,0.0,0.0,-0.2243994752564138,0.0,-0.0396,2.0196,-0.2376,0.0,0.23113691013370521,0.0,0.0,0.2792526803190927,0.0,0.0,-0.25348829612298596,0.0020777729190408684,sine,1,0.3,1.0,20,40,5.360014200210571,0.0
1779527358.483338,0.0,0.2792526803190927,0.0,0.0,-0.25348829612298596,0.0020777729190408684,-0.1584,1.0692,-0.0792,0.0,0.21862981335571316,0.0,0.0,0.2792526803190927,0.0,0.0,-0.25348829612298596,0.0020777729190408684,sine,1,0.3,1.0,20,40,5.370047092437744,0.0
1779527358.4933963,0.0,0.2792526803190927,0.0,0.0,-0.25348829612298596,0.0020777729190408684,-0.1584,1.0692,-0.0792,0.0,0.20537806111168175,0.0,0.0,0.27227136331111546,0.0,0.0,-0.43009899424145975,-0.0020777729190408684,sine,1,0.3,1.0,20,40,5.379989862442017,0.0
1779527358.5033617,0.0,0.27227136331111546,0.0,0.0,-0.43009899424145975,-0.0020777729190408684,-0.5940000000000001,2.2967999999999997,0.0,0.0,0.1911574345528475,0.0,0.0,0.26529004630313807,0.0,0.0,-0.6669651070121188,-0.004155545838081737,sine,1,0.3,1.0,20,40,5.390048027038574,0.0
1779527358.5133567,0.0,0.26529004630313807,0.0,0.0,-0.6669651070121188,-0.004155545838081737,-0.1584,-0.1188,0.0792,0.0,0.17631506919938272,0.0,0.0,0.25830872929516074,0.0,0.0,-0.6773539716073231,0.0,sine,1,0.3,1.0,20,40,5.400013446807861,0.0
1779527358.5233428,0.0,0.25830872929516074,0.0,0.0,-0.6773539716073231,0.0,-0.6336,2.1780000000000004,0.1188,0.0,0.1607346209837001,0.0,0.0,0.2478367537831948,0.0,0.0,-0.8975979010256552,-0.0020777729190408684,sine,1,0.3,1.0,20,40,5.410008430480957,0.0
1779527358.5333738,0.0,0.2478367537831948,0.0,0.0,-0.8975979010256552,-0.0020777729190408684,-0.3168,0.5940000000000001,-0.1188,0.0,0.14453503397591466,0.0,0.0,0.23736477827122884,0.0,0.0,-1.009797638653862,-0.004155545838081737,sine,1,0.3,1.0,20,40,5.419994592666626,0.0
1779527358.5433445,0.0,0.23736477827122884,0.0,0.0,-1.009797638653862,-0.004155545838081737,-0.396,0.99,0.396,0.0,0.12769016181264667,0.0,0.0,0.22689280275926285,0.0,0.0,-1.1240751492011098,0.0,sine,1,0.3,1.0,20,40,5.430025577545166,0.0
1779527358.5533981,0.0,0.22689280275926285,0.0,0.0,-1.1240751492011098,0.0,-0.198,0.198,0.0792,0.0,0.11044395108108268,0.0,0.0,0.21642082724729686,0.0,0.0,-1.0534308699537203,0.0,sine,1,0.3,1.0,20,40,5.439996242523193,0.0
1779527358.5634747,0.0,0.21642082724729686,0.0,0.0,-1.0534308699537203,0.0,-0.792,0.7524000000000001,-0.0396,0.0,0.0926156789997282,0.0,0.0,0.20420352248333656,0.0,0.0,-1.2487415243435618,-0.0020777729190408684,sine,1,0.3,1.0,20,40,5.450049877166748,0.0
1779527358.5733583,0.0,0.20420352248333656,0.0,0.0,-1.2487415243435618,-0.0020777729190408684,-0.396,0.1584,0.1188,0.0,0.07437616959437583,0.0,0.0,0.19024088846738194,0.0,0.0,-1.3650968078098504,-0.0020777729190408684,sine,1,0.3,1.0,20,40,5.4601263999938965,0.0
1779527358.5833573,0.0,0.19024088846738194,0.0,0.0,-1.3650968078098504,-0.0020777729190408684,-0.3168,0.6336,0.1188,0.0,0.05619580046669667,0.0,0.0,0.17453292519943295,0.0,0.0,-1.4710632266809347,0.0,sine,1,0.3,1.0,20,40,5.470010042190552,0.0
1779527358.5933895,0.0,0.17453292519943295,0.0,0.0,-1.4710632266809347,0.0,0.1188,0.3168,0.27720000000000006,0.0,0.03758299147980518,0.0,0.0,0.16057029118347835,0.0,0.0,-1.3547079432146463,0.0,sine,1,0.3,1.0,20,40,5.480009078979492,0.0
1779527358.6033714,0.0,0.16057029118347835,0.0,0.0,-1.3547079432146463,0.0,-0.4356,1.9404,0.1584,0.0,0.018759543044093913,0.0,0.0,0.1466076571675237,0.0,0.0,-1.3837967640812183,0.0,sine,1,0.3,1.0,20,40,5.490041255950928,0.0
1779527358.6133146,0.0,0.1466076571675237,0.0,0.0,-1.3837967640812183,0.0,-0.7524000000000001,1.0692,0.0,0.0,-4.3592617938536277e-05,0.0,0.0,0.1308996938995747,0.0,0.0,-1.5749518726329783,-0.004155545838081737,sine,1,0.3,1.0,20,40,5.500023126602173,0.0
1779527358.6233246,0.0,0.1308996938995747,0.0,0.0,-1.5749518726329783,-0.004155545838081737,-0.198,0.5148,-0.1584,0.0,-0.018773895948256035,0.0,0.0,0.11693705988362009,0.0,0.0,-1.5063853663046296,0.0,sine,1,0.3,1.0,20,40,5.5099663734436035,0.0
1779527358.6335688,0.0,0.11693705988362009,0.0,0.0,-1.5063853663046296,0.0,-0.9504,0.9107999999999999,0.27720000000000006,0.0,-0.037555793379406587,0.0,0.0,0.0994837673636768,0.0,-0.0020777729190408684,-1.7141626582087164,-0.0020777729190408684,sine,1,0.3,1.0,20,40,5.519976377487183,0.0
1779527358.643363,0.0,0.0994837673636768,0.0,-0.0020777729190408684,-1.7141626582087164,-0.0020777729190408684,0.1584,0.1584,0.0396,0.0,-0.05662262687866176,0.0,0.0,0.08028514559173917,0.0,0.0,-1.7931180291322695,-0.004155545838081737,sine,1,0.3,1.0,20,40,5.5302205085754395,0.0
1779527358.6534777,0.0,0.08028514559173917,0.0,0.0,-1.7931180291322695,-0.004155545838081737,-0.4752,1.1483999999999999,0.1188,0.0,-0.07463388412835495,0.0,0.0,0.06283185307179587,0.0,-0.0020777729190408684,-1.849217897946373,0.0,sine,1,0.3,1.0,20,40,5.540014743804932,0.0
1779527358.6635072,0.0,0.06283185307179587,0.0,-0.0020777729190408684,-1.849217897946373,0.0,0.0792,0.5940000000000001,-0.1584,0.0,-0.0929370673180211,0.0,0.0,0.04537856055185257,0.0,0.0020777729190408684,-1.6788405185850217,0.0,sine,1,0.3,1.0,20,40,5.550129413604736,0.0
1779527358.6733732,0.0,0.04537856055185257,0.0,0.0020777729190408684,-1.6788405185850217,0.0,-0.5148,1.6236000000000002,0.1188,0.0,-0.11071591593230368,0.0,0.0,0.029670597283903605,0.0,0.0,-1.6497516977184494,0.0,sine,1,0.3,1.0,20,40,5.560158967971802,0.0
1779527358.683492,0.0,0.029670597283903605,0.0,0.0,-1.6497516977184494,0.0,-0.5544000000000001,0.27720000000000006,0.0396,0.0,-0.12777636891470007,0.0,0.0,0.012217304763960306,0.0,0.0,-1.67468497274694,-0.0020777729190408684,sine,1,0.3,1.0,20,40,5.5700249671936035,0.0
1779527358.6933904,0.0,0.012217304763960306,0.0,0.0,-1.67468497274694,-0.0020777729190408684,-0.5148,0.9107999999999999,-0.1188,0.0,-0.14476339050051595,0.0,0.0,-0.0017453292519943296,0.0,0.0,-1.6975404748563894,0.0,sine,1,0.3,1.0,20,40,5.580143690109253,0.0
1779527358.7033947,0.0,-0.0017453292519943296,0.0,0.0,-1.6975404748563894,0.0,-0.6336,0.99,-0.198,0.0,-0.16081505857592895,0.0,0.0,-0.020943951023931956,0.0,-0.0020777729190408684,-1.8637623083796588,-0.0020777729190408684,sine,1,0.3,1.0,20,40,5.5900421142578125,0.0
1779527358.7133436,0.0,-0.020943951023931956,0.0,-0.0020777729190408684,-1.8637623083796588,-0.0020777729190408684,0.0,0.3168,-0.2376,0.0,-0.17640632067925704,0.0,0.0,-0.038397243543875255,0.0,0.0,-1.7183182040467981,0.0,sine,1,0.3,1.0,20,40,5.600046396255493,0.0
1779527358.723304,0.0,-0.038397243543875255,0.0,0.0,-1.7183182040467981,0.0,0.6336,1.8612000000000002,0.198,0.0,-0.1912204652546091,0.0,0.0,-0.05759586531581287,0.0,0.0,-1.8450623521082912,0.0,sine,1,0.3,1.0,20,40,5.609995365142822,0.0
1779527358.7333632,0.0,-0.05759586531581287,0.0,0.0,-1.8450623521082912,0.0,0.0,0.0,0.0792,0.0,-0.20530335974168387,0.0,0.0,-0.07330382858376185,0.0,0.0,-1.7100071123706346,0.0,sine,1,0.3,1.0,20,40,5.619955778121948,0.0
1779527358.7433984,0.0,-0.07330382858376185,0.0,0.0,-1.7100071123706346,0.0,-0.35639999999999994,1.4652,0.1188,0.0,-0.2187098086933441,0.0,0.0,-0.09075712110370514,0.0,0.0020777729190408684,-1.6933849290183076,0.0,sine,1,0.3,1.0,20,40,5.630014896392822,0.0
1779527358.7533677,0.0,-0.09075712110370514,0.0,0.0020777729190408684,-1.6933849290183076,0.0,-0.3168,1.4255999999999998,-0.0396,0.0,-0.2312142447703668,0.0,0.0,-0.10646508437165411,0.0,0.0,-1.6289739685280409,-0.0020777729190408684,sine,1,0.3,1.0,20,40,5.640050172805786,0.0
1779527358.7633853,0.0,-0.10646508437165411,0.0,0.0,-1.6289739685280409,-0.0020777729190408684,-0.396,0.2376,-0.0396,0.0,-0.2427265987778986,0.0,0.0,-0.12217304763960307,0.0,0.0,-1.591574055985305,0.0,sine,1,0.3,1.0,20,40,5.650019407272339,0.0
1779527358.773669,0.0,-0.12217304763960307,0.0,0.0,-1.591574055985305,0.0,-0.5148,0.6732,0.1188,0.0,-0.2533357822676726,0.0,0.0,-0.13962634015954636,0.0,0.0,-1.6539072435565312,0.0,sine,1,0.3,1.0,20,40,5.660037040710449,0.0
1779527358.7833476,0.0,-0.13962634015954636,0.0,0.0,-1.6539072435565312,0.0,-0.1188,0.99,0.198,0.0,-0.26318273732471825,0.0,0.0,-0.15358897417550102,0.0,0.0,-1.53131864133312,0.0,sine,1,0.3,1.0,20,40,5.670320749282837,0.0
1779527358.7933643,0.0,-0.15358897417550102,0.0,0.0,-1.53131864133312,0.0,-0.3168,0.99,-0.0792,0.0,-0.27144759526880374,0.0,0.0,-0.16929693744344998,0.0,-0.0020777729190408684,-1.481452091276139,0.0020777729190408684,sine,1,0.3,1.0,20,40,5.679999351501465,0.0
1779527358.8033454,0.0,-0.16929693744344998,0.0,-0.0020777729190408684,-1.481452091276139,0.0020777729190408684,-0.2376,-0.35639999999999994,0.0,0.0,-0.27894406842128905,0.0,0.0,-0.1832595714594046,0.0,0.0020777729190408684,-1.404574493271627,0.0,sine,1,0.3,1.0,20,40,5.690016031265259,0.0
1779527358.8133948,0.0,-0.1832595714594046,0.0,0.0020777729190408684,-1.404574493271627,0.0,-0.3168,0.27720000000000006,0.1584,0.0,-0.2853153161208168,0.0,0.0,-0.1954768762233649,0.0,0.0,-1.3463968515384828,0.0,sine,1,0.3,1.0,20,40,5.699997186660767,0.0
1779527358.8235679,0.0,-0.1954768762233649,0.0,0.0,-1.3463968515384828,0.0,-0.3168,0.0,-0.1584,0.0,-0.29059674765234944,0.0,0.0,-0.2076941809873252,0.0,0.0,-1.261208161857807,0.0,sine,1,0.3,1.0,20,40,5.7100465297698975,0.0
1779527358.8333464,0.0,-0.2076941809873252,0.0,0.0,-1.261208161857807,0.0,-0.3168,0.1584,0.0792,0.0,-0.29476346284902455,0.0,0.0,-0.21991148575128555,0.0,-0.0020777729190408684,-1.2300415680721941,0.0,sine,1,0.3,1.0,20,40,5.720219612121582,0.0
1779527358.8433812,0.0,-0.21991148575128555,0.0,-0.0020777729190408684,-1.2300415680721941,0.0,0.0396,0.35639999999999994,0.1188,0.0,-0.2976339642729624,0.0,0.0,-0.23212879051524585,0.0,0.0,-1.1116085116868646,0.0,sine,1,0.3,1.0,20,40,5.7299981117248535,0.0
1779527358.853511,0.0,-0.23212879051524585,0.0,0.0,-1.1116085116868646,0.0,0.1584,0.4752,0.2376,0.0,-0.29941190742096374,0.0,0.0,-0.24085543677521748,0.0,0.0,-1.0243420490871482,0.0,sine,1,0.3,1.0,20,40,5.740032911300659,0.0
1779527358.8633606,0.0,-0.24085543677521748,0.0,0.0,-1.0243420490871482,0.0,0.0792,0.99,0.1188,0.0,-0.2999998429736427,0.0,0.0,-0.25132741228718347,0.0,0.0,-0.9391533594064725,0.0,sine,1,0.3,1.0,20,40,5.750162839889526,0.0
1779527358.8736453,0.0,-0.25132741228718347,0.0,0.0,-0.9391533594064725,0.0,0.1188,1.4652,-0.0792,0.0,-0.2994065513835869,0.0,0.0,-0.25830872929516074,0.0,0.0020777729190408684,-0.8601979884829195,0.0,sine,1,0.3,1.0,20,40,5.76001238822937,0.0
1779527358.8833582,0.0,-0.25830872929516074,0.0,0.0020777729190408684,-0.8601979884829195,0.0,-0.1188,0.0396,-0.1584,0.0,-0.2975637145692603,0.0,0.0,-0.2670353755551324,0.0,0.0,-0.7479982508547126,0.0,sine,1,0.3,1.0,20,40,5.770297050476074,0.0
1779527358.893485,0.0,-0.2670353755551324,0.0,0.0,-0.7479982508547126,0.0,-0.1584,1.2672,0.0396,0.0,-0.29468264789274623,0.0,0.0,-0.27227136331111546,0.0,0.0,-0.6295651944693831,0.0020777729190408684,sine,1,0.3,1.0,20,40,5.780009984970093,0.0
1779527358.9033718,0.0,-0.27227136331111546,0.0,0.0,-0.6295651944693831,0.0020777729190408684,-0.198,0.5940000000000001,0.0,0.0,-0.2905107067138525,0.0,0.0,-0.2775073510670984,0.0,0.0,-0.4986655005698084,0.0,sine,1,0.3,1.0,20,40,5.790136814117432,0.0
1779527358.9135094,0.0,-0.2775073510670984,0.0,0.0,-0.4986655005698084,0.0,-0.0792,1.782,-0.0792,0.0,-0.2853032309290482,0.0,0.0,-0.28099800957108706,0.0,0.0,-0.4113990379700919,0.0,sine,1,0.3,1.0,20,40,5.800023555755615,0.0
1779527358.9233677,0.0,-0.28099800957108706,0.0,0.0,-0.4113990379700919,0.0,0.0,0.35639999999999994,0.0,0.0,-0.27882100629379425,0.0,0.0,-0.28274333882308134,0.0,0.0,-0.2763437982324355,0.0,sine,1,0.3,1.0,20,40,5.810161113739014,0.0
1779527358.9333687,0.0,-0.28274333882308134,0.0,0.0,-0.2763437982324355,0.0,-0.0396,0.5148,0.0396,0.0,-0.2714324766815188,0.0,0.0,-0.2844886680750757,0.0,0.0,-0.16206628768518774,0.0,sine,1,0.3,1.0,20,40,5.820019483566284,0.0
1779527358.9435084,0.0,-0.2844886680750757,0.0,0.0,-0.16206628768518774,0.0,-0.0396,0.27720000000000006,0.0792,0.0,-0.2628734517709784,0.0,0.0,-0.28623399732707006,0.0,0.0020777729190408684,-0.07687759800451213,0.0,sine,1,0.3,1.0,20,40,5.830020427703857,0.0
1779527358.9533849,0.0,-0.28623399732707006,0.0,0.0020777729190408684,-0.07687759800451213,0.0,-0.0792,0.99,-0.1188,0.0,-0.2531365151453392,0.0,0.0,-0.2844886680750757,0.0,0.0,0.0,0.0,sine,1,0.3,1.0,20,40,5.840160131454468,0.0
1779527358.9634917,0.0,-0.2844886680750757,0.0,0.0,0.0,0.0,-0.0396,0.4752,0.0,0.0,-0.24266451758007085,0.0,0.0,-0.2844886680750757,0.0,0.0,0.09557755427587994,0.0,sine,1,0.3,1.0,20,40,5.85003662109375,0.0
1779527358.9733708,0.0,-0.2844886680750757,0.0,0.0,0.09557755427587994,0.0,-0.0792,0.4752,0.0792,0.0,-0.23098155388492533,0.0,0.0,-0.28099800957108706,0.0,0.0,0.3241325753703755,0.0,sine,1,0.3,1.0,20,40,5.860143423080444,0.0
1779527358.9834576,0.0,-0.28099800957108706,0.0,0.0,0.3241325753703755,0.0,-0.0792,-0.198,0.2376,0.0,-0.21866150778401044,0.0,0.0,-0.27576202181510406,0.0,0.0,0.4529544963509093,0.0,sine,1,0.3,1.0,20,40,5.870022535324097,0.0
1779527358.993393,0.0,-0.27576202181510406,0.0,0.0,0.4529544963509093,0.0,-0.0792,-1.2672,0.2376,0.0,-0.20521388317404435,0.0,0.0,-0.2687807048071268,0.0,0.0,0.5817764173314431,0.0,sine,1,0.3,1.0,20,40,5.8801093101501465,0.0
1779527359.0035002,0.0,-0.2687807048071268,0.0,0.0,0.5817764173314431,0.0,0.0,0.1584,0.0396,0.0,-0.19116228357290044,0.0,0.0,-0.2635447170511438,0.0,0.0,0.5755430985743205,0.0,sine,1,0.3,1.0,20,40,5.890044689178467,0.0
1779527359.0134754,0.0,-0.2635447170511438,0.0,0.0,0.5755430985743205,0.0,-0.0792,-1.2276,0.1188,0.0,-0.17610375004500192,0.0,0.0,-0.25656340004316647,0.0,0.0,0.6524206965788326,-0.0020777729190408684,sine,1,0.3,1.0,20,40,5.900151968002319,0.0
1779527359.023445,0.0,-0.25656340004316647,0.0,0.0,0.6524206965788326,-0.0020777729190408684,-0.0792,0.198,0.198,0.0,-0.16054560477220933,0.0,0.0,-0.24958208303518914,0.0,0.0,0.7355316133404673,0.0,sine,1,0.3,1.0,20,40,5.91012716293335,0.0
1779527359.0333433,0.0,-0.24958208303518914,0.0,0.0,0.7355316133404673,0.0,-0.1584,-1.0296,0.27720000000000006,0.0,-0.14436645263378,0.0,0.0,-0.23911010752322315,0.0,0.0,0.9640866344349629,0.0020777729190408684,sine,1,0.3,1.0,20,40,5.9200966358184814,0.0
1779527359.043323,0.0,-0.23911010752322315,0.0,0.0,0.9640866344349629,0.0020777729190408684,0.0792,-1.0296,0.3168,0.0,-0.1277422129247374,0.0,0.0,-0.2303834612632515,0.0,0.0,0.9640866344349629,0.0,sine,1,0.3,1.0,20,40,5.929995059967041,0.0
1779527359.0533996,0.0,-0.2303834612632515,0.0,0.0,0.9640866344349629,0.0,0.0,-0.0396,0.1584,0.0,-0.11048155617115767,0.0,0.0,-0.21991148575128555,0.0,0.0,1.0347309136823524,0.0,sine,1,0.3,1.0,20,40,5.939974784851074,0.0
1779527359.063554,0.0,-0.21991148575128555,0.0,0.0,1.0347309136823524,0.0,-0.198,0.4356,0.2376,0.0,-0.09261311425806436,0.0,0.0,-0.2059488517353309,0.0,0.0,1.2674414806149297,0.0020777729190408684,sine,1,0.3,1.0,20,40,5.950051307678223,0.0
1779527359.0735202,0.0,-0.2059488517353309,0.0,0.0,1.2674414806149297,0.0020777729190408684,0.1188,0.0396,-0.4356,0.0,-0.0742311794503063,0.0,0.0,-0.1937315469713706,0.0,0.0,1.2466637514245211,0.0,sine,1,0.3,1.0,20,40,5.960205793380737,0.0
1779527359.083349,0.0,-0.1937315469713706,0.0,0.0,1.2466637514245211,0.0,0.2376,0.4356,0.2376,0.0,-0.05589602452974841,0.0,0.0,-0.17802358370342164,0.0,0.0,1.4648299079238123,0.0,sine,1,0.3,1.0,20,40,5.970171928405762,0.0
1779527359.0934172,0.0,-0.17802358370342164,0.0,0.0,1.4648299079238123,0.0,0.1584,-1.9008,0.5940000000000001,0.0,-0.037598596805572614,0.0,0.0,-0.1658062789394613,0.0,0.0,1.3775634453240957,0.0,sine,1,0.3,1.0,20,40,5.980000734329224,0.0
1779527359.103453,0.0,-0.1658062789394613,0.0,0.0,1.3775634453240957,0.0,-0.1584,-1.2672,0.2376,0.0,-0.018707513405383142,0.0,0.0,-0.15009831567151233,0.0,0.0,1.419118903704913,0.0,sine,1,0.3,1.0,20,40,5.9900689125061035,0.0
1779527359.1133735,0.0,-0.15009831567151233,0.0,0.0,1.419118903704913,0.0,-0.0792,-2.1384,0.3168,0.0,0.0001972902882822393,0.0,0.0,-0.13613568165555773,0.0,0.0,1.4482077245714853,0.0020777729190408684,sine,1,0.3,1.0,20,40,6.000104665756226,0.0
1779527359.1235242,0.0,-0.13613568165555773,0.0,0.0,1.4482077245714853,0.0020777729190408684,-0.1584,-1.1483999999999999,-0.3168,0.0,0.018884680973103175,0.0,0.0,-0.12042771838760874,0.0,-0.0020777729190408684,1.529240868414079,0.0,sine,1,0.3,1.0,20,40,6.010025262832642,0.0
1779527359.133383,0.0,-0.12042771838760874,0.0,-0.0020777729190408684,1.529240868414079,0.0,-0.0792,-0.0792,-0.5544000000000001,0.0,0.03792895951929197,0.0,0.0,-0.10471975511965977,0.0,0.0,1.593651828904346,0.0,sine,1,0.3,1.0,20,40,6.020175933837891,0.0
1779527359.143345,0.0,-0.10471975511965977,0.0,0.0,1.593651828904346,0.0,0.0,-0.5940000000000001,0.7524000000000001,0.0,0.056278791492680266,0.0,0.0,-0.08901179185171082,0.0,0.0,1.6455961518803677,0.0,sine,1,0.3,1.0,20,40,6.030034780502319,0.0
1779527359.1535215,0.0,-0.08901179185171082,0.0,0.0,1.6455961518803677,0.0,-0.0396,-1.3464,-0.3168,0.0,0.0746012377259068,0.0,0.0,-0.07155849933176751,0.0,0.0,1.6767627456659808,-0.0020777729190408684,sine,1,0.3,1.0,20,40,6.039996862411499,0.0
1779527359.1634972,0.0,-0.07155849933176751,0.0,0.0,1.6767627456659808,-0.0020777729190408684,-0.0396,-0.8712,0.5544000000000001,0.0,0.09301568694146772,0.0,0.0,-0.054105206811824215,0.0,0.0,1.691307156099267,0.0020777729190408684,sine,1,0.3,1.0,20,40,6.050173282623291,0.0
1779527359.173384,0.0,-0.054105206811824215,0.0,0.0,1.691307156099267,0.0020777729190408684,-0.396,-0.6336,-0.6336,0.0,0.11069837298760815,0.0,0.0,-0.03490658503988659,0.0,0.0,1.8990844480033537,0.0,sine,1,0.3,1.0,20,40,6.0601489543914795,0.0
1779527359.183377,0.0,-0.03490658503988659,0.0,0.0,1.8990844480033537,0.0,0.1584,-1.2672,-0.4752,0.0,0.12779466593423522,0.0,0.0,-0.017453292519943295,0.0,0.0,1.8242846229178824,0.0,sine,1,0.3,1.0,20,40,6.070035696029663,0.0
1779527359.1933734,0.0,-0.017453292519943295,0.0,0.0,1.8242846229178824,0.0,-0.1188,-0.792,0.5544000000000001,0.0,0.14457362601940932,0.0,0.0,0.0,0.0,0.0,1.801429120808433,0.0020777729190408684,sine,1,0.3,1.0,20,40,6.080028772354126,0.0
1779527359.2035048,0.0,0.0,0.0,0.0,1.801429120808433,0.0020777729190408684,0.0,-1.8612000000000002,-0.9107999999999999,0.0,0.16078812137698262,0.0,0.0,0.015707963267948967,0.0,-0.004155545838081737,1.7640292082656972,0.0020777729190408684,sine,1,0.3,1.0,20,40,6.090025186538696,0.0
1779527359.2133472,0.0,0.015707963267948967,0.0,-0.004155545838081737,1.7640292082656972,0.0020777729190408684,0.0,0.5148,-0.6336,0.0,0.17657421635985623,0.0,0.0,0.03316125578789226,0.0,0.0,1.751562570751452,0.0,sine,1,0.3,1.0,20,40,6.100156545639038,0.0
1779527359.2233691,0.0,0.03316125578789226,0.0,0.0,1.751562570751452,0.0,0.0,-1.9008,-0.5940000000000001,0.0,0.19122565945871123,0.0,0.0,0.050614548307835565,0.0,0.0,1.749484797832411,0.0,sine,1,0.3,1.0,20,40,6.109998941421509,0.0
1779527359.2334337,0.0,0.050614548307835565,0.0,0.0,1.749484797832411,0.0,0.0,-0.0792,-0.7127999999999999,0.0,0.20539280197240908,0.0,0.0,0.06806784082777886,0.0,0.0,1.7577958895085746,0.0,sine,1,0.3,1.0,20,40,6.120020866394043,0.0
1779527359.2433858,0.0,0.06806784082777886,0.0,0.0,1.7577958895085746,0.0,0.1584,-1.3068,-0.9107999999999999,0.0,0.21880083992052382,0.0,0.0,0.08726646259971647,0.0,0.0020777729190408684,1.861684535460618,0.0,sine,1,0.3,1.0,20,40,6.130085468292236,0.0
1779527359.253452,0.0,0.08726646259971647,0.0,0.0020777729190408684,1.861684535460618,0.0,-0.0792,-1.0692,-0.5940000000000001,0.0,0.23119906725095157,0.0,0.0,0.10471975511965977,0.0,0.0,1.7120848852896755,0.0,sine,1,0.3,1.0,20,40,6.140037536621094,0.0
1779527359.2633488,0.0,0.10471975511965977,0.0,0.0,1.7120848852896755,0.0,-0.1584,0.0396,-0.396,0.0,0.24282006004855702,0.0,0.0,0.12042771838760874,0.0,0.0,1.6518294706374903,0.0,sine,1,0.3,1.0,20,40,6.150103807449341,0.0
1779527359.273561,0.0,0.12042771838760874,0.0,0.0,1.6518294706374903,0.0,-0.0792,-1.7028,-0.6732,0.0,0.25329894594901187,0.0,0.0,0.13788101090755203,0.0,0.0,1.6996182477754302,0.0,sine,1,0.3,1.0,20,40,6.160000562667847,0.0
1779527359.2833703,0.0,0.13788101090755203,0.0,0.0,1.6996182477754302,0.0,-0.0396,-0.6732,-0.7524000000000001,0.0,0.2630849600809361,0.0,0.0,0.15533430342749532,0.0,0.0,1.703773793613512,0.0,sine,1,0.3,1.0,20,40,6.170212745666504,0.0
1779527359.2933495,0.0,0.15533430342749532,0.0,0.0,1.703773793613512,0.0,0.0,-0.7524000000000001,-0.7524000000000001,0.0,0.2714657708137873,0.0,0.0,0.1710422666954443,0.0,0.0,1.626896195609,0.0,sine,1,0.3,1.0,20,40,6.1800220012664795,0.0
1779527359.3033848,0.0,0.1710422666954443,0.0,0.0,1.626896195609,0.0,0.0792,-2.8908,-0.5940000000000001,0.0,0.2789338126544626,0.0,0.0,0.18500490071139894,0.0,0.0,1.4419744058143626,0.0,sine,1,0.3,1.0,20,40,6.1900012493133545,0.0
1779527359.313533,0.0,0.18500490071139894,0.0,0.0,1.4419744058143626,0.0,-0.0792,-1.6632,-0.5544000000000001,0.0,0.2853382230006636,0.0,0.0,0.1989675347273536,0.0,0.0020777729190408684,1.4128855849477906,0.0,sine,1,0.3,1.0,20,40,6.200036525726318,0.0
1779527359.323513,0.0,0.1989675347273536,0.0,0.0020777729190408684,1.4128855849477906,0.0,0.1188,-1.782,-0.6732,0.0,0.2906613868767548,0.0,0.0,0.2111848394913139,0.0,0.0,1.2653637076958888,0.0,sine,1,0.3,1.0,20,40,6.210184812545776,0.0
1779527359.333386,0.0,0.2111848394913139,0.0,0.0,1.2653637076958888,0.0,-0.0396,-1.5048000000000001,-0.5544000000000001,0.0,0.29474421700266545,0.0,0.0,0.22165681500327988,0.0,-0.0020777729190408684,1.1780972450961724,0.0,sine,1,0.3,1.0,20,40,6.220164775848389,0.0
1779527359.3433602,0.0,0.22165681500327988,0.0,-0.0020777729190408684,1.1780972450961724,0.0,-0.0792,-2.2572,-0.6732,0.0,0.29764330603326006,0.0,0.0,0.23387411976724018,0.0,0.0,1.0845974637393332,0.0,sine,1,0.3,1.0,20,40,6.230037689208984,0.0
1779527359.3535254,0.0,0.23387411976724018,0.0,0.0,1.0845974637393332,0.0,0.0396,-1.782,-0.5544000000000001,0.0,0.2994094297454592,0.0,0.0,0.24260076602721178,0.0,0.0,1.0077198657348212,0.0,sine,1,0.3,1.0,20,40,6.240011930465698,0.0
1779527359.3633873,0.0,0.24260076602721178,0.0,0.0,1.0077198657348212,0.0,-0.0792,-1.2276,-0.5940000000000001,0.0,0.29999981417301985,0.0,0.0,0.25132741228718347,0.0,0.0020777729190408684,0.9412311323255134,0.0,sine,1,0.3,1.0,20,40,6.2501771450042725,0.0
1779527359.373544,0.0,0.25132741228718347,0.0,0.0020777729190408684,0.9412311323255134,0.0,0.0396,-0.2376,-0.4752,0.0,0.29940338277739026,0.0,0.0,0.26005405854715513,0.0,0.0,0.8144869842640204,0.0,sine,1,0.3,1.0,20,40,6.2600390911102295,0.0
1779527359.3833678,0.0,0.26005405854715513,0.0,0.0,0.8144869842640204,0.0,-0.0396,-1.3068,-0.5544000000000001,0.0,0.2975879463621103,0.0,0.0,0.2670353755551324,0.0,0.0,0.7251427487452631,0.0,sine,1,0.3,1.0,20,40,6.270195722579956,0.0
1779527359.3933818,0.0,0.2670353755551324,0.0,0.0,0.7251427487452631,0.0,0.0,-0.5544000000000001,-0.5940000000000001,0.0,0.2946792778261814,0.0,0.0,0.27227136331111546,0.0,-0.0020777729190408684,0.6087874652789744,0.0,sine,1,0.3,1.0,20,40,6.280019521713257,0.0
1779527359.4034808,0.0,0.27227136331111546,0.0,-0.0020777729190408684,0.6087874652789744,0.0,0.0,-1.3464,-0.35639999999999994,0.0,0.29055920112366757,0.0,0.0,0.2775073510670984,0.0,0.0,0.49035440889364496,0.0,sine,1,0.3,1.0,20,40,6.290033578872681,0.0
1779527359.413469,0.0,0.2775073510670984,0.0,0.0,0.49035440889364496,0.0,0.0396,0.27720000000000006,-0.3168,0.0,0.28523966936438927,0.0,0.0,0.28099800957108706,0.0,-0.0020777729190408684,0.4010101733748876,0.0,sine,1,0.3,1.0,20,40,6.300132513046265,0.0
1779527359.4233813,0.0,0.28099800957108706,0.0,-0.0020777729190408684,0.4010101733748876,0.0,0.0,-1.3464,-0.3168,0.0,0.2788490278986263,0.0,0.0,0.2844886680750757,0.0,-0.004155545838081737,0.26803270655627204,0.0,sine,1,0.3,1.0,20,40,6.3101208209991455,0.0
1779527359.433613,0.0,0.2844886680750757,0.0,-0.004155545838081737,0.26803270655627204,0.0,0.0,-1.5048000000000001,-0.27720000000000006,0.0,0.2714215659727756,0.0,0.0,0.2844886680750757,0.0,-0.004155545838081737,0.26803270655627204,0.0,sine,1,0.3,1.0,20,40,6.320033073425293,0.0
1779527359.4433467,0.0,0.2844886680750757,0.0,-0.004155545838081737,0.26803270655627204,0.0,0.0,-1.5048000000000001,-0.27720000000000006,0.0,0.26265117339317956,0.0,0.0,0.28623399732707006,0.0,0.0,0.1973884273088825,0.0,sine,1,0.3,1.0,20,40,6.3302648067474365,0.0
1779527359.453315,0.0,0.28623399732707006,0.0,0.0,0.1973884273088825,0.0,0.0,1.3068,-0.35639999999999994,0.0,0.25329990915942213,0.0,0.0,0.2844886680750757,0.0,0.0020777729190408684,-0.05817764173314431,0.0,sine,1,0.3,1.0,20,40,6.339998483657837,0.0
1779527359.4633632,0.0,0.2844886680750757,0.0,0.0020777729190408684,-0.05817764173314431,0.0,-0.1188,1.9404,-0.1584,0.0,0.24274191631785613,0.0,0.0,0.2844886680750757,0.0,0.0,-0.12882192098053383,0.0,sine,1,0.3,1.0,20,40,6.349966764450073,0.0
1779527359.4734087,0.0,0.2844886680750757,0.0,0.0,-0.12882192098053383,0.0,-0.35639999999999994,2.4155999999999995,0.1188,0.0,0.23113605064753748,0.0,0.0,0.2792526803190927,0.0,0.0,-0.33036589412749806,0.0020777729190408684,sine,1,0.3,1.0,20,40,6.360014915466309,0.0
1779527359.4835384,0.0,0.2792526803190927,0.0,0.0,-0.33036589412749806,0.0020777729190408684,-0.1188,0.8316,-0.27720000000000006,0.0,0.21861257924922387,0.0,0.0,0.27576202181510406,0.0,0.0,-0.3511436233179068,0.0,sine,1,0.3,1.0,20,40,6.370060443878174,0.0
1779527359.4934688,0.0,0.27576202181510406,0.0,0.0,-0.3511436233179068,0.0,-0.4752,1.4652,-0.0396,0.0,0.20510272713903205,0.0,0.0,0.27052603405912107,0.0,0.0,-0.5609986881410345,-0.0020777729190408684,sine,1,0.3,1.0,20,40,6.380190134048462,0.0
1779527359.503353,0.0,0.27052603405912107,0.0,0.0,-0.5609986881410345,-0.0020777729190408684,-0.27720000000000006,2.0196,-0.1188,0.0,0.19105212081470804,0.0,0.0,0.2635447170511438,0.0,0.0,-0.6835872903644457,0.0,sine,1,0.3,1.0,20,40,6.390120506286621,0.0
1779527359.5133655,0.0,0.2635447170511438,0.0,0.0,-0.6835872903644457,0.0,-0.1584,0.9504,0.2376,0.0,0.1763281585925703,0.0,0.0,0.25656340004316647,0.0,0.0,-0.6856650632834865,0.0,sine,1,0.3,1.0,20,40,6.400004863739014,0.0
1779527359.5233688,0.0,0.25656340004316647,0.0,0.0,-0.6856650632834865,0.0,0.198,1.8612000000000002,0.0396,0.0,0.16072058068551462,0.0,0.0,0.2478367537831948,0.0,0.0,-0.758387115449917,-0.0020777729190408684,sine,1,0.3,1.0,20,40,6.410017251968384,0.0
1779527359.5334976,0.0,0.2478367537831948,0.0,0.0,-0.758387115449917,-0.0020777729190408684,-0.27720000000000006,0.792,-0.1188,0.0,0.14449210651332622,0.0,0.0,0.24085543677521748,0.0,0.0,-0.8414980322115517,-0.0020777729190408684,sine,1,0.3,1.0,20,40,6.420020580291748,0.0
1779527359.5433433,0.0,0.24085543677521748,0.0,0.0,-0.8414980322115517,-0.0020777729190408684,-0.3168,0.27720000000000006,-0.0396,0.0,0.12747906272866283,0.0,0.0,0.2303834612632515,0.0,0.0,-0.9329200406493499,0.0,sine,1,0.3,1.0,20,40,6.43014931678772,0.0
1779527359.5533874,0.0,0.2303834612632515,0.0,0.0,-0.9329200406493499,0.0,-0.6336,1.0692,-0.0396,0.0,0.11044604030542592,0.0,0.0,0.2181661564992912,0.0,0.0,-1.167708380500968,-0.004155545838081737,sine,1,0.3,1.0,20,40,6.439995050430298,0.0
1779527359.5633662,0.0,0.2181661564992912,0.0,0.0,-1.167708380500968,-0.004155545838081737,-0.1584,0.7524000000000001,-0.1188,0.0,0.09263491432368857,0.0,0.0,0.2076941809873252,0.0,0.0,-1.1427751054724775,0.0,sine,1,0.3,1.0,20,40,6.4500391483306885,0.0
1779527359.5734553,0.0,0.2076941809873252,0.0,0.0,-1.1427751054724775,0.0,0.4356,1.5444,0.2376,0.0,0.07457424932220191,0.0,0.0,0.1954768762233649,0.0,0.0,-1.2175749305579489,0.0,sine,1,0.3,1.0,20,40,6.460017919540405,0.0
1779527359.583465,0.0,0.1954768762233649,0.0,0.0,-1.2175749305579489,0.0,-0.6732,1.0692,0.0,0.0,0.05601611846351544,0.0,0.0,0.17976891295541597,0.0,0.0,-1.4461299516524444,-0.006233318757122605,sine,1,0.3,1.0,20,40,6.470107078552246,0.0
1779527359.5933774,0.0,0.17976891295541597,0.0,0.0,-1.4461299516524444,-0.006233318757122605,-0.1584,-0.1188,-0.2376,0.0,0.03738145057693205,0.0,0.0,0.1658062789394613,0.0,0.0020777729190408684,-1.404574493271627,0.004155545838081737,sine,1,0.3,1.0,20,40,6.480116844177246,0.0
1779527359.603341,0.0,0.1658062789394613,0.0,0.0020777729190408684,-1.404574493271627,0.004155545838081737,-0.6336,0.3168,0.2376,0.0,0.018782417964691586,0.0,0.0,0.1518436449235067,0.0,-0.0020777729190408684,-1.4461299516524444,-0.0020777729190408684,sine,1,0.3,1.0,20,40,6.4900290966033936,0.0
1779527359.6133966,0.0,0.1518436449235067,0.0,-0.0020777729190408684,-1.4461299516524444,-0.0020777729190408684,-0.7127999999999999,0.35639999999999994,0.0,0.0,1.3482253013410942e-05,0.0,0.0,0.1343903524035634,0.0,-0.004155545838081737,-1.6372850602042042,-0.004155545838081737,sine,1,0.3,1.0,20,40,6.499992847442627,0.0
1779527359.6233904,0.0,0.1343903524035634,0.0,-0.004155545838081737,-1.6372850602042042,-0.004155545838081737,0.1584,0.8712,-0.1584,0.0,-0.018928186936571768,0.0,0.0,0.12042771838760874,0.0,-0.0020777729190408684,-1.562485235118733,0.004155545838081737,sine,1,0.3,1.0,20,40,6.5100483894348145,0.0
1779527359.633349,0.0,0.12042771838760874,0.0,-0.0020777729190408684,-1.562485235118733,0.004155545838081737,-0.35639999999999994,1.1088000000000002,0.0,0.0,-0.03767885113306741,0.0,0.0,0.10297442586766545,0.0,0.0,-1.5978073747424277,0.0,sine,1,0.3,1.0,20,40,6.520042181015015,0.0
1779527359.6433501,0.0,0.10297442586766545,0.0,0.0,-1.5978073747424277,0.0,0.198,0.1188,-0.0396,0.0,-0.05621566574593816,0.0,0.0,0.08726646259971647,0.0,0.0,-1.626896195609,-0.0020777729190408684,sine,1,0.3,1.0,20,40,6.530000686645508,0.0
1779527359.6533694,0.0,0.08726646259971647,0.0,0.0,-1.626896195609,-0.0020777729190408684,0.5544000000000001,0.6732,-0.0792,0.0,-0.07461037881353358,0.0,0.0,0.06806784082777886,0.0,0.0,-1.8554512167034956,-0.0020777729190408684,sine,1,0.3,1.0,20,40,6.54000186920166,0.0
1779527359.6633818,0.0,0.06806784082777886,0.0,0.0,-1.8554512167034956,-0.0020777729190408684,-0.396,0.792,-0.0396,0.0,-0.09274305175051335,0.0,0.0,0.048869219055841226,0.0,0.0,-1.8970066750843129,-0.0020777729190408684,sine,1,0.3,1.0,20,40,6.550021171569824,0.0
1779527359.67349,0.0,0.048869219055841226,0.0,0.0,-1.8970066750843129,-0.0020777729190408684,-0.3168,1.1088000000000002,0.1584,0.0,-0.11049617983054263,0.0,0.0,0.029670597283903605,0.0,0.0,-1.9177844042747214,0.0020777729190408684,sine,1,0.3,1.0,20,40,6.560033559799194,0.0
1779527359.683505,0.0,0.029670597283903605,0.0,0.0,-1.9177844042747214,0.0020777729190408684,-0.2376,0.396,-0.1584,0.0,-0.12797557184768207,0.0,0.0,0.012217304763960306,0.0,0.0,-1.7764958457799425,0.0,sine,1,0.3,1.0,20,40,6.570141792297363,0.0
1779527359.693626,0.0,0.012217304763960306,0.0,0.0,-1.7764958457799425,0.0,-0.35639999999999994,1.3860000000000001,0.0396,0.0,-0.14478503932833794,0.0,0.0,-0.003490658503988659,0.0,0.0,-1.7577958895085746,0.0,sine,1,0.3,1.0,20,40,6.5801568031311035,0.0
1779527359.7033699,0.0,-0.003490658503988659,0.0,0.0,-1.7577958895085746,0.0,0.4356,0.7524000000000001,-0.3168,0.0,-0.161189714047464,0.0,0.0,-0.022689280275926284,0.0,0.0,-1.8866178104891085,-0.0020777729190408684,sine,1,0.3,1.0,20,40,6.590277671813965,0.0
1779527359.7136183,0.0,-0.022689280275926284,0.0,0.0,-1.8866178104891085,-0.0020777729190408684,-0.396,0.4356,-0.1188,0.0,-0.17636851432644357,0.0,0.0,-0.04014257279586959,0.0,0.0,-1.8886955834081494,0.0020777729190408684,sine,1,0.3,1.0,20,40,6.600021600723267,0.0
1779527359.7233055,0.0,-0.04014257279586959,0.0,0.0,-1.8886955834081494,0.0020777729190408684,-0.396,0.9107999999999999,0.0,0.0,-0.19161909889886336,0.0,0.0,-0.05934119456780721,0.0,0.0,-1.8803844917319859,0.0,sine,1,0.3,1.0,20,40,6.610270023345947,0.0
1779527359.7335,0.0,-0.05934119456780721,0.0,0.0,-1.8803844917319859,0.0,-0.396,-0.1188,0.0,0.0,-0.2053053258740858,0.0,0.0,-0.07853981633974483,0.0,-0.0020777729190408684,-1.8699956271367815,0.0,sine,1,0.3,1.0,20,40,6.619957208633423,0.0
1779527359.743361,0.0,-0.07853981633974483,0.0,-0.0020777729190408684,-1.8699956271367815,0.0,0.2376,1.5048000000000001,0.0,0.0,-0.21888629628970435,0.0,0.0,-0.09599310885968812,0.0,0.0,-1.8388290333511685,0.0,sine,1,0.3,1.0,20,40,6.630151748657227,0.0
1779527359.7533736,0.0,-0.09599310885968812,0.0,0.0,-1.8388290333511685,0.0,0.1188,0.0396,-0.0792,0.0,-0.23116928071305254,0.0,0.0,-0.1117010721276371,0.0,0.0,-1.6435183789613268,0.0,sine,1,0.3,1.0,20,40,6.640012741088867,0.0
1779527359.763397,0.0,-0.1117010721276371,0.0,0.0,-1.6435183789613268,0.0,-0.5544000000000001,1.0296,-0.0792,0.0,-0.24273320139050725,0.0,0.0,-0.12915436464758037,0.0,0.0020777729190408684,-1.672607199827899,0.0,sine,1,0.3,1.0,20,40,6.650025367736816,0.0
1779527359.7733848,0.0,-0.12915436464758037,0.0,0.0020777729190408684,-1.672607199827899,0.0,-0.35639999999999994,0.5940000000000001,0.1188,0.0,-0.253347576706602,0.0,0.0,-0.14486232791552936,0.0,0.0,-1.626896195609,0.0,sine,1,0.3,1.0,20,40,6.660048723220825,0.0
1779527359.783343,0.0,-0.14486232791552936,0.0,0.0,-1.626896195609,0.0,-0.2376,0.6336,-0.0396,0.0,-0.2629251914973093,0.0,0.0,-0.16057029118347835,0.0,0.0,-1.48352986419518,0.0,sine,1,0.3,1.0,20,40,6.670036554336548,0.0
1779527359.793359,0.0,-0.16057029118347835,0.0,0.0,-1.48352986419518,0.0,-0.27720000000000006,0.6336,0.0,0.0,-0.27144395950008277,0.0,0.0,-0.17278759594743864,0.0,0.0,-1.406652266190668,0.0020777729190408684,sine,1,0.3,1.0,20,40,6.679994821548462,0.0
1779527359.8033,0.0,-0.17278759594743864,0.0,0.0,-1.406652266190668,0.0020777729190408684,-0.35639999999999994,0.8316,0.0,0.0,-0.2789404295536458,0.0,0.0,-0.18849555921538758,0.0,0.0,-1.4253522224620356,-0.0020777729190408684,sine,1,0.3,1.0,20,40,6.6900107860565186,0.0
1779527359.8133826,0.0,-0.18849555921538758,0.0,0.0,-1.4253522224620356,-0.0020777729190408684,-0.2376,0.8712,-0.0792,0.0,-0.28528877790412294,0.0,0.0,-0.20071286397934787,0.0,0.0,-1.371330126566973,0.0,sine,1,0.3,1.0,20,40,6.699951648712158,0.0
1779527359.823424,0.0,-0.20071286397934787,0.0,0.0,-1.371330126566973,0.0,-0.1584,1.1880000000000002,-0.1584,0.0,-0.2905910533647558,0.0,0.0,-0.21293016874330822,0.0,0.0020777729190408684,-1.215497157638908,0.0,sine,1,0.3,1.0,20,40,6.710034370422363,0.0
1779527359.8333406,0.0,-0.21293016874330822,0.0,0.0020777729190408684,-1.215497157638908,0.0,-0.3168,1.2672,0.0,0.0,-0.2947129308772204,0.0,0.0,-0.2234021442552742,0.0,0.0,-1.119919603363028,0.0,sine,1,0.3,1.0,20,40,6.720075845718384,0.0
1779527359.8433459,0.0,-0.2234021442552742,0.0,0.0,-1.119919603363028,0.0,-0.35639999999999994,1.0296,-0.1188,0.0,-0.2976326121341517,0.0,0.0,-0.23561944901923448,0.0,0.0,-1.088753009577415,0.0,sine,1,0.3,1.0,20,40,6.729992389678955,0.0
1779527359.8533463,0.0,-0.23561944901923448,0.0,0.0,-1.088753009577415,0.0,-0.198,0.5544000000000001,-0.0396,0.0,-0.2994077374380078,0.0,0.0,-0.24434609527920614,0.0,0.0,-0.9807088177872899,0.0,sine,1,0.3,1.0,20,40,6.739997625350952,0.0
1779527359.8633394,0.0,-0.24434609527920614,0.0,0.0,-0.9807088177872899,0.0,-0.198,0.0,-0.1188,0.0,-0.2999999999784568,0.0,0.0,-0.2530727415391778,0.0,-0.0020777729190408684,-0.9121423114589412,0.0,sine,1,0.3,1.0,20,40,6.749998092651367,0.0
1779527359.8733568,0.0,-0.2530727415391778,0.0,-0.0020777729190408684,-0.9121423114589412,0.0,0.0792,1.2672,0.1584,0.0,-0.2994090632841102,0.0,0.0,-0.2617993877991494,0.0,0.0,-0.8227980759401838,0.0,sine,1,0.3,1.0,20,40,6.75999116897583,0.0
1779527359.8833601,0.0,-0.2617993877991494,0.0,0.0,-0.8227980759401838,0.0,-0.1188,0.8712,0.0,0.0,-0.2976323867402802,0.0,0.0,-0.2687807048071268,0.0,0.0,-0.7126761112310178,0.0,sine,1,0.3,1.0,20,40,6.770008563995361,0.0
1779527359.8933382,0.0,-0.2687807048071268,0.0,0.0,-0.7126761112310178,0.0,0.2376,0.0396,0.0396,0.0,-0.2946819739640786,0.0,0.0,-0.27401669256310973,0.0,0.0,-0.6004763736028109,0.0,sine,1,0.3,1.0,20,40,6.780011892318726,0.0
1779527359.9034169,0.0,-0.27401669256310973,0.0,0.0,-0.6004763736028109,0.0,-0.1188,0.9107999999999999,-0.0792,0.0,-0.29057965970117283,0.0,0.0,-0.2792526803190927,0.0,0.0,-0.47996554429844057,0.0,sine,1,0.3,1.0,20,40,6.789989948272705,0.0
1779527359.9133458,0.0,-0.2792526803190927,0.0,0.0,-0.47996554429844057,0.0,-0.1584,1.1880000000000002,-0.0396,0.0,-0.28527696019314686,0.0,0.0,-0.2792526803190927,0.0,0.0,-0.47996554429844057,0.0,sine,1,0.3,1.0,20,40,6.800068616867065,0.0
1779527359.9233644,0.0,-0.2792526803190927,0.0,0.0,-0.47996554429844057,0.0,-0.1584,1.1880000000000002,-0.0396,0.0,-0.2789346398216317,0.0,0.0,-0.2844886680750757,0.0,0.0,-0.25348829612298596,0.0,sine,1,0.3,1.0,20,40,6.80999755859375,0.0
1779527359.9333885,0.0,-0.2844886680750757,0.0,0.0,-0.25348829612298596,0.0,-0.1188,0.4356,0.0,0.0,-0.2714351562019903,0.0,0.0,-0.28623399732707006,0.0,-0.0020777729190408684,-0.17661069811847382,0.0,sine,1,0.3,1.0,20,40,6.820016145706177,0.0
1779527359.9433503,0.0,-0.28623399732707006,0.0,-0.0020777729190408684,-0.17661069811847382,0.0,0.0396,0.9504,0.0792,0.0,-0.26285547569817835,0.0,0.0,-0.28623399732707006,0.0,0.0020777729190408684,-0.02701104794753129,0.0,sine,1,0.3,1.0,20,40,6.830040216445923,0.0
1779527359.953389,0.0,-0.28623399732707006,0.0,0.0020777729190408684,-0.02701104794753129,0.0,-0.1584,1.0692,0.0792,0.0,-0.2532962970734908,0.0,0.0,-0.2844886680750757,0.0,0.0,0.08311091676163473,0.0,sine,1,0.3,1.0,20,40,6.840002059936523,0.0
1779527359.9633486,0.0,-0.2844886680750757,0.0,0.0,0.08311091676163473,0.0,-0.1188,0.0396,0.0792,0.0,-0.24266002543326173,0.0,0.0,-0.28274333882308134,0.0,0.0,0.14544410433286079,0.0,sine,1,0.3,1.0,20,40,6.850040674209595,0.0
1779527359.973317,0.0,-0.28274333882308134,0.0,0.0,0.14544410433286079,0.0,-0.0792,0.7127999999999999,0.0,0.0,-0.23115352594870786,0.0,0.0,-0.28099800957108706,0.0,0.0,0.2430994315277816,0.0,sine,1,0.3,1.0,20,40,6.860000371932983,0.0
1779527359.9833224,0.0,-0.28099800957108706,0.0,0.0,0.2430994315277816,0.0,-0.1188,0.1584,0.1188,0.0,-0.21873103265488036,0.0,0.0,-0.27576202181510406,0.0,0.0,0.4280212213224189,0.0,sine,1,0.3,1.0,20,40,6.86996865272522,0.0
1779527359.9933996,0.0,-0.27576202181510406,0.0,0.0,0.4280212213224189,0.0,-0.0792,-0.99,0.0,0.0,-0.20539968072133472,0.0,0.0,-0.27052603405912107,0.0,0.0,0.5817764173314431,0.0020777729190408684,sine,1,0.3,1.0,20,40,6.879974126815796,0.0
1779527360.0033455,0.0,-0.27052603405912107,0.0,0.0,0.5817764173314431,0.0020777729190408684,0.0,0.198,-0.1188,0.0,-0.1911525854487141,0.0,0.0,-0.2635447170511438,0.0,-0.0020777729190408684,0.583854190250484,0.0,sine,1,0.3,1.0,20,40,6.890051364898682,0.0
1779527360.0133884,0.0,-0.2635447170511438,0.0,-0.0020777729190408684,0.583854190250484,0.0,-0.0396,-1.4255999999999998,0.2376,0.0,-0.17633979317821943,0.0,0.0,-0.25656340004316647,0.0,0.0,0.6565762424169144,0.0,sine,1,0.3,1.0,20,40,6.899997234344482,0.0
1779527360.0233505,0.0,-0.25656340004316647,0.0,0.0,0.6565762424169144,0.0,-0.1584,0.35639999999999994,0.1584,0.0,-0.1606841495013172,0.0,0.0,-0.2478367537831948,0.0,0.0,0.8664313072400421,0.0020777729190408684,sine,1,0.3,1.0,20,40,6.9100401401519775,0.0
1779527360.0333438,0.0,-0.2478367537831948,0.0,0.0,0.8664313072400421,0.0020777729190408684,0.0,-0.9504,0.35639999999999994,0.0,-0.14452243181763902,0.0,0.0,-0.23911010752322315,0.0,0.0,0.8726646259971648,0.0,sine,1,0.3,1.0,20,40,6.920002222061157,0.0
1779527360.0433838,0.0,-0.23911010752322315,0.0,0.0,0.8726646259971648,0.0,-0.2376,-0.9504,0.396,0.0,-0.1277413996622244,0.0,0.0,-0.22863813201125718,0.0,0.0020777729190408684,1.0700530533060473,0.0020777729190408684,sine,1,0.3,1.0,20,40,6.929995536804199,0.0
1779527360.0535345,0.0,-0.22863813201125718,0.0,0.0020777729190408684,1.0700530533060473,0.0020777729190408684,-0.1188,-0.792,-0.2376,0.0,-0.11037500320237614,0.0,0.0,-0.21642082724729686,0.0,0.0,1.1947194284484992,0.0020777729190408684,sine,1,0.3,1.0,20,40,6.940035581588745,0.0
1779527360.0633483,0.0,-0.21642082724729686,0.0,0.0,1.1947194284484992,0.0020777729190408684,-0.2376,-0.5148,-0.198,0.0,-0.09237114001388162,0.0,0.0,-0.20245819323134226,0.0,0.0,1.3110747119147879,0.0,sine,1,0.3,1.0,20,40,6.950186252593994,0.0
1779527360.073364,0.0,-0.20245819323134226,0.0,0.0,1.3110747119147879,0.0,-0.1188,-1.5444,0.27720000000000006,0.0,-0.07460689650314425,0.0,0.0,-0.18849555921538758,0.0,-0.0020777729190408684,1.3983411745145045,0.0,sine,1,0.3,1.0,20,40,6.960000038146973,0.0
1779527360.0833495,0.0,-0.18849555921538758,0.0,-0.0020777729190408684,1.3983411745145045,0.0,-0.0396,-2.4155999999999995,0.2376,0.0,-0.05618520554667678,0.0,0.0,-0.1762782544514273,0.0,-0.0020777729190408684,1.306919166076706,0.0,sine,1,0.3,1.0,20,40,6.97001576423645,0.0
1779527360.0934033,0.0,-0.1762782544514273,0.0,-0.0020777729190408684,1.306919166076706,0.0,0.0396,-1.9404,0.35639999999999994,0.0,-0.0375977050754542,0.0,0.0,-0.16231562043547265,0.0,0.0,1.3214635765099922,0.0,sine,1,0.3,1.0,20,40,6.980001211166382,0.0
1779527360.1033804,0.0,-0.16231562043547265,0.0,0.0,1.3214635765099922,0.0,-0.0396,-2.1780000000000004,0.27720000000000006,0.0,-0.018733528295448845,0.0,0.0,-0.14835298641951802,0.0,0.0,1.3547079432146463,0.0,sine,1,0.3,1.0,20,40,6.990055084228516,0.0
1779527360.113376,0.0,-0.14835298641951802,0.0,0.0,1.3547079432146463,0.0,-0.0792,-1.2672,0.35639999999999994,0.0,6.0670138169351144e-05,0.0,0.0,-0.1343903524035634,0.0,0.004155545838081737,1.4149633578668315,-0.0020777729190408684,sine,1,0.3,1.0,20,40,7.000032186508179,0.0
1779527360.1233814,0.0,-0.1343903524035634,0.0,0.004155545838081737,1.4149633578668315,-0.0020777729190408684,-0.35639999999999994,-0.6336,0.396,0.0,0.018889166142425758,0.0,0.0,-0.11868238913561442,0.0,0.004155545838081737,1.655985016475572,0.0020777729190408684,sine,1,0.3,1.0,20,40,7.010027647018433,0.0
1779527360.1333547,0.0,-0.11868238913561442,0.0,0.004155545838081737,1.655985016475572,0.0020777729190408684,0.27720000000000006,0.0,-0.396,0.0,0.037661908780749466,0.0,0.0,-0.0994837673636768,0.0,0.0,1.7868847103751468,0.0020777729190408684,sine,1,0.3,1.0,20,40,7.020033121109009,0.0
1779527360.1433468,0.0,-0.0994837673636768,0.0,0.0,1.7868847103751468,0.0020777729190408684,-0.27720000000000006,-1.6236000000000002,-0.6336,0.0,0.05622626045708581,0.0,0.0,-0.08203047484373349,0.0,0.0,1.830517941675005,0.0,sine,1,0.3,1.0,20,40,7.030006408691406,0.0
1779527360.1533914,0.0,-0.08203047484373349,0.0,0.0,1.830517941675005,0.0,-0.2376,0.0792,0.3168,0.0,0.07460428476331896,0.0,0.0,-0.06283185307179587,0.0,-0.004155545838081737,1.8450623521082912,0.0,sine,1,0.3,1.0,20,40,7.039998531341553,0.0
1779527360.163359,0.0,-0.06283185307179587,0.0,-0.004155545838081737,1.8450623521082912,0.0,-0.198,-1.1483999999999999,-0.35639999999999994,0.0,0.09278237114907374,0.0,0.0,-0.04537856055185257,0.0,-0.0020777729190408684,1.8533734437844547,0.0,sine,1,0.3,1.0,20,40,7.050043106079102,0.0
1779527360.1733873,0.0,-0.04537856055185257,0.0,-0.0020777729190408684,1.8533734437844547,0.0,0.1584,0.0,-0.396,0.0,0.11045606849602492,0.0,0.0,-0.027925268031909273,0.0,-0.0020777729190408684,1.7328626144800843,-0.0020777729190408684,sine,1,0.3,1.0,20,40,7.060010671615601,0.0
1779527360.183383,0.0,-0.027925268031909273,0.0,-0.0020777729190408684,1.7328626144800843,-0.0020777729190408684,0.1188,-2.2572,-0.5148,0.0,0.12780035822187547,0.0,0.0,-0.008726646259971648,0.0,0.0,1.8533734437844547,0.0,sine,1,0.3,1.0,20,40,7.0700390338897705,0.0
1779527360.1933877,0.0,-0.008726646259971648,0.0,0.0,1.8533734437844547,0.0,0.0,-0.6336,-0.396,0.0,0.14458347042967612,0.0,0.0,0.008726646259971648,0.0,0.0,1.8741511729748632,0.0,sine,1,0.3,1.0,20,40,7.0800347328186035,0.0
1779527360.203356,0.0,0.008726646259971648,0.0,0.0,1.8741511729748632,0.0,0.1188,-2.5344,0.396,0.0,0.16081088532616175,0.0,0.0,0.02617993877991494,0.0,0.0020777729190408684,1.859606762541577,0.0,sine,1,0.3,1.0,20,40,7.090039491653442,0.0
1779527360.213504,0.0,0.02617993877991494,0.0,0.0020777729190408684,1.859606762541577,0.0,0.0396,0.0,-0.5544000000000001,0.0,0.1763474281548343,0.0,0.0,0.04363323129985824,0.0,0.0020777729190408684,1.6975404748563894,0.0,sine,1,0.3,1.0,20,40,7.100007772445679,0.0
1779527360.2233803,0.0,0.04363323129985824,0.0,0.0020777729190408684,1.6975404748563894,0.0,-0.0792,-0.792,0.4752,0.0,0.19145341682575714,0.0,0.0,0.05934119456780721,0.0,0.0,1.6642961081517356,0.0020777729190408684,sine,1,0.3,1.0,20,40,7.110155820846558,0.0
1779527360.233389,0.0,0.05934119456780721,0.0,0.0,1.6642961081517356,0.0020777729190408684,-0.1584,-2.2176000000000005,-0.4356,0.0,0.20540819698599225,0.0,0.0,0.07853981633974483,0.0,-0.0020777729190408684,1.7764958457799425,0.0,sine,1,0.3,1.0,20,40,7.120032072067261,0.0
1779527360.2434175,0.0,0.07853981633974483,0.0,-0.0020777729190408684,1.7764958457799425,0.0,0.0792,-0.3168,-0.5148,0.0,0.21874302777333446,0.0,0.0,0.09599310885968812,0.0,0.0,1.7764958457799425,0.0,sine,1,0.3,1.0,20,40,7.130040645599365,0.0
1779527360.2533488,0.0,0.09599310885968812,0.0,0.0,1.7764958457799425,0.0,0.0,-2.1384,-0.5544000000000001,0.0,0.2312371514732438,0.0,0.0,0.1117010721276371,0.0,0.0,1.6144295580947547,0.0,sine,1,0.3,1.0,20,40,7.140069246292114,0.0
1779527360.2633493,0.0,0.1117010721276371,0.0,0.0,1.6144295580947547,0.0,-0.3168,-1.3068,-0.35639999999999994,0.0,0.24270573228447445,0.0,0.0,0.12740903539558607,0.0,0.0,1.641440606042286,0.0020777729190408684,sine,1,0.3,1.0,20,40,7.15000057220459,0.0
1779527360.2733767,0.0,0.12740903539558607,0.0,0.0,1.641440606042286,0.0020777729190408684,-0.0396,0.2376,0.4356,0.0,0.2532994275553533,0.0,0.0,0.14311699866353503,0.0,-0.006233318757122605,1.5417075059283243,0.0,sine,1,0.3,1.0,20,40,7.160001039505005,0.0
1779527360.2833817,0.0,0.14311699866353503,0.0,-0.006233318757122605,1.5417075059283243,0.0,-0.1188,-0.792,-0.4356,0.0,0.26291783309024047,0.0,0.0,0.158824961931484,0.0,-0.0020777729190408684,1.5832629643091416,0.0,sine,1,0.3,1.0,20,40,7.170028448104858,0.0
1779527360.2933495,0.0,0.158824961931484,0.0,-0.0020777729190408684,1.5832629643091416,0.0,-0.1584,-2.6532,-0.396,0.0,0.27147495215631406,0.0,0.0,0.17453292519943295,0.0,-0.004155545838081737,1.53131864133312,0.0,sine,1,0.3,1.0,20,40,7.180033445358276,0.0
1779527360.3033128,0.0,0.17453292519943295,0.0,-0.004155545838081737,1.53131864133312,0.0,-0.1584,-0.99,-0.4752,0.0,0.27893381265446254,0.0,0.0,0.1867502299633933,0.0,0.0,1.3754856724050548,0.0,sine,1,0.3,1.0,20,40,7.1900012493133545,0.0
1779527360.3133874,0.0,0.1867502299633933,0.0,0.0,1.3754856724050548,0.0,0.0,-0.5544000000000001,-0.35639999999999994,0.0,0.28529628322368233,0.0,0.0,0.20071286397934787,0.0,0.0,1.3463968515384828,0.0,sine,1,0.3,1.0,20,40,7.19996452331543,0.0
1779527360.3233726,0.0,0.20071286397934787,0.0,0.0,1.3463968515384828,0.0,-0.0792,-0.0396,-0.6336,0.0,0.290593286620871,0.0,0.0,0.21293016874330822,0.0,0.006233318757122605,1.2113416118008262,0.0,sine,1,0.3,1.0,20,40,7.210039138793945,0.0
1779527360.3333814,0.0,0.21293016874330822,0.0,0.006233318757122605,1.2113416118008262,0.0,-0.1188,-0.3168,-0.35639999999999994,0.0,0.2946947713714713,0.0,0.0,0.22514747350726852,0.0,0.004155545838081737,1.1947194284484992,0.0,sine,1,0.3,1.0,20,40,7.220024347305298,0.0
1779527360.343354,0.0,0.22514747350726852,0.0,0.004155545838081737,1.1947194284484992,0.0,0.1188,-0.8712,-0.5148,0.0,0.2976422377283998,0.0,0.0,0.23561944901923448,0.0,0.0020777729190408684,1.0617419616298838,0.0,sine,1,0.3,1.0,20,40,7.2300331592559814,0.0
1779527360.353447,0.0,0.23561944901923448,0.0,0.0020777729190408684,1.0617419616298838,0.0,-0.1584,-1.4652,-0.396,0.0,0.29940869670920983,0.0,0.0,0.24434609527920614,0.0,0.0,0.9848643636253717,0.0,sine,1,0.3,1.0,20,40,7.240005731582642,0.0
1779527360.363431,0.0,0.24434609527920614,0.0,0.0,0.9848643636253717,0.0,-0.0396,-2.4155999999999995,-0.5148,0.0,0.29999994230583993,0.0,0.0,0.2530727415391778,0.0,-0.0020777729190408684,0.8851312635114099,0.0,sine,1,0.3,1.0,20,40,7.250098705291748,0.0
1779527360.373353,0.0,0.2530727415391778,0.0,-0.0020777729190408684,0.8851312635114099,0.0,-0.0396,-0.0792,-0.35639999999999994,0.0,0.2993981873653086,0.0,0.0,0.2617993877991494,0.0,0.0,0.8124092113449796,0.0,sine,1,0.3,1.0,20,40,7.260082721710205,0.0
1779527360.3833642,0.0,0.2617993877991494,0.0,0.0,0.8124092113449796,0.0,0.0396,-1.3860000000000001,-0.5148,0.0,0.29763328825164725,0.0,0.0,0.2687807048071268,0.0,0.0,0.7105983383119769,0.0020777729190408684,sine,1,0.3,1.0,20,40,7.270004749298096,0.0
1779527360.3933926,0.0,0.2687807048071268,0.0,0.0,0.7105983383119769,0.0020777729190408684,-0.0396,-1.2672,-0.4356,0.0,0.2946805417251351,0.0,0.0,0.27401669256310973,0.0,0.0,0.59839860068377,0.0,sine,1,0.3,1.0,20,40,7.28001594543457,0.0
1779527360.403525,0.0,0.27401669256310973,0.0,0.0,0.59839860068377,0.0,0.0396,-1.0296,-0.198,0.0,0.29055416698089337,0.0,0.0,0.2775073510670984,0.0,0.0,0.4758099984603589,0.0,sine,1,0.3,1.0,20,40,7.29004430770874,0.0
1779527360.4133716,0.0,0.2775073510670984,0.0,0.0,0.4758099984603589,0.0,-0.0792,0.198,-0.3168,0.0,0.2852137613892844,0.0,0.0,0.28099800957108706,0.0,0.0,0.35737694207502935,0.0,sine,1,0.3,1.0,20,40,7.3001768589019775,0.0
1779527360.4233918,0.0,0.28099800957108706,0.0,0.0,0.35737694207502935,0.0,-0.1584,-0.9107999999999999,-0.198,0.0,0.2789167695292972,0.0,0.0,0.2844886680750757,0.0,0.0,0.29088820866572157,0.0,sine,1,0.3,1.0,20,40,7.310023307800293,0.0
1779527360.433361,0.0,0.2844886680750757,0.0,0.0,0.29088820866572157,0.0,-0.0396,-1.6632,-0.198,0.0,0.27141314231787855,0.0,0.0,0.28623399732707006,0.0,0.0,0.1433663314138199,0.0,sine,1,0.3,1.0,20,40,7.320043563842773,0.0
1779527360.4433806,0.0,0.28623399732707006,0.0,0.0,0.1433663314138199,0.0,-0.0792,0.9504,0.35639999999999994,0.0,0.26288038121964885,0.0,0.0,0.28623399732707006,0.0,0.0,0.078955370923553,0.0,sine,1,0.3,1.0,20,40,7.330012798309326,0.0
1779527360.4533153,0.0,0.28623399732707006,0.0,0.0,0.078955370923553,0.0,-0.0792,1.0692,-0.198,0.0,0.2532657096206784,0.0,0.0,0.28623399732707006,0.0,0.0,0.0,0.0020777729190408684,sine,1,0.3,1.0,20,40,7.340032339096069,0.0
1779527360.4633708,0.0,0.28623399732707006,0.0,0.0,0.0,0.0020777729190408684,0.1584,1.8612000000000002,-0.1584,0.0,0.24274165223786445,0.0,0.0,0.28274333882308134,0.0,0.0,-0.18699956271367815,-0.0020777729190408684,sine,1,0.3,1.0,20,40,7.349967002868652,0.0
1779527360.4733481,0.0,0.28274333882308134,0.0,0.0,-0.18699956271367815,-0.0020777729190408684,-0.198,2.2176000000000005,0.0,0.0,0.23112688250461288,0.0,0.0,0.2792526803190927,0.0,0.0,-0.34283253164174327,0.0,sine,1,0.3,1.0,20,40,7.36002254486084,0.0
1779527360.4833746,0.0,0.2792526803190927,0.0,0.0,-0.34283253164174327,0.0,-0.2376,0.9504,-0.2376,0.0,0.21869073589416324,0.0,0.0,0.27576202181510406,0.0,0.0,-0.4654211338651545,0.0,sine,1,0.3,1.0,20,40,7.369999885559082,0.0
1779527360.4934568,0.0,0.27576202181510406,0.0,0.0,-0.4654211338651545,0.0,-0.2376,0.4356,-0.1188,0.0,0.20532793520456333,0.0,0.0,0.2687807048071268,0.0,-0.0020777729190408684,-0.5734653256552796,0.0020777729190408684,sine,1,0.3,1.0,20,40,7.380026340484619,0.0
1779527360.5033565,0.0,0.2687807048071268,0.0,-0.0020777729190408684,-0.5734653256552796,0.0020777729190408684,-0.1188,1.9008,-0.1188,0.0,0.191069444876286,0.0,0.0,0.2635447170511438,0.0,0.0020777729190408684,-0.5693097798171979,0.0,sine,1,0.3,1.0,20,40,7.390108585357666,0.0
1779527360.513372,0.0,0.2635447170511438,0.0,0.0020777729190408684,-0.5693097798171979,0.0,-0.4752,1.2672,-0.198,0.0,0.17632306833393244,0.0,0.0,0.25481807079117214,0.0,0.0,-0.7687759800451213,-0.0020777729190408684,sine,1,0.3,1.0,20,40,7.400008201599121,0.0
1779527360.5233676,0.0,0.25481807079117214,0.0,0.0,-0.7687759800451213,-0.0020777729190408684,-0.3168,0.8316,0.0396,0.0,0.16071033475089141,0.0,0.0,0.24609142453120048,0.0,0.0,-0.8913645822685325,-0.0020777729190408684,sine,1,0.3,1.0,20,40,7.4100236892700195,0.0
1779527360.5334964,0.0,0.24609142453120048,0.0,0.0,-0.8913645822685325,-0.0020777729190408684,-0.27720000000000006,1.782,-0.1584,0.0,0.1444940757473015,0.0,0.0,0.23736477827122884,0.0,-0.0020777729190408684,-0.868509080159083,0.0,sine,1,0.3,1.0,20,40,7.4200193881988525,0.0
1779527360.5433464,0.0,0.23736477827122884,0.0,-0.0020777729190408684,-0.868509080159083,0.0,-0.5940000000000001,1.1880000000000002,-0.2376,0.0,0.12748109680633882,0.0,0.0,0.22689280275926285,0.0,0.0,-1.0679752803870064,-0.0020777729190408684,sine,1,0.3,1.0,20,40,7.430148124694824,0.0
1779527360.5534124,0.0,0.22689280275926285,0.0,0.0,-1.0679752803870064,-0.0020777729190408684,-0.4356,0.198,-0.1584,0.0,0.11044060830924189,0.0,0.0,0.21467549799530256,0.0,0.0,-1.1718639263390498,0.0,sine,1,0.3,1.0,20,40,7.439998149871826,0.0
1779527360.5636225,0.0,0.21467549799530256,0.0,0.0,-1.1718639263390498,0.0,-0.198,0.4752,-0.0792,0.0,0.09259003124644077,0.0,0.0,0.20245819323134226,0.0,-0.0020777729190408684,-1.1282306950391916,0.0,sine,1,0.3,1.0,20,40,7.450064182281494,0.0
1779527360.573411,0.0,0.20245819323134226,0.0,-0.0020777729190408684,-1.1282306950391916,0.0,-0.7524000000000001,0.5544000000000001,0.198,0.0,0.07410620315271424,0.0,0.0,0.19024088846738194,0.0,0.0,-1.3297746681861558,-0.0020777729190408684,sine,1,0.3,1.0,20,40,7.4602742195129395,0.0
1779527360.5835974,0.0,0.19024088846738194,0.0,0.0,-1.3297746681861558,-0.0020777729190408684,-0.1584,-0.0792,-0.0396,0.0,0.05609823616808927,0.0,0.0,0.1762782544514273,0.0,0.0,-1.2695192535339705,0.004155545838081737,sine,1,0.3,1.0,20,40,7.470062732696533,0.0
1779527360.5934324,0.0,0.1762782544514273,0.0,0.0,-1.2695192535339705,0.004155545838081737,-0.6732,1.4652,-0.3168,0.0,0.037133959885804785,0.0,0.0,0.16231562043547265,0.0,0.0,-1.5126186850617522,-0.0020777729190408684,sine,1,0.3,1.0,20,40,7.4802491664886475,0.0
1779527360.6033967,0.0,0.16231562043547265,0.0,0.0,-1.5126186850617522,-0.0020777729190408684,-0.27720000000000006,0.0,-0.27720000000000006,0.0,0.018678807155902633,0.0,0.0,0.1466076571675237,0.0,0.0020777729190408684,-1.5666407809568148,-0.0020777729190408684,sine,1,0.3,1.0,20,40,7.490084171295166,0.0
1779527360.6135316,0.0,0.1466076571675237,0.0,0.0020777729190408684,-1.5666407809568148,-0.0020777729190408684,-0.4752,1.3068,-0.0792,0.0,-9.122991068637019e-05,0.0,0.0,0.12915436464758037,0.0,0.0,-1.641440606042286,0.0,sine,1,0.3,1.0,20,40,7.500048398971558,0.0
1779527360.623566,0.0,0.12915436464758037,0.0,0.0,-1.641440606042286,0.0,-0.5148,0.396,-0.3168,0.0,-0.019182038476628294,0.0,0.0,0.1117010721276371,0.0,0.0,-1.6871516102611852,-0.0020777729190408684,sine,1,0.3,1.0,20,40,7.510183334350586,0.0
1779527360.6333568,0.0,0.1117010721276371,0.0,0.0,-1.6871516102611852,-0.0020777729190408684,-0.27720000000000006,0.8712,0.27720000000000006,0.0,-0.03800697359618632,0.0,0.0,0.09599310885968812,0.0,0.0,-1.5770296455520192,0.0,sine,1,0.3,1.0,20,40,7.520217657089233,0.0
1779527360.6433752,0.0,0.09599310885968812,0.0,0.0,-1.5770296455520192,0.0,-0.8712,1.584,-0.4356,0.0,-0.05623023345502795,0.0,0.0,0.07853981633974483,0.0,0.0,-1.7598736624276154,-0.0020777729190408684,sine,1,0.3,1.0,20,40,7.530008554458618,0.0
1779527360.6535172,0.0,0.07853981633974483,0.0,0.0,-1.7598736624276154,-0.0020777729190408684,-0.2376,-0.3168,-0.2376,0.0,-0.0746560831439129,0.0,0.0,0.06283185307179587,0.0,0.0020777729190408684,-1.6206628768518774,0.0,sine,1,0.3,1.0,20,40,7.540026903152466,0.0
1779527360.6634805,0.0,0.06283185307179587,0.0,0.0020777729190408684,-1.6206628768518774,0.0,-0.5940000000000001,1.6236000000000002,-0.2376,0.0,-0.09300799620310186,0.0,0.0,0.047123889803846894,0.0,0.0,-1.6289739685280409,0.0,sine,1,0.3,1.0,20,40,7.550168991088867,0.0
1779527360.6734927,0.0,0.047123889803846894,0.0,0.0,-1.6289739685280409,0.0,-0.6732,0.9504,-0.3168,0.0,-0.11066913377268818,0.0,0.0,0.029670597283903605,0.0,-0.004155545838081737,-1.7785736186989833,-0.006233318757122605,sine,1,0.3,1.0,20,40,7.560132265090942,0.0
1779527360.6833777,0.0,0.029670597283903605,0.0,-0.004155545838081737,-1.7785736186989833,-0.006233318757122605,-0.1188,0.35639999999999994,-0.0396,0.0,-0.12798004295931173,0.0,0.0,0.012217304763960306,0.0,-0.0020777729190408684,-1.703773793613512,0.0020777729190408684,sine,1,0.3,1.0,20,40,7.570144414901733,0.0
1779527360.693383,0.0,0.012217304763960306,0.0,-0.0020777729190408684,-1.703773793613512,0.0020777729190408684,0.3168,1.584,-0.396,0.0,-0.14457480735934816,0.0,0.0,-0.003490658503988659,0.0,-0.0020777729190408684,-1.7141626582087164,0.0,sine,1,0.3,1.0,20,40,7.580029487609863,0.0
1779527360.7033708,0.0,-0.003490658503988659,0.0,-0.0020777729190408684,-1.7141626582087164,0.0,0.198,0.9504,-0.198,0.0,-0.16080329748744274,0.0,0.0,-0.020943951023931956,0.0,0.0,-1.6871516102611852,-0.0020777729190408684,sine,1,0.3,1.0,20,40,7.59003472328186,0.0
1779527360.7133467,0.0,-0.020943951023931956,0.0,0.0,-1.6871516102611852,-0.0020777729190408684,0.35639999999999994,0.1584,0.35639999999999994,0.0,-0.1763699684961003,0.0,0.0,-0.03665191429188092,0.0,0.0,-1.6933849290183076,-0.0020777729190408684,sine,1,0.3,1.0,20,40,7.600022554397583,0.0
1779527360.7233877,0.0,-0.03665191429188092,0.0,0.0,-1.6933849290183076,-0.0020777729190408684,0.4752,0.792,-0.1188,0.0,-0.19122496690374394,0.0,0.0,-0.05585053606381855,0.0,0.0,-1.815973531241719,-0.0020777729190408684,sine,1,0.3,1.0,20,40,7.609998464584351,0.0
1779527360.7333703,0.0,-0.05585053606381855,0.0,0.0,-1.815973531241719,-0.0020777729190408684,-0.35639999999999994,1.0296,0.27720000000000006,0.0,-0.2054183505865981,0.0,0.0,-0.07504915783575616,0.0,0.0,-1.8658400812986997,-0.0020777729190408684,sine,1,0.3,1.0,20,40,7.620039463043213,0.0
1779527360.7434933,0.0,-0.07504915783575616,0.0,0.0,-1.8658400812986997,-0.0020777729190408684,-0.198,0.4752,0.1188,0.0,-0.21871903678984148,0.0,0.0,-0.09075712110370514,0.0,0.0,-1.7266292957229616,0.0,sine,1,0.3,1.0,20,40,7.630022048950195,0.0
1779527360.7533655,0.0,-0.09075712110370514,0.0,0.0,-1.7266292957229616,0.0,-0.35639999999999994,1.2276,-0.35639999999999994,0.0,-0.23132817277587095,0.0,0.0,-0.10821041362364843,0.0,0.0,-1.6518294706374903,0.0,sine,1,0.3,1.0,20,40,7.6401450634002686,0.0
1779527360.7634408,0.0,-0.10821041362364843,0.0,0.0,-1.6518294706374903,0.0,-0.5148,-0.27720000000000006,-0.3168,0.0,-0.24272422175402036,0.0,0.0,-0.1239183768915974,0.0,0.004155545838081737,-1.7079293394515938,-0.0020777729190408684,sine,1,0.3,1.0,20,40,7.650017261505127,0.0
1779527360.7734687,0.0,-0.1239183768915974,0.0,0.004155545838081737,-1.7079293394515938,-0.0020777729190408684,-0.396,0.5148,0.3168,0.0,-0.2533918538406709,0.0,0.0,-0.13962634015954636,0.0,0.0,-1.564563008037774,0.0020777729190408684,sine,1,0.3,1.0,20,40,7.66009259223938,0.0
1779527360.7834797,0.0,-0.13962634015954636,0.0,0.0,-1.564563008037774,0.0020777729190408684,-0.5940000000000001,0.99,-0.4356,0.0,-0.2630013325652525,0.0,0.0,-0.15533430342749532,0.0,-0.0020777729190408684,-1.6081962393376321,0.0,sine,1,0.3,1.0,20,40,7.670120477676392,0.0
1779527360.7933588,0.0,-0.15533430342749532,0.0,-0.0020777729190408684,-1.6081962393376321,0.0,-0.27720000000000006,0.0,0.198,0.0,-0.2715535099330246,0.0,0.0,-0.1710422666954443,0.0,-0.0020777729190408684,-1.5728740997139374,0.0,sine,1,0.3,1.0,20,40,7.680131435394287,0.0
1779527360.8033457,0.0,-0.1710422666954443,0.0,-0.0020777729190408684,-1.5728740997139374,0.0,0.198,1.0296,-0.0792,0.0,-0.27894026414337253,0.0,0.0,-0.1867502299633933,0.0,-0.004155545838081737,-1.5105409121427114,0.0,sine,1,0.3,1.0,20,40,7.6900105476379395,0.0
1779527360.813537,0.0,-0.1867502299633933,0.0,-0.004155545838081737,-1.5105409121427114,0.0,0.0396,0.6732,-0.3168,0.0,-0.2853154550028953,0.0,0.0,-0.1989675347273536,0.0,0.0,-1.3360079869432784,0.0,sine,1,0.3,1.0,20,40,7.699997425079346,0.0
1779527360.8232982,0.0,-0.1989675347273536,0.0,0.0,-1.3360079869432784,0.0,-0.3168,1.1483999999999999,-0.198,0.0,-0.29066316691797467,0.0,0.0,-0.21293016874330822,0.0,0.0020777729190408684,-1.296530301481502,-0.004155545838081737,sine,1,0.3,1.0,20,40,7.710188627243042,0.0
1779527360.833348,0.0,-0.21293016874330822,0.0,0.0020777729190408684,-1.296530301481502,-0.004155545838081737,-0.198,0.8712,0.1188,0.0,-0.29466848650308336,0.0,0.0,-0.22514747350726852,0.0,0.004155545838081737,-1.2113416118008262,0.0,sine,1,0.3,1.0,20,40,7.719949960708618,0.0
1779527360.8433874,0.0,-0.22514747350726852,0.0,0.004155545838081737,-1.2113416118008262,0.0,-0.2376,0.9504,0.396,0.0,-0.2976343585743133,0.0,0.0,-0.23561944901923448,0.0,0.0,-1.0783641449822108,0.004155545838081737,sine,1,0.3,1.0,20,40,7.729999780654907,0.0
1779527360.8533742,0.0,-0.23561944901923448,0.0,0.0,-1.0783641449822108,0.004155545838081737,-0.3168,0.2376,-0.2376,0.0,-0.2994126384656898,0.0,0.0,-0.24434609527920614,0.0,0.0,-1.0160309574109847,0.0,sine,1,0.3,1.0,20,40,7.740039110183716,0.0
1779527360.863345,0.0,-0.24434609527920614,0.0,0.0,-1.0160309574109847,0.0,0.1188,-0.1584,0.0792,0.0,-0.29999999600069815,0.0,0.0,-0.2530727415391778,0.0,0.0,-0.8934423551875734,0.0,sine,1,0.3,1.0,20,40,7.750025987625122,0.0
1779527360.8733065,0.0,-0.2530727415391778,0.0,0.0,-0.8934423551875734,0.0,-0.2376,1.5444,-0.198,0.0,-0.29940841465124896,0.0,0.0,-0.2617993877991494,0.0,0.0,-0.8020203467497752,0.0,sine,1,0.3,1.0,20,40,7.759996652603149,0.0
1779527360.8833568,0.0,-0.2617993877991494,0.0,0.0,-0.8020203467497752,0.0,-0.1584,0.6336,0.0396,0.0,-0.29764426168058805,0.0,0.0,-0.2687807048071268,0.0,0.0,-0.6918983820406092,-0.0020777729190408684,sine,1,0.3,1.0,20,40,7.769958257675171,0.0
1779527360.8933482,0.0,-0.2687807048071268,0.0,0.0,-0.6918983820406092,-0.0020777729190408684,-0.1584,0.396,-0.1584,0.0,-0.2946831533114728,0.0,0.0,-0.27401669256310973,0.0,0.0,-0.5963208277647293,0.0,sine,1,0.3,1.0,20,40,7.780008554458618,0.0
1779527360.903504,0.0,-0.27401669256310973,0.0,0.0,-0.5963208277647293,0.0,-0.1188,0.792,0.0396,0.0,-0.29057496622071444,0.0,0.0,-0.2792526803190927,0.0,0.0,-0.49658772765076753,0.0,sine,1,0.3,1.0,20,40,7.789999961853027,0.0
1779527360.9133894,0.0,-0.2792526803190927,0.0,0.0,-0.49658772765076753,0.0,-0.0792,1.2672,0.0396,0.0,-0.2852261609789592,0.0,0.0,-0.28274333882308134,0.0,0.0020777729190408684,-0.3594547149940702,0.0,sine,1,0.3,1.0,20,40,7.8001556396484375,0.0
1779527360.9233563,0.0,-0.28274333882308134,0.0,0.0020777729190408684,-0.3594547149940702,0.0,-0.1188,0.5940000000000001,0.0792,0.0,-0.2789043553087036,0.0,0.0,-0.2844886680750757,0.0,0.0,-0.25556606904202683,0.0,sine,1,0.3,1.0,20,40,7.810041189193726,0.0
1779527360.9334497,0.0,-0.2844886680750757,0.0,0.0,-0.25556606904202683,0.0,-0.1188,0.396,0.2376,0.0,-0.2714416631118009,0.0,0.0,-0.2844886680750757,0.0,0.0,-0.25556606904202683,0.0,sine,1,0.3,1.0,20,40,7.820008039474487,0.0
1779527360.9433873,0.0,-0.2844886680750757,0.0,0.0,-0.25556606904202683,0.0,-0.1188,0.396,0.2376,0.0,-0.26279978907602874,0.0,0.0,-0.28623399732707006,0.0,0.0,-0.033244366704653895,0.0,sine,1,0.3,1.0,20,40,7.830101490020752,0.0
1779527360.9533503,0.0,-0.28623399732707006,0.0,0.0,-0.033244366704653895,0.0,-0.0792,0.7524000000000001,0.1188,0.0,-0.2532589646969355,0.0,0.0,-0.28623399732707006,0.0,0.0,0.016622183352326948,0.0,sine,1,0.3,1.0,20,40,7.840039014816284,0.0
1779527360.9633527,0.0,-0.28623399732707006,0.0,0.0,0.016622183352326948,0.0,-0.0792,0.0,0.198,0.0,-0.24270282655375605,0.0,0.0,-0.2844886680750757,0.0,0.0,0.12051082930437036,0.0,sine,1,0.3,1.0,20,40,7.85000205039978,0.0
1779527360.9733782,0.0,-0.2844886680750757,0.0,0.0,0.12051082930437036,0.0,-0.0792,0.6336,-0.1188,0.0,-0.23114865597680548,0.0,0.0,-0.28099800957108706,0.0,0.0,0.3282881212084572,0.0020777729190408684,sine,1,0.3,1.0,20,40,7.860004425048828,0.0
1779527360.983447,0.0,-0.28099800957108706,0.0,0.0,0.3282881212084572,0.0020777729190408684,-0.0792,0.0396,-0.198,0.0,-0.21865196923181385,0.0,0.0,-0.27576202181510406,0.0,0.0,0.4612655880270728,0.0,sine,1,0.3,1.0,20,40,7.870029926300049,0.0
1779527360.993384,0.0,-0.27576202181510406,0.0,0.0,0.4612655880270728,0.0,0.0,-1.4652,0.1188,0.0,-0.20522830662630703,0.0,0.0,-0.27052603405912107,0.0,0.0,0.47996554429844057,0.0,sine,1,0.3,1.0,20,40,7.880098819732666,0.0
1779527361.0033727,0.0,-0.27052603405912107,0.0,0.0,0.47996554429844057,0.0,-0.1188,0.5544000000000001,0.198,0.0,-0.19117544477491666,0.0,0.0,-0.26529004630313807,0.0,0.0020777729190408684,0.5609986881410345,0.0,sine,1,0.3,1.0,20,40,7.890035629272461,0.0
1779527361.0134132,0.0,-0.26529004630313807,0.0,0.0020777729190408684,0.5609986881410345,0.0,-0.1584,-1.1088000000000002,-0.0792,0.0,-0.176298343117421,0.0,0.0,-0.25656340004316647,0.0,0.0,0.7708537529641621,0.0020777729190408684,sine,1,0.3,1.0,20,40,7.9000244140625,0.0
1779527361.0234938,0.0,-0.25656340004316647,0.0,0.0,0.7708537529641621,0.0020777729190408684,0.0,0.2376,-0.3168,0.0,-0.16064467863500004,0.0,0.0,-0.24958208303518914,0.0,0.0,0.7791648446403256,0.0,sine,1,0.3,1.0,20,40,7.910064935684204,0.0
1779527361.0333827,0.0,-0.24958208303518914,0.0,0.0,0.7791648446403256,0.0,-0.2376,-0.9107999999999999,0.0,0.0,-0.14428568587316207,0.0,0.0,-0.23911010752322315,0.0,0.0,0.978631044868249,0.0,sine,1,0.3,1.0,20,40,7.920145511627197,0.0
1779527361.0435102,0.0,-0.23911010752322315,0.0,0.0,0.978631044868249,0.0,-0.1188,-1.3068,-0.1584,0.0,-0.12767511491328695,0.0,0.0,-0.22689280275926285,0.0,0.0,1.0991418741726193,0.0,sine,1,0.3,1.0,20,40,7.930034399032593,0.0
1779527361.053506,0.0,-0.22689280275926285,0.0,0.0,1.0991418741726193,0.0,-0.1584,-1.0692,-0.27720000000000006,0.0,-0.11015348866113474,0.0,0.0,-0.21642082724729686,0.0,0.0,1.074208599144129,-0.0020777729190408684,sine,1,0.3,1.0,20,40,7.940161943435669,0.0
1779527361.063484,0.0,-0.21642082724729686,0.0,0.0,1.074208599144129,-0.0020777729190408684,-0.1584,-0.5544000000000001,-0.0396,0.0,-0.0924224475267036,0.0,0.0,-0.2059488517353309,0.0,0.0,1.1178418304439872,0.0,sine,1,0.3,1.0,20,40,7.950157642364502,0.0
1779527361.0734565,0.0,-0.2059488517353309,0.0,0.0,1.1178418304439872,0.0,0.0792,0.0792,-0.198,0.0,-0.07435918972287305,0.0,0.0,-0.1937315469713706,0.0,-0.0020777729190408684,1.1947194284484992,0.0,sine,1,0.3,1.0,20,40,7.9601356983184814,0.0
1779527361.0833623,0.0,-0.1937315469713706,0.0,-0.0020777729190408684,1.1947194284484992,0.0,0.0792,0.0,-0.3168,0.0,-0.05601391093828641,0.0,0.0,-0.18151424220741028,0.0,-0.004155545838081737,1.2736747993720523,0.0,sine,1,0.3,1.0,20,40,7.970108270645142,0.0
1779527361.0934718,0.0,-0.18151424220741028,0.0,-0.004155545838081737,1.2736747993720523,0.0,0.1584,0.0,0.35639999999999994,0.0,-0.03757362823475221,0.0,0.0,-0.1658062789394613,0.0,-0.0020777729190408684,1.5022298204665478,0.0020777729190408684,sine,1,0.3,1.0,20,40,7.980014085769653,0.0
1779527361.1035354,0.0,-0.1658062789394613,0.0,-0.0020777729190408684,1.5022298204665478,0.0020777729190408684,0.0,-2.4552,-0.1188,0.0,-0.01860479806519217,0.0,0.0,-0.1518436449235067,0.0,0.0,1.4398966328953218,0.0,sine,1,0.3,1.0,20,40,7.990123510360718,0.0
1779527361.113573,0.0,-0.1518436449235067,0.0,0.0,1.4398966328953218,0.0,-0.198,-1.5048000000000001,0.3168,0.0,0.0003527855393428122,0.0,0.0,-0.13613568165555773,0.0,0.004155545838081737,1.4627521350047714,-0.0020777729190408684,sine,1,0.3,1.0,20,40,8.000187158584595,0.0
1779527361.123348,0.0,-0.13613568165555773,0.0,0.004155545838081737,1.4627521350047714,-0.0020777729190408684,-0.2376,-1.2276,0.5148,0.0,0.019260074879806865,0.0,0.0,-0.12042771838760874,0.0,0.0,1.5250853225759975,0.0,sine,1,0.3,1.0,20,40,8.01022481918335,0.0
1779527361.1333623,0.0,-0.12042771838760874,0.0,0.0,1.5250853225759975,0.0,-0.198,0.2376,0.3168,0.0,0.03759948853535047,0.0,0.0,-0.10471975511965977,0.0,0.0,1.6019629205805095,-0.0020777729190408684,sine,1,0.3,1.0,20,40,8.019999742507935,0.0
1779527361.143391,0.0,-0.10471975511965977,0.0,0.0,1.6019629205805095,-0.0020777729190408684,-0.0396,-0.8712,0.198,0.0,0.0562403866255579,0.0,0.0,-0.08901179185171082,0.0,0.0,1.6435183789613268,-0.0020777729190408684,sine,1,0.3,1.0,20,40,8.030014038085938,0.0
1779527361.1534524,0.0,-0.08901179185171082,0.0,0.0,1.6435183789613268,-0.0020777729190408684,-0.0792,-1.3860000000000001,-0.4752,0.0,0.07468481063482664,0.0,0.0,-0.07155849933176751,0.0,0.0,1.6767627456659808,0.0,sine,1,0.3,1.0,20,40,8.040042638778687,0.0
1779527361.1633658,0.0,-0.07155849933176751,0.0,0.0,1.6767627456659808,0.0,-0.1584,-0.5148,-0.27720000000000006,0.0,0.09289177237249117,0.0,0.0,-0.054105206811824215,0.0,0.0,1.6871516102611852,0.0,sine,1,0.3,1.0,20,40,8.050104141235352,0.0
1779527361.1733625,0.0,-0.054105206811824215,0.0,0.0,1.6871516102611852,0.0,-0.27720000000000006,-0.792,-0.198,0.0,0.11046818570250756,0.0,0.0,-0.038397243543875255,0.0,0.0,1.7266292957229616,0.0,sine,1,0.3,1.0,20,40,8.060017585754395,0.0
1779527361.1834283,0.0,-0.038397243543875255,0.0,0.0,1.7266292957229616,0.0,-0.1584,-1.2672,-0.4356,0.0,0.1277580713145152,0.0,0.0,-0.019198621771937627,0.0,0.0,1.7806513916180242,0.0,sine,1,0.3,1.0,20,40,8.070014238357544,0.0
1779527361.1933267,0.0,-0.019198621771937627,0.0,0.0,1.7806513916180242,0.0,-0.1584,0.27720000000000006,-0.35639999999999994,0.0,0.14465828131966163,0.0,0.0,-0.0017453292519943296,0.0,-0.0020777729190408684,1.7951958020513104,0.0,sine,1,0.3,1.0,20,40,8.080080032348633,0.0
1779527361.2033634,0.0,-0.0017453292519943296,0.0,-0.0020777729190408684,1.7951958020513104,0.0,-0.0792,-2.4948,-0.4356,0.0,0.1607137500916452,0.0,0.0,0.013962634015954637,0.0,-0.006233318757122605,1.784806937456106,0.004155545838081737,sine,1,0.3,1.0,20,40,8.089978456497192,0.0
1779527361.213372,0.0,0.013962634015954637,0.0,-0.006233318757122605,1.784806937456106,0.004155545838081737,0.0792,0.0396,-0.198,0.0,0.17635869851563168,0.0,0.0,0.03316125578789226,0.0,0.0,1.9136288584366399,0.0,sine,1,0.3,1.0,20,40,8.10001516342163,0.0
1779527361.2233686,0.0,0.03316125578789226,0.0,0.0,1.9136288584366399,0.0,0.0792,-1.5048000000000001,-0.1584,0.0,0.19126166995157665,0.0,0.0,0.054105206811824215,0.0,0.0,1.957262089736498,0.0,sine,1,0.3,1.0,20,40,8.110023736953735,0.0
1779527361.2334085,0.0,0.054105206811824215,0.0,0.0,1.957262089736498,0.0,0.0792,0.198,-0.4356,0.0,0.20539214684286125,0.0,0.0,0.07330382858376185,0.0,0.0,1.9676509543317025,0.0,sine,1,0.3,1.0,20,40,8.120020389556885,0.0
1779527361.2434514,0.0,0.07330382858376185,0.0,0.0,1.9676509543317025,0.0,-0.0792,-2.4948,0.0396,0.0,0.21876824584350169,0.0,0.0,0.07330382858376185,0.0,0.0,1.9676509543317025,0.0,sine,1,0.3,1.0,20,40,8.130060195922852,0.0
1779527361.253349,0.0,0.07330382858376185,0.0,0.0,1.9676509543317025,0.0,-0.0792,-2.4948,0.0396,0.0,0.23127780269147508,0.0,0.0,0.10646508437165411,0.0,0.0,1.6767627456659808,0.0,sine,1,0.3,1.0,20,40,8.140103101730347,0.0
1779527361.2633476,0.0,0.10646508437165411,0.0,0.0,1.6767627456659808,0.0,0.0792,-1.584,-0.0396,0.0,0.24270599643854449,0.0,0.0,0.1239183768915974,0.0,0.0,1.7120848852896755,0.0,sine,1,0.3,1.0,20,40,8.150000810623169,0.0
1779527361.273465,0.0,0.1239183768915974,0.0,0.0,1.7120848852896755,0.0,0.1188,-1.7028,-0.5544000000000001,0.0,0.2532977419232095,0.0,0.0,0.13962634015954636,0.0,-0.0020777729190408684,1.6081962393376321,0.0,sine,1,0.3,1.0,20,40,8.159999370574951,0.0
1779527361.2833867,0.0,0.13962634015954636,0.0,-0.0020777729190408684,1.6081962393376321,0.0,0.1188,0.35639999999999994,-0.0396,0.0,0.26299787319391105,0.0,0.0,0.15533430342749532,0.0,0.0020777729190408684,1.6352072872851635,0.0,sine,1,0.3,1.0,20,40,8.170116662979126,0.0
1779527361.2936304,0.0,0.15533430342749532,0.0,0.0020777729190408684,1.6352072872851635,0.0,-0.0792,-2.0988,-0.1584,0.0,0.2714789685522973,0.0,0.0,0.1710422666954443,0.0,0.0020777729190408684,1.57910741847106,0.0020777729190408684,sine,1,0.3,1.0,20,40,8.180038452148438,0.0
1779527361.303361,0.0,0.1710422666954443,0.0,0.0020777729190408684,1.57910741847106,0.0020777729190408684,0.27720000000000006,-1.8215999999999999,-0.3168,0.0,0.2791282606700933,0.0,0.0,0.1867502299633933,0.0,0.0,1.5084631392236705,0.0,sine,1,0.3,1.0,20,40,8.190282106399536,0.0
1779527361.313384,0.0,0.1867502299633933,0.0,0.0,1.5084631392236705,0.0,0.2376,-0.9107999999999999,-0.198,0.0,0.2853243421241447,0.0,0.0,0.20071286397934787,0.0,0.0,1.406652266190668,0.0,sine,1,0.3,1.0,20,40,8.200012683868408,0.0
1779527361.323467,0.0,0.20071286397934787,0.0,0.0,1.406652266190668,0.0,-0.0792,-0.1584,-0.0396,0.0,0.2905917233689794,0.0,0.0,0.21293016874330822,0.0,-0.0020777729190408684,1.3214635765099922,0.0,sine,1,0.3,1.0,20,40,8.210035800933838,0.0
1779527361.3333733,0.0,0.21293016874330822,0.0,-0.0020777729190408684,1.3214635765099922,0.0,0.0,0.0,-0.0792,0.0,0.2947280402278231,0.0,0.0,0.22514747350726852,0.0,0.0,1.1801750180152133,0.0020777729190408684,sine,1,0.3,1.0,20,40,8.220118761062622,0.0
1779527361.3433614,0.0,0.22514747350726852,0.0,0.0,1.1801750180152133,0.0020777729190408684,0.0,-0.8316,0.0,0.0,0.2976403254231568,0.0,0.0,0.23561944901923448,0.0,0.0020777729190408684,1.1178418304439872,0.0,sine,1,0.3,1.0,20,40,8.230025053024292,0.0
1779527361.3533154,0.0,0.23561944901923448,0.0,0.0020777729190408684,1.1178418304439872,0.0,0.0,-1.8215999999999999,-0.0396,0.0,0.29940957066189644,0.0,0.0,0.24609142453120048,0.0,0.0,1.0201865032490665,0.0,sine,1,0.3,1.0,20,40,8.240013122558594,0.0
1779527361.3633573,0.0,0.24609142453120048,0.0,0.0,1.0201865032490665,0.0,-0.0792,-1.8612000000000002,-0.198,0.0,0.2999999935895376,0.0,0.0,0.25481807079117214,0.0,0.0,0.9246089489731865,0.0,sine,1,0.3,1.0,20,40,8.249967098236084,0.0
1779527361.3733892,0.0,0.25481807079117214,0.0,0.0,0.9246089489731865,0.0,-0.0396,-0.9504,-0.2376,0.0,0.2994069468667521,0.0,0.0,0.2617993877991494,0.0,0.0,0.78955370923553,0.0,sine,1,0.3,1.0,20,40,8.260009050369263,0.0
1779527361.3833668,0.0,0.2617993877991494,0.0,0.0,0.78955370923553,0.0,-0.0792,-0.396,-0.1584,0.0,0.2976247169901611,0.0,0.0,0.2687807048071268,0.0,0.0,0.6918983820406092,0.0,sine,1,0.3,1.0,20,40,8.27004098892212,0.0
1779527361.3933644,0.0,0.2687807048071268,0.0,0.0,0.6918983820406092,0.0,0.0792,-1.584,-0.0792,0.0,0.2946796148804509,0.0,0.0,0.27401669256310973,0.0,0.004155545838081737,0.583854190250484,0.0,sine,1,0.3,1.0,20,40,8.28001856803894,0.0
1779527361.4033875,0.0,0.27401669256310973,0.0,0.004155545838081737,0.583854190250484,0.0,-0.0396,-0.396,-0.198,0.0,0.2905673648135969,0.0,0.0,0.2792526803190927,0.0,0.0,0.473732225541318,0.0,sine,1,0.3,1.0,20,40,8.290016174316406,0.0
1779527361.4135034,0.0,0.2792526803190927,0.0,0.0,0.473732225541318,0.0,-0.1584,-0.6336,-0.3168,0.0,0.28529405961992227,0.0,0.0,0.28274333882308134,0.0,0.0,0.3407547587227024,0.0,sine,1,0.3,1.0,20,40,8.300039291381836,0.0
1779527361.4233754,0.0,0.28274333882308134,0.0,0.0,0.3407547587227024,0.0,-0.0792,-1.3464,-0.198,0.0,0.27882515262791124,0.0,0.0,0.2844886680750757,0.0,0.0,0.28049934407051724,0.0,sine,1,0.3,1.0,20,40,8.310155153274536,0.0
1779527361.4334788,0.0,0.2844886680750757,0.0,0.0,0.28049934407051724,0.0,-0.0792,-1.5444,-0.1584,0.0,0.2714263516149893,0.0,0.0,0.28623399732707006,0.0,0.0,0.1246663751424521,0.0,sine,1,0.3,1.0,20,40,8.320027112960815,0.0
1779527361.4434986,0.0,0.28623399732707006,0.0,0.0,0.1246663751424521,0.0,-0.1188,-0.6336,-0.396,0.0,0.26277334054662543,0.0,0.0,0.28623399732707006,0.0,-0.0020777729190408684,0.05194432297602171,0.0020777729190408684,sine,1,0.3,1.0,20,40,8.330130577087402,0.0
1779527361.4533696,0.0,0.28623399732707006,0.0,-0.0020777729190408684,0.05194432297602171,0.0020777729190408684,0.0792,0.5148,-0.27720000000000006,0.0,0.25314640332401656,0.0,0.0,0.28623399732707006,0.0,-0.0020777729190408684,-0.010388864595204342,0.0,sine,1,0.3,1.0,20,40,8.340150356292725,0.0
1779527361.4633675,0.0,0.28623399732707006,0.0,-0.0020777729190408684,-0.010388864595204342,0.0,-0.0792,1.4255999999999998,-0.4356,0.0,0.24268142778006382,0.0,0.0,0.2844886680750757,0.0,0.0,-0.1184330563853295,0.0,sine,1,0.3,1.0,20,40,8.350021362304688,0.0
1779527361.4734952,0.0,0.2844886680750757,0.0,0.0,-0.1184330563853295,0.0,-0.1584,2.0988,-0.5544000000000001,0.0,0.23113089363249634,0.0,0.0,0.28274333882308134,0.0,0.0,-0.23478833985161812,0.0,sine,1,0.3,1.0,20,40,8.360019207000732,0.0
1779527361.4833653,0.0,0.28274333882308134,0.0,0.0,-0.23478833985161812,0.0,0.1188,2.2572,-0.35639999999999994,0.0,0.21850082800599208,0.0,0.0,0.2775073510670984,0.0,0.0,-0.346988077479825,0.0,sine,1,0.3,1.0,20,40,8.370146989822388,0.0
1779527361.49352,0.0,0.2775073510670984,0.0,0.0,-0.346988077479825,0.0,-0.3168,0.8712,-0.4356,0.0,0.20534071342097907,0.0,0.0,0.27227136331111546,0.0,0.0,-0.5713875527362388,-0.004155545838081737,sine,1,0.3,1.0,20,40,8.380017042160034,0.0
1779527361.5033553,0.0,0.27227136331111546,0.0,0.0,-0.5713875527362388,-0.004155545838081737,-0.1584,1.3464,-0.27720000000000006,0.0,0.19097761513747485,0.0,0.0,0.2670353755551324,0.0,0.0,-0.5942430548456884,0.0,sine,1,0.3,1.0,20,40,8.390171766281128,0.0
1779527361.5133948,0.0,0.2670353755551324,0.0,0.0,-0.5942430548456884,0.0,-0.4356,0.99,0.5148,0.0,0.17632488629234783,0.0,0.0,0.25830872929516074,0.0,0.0,-0.8061758925878569,-0.0020777729190408684,sine,1,0.3,1.0,20,40,8.400007009506226,0.0
1779527361.5235364,0.0,0.25830872929516074,0.0,0.0,-0.8061758925878569,-0.0020777729190408684,-0.198,1.7028,-0.4356,0.0,0.16067390263197104,0.0,0.0,0.24958208303518914,0.0,0.0,-0.78955370923553,0.0,sine,1,0.3,1.0,20,40,8.410046577453613,0.0
1779527361.5335736,0.0,0.24958208303518914,0.0,0.0,-0.78955370923553,0.0,-0.5544000000000001,1.4652,-0.5148,0.0,0.14421515157342243,0.0,0.0,0.23911010752322315,0.0,0.0,-1.0160309574109847,0.0,sine,1,0.3,1.0,20,40,8.420188188552856,0.0
1779527361.5433457,0.0,0.23911010752322315,0.0,0.0,-1.0160309574109847,0.0,-0.2376,-0.198,-0.8712,0.0,0.12734927379417302,0.0,0.0,0.2303834612632515,0.0,0.0,-0.9723977261111264,0.0,sine,1,0.3,1.0,20,40,8.430225372314453,0.0
1779527361.553362,0.0,0.2303834612632515,0.0,0.0,-0.9723977261111264,0.0,-0.4356,1.4255999999999998,-0.6732,0.0,0.11044186185054161,0.0,0.0,0.21991148575128555,0.0,0.0,-1.040964232439475,0.0,sine,1,0.3,1.0,20,40,8.439997434616089,0.0
1779527361.5633476,0.0,0.21991148575128555,0.0,0.0,-1.040964232439475,0.0,-0.5940000000000001,1.5048000000000001,-0.5940000000000001,0.0,0.09268064995890048,0.0,0.0,0.2059488517353309,0.0,-0.0020777729190408684,-1.2570526160197253,-0.004155545838081737,sine,1,0.3,1.0,20,40,8.450013637542725,0.0
1779527361.5733666,0.0,0.2059488517353309,0.0,-0.0020777729190408684,-1.2570526160197253,-0.004155545838081737,0.1584,0.9107999999999999,0.198,0.0,0.07460820237079631,0.0,0.0,0.1937315469713706,0.0,0.0,-1.2362748868293167,0.0020777729190408684,sine,1,0.3,1.0,20,40,8.459999322891235,0.0
1779527361.5835478,0.0,0.1937315469713706,0.0,0.0,-1.2362748868293167,0.0020777729190408684,-0.27720000000000006,1.3464,0.8316,0.0,0.05618034951739584,0.0,0.0,0.18151424220741028,0.0,0.0,-1.2986080744005428,-0.0020777729190408684,sine,1,0.3,1.0,20,40,8.47001838684082,0.0
1779527361.5935984,0.0,0.18151424220741028,0.0,0.0,-1.2986080744005428,-0.0020777729190408684,-0.3168,0.5544000000000001,-0.4356,0.0,0.037226716170297554,0.0,0.0,0.16755160819145565,0.0,0.0,-1.3484746244575236,-0.004155545838081737,sine,1,0.3,1.0,20,40,8.480199575424194,0.0
1779527361.6033747,0.0,0.16755160819145565,0.0,0.0,-1.3484746244575236,-0.004155545838081737,-0.7127999999999999,0.4356,-0.5544000000000001,0.0,0.018366615662728947,0.0,0.0,0.15009831567151233,0.0,0.0,-1.5957296018233869,-0.004155545838081737,sine,1,0.3,1.0,20,40,8.49025011062622,0.0
1779527361.6134384,0.0,0.15009831567151233,0.0,0.0,-1.5957296018233869,-0.004155545838081737,-0.1584,0.5940000000000001,0.6336,0.0,-4.9884335937445754e-05,0.0,0.0,0.13613568165555773,0.0,0.0,-1.5063853663046296,0.0020777729190408684,sine,1,0.3,1.0,20,40,8.50002646446228,0.0
1779527361.623468,0.0,0.13613568165555773,0.0,0.0,-1.5063853663046296,0.0020777729190408684,-0.396,1.5444,0.9107999999999999,0.0,-0.019006676065283154,0.0,0.0,0.12042771838760874,0.0,0.0,-1.5354741871712017,0.0,sine,1,0.3,1.0,20,40,8.510090112686157,0.0
1779527361.6333716,0.0,0.12042771838760874,0.0,0.0,-1.5354741871712017,0.0,-0.396,1.6236000000000002,-0.8712,0.0,-0.03782374783720007,0.0,0.0,0.10471975511965977,0.0,0.0,-1.57910741847106,0.0,sine,1,0.3,1.0,20,40,8.520119667053223,0.0
1779527361.6436343,0.0,0.10471975511965977,0.0,0.0,-1.57910741847106,0.0,-0.5148,1.1483999999999999,-0.5940000000000001,0.0,-0.05625760271864591,0.0,0.0,0.08901179185171082,0.0,0.0,-1.6476739247994086,-0.0020777729190408684,sine,1,0.3,1.0,20,40,8.530023336410522,0.0
1779527361.6534834,0.0,0.08901179185171082,0.0,0.0,-1.6476739247994086,-0.0020777729190408684,-0.6732,0.2376,-0.5940000000000001,0.0,-0.07512912303829704,0.0,0.0,0.06981317007977318,0.0,0.0,-1.861684535460618,-0.004155545838081737,sine,1,0.3,1.0,20,40,8.54028606414795,0.0
1779527361.663347,0.0,0.06981317007977318,0.0,0.0,-1.861684535460618,-0.004155545838081737,-0.4752,1.584,-0.396,0.0,-0.09294732245207442,0.0,0.0,0.050614548307835565,0.0,0.0,-1.9032399938414355,0.0,sine,1,0.3,1.0,20,40,8.550135135650635,0.0
1779527361.673377,0.0,0.050614548307835565,0.0,0.0,-1.9032399938414355,0.0,-0.2376,0.8316,-0.8316,0.0,-0.110435176271174,0.0,0.0,0.03316125578789226,0.0,0.0,-1.7640292082656972,0.0,sine,1,0.3,1.0,20,40,8.559998750686646,0.0
1779527361.6834853,0.0,0.03316125578789226,0.0,0.0,-1.7640292082656972,0.0,-0.3168,0.8316,-1.1088000000000002,0.0,-0.12778287458817536,0.0,0.0,0.013962634015954637,0.0,-0.0020777729190408684,-1.911551085517599,0.0,sine,1,0.3,1.0,20,40,8.57002878189087,0.0
1779527361.6933475,0.0,0.013962634015954637,0.0,-0.0020777729190408684,-1.911551085517599,0.0,0.1188,-0.0396,-0.6732,0.0,-0.1447523689015796,0.0,0.0,-0.0017453292519943296,0.0,0.0,-1.7931180291322695,0.0,sine,1,0.3,1.0,20,40,8.580137014389038,0.0
1779527361.70352,0.0,-0.0017453292519943296,0.0,0.0,-1.7931180291322695,0.0,-0.35639999999999994,1.1880000000000002,-0.5544000000000001,0.0,-0.1607467635460774,0.0,0.0,-0.019198621771937627,0.0,0.0020777729190408684,-1.7598736624276154,0.0,sine,1,0.3,1.0,20,40,8.589999198913574,0.0
1779527361.7133498,0.0,-0.019198621771937627,0.0,0.0020777729190408684,-1.7598736624276154,0.0,-0.35639999999999994,-0.4356,-0.3168,0.0,-0.1765974679681289,0.0,0.0,-0.03665191429188092,0.0,-0.0020777729190408684,-1.7079293394515938,0.0,sine,1,0.3,1.0,20,40,8.6001718044281,0.0
1779527361.72336,0.0,-0.03665191429188092,0.0,-0.0020777729190408684,-1.7079293394515938,0.0,-0.396,0.9107999999999999,-0.5940000000000001,0.0,-0.19122946848035496,0.0,0.0,-0.054105206811824215,0.0,0.0,-1.6996182477754302,0.0,sine,1,0.3,1.0,20,40,8.610001564025879,0.0
1779527361.7333827,0.0,-0.054105206811824215,0.0,0.0,-1.6996182477754302,0.0,-0.2376,1.0296,-0.6732,0.0,-0.20538035419576048,0.0,0.0,-0.06981317007977318,0.0,-0.0020777729190408684,-1.6975404748563894,-0.0020777729190408684,sine,1,0.3,1.0,20,40,8.620011806488037,0.0
1779527361.7434714,0.0,-0.06981317007977318,0.0,-0.0020777729190408684,-1.6975404748563894,-0.0020777729190408684,0.396,0.0,-0.5148,0.0,-0.21873503111065454,0.0,0.0,-0.08901179185171082,0.0,-0.0020777729190408684,-1.832595714594046,-0.0020777729190408684,sine,1,0.3,1.0,20,40,8.630034446716309,0.0
1779527361.7533638,0.0,-0.08901179185171082,0.0,-0.0020777729190408684,-1.832595714594046,-0.0020777729190408684,0.198,0.8712,0.4752,0.0,-0.2313018449646892,0.0,0.0,-0.10646508437165411,0.0,0.0,-1.8263623958369233,0.0,sine,1,0.3,1.0,20,40,8.640123128890991,0.0
1779527361.7633486,0.0,-0.10646508437165411,0.0,0.0,-1.8263623958369233,0.0,0.27720000000000006,-0.1584,-0.4752,0.0,-0.2427223729271675,0.0,0.0,-0.12566370614359174,0.0,0.0,-1.7702625270228198,0.0,sine,1,0.3,1.0,20,40,8.650015592575073,0.0
1779527361.7735,0.0,-0.12566370614359174,0.0,0.0,-1.7702625270228198,0.0,-0.35639999999999994,0.99,-0.6732,0.0,-0.2532987051449889,0.0,0.0,-0.14137166941154067,0.0,0.0,-1.7079293394515938,-0.0020777729190408684,sine,1,0.3,1.0,20,40,8.660000324249268,0.0
1779527361.783451,0.0,-0.14137166941154067,0.0,0.0,-1.7079293394515938,-0.0020777729190408684,-0.2376,0.5940000000000001,0.396,0.0,-0.26302965048520444,0.0,0.0,-0.15707963267948966,0.0,0.0020777729190408684,-1.547940824685447,-0.0020777729190408684,sine,1,0.3,1.0,20,40,8.670151710510254,0.0
1779527361.7933645,0.0,-0.15707963267948966,0.0,0.0020777729190408684,-1.547940824685447,-0.0020777729190408684,-0.3168,0.0792,0.4752,0.0,-0.2715305839945078,0.0,0.0,-0.1710422666954443,0.0,0.0,-1.4648299079238123,0.0,sine,1,0.3,1.0,20,40,8.680102825164795,0.0
1779527361.8033485,0.0,-0.1710422666954443,0.0,0.0,-1.4648299079238123,0.0,-0.35639999999999994,0.35639999999999994,-0.4356,0.0,-0.2789442338171649,0.0,0.0,-0.1867502299633933,0.0,0.0,-1.4710632266809347,0.0,sine,1,0.3,1.0,20,40,8.690016269683838,0.0
1779527361.8134375,0.0,-0.1867502299633933,0.0,0.0,-1.4710632266809347,0.0,-0.27720000000000006,0.27720000000000006,0.5544000000000001,0.0,-0.2853171215378968,0.0,0.0,-0.1989675347273536,0.0,-0.0020777729190408684,-1.3276968952671149,0.0,sine,1,0.3,1.0,20,40,8.700000286102295,0.0
1779527361.8233924,0.0,-0.1989675347273536,0.0,-0.0020777729190408684,-1.3276968952671149,0.0,-0.3168,0.792,-0.5544000000000001,0.0,-0.29061672006106776,0.0,0.0,-0.2111848394913139,0.0,0.0,-1.3006858473195837,0.0,sine,1,0.3,1.0,20,40,8.710089206695557,0.0
1779527361.8334942,0.0,-0.2111848394913139,0.0,0.0,-1.3006858473195837,0.0,-0.198,0.5148,-0.396,0.0,-0.2947017529799645,0.0,0.0,-0.2234021442552742,0.0,0.0,-1.215497157638908,0.0,sine,1,0.3,1.0,20,40,8.720044136047363,0.0
1779527361.8433735,0.0,-0.2234021442552742,0.0,0.0,-1.215497157638908,0.0,-0.198,0.8316,0.396,0.0,-0.29766876117764374,0.0,0.0,-0.23387411976724018,0.0,0.0,-1.0845974637393332,0.0,sine,1,0.3,1.0,20,40,8.730145931243896,0.0
1779527361.8533885,0.0,-0.23387411976724018,0.0,0.0,-1.0845974637393332,0.0,-0.1188,0.1584,0.5544000000000001,0.0,-0.2994110070500791,0.0,0.0,-0.24434609527920614,0.0,0.0,-0.9910976823824942,0.0,sine,1,0.3,1.0,20,40,8.740025281906128,0.0
1779527361.8634481,0.0,-0.24434609527920614,0.0,0.0,-0.9910976823824942,0.0,-0.1188,-0.0792,-0.4752,0.0,-0.29999999038598946,0.0,0.0,-0.2530727415391778,0.0,0.0,-0.9183756302160638,0.0020777729190408684,sine,1,0.3,1.0,20,40,8.750040292739868,0.0
1779527361.873351,0.0,-0.2530727415391778,0.0,0.0,-0.9183756302160638,0.0020777729190408684,0.1188,1.7028,0.396,0.0,-0.299396137100909,0.0,0.0,-0.2617993877991494,0.0,-0.0020777729190408684,-0.8311091676163473,0.0,sine,1,0.3,1.0,20,40,8.7600998878479,0.0
1779527361.8833597,0.0,-0.2617993877991494,0.0,-0.0020777729190408684,-0.8311091676163473,0.0,0.0792,0.6336,0.2376,0.0,-0.29763373894321077,0.0,0.0,-0.2687807048071268,0.0,0.0,-0.7126761112310178,0.0,sine,1,0.3,1.0,20,40,8.770002841949463,0.0
1779527361.8934739,0.0,-0.2687807048071268,0.0,0.0,-0.7126761112310178,0.0,-0.1188,0.396,-0.4356,0.0,-0.2946821424502132,0.0,0.0,-0.27401669256310973,0.0,0.0,-0.6150207840360971,0.0,sine,1,0.3,1.0,20,40,8.780011415481567,0.0
1779527361.9033487,0.0,-0.27401669256310973,0.0,0.0,-0.6150207840360971,0.0,-0.1188,0.7524000000000001,0.4356,0.0,-0.2905159764552832,0.0,0.0,-0.2792526803190927,0.0,0.0,-0.49243218181268583,0.0,sine,1,0.3,1.0,20,40,8.790125608444214,0.0
1779527361.9133484,0.0,-0.2792526803190927,0.0,0.0,-0.49243218181268583,0.0,-0.198,1.3068,-0.396,0.0,-0.285316704912791,0.0,0.0,-0.28274333882308134,0.0,0.0,-0.3885435358606424,0.0020777729190408684,sine,1,0.3,1.0,20,40,8.800000429153442,0.0
1779527361.923479,0.0,-0.28274333882308134,0.0,0.0,-0.3885435358606424,0.0020777729190408684,-0.198,0.0792,-0.5544000000000001,0.0,-0.27893282003320324,0.0,0.0,-0.2844886680750757,0.0,-0.0020777729190408684,-0.3012770732609259,0.0,sine,1,0.3,1.0,20,40,8.81000018119812,0.0
1779527361.9333844,0.0,-0.2844886680750757,0.0,-0.0020777729190408684,-0.3012770732609259,0.0,-0.198,0.198,0.3168,0.0,-0.2713430271294335,0.0,0.0,-0.28623399732707006,0.0,0.0,-0.18076624395655555,0.0,sine,1,0.3,1.0,20,40,8.820130825042725,0.0
1779527361.9434013,0.0,-0.28623399732707006,0.0,0.0,-0.18076624395655555,0.0,-0.1188,1.5048000000000001,-0.4356,0.0,-0.26285915787534203,0.0,0.0,-0.28623399732707006,0.0,-0.004155545838081737,-0.03739991254273563,0.0,sine,1,0.3,1.0,20,40,8.830036163330078,0.0
1779527361.9534526,0.0,-0.28623399732707006,0.0,-0.004155545838081737,-0.03739991254273563,0.0,0.0,0.99,0.2376,0.0,-0.2532447507204293,0.0,0.0,-0.28623399732707006,0.0,-0.004155545838081737,0.04363323129985824,0.0,sine,1,0.3,1.0,20,40,8.840053081512451,0.0
1779527361.9633605,0.0,-0.28623399732707006,0.0,-0.004155545838081737,0.04363323129985824,0.0,0.0,-0.7524000000000001,0.27720000000000006,0.0,-0.24258945165974669,0.0,0.0,-0.28623399732707006,0.0,-0.004155545838081737,0.04363323129985824,0.0,sine,1,0.3,1.0,20,40,8.850104331970215,0.0
1779527361.9733875,0.0,-0.28623399732707006,0.0,-0.004155545838081737,0.04363323129985824,0.0,0.0,-0.7524000000000001,0.27720000000000006,0.0,-0.23113920207399907,0.0,0.0,-0.28099800957108706,0.0,0.0,0.26595493363723116,0.0020777729190408684,sine,1,0.3,1.0,20,40,8.860012292861938,0.0
1779527361.9833717,0.0,-0.28099800957108706,0.0,0.0,0.26595493363723116,0.0020777729190408684,-0.0792,0.1584,-0.2376,0.0,-0.21863996844799213,0.0,0.0,-0.2775073510670984,0.0,0.0020777729190408684,0.34283253164174327,0.0,sine,1,0.3,1.0,20,40,8.870039224624634,0.0
1779527361.993313,0.0,-0.2775073510670984,0.0,0.0020777729190408684,0.34283253164174327,0.0,-0.1584,-1.1880000000000002,0.35639999999999994,0.0,-0.2053318670381079,0.0,0.0,-0.27227136331111546,0.0,0.004155545838081737,0.45711004218899104,0.0,sine,1,0.3,1.0,20,40,8.88002347946167,0.0
1779527362.0033453,0.0,-0.27227136331111546,0.0,0.004155545838081737,0.45711004218899104,0.0,-0.2376,-0.4356,0.3168,0.0,-0.19127828861335677,0.0,0.0,-0.26529004630313807,0.0,0.0020777729190408684,0.6752761986882823,0.0020777729190408684,sine,1,0.3,1.0,20,40,8.889964818954468,0.0
1779527362.0133667,0.0,-0.26529004630313807,0.0,0.0020777729190408684,0.6752761986882823,0.0020777729190408684,-0.198,-0.9107999999999999,-0.198,0.0,-0.17634015675249332,0.0,0.0,-0.26529004630313807,0.0,0.0020777729190408684,0.6752761986882823,0.0020777729190408684,sine,1,0.3,1.0,20,40,8.899996995925903,0.0
1779527362.0233731,0.0,-0.26529004630313807,0.0,0.0020777729190408684,0.6752761986882823,0.0020777729190408684,-0.198,-0.9107999999999999,-0.198,0.0,-0.160718683310051,0.0,0.0,-0.24958208303518914,0.0,0.0,0.8040981196688161,0.0020777729190408684,sine,1,0.3,1.0,20,40,8.91001844406128,0.0
1779527362.0333457,0.0,-0.24958208303518914,0.0,0.0,0.8040981196688161,0.0020777729190408684,-0.1584,-0.8712,-0.0396,0.0,-0.1444850172038981,0.0,0.0,-0.23911010752322315,0.0,0.0,0.9910976823824942,0.0,sine,1,0.3,1.0,20,40,8.920024871826172,0.0
1779527362.0435152,0.0,-0.23911010752322315,0.0,0.0,0.9910976823824942,0.0,-0.0792,-1.4652,-0.35639999999999994,0.0,-0.12773814660071173,0.0,0.0,-0.22689280275926285,0.0,0.0,1.1074529658487828,0.0,sine,1,0.3,1.0,20,40,8.929997444152832,0.0
1779527362.0533495,0.0,-0.22689280275926285,0.0,0.0,1.1074529658487828,0.0,-0.1584,-1.2672,-0.1584,0.0,-0.1101447102388172,0.0,0.0,-0.21467549799530256,0.0,0.0,1.2113416118008262,-0.0020777729190408684,sine,1,0.3,1.0,20,40,8.94016695022583,0.0
1779527362.0633404,0.0,-0.21467549799530256,0.0,0.0,1.2113416118008262,-0.0020777729190408684,0.0,-1.1880000000000002,0.0396,0.0,-0.09270287576300983,0.0,0.0,-0.20420352248333656,0.0,0.0,1.1552417429867228,0.0,sine,1,0.3,1.0,20,40,8.950001239776611,0.0
1779527362.073369,0.0,-0.20420352248333656,0.0,0.0,1.1552417429867228,0.0,-0.1188,-0.792,0.2376,0.0,-0.07462126096443172,0.0,0.0,-0.19198621771937624,0.0,0.0,1.1926416555294586,0.0,sine,1,0.3,1.0,20,40,8.959992170333862,0.0
1779527362.083357,0.0,-0.19198621771937624,0.0,0.0,1.1926416555294586,0.0,-0.0792,-1.6236000000000002,-0.1188,0.0,-0.05617593493208414,0.0,0.0,-0.17976891295541597,0.0,0.0,1.2570526160197253,0.0,sine,1,0.3,1.0,20,40,8.970020771026611,0.0
1779527362.0934176,0.0,-0.17976891295541597,0.0,0.0,1.2570526160197253,0.0,-0.198,-0.99,-0.27720000000000006,0.0,-0.03758343734769063,0.0,0.0,-0.16406094968746698,0.0,0.0,1.481452091276139,0.0020777729190408684,sine,1,0.3,1.0,20,40,8.980008840560913,0.0
1779527362.103345,0.0,-0.16406094968746698,0.0,0.0,1.481452091276139,0.0020777729190408684,-0.1188,-2.8116000000000003,-0.27720000000000006,0.0,-0.018706616337687065,0.0,0.0,-0.14835298641951802,0.0,0.0,1.5770296455520192,0.004155545838081737,sine,1,0.3,1.0,20,40,8.990069389343262,0.0
1779527362.1135285,0.0,-0.14835298641951802,0.0,0.0,1.5770296455520192,0.004155545838081737,-0.1584,-0.6336,-0.35639999999999994,0.0,-6.291718075801776e-06,0.0,0.0,-0.1308996938995747,0.0,0.0,1.6518294706374903,0.0,sine,1,0.3,1.0,20,40,8.999996662139893,0.0
1779527362.1234448,0.0,-0.1308996938995747,0.0,0.0,1.6518294706374903,0.0,-0.2376,0.27720000000000006,-0.198,0.0,0.019176208118255825,0.0,0.0,-0.11344640137963143,0.0,0.0,1.7328626144800843,0.0,sine,1,0.3,1.0,20,40,9.010180234909058,0.0
1779527362.133311,0.0,-0.11344640137963143,0.0,0.0,1.7328626144800843,0.0,-0.0396,-1.3068,-0.1188,0.0,0.03778050268101215,0.0,0.0,-0.09773843811168245,0.0,-0.0020777729190408684,1.610274012256673,-0.0020777729190408684,sine,1,0.3,1.0,20,40,9.02009654045105,0.0
1779527362.1434817,0.0,-0.09773843811168245,0.0,-0.0020777729190408684,1.610274012256673,-0.0020777729190408684,-0.1188,-1.0692,0.0792,0.0,0.05614547394990103,0.0,0.0,-0.08203047484373349,0.0,0.0,1.5998851476614686,0.0,sine,1,0.3,1.0,20,40,9.02996277809143,0.0
1779527362.1534467,0.0,-0.08203047484373349,0.0,0.0,1.5998851476614686,0.0,0.0,-0.2376,0.2376,0.0,0.07485063232469329,0.0,0.0,-0.06632251157578452,0.0,-0.0020777729190408684,1.5978073747424277,0.0020777729190408684,sine,1,0.3,1.0,20,40,9.040133476257324,0.0
1779527362.1635466,0.0,-0.06632251157578452,0.0,-0.0020777729190408684,1.5978073747424277,0.0020777729190408684,0.0396,-1.0692,0.0396,0.0,0.09288151658789215,0.0,0.0,-0.048869219055841226,0.0,0.0,1.784806937456106,0.0020777729190408684,sine,1,0.3,1.0,20,40,9.050098419189453,0.0
1779527362.173346,0.0,-0.048869219055841226,0.0,0.0,1.784806937456106,0.0020777729190408684,-0.0396,-1.3464,-0.198,0.0,0.11078483039994054,0.0,0.0,-0.031415926535897934,0.0,0.0,1.7141626582087164,-0.0020777729190408684,sine,1,0.3,1.0,20,40,9.060198307037354,0.0
1779527362.1834955,0.0,-0.031415926535897934,0.0,0.0,1.7141626582087164,-0.0020777729190408684,-0.3168,0.1584,-0.198,0.0,0.12773001386666694,0.0,0.0,-0.012217304763960306,0.0,0.006233318757122605,1.8845400375700676,0.0020777729190408684,sine,1,0.3,1.0,20,40,9.069997787475586,0.0
1779527362.193538,0.0,-0.012217304763960306,0.0,0.006233318757122605,1.8845400375700676,0.0020777729190408684,0.27720000000000006,-2.0988,0.3168,0.0,0.14476929482374937,0.0,0.0,0.005235987755982989,0.0,0.0020777729190408684,1.911551085517599,0.0020777729190408684,sine,1,0.3,1.0,20,40,9.08014726638794,0.0
1779527362.2033446,0.0,0.005235987755982989,0.0,0.0020777729190408684,1.911551085517599,0.0020777729190408684,0.0792,-0.3168,-0.4356,0.0,0.16104982832146558,0.0,0.0,0.022689280275926284,0.0,0.0,1.7619514353466563,0.0,sine,1,0.3,1.0,20,40,9.090189695358276,0.0
1779527362.2134962,0.0,0.022689280275926284,0.0,0.0,1.7619514353466563,0.0,-0.35639999999999994,-2.0196,0.1188,0.0,0.1763299765232871,0.0,0.0,0.04014257279586959,0.0,0.0,1.8346734875130868,0.0,sine,1,0.3,1.0,20,40,9.099996328353882,0.0
1779527362.2233877,0.0,0.04014257279586959,0.0,0.0,1.8346734875130868,0.0,-0.0792,0.0,-0.1584,0.0,0.19144199877262472,0.0,0.0,0.05934119456780721,0.0,0.0,1.8845400375700676,0.0,sine,1,0.3,1.0,20,40,9.110147953033447,0.0
1779527362.2334423,0.0,0.05934119456780721,0.0,0.0,1.8845400375700676,0.0,0.1584,-2.0196,0.0,0.0,0.20541835058659877,0.0,0.0,0.07853981633974483,0.0,0.0,1.8658400812986997,0.0,sine,1,0.3,1.0,20,40,9.120039463043213,0.0
1779527362.243452,0.0,0.07853981633974483,0.0,0.0,1.8658400812986997,0.0,-0.1188,-0.396,-0.0396,0.0,0.21881190835208156,0.0,0.0,0.09599310885968812,0.0,0.0,1.8076624395655554,0.0,sine,1,0.3,1.0,20,40,9.130094051361084,0.0
1779527362.2533665,0.0,0.09599310885968812,0.0,0.0,1.8076624395655554,0.0,-0.0792,-1.5444,-0.4356,0.0,0.2312786614071523,0.0,0.0,0.1117010721276371,0.0,0.0,1.626896195609,-0.0020777729190408684,sine,1,0.3,1.0,20,40,9.140103816986084,0.0
1779527362.263455,0.0,0.1117010721276371,0.0,0.0,1.626896195609,-0.0020777729190408684,-0.1188,-1.0296,0.0,0.0,0.24272527821452433,0.0,0.0,0.12915436464758037,0.0,0.0,1.6601405623136538,0.0,sine,1,0.3,1.0,20,40,9.150018215179443,0.0
1779527362.2735243,0.0,0.12915436464758037,0.0,0.0,1.6601405623136538,0.0,0.0396,-0.3168,-0.2376,0.0,0.2534060473238753,0.0,0.0,0.14311699866353503,0.0,-0.0020777729190408684,1.5333964142521608,0.0,sine,1,0.3,1.0,20,40,9.160106658935547,0.0
1779527362.2833467,0.0,0.14311699866353503,0.0,-0.0020777729190408684,1.5333964142521608,0.0,-0.0396,-1.7424,0.1584,0.0,0.2630516925386237,0.0,0.0,0.16057029118347835,0.0,0.0,1.57910741847106,0.0,sine,1,0.3,1.0,20,40,9.170176029205322,0.0
1779527362.2933164,0.0,0.16057029118347835,0.0,0.0,1.57910741847106,0.0,-0.0396,-3.0492,0.5148,0.0,0.27144682986208435,0.0,0.0,0.17453292519943295,0.0,0.004155545838081737,1.514696457980793,0.0,sine,1,0.3,1.0,20,40,9.179998397827148,0.0
1779527362.303345,0.0,0.17453292519943295,0.0,0.004155545838081737,1.514696457980793,0.0,-0.1584,-0.4752,-0.2376,0.0,0.27891081114279376,0.0,0.0,0.18849555921538758,0.0,0.008311091676163474,1.3671745807288913,0.0,sine,1,0.3,1.0,20,40,9.18996810913086,0.0
1779527362.3134918,0.0,0.18849555921538758,0.0,0.008311091676163474,1.3671745807288913,0.0,0.27720000000000006,0.0,0.0792,0.0,0.2853150383547385,0.0,0.0,0.20071286397934787,0.0,0.004155545838081737,1.2653637076958888,0.0,sine,1,0.3,1.0,20,40,9.199996709823608,0.0
1779527362.3234966,0.0,0.20071286397934787,0.0,0.004155545838081737,1.2653637076958888,0.0,0.3168,-0.3168,0.0396,0.0,0.2906421295176479,0.0,0.0,0.21293016874330822,0.0,0.0,1.2528970701816435,0.0,sine,1,0.3,1.0,20,40,9.210143566131592,0.0
1779527362.33348,0.0,0.21293016874330822,0.0,0.0,1.2528970701816435,0.0,-0.0792,0.0,0.0,0.0,0.2947384364256516,0.0,0.0,0.22514747350726852,0.0,0.0,1.2092638388817853,-0.0020777729190408684,sine,1,0.3,1.0,20,40,9.22014832496643,0.0
1779527362.3433766,0.0,0.22514747350726852,0.0,0.0,1.2092638388817853,-0.0020777729190408684,0.0,-0.5940000000000001,0.1188,0.0,0.29766540495709176,0.0,0.0,0.23561944901923448,0.0,-0.0020777729190408684,1.0804419179012517,0.0,sine,1,0.3,1.0,20,40,9.23013162612915,0.0
1779527362.3534524,0.0,0.23561944901923448,0.0,-0.0020777729190408684,1.0804419179012517,0.0,-0.0396,-1.7028,0.0396,0.0,0.2994113729087314,0.0,0.0,0.24609142453120048,0.0,-0.004155545838081737,1.0181087303300256,0.0,sine,1,0.3,1.0,20,40,9.240028381347656,0.0
1779527362.363514,0.0,0.24609142453120048,0.0,-0.004155545838081737,1.0181087303300256,0.0,-0.0792,-2.6532,-0.198,0.0,0.29999993571730954,0.0,0.0,0.25481807079117214,0.0,0.0,0.8975979010256552,0.0020777729190408684,sine,1,0.3,1.0,20,40,9.250104188919067,0.0
1779527362.3733802,0.0,0.25481807079117214,0.0,0.0,0.8975979010256552,0.0020777729190408684,-0.0396,-0.396,-0.1584,0.0,0.29938824548830356,0.0,0.0,0.2617993877991494,0.0,0.0,0.8103314384259387,0.0,sine,1,0.3,1.0,20,40,9.260165691375732,0.0
1779527362.3833604,0.0,0.2617993877991494,0.0,0.0,0.8103314384259387,0.0,0.0,-0.99,-0.0396,0.0,0.2976268612522129,0.0,0.0,0.2687807048071268,0.0,0.0,0.6981317007977318,0.0,sine,1,0.3,1.0,20,40,9.270031929016113,0.0
1779527362.3933487,0.0,0.2687807048071268,0.0,0.0,0.6981317007977318,0.0,0.0792,-1.3464,-0.27720000000000006,0.0,0.2946818897200196,0.0,0.0,0.27401669256310973,0.0,0.0020777729190408684,0.5963208277647293,0.0,sine,1,0.3,1.0,20,40,9.280012130737305,0.0
1779527362.403473,0.0,0.27401669256310973,0.0,0.0020777729190408684,0.5963208277647293,0.0,-0.1188,-0.9107999999999999,-0.3168,0.0,0.2905747426929534,0.0,0.0,0.2792526803190927,0.0,0.0020777729190408684,0.47996554429844057,0.0,sine,1,0.3,1.0,20,40,9.290000438690186,0.0
1779527362.4133418,0.0,0.2792526803190927,0.0,0.0020777729190408684,0.47996554429844057,0.0,-0.1584,-0.198,-0.1584,0.0,0.2852442636276636,0.0,0.0,0.28274333882308134,0.0,0.0,0.3739991254273563,0.0,sine,1,0.3,1.0,20,40,9.300124645233154,0.0
1779527362.4252353,0.0,0.28274333882308134,0.0,0.0,0.3739991254273563,0.0,-0.0792,-1.5444,-0.4356,0.0,0.2789374520729538,0.0,0.0,0.2844886680750757,0.0,0.0,0.25556606904202683,0.0,sine,1,0.3,1.0,20,40,9.309993505477905,0.0
1779527362.4334202,0.0,0.2844886680750757,0.0,0.0,0.25556606904202683,0.0,-0.0792,-1.5048000000000001,-0.4752,0.0,0.2699145996962766,0.0,0.0,0.28623399732707006,0.0,0.0,0.17453292519943295,0.0,sine,1,0.3,1.0,20,40,9.321887016296387,0.0
1779527362.4433472,0.0,0.28623399732707006,0.0,0.0,0.17453292519943295,0.0,0.0396,0.9107999999999999,-0.5148,0.0,0.26282666219307155,0.0,0.0,0.28623399732707006,0.0,0.0,0.031166593785613025,0.0,sine,1,0.3,1.0,20,40,9.330071926116943,0.0
1779527362.4534795,0.0,0.28623399732707006,0.0,0.0,0.031166593785613025,0.0,0.0,1.1483999999999999,-0.5940000000000001,0.0,0.2532994275553545,0.0,0.0,0.28623399732707006,0.0,0.0,-0.020777729190408684,0.0,sine,1,0.3,1.0,20,40,9.339998960494995,0.0
1779527362.463389,0.0,0.28623399732707006,0.0,0.0,-0.020777729190408684,0.0,-0.0792,1.9008,-0.6732,0.0,0.24255957166984238,0.0,0.0,0.2844886680750757,0.0,0.0,-0.13505523973765646,0.0,sine,1,0.3,1.0,20,40,9.350131273269653,0.0
1779527362.4733772,0.0,0.2844886680750757,0.0,0.0,-0.13505523973765646,0.0,-0.1188,2.1384,-0.6336,0.0,0.23110510603658693,0.0,0.0,0.28099800957108706,0.0,0.0,-0.3282881212084572,-0.0020777729190408684,sine,1,0.3,1.0,20,40,9.360040664672852,0.0
1779527362.4834604,0.0,0.28099800957108706,0.0,0.0,-0.3282881212084572,-0.0020777729190408684,-0.1584,1.4255999999999998,0.6336,0.0,0.21865320003923935,0.0,0.0,0.27576202181510406,0.0,0.0,-0.4612655880270728,0.0,sine,1,0.3,1.0,20,40,9.370028972625732,0.0
1779527362.4934812,0.0,0.27576202181510406,0.0,0.0,-0.4612655880270728,0.0,0.0792,0.8712,-1.0692,0.0,0.20520994935050918,0.0,0.0,0.27052603405912107,0.0,0.0,-0.47788777137939975,0.0,sine,1,0.3,1.0,20,40,9.380112171173096,0.0
1779527362.50336,0.0,0.27052603405912107,0.0,0.0,-0.47788777137939975,0.0,-0.1584,2.4552,-0.8316,0.0,0.19103410265365636,0.0,0.0,0.26529004630313807,0.0,0.0,-0.5589209152219936,-0.0020777729190408684,sine,1,0.3,1.0,20,40,9.390132904052734,0.0
1779527362.5133896,0.0,0.26529004630313807,0.0,0.0,-0.5589209152219936,-0.0020777729190408684,-0.35639999999999994,0.396,-0.7524000000000001,0.0,0.17631761439933083,0.0,0.0,0.25656340004316647,0.0,0.0,-0.7770870717212848,-0.004155545838081737,sine,1,0.3,1.0,20,40,9.400011777877808,0.0
1779527362.523459,0.0,0.25656340004316647,0.0,0.0,-0.7770870717212848,-0.004155545838081737,-0.198,1.4652,-0.5544000000000001,0.0,0.1606822519527521,0.0,0.0,0.24958208303518914,0.0,0.0,-0.7916314821545708,0.0,sine,1,0.3,1.0,20,40,9.410041332244873,0.0
1779527362.5335777,0.0,0.24958208303518914,0.0,0.0,-0.7916314821545708,0.0,-0.3168,0.5940000000000001,-0.99,0.0,0.1443432089610989,0.0,0.0,0.24085543677521748,0.0,0.0,-0.8622757614019604,0.0,sine,1,0.3,1.0,20,40,9.420110702514648,0.0
1779527362.543348,0.0,0.24085543677521748,0.0,0.0,-0.8622757614019604,0.0,-0.2376,-0.0396,-0.4752,0.0,0.12734235632603155,0.0,0.0,0.2303834612632515,0.0,-0.0020777729190408684,-0.9287644948112682,-0.0020777729190408684,sine,1,0.3,1.0,20,40,9.430229425430298,0.0
1779527362.5533974,0.0,0.2303834612632515,0.0,-0.0020777729190408684,-0.9287644948112682,-0.0020777729190408684,-0.198,1.4652,-0.9107999999999999,0.0,0.11043768337087315,0.0,0.0,0.21991148575128555,0.0,-0.0020777729190408684,-1.0243420490871482,0.0,sine,1,0.3,1.0,20,40,9.43999981880188,0.0
1779527362.5633461,0.0,0.21991148575128555,0.0,-0.0020777729190408684,-1.0243420490871482,0.0,0.198,1.7028,-0.792,0.0,0.0926169613677531,0.0,0.0,0.20943951023931953,0.0,-0.0020777729190408684,-1.1157640575249463,0.0,sine,1,0.3,1.0,20,40,9.45004916191101,0.0
1779527362.5733397,0.0,0.20943951023931953,0.0,-0.0020777729190408684,-1.1157640575249463,0.0,0.2376,1.7028,-0.8316,0.0,0.07461081410157969,0.0,0.0,0.1954768762233649,0.0,0.0,-1.358863489052728,-0.0020777729190408684,sine,1,0.3,1.0,20,40,9.45999789237976,0.0
1779527362.5833998,0.0,0.1954768762233649,0.0,0.0,-1.358863489052728,-0.0020777729190408684,0.2376,1.2276,0.99,0.0,0.05623023345502918,0.0,0.0,0.17976891295541597,0.0,0.0,-1.5043075933855887,0.0,sine,1,0.3,1.0,20,40,9.469991445541382,0.0
1779527362.5933506,0.0,0.17976891295541597,0.0,0.0,-1.5043075933855887,0.0,0.1188,0.0,-0.8316,0.0,0.037503625653706796,0.0,0.0,0.1658062789394613,0.0,0.004155545838081737,-1.4295077683001174,0.0,sine,1,0.3,1.0,20,40,9.480051517486572,0.0
1779527362.6033387,0.0,0.1658062789394613,0.0,0.004155545838081737,-1.4295077683001174,0.0,-0.3168,0.1188,-0.9107999999999999,0.0,0.018832652699508196,0.0,0.0,0.1518436449235067,0.0,0.0020777729190408684,-1.4440521787334035,0.0,sine,1,0.3,1.0,20,40,9.490002393722534,0.0
1779527362.6134055,0.0,0.1518436449235067,0.0,0.0020777729190408684,-1.4440521787334035,0.0,-0.396,0.2376,-1.0692,0.0,1.7976337348345786e-05,0.0,0.0,0.13613568165555773,0.0,0.0,-1.468985453761894,-0.0020777729190408684,sine,1,0.3,1.0,20,40,9.499990463256836,0.0
1779527362.623347,0.0,0.13613568165555773,0.0,0.0,-1.468985453761894,-0.0020777729190408684,-0.6732,1.2276,-0.7127999999999999,0.0,-0.018944781889550007,0.0,0.0,0.11868238913561442,0.0,0.0,-1.691307156099267,-0.004155545838081737,sine,1,0.3,1.0,20,40,9.510057210922241,0.0
1779527362.633351,0.0,0.11868238913561442,0.0,0.0,-1.691307156099267,-0.004155545838081737,-0.198,0.5148,-0.5148,0.0,-0.03759770507545405,0.0,0.0,0.10297442586766545,0.0,-0.004155545838081737,-1.6123517851757139,0.0020777729190408684,sine,1,0.3,1.0,20,40,9.519998788833618,0.0
1779527362.6433794,0.0,0.10297442586766545,0.0,-0.004155545838081737,-1.6123517851757139,0.0020777729190408684,0.198,0.8712,-1.1483999999999999,0.0,-0.056219638771133736,0.0,0.0,0.08726646259971647,0.0,-0.004155545838081737,-1.655985016475572,-0.0020777729190408684,sine,1,0.3,1.0,20,40,9.53000283241272,0.0
1779527362.6533425,0.0,0.08726646259971647,0.0,-0.004155545838081737,-1.655985016475572,-0.0020777729190408684,0.0396,-0.2376,-0.792,0.0,-0.07466391798654967,0.0,0.0,0.06981317007977318,0.0,-0.0020777729190408684,-1.6663738810707764,0.0,sine,1,0.3,1.0,20,40,9.54003119468689,0.0
1779527362.6633425,0.0,0.06981317007977318,0.0,-0.0020777729190408684,-1.6663738810707764,0.0,0.2376,1.5444,-0.8316,0.0,-0.09269475486133355,0.0,0.0,0.050614548307835565,0.0,0.0,-1.8699956271367815,-0.004155545838081737,sine,1,0.3,1.0,20,40,9.549994230270386,0.0
1779527362.6735702,0.0,0.050614548307835565,0.0,0.0,-1.8699956271367815,-0.004155545838081737,0.2376,0.1584,0.792,0.0,-0.1104272370632731,0.0,0.0,0.031415926535897934,0.0,0.0,-1.9053177667604764,0.0,sine,1,0.3,1.0,20,40,9.559994220733643,0.0
1779527362.6834178,0.0,0.031415926535897934,0.0,0.0,-1.9053177667604764,0.0,0.2376,0.5544000000000001,-1.1880000000000002,0.0,-0.12811212829851026,0.0,0.0,0.012217304763960306,0.0,0.0020777729190408684,-1.957262089736498,0.0,sine,1,0.3,1.0,20,40,9.570221900939941,0.0
1779527362.6933477,0.0,0.012217304763960306,0.0,0.0020777729190408684,-1.957262089736498,0.0,-0.198,1.1483999999999999,-0.99,0.0,-0.14464095773498328,0.0,0.0,-0.005235987755982989,0.0,0.0,-1.9655731814126616,0.0,sine,1,0.3,1.0,20,40,9.580069541931152,0.0
1779527362.7033803,0.0,-0.005235987755982989,0.0,0.0,-1.9655731814126616,0.0,-0.198,-0.1584,-1.0296,0.0,-0.16074714299519952,0.0,0.0,-0.024434609527920613,0.0,0.0020777729190408684,-1.9468732251412937,0.0,sine,1,0.3,1.0,20,40,9.589999437332153,0.0
1779527362.713341,0.0,-0.024434609527920613,0.0,0.0020777729190408684,-1.9468732251412937,0.0,-0.1584,0.5148,-0.6336,0.0,-0.1763845098443559,0.0,0.0,-0.04188790204786391,0.0,0.0020777729190408684,-1.7411737061562478,0.0,sine,1,0.3,1.0,20,40,9.600032091140747,0.0
1779527362.723348,0.0,-0.04188790204786391,0.0,0.0020777729190408684,-1.7411737061562478,0.0,-0.5940000000000001,1.1088000000000002,-0.99,0.0,-0.19121665611023547,0.0,0.0,-0.05934119456780721,0.0,0.0,-1.8284401687559642,-0.0020777729190408684,sine,1,0.3,1.0,20,40,9.609992742538452,0.0
1779527362.7333808,0.0,-0.05934119456780721,0.0,0.0,-1.8284401687559642,-0.0020777729190408684,0.35639999999999994,-0.35639999999999994,0.8712,0.0,-0.20536364692322018,0.0,0.0,-0.07853981633974483,0.0,0.0,-1.8367512604321277,0.0,sine,1,0.3,1.0,20,40,9.619999647140503,0.0
1779527362.7434065,0.0,-0.07853981633974483,0.0,0.0,-1.8367512604321277,0.0,-0.2376,1.0692,-0.5148,0.0,-0.21873257053230316,0.0,0.0,-0.09424777960769379,0.0,0.0,-1.6829960644231035,0.0,sine,1,0.3,1.0,20,40,9.630032539367676,0.0
1779527362.7535012,0.0,-0.09424777960769379,0.0,0.0,-1.6829960644231035,0.0,-0.35639999999999994,-0.3168,-0.8712,0.0,-0.23122398052486115,0.0,0.0,-0.1117010721276371,0.0,-0.004155545838081737,-1.7266292957229616,-0.0020777729190408684,sine,1,0.3,1.0,20,40,9.640058279037476,0.0
1779527362.763346,0.0,-0.1117010721276371,0.0,-0.004155545838081737,-1.7266292957229616,-0.0020777729190408684,0.0,0.3168,0.9504,0.0,-0.2428744156869609,0.0,0.0,-0.12740903539558607,0.0,-0.0020777729190408684,-1.562485235118733,0.0,sine,1,0.3,1.0,20,40,9.650152921676636,0.0
1779527362.7734823,0.0,-0.12740903539558607,0.0,-0.0020777729190408684,-1.562485235118733,0.0,0.1188,1.2672,-0.8712,0.0,-0.25329605626321355,0.0,0.0,-0.14311699866353503,0.0,0.0,-1.5043075933855887,0.0,sine,1,0.3,1.0,20,40,9.659997701644897,0.0
1779527362.783366,0.0,-0.14311699866353503,0.0,0.0,-1.5043075933855887,0.0,0.27720000000000006,0.7127999999999999,-0.7127999999999999,0.0,-0.2630136553477332,0.0,0.0,-0.15707963267948966,0.0,0.0,-1.5541741434425695,-0.004155545838081737,sine,1,0.3,1.0,20,40,9.6701340675354,0.0
1779527362.7933547,0.0,-0.15707963267948966,0.0,0.0,-1.5541741434425695,-0.004155545838081737,0.0396,0.4356,0.6732,0.0,-0.27146232744847615,0.0,0.0,-0.17278759594743864,0.0,0.0,-1.4482077245714853,0.0020777729190408684,sine,1,0.3,1.0,20,40,9.680017709732056,0.0
1779527362.8034527,0.0,-0.17278759594743864,0.0,0.0,-1.4482077245714853,0.0020777729190408684,-0.1584,0.5940000000000001,-0.7524000000000001,0.0,-0.2789374520729533,0.0,0.0,-0.18500490071139894,0.0,0.0,-1.373407899486014,0.0,sine,1,0.3,1.0,20,40,9.690006494522095,0.0
1779527362.8135014,0.0,-0.18500490071139894,0.0,0.0,-1.373407899486014,0.0,-0.198,0.6732,-0.7524000000000001,0.0,-0.28537774836790647,0.0,0.0,-0.1989675347273536,0.0,0.0,-1.3650968078098504,0.0,sine,1,0.3,1.0,20,40,9.700104475021362,0.0
1779527362.8233454,0.0,-0.1989675347273536,0.0,0.0,-1.3650968078098504,0.0,-0.2376,0.6732,-0.792,0.0,-0.2906465838211975,0.0,0.0,-0.21293016874330822,0.0,0.0020777729190408684,-1.306919166076706,0.0,sine,1,0.3,1.0,20,40,9.710153102874756,0.0
1779527362.8333402,0.0,-0.21293016874330822,0.0,0.0020777729190408684,-1.306919166076706,0.0,-0.198,0.7127999999999999,0.7524000000000001,0.0,-0.2946851747483119,0.0,0.0,-0.2234021442552742,0.0,0.0,-1.213419384719867,-0.0020777729190408684,sine,1,0.3,1.0,20,40,9.71999716758728,0.0
1779527362.8433485,0.0,-0.2234021442552742,0.0,0.0,-1.213419384719867,-0.0020777729190408684,-0.198,0.8316,0.7524000000000001,0.0,-0.2976324994385518,0.0,0.0,-0.23387411976724018,0.0,0.0,-1.0783641449822108,0.0,sine,1,0.3,1.0,20,40,9.729991912841797,0.0
1779527362.8533742,0.0,-0.23387411976724018,0.0,0.0,-1.0783641449822108,0.0,-0.198,0.3168,-0.8316,0.0,-0.2994080478754506,0.0,0.0,-0.24434609527920614,0.0,-0.0020777729190408684,-0.9869421365444124,-0.0020777729190408684,sine,1,0.3,1.0,20,40,9.740000247955322,0.0
1779527362.86334,0.0,-0.24434609527920614,0.0,-0.0020777729190408684,-0.9869421365444124,-0.0020777729190408684,-0.1188,0.0,0.7127999999999999,0.0,-0.29999999600069815,0.0,0.0,-0.2530727415391778,0.0,0.0,-0.8913645822685325,0.0,sine,1,0.3,1.0,20,40,9.750025987625122,0.0
1779527362.8734002,0.0,-0.2530727415391778,0.0,0.0,-0.8913645822685325,0.0,-0.0792,1.3464,0.7127999999999999,0.0,-0.29940900689536254,0.0,0.0,-0.26005405854715513,0.0,0.0,-0.8061758925878569,0.0,sine,1,0.3,1.0,20,40,9.759991645812988,0.0
1779527362.8833675,0.0,-0.26005405854715513,0.0,0.0,-0.8061758925878569,0.0,-0.0396,0.1584,0.7127999999999999,0.0,-0.29762212001414484,0.0,0.0,-0.2670353755551324,0.0,-0.0020777729190408684,-0.7043650195548544,0.0,sine,1,0.3,1.0,20,40,9.770051956176758,0.0
1779527362.8934455,0.0,-0.2670353755551324,0.0,-0.0020777729190408684,-0.7043650195548544,0.0,-0.0396,0.396,0.5940000000000001,0.0,-0.29467936209074086,0.0,0.0,-0.27401669256310973,0.0,0.0,-0.6129430111170562,0.0,sine,1,0.3,1.0,20,40,9.780019283294678,0.0
1779527362.9035277,0.0,-0.27401669256310973,0.0,0.0,-0.6129430111170562,0.0,0.0,0.6336,0.6732,0.0,-0.29052931255279035,0.0,0.0,-0.2775073510670984,0.0,0.0020777729190408684,-0.504898819326931,0.0,sine,1,0.3,1.0,20,40,9.7900972366333,0.0
1779527362.9133656,0.0,-0.2775073510670984,0.0,0.0020777729190408684,-0.504898819326931,0.0,-0.1188,1.4255999999999998,0.6732,0.0,-0.2852122285037,0.0,0.0,-0.28274333882308134,0.0,0.0,-0.394776854617765,0.0,sine,1,0.3,1.0,20,40,9.800179481506348,0.0
1779527362.9233742,0.0,-0.28274333882308134,0.0,0.0,-0.394776854617765,0.0,-0.0396,0.4752,0.5544000000000001,0.0,-0.2789209068204441,0.0,0.0,-0.2844886680750757,0.0,0.0020777729190408684,-0.30543261909900765,0.0,sine,1,0.3,1.0,20,40,9.810017347335815,0.0
1779527362.9335277,0.0,-0.2844886680750757,0.0,0.0020777729190408684,-0.30543261909900765,0.0,-0.0792,0.3168,0.4356,0.0,-0.27142730869774934,0.0,0.0,-0.28623399732707006,0.0,0.0020777729190408684,-0.14752187725190166,0.0020777729190408684,sine,1,0.3,1.0,20,40,9.82002592086792,0.0
1779527362.9435534,0.0,-0.28623399732707006,0.0,0.0020777729190408684,-0.14752187725190166,0.0020777729190408684,-0.1188,0.8316,0.3168,0.0,-0.26272887858121213,0.0,0.0,-0.28623399732707006,0.0,0.0,-0.02493327502849042,0.0,sine,1,0.3,1.0,20,40,9.830179452896118,0.0
1779527362.9533713,0.0,-0.28623399732707006,0.0,0.0,-0.02493327502849042,0.0,-0.0792,0.4752,-0.4356,0.0,-0.25309092070717,0.0,0.0,-0.2844886680750757,0.0,0.0,0.09973310011396168,0.0,sine,1,0.3,1.0,20,40,9.840205192565918,0.0
1779527362.9633558,0.0,-0.2844886680750757,0.0,0.0,0.09973310011396168,0.0,-0.0792,0.0,0.396,0.0,-0.2426795783355848,0.0,0.0,-0.28274333882308134,0.0,0.0,0.14752187725190166,0.0,sine,1,0.3,1.0,20,40,9.850023031234741,0.0
1779527362.9734852,0.0,-0.28274333882308134,0.0,0.0,0.14752187725190166,0.0,-0.0396,0.396,0.3168,0.0,-0.23114493177949647,0.0,0.0,-0.28099800957108706,0.0,0.0,0.24725497736586333,-0.0020777729190408684,sine,1,0.3,1.0,20,40,9.860007524490356,0.0
1779527362.983376,0.0,-0.28099800957108706,0.0,0.0,0.24725497736586333,-0.0020777729190408684,-0.0792,-0.198,0.27720000000000006,0.0,-0.21851376120788096,0.0,0.0,-0.2775073510670984,0.0,0.0,0.3345214399655798,0.0,sine,1,0.3,1.0,20,40,9.870136976242065,0.0
1779527362.9933605,0.0,-0.2775073510670984,0.0,0.0,0.3345214399655798,0.0,-0.0396,-1.5048000000000001,0.2376,0.0,-0.2053259692629082,0.0,0.0,-0.27227136331111546,0.0,0.0,0.45087672343186846,0.0,sine,1,0.3,1.0,20,40,9.880027770996094,0.0
1779527363.0033407,0.0,-0.27227136331111546,0.0,0.0,0.45087672343186846,0.0,-0.0396,-0.5544000000000001,-0.2376,0.0,-0.19120938396316495,0.0,0.0,-0.2670353755551324,0.0,0.0,0.5547653693839119,0.0020777729190408684,sine,1,0.3,1.0,20,40,9.890012264251709,0.0
1779527363.0133517,0.0,-0.2670353755551324,0.0,0.0,0.5547653693839119,0.0020777729190408684,-0.0792,-0.792,0.2376,0.0,-0.17634706458847788,0.0,0.0,-0.26005405854715513,0.0,0.0,0.6607317882549961,0.0,sine,1,0.3,1.0,20,40,9.8999924659729,0.0
1779527363.0235472,0.0,-0.26005405854715513,0.0,0.0,0.6607317882549961,0.0,-0.0792,-0.35639999999999994,0.1188,0.0,-0.1607425895819237,0.0,0.0,-0.25132741228718347,0.0,0.0,0.8872090364304508,0.0020777729190408684,sine,1,0.3,1.0,20,40,9.910003423690796,0.0
1779527363.033479,0.0,-0.25132741228718347,0.0,0.0,0.8872090364304508,0.0020777729190408684,-0.1188,-1.2276,-0.2376,0.0,-0.1441974178555951,0.0,0.0,-0.23911010752322315,0.0,-0.0020777729190408684,1.0222642761681073,0.0,sine,1,0.3,1.0,20,40,9.920198917388916,0.0
1779527363.0433793,0.0,-0.23911010752322315,0.0,-0.0020777729190408684,1.0222642761681073,0.0,-0.0792,-0.6732,-0.4752,0.0,-0.1275107935258724,0.0,0.0,-0.22863813201125718,0.0,0.0,1.1323862408772734,0.0,sine,1,0.3,1.0,20,40,9.93013072013855,0.0
1779527363.0534008,0.0,-0.22863813201125718,0.0,0.0,1.1323862408772734,0.0,0.0,-1.0692,-0.2376,0.0,-0.11038294299870426,0.0,0.0,-0.2181661564992912,0.0,0.0,1.0825196908202923,0.0,sine,1,0.3,1.0,20,40,9.940031051635742,0.0
1779527363.0633438,0.0,-0.2181661564992912,0.0,0.0,1.0825196908202923,0.0,0.0,0.0396,0.0,0.0,-0.09261097696763189,0.0,0.0,-0.2059488517353309,0.0,0.0,1.136541786715355,0.0,sine,1,0.3,1.0,20,40,9.950052499771118,0.0
1779527363.0733426,0.0,-0.2059488517353309,0.0,0.0,1.136541786715355,0.0,-0.0396,0.2376,0.0792,0.0,-0.0746151669728214,0.0,0.0,-0.19198621771937624,0.0,0.0,1.3547079432146463,0.0,sine,1,0.3,1.0,20,40,9.95999550819397,0.0
1779527363.0833519,0.0,-0.19198621771937624,0.0,0.0,1.3547079432146463,0.0,-0.0396,-0.6336,0.0396,0.0,-0.05622493612216669,0.0,0.0,-0.1762782544514273,0.0,0.0020777729190408684,1.48352986419518,0.0,sine,1,0.3,1.0,20,40,9.969994306564331,0.0
1779527363.0934906,0.0,-0.1762782544514273,0.0,0.0020777729190408684,1.48352986419518,0.0,-0.1584,-3.0096000000000003,0.27720000000000006,0.0,-0.03759324641980823,0.0,0.0,-0.16231562043547265,0.0,0.0,1.545863051766406,0.0,sine,1,0.3,1.0,20,40,9.980003595352173,0.0
1779527363.1033216,0.0,-0.16231562043547265,0.0,0.0,1.545863051766406,0.0,-0.1188,-1.1088000000000002,0.0,0.0,-0.01856936300696612,0.0,0.0,-0.14486232791552936,0.0,0.0,1.5957296018233869,0.0,sine,1,0.3,1.0,20,40,9.990142345428467,0.0
1779527363.1134903,0.0,-0.14486232791552936,0.0,0.0,1.5957296018233869,0.0,-0.1584,0.8316,-0.0396,0.0,-5.0333744367268874e-05,0.0,0.0,-0.1308996938995747,0.0,0.0,1.4897631829523026,0.0,sine,1,0.3,1.0,20,40,9.99997329711914,0.0
1779527363.1234863,0.0,-0.1308996938995747,0.0,0.0,1.4897631829523026,0.0,-0.1188,0.0,0.35639999999999994,0.0,0.019104449266462077,0.0,0.0,-0.11519173063162574,0.0,0.0,1.500152047547507,0.0,sine,1,0.3,1.0,20,40,10.010142087936401,0.0
1779527363.1333485,0.0,-0.11519173063162574,0.0,0.0,1.500152047547507,0.0,-0.1188,-1.1880000000000002,-0.198,0.0,0.037858075897774755,0.0,0.0,-0.0994837673636768,0.0,0.0,1.7016960206944711,0.0020777729190408684,sine,1,0.3,1.0,20,40,10.020138025283813,0.0
1779527363.1433635,0.0,-0.0994837673636768,0.0,0.0,1.7016960206944711,0.0020777729190408684,-0.1188,-1.5444,0.0792,0.0,0.05621478285006167,0.0,0.0,-0.08203047484373349,0.0,-0.0020777729190408684,1.6165073310137956,0.0,sine,1,0.3,1.0,20,40,10.03000020980835,0.0
1779527363.153547,0.0,-0.08203047484373349,0.0,-0.0020777729190408684,1.6165073310137956,0.0,-0.0792,0.198,-0.198,0.0,0.07463475468619045,0.0,0.0,-0.08203047484373349,0.0,-0.0020777729190408684,1.6165073310137956,0.0,sine,1,0.3,1.0,20,40,10.04001522064209,0.0
1779527363.163536,0.0,-0.08203047484373349,0.0,-0.0020777729190408684,1.6165073310137956,0.0,-0.0792,0.198,-0.198,0.0,0.09306140271230938,0.0,0.0,-0.08203047484373349,0.0,-0.0020777729190408684,1.6165073310137956,0.0,sine,1,0.3,1.0,20,40,10.050198793411255,0.0
1779527363.1733491,0.0,-0.08203047484373349,0.0,-0.0020777729190408684,1.6165073310137956,0.0,-0.0792,0.198,-0.198,0.0,0.11076645387019907,0.0,0.0,-0.031415926535897934,0.0,0.0,1.7328626144800843,-0.0020777729190408684,sine,1,0.3,1.0,20,40,10.060187816619873,0.0
1779527363.1834593,0.0,-0.031415926535897934,0.0,0.0,1.7328626144800843,-0.0020777729190408684,0.0792,-0.0396,-0.1584,0.0,0.1277353001568371,0.0,0.0,-0.013962634015954637,0.0,0.0,1.7266292957229616,0.0,sine,1,0.3,1.0,20,40,10.070000886917114,0.0
1779527363.1934912,0.0,-0.013962634015954637,0.0,0.0,1.7266292957229616,0.0,0.0792,-2.8116000000000003,-0.0396,0.0,0.14470946096621914,0.0,0.0,0.003490658503988659,0.0,-0.0020777729190408684,1.878306718812945,0.0020777729190408684,sine,1,0.3,1.0,20,40,10.080111026763916,0.0
1779527363.2033625,0.0,0.003490658503988659,0.0,-0.0020777729190408684,1.878306718812945,0.0020777729190408684,-0.0396,0.5148,0.1584,0.0,0.16097550586222995,0.0,0.0,0.020943951023931956,0.0,0.0,1.7557181165895337,0.0,sine,1,0.3,1.0,20,40,10.090142965316772,0.0
1779527363.213432,0.0,0.020943951023931956,0.0,0.0,1.7557181165895337,0.0,-0.0396,-2.3364,-0.1188,0.0,0.1763572442969003,0.0,0.0,0.03665191429188092,0.0,0.0,1.7058515665325529,0.0,sine,1,0.3,1.0,20,40,10.100014209747314,0.0
1779527363.2234552,0.0,0.03665191429188092,0.0,0.0,1.7058515665325529,0.0,-0.1188,-1.3068,0.0792,0.0,0.19134890689155168,0.0,0.0,0.05585053606381855,0.0,0.0020777729190408684,1.8450623521082912,0.0020777729190408684,sine,1,0.3,1.0,20,40,10.110083818435669,0.0
1779527363.2333705,0.0,0.05585053606381855,0.0,0.0020777729190408684,1.8450623521082912,0.0020777729190408684,-0.198,-0.8316,-0.35639999999999994,0.0,0.20551102264966659,0.0,0.0,0.07504915783575616,0.0,0.0020777729190408684,1.8907733563271902,0.0,sine,1,0.3,1.0,20,40,10.120106935501099,0.0
1779527363.2433884,0.0,0.07504915783575616,0.0,0.0020777729190408684,1.8907733563271902,0.0,0.2376,-1.584,0.0,0.0,0.21871934438544935,0.0,0.0,0.09424777960769379,0.0,0.0,1.8554512167034956,0.0,sine,1,0.3,1.0,20,40,10.130022287368774,0.0
1779527363.2533484,0.0,0.09424777960769379,0.0,0.0,1.8554512167034956,0.0,0.0,-0.6732,-0.1584,0.0,0.23120221742200345,0.0,0.0,0.10995574287564278,0.0,-0.004155545838081737,1.6642961081517356,0.0,sine,1,0.3,1.0,20,40,10.140040159225464,0.0
1779527363.2635045,0.0,0.10995574287564278,0.0,-0.004155545838081737,1.6642961081517356,0.0,0.0396,-1.4652,0.0,0.0,0.24270520397470025,0.0,0.0,0.12566370614359174,0.0,-0.0020777729190408684,1.5832629643091416,0.0,sine,1,0.3,1.0,20,40,10.150000095367432,0.0
1779527363.2734823,0.0,0.12566370614359174,0.0,-0.0020777729190408684,1.5832629643091416,0.0,0.0,-1.2276,0.27720000000000006,0.0,0.25345606957491157,0.0,0.0,0.14137166941154067,0.0,0.0,1.6435183789613268,0.0,sine,1,0.3,1.0,20,40,10.16015625,0.0
1779527363.283472,0.0,0.14137166941154067,0.0,0.0,1.6435183789613268,0.0,0.0396,-0.198,-0.1188,0.0,0.26301365534773363,0.0,0.0,0.158824961931484,0.0,0.0,1.6331295143661226,0.0,sine,1,0.3,1.0,20,40,10.1701340675354,0.0
1779527363.2933424,0.0,0.158824961931484,0.0,0.0,1.6331295143661226,0.0,-0.0396,-3.2076000000000002,-0.1584,0.0,0.27154739720741045,0.0,0.0,0.17278759594743864,0.0,0.0020777729190408684,1.468985453761894,0.0,sine,1,0.3,1.0,20,40,10.180123805999756,0.0
1779527363.303349,0.0,0.17278759594743864,0.0,0.0020777729190408684,1.468985453761894,0.0,-0.1188,-1.9008,0.198,0.0,0.2789288493228236,0.0,0.0,0.1867502299633933,0.0,0.0020777729190408684,1.4502854974905262,0.0,sine,1,0.3,1.0,20,40,10.189994096755981,0.0
1779527363.3134856,0.0,0.1867502299633933,0.0,0.0020777729190408684,1.4502854974905262,0.0,-0.1584,-0.7127999999999999,0.0,0.0,0.2853173992847667,0.0,0.0,0.1989675347273536,0.0,0.0,1.3048413931576652,0.0,sine,1,0.3,1.0,20,40,10.200000762939453,0.0
1779527363.3233435,0.0,0.1989675347273536,0.0,0.0,1.3048413931576652,0.0,-0.0792,-0.9504,-0.2376,0.0,0.2906392336607295,0.0,0.0,0.2111848394913139,0.0,-0.0020777729190408684,1.2279637951531532,0.0,sine,1,0.3,1.0,20,40,10.210137367248535,0.0
1779527363.3335447,0.0,0.2111848394913139,0.0,-0.0020777729190408684,1.2279637951531532,0.0,0.0,-1.6236000000000002,0.1188,0.0,0.2946845009783554,0.0,0.0,0.2234021442552742,0.0,-0.0020777729190408684,1.1947194284484992,0.0020777729190408684,sine,1,0.3,1.0,20,40,10.219995260238647,0.0
1779527363.343477,0.0,0.2234021442552742,0.0,-0.0020777729190408684,1.1947194284484992,0.0020777729190408684,0.0396,-1.5048000000000001,-0.396,0.0,0.29768060056377954,0.0,0.0,0.23387411976724018,0.0,0.0020777729190408684,1.088753009577415,0.0,sine,1,0.3,1.0,20,40,10.230196475982666,0.0
1779527363.3533642,0.0,0.23387411976724018,0.0,0.0020777729190408684,1.088753009577415,0.0,0.0,-2.0196,-0.198,0.0,0.299423159716411,0.0,0.0,0.24434609527920614,0.0,0.0020777729190408684,1.0305753678442706,0.0,sine,1,0.3,1.0,20,40,10.240128755569458,0.0
1779527363.3634684,0.0,0.24434609527920614,0.0,0.0020777729190408684,1.0305753678442706,0.0,-0.0792,-1.98,-0.0792,0.0,0.29999999848894315,0.0,0.0,0.2530727415391778,0.0,0.0,0.9017534468637369,0.0,sine,1,0.3,1.0,20,40,10.2500159740448,0.0
1779527363.3734767,0.0,0.2530727415391778,0.0,0.0,0.9017534468637369,0.0,-0.0792,0.198,-0.5544000000000001,0.0,0.2993937121668221,0.0,0.0,0.26005405854715513,0.0,0.0,0.8082536655068978,0.0,sine,1,0.3,1.0,20,40,10.260120153427124,0.0
1779527363.3833916,0.0,0.26005405854715513,0.0,0.0,0.8082536655068978,0.0,-0.0396,-1.3860000000000001,-0.27720000000000006,0.0,0.29760395829763936,0.0,0.0,0.2670353755551324,0.0,0.0,0.7085205653929361,0.0,sine,1,0.3,1.0,20,40,10.27012848854065,0.0
1779527363.3933678,0.0,0.2670353755551324,0.0,0.0,0.7085205653929361,0.0,0.0,-1.0296,-0.396,0.0,0.2946708480307921,0.0,0.0,0.27401669256310973,0.0,0.0,0.6087874652789744,0.0,sine,1,0.3,1.0,20,40,10.280043363571167,0.0
1779527363.4033897,0.0,0.27401669256310973,0.0,0.0,0.6087874652789744,0.0,0.0,-1.2672,-0.4356,0.0,0.29056579944372957,0.0,0.0,0.2775073510670984,0.0,0.0020777729190408684,0.5028210464078902,0.0,sine,1,0.3,1.0,20,40,10.290019512176514,0.0
1779527363.4134977,0.0,0.2775073510670984,0.0,0.0020777729190408684,0.5028210464078902,0.0,0.0,-0.0396,-0.4356,0.0,0.28529280877078256,0.0,0.0,0.28274333882308134,0.0,0.0,0.3885435358606424,0.0,sine,1,0.3,1.0,20,40,10.300041437149048,0.0
1779527363.4233623,0.0,0.28274333882308134,0.0,0.0,0.3885435358606424,0.0,0.0,-1.6236000000000002,-0.4752,0.0,0.2788291327407469,0.0,0.0,0.2844886680750757,0.0,0.0,0.2638771607181903,0.0,sine,1,0.3,1.0,20,40,10.310149431228638,0.0
1779527363.433443,0.0,0.2844886680750757,0.0,0.0,0.2638771607181903,0.0,-0.0396,-1.782,-0.5544000000000001,0.0,0.2714368786878199,0.0,0.0,0.2844886680750757,0.0,0.0,0.1308996938995747,0.0,sine,1,0.3,1.0,20,40,10.320013999938965,0.0
1779527363.4434328,0.0,0.2844886680750757,0.0,0.0,0.1308996938995747,0.0,-0.0396,0.99,-0.7127999999999999,0.0,0.26280585799188344,0.0,0.0,0.28623399732707006,0.0,0.0,0.06648873340930779,0.0,sine,1,0.3,1.0,20,40,10.330094814300537,0.0
1779527363.4533432,0.0,0.28623399732707006,0.0,0.0,0.06648873340930779,0.0,-0.0396,0.7524000000000001,-0.8316,0.0,0.2532129427955651,0.0,0.0,0.2844886680750757,0.0,-0.0020777729190408684,-0.07064427924738953,0.0,sine,1,0.3,1.0,20,40,10.340084552764893,0.0
1779527363.4634702,0.0,0.2844886680750757,0.0,-0.0020777729190408684,-0.07064427924738953,0.0,0.0,1.8215999999999999,-0.7524000000000001,0.0,0.24271075111867335,0.0,0.0,0.28274333882308134,0.0,-0.0020777729190408684,-0.12258860222341124,0.0,sine,1,0.3,1.0,20,40,10.349994897842407,0.0
1779527363.4733436,0.0,0.28274333882308134,0.0,-0.0020777729190408684,-0.12258860222341124,0.0,0.0,2.8116000000000003,-0.9504,0.0,0.2310073615938598,0.0,0.0,0.28099800957108706,0.0,0.0,-0.236866112770659,0.0,sine,1,0.3,1.0,20,40,10.360121965408325,0.0
1779527363.4835162,0.0,0.28099800957108706,0.0,0.0,-0.236866112770659,0.0,-0.0396,1.5048000000000001,-0.8316,0.0,0.21869658098471909,0.0,0.0,0.2775073510670984,0.0,0.0,-0.3282881212084572,0.0,sine,1,0.3,1.0,20,40,10.369995355606079,0.0
1779527363.493461,0.0,0.2775073510670984,0.0,0.0,-0.3282881212084572,0.0,-0.0792,1.1088000000000002,-1.1088000000000002,0.0,0.20513322653875535,0.0,0.0,0.27227136331111546,0.0,0.0,-0.5568431423029527,-0.0020777729190408684,sine,1,0.3,1.0,20,40,10.380167961120605,0.0
1779527363.5033476,0.0,0.27227136331111546,0.0,0.0,-0.5568431423029527,-0.0020777729190408684,-0.1188,1.8612000000000002,-0.9107999999999999,0.0,0.19106355481561568,0.0,0.0,0.2635447170511438,0.0,0.0,-0.6981317007977318,-0.004155545838081737,sine,1,0.3,1.0,20,40,10.39011263847351,0.0
1779527363.5133922,0.0,0.2635447170511438,0.0,0.0,-0.6981317007977318,-0.004155545838081737,-0.1188,0.0792,-0.9504,0.0,0.176336520991961,0.0,0.0,0.25656340004316647,0.0,0.0020777729190408684,-0.6918983820406092,0.0,sine,1,0.3,1.0,20,40,10.399999380111694,0.0
1779527363.5233471,0.0,0.25656340004316647,0.0,0.0020777729190408684,-0.6918983820406092,0.0,-0.2376,2.0592,1.2276,0.0,0.1606780773141756,0.0,0.0,0.24958208303518914,0.0,0.0,-0.7687759800451213,-0.0020777729190408684,sine,1,0.3,1.0,20,40,10.410043954849243,0.0
1779527363.5335128,0.0,0.24958208303518914,0.0,0.0,-0.7687759800451213,-0.0020777729190408684,-0.27720000000000006,0.7127999999999999,-0.8712,0.0,0.14452794530275284,0.0,0.0,0.23911010752322315,0.0,0.0,-0.9848643636253717,-0.0020777729190408684,sine,1,0.3,1.0,20,40,10.41999888420105,0.0
1779527363.543347,0.0,0.23911010752322315,0.0,0.0,-0.9848643636253717,-0.0020777729190408684,-0.1584,-0.2376,-1.0296,0.0,0.12745302590280808,0.0,0.0,0.22863813201125718,0.0,0.0,-0.9703199531920855,0.0020777729190408684,sine,1,0.3,1.0,20,40,10.430164575576782,0.0
1779527363.5535333,0.0,0.22863813201125718,0.0,0.0,-0.9703199531920855,0.0020777729190408684,-0.3168,1.1088000000000002,1.3068,0.0,0.11043977261380643,0.0,0.0,0.2181661564992912,0.0,0.0,-1.1801750180152133,-0.0020777729190408684,sine,1,0.3,1.0,20,40,10.439998626708984,0.0
1779527363.563491,0.0,0.2181661564992912,0.0,0.0,-1.1801750180152133,-0.0020777729190408684,-0.0396,0.3168,-0.9107999999999999,0.0,0.09237327788652286,0.0,0.0,0.2059488517353309,0.0,0.0,-1.1323862408772734,0.0,sine,1,0.3,1.0,20,40,10.450185060501099,0.0
1779527363.5733714,0.0,0.2059488517353309,0.0,0.0,-1.1323862408772734,0.0,-0.1188,1.584,-1.3068,0.0,0.07434612811054299,0.0,0.0,0.19198621771937624,0.0,0.0,-1.3650968078098504,-0.0020777729190408684,sine,1,0.3,1.0,20,40,10.460142850875854,0.0
1779527363.5835805,0.0,0.19198621771937624,0.0,0.0,-1.3650968078098504,-0.0020777729190408684,0.1188,0.0,-0.8712,0.0,0.056171520334166135,0.0,0.0,0.1762782544514273,0.0,0.0,-1.4793743183570982,0.0,sine,1,0.3,1.0,20,40,10.470023155212402,0.0
1779527363.5933459,0.0,0.1762782544514273,0.0,0.0,-1.4793743183570982,0.0,-0.0792,0.27720000000000006,-0.8316,0.0,0.037165622292497716,0.0,0.0,0.16406094968746698,0.0,0.0020777729190408684,-1.3983411745145045,0.0020777729190408684,sine,1,0.3,1.0,20,40,10.480232238769531,0.0
1779527363.6034641,0.0,0.16406094968746698,0.0,0.0020777729190408684,-1.3983411745145045,0.0020777729190408684,-0.396,1.3860000000000001,1.1880000000000002,0.0,0.018841623132121618,0.0,0.0,0.1466076571675237,0.0,0.0,-1.5874185101472233,-0.004155545838081737,sine,1,0.3,1.0,20,40,10.489997625350952,0.0
1779527363.6135452,0.0,0.1466076571675237,0.0,0.0,-1.5874185101472233,-0.004155545838081737,-0.0792,0.4752,0.5940000000000001,0.0,-0.00021841247960416627,0.0,0.0,0.13264502315156904,0.0,0.0020777729190408684,-1.4669076808428532,0.0020777729190408684,sine,1,0.3,1.0,20,40,10.500115871429443,0.0
1779527363.6233773,0.0,0.13264502315156904,0.0,0.0020777729190408684,-1.4669076808428532,0.0020777729190408684,-0.4356,1.5444,1.0296,0.0,-0.019207602269739638,0.0,0.0,0.11519173063162574,0.0,0.0,-1.6705294269088582,0.0,sine,1,0.3,1.0,20,40,10.510196924209595,0.0
1779527363.6333792,0.0,0.11519173063162574,0.0,0.0,-1.6705294269088582,0.0,0.0,-0.2376,-0.6732,0.0,-0.037654329267831056,0.0,0.0,0.0994837673636768,0.0,0.0,-1.5687185538758557,0.0,sine,1,0.3,1.0,20,40,10.520029067993164,0.0
1779527363.6434896,0.0,0.0994837673636768,0.0,0.0,-1.5687185538758557,0.0,-0.27720000000000006,1.3068,-1.3860000000000001,0.0,-0.056271728600328585,0.0,0.0,0.08377580409572782,0.0,0.0020777729190408684,-1.6248184226899591,0.0,sine,1,0.3,1.0,20,40,10.530030965805054,0.0
1779527363.6534748,0.0,0.08377580409572782,0.0,0.0020777729190408684,-1.6248184226899591,0.0,-0.198,0.8316,-0.5544000000000001,0.0,-0.07486499368662353,0.0,0.0,0.06806784082777886,0.0,0.0,-1.6248184226899591,-0.004155545838081737,sine,1,0.3,1.0,20,40,10.540141344070435,0.0
1779527363.6635015,0.0,0.06806784082777886,0.0,0.0,-1.6248184226899591,-0.004155545838081737,-0.198,0.7524000000000001,-0.99,0.0,-0.09293193970594543,0.0,0.0,0.06806784082777886,0.0,0.0,-1.6248184226899591,-0.004155545838081737,sine,1,0.3,1.0,20,40,10.550126552581787,0.0
1779527363.6733608,0.0,0.06806784082777886,0.0,0.0,-1.6248184226899591,-0.004155545838081737,-0.198,0.7524000000000001,-0.99,0.0,-0.1107058914461417,0.0,0.0,0.03490658503988659,0.0,0.0,-1.672607199827899,0.0,sine,1,0.3,1.0,20,40,10.560153245925903,0.0
1779527363.6835017,0.0,0.03490658503988659,0.0,0.0,-1.672607199827899,0.0,-0.27720000000000006,1.3860000000000001,-0.7524000000000001,0.0,-0.12775522496897207,0.0,0.0,0.017453292519943295,0.0,0.0,-1.7141626582087164,-0.0020777729190408684,sine,1,0.3,1.0,20,40,10.57001256942749,0.0
1779527363.6934788,0.0,0.017453292519943295,0.0,0.0,-1.7141626582087164,-0.0020777729190408684,-0.2376,0.3168,-0.8316,0.0,-0.14477952881086426,0.0,0.0,0.0,0.0,0.0,-1.7536403436704928,0.0,sine,1,0.3,1.0,20,40,10.580153465270996,0.0
1779527363.7033153,0.0,0.0,0.0,0.0,-1.7536403436704928,0.0,0.2376,1.1483999999999999,-0.7524000000000001,0.0,-0.16095578532920018,0.0,0.0,-0.017453292519943295,0.0,-0.0020777729190408684,-1.924017723031844,-0.0020777729190408684,sine,1,0.3,1.0,20,40,10.59013056755066,0.0
1779527363.71335,0.0,-0.017453292519943295,0.0,-0.0020777729190408684,-1.924017723031844,-0.0020777729190408684,0.0396,-0.35639999999999994,1.0692,0.0,-0.1762852525562792,0.0,0.0,-0.03490658503988659,0.0,0.0020777729190408684,-1.782729164537065,0.0020777729190408684,sine,1,0.3,1.0,20,40,10.599967002868652,0.0
1779527363.7235513,0.0,-0.03490658503988659,0.0,0.0020777729190408684,-1.782729164537065,0.0020777729190408684,-0.35639999999999994,1.5444,-1.1088000000000002,0.0,-0.19122981475247636,0.0,0.0,-0.05235987755982988,0.0,0.0,-1.7474070249133704,0.0,sine,1,0.3,1.0,20,40,10.610001802444458,0.0
1779527363.733391,0.0,-0.05235987755982988,0.0,0.0,-1.7474070249133704,0.0,-0.1584,0.7127999999999999,-0.8712,0.0,-0.20564292653399394,0.0,0.0,-0.07155849933176751,0.0,0.0,-1.8575289896225364,-0.0020777729190408684,sine,1,0.3,1.0,20,40,10.620203018188477,0.0
1779527363.743469,0.0,-0.07155849933176751,0.0,0.0,-1.8575289896225364,-0.0020777729190408684,-0.2376,-0.5148,-0.6336,0.0,-0.21874579577156353,0.0,0.0,-0.09075712110370514,0.0,0.0,-1.8907733563271902,0.0,sine,1,0.3,1.0,20,40,10.630042791366577,0.0
1779527363.7533538,0.0,-0.09075712110370514,0.0,0.0,-1.8907733563271902,0.0,-0.1188,1.3860000000000001,-0.6732,0.0,-0.231298982981351,0.0,0.0,-0.10646508437165411,0.0,0.0,-1.7120848852896755,0.0,sine,1,0.3,1.0,20,40,10.6401207447052,0.0
1779527363.7633584,0.0,-0.10646508437165411,0.0,0.0,-1.7120848852896755,0.0,-0.1584,-0.0396,0.792,0.0,-0.24271127940557216,0.0,0.0,-0.1239183768915974,0.0,0.0,-1.6248184226899591,0.0,sine,1,0.3,1.0,20,40,10.650005578994751,0.0
1779527363.7735221,0.0,-0.1239183768915974,0.0,0.0,-1.6248184226899591,0.0,-0.1188,0.5544000000000001,0.7127999999999999,0.0,-0.2533085776438376,0.0,0.0,-0.13788101090755203,0.0,0.0,-1.5541741434425695,-0.0020777729190408684,sine,1,0.3,1.0,20,40,10.66001009941101,0.0
1779527363.783481,0.0,-0.13788101090755203,0.0,0.0,-1.5541741434425695,-0.0020777729190408684,-0.1584,1.2276,-0.5544000000000001,0.0,-0.2630497478985957,0.0,0.0,-0.15358897417550102,0.0,0.0,-1.516774230899834,0.0,sine,1,0.3,1.0,20,40,10.67017388343811,0.0
1779527363.7933762,0.0,-0.15358897417550102,0.0,0.0,-1.516774230899834,0.0,-0.1188,0.8712,-0.7127999999999999,0.0,-0.2715544649900338,0.0,0.0,-0.16929693744344998,0.0,0.0,-1.564563008037774,0.0,sine,1,0.3,1.0,20,40,10.680132627487183,0.0
1779527363.8033764,0.0,-0.16929693744344998,0.0,0.0,-1.564563008037774,0.0,-0.0792,-0.3168,0.6732,0.0,-0.2789523374482623,0.0,0.0,-0.18500490071139894,0.0,0.0,-1.5230075496569566,0.0,sine,1,0.3,1.0,20,40,10.690027952194214,0.0
1779527363.81338,0.0,-0.18500490071139894,0.0,0.0,-1.5230075496569566,0.0,-0.0396,0.9504,0.9107999999999999,0.0,-0.28533336542223536,0.0,0.0,-0.19722220547535924,0.0,0.0,-1.3650968078098504,0.0,sine,1,0.3,1.0,20,40,10.70002818107605,0.0
1779527363.8235037,0.0,-0.19722220547535924,0.0,0.0,-1.3650968078098504,0.0,-0.0792,1.0296,-0.6732,0.0,-0.2905898249627077,0.0,0.0,-0.2111848394913139,0.0,0.0,-1.3297746681861558,-0.0020777729190408684,sine,1,0.3,1.0,20,40,10.710031747817993,0.0
1779527363.8333406,0.0,-0.2111848394913139,0.0,0.0,-1.3297746681861558,-0.0020777729190408684,-0.1584,0.396,0.8316,0.0,-0.294740950106939,0.0,0.0,-0.2234021442552742,0.0,0.0,-1.2362748868293167,0.0,sine,1,0.3,1.0,20,40,10.720155477523804,0.0
1779527363.8433614,0.0,-0.2234021442552742,0.0,0.0,-1.2362748868293167,0.0,-0.1584,1.0296,-1.0296,0.0,-0.2976326121341517,0.0,0.0,-0.23387411976724018,0.0,0.0020777729190408684,-1.153163970067682,0.0,sine,1,0.3,1.0,20,40,10.729992389678955,0.0
1779527363.85352,0.0,-0.23387411976724018,0.0,0.0020777729190408684,-1.153163970067682,0.0,-0.1584,-0.3168,-0.99,0.0,-0.29940957066189633,0.0,0.0,-0.24434609527920614,0.0,0.0,-1.011875411572903,0.0,sine,1,0.3,1.0,20,40,10.740013122558594,0.0
1779527363.863546,0.0,-0.24434609527920614,0.0,0.0,-1.011875411572903,0.0,-0.1188,0.1188,0.7127999999999999,0.0,-0.2999998254997163,0.0,0.0,-0.2530727415391778,0.0,0.0,-0.9059089927018186,-0.0020777729190408684,sine,1,0.3,1.0,20,40,10.750171661376953,0.0
1779527363.8733659,0.0,-0.2530727415391778,0.0,0.0,-0.9059089927018186,-0.0020777729190408684,-0.0792,1.7028,0.6336,0.0,-0.299384395597295,0.0,0.0,-0.26005405854715513,0.0,0.0,-0.8103314384259387,0.0,sine,1,0.3,1.0,20,40,10.760197639465332,0.0
1779527363.8834329,0.0,-0.26005405854715513,0.0,0.0,-0.8103314384259387,0.0,-0.0396,0.4752,0.7524000000000001,0.0,-0.2976302449655056,0.0,0.0,-0.2670353755551324,0.0,0.0,-0.7126761112310178,0.0,sine,1,0.3,1.0,20,40,10.770017623901367,0.0
1779527363.8935003,0.0,-0.2670353755551324,0.0,0.0,-0.7126761112310178,0.0,0.0,0.35639999999999994,0.8712,0.0,-0.2946562488693787,0.0,0.0,-0.27401669256310973,0.0,0.0,-0.6108652381980153,0.0,sine,1,0.3,1.0,20,40,10.780084609985352,0.0
1779527363.9034085,0.0,-0.27401669256310973,0.0,0.0,-0.6108652381980153,0.0,0.0,0.792,-0.792,0.0,-0.2905035285800782,0.0,0.0,-0.2775073510670984,0.0,0.0,-0.5028210464078902,0.0,sine,1,0.3,1.0,20,40,10.790152072906494,0.0
1779527363.913476,0.0,-0.2775073510670984,0.0,0.0,-0.5028210464078902,0.0,0.0,1.584,0.6732,0.0,-0.2852818268696064,0.0,0.0,-0.28274333882308134,0.0,0.0,-0.39269908169872414,0.0,sine,1,0.3,1.0,20,40,10.800060272216797,0.0
1779527363.9233472,0.0,-0.28274333882308134,0.0,0.0,-0.39269908169872414,0.0,0.0,0.5544000000000001,0.792,0.0,-0.27884422072780674,0.0,0.0,-0.2844886680750757,0.0,-0.0020777729190408684,-0.3033548461799668,0.0,sine,1,0.3,1.0,20,40,10.81012773513794,0.0
1779527363.9334083,0.0,-0.2844886680750757,0.0,-0.0020777729190408684,-0.3033548461799668,0.0,0.0,0.1584,0.5544000000000001,0.0,-0.2714489347071112,0.0,0.0,-0.28623399732707006,0.0,0.0020777729190408684,-0.14128855849477906,0.0,sine,1,0.3,1.0,20,40,10.819998979568481,0.0
1779527363.9435065,0.0,-0.28623399732707006,0.0,0.0020777729190408684,-0.14128855849477906,0.0,-0.0396,1.0296,0.396,0.0,-0.262837495561758,0.0,0.0,-0.28623399732707006,0.0,0.0020777729190408684,-0.022855502109449553,0.0,sine,1,0.3,1.0,20,40,10.830060005187988,0.0
1779527363.953358,0.0,-0.28623399732707006,0.0,0.0020777729190408684,-0.022855502109449553,0.0,-0.1584,0.8316,0.27720000000000006,0.0,-0.253138444621042,0.0,0.0,-0.28623399732707006,0.0,0.0,0.02493327502849042,0.0,sine,1,0.3,1.0,20,40,10.840158224105835,0.0
1779527363.9633586,0.0,-0.28623399732707006,0.0,0.0,0.02493327502849042,0.0,-0.1188,0.0396,0.35639999999999994,0.0,-0.24269437314422063,0.0,0.0,-0.28274333882308134,0.0,0.0,0.20154397314696423,0.0,sine,1,0.3,1.0,20,40,10.850009679794312,0.0
1779527363.9735062,0.0,-0.28274333882308134,0.0,0.0,0.20154397314696423,0.0,-0.0792,0.35639999999999994,-0.396,0.0,-0.2311414939810969,0.0,0.0,-0.2792526803190927,0.0,0.0,0.35322139623694765,0.0,sine,1,0.3,1.0,20,40,10.860010385513306,0.0
1779527363.9834511,0.0,-0.2792526803190927,0.0,0.0,0.35322139623694765,0.0,-0.0792,-0.5544000000000001,0.2376,0.0,-0.21848666207815445,0.0,0.0,-0.27576202181510406,0.0,0.0,0.37192135250831543,0.0,sine,1,0.3,1.0,20,40,10.870157957077026,0.0
1779527363.9934,0.0,-0.27576202181510406,0.0,0.0,0.37192135250831543,0.0,0.0,-1.584,0.198,0.0,-0.20522273403453548,0.0,0.0,-0.27052603405912107,0.0,0.0,0.4487989505128276,0.0,sine,1,0.3,1.0,20,40,10.88010287284851,0.0
1779527364.0033417,0.0,-0.27052603405912107,0.0,0.0,0.4487989505128276,0.0,-0.0396,0.0,0.27720000000000006,0.0,-0.19115189271268787,0.0,0.0,-0.26529004630313807,0.0,0.0,0.5464542777077483,0.0020777729190408684,sine,1,0.3,1.0,20,40,10.89005184173584,0.0
1779527364.0135038,0.0,-0.26529004630313807,0.0,0.0,0.5464542777077483,0.0020777729190408684,-0.0396,-0.99,0.198,0.0,-0.17634561031908902,0.0,0.0,-0.25656340004316647,0.0,0.0,0.7687759800451213,0.0020777729190408684,sine,1,0.3,1.0,20,40,10.899993419647217,0.0
1779527364.023516,0.0,-0.25656340004316647,0.0,0.0,0.7687759800451213,0.0020777729190408684,0.0,0.1188,0.198,0.0,-0.16050042501746378,0.0,0.0,-0.24958208303518914,0.0,0.0,0.7770870717212848,0.0,sine,1,0.3,1.0,20,40,10.910155534744263,0.0
1779527364.0333931,0.0,-0.24958208303518914,0.0,0.0,0.7770870717212848,0.0,-0.0396,-0.792,0.2376,0.0,-0.14424904085552323,0.0,0.0,-0.23911010752322315,0.0,0.0020777729190408684,0.9827865907063308,0.0,sine,1,0.3,1.0,20,40,10.920167684555054,0.0
1779527364.043385,0.0,-0.23911010752322315,0.0,0.0020777729190408684,0.9827865907063308,0.0,-0.1188,-1.1483999999999999,-0.27720000000000006,0.0,-0.12765722079266986,0.0,0.0,-0.22863813201125718,0.0,0.0,1.1074529658487828,0.0,sine,1,0.3,1.0,20,40,10.930044889450073,0.0
1779527364.0535486,0.0,-0.22863813201125718,0.0,0.0,1.1074529658487828,0.0,-0.0396,-0.9504,-0.2376,0.0,-0.11037291376742799,0.0,0.0,-0.21642082724729686,0.0,0.0,1.0783641449822108,0.0,sine,1,0.3,1.0,20,40,10.94003677368164,0.0
1779527364.0634642,0.0,-0.21642082724729686,0.0,0.0,1.0783641449822108,0.0,-0.0396,-0.4356,-0.0792,0.0,-0.092345912725385,0.0,0.0,-0.2059488517353309,0.0,0.0020777729190408684,1.121997376282069,0.0,sine,1,0.3,1.0,20,40,10.950200319290161,0.0
1779527364.0733836,0.0,-0.2059488517353309,0.0,0.0020777729190408684,1.121997376282069,0.0,-0.0396,0.198,-0.0792,0.0,-0.0743953260677061,0.0,0.0,-0.1937315469713706,0.0,0.0,1.19679720136754,0.0,sine,1,0.3,1.0,20,40,10.960115909576416,0.0
1779527364.0833654,0.0,-0.1937315469713706,0.0,0.0,1.19679720136754,0.0,0.0,0.0,0.0,0.0,-0.05614900568873051,0.0,0.0,-0.18151424220741028,0.0,0.0,1.2736747993720523,0.0,sine,1,0.3,1.0,20,40,10.970035314559937,0.0
1779527364.0935628,0.0,-0.18151424220741028,0.0,0.0,1.2736747993720523,0.0,-0.0792,-0.1584,0.0,0.0,-0.037567831921561885,0.0,0.0,-0.16755160819145565,0.0,0.0,1.342241305700401,0.0,sine,1,0.3,1.0,20,40,10.980017185211182,0.0
1779527364.1035202,0.0,-0.16755160819145565,0.0,0.0,1.342241305700401,0.0,-0.1584,-0.1188,0.0,0.0,-0.018433451452304104,0.0,0.0,-0.1518436449235067,0.0,0.0,1.564563008037774,0.0,sine,1,0.3,1.0,20,40,10.990214586257935,0.0
1779527364.1133878,0.0,-0.1518436449235067,0.0,0.0,1.564563008037774,0.0,-0.1584,-2.1384,-0.2376,0.0,0.0003240234178805978,0.0,0.0,-0.1343903524035634,0.0,0.0,1.6663738810707764,0.0,sine,1,0.3,1.0,20,40,11.000171899795532,0.0
1779527364.1235168,0.0,-0.1343903524035634,0.0,0.0,1.6663738810707764,0.0,-0.2376,0.3168,0.0,0.0,0.01891159192543943,0.0,0.0,-0.11693705988362009,0.0,0.0,1.766106981184738,0.0,sine,1,0.3,1.0,20,40,11.010039567947388,0.0
1779527364.1335676,0.0,-0.11693705988362009,0.0,0.0,1.766106981184738,0.0,-0.0792,-1.1088000000000002,0.0,0.0,0.03791513961088712,0.0,0.0,-0.10122909661567113,0.0,0.0,1.6476739247994086,0.0,sine,1,0.3,1.0,20,40,11.020168542861938,0.0
1779527364.1433902,0.0,-0.10122909661567113,0.0,0.0,1.6476739247994086,0.0,-0.1188,-1.584,-0.1584,0.0,0.056620420221682774,0.0,0.0,-0.08203047484373349,0.0,-0.0020777729190408684,1.8055846666465145,0.0020777729190408684,sine,1,0.3,1.0,20,40,11.030219316482544,0.0
1779527364.1533806,0.0,-0.08203047484373349,0.0,-0.0020777729190408684,1.8055846666465145,0.0020777729190408684,0.0396,-0.35639999999999994,0.1584,0.0,0.07468350485561973,0.0,0.0,-0.06457718232379019,0.0,-0.0020777729190408684,1.8388290333511685,0.0,sine,1,0.3,1.0,20,40,11.04004192352295,0.0
1779527364.1633615,0.0,-0.06457718232379019,0.0,-0.0020777729190408684,1.8388290333511685,0.0,0.0,-1.2276,0.0,0.0,0.09276313905469813,0.0,0.0,-0.047123889803846894,0.0,0.0,1.6996182477754302,0.0,sine,1,0.3,1.0,20,40,11.050032377243042,0.0
1779527364.1733558,0.0,-0.047123889803846894,0.0,0.0,1.6996182477754302,0.0,-0.1188,-0.198,-0.27720000000000006,0.0,0.1104606647023336,0.0,0.0,-0.029670597283903605,0.0,0.0020777729190408684,1.6850738373421443,0.0,sine,1,0.3,1.0,20,40,11.06001329421997,0.0
1779527364.1834953,0.0,-0.029670597283903605,0.0,0.0020777729190408684,1.6850738373421443,0.0,-0.0792,-0.6336,0.0,0.0,0.12774668584805254,0.0,0.0,-0.013962634015954637,0.0,0.0,1.7016960206944711,0.0,sine,1,0.3,1.0,20,40,11.070007562637329,0.0
1779527364.1933794,0.0,-0.013962634015954637,0.0,0.0,1.7016960206944711,0.0,-0.0792,-2.3760000000000003,0.1584,0.0,0.14476890120447647,0.0,0.0,0.003490658503988659,0.0,0.0,1.8679178542177406,0.0,sine,1,0.3,1.0,20,40,11.08014702796936,0.0
1779527364.203511,0.0,0.003490658503988659,0.0,0.0,1.8679178542177406,0.0,-0.1188,0.2376,0.198,0.0,0.16079760651367866,0.0,0.0,0.022689280275926284,0.0,0.0,1.8803844917319859,0.0,sine,1,0.3,1.0,20,40,11.090031147003174,0.0
1779527364.2134578,0.0,0.022689280275926284,0.0,0.0,1.8803844917319859,0.0,-0.1188,-1.4255999999999998,-0.0396,0.0,0.17658366252147636,0.0,0.0,0.04188790204786391,0.0,0.0,1.8866178104891085,0.0,sine,1,0.3,1.0,20,40,11.100162744522095,0.0
1779527364.2233455,0.0,0.04188790204786391,0.0,0.0,1.8866178104891085,0.0,-0.1188,-0.0396,-0.0396,0.0,0.1913862858046561,0.0,0.0,0.061086523819801536,0.0,0.0,1.8928511292462311,0.0,sine,1,0.3,1.0,20,40,11.110109567642212,0.0
1779527364.233594,0.0,0.061086523819801536,0.0,0.0,1.8928511292462311,0.0,-0.0792,-1.8215999999999999,0.1584,0.0,0.20536037084686568,0.0,0.0,0.07679448708775051,0.0,0.0,1.72247374988488,0.0,sine,1,0.3,1.0,20,40,11.119997262954712,0.0
1779527364.2433789,0.0,0.07679448708775051,0.0,0.0,1.72247374988488,0.0,-0.1188,-0.27720000000000006,0.1188,0.0,0.21900734568164348,0.0,0.0,0.09424777960769379,0.0,0.0,1.7785736186989833,0.0,sine,1,0.3,1.0,20,40,11.130245685577393,0.0
1779527364.2534516,0.0,0.09424777960769379,0.0,0.0,1.7785736186989833,0.0,-0.0396,-2.4552,0.0792,0.0,0.2311907619536197,0.0,0.0,0.1117010721276371,0.0,-0.0020777729190408684,1.7349403873991252,0.0,sine,1,0.3,1.0,20,40,11.1400306224823,0.0
1779527364.263344,0.0,0.1117010721276371,0.0,-0.0020777729190408684,1.7349403873991252,0.0,0.0,-0.99,0.0396,0.0,0.24281953221056285,0.0,0.0,0.12915436464758037,0.0,0.0,1.7016960206944711,0.0020777729190408684,sine,1,0.3,1.0,20,40,11.150103330612183,0.0
1779527364.2734804,0.0,0.12915436464758037,0.0,0.0,1.7016960206944711,0.0020777729190408684,0.0,-0.27720000000000006,0.2376,0.0,0.25329412976054055,0.0,0.0,0.1466076571675237,0.0,0.0,1.6622183352326947,0.0,sine,1,0.3,1.0,20,40,11.159995794296265,0.0
1779527364.2834647,0.0,0.1466076571675237,0.0,0.0,1.6622183352326947,0.0,0.0,-2.5740000000000003,0.0,0.0,0.26301192595008516,0.0,0.0,0.16057029118347835,0.0,0.0020777729190408684,1.4876854100332617,0.0,sine,1,0.3,1.0,20,40,11.170132160186768,0.0
1779527364.293349,0.0,0.16057029118347835,0.0,0.0020777729190408684,1.4876854100332617,0.0,-0.0792,-1.7424,-0.1584,0.0,0.27154147490941594,0.0,0.0,0.17453292519943295,0.0,0.0,1.5063853663046296,0.0,sine,1,0.3,1.0,20,40,11.180116415023804,0.0
1779527364.3034942,0.0,0.17453292519943295,0.0,0.0,1.5063853663046296,0.0,-0.0792,-0.9107999999999999,0.1188,0.0,0.2789334817832125,0.0,0.0,0.18849555921538758,0.0,0.0020777729190408684,1.3318524411051966,0.0,sine,1,0.3,1.0,20,40,11.190000772476196,0.0
1779527364.31351,0.0,0.18849555921538758,0.0,0.0020777729190408684,1.3318524411051966,0.0,-0.0792,0.1188,-0.0792,0.0,0.28540185407160257,0.0,0.0,0.20071286397934787,0.0,0.0,1.263285934776848,0.0,sine,1,0.3,1.0,20,40,11.200145959854126,0.0
1779527364.3233523,0.0,0.20071286397934787,0.0,0.0,1.263285934776848,0.0,-0.0396,-0.4356,0.0792,0.0,0.2906505918021327,0.0,0.0,0.21293016874330822,0.0,0.0020777729190408684,1.2341971139102759,0.0020777729190408684,sine,1,0.3,1.0,20,40,11.210161685943604,0.0
1779527364.3335638,0.0,0.21293016874330822,0.0,0.0020777729190408684,1.2341971139102759,0.0020777729190408684,-0.1188,0.0792,-0.0792,0.0,0.29468761680961725,0.0,0.0,0.22514747350726852,0.0,0.0020777729190408684,1.2071860659627445,0.0,sine,1,0.3,1.0,20,40,11.220004081726074,0.0
1779527364.3433816,0.0,0.22514747350726852,0.0,0.0020777729190408684,1.2071860659627445,0.0,-0.0792,-0.5544000000000001,0.0,0.0,0.297685060454234,0.0,0.0,0.23561944901923448,0.0,0.0,1.0721308262250882,0.0,sine,1,0.3,1.0,20,40,11.230215549468994,0.0
1779527364.353502,0.0,0.23561944901923448,0.0,0.0,1.0721308262250882,0.0,-0.1188,-1.584,-0.1584,0.0,0.29941196367129924,0.0,0.0,0.24609142453120048,0.0,0.0,1.011875411572903,0.0,sine,1,0.3,1.0,20,40,11.240033388137817,0.0
1779527364.3635173,0.0,0.24609142453120048,0.0,0.0,1.011875411572903,0.0,0.0,-2.0988,-0.3168,0.0,0.2999998599604901,0.0,0.0,0.25481807079117214,0.0,-0.004155545838081737,0.9142200843779821,0.0,sine,1,0.3,1.0,20,40,11.25015377998352,0.0
1779527364.3733723,0.0,0.25481807079117214,0.0,-0.004155545838081737,0.9142200843779821,0.0,-0.1188,-0.4752,-0.198,0.0,0.29938784382523903,0.0,0.0,0.2617993877991494,0.0,0.0,0.8124092113449796,0.0,sine,1,0.3,1.0,20,40,11.26016902923584,0.0
1779527364.3833563,0.0,0.2617993877991494,0.0,0.0,0.8124092113449796,0.0,-0.1188,-0.8712,-0.0792,0.0,0.29762872259207535,0.0,0.0,0.2687807048071268,0.0,0.0020777729190408684,0.6960539278786909,0.0,sine,1,0.3,1.0,20,40,11.270024061203003,0.0
1779527364.393367,0.0,0.2687807048071268,0.0,0.0020777729190408684,0.6960539278786909,0.0,0.0,-1.1483999999999999,-0.27720000000000006,0.0,0.294683321779091,0.0,0.0,0.27401669256310973,0.0,0.0020777729190408684,0.5880097360885658,0.0,sine,1,0.3,1.0,20,40,11.28000807762146,0.0
1779527364.4035137,0.0,0.27401669256310973,0.0,0.0020777729190408684,0.5880097360885658,0.0,-0.0792,-0.5940000000000001,-0.396,0.0,0.29056613489088895,0.0,0.0,0.2792526803190927,0.0,0.0,0.4758099984603589,0.0,sine,1,0.3,1.0,20,40,11.290018796920776,0.0
1779527364.4134989,0.0,0.2792526803190927,0.0,0.0,0.4758099984603589,0.0,-0.198,-0.4752,-0.3168,0.0,0.2852204494382523,0.0,0.0,0.28274333882308134,0.0,0.0,0.34491030456078414,0.0,sine,1,0.3,1.0,20,40,11.30016541481018,0.0
1779527364.4234924,0.0,0.28274333882308134,0.0,0.0,0.34491030456078414,0.0,-0.1188,-1.1088000000000002,-0.5544000000000001,0.0,0.2788283035802939,0.0,0.0,0.2844886680750757,0.0,0.0,0.24517720444682248,0.0020777729190408684,sine,1,0.3,1.0,20,40,11.310150623321533,0.0
1779527364.4334652,0.0,0.2844886680750757,0.0,0.0,0.24517720444682248,0.0020777729190408684,-0.0396,1.6632,0.4752,0.0,0.27133229192696084,0.0,0.0,0.28623399732707006,0.0,-0.0020777729190408684,0.1246663751424521,0.0,sine,1,0.3,1.0,20,40,11.320144176483154,0.0
1779527364.4433875,0.0,0.28623399732707006,0.0,-0.0020777729190408684,0.1246663751424521,0.0,0.0,1.1880000000000002,-0.5148,0.0,0.26278569873887614,0.0,0.0,0.28623399732707006,0.0,0.0,0.020777729190408684,0.0,sine,1,0.3,1.0,20,40,11.330116987228394,0.0
1779527364.4533644,0.0,0.28623399732707006,0.0,0.0,0.020777729190408684,0.0,-0.0396,1.7028,-0.5544000000000001,0.0,0.25325872379856174,0.0,0.0,0.2844886680750757,0.0,0.0,-0.022855502109449553,0.0,sine,1,0.3,1.0,20,40,11.340039253234863,0.0
1779527364.463576,0.0,0.2844886680750757,0.0,0.0,-0.022855502109449553,0.0,0.0,2.1384,-0.5544000000000001,0.0,0.24268724014613047,0.0,0.0,0.28274333882308134,0.0,0.0,-0.12674414806149298,0.0,sine,1,0.3,1.0,20,40,11.350016117095947,0.0
1779527364.4735,0.0,0.28274333882308134,0.0,0.0,-0.12674414806149298,0.0,-0.1188,2.1780000000000004,-0.6732,0.0,0.23088000283202723,0.0,0.0,0.28099800957108706,0.0,0.0,-0.23478833985161812,0.0,sine,1,0.3,1.0,20,40,11.360227823257446,0.0
1779527364.4834752,0.0,0.28099800957108706,0.0,0.0,-0.23478833985161812,0.0,-0.0396,1.9008,-0.5940000000000001,0.0,0.2184946690344161,0.0,0.0,0.27576202181510406,0.0,0.0,-0.43009899424145975,-0.0020777729190408684,sine,1,0.3,1.0,20,40,11.37015175819397,0.0
1779527364.4933505,0.0,0.27576202181510406,0.0,0.0,-0.43009899424145975,-0.0020777729190408684,-0.0396,0.27720000000000006,-0.5940000000000001,0.0,0.20518962353919448,0.0,0.0,0.27227136331111546,0.0,0.0,-0.46334336094611367,0.0,sine,1,0.3,1.0,20,40,11.380126953125,0.0
1779527364.5035193,0.0,0.27227136331111546,0.0,0.0,-0.46334336094611367,0.0,0.0396,2.2572,-0.792,0.0,0.19122392806807453,0.0,0.0,0.26529004630313807,0.0,0.0,-0.5693097798171979,0.0,sine,1,0.3,1.0,20,40,11.390002250671387,0.0
1779527364.5134668,0.0,0.26529004630313807,0.0,0.0,-0.5693097798171979,0.0,0.0,0.396,-0.6732,0.0,0.17607464229070416,0.0,0.0,0.25830872929516074,0.0,0.0,-0.7833203904784074,-0.004155545838081737,sine,1,0.3,1.0,20,40,11.400171041488647,0.0
1779527364.5233545,0.0,0.25830872929516074,0.0,0.0,-0.7833203904784074,-0.004155545838081737,-0.0792,1.6632,-0.7524000000000001,0.0,0.16055927159206354,0.0,0.0,0.2478367537831948,0.0,0.0020777729190408684,-0.9225311760541456,0.0,sine,1,0.3,1.0,20,40,11.410118579864502,0.0
1779527364.5335386,0.0,0.2478367537831948,0.0,0.0020777729190408684,-0.9225311760541456,0.0,-0.1584,0.792,-0.792,0.0,0.14451573678597252,0.0,0.0,0.23911010752322315,0.0,0.0,-0.899675673944696,0.0,sine,1,0.3,1.0,20,40,11.420006275177002,0.0
1779527364.5434465,0.0,0.23911010752322315,0.0,0.0,-0.899675673944696,0.0,-0.198,0.198,-0.6336,0.0,0.12740908610278423,0.0,0.0,0.2303834612632515,0.0,0.0,-0.947464451082636,-0.0020777729190408684,sine,1,0.3,1.0,20,40,11.430190324783325,0.0
1779527364.5535295,0.0,0.2303834612632515,0.0,0.0,-0.947464451082636,-0.0020777729190408684,-0.2376,0.8712,-0.792,0.0,0.1102650905235437,0.0,0.0,0.2181661564992912,0.0,0.0020777729190408684,-1.1656306075819272,-0.006233318757122605,sine,1,0.3,1.0,20,40,11.440098285675049,0.0
1779527364.5633986,0.0,0.2181661564992912,0.0,0.0020777729190408684,-1.1656306075819272,-0.006233318757122605,-0.1584,0.5544000000000001,0.5148,0.0,0.09238011904415097,0.0,0.0,0.20420352248333656,0.0,0.0,-1.2902969827243793,0.0,sine,1,0.3,1.0,20,40,11.450181245803833,0.0
1779527364.5733688,0.0,0.20420352248333656,0.0,0.0,-1.2902969827243793,0.0,-0.198,0.6732,-0.6732,0.0,0.07451504669989448,0.0,0.0,0.19024088846738194,0.0,0.0,-1.3962634015954636,0.0,sine,1,0.3,1.0,20,40,11.460050344467163,0.0
1779527364.5834064,0.0,0.19024088846738194,0.0,0.0,-1.3962634015954636,0.0,-0.0396,0.27720000000000006,-0.5940000000000001,0.0,0.056176376391185626,0.0,0.0,0.16231562043547265,0.0,0.0,-1.5230075496569566,-0.0020777729190408684,sine,1,0.3,1.0,20,40,11.470020532608032,0.0
1779527364.5935297,0.0,0.16231562043547265,0.0,0.0,-1.5230075496569566,-0.0020777729190408684,0.0396,-0.0396,-0.3168,0.0,0.03749114089886755,0.0,0.0,0.16231562043547265,0.0,0.0,-1.5230075496569566,-0.0020777729190408684,sine,1,0.3,1.0,20,40,11.480058193206787,0.0
1779527364.6033473,0.0,0.16231562043547265,0.0,0.0,-1.5230075496569566,-0.0020777729190408684,0.0396,-0.0396,-0.3168,0.0,0.018495800790499964,0.0,0.0,0.1466076571675237,0.0,0.0020777729190408684,-1.562485235118733,0.0,sine,1,0.3,1.0,20,40,11.49018144607544,0.0
1779527364.613613,0.0,0.1466076571675237,0.0,0.0020777729190408684,-1.562485235118733,0.0,-0.198,1.3068,0.6336,0.0,1.7976337365681877e-06,0.0,0.0,0.12915436464758037,0.0,0.0,-1.6455961518803677,0.0,sine,1,0.3,1.0,20,40,11.499999046325684,0.0
1779527364.623385,0.0,0.12915436464758037,0.0,0.0,-1.6455961518803677,0.0,-0.1188,0.1584,-0.6336,0.0,-0.0193349706568599,0.0,0.0,0.11519173063162574,0.0,0.0,-1.516774230899834,0.0,sine,1,0.3,1.0,20,40,11.51026463508606,0.0
1779527364.6334863,0.0,0.11519173063162574,0.0,0.0,-1.516774230899834,0.0,-0.2376,1.4652,-0.7127999999999999,0.0,-0.0376685965659817,0.0,0.0,0.09773843811168245,0.0,-0.0020777729190408684,-1.7183182040467981,0.0,sine,1,0.3,1.0,20,40,11.520036697387695,0.0
1779527364.6433425,0.0,0.09773843811168245,0.0,-0.0020777729190408684,-1.7183182040467981,0.0,-0.0396,0.35639999999999994,-0.2376,0.0,-0.05646991872668326,0.0,0.0,0.08203047484373349,0.0,0.0,-1.610274012256673,0.0,sine,1,0.3,1.0,20,40,11.53013801574707,0.0
1779527364.6535227,0.0,0.08203047484373349,0.0,0.0,-1.610274012256673,0.0,0.1584,1.2672,-0.5544000000000001,0.0,-0.07459644950768722,0.0,0.0,0.06457718232379019,0.0,0.0,-1.6248184226899591,0.0,sine,1,0.3,1.0,20,40,11.539994239807129,0.0
1779527364.6635153,0.0,0.06457718232379019,0.0,0.0,-1.6248184226899591,0.0,-0.198,-0.4752,-0.5544000000000001,0.0,-0.09301782324567559,0.0,0.0,0.048869219055841226,0.0,0.0,-1.6144295580947547,-0.0020777729190408684,sine,1,0.3,1.0,20,40,11.550174474716187,0.0
1779527364.6733754,0.0,0.048869219055841226,0.0,0.0,-1.6144295580947547,-0.0020777729190408684,-0.1584,1.1880000000000002,-0.4356,0.0,-0.11073011704272225,0.0,0.0,0.03316125578789226,0.0,0.0,-1.6497516977184494,-0.0020777729190408684,sine,1,0.3,1.0,20,40,11.560167074203491,0.0
1779527364.6833634,0.0,0.03316125578789226,0.0,0.0,-1.6497516977184494,-0.0020777729190408684,-0.1584,0.4356,-0.27720000000000006,0.0,-0.1277800283650609,0.0,0.0,0.013962634015954637,0.0,0.0,-1.847140125027332,-0.004155545838081737,sine,1,0.3,1.0,20,40,11.570027112960815,0.0
1779527364.6934955,0.0,0.013962634015954637,0.0,0.0,-1.847140125027332,-0.004155545838081737,-0.0792,0.35639999999999994,0.3168,0.0,-0.14455118000581255,0.0,0.0,-0.0017453292519943296,0.0,0.0,-1.7598736624276154,0.0,sine,1,0.3,1.0,20,40,11.580015182495117,0.0
1779527364.7035584,0.0,-0.0017453292519943296,0.0,0.0,-1.7598736624276154,0.0,0.0396,1.0692,-0.6732,0.0,-0.16098233197300957,0.0,0.0,-0.0017453292519943296,0.0,0.0,-1.7598736624276154,0.0,sine,1,0.3,1.0,20,40,11.590147256851196,0.0
1779527364.713454,0.0,-0.0017453292519943296,0.0,0.0,-1.7598736624276154,0.0,0.0396,1.0692,-0.6732,0.0,-0.1766559531167245,0.0,0.0,-0.03665191429188092,0.0,0.0020777729190408684,-1.7100071123706346,-0.0020777729190408684,sine,1,0.3,1.0,20,40,11.600210189819336,0.0
1779527364.723344,0.0,-0.03665191429188092,0.0,0.0020777729190408684,-1.7100071123706346,-0.0020777729190408684,-0.1584,1.1088000000000002,0.4752,0.0,-0.19138074850397707,0.0,0.0,-0.054105206811824215,0.0,0.004155545838081737,-1.703773793613512,0.0,sine,1,0.3,1.0,20,40,11.610105752944946,0.0
1779527364.7333632,0.0,-0.054105206811824215,0.0,0.004155545838081737,-1.703773793613512,0.0,0.27720000000000006,0.5544000000000001,0.4752,0.0,-0.20535840517893042,0.0,0.0,-0.07155849933176751,0.0,0.0,-1.849217897946373,-0.0020777729190408684,sine,1,0.3,1.0,20,40,11.619995832443237,0.0
1779527364.743481,0.0,-0.07155849933176751,0.0,0.0,-1.849217897946373,-0.0020777729190408684,-0.27720000000000006,-0.5940000000000001,-0.27720000000000006,0.0,-0.21870980869334378,0.0,0.0,-0.09075712110370514,0.0,0.0,-1.8699956271367815,0.0,sine,1,0.3,1.0,20,40,11.630014896392822,0.0
1779527364.753348,0.0,-0.09075712110370514,0.0,0.0,-1.8699956271367815,0.0,-0.2376,1.5048000000000001,-0.35639999999999994,0.0,-0.2313132923789692,0.0,0.0,-0.10821041362364843,0.0,-0.0020777729190408684,-1.7141626582087164,0.0,sine,1,0.3,1.0,20,40,11.640132665634155,0.0
1779527364.7634604,0.0,-0.10821041362364843,0.0,-0.0020777729190408684,-1.7141626582087164,0.0,-0.1584,-0.0396,-0.5940000000000001,0.0,-0.24270493981899677,0.0,0.0,-0.10821041362364843,0.0,-0.0020777729190408684,-1.7141626582087164,0.0,sine,1,0.3,1.0,20,40,11.649999856948853,0.0
1779527364.7733793,0.0,-0.10821041362364843,0.0,-0.0020777729190408684,-1.7141626582087164,0.0,-0.1584,-0.0396,-0.5940000000000001,0.0,-0.2534115798404038,0.0,0.0,-0.13962634015954636,0.0,0.0,-1.57910741847106,0.0,sine,1,0.3,1.0,20,40,11.660112142562866,0.0
1779527364.7833493,0.0,-0.13962634015954636,0.0,0.0,-1.57910741847106,0.0,-0.0792,0.8316,-0.4356,0.0,-0.2629202138259871,0.0,0.0,-0.15533430342749532,0.0,0.0,-1.514696457980793,0.0,sine,1,0.3,1.0,20,40,11.670031070709229,0.0
1779527364.7934608,0.0,-0.15533430342749532,0.0,0.0,-1.514696457980793,0.0,-0.1188,0.0396,-0.396,0.0,-0.2714489347071091,0.0,0.0,-0.16929693744344998,0.0,0.0,-1.454441043328608,0.0,sine,1,0.3,1.0,20,40,11.680001020431519,0.0
1779527364.8033638,0.0,-0.16929693744344998,0.0,0.0,-1.454441043328608,0.0,-0.0792,-0.0396,-0.27720000000000006,0.0,-0.27901100253594086,0.0,0.0,-0.1832595714594046,0.0,0.0,-1.4004189474335453,0.0,sine,1,0.3,1.0,20,40,11.690112590789795,0.0
1779527364.8135233,0.0,-0.1832595714594046,0.0,0.0,-1.4004189474335453,0.0,-0.1188,0.27720000000000006,-0.4356,0.0,-0.28532600816740705,0.0,0.0,-0.19722220547535924,0.0,-0.0020777729190408684,-1.406652266190668,-0.0020777729190408684,sine,1,0.3,1.0,20,40,11.700015544891357,0.0
1779527364.8234963,0.0,-0.19722220547535924,0.0,-0.0020777729190408684,-1.406652266190668,-0.0020777729190408684,0.0,0.6336,0.396,0.0,-0.29065682475895493,0.0,0.0,-0.20943951023931953,0.0,0.0,-1.263285934776848,0.0,sine,1,0.3,1.0,20,40,11.710175037384033,0.0
1779527364.8333497,0.0,-0.20943951023931953,0.0,0.0,-1.263285934776848,0.0,-0.0792,0.99,-0.4752,0.0,-0.29473835262602277,0.0,0.0,-0.22165681500327988,0.0,0.0,-1.232119340991235,0.0,sine,1,0.3,1.0,20,40,11.720148086547852,0.0
1779527364.8433485,0.0,-0.22165681500327988,0.0,0.0,-1.232119340991235,0.0,-0.0396,-0.1188,-0.5940000000000001,0.0,-0.2976347528429362,0.0,0.0,-0.23387411976724018,0.0,0.0,-1.1448528783915184,0.0,sine,1,0.3,1.0,20,40,11.730001449584961,0.0
1779527364.8534844,0.0,-0.23387411976724018,0.0,0.0,-1.1448528783915184,0.0,-0.0396,0.198,-0.4356,0.0,-0.2994080478754506,0.0,0.0,-0.24260076602721178,0.0,0.0,-1.0305753678442706,0.0,sine,1,0.3,1.0,20,40,11.740000247955322,0.0
1779527364.8634503,0.0,-0.24260076602721178,0.0,0.0,-1.0305753678442706,0.0,-0.1584,0.27720000000000006,0.4752,0.0,-0.2999998902502912,0.0,0.0,-0.2530727415391778,0.0,0.0,-0.9433089052445542,0.0,sine,1,0.3,1.0,20,40,11.750136137008667,0.0
1779527364.8733618,0.0,-0.2530727415391778,0.0,0.0,-0.9433089052445542,0.0,-0.0792,1.8215999999999999,-0.4356,0.0,-0.29939588057296135,0.0,0.0,-0.26005405854715513,0.0,-0.0020777729190408684,-0.8435758051305926,0.0,sine,1,0.3,1.0,20,40,11.760102033615112,0.0
1779527364.8833723,0.0,-0.26005405854715513,0.0,-0.0020777729190408684,-0.8435758051305926,0.0,-0.1188,0.396,0.35639999999999994,0.0,-0.2976312032471271,0.0,0.0,-0.2670353755551324,0.0,-0.0020777729190408684,-0.7355316133404673,0.0,sine,1,0.3,1.0,20,40,11.770013570785522,0.0
1779527364.8934467,0.0,-0.2670353755551324,0.0,-0.0020777729190408684,-0.7355316133404673,0.0,0.0,0.396,-0.35639999999999994,0.0,-0.29467767667391154,0.0,0.0,-0.27401669256310973,0.0,0.0,-0.6233318757122606,0.0,sine,1,0.3,1.0,20,40,11.78002405166626,0.0
1779527364.9033659,0.0,-0.27401669256310973,0.0,0.0,-0.6233318757122606,0.0,-0.0396,0.6732,0.4356,0.0,-0.29052875239836884,0.0,0.0,-0.2775073510670984,0.0,0.0,-0.49658772765076753,0.0,sine,1,0.3,1.0,20,40,11.790098428726196,0.0
1779527364.913493,0.0,-0.2775073510670984,0.0,0.0,-0.49658772765076753,0.0,-0.0396,1.5444,0.3168,0.0,-0.28530670418150295,0.0,0.0,-0.28099800957108706,0.0,0.0,-0.3677658066702337,0.0,sine,1,0.3,1.0,20,40,11.800017595291138,0.0
1779527364.9233525,0.0,-0.28099800957108706,0.0,0.0,-0.3677658066702337,0.0,-0.0396,0.396,0.3168,0.0,-0.27883244922612793,0.0,0.0,-0.2844886680750757,0.0,0.0,-0.2971215274228442,0.0,sine,1,0.3,1.0,20,40,11.810144662857056,0.0
1779527364.933396,0.0,-0.2844886680750757,0.0,0.0,-0.2971215274228442,0.0,-0.0396,0.0396,-0.2376,0.0,-0.2714447249433524,0.0,0.0,-0.28623399732707006,0.0,0.0,-0.19323288147080075,0.0,sine,1,0.3,1.0,20,40,11.820004224777222,0.0
1779527364.9434211,0.0,-0.28623399732707006,0.0,0.0,-0.19323288147080075,0.0,0.0396,0.99,-0.2376,0.0,-0.2628485440787096,0.0,0.0,-0.28623399732707006,0.0,0.0,-0.031166593785613025,0.0,sine,1,0.3,1.0,20,40,11.830047845840454,0.0
1779527364.9533472,0.0,-0.28623399732707006,0.0,0.0,-0.031166593785613025,0.0,-0.0396,1.0692,0.198,0.0,-0.2532247514383923,0.0,0.0,-0.28623399732707006,0.0,0.0,0.020777729190408684,0.0,sine,1,0.3,1.0,20,40,11.840072870254517,0.0
1779527364.963488,0.0,-0.28623399732707006,0.0,0.0,0.020777729190408684,0.0,-0.0396,-0.3168,0.2376,0.0,-0.24270626059207204,0.0,0.0,-0.2844886680750757,0.0,0.0,0.12674414806149298,0.0,sine,1,0.3,1.0,20,40,11.849998950958252,0.0
1779527364.973354,0.0,-0.2844886680750757,0.0,0.0,0.12674414806149298,0.0,0.0,0.0,0.198,0.0,-0.23098585546132872,0.0,0.0,-0.28099800957108706,0.0,0.0020777729190408684,0.33036589412749806,0.0,sine,1,0.3,1.0,20,40,11.860139846801758,0.0
1779527364.9833844,0.0,-0.28099800957108706,0.0,0.0020777729190408684,0.33036589412749806,0.0,0.1584,0.0,-0.35639999999999994,0.0,-0.21868304471562164,0.0,0.0,-0.27576202181510406,0.0,0.0,0.45711004218899104,0.0,sine,1,0.3,1.0,20,40,11.87000584602356,0.0
1779527364.9933438,0.0,-0.27576202181510406,0.0,0.0,0.45711004218899104,0.0,-0.1188,-1.0296,0.1584,0.0,-0.2053145009393295,0.0,0.0,-0.27052603405912107,0.0,0.0,0.4758099984603589,0.0,sine,1,0.3,1.0,20,40,11.880036115646362,0.0
1779527365.0033448,0.0,-0.27052603405912107,0.0,0.0,0.4758099984603589,0.0,-0.0792,0.3168,0.198,0.0,-0.19123362371747551,0.0,0.0,-0.26529004630313807,0.0,0.0,0.5630764610600754,0.0,sine,1,0.3,1.0,20,40,11.889995574951172,0.0
1779527365.0133905,0.0,-0.26529004630313807,0.0,0.0,0.5630764610600754,0.0,-0.1188,-0.8712,-0.1188,0.0,-0.17634088389985048,0.0,0.0,-0.25830872929516074,0.0,0.0,0.6544984694978735,0.0,sine,1,0.3,1.0,20,40,11.899996519088745,0.0
1779527365.023506,0.0,-0.25830872929516074,0.0,0.0,0.6544984694978735,0.0,-0.0792,0.198,-0.1584,0.0,-0.16068073390741108,0.0,0.0,-0.24958208303518914,0.0,0.0,0.8788979447542873,0.0,sine,1,0.3,1.0,20,40,11.91004228591919,0.0
1779527365.0333893,0.0,-0.24958208303518914,0.0,0.0,0.8788979447542873,0.0,-0.0396,-1.3068,-0.1584,0.0,-0.14426559056506066,0.0,0.0,-0.23911010752322315,0.0,0.0,1.0056420928157803,0.0,sine,1,0.3,1.0,20,40,11.920157670974731,0.0
1779527365.0435536,0.0,-0.23911010752322315,0.0,0.0,1.0056420928157803,0.0,-0.0792,-1.1483999999999999,0.1584,0.0,-0.12766372780979682,0.0,0.0,-0.22689280275926285,0.0,0.0,1.1178418304439872,0.0020777729190408684,sine,1,0.3,1.0,20,40,11.930041074752808,0.0
1779527365.0533574,0.0,-0.22689280275926285,0.0,0.0,1.1178418304439872,0.0020777729190408684,-0.0396,-0.99,-0.198,0.0,-0.11007740538032641,0.0,0.0,-0.21642082724729686,0.0,0.0,1.0700530533060473,0.0,sine,1,0.3,1.0,20,40,11.940205335617065,0.0
1779527365.063368,0.0,-0.21642082724729686,0.0,0.0,1.0700530533060473,0.0,-0.0396,-0.27720000000000006,0.1188,0.0,-0.09268877099099702,0.0,0.0,-0.2059488517353309,0.0,0.0,1.1240751492011098,0.0,sine,1,0.3,1.0,20,40,11.950009107589722,0.0
1779527365.0733721,0.0,-0.2059488517353309,0.0,0.0,1.1240751492011098,0.0,0.0,-0.0396,0.1584,0.0,-0.0745707669006665,0.0,0.0,-0.1937315469713706,0.0,0.0,1.1926416555294586,0.0,sine,1,0.3,1.0,20,40,11.960019826889038,0.0
1779527365.0833466,0.0,-0.1937315469713706,0.0,0.0,1.1926416555294586,0.0,0.0792,0.0792,0.0,0.0,-0.05617019595233471,0.0,0.0,-0.17976891295541597,0.0,0.0020777729190408684,1.4295077683001174,0.0020777729190408684,sine,1,0.3,1.0,20,40,11.97002387046814,0.0
1779527365.093345,0.0,-0.17976891295541597,0.0,0.0020777729190408684,1.4295077683001174,0.0020777729190408684,-0.1188,-1.4255999999999998,-0.1188,0.0,-0.0376030554510923,0.0,0.0,-0.16406094968746698,0.0,0.0020777729190408684,1.5333964142521608,0.0,sine,1,0.3,1.0,20,40,11.979998350143433,0.0
1779527365.1033416,0.0,-0.16406094968746698,0.0,0.0020777729190408684,1.5333964142521608,0.0,-0.1188,-1.3860000000000001,0.0396,0.0,-0.018843417216615324,0.0,0.0,-0.1466076571675237,0.0,0.004155545838081737,1.6019629205805095,0.0,sine,1,0.3,1.0,20,40,11.989996671676636,0.0
1779527365.11339,0.0,-0.1466076571675237,0.0,0.004155545838081737,1.6019629205805095,0.0,0.27720000000000006,-0.1188,0.0792,0.0,-1.2583436148395321e-05,0.0,0.0,-0.1308996938995747,0.0,0.004155545838081737,1.6601405623136538,0.0,sine,1,0.3,1.0,20,40,11.999993324279785,0.0
1779527365.123465,0.0,-0.1308996938995747,0.0,0.004155545838081737,1.6601405623136538,0.0,0.27720000000000006,0.0792,-0.35639999999999994,0.0,0.018915628555117334,0.0,0.0,-0.11344640137963143,0.0,0.0,1.7411737061562478,0.0020777729190408684,sine,1,0.3,1.0,20,40,12.0100417137146,0.0
1779527365.133456,0.0,-0.11344640137963143,0.0,0.0,1.7411737061562478,0.0020777729190408684,-0.1584,-1.8215999999999999,-0.0396,0.0,0.03781839796424278,0.0,0.0,-0.09424777960769379,0.0,-0.0020777729190408684,1.7764958457799425,0.0,sine,1,0.3,1.0,20,40,12.020116806030273,0.0
1779527365.1435423,0.0,-0.09424777960769379,0.0,-0.0020777729190408684,1.7764958457799425,0.0,-0.0396,-0.5148,-0.0396,0.0,0.05641386308218147,0.0,0.0,-0.07679448708775051,0.0,-0.004155545838081737,1.7972735749703512,0.0,sine,1,0.3,1.0,20,40,12.030107736587524,0.0
1779527365.1533842,0.0,-0.07679448708775051,0.0,-0.004155545838081737,1.7972735749703512,0.0,0.0,-2.0988,-0.0396,0.0,0.07496116657521452,0.0,0.0,-0.061086523819801536,0.0,0.0,1.6310517414470818,0.0,sine,1,0.3,1.0,20,40,12.040194034576416,0.0
1779527365.1633747,0.0,-0.061086523819801536,0.0,0.0,1.6310517414470818,0.0,0.0,-1.4652,-0.0396,0.0,0.09276954979966748,0.0,0.0,-0.04537856055185257,0.0,0.0,1.5998851476614686,0.0,sine,1,0.3,1.0,20,40,12.050035953521729,0.0
1779527365.1733472,0.0,-0.04537856055185257,0.0,0.0,1.5998851476614686,0.0,-0.0792,0.198,-0.0396,0.0,0.11048364528394887,0.0,0.0,-0.029670597283903605,0.0,0.0,1.6289739685280409,0.0,sine,1,0.3,1.0,20,40,12.060026407241821,0.0
1779527365.183345,0.0,-0.029670597283903605,0.0,0.0,1.6289739685280409,0.0,-0.1188,-0.8712,0.0,0.0,0.12773204706092586,0.0,0.0,0.005235987755982989,0.0,0.0020777729190408684,1.7100071123706346,0.0,sine,1,0.3,1.0,20,40,12.069998979568481,0.0
1779527365.1934896,0.0,0.005235987755982989,0.0,0.0020777729190408684,1.7100071123706346,0.0,-0.1188,0.1584,-0.1188,0.0,0.14452085652450053,0.0,0.0,0.005235987755982989,0.0,0.0020777729190408684,1.7100071123706346,0.0,sine,1,0.3,1.0,20,40,12.079996824264526,0.0
1779527365.2034876,0.0,0.005235987755982989,0.0,0.0020777729190408684,1.7100071123706346,0.0,-0.1188,0.1584,-0.1188,0.0,0.16097285123198415,0.0,0.0,0.020943951023931956,0.0,0.0,1.6372850602042042,0.0,sine,1,0.3,1.0,20,40,12.090141296386719,0.0
1779527365.21337,0.0,0.020943951023931956,0.0,0.0,1.6372850602042042,0.0,-0.1584,-1.4652,0.1584,0.0,0.1765480563605298,0.0,0.0,0.038397243543875255,0.0,0.0,1.8076624395655554,0.0,sine,1,0.3,1.0,20,40,12.100139379501343,0.0
1779527365.2233818,0.0,0.038397243543875255,0.0,0.0,1.8076624395655554,0.0,-0.1188,0.4356,-0.1584,0.0,0.19125890007847018,0.0,0.0,0.05759586531581287,0.0,0.0,1.8803844917319859,0.0,sine,1,0.3,1.0,20,40,12.110021829605103,0.0
1779527365.2335157,0.0,0.05759586531581287,0.0,0.0,1.8803844917319859,0.0,-0.0396,-1.6632,0.0,0.0,0.2054101622335837,0.0,0.0,0.07504915783575616,0.0,0.0,1.739095933237207,0.0,sine,1,0.3,1.0,20,40,12.120033502578735,0.0
1779527365.2433865,0.0,0.07504915783575616,0.0,0.0,1.739095933237207,0.0,-0.0396,-1.3860000000000001,0.0396,0.0,0.218906578916908,0.0,0.0,0.09075712110370514,0.0,0.0,1.6642961081517356,0.0,sine,1,0.3,1.0,20,40,12.130167484283447,0.0
1779527365.2534788,0.0,0.09075712110370514,0.0,0.0,1.6642961081517356,0.0,-0.1188,-0.0792,-0.0792,0.0,0.23119992639473796,0.0,0.0,0.10821041362364843,0.0,0.0,1.7287070686420025,0.0,sine,1,0.3,1.0,20,40,12.140038251876831,0.0
1779527365.2633438,0.0,0.10821041362364843,0.0,0.0,1.7287070686420025,0.0,-0.1188,-1.6236000000000002,-0.2376,0.0,0.24284961549739473,0.0,0.0,0.1239183768915974,0.0,0.0,1.6061184664185912,0.0,sine,1,0.3,1.0,20,40,12.1501305103302,0.0
1779527365.2735658,0.0,0.1239183768915974,0.0,0.0,1.6061184664185912,0.0,0.0,-1.3464,0.0,0.0,0.2532938889451499,0.0,0.0,0.14137166941154067,0.0,0.0,1.6601405623136538,0.0,sine,1,0.3,1.0,20,40,12.159995555877686,0.0
1779527365.283409,0.0,0.14137166941154067,0.0,0.0,1.6601405623136538,0.0,0.0,-0.0792,-0.0396,0.0,0.263089279513742,0.0,0.0,0.15707963267948966,0.0,0.0,1.6372850602042042,0.0,sine,1,0.3,1.0,20,40,12.170217514038086,0.0
1779527365.2933493,0.0,0.15707963267948966,0.0,0.0,1.6372850602042042,0.0,-0.0792,-2.8116000000000003,-0.0792,0.0,0.2714969434128402,0.0,0.0,0.17278759594743864,0.0,0.0,1.581185191390101,0.0,sine,1,0.3,1.0,20,40,12.180060863494873,0.0
1779527365.3033683,0.0,0.17278759594743864,0.0,0.0,1.581185191390101,0.0,-0.1188,-2.0988,-0.35639999999999994,0.0,0.2789336472191508,0.0,0.0,0.18849555921538758,0.0,0.0020777729190408684,1.481452091276139,0.0,sine,1,0.3,1.0,20,40,12.190001010894775,0.0
1779527365.3136058,0.0,0.18849555921538758,0.0,0.0020777729190408684,1.481452091276139,0.0,-0.198,-0.5148,0.198,0.0,0.285328645880674,0.0,0.0,0.20071286397934787,0.0,0.0,1.308996938995747,0.0,sine,1,0.3,1.0,20,40,12.20002007484436,0.0
1779527365.3234446,0.0,0.20071286397934787,0.0,0.0,1.308996938995747,0.0,-0.198,-0.35639999999999994,-0.1584,0.0,0.29069529016416706,0.0,0.0,0.21293016874330822,0.0,0.0,1.215497157638908,0.0,sine,1,0.3,1.0,20,40,12.210257530212402,0.0
1779527365.3333724,0.0,0.21293016874330822,0.0,0.0,1.215497157638908,0.0,-0.1188,-0.9504,-0.396,0.0,0.2947201524624671,0.0,0.0,0.2234021442552742,0.0,-0.0020777729190408684,1.1344640137963142,0.0,sine,1,0.3,1.0,20,40,12.220096349716187,0.0
1779527365.343433,0.0,0.2234021442552742,0.0,-0.0020777729190408684,1.1344640137963142,0.0,-0.0396,-1.4255999999999998,-0.0792,0.0,0.29764010039530636,0.0,0.0,0.23387411976724018,0.0,0.0,1.1116085116868646,0.0,sine,1,0.3,1.0,20,40,12.230024099349976,0.0
1779527365.3533475,0.0,0.23387411976724018,0.0,0.0,1.1116085116868646,0.0,-0.1188,-2.2176000000000005,-0.27720000000000006,0.0,0.2994179949083512,0.0,0.0,0.24434609527920614,0.0,0.0020777729190408684,1.026419822006189,0.0,sine,1,0.3,1.0,20,40,12.240084648132324,0.0
1779527365.3633933,0.0,0.24434609527920614,0.0,0.0020777729190408684,1.026419822006189,0.0,-0.0792,-2.0196,-0.27720000000000006,0.0,0.29999999999697047,0.0,0.0,0.2530727415391778,0.0,0.0,0.930842267730309,0.0,sine,1,0.3,1.0,20,40,12.249999284744263,0.0
1779527365.373523,0.0,0.2530727415391778,0.0,0.0,0.930842267730309,0.0,0.0,-0.35639999999999994,-0.0792,0.0,0.2994026743486109,0.0,0.0,0.2617993877991494,0.0,-0.0020777729190408684,0.8040981196688161,0.0,sine,1,0.3,1.0,20,40,12.260045051574707,0.0
1779527365.383376,0.0,0.2617993877991494,0.0,-0.0020777729190408684,0.8040981196688161,0.0,0.0,-1.1483999999999999,-0.198,0.0,0.29759294869506525,0.0,0.0,0.2687807048071268,0.0,0.0020777729190408684,0.7064427924738953,0.0,sine,1,0.3,1.0,20,40,12.270174741744995,0.0
1779527365.393318,0.0,0.2687807048071268,0.0,0.0020777729190408684,0.7064427924738953,0.0,0.0,-1.4255999999999998,-0.3168,0.0,0.29467641243770265,0.0,0.0,0.27401669256310973,0.0,0.0,0.5963208277647293,0.0,sine,1,0.3,1.0,20,40,12.280027627944946,0.0
1779527365.4034536,0.0,0.27401669256310973,0.0,0.0,0.5963208277647293,0.0,-0.0792,-1.1483999999999999,-0.3168,0.0,0.29058915489196946,0.0,0.0,0.2792526803190927,0.0,0.0020777729190408684,0.49658772765076753,0.0,sine,1,0.3,1.0,20,40,12.289969682693481,0.0
1779527365.4134016,0.0,0.2792526803190927,0.0,0.0020777729190408684,0.49658772765076753,0.0,-0.198,-0.3168,-0.198,0.0,0.2852555375002734,0.0,0.0,0.28274333882308134,0.0,0.0,0.35529916915598847,0.0,sine,1,0.3,1.0,20,40,12.300105333328247,0.0
1779527365.4233503,0.0,0.28274333882308134,0.0,0.0,0.35529916915598847,0.0,-0.1584,-1.3068,-0.3168,0.0,0.2788959116277189,0.0,0.0,0.2844886680750757,0.0,0.0,0.2514105232039451,0.0,sine,1,0.3,1.0,20,40,12.31005334854126,0.0
1779527365.433367,0.0,0.2844886680750757,0.0,0.0,0.2514105232039451,0.0,-0.1188,-1.6236000000000002,-0.198,0.0,0.27144644715507116,0.0,0.0,0.2844886680750757,0.0,0.0,0.1308996938995747,0.0020777729190408684,sine,1,0.3,1.0,20,40,12.32000207901001,0.0
1779527365.4432974,0.0,0.2844886680750757,0.0,0.0,0.1308996938995747,0.0020777729190408684,0.0,1.2672,-0.198,0.0,0.26287496763949253,0.0,0.0,0.2844886680750757,0.0,-0.0020777729190408684,0.02493327502849042,-0.0020777729190408684,sine,1,0.3,1.0,20,40,12.330018758773804,0.0
1779527365.4535084,0.0,0.2844886680750757,0.0,-0.0020777729190408684,0.02493327502849042,-0.0020777729190408684,0.0,1.782,-0.1584,0.0,0.25334974288373335,0.0,0.0,0.2844886680750757,0.0,0.0,-0.08726646259971647,0.0,sine,1,0.3,1.0,20,40,12.339949131011963,0.0
1779527365.4636297,0.0,0.2844886680750757,0.0,0.0,-0.08726646259971647,0.0,0.0,2.2176000000000005,-0.35639999999999994,0.0,0.24252756857643584,0.0,0.0,0.28274333882308134,0.0,0.0,-0.13921078557573818,0.0,sine,1,0.3,1.0,20,40,12.350160121917725,0.0
1779527365.4734056,0.0,0.28274333882308134,0.0,0.0,-0.13921078557573818,0.0,0.0,2.3364,-0.198,0.0,0.23081542392076326,0.0,0.0,0.2792526803190927,0.0,0.0,-0.31789925661325286,-0.0020777729190408684,sine,1,0.3,1.0,20,40,12.360281467437744,0.0
1779527365.4834342,0.0,0.2792526803190927,0.0,0.0,-0.31789925661325286,-0.0020777729190408684,0.0,0.7127999999999999,-0.1188,0.0,0.21861658016106866,0.0,0.0,0.27401669256310973,0.0,0.0,-0.4529544963509093,0.0,sine,1,0.3,1.0,20,40,12.370057344436646,0.0
1779527365.4933531,0.0,0.27401669256310973,0.0,0.0,-0.4529544963509093,0.0,-0.0792,0.6336,-0.396,0.0,0.20524600691727798,0.0,0.0,0.27052603405912107,0.0,0.0,-0.46334336094611367,0.0020777729190408684,sine,1,0.3,1.0,20,40,12.380085945129395,0.0
1779527365.5033658,0.0,0.27052603405912107,0.0,0.0,-0.46334336094611367,0.0020777729190408684,0.0,2.0988,0.27720000000000006,0.0,0.19122011897090221,0.0,0.0,0.2635447170511438,0.0,0.0,-0.6565762424169144,-0.0020777729190408684,sine,1,0.3,1.0,20,40,12.390004873275757,0.0
1779527365.5133426,0.0,0.2635447170511438,0.0,0.0,-0.6565762424169144,-0.0020777729190408684,0.0,0.5940000000000001,-0.27720000000000006,0.0,0.17630888791879334,0.0,0.0,0.25481807079117214,0.0,0.0,-0.7833203904784074,-0.004155545838081737,sine,1,0.3,1.0,20,40,12.400017499923706,0.0
1779527365.5233471,0.0,0.25481807079117214,0.0,0.0,-0.7833203904784074,-0.004155545838081737,-0.0396,1.0692,-0.27720000000000006,0.0,0.16075700854576427,0.0,0.0,0.24609142453120048,0.0,0.0,-0.9059089927018186,0.0,sine,1,0.3,1.0,20,40,12.40999436378479,0.0
1779527365.5333836,0.0,0.24609142453120048,0.0,0.0,-0.9059089927018186,0.0,0.0,1.6632,-0.396,0.0,0.14452794530275298,0.0,0.0,0.23561944901923448,0.0,0.0,-0.9973310011396168,0.0,sine,1,0.3,1.0,20,40,12.41999888420105,0.0
1779527365.5433471,0.0,0.23561944901923448,0.0,0.0,-0.9973310011396168,0.0,-0.0396,1.1880000000000002,0.0,0.0,0.12767348819796956,0.0,0.0,0.2234021442552742,0.0,0.0,-1.088753009577415,-0.0020777729190408684,sine,1,0.3,1.0,20,40,12.43003535270691,0.0
1779527365.5534081,0.0,0.2234021442552742,0.0,0.0,-1.088753009577415,-0.0020777729190408684,-0.1188,1.1483999999999999,-0.1584,0.0,0.110439354765716,0.0,0.0,0.21293016874330822,0.0,-0.0020777729190408684,-1.1760194721771315,0.0020777729190408684,sine,1,0.3,1.0,20,40,12.439998865127563,0.0
1779527365.5633469,0.0,0.21293016874330822,0.0,-0.0020777729190408684,-1.1760194721771315,0.0020777729190408684,-0.0792,0.7127999999999999,0.0396,0.0,0.09259772565097693,0.0,0.0,0.1989675347273536,0.0,0.0,-1.2570526160197253,0.0,sine,1,0.3,1.0,20,40,12.45005989074707,0.0
1779527365.5733042,0.0,0.1989675347273536,0.0,0.0,-1.2570526160197253,0.0,-0.0792,1.0692,-0.1584,0.0,0.07460950823694272,0.0,0.0,0.18849555921538758,0.0,0.0,-1.184330563853295,0.0,sine,1,0.3,1.0,20,40,12.459998607635498,0.0
1779527365.5833564,0.0,0.18849555921538758,0.0,0.0,-1.184330563853295,0.0,-0.198,1.6236000000000002,0.1188,0.0,0.056296007157332836,0.0,0.0,0.17453292519943295,0.0,0.0020777729190408684,-1.3983411745145045,-0.0020777729190408684,sine,1,0.3,1.0,20,40,12.469955921173096,0.0
1779527365.593379,0.0,0.17453292519943295,0.0,0.0020777729190408684,-1.3983411745145045,-0.0020777729190408684,-0.1188,0.0792,0.0,0.0,0.03758477495083832,0.0,0.0,0.158824961931484,0.0,0.0,-1.4752187725190165,-0.0020777729190408684,sine,1,0.3,1.0,20,40,12.480008125305176,0.0
1779527365.6033442,0.0,0.158824961931484,0.0,0.0,-1.4752187725190165,-0.0020777729190408684,-0.1188,1.2672,-0.0792,0.0,0.018779278276195972,0.0,0.0,0.158824961931484,0.0,0.0,-1.4752187725190165,-0.0020777729190408684,sine,1,0.3,1.0,20,40,12.490030765533447,0.0
1779527365.6133099,0.0,0.158824961931484,0.0,0.0,-1.4752187725190165,-0.0020777729190408684,-0.1188,1.2672,-0.0792,0.0,7.639943375629654e-06,0.0,0.0,0.12740903539558607,0.0,0.0,-1.5957296018233869,-0.0020777729190408684,sine,1,0.3,1.0,20,40,12.499995946884155,0.0
1779527365.6234107,0.0,0.12740903539558607,0.0,0.0,-1.5957296018233869,-0.0020777729190408684,-0.1188,0.5148,-0.0396,0.0,-0.018764925388209626,0.0,0.0,0.10995574287564278,0.0,0.0,-1.6601405623136538,0.0,sine,1,0.3,1.0,20,40,12.509961605072021,0.0
1779527365.6333644,0.0,0.10995574287564278,0.0,0.0,-1.6601405623136538,0.0,-0.0792,1.3068,-0.1188,0.0,-0.03771674805799965,0.0,0.0,0.09250245035569947,0.0,0.0,-1.7183182040467981,0.0,sine,1,0.3,1.0,20,40,12.520062446594238,0.0
1779527365.6433468,0.0,0.09250245035569947,0.0,0.0,-1.7183182040467981,0.0,-0.1188,0.792,0.0396,0.0,-0.056244359587157115,0.0,0.0,0.07504915783575616,0.0,0.0,-1.7598736624276154,0.0,sine,1,0.3,1.0,20,40,12.53001618385315,0.0
1779527365.653395,0.0,0.07504915783575616,0.0,0.0,-1.7598736624276154,0.0,-0.1188,0.1584,-0.2376,0.0,-0.07460428476331753,0.0,0.0,0.05934119456780721,0.0,0.0,-1.6019629205805095,0.0,sine,1,0.3,1.0,20,40,12.539998531341553,0.0
1779527365.6634603,0.0,0.05934119456780721,0.0,0.0,-1.6019629205805095,0.0,-0.2376,1.3860000000000001,0.1188,0.0,-0.09278878175350645,0.0,0.0,0.04188790204786391,0.0,0.0,-1.7474070249133704,-0.004155545838081737,sine,1,0.3,1.0,20,40,12.550046682357788,0.0
1779527365.6733546,0.0,0.04188790204786391,0.0,0.0,-1.7474070249133704,-0.004155545838081737,-0.198,-0.0396,-0.1188,0.0,-0.11063362737573147,0.0,0.0,0.024434609527920613,0.0,0.0,-1.782729164537065,-0.0020777729190408684,sine,1,0.3,1.0,20,40,12.560111999511719,0.0
1779527365.683384,0.0,0.024434609527920613,0.0,0.0,-1.782729164537065,-0.0020777729190408684,-0.1188,2.2967999999999997,0.2376,0.0,-0.12774465270539045,0.0,0.0,0.005235987755982989,0.0,0.0,-1.8512956708654138,0.0,sine,1,0.3,1.0,20,40,12.570006370544434,0.0
1779527365.6934507,0.0,0.005235987755982989,0.0,0.0,-1.8512956708654138,0.0,-0.1188,-0.35639999999999994,0.0396,0.0,-0.14458504551650217,0.0,0.0,-0.010471975511965978,0.0,0.0,-1.8512956708654138,0.0,sine,1,0.3,1.0,20,40,12.58003568649292,0.0
1779527365.7033448,0.0,-0.010471975511965978,0.0,0.0,-1.8512956708654138,0.0,-0.1188,1.0296,-0.198,0.0,-0.16091103126622314,0.0,0.0,-0.027925268031909273,0.0,0.0,-1.6850738373421443,0.0,sine,1,0.3,1.0,20,40,12.590102434158325,0.0
1779527365.7133584,0.0,-0.027925268031909273,0.0,0.0,-1.6850738373421443,0.0,-0.0792,1.3464,-0.27720000000000006,0.0,-0.17633034010824405,0.0,0.0,-0.04537856055185257,0.0,0.0,-1.7764958457799425,-0.0020777729190408684,sine,1,0.3,1.0,20,40,12.599996566772461,0.0
1779527365.723346,0.0,-0.04537856055185257,0.0,0.0,-1.7764958457799425,-0.0020777729190408684,-0.198,-0.6336,0.0,0.0,-0.19124193400631678,0.0,0.0,-0.061086523819801536,0.0,0.0,-1.6352072872851635,0.0,sine,1,0.3,1.0,20,40,12.610010147094727,0.0
1779527365.7333612,0.0,-0.061086523819801536,0.0,0.0,-1.6352072872851635,0.0,-0.1584,1.7424,0.0792,0.0,-0.20536102606582232,0.0,0.0,-0.07853981633974483,0.0,0.0,-1.7640292082656972,0.0,sine,1,0.3,1.0,20,40,12.61999773979187,0.0
1779527365.7433922,0.0,-0.07853981633974483,0.0,0.0,-1.7640292082656972,0.0,-0.0396,0.6336,-0.0396,0.0,-0.21870734779300816,0.0,0.0,-0.09599310885968812,0.0,-0.0020777729190408684,-1.6123517851757139,-0.0020777729190408684,sine,1,0.3,1.0,20,40,12.63001298904419,0.0
1779527365.7533479,0.0,-0.09599310885968812,0.0,-0.0020777729190408684,-1.6123517851757139,-0.0020777729190408684,-0.1188,0.8712,0.0396,0.0,-0.23120679937692026,0.0,0.0,-0.1117010721276371,0.0,0.0,-1.7058515665325529,0.0,sine,1,0.3,1.0,20,40,12.64004397392273,0.0
1779527365.7633452,0.0,-0.1117010721276371,0.0,0.0,-1.7058515665325529,0.0,-0.0396,0.3168,0.2376,0.0,-0.24270467566274678,0.0,0.0,-0.12915436464758037,0.0,0.0,-1.6663738810707764,-0.0020777729190408684,sine,1,0.3,1.0,20,40,12.649999618530273,0.0
1779527365.77344,0.0,-0.12915436464758037,0.0,0.0,-1.6663738810707764,-0.0020777729190408684,-0.0792,0.8316,-0.0396,0.0,-0.25329533382897484,0.0,0.0,-0.14311699866353503,0.0,0.0,-1.5188520038188749,0.0,sine,1,0.3,1.0,20,40,12.65999698638916,0.0
1779527365.7833838,0.0,-0.14311699866353503,0.0,0.0,-1.5188520038188749,0.0,-0.1584,0.3168,0.0,0.0,-0.2629751673203925,0.0,0.0,-0.158824961931484,0.0,0.0,-1.4565188162476488,0.0,sine,1,0.3,1.0,20,40,12.67009162902832,0.0
1779527365.7933714,0.0,-0.158824961931484,0.0,0.0,-1.4565188162476488,0.0,-0.1188,0.198,0.0,0.0,-0.271476673501777,0.0,0.0,-0.17278759594743864,0.0,0.0,-1.498074274628466,-0.0020777729190408684,sine,1,0.3,1.0,20,40,12.680035591125488,0.0
1779527365.803372,0.0,-0.17278759594743864,0.0,0.0,-1.498074274628466,-0.0020777729190408684,-0.1188,0.396,-0.2376,0.0,-0.278949030025269,0.0,0.0,-0.18849555921538758,0.0,0.0,-1.4648299079238123,0.0,sine,1,0.3,1.0,20,40,12.690023183822632,0.0
1779527365.8133216,0.0,-0.18849555921538758,0.0,0.0,-1.4648299079238123,0.0,-0.1188,0.792,0.2376,0.0,-0.2853307281226057,0.0,0.0,-0.20071286397934787,0.0,-0.0020777729190408684,-1.3754856724050548,0.0,sine,1,0.3,1.0,20,40,12.700023651123047,0.0
1779527365.8233683,0.0,-0.20071286397934787,0.0,-0.0020777729190408684,-1.3754856724050548,0.0,0.0,1.1880000000000002,0.0,0.0,-0.29056244464937264,0.0,0.0,-0.21293016874330822,0.0,0.0,-1.2279637951531532,0.0,sine,1,0.3,1.0,20,40,12.709973335266113,0.0
1779527365.833348,0.0,-0.21293016874330822,0.0,0.0,-1.2279637951531532,0.0,-0.0396,1.4255999999999998,-0.0396,0.0,-0.29469325668655705,0.0,0.0,-0.22514747350726852,0.0,0.0,-1.184330563853295,0.0,sine,1,0.3,1.0,20,40,12.720020055770874,0.0
1779527365.8433852,0.0,-0.22514747350726852,0.0,0.0,-1.184330563853295,0.0,0.0396,0.99,0.0,0.0,-0.2976343585743133,0.0,0.0,-0.23561944901923448,0.0,0.0,-1.103297420010701,0.0,sine,1,0.3,1.0,20,40,12.729999780654907,0.0
1779527365.8533206,0.0,-0.23561944901923448,0.0,0.0,-1.103297420010701,0.0,-0.0792,1.0296,-0.0396,0.0,-0.2994123854631471,0.0,0.0,-0.24609142453120048,0.0,0.0,-1.0181087303300256,0.0,sine,1,0.3,1.0,20,40,12.740036964416504,0.0
1779527365.8633814,0.0,-0.24609142453120048,0.0,0.0,-1.0181087303300256,0.0,-0.1188,-0.2376,-0.0396,0.0,-0.2999999954705323,0.0,0.0,-0.24609142453120048,0.0,0.0,-1.0181087303300256,0.0,sine,1,0.3,1.0,20,40,12.749972343444824,0.0
1779527365.8733912,0.0,-0.24609142453120048,0.0,0.0,-1.0181087303300256,0.0,-0.1188,-0.2376,-0.0396,0.0,-0.2994040907862401,0.0,0.0,-0.2617993877991494,0.0,0.0,-0.7916314821545708,0.0,sine,1,0.3,1.0,20,40,12.760033130645752,0.0
1779527365.8835974,0.0,-0.2617993877991494,0.0,0.0,-0.7916314821545708,0.0,-0.0396,1.1088000000000002,-0.1584,0.0,-0.29762426544367826,0.0,0.0,-0.2687807048071268,0.0,0.0,-0.6918983820406092,0.0,sine,1,0.3,1.0,20,40,12.770042896270752,0.0
1779527365.893352,0.0,-0.2687807048071268,0.0,0.0,-0.6918983820406092,0.0,0.0,0.0792,-0.0792,0.0,-0.29459782413720487,0.0,0.0,-0.27401669256310973,0.0,0.0,-0.583854190250484,0.0,sine,1,0.3,1.0,20,40,12.780249118804932,0.0
1779527365.9033632,0.0,-0.27401669256310973,0.0,0.0,-0.583854190250484,0.0,-0.0396,1.1483999999999999,-0.0396,0.0,-0.29057317792559473,0.0,0.0,-0.2792526803190927,0.0,0.0,-0.47996554429844057,0.0,sine,1,0.3,1.0,20,40,12.790003776550293,0.0
1779527365.9133482,0.0,-0.2792526803190927,0.0,0.0,-0.47996554429844057,0.0,-0.0396,1.1483999999999999,-0.0792,0.0,-0.28530823228581287,0.0,0.0,-0.28274333882308134,0.0,0.0,-0.3760768983463972,0.0,sine,1,0.3,1.0,20,40,12.800014972686768,0.0
1779527365.9233599,0.0,-0.28274333882308134,0.0,0.0,-0.3760768983463972,0.0,-0.0792,0.5148,0.0,0.0,-0.27893298547164475,0.0,0.0,-0.2844886680750757,0.0,0.0,-0.25556606904202683,0.0,sine,1,0.3,1.0,20,40,12.809999942779541,0.0
1779527365.9333708,0.0,-0.2844886680750757,0.0,0.0,-0.25556606904202683,0.0,-0.0396,0.1584,0.0792,0.0,-0.2714387925030975,0.0,0.0,-0.28623399732707006,0.0,0.0,-0.1246663751424521,0.0,sine,1,0.3,1.0,20,40,12.820011615753174,0.0
1779527365.9433732,0.0,-0.28623399732707006,0.0,0.0,-0.1246663751424521,0.0,-0.0396,0.99,0.0,0.0,-0.26287150275470206,0.0,0.0,-0.28623399732707006,0.0,0.0,-0.018699956271367814,0.0020777729190408684,sine,1,0.3,1.0,20,40,12.83002257347107,0.0
1779527365.9533923,0.0,-0.28623399732707006,0.0,0.0,-0.018699956271367814,0.0020777729190408684,-0.0396,-0.3168,-0.0792,0.0,-0.25327317669506505,0.0,0.0,-0.2844886680750757,0.0,0.0,0.09973310011396168,0.0020777729190408684,sine,1,0.3,1.0,20,40,12.840024948120117,0.0
1779527365.9633462,0.0,-0.2844886680750757,0.0,0.0,0.09973310011396168,0.0020777729190408684,0.0,0.0396,0.1188,0.0,-0.2426563259000759,0.0,0.0,-0.28274333882308134,0.0,0.0,0.15375519600902426,-0.0020777729190408684,sine,1,0.3,1.0,20,40,12.850044012069702,0.0
1779527365.9733996,0.0,-0.28274333882308134,0.0,0.0,0.15375519600902426,-0.0020777729190408684,-0.0792,0.198,0.0,0.0,-0.23115639056803328,0.0,0.0,-0.2792526803190927,0.0,0.0,0.3262103482894163,0.0,sine,1,0.3,1.0,20,40,12.859997987747192,0.0
1779527365.983373,0.0,-0.2792526803190927,0.0,0.0,0.3262103482894163,0.0,-0.0792,-0.7524000000000001,0.0396,0.0,-0.2186242739892737,0.0,0.0,-0.27576202181510406,0.0,0.0,0.35529916915598847,0.0,sine,1,0.3,1.0,20,40,12.870051383972168,0.0
1779527365.9933474,0.0,-0.27576202181510406,0.0,0.0,0.35529916915598847,0.0,-0.0792,-1.2672,0.0,0.0,-0.20533022878219584,0.0,0.0,-0.27052603405912107,0.0,0.0020777729190408684,0.5422987318696666,0.0,sine,1,0.3,1.0,20,40,12.880024671554565,0.0
1779527366.0033636,0.0,-0.27052603405912107,0.0,0.0020777729190408684,0.5422987318696666,0.0,-0.198,0.35639999999999994,0.1188,0.0,-0.19122842966142092,0.0,0.0,-0.2635447170511438,0.0,-0.0020777729190408684,0.5651542339791162,0.0,sine,1,0.3,1.0,20,40,12.889999151229858,0.0
1779527366.0133734,0.0,-0.2635447170511438,0.0,-0.0020777729190408684,0.5651542339791162,0.0,-0.0396,-0.7127999999999999,-0.0792,0.0,-0.17631216037570216,0.0,0.0,-0.25656340004316647,0.0,0.0,0.7770870717212848,0.0020777729190408684,sine,1,0.3,1.0,20,40,12.900015354156494,0.0
1779527366.023359,0.0,-0.25656340004316647,0.0,0.0,0.7770870717212848,0.0020777729190408684,-0.0792,-0.0396,-0.2376,0.0,-0.160708057840827,0.0,0.0,-0.2478367537831948,0.0,-0.004155545838081737,0.7708537529641621,0.0,sine,1,0.3,1.0,20,40,12.910025119781494,0.0
1779527366.0334728,0.0,-0.2478367537831948,0.0,-0.004155545838081737,0.7708537529641621,0.0,0.0,-0.5940000000000001,0.0,0.0,-0.14450825399260772,0.0,0.0,-0.23911010752322315,0.0,0.0,0.8435758051305926,-0.0020777729190408684,sine,1,0.3,1.0,20,40,12.920010805130005,0.0
1779527366.043376,0.0,-0.23911010752322315,0.0,0.0,0.8435758051305926,-0.0020777729190408684,0.0,-1.7028,0.1584,0.0,-0.12752137007142747,0.0,0.0,-0.2303834612632515,0.0,0.0,0.916297857297023,0.0,sine,1,0.3,1.0,20,40,12.930124521255493,0.0
1779527366.0533516,0.0,-0.2303834612632515,0.0,0.0,0.916297857297023,0.0,0.0,0.1188,0.1584,0.0,-0.1103887933177252,0.0,0.0,-0.2181661564992912,0.0,0.0,1.1573195159057637,0.0020777729190408684,sine,1,0.3,1.0,20,40,12.940027713775635,0.0
1779527366.0633824,0.0,-0.2181661564992912,0.0,0.0,1.1573195159057637,0.0020777729190408684,-0.0792,0.0792,-0.0396,0.0,-0.0926990290294729,0.0,0.0,-0.20420352248333656,0.0,0.0,1.3048413931576652,0.0,sine,1,0.3,1.0,20,40,12.950003385543823,0.0
1779527366.0733757,0.0,-0.20420352248333656,0.0,0.0,1.3048413931576652,0.0,-0.1188,0.0,0.1584,0.0,-0.07454464839781087,0.0,0.0,-0.19024088846738194,0.0,0.0020777729190408684,1.4108078120287497,0.0,sine,1,0.3,1.0,20,40,12.960034132003784,0.0
1779527366.083423,0.0,-0.19024088846738194,0.0,0.0020777729190408684,1.4108078120287497,0.0,-0.198,-1.1088000000000002,-0.1188,0.0,-0.056163574026149236,0.0,0.0,-0.1762782544514273,0.0,0.0,1.4897631829523026,0.0,sine,1,0.3,1.0,20,40,12.970027446746826,0.0
1779527366.0933585,0.0,-0.1762782544514273,0.0,0.0,1.4897631829523026,0.0,-0.0792,-1.98,0.0792,0.0,-0.03746037461437402,0.0,0.0,-0.16057029118347835,0.0,0.0,1.5417075059283243,0.0020777729190408684,sine,1,0.3,1.0,20,40,12.980074644088745,0.0
1779527366.1033726,0.0,-0.16057029118347835,0.0,0.0,1.5417075059283243,0.0020777729190408684,-0.1188,-0.4356,-0.1188,0.0,-0.018817851448739445,0.0,0.0,-0.14486232791552936,0.0,0.0,1.5874185101472233,0.0,sine,1,0.3,1.0,20,40,12.990010261535645,0.0
1779527366.1133742,0.0,-0.14486232791552936,0.0,0.0,1.5874185101472233,0.0,-0.0396,0.35639999999999994,0.0396,0.0,4.58396600824196e-05,0.0,0.0,-0.12740903539558607,0.0,0.0,1.6331295143661226,0.0,sine,1,0.3,1.0,20,40,13.000024318695068,0.0
1779527366.123377,0.0,-0.12740903539558607,0.0,0.0,1.6331295143661226,0.0,-0.1188,-1.3068,0.0,0.0,0.018886026524343846,0.0,0.0,-0.11344640137963143,0.0,0.0,1.5375519600902425,0.0,sine,1,0.3,1.0,20,40,13.010025978088379,0.0
1779527366.1333656,0.0,-0.11344640137963143,0.0,0.0,1.5375519600902425,0.0,-0.0792,-1.7028,0.198,0.0,0.03765388341337051,0.0,0.0,-0.09599310885968812,0.0,0.0020777729190408684,1.6954627019373485,0.0020777729190408684,sine,1,0.3,1.0,20,40,13.020028829574585,0.0
1779527366.143365,0.0,-0.09599310885968812,0.0,0.0020777729190408684,1.6954627019373485,0.0020777729190408684,-0.1584,-0.9504,-0.27720000000000006,0.0,0.05624656678362745,0.0,0.0,-0.07853981633974483,0.0,0.0020777729190408684,1.7577958895085746,0.0,sine,1,0.3,1.0,20,40,13.030017375946045,0.0
1779527366.1533456,0.0,-0.07853981633974483,0.0,0.0020777729190408684,1.7577958895085746,0.0,-0.1584,-1.1880000000000002,0.2376,0.0,0.07463736635568315,0.0,0.0,-0.05934119456780721,0.0,0.0,1.782729164537065,0.0,sine,1,0.3,1.0,20,40,13.040016651153564,0.0
1779527366.1633663,0.0,-0.05934119456780721,0.0,0.0,1.782729164537065,0.0,-0.1584,-0.9504,-0.1584,0.0,0.09270031127585507,0.0,0.0,-0.04188790204786391,0.0,0.0,1.801429120808433,0.0,sine,1,0.3,1.0,20,40,13.049997329711914,0.0
1779527366.1733747,0.0,-0.04188790204786391,0.0,0.0,1.801429120808433,0.0,-0.1584,-0.35639999999999994,0.0,0.0,0.11046902136423661,0.0,0.0,-0.022689280275926284,0.0,-0.0020777729190408684,1.861684535460618,0.0,sine,1,0.3,1.0,20,40,13.060018062591553,0.0
1779527366.183385,0.0,-0.022689280275926284,0.0,-0.0020777729190408684,1.861684535460618,0.0,-0.1188,-1.5048000000000001,-0.0396,0.0,0.1277788085508541,0.0,0.0,-0.006981317007977318,0.0,0.0,1.6975404748563894,0.0,sine,1,0.3,1.0,20,40,13.070026397705078,0.0
1779527366.1933684,0.0,-0.006981317007977318,0.0,0.0,1.6975404748563894,0.0,-0.1188,0.198,0.0396,0.0,0.14458662059813526,0.0,0.0,0.010471975511965978,0.0,0.0,1.8076624395655554,0.0,sine,1,0.3,1.0,20,40,13.080036640167236,0.0
1779527366.2034235,0.0,0.010471975511965978,0.0,0.0,1.8076624395655554,0.0,-0.1584,-2.6928,0.0396,0.0,0.16078015368788176,0.0,0.0,0.02617993877991494,0.0,-0.0020777729190408684,1.6601405623136538,0.0,sine,1,0.3,1.0,20,40,13.090020179748535,0.0
1779527366.213347,0.0,0.02617993877991494,0.0,-0.0020777729190408684,1.6601405623136538,0.0,-0.0792,0.0792,-0.3168,0.0,0.17645030152780158,0.0,0.0,0.04363323129985824,0.0,0.0020777729190408684,1.782729164537065,0.0,sine,1,0.3,1.0,20,40,13.100075244903564,0.0
1779527366.223384,0.0,0.04363323129985824,0.0,0.0020777729190408684,1.782729164537065,0.0,-0.0792,-1.9008,-0.0792,0.0,0.19122531318144304,0.0,0.0,0.061086523819801536,0.0,0.0,1.672607199827899,0.0,sine,1,0.3,1.0,20,40,13.10999870300293,0.0
1779527366.2334068,0.0,0.061086523819801536,0.0,0.0,1.672607199827899,0.0,-0.0792,-1.5048000000000001,-0.396,0.0,0.20541311007385793,0.0,0.0,0.07679448708775051,0.0,0.0,1.6518294706374903,0.0,sine,1,0.3,1.0,20,40,13.120035648345947,0.0
1779527366.2433476,0.0,0.07679448708775051,0.0,0.0,1.6518294706374903,0.0,-0.0396,-1.0692,-0.5544000000000001,0.0,0.21876609321027887,0.0,0.0,0.09424777960769379,0.0,0.0,1.7349403873991252,0.0020777729190408684,sine,1,0.3,1.0,20,40,13.130058526992798,0.0
1779527366.2533484,0.0,0.09424777960769379,0.0,0.0,1.7349403873991252,0.0020777729190408684,-0.1584,-1.4255999999999998,-0.35639999999999994,0.0,0.23115323948392016,0.0,0.0,0.10995574287564278,0.0,0.0,1.6019629205805095,0.0,sine,1,0.3,1.0,20,40,13.139999389648438,0.0
1779527366.2633836,0.0,0.10995574287564278,0.0,0.0,1.6019629205805095,0.0,-0.1188,-1.3464,-0.0792,0.0,0.2427052039747001,0.0,0.0,0.12740903539558607,0.0,0.0,1.6622183352326947,0.0020777729190408684,sine,1,0.3,1.0,20,40,13.150000095367432,0.0
1779527366.2733774,0.0,0.12740903539558607,0.0,0.0,1.6622183352326947,0.0020777729190408684,-0.198,0.0396,-0.1584,0.0,0.2533340972363957,0.0,0.0,0.14137166941154067,0.0,0.0020777729190408684,1.5437852788473652,0.0,sine,1,0.3,1.0,20,40,13.160035371780396,0.0
1779527366.2833583,0.0,0.14137166941154067,0.0,0.0020777729190408684,1.5437852788473652,0.0,-0.198,0.0792,-0.198,0.0,0.2629184823888876,0.0,0.0,0.15707963267948966,0.0,0.0,1.5022298204665478,0.0,sine,1,0.3,1.0,20,40,13.170029163360596,0.0
1779527366.2933455,0.0,0.15707963267948966,0.0,0.0,1.5022298204665478,0.0,-0.198,-3.2472000000000003,-0.5148,0.0,0.27145620542279847,0.0,0.0,0.1710422666954443,0.0,0.0,1.5188520038188749,0.0020777729190408684,sine,1,0.3,1.0,20,40,13.180010080337524,0.0
1779527366.3034496,0.0,0.1710422666954443,0.0,0.0,1.5188520038188749,0.0020777729190408684,-0.1188,-2.2176000000000005,-0.198,0.0,0.2789310001690335,0.0,0.0,0.1867502299633933,0.0,-0.0020777729190408684,1.4731409995999756,0.0,sine,1,0.3,1.0,20,40,13.18999719619751,0.0
1779527366.313315,0.0,0.1867502299633933,0.0,-0.0020777729190408684,1.4731409995999756,0.0,0.0,-1.0692,-0.4752,0.0,0.28537594658861354,0.0,0.0,0.20071286397934787,0.0,0.0,1.4004189474335453,0.0020777729190408684,sine,1,0.3,1.0,20,40,13.200101375579834,0.0
1779527366.323321,0.0,0.20071286397934787,0.0,0.0,1.4004189474335453,0.0020777729190408684,0.0,-0.7127999999999999,-0.4356,0.0,0.29055931297850995,0.0,0.0,0.21293016874330822,0.0,-0.0020777729190408684,1.306919166076706,0.0,sine,1,0.3,1.0,20,40,13.209966659545898,0.0
1779527366.3333778,0.0,0.21293016874330822,0.0,-0.0020777729190408684,1.306919166076706,0.0,0.0,-0.35639999999999994,-0.4752,0.0,0.29467658101112726,0.0,0.0,0.22514747350726852,0.0,0.0,1.2300415680721941,0.0,sine,1,0.3,1.0,20,40,13.219972848892212,0.0
1779527366.3433237,0.0,0.22514747350726852,0.0,0.0,1.2300415680721941,0.0,-0.0792,-0.6336,-0.5544000000000001,0.0,0.2976413941595024,0.0,0.0,0.23561944901923448,0.0,0.0020777729190408684,1.0825196908202923,0.0,sine,1,0.3,1.0,20,40,13.230029582977295,0.0
1779527366.3533792,0.0,0.23561944901923448,0.0,0.0020777729190408684,1.0825196908202923,0.0,-0.1584,-1.5048000000000001,-0.1188,0.0,0.2994051095812493,0.0,0.0,0.24609142453120048,0.0,0.0,1.0160309574109847,0.0020777729190408684,sine,1,0.3,1.0,20,40,13.239975452423096,0.0
1779527366.3633828,0.0,0.24609142453120048,0.0,0.0,1.0160309574109847,0.0020777729190408684,-0.1188,-1.9404,-0.2376,0.0,0.29999999431123636,0.0,0.0,0.25481807079117214,0.0,0.0020777729190408684,0.916297857297023,0.0,sine,1,0.3,1.0,20,40,13.250030994415283,0.0
1779527366.3733726,0.0,0.25481807079117214,0.0,0.0020777729190408684,0.916297857297023,0.0,-0.1188,-0.4752,-0.3168,0.0,0.29940392090241386,0.0,0.0,0.2617993877991494,0.0,0.0,0.7978648009116934,0.0020777729190408684,sine,1,0.3,1.0,20,40,13.260034561157227,0.0
1779527366.3833585,0.0,0.2617993877991494,0.0,0.0,0.7978648009116934,0.0020777729190408684,-0.1188,-1.0296,-0.2376,0.0,0.2976286661985236,0.0,0.0,0.2687807048071268,0.0,-0.0020777729190408684,0.69397615495965,0.0,sine,1,0.3,1.0,20,40,13.270024299621582,0.0
1779527366.3933845,0.0,0.2687807048071268,0.0,-0.0020777729190408684,0.69397615495965,0.0,0.0792,-1.6236000000000002,-0.2376,0.0,0.29468256365397766,0.0,0.0,0.27401669256310973,0.0,-0.0020777729190408684,0.5921652819266475,0.0,sine,1,0.3,1.0,20,40,13.280010223388672,0.0
1779527366.4033024,0.0,0.27401669256310973,0.0,-0.0020777729190408684,0.5921652819266475,0.0,-0.0396,-0.6732,-0.198,0.0,0.2905579706773644,0.0,0.0,0.2792526803190927,0.0,0.0,0.47788777137939975,0.0,sine,1,0.3,1.0,20,40,13.29003620147705,0.0
1779527366.4133852,0.0,0.2792526803190927,0.0,0.0,0.47788777137939975,0.0,-0.0792,-0.4752,-0.1584,0.0,0.2853436348069246,0.0,0.0,0.28274333882308134,0.0,0.0,0.3677658066702337,0.0,sine,1,0.3,1.0,20,40,13.299954175949097,0.0
1779527366.4233544,0.0,0.28274333882308134,0.0,0.0,0.3677658066702337,0.0,-0.0792,-1.3860000000000001,-0.198,0.0,0.2789073350427318,0.0,0.0,0.2844886680750757,0.0,0.0,0.24725497736586333,0.0,sine,1,0.3,1.0,20,40,13.310036897659302,0.0
1779527366.433393,0.0,0.2844886680750757,0.0,0.0,0.24725497736586333,0.0,-0.0792,-1.3464,0.0,0.0,0.27144319404706935,0.0,0.0,0.28623399732707006,0.0,0.0,0.11427751054724776,0.0,sine,1,0.3,1.0,20,40,13.320006132125854,0.0
1779527366.4433634,0.0,0.28623399732707006,0.0,0.0,0.11427751054724776,0.0,0.0,-0.7127999999999999,-0.0396,0.0,0.26285136012196786,0.0,0.0,0.28623399732707006,0.0,0.0,0.06648873340930779,0.0,sine,1,0.3,1.0,20,40,13.330044746398926,0.0
1779527366.4533904,0.0,0.28623399732707006,0.0,0.0,0.06648873340930779,0.0,-0.0396,0.99,-0.0396,0.0,0.2532830516642126,0.0,0.0,0.28623399732707006,0.0,-0.0020777729190408684,-0.006233318757122605,0.0,sine,1,0.3,1.0,20,40,13.340015172958374,0.0
1779527366.4633749,0.0,0.28623399732707006,0.0,-0.0020777729190408684,-0.006233318757122605,0.0,0.0,1.7028,0.0,0.0,0.24265843993210717,0.0,0.0,0.28623399732707006,0.0,-0.0020777729190408684,-0.006233318757122605,0.0,sine,1,0.3,1.0,20,40,13.35004210472107,0.0
1779527366.4733753,0.0,0.28623399732707006,0.0,-0.0020777729190408684,-0.006233318757122605,0.0,0.0,1.7028,0.0,0.0,0.23112201171265623,0.0,0.0,0.28099800957108706,0.0,0.0020777729190408684,-0.25556606904202683,0.0,sine,1,0.3,1.0,20,40,13.360026597976685,0.0
1779527366.4833708,0.0,0.28099800957108706,0.0,0.0020777729190408684,-0.25556606904202683,0.0,0.0,1.584,0.1584,0.0,0.21865566163053932,0.0,0.0,0.27576202181510406,0.0,0.0,-0.44256563175570496,0.0,sine,1,0.3,1.0,20,40,13.3700270652771,0.0
1779527366.4933429,0.0,0.27576202181510406,0.0,0.0,-0.44256563175570496,0.0,0.0,0.4356,0.1188,0.0,0.2053331776345431,0.0,0.0,0.27052603405912107,0.0,0.0,-0.5734653256552796,-0.004155545838081737,sine,1,0.3,1.0,20,40,13.380022525787354,0.0
1779527366.5033624,0.0,0.27052603405912107,0.0,0.0,-0.5734653256552796,-0.004155545838081737,0.0,2.4948,0.198,0.0,0.1912350087827823,0.0,0.0,0.2635447170511438,0.0,0.0,-0.7043650195548544,0.0,sine,1,0.3,1.0,20,40,13.389994621276855,0.0
1779527366.5133445,0.0,0.2635447170511438,0.0,0.0,-0.7043650195548544,0.0,0.0,0.6732,0.1584,0.0,0.17631397839347127,0.0,0.0,0.25481807079117214,0.0,0.0,-0.8103314384259387,0.0,sine,1,0.3,1.0,20,40,13.400014162063599,0.0
1779527366.5234947,0.0,0.25481807079117214,0.0,0.0,-0.8103314384259387,0.0,-0.0396,0.6732,0.1188,0.0,0.16075397301771824,0.0,0.0,0.24609142453120048,0.0,0.0,-0.9059089927018186,0.0,sine,1,0.3,1.0,20,40,13.409996271133423,0.0
1779527366.5335205,0.0,0.24609142453120048,0.0,0.0,-0.9059089927018186,0.0,0.0,1.782,0.0396,0.0,0.14428410980100104,0.0,0.0,0.23561944901923448,0.0,0.0020777729190408684,-1.0056420928157803,0.0,sine,1,0.3,1.0,20,40,13.420146465301514,0.0
1779527366.5434778,0.0,0.23561944901923448,0.0,0.0020777729190408684,-1.0056420928157803,0.0,0.0,1.0296,0.1188,0.0,0.12744000705054356,0.0,0.0,0.2234021442552742,0.0,0.0,-1.0908307824964558,0.0,sine,1,0.3,1.0,20,40,13.430172204971313,0.0
1779527366.5533519,0.0,0.2234021442552742,0.0,0.0,-1.0908307824964558,0.0,0.0,0.8316,0.27720000000000006,0.0,0.11021033675672874,0.0,0.0,0.21293016874330822,0.0,0.0,-1.1739416992580907,0.0,sine,1,0.3,1.0,20,40,13.440129518508911,0.0
1779527366.5634742,0.0,0.21293016874330822,0.0,0.0,-1.1739416992580907,0.0,0.0,0.8712,0.198,0.0,0.09269860161359454,0.0,0.0,0.20071286397934787,0.0,0.0,-1.105375192929742,0.0,sine,1,0.3,1.0,20,40,13.450003623962402,0.0
1779527366.5734246,0.0,0.20071286397934787,0.0,0.0,-1.105375192929742,0.0,-0.0396,1.0692,0.0792,0.0,0.0743770403501764,0.0,0.0,0.18849555921538758,0.0,0.0020777729190408684,-1.3152302577528696,-0.004155545838081737,sine,1,0.3,1.0,20,40,13.460125923156738,0.0
1779527366.5833776,0.0,0.18849555921538758,0.0,0.0020777729190408684,-1.3152302577528696,-0.004155545838081737,-0.1188,0.27720000000000006,-0.1188,0.0,0.05607307152761322,0.0,0.0,0.17278759594743864,0.0,0.0,-1.4170411307858721,-0.0020777729190408684,sine,1,0.3,1.0,20,40,13.470076322555542,0.0
1779527366.5933797,0.0,0.17278759594743864,0.0,0.0,-1.4170411307858721,-0.0020777729190408684,-0.0396,1.2276,0.396,0.0,0.037545092401473946,0.0,0.0,0.158824961931484,0.0,0.0,-1.5126186850617522,0.0,sine,1,0.3,1.0,20,40,13.480029344558716,0.0
1779527366.6033783,0.0,0.158824961931484,0.0,0.0,-1.5126186850617522,0.0,0.0,0.7524000000000001,0.0,0.0,0.01877793269477865,0.0,0.0,0.14311699866353503,0.0,0.0,-1.5541741434425695,-0.0020777729190408684,sine,1,0.3,1.0,20,40,13.490031480789185,0.0
1779527366.613433,0.0,0.14311699866353503,0.0,0.0,-1.5541741434425695,-0.0020777729190408684,-0.0792,0.792,0.3168,0.0,-5.662546234212354e-05,0.0,0.0,0.12740903539558607,0.0,0.0,-1.6040406934995504,0.0,sine,1,0.3,1.0,20,40,13.500030040740967,0.0
1779527366.623394,0.0,0.12740903539558607,0.0,0.0,-1.6040406934995504,0.0,-0.0792,0.5940000000000001,0.2376,0.0,-0.01899636042566221,0.0,0.0,0.10995574287564278,0.0,0.0,-1.6601405623136538,-0.0020777729190408684,sine,1,0.3,1.0,20,40,13.510084629058838,0.0
1779527366.6333482,0.0,0.10995574287564278,0.0,0.0,-1.6601405623136538,-0.0020777729190408684,-0.1188,1.3068,-0.0396,0.0,-0.03768553887011091,0.0,0.0,0.09250245035569947,0.0,0.0020777729190408684,-1.7141626582087164,0.0,sine,1,0.3,1.0,20,40,13.520045757293701,0.0
1779527366.6434038,0.0,0.09250245035569947,0.0,0.0020777729190408684,-1.7141626582087164,0.0,-0.0792,0.5544000000000001,0.1188,0.0,-0.056214341401935645,0.0,0.0,0.07679448708775051,0.0,0.0,-1.5832629643091416,-0.0020777729190408684,sine,1,0.3,1.0,20,40,13.52999997138977,0.0
1779527366.6534753,0.0,0.07679448708775051,0.0,0.0,-1.5832629643091416,-0.0020777729190408684,-0.1188,0.4356,0.0792,0.0,-0.07470831440256424,0.0,0.0,0.05934119456780721,0.0,-0.0020777729190408684,-1.7474070249133704,-0.0020777729190408684,sine,1,0.3,1.0,20,40,13.540055513381958,0.0
1779527366.6633818,0.0,0.05934119456780721,0.0,-0.0020777729190408684,-1.7474070249133704,-0.0020777729190408684,-0.0396,0.5940000000000001,0.198,0.0,-0.09293279431004092,0.0,0.0,0.04188790204786391,0.0,0.0,-1.7723402999418607,-0.0020777729190408684,sine,1,0.3,1.0,20,40,13.550127029418945,0.0
1779527366.6733508,0.0,0.04188790204786391,0.0,0.0,-1.7723402999418607,-0.0020777729190408684,-0.1188,0.4356,0.3168,0.0,-0.11049617983054415,0.0,0.0,0.024434609527920613,0.0,0.0,-1.8180513041607598,0.0,sine,1,0.3,1.0,20,40,13.560033559799194,0.0
1779527366.6833258,0.0,0.024434609527920613,0.0,0.0,-1.8180513041607598,0.0,-0.0792,1.2276,0.1188,0.0,-0.12773814660070928,0.0,0.0,0.005235987755982989,0.0,-0.004155545838081737,-1.8429845791892503,-0.0020777729190408684,sine,1,0.3,1.0,20,40,13.570002555847168,0.0
1779527366.6933453,0.0,0.005235987755982989,0.0,-0.004155545838081737,-1.8429845791892503,-0.0020777729190408684,0.0,-0.1584,-0.3168,0.0,-0.1444889557221046,0.0,0.0,-0.012217304763960306,0.0,0.0,-1.8575289896225364,0.0,sine,1,0.3,1.0,20,40,13.57997751235962,0.0
1779527366.703383,0.0,-0.012217304763960306,0.0,0.0,-1.8575289896225364,0.0,0.0792,0.5940000000000001,0.0792,0.0,-0.16074334848774277,0.0,0.0,-0.029670597283903605,0.0,0.0,-1.8367512604321277,0.0,sine,1,0.3,1.0,20,40,13.589997053146362,0.0
1779527366.7133493,0.0,-0.029670597283903605,0.0,0.0,-1.8367512604321277,0.0,0.0396,0.5148,0.4356,0.0,-0.17638850860410107,0.0,0.0,-0.047123889803846894,0.0,0.0020777729190408684,-1.799351347889392,0.0020777729190408684,sine,1,0.3,1.0,20,40,13.600034713745117,0.0
1779527366.7233734,0.0,-0.047123889803846894,0.0,0.0020777729190408684,-1.799351347889392,0.0020777729190408684,-0.1584,0.4752,0.27720000000000006,0.0,-0.19122877593482754,0.0,0.0,-0.06632251157578452,0.0,0.0,-1.7889624832941877,0.0,sine,1,0.3,1.0,20,40,13.61000108718872,0.0
1779527366.7333515,0.0,-0.06632251157578452,0.0,0.0,-1.7889624832941877,0.0,-0.1188,1.2276,0.396,0.0,-0.2053986980553605,0.0,0.0,-0.08203047484373349,0.0,0.0020777729190408684,-1.6310517414470818,0.0,sine,1,0.3,1.0,20,40,13.620025157928467,0.0
1779527366.7433774,0.0,-0.08203047484373349,0.0,0.0020777729190408684,-1.6310517414470818,0.0,0.0,0.396,0.0,0.0,-0.218694735185789,0.0,0.0,-0.0994837673636768,0.0,0.0,-1.7162404311277573,0.0,sine,1,0.3,1.0,20,40,13.630003213882446,0.0
1779527366.7533464,0.0,-0.0994837673636768,0.0,0.0,-1.7162404311277573,0.0,-0.0792,-0.2376,0.0,0.0,-0.2311890435617639,0.0,0.0,-0.11519173063162574,0.0,0.0,-1.6850738373421443,-0.004155545838081737,sine,1,0.3,1.0,20,40,13.640029191970825,0.0
1779527366.7634294,0.0,-0.11519173063162574,0.0,0.0,-1.6850738373421443,-0.004155545838081737,-0.0792,1.7424,-0.2376,0.0,-0.24270309071381574,0.0,0.0,-0.1308996938995747,0.0,-0.0020777729190408684,-1.5271630954950381,0.004155545838081737,sine,1,0.3,1.0,20,40,13.649998188018799,0.0
1779527366.7733629,0.0,-0.1308996938995747,0.0,-0.0020777729190408684,-1.5271630954950381,0.004155545838081737,-0.1188,0.396,0.0,0.0,-0.2533803051398414,0.0,0.0,-0.1466076571675237,0.0,0.0,-1.5666407809568148,0.0,sine,1,0.3,1.0,20,40,13.660081148147583,0.0
1779527366.783355,0.0,-0.1466076571675237,0.0,0.0,-1.5666407809568148,0.0,0.1188,0.0396,0.0,0.0,-0.2629052789393375,0.0,0.0,-0.16057029118347835,0.0,0.0,-1.4419744058143626,0.0,sine,1,0.3,1.0,20,40,13.67001461982727,0.0
1779527366.793494,0.0,-0.16057029118347835,0.0,0.0,-1.4419744058143626,0.0,-0.0396,1.2276,0.396,0.0,-0.27145352684041085,0.0,0.0,-0.17453292519943295,0.0,-0.0020777729190408684,-1.4939187287903843,0.0,sine,1,0.3,1.0,20,40,13.680006742477417,0.0
1779527366.803364,0.0,-0.17453292519943295,0.0,-0.0020777729190408684,-1.4939187287903843,0.0,-0.0792,0.4356,-0.1188,0.0,-0.279033951313864,0.0,0.0,-0.18849555921538758,0.0,0.0,-1.4149633578668315,0.0,sine,1,0.3,1.0,20,40,13.69014573097229,0.0
1779527366.8133879,0.0,-0.18849555921538758,0.0,0.0,-1.4149633578668315,0.0,0.0,1.1483999999999999,0.198,0.0,-0.2853261470001849,0.0,0.0,-0.20245819323134226,0.0,-0.0020777729190408684,-1.2819858910482158,0.0,sine,1,0.3,1.0,20,40,13.700015783309937,0.0
1779527366.8233786,0.0,-0.20245819323134226,0.0,-0.0020777729190408684,-1.2819858910482158,0.0,0.0,1.4255999999999998,0.0,0.0,-0.29059350993213595,0.0,0.0,-0.21467549799530256,0.0,0.0,-1.2466637514245211,0.0,sine,1,0.3,1.0,20,40,13.710039615631104,0.0
1779527366.833345,0.0,-0.21467549799530256,0.0,0.0,-1.2466637514245211,0.0,-0.0396,1.2276,0.2376,0.0,-0.2946968747450588,0.0,0.0,-0.22514747350726852,0.0,0.0,-1.1760194721771315,0.0,sine,1,0.3,1.0,20,40,13.720030307769775,0.0
1779527366.8433585,0.0,-0.22514747350726852,0.0,0.0,-1.1760194721771315,0.0,-0.0396,1.3860000000000001,-0.396,0.0,-0.2976336262743273,0.0,0.0,-0.23736477827122884,0.0,0.0020777729190408684,-1.1012196470916602,0.0,sine,1,0.3,1.0,20,40,13.729996681213379,0.0
1779527366.8534367,0.0,-0.23736477827122884,0.0,0.0020777729190408684,-1.1012196470916602,0.0,-0.1188,0.8712,0.0,0.0,-0.2994092324342273,0.0,0.0,-0.24609142453120048,0.0,0.0,-0.9661644073540038,0.0,sine,1,0.3,1.0,20,40,13.740010261535645,0.0
1779527366.8633711,0.0,-0.24609142453120048,0.0,0.0,-0.9661644073540038,0.0,-0.0396,0.198,0.35639999999999994,0.0,-0.299999953668219,0.0,0.0,-0.25481807079117214,0.0,0.0,-0.8768201718352464,0.0,sine,1,0.3,1.0,20,40,13.750088453292847,0.0
1779527366.873343,0.0,-0.25481807079117214,0.0,0.0,-0.8768201718352464,0.0,-0.0792,0.7127999999999999,0.198,0.0,-0.2994053075791591,0.0,0.0,-0.2617993877991494,0.0,0.0,-0.7937092550736117,0.0,sine,1,0.3,1.0,20,40,13.76002287864685,0.0
1779527366.8833873,0.0,-0.2617993877991494,0.0,0.0,-0.7937092550736117,0.0,0.0,1.1880000000000002,0.2376,0.0,-0.2976356539054633,0.0,0.0,-0.2687807048071268,0.0,0.0,-0.6877428362025274,-0.0020777729190408684,sine,1,0.3,1.0,20,40,13.769994735717773,0.0
1779527366.8933933,0.0,-0.2687807048071268,0.0,0.0,-0.6877428362025274,-0.0020777729190408684,0.0,0.0792,-0.1584,0.0,-0.2946723658819831,0.0,0.0,-0.27401669256310973,0.0,0.0,-0.583854190250484,0.0,sine,1,0.3,1.0,20,40,13.780039072036743,0.0
1779527366.9033473,0.0,-0.27401669256310973,0.0,0.0,-0.583854190250484,0.0,0.0,1.2672,-0.3168,0.0,-0.2905538313244288,0.0,0.0,-0.2792526803190927,0.0,-0.0020777729190408684,-0.46957667970323624,-0.0020777729190408684,sine,1,0.3,1.0,20,40,13.790045022964478,0.0
1779527366.9133453,0.0,-0.2792526803190927,0.0,-0.0020777729190408684,-0.46957667970323624,-0.0020777729190408684,0.0,1.1088000000000002,-0.2376,0.0,-0.28531753815724165,0.0,0.0,-0.28274333882308134,0.0,0.0,-0.346988077479825,0.0,sine,1,0.3,1.0,20,40,13.799998998641968,0.0
1779527366.9234002,0.0,-0.28274333882308134,0.0,0.0,-0.346988077479825,0.0,-0.0792,0.5544000000000001,0.35639999999999994,0.0,-0.2789349706841177,0.0,0.0,-0.28274333882308134,0.0,0.0,-0.346988077479825,0.0,sine,1,0.3,1.0,20,40,13.809997081756592,0.0
1779527366.9333591,0.0,-0.28274333882308134,0.0,0.0,-0.346988077479825,0.0,-0.0792,0.5544000000000001,0.35639999999999994,0.0,-0.27140644084125287,0.0,0.0,-0.28623399732707006,0.0,0.0,-0.1246663751424521,0.0,sine,1,0.3,1.0,20,40,13.820051908493042,0.0
1779527366.943301,0.0,-0.28623399732707006,0.0,0.0,-0.1246663751424521,0.0,-0.0792,1.0692,0.1584,0.0,-0.26288211348742835,0.0,0.0,-0.28623399732707006,0.0,0.0020777729190408684,-0.07479982508547126,0.0,sine,1,0.3,1.0,20,40,13.830010890960693,0.0
1779527366.9533532,0.0,-0.28623399732707006,0.0,0.0020777729190408684,-0.07479982508547126,0.0,-0.1584,0.6732,-0.198,0.0,-0.25334613256293,0.0,0.0,-0.28623399732707006,0.0,0.0,0.010388864595204342,0.0,sine,1,0.3,1.0,20,40,13.83995270729065,0.0
1779527366.9633627,0.0,-0.28623399732707006,0.0,0.0,0.010388864595204342,0.0,-0.1188,-0.396,0.0,0.0,-0.24269965659053688,0.0,0.0,-0.2844886680750757,0.0,0.0,0.11427751054724776,0.0,sine,1,0.3,1.0,20,40,13.85000491142273,0.0
1779527366.9733465,0.0,-0.2844886680750757,0.0,0.0,0.11427751054724776,0.0,-0.0396,0.5148,-0.0396,0.0,-0.23113662363883572,0.0,0.0,-0.28099800957108706,0.0,0.0,0.3282881212084572,0.0020777729190408684,sine,1,0.3,1.0,20,40,13.86001443862915,0.0
1779527366.9833837,0.0,-0.28099800957108706,0.0,0.0,0.3282881212084572,0.0020777729190408684,-0.0396,-0.0396,0.1584,0.0,-0.2186928893691916,0.0,0.0,-0.2775073510670984,0.0,0.0,0.35529916915598847,0.0,sine,1,0.3,1.0,20,40,13.869998216629028,0.0
1779527366.9933927,0.0,-0.2775073510670984,0.0,0.0,0.35529916915598847,0.0,-0.0396,-0.99,-0.0396,0.0,-0.20531548396060909,0.0,0.0,-0.27227136331111546,0.0,0.0,0.4654211338651545,0.0,sine,1,0.3,1.0,20,40,13.880035400390625,0.0
1779527367.0033445,0.0,-0.27227136331111546,0.0,0.0,0.4654211338651545,0.0,-0.0396,-0.4356,0.1188,0.0,-0.19116262992825855,0.0,0.0,-0.26529004630313807,0.0,0.0020777729190408684,0.6690428799311596,0.0020777729190408684,sine,1,0.3,1.0,20,40,13.890044450759888,0.0
1779527367.0133855,0.0,-0.26529004630313807,0.0,0.0020777729190408684,0.6690428799311596,0.0020777729190408684,-0.0792,-0.8712,-0.0396,0.0,-0.17634124747293548,0.0,0.0,-0.25656340004316647,0.0,0.0,0.8165647571830613,0.0,sine,1,0.3,1.0,20,40,13.899996280670166,0.0
1779527367.0234005,0.0,-0.25656340004316647,0.0,0.0,0.8165647571830613,0.0,-0.0396,0.35639999999999994,-0.1584,0.0,-0.16068870358109538,0.0,0.0,-0.2478367537831948,0.0,0.0,0.9204534031351047,0.0,sine,1,0.3,1.0,20,40,13.910037279129028,0.0
1779527367.0333438,0.0,-0.2478367537831948,0.0,0.0,0.9204534031351047,0.0,-0.0792,-0.5940000000000001,0.0,0.0,-0.14443972191427715,0.0,0.0,-0.23736477827122884,0.0,0.0,1.0160309574109847,0.0,sine,1,0.3,1.0,20,40,13.920052289962769,0.0
1779527367.043397,0.0,-0.23736477827122884,0.0,0.0,1.0160309574109847,0.0,-0.1188,-1.2276,0.1584,0.0,-0.1277413996622268,0.0,0.0,-0.22689280275926285,0.0,0.0,0.9703199531920855,0.0,sine,1,0.3,1.0,20,40,13.9299955368042,0.0
1779527367.0533004,0.0,-0.22689280275926285,0.0,0.0,0.9703199531920855,0.0,-0.1188,-1.4255999999999998,0.1188,0.0,-0.11035201907740003,0.0,0.0,-0.21642082724729686,0.0,0.0,1.0139531844919438,0.0,sine,1,0.3,1.0,20,40,13.940048694610596,0.0
1779527367.0633745,0.0,-0.21642082724729686,0.0,0.0,1.0139531844919438,0.0,0.0,-0.27720000000000006,0.1584,0.0,-0.09279091861124354,0.0,0.0,-0.20420352248333656,0.0,0.0,1.2383526597483576,0.0020777729190408684,sine,1,0.3,1.0,20,40,13.949952125549316,0.0
1779527367.0733452,0.0,-0.20420352248333656,0.0,0.0,1.2383526597483576,0.0020777729190408684,-0.1584,-0.7524000000000001,-0.2376,0.0,-0.07455901364892281,0.0,0.0,-0.19198621771937624,0.0,0.0,1.2217304763960306,-0.0020777729190408684,sine,1,0.3,1.0,20,40,13.960026264190674,0.0
1779527367.083366,0.0,-0.19198621771937624,0.0,0.0,1.2217304763960306,-0.0020777729190408684,-0.0396,-0.4752,0.1584,0.0,-0.05622008021774733,0.0,0.0,-0.17802358370342164,0.0,0.0020777729190408684,1.4336633141381991,0.0,sine,1,0.3,1.0,20,40,13.969996929168701,0.0
1779527367.093349,0.0,-0.17802358370342164,0.0,0.0020777729190408684,1.4336633141381991,0.0,0.198,-3.2472000000000003,-0.198,0.0,-0.037566940179804824,0.0,0.0,-0.16231562043547265,0.0,0.0,1.5209297767379157,0.0,sine,1,0.3,1.0,20,40,13.98001766204834,0.0
1779527367.1034627,0.0,-0.16231562043547265,0.0,0.0,1.5209297767379157,0.0,-0.0792,-1.1483999999999999,-0.396,0.0,-0.018835792352846114,0.0,0.0,-0.1466076571675237,0.0,0.0,1.5853407372281825,0.0,sine,1,0.3,1.0,20,40,13.99000072479248,0.0
1779527367.1133885,0.0,-0.1466076571675237,0.0,0.0,1.5853407372281825,0.0,-0.1188,0.198,0.1584,0.0,0.00021571602970667453,0.0,0.0,-0.1308996938995747,0.0,0.0,1.48352986419518,0.0,sine,1,0.3,1.0,20,40,14.000114440917969,0.0
1779527367.1233466,0.0,-0.1308996938995747,0.0,0.0,1.48352986419518,0.0,-0.0396,0.198,0.1188,0.0,0.01891293746904861,0.0,0.0,-0.1308996938995747,0.0,0.0,1.48352986419518,0.0,sine,1,0.3,1.0,20,40,14.010040283203125,0.0
1779527367.1333597,0.0,-0.1308996938995747,0.0,0.0,1.48352986419518,0.0,-0.0396,0.198,0.1188,0.0,0.03759681334500091,0.0,0.0,-0.10122909661567113,0.0,0.0,1.5437852788473652,0.0,sine,1,0.3,1.0,20,40,14.01999831199646,0.0
1779527367.143374,0.0,-0.10122909661567113,0.0,0.0,1.5437852788473652,0.0,-0.0792,-1.8612000000000002,-0.3168,0.0,0.056235530769721376,0.0,0.0,-0.08552113334772216,0.0,0.0,1.5832629643091416,-0.0020777729190408684,sine,1,0.3,1.0,20,40,14.030011415481567,0.0
1779527367.1533415,0.0,-0.08552113334772216,0.0,0.0,1.5832629643091416,-0.0020777729190408684,-0.0396,-0.7127999999999999,-0.1188,0.0,0.0746539067891027,0.0,0.0,-0.06632251157578452,0.0,0.0020777729190408684,1.7785736186989833,0.0020777729190408684,sine,1,0.3,1.0,20,40,14.04002571105957,0.0
1779527367.1633904,0.0,-0.06632251157578452,0.0,0.0020777729190408684,1.7785736186989833,0.0020777729190408684,-0.198,-0.4356,-0.27720000000000006,0.0,0.09269304518825587,0.0,0.0,-0.050614548307835565,0.0,0.0,1.6829960644231035,-0.0020777729190408684,sine,1,0.3,1.0,20,40,14.04999327659607,0.0
1779527367.1733656,0.0,-0.050614548307835565,0.0,0.0,1.6829960644231035,-0.0020777729190408684,-0.1584,-0.99,-0.0792,0.0,0.11051122099187193,0.0,0.0,-0.031415926535897934,0.0,0.0020777729190408684,1.8720734000558223,0.0020777729190408684,sine,1,0.3,1.0,20,40,14.060042142868042,0.0
1779527367.183315,0.0,-0.031415926535897934,0.0,0.0020777729190408684,1.8720734000558223,0.0020777729190408684,-0.198,-0.0792,-0.1584,0.0,0.1277633573475377,0.0,0.0,-0.012217304763960306,0.0,0.0,1.9364843605460893,0.0020777729190408684,sine,1,0.3,1.0,20,40,14.070017337799072,0.0
1779527367.1933846,0.0,-0.012217304763960306,0.0,0.0,1.9364843605460893,0.0020777729190408684,-0.1584,-1.7424,-0.5940000000000001,0.0,0.14447123213484014,0.0,0.0,0.003490658503988659,0.0,-0.0020777729190408684,1.7889624832941877,0.0,sine,1,0.3,1.0,20,40,14.07996678352356,0.0
1779527367.2033677,0.0,0.003490658503988659,0.0,-0.0020777729190408684,1.7889624832941877,0.0,-0.0396,0.1584,-0.198,0.0,0.1608059532474144,0.0,0.0,0.020943951023931956,0.0,0.0,1.7141626582087164,0.0,sine,1,0.3,1.0,20,40,14.090036392211914,0.0
1779527367.2134006,0.0,0.020943951023931956,0.0,0.0,1.7141626582087164,0.0,-0.0396,-2.4552,-0.1584,0.0,0.17636524242156318,0.0,0.0,0.038397243543875255,0.0,0.0,1.689229383180226,0.0,sine,1,0.3,1.0,20,40,14.100019454956055,0.0
1779527367.223371,0.0,0.038397243543875255,0.0,0.0,1.689229383180226,0.0,0.0396,-0.99,-0.6732,0.0,0.191303214751655,0.0,0.0,0.054105206811824215,0.0,0.0,1.6975404748563894,0.0,sine,1,0.3,1.0,20,40,14.110052347183228,0.0
1779527367.233347,0.0,0.054105206811824215,0.0,0.0,1.6975404748563894,0.0,-0.1584,-0.35639999999999994,-0.5940000000000001,0.0,0.20539542247215659,0.0,0.0,0.07155849933176751,0.0,0.0,1.7016960206944711,0.0,sine,1,0.3,1.0,20,40,14.120022773742676,0.0
1779527367.2433593,0.0,0.07155849933176751,0.0,0.0,1.7016960206944711,0.0,-0.198,-1.8612000000000002,-0.396,0.0,0.21868889003928524,0.0,0.0,0.07155849933176751,0.0,0.0,1.7016960206944711,0.0,sine,1,0.3,1.0,20,40,14.129998683929443,0.0
1779527367.2533553,0.0,0.07155849933176751,0.0,0.0,1.7016960206944711,0.0,-0.198,-1.8612000000000002,-0.396,0.0,0.23116727564837705,0.0,0.0,0.10471975511965977,0.0,0.0,1.641440606042286,0.0,sine,1,0.3,1.0,20,40,14.140011072158813,0.0
1779527367.263372,0.0,0.10471975511965977,0.0,0.0,1.641440606042286,0.0,-0.198,-0.3168,-0.5148,0.0,0.24271286425319472,0.0,0.0,0.12042771838760874,0.0,-0.0020777729190408684,1.5998851476614686,0.0,sine,1,0.3,1.0,20,40,14.150007009506226,0.0
1779527367.2733982,0.0,0.12042771838760874,0.0,-0.0020777729190408684,1.5998851476614686,0.0,-0.0396,-1.584,-0.3168,0.0,0.2533223012374882,0.0,0.0,0.13613568165555773,0.0,0.0,1.5749518726329783,0.0,sine,1,0.3,1.0,20,40,14.16002368927002,0.0
1779527367.2833848,0.0,0.13613568165555773,0.0,0.0,1.5749518726329783,0.0,0.0,-1.4652,-0.3168,0.0,0.26293730973972,0.0,0.0,0.1518436449235067,0.0,0.0020777729190408684,1.6476739247994086,0.0,sine,1,0.3,1.0,20,40,14.170049905776978,0.0
1779527367.2933464,0.0,0.1518436449235067,0.0,0.0020777729190408684,1.6476739247994086,0.0,-0.1584,0.3168,-0.4752,0.0,0.2714774385283639,0.0,0.0,0.16929693744344998,0.0,0.0,1.6206628768518774,0.0,sine,1,0.3,1.0,20,40,14.180036544799805,0.0
1779527367.3033454,0.0,0.16929693744344998,0.0,0.0,1.6206628768518774,0.0,-0.1188,-1.7028,-0.6732,0.0,0.27893166194658575,0.0,0.0,0.1832595714594046,0.0,0.0,1.5396297330092834,0.0,sine,1,0.3,1.0,20,40,14.189998149871826,0.0
1779527367.313375,0.0,0.1832595714594046,0.0,0.0,1.5396297330092834,0.0,-0.1188,-2.2176000000000005,-0.198,0.0,0.2853153161208163,0.0,0.0,0.1989675347273536,0.0,-0.0020777729190408684,1.4482077245714853,0.0,sine,1,0.3,1.0,20,40,14.199997186660767,0.0
1779527367.323342,0.0,0.1989675347273536,0.0,-0.0020777729190408684,1.4482077245714853,0.0,-0.0396,-1.584,-0.3168,0.0,0.29058747961241616,0.0,0.0,0.2111848394913139,0.0,-0.0020777729190408684,1.3547079432146463,0.0,sine,1,0.3,1.0,20,40,14.210026741027832,0.0
1779527367.3333886,0.0,0.2111848394913139,0.0,-0.0020777729190408684,1.3547079432146463,0.0,0.0,-1.5444,-0.5940000000000001,0.0,0.29468399562311287,0.0,0.0,0.2234021442552742,0.0,-0.0020777729190408684,1.263285934776848,0.0,sine,1,0.3,1.0,20,40,14.219993829727173,0.0
1779527367.343306,0.0,0.2234021442552742,0.0,-0.0020777729190408684,1.263285934776848,0.0,0.0,-1.584,-0.27720000000000006,0.0,0.2976439244153378,0.0,0.0,0.23387411976724018,0.0,0.0,1.1074529658487828,0.0,sine,1,0.3,1.0,20,40,14.230040311813354,0.0
1779527367.3533905,0.0,0.23387411976724018,0.0,0.0,1.1074529658487828,0.0,0.0396,-2.0988,-0.396,0.0,0.299403014446832,0.0,0.0,0.24434609527920614,0.0,0.004155545838081737,0.9994087740586577,0.0,sine,1,0.3,1.0,20,40,14.239957809448242,0.0
1779527367.3633795,0.0,0.24434609527920614,0.0,0.004155545838081737,0.9994087740586577,0.0,-0.1584,-2.1780000000000004,-0.4752,0.0,0.29999998945424405,0.0,0.0,0.2530727415391778,0.0,0.004155545838081737,0.9204534031351047,0.0,sine,1,0.3,1.0,20,40,14.250042200088501,0.0
1779527367.3734505,0.0,0.2530727415391778,0.0,0.004155545838081737,0.9204534031351047,0.0,0.3168,-0.198,-0.2376,0.0,0.2994043172603827,0.0,0.0,0.2617993877991494,0.0,0.0,0.8227980759401838,0.0,sine,1,0.3,1.0,20,40,14.26003122329712,0.0
1779527367.383353,0.0,0.2617993877991494,0.0,0.0,0.8227980759401838,0.0,-0.198,-0.9504,-0.2376,0.0,0.2976101896894151,0.0,0.0,0.2687807048071268,0.0,-0.0020777729190408684,0.7147538841500587,0.0,sine,1,0.3,1.0,20,40,14.270102262496948,0.0
1779527367.3933506,0.0,0.2687807048071268,0.0,-0.0020777729190408684,0.7147538841500587,0.0,-0.1188,-1.3464,0.35639999999999994,0.0,0.2946845009783556,0.0,0.0,0.27401669256310973,0.0,-0.0020777729190408684,0.6025541465218518,0.0020777729190408684,sine,1,0.3,1.0,20,40,14.280004739761353,0.0
1779527367.4033442,0.0,0.27401669256310973,0.0,-0.0020777729190408684,0.6025541465218518,0.0020777729190408684,0.0,-0.9504,-0.1584,0.0,0.29057384855582674,0.0,0.0,0.2792526803190927,0.0,-0.004155545838081737,0.5028210464078902,0.0020777729190408684,sine,1,0.3,1.0,20,40,14.290002346038818,0.0
1779527367.413362,0.0,0.2792526803190927,0.0,-0.004155545838081737,0.5028210464078902,0.0020777729190408684,0.0,-0.396,-0.198,0.0,0.28531934344114435,0.0,0.0,0.28274333882308134,0.0,0.0,0.35529916915598847,0.0,sine,1,0.3,1.0,20,40,14.29999589920044,0.0
1779527367.4233525,0.0,0.28274333882308134,0.0,0.0,0.35529916915598847,0.0,-0.0396,-1.1088000000000002,-0.0396,0.0,0.27892338900735614,0.0,0.0,0.2844886680750757,0.0,0.0,0.2888104357466807,0.0,sine,1,0.3,1.0,20,40,14.310013771057129,0.0
1779527367.4333844,0.0,0.2844886680750757,0.0,0.0,0.2888104357466807,0.0,0.0,-1.6236000000000002,-0.1188,0.0,0.27144472494335203,0.0,0.0,0.28623399732707006,0.0,0.0020777729190408684,0.12882192098053383,0.0,sine,1,0.3,1.0,20,40,14.320004224777222,0.0
1779527367.44337,0.0,0.28623399732707006,0.0,0.0020777729190408684,0.12882192098053383,0.0,0.0,0.6732,-0.0396,0.0,0.2628591578753427,0.0,0.0,0.28623399732707006,0.0,0.0,0.031166593785613025,-0.0020777729190408684,sine,1,0.3,1.0,20,40,14.330036163330078,0.0
1779527367.4533496,0.0,0.28623399732707006,0.0,0.0,0.031166593785613025,-0.0020777729190408684,0.0,1.6632,0.0,0.0,0.2532763078862891,0.0,0.0,0.2844886680750757,0.0,0.0,-0.09142200843779821,0.0,sine,1,0.3,1.0,20,40,14.340021848678589,0.0
1779527367.463359,0.0,0.2844886680750757,0.0,0.0,-0.09142200843779821,0.0,0.0,2.0988,-0.0792,0.0,0.24270361903230547,0.0,0.0,0.28274333882308134,0.0,0.0020777729190408684,-0.13921078557573818,-0.0020777729190408684,sine,1,0.3,1.0,20,40,14.350001335144043,0.0
1779527367.4733427,0.0,0.28274333882308134,0.0,0.0020777729190408684,-0.13921078557573818,-0.0020777729190408684,0.0396,2.4552,0.0,0.0,0.23114092100743347,0.0,0.0,0.2792526803190927,0.0,0.0020777729190408684,-0.3241325753703755,-0.0020777729190408684,sine,1,0.3,1.0,20,40,14.360010862350464,0.0
1779527367.4833567,0.0,0.2792526803190927,0.0,0.0020777729190408684,-0.3241325753703755,-0.0020777729190408684,0.0396,0.99,0.0,0.0,0.21869781150752304,0.0,0.0,0.27401669256310973,0.0,0.0,-0.45087672343186846,-0.0020777729190408684,sine,1,0.3,1.0,20,40,14.369994401931763,0.0
1779527367.493345,0.0,0.27401669256310973,0.0,0.0,-0.45087672343186846,-0.0020777729190408684,-0.0396,0.792,0.1584,0.0,0.20535250807558875,0.0,0.0,0.27052603405912107,0.0,0.0,-0.46334336094611367,0.0020777729190408684,sine,1,0.3,1.0,20,40,14.380008459091187,0.0
1779527367.5033803,0.0,0.27052603405912107,0.0,0.0,-0.46334336094611367,0.0020777729190408684,0.0396,2.4948,0.0396,0.0,0.19123189237618676,0.0,0.0,0.2635447170511438,0.0,0.0,-0.6607317882549961,0.0,sine,1,0.3,1.0,20,40,14.389996767044067,0.0
1779527367.5133803,0.0,0.2635447170511438,0.0,0.0,-0.6607317882549961,0.0,-0.0396,0.198,0.0,0.0,0.17628670708839383,0.0,0.0,0.25656340004316647,0.0,0.0,-0.662809561174037,0.0,sine,1,0.3,1.0,20,40,14.400032043457031,0.0
1779527367.523345,0.0,0.25656340004316647,0.0,0.0,-0.662809561174037,0.0,0.0,2.0988,0.0,0.0,0.16069705259248904,0.0,0.0,0.2478367537831948,0.0,0.0020777729190408684,-0.7563093425308761,0.0,sine,1,0.3,1.0,20,40,14.410032033920288,0.0
1779527367.5333972,0.0,0.2478367537831948,0.0,0.0020777729190408684,-0.7563093425308761,0.0,0.0792,0.5544000000000001,0.0,0.0,0.14453148965246906,0.0,0.0,0.23911010752322315,0.0,0.0,-0.9703199531920855,-0.004155545838081737,sine,1,0.3,1.0,20,40,14.419996738433838,0.0
1779527367.5433471,0.0,0.23911010752322315,0.0,0.0,-0.9703199531920855,-0.004155545838081737,0.0,0.0396,-0.27720000000000006,0.0,0.1276503070066201,0.0,0.0,0.22863813201125718,0.0,0.0,-0.9536977698397586,0.0,sine,1,0.3,1.0,20,40,14.430048942565918,0.0
1779527367.5533452,0.0,0.22863813201125718,0.0,0.0,-0.9536977698397586,0.0,-0.198,0.99,0.0,0.0,0.11043935476571612,0.0,0.0,0.21642082724729686,0.0,0.0,-1.1739416992580907,-0.0020777729190408684,sine,1,0.3,1.0,20,40,14.439998865127563,0.0
1779527367.5634234,0.0,0.21642082724729686,0.0,0.0,-1.1739416992580907,-0.0020777729190408684,-0.1584,0.27720000000000006,-0.0396,0.0,0.09271056917953481,0.0,0.0,0.20420352248333656,0.0,0.0,-1.2757525722910932,-0.004155545838081737,sine,1,0.3,1.0,20,40,14.449996948242188,0.0
1779527367.573367,0.0,0.20420352248333656,0.0,0.0,-1.2757525722910932,-0.004155545838081737,0.0,0.8316,-0.4752,0.0,0.07446977201934615,0.0,0.0,0.19024088846738194,0.0,0.0,-1.3983411745145045,0.0,sine,1,0.3,1.0,20,40,14.46007513999939,0.0
1779527367.583343,0.0,0.19024088846738194,0.0,0.0,-1.3983411745145045,0.0,0.0396,0.1584,0.0396,0.0,0.05617946660134102,0.0,0.0,0.17453292519943295,0.0,0.0020777729190408684,-1.4793743183570982,-0.0020777729190408684,sine,1,0.3,1.0,20,40,14.470018863677979,0.0
1779527367.59334,0.0,0.17453292519943295,0.0,0.0020777729190408684,-1.4793743183570982,-0.0020777729190408684,-0.1188,0.7127999999999999,0.0,0.0,0.037609743403556335,0.0,0.0,0.17453292519943295,0.0,0.0020777729190408684,-1.4793743183570982,-0.0020777729190408684,sine,1,0.3,1.0,20,40,14.479994773864746,0.0
1779527367.6034074,0.0,0.17453292519943295,0.0,0.0020777729190408684,-1.4793743183570982,-0.0020777729190408684,-0.1188,0.7127999999999999,0.0,0.0,0.01885283614910708,0.0,0.0,0.14486232791552936,0.0,0.0,-1.4253522224620356,0.0,sine,1,0.3,1.0,20,40,14.489991664886475,0.0
1779527367.6134062,0.0,0.14486232791552936,0.0,0.0,-1.4253522224620356,0.0,0.0,1.3068,-0.0396,0.0,-0.00011145328905383153,0.0,0.0,0.1308996938995747,0.0,0.0,-1.4211966766239539,-0.0020777729190408684,sine,1,0.3,1.0,20,40,14.500059127807617,0.0
1779527367.6233816,0.0,0.1308996938995747,0.0,0.0,-1.4211966766239539,-0.0020777729190408684,0.0,0.8316,-0.1188,0.0,-0.018946127423726793,0.0,0.0,0.11693705988362009,0.0,0.0,-1.4482077245714853,0.0,sine,1,0.3,1.0,20,40,14.510057926177979,0.0
1779527367.633514,0.0,0.11693705988362009,0.0,0.0,-1.4482077245714853,0.0,-0.1188,0.8316,0.198,0.0,-0.037662354633690255,0.0,0.0,0.0994837673636768,0.0,-0.0020777729190408684,-1.6975404748563894,-0.0020777729190408684,sine,1,0.3,1.0,20,40,14.520033359527588,0.0
1779527367.6433625,0.0,0.0994837673636768,0.0,-0.0020777729190408684,-1.6975404748563894,-0.0020777729190408684,0.0,-0.2376,-0.1584,0.0,-0.05652111737189372,0.0,0.0,0.08203047484373349,0.0,-0.0020777729190408684,-1.799351347889392,0.0,sine,1,0.3,1.0,20,40,14.530165672302246,0.0
1779527367.653373,0.0,0.08203047484373349,0.0,-0.0020777729190408684,-1.799351347889392,0.0,0.0,1.3068,0.1188,0.0,-0.0746330135698475,0.0,0.0,0.06283185307179587,0.0,0.0,-1.849217897946373,0.0,sine,1,0.3,1.0,20,40,14.540014266967773,0.0
1779527367.6633048,0.0,0.06283185307179587,0.0,0.0,-1.849217897946373,0.0,0.0,0.7127999999999999,0.1188,0.0,-0.09274946264222826,0.0,0.0,0.04363323129985824,0.0,0.0,-1.8575289896225364,-0.0020777729190408684,sine,1,0.3,1.0,20,40,14.55002474784851,0.0
1779527367.6733694,0.0,0.04363323129985824,0.0,0.0,-1.8575289896225364,-0.0020777729190408684,-0.0396,0.8712,-0.0396,0.0,-0.11036121281729323,0.0,0.0,0.027925268031909273,0.0,0.0020777729190408684,-1.703773793613512,0.0,sine,1,0.3,1.0,20,40,14.559956550598145,0.0
1779527367.6833851,0.0,0.027925268031909273,0.0,0.0020777729190408684,-1.703773793613512,0.0,-0.1584,0.8712,-0.1188,0.0,-0.12776986316782007,0.0,0.0,0.008726646259971648,0.0,0.0020777729190408684,-1.8575289896225364,-0.0020777729190408684,sine,1,0.3,1.0,20,40,14.570021152496338,0.0
1779527367.6933658,0.0,0.008726646259971648,0.0,0.0020777729190408684,-1.8575289896225364,-0.0020777729190408684,-0.1584,0.4356,-0.3168,0.0,-0.14458701436773114,0.0,0.0,-0.008726646259971648,0.0,0.0,-1.876228945893904,0.0,sine,1,0.3,1.0,20,40,14.580036878585815,0.0
1779527367.7034192,0.0,-0.008726646259971648,0.0,0.0,-1.876228945893904,0.0,-0.0792,0.2376,0.0,0.0,-0.1607759800729434,0.0,0.0,-0.02617993877991494,0.0,-0.0020777729190408684,-1.8886955834081494,0.0,sine,1,0.3,1.0,20,40,14.590017557144165,0.0
1779527367.7133508,0.0,-0.02617993877991494,0.0,-0.0020777729190408684,-1.8886955834081494,0.0,-0.0396,0.5544000000000001,-0.2376,0.0,-0.17644375928926512,0.0,0.0,-0.04363323129985824,0.0,0.0,-1.689229383180226,0.0,sine,1,0.3,1.0,20,40,14.60007095336914,0.0
1779527367.7233407,0.0,-0.04363323129985824,0.0,0.0,-1.689229383180226,0.0,-0.0792,0.6732,-0.0396,0.0,-0.19123085356626093,0.0,0.0,-0.061086523819801536,0.0,0.0,-1.7951958020513104,0.0,sine,1,0.3,1.0,20,40,14.610002517700195,0.0
1779527367.7333565,0.0,-0.061086523819801536,0.0,0.0,-1.7951958020513104,0.0,-0.0396,-0.1188,-0.0396,0.0,-0.205353818555901,0.0,0.0,-0.07853981633974483,0.0,0.0,-1.6622183352326947,0.0,sine,1,0.3,1.0,20,40,14.61999249458313,0.0
1779527367.7433453,0.0,-0.07853981633974483,0.0,0.0,-1.6622183352326947,0.0,0.0396,1.5048000000000001,0.1584,0.0,-0.21870119540474414,0.0,0.0,-0.09599310885968812,0.0,0.0,-1.766106981184738,0.0,sine,1,0.3,1.0,20,40,14.630008220672607,0.0
1779527367.7533464,0.0,-0.09599310885968812,0.0,0.0,-1.766106981184738,0.0,0.0,-0.5544000000000001,0.0792,0.0,-0.23115037480753547,0.0,0.0,-0.11344640137963143,0.0,0.0,-1.7266292957229616,-0.0020777729190408684,sine,1,0.3,1.0,20,40,14.639997005462646,0.0
1779527367.7634425,0.0,-0.11344640137963143,0.0,0.0,-1.7266292957229616,-0.0020777729190408684,-0.0792,1.1880000000000002,-0.2376,0.0,-0.24270309071381696,0.0,0.0,-0.12740903539558607,0.0,0.0,-1.5687185538758557,0.0,sine,1,0.3,1.0,20,40,14.649998188018799,0.0
1779527367.773386,0.0,-0.12740903539558607,0.0,0.0,-1.5687185538758557,0.0,-0.0792,1.1088000000000002,0.0792,0.0,-0.25339353791674785,0.0,0.0,-0.14311699866353503,0.0,0.0,-1.4939187287903843,0.0,sine,1,0.3,1.0,20,40,14.660094261169434,0.0
1779527367.7833424,0.0,-0.14311699866353503,0.0,0.0,-1.4939187287903843,0.0,-0.0792,0.5940000000000001,0.0,0.0,-0.2629262735584687,0.0,0.0,-0.158824961931484,0.0,0.0020777729190408684,-1.5562519163616104,-0.0020777729190408684,sine,1,0.3,1.0,20,40,14.670037746429443,0.0
1779527367.7933621,0.0,-0.158824961931484,0.0,0.0020777729190408684,-1.5562519163616104,-0.0020777729190408684,-0.0396,0.0792,-0.0396,0.0,-0.2714433854112357,0.0,0.0,-0.17278759594743864,0.0,0.0020777729190408684,-1.4398966328953218,0.0,sine,1,0.3,1.0,20,40,14.679994106292725,0.0
1779527367.8033643,0.0,-0.17278759594743864,0.0,0.0020777729190408684,-1.4398966328953218,0.0,0.1188,0.792,-0.1584,0.0,-0.27894257983023607,0.0,0.0,-0.1867502299633933,0.0,0.0,-1.452363270409567,0.0,sine,1,0.3,1.0,20,40,14.690013885498047,0.0
1779527367.81345,0.0,-0.1867502299633933,0.0,0.0,-1.452363270409567,0.0,-0.1584,0.4752,0.0,0.0,-0.2853262858323205,0.0,0.0,-0.1989675347273536,0.0,0.0,-1.3048413931576652,0.0,sine,1,0.3,1.0,20,40,14.700016021728516,0.0
1779527367.8233893,0.0,-0.1989675347273536,0.0,0.0,-1.3048413931576652,0.0,0.0396,1.1088000000000002,-0.1188,0.0,-0.29062262966981817,0.0,0.0,-0.2111848394913139,0.0,-0.0020777729190408684,-1.215497157638908,0.0,sine,1,0.3,1.0,20,40,14.710101842880249,0.0
1779527367.8333468,0.0,-0.2111848394913139,0.0,-0.0020777729190408684,-1.215497157638908,0.0,-0.0792,0.5148,-0.0792,0.0,-0.294700659775925,0.0,0.0,-0.2234021442552742,0.0,-0.004155545838081737,-1.121997376282069,-0.0020777729190408684,sine,1,0.3,1.0,20,40,14.720041036605835,0.0
1779527367.843375,0.0,-0.2234021442552742,0.0,-0.004155545838081737,-1.121997376282069,-0.0020777729190408684,0.0396,0.99,0.27720000000000006,0.0,-0.2976340769338309,0.0,0.0,-0.23387411976724018,0.0,-0.004155545838081737,-1.0534308699537203,0.0,sine,1,0.3,1.0,20,40,14.729998588562012,0.0
1779527367.8533738,0.0,-0.23387411976724018,0.0,-0.004155545838081737,-1.0534308699537203,0.0,-0.1584,0.2376,-0.0792,0.0,-0.2994111759220286,0.0,0.0,-0.24260076602721178,0.0,-0.004155545838081737,-1.0201865032490665,0.0,sine,1,0.3,1.0,20,40,14.740026712417603,0.0
1779527367.8633711,0.0,-0.24260076602721178,0.0,-0.004155545838081737,-1.0201865032490665,0.0,-0.1188,0.396,0.0792,0.0,-0.29999999614611506,0.0,0.0,-0.25132741228718347,0.0,0.0,-0.9079867656208594,0.0,sine,1,0.3,1.0,20,40,14.750025510787964,0.0
1779527367.873342,0.0,-0.25132741228718347,0.0,0.0,-0.9079867656208594,0.0,0.0396,1.7424,-0.198,0.0,-0.2994053075791593,0.0,0.0,-0.26005405854715513,0.0,0.0,-0.820720303021143,0.0,sine,1,0.3,1.0,20,40,14.76002287864685,0.0
1779527367.8833876,0.0,-0.26005405854715513,0.0,0.0,-0.820720303021143,0.0,0.0,0.27720000000000006,0.0792,0.0,-0.29763587914437833,0.0,0.0,-0.2670353755551324,0.0,0.0020777729190408684,-0.7230649758262222,0.0,sine,1,0.3,1.0,20,40,14.769993782043457,0.0
1779527367.8933446,0.0,-0.2670353755551324,0.0,0.0020777729190408684,-0.7230649758262222,0.0,-0.0792,0.6336,-0.0396,0.0,-0.2946722815625374,0.0,0.0,-0.27227136331111546,0.0,0.0,-0.6254096486313013,0.0020777729190408684,sine,1,0.3,1.0,20,40,14.780039310455322,0.0
1779527367.9033575,0.0,-0.27227136331111546,0.0,0.0,-0.6254096486313013,0.0020777729190408684,-0.1188,0.396,0.0396,0.0,-0.29057664259578186,0.0,0.0,-0.2775073510670984,0.0,0.0,-0.4882766359746041,0.0,sine,1,0.3,1.0,20,40,14.78999638557434,0.0
1779527367.9133806,0.0,-0.2775073510670984,0.0,0.0,-0.4882766359746041,0.0,-0.0396,1.7028,-0.1188,0.0,-0.2853115660626728,0.0,0.0,-0.28099800957108706,0.0,0.0,-0.37192135250831543,0.0,sine,1,0.3,1.0,20,40,14.80000925064087,0.0
1779527367.9234025,0.0,-0.28099800957108706,0.0,0.0,-0.37192135250831543,0.0,0.0,0.396,-0.0792,0.0,-0.2789104800975378,0.0,0.0,-0.2844886680750757,0.0,0.0,-0.2971215274228442,0.0,sine,1,0.3,1.0,20,40,14.810032367706299,0.0
1779527367.93338,0.0,-0.2844886680750757,0.0,0.0,-0.2971215274228442,0.0,-0.0396,0.3168,0.0792,0.0,-0.27140452599660675,0.0,0.0,-0.2844886680750757,0.0,-0.0020777729190408684,-0.15583296892806514,0.0,sine,1,0.3,1.0,20,40,14.820054292678833,0.0
1779527367.9433932,0.0,-0.2844886680750757,0.0,-0.0020777729190408684,-0.15583296892806514,0.0,0.0,0.5544000000000001,-0.0396,0.0,-0.262863273048079,0.0,0.0,-0.2844886680750757,0.0,0.0,-0.029088820866572156,0.0,sine,1,0.3,1.0,20,40,14.830031633377075,0.0
1779527367.9533637,0.0,-0.2844886680750757,0.0,0.0,-0.029088820866572156,0.0,-0.0396,0.5544000000000001,-0.1188,0.0,-0.2532529420670714,0.0,0.0,-0.2844886680750757,0.0,0.0,0.07064427924738953,-0.0020777729190408684,sine,1,0.3,1.0,20,40,14.840044975280762,0.0
1779527367.9633772,0.0,-0.2844886680750757,0.0,0.0,0.07064427924738953,-0.0020777729190408684,0.0,0.7524000000000001,-0.0396,0.0,-0.2426880327210805,0.0,0.0,-0.28099800957108706,0.0,0.0,0.22232170233737292,0.0,sine,1,0.3,1.0,20,40,14.85001540184021,0.0
1779527367.973354,0.0,-0.28099800957108706,0.0,0.0,0.22232170233737292,0.0,-0.0396,0.5148,0.0,0.0,-0.23111914647089826,0.0,0.0,-0.2775073510670984,0.0,0.0,0.33244366704653894,0.0020777729190408684,sine,1,0.3,1.0,20,40,14.860028982162476,0.0
1779527367.9833827,0.0,-0.2775073510670984,0.0,0.0,0.33244366704653894,0.0020777729190408684,-0.0396,-0.7127999999999999,-0.1188,0.0,-0.21868304471562036,0.0,0.0,-0.27401669256310973,0.0,0.0,0.3677658066702337,0.0,sine,1,0.3,1.0,20,40,14.87000584602356,0.0
1779527367.9933429,0.0,-0.27401669256310973,0.0,0.0,0.3677658066702337,0.0,0.0,-1.4255999999999998,0.0792,0.0,-0.2053167946491996,0.0,0.0,-0.2687807048071268,0.0,0.0,0.5298320943554214,0.0,sine,1,0.3,1.0,20,40,14.880034446716309,0.0
1779527368.0033438,0.0,-0.2687807048071268,0.0,0.0,0.5298320943554214,0.0,-0.0792,0.27720000000000006,0.0396,0.0,-0.19123500878277988,0.0,0.0,-0.2617993877991494,0.0,0.0,0.6690428799311596,0.0,sine,1,0.3,1.0,20,40,14.889994621276855,0.0
1779527368.0133638,0.0,-0.2617993877991494,0.0,0.0,0.6690428799311596,0.0,-0.0396,-1.1880000000000002,0.1188,0.0,-0.17634233818981762,0.0,0.0,-0.2530727415391778,0.0,0.0020777729190408684,0.7812426175593665,0.0,sine,1,0.3,1.0,20,40,14.899995565414429,0.0
1779527368.0233872,0.0,-0.2530727415391778,0.0,0.0020777729190408684,0.7812426175593665,0.0,-0.1188,-0.7127999999999999,0.0396,0.0,-0.16072323699601762,0.0,0.0,-0.24609142453120048,0.0,0.0,0.758387115449917,0.0,sine,1,0.3,1.0,20,40,14.91001558303833,0.0
1779527368.0333846,0.0,-0.24609142453120048,0.0,0.0,0.758387115449917,0.0,-0.0396,0.2376,0.0792,0.0,-0.14446177928651965,0.0,0.0,-0.23736477827122884,0.0,0.0,0.8144869842640204,0.0020777729190408684,sine,1,0.3,1.0,20,40,14.920038938522339,0.0
1779527368.0433667,0.0,-0.23736477827122884,0.0,0.0,0.8144869842640204,0.0020777729190408684,-0.0792,-1.4255999999999998,-0.1584,0.0,-0.12767186147806786,0.0,0.0,-0.22863813201125718,0.0,0.0,0.8975979010256552,0.0020777729190408684,sine,1,0.3,1.0,20,40,14.930036306381226,0.0
1779527368.053423,0.0,-0.22863813201125718,0.0,0.0,0.8975979010256552,0.0020777729190408684,0.0396,-0.5544000000000001,-0.1584,0.0,-0.11040509037896537,0.0,0.0,-0.21642082724729686,0.0,0.0,1.1406973325534366,0.0,sine,1,0.3,1.0,20,40,14.94001841545105,0.0
1779527368.0633783,0.0,-0.21642082724729686,0.0,0.0,1.1406973325534366,0.0,-0.0396,-0.6732,-0.1584,0.0,-0.09257122241861634,0.0,0.0,-0.20420352248333656,0.0,0.0,1.2840636639672567,0.0,sine,1,0.3,1.0,20,40,14.950074672698975,0.0
1779527368.073398,0.0,-0.20420352248333656,0.0,0.0,1.2840636639672567,0.0,0.0,-0.7127999999999999,0.0396,0.0,-0.07455204870143857,0.0,0.0,-0.19024088846738194,0.0,0.0,1.3921078557573818,0.0,sine,1,0.3,1.0,20,40,14.96003007888794,0.0
1779527368.0834017,0.0,-0.19024088846738194,0.0,0.0,1.3921078557573818,0.0,-0.1188,-2.2967999999999997,0.0792,0.0,-0.05612207597651866,0.0,0.0,-0.17453292519943295,0.0,0.0,1.4710632266809347,0.0,sine,1,0.3,1.0,20,40,14.970049858093262,0.0
1779527368.0933702,0.0,-0.17453292519943295,0.0,0.0,1.4710632266809347,0.0,-0.1188,-2.0592,-0.35639999999999994,0.0,-0.03750005858762986,0.0,0.0,-0.16057029118347835,0.0,0.0,1.3630190348908096,0.0,sine,1,0.3,1.0,20,40,14.980053424835205,0.0
1779527368.1033459,0.0,-0.16057029118347835,0.0,0.0,1.3630190348908096,0.0,-0.0396,-0.8712,0.27720000000000006,0.0,-0.018795873749135706,0.0,0.0,-0.14835298641951802,0.0,0.0,1.3754856724050548,0.0,sine,1,0.3,1.0,20,40,14.99002194404602,0.0
1779527368.1133683,0.0,-0.14835298641951802,0.0,0.0,1.3754856724050548,0.0,0.0,-0.8712,0.35639999999999994,0.0,-4.494084339736037e-06,0.0,0.0,-0.13264502315156904,0.0,0.0,1.564563008037774,-0.0020777729190408684,sine,1,0.3,1.0,20,40,14.999997615814209,0.0
1779527368.1233473,0.0,-0.13264502315156904,0.0,0.0,1.564563008037774,-0.0020777729190408684,0.0,0.2376,0.27720000000000006,0.0,0.01887481358567715,0.0,0.0,-0.11519173063162574,0.0,0.0,1.7016960206944711,0.0,sine,1,0.3,1.0,20,40,15.010020017623901,0.0
1779527368.1333692,0.0,-0.11519173063162574,0.0,0.0,1.7016960206944711,0.0,-0.1188,-1.5444,-0.35639999999999994,0.0,0.037598150940552966,0.0,0.0,-0.09599310885968812,0.0,0.0020777729190408684,1.766106981184738,0.0,sine,1,0.3,1.0,20,40,15.019999027252197,0.0
1779527368.143417,0.0,-0.09599310885968812,0.0,0.0020777729190408684,1.766106981184738,0.0,0.2376,-1.1088000000000002,0.27720000000000006,0.0,0.056253188354105636,0.0,0.0,-0.08028514559173917,0.0,0.0020777729190408684,1.6289739685280409,-0.0020777729190408684,sine,1,0.3,1.0,20,40,15.030020952224731,0.0
1779527368.1533494,0.0,-0.08028514559173917,0.0,0.0020777729190408684,1.6289739685280409,-0.0020777729190408684,-0.0396,0.2376,0.4752,0.0,0.07473225292272195,0.0,0.0,-0.06283185307179587,0.0,0.0,1.7723402999418607,0.0020777729190408684,sine,1,0.3,1.0,20,40,15.040068626403809,0.0
1779527368.1633818,0.0,-0.06283185307179587,0.0,0.0,1.7723402999418607,0.0020777729190408684,-0.1584,-1.8612000000000002,-0.5544000000000001,0.0,0.09270714989161938,0.0,0.0,-0.04537856055185257,0.0,-0.004155545838081737,1.8118179854036371,0.0,sine,1,0.3,1.0,20,40,15.05000114440918,0.0
1779527368.1733181,0.0,-0.04537856055185257,0.0,-0.004155545838081737,1.8118179854036371,0.0,0.0,0.1584,-0.2376,0.0,0.11049617983054305,0.0,0.0,-0.027925268031909273,0.0,0.0,1.7162404311277573,-0.0020777729190408684,sine,1,0.3,1.0,20,40,15.060033559799194,0.0
1779527368.183347,0.0,-0.027925268031909273,0.0,0.0,1.7162404311277573,-0.0020777729190408684,0.0,-2.6532,0.3168,0.0,0.12768243507548588,0.0,0.0,-0.010471975511965978,0.0,0.0,1.6809182915040626,0.0,sine,1,0.3,1.0,20,40,15.069969892501831,0.0
1779527368.1933851,0.0,-0.010471975511965978,0.0,0.0,1.6809182915040626,0.0,0.0,-1.1088000000000002,-0.3168,0.0,0.1445240071055838,0.0,0.0,0.005235987755982989,0.0,0.0020777729190408684,1.8346734875130868,0.0020777729190408684,sine,1,0.3,1.0,20,40,15.07999873161316,0.0
1779527368.2034116,0.0,0.005235987755982989,0.0,0.0020777729190408684,1.8346734875130868,0.0020777729190408684,-0.1188,-0.5544000000000001,-0.4356,0.0,0.16080671203272748,0.0,0.0,0.024434609527920613,0.0,0.0,1.859606762541577,0.0,sine,1,0.3,1.0,20,40,15.090036869049072,0.0
1779527368.2133884,0.0,0.024434609527920613,0.0,0.0,1.859606762541577,0.0,-0.198,-1.1880000000000002,-0.4356,0.0,0.17643212832620903,0.0,0.0,0.04188790204786391,0.0,0.0,1.7100071123706346,0.0,sine,1,0.3,1.0,20,40,15.10006332397461,0.0
1779527368.2233877,0.0,0.04188790204786391,0.0,0.0,1.7100071123706346,0.0,-0.0396,0.396,-0.27720000000000006,0.0,0.1912855589668989,0.0,0.0,0.05934119456780721,0.0,0.0,1.830517941675005,0.004155545838081737,sine,1,0.3,1.0,20,40,15.110040187835693,0.0
1779527368.2333808,0.0,0.05934119456780721,0.0,0.0,1.830517941675005,0.004155545838081737,-0.0792,-2.0988,-0.5940000000000001,0.0,0.20541835058659688,0.0,0.0,0.07853981633974483,0.0,-0.0020777729190408684,1.8346734875130868,0.0,sine,1,0.3,1.0,20,40,15.120039463043213,0.0
1779527368.2433677,0.0,0.07853981633974483,0.0,-0.0020777729190408684,1.8346734875130868,0.0,-0.0792,-0.2376,0.5148,0.0,0.21873257053230216,0.0,0.0,0.09599310885968812,0.0,0.0,1.8118179854036371,0.0,sine,1,0.3,1.0,20,40,15.130032539367676,0.0
1779527368.253362,0.0,0.09599310885968812,0.0,0.0,1.8118179854036371,0.0,-0.1584,-2.3760000000000003,-0.3168,0.0,0.23117730071755951,0.0,0.0,0.1117010721276371,0.0,0.0,1.6165073310137956,0.0,sine,1,0.3,1.0,20,40,15.140019416809082,0.0
1779527368.2633438,0.0,0.1117010721276371,0.0,0.0,1.6165073310137956,0.0,0.0396,-0.9504,-0.3168,0.0,0.24272025994951188,0.0,0.0,0.12740903539558607,0.0,0.0,1.6539072435565312,0.0,sine,1,0.3,1.0,20,40,15.15001368522644,0.0
1779527368.2733774,0.0,0.12740903539558607,0.0,0.0,1.6539072435565312,0.0,-0.0792,-0.1584,-0.396,0.0,0.25329388894514865,0.0,0.0,0.14486232791552936,0.0,0.0,1.6518294706374903,0.0,sine,1,0.3,1.0,20,40,15.159995555877686,0.0
1779527368.2834134,0.0,0.14486232791552936,0.0,0.0,1.6518294706374903,0.0,-0.0792,-2.2176000000000005,-0.35639999999999994,0.0,0.26291848238888754,0.0,0.0,0.16057029118347835,0.0,0.0,1.6081962393376321,0.0,sine,1,0.3,1.0,20,40,15.170029163360596,0.0
1779527368.2933426,0.0,0.16057029118347835,0.0,0.0,1.6081962393376321,0.0,-0.1584,-2.1780000000000004,-0.6336,0.0,0.27150038479328636,0.0,0.0,0.17453292519943295,0.0,0.0,1.4253522224620356,0.0,sine,1,0.3,1.0,20,40,15.180065155029297,0.0
1779527368.303348,0.0,0.17453292519943295,0.0,0.0,1.4253522224620356,0.0,-0.1188,-0.3168,-0.4356,0.0,0.27892901477628673,0.0,0.0,0.18849555921538758,0.0,0.0,1.3360079869432784,0.0,sine,1,0.3,1.0,20,40,15.18999433517456,0.0
1779527368.313404,0.0,0.18849555921538758,0.0,0.0,1.3360079869432784,0.0,-0.0396,-0.6336,-0.4752,0.0,0.28531684378846556,0.0,0.0,0.20071286397934787,0.0,0.0,1.2528970701816435,0.0,sine,1,0.3,1.0,20,40,15.199999809265137,0.0
1779527368.3234415,0.0,0.20071286397934787,0.0,0.0,1.2528970701816435,0.0,-0.0396,-0.396,-0.4356,0.0,0.2906011009630902,0.0,0.0,0.21293016874330822,0.0,0.0,1.2487415243435618,0.0,sine,1,0.3,1.0,20,40,15.210055828094482,0.0
1779527368.3333576,0.0,0.21293016874330822,0.0,0.0,1.2487415243435618,0.0,-0.0792,-0.7127999999999999,-0.4752,0.0,0.2947190611413083,0.0,0.0,0.2234021442552742,0.0,0.0020777729190408684,1.1427751054724775,0.0,sine,1,0.3,1.0,20,40,15.220093250274658,0.0
1779527368.3433042,0.0,0.2234021442552742,0.0,0.0020777729190408684,1.1427751054724775,0.0,-0.1584,-1.1483999999999999,-0.396,0.0,0.2976366110970456,0.0,0.0,0.23387411976724018,0.0,0.0,1.1074529658487828,0.0,sine,1,0.3,1.0,20,40,15.230009317398071,0.0
1779527368.353371,0.0,0.23387411976724018,0.0,0.0,1.1074529658487828,0.0,-0.1584,-2.0196,-0.4356,0.0,0.2994027877254346,0.0,0.0,0.24434609527920614,0.0,0.0,0.9848643636253717,0.0,sine,1,0.3,1.0,20,40,15.23995590209961,0.0
1779527368.3633964,0.0,0.24434609527920614,0.0,0.0,0.9848643636253717,0.0,-0.0792,-1.5048000000000001,-0.396,0.0,0.29999999696206553,0.0,0.0,0.2530727415391778,0.0,0.0,0.899675673944696,0.0,sine,1,0.3,1.0,20,40,15.250022649765015,0.0
1779527368.3733454,0.0,0.2530727415391778,0.0,0.0,0.899675673944696,0.0,0.0,-0.3168,-0.2376,0.0,0.29940230579968946,0.0,0.0,0.26005405854715513,0.0,-0.004155545838081737,0.7937092550736117,0.0,sine,1,0.3,1.0,20,40,15.260048151016235,0.0
1779527368.3833644,0.0,0.26005405854715513,0.0,-0.004155545838081737,0.7937092550736117,0.0,-0.1188,-1.2276,-0.396,0.0,0.29763509076142164,0.0,0.0,0.2670353755551324,0.0,0.0,0.7085205653929361,0.0,sine,1,0.3,1.0,20,40,15.269997119903564,0.0
1779527368.3933887,0.0,0.2670353755551324,0.0,0.0,0.7085205653929361,0.0,0.0,-1.3860000000000001,-0.2376,0.0,0.294680457469834,0.0,0.0,0.27401669256310973,0.0,0.0020777729190408684,0.5963208277647293,0.0020777729190408684,sine,1,0.3,1.0,20,40,15.28001618385315,0.0
1779527368.403342,0.0,0.27401669256310973,0.0,0.0020777729190408684,0.5963208277647293,0.0020777729190408684,-0.1188,-1.1880000000000002,0.5940000000000001,0.0,0.29055595704959625,0.0,0.0,0.2775073510670984,0.0,0.006233318757122605,0.47788777137939975,0.0,sine,1,0.3,1.0,20,40,15.290040493011475,0.0
1779527368.4133735,0.0,0.2775073510670984,0.0,0.006233318757122605,0.47788777137939975,0.0,0.198,0.35639999999999994,-0.4356,0.0,0.28532059318968916,0.0,0.0,0.28099800957108706,0.0,0.0020777729190408684,0.38438799002256063,0.0,sine,1,0.3,1.0,20,40,15.299993753433228,0.0
1779527368.4233544,0.0,0.28099800957108706,0.0,0.0020777729190408684,0.38438799002256063,0.0,0.198,-1.1088000000000002,-0.3168,0.0,0.2789154455135096,0.0,0.0,0.2844886680750757,0.0,0.0020777729190408684,0.2617993877991494,0.0,sine,1,0.3,1.0,20,40,15.310025215148926,0.0
1779527368.43337,0.0,0.2844886680750757,0.0,0.0020777729190408684,0.2617993877991494,0.0,-0.0792,-1.4652,-0.4752,0.0,0.2714431940470694,0.0,0.0,0.28623399732707006,0.0,-0.0020777729190408684,0.18907733563271903,0.0,sine,1,0.3,1.0,20,40,15.320006132125854,0.0
1779527368.4433734,0.0,0.28623399732707006,0.0,-0.0020777729190408684,0.18907733563271903,0.0,0.0,1.1483999999999999,-0.396,0.0,0.262872152432103,0.0,0.0,0.28623399732707006,0.0,-0.004155545838081737,0.04571100421889911,0.0,sine,1,0.3,1.0,20,40,15.330021858215332,0.0
1779527368.4533446,0.0,0.28623399732707006,0.0,-0.004155545838081737,0.04571100421889911,0.0,-0.0792,1.6236000000000002,-0.2376,0.0,0.2532729358302251,0.0,0.0,0.28623399732707006,0.0,-0.0020777729190408684,-0.018699956271367814,0.0,sine,1,0.3,1.0,20,40,15.340025186538696,0.0
1779527368.4633965,0.0,0.28623399732707006,0.0,-0.0020777729190408684,-0.018699956271367814,0.0,-0.0792,1.8612000000000002,0.198,0.0,0.2427091662449051,0.0,0.0,0.2844886680750757,0.0,0.0,-0.11635528346628862,0.0,sine,1,0.3,1.0,20,40,15.349996328353882,0.0
1779527368.4733634,0.0,0.2844886680750757,0.0,0.0,-0.11635528346628862,0.0,0.1584,2.2967999999999997,0.2376,0.0,0.2310959361012252,0.0,0.0,0.28099800957108706,0.0,0.0,-0.3220548024513346,-0.0020777729190408684,sine,1,0.3,1.0,20,40,15.360048294067383,0.0
1779527368.4833782,0.0,0.28099800957108706,0.0,0.0,-0.3220548024513346,-0.0020777729190408684,0.0396,1.5444,-0.198,0.0,0.21867104586464975,0.0,0.0,0.27576202181510406,0.0,0.0,-0.45503226926995016,-0.0020777729190408684,sine,1,0.3,1.0,20,40,15.370015144348145,0.0
1779527368.493343,0.0,0.27576202181510406,0.0,0.0,-0.45503226926995016,-0.0020777729190408684,0.0792,0.6336,-0.198,0.0,0.20532302031932484,0.0,0.0,0.2687807048071268,0.0,0.0,-0.5776208714933614,-0.0020777729190408684,sine,1,0.3,1.0,20,40,15.380029916763306,0.0
1779527368.5033553,0.0,0.2687807048071268,0.0,0.0,-0.5776208714933614,-0.0020777729190408684,0.0,1.98,-0.1584,0.0,0.19123466251709967,0.0,0.0,0.2635447170511438,0.0,0.0,-0.5776208714933614,0.0,sine,1,0.3,1.0,20,40,15.389994859695435,0.0
1779527368.5133808,0.0,0.2635447170511438,0.0,0.0,-0.5776208714933614,0.0,0.198,1.1880000000000002,-0.1188,0.0,0.17632488629234996,0.0,0.0,0.25481807079117214,0.0,0.0,-0.7770870717212848,-0.0020777729190408684,sine,1,0.3,1.0,20,40,15.400007009506226,0.0
1779527368.5233595,0.0,0.25481807079117214,0.0,0.0,-0.7770870717212848,-0.0020777729190408684,0.1188,1.1088000000000002,-0.27720000000000006,0.0,0.1606962935986643,0.0,0.0,0.24609142453120048,0.0,0.004155545838081737,-0.8975979010256552,-0.006233318757122605,sine,1,0.3,1.0,20,40,15.410032510757446,0.0
1779527368.533344,0.0,0.24609142453120048,0.0,0.004155545838081737,-0.8975979010256552,-0.006233318757122605,0.0,1.584,-0.0396,0.0,0.14450746632334174,0.0,0.0,0.23736477827122884,0.0,0.0,-0.8726646259971648,0.0,sine,1,0.3,1.0,20,40,15.420011281967163,0.0
1779527368.5444188,0.0,0.23736477827122884,0.0,0.0,-0.8726646259971648,0.0,0.0396,0.5148,-0.198,0.0,0.12774099303053846,0.0,0.0,0.22863813201125718,0.0,-0.0020777729190408684,-0.9266867218922273,0.0,sine,1,0.3,1.0,20,40,15.429995775222778,0.0
1779527368.553368,0.0,0.22863813201125718,0.0,-0.0020777729190408684,-0.9266867218922273,0.0,0.1584,0.4356,-0.27720000000000006,0.0,0.10855863748070688,0.0,0.0,0.21642082724729686,0.0,-0.0020777729190408684,-1.1427751054724775,-0.004155545838081737,sine,1,0.3,1.0,20,40,15.441070556640625,0.0
1779527368.5633872,0.0,0.21642082724729686,0.0,-0.0020777729190408684,-1.1427751054724775,-0.004155545838081737,-0.0396,0.198,0.0,0.0,0.09266953684594308,0.0,0.0,0.2059488517353309,0.0,0.0,-1.1261529221201507,0.0020777729190408684,sine,1,0.3,1.0,20,40,15.450019836425781,0.0
1779527368.5733728,0.0,0.2059488517353309,0.0,0.0,-1.1261529221201507,0.0020777729190408684,0.1584,0.99,-0.35639999999999994,0.0,0.07453594209635389,0.0,0.0,0.1937315469713706,0.0,-0.004155545838081737,-1.184330563853295,0.0,sine,1,0.3,1.0,20,40,15.460038900375366,0.0
1779527368.5833468,0.0,0.1937315469713706,0.0,-0.004155545838081737,-1.184330563853295,0.0,-0.1188,0.6336,-0.27720000000000006,0.0,0.05616887156936477,0.0,0.0,0.17976891295541597,0.0,0.0020777729190408684,-1.2715970264530114,0.0,sine,1,0.3,1.0,20,40,15.470024585723877,0.0
1779527368.5933762,0.0,0.17976891295541597,0.0,0.0020777729190408684,-1.2715970264530114,0.0,0.198,1.0296,-0.2376,0.0,0.0376026095869214,0.0,0.0,0.16406094968746698,0.0,0.0,-1.5230075496569566,-0.0020777729190408684,sine,1,0.3,1.0,20,40,15.479998588562012,0.0
1779527368.603364,0.0,0.16406094968746698,0.0,0.0,-1.5230075496569566,-0.0020777729190408684,-0.0396,-0.6732,0.0792,0.0,0.018784660598066303,0.0,0.0,0.15009831567151233,0.0,0.0020777729190408684,-1.4482077245714853,0.0,sine,1,0.3,1.0,20,40,15.490027904510498,0.0
1779527368.613373,0.0,0.15009831567151233,0.0,0.0020777729190408684,-1.4482077245714853,0.0,0.1188,1.8215999999999999,0.3168,0.0,-2.9660956592811735e-05,0.0,0.0,0.1343903524035634,0.0,0.0,-1.6435183789613268,-0.0020777729190408684,sine,1,0.3,1.0,20,40,15.50001573562622,0.0
1779527368.6235628,0.0,0.1343903524035634,0.0,0.0,-1.6435183789613268,-0.0020777729190408684,0.0,0.8316,-0.1584,0.0,-0.018883783938730855,0.0,0.0,0.11693705988362009,0.0,0.0,-1.7120848852896755,-0.004155545838081737,sine,1,0.3,1.0,20,40,15.510024785995483,0.0
1779527368.6333952,0.0,0.11693705988362009,0.0,0.0,-1.7120848852896755,-0.004155545838081737,0.0792,1.0692,0.1188,0.0,-0.038001178354504166,0.0,0.0,0.09773843811168245,0.0,0.0,-1.8035068937274739,0.0020777729190408684,sine,1,0.3,1.0,20,40,15.520214557647705,0.0
1779527368.64334,0.0,0.09773843811168245,0.0,0.0,-1.8035068937274739,0.0020777729190408684,0.0396,0.198,-0.4752,0.0,-0.056301304246261216,0.0,0.0,0.08028514559173917,0.0,0.0,-1.8388290333511685,-0.0020777729190408684,sine,1,0.3,1.0,20,40,15.530046939849854,0.0
1779527368.6534233,0.0,0.08028514559173917,0.0,0.0,-1.8388290333511685,-0.0020777729190408684,-0.0792,0.6336,-0.0792,0.0,-0.07459209656445279,0.0,0.0,0.061086523819801536,0.0,0.0,-1.8575289896225364,0.0,sine,1,0.3,1.0,20,40,15.539991855621338,0.0
1779527368.6633976,0.0,0.061086523819801536,0.0,0.0,-1.8575289896225364,0.0,0.0,0.6336,-0.27720000000000006,0.0,-0.09283963755489973,0.0,0.0,0.04363323129985824,0.0,0.0,-1.859606762541577,-0.0020777729190408684,sine,1,0.3,1.0,20,40,15.550075054168701,0.0
1779527368.6733584,0.0,0.04363323129985824,0.0,0.0,-1.859606762541577,-0.0020777729190408684,-0.0396,0.5544000000000001,-0.1584,0.0,-0.11052375504746274,0.0,0.0,0.024434609527920613,0.0,0.0020777729190408684,-1.8575289896225364,-0.0020777729190408684,sine,1,0.3,1.0,20,40,15.560049295425415,0.0
1779527368.6834328,0.0,0.024434609527920613,0.0,0.0020777729190408684,-1.8575289896225364,-0.0020777729190408684,0.0,1.3860000000000001,-0.1584,0.0,-0.12775115873668377,0.0,0.0,0.005235987755982989,0.0,0.0,-1.878306718812945,0.0,sine,1,0.3,1.0,20,40,15.5700101852417,0.0
1779527368.6933463,0.0,0.005235987755982989,0.0,0.0,-1.878306718812945,0.0,0.0,0.0,-0.1584,0.0,-0.1446657617642147,0.0,0.0,-0.008726646259971648,0.0,-0.0020777729190408684,-1.7141626582087164,-0.0020777729190408684,sine,1,0.3,1.0,20,40,15.580084562301636,0.0
1779527368.703373,0.0,-0.008726646259971648,0.0,-0.0020777729190408684,-1.7141626582087164,-0.0020777729190408684,0.1188,1.3464,0.35639999999999994,0.0,-0.16074486629505322,0.0,0.0,-0.027925268031909273,0.0,-0.0020777729190408684,-1.8222068499988415,-0.0020777729190408684,sine,1,0.3,1.0,20,40,15.589998006820679,0.0
1779527368.7135327,0.0,-0.027925268031909273,0.0,-0.0020777729190408684,-1.8222068499988415,-0.0020777729190408684,0.0792,0.792,-0.3168,0.0,-0.17637324035467167,0.0,0.0,-0.04537856055185257,0.0,0.0,-1.8035068937274739,-0.004155545838081737,sine,1,0.3,1.0,20,40,15.600024700164795,0.0
1779527368.723348,0.0,-0.04537856055185257,0.0,0.0,-1.8035068937274739,-0.004155545838081737,0.1188,0.396,0.0,0.0,-0.1914949330746799,0.0,0.0,-0.06283185307179587,0.0,0.0,-1.8118179854036371,0.0,sine,1,0.3,1.0,20,40,15.61018443107605,0.0
1779527368.7335298,0.0,-0.06283185307179587,0.0,0.0,-1.8118179854036371,0.0,0.0,1.4255999999999998,-0.27720000000000006,0.0,-0.20536364692321987,0.0,0.0,-0.08028514559173917,0.0,-0.0020777729190408684,-1.6539072435565312,0.0,sine,1,0.3,1.0,20,40,15.619999647140503,0.0
1779527368.7435308,0.0,-0.08028514559173917,0.0,-0.0020777729190408684,-1.6539072435565312,0.0,0.0792,1.2276,0.1584,0.0,-0.2189247085449154,0.0,0.0,-0.09773843811168245,0.0,0.0,-1.751562570751452,0.0,sine,1,0.3,1.0,20,40,15.630181550979614,0.0
1779527368.7533154,0.0,-0.09773843811168245,0.0,0.0,-1.751562570751452,0.0,0.0792,-0.198,0.3168,0.0,-0.2313730916107294,0.0,0.0,-0.11344640137963143,0.0,0.0020777729190408684,-1.7100071123706346,-0.0020777729190408684,sine,1,0.3,1.0,20,40,15.640182495117188,0.0
1779527368.76339,0.0,-0.11344640137963143,0.0,0.0020777729190408684,-1.7100071123706346,-0.0020777729190408684,0.0,1.1483999999999999,-0.1188,0.0,-0.24266874533918717,0.0,0.0,-0.1308996938995747,0.0,0.0,-1.6705294269088582,0.0,sine,1,0.3,1.0,20,40,15.649967193603516,0.0
1779527368.773542,0.0,-0.1308996938995747,0.0,0.0,-1.6705294269088582,0.0,-0.0396,0.1188,-0.198,0.0,-0.25334059648924917,0.0,0.0,-0.1308996938995747,0.0,0.0,-1.6705294269088582,0.0,sine,1,0.3,1.0,20,40,15.660041809082031,0.0
1779527368.7833624,0.0,-0.1308996938995747,0.0,0.0,-1.6705294269088582,0.0,-0.0396,0.1188,-0.198,0.0,-0.26306767998820424,0.0,0.0,-0.16057029118347835,0.0,0.0,-1.437818859976281,0.0,sine,1,0.3,1.0,20,40,15.670193672180176,0.0
1779527368.7933683,0.0,-0.16057029118347835,0.0,0.0,-1.437818859976281,0.0,0.0396,0.3168,-0.27720000000000006,0.0,-0.27145945782660996,0.0,0.0,-0.17278759594743864,0.0,-0.0020777729190408684,-1.3837967640812183,0.0,sine,1,0.3,1.0,20,40,15.68001413345337,0.0
1779527368.803408,0.0,-0.17278759594743864,0.0,-0.0020777729190408684,-1.3837967640812183,0.0,0.0396,0.5544000000000001,-0.396,0.0,-0.27894688006604773,0.0,0.0,-0.1867502299633933,0.0,0.0,-1.325619122348074,0.0,sine,1,0.3,1.0,20,40,15.690020084381104,0.0
1779527368.8133621,0.0,-0.1867502299633933,0.0,0.0,-1.325619122348074,0.0,0.1188,0.8316,-0.198,0.0,-0.2853516813329132,0.0,0.0,-0.20071286397934787,0.0,-0.0020777729190408684,-1.3443190786194419,-0.0020777729190408684,sine,1,0.3,1.0,20,40,15.700059652328491,0.0
1779527368.8234234,0.0,-0.20071286397934787,0.0,-0.0020777729190408684,-1.3443190786194419,-0.0020777729190408684,0.0396,0.792,0.0792,0.0,-0.29058144739116176,0.0,0.0,-0.2111848394913139,0.0,0.0020777729190408684,-1.213419384719867,0.0,sine,1,0.3,1.0,20,40,15.71001386642456,0.0
1779527368.833494,0.0,-0.2111848394913139,0.0,0.0020777729190408684,-1.213419384719867,0.0,0.1584,1.2276,-0.3168,0.0,-0.29471267887316316,0.0,0.0,-0.2234021442552742,0.0,0.0,-1.1926416555294586,0.0,sine,1,0.3,1.0,20,40,15.720075130462646,0.0
1779527368.843367,0.0,-0.2234021442552742,0.0,0.0,-1.1926416555294586,0.0,-0.0396,0.396,-0.27720000000000006,0.0,-0.29766870526034006,0.0,0.0,-0.23387411976724018,0.0,0.0,-1.0638197345489246,0.0,sine,1,0.3,1.0,20,40,15.730145692825317,0.0
1779527368.8536625,0.0,-0.23387411976724018,0.0,0.0,-1.0638197345489246,0.0,0.1188,0.0792,0.198,0.0,-0.29941024682697304,0.0,0.0,-0.24434609527920614,0.0,0.0020777729190408684,-1.0243420490871482,0.0,sine,1,0.3,1.0,20,40,15.740018844604492,0.0
1779527368.863366,0.0,-0.24434609527920614,0.0,0.0020777729190408684,-1.0243420490871482,0.0,0.0,-0.27720000000000006,-0.1584,0.0,-0.29999941526126217,0.0,0.0,-0.2530727415391778,0.0,0.0,-0.9287644948112682,0.0,sine,1,0.3,1.0,20,40,15.750314235687256,0.0
1779527368.8744903,0.0,-0.2530727415391778,0.0,0.0,-0.9287644948112682,0.0,0.0,1.4255999999999998,-0.3168,0.0,-0.2994059296439713,0.0,0.0,-0.2530727415391778,0.0,0.0,-0.9287644948112682,0.0,sine,1,0.3,1.0,20,40,15.76001763343811,0.0
1779527368.8834164,0.0,-0.2530727415391778,0.0,0.0,-0.9287644948112682,0.0,0.0,1.4255999999999998,-0.3168,0.0,-0.2973569544765799,0.0,0.0,-0.2687807048071268,0.0,0.0,-0.7126761112310178,0.0,sine,1,0.3,1.0,20,40,15.77114200592041,0.0
1779527368.893369,0.0,-0.2687807048071268,0.0,0.0,-0.7126761112310178,0.0,0.0,0.27720000000000006,-0.2376,0.0,-0.2946620740288655,0.0,0.0,-0.27401669256310973,0.0,0.0,-0.6025541465218518,0.0,sine,1,0.3,1.0,20,40,15.780068159103394,0.0
1779527368.9033628,0.0,-0.27401669256310973,0.0,0.0,-0.6025541465218518,0.0,0.0,0.792,0.2376,0.0,-0.29056524035209075,0.0,0.0,-0.2792526803190927,0.0,0.0,-0.5028210464078902,0.0,sine,1,0.3,1.0,20,40,15.79002070426941,0.0
1779527368.9133737,0.0,-0.2792526803190927,0.0,0.0,-0.5028210464078902,0.0,0.0,1.4652,0.1188,0.0,-0.28530851011463737,0.0,0.0,-0.28274333882308134,0.0,0.0,-0.35322139623694765,0.0,sine,1,0.3,1.0,20,40,15.80001449584961,0.0
1779527368.9233642,0.0,-0.28274333882308134,0.0,0.0,-0.35322139623694765,0.0,0.0396,0.5148,-0.35639999999999994,0.0,-0.27891528000871924,0.0,0.0,-0.2844886680750757,0.0,0.0,-0.25556606904202683,0.0,sine,1,0.3,1.0,20,40,15.810025453567505,0.0
1779527368.9333491,0.0,-0.2844886680750757,0.0,0.0,-0.25556606904202683,0.0,0.0,0.198,0.198,0.0,-0.27143534759174054,0.0,0.0,-0.28623399732707006,0.0,0.0,-0.1308996938995747,0.0,sine,1,0.3,1.0,20,40,15.820015907287598,0.0
1779527368.9433656,0.0,-0.28623399732707006,0.0,0.0,-0.1308996938995747,0.0,0.0,0.8712,-0.198,0.0,-0.26289120727384024,0.0,0.0,-0.28623399732707006,0.0,0.0,-0.020777729190408684,0.0,sine,1,0.3,1.0,20,40,15.830000877380371,0.0
1779527368.9534006,0.0,-0.28623399732707006,0.0,0.0,-0.020777729190408684,0.0,0.0,-0.5148,0.1584,0.0,-0.25328088406990595,0.0,0.0,-0.2844886680750757,0.0,0.0,0.078955370923553,0.0,sine,1,0.3,1.0,20,40,15.840017318725586,0.0
1779527368.9637492,0.0,-0.2844886680750757,0.0,0.0,0.078955370923553,0.0,0.0,0.7524000000000001,0.2376,0.0,-0.24264707660016632,0.0,0.0,-0.28099800957108706,0.0,0.0,0.2243994752564138,0.0020777729190408684,sine,1,0.3,1.0,20,40,15.85005235671997,0.0
1779527368.9733915,0.0,-0.28099800957108706,0.0,0.0,0.2243994752564138,0.0020777729190408684,-0.0396,0.5148,0.2376,0.0,-0.2306715340228503,0.0,0.0,-0.2775073510670984,0.0,0.0,0.33036589412749806,0.0020777729190408684,sine,1,0.3,1.0,20,40,15.860400915145874,0.0
1779527368.9833722,0.0,-0.2775073510670984,0.0,0.0,0.33036589412749806,0.0020777729190408684,0.0,-0.8712,-0.35639999999999994,0.0,-0.21863473710354406,0.0,0.0,-0.27401669256310973,0.0,-0.0020777729190408684,0.36568803375119285,0.0,sine,1,0.3,1.0,20,40,15.870043277740479,0.0
1779527368.993382,0.0,-0.27401669256310973,0.0,-0.0020777729190408684,0.36568803375119285,0.0,0.0,-1.4255999999999998,0.35639999999999994,0.0,-0.20533121173712418,0.0,0.0,-0.27052603405912107,0.0,0.0,0.4238656754843371,0.0,sine,1,0.3,1.0,20,40,15.880023956298828,0.0
1779527369.0033445,0.0,-0.27052603405912107,0.0,0.0,0.4238656754843371,0.0,0.0,0.8316,0.2376,0.0,-0.19117821547535158,0.0,0.0,-0.2635447170511438,0.0,0.0,0.6399540590645875,0.004155545838081737,sine,1,0.3,1.0,20,40,15.890033721923828,0.0
1779527369.0134227,0.0,-0.2635447170511438,0.0,0.0,0.6399540590645875,0.004155545838081737,-0.0396,-1.4255999999999998,-0.35639999999999994,0.0,-0.1763412474729356,0.0,0.0,-0.25481807079117214,0.0,0.0,0.7791648446403256,0.0,sine,1,0.3,1.0,20,40,15.899996280670166,0.0
1779527369.0233717,0.0,-0.25481807079117214,0.0,0.0,0.7791648446403256,0.0,-0.0792,0.0396,0.3168,0.0,-0.16062949649427613,0.0,0.0,-0.2478367537831948,0.0,0.0,0.772931525883203,0.0,sine,1,0.3,1.0,20,40,15.910074472427368,0.0
1779527369.0333478,0.0,-0.2478367537831948,0.0,0.0,0.772931525883203,0.0,-0.0396,-0.4752,0.396,0.0,-0.14448738031871253,0.0,0.0,-0.23736477827122884,0.0,0.0,0.9578533156778403,0.0,sine,1,0.3,1.0,20,40,15.920023441314697,0.0
1779527369.043345,0.0,-0.23736477827122884,0.0,0.0,0.9578533156778403,0.0,0.0,-1.3860000000000001,0.27720000000000006,0.0,-0.12773448688458333,0.0,0.0,-0.22689280275926285,0.0,0.0,1.0845974637393332,0.0,sine,1,0.3,1.0,20,40,15.929999589920044,0.0
1779527369.053435,0.0,-0.22689280275926285,0.0,0.0,1.0845974637393332,0.0,-0.0396,-1.2672,0.396,0.0,-0.11044311538961023,0.0,0.0,-0.21642082724729686,0.0,0.0,1.0513530970346794,0.0,sine,1,0.3,1.0,20,40,15.939996719360352,0.0
1779527369.0633688,0.0,-0.21642082724729686,0.0,0.0,1.0513530970346794,0.0,-0.1188,-1.0296,0.0396,0.0,-0.09254942077403505,0.0,0.0,-0.20245819323134226,0.0,0.0,1.2528970701816435,0.0,sine,1,0.3,1.0,20,40,15.950086832046509,0.0
1779527369.0733786,0.0,-0.20245819323134226,0.0,0.0,1.2528970701816435,0.0,-0.0396,-1.5444,0.2376,0.0,-0.07456946098983083,0.0,0.0,-0.18849555921538758,0.0,0.0,1.3671745807288913,0.0,sine,1,0.3,1.0,20,40,15.960020542144775,0.0
1779527369.0833483,0.0,-0.18849555921538758,0.0,0.0,1.3671745807288913,0.0,0.0,-2.2967999999999997,-0.396,0.0,-0.05615827646478595,0.0,0.0,-0.17453292519943295,0.0,0.0,1.4585965891666897,0.0,sine,1,0.3,1.0,20,40,15.970030307769775,0.0
1779527369.0933597,0.0,-0.17453292519943295,0.0,0.0,1.4585965891666897,0.0,-0.1188,-1.782,0.0792,0.0,-0.037599934400115095,0.0,0.0,-0.16057029118347835,0.0,0.0,1.3443190786194419,0.0,sine,1,0.3,1.0,20,40,15.980000019073486,0.0
1779527369.103365,0.0,-0.16057029118347835,0.0,0.0,1.3443190786194419,0.0,0.0396,-0.6336,-0.2376,0.0,-0.018815608830973465,0.0,0.0,-0.1466076571675237,0.0,0.0,1.3650968078098504,0.0,sine,1,0.3,1.0,20,40,15.99001145362854,0.0
1779527369.1133506,0.0,-0.1466076571675237,0.0,0.0,1.3650968078098504,0.0,0.0,-0.5544000000000001,-0.2376,0.0,3.145859031917953e-05,0.0,0.0,-0.1308996938995747,0.0,0.0,1.5604074621996922,0.0,sine,1,0.3,1.0,20,40,16.000016689300537,0.0
1779527369.1238372,0.0,-0.1308996938995747,0.0,0.0,1.5604074621996922,0.0,-0.0396,0.3168,-0.35639999999999994,0.0,0.01884162313212074,0.0,0.0,-0.11344640137963143,0.0,0.0,1.6975404748563894,0.0020777729190408684,sine,1,0.3,1.0,20,40,16.010002374649048,0.0
1779527369.133358,0.0,-0.11344640137963143,0.0,0.0,1.6975404748563894,0.0020777729190408684,-0.1584,-1.7424,-0.4356,0.0,0.0385142240328126,0.0,0.0,-0.09773843811168245,0.0,0.0,1.5894962830662642,-0.0020777729190408684,sine,1,0.3,1.0,20,40,16.02048897743225,0.0
1779527369.143349,0.0,-0.09773843811168245,0.0,0.0,1.5894962830662642,-0.0020777729190408684,0.0,-0.9107999999999999,-0.198,0.0,0.056232440671690344,0.0,0.0,-0.08028514559173917,0.0,0.0,1.7619514353466563,0.0,sine,1,0.3,1.0,20,40,16.030009746551514,0.0
1779527369.1533446,0.0,-0.08028514559173917,0.0,0.0,1.7619514353466563,0.0,-0.1188,-0.4752,-0.4356,0.0,0.07460820237079352,0.0,0.0,-0.06457718232379019,0.0,0.0,1.6372850602042042,0.0,sine,1,0.3,1.0,20,40,16.040000677108765,0.0
1779527369.1633842,0.0,-0.06457718232379019,0.0,0.0,1.6372850602042042,0.0,0.1188,-0.99,-0.1584,0.0,0.09269860161359146,0.0,0.0,-0.047123889803846894,0.0,0.0,1.7951958020513104,0.0,sine,1,0.3,1.0,20,40,16.049996376037598,0.0
1779527369.1733456,0.0,-0.047123889803846894,0.0,0.0,1.7951958020513104,0.0,0.0,0.3168,0.4356,0.0,0.1105003579631484,0.0,0.0,-0.027925268031909273,0.0,0.0,1.8637623083796588,0.0,sine,1,0.3,1.0,20,40,16.060035943984985,0.0
1779527369.1833591,0.0,-0.027925268031909273,0.0,0.0,1.8637623083796588,0.0,0.0,-1.8215999999999999,-0.35639999999999994,0.0,0.12772920058695633,0.0,0.0,-0.008726646259971648,0.0,0.0020777729190408684,1.9198621771937623,0.0,sine,1,0.3,1.0,20,40,16.069997310638428,0.0
1779527369.1933835,0.0,-0.008726646259971648,0.0,0.0020777729190408684,1.9198621771937623,0.0,-0.0396,0.0,-0.3168,0.0,0.14454409157202652,0.0,0.0,0.008726646259971648,0.0,0.0,1.8907733563271902,-0.0020777729190408684,sine,1,0.3,1.0,20,40,16.080010890960693,0.0
1779527369.2033505,0.0,0.008726646259971648,0.0,0.0,1.8907733563271902,-0.0020777729190408684,-0.1188,-2.7720000000000002,-0.396,0.0,0.16080405627780828,0.0,0.0,0.02617993877991494,0.0,0.0,1.7183182040467981,0.0,sine,1,0.3,1.0,20,40,16.09003520011902,0.0
1779527369.2133758,0.0,0.02617993877991494,0.0,0.0,1.7183182040467981,0.0,0.0,-0.5940000000000001,-0.27720000000000006,0.0,0.17633906602848845,0.0,0.0,0.04188790204786391,0.0,0.0,1.6539072435565312,0.0,sine,1,0.3,1.0,20,40,16.10000228881836,0.0
1779527369.223373,0.0,0.04188790204786391,0.0,0.0,1.6539072435565312,0.0,0.0,-0.0792,-0.35639999999999994,0.0,0.19126720961538354,0.0,0.0,0.04188790204786391,0.0,0.0,1.6539072435565312,0.0,sine,1,0.3,1.0,20,40,16.110027551651,0.0
1779527369.2333505,0.0,0.04188790204786391,0.0,0.0,1.6539072435565312,0.0,0.0,-0.0792,-0.35639999999999994,0.0,0.20539804294240827,0.0,0.0,0.07679448708775051,0.0,0.0,1.784806937456106,0.0,sine,1,0.3,1.0,20,40,16.12002468109131,0.0
1779527369.243374,0.0,0.07679448708775051,0.0,0.0,1.784806937456106,0.0,-0.1584,-1.5444,-0.5544000000000001,0.0,0.21869350464335205,0.0,0.0,0.09250245035569947,0.0,0.0,1.655985016475572,-0.0020777729190408684,sine,1,0.3,1.0,20,40,16.13000226020813,0.0
1779527369.2533464,0.0,0.09250245035569947,0.0,0.0,1.655985016475572,-0.0020777729190408684,0.0,0.27720000000000006,0.1188,0.0,0.2311850339081369,0.0,0.0,0.10995574287564278,0.0,0.0,1.72247374988488,0.0,sine,1,0.3,1.0,20,40,16.140025854110718,0.0
1779527369.2633824,0.0,0.10995574287564278,0.0,0.0,1.72247374988488,0.0,-0.198,-1.8612000000000002,0.4752,0.0,0.24270309071381624,0.0,0.0,0.12740903539558607,0.0,0.0,1.7016960206944711,0.0,sine,1,0.3,1.0,20,40,16.1499981880188,0.0
1779527369.2733457,0.0,0.12740903539558607,0.0,0.0,1.7016960206944711,0.0,-0.1188,0.35639999999999994,-0.4752,0.0,0.2533328936255715,0.0,0.0,0.14311699866353503,0.0,-0.0020777729190408684,1.57910741847106,0.0,sine,1,0.3,1.0,20,40,16.1600341796875,0.0
1779527369.2833605,0.0,0.14311699866353503,0.0,-0.0020777729190408684,1.57910741847106,0.0,0.0,-0.8712,-0.35639999999999994,0.0,0.2628896917150395,0.0,0.0,0.15707963267948966,0.0,-0.0020777729190408684,1.498074274628466,0.0,sine,1,0.3,1.0,20,40,16.169997453689575,0.0
1779527369.29335,0.0,0.15707963267948966,0.0,-0.0020777729190408684,1.498074274628466,0.0,0.0,-3.2472000000000003,-0.198,0.0,0.27145792730556983,0.0,0.0,0.1710422666954443,0.0,-0.0020777729190408684,1.4232744495429948,0.0,sine,1,0.3,1.0,20,40,16.180012226104736,0.0
1779527369.3033645,0.0,0.1710422666954443,0.0,-0.0020777729190408684,1.4232744495429948,0.0,0.0,-2.3760000000000003,-0.3168,0.0,0.27893414352320767,0.0,0.0,0.18500490071139894,0.0,0.0020777729190408684,1.3630190348908096,0.0,sine,1,0.3,1.0,20,40,16.190001726150513,0.0
1779527369.3133678,0.0,0.18500490071139894,0.0,0.0020777729190408684,1.3630190348908096,0.0,0.0396,-2.0988,-0.1584,0.0,0.28532642466381614,0.0,0.0,0.19722220547535924,0.0,0.0,1.2861414368862976,0.0,sine,1,0.3,1.0,20,40,16.200016260147095,0.0
1779527369.3233435,0.0,0.19722220547535924,0.0,0.0,1.2861414368862976,0.0,0.0,-1.9008,-0.198,0.0,0.29058412861314065,0.0,0.0,0.20943951023931953,0.0,0.0,1.2861414368862976,0.0,sine,1,0.3,1.0,20,40,16.21001958847046,0.0
1779527369.333347,0.0,0.20943951023931953,0.0,0.0,1.2861414368862976,0.0,-0.0792,-1.7028,-0.396,0.0,0.29468450097835536,0.0,0.0,0.22165681500327988,0.0,0.0,1.2362748868293167,0.0,sine,1,0.3,1.0,20,40,16.219995260238647,0.0
1779527369.3433602,0.0,0.22165681500327988,0.0,0.0,1.2362748868293167,0.0,-0.1584,-1.8215999999999999,-0.396,0.0,0.2976341332632631,0.0,0.0,0.23387411976724018,0.0,0.0,1.1614750617438454,0.0,sine,1,0.3,1.0,20,40,16.22999882698059,0.0
1779527369.35337,0.0,0.23387411976724018,0.0,0.0,1.1614750617438454,0.0,-0.1188,-1.9404,-0.198,0.0,0.29940942974545914,0.0,0.0,0.24434609527920614,0.0,0.0020777729190408684,1.0201865032490665,0.0020777729190408684,sine,1,0.3,1.0,20,40,16.2400119304657,0.0
1779527369.3634062,0.0,0.24434609527920614,0.0,0.0020777729190408684,1.0201865032490665,0.0020777729190408684,-0.0396,-1.7028,0.27720000000000006,0.0,0.2999999972125058,0.0,0.0,0.2530727415391778,0.0,0.0,0.9142200843779821,0.0,sine,1,0.3,1.0,20,40,16.2500216960907,0.0
1779527369.3733494,0.0,0.2530727415391778,0.0,0.0,0.9142200843779821,0.0,-0.0396,-0.1584,-0.198,0.0,0.2994011427093154,0.0,0.0,0.26005405854715513,0.0,0.0,0.8061758925878569,0.0,sine,1,0.3,1.0,20,40,16.26005792617798,0.0
1779527369.383355,0.0,0.26005405854715513,0.0,0.0,0.8061758925878569,0.0,0.0,-1.4255999999999998,-0.35639999999999994,0.0,0.29763413326326327,0.0,0.0,0.2670353755551324,0.0,0.0,0.7085205653929361,0.0,sine,1,0.3,1.0,20,40,16.27000117301941,0.0
1779527369.3933473,0.0,0.2670353755551324,0.0,0.0,0.7085205653929361,0.0,-0.0396,-0.6732,-0.4356,0.0,0.29468382716607544,0.0,0.0,0.27227136331111546,0.0,0.0,0.6108652381980153,0.0,sine,1,0.3,1.0,20,40,16.280006647109985,0.0
1779527369.4033751,0.0,0.27227136331111546,0.0,0.0,0.6108652381980153,0.0,-0.1188,-1.2276,-0.2376,0.0,0.2905754132684116,0.0,0.0,0.2775073510670984,0.0,0.0,0.4882766359746041,0.0,sine,1,0.3,1.0,20,40,16.28999900817871,0.0
1779527369.4133155,0.0,0.2775073510670984,0.0,0.0,0.4882766359746041,0.0,-0.0396,0.3168,-0.396,0.0,0.2853012857328866,0.0,0.0,0.28099800957108706,0.0,-0.0020777729190408684,0.39685462753680584,0.0,sine,1,0.3,1.0,20,40,16.300026893615723,0.0
1779527369.4233644,0.0,0.28099800957108706,0.0,-0.0020777729190408684,0.39685462753680584,0.0,0.0,-1.5048000000000001,-0.1188,0.0,0.2789556446208596,0.0,0.0,0.2844886680750757,0.0,-0.0020777729190408684,0.26595493363723116,0.0,sine,1,0.3,1.0,20,40,16.309967279434204,0.0
1779527369.4333494,0.0,0.2844886680750757,0.0,-0.0020777729190408684,0.26595493363723116,0.0,-0.0396,-1.6236000000000002,-0.27720000000000006,0.0,0.2714351562019911,0.0,0.0,0.28623399732707006,0.0,0.0,0.18907733563271903,0.0,sine,1,0.3,1.0,20,40,16.320016145706177,0.0
1779527369.443378,0.0,0.28623399732707006,0.0,0.0,0.18907733563271903,0.0,0.0396,1.2276,-0.35639999999999994,0.0,0.2628909907672097,0.0,0.0,0.28623399732707006,0.0,0.0,0.04571100421889911,0.0,sine,1,0.3,1.0,20,40,16.33000111579895,0.0
1779527369.4533467,0.0,0.28623399732707006,0.0,0.0,0.04571100421889911,0.0,-0.0396,1.4652,-0.4752,0.0,0.25326835929023933,0.0,0.0,0.2844886680750757,0.0,0.0020777729190408684,-0.08311091676163473,0.0,sine,1,0.3,1.0,20,40,16.3400297164917,0.0
1779527369.463362,0.0,0.2844886680750757,0.0,0.0020777729190408684,-0.08311091676163473,0.0,0.0,2.2572,-0.5148,0.0,0.24270678889748848,0.0,0.0,0.28274333882308134,0.0,0.0,-0.22647724817545464,-0.0020777729190408684,sine,1,0.3,1.0,20,40,16.349998474121094,0.0
1779527369.4735532,0.0,0.28274333882308134,0.0,0.0,-0.22647724817545464,-0.0020777729190408684,0.0,2.0592,-0.5148,0.0,0.2311374831218908,0.0,0.0,0.2792526803190927,0.0,0.0,-0.3345214399655798,0.0,sine,1,0.3,1.0,20,40,16.360013723373413,0.0
1779527369.4833705,0.0,0.2792526803190927,0.0,0.0,-0.3345214399655798,0.0,0.0396,0.7524000000000001,-0.396,0.0,0.21842598321758608,0.0,0.0,0.27401669256310973,0.0,-0.0020777729190408684,-0.4591878151080319,0.0,sine,1,0.3,1.0,20,40,16.37020492553711,0.0
1779527369.4933448,0.0,0.27401669256310973,0.0,-0.0020777729190408684,-0.4591878151080319,0.0,-0.1584,0.7524000000000001,-0.5148,0.0,0.2053335052825018,0.0,0.0,0.2687807048071268,0.0,-0.0020777729190408684,-0.5672320068981571,0.0,sine,1,0.3,1.0,20,40,16.380022287368774,0.0
1779527369.5033646,0.0,0.2687807048071268,0.0,-0.0020777729190408684,-0.5672320068981571,0.0,-0.1188,1.4652,-0.396,0.0,0.19123223864530278,0.0,0.0,0.2617993877991494,0.0,0.0,-0.5609986881410345,0.0,sine,1,0.3,1.0,20,40,16.38999652862549,0.0
1779527369.5133643,0.0,0.2617993877991494,0.0,0.0,-0.5609986881410345,0.0,-0.1584,1.0296,-0.5940000000000001,0.0,0.17631070595436815,0.0,0.0,0.25656340004316647,0.0,0.0,-0.6357985132265057,-0.0020777729190408684,sine,1,0.3,1.0,20,40,16.40001630783081,0.0
1779527369.523345,0.0,0.25656340004316647,0.0,0.0,-0.6357985132265057,-0.0020777729190408684,-0.198,1.7424,-0.5544000000000001,0.0,0.1607224780519613,0.0,0.0,0.24609142453120048,0.0,0.0,-0.8560424426448378,-0.0020777729190408684,sine,1,0.3,1.0,20,40,16.41001605987549,0.0
1779527369.5333858,0.0,0.24609142453120048,0.0,0.0,-0.8560424426448378,-0.0020777729190408684,0.1188,1.2672,-0.27720000000000006,0.0,0.1445314896524692,0.0,0.0,0.23736477827122884,0.0,0.0,-0.9890199094634533,0.0,sine,1,0.3,1.0,20,40,16.419996738433838,0.0
1779527369.5437427,0.0,0.23736477827122884,0.0,0.0,-0.9890199094634533,0.0,0.0,0.5940000000000001,-0.3168,0.0,0.1276698280717425,0.0,0.0,0.22689280275926285,0.0,0.0,-0.9557755427587995,0.0,sine,1,0.3,1.0,20,40,16.43003749847412,0.0
1779527369.5533822,0.0,0.22689280275926285,0.0,0.0,-0.9557755427587995,0.0,0.2376,0.2376,-0.4752,0.0,0.10974580423450477,0.0,0.0,0.21467549799530256,0.0,0.0,-1.153163970067682,-0.0020777729190408684,sine,1,0.3,1.0,20,40,16.440394401550293,0.0
1779527369.5633469,0.0,0.21467549799530256,0.0,0.0,-1.153163970067682,-0.0020777729190408684,-0.198,-0.0396,-0.27720000000000006,0.0,0.09264431810664292,0.0,0.0,0.20420352248333656,0.0,0.0,-1.1095307387678237,0.0,sine,1,0.3,1.0,20,40,16.45003390312195,0.0
1779527369.5733464,0.0,0.20420352248333656,0.0,0.0,-1.1095307387678237,0.0,-0.27720000000000006,0.9107999999999999,-0.5940000000000001,0.0,0.074609508236943,0.0,0.0,0.19198621771937624,0.0,0.0,-1.1822527909342542,0.0,sine,1,0.3,1.0,20,40,16.459998607635498,0.0
1779527369.5835335,0.0,0.19198621771937624,0.0,0.0,-1.1822527909342542,0.0,0.2376,0.27720000000000006,-0.4752,0.0,0.05621787298342012,0.0,0.0,0.17802358370342164,0.0,0.0,-1.4149633578668315,-0.004155545838081737,sine,1,0.3,1.0,20,40,16.469998121261597,0.0
1779527369.5933478,0.0,0.17802358370342164,0.0,0.0,-1.4149633578668315,-0.004155545838081737,0.0,-0.3168,-0.0396,0.0,0.03725347211956187,0.0,0.0,0.16406094968746698,0.0,0.0,-1.3671745807288913,0.004155545838081737,sine,1,0.3,1.0,20,40,16.48018527030945,0.0
1779527369.6033673,0.0,0.16406094968746698,0.0,0.0,-1.3671745807288913,0.004155545838081737,0.27720000000000006,0.9107999999999999,0.5544000000000001,0.0,0.01883803496110752,0.0,0.0,0.14835298641951802,0.0,0.0,-1.5874185101472233,-0.004155545838081737,sine,1,0.3,1.0,20,40,16.489999532699585,0.0
1779527369.6133807,0.0,0.14835298641951802,0.0,0.0,-1.5874185101472233,-0.004155545838081737,0.0,0.0,0.27720000000000006,0.0,-3.595267462847249e-05,0.0,0.0,0.1343903524035634,0.0,0.0,-1.4648299079238123,0.0,sine,1,0.3,1.0,20,40,16.500019073486328,0.0
1779527369.6233711,0.0,0.1343903524035634,0.0,0.0,-1.4648299079238123,0.0,0.198,2.0592,0.4356,0.0,-0.018898136468353737,0.0,0.0,0.11693705988362009,0.0,0.0,-1.6788405185850217,0.0,sine,1,0.3,1.0,20,40,16.510032415390015,0.0
1779527369.6333776,0.0,0.11693705988362009,0.0,0.0,-1.6788405185850217,0.0,-0.1188,0.27720000000000006,-0.1188,0.0,-0.03764273702436564,0.0,0.0,0.0994837673636768,0.0,0.0,-1.7536403436704928,0.0,sine,1,0.3,1.0,20,40,16.520022869110107,0.0
1779527369.643357,0.0,0.0994837673636768,0.0,0.0,-1.7536403436704928,0.0,0.0,1.0296,0.0,0.0,-0.05626863857475594,0.0,0.0,0.08203047484373349,0.0,0.0,-1.6642961081517356,0.004155545838081737,sine,1,0.3,1.0,20,40,16.530029296875,0.0
1779527369.6534545,0.0,0.08203047484373349,0.0,0.0,-1.6642961081517356,0.004155545838081737,0.1188,1.7028,0.4752,0.0,-0.07462300209886154,0.0,0.0,0.06457718232379019,0.0,0.0,-1.8201290770798007,-0.004155545838081737,sine,1,0.3,1.0,20,40,16.540008783340454,0.0
1779527369.6633434,0.0,0.06457718232379019,0.0,0.0,-1.8201290770798007,-0.004155545838081737,0.0,-0.1188,0.1584,0.0,-0.09289561826076076,0.0,0.0,0.047123889803846894,0.0,0.0,-1.67468497274694,0.0,sine,1,0.3,1.0,20,40,16.550106287002563,0.0
1779527369.6733172,0.0,0.047123889803846894,0.0,0.0,-1.67468497274694,0.0,0.0792,1.6632,-0.3168,0.0,-0.1104289084828955,0.0,0.0,0.029670597283903605,0.0,0.0,-1.8409068062702094,-0.0020777729190408684,sine,1,0.3,1.0,20,40,16.55999517440796,0.0
1779527369.6834085,0.0,0.029670597283903605,0.0,0.0,-1.8409068062702094,-0.0020777729190408684,0.0,-0.2376,0.1188,0.0,-0.12768080838079757,0.0,0.0,0.012217304763960306,0.0,0.0,-1.7141626582087164,0.0,sine,1,0.3,1.0,20,40,16.569968938827515,0.0
1779527369.6933432,0.0,0.012217304763960306,0.0,0.0,-1.7141626582087164,0.0,0.1188,2.3760000000000003,-0.2376,0.0,-0.14462560221412926,0.0,0.0,-0.003490658503988659,0.0,0.0,-1.7307848415610434,0.0,sine,1,0.3,1.0,20,40,16.580060243606567,0.0
1779527369.7033424,0.0,-0.003490658503988659,0.0,0.0,-1.7307848415610434,0.0,0.1188,0.8316,-0.2376,0.0,-0.1607399334001898,0.0,0.0,-0.022689280275926284,0.0,-0.0020777729190408684,-1.8637623083796588,-0.004155545838081737,sine,1,0.3,1.0,20,40,16.58999490737915,0.0
1779527369.7133586,0.0,-0.022689280275926284,0.0,-0.0020777729190408684,-1.8637623083796588,-0.004155545838081737,0.0,0.792,0.0792,0.0,-0.17632670424087118,0.0,0.0,-0.038397243543875255,0.0,0.0020777729190408684,-1.7183182040467981,0.0,sine,1,0.3,1.0,20,40,16.59999418258667,0.0
1779527369.723345,0.0,-0.038397243543875255,0.0,0.0020777729190408684,-1.7183182040467981,0.0,0.1188,1.3860000000000001,-0.35639999999999994,0.0,-0.191242280262987,0.0,0.0,-0.05759586531581287,0.0,0.0,-1.8367512604321277,-0.0020777729190408684,sine,1,0.3,1.0,20,40,16.610010385513306,0.0
1779527369.7334914,0.0,-0.05759586531581287,0.0,0.0,-1.8367512604321277,-0.0020777729190408684,0.0,-0.0792,-0.198,0.0,-0.2053597156260637,0.0,0.0,-0.07504915783575616,0.0,0.0,-1.847140125027332,0.0,sine,1,0.3,1.0,20,40,16.619996786117554,0.0
1779527369.7433596,0.0,-0.07504915783575616,0.0,0.0,-1.847140125027332,0.0,0.0,1.3464,-0.0792,0.0,-0.21887523213664498,0.0,0.0,-0.09250245035569947,0.0,0.0,-1.720395976965839,0.004155545838081737,sine,1,0.3,1.0,20,40,16.63014316558838,0.0
1779527369.7533467,0.0,-0.09250245035569947,0.0,0.0,-1.720395976965839,0.004155545838081737,0.1188,0.2376,-0.35639999999999994,0.0,-0.2311675620877445,0.0,0.0,-0.10995574287564278,0.0,0.0,-1.7598736624276154,0.0,sine,1,0.3,1.0,20,40,16.640011310577393,0.0
1779527369.763348,0.0,-0.10995574287564278,0.0,0.0,-1.7598736624276154,0.0,0.0,0.0,-0.3168,0.0,-0.24270335487333344,0.0,0.0,-0.12566370614359174,0.0,0.0,-1.5894962830662642,-0.0020777729190408684,sine,1,0.3,1.0,20,40,16.649998426437378,0.0
1779527369.7733524,0.0,-0.12566370614359174,0.0,0.0,-1.5894962830662642,-0.0020777729190408684,0.0792,1.3860000000000001,0.198,0.0,-0.25329822353523657,0.0,0.0,-0.14311699866353503,0.0,0.0,-1.6435183789613268,0.0,sine,1,0.3,1.0,20,40,16.65999984741211,0.0
1779527369.7834985,0.0,-0.14311699866353503,0.0,0.0,-1.6435183789613268,0.0,0.0396,0.27720000000000006,0.0,0.0,-0.2628957537767941,0.0,0.0,-0.158824961931484,0.0,0.0,-1.5978073747424277,0.0,sine,1,0.3,1.0,20,40,16.67000412940979,0.0
1779527369.7933524,0.0,-0.158824961931484,0.0,0.0,-1.5978073747424277,0.0,0.0,0.792,-0.1188,0.0,-0.27156859805248396,0.0,0.0,-0.17278759594743864,0.0,0.0,-1.4710632266809347,0.0,sine,1,0.3,1.0,20,40,16.680150270462036,0.0
1779527369.8033435,0.0,-0.17278759594743864,0.0,0.0,-1.4710632266809347,0.0,0.1584,0.6336,-0.2376,0.0,-0.2789357978293776,0.0,0.0,-0.1867502299633933,0.0,-0.0020777729190408684,-1.4606743620857305,0.0,sine,1,0.3,1.0,20,40,16.690004110336304,0.0
1779527369.813455,0.0,-0.1867502299633933,0.0,-0.0020777729190408684,-1.4606743620857305,0.0,0.0792,0.5940000000000001,-0.4752,0.0,-0.28531420504113725,0.0,0.0,-0.20071286397934787,0.0,0.0,-1.3110747119147879,0.0,sine,1,0.3,1.0,20,40,16.699995279312134,0.0
1779527369.8235233,0.0,-0.20071286397934787,0.0,0.0,-1.3110747119147879,0.0,0.198,1.1880000000000002,0.3168,0.0,-0.29062497070616333,0.0,0.0,-0.21293016874330822,0.0,0.0,-1.2882192098053384,0.0,sine,1,0.3,1.0,20,40,16.71010684967041,0.0
1779527369.8333492,0.0,-0.21293016874330822,0.0,0.0,-1.2882192098053384,0.0,-0.0396,0.7127999999999999,0.1188,0.0,-0.294747817798515,0.0,0.0,-0.2234021442552742,0.0,0.0,-1.1344640137963142,0.0,sine,1,0.3,1.0,20,40,16.72017502784729,0.0
1779527369.843384,0.0,-0.2234021442552742,0.0,0.0,-1.1344640137963142,0.0,0.1584,1.4652,-0.27720000000000006,0.0,-0.2976346401980976,0.0,0.0,-0.23561944901923448,0.0,0.0,-1.1136862846059055,0.0,sine,1,0.3,1.0,20,40,16.730000972747803,0.0
1779527369.8534994,0.0,-0.23561944901923448,0.0,0.0,-1.1136862846059055,0.0,0.0396,-0.0792,0.2376,0.0,-0.29941224488266216,0.0,0.0,-0.24434609527920614,0.0,0.0,-0.9807088177872899,0.0,sine,1,0.3,1.0,20,40,16.74003577232361,0.0
1779527369.863465,0.0,-0.24434609527920614,0.0,0.0,-0.9807088177872899,0.0,0.0396,0.3168,0.2376,0.0,-0.299999864696301,0.0,0.0,-0.2530727415391778,0.0,0.0,-0.8955201281066143,0.0,sine,1,0.3,1.0,20,40,16.75015115737915,0.0
1779527369.873345,0.0,-0.2530727415391778,0.0,0.0,-0.8955201281066143,0.0,0.0,1.3068,0.4752,0.0,-0.29939411190164894,0.0,0.0,-0.26005405854715513,0.0,0.0,-0.8040981196688161,0.0,sine,1,0.3,1.0,20,40,16.760116815567017,0.0
1779527369.883371,0.0,-0.26005405854715513,0.0,0.0,-0.8040981196688161,0.0,0.0396,0.4356,-0.396,0.0,-0.2976352033955734,0.0,0.0,-0.2670353755551324,0.0,0.0020777729190408684,-0.7085205653929361,0.0,sine,1,0.3,1.0,20,40,16.769996643066406,0.0
1779527369.8933764,0.0,-0.2670353755551324,0.0,0.0020777729190408684,-0.7085205653929361,0.0,0.0,0.4752,0.27720000000000006,0.0,-0.2946780980529172,0.0,0.0,-0.27401669256310973,0.0,-0.0020777729190408684,-0.6108652381980153,0.0,sine,1,0.3,1.0,20,40,16.780022859573364,0.0
1779527369.9033873,0.0,-0.27401669256310973,0.0,-0.0020777729190408684,-0.6108652381980153,0.0,0.0,0.5544000000000001,0.4356,0.0,-0.29056177362008,0.0,0.0,-0.2775073510670984,0.0,0.0,-0.4986655005698084,0.0,sine,1,0.3,1.0,20,40,16.79002809524536,0.0
1779527369.913348,0.0,-0.2775073510670984,0.0,0.0,-0.4986655005698084,0.0,0.0,1.4652,-0.27720000000000006,0.0,-0.28529419859995875,0.0,0.0,-0.28099800957108706,0.0,0.0,-0.363610260832152,0.0,sine,1,0.3,1.0,20,40,16.800039052963257,0.0
1779527369.9233458,0.0,-0.28099800957108706,0.0,0.0,-0.363610260832152,0.0,0.0396,0.5544000000000001,0.396,0.0,-0.27893315090946025,0.0,0.0,-0.2844886680750757,0.0,0.0,-0.2950437545038033,0.0020777729190408684,sine,1,0.3,1.0,20,40,16.809999704360962,0.0
1779527369.9333649,0.0,-0.2844886680750757,0.0,0.0,-0.2950437545038033,0.0020777729190408684,-0.0396,0.1584,0.198,0.0,-0.27145008277333055,0.0,0.0,-0.28623399732707006,0.0,0.0,-0.14544410433286079,0.0,sine,1,0.3,1.0,20,40,16.819997549057007,0.0
1779527369.9433682,0.0,-0.28623399732707006,0.0,0.0,-0.14544410433286079,0.0,0.0,0.792,0.35639999999999994,0.0,-0.26287691657082335,0.0,0.0,-0.28623399732707006,0.0,0.0,-0.07064427924738953,0.0,sine,1,0.3,1.0,20,40,16.830016613006592,0.0
1779527369.953342,0.0,-0.28623399732707006,0.0,0.0,-0.07064427924738953,0.0,0.0,1.1880000000000002,-0.3168,0.0,-0.25327823472545286,0.0,0.0,-0.28623399732707006,0.0,0.0,0.008311091676163474,0.0,sine,1,0.3,1.0,20,40,16.840019941329956,0.0
1779527369.963354,0.0,-0.28623399732707006,0.0,0.0,0.008311091676163474,0.0,0.0,-0.6336,0.1584,0.0,-0.24271207183183663,0.0,0.0,-0.2844886680750757,0.0,0.0,0.11635528346628862,0.0,sine,1,0.3,1.0,20,40,16.84999370574951,0.0
1779527369.9733462,0.0,-0.2844886680750757,0.0,0.0,0.11635528346628862,0.0,0.0,0.396,0.0792,0.0,-0.231146937127403,0.0,0.0,-0.28274333882308134,0.0,0.0,0.24102165860874072,0.0,sine,1,0.3,1.0,20,40,16.860005855560303,0.0
1779527369.9833415,0.0,-0.28274333882308134,0.0,0.0,0.24102165860874072,0.0,0.0,0.4356,0.1188,0.0,-0.21869319700651665,0.0,0.0,-0.2775073510670984,0.0,0.0,0.3490658503988659,0.0,sine,1,0.3,1.0,20,40,16.86999797821045,0.0
1779527369.9933543,0.0,-0.2775073510670984,0.0,0.0,0.3490658503988659,0.0,0.0,-0.8712,0.3168,0.0,-0.2053734748757726,0.0,0.0,-0.27227136331111546,0.0,0.0,0.5713875527362388,-0.0020777729190408684,sine,1,0.3,1.0,20,40,16.879993200302124,0.0
1779527370.0033493,0.0,-0.27227136331111546,0.0,0.0,0.5713875527362388,-0.0020777729190408684,0.0,-0.6732,0.198,0.0,-0.1912183875459336,0.0,0.0,-0.26529004630313807,0.0,0.0,0.7085205653929361,0.0,sine,1,0.3,1.0,20,40,16.890006065368652,0.0
1779527370.013355,0.0,-0.26529004630313807,0.0,0.0,0.7085205653929361,0.0,-0.0792,-1.2672,0.1188,0.0,-0.1763339759360458,0.0,0.0,-0.25830872929516074,0.0,0.0,0.7043650195548544,0.0,sine,1,0.3,1.0,20,40,16.900001049041748,0.0
1779527370.0233724,0.0,-0.25830872929516074,0.0,0.0,0.7043650195548544,0.0,-0.0396,0.35639999999999994,0.1188,0.0,-0.16073727720078282,0.0,0.0,-0.24958208303518914,0.0,-0.0020777729190408684,0.7666982071260804,0.0,sine,1,0.3,1.0,20,40,16.910006761550903,0.0
1779527370.0333464,0.0,-0.24958208303518914,0.0,-0.0020777729190408684,0.7666982071260804,0.0,0.0,-1.1483999999999999,0.1584,0.0,-0.14448619876276655,0.0,0.0,-0.23911010752322315,0.0,0.0,0.9765532719492082,0.0,sine,1,0.3,1.0,20,40,16.920024156570435,0.0
1779527370.0433717,0.0,-0.23911010752322315,0.0,0.0,0.9765532719492082,0.0,-0.1188,-1.3860000000000001,0.3168,0.0,-0.12773692669791392,0.0,0.0,-0.2303834612632515,0.0,-0.0020777729190408684,0.9723977261111264,-0.0020777729190408684,sine,1,0.3,1.0,20,40,16.92999815940857,0.0
1779527370.0533874,0.0,-0.2303834612632515,0.0,-0.0020777729190408684,0.9723977261111264,-0.0020777729190408684,-0.0792,0.0396,0.198,0.0,-0.11039631508512097,0.0,0.0,-0.2303834612632515,0.0,-0.0020777729190408684,0.9723977261111264,-0.0020777729190408684,sine,1,0.3,1.0,20,40,16.94002342224121,0.0
1779527370.0633438,0.0,-0.2303834612632515,0.0,-0.0020777729190408684,0.9723977261111264,-0.0020777729190408684,-0.0792,0.0396,0.198,0.0,-0.0926349143236883,0.0,0.0,-0.20420352248333656,0.0,0.0,1.308996938995747,0.0,sine,1,0.3,1.0,20,40,16.95003914833069,0.0
1779527370.073496,0.0,-0.20420352248333656,0.0,0.0,1.308996938995747,0.0,-0.0396,-0.35639999999999994,-0.4356,0.0,-0.07461516697282397,0.0,0.0,-0.19024088846738194,0.0,0.0020777729190408684,1.4128855849477906,0.0,sine,1,0.3,1.0,20,40,16.95999550819397,0.0
1779527370.0833435,0.0,-0.19024088846738194,0.0,0.0020777729190408684,1.4128855849477906,0.0,-0.198,-2.4552,0.0792,0.0,-0.055940619317360496,0.0,0.0,-0.1762782544514273,0.0,-0.0020777729190408684,1.3193858035909514,0.0,sine,1,0.3,1.0,20,40,16.970147848129272,0.0
1779527370.0933506,0.0,-0.1762782544514273,0.0,-0.0020777729190408684,1.3193858035909514,0.0,0.0,-2.0988,0.1188,0.0,-0.03760885167765838,0.0,0.0,-0.16406094968746698,0.0,0.0,1.3380857598623193,0.0,sine,1,0.3,1.0,20,40,16.979995250701904,0.0
1779527370.1033773,0.0,-0.16406094968746698,0.0,0.0,1.3380857598623193,0.0,-0.0792,-2.2572,-0.198,0.0,-0.01883265269950768,0.0,0.0,-0.14835298641951802,0.0,0.0,1.53131864133312,0.0,sine,1,0.3,1.0,20,40,16.990002393722534,0.0
1779527370.1133516,0.0,-0.14835298641951802,0.0,0.0,1.53131864133312,0.0,-0.1188,-0.9504,-0.27720000000000006,0.0,5.4827828637148876e-05,0.0,0.0,-0.13264502315156904,0.0,0.0,1.4793743183570982,0.0,sine,1,0.3,1.0,20,40,17.00002908706665,0.0
1779527370.1234832,0.0,-0.13264502315156904,0.0,0.0,1.4793743183570982,0.0,0.0396,0.6336,0.1188,0.0,0.018843417216615324,0.0,0.0,-0.11693705988362009,0.0,0.0020777729190408684,1.6788405185850217,0.0,sine,1,0.3,1.0,20,40,17.010003328323364,0.0
1779527370.1333635,0.0,-0.11693705988362009,0.0,0.0020777729190408684,1.6788405185850217,0.0,-0.1584,-0.9504,-0.35639999999999994,0.0,0.03785228028651278,0.0,0.0,-0.09773843811168245,0.0,0.0,1.7744180728609016,0.0,sine,1,0.3,1.0,20,40,17.020134925842285,0.0
1779527370.143346,0.0,-0.09773843811168245,0.0,0.0,1.7744180728609016,0.0,-0.1584,-1.1483999999999999,0.1584,0.0,0.05624259382770627,0.0,0.0,-0.08203047484373349,0.0,-0.0020777729190408684,1.6518294706374903,-0.0020777729190408684,sine,1,0.3,1.0,20,40,17.030015230178833,0.0
1779527370.1533408,0.0,-0.08203047484373349,0.0,-0.0020777729190408684,1.6518294706374903,-0.0020777729190408684,0.0,0.1188,0.0792,0.0,0.07460297889114695,0.0,0.0,-0.06457718232379019,0.0,0.0,1.7889624832941877,0.0020777729190408684,sine,1,0.3,1.0,20,40,17.039997816085815,0.0
1779527370.1635141,0.0,-0.06457718232379019,0.0,0.0,1.7889624832941877,0.0020777729190408684,-0.0792,-1.5048000000000001,-0.35639999999999994,0.0,0.09269176293126072,0.0,0.0,-0.04537856055185257,0.0,0.0,1.8346734875130868,0.0,sine,1,0.3,1.0,20,40,17.049992561340332,0.0
1779527370.1733534,0.0,-0.04537856055185257,0.0,0.0,1.8346734875130868,0.0,-0.0396,0.1188,-0.5544000000000001,0.0,0.11072802866214582,0.0,0.0,-0.027925268031909273,0.0,0.0,1.737018160318166,-0.0020777729190408684,sine,1,0.3,1.0,20,40,17.060165882110596,0.0
1779527370.1833706,0.0,-0.027925268031909273,0.0,0.0,1.737018160318166,-0.0020777729190408684,0.0,-2.2967999999999997,0.2376,0.0,0.1277426195555595,0.0,0.0,-0.010471975511965978,0.0,0.0,1.8554512167034956,0.0020777729190408684,sine,1,0.3,1.0,20,40,17.070005178451538,0.0
1779527370.1933436,0.0,-0.010471975511965978,0.0,0.0,1.8554512167034956,0.0020777729190408684,-0.1188,-0.9107999999999999,-0.3168,0.0,0.1445629938285672,0.0,0.0,0.006981317007977318,0.0,0.0,1.8886955834081494,0.0,sine,1,0.3,1.0,20,40,17.08002233505249,0.0
1779527370.2033558,0.0,0.006981317007977318,0.0,0.0,1.8886955834081494,0.0,-0.1584,-2.7324,-0.4356,0.0,0.16074069231106036,0.0,0.0,0.024434609527920613,0.0,0.0,1.7266292957229616,0.0,sine,1,0.3,1.0,20,40,17.08999538421631,0.0
1779527370.2133398,0.0,0.024434609527920613,0.0,0.0,1.7266292957229616,0.0,-0.0396,-1.3068,0.2376,0.0,0.17634706458847801,0.0,0.0,0.04188790204786391,0.0,-0.0020777729190408684,1.8097402124845963,0.0020777729190408684,sine,1,0.3,1.0,20,40,17.1000075340271,0.0
1779527370.223345,0.0,0.04188790204786391,0.0,-0.0020777729190408684,1.8097402124845963,0.0020777729190408684,0.1188,-0.5544000000000001,-0.3168,0.0,0.19121492466381237,0.0,0.0,0.05934119456780721,0.0,0.0,1.7058515665325529,0.0,sine,1,0.3,1.0,20,40,17.109991550445557,0.0
1779527370.2333457,0.0,0.05934119456780721,0.0,0.0,1.7058515665325529,0.0,-0.0396,-1.7028,-0.1584,0.0,0.20535971562606442,0.0,0.0,0.07504915783575616,0.0,0.0,1.672607199827899,0.0,sine,1,0.3,1.0,20,40,17.119996786117554,0.0
1779527370.2433438,0.0,0.07504915783575616,0.0,0.0,1.672607199827899,0.0,0.0,-1.584,-0.198,0.0,0.218687351813391,0.0,0.0,0.09424777960769379,0.0,0.0,1.749484797832411,0.0020777729190408684,sine,1,0.3,1.0,20,40,17.129997491836548,0.0
1779527370.2533672,0.0,0.09424777960769379,0.0,0.0,1.749484797832411,0.0020777729190408684,-0.0396,-0.4752,-0.27720000000000006,0.0,0.2311486559768043,0.0,0.0,0.1117010721276371,0.0,0.0,1.7453292519943295,0.0,sine,1,0.3,1.0,20,40,17.139995574951172,0.0
1779527370.2633438,0.0,0.1117010721276371,0.0,0.0,1.7453292519943295,0.0,-0.1584,-1.6632,-0.2376,0.0,0.24272607055418216,0.0,0.0,0.12566370614359174,0.0,0.0,1.5874185101472233,0.0,sine,1,0.3,1.0,20,40,17.15001893043518,0.0
1779527370.2734938,0.0,0.12566370614359174,0.0,0.0,1.5874185101472233,0.0,0.0,0.27720000000000006,-0.1584,0.0,0.25329388894514854,0.0,0.0,0.14311699866353503,0.0,0.0,1.6352072872851635,0.0,sine,1,0.3,1.0,20,40,17.159995555877686,0.0
1779527370.2833426,0.0,0.14311699866353503,0.0,0.0,1.6352072872851635,0.0,-0.1188,-0.8316,-0.3168,0.0,0.2630240309403528,0.0,0.0,0.158824961931484,0.0,-0.004155545838081737,1.6144295580947547,0.0,sine,1,0.3,1.0,20,40,17.170145511627197,0.0
1779527370.2933404,0.0,0.158824961931484,0.0,-0.004155545838081737,1.6144295580947547,0.0,0.0,-2.2176000000000005,-0.4356,0.0,0.27144357677479414,0.0,0.0,0.17453292519943295,0.0,0.0,1.5604074621996922,0.0,sine,1,0.3,1.0,20,40,17.179994344711304,0.0
1779527370.303474,0.0,0.17453292519943295,0.0,0.0,1.5604074621996922,0.0,-0.0396,-1.1088000000000002,-0.198,0.0,0.2789275256725763,0.0,0.0,0.18849555921538758,0.0,-0.0020777729190408684,1.4585965891666897,0.0,sine,1,0.3,1.0,20,40,17.18999218940735,0.0
1779527370.3133771,0.0,0.18849555921538758,0.0,-0.0020777729190408684,1.4585965891666897,0.0,0.0,0.396,-0.198,0.0,0.2853900807192737,0.0,0.0,0.20245819323134226,0.0,0.0,1.373407899486014,0.0,sine,1,0.3,1.0,20,40,17.200125694274902,0.0
1779527370.323341,0.0,0.20245819323134226,0.0,0.0,1.373407899486014,0.0,-0.0396,0.1584,-0.3168,0.0,0.29058848479775473,0.0,0.0,0.21467549799530256,0.0,0.004155545838081737,1.2819858910482158,0.0,sine,1,0.3,1.0,20,40,17.210028886795044,0.0
1779527370.3334858,0.0,0.21467549799530256,0.0,0.004155545838081737,1.2819858910482158,0.0,-0.1584,0.1584,-0.198,0.0,0.29468357447555865,0.0,0.0,0.22514747350726852,0.0,0.0,1.1448528783915184,0.0,sine,1,0.3,1.0,20,40,17.219992637634277,0.0
1779527370.3433812,0.0,0.22514747350726852,0.0,0.0,1.1448528783915184,0.0,-0.198,-0.1584,-0.3168,0.0,0.2976668036745676,0.0,0.0,0.23561944901923448,0.0,0.0,1.0471975511965976,0.0,sine,1,0.3,1.0,20,40,17.230137586593628,0.0
1779527370.3533397,0.0,0.23561944901923448,0.0,0.0,1.0471975511965976,0.0,-0.1188,-1.5048000000000001,-0.3168,0.0,0.29941190742096374,0.0,0.0,0.24609142453120048,0.0,0.0,0.9910976823824942,0.0,sine,1,0.3,1.0,20,40,17.24003291130066,0.0
1779527370.3635201,0.0,0.24609142453120048,0.0,0.0,0.9910976823824942,0.0,-0.1188,-2.2176000000000005,-0.3168,0.0,0.29999999956374923,0.0,0.0,0.25481807079117214,0.0,-0.0020777729190408684,0.8768201718352464,0.0,sine,1,0.3,1.0,20,40,17.249991416931152,0.0
1779527370.3733451,0.0,0.25481807079117214,0.0,-0.0020777729190408684,0.8768201718352464,0.0,-0.0396,-0.5544000000000001,-0.2376,0.0,0.2993874994378036,0.0,0.0,0.2617993877991494,0.0,0.0,0.7957870279926526,0.0,sine,1,0.3,1.0,20,40,17.26017189025879,0.0
1779527370.3833468,0.0,0.2617993877991494,0.0,0.0,0.7957870279926526,0.0,-0.0792,-1.0296,-0.35639999999999994,0.0,0.29763514707883143,0.0,0.0,0.2687807048071268,0.0,0.0,0.6877428362025274,0.0,sine,1,0.3,1.0,20,40,17.269996881484985,0.0
1779527370.3933449,0.0,0.2687807048071268,0.0,0.0,0.6877428362025274,0.0,-0.0396,-1.3860000000000001,-0.396,0.0,0.29468669057597047,0.0,0.0,0.27401669256310973,0.0,0.0,0.5900875090076066,0.0,sine,1,0.3,1.0,20,40,17.279998540878296,0.0
1779527370.403343,0.0,0.27401669256310973,0.0,0.0,0.5900875090076066,0.0,-0.0396,-0.792,-0.35639999999999994,0.0,0.29057653084200846,0.0,0.0,0.2792526803190927,0.0,0.0,0.4882766359746041,0.0,sine,1,0.3,1.0,20,40,17.28999662399292,0.0
1779527370.4134238,0.0,0.2792526803190927,0.0,0.0,0.4882766359746041,0.0,-0.1188,-0.35639999999999994,-0.27720000000000006,0.0,0.28532003775229464,0.0,0.0,0.28274333882308134,0.0,0.0,0.346988077479825,0.0,sine,1,0.3,1.0,20,40,17.299994707107544,0.0
1779527370.4233534,0.0,0.28274333882308134,0.0,0.0,0.346988077479825,0.0,0.0,-1.1483999999999999,-0.27720000000000006,0.0,0.2788805101363278,0.0,0.0,0.2844886680750757,0.0,0.0,0.24517720444682248,0.0,sine,1,0.3,1.0,20,40,17.310075521469116,0.0
1779527370.433506,0.0,0.2844886680750757,0.0,0.0,0.24517720444682248,0.0,-0.0792,-1.6236000000000002,-0.2376,0.0,0.2714439595000835,0.0,0.0,0.2844886680750757,0.0,0.0,0.24517720444682248,0.0,sine,1,0.3,1.0,20,40,17.320005178451538,0.0
1779527370.443478,0.0,0.2844886680750757,0.0,0.0,0.24517720444682248,0.0,-0.0792,-1.6236000000000002,-0.2376,0.0,0.26274861841453867,0.0,0.0,0.28623399732707006,0.0,0.0020777729190408684,0.06233318757122605,0.0,sine,1,0.3,1.0,20,40,17.33015775680542,0.0
1779527370.4534829,0.0,0.28623399732707006,0.0,0.0020777729190408684,0.06233318757122605,0.0,-0.0396,0.2376,-0.4752,0.0,0.25316714127938483,0.0,0.0,0.28623399732707006,0.0,0.0,-0.06233318757122605,0.0,sine,1,0.3,1.0,20,40,17.340129852294922,0.0
1779527370.463363,0.0,0.28623399732707006,0.0,0.0,-0.06233318757122605,0.0,0.0,2.0988,-0.4752,0.0,0.2425558692402696,0.0,0.0,0.2844886680750757,0.0,0.0,-0.13297746681861558,0.0,sine,1,0.3,1.0,20,40,17.35013461112976,0.0
1779527370.473372,0.0,0.2844886680750757,0.0,0.0,-0.13297746681861558,0.0,0.0,2.2572,-0.4752,0.0,0.2311363371434473,0.0,0.0,0.28099800957108706,0.0,0.0,-0.3345214399655798,0.0,sine,1,0.3,1.0,20,40,17.36001467704773,0.0
1779527370.4834628,0.0,0.28099800957108706,0.0,0.0,-0.3345214399655798,0.0,-0.0396,1.0296,-0.4356,0.0,0.21865996933974663,0.0,0.0,0.2775073510670984,0.0,0.0,-0.35529916915598847,0.0,sine,1,0.3,1.0,20,40,17.370023727416992,0.0
1779527370.4933813,0.0,0.2775073510670984,0.0,0.0,-0.35529916915598847,0.0,0.1584,1.4255999999999998,-0.2376,0.0,0.20520667111357443,0.0,0.0,0.27052603405912107,0.0,-0.0020777729190408684,-0.5630764610600754,0.0,sine,1,0.3,1.0,20,40,17.380114555358887,0.0
1779527370.5033624,0.0,0.27052603405912107,0.0,-0.0020777729190408684,-0.5630764610600754,0.0,-0.1584,1.98,-0.5148,0.0,0.19117925448093598,0.0,0.0,0.2635447170511438,0.0,0.0,-0.6835872903644457,-0.004155545838081737,sine,1,0.3,1.0,20,40,17.39003300666809,0.0
1779527370.5133636,0.0,0.2635447170511438,0.0,0.0,-0.6835872903644457,-0.004155545838081737,0.1188,1.0296,-0.2376,0.0,0.1763139783934715,0.0,0.0,0.2635447170511438,0.0,0.0,-0.6835872903644457,-0.004155545838081737,sine,1,0.3,1.0,20,40,17.4000141620636,0.0
1779527370.5233474,0.0,0.2635447170511438,0.0,0.0,-0.6835872903644457,-0.004155545838081737,0.1188,1.0296,-0.2376,0.0,0.16072361646750272,0.0,0.0,0.24609142453120048,0.0,0.0,-0.9142200843779821,0.0,sine,1,0.3,1.0,20,40,17.41001534461975,0.0
1779527370.533474,0.0,0.24609142453120048,0.0,0.0,-0.9142200843779821,0.0,0.1188,1.7424,-0.4752,0.0,0.14452755148449464,0.0,0.0,0.23561944901923448,0.0,0.0,-1.0077198657348212,0.0,sine,1,0.3,1.0,20,40,17.41999912261963,0.0
1779527370.5433564,0.0,0.23561944901923448,0.0,0.0,-1.0077198657348212,0.0,0.0792,1.0296,-0.198,0.0,0.12751933613538308,0.0,0.0,0.22514747350726852,0.0,0.0,-1.0949863283345376,0.0,sine,1,0.3,1.0,20,40,17.43012571334839,0.0
1779527370.5533967,0.0,0.22514747350726852,0.0,0.0,-1.0949863283345376,0.0,0.1188,0.8316,-0.198,0.0,0.11042305849686736,0.0,0.0,0.21293016874330822,0.0,0.0,-1.1780972450961724,0.0020777729190408684,sine,1,0.3,1.0,20,40,17.44000816345215,0.0
1779527370.5633454,0.0,0.21293016874330822,0.0,0.0,-1.1780972450961724,0.0020777729190408684,0.0,0.4356,-0.27720000000000006,0.0,0.09261824373390973,0.0,0.0,0.20071286397934787,0.0,0.0,-1.1074529658487828,0.0,sine,1,0.3,1.0,20,40,17.450048446655273,0.0
1779527370.5733685,0.0,0.20071286397934787,0.0,0.0,-1.1074529658487828,0.0,0.198,1.2276,-0.198,0.0,0.0746121199647126,0.0,0.0,0.18849555921538758,0.0,0.0,-1.3173080306719105,0.0,sine,1,0.3,1.0,20,40,17.459997177124023,0.0
1779527370.58336,0.0,0.18849555921538758,0.0,0.0,-1.3173080306719105,0.0,0.0,0.1188,0.198,0.0,0.05617681785015816,0.0,0.0,0.1762782544514273,0.0,0.0,-1.2466637514245211,0.0,sine,1,0.3,1.0,20,40,17.470020294189453,0.0
1779527370.5933511,0.0,0.1762782544514273,0.0,0.0,-1.2466637514245211,0.0,0.27720000000000006,1.782,-0.396,0.0,0.03757808692751007,0.0,0.0,0.16057029118347835,0.0,0.0,-1.481452091276139,-0.0020777729190408684,sine,1,0.3,1.0,20,40,17.480011701583862,0.0
1779527370.6035044,0.0,0.16057029118347835,0.0,0.0,-1.481452091276139,-0.0020777729190408684,0.1188,0.2376,-0.27720000000000006,0.0,0.018831755655315842,0.0,0.0,0.14486232791552936,0.0,0.0,-1.5437852788473652,-0.006233318757122605,sine,1,0.3,1.0,20,40,17.490002870559692,0.0
1779527370.6133494,0.0,0.14486232791552936,0.0,0.0,-1.5437852788473652,-0.006233318757122605,0.0396,1.2276,-0.0792,0.0,-0.0002943624770032404,0.0,0.0,0.1308996938995747,0.0,0.0,-1.4565188162476488,0.0020777729190408684,sine,1,0.3,1.0,20,40,17.50015616416931,0.0
1779527370.6233861,0.0,0.1308996938995747,0.0,0.0,-1.4565188162476488,0.0020777729190408684,0.198,1.0296,0.396,0.0,-0.018839380525552563,0.0,0.0,0.11344640137963143,0.0,0.0,-1.6289739685280409,-0.006233318757122605,sine,1,0.3,1.0,20,40,17.510001182556152,0.0
1779527370.6333475,0.0,0.11344640137963143,0.0,0.0,-1.6289739685280409,-0.006233318757122605,0.0396,-0.1188,0.0,0.0,-0.0376708258235022,0.0,0.0,0.09599310885968812,0.0,0.0,-1.7287070686420025,-0.0020777729190408684,sine,1,0.3,1.0,20,40,17.52003788948059,0.0
1779527370.6433625,0.0,0.09599310885968812,0.0,0.0,-1.7287070686420025,-0.0020777729190408684,0.0396,1.6236000000000002,-0.1584,0.0,-0.05621301705679799,0.0,0.0,0.08028514559173917,0.0,0.0,-1.6310517414470818,0.0020777729190408684,sine,1,0.3,1.0,20,40,17.529999256134033,0.0
1779527370.6535227,0.0,0.08028514559173917,0.0,0.0,-1.6310517414470818,0.0020777729190408684,0.0396,0.7524000000000001,0.5544000000000001,0.0,-0.07463301356984522,0.0,0.0,0.06457718232379019,0.0,0.0,-1.6081962393376321,0.0,sine,1,0.3,1.0,20,40,17.540014266967773,0.0
1779527370.6634858,0.0,0.06457718232379019,0.0,0.0,-1.6081962393376321,0.0,0.0,0.0,-0.2376,0.0,-0.09301782324567517,0.0,0.0,0.048869219055841226,0.0,0.0,-1.6081962393376321,-0.004155545838081737,sine,1,0.3,1.0,20,40,17.550174474716187,0.0
1779527370.6733716,0.0,0.048869219055841226,0.0,0.0,-1.6081962393376321,-0.004155545838081737,0.1584,1.1088000000000002,-0.1584,0.0,-0.11067832337138041,0.0,0.0,0.029670597283903605,0.0,0.0,-1.8097402124845963,-0.0020777729190408684,sine,1,0.3,1.0,20,40,17.560137510299683,0.0
1779527370.6833606,0.0,0.029670597283903605,0.0,0.0,-1.8097402124845963,-0.0020777729190408684,0.0396,0.27720000000000006,-0.27720000000000006,0.0,-0.12777352265947142,0.0,0.0,0.010471975511965978,0.0,0.0,-1.8803844917319859,0.0,sine,1,0.3,1.0,20,40,17.57002329826355,0.0
1779527370.6934962,0.0,0.010471975511965978,0.0,0.0,-1.8803844917319859,0.0,0.0792,1.6632,0.0396,0.0,-0.14454645439496777,0.0,0.0,-0.006981317007977318,0.0,0.0,-1.9302510417889667,0.0,sine,1,0.3,1.0,20,40,17.580012321472168,0.0
1779527370.7034771,0.0,-0.006981317007977318,0.0,0.0,-1.9302510417889667,0.0,-0.198,-0.198,0.1188,0.0,-0.16098346964675891,0.0,0.0,-0.02617993877991494,0.0,0.0,-1.9032399938414355,0.0,sine,1,0.3,1.0,20,40,17.590147972106934,0.0
1779527370.7133856,0.0,-0.02617993877991494,0.0,0.0,-1.9032399938414355,0.0,-0.1188,1.2276,0.0,0.0,-0.17653206868317808,0.0,0.0,-0.04363323129985824,0.0,0.0020777729190408684,-1.8741511729748632,0.0,sine,1,0.3,1.0,20,40,17.600128889083862,0.0
1779527370.7233477,0.0,-0.04363323129985824,0.0,0.0020777729190408684,-1.8741511729748632,0.0,0.0396,0.27720000000000006,-0.0396,0.0,-0.1912814045023387,0.0,0.0,-0.06283185307179587,0.0,0.0020777729190408684,-1.8450623521082912,0.0,sine,1,0.3,1.0,20,40,17.610037326812744,0.0
1779527370.7334547,0.0,-0.06283185307179587,0.0,0.0020777729190408684,-1.8450623521082912,0.0,-0.1188,1.0296,0.198,0.0,-0.20536331931765822,0.0,0.0,-0.07853981633974483,0.0,0.0,-1.691307156099267,0.0,sine,1,0.3,1.0,20,40,17.619999408721924,0.0
1779527370.7433581,0.0,-0.07853981633974483,0.0,0.0,-1.691307156099267,0.0,0.0,1.1483999999999999,-0.1584,0.0,-0.2188278949630623,0.0,0.0,-0.09424777960769379,0.0,0.0,-1.6227406497709183,0.0,sine,1,0.3,1.0,20,40,17.630106449127197,0.0
1779527370.7533588,0.0,-0.09424777960769379,0.0,0.0,-1.6227406497709183,0.0,0.0,-0.6336,-0.198,0.0,-0.23116584344376018,0.0,0.0,-0.10995574287564278,0.0,0.0,-1.5707963267948966,0.0,sine,1,0.3,1.0,20,40,17.640009880065918,0.0
1779527370.7633598,0.0,-0.10995574287564278,0.0,0.0,-1.5707963267948966,0.0,0.1188,1.0296,0.0,0.0,-0.2427168262864716,0.0,0.0,-0.12740903539558607,0.0,-0.0020777729190408684,-1.6476739247994086,-0.0020777729190408684,sine,1,0.3,1.0,20,40,17.650010585784912,0.0
1779527370.773348,0.0,-0.12740903539558607,0.0,-0.0020777729190408684,-1.6476739247994086,-0.0020777729190408684,-0.0792,1.1088000000000002,-0.1584,0.0,-0.25331002231961675,0.0,0.0,-0.14311699866353503,0.0,0.0,-1.6289739685280409,0.0,sine,1,0.3,1.0,20,40,17.660011529922485,0.0
1779527370.7833457,0.0,-0.14311699866353503,0.0,0.0,-1.6289739685280409,0.0,0.1584,0.5544000000000001,-0.0396,0.0,-0.26289185679019117,0.0,0.0,-0.158824961931484,0.0,0.0,-1.5978073747424277,0.0,sine,1,0.3,1.0,20,40,17.669999837875366,0.0
1779527370.7934253,0.0,-0.158824961931484,0.0,0.0,-1.5978073747424277,0.0,-0.0792,0.5148,0.0792,0.0,-0.2714460644456175,0.0,0.0,-0.17453292519943295,0.0,0.0,-1.5500185976044878,0.0,sine,1,0.3,1.0,20,40,17.679997444152832,0.0
1779527370.8033845,0.0,-0.17453292519943295,0.0,0.0,-1.5500185976044878,0.0,0.0,0.9107999999999999,0.198,0.0,-0.2789863893326815,0.0,0.0,-0.18849555921538758,0.0,0.0020777729190408684,-1.3754856724050548,0.0,sine,1,0.3,1.0,20,40,17.69007706642151,0.0
1779527370.8133514,0.0,-0.18849555921538758,0.0,0.0020777729190408684,-1.3754856724050548,0.0,0.1188,1.0296,0.0396,0.0,-0.2853380842235934,0.0,0.0,-0.20245819323134226,0.0,0.0,-1.3650968078098504,-0.0020777729190408684,sine,1,0.3,1.0,20,40,17.70003628730774,0.0
1779527370.823466,0.0,-0.20245819323134226,0.0,0.0,-1.3650968078098504,-0.0020777729190408684,0.0,0.99,-0.1188,0.0,-0.2905764190875831,0.0,0.0,-0.21293016874330822,0.0,0.0020777729190408684,-1.2030305201246627,0.0,sine,1,0.3,1.0,20,40,17.7100031375885,0.0
1779527370.8333502,0.0,-0.21293016874330822,0.0,0.0020777729190408684,-1.2030305201246627,0.0,0.1188,1.3464,0.198,0.0,-0.2947277046972835,0.0,0.0,-0.22514747350726852,0.0,0.0,-1.1822527909342542,0.0,sine,1,0.3,1.0,20,40,17.720117807388306,0.0
1779527370.843479,0.0,-0.22514747350726852,0.0,0.0,-1.1822527909342542,0.0,-0.0396,0.8712,-0.1584,0.0,-0.2976348654851028,0.0,0.0,-0.23561944901923448,0.0,0.0,-1.0970641012535784,0.0,sine,1,0.3,1.0,20,40,17.73000192642212,0.0
1779527370.85351,0.0,-0.23561944901923448,0.0,0.0,-1.0970641012535784,0.0,0.0,0.9107999999999999,0.0,0.0,-0.29942338254073364,0.0,0.0,-0.24609142453120048,0.0,-0.0020777729190408684,-0.9827865907063308,0.0,sine,1,0.3,1.0,20,40,17.74013066291809,0.0
1779527370.8633916,0.0,-0.24609142453120048,0.0,-0.0020777729190408684,-0.9827865907063308,0.0,0.0,-0.1584,-0.1584,0.0,-0.29999984526429535,0.0,0.0,-0.25481807079117214,0.0,-0.0020777729190408684,-0.9079867656208594,0.0,sine,1,0.3,1.0,20,40,17.75016164779663,0.0
1779527370.8734632,0.0,-0.25481807079117214,0.0,-0.0020777729190408684,-0.9079867656208594,0.0,-0.0396,0.6732,-0.27720000000000006,0.0,-0.29940287275099803,0.0,0.0,-0.2617993877991494,0.0,0.0,-0.8144869842640204,0.0,sine,1,0.3,1.0,20,40,17.760043382644653,0.0
1779527370.8833632,0.0,-0.2617993877991494,0.0,0.0,-0.8144869842640204,0.0,0.0,1.1088000000000002,0.0396,0.0,-0.2976071883003568,0.0,0.0,-0.2687807048071268,0.0,0.0,-0.7022872466358135,0.0,sine,1,0.3,1.0,20,40,17.77011489868164,0.0
1779527370.8934586,0.0,-0.2687807048071268,0.0,0.0,-0.7022872466358135,0.0,-0.0396,-0.0792,0.1188,0.0,-0.2946808787397276,0.0,0.0,-0.27401669256310973,0.0,-0.0020777729190408684,-0.5859319631695249,0.0,sine,1,0.3,1.0,20,40,17.780014991760254,0.0
1779527370.9033432,0.0,-0.27401669256310973,0.0,-0.0020777729190408684,-0.5859319631695249,0.0,-0.0396,1.3464,0.0396,0.0,-0.29052314995769324,0.0,0.0,-0.2792526803190927,0.0,0.0,-0.473732225541318,0.0,sine,1,0.3,1.0,20,40,17.79011034965515,0.0
1779527370.9135487,0.0,-0.2792526803190927,0.0,0.0,-0.473732225541318,0.0,0.0,1.1088000000000002,0.0792,0.0,-0.28531989889134496,0.0,0.0,-0.28274333882308134,0.0,0.0,-0.3739991254273563,0.0,sine,1,0.3,1.0,20,40,17.799994945526123,0.0
1779527370.9233487,0.0,-0.28274333882308134,0.0,0.0,-0.3739991254273563,0.0,0.0,0.6336,-0.3168,0.0,-0.27879363068106433,0.0,0.0,-0.2844886680750757,0.0,0.0020777729190408684,-0.25764384196106765,0.0,sine,1,0.3,1.0,20,40,17.810200452804565,0.0
1779527370.9334533,0.0,-0.2844886680750757,0.0,0.0020777729190408684,-0.25764384196106765,0.0,-0.1188,0.396,0.1584,0.0,-0.27144778661896174,0.0,0.0,-0.28623399732707006,0.0,0.0020777729190408684,-0.1308996938995747,0.0,sine,1,0.3,1.0,20,40,17.820000410079956,0.0
1779527370.9433448,0.0,-0.28623399732707006,0.0,0.0020777729190408684,-0.1308996938995747,0.0,-0.1584,0.8712,0.1584,0.0,-0.2627965376809131,0.0,0.0,-0.28623399732707006,0.0,0.0,-0.05609986881410345,0.0020777729190408684,sine,1,0.3,1.0,20,40,17.83010506629944,0.0
1779527370.953442,0.0,-0.28623399732707006,0.0,0.0,-0.05609986881410345,0.0020777729190408684,-0.1188,1.2672,0.198,0.0,-0.2533018355529583,0.0,0.0,-0.28623399732707006,0.0,0.0,0.016622183352326948,0.0,sine,1,0.3,1.0,20,40,17.839996576309204,0.0
1779527370.9633868,0.0,-0.28623399732707006,0.0,0.0,0.016622183352326948,0.0,-0.1188,-0.5544000000000001,-0.1188,0.0,-0.24260108446579692,0.0,0.0,-0.2844886680750757,0.0,0.0,0.19323288147080075,0.0,sine,1,0.3,1.0,20,40,17.850093841552734,0.0
1779527370.9734597,0.0,-0.2844886680750757,0.0,0.0,0.19323288147080075,0.0,-0.0396,0.5544000000000001,0.0792,0.0,-0.23110768498522213,0.0,0.0,-0.2792526803190927,0.0,-0.0020777729190408684,0.35737694207502935,0.0020777729190408684,sine,1,0.3,1.0,20,40,17.86003851890564,0.0
1779527370.9835424,0.0,-0.2792526803190927,0.0,-0.0020777729190408684,0.35737694207502935,0.0020777729190408684,0.0,-0.4356,-0.1188,0.0,-0.21854670617030278,0.0,0.0,-0.27576202181510406,0.0,0.0,0.46957667970323624,0.0,sine,1,0.3,1.0,20,40,17.8701114654541,0.0
1779527370.9933593,0.0,-0.27576202181510406,0.0,0.0,0.46957667970323624,0.0,0.0396,-1.5048000000000001,0.1188,0.0,-0.205097151549576,0.0,0.0,-0.27052603405912107,0.0,0.0,0.4716544526222771,0.0,sine,1,0.3,1.0,20,40,17.880194187164307,0.0
1779527371.0033493,0.0,-0.27052603405912107,0.0,0.0,0.4716544526222771,0.0,0.0,0.5148,0.0792,0.0,-0.19121111544391678,0.0,0.0,-0.26529004630313807,0.0,0.0,0.552687596464871,0.0,sine,1,0.3,1.0,20,40,17.890011072158813,0.0
1779527371.0135217,0.0,-0.26529004630313807,0.0,0.0,0.552687596464871,0.0,-0.0396,-1.2276,0.1584,0.0,-0.17633397593604758,0.0,0.0,-0.25830872929516074,0.0,0.0020777729190408684,0.6399540590645875,0.0,sine,1,0.3,1.0,20,40,17.900001049041748,0.0
1779527371.0233517,0.0,-0.25830872929516074,0.0,0.0020777729190408684,0.6399540590645875,0.0,-0.0396,0.4752,-0.2376,0.0,-0.160471947761738,0.0,0.0,-0.24958208303518914,0.0,0.0,0.8664313072400421,0.0,sine,1,0.3,1.0,20,40,17.910173416137695,0.0
1779527371.0333428,0.0,-0.24958208303518914,0.0,0.0,0.8664313072400421,0.0,-0.1188,-0.99,0.35639999999999994,0.0,-0.14452046270040783,0.0,0.0,-0.23911010752322315,0.0,0.0,1.0035643198967394,0.0,sine,1,0.3,1.0,20,40,17.920003414154053,0.0
1779527371.0435238,0.0,-0.23911010752322315,0.0,0.0,1.0035643198967394,0.0,-0.1188,-0.8316,-0.198,0.0,-0.12774302618610262,0.0,0.0,-0.22863813201125718,0.0,0.0,0.978631044868249,0.0,sine,1,0.3,1.0,20,40,17.929994583129883,0.0
1779527371.0533888,0.0,-0.22863813201125718,0.0,0.0,0.978631044868249,0.0,0.0792,-0.4752,-0.27720000000000006,0.0,-0.1101296612612455,0.0,0.0,-0.21642082724729686,0.0,0.0020777729190408684,1.1739416992580907,0.0,sine,1,0.3,1.0,20,40,17.940175533294678,0.0
1779527371.0633469,0.0,-0.21642082724729686,0.0,0.0020777729190408684,1.1739416992580907,0.0,-0.1188,-0.9107999999999999,0.2376,0.0,-0.09263234963814673,0.0,0.0,-0.20420352248333656,0.0,0.0,1.3006858473195837,0.0020777729190408684,sine,1,0.3,1.0,20,40,17.950040578842163,0.0
1779527371.073349,0.0,-0.20420352248333656,0.0,0.0,1.3006858473195837,0.0020777729190408684,-0.1584,-1.4255999999999998,0.1188,0.0,-0.07460950823694001,0.0,0.0,-0.19024088846738194,0.0,-0.0020777729190408684,1.2425082055864394,0.0,sine,1,0.3,1.0,20,40,17.959998607635498,0.0
1779527371.083324,0.0,-0.19024088846738194,0.0,-0.0020777729190408684,1.2425082055864394,0.0,-0.0792,-1.4652,0.0792,0.0,-0.056213017056797404,0.0,0.0,-0.1762782544514273,0.0,0.0,1.4295077683001174,0.0020777729190408684,sine,1,0.3,1.0,20,40,17.970000743865967,0.0
1779527371.0933719,0.0,-0.1762782544514273,0.0,0.0,1.4295077683001174,0.0020777729190408684,-0.198,-2.7720000000000002,-0.396,0.0,-0.03764541216254574,0.0,0.0,-0.16231562043547265,0.0,0.0,1.3567857161336871,0.0020777729190408684,sine,1,0.3,1.0,20,40,17.979975700378418,0.0
1779527371.103416,0.0,-0.16231562043547265,0.0,0.0,1.3567857161336871,0.0020777729190408684,0.0792,-1.4255999999999998,-0.2376,0.0,-0.018792734069493673,0.0,0.0,-0.1466076571675237,0.0,0.0,1.547940824685447,-0.0020777729190408684,sine,1,0.3,1.0,20,40,17.990023612976074,0.0
1779527371.113349,0.0,-0.1466076571675237,0.0,0.0,1.547940824685447,-0.0020777729190408684,-0.1188,-0.99,0.2376,0.0,0.00012763199139090173,0.0,0.0,-0.1308996938995747,0.0,0.0,1.6289739685280409,0.0,sine,1,0.3,1.0,20,40,18.000067710876465,0.0
1779527371.1233423,0.0,-0.1308996938995747,0.0,0.0,1.6289739685280409,0.0,-0.0792,0.27720000000000006,-0.1584,0.0,0.01883848348263084,0.0,0.0,-0.11344640137963143,0.0,0.0,1.7307848415610434,0.0,sine,1,0.3,1.0,20,40,18.010000705718994,0.0
1779527371.1334016,0.0,-0.11344640137963143,0.0,0.0,1.7307848415610434,0.0,-0.1188,-1.584,0.0792,0.0,0.03758878775572162,0.0,0.0,-0.09599310885968812,0.0,0.0,1.7723402999418607,0.0,sine,1,0.3,1.0,20,40,18.019994020462036,0.0
1779527371.1433713,0.0,-0.09599310885968812,0.0,0.0,1.7723402999418607,0.0,-0.2376,-0.9504,0.1188,0.0,0.05631322262982695,0.0,0.0,-0.08028514559173917,0.0,0.0,1.6289739685280409,0.0,sine,1,0.3,1.0,20,40,18.03005337715149,0.0
1779527371.1533475,0.0,-0.08028514559173917,0.0,0.0,1.6289739685280409,0.0,0.0,-0.1188,-0.2376,0.0,0.07464911879377668,0.0,0.0,-0.06283185307179587,0.0,0.0,1.766106981184738,0.0,sine,1,0.3,1.0,20,40,18.0400230884552,0.0
1779527371.1633525,0.0,-0.06283185307179587,0.0,0.0,1.766106981184738,0.0,-0.1584,-1.8215999999999999,-0.2376,0.0,0.09270373059039407,0.0,0.0,-0.04363323129985824,0.0,0.0,1.7972735749703512,0.0,sine,1,0.3,1.0,20,40,18.049999237060547,0.0
1779527371.173334,0.0,-0.04363323129985824,0.0,0.0,1.7972735749703512,0.0,-0.0396,0.1188,-0.3168,0.0,0.1104447867715609,0.0,0.0,-0.024434609527920613,0.0,0.0,1.878306718812945,0.0,sine,1,0.3,1.0,20,40,18.060004234313965,0.0
1779527371.1833417,0.0,-0.024434609527920613,0.0,0.0,1.878306718812945,0.0,-0.1584,-2.3760000000000003,-0.1584,0.0,0.12770927487590955,0.0,0.0,-0.006981317007977318,0.0,0.0,1.8741511729748632,0.0,sine,1,0.3,1.0,20,40,18.06998562812805,0.0
1779527371.1934276,0.0,-0.006981317007977318,0.0,0.0,1.8741511729748632,0.0,-0.1188,0.0396,0.3168,0.0,0.144515342957659,0.0,0.0,0.010471975511965978,0.0,0.0,1.876228945893904,0.0,sine,1,0.3,1.0,20,40,18.07999348640442,0.0
1779527371.2033463,0.0,0.010471975511965978,0.0,0.0,1.876228945893904,0.0,-0.0792,-2.0592,-0.198,0.0,0.16087423814395282,0.0,0.0,0.027925268031909273,0.0,0.0,1.8388290333511685,0.0,sine,1,0.3,1.0,20,40,18.090079307556152,0.0
1779527371.213359,0.0,0.027925268031909273,0.0,0.0,1.8388290333511685,0.0,0.0,0.0,-0.5148,0.0,0.1763325216096708,0.0,0.0,0.047123889803846894,0.0,-0.0020777729190408684,1.8242846229178824,0.0,sine,1,0.3,1.0,20,40,18.099997997283936,0.0
1779527371.2233763,0.0,0.047123889803846894,0.0,-0.0020777729190408684,1.8242846229178824,0.0,0.0,-1.9008,-0.35639999999999994,0.0,0.19124297277503954,0.0,0.0,0.06457718232379019,0.0,0.0,1.830517941675005,0.0,sine,1,0.3,1.0,20,40,18.110010862350464,0.0
1779527371.2334144,0.0,0.06457718232379019,0.0,0.0,1.830517941675005,0.0,-0.1188,-0.4752,-0.4752,0.0,0.20540262869436285,0.0,0.0,0.08203047484373349,0.0,0.004155545838081737,1.6476739247994086,0.0,sine,1,0.3,1.0,20,40,18.120028018951416,0.0
1779527371.2433665,0.0,0.08203047484373349,0.0,0.004155545838081737,1.6476739247994086,0.0,-0.0792,-0.6732,-0.35639999999999994,0.0,0.21877593362292083,0.0,0.0,0.09773843811168245,0.0,0.004155545838081737,1.7100071123706346,0.0020777729190408684,sine,1,0.3,1.0,20,40,18.13006615638733,0.0
1779527371.253544,0.0,0.09773843811168245,0.0,0.004155545838081737,1.7100071123706346,0.0020777729190408684,0.27720000000000006,-1.7028,-0.2376,0.0,0.23117586860372663,0.0,0.0,0.11519173063162574,0.0,0.0,1.672607199827899,0.0020777729190408684,sine,1,0.3,1.0,20,40,18.140018224716187,0.0
1779527371.2633438,0.0,0.11519173063162574,0.0,0.0,1.672607199827899,0.0020777729190408684,-0.1584,0.0792,-0.5148,0.0,0.24292189197076283,0.0,0.0,0.1308996938995747,0.0,0.0,1.6497516977184494,0.0,sine,1,0.3,1.0,20,40,18.150195837020874,0.0
1779527371.2733443,0.0,0.1308996938995747,0.0,0.0,1.6497516977184494,0.0,-0.2376,-1.1088000000000002,-0.4356,0.0,0.2532938889451497,0.0,0.0,0.1466076571675237,0.0,-0.0020777729190408684,1.5126186850617522,0.0,sine,1,0.3,1.0,20,40,18.159995555877686,0.0
1779527371.2834065,0.0,0.1466076571675237,0.0,-0.0020777729190408684,1.5126186850617522,0.0,-0.0396,-1.9008,-0.27720000000000006,0.0,0.26288839264162983,0.0,0.0,0.16231562043547265,0.0,-0.0020777729190408684,1.5437852788473652,0.0,sine,1,0.3,1.0,20,40,18.1699960231781,0.0
1779527371.2934544,0.0,0.16231562043547265,0.0,-0.0020777729190408684,1.5437852788473652,0.0,-0.1188,-1.6236000000000002,-0.5148,0.0,0.27149484024983395,0.0,0.0,0.1762782544514273,0.0,0.0,1.4876854100332617,0.0020777729190408684,sine,1,0.3,1.0,20,40,18.180058240890503,0.0
1779527371.3034382,0.0,0.1762782544514273,0.0,0.0,1.4876854100332617,0.0020777729190408684,-0.1188,0.0396,-0.396,0.0,0.2790065434564757,0.0,0.0,0.19024088846738194,0.0,0.0,1.3339302140242375,-0.0020777729190408684,sine,1,0.3,1.0,20,40,18.19010615348816,0.0
1779527371.3133569,0.0,0.19024088846738194,0.0,0.0,1.3339302140242375,-0.0020777729190408684,0.0,0.3168,-0.396,0.0,0.28536929292751656,0.0,0.0,0.20245819323134226,0.0,0.0,1.308996938995747,0.0,sine,1,0.3,1.0,20,40,18.200089931488037,0.0
1779527371.3233438,0.0,0.20245819323134226,0.0,0.0,1.308996938995747,0.0,-0.0792,0.35639999999999994,-0.4752,0.0,0.2905789892743893,0.0,0.0,0.21467549799530256,0.0,0.0,1.2508192972626027,0.0,sine,1,0.3,1.0,20,40,18.21000862121582,0.0
1779527371.3333497,0.0,0.21467549799530256,0.0,0.0,1.2508192972626027,0.0,-0.1188,0.35639999999999994,-0.4752,0.0,0.2946845852019144,0.0,0.0,0.22689280275926285,0.0,0.0,1.1884861096913768,0.0,sine,1,0.3,1.0,20,40,18.219995498657227,0.0
1779527371.3433747,0.0,0.22689280275926285,0.0,0.0,1.1884861096913768,0.0,-0.2376,0.0792,-0.4752,0.0,0.2976347528429363,0.0,0.0,0.23736477827122884,0.0,0.0,1.0991418741726193,0.0,sine,1,0.3,1.0,20,40,18.23000144958496,0.0
1779527371.3533206,0.0,0.23736477827122884,0.0,0.0,1.0991418741726193,0.0,-0.198,-0.792,-0.35639999999999994,0.0,0.29941114777838335,0.0,0.0,0.24609142453120048,0.0,0.0,0.9640866344349629,0.0,sine,1,0.3,1.0,20,40,18.240026473999023,0.0
1779527371.3633165,0.0,0.24609142453120048,0.0,0.0,0.9640866344349629,0.0,-0.0792,-1.9404,-0.3168,0.0,0.2999999954705323,0.0,0.0,0.25481807079117214,0.0,0.0,0.8913645822685325,0.0,sine,1,0.3,1.0,20,40,18.249972343444824,0.0
1779527371.3733451,0.0,0.25481807079117214,0.0,0.0,0.8913645822685325,0.0,-0.1188,-1.3464,-0.5544000000000001,0.0,0.2994117667833668,0.0,0.0,0.2635447170511438,0.0,0.0,0.7833203904784074,0.0,sine,1,0.3,1.0,20,40,18.259968280792236,0.0
1779527371.383361,0.0,0.2635447170511438,0.0,0.0,0.7833203904784074,0.0,-0.0792,-0.3168,-0.3168,0.0,0.2976351470788317,0.0,0.0,0.2687807048071268,0.0,0.0020777729190408684,0.679431744526364,0.0,sine,1,0.3,1.0,20,40,18.269996881484985,0.0
1779527371.393367,0.0,0.2687807048071268,0.0,0.0020777729190408684,0.679431744526364,0.0,-0.1188,-1.5048000000000001,-0.5544000000000001,0.0,0.2946816369838743,0.0,0.0,0.27576202181510406,0.0,0.0,0.5693097798171979,0.0,sine,1,0.3,1.0,20,40,18.280012845993042,0.0
1779527371.403374,0.0,0.27576202181510406,0.0,0.0,0.5693097798171979,0.0,-0.1188,-0.4356,-0.3168,0.0,0.29056613489088856,0.0,0.0,0.2792526803190927,0.0,0.0,0.48204331721748145,0.0,sine,1,0.3,1.0,20,40,18.290018796920776,0.0
1779527371.4133587,0.0,0.2792526803190927,0.0,0.0,0.48204331721748145,0.0,-0.0792,-0.7127999999999999,-0.396,0.0,0.2853019804602067,0.0,0.0,0.28274333882308134,0.0,0.0,0.3407547587227024,0.0,sine,1,0.3,1.0,20,40,18.300025701522827,0.0
1779527371.4233606,0.0,0.28274333882308134,0.0,0.0,0.3407547587227024,0.0,0.0396,-1.3068,-0.35639999999999994,0.0,0.27892570558807694,0.0,0.0,0.28623399732707006,0.0,0.0,0.2763437982324355,0.0,sine,1,0.3,1.0,20,40,18.31001043319702,0.0
1779527371.433379,0.0,0.28623399732707006,0.0,0.0,0.2763437982324355,0.0,0.0,1.5444,-0.35639999999999994,0.0,0.27143821836491117,0.0,0.0,0.28623399732707006,0.0,0.0,0.11635528346628862,-0.0020777729190408684,sine,1,0.3,1.0,20,40,18.32001233100891,0.0
1779527371.4433932,0.0,0.28623399732707006,0.0,0.0,0.11635528346628862,-0.0020777729190408684,0.0,-0.4752,-0.35639999999999994,0.0,0.26286413937309955,0.0,0.0,0.28623399732707006,0.0,0.0020777729190408684,0.04571100421889911,0.0,sine,1,0.3,1.0,20,40,18.33003067970276,0.0
1779527371.4533834,0.0,0.28623399732707006,0.0,0.0020777729190408684,0.04571100421889911,0.0,-0.0396,0.27720000000000006,-0.2376,0.0,0.2532529420670721,0.0,0.0,0.28623399732707006,0.0,0.0,-0.07272205216643039,-0.0020777729190408684,sine,1,0.3,1.0,20,40,18.34004497528076,0.0
1779527371.4633493,0.0,0.28623399732707006,0.0,0.0,-0.07272205216643039,-0.0020777729190408684,0.0,1.9008,-0.27720000000000006,0.0,0.24266610300607752,0.0,0.0,0.28274333882308134,0.0,0.0,-0.21608838358025032,0.0,sine,1,0.3,1.0,20,40,18.350035190582275,0.0
1779527371.4734688,0.0,0.28274333882308134,0.0,0.0,-0.21608838358025032,0.0,-0.0396,2.2176000000000005,-0.3168,0.0,0.23115266655279532,0.0,0.0,0.2792526803190927,0.0,-0.0020777729190408684,-0.34491030456078414,0.0,sine,1,0.3,1.0,20,40,18.36000108718872,0.0
1779527371.4833503,0.0,0.2792526803190927,0.0,-0.0020777729190408684,-0.34491030456078414,0.0,0.0,0.9107999999999999,-0.27720000000000006,0.0,0.21853500673311177,0.0,0.0,0.27401669256310973,0.0,-0.0020777729190408684,-0.46334336094611367,0.0,sine,1,0.3,1.0,20,40,18.370120525360107,0.0
1779527371.4933734,0.0,0.27401669256310973,0.0,-0.0020777729190408684,-0.46334336094611367,0.0,-0.0792,1.1483999999999999,-0.198,0.0,0.20536135367461306,0.0,0.0,0.2687807048071268,0.0,0.0,-0.5672320068981571,0.0,sine,1,0.3,1.0,20,40,18.38000202178955,0.0
1779527371.5033727,0.0,0.2687807048071268,0.0,0.0,-0.5672320068981571,0.0,0.0,1.782,-0.0396,0.0,0.1911906832875183,0.0,0.0,0.2635447170511438,0.0,0.0,-0.5693097798171979,-0.0020777729190408684,sine,1,0.3,1.0,20,40,18.39002513885498,0.0
1779527371.5133815,0.0,0.2635447170511438,0.0,0.0,-0.5693097798171979,-0.0020777729190408684,0.1584,1.1483999999999999,-0.0396,0.0,0.1762983431174208,0.0,0.0,0.25481807079117214,0.0,0.0020777729190408684,-0.7646204342070395,-0.0020777729190408684,sine,1,0.3,1.0,20,40,18.4000244140625,0.0
1779527371.5233502,0.0,0.25481807079117214,0.0,0.0020777729190408684,-0.7646204342070395,-0.0020777729190408684,0.0,0.7127999999999999,0.0396,0.0,0.16069515510522359,0.0,0.0,0.24609142453120048,0.0,0.0,-0.8913645822685325,-0.0020777729190408684,sine,1,0.3,1.0,20,40,18.410033226013184,0.0
1779527371.5333264,0.0,0.24609142453120048,0.0,0.0,-0.8913645822685325,-0.0020777729190408684,-0.0396,1.5048000000000001,0.0396,0.0,0.14452282564011373,0.0,0.0,0.23736477827122884,0.0,0.0020777729190408684,-0.8643535343210013,0.0,sine,1,0.3,1.0,20,40,18.420001983642578,0.0
1779527371.5433536,0.0,0.23736477827122884,0.0,0.0020777729190408684,-0.8643535343210013,0.0,0.1584,0.9107999999999999,-0.2376,0.0,0.12777108300095463,0.0,0.0,0.22689280275926285,0.0,-0.0020777729190408684,-1.0638197345489246,-0.006233318757122605,sine,1,0.3,1.0,20,40,18.429978132247925,0.0
1779527371.553348,0.0,0.22689280275926285,0.0,-0.0020777729190408684,-1.0638197345489246,-0.006233318757122605,0.1188,0.2376,0.0,0.0,0.11042807277358406,0.0,0.0,0.21467549799530256,0.0,0.0,-1.1614750617438454,0.0,sine,1,0.3,1.0,20,40,18.4400053024292,0.0
1779527371.5633652,0.0,0.21467549799530256,0.0,0.0,-1.1614750617438454,0.0,-0.0792,0.5148,0.0792,0.0,0.0927054402426755,0.0,0.0,0.20245819323134226,0.0,0.0,-1.121997376282069,0.0,sine,1,0.3,1.0,20,40,18.449999809265137,0.0
1779527371.5733943,0.0,0.20245819323134226,0.0,0.0,-1.121997376282069,0.0,-0.2376,0.5148,-0.1584,0.0,0.07457599052895272,0.0,0.0,0.19198621771937624,0.0,0.0,-1.1614750617438454,-0.0020777729190408684,sine,1,0.3,1.0,20,40,18.46001696586609,0.0
1779527371.5833426,0.0,0.19198621771937624,0.0,0.0,-1.1614750617438454,-0.0020777729190408684,0.1584,0.27720000000000006,0.0396,0.0,0.05612913955294038,0.0,0.0,0.17976891295541597,0.0,0.0,-1.2362748868293167,0.0,sine,1,0.3,1.0,20,40,18.470046043395996,0.0
1779527371.5934138,0.0,0.17976891295541597,0.0,0.0,-1.2362748868293167,0.0,-0.2376,0.3168,0.0,0.0,0.037610635129116096,0.0,0.0,0.16406094968746698,0.0,0.0,-1.500152047547507,-0.0020777729190408684,sine,1,0.3,1.0,20,40,18.479994297027588,0.0
1779527371.603395,0.0,0.16406094968746698,0.0,0.0,-1.500152047547507,-0.0020777729190408684,0.0792,0.4752,-0.1188,0.0,0.01871379287454195,0.0,0.0,0.14835298641951802,0.0,0.0,-1.591574055985305,0.0,sine,1,0.3,1.0,20,40,18.490065574645996,0.0
1779527371.6133466,0.0,0.14835298641951802,0.0,0.0,-1.591574055985305,0.0,0.0396,1.2276,0.0396,0.0,-8.808405178826212e-05,0.0,0.0,0.13264502315156904,0.0,0.0,-1.4897631829523026,0.0020777729190408684,sine,1,0.3,1.0,20,40,18.500046730041504,0.0
1779527371.623392,0.0,0.13264502315156904,0.0,0.0,-1.4897631829523026,0.0020777729190408684,0.2376,1.5444,0.27720000000000006,0.0,-0.018833998265477516,0.0,0.0,0.11519173063162574,0.0,0.0,-1.6684516539898173,-0.004155545838081737,sine,1,0.3,1.0,20,40,18.509998321533203,0.0
1779527371.633334,0.0,0.11519173063162574,0.0,0.0,-1.6684516539898173,-0.004155545838081737,0.0,0.396,0.1584,0.0,-0.03768197207938829,0.0,0.0,0.09773843811168245,0.0,0.0020777729190408684,-1.7598736624276154,0.0,sine,1,0.3,1.0,20,40,18.52004384994507,0.0
1779527371.6433465,0.0,0.09773843811168245,0.0,0.0020777729190408684,-1.7598736624276154,0.0,-0.0792,0.9107999999999999,0.0792,0.0,-0.05618785428348826,0.0,0.0,0.08203047484373349,0.0,0.0020777729190408684,-1.6601405623136538,0.004155545838081737,sine,1,0.3,1.0,20,40,18.529985666275024,0.0
1779527371.6533637,0.0,0.08203047484373349,0.0,0.0020777729190408684,-1.6601405623136538,0.004155545838081737,0.0792,1.2672,0.1188,0.0,-0.07460384947276075,0.0,0.0,0.06283185307179587,0.0,0.0,-1.8055846666465145,-0.0020777729190408684,sine,1,0.3,1.0,20,40,18.539998292922974,0.0
1779527371.663388,0.0,0.06283185307179587,0.0,0.0,-1.8055846666465145,-0.0020777729190408684,-0.0396,-0.0396,0.0,0.0,-0.09273279422636971,0.0,0.0,0.047123889803846894,0.0,0.0,-1.6663738810707764,0.0,sine,1,0.3,1.0,20,40,18.550015449523926,0.0
1779527371.6734664,0.0,0.047123889803846894,0.0,0.0,-1.6663738810707764,0.0,0.1188,1.6632,0.0,0.0,-0.11050704292374001,0.0,0.0,0.027925268031909273,0.0,0.0,-1.830517941675005,-0.004155545838081737,sine,1,0.3,1.0,20,40,18.56003975868225,0.0
1779527371.683369,0.0,0.027925268031909273,0.0,0.0,-1.830517941675005,-0.004155545838081737,0.0,-0.0396,0.0792,0.0,-0.12793533027940857,0.0,0.0,0.010471975511965978,0.0,-0.0020777729190408684,-1.876228945893904,-0.0020777729190408684,sine,1,0.3,1.0,20,40,18.570118188858032,0.0
1779527371.6933434,0.0,0.010471975511965978,0.0,-0.0020777729190408684,-1.876228945893904,-0.0020777729190408684,-0.0792,1.6632,-0.27720000000000006,0.0,-0.1445602372960363,0.0,0.0,-0.006981317007977318,0.0,-0.0020777729190408684,-1.9198621771937623,0.0,sine,1,0.3,1.0,20,40,18.580020666122437,0.0
1779527371.703384,0.0,-0.006981317007977318,0.0,-0.0020777729190408684,-1.9198621771937623,0.0,-0.1188,-0.27720000000000006,-0.0396,0.0,-0.16074031285580487,0.0,0.0,-0.02617993877991494,0.0,0.0,-1.8990844480033537,0.0,sine,1,0.3,1.0,20,40,18.58999514579773,0.0
1779527371.713348,0.0,-0.02617993877991494,0.0,0.0,-1.8990844480033537,0.0,0.0,1.0296,-0.0396,0.0,-0.17638996268667925,0.0,0.0,-0.04537856055185257,0.0,0.0020777729190408684,-1.8554512167034956,-0.0020777729190408684,sine,1,0.3,1.0,20,40,18.600035667419434,0.0
1779527371.723374,0.0,-0.04537856055185257,0.0,0.0020777729190408684,-1.8554512167034956,-0.0020777729190408684,0.0,0.1188,0.0,0.0,-0.19122669828794492,0.0,0.0,-0.06283185307179587,0.0,0.0020777729190408684,-1.8450623521082912,-0.0020777729190408684,sine,1,0.3,1.0,20,40,18.609999656677246,0.0
1779527371.7334464,0.0,-0.06283185307179587,0.0,0.0020777729190408684,-1.8450623521082912,-0.0020777729190408684,0.0,1.0296,0.1188,0.0,-0.20539935316647095,0.0,0.0,-0.08203047484373349,0.0,0.0020777729190408684,-1.8180513041607598,0.0,sine,1,0.3,1.0,20,40,18.620025634765625,0.0
1779527371.7433293,0.0,-0.08203047484373349,0.0,0.0020777729190408684,-1.8180513041607598,0.0,0.0,0.198,-0.0792,0.0,-0.21881713489022173,0.0,0.0,-0.08203047484373349,0.0,0.0020777729190408684,-1.8180513041607598,0.0,sine,1,0.3,1.0,20,40,18.63009810447693,0.0
1779527371.7533422,0.0,-0.08203047484373349,0.0,0.0020777729190408684,-1.8180513041607598,0.0,0.0,0.198,-0.0792,0.0,-0.231131180137738,0.0,0.0,-0.11519173063162574,0.0,-0.0020777729190408684,-1.5874185101472233,0.0,sine,1,0.3,1.0,20,40,18.639981031417847,0.0
1779527371.7633286,0.0,-0.11519173063162574,0.0,-0.0020777729190408684,-1.5874185101472233,0.0,0.0792,1.2276,0.0396,0.0,-0.2426983357493793,0.0,0.0,-0.12915436464758037,0.0,-0.0020777729190408684,-1.5105409121427114,0.0,sine,1,0.3,1.0,20,40,18.649993896484375,0.0
1779527371.7733543,0.0,-0.12915436464758037,0.0,-0.0020777729190408684,-1.5105409121427114,0.0,-0.0396,0.4752,-0.0792,0.0,-0.25327847557778843,0.0,0.0,-0.14311699866353503,0.0,-0.0020777729190408684,-1.4565188162476488,0.0,sine,1,0.3,1.0,20,40,18.659980297088623,0.0
1779527371.7833462,0.0,-0.14311699866353503,0.0,-0.0020777729190408684,-1.4565188162476488,0.0,0.0396,0.3168,0.0792,0.0,-0.26289748570948557,0.0,0.0,-0.158824961931484,0.0,0.0,-1.5354741871712017,0.0,sine,1,0.3,1.0,20,40,18.670006036758423,0.0
1779527371.7933593,0.0,-0.158824961931484,0.0,0.0,-1.5354741871712017,0.0,0.0,0.0,-0.1188,0.0,-0.27144644715506927,0.0,0.0,-0.17453292519943295,0.0,0.0020777729190408684,-1.514696457980793,0.0,sine,1,0.3,1.0,20,40,18.67999792098999,0.0
1779527371.8033793,0.0,-0.17453292519943295,0.0,0.0020777729190408684,-1.514696457980793,0.0,0.0,1.0296,0.0,0.0,-0.2789405949632927,0.0,0.0,-0.18849555921538758,0.0,0.0,-1.4585965891666897,0.0,sine,1,0.3,1.0,20,40,18.690011024475098,0.0
1779527371.8133748,0.0,-0.18849555921538758,0.0,0.0,-1.4585965891666897,0.0,0.0,0.792,-0.0792,0.0,-0.28533503096605933,0.0,0.0,-0.20071286397934787,0.0,0.0,-1.2986080744005428,0.0,sine,1,0.3,1.0,20,40,18.700031042099,0.0
1779527371.8233368,0.0,-0.20071286397934787,0.0,0.0,-1.2986080744005428,0.0,0.0792,1.2276,-0.0792,0.0,-0.29058736792189604,0.0,0.0,-0.21293016874330822,0.0,0.0020777729190408684,-1.2653637076958888,0.0,sine,1,0.3,1.0,20,40,18.710026502609253,0.0
1779527371.8333468,0.0,-0.21293016874330822,0.0,0.0020777729190408684,-1.2653637076958888,0.0,-0.0396,1.1880000000000002,-0.0396,0.0,-0.29468214245021257,0.0,0.0,-0.22514747350726852,0.0,0.0020777729190408684,-1.184330563853295,-0.0020777729190408684,sine,1,0.3,1.0,20,40,18.719988584518433,0.0
1779527371.8434975,0.0,-0.22514747350726852,0.0,0.0020777729190408684,-1.184330563853295,-0.0020777729190408684,-0.0396,1.3464,-0.1584,0.0,-0.2976340769338309,0.0,0.0,-0.22514747350726852,0.0,0.0020777729190408684,-1.184330563853295,-0.0020777729190408684,sine,1,0.3,1.0,20,40,18.72999858856201,0.0
1779527371.8533459,0.0,-0.22514747350726852,0.0,0.0020777729190408684,-1.184330563853295,-0.0020777729190408684,-0.0396,1.3464,-0.1584,0.0,-0.29942555282421224,0.0,0.0,-0.24609142453120048,0.0,0.0,-1.011875411572903,0.0,sine,1,0.3,1.0,20,40,18.74014925956726,0.0
1779527371.8633525,0.0,-0.24609142453120048,0.0,0.0,-1.011875411572903,0.0,-0.0792,0.0792,0.0792,0.0,-0.2999999999663387,0.0,0.0,-0.25481807079117214,0.0,-0.0020777729190408684,-0.8872090364304508,0.0,sine,1,0.3,1.0,20,40,18.74999761581421,0.0
1779527371.873359,0.0,-0.25481807079117214,0.0,-0.0020777729190408684,-0.8872090364304508,0.0,0.0,0.6336,-0.0396,0.0,-0.299407511614258,0.0,0.0,-0.2617993877991494,0.0,0.0,-0.7874759363164892,0.0,sine,1,0.3,1.0,20,40,18.76000428199768,0.0
1779527371.883348,0.0,-0.2617993877991494,0.0,0.0,-0.7874759363164892,0.0,-0.0396,1.1088000000000002,0.0,0.0,-0.29763187956499615,0.0,0.0,-0.2687807048071268,0.0,0.0,-0.6898206091215683,0.0020777729190408684,sine,1,0.3,1.0,20,40,18.770010709762573,0.0
1779527371.8935041,0.0,-0.2687807048071268,0.0,0.0,-0.6898206091215683,0.0020777729190408684,-0.0396,-0.0792,0.0,0.0,-0.294686269534224,0.0,0.0,-0.2687807048071268,0.0,0.0,-0.6898206091215683,0.0020777729190408684,sine,1,0.3,1.0,20,40,18.77999973297119,0.0
1779527371.9033709,0.0,-0.2687807048071268,0.0,0.0,-0.6898206091215683,0.0020777729190408684,-0.0396,-0.0792,0.0,0.0,-0.2905017336294064,0.0,0.0,-0.2792526803190927,0.0,0.0,-0.4882766359746041,0.0,sine,1,0.3,1.0,20,40,18.79015588760376,0.0
1779527371.9133728,0.0,-0.2792526803190927,0.0,0.0,-0.4882766359746041,0.0,0.0,0.9107999999999999,0.0396,0.0,-0.28530378667633133,0.0,0.0,-0.28274333882308134,0.0,0.0,-0.3739991254273563,0.0,sine,1,0.3,1.0,20,40,18.8000226020813,0.0
1779527371.9233844,0.0,-0.28274333882308134,0.0,0.0,-0.3739991254273563,0.0,-0.0396,0.6732,0.0,0.0,-0.27891594202412456,0.0,0.0,-0.2844886680750757,0.0,0.0,-0.25764384196106765,0.0,sine,1,0.3,1.0,20,40,18.81002449989319,0.0
1779527371.9333699,0.0,-0.2844886680750757,0.0,0.0,-0.25764384196106765,0.0,-0.0396,0.3168,0.0792,0.0,-0.27141907728837744,0.0,0.0,-0.28623399732707006,0.0,0.0,-0.1641440606042286,0.0,sine,1,0.3,1.0,20,40,18.82003617286682,0.0
1779527371.9433882,0.0,-0.28623399732707006,0.0,0.0,-0.1641440606042286,0.0,-0.0792,1.4255999999999998,-0.0792,0.0,-0.2628723689900576,0.0,0.0,-0.2879793265790644,0.0,0.0020777729190408684,-0.07272205216643039,0.0,sine,1,0.3,1.0,20,40,18.830021619796753,0.0
1779527371.9533885,0.0,-0.2879793265790644,0.0,0.0020777729190408684,-0.07272205216643039,0.0,-0.198,1.4255999999999998,0.0,0.0,-0.2532580011000269,0.0,0.0,-0.28623399732707006,0.0,0.0,0.078955370923553,0.0,sine,1,0.3,1.0,20,40,18.8400399684906,0.0
1779527371.9636116,0.0,-0.28623399732707006,0.0,0.0,0.078955370923553,0.0,-0.1584,-0.7524000000000001,-0.0792,0.0,-0.24266055392929142,0.0,0.0,-0.2844886680750757,0.0,0.0,0.13921078557573818,0.0,sine,1,0.3,1.0,20,40,18.850040197372437,0.0
1779527371.973428,0.0,-0.2844886680750757,0.0,0.0,0.13921078557573818,0.0,-0.0792,0.35639999999999994,0.1188,0.0,-0.2308372401750143,0.0,0.0,-0.28099800957108706,0.0,0.0,0.3407547587227024,0.0,sine,1,0.3,1.0,20,40,18.860263347625732,0.0
1779527371.9833462,0.0,-0.28099800957108706,0.0,0.0,0.3407547587227024,0.0,-0.1188,0.0,0.3168,0.0,-0.21858764862321065,0.0,0.0,-0.27576202181510406,0.0,-0.0020777729190408684,0.46334336094611367,0.0,sine,1,0.3,1.0,20,40,18.87007975578308,0.0
1779527371.9933484,0.0,-0.27576202181510406,0.0,-0.0020777729190408684,0.46334336094611367,0.0,0.0396,-1.4255999999999998,0.0792,0.0,-0.20536692295349226,0.0,0.0,-0.27052603405912107,0.0,-0.0020777729190408684,0.4841210901365223,0.0,sine,1,0.3,1.0,20,40,18.879997968673706,0.0
1779527372.0033927,0.0,-0.27052603405912107,0.0,-0.0020777729190408684,0.4841210901365223,0.0,0.0396,0.396,0.1188,0.0,-0.19122704456350081,0.0,0.0,-0.26529004630313807,0.0,0.0,0.5651542339791162,0.0,sine,1,0.3,1.0,20,40,18.890000104904175,0.0
1779527372.0133793,0.0,-0.26529004630313807,0.0,0.0,0.5651542339791162,0.0,0.0,-1.3068,0.2376,0.0,-0.17626779767724085,0.0,0.0,-0.25656340004316647,0.0,0.0,0.7708537529641621,0.006233318757122605,sine,1,0.3,1.0,20,40,18.900044441223145,0.0
1779527372.0234122,0.0,-0.25656340004316647,0.0,0.0,0.7708537529641621,0.006233318757122605,-0.1188,0.27720000000000006,-0.4356,0.0,-0.16069857057580691,0.0,0.0,-0.24958208303518914,0.0,0.0,0.7770870717212848,0.0020777729190408684,sine,1,0.3,1.0,20,40,18.91003108024597,0.0
1779527372.0333788,0.0,-0.24958208303518914,0.0,0.0,0.7770870717212848,0.0020777729190408684,0.0,-0.8712,0.27720000000000006,0.0,-0.1444204208797269,0.0,0.0,-0.23911010752322315,0.0,0.0,0.9807088177872899,0.0,sine,1,0.3,1.0,20,40,18.920063972473145,0.0
1779527372.0433714,0.0,-0.23911010752322315,0.0,0.0,0.9807088177872899,0.0,-0.1584,-1.2276,-0.1188,0.0,-0.12768162172871372,0.0,0.0,-0.22863813201125718,0.0,0.0,0.962008861515922,0.0,sine,1,0.3,1.0,20,40,18.930030584335327,0.0
1779527372.0534213,0.0,-0.22863813201125718,0.0,0.0,0.962008861515922,0.0,-0.0792,-0.4752,0.396,0.0,-0.11039673295873384,0.0,0.0,-0.2181661564992912,0.0,0.0,1.0326531407633115,0.0020777729190408684,sine,1,0.3,1.0,20,40,18.940023183822632,0.0
1779527372.0633774,0.0,-0.2181661564992912,0.0,0.0,1.0326531407633115,0.0020777729190408684,-0.198,0.2376,-0.1188,0.0,-0.09257421475904036,0.0,0.0,-0.2076941809873252,0.0,0.0,1.1095307387678237,0.0020777729190408684,sine,1,0.3,1.0,20,40,18.95007300376892,0.0
1779527372.0733879,0.0,-0.2076941809873252,0.0,0.0,1.1095307387678237,0.0020777729190408684,0.0,0.396,-0.4356,0.0,-0.07455378994232377,0.0,0.0,-0.1937315469713706,0.0,0.0,1.3630190348908096,0.0020777729190408684,sine,1,0.3,1.0,20,40,18.960029125213623,0.0
1779527372.0833747,0.0,-0.1937315469713706,0.0,0.0,1.3630190348908096,0.0020777729190408684,-0.198,-0.0792,-0.27720000000000006,0.0,-0.05614105926502899,0.0,0.0,-0.17976891295541597,0.0,0.0,1.3214635765099922,0.0,sine,1,0.3,1.0,20,40,18.97003960609436,0.0
1779527372.093366,0.0,-0.17976891295541597,0.0,0.0,1.3214635765099922,0.0,0.0396,0.0396,0.35639999999999994,0.0,-0.0375504428965075,0.0,0.0,-0.16406094968746698,0.0,0.0,1.53131864133312,0.0,sine,1,0.3,1.0,20,40,18.980026483535767,0.0
1779527372.1034236,0.0,-0.16406094968746698,0.0,0.0,1.53131864133312,0.0,0.198,-3.0096000000000003,-0.396,0.0,-0.018803947201580757,0.0,0.0,-0.15009831567151233,0.0,0.0,1.4419744058143626,0.0020777729190408684,sine,1,0.3,1.0,20,40,18.990017652511597,0.0
1779527372.113376,0.0,-0.15009831567151233,0.0,0.0,1.4419744058143626,0.0020777729190408684,-0.0396,-1.584,-0.4356,0.0,0.00014201305982519693,0.0,0.0,-0.13613568165555773,0.0,0.0,1.4627521350047714,0.0,sine,1,0.3,1.0,20,40,19.000075340270996,0.0
1779527372.1233957,0.0,-0.13613568165555773,0.0,0.0,1.4627521350047714,0.0,-0.0396,-1.3464,0.35639999999999994,0.0,0.018889166142427003,0.0,0.0,-0.11868238913561442,0.0,0.0,1.6829960644231035,0.0020777729190408684,sine,1,0.3,1.0,20,40,19.010027647018433,0.0
1779527372.1333644,0.0,-0.11868238913561442,0.0,0.0,1.6829960644231035,0.0020777729190408684,-0.0792,0.0792,-0.35639999999999994,0.0,0.03768865980755392,0.0,0.0,-0.0994837673636768,0.0,0.0,1.8097402124845963,0.0,sine,1,0.3,1.0,20,40,19.020047426223755,0.0
1779527372.143371,0.0,-0.0994837673636768,0.0,0.0,1.8097402124845963,0.0,-0.0792,-1.7028,-0.4356,0.0,0.05624435958715769,0.0,0.0,-0.08203047484373349,0.0,0.0,1.8450623521082912,0.0,sine,1,0.3,1.0,20,40,19.03001618385315,0.0
1779527372.1533463,0.0,-0.08203047484373349,0.0,0.0,1.8450623521082912,0.0,-0.0396,0.0396,0.1188,0.0,0.07464868352047158,0.0,0.0,-0.06283185307179587,0.0,0.0,1.8533734437844547,0.0,sine,1,0.3,1.0,20,40,19.04002285003662,0.0
1779527372.1633494,0.0,-0.06283185307179587,0.0,0.0,1.8533734437844547,0.0,-0.1584,-1.1088000000000002,0.396,0.0,0.09270159352036637,0.0,0.0,-0.04537856055185257,0.0,0.0,1.8658400812986997,0.0,sine,1,0.3,1.0,20,40,19.04999804496765,0.0
1779527372.1733813,0.0,-0.04537856055185257,0.0,0.0,1.8658400812986997,0.0,-0.2376,-0.198,0.7127999999999999,0.0,0.11043935476571286,0.0,0.0,-0.027925268031909273,0.0,-0.0020777729190408684,1.737018160318166,0.0,sine,1,0.3,1.0,20,40,19.060001134872437,0.0
1779527372.1833441,0.0,-0.027925268031909273,0.0,-0.0020777729190408684,1.737018160318166,0.0,0.0,-2.2176000000000005,-0.6732,0.0,0.12779019338308345,0.0,0.0,-0.008726646259971648,0.0,0.0,1.8637623083796588,0.0020777729190408684,sine,1,0.3,1.0,20,40,19.070033073425293,0.0
1779527372.193349,0.0,-0.008726646259971648,0.0,0.0,1.8637623083796588,0.0020777729190408684,-0.1188,-0.4356,-0.6732,0.0,0.14451928122617377,0.0,0.0,0.008726646259971648,0.0,0.0,1.878306718812945,0.0,sine,1,0.3,1.0,20,40,19.07999587059021,0.0
1779527372.2033558,0.0,0.008726646259971648,0.0,0.0,1.878306718812945,0.0,0.0,-2.8116000000000003,-0.4752,0.0,0.1607490402353998,0.0,0.0,0.02617993877991494,0.0,0.0,1.8637623083796588,0.0,sine,1,0.3,1.0,20,40,19.09000062942505,0.0
1779527372.2133496,0.0,0.02617993877991494,0.0,0.0,1.8637623083796588,0.0,-0.0792,0.1188,-0.4752,0.0,0.17634706458847788,0.0,0.0,0.04537856055185257,0.0,0.0020777729190408684,1.8429845791892503,0.0020777729190408684,sine,1,0.3,1.0,20,40,19.1000075340271,0.0
1779527372.2233717,0.0,0.04537856055185257,0.0,0.0020777729190408684,1.8429845791892503,0.0020777729190408684,-0.198,-0.9504,-0.5940000000000001,0.0,0.19122912220780452,0.0,0.0,0.06283185307179587,0.0,0.0,1.8554512167034956,0.0,sine,1,0.3,1.0,20,40,19.1100013256073,0.0
1779527372.2335048,0.0,0.06283185307179587,0.0,0.0,1.8554512167034956,0.0,-0.2376,-1.1483999999999999,-0.792,0.0,0.2053964051519581,0.0,0.0,0.08028514559173917,0.0,0.0,1.6767627456659808,0.0,sine,1,0.3,1.0,20,40,19.120023488998413,0.0
1779527372.2433615,0.0,0.08028514559173917,0.0,0.0,1.6767627456659808,0.0,-0.0396,-0.5544000000000001,-0.6732,0.0,0.21889244276633407,0.0,0.0,0.09773843811168245,0.0,0.0,1.7349403873991252,0.0,sine,1,0.3,1.0,20,40,19.13015651702881,0.0
1779527372.2536561,0.0,0.09773843811168245,0.0,0.0,1.7349403873991252,0.0,0.1188,-1.9008,-0.6732,0.0,0.23116985358400505,0.0,0.0,0.09773843811168245,0.0,0.0,1.7349403873991252,0.0,sine,1,0.3,1.0,20,40,19.140013217926025,0.0
1779527372.2633471,0.0,0.09773843811168245,0.0,0.0,1.7349403873991252,0.0,0.1188,-1.9008,-0.6732,0.0,0.24304577454432608,0.0,0.0,0.1308996938995747,0.0,0.0,1.6642961081517356,0.0,sine,1,0.3,1.0,20,40,19.15030789375305,0.0
1779527372.273374,0.0,0.1308996938995747,0.0,0.0,1.6642961081517356,0.0,-0.1584,-1.1088000000000002,-0.5148,0.0,0.25329726030890964,0.0,0.0,0.1466076571675237,0.0,0.0,1.6372850602042042,0.0,sine,1,0.3,1.0,20,40,19.159998893737793,0.0
1779527372.2835028,0.0,0.1466076571675237,0.0,0.0,1.6372850602042042,0.0,-0.198,-2.1384,-0.35639999999999994,0.0,0.2629154522831004,0.0,0.0,0.16231562043547265,0.0,0.0,1.57910741847106,0.0,sine,1,0.3,1.0,20,40,19.17002582550049,0.0
1779527372.2933488,0.0,0.16231562043547265,0.0,0.0,1.57910741847106,0.0,-0.198,-0.7127999999999999,-0.7524000000000001,0.0,0.271572035319835,0.0,0.0,0.17802358370342164,0.0,0.0,1.5084631392236705,0.0,sine,1,0.3,1.0,20,40,19.18015456199646,0.0
1779527372.3033798,0.0,0.17802358370342164,0.0,0.0,1.5084631392236705,0.0,-0.1584,0.1584,-0.5940000000000001,0.0,0.27893331634664875,0.0,0.0,0.19024088846738194,0.0,-0.004155545838081737,1.325619122348074,0.0,sine,1,0.3,1.0,20,40,19.190000534057617,0.0
1779527372.31337,0.0,0.19024088846738194,0.0,-0.004155545838081737,1.325619122348074,0.0,-0.0792,0.35639999999999994,-0.5940000000000001,0.0,0.28533530854773265,0.0,0.0,0.20420352248333656,0.0,-0.0020777729190408684,1.3110747119147879,0.0,sine,1,0.3,1.0,20,40,19.200031518936157,0.0
1779527372.3233495,0.0,0.20420352248333656,0.0,-0.0020777729190408684,1.3110747119147879,0.0,0.0792,-0.198,-0.6336,0.0,0.2905851339745465,0.0,0.0,0.21467549799530256,0.0,0.0020777729190408684,1.1739416992580907,0.0,sine,1,0.3,1.0,20,40,19.21002173423767,0.0
1779527372.33335,0.0,0.21467549799530256,0.0,0.0020777729190408684,1.1739416992580907,0.0,-0.0792,0.2376,-0.7127999999999999,0.0,0.2946866063689436,0.0,0.0,0.22514747350726852,0.0,0.006233318757122605,1.1074529658487828,0.0,sine,1,0.3,1.0,20,40,19.220001220703125,0.0
1779527372.3434293,0.0,0.22514747350726852,0.0,0.006233318757122605,1.1074529658487828,0.0,0.3168,-0.1188,-0.7127999999999999,0.0,0.2976348091643533,0.0,0.0,0.23561944901923448,0.0,0.0020777729190408684,1.0222642761681073,0.0020777729190408684,sine,1,0.3,1.0,20,40,19.23000168800354,0.0
1779527372.3533514,0.0,0.23561944901923448,0.0,0.0020777729190408684,1.0222642761681073,0.0020777729190408684,0.27720000000000006,-1.4652,0.6336,0.0,0.29941757513224404,0.0,0.0,0.24609142453120048,0.0,0.0,0.9869421365444124,0.0,sine,1,0.3,1.0,20,40,19.240081071853638,0.0
1779527372.3633604,0.0,0.24609142453120048,0.0,0.0,0.9869421365444124,0.0,-0.27720000000000006,-2.2967999999999997,-0.6336,0.0,0.2999999999431124,0.0,0.0,0.25481807079117214,0.0,0.0,0.9038312197827777,0.0,sine,1,0.3,1.0,20,40,19.25000309944153,0.0
1779527372.3734887,0.0,0.25481807079117214,0.0,0.0,0.9038312197827777,0.0,-0.1584,-0.4356,-0.5148,0.0,0.2994065796367517,0.0,0.0,0.2617993877991494,0.0,-0.0020777729190408684,0.8040981196688161,0.0020777729190408684,sine,1,0.3,1.0,20,40,19.26001214981079,0.0
1779527372.383354,0.0,0.2617993877991494,0.0,-0.0020777729190408684,0.8040981196688161,0.0020777729190408684,0.0792,-0.7524000000000001,-0.5940000000000001,0.0,0.2976011231754238,0.0,0.0,0.2687807048071268,0.0,0.0,0.6960539278786909,0.0,sine,1,0.3,1.0,20,40,19.270140409469604,0.0
1779527372.3933716,0.0,0.2687807048071268,0.0,0.0,0.6960539278786909,0.0,-0.0396,-1.4255999999999998,-0.5544000000000001,0.0,0.294684164077506,0.0,0.0,0.27401669256310973,0.0,0.0,0.5859319631695249,0.0,sine,1,0.3,1.0,20,40,19.28000569343567,0.0
1779527372.4033558,0.0,0.27401669256310973,0.0,0.0,0.5859319631695249,0.0,-0.0792,-0.792,-0.5148,0.0,0.290564010293103,0.0,0.0,0.2792526803190927,0.0,0.0,0.4882766359746041,-0.0020777729190408684,sine,1,0.3,1.0,20,40,19.29002332687378,0.0
1779527372.413479,0.0,0.2792526803190927,0.0,0.0,0.4882766359746041,-0.0020777729190408684,-0.0792,-0.5148,-0.5940000000000001,0.0,0.28531253834478876,0.0,0.0,0.28274333882308134,0.0,0.0,0.34491030456078414,0.0,sine,1,0.3,1.0,20,40,19.300007581710815,0.0
1779527372.423503,0.0,0.28274333882308134,0.0,0.0,0.34491030456078414,0.0,-0.1188,-1.1483999999999999,-0.35639999999999994,0.0,0.27884206561833424,0.0,0.0,0.2844886680750757,0.0,0.0,0.24725497736586333,0.0,sine,1,0.3,1.0,20,40,19.310130834579468,0.0
1779527372.433349,0.0,0.2844886680750757,0.0,0.0,0.24725497736586333,0.0,-0.0792,1.584,-0.3168,0.0,0.27132385578544915,0.0,0.0,0.28623399732707006,0.0,0.0,0.12051082930437036,0.0020777729190408684,sine,1,0.3,1.0,20,40,19.320154666900635,0.0
1779527372.443346,0.0,0.28623399732707006,0.0,0.0,0.12051082930437036,0.0020777729190408684,-0.0396,0.9504,-0.2376,0.0,0.262891423779881,0.0,0.0,0.28623399732707006,0.0,0.0,0.020777729190408684,0.0,sine,1,0.3,1.0,20,40,19.330000638961792,0.0
1779527372.453372,0.0,0.28623399732707006,0.0,0.0,0.020777729190408684,0.0,-0.0792,1.5444,-0.0792,0.0,0.25330063156126115,0.0,0.0,0.2844886680750757,0.0,0.0,-0.02701104794753129,0.0,sine,1,0.3,1.0,20,40,19.3399977684021,0.0
1779527372.4633465,0.0,0.2844886680750757,0.0,0.0,-0.02701104794753129,0.0,0.0396,2.2176000000000005,-0.2376,0.0,0.24267878570835472,0.0,0.0,0.28274333882308134,0.0,0.0,-0.20777729190408684,0.0,sine,1,0.3,1.0,20,40,19.35002374649048,0.0
1779527372.4733498,0.0,0.28274333882308134,0.0,0.0,-0.20777729190408684,0.0,0.0,1.8215999999999999,-0.0396,0.0,0.23115610410843482,0.0,0.0,0.2792526803190927,0.0,0.0,-0.33244366704653894,-0.0020777729190408684,sine,1,0.3,1.0,20,40,19.35999822616577,0.0
1779527372.4835205,0.0,0.2792526803190927,0.0,0.0,-0.33244366704653894,-0.0020777729190408684,0.0,0.8712,-0.0792,0.0,0.21868858239509062,0.0,0.0,0.27401669256310973,0.0,0.0,-0.46957667970323624,0.0,sine,1,0.3,1.0,20,40,19.370001554489136,0.0
1779527372.4933689,0.0,0.27401669256310973,0.0,0.0,-0.46957667970323624,0.0,0.0,0.5148,-0.2376,0.0,0.20512732373984324,0.0,0.0,0.2687807048071268,0.0,0.0,-0.5693097798171979,0.0,sine,1,0.3,1.0,20,40,19.38017225265503,0.0
1779527372.503359,0.0,0.2687807048071268,0.0,0.0,-0.5693097798171979,0.0,-0.0396,1.584,0.0396,0.0,0.19119726329753853,0.0,0.0,0.2617993877991494,0.0,0.0,-0.6815095174454048,-0.0020777729190408684,sine,1,0.3,1.0,20,40,19.390020608901978,0.0
1779527372.513362,0.0,0.2617993877991494,0.0,0.0,-0.6815095174454048,-0.0020777729190408684,0.0,1.0296,0.0396,0.0,0.17631906879059758,0.0,0.0,0.25481807079117214,0.0,0.0,-0.6648873340930779,0.0,sine,1,0.3,1.0,20,40,19.40001082420349,0.0
1779527372.5234709,0.0,0.25481807079117214,0.0,0.0,-0.6648873340930779,0.0,-0.1584,1.2276,-0.0396,0.0,0.16072627275780466,0.0,0.0,0.24609142453120048,0.0,0.0,-0.8643535343210013,0.0,sine,1,0.3,1.0,20,40,19.410013675689697,0.0
1779527372.5333652,0.0,0.24609142453120048,0.0,0.0,-0.8643535343210013,0.0,0.0,1.4652,-0.0792,0.0,0.14432351005071423,0.0,0.0,0.23736477827122884,0.0,0.0020777729190408684,-0.8352647134544291,0.0,sine,1,0.3,1.0,20,40,19.420122623443604,0.0
1779527372.5433488,0.0,0.23736477827122884,0.0,0.0020777729190408684,-0.8352647134544291,0.0,0.2376,1.7028,0.1188,0.0,0.1277048016625274,0.0,0.0,0.22689280275926285,0.0,0.0020777729190408684,-1.0638197345489246,0.0,sine,1,0.3,1.0,20,40,19.43001699447632,0.0
1779527372.5533502,0.0,0.22689280275926285,0.0,0.0020777729190408684,-1.0638197345489246,0.0,0.0792,-0.2376,-0.27720000000000006,0.0,0.1104364298221411,0.0,0.0,0.21467549799530256,0.0,0.0,-1.1656306075819272,-0.0020777729190408684,sine,1,0.3,1.0,20,40,19.440000534057617,0.0
1779527372.563348,0.0,0.21467549799530256,0.0,0.0,-1.1656306075819272,-0.0020777729190408684,0.0,0.3168,-0.198,0.0,0.0927015935203721,0.0,0.0,0.20420352248333656,0.0,0.0,-1.119919603363028,0.0020777729190408684,sine,1,0.3,1.0,20,40,19.45000195503235,0.0
1779527372.5733538,0.0,0.20420352248333656,0.0,0.0,-1.119919603363028,0.0020777729190408684,0.1188,0.4752,0.1188,0.0,0.07460733179253057,0.0,0.0,0.19198621771937624,0.0,0.0,-1.167708380500968,-0.0020777729190408684,sine,1,0.3,1.0,20,40,19.459999799728394,0.0
1779527372.5834641,0.0,0.19198621771937624,0.0,0.0,-1.167708380500968,-0.0020777729190408684,0.0792,0.2376,0.0,0.0,0.05620418806019941,0.0,0.0,0.17976891295541597,0.0,0.0,-1.2383526597483576,-0.0020777729190408684,sine,1,0.3,1.0,20,40,19.47000551223755,0.0
1779527372.5933676,0.0,0.17976891295541597,0.0,0.0,-1.2383526597483576,-0.0020777729190408684,0.3168,0.3168,0.1584,0.0,0.037383234200044184,0.0,0.0,0.16406094968746698,0.0,0.0,-1.4939187287903843,-0.004155545838081737,sine,1,0.3,1.0,20,40,19.48011589050293,0.0
1779527372.6033988,0.0,0.16406094968746698,0.0,0.0,-1.4939187287903843,-0.004155545838081737,0.0,0.1584,0.0,0.0,0.018800807527254937,0.0,0.0,0.15009831567151233,0.0,0.0,-1.4211966766239539,0.0,sine,1,0.3,1.0,20,40,19.49001932144165,0.0
1779527372.6135054,0.0,0.15009831567151233,0.0,0.0,-1.4211966766239539,0.0,-0.2376,2.3760000000000003,-0.2376,0.0,-9.527458639305871e-05,0.0,0.0,0.13264502315156904,0.0,-0.0020777729190408684,-1.6227406497709183,0.0,sine,1,0.3,1.0,20,40,19.50005054473877,0.0
1779527372.6233501,0.0,0.13264502315156904,0.0,-0.0020777729190408684,-1.6227406497709183,0.0,0.0,0.99,-0.2376,0.0,-0.01913270444558112,0.0,0.0,0.11868238913561442,0.0,0.0,-1.53131864133312,0.0,sine,1,0.3,1.0,20,40,19.510157108306885,0.0
1779527372.633408,0.0,0.11868238913561442,0.0,0.0,-1.53131864133312,0.0,-0.1584,1.7028,0.4356,0.0,-0.037603501315181,0.0,0.0,0.10297442586766545,0.0,0.0,-1.5749518726329783,0.0,sine,1,0.3,1.0,20,40,19.520001888275146,0.0
1779527372.6433814,0.0,0.10297442586766545,0.0,0.0,-1.5749518726329783,0.0,0.1584,-0.396,-0.3168,0.0,-0.05632514092126979,0.0,0.0,0.08377580409572782,0.0,0.0,-1.7889624832941877,-0.004155545838081737,sine,1,0.3,1.0,20,40,19.530059814453125,0.0
1779527372.6533728,0.0,0.08377580409572782,0.0,0.0,-1.7889624832941877,-0.004155545838081737,0.0,0.8712,0.0,0.0,-0.07466740012140417,0.0,0.0,0.06457718232379019,0.0,0.0,-1.8512956708654138,0.0,sine,1,0.3,1.0,20,40,19.540033102035522,0.0
1779527372.6633687,0.0,0.06457718232379019,0.0,0.0,-1.8512956708654138,0.0,0.0792,0.0,0.1188,0.0,-0.09274903525090611,0.0,0.0,0.047123889803846894,0.0,0.0,-1.8928511292462311,0.0,sine,1,0.3,1.0,20,40,19.55002450942993,0.0
1779527372.6733627,0.0,0.047123889803846894,0.0,0.0,-1.8928511292462311,0.0,0.0396,0.99,-0.0396,0.0,-0.11047319965799991,0.0,0.0,0.027925268031909273,0.0,-0.004155545838081737,-1.8824622646510267,-0.004155545838081737,sine,1,0.3,1.0,20,40,19.560020446777344,0.0
1779527372.6833534,0.0,0.027925268031909273,0.0,-0.004155545838081737,-1.8824622646510267,-0.004155545838081737,0.0,0.99,-0.27720000000000006,0.0,-0.1277584779341603,0.0,0.0,0.010471975511965978,0.0,0.0,-1.7557181165895337,0.0,sine,1,0.3,1.0,20,40,19.570014476776123,0.0
1779527372.6934276,0.0,0.010471975511965978,0.0,0.0,-1.7557181165895337,0.0,0.1584,1.3068,-0.0396,0.0,-0.14453464016349626,0.0,0.0,-0.006981317007977318,0.0,0.0,-1.8845400375700676,-0.0020777729190408684,sine,1,0.3,1.0,20,40,19.580005168914795,0.0
1779527372.7033165,0.0,-0.006981317007977318,0.0,0.0,-1.8845400375700676,-0.0020777729190408684,0.0396,-0.7127999999999999,-0.198,0.0,-0.16087423814395183,0.0,0.0,-0.02617993877991494,0.0,0.0,-1.878306718812945,0.0,sine,1,0.3,1.0,20,40,19.590079307556152,0.0
1779527372.713317,0.0,-0.02617993877991494,0.0,0.0,-1.878306718812945,0.0,-0.0396,1.1483999999999999,-0.0792,0.0,-0.17628707072043068,0.0,0.0,-0.04188790204786391,0.0,0.0,-1.7100071123706346,0.0020777729190408684,sine,1,0.3,1.0,20,40,19.599968194961548,0.0
1779527372.723387,0.0,-0.04188790204786391,0.0,0.0,-1.7100071123706346,0.0020777729190408684,0.0792,0.8712,-0.0792,0.0,-0.19118167881228115,0.0,0.0,-0.05934119456780721,0.0,-0.0020777729190408684,-1.6518294706374903,0.0,sine,1,0.3,1.0,20,40,19.609968662261963,0.0
1779527372.733378,0.0,-0.05934119456780721,0.0,-0.0020777729190408684,-1.6518294706374903,0.0,-0.0792,0.27720000000000006,0.2376,0.0,-0.2054173679994484,0.0,0.0,-0.07504915783575616,0.0,0.0,-1.641440606042286,-0.0020777729190408684,sine,1,0.3,1.0,20,40,19.620038747787476,0.0
1779527372.7435493,0.0,-0.07504915783575616,0.0,0.0,-1.641440606042286,-0.0020777729190408684,-0.1188,0.9107999999999999,-0.1584,0.0,-0.21872887960587248,0.0,0.0,-0.09250245035569947,0.0,-0.0020777729190408684,-1.7785736186989833,0.0,sine,1,0.3,1.0,20,40,19.630029678344727,0.0
1779527372.7533448,0.0,-0.09250245035569947,0.0,-0.0020777729190408684,-1.7785736186989833,0.0,-0.0396,0.0,-0.1584,0.0,-0.23139540321603252,0.0,0.0,-0.10995574287564278,0.0,0.0,-1.7577958895085746,-0.0020777729190408684,sine,1,0.3,1.0,20,40,19.640201091766357,0.0
1779527372.7634146,0.0,-0.10995574287564278,0.0,0.0,-1.7577958895085746,-0.0020777729190408684,0.0792,1.3068,0.35639999999999994,0.0,-0.24270124158194936,0.0,0.0,-0.12740903539558607,0.0,0.0020777729190408684,-1.7245515228039208,-0.0020777729190408684,sine,1,0.3,1.0,20,40,19.649996519088745,0.0
1779527372.7733788,0.0,-0.12740903539558607,0.0,0.0020777729190408684,-1.7245515228039208,-0.0020777729190408684,0.0396,0.9504,0.0792,0.0,-0.25336538612899245,0.0,0.0,-0.14311699866353503,0.0,0.0,-1.6642961081517356,0.0,sine,1,0.3,1.0,20,40,19.66006636619568,0.0
1779527372.7833452,0.0,-0.14311699866353503,0.0,0.0,-1.6642961081517356,0.0,0.0,0.396,-0.0792,0.0,-0.26291978097025215,0.0,0.0,-0.16057029118347835,0.0,0.004155545838081737,-1.6185851039328365,0.0,sine,1,0.3,1.0,20,40,19.67003059387207,0.0
1779527372.7933538,0.0,-0.16057029118347835,0.0,0.004155545838081737,-1.6185851039328365,0.0,-0.0396,0.4752,0.0396,0.0,-0.27144568173372985,0.0,0.0,-0.17453292519943295,0.0,0.0,-1.454441043328608,0.0,sine,1,0.3,1.0,20,40,19.679996967315674,0.0
1779527372.8033612,0.0,-0.17453292519943295,0.0,0.0,-1.454441043328608,0.0,0.0,0.8712,-0.1188,0.0,-0.27893679038303415,0.0,0.0,-0.18849555921538758,0.0,0.0020777729190408684,-1.4440521787334035,0.0,sine,1,0.3,1.0,20,40,19.69000554084778,0.0
1779527372.8134022,0.0,-0.18849555921538758,0.0,0.0020777729190408684,-1.4440521787334035,0.0,-0.0792,0.5940000000000001,0.0792,0.0,-0.2853244809646049,0.0,0.0,-0.20071286397934787,0.0,0.0,-1.2882192098053384,0.0,sine,1,0.3,1.0,20,40,19.700012922286987,0.0
1779527372.8235905,0.0,-0.20071286397934787,0.0,0.0,-1.2882192098053384,0.0,0.0792,1.1088000000000002,0.0396,0.0,-0.29060020805713643,0.0,0.0,-0.21293016874330822,0.0,0.0,-1.2695192535339705,0.0,sine,1,0.3,1.0,20,40,19.71005392074585,0.0
1779527372.8333516,0.0,-0.21293016874330822,0.0,0.0,-1.2695192535339705,0.0,0.0,0.9107999999999999,0.0792,0.0,-0.29477140200895346,0.0,0.0,-0.22514747350726852,0.0,0.0,-1.1822527909342542,-0.0020777729190408684,sine,1,0.3,1.0,20,40,19.720242261886597,0.0
1779527372.843384,0.0,-0.22514747350726852,0.0,0.0,-1.1822527909342542,-0.0020777729190408684,0.0396,1.4652,-0.198,0.0,-0.2976352033955732,0.0,0.0,-0.23561944901923448,0.0,-0.0020777729190408684,-1.1095307387678237,-0.0020777729190408684,sine,1,0.3,1.0,20,40,19.730003356933594,0.0
1779527372.8533769,0.0,-0.23561944901923448,0.0,-0.0020777729190408684,-1.1095307387678237,-0.0020777729190408684,-0.0792,0.6732,-0.0792,0.0,-0.29941224488266205,0.0,0.0,-0.24609142453120048,0.0,0.0,-1.0139531844919438,0.0,sine,1,0.3,1.0,20,40,19.74003577232361,0.0
1779527372.8633707,0.0,-0.24609142453120048,0.0,0.0,-1.0139531844919438,0.0,0.0,0.0396,-0.0396,0.0,-0.2999999951527694,0.0,0.0,-0.25481807079117214,0.0,0.0,-0.9121423114589412,0.0,sine,1,0.3,1.0,20,40,19.750028610229492,0.0
1779527372.8733952,0.0,-0.25481807079117214,0.0,0.0,-0.9121423114589412,0.0,0.0,0.5148,0.0396,0.0,-0.2994053641439438,0.0,0.0,-0.2635447170511438,0.0,0.0,-0.8082536655068978,0.0,sine,1,0.3,1.0,20,40,19.760022401809692,0.0
1779527372.8833818,0.0,-0.2635447170511438,0.0,0.0,-0.8082536655068978,0.0,-0.0396,1.2672,0.0396,0.0,-0.29762330576547413,0.0,0.0,-0.2687807048071268,0.0,0.0020777729190408684,-0.6877428362025274,0.0,sine,1,0.3,1.0,20,40,19.770046949386597,0.0
1779527372.8933506,0.0,-0.2687807048071268,0.0,0.0020777729190408684,-0.6877428362025274,0.0,-0.0792,0.0396,0.0792,0.0,-0.294674305046716,0.0,0.0,-0.27576202181510406,0.0,0.0,-0.5817764173314431,-0.0020777729190408684,sine,1,0.3,1.0,20,40,19.780033588409424,0.0
1779527372.9033718,0.0,-0.27576202181510406,0.0,0.0,-0.5817764173314431,-0.0020777729190408684,-0.0396,1.4255999999999998,0.1584,0.0,-0.29057384855582713,0.0,0.0,-0.2792526803190927,0.0,0.0,-0.4716544526222771,0.0,sine,1,0.3,1.0,20,40,19.79000234603882,0.0
1779527372.9134073,0.0,-0.2792526803190927,0.0,0.0,-0.4716544526222771,0.0,-0.0792,0.6732,0.0396,0.0,-0.28530323092904786,0.0,0.0,-0.28274333882308134,0.0,0.0,-0.34283253164174327,0.0,sine,1,0.3,1.0,20,40,19.800023555755615,0.0
1779527372.9234169,0.0,-0.28274333882308134,0.0,0.0,-0.34283253164174327,0.0,-0.0792,0.7524000000000001,0.0,0.0,-0.2788919375675013,0.0,0.0,-0.2844886680750757,0.0,0.0,-0.2825771169895581,0.0,sine,1,0.3,1.0,20,40,19.810059070587158,0.0
1779527372.9345112,0.0,-0.2844886680750757,0.0,0.0,-0.2825771169895581,0.0,-0.1188,0.2376,0.0,0.0,-0.27139303564972694,0.0,0.0,-0.28623399732707006,0.0,0.0,-0.16622183352326947,0.0,sine,1,0.3,1.0,20,40,19.82006859779358,0.0
1779527372.9433825,0.0,-0.28623399732707006,0.0,0.0,-0.16622183352326947,0.0,-0.0396,1.6236000000000002,-0.198,0.0,-0.26182895740073975,0.0,0.0,-0.28623399732707006,0.0,0.0,-0.029088820866572156,0.0,sine,1,0.3,1.0,20,40,19.831162929534912,0.0
1779527372.9535296,0.0,-0.28623399732707006,0.0,0.0,-0.029088820866572156,0.0,0.0,0.9504,0.0792,0.0,-0.2532637825450764,0.0,0.0,-0.28623399732707006,0.0,-0.0020777729190408684,0.10596641887108428,0.0,sine,1,0.3,1.0,20,40,19.840034246444702,0.0
1779527372.9633913,0.0,-0.28623399732707006,0.0,-0.0020777729190408684,0.10596641887108428,0.0,0.0,-0.5148,0.0792,0.0,-0.2425040240249323,0.0,0.0,-0.2844886680750757,0.0,-0.0020777729190408684,0.14544410433286079,0.0,sine,1,0.3,1.0,20,40,19.850181341171265,0.0
1779527372.9733438,0.0,-0.2844886680750757,0.0,-0.0020777729190408684,0.14544410433286079,0.0,0.0,0.7127999999999999,0.0396,0.0,-0.2311022404888341,0.0,0.0,-0.28099800957108706,0.0,0.0,0.3407547587227024,0.0,sine,1,0.3,1.0,20,40,19.860043048858643,0.0
1779527372.9833498,0.0,-0.28099800957108706,0.0,0.0,0.3407547587227024,0.0,0.0396,-0.27720000000000006,0.35639999999999994,0.0,-0.21869627335279243,0.0,0.0,-0.27576202181510406,0.0,0.0020777729190408684,0.46334336094611367,0.0,sine,1,0.3,1.0,20,40,19.869995594024658,0.0
1779527372.993368,0.0,-0.27576202181510406,0.0,0.0020777729190408684,0.46334336094611367,0.0,-0.0792,-1.3068,0.35639999999999994,0.0,-0.20536200889080633,0.0,0.0,-0.27052603405912107,0.0,0.0,0.473732225541318,0.0,sine,1,0.3,1.0,20,40,19.880001544952393,0.0
1779527373.0039268,0.0,-0.27052603405912107,0.0,0.0,0.473732225541318,0.0,-0.0396,0.4752,0.198,0.0,-0.19119864854307136,0.0,0.0,-0.2635447170511438,0.0,0.0,0.6669651070121188,0.0,sine,1,0.3,1.0,20,40,19.89001965522766,0.0
1779527373.0134296,0.0,-0.2635447170511438,0.0,0.0,0.6669651070121188,0.0,-0.198,-1.4255999999999998,0.2376,0.0,-0.175452224536726,0.0,0.0,-0.25656340004316647,0.0,0.0,0.6731984257692414,0.0,sine,1,0.3,1.0,20,40,19.900578498840332,0.0
1779527373.0233493,0.0,-0.25656340004316647,0.0,0.0,0.6731984257692414,0.0,-0.0396,0.35639999999999994,0.1584,0.0,-0.16061848908160037,0.0,0.0,-0.24958208303518914,0.0,0.0020777729190408684,0.7521537966927944,0.0,sine,1,0.3,1.0,20,40,19.910081386566162,0.0
1779527373.0333838,0.0,-0.24958208303518914,0.0,0.0020777729190408684,0.7521537966927944,0.0,-0.1188,-1.1088000000000002,0.198,0.0,-0.1445244009267637,0.0,0.0,-0.24085543677521748,0.0,0.0,0.8311091676163473,0.0,sine,1,0.3,1.0,20,40,19.92000102996826,0.0
1779527373.043407,0.0,-0.24085543677521748,0.0,0.0,0.8311091676163473,0.0,0.0396,-0.6336,0.396,0.0,-0.12767308151842555,0.0,0.0,-0.22863813201125718,0.0,0.0,1.0658975074679655,0.0020777729190408684,sine,1,0.3,1.0,20,40,19.93003559112549,0.0
1779527373.0533645,0.0,-0.22863813201125718,0.0,0.0,1.0658975074679655,0.0020777729190408684,-0.0396,-0.5940000000000001,-0.5148,0.0,-0.11033446705933585,0.0,0.0,-0.21642082724729686,0.0,0.0,1.198874974286581,0.0,sine,1,0.3,1.0,20,40,19.940058708190918,0.0
1779527373.0634265,0.0,-0.21642082724729686,0.0,0.0,1.198874974286581,0.0,0.0,-0.0792,-0.396,0.0,-0.09267594827442245,0.0,0.0,-0.20420352248333656,0.0,0.0,1.3193858035909514,0.0,sine,1,0.3,1.0,20,40,19.950016260147095,0.0
1779527373.0735424,0.0,-0.20420352248333656,0.0,0.0,1.3193858035909514,0.0,-0.1188,-1.0296,-0.5940000000000001,0.0,-0.07446411255716395,0.0,0.0,-0.19198621771937624,0.0,0.0,1.2508192972626027,0.0,sine,1,0.3,1.0,20,40,19.960078239440918,0.0
1779527373.0833669,0.0,-0.19198621771937624,0.0,0.0,1.2508192972626027,0.0,0.0792,-0.7127999999999999,0.4356,0.0,-0.055854960870964275,0.0,0.0,-0.1762782544514273,0.0,0.0,1.4440521787334035,-0.0020777729190408684,sine,1,0.3,1.0,20,40,19.970194101333618,0.0
1779527373.0934691,0.0,-0.1762782544514273,0.0,0.0,1.4440521787334035,-0.0020777729190408684,-0.1584,-3.6036,0.7524000000000001,0.0,-0.0375651566952833,0.0,0.0,-0.16231562043547265,0.0,-0.0020777729190408684,1.3630190348908096,0.0020777729190408684,sine,1,0.3,1.0,20,40,19.980018615722656,0.0
1779527373.103363,0.0,-0.16231562043547265,0.0,-0.0020777729190408684,1.3630190348908096,0.0020777729190408684,-0.198,-1.3068,-0.7127999999999999,0.0,-0.01860973203998791,0.0,0.0,-0.1466076571675237,0.0,0.0,1.5520963705235287,0.0,sine,1,0.3,1.0,20,40,19.990120887756348,0.0
1779527373.1133862,0.0,-0.1466076571675237,0.0,0.0,1.5520963705235287,0.0,-0.0792,-0.792,0.6732,0.0,0.0,0.0,0.0,-0.1308996938995747,0.0,0.0020777729190408684,1.6289739685280409,0.0,rest,-1,0.0,0.0,-1,41,0.0,1.0
1779527373.1233842,0.0,-0.1308996938995747,0.0,0.0020777729190408684,1.6289739685280409,0.0,-0.0396,0.35639999999999994,-0.4752,0.0,0.0,0.0,0.0,-0.11344640137963143,0.0,0.0020777729190408684,1.7266292957229616,0.0020777729190408684,rest,-1,0.0,0.0,-1,41,0.010023117065429688,1.0
1779527373.1333652,0.0,-0.11344640137963143,0.0,0.0020777729190408684,1.7266292957229616,0.0020777729190408684,-0.2376,-1.8612000000000002,-0.5148,0.0,0.0,0.0,0.0,-0.09773843811168245,0.0,0.0,1.6019629205805095,0.0,rest,-1,0.0,0.0,-1,41,0.02002120018005371,1.0
1779527373.1433668,0.0,-0.09773843811168245,0.0,0.0,1.6019629205805095,0.0,-0.1188,-0.7127999999999999,0.5940000000000001,0.0,0.0,0.0,0.0,-0.08203047484373349,0.0,0.0,1.591574055985305,0.0,rest,-1,0.0,0.0,-1,41,0.030002117156982422,1.0
1779527373.1534803,0.0,-0.08203047484373349,0.0,0.0,1.591574055985305,0.0,-0.198,-0.4752,0.6336,0.0,0.0,0.0,0.0,-0.06806784082777886,0.0,0.0,1.4253522224620356,0.0,rest,-1,0.0,0.0,-1,41,0.04000377655029297,1.0
1779527373.1634417,0.0,-0.06806784082777886,0.0,0.0,1.4253522224620356,0.0,0.0396,-0.3168,-0.6732,0.0,0.0,0.0,0.0,-0.05585053606381855,0.0,0.0,1.2425082055864394,0.0,rest,-1,0.0,0.0,-1,41,0.05011725425720215,1.0
1779527373.1733708,0.0,-0.05585053606381855,0.0,0.0,1.2425082055864394,0.0,-0.0396,-0.5940000000000001,0.5544000000000001,0.0,0.0,0.0,0.0,-0.04537856055185257,0.0,0.0,1.059664188710843,0.0,rest,-1,0.0,0.0,-1,41,0.06007862091064453,1.0
1779527373.1833484,0.0,-0.04537856055185257,0.0,0.0,1.059664188710843,0.0,-0.0792,0.3168,-0.6732,0.0,0.0,0.0,0.0,-0.03665191429188092,0.0,0.0020777729190408684,0.9100645385399003,0.0,rest,-1,0.0,0.0,-1,41,0.0700078010559082,1.0
1779527373.1934903,0.0,-0.03665191429188092,0.0,0.0020777729190408684,0.9100645385399003,0.0,0.1584,-1.7424,0.5940000000000001,0.0,0.0,0.0,0.0,-0.029670597283903605,0.0,0.004155545838081737,0.7625426612879987,0.0,rest,-1,0.0,0.0,-1,41,0.07998538017272949,1.0
1779527373.2033463,0.0,-0.029670597283903605,0.0,0.004155545838081737,0.7625426612879987,0.0,0.2376,-1.5444,-0.4752,0.0,0.0,0.0,0.0,-0.024434609527920613,0.0,0.0,0.631642967388424,0.0,rest,-1,0.0,0.0,-1,41,0.09012722969055176,1.0
1779527373.2133884,0.0,-0.024434609527920613,0.0,0.0,0.631642967388424,0.0,-0.198,-1.0692,-0.4752,0.0,0.0,0.0,0.0,-0.019198621771937627,0.0,-0.0020777729190408684,0.5215210026792579,0.0,rest,-1,0.0,0.0,-1,41,0.09998321533203125,1.0
1779527373.22338,0.0,-0.019198621771937627,0.0,-0.0020777729190408684,0.5215210026792579,0.0,-0.0792,-0.35639999999999994,-0.35639999999999994,0.0,0.0,0.0,0.0,-0.015707963267948967,0.0,0.0,0.41555458380817367,0.0,rest,-1,0.0,0.0,-1,41,0.11002540588378906,1.0
1779527373.233369,0.0,-0.015707963267948967,0.0,0.0,0.41555458380817367,0.0,-0.0792,-1.7424,0.198,0.0,0.0,0.0,0.0,-0.012217304763960306,0.0,0.0,0.346988077479825,0.0,rest,-1,0.0,0.0,-1,41,0.12001705169677734,1.0
1779527373.2433622,0.0,-0.012217304763960306,0.0,0.0,0.346988077479825,0.0,-0.0792,-0.9504,-0.27720000000000006,0.0,0.0,0.0,0.0,-0.008726646259971648,0.0,0.0,0.26595493363723116,0.0,rest,-1,0.0,0.0,-1,41,0.1300060749053955,1.0
1779527373.2533507,0.0,-0.008726646259971648,0.0,0.0,0.26595493363723116,0.0,-0.1188,0.4752,0.27720000000000006,0.0,0.0,0.0,0.0,-0.006981317007977318,0.0,0.0,0.22855502109449552,0.0,rest,-1,0.0,0.0,-1,41,0.1399991512298584,1.0
1779527373.2633483,0.0,-0.006981317007977318,0.0,0.0,0.22855502109449552,0.0,-0.0396,0.0396,-0.35639999999999994,0.0,0.0,0.0,0.0,-0.005235987755982989,0.0,-0.0020777729190408684,0.17245515228039207,0.0,rest,-1,0.0,0.0,-1,41,0.14998769760131836,1.0
1779527373.273372,0.0,-0.005235987755982989,0.0,-0.0020777729190408684,0.17245515228039207,0.0,0.0396,-0.396,-0.3168,0.0,0.0,0.0,0.0,-0.003490658503988659,0.0,-0.0020777729190408684,0.14752187725190166,0.0,rest,-1,0.0,0.0,-1,41,0.15998530387878418,1.0
1779527373.2833767,0.0,-0.003490658503988659,0.0,-0.0020777729190408684,0.14752187725190166,0.0,0.0396,1.3860000000000001,-0.396,0.0,0.0,0.0,0.0,-0.003490658503988659,0.0,0.0,0.1184330563853295,0.0,rest,-1,0.0,0.0,-1,41,0.17000889778137207,1.0
1779527373.2936518,0.0,-0.003490658503988659,0.0,0.0,0.1184330563853295,0.0,0.0,-1.3464,0.1188,0.0,0.0,0.0,0.0,-0.0017453292519943296,0.0,0.0,0.10181087303300256,0.0,rest,-1,0.0,0.0,-1,41,0.18001365661621094,1.0
1779527373.3033972,0.0,-0.0017453292519943296,0.0,0.0,0.10181087303300256,0.0,-0.0396,1.8215999999999999,-0.27720000000000006,0.0,0.0,0.0,0.0,-0.0017453292519943296,0.0,0.0,0.0851886896806756,0.0,rest,-1,0.0,0.0,-1,41,0.19028878211975098,1.0
1779527373.3133802,0.0,-0.0017453292519943296,0.0,0.0,0.0851886896806756,0.0,-0.0396,1.8612000000000002,-0.35639999999999994,0.0,0.0,0.0,0.0,0.0,0.0,0.004155545838081737,0.04363323129985824,0.0020777729190408684,rest,-1,0.0,0.0,-1,41,0.20003414154052734,1.0
1779527373.3233695,0.0,0.0,0.0,0.004155545838081737,0.04363323129985824,0.0020777729190408684,-0.198,-1.0296,-0.35639999999999994,0.0,0.0,0.0,0.0,0.0,0.0,0.0020777729190408684,0.04363323129985824,0.0,rest,-1,0.0,0.0,-1,41,0.21001720428466797,1.0
1779527373.3333466,0.0,0.0,0.0,0.0020777729190408684,0.04363323129985824,0.0,0.2376,1.2672,-0.2376,0.0,0.0,0.0,0.0,0.0,0.0,0.0,0.033244366704653895,0.0,rest,-1,0.0,0.0,-1,41,0.22000646591186523,1.0
1779527373.343375,0.0,0.0,0.0,0.0,0.033244366704653895,0.0,0.1584,1.1088000000000002,0.2376,0.0,0.0,0.0,0.0,0.0,0.0,0.0,0.020777729190408684,0.0,rest,-1,0.0,0.0,-1,41,0.22998356819152832,1.0
1779527373.3533492,0.0,0.0,0.0,0.0,0.020777729190408684,0.0,-0.1188,0.99,0.3168,0.0,0.0,0.0,0.0,0.0,0.0,-0.0020777729190408684,0.014544410433286078,0.0,rest,-1,0.0,0.0,-1,41,0.24001193046569824,1.0
1779527373.3633585,0.0,0.0,0.0,-0.0020777729190408684,0.014544410433286078,0.0,0.0,0.8316,0.1584,0.0,0.0,0.0,0.0,0.0,0.0,-0.004155545838081737,0.022855502109449553,0.0,rest,-1,0.0,0.0,-1,41,0.2499861717224121,1.0
1779527373.3734207,0.0,0.0,0.0,-0.004155545838081737,0.022855502109449553,0.0,-0.0792,1.0692,-0.35639999999999994,0.0,0.0,0.0,0.0,0.0,0.0,0.0,0.018699956271367814,0.0,rest,-1,0.0,0.0,-1,41,0.2599954605102539,1.0
1779527373.3833802,0.0,0.0,0.0,0.0,0.018699956271367814,0.0,0.0396,1.0692,-0.27720000000000006,0.0,0.0,0.0,0.0,0.0,0.0,0.0,0.008311091676163474,0.0,rest,-1,0.0,0.0,-1,41,0.27005767822265625,1.0
1779527373.3933794,0.0,0.0,0.0,0.0,0.008311091676163474,0.0,0.0396,0.8316,0.1188,0.0,0.0,0.0,0.0,0.0,0.0,0.0020777729190408684,0.0020777729190408684,0.0,rest,-1,0.0,0.0,-1,41,0.2800171375274658,1.0
1779527373.4033835,0.0,0.0,0.0,0.0020777729190408684,0.0020777729190408684,0.0,-0.0396,0.8316,0.35639999999999994,0.0,0.0,0.0,0.0,0.0,0.0,0.0020777729190408684,0.0,0.0,rest,-1,0.0,0.0,-1,41,0.29001641273498535,1.0
1779527373.4133415,0.0,0.0,0.0,0.0020777729190408684,0.0,0.0,-0.1188,0.9107999999999999,-0.1584,0.0,0.0,0.0,0.0,0.0,0.0,0.004155545838081737,0.0,0.0020777729190408684,rest,-1,0.0,0.0,-1,41,0.3000204563140869,1.0
1779527373.4236898,0.0,0.0,0.0,0.004155545838081737,0.0,0.0020777729190408684,-0.1188,0.8712,-0.198,0.0,0.0,0.0,0.0,0.0,0.0,0.0020777729190408684,0.0,0.0,rest,-1,0.0,0.0,-1,41,0.3099784851074219,1.0
1779527373.4333963,0.0,0.0,0.0,0.0020777729190408684,0.0,0.0,-0.1188,0.7127999999999999,0.35639999999999994,0.0,0.0,0.0,0.0,0.0,0.0,0.0,0.0,0.0,rest,-1,0.0,0.0,-1,41,0.3203268051147461,1.0
1779527373.4433777,0.0,0.0,0.0,0.0,0.0,0.0,-0.0792,0.99,-0.396,0.0,0.0,0.0,0.0,0.0,0.0,0.0,0.0,-0.0020777729190408684,rest,-1,0.0,0.0,-1,41,0.3300333023071289,1.0
1779527373.4533849,0.0,0.0,0.0,0.0,0.0,-0.0020777729190408684,-0.1188,0.99,0.198,0.0,0.0,0.0,0.0,0.0,0.0,0.0,0.0,0.0,rest,-1,0.0,0.0,-1,41,0.3400146961212158,1.0
1779527373.4637423,0.0,0.0,0.0,0.0,0.0,0.0,-0.0396,0.792,-0.198,0.0,0.0,0.0,0.0,0.0,0.0,0.0,0.0,0.0,rest,-1,0.0,0.0,-1,41,0.3500218391418457,1.0
1779527373.4733171,0.0,0.0,0.0,0.0,0.0,0.0,0.0396,0.8712,-0.35639999999999994,0.0,0.0,0.0,0.0,0.0,0.0,0.0,0.0,0.0,rest,-1,0.0,0.0,-1,41,0.3603792190551758,1.0
1779527373.4833667,0.0,0.0,0.0,0.0,0.0,0.0,-0.0792,0.99,-0.3168,0.0,0.0,0.0,0.0,0.0,0.0,0.0,-0.004155545838081737,0.0,rest,-1,0.0,0.0,-1,41,0.36995410919189453,1.0
1779527373.4933763,0.0,0.0,0.0,0.0,-0.004155545838081737,0.0,-0.0396,1.1088000000000002,-0.1584,0.0,0.0,0.0,0.0,0.0,0.0,0.0,0.0,0.0,rest,-1,0.0,0.0,-1,41,0.3800036907196045,1.0
1779527373.5033722,0.0,0.0,0.0,0.0,0.0,0.0,0.0,0.9504,-0.2376,0.0,0.0,0.0,0.0,0.0,0.0,0.0,-0.0020777729190408684,0.0,rest,-1,0.0,0.0,-1,41,0.3900132179260254,1.0
1779527373.513391,0.0,0.0,0.0,0.0,-0.0020777729190408684,0.0,0.0,0.8712,-0.1584,0.0,0.0,0.0,0.0,0.0,0.0,0.0,0.0,0.0,rest,-1,0.0,0.0,-1,41,0.4000091552734375,1.0
1779527373.5233665,0.0,0.0,0.0,0.0,0.0,0.0,0.0396,0.9107999999999999,-0.2376,0.0,0.0,0.0,0.0,0.0,0.0,0.0,0.0,-0.0020777729190408684,rest,-1,0.0,0.0,-1,41,0.41002798080444336,1.0
1779527373.5333846,0.0,0.0,0.0,0.0,0.0,-0.0020777729190408684,-0.0396,0.9504,0.198,0.0,0.0,0.0,0.0,0.0,0.0,0.0,0.0,0.0,rest,-1,0.0,0.0,-1,41,0.42000341415405273,1.0
1779527373.5438194,0.0,0.0,0.0,0.0,0.0,0.0,-0.0792,1.1088000000000002,-0.2376,0.0,0.0,0.0,0.0,0.0,0.0,0.0,-0.0020777729190408684,0.0,rest,-1,0.0,0.0,-1,41,0.4300215244293213,1.0
1779527373.5533433,0.0,0.0,0.0,0.0,-0.0020777729190408684,0.0,-0.0396,1.1088000000000002,-0.2376,0.0,0.0,0.0,0.0,0.0,0.0,0.0,0.0,0.0,rest,-1,0.0,0.0,-1,41,0.4404563903808594,1.0
1779527373.563374,0.0,0.0,0.0,0.0,0.0,0.0,-0.0792,1.1483999999999999,-0.35639999999999994,0.0,0.0,0.0,0.0,0.0,0.0,0.0,0.0,0.0,rest,-1,0.0,0.0,-1,41,0.4499802589416504,1.0
1779527373.5733843,0.0,0.0,0.0,0.0,0.0,0.0,-0.0396,0.9504,-0.27720000000000006,0.0,0.0,0.0,0.0,0.0,0.0,0.0,0.0,0.0,rest,-1,0.0,0.0,-1,41,0.46001100540161133,1.0
1779527373.5834513,0.0,0.0,0.0,0.0,0.0,0.0,0.0,0.99,-0.2376,0.0,0.0,0.0,0.0,0.0,0.0,0.0,-0.0020777729190408684,0.0,rest,-1,0.0,0.0,-1,41,0.47002124786376953,1.0
1779527373.5933497,0.0,0.0,0.0,0.0,-0.0020777729190408684,0.0,-0.0396,1.1880000000000002,0.198,0.0,0.0,0.0,0.0,0.0,0.0,0.0,0.0,0.0,rest,-1,0.0,0.0,-1,41,0.4800882339477539,1.0
1779527373.6033862,0.0,0.0,0.0,0.0,0.0,0.0,-0.0396,1.2276,-0.198,0.0,0.0,0.0,0.0,0.0,0.0,0.0,0.0,0.0,rest,-1,0.0,0.0,-1,41,0.4899866580963135,1.0
1779527373.6133423,0.0,0.0,0.0,0.0,0.0,0.0,-0.0792,1.1088000000000002,-0.27720000000000006,0.0,0.0,0.0,0.0,0.0,0.0,-0.0020777729190408684,0.0,0.0,rest,-1,0.0,0.0,-1,41,0.5000231266021729,1.0
1779527373.6233816,0.0,0.0,0.0,-0.0020777729190408684,0.0,0.0,-0.0396,1.2276,-0.35639999999999994,0.0,0.0,0.0,0.0,0.0,0.0,0.0,0.0,0.0,rest,-1,0.0,0.0,-1,41,0.509979248046875,1.0
1779527373.6333473,0.0,0.0,0.0,0.0,0.0,0.0,0.0,1.1880000000000002,-0.1584,0.0,0.0,0.0,0.0,0.0,0.0,0.0,0.0,0.0,rest,-1,0.0,0.0,-1,41,0.5200185775756836,1.0
1779527373.6433423,0.0,0.0,0.0,0.0,0.0,0.0,-0.0396,1.2672,-0.2376,0.0,0.0,0.0,0.0,0.0,0.0,0.0,0.0,0.0,rest,-1,0.0,0.0,-1,41,0.5299842357635498,1.0
1779527373.6533494,0.0,0.0,0.0,0.0,0.0,0.0,0.0,1.1483999999999999,-0.27720000000000006,0.0,0.0,0.0,0.0,0.0,0.0,0.0020777729190408684,0.0,0.0,rest,-1,0.0,0.0,-1,41,0.5399792194366455,1.0
1779527373.6633792,0.0,0.0,0.0,0.0020777729190408684,0.0,0.0,-0.0396,1.1088000000000002,-0.2376,0.0,0.0,0.0,0.0,0.0,0.0,-0.0020777729190408684,0.0,0.0,rest,-1,0.0,0.0,-1,41,0.5499863624572754,1.0
1779527373.673371,0.0,0.0,0.0,-0.0020777729190408684,0.0,0.0,0.0,1.2276,-0.2376,0.0,0.0,0.0,0.0,0.0,0.0,0.0,-0.0020777729190408684,0.0,rest,-1,0.0,0.0,-1,41,0.5600161552429199,1.0
1779527373.6833537,0.0,0.0,0.0,0.0,-0.0020777729190408684,0.0,0.0,1.3068,-0.396,0.0,0.0,0.0,0.0,0.0,0.0,0.0,-0.0020777729190408684,0.0,rest,-1,0.0,0.0,-1,41,0.5700080394744873,1.0
1779527373.6934173,0.0,0.0,0.0,0.0,-0.0020777729190408684,0.0,0.0,1.3068,-0.396,0.0,0.0,0.0,0.0,0.0,0.0,0.0,0.0,0.0,rest,-1,0.0,0.0,-1,41,0.5799906253814697,1.0
1779527373.703378,0.0,0.0,0.0,0.0,0.0,0.0,-0.0396,1.3068,-0.27720000000000006,0.0,0.0,0.0,0.0,0.0,0.0,0.0,0.0,0.0,rest,-1,0.0,0.0,-1,41,0.5900542736053467,1.0
1779527373.713357,0.0,0.0,0.0,0.0,0.0,0.0,0.0,1.3464,-0.198,0.0,0.0,0.0,0.0,0.0,0.0,0.0,0.0,0.0,rest,-1,0.0,0.0,-1,41,0.6000149250030518,1.0
1779527373.7234352,0.0,0.0,0.0,0.0,0.0,0.0,0.0,1.3068,0.1584,0.0,0.0,0.0,0.0,0.0,0.0,0.0020777729190408684,0.0,0.0,rest,-1,0.0,0.0,-1,41,0.6099939346313477,1.0
1779527373.733402,0.0,0.0,0.0,0.0020777729190408684,0.0,0.0,-0.0792,1.3068,-0.27720000000000006,0.0,0.0,0.0,0.0,0.0,0.0,0.0020777729190408684,0.0,0.0,rest,-1,0.0,0.0,-1,41,0.6200721263885498,1.0
1779527373.7433877,0.0,0.0,0.0,0.0020777729190408684,0.0,0.0,-0.0396,1.3464,-0.3168,0.0,0.0,0.0,0.0,0.0,0.0,0.0,0.0,0.0,rest,-1,0.0,0.0,-1,41,0.6300389766693115,1.0
1779527373.7534845,0.0,0.0,0.0,0.0,0.0,0.0,-0.0792,1.3068,-0.2376,0.0,0.0,0.0,0.0,0.0,0.0,0.0,0.0,0.0,rest,-1,0.0,0.0,-1,41,0.6400246620178223,1.0
1779527373.7633638,0.0,0.0,0.0,0.0,0.0,0.0,-0.0396,1.3464,-0.1584,0.0,0.0,0.0,0.0,0.0,0.0,0.0,0.0,0.0,rest,-1,0.0,0.0,-1,41,0.6501214504241943,1.0
1779527373.7733922,0.0,0.0,0.0,0.0,0.0,0.0,0.0,1.1483999999999999,-0.2376,0.0,0.0,0.0,0.0,0.0,0.0,0.0,0.0020777729190408684,0.0020777729190408684,rest,-1,0.0,0.0,-1,41,0.6600008010864258,1.0
1779527373.7833478,0.0,0.0,0.0,0.0,0.0020777729190408684,0.0020777729190408684,0.0,1.2276,-0.35639999999999994,0.0,0.0,0.0,0.0,0.0,0.0,0.0,0.0,0.0,rest,-1,0.0,0.0,-1,41,0.6700291633605957,1.0
1779527373.7933578,0.0,0.0,0.0,0.0,0.0,0.0,0.0,1.2276,-0.35639999999999994,0.0,0.0,0.0,0.0,0.0,0.0,0.0,0.0,0.0,rest,-1,0.0,0.0,-1,41,0.6799848079681396,1.0
1779527373.8034139,0.0,0.0,0.0,0.0,0.0,0.0,0.0,1.2672,-0.3168,0.0,0.0,0.0,0.0,0.0,0.0,0.0,0.0,0.0,rest,-1,0.0,0.0,-1,41,0.6899948120117188,1.0
1779527373.8133903,0.0,0.0,0.0,0.0,0.0,0.0,-0.0396,1.2672,-0.2376,0.0,0.0,0.0,0.0,0.0,0.0,-0.0020777729190408684,0.0,0.0,rest,-1,0.0,0.0,-1,41,0.7000508308410645,1.0
1779527373.823407,0.0,0.0,0.0,-0.0020777729190408684,0.0,0.0,0.0,1.3860000000000001,-0.27720000000000006,0.0,0.0,0.0,0.0,0.0,0.0,0.0,0.0,0.0,rest,-1,0.0,0.0,-1,41,0.7100272178649902,1.0
1779527373.8333514,0.0,0.0,0.0,0.0,0.0,0.0,-0.0396,1.4255999999999998,-0.27720000000000006,0.0,0.0,0.0,0.0,0.0,0.0,0.0,0.0,0.0,rest,-1,0.0,0.0,-1,41,0.7200438976287842,1.0
1779527373.843419,0.0,0.0,0.0,0.0,0.0,0.0,-0.0396,1.4255999999999998,-0.27720000000000006,0.0,0.0,0.0,0.0,0.0,0.0,0.0,0.0,0.0,rest,-1,0.0,0.0,-1,41,0.7299883365631104,1.0
1779527373.853348,0.0,0.0,0.0,0.0,0.0,0.0,0.0,1.3464,-0.3168,0.0,0.0,0.0,0.0,0.0,0.0,0.0,0.0,0.0,rest,-1,0.0,0.0,-1,41,0.740056037902832,1.0
1779527373.8633897,0.0,0.0,0.0,0.0,0.0,0.0,-0.0792,1.3464,-0.2376,0.0,0.0,0.0,0.0,0.0,0.0,0.0,0.0,0.0,rest,-1,0.0,0.0,-1,41,0.7499849796295166,1.0
1779527373.873506,0.0,0.0,0.0,0.0,0.0,0.0,0.0,1.4652,-0.35639999999999994,0.0,0.0,0.0,0.0,0.0,0.0,-0.0020777729190408684,0.0,0.0,rest,-1,0.0,0.0,-1,41,0.7600266933441162,1.0
1779527373.8833952,0.0,0.0,0.0,-0.0020777729190408684,0.0,0.0,0.0,1.3860000000000001,-0.396,0.0,0.0,0.0,0.0,0.0,0.0,0.0,0.0,0.0,rest,-1,0.0,0.0,-1,41,0.7701430320739746,1.0
1779527373.8933718,0.0,0.0,0.0,0.0,0.0,0.0,0.0,1.4255999999999998,-0.27720000000000006,0.0,0.0,0.0,0.0,0.0,0.0,0.0,0.0,0.0,rest,-1,0.0,0.0,-1,41,0.7800321578979492,1.0
1779527373.9033458,0.0,0.0,0.0,0.0,0.0,0.0,0.0,1.4652,-0.27720000000000006,0.0,0.0,0.0,0.0,0.0,0.0,0.0,0.0,0.0,rest,-1,0.0,0.0,-1,41,0.7900087833404541,1.0
1779527373.9133728,0.0,0.0,0.0,0.0,0.0,0.0,0.0,1.3068,-0.396,0.0,0.0,0.0,0.0,0.0,0.0,0.0,0.0,0.0,rest,-1,0.0,0.0,-1,41,0.7999827861785889,1.0
1779527373.9233994,0.0,0.0,0.0,0.0,0.0,0.0,-0.0396,1.4255999999999998,-0.35639999999999994,0.0,0.0,0.0,0.0,0.0,0.0,0.0,0.0,0.0,rest,-1,0.0,0.0,-1,41,0.8100097179412842,1.0
1779527373.9333663,0.0,0.0,0.0,0.0,0.0,0.0,-0.0396,1.3068,-0.27720000000000006,0.0,0.0,0.0,0.0,0.0,0.0,0.0,0.0,0.0,rest,-1,0.0,0.0,-1,41,0.8200364112854004,1.0
1779527373.943357,0.0,0.0,0.0,0.0,0.0,0.0,0.0,1.4255999999999998,-0.2376,0.0,0.0,0.0,0.0,0.0,0.0,0.0,0.0,0.0,rest,-1,0.0,0.0,-1,41,0.8300032615661621,1.0
1779527373.9533453,0.0,0.0,0.0,0.0,0.0,0.0,0.0,1.3068,-0.3168,0.0,0.0,0.0,0.0,0.0,0.0,0.0,0.0,0.0,rest,-1,0.0,0.0,-1,41,0.839993953704834,1.0
1779527373.9633539,0.0,0.0,0.0,0.0,0.0,0.0,0.0,1.5048000000000001,-0.27720000000000006,0.0,0.0,0.0,0.0,0.0,0.0,0.0,-0.0020777729190408684,0.0,rest,-1,0.0,0.0,-1,41,0.8499822616577148,1.0
1779527373.973347,0.0,0.0,0.0,0.0,-0.0020777729190408684,0.0,0.0,1.3860000000000001,-0.3168,0.0,0.0,0.0,0.0,0.0,0.0,0.0,0.0020777729190408684,0.0,rest,-1,0.0,0.0,-1,41,0.8599908351898193,1.0
1779527373.9833448,0.0,0.0,0.0,0.0,0.0020777729190408684,0.0,0.0,1.4652,-0.4752,0.0,0.0,0.0,0.0,0.0,0.0,0.0020777729190408684,0.0,-0.0020777729190408684,rest,-1,0.0,0.0,-1,41,0.8699839115142822,1.0
1779527373.9933155,0.0,0.0,0.0,0.0020777729190408684,0.0,-0.0020777729190408684,0.0,1.3464,-0.35639999999999994,0.0,0.0,0.0,0.0,0.0,0.0,0.0,0.0,0.0,rest,-1,0.0,0.0,-1,41,0.8799817562103271,1.0
1779527374.0033574,0.0,0.0,0.0,0.0,0.0,0.0,-0.0396,1.3860000000000001,-0.4356,0.0,0.0,0.0,0.0,0.0,0.0,0.0,0.0,0.0,rest,-1,0.0,0.0,-1,41,0.8899524211883545,1.0
1779527374.013344,0.0,0.0,0.0,0.0,0.0,0.0,-0.0396,1.3464,-0.4356,0.0,0.0,0.0,0.0,0.0,0.0,0.0,0.0,0.0,rest,-1,0.0,0.0,-1,41,0.8999943733215332,1.0
1779527374.0234017,0.0,0.0,0.0,0.0,0.0,0.0,-0.0396,1.4255999999999998,-0.35639999999999994,0.0,0.0,0.0,0.0,0.0,0.0,0.0,0.0,0.0,rest,-1,0.0,0.0,-1,41,0.9099810123443604,1.0
1779527374.0333984,0.0,0.0,0.0,0.0,0.0,0.0,-0.0396,1.3464,-0.27720000000000006,0.0,0.0,0.0,0.0,0.0,0.0,-0.0020777729190408684,0.0,0.0,rest,-1,0.0,0.0,-1,41,0.9200387001037598,1.0
1779527374.0433712,0.0,0.0,0.0,-0.0020777729190408684,0.0,0.0,0.0,1.2672,-0.3168,0.0,0.0,0.0,0.0,0.0,0.0,0.0,0.0,0.0,rest,-1,0.0,0.0,-1,41,0.9300353527069092,1.0
1779527374.0533273,0.0,0.0,0.0,0.0,0.0,0.0,-0.0396,1.4255999999999998,-0.35639999999999994,0.0,0.0,0.0,0.0,0.0,0.0,-0.0020777729190408684,0.0,0.0,rest,-1,0.0,0.0,-1,41,0.9400081634521484,1.0
1779527374.063378,0.0,0.0,0.0,-0.0020777729190408684,0.0,0.0,0.0,1.3860000000000001,-0.35639999999999994,0.0,0.0,0.0,0.0,0.0,0.0,-0.0020777729190408684,0.0,0.0,rest,-1,0.0,0.0,-1,41,0.9499642848968506,1.0
1779527374.07339,0.0,0.0,0.0,-0.0020777729190408684,0.0,0.0,-0.0396,1.4652,-0.3168,0.0,0.0,0.0,0.0,0.0,0.0,0.0,0.0,0.0,rest,-1,0.0,0.0,-1,41,0.960015058517456,1.0
1779527374.0833743,0.0,0.0,0.0,0.0,0.0,0.0,0.0,1.4255999999999998,-0.27720000000000006,0.0,0.0,0.0,0.0,0.0,0.0,0.0,0.0,0.0,rest,-1,0.0,0.0,-1,41,0.970026969909668,1.0
1779527374.093358,0.0,0.0,0.0,0.0,0.0,0.0,0.0,1.2672,-0.4356,0.0,0.0,0.0,0.0,0.0,0.0,0.0,0.0,0.0,rest,-1,0.0,0.0,-1,41,0.9800112247467041,1.0
1779527374.1033502,0.0,0.0,0.0,0.0,0.0,0.0,0.0,1.5048000000000001,-0.4356,0.0,0.0,0.0,0.0,0.0,0.0,0.0,0.0,0.0020777729190408684,rest,-1,0.0,0.0,-1,41,0.989995002746582,1.0
1779527374.1133702,0.0,0.0,0.0,0.0,0.0,0.0020777729190408684,0.0,1.3068,-0.3168,0.0,0.0,0.0,0.0,0.0,0.0,0.0,0.0,0.0,rest,-1,0.0,0.0,-1,41,0.9999871253967285,1.0
