t,q_0,q_1,q_2,dq_0,dq_1,dq_2,tau_0,tau_1,tau_2,cmd_0,cmd_1,cmd_2,q_next_0,q_next_1,q_next_2,dq_next_0,dq_next_1,dq_next_2,signal_type,active_joint,amplitude,frequency,combo_index,segment_id,local_t,hold_s
1779527395.1333625,0.0,0.0,0.0,0.0,0.0,0.0,0.0,1.4652,-0.1188,0.0,0.0,0.0,0.0,0.0,0.0,0.0,0.0,0.0,sine,1,0.4,0.5,22,44,0.0,0.0
1779527395.143471,0.0,0.0,0.0,0.0,0.0,0.0,0.0,1.5444,-0.1584,0.0,0.012353471634868128,0.0,0.0,0.0,0.0,-0.0020777729190408684,0.0,0.0,sine,1,0.4,0.5,22,44,0.009832143783569336,0.0
1779527395.1535137,0.0,0.0,0.0,-0.0020777729190408684,0.0,0.0,0.0,1.4652,-0.0792,0.0,0.0250417288634783,0.0,0.0,0.0,0.0,0.0,0.0,0.0,sine,1,0.4,0.5,22,44,0.019940614700317383,0.0
1779527395.1635995,0.0,0.0,0.0,0.0,0.0,0.0,0.0,1.4255999999999998,-0.27720000000000006,0.0,0.03762241016502213,0.0,0.0,0.0,0.0,0.0,0.07064427924738953,0.0020777729190408684,sine,1,0.4,0.5,22,44,0.0299832820892334,0.0
1779527395.173364,0.0,0.0,0.0,0.0,0.07064427924738953,0.0020777729190408684,0.0,0.1188,-0.396,0.0,0.05021944519616877,0.0,0.0,0.0017453292519943296,0.0,0.0,0.236866112770659,0.0,sine,1,0.4,0.5,22,44,0.0400691032409668,0.0
1779527395.1834996,0.0,0.0017453292519943296,0.0,0.0,0.236866112770659,0.0,0.0,0.35639999999999994,-0.198,0.0,0.06236716823328157,0.0,0.0,0.006981317007977318,0.0,0.0020777729190408684,0.38438799002256063,0.0,sine,1,0.4,0.5,22,44,0.04983353614807129,0.0
1779527395.193485,0.0,0.006981317007977318,0.0,0.0020777729190408684,0.38438799002256063,0.0,0.0,-0.7127999999999999,-0.27720000000000006,0.0,0.07491449030840755,0.0,0.0,0.012217304763960306,0.0,0.0,0.5319098672744623,0.0,sine,1,0.4,0.5,22,44,0.059969186782836914,0.0
1779527395.2033658,0.0,0.012217304763960306,0.0,0.0,0.5319098672744623,0.0,-0.0396,-0.35639999999999994,-0.396,0.0,0.087201659675022,0.0,0.0,0.019198621771937627,0.0,0.0,0.6399540590645875,-0.0020777729190408684,sine,1,0.4,0.5,22,44,0.06995463371276855,0.0
1779527395.2133536,0.0,0.019198621771937627,0.0,0.0,0.6399540590645875,-0.0020777729190408684,-0.0396,-0.5940000000000001,-0.27720000000000006,0.0,0.09927561557251918,0.0,0.0,0.02617993877991494,0.0,0.0,0.648265150740751,0.0,sine,1,0.4,0.5,22,44,0.07983541488647461,0.0
1779527395.2234492,0.0,0.02617993877991494,0.0,0.0,0.648265150740751,0.0,0.0,-0.4356,-0.35639999999999994,0.0,0.11138312898990105,0.0,0.0,0.03316125578789226,0.0,-0.0020777729190408684,0.7853981633974483,0.0,sine,1,0.4,0.5,22,44,0.08982324600219727,0.0
1779527395.233515,0.0,0.03316125578789226,0.0,-0.0020777729190408684,0.7853981633974483,0.0,0.0396,-1.2276,-0.4752,0.0,0.12350979951752811,0.0,0.0,0.04188790204786391,0.0,0.0,0.8975979010256552,0.0020777729190408684,sine,1,0.4,0.5,22,44,0.09991884231567383,0.0
1779527395.243543,0.0,0.04188790204786391,0.0,0.0,0.8975979010256552,0.0020777729190408684,0.0,-0.198,-0.35639999999999994,0.0,0.13547700274451033,0.0,0.0,0.04188790204786391,0.0,0.0,0.8975979010256552,0.0020777729190408684,sine,1,0.4,0.5,22,44,0.1099846363067627,0.0
1779527395.253346,0.0,0.04188790204786391,0.0,0.0,0.8975979010256552,0.0020777729190408684,0.0,-0.198,-0.35639999999999994,0.0,0.14726445126006413,0.0,0.0,0.06283185307179587,0.0,0.0,1.0430420053585159,0.0,sine,1,0.4,0.5,22,44,0.12001252174377441,0.0
1779527395.263426,0.0,0.06283185307179587,0.0,0.0,1.0430420053585159,0.0,-0.1188,-0.5148,-0.4356,0.0,0.15864643910472995,0.0,0.0,0.07330382858376185,0.0,0.0020777729190408684,0.978631044868249,0.0,sine,1,0.4,0.5,22,44,0.12981557846069336,0.0
1779527395.2735136,0.0,0.07330382858376185,0.0,0.0020777729190408684,0.978631044868249,0.0,0.0396,-1.6632,-0.4356,0.0,0.17019308878417738,0.0,0.0,0.08377580409572782,0.0,0.0,1.0658975074679655,0.0,sine,1,0.4,0.5,22,44,0.13989567756652832,0.0
1779527395.2833421,0.0,0.08377580409572782,0.0,0.0,1.0658975074679655,0.0,0.198,-1.584,-0.5148,0.0,0.18157735293207533,0.0,0.0,0.09424777960769379,0.0,0.0,1.1095307387678237,0.0,sine,1,0.4,0.5,22,44,0.14998316764831543,0.0
1779527395.2933528,0.0,0.09424777960769379,0.0,0.0,1.1095307387678237,0.0,0.0,-0.7127999999999999,-0.5148,0.0,0.1924941188018561,0.0,0.0,0.10646508437165411,0.0,0.004155545838081737,1.1344640137963142,0.0,sine,1,0.4,0.5,22,44,0.15981173515319824,0.0
1779527395.3035376,0.0,0.10646508437165411,0.0,0.004155545838081737,1.1344640137963142,0.0,-0.1188,-0.792,-0.4752,0.0,0.2034244942113094,0.0,0.0,0.10646508437165411,0.0,0.004155545838081737,1.1344640137963142,0.0,sine,1,0.4,0.5,22,44,0.16982245445251465,0.0
1779527395.3134065,0.0,0.10646508437165411,0.0,0.004155545838081737,1.1344640137963142,0.0,-0.1188,-0.792,-0.4752,0.0,0.21433837772859837,0.0,0.0,0.12915436464758037,0.0,0.0,1.1448528783915184,0.0,sine,1,0.4,0.5,22,44,0.1800072193145752,0.0
1779527395.323413,0.0,0.12915436464758037,0.0,0.0,1.1448528783915184,0.0,-0.0396,0.0792,-0.5544000000000001,0.0,0.22470453862269066,0.0,0.0,0.13962634015954636,0.0,0.0,1.1593972888248045,0.0,sine,1,0.4,0.5,22,44,0.18987607955932617,0.0
1779527395.3333495,0.0,0.13962634015954636,0.0,0.0,1.1593972888248045,0.0,-0.0792,0.198,-0.6732,0.0,0.23499463706244314,0.0,0.0,0.1518436449235067,0.0,-0.004155545838081737,1.1552417429867228,-0.0020777729190408684,sine,1,0.4,0.5,22,44,0.19988250732421875,0.0
1779527395.343373,0.0,0.1518436449235067,0.0,-0.004155545838081737,1.1552417429867228,-0.0020777729190408684,0.0,0.198,-0.5940000000000001,0.0,0.2449831379702473,0.0,0.0,0.16231562043547265,0.0,-0.004155545838081737,1.0617419616298838,0.0,sine,1,0.4,0.5,22,44,0.20981907844543457,0.0
1779527395.3534117,0.0,0.16231562043547265,0.0,-0.004155545838081737,1.0617419616298838,0.0,-0.1584,-0.7127999999999999,0.7127999999999999,0.0,0.25481723139822926,0.0,0.0,0.17278759594743864,0.0,0.0,1.1074529658487828,0.0,sine,1,0.4,0.5,22,44,0.21984267234802246,0.0
1779527395.3635998,0.0,0.17278759594743864,0.0,0.0,1.1074529658487828,0.0,0.0,-1.4652,-0.4356,0.0,0.26441282644250425,0.0,0.0,0.18500490071139894,0.0,0.0,1.103297420010701,0.0,sine,1,0.4,0.5,22,44,0.22988128662109375,0.0
1779527395.37338,0.0,0.18500490071139894,0.0,0.0,1.103297420010701,0.0,0.0,-1.584,-0.4752,0.0,0.27388239990298174,0.0,0.0,0.1954768762233649,0.0,0.0020777729190408684,1.0949863283345376,0.0,sine,1,0.4,0.5,22,44,0.24006938934326172,0.0
1779527395.3833525,0.0,0.1954768762233649,0.0,0.0020777729190408684,1.0949863283345376,0.0,-0.1584,-1.8215999999999999,-0.4752,0.0,0.28270900154064504,0.0,0.0,0.2059488517353309,0.0,0.0020777729190408684,1.0721308262250882,0.0,sine,1,0.4,0.5,22,44,0.24984955787658691,0.0
1779527395.3935766,0.0,0.2059488517353309,0.0,0.0020777729190408684,1.0721308262250882,0.0,-0.198,-0.8316,-0.6732,0.0,0.2914343970037186,0.0,0.0,0.21642082724729686,0.0,0.0,1.0638197345489246,0.0,sine,1,0.4,0.5,22,44,0.25982213020324707,0.0
1779527395.4033513,0.0,0.21642082724729686,0.0,0.0,1.0638197345489246,0.0,-0.1584,-0.0792,-0.5940000000000001,0.0,0.3000828465904916,0.0,0.0,0.22689280275926285,0.0,0.0,1.0492753241156385,0.0,sine,1,0.4,0.5,22,44,0.2700462341308594,0.0
1779527395.4133422,0.0,0.22689280275926285,0.0,0.0,1.0492753241156385,0.0,-0.1584,0.1584,-0.6732,0.0,0.30806180259019583,0.0,0.0,0.23736477827122884,0.0,-0.0020777729190408684,1.0305753678442706,0.0,sine,1,0.4,0.5,22,44,0.27982091903686523,0.0
1779527395.4235356,0.0,0.23736477827122884,0.0,-0.0020777729190408684,1.0305753678442706,0.0,-0.1584,-0.8712,-0.5544000000000001,0.0,0.31591703597830467,0.0,0.0,0.24609142453120048,0.0,-0.0020777729190408684,0.930842267730309,0.0,sine,1,0.4,0.5,22,44,0.2898118495941162,0.0
1779527395.4333925,0.0,0.24609142453120048,0.0,-0.0020777729190408684,0.930842267730309,0.0,0.0,-1.584,-0.4752,0.0,0.3236106367689482,0.0,0.0,0.25481807079117214,0.0,0.0,0.9516199969207177,0.0,sine,1,0.4,0.5,22,44,0.3000051975250244,0.0
1779527395.4433763,0.0,0.25481807079117214,0.0,0.0,0.9516199969207177,0.0,-0.1188,-1.0296,-0.5148,0.0,0.330734821135875,0.0,0.0,0.26529004630313807,0.0,-0.0020777729190408684,0.9412311323255134,0.0,sine,1,0.4,0.5,22,44,0.3098621368408203,0.0
1779527395.4534788,0.0,0.26529004630313807,0.0,-0.0020777729190408684,0.9412311323255134,0.0,-0.0396,0.198,-0.5148,0.0,0.33762737896343414,0.0,0.0,0.27401669256310973,0.0,0.0,0.8622757614019604,0.0020777729190408684,sine,1,0.4,0.5,22,44,0.31984591484069824,0.0
1779527395.4633455,0.0,0.27401669256310973,0.0,0.0,0.8622757614019604,0.0020777729190408684,-0.0792,-1.1880000000000002,0.5544000000000001,0.0,0.34426381495784664,0.0,0.0,0.28274333882308134,0.0,0.0,0.8622757614019604,0.0,sine,1,0.4,0.5,22,44,0.32994842529296875,0.0
1779527395.4733696,0.0,0.28274333882308134,0.0,0.0,0.8622757614019604,0.0,-0.0396,-0.9107999999999999,-0.4752,0.0,0.3504107004663705,0.0,0.0,0.291469985083053,0.0,0.0,0.8622757614019604,0.0,sine,1,0.4,0.5,22,44,0.3398151397705078,0.0
1779527395.4833481,0.0,0.291469985083053,0.0,0.0,0.8622757614019604,0.0,-0.0396,-0.0396,-0.5544000000000001,0.0,0.3563108335982274,0.0,0.0,0.2984513020910304,0.0,0.0,0.8498091238877151,0.0,sine,1,0.4,0.5,22,44,0.3498392105102539,0.0
1779527395.4933686,0.0,0.2984513020910304,0.0,0.0,0.8498091238877151,0.0,-0.1584,-1.0296,0.4752,0.0,0.36183324520990684,0.0,0.0,0.30717794835100204,0.0,-0.0020777729190408684,0.8165647571830613,0.0,sine,1,0.4,0.5,22,44,0.3598177433013916,0.0
1779527395.503346,0.0,0.30717794835100204,0.0,-0.0020777729190408684,0.8165647571830613,0.0,-0.1188,-1.2276,0.4752,0.0,0.36702107207099743,0.0,0.0,0.3141592653589793,0.0,0.0,0.78955370923553,0.0,sine,1,0.4,0.5,22,44,0.36983823776245117,0.0
1779527395.513553,0.0,0.3141592653589793,0.0,0.0,0.78955370923553,0.0,-0.1188,0.198,0.4356,0.0,0.37182521872738045,0.0,0.0,0.32288591161895097,0.0,0.0,0.7604648883689579,-0.0020777729190408684,sine,1,0.4,0.5,22,44,0.37981557846069336,0.0
1779527395.5233889,0.0,0.32288591161895097,0.0,0.0,0.7604648883689579,-0.0020777729190408684,-0.198,-1.3860000000000001,-0.4752,0.0,0.37636189114656693,0.0,0.0,0.3298672286269283,0.0,0.0,0.6856650632834865,0.0020777729190408684,sine,1,0.4,0.5,22,44,0.39002251625061035,0.0
1779527395.533399,0.0,0.3298672286269283,0.0,0.0,0.6856650632834865,0.0020777729190408684,-0.0792,-0.5148,-0.5544000000000001,0.0,0.38036761151373355,0.0,0.0,0.3351032163829113,0.0,0.0,0.6773539716073231,0.0,sine,1,0.4,0.5,22,44,0.3998584747314453,0.0
1779527395.5434866,0.0,0.3351032163829113,0.0,0.0,0.6773539716073231,0.0,0.0792,-1.2276,-0.35639999999999994,0.0,0.38407141508896037,0.0,0.0,0.3420845333908886,0.0,0.0,0.6191763298741788,0.0,sine,1,0.4,0.5,22,44,0.4098687171936035,0.0
1779527395.5534325,0.0,0.3420845333908886,0.0,0.0,0.6191763298741788,0.0,-0.0396,-0.5544000000000001,-0.4356,0.0,0.38741957499219887,0.0,0.0,0.3473205211468716,0.0,0.0,0.6150207840360971,0.0,sine,1,0.4,0.5,22,44,0.4199562072753906,0.0
1779527395.5633814,0.0,0.3473205211468716,0.0,0.0,0.6150207840360971,0.0,0.0396,-1.2672,0.396,0.0,0.3903398429008222,0.0,0.0,0.35430183815484895,0.0,0.0,0.5796986444124023,0.0,sine,1,0.4,0.5,22,44,0.4299020767211914,0.0
1779527395.5735538,0.0,0.35430183815484895,0.0,0.0,0.5796986444124023,0.0,0.0396,-0.1584,-0.396,0.0,0.3928797829363914,0.0,0.0,0.35953782591083194,0.0,0.0,0.5485320506267892,0.0,sine,1,0.4,0.5,22,44,0.4398510456085205,0.0
1779527395.583548,0.0,0.35953782591083194,0.0,0.0,0.5485320506267892,0.0,-0.1584,-1.584,0.4752,0.0,0.3950799376703267,0.0,0.0,0.3647738136668149,0.0,0.0,0.5007432734888493,0.0,sine,1,0.4,0.5,22,44,0.4500234127044678,0.0
1779527395.5934176,0.0,0.3647738136668149,0.0,0.0,0.5007432734888493,0.0,-0.1584,0.6732,-0.396,0.0,0.39684866466172053,0.0,0.0,0.36826447217080355,0.0,0.0020777729190408684,0.4716544526222771,0.0,sine,1,0.4,0.5,22,44,0.46001768112182617,0.0
1779527395.603392,0.0,0.36826447217080355,0.0,0.0020777729190408684,0.4716544526222771,0.0,0.1188,-1.3068,0.4356,0.0,0.39821142783101626,0.0,0.0,0.3735004599267866,0.0,0.0,0.44464340467474583,0.0,sine,1,0.4,0.5,22,44,0.46988725662231445,0.0
1779527395.61349,0.0,0.3735004599267866,0.0,0.0,0.44464340467474583,0.0,-0.0792,-1.0296,-0.396,0.0,0.39919972508580254,0.0,0.0,0.37699111843077515,0.0,0.0,0.394776854617765,0.0,sine,1,0.4,0.5,22,44,0.4798614978790283,0.0
1779527395.6233916,0.0,0.37699111843077515,0.0,0.0,0.394776854617765,0.0,0.0,0.3168,0.396,0.0,0.39980103088919244,0.0,0.0,0.38048177693476387,0.0,0.0,0.3511436233179068,0.0,sine,1,0.4,0.5,22,44,0.489959716796875,0.0
1779527395.6333797,0.0,0.38048177693476387,0.0,0.0,0.3511436233179068,0.0,0.0,-1.0296,0.5940000000000001,0.0,0.3999999619936736,0.0,0.0,0.3839724354387525,0.0,0.0,0.31789925661325286,0.0020777729190408684,sine,1,0.4,0.5,22,44,0.4998612403869629,0.0
1779527395.6434705,0.0,0.3839724354387525,0.0,0.0,0.31789925661325286,0.0020777729190408684,0.0,-1.6632,0.35639999999999994,0.0,0.39980852737271383,0.0,0.0,0.38571776469074687,0.0,0.0,0.2742660253133946,0.0,sine,1,0.4,0.5,22,44,0.5098493099212646,0.0
1779527395.6533737,0.0,0.38571776469074687,0.0,0.0,0.2742660253133946,0.0,0.0,-0.396,-0.3168,0.0,0.3992154077273007,0.0,0.0,0.3892084231947355,0.0,0.004155545838081737,0.23894388568969988,0.0,sine,1,0.4,0.5,22,44,0.5199401378631592,0.0
1779527395.6633697,0.0,0.3892084231947355,0.0,0.004155545838081737,0.23894388568969988,0.0,-0.0792,0.27720000000000006,-0.5148,0.0,0.39824326535287313,0.0,0.0,0.3909537524467298,0.0,0.0,0.20154397314696423,0.0,sine,1,0.4,0.5,22,44,0.5298433303833008,0.0
1779527395.673365,0.0,0.3909537524467298,0.0,0.0,0.20154397314696423,0.0,-0.1188,0.0792,-0.4752,0.0,0.39687114500390397,0.0,0.0,0.39269908169872414,0.0,0.0020777729190408684,0.1703773793613512,0.0,sine,1,0.4,0.5,22,44,0.5398392677307129,0.0
1779527395.6833453,0.0,0.39269908169872414,0.0,0.0020777729190408684,0.1703773793613512,0.0,-0.1188,-0.4752,0.4752,0.0,0.3951077723281642,0.0,0.0,0.39269908169872414,0.0,0.0,0.1371330126566973,0.0,sine,1,0.4,0.5,22,44,0.5498347282409668,0.0
1779527395.6935523,0.0,0.39269908169872414,0.0,0.0,0.1371330126566973,0.0,-0.1188,-0.9107999999999999,0.396,0.0,0.3929584123761222,0.0,0.0,0.39444441095071847,0.0,0.0,0.08726646259971647,0.0,sine,1,0.4,0.5,22,44,0.5598149299621582,0.0
1779527395.7033436,0.0,0.39444441095071847,0.0,0.0,0.08726646259971647,0.0,-0.1188,-1.0296,0.396,0.0,0.3903607093156211,0.0,0.0,0.39444441095071847,0.0,-0.0020777729190408684,0.05817764173314431,0.0,sine,1,0.4,0.5,22,44,0.5700218677520752,0.0
1779527395.71338,0.0,0.39444441095071847,0.0,-0.0020777729190408684,0.05817764173314431,0.0,0.0,1.5048000000000001,0.3168,0.0,0.3874915620660773,0.0,0.0,0.39444441095071847,0.0,-0.0020777729190408684,0.010388864595204342,0.0,sine,1,0.4,0.5,22,44,0.5798132419586182,0.0
1779527395.7233808,0.0,0.39444441095071847,0.0,-0.0020777729190408684,0.010388864595204342,0.0,0.0,1.5048000000000001,-0.3168,0.0,0.3841701215472498,0.0,0.0,0.39444441095071847,0.0,-0.0020777729190408684,-0.016622183352326948,0.0,sine,1,0.4,0.5,22,44,0.5898497104644775,0.0
1779527395.7334971,0.0,0.39444441095071847,0.0,-0.0020777729190408684,-0.016622183352326948,0.0,0.0396,2.3364,0.4752,0.0,0.38048065122838587,0.0,0.0,0.39444441095071847,0.0,0.0,-0.07479982508547126,0.0,sine,1,0.4,0.5,22,44,0.5998504161834717,0.0
1779527395.743537,0.0,0.39444441095071847,0.0,0.0,-0.07479982508547126,0.0,0.0396,1.3860000000000001,0.35639999999999994,0.0,0.3763664569858047,0.0,0.0,0.39269908169872414,0.0,0.0,-0.11427751054724776,0.0,sine,1,0.4,0.5,22,44,0.6099667549133301,0.0
1779527395.7533543,0.0,0.39269908169872414,0.0,0.0,-0.11427751054724776,0.0,0.0396,1.1483999999999999,-0.35639999999999994,0.0,0.3719075590353366,0.0,0.0,0.39269908169872414,0.0,0.0,-0.11427751054724776,0.0,sine,1,0.4,0.5,22,44,0.6200065612792969,0.0
1779527395.7633557,0.0,0.39269908169872414,0.0,0.0,-0.11427751054724776,0.0,0.0396,1.1483999999999999,-0.35639999999999994,0.0,0.3671896689312451,0.0,0.0,0.3892084231947355,0.0,0.0020777729190408684,-0.18907733563271903,0.0,sine,1,0.4,0.5,22,44,0.6298239231109619,0.0
1779527395.773531,0.0,0.3892084231947355,0.0,0.0020777729190408684,-0.18907733563271903,0.0,0.0396,0.6732,0.396,0.0,0.3620242161521544,0.0,0.0,0.38571776469074687,0.0,0.0,-0.24102165860874072,0.0020777729190408684,sine,1,0.4,0.5,22,44,0.6398253440856934,0.0
1779527395.7834487,0.0,0.38571776469074687,0.0,0.0,-0.24102165860874072,0.0020777729190408684,0.0,0.9107999999999999,0.35639999999999994,0.0,0.3564022832313161,0.0,0.0,0.3839724354387525,0.0,0.0,-0.22855502109449552,0.0,sine,1,0.4,0.5,22,44,0.6500005722045898,0.0
1779527395.7933424,0.0,0.3839724354387525,0.0,0.0,-0.22855502109449552,0.0,0.0792,1.7424,0.3168,0.0,0.35057211579793257,0.0,0.0,0.38048177693476387,0.0,0.0,-0.30543261909900765,0.0,sine,1,0.4,0.5,22,44,0.6599183082580566,0.0
1779527395.8034048,0.0,0.38048177693476387,0.0,0.0,-0.30543261909900765,0.0,0.0396,1.3860000000000001,-0.2376,0.0,0.3444170336249958,0.0,0.0,0.37699111843077515,0.0,0.0,-0.3407547587227024,0.0020777729190408684,sine,1,0.4,0.5,22,44,0.6698119640350342,0.0
1779527395.8133767,0.0,0.37699111843077515,0.0,0.0,-0.3407547587227024,0.0020777729190408684,0.0792,0.7524000000000001,0.3168,0.0,0.3378157018167033,0.0,0.0,0.3735004599267866,0.0,0.0,-0.35322139623694765,0.0,sine,1,0.4,0.5,22,44,0.6798744201660156,0.0
1779527395.8233802,0.0,0.3735004599267866,0.0,0.0,-0.35322139623694765,0.0,0.1188,0.7524000000000001,-0.2376,0.0,0.3309407708640941,0.0,0.0,0.3700098014227979,0.0,0.0,-0.4072434921320102,0.0,sine,1,0.4,0.5,22,44,0.6898462772369385,0.0
1779527395.8333607,0.0,0.3700098014227979,0.0,0.0,-0.4072434921320102,0.0,0.1188,1.7028,0.198,0.0,0.32371767189216527,0.0,0.0,0.3647738136668149,0.0,0.0,-0.46334336094611367,0.0,sine,1,0.4,0.5,22,44,0.6998498439788818,0.0
1779527395.8433516,0.0,0.3647738136668149,0.0,0.0,-0.46334336094611367,0.0,0.198,0.5940000000000001,-0.4356,0.0,0.3161926754827232,0.0,0.0,0.35953782591083194,0.0,0.0,-0.5152876839221353,0.0,sine,1,0.4,0.5,22,44,0.7098302841186523,0.0
1779527395.853547,0.0,0.35953782591083194,0.0,0.0,-0.5152876839221353,0.0,0.1188,1.2276,-0.198,0.0,0.3083484574288194,0.0,0.0,0.35430183815484895,0.0,0.0,-0.5506098235458301,-0.0020777729190408684,sine,1,0.4,0.5,22,44,0.7198212146759033,0.0
1779527395.863441,0.0,0.35430183815484895,0.0,0.0,-0.5506098235458301,-0.0020777729190408684,0.1584,0.5148,0.4356,0.0,0.3000305422954929,0.0,0.0,0.3490658503988659,0.0,0.0,-0.5796986444124023,0.0020777729190408684,sine,1,0.4,0.5,22,44,0.7300167083740234,0.0
1779527395.873495,0.0,0.3490658503988659,0.0,0.0,-0.5796986444124023,0.0020777729190408684,-0.1188,1.1880000000000002,0.27720000000000006,0.0,0.2916643415747408,0.0,0.0,0.3420845333908886,0.0,0.0,-0.6150207840360971,0.0,sine,1,0.4,0.5,22,44,0.7399106025695801,0.0
1779527395.883382,0.0,0.3420845333908886,0.0,0.0,-0.6150207840360971,0.0,0.0792,0.6732,-0.27720000000000006,0.0,0.2828740650054626,0.0,0.0,0.3420845333908886,0.0,0.0,-0.6150207840360971,0.0,sine,1,0.4,0.5,22,44,0.749964714050293,0.0
1779527395.8933787,0.0,0.3420845333908886,0.0,0.0,-0.6150207840360971,0.0,0.0792,0.6732,-0.27720000000000006,0.0,0.2739546681104987,0.0,0.0,0.3298672286269283,0.0,0.0,-0.6773539716073231,0.0,sine,1,0.4,0.5,22,44,0.7598516941070557,0.0
1779527395.9033973,0.0,0.3298672286269283,0.0,0.0,-0.6773539716073231,0.0,0.0792,0.5148,0.4356,0.0,0.2646676671272684,0.0,0.0,0.32288591161895097,0.0,0.0,-0.6357985132265057,0.0,sine,1,0.4,0.5,22,44,0.7698483467102051,0.0
1779527395.9133422,0.0,0.32288591161895097,0.0,0.0,-0.6357985132265057,0.0,0.1584,1.1483999999999999,0.35639999999999994,0.0,0.25509841567456376,0.0,0.0,0.31590459461097364,0.0,0.0,-0.7147538841500587,-0.0020777729190408684,sine,1,0.4,0.5,22,44,0.7798669338226318,0.0
1779527395.9233463,0.0,0.31590459461097364,0.0,0.0,-0.7147538841500587,-0.0020777729190408684,0.1188,0.1584,0.3168,0.0,0.24534960032305447,0.0,0.0,0.3089232776029963,0.0,0.0,-0.758387115449917,0.0,sine,1,0.4,0.5,22,44,0.7898118495941162,0.0
1779527395.933382,0.0,0.3089232776029963,0.0,0.0,-0.758387115449917,0.0,0.198,1.584,0.27720000000000006,0.0,0.23530123208012657,0.0,0.0,0.30019663134302466,0.0,-0.0020777729190408684,-0.7999425738307343,0.0,sine,1,0.4,0.5,22,44,0.7998158931732178,0.0
1779527395.9433668,0.0,0.30019663134302466,0.0,-0.0020777729190408684,-0.7999425738307343,0.0,0.27720000000000006,0.5940000000000001,-0.3168,0.0,0.2249875165379078,0.0,0.0,0.291469985083053,0.0,0.0,-0.8311091676163473,-0.0020777729190408684,sine,1,0.4,0.5,22,44,0.8098516464233398,0.0
1779527395.9533663,0.0,0.291469985083053,0.0,0.0,-0.8311091676163473,-0.0020777729190408684,-0.2376,0.8316,-0.1584,0.0,0.21450429475809463,0.0,0.0,0.28274333882308134,0.0,0.0,-0.8643535343210013,0.0,sine,1,0.4,0.5,22,44,0.8198363780975342,0.0
1779527395.9633572,0.0,0.28274333882308134,0.0,0.0,-0.8643535343210013,0.0,0.198,1.8215999999999999,0.4356,0.0,0.20379404536173298,0.0,0.0,0.27401669256310973,0.0,0.0,-0.9038312197827777,-0.0020777729190408684,sine,1,0.4,0.5,22,44,0.8298358917236328,0.0
1779527395.9733853,0.0,0.27401669256310973,0.0,0.0,-0.9038312197827777,-0.0020777729190408684,0.1188,0.8712,-0.396,0.0,0.19289214432125534,0.0,0.0,0.26529004630313807,0.0,0.0,-0.930842267730309,0.0,sine,1,0.4,0.5,22,44,0.8398268222808838,0.0
1779527395.983373,0.0,0.26529004630313807,0.0,0.0,-0.930842267730309,0.0,0.1188,0.198,-0.396,0.0,0.1817585937582374,0.0,0.0,0.25481807079117214,0.0,0.0,-0.9516199969207177,0.0,sine,1,0.4,0.5,22,44,0.8498549461364746,0.0
1779527395.9935594,0.0,0.25481807079117214,0.0,0.0,-0.9516199969207177,0.0,0.198,1.1088000000000002,-0.396,0.0,0.17049073530044306,0.0,0.0,0.24609142453120048,0.0,0.0,-0.9765532719492082,0.0,sine,1,0.4,0.5,22,44,0.8598425388336182,0.0
1779527396.0033627,0.0,0.24609142453120048,0.0,0.0,-0.9765532719492082,0.0,0.2376,1.5048000000000001,-0.35639999999999994,0.0,0.15882574191642593,0.0,0.0,0.23561944901923448,0.0,0.0,-0.9973310011396168,-0.0020777729190408684,sine,1,0.4,0.5,22,44,0.8700289726257324,0.0
1779527396.0133147,0.0,0.23561944901923448,0.0,0.0,-0.9973310011396168,-0.0020777729190408684,0.198,0.7127999999999999,-0.198,0.0,0.14744577755851193,0.0,0.0,0.22514747350726852,0.0,-0.0020777729190408684,-1.009797638653862,0.0,sine,1,0.4,0.5,22,44,0.8798322677612305,0.0
1779527396.023451,0.0,0.22514747350726852,0.0,-0.0020777729190408684,-1.009797638653862,0.0,-0.2376,0.5148,-0.3168,0.0,0.1357501262640551,0.0,0.0,0.21467549799530256,0.0,0.0,-1.0326531407633115,-0.0020777729190408684,sine,1,0.4,0.5,22,44,0.8897843360900879,0.0
1779527396.0335424,0.0,0.21467549799530256,0.0,0.0,-1.0326531407633115,-0.0020777729190408684,-0.2376,0.27720000000000006,-0.27720000000000006,0.0,0.12370156558256457,0.0,0.0,0.20420352248333656,0.0,0.0,-1.0451197782775568,0.0,sine,1,0.4,0.5,22,44,0.8999207019805908,0.0
1779527396.043344,0.0,0.20420352248333656,0.0,0.0,-1.0451197782775568,0.0,-0.2376,0.7524000000000001,-0.27720000000000006,0.0,0.11158195329154419,0.0,0.0,0.1937315469713706,0.0,0.0,-1.0700530533060473,0.0,sine,1,0.4,0.5,22,44,0.9100120067596436,0.0
1779527396.053449,0.0,0.1937315469713706,0.0,0.0,-1.0700530533060473,0.0,0.2376,1.1088000000000002,-0.3168,0.0,0.09970277583672026,0.0,0.0,0.1832595714594046,0.0,0.0,-1.1012196470916602,-0.0020777729190408684,sine,1,0.4,0.5,22,44,0.9198136329650879,0.0
1779527396.0633636,0.0,0.1832595714594046,0.0,0.0,-1.1012196470916602,-0.0020777729190408684,-0.1584,1.4255999999999998,-0.35639999999999994,0.0,0.08735720926107718,0.0,0.0,0.17278759594743864,0.0,0.004155545838081737,-1.1303084679582325,0.0,sine,1,0.4,0.5,22,44,0.9299185276031494,0.0
1779527396.073468,0.0,0.17278759594743864,0.0,0.004155545838081737,-1.1303084679582325,0.0,-0.1188,1.1483999999999999,-0.27720000000000006,0.0,0.07515845404631336,0.0,0.0,0.16057029118347835,0.0,0.0,-1.136541786715355,0.0,sine,1,0.4,0.5,22,44,0.9398331642150879,0.0
1779527396.0834954,0.0,0.16057029118347835,0.0,0.0,-1.136541786715355,0.0,0.0396,1.1483999999999999,-0.396,0.0,0.06265125587798147,0.0,0.0,0.15009831567151233,0.0,0.0,-1.0451197782775568,-0.0020777729190408684,sine,1,0.4,0.5,22,44,0.9499375820159912,0.0
1779527396.093352,0.0,0.15009831567151233,0.0,0.0,-1.0451197782775568,-0.0020777729190408684,0.2376,0.9504,-0.396,0.0,0.05017694030549924,0.0,0.0,0.13962634015954636,0.0,0.0,-1.1303084679582325,-0.0020777729190408684,sine,1,0.4,0.5,22,44,0.9599649906158447,0.0
1779527396.103391,0.0,0.13962634015954636,0.0,0.0,-1.1303084679582325,-0.0020777729190408684,0.0792,0.0,-0.2376,0.0,0.03786639403629282,0.0,0.0,0.12740903539558607,0.0,0.0,-1.1573195159057637,0.0,sine,1,0.4,0.5,22,44,0.9698216915130615,0.0
1779527396.1133778,0.0,0.12740903539558607,0.0,0.0,-1.1573195159057637,0.0,0.27720000000000006,0.4356,-0.2376,0.0,0.025291104909868287,0.0,0.0,0.11519173063162574,0.0,0.0,-1.1905638826104177,0.0,sine,1,0.4,0.5,22,44,0.9798605442047119,0.0
1779527396.1235597,0.0,0.11519173063162574,0.0,0.0,-1.1905638826104177,0.0,-0.3168,0.198,-0.27720000000000006,0.0,0.012755943184797783,0.0,0.0,0.10297442586766545,0.0,0.0,-1.213419384719867,0.0,sine,1,0.4,0.5,22,44,0.9898474216461182,0.0
1779527396.13335,0.0,0.10297442586766545,0.0,0.0,-1.213419384719867,0.0,-0.27720000000000006,0.4752,-0.2376,0.0,-3.6851491531787105e-05,0.0,0.0,0.09075712110370514,0.0,-0.0020777729190408684,-1.232119340991235,0.0,sine,1,0.4,0.5,22,44,1.0000293254852295,0.0
1779527396.1433458,0.0,0.09075712110370514,0.0,-0.0020777729190408684,-1.232119340991235,0.0,-0.27720000000000006,0.198,-0.4356,0.0,-0.012337600101699975,0.0,0.0,0.07853981633974483,0.0,0.0,-1.2466637514245211,0.0,sine,1,0.4,0.5,22,44,1.009819507598877,0.0
1779527396.1533732,0.0,0.07853981633974483,0.0,0.0,-1.2466637514245211,0.0,-0.1188,0.0,-0.3168,0.0,-0.024884742521356338,0.0,0.0,0.06806784082777886,0.0,0.0020777729190408684,-1.1303084679582325,-0.0020777729190408684,sine,1,0.4,0.5,22,44,1.019815444946289,0.0
1779527396.1634767,0.0,0.06806784082777886,0.0,0.0020777729190408684,-1.1303084679582325,-0.0020777729190408684,0.35639999999999994,0.7127999999999999,-0.3168,0.0,-0.0374467210957339,0.0,0.0,0.06806784082777886,0.0,0.0020777729190408684,-1.1303084679582325,-0.0020777729190408684,sine,1,0.4,0.5,22,44,1.0298428535461426,0.0
1779527396.1733804,0.0,0.06806784082777886,0.0,0.0020777729190408684,-1.1303084679582325,-0.0020777729190408684,0.35639999999999994,0.7127999999999999,-0.3168,0.0,-0.050066365447054166,0.0,0.0,0.04363323129985824,0.0,0.0,-1.2300415680721941,0.0020777729190408684,sine,1,0.4,0.5,22,44,1.0399463176727295,0.0
1779527396.1833885,0.0,0.04363323129985824,0.0,0.0,-1.2300415680721941,0.0020777729190408684,0.1188,0.792,0.4356,0.0,-0.06238758811005012,0.0,0.0,0.031415926535897934,0.0,0.0020777729190408684,-1.151086197148641,-0.0020777729190408684,sine,1,0.4,0.5,22,44,1.0498499870300293,0.0
1779527396.1933465,0.0,0.031415926535897934,0.0,0.0020777729190408684,-1.151086197148641,-0.0020777729190408684,0.396,0.9504,-0.1584,0.0,-0.07477733998290108,0.0,0.0,0.019198621771937627,0.0,0.0,-1.2217304763960306,0.0,sine,1,0.4,0.5,22,44,1.0598580837249756,0.0
1779527396.2035239,0.0,0.019198621771937627,0.0,0.0,-1.2217304763960306,0.0,0.198,0.9107999999999999,-0.4356,0.0,-0.08703176733647894,0.0,0.0,0.006981317007977318,0.0,0.0,-1.2736747993720523,0.0,sine,1,0.4,0.5,22,44,1.0698161125183105,0.0
1779527396.213347,0.0,0.006981317007977318,0.0,0.0,-1.2736747993720523,0.0,0.1584,0.7524000000000001,-0.4356,0.0,-0.09946802677341901,0.0,0.0,-0.005235987755982989,0.0,0.0,-1.294452528562461,-0.0020777729190408684,sine,1,0.4,0.5,22,44,1.079993486404419,0.0
1779527396.2234302,0.0,-0.005235987755982989,0.0,0.0,-1.294452528562461,-0.0020777729190408684,0.1584,0.396,-0.27720000000000006,0.0,-0.111375071804172,0.0,0.0,-0.017453292519943295,0.0,0.0020777729190408684,-1.279908118129175,0.0,sine,1,0.4,0.5,22,44,1.0898165702819824,0.0
1779527396.2333632,0.0,-0.017453292519943295,0.0,0.0020777729190408684,-1.279908118129175,0.0,0.1584,0.8712,-0.27720000000000006,0.0,-0.123487002057737,0.0,0.0,-0.029670597283903605,0.0,0.0,-1.2736747993720523,0.0,sine,1,0.4,0.5,22,44,1.0998997688293457,0.0
1779527396.243372,0.0,-0.029670597283903605,0.0,0.0,-1.2736747993720523,0.0,0.1188,0.7127999999999999,-0.5148,0.0,-0.1352974182624578,0.0,0.0,-0.04188790204786391,0.0,0.0,-1.1635528346628863,0.0,sine,1,0.4,0.5,22,44,1.109832763671875,0.0
1779527396.2533448,0.0,-0.04188790204786391,0.0,0.0,-1.1635528346628863,0.0,0.4356,1.3068,-0.35639999999999994,0.0,-0.14706470113346246,0.0,0.0,-0.054105206811824215,0.0,0.0,-1.2196527034769897,0.0,sine,1,0.4,0.5,22,44,1.1198415756225586,0.0
1779527396.26348,0.0,-0.054105206811824215,0.0,0.0,-1.2196527034769897,0.0,0.0792,0.9107999999999999,-0.35639999999999994,0.0,-0.1586450639369239,0.0,0.0,-0.06457718232379019,0.0,0.0,-1.1490084242296001,0.0,sine,1,0.4,0.5,22,44,1.1298143863677979,0.0
1779527396.273388,0.0,-0.06457718232379019,0.0,0.0,-1.1490084242296001,0.0,0.198,1.4255999999999998,-0.3168,0.0,-0.17025436241840852,0.0,0.0,-0.07679448708775051,0.0,0.0020777729190408684,-1.2341971139102759,0.0,sine,1,0.4,0.5,22,44,1.1399495601654053,0.0
1779527396.2834306,0.0,-0.07679448708775051,0.0,0.0020777729190408684,-1.2341971139102759,0.0,0.0396,1.1483999999999999,-0.3168,0.0,-0.18143665205193832,0.0,0.0,-0.08901179185171082,0.0,0.0,-1.2487415243435618,0.0,sine,1,0.4,0.5,22,44,1.149857521057129,0.0
1779527396.293349,0.0,-0.08901179185171082,0.0,0.0,-1.2487415243435618,0.0,0.1188,1.4652,-0.4356,0.0,-0.1925915477404061,0.0,0.0,-0.10122909661567113,0.0,-0.0020777729190408684,-1.1593972888248045,-0.0020777729190408684,sine,1,0.4,0.5,22,44,1.159900188446045,0.0
1779527396.3033688,0.0,-0.10122909661567113,0.0,-0.0020777729190408684,-1.1593972888248045,-0.0020777729190408684,0.27720000000000006,1.1880000000000002,-0.2376,0.0,-0.20342036670585137,0.0,0.0,-0.11344640137963143,0.0,-0.0020777729190408684,-1.2071860659627445,0.0,sine,1,0.4,0.5,22,44,1.169818639755249,0.0
1779527396.313402,0.0,-0.11344640137963143,0.0,-0.0020777729190408684,-1.2071860659627445,0.0,-0.1584,1.2276,0.27720000000000006,0.0,-0.21415925067789862,0.0,0.0,-0.12566370614359174,0.0,-0.0020777729190408684,-1.2113416118008262,0.0,sine,1,0.4,0.5,22,44,1.1798384189605713,0.0
1779527396.3234868,0.0,-0.12566370614359174,0.0,-0.0020777729190408684,-1.2113416118008262,0.0,0.1584,1.3068,-0.4752,0.0,-0.22469982919282186,0.0,0.0,-0.13613568165555773,0.0,0.0,-1.119919603363028,0.0,sine,1,0.4,0.5,22,44,1.1898715496063232,0.0
1779527396.3333416,0.0,-0.13613568165555773,0.0,0.0,-1.119919603363028,0.0,0.27720000000000006,1.2276,-0.27720000000000006,0.0,-0.23506979054511223,0.0,0.0,-0.14835298641951802,0.0,0.0,-1.169786153420009,0.0,sine,1,0.4,0.5,22,44,1.1999564170837402,0.0
1779527396.3434036,0.0,-0.14835298641951802,0.0,0.0,-1.169786153420009,0.0,-0.1584,1.1483999999999999,-0.198,0.0,-0.24497532220120433,0.0,0.0,-0.158824961931484,0.0,0.0020777729190408684,-1.1905638826104177,0.0,sine,1,0.4,0.5,22,44,1.2098112106323242,0.0
1779527396.3535426,0.0,-0.158824961931484,0.0,0.0020777729190408684,-1.1905638826104177,0.0,0.0792,0.99,-0.4752,0.0,-0.25484679111836567,0.0,0.0,-0.1710422666954443,0.0,0.0020777729190408684,-1.1926416555294586,0.0,sine,1,0.4,0.5,22,44,1.2198731899261475,0.0
1779527396.3633797,0.0,-0.1710422666954443,0.0,0.0020777729190408684,-1.1926416555294586,0.0,0.0396,0.198,-0.2376,0.0,-0.264536225527049,0.0,0.0,-0.1832595714594046,0.0,0.0,-1.167708380500968,0.0,sine,1,0.4,0.5,22,44,1.2300121784210205,0.0
1779527396.3735163,0.0,-0.1832595714594046,0.0,0.0,-1.167708380500968,0.0,0.0792,0.3168,-0.396,0.0,-0.2736807896783141,0.0,0.0,-0.1937315469713706,0.0,0.0,-1.1448528783915184,0.0,sine,1,0.4,0.5,22,44,1.239849328994751,0.0
1779527396.3834002,0.0,-0.1937315469713706,0.0,0.0,-1.1448528783915184,0.0,0.0396,0.0,-0.35639999999999994,0.0,-0.2828302128615594,0.0,0.0,-0.20420352248333656,0.0,0.0,-1.0284975949252297,0.0,sine,1,0.4,0.5,22,44,1.249985933303833,0.0
1779527396.393604,0.0,-0.20420352248333656,0.0,0.0,-1.0284975949252297,0.0,0.2376,0.99,0.3168,0.0,-0.2914754369680038,0.0,0.0,-0.21467549799530256,0.0,-0.0020777729190408684,-1.0555086428727611,-0.004155545838081737,sine,1,0.4,0.5,22,44,1.2598698139190674,0.0
1779527396.403388,0.0,-0.21467549799530256,0.0,-0.0020777729190408684,-1.0555086428727611,-0.004155545838081737,0.1584,1.0692,0.198,0.0,-0.3001056269896742,0.0,0.0,-0.22514747350726852,0.0,0.0,-1.0471975511965976,0.0,sine,1,0.4,0.5,22,44,1.270073652267456,0.0
1779527396.4133909,0.0,-0.22514747350726852,0.0,0.0,-1.0471975511965976,0.0,-0.27720000000000006,1.5048000000000001,-0.27720000000000006,0.0,-0.3080912308119332,0.0,0.0,-0.23561944901923448,0.0,-0.0020777729190408684,-1.0388864595204341,0.0,sine,1,0.4,0.5,22,44,1.2798576354980469,0.0
1779527396.423484,0.0,-0.23561944901923448,0.0,-0.0020777729190408684,-1.0388864595204341,0.0,-0.1584,0.99,-0.4356,0.0,-0.31595452143130476,0.0,0.0,-0.24609142453120048,0.0,0.0,-1.0222642761681073,-0.0020777729190408684,sine,1,0.4,0.5,22,44,1.289860486984253,0.0
1779527396.43336,0.0,-0.24609142453120048,0.0,0.0,-1.0222642761681073,-0.0020777729190408684,0.1584,0.1188,0.35639999999999994,0.0,-0.3235725949751814,0.0,0.0,-0.25481807079117214,0.0,0.0,-0.9994087740586577,-0.0020777729190408684,sine,1,0.4,0.5,22,44,1.2999536991119385,0.0
1779527396.4435165,0.0,-0.25481807079117214,0.0,0.0,-0.9994087740586577,-0.0020777729190408684,0.198,0.2376,-0.35639999999999994,0.0,-0.3307119019717762,0.0,0.0,-0.26529004630313807,0.0,0.0020777729190408684,-0.9703199531920855,0.0,sine,1,0.4,0.5,22,44,1.3098297119140625,0.0
1779527396.4534836,0.0,-0.26529004630313807,0.0,0.0020777729190408684,-0.9703199531920855,0.0,0.1188,1.2672,-0.35639999999999994,0.0,-0.3377218137989555,0.0,0.0,-0.27401669256310973,0.0,0.0,-0.9412311323255134,0.0020777729190408684,sine,1,0.4,0.5,22,44,1.31998610496521,0.0
1779527396.4633656,0.0,-0.27401669256310973,0.0,0.0,-0.9412311323255134,0.0020777729190408684,0.0396,0.9504,-0.3168,0.0,-0.34426686598826395,0.0,0.0,-0.28274333882308134,0.0,0.0,-0.8435758051305926,-0.0020777729190408684,sine,1,0.4,0.5,22,44,1.3299531936645508,0.0
1779527396.4735117,0.0,-0.28274333882308134,0.0,0.0,-0.8435758051305926,-0.0020777729190408684,0.2376,0.396,0.2376,0.0,-0.35042283681187447,0.0,0.0,-0.291469985083053,0.0,0.0,-0.851886896806756,0.0,sine,1,0.4,0.5,22,44,1.3398351669311523,0.0
1779527396.4834769,0.0,-0.291469985083053,0.0,0.0,-0.851886896806756,0.0,0.1584,1.1483999999999999,-0.4356,0.0,-0.3563919452413144,0.0,0.0,-0.30019663134302466,0.0,0.0,-0.8331869405353882,0.0,sine,1,0.4,0.5,22,44,1.3499813079833984,0.0
1779527396.4933624,0.0,-0.30019663134302466,0.0,0.0,-0.8331869405353882,0.0,0.1188,1.2276,0.3168,0.0,-0.36190218498855486,0.0,0.0,-0.30717794835100204,0.0,-0.004155545838081737,-0.8124092113449796,0.0,sine,1,0.4,0.5,22,44,1.3599464893341064,0.0
1779527396.5033455,0.0,-0.30717794835100204,0.0,-0.004155545838081737,-0.8124092113449796,0.0,-0.1188,0.1584,0.2376,0.0,-0.367017974687437,0.0,0.0,-0.31590459461097364,0.0,0.0,-0.7791648446403256,0.0,sine,1,0.4,0.5,22,44,1.3698320388793945,0.0
1779527396.5133564,0.0,-0.31590459461097364,0.0,0.0,-0.7791648446403256,0.0,0.0792,1.3860000000000001,0.2376,0.0,-0.37182499781983863,0.0,0.0,-0.32288591161895097,0.0,0.0,-0.7521537966927944,0.0020777729190408684,sine,1,0.4,0.5,22,44,1.3798151016235352,0.0
1779527396.5233688,0.0,-0.32288591161895097,0.0,0.0,-0.7521537966927944,0.0020777729190408684,0.1188,0.8316,0.35639999999999994,0.0,-0.37627820996561057,0.0,0.0,-0.3298672286269283,0.0,-0.0020777729190408684,-0.7251427487452631,0.0020777729190408684,sine,1,0.4,0.5,22,44,1.3898260593414307,0.0
1779527396.5334616,0.0,-0.3298672286269283,0.0,-0.0020777729190408684,-0.7251427487452631,0.0020777729190408684,-0.0792,0.27720000000000006,0.27720000000000006,0.0,-0.3803598231285088,0.0,0.0,-0.3368485456349056,0.0,0.0,-0.6898206091215683,-0.0020777729190408684,sine,1,0.4,0.5,22,44,1.3998384475708008,0.0
1779527396.5433476,0.0,-0.3368485456349056,0.0,0.0,-0.6898206091215683,-0.0020777729190408684,0.1188,1.2672,0.2376,0.0,-0.3840933386546154,0.0,0.0,-0.3420845333908886,0.0,0.0,-0.6212541027932197,0.0,sine,1,0.4,0.5,22,44,1.4099311828613281,0.0
1779527396.5533662,0.0,-0.3420845333908886,0.0,0.0,-0.6212541027932197,0.0,0.1188,0.2376,0.35639999999999994,0.0,-0.3873760760984674,0.0,0.0,-0.3490658503988659,0.0,0.0020777729190408684,-0.6087874652789744,0.0,sine,1,0.4,0.5,22,44,1.4198172092437744,0.0
1779527396.563487,0.0,-0.3490658503988659,0.0,0.0020777729190408684,-0.6087874652789744,0.0,0.0792,0.9107999999999999,0.3168,0.0,-0.39032164020389915,0.0,0.0,-0.35430183815484895,0.0,0.0,-0.5817764173314431,0.0,sine,1,0.4,0.5,22,44,1.4298357963562012,0.0
1779527396.5733871,0.0,-0.35430183815484895,0.0,0.0,-0.5817764173314431,0.0,0.0,0.6336,-0.3168,0.0,-0.3929046925538538,0.0,0.0,-0.35953782591083194,0.0,0.0,-0.5485320506267892,0.0,sine,1,0.4,0.5,22,44,1.4399566650390625,0.0
1779527396.5833552,0.0,-0.35953782591083194,0.0,0.0,-0.5485320506267892,0.0,0.0,0.8316,0.4752,0.0,-0.3950471375541731,0.0,0.0,-0.3647738136668149,0.0,0.0,-0.47788777137939975,0.0,sine,1,0.4,0.5,22,44,1.4498567581176758,0.0
1779527396.593354,0.0,-0.3647738136668149,0.0,0.0,-0.47788777137939975,0.0,0.0792,1.6632,0.2376,0.0,-0.39681822677580936,0.0,0.0,-0.36826447217080355,0.0,0.0,-0.4404878588366641,0.0,sine,1,0.4,0.5,22,44,1.459824800491333,0.0
1779527396.6033833,0.0,-0.36826447217080355,0.0,0.0,-0.4404878588366641,0.0,0.0792,0.396,0.3168,0.0,-0.39820386349407855,0.0,0.0,-0.3735004599267866,0.0,0.0,-0.43009899424145975,0.0,sine,1,0.4,0.5,22,44,1.4698235988616943,0.0
1779527396.6135042,0.0,-0.3735004599267866,0.0,0.0,-0.43009899424145975,0.0,0.0396,0.7524000000000001,0.35639999999999994,0.0,-0.3991990430107758,0.0,0.0,-0.37699111843077515,0.0,0.0,-0.3677658066702337,0.0,sine,1,0.4,0.5,22,44,1.4798529148101807,0.0
1779527396.623461,0.0,-0.37699111843077515,0.0,0.0,-0.3677658066702337,0.0,-0.0792,2.1780000000000004,0.2376,0.0,-0.3998015879743073,0.0,0.0,-0.38048177693476387,0.0,0.0,-0.36568803375119285,0.0,sine,1,0.4,0.5,22,44,1.489973783493042,0.0
1779527396.633351,0.0,-0.38048177693476387,0.0,0.0,-0.36568803375119285,0.0,0.0396,0.35639999999999994,0.396,0.0,-0.3999999904984183,0.0,0.0,-0.3822271061867582,0.0,0.0,-0.315821483694212,0.0,sine,1,0.4,0.5,22,44,1.4999306201934814,0.0
1779527396.6433578,0.0,-0.3822271061867582,0.0,0.0,-0.315821483694212,0.0,0.0792,0.9107999999999999,0.35639999999999994,0.0,-0.3998096380465762,0.0,0.0,-0.38571776469074687,0.0,0.004155545838081737,-0.299199300341885,0.0,sine,1,0.4,0.5,22,44,1.5098206996917725,0.0
1779527396.6533809,0.0,-0.38571776469074687,0.0,0.004155545838081737,-0.299199300341885,0.0,0.0,0.8316,0.3168,0.0,-0.3992242543361732,0.0,0.0,-0.3874630939427412,0.0,0.0,-0.23894388568969988,0.0,sine,1,0.4,0.5,22,44,1.5198273658752441,0.0
1779527396.6633677,0.0,-0.3874630939427412,0.0,0.0,-0.23894388568969988,0.0,0.0,1.9404,0.27720000000000006,0.0,-0.39824242379531316,0.0,0.0,-0.3909537524467298,0.0,0.0,-0.21608838358025032,0.0,sine,1,0.4,0.5,22,44,1.5298504829406738,0.0
1779527396.6733475,0.0,-0.3909537524467298,0.0,0.0,-0.21608838358025032,0.0,0.0,1.4652,0.27720000000000006,0.0,-0.3968714442003165,0.0,0.0,-0.39269908169872414,0.0,0.0,-0.18076624395655555,0.0,sine,1,0.4,0.5,22,44,1.53983736038208,0.0
1779527396.68334,0.0,-0.39269908169872414,0.0,0.0,-0.18076624395655555,0.0,0.0,0.396,0.3168,0.0,-0.3951112286308017,0.0,0.0,-0.39269908169872414,0.0,0.0,-0.12674414806149298,0.0,sine,1,0.4,0.5,22,44,1.5498170852661133,0.0
1779527396.6933458,0.0,-0.39269908169872414,0.0,0.0,-0.12674414806149298,0.0,0.0,0.4752,0.396,0.0,-0.39295964364905017,0.0,0.0,-0.39444441095071847,0.0,-0.0020777729190408684,-0.09557755427587994,0.0,sine,1,0.4,0.5,22,44,1.559809684753418,0.0
1779527396.7033463,0.0,-0.39444441095071847,0.0,-0.0020777729190408684,-0.09557755427587994,0.0,0.0,0.0,0.35639999999999994,0.0,-0.39041724369786346,0.0,0.0,-0.39444441095071847,0.0,0.0,-0.035322139623694765,0.0020777729190408684,sine,1,0.4,0.5,22,44,1.5698153972625732,0.0
1779527396.713392,0.0,-0.39444441095071847,0.0,0.0,-0.035322139623694765,0.0020777729190408684,0.0396,0.8712,0.35639999999999994,0.0,-0.3874907443281676,0.0,0.0,-0.39444441095071847,0.0,0.0,-0.010388864595204342,0.0020777729190408684,sine,1,0.4,0.5,22,44,1.5798158645629883,0.0
1779527396.723465,0.0,-0.39444441095071847,0.0,0.0,-0.010388864595204342,0.0020777729190408684,0.0,0.396,0.396,0.0,-0.3841659487051825,0.0,0.0,-0.39444441095071847,0.0,0.0,0.018699956271367814,0.0,sine,1,0.4,0.5,22,44,1.5898616313934326,0.0
1779527396.733346,0.0,-0.39444441095071847,0.0,0.0,0.018699956271367814,0.0,-0.0396,0.0792,0.396,0.0,-0.3804480033209475,0.0,0.0,-0.39444441095071847,0.0,0.0,0.04986655005698084,0.0,sine,1,0.4,0.5,22,44,1.5999345779418945,0.0
1779527396.743386,0.0,-0.39444441095071847,0.0,0.0,0.04986655005698084,0.0,-0.0396,0.3168,0.396,0.0,-0.3764307391365703,0.0,0.0,-0.39269908169872414,0.0,0.0,0.10388864595204342,0.0,sine,1,0.4,0.5,22,44,1.6098155975341797,0.0
1779527396.7533524,0.0,-0.39269908169872414,0.0,0.0,0.10388864595204342,0.0,0.0,-0.2376,0.3168,0.0,-0.37197733581949605,0.0,0.0,-0.3909537524467298,0.0,0.0,0.12882192098053383,0.0,sine,1,0.4,0.5,22,44,1.6198556423187256,0.0
1779527396.7633402,0.0,-0.3909537524467298,0.0,0.0,0.12882192098053383,0.0,0.0,-0.35639999999999994,0.3168,0.0,-0.3671906196096371,0.0,0.0,-0.3892084231947355,0.0,-0.0020777729190408684,0.15583296892806514,0.0,sine,1,0.4,0.5,22,44,1.629822015762329,0.0
1779527396.7734084,0.0,-0.3892084231947355,0.0,-0.0020777729190408684,0.15583296892806514,0.0,0.0,-1.3860000000000001,0.3168,0.0,-0.3620324978348152,0.0,0.0,-0.3874630939427412,0.0,0.0,0.2181661564992912,0.0,sine,1,0.4,0.5,22,44,1.6398098468780518,0.0
1779527396.7833738,0.0,-0.3874630939427412,0.0,0.0,0.2181661564992912,0.0,-0.0396,-1.3860000000000001,0.27720000000000006,0.0,-0.3564721703699736,0.0,0.0,-0.3839724354387525,0.0,0.0,0.22024392941833204,0.0,sine,1,0.4,0.5,22,44,1.6498780250549316,0.0
1779527396.7942772,0.0,-0.3839724354387525,0.0,0.0,0.22024392941833204,0.0,0.0,-0.2376,-0.1584,0.0,-0.3506174064810638,0.0,0.0,-0.3822271061867582,0.0,0.0,0.2971215274228442,0.0,sine,1,0.4,0.5,22,44,1.6598434448242188,0.0
1779527396.8033485,0.0,-0.3822271061867582,0.0,0.0,0.2971215274228442,0.0,-0.0396,0.4752,0.4356,0.0,-0.34381814830664137,0.0,0.0,-0.3787364476827696,0.0,0.0,0.34283253164174327,0.0,sine,1,0.4,0.5,22,44,1.6707468032836914,0.0
1779527396.8133886,0.0,-0.3787364476827696,0.0,0.0,0.34283253164174327,0.0,0.0,-0.3168,0.2376,0.0,-0.3378535596489749,0.0,0.0,-0.3752457891787808,0.0,0.0,0.3615324879131111,0.0,sine,1,0.4,0.5,22,44,1.6798181533813477,0.0
1779527396.823341,0.0,-0.3752457891787808,0.0,0.0,0.3615324879131111,0.0,-0.0396,-1.6632,0.27720000000000006,0.0,-0.3309323564494844,0.0,0.0,-0.3717551306747922,0.0,0.0,0.35322139623694765,0.0,sine,1,0.4,0.5,22,44,1.6898581981658936,0.0
1779527396.833346,0.0,-0.3717551306747922,0.0,0.0,0.35322139623694765,0.0,0.0,0.0792,0.2376,0.0,-0.32374670767193736,0.0,0.0,-0.3665191429188092,0.0,-0.0020777729190408684,0.4113990379700919,0.0,sine,1,0.4,0.5,22,44,1.69981050491333,0.0
1779527396.8433504,0.0,-0.3665191429188092,0.0,-0.0020777729190408684,0.4113990379700919,0.0,-0.0396,-0.9107999999999999,0.198,0.0,-0.316204052399164,0.0,0.0,-0.3612831551628263,0.0,0.0020777729190408684,0.49035440889364496,-0.0020777729190408684,sine,1,0.4,0.5,22,44,1.709815502166748,0.0
1779527396.8533406,0.0,-0.3612831551628263,0.0,0.0020777729190408684,0.49035440889364496,-0.0020777729190408684,-0.0396,-1.2276,0.198,0.0,-0.3083494116572545,0.0,0.0,-0.3560471674068433,0.0,0.0,0.5464542777077483,0.0,sine,1,0.4,0.5,22,44,1.7198200225830078,0.0
1779527396.8633733,0.0,-0.3560471674068433,0.0,0.0,0.5464542777077483,0.0,-0.0396,0.27720000000000006,0.1584,0.0,-0.30020207234568363,0.0,0.0,-0.3508111796508602,0.0,0.004155545838081737,0.583854190250484,0.0,sine,1,0.4,0.5,22,44,1.7298102378845215,0.0
1779527396.8733938,0.0,-0.3508111796508602,0.0,0.004155545838081737,0.583854190250484,0.0,0.1188,-1.2276,0.1584,0.0,-0.2917225642949507,0.0,0.0,-0.34382986264288296,0.0,0.0,0.6254096486313013,-0.0020777729190408684,sine,1,0.4,0.5,22,44,1.7398428916931152,0.0
1779527396.883348,0.0,-0.34382986264288296,0.0,0.0,0.6254096486313013,-0.0020777729190408684,-0.0396,0.5544000000000001,0.198,0.0,-0.28296407828605225,0.0,0.0,-0.3368485456349056,0.0,-0.0020777729190408684,0.6565762424169144,0.0,sine,1,0.4,0.5,22,44,1.7498633861541748,0.0
1779527396.8933794,0.0,-0.3368485456349056,0.0,-0.0020777729190408684,0.6565762424169144,0.0,0.0,-1.4255999999999998,0.27720000000000006,0.0,-0.27398588451420575,0.0,0.0,-0.3298672286269283,0.0,0.0,0.6856650632834865,0.0,sine,1,0.4,0.5,22,44,1.7598176002502441,0.0
1779527396.9033444,0.0,-0.3298672286269283,0.0,0.0,0.6856650632834865,0.0,0.0,0.0,0.1584,0.0,-0.26466699319738535,0.0,0.0,-0.3246312408709453,0.0,0.0,0.648265150740751,0.0,sine,1,0.4,0.5,22,44,1.7698490619659424,0.0
1779527396.9133632,0.0,-0.3246312408709453,0.0,0.0,0.648265150740751,0.0,0.0396,-1.3464,0.27720000000000006,0.0,-0.25514964314188077,0.0,0.0,-0.317649923862968,0.0,0.0,0.7105983383119769,0.0,sine,1,0.4,0.5,22,44,1.7798140048980713,0.0
1779527396.9233518,0.0,-0.317649923862968,0.0,0.0,0.7105983383119769,0.0,0.0396,-0.4356,0.198,0.0,-0.245328776675644,0.0,0.0,-0.3089232776029963,0.0,-0.0020777729190408684,0.7750092988022439,0.0,sine,1,0.4,0.5,22,44,1.7898328304290771,0.0
1779527396.9333417,0.0,-0.3089232776029963,0.0,-0.0020777729190408684,0.7750092988022439,0.0,0.0,-0.0792,0.3168,0.0,-0.23529565950991305,0.0,0.0,-0.30019663134302466,0.0,0.0,0.8082536655068978,0.0,sine,1,0.4,0.5,22,44,1.799821376800537,0.0
1779527396.9433482,0.0,-0.30019663134302466,0.0,0.0,0.8082536655068978,0.0,-0.0792,-1.4255999999999998,0.1584,0.0,-0.22502937932677358,0.0,0.0,-0.291469985083053,0.0,0.0,0.8456535780496335,0.0,sine,1,0.4,0.5,22,44,1.8098113536834717,0.0
1779527396.953373,0.0,-0.291469985083053,0.0,0.0,0.8456535780496335,0.0,-0.1188,-0.2376,0.198,0.0,-0.21452401925346,0.0,0.0,-0.2844886680750757,0.0,0.0,0.7999425738307343,0.0020777729190408684,sine,1,0.4,0.5,22,44,1.8198177814483643,0.0
1779527396.963355,0.0,-0.2844886680750757,0.0,0.0,0.7999425738307343,0.0020777729190408684,0.0,-0.6732,0.35639999999999994,0.0,-0.20378682679126403,0.0,0.0,-0.27576202181510406,0.0,0.0,0.8664313072400421,0.0,sine,1,0.4,0.5,22,44,1.8298425674438477,0.0
1779527396.9733963,0.0,-0.27576202181510406,0.0,0.0,0.8664313072400421,0.0,-0.1188,-1.1483999999999999,0.2376,0.0,-0.19289450652745987,0.0,0.0,-0.2670353755551324,0.0,0.0,0.9287644948112682,0.0,sine,1,0.4,0.5,22,44,1.8398246765136719,0.0
1779527396.983464,0.0,-0.2670353755551324,0.0,0.0,0.9287644948112682,0.0,0.0,-0.7524000000000001,-0.4356,0.0,-0.18174631677690492,0.0,0.0,-0.25656340004316647,0.0,0.0,0.9516199969207177,0.0,sine,1,0.4,0.5,22,44,1.8498659133911133,0.0
1779527396.993339,0.0,-0.25656340004316647,0.0,0.0,0.9516199969207177,0.0,-0.1188,0.2376,0.198,0.0,-0.1703871955754906,0.0,0.0,-0.2478367537831948,0.0,0.0,0.8913645822685325,0.0,sine,1,0.4,0.5,22,44,1.859933614730835,0.0
1779527397.003357,0.0,-0.2478367537831948,0.0,0.0,0.8913645822685325,0.0,0.0,-0.9107999999999999,0.2376,0.0,-0.15907978101268352,0.0,0.0,-0.23911010752322315,0.0,0.0,0.9578533156778403,0.0,sine,1,0.4,0.5,22,44,1.8698086738586426,0.0
1779527397.0133872,0.0,-0.23911010752322315,0.0,0.0,0.9578533156778403,0.0,-0.0792,-1.1088000000000002,0.1584,0.0,-0.14745246172923765,0.0,0.0,-0.22863813201125718,0.0,0.0,1.0160309574109847,0.0,sine,1,0.4,0.5,22,44,1.879826545715332,0.0
1779527397.0233397,0.0,-0.22863813201125718,0.0,0.0,1.0160309574109847,0.0,0.0,-0.8316,0.2376,0.0,-0.1356644481453527,0.0,0.0,-0.2181661564992912,0.0,-0.0020777729190408684,1.0492753241156385,0.0,sine,1,0.4,0.5,22,44,1.8898568153381348,0.0
1779527397.0333426,0.0,-0.2181661564992912,0.0,-0.0020777729190408684,1.0492753241156385,0.0,-0.0396,-0.4356,0.2376,0.0,-0.123834615094807,0.0,0.0,-0.2059488517353309,0.0,-0.0020777729190408684,1.0845974637393332,0.0,sine,1,0.4,0.5,22,44,1.8998093605041504,0.0
1779527397.0433414,0.0,-0.2059488517353309,0.0,-0.0020777729190408684,1.0845974637393332,0.0,0.0,0.2376,-0.27720000000000006,0.0,-0.11182303440430846,0.0,0.0,-0.1954768762233649,0.0,0.0,1.1074529658487828,0.0,sine,1,0.4,0.5,22,44,1.9098122119903564,0.0
1779527397.053344,0.0,-0.1954768762233649,0.0,0.0,1.1074529658487828,0.0,-0.0396,0.396,0.1584,0.0,-0.09970596747549508,0.0,0.0,-0.18500490071139894,0.0,0.0,1.1240751492011098,0.0,sine,1,0.4,0.5,22,44,1.9198110103607178,0.0
1779527397.0633934,0.0,-0.18500490071139894,0.0,0.0,1.1240751492011098,0.0,-0.1188,-0.0792,0.1188,0.0,-0.0874858488155793,0.0,0.0,-0.17453292519943295,0.0,0.0,1.0326531407633115,0.0,sine,1,0.4,0.5,22,44,1.9298136234283447,0.0
1779527397.073375,0.0,-0.17453292519943295,0.0,0.0,1.0326531407633115,0.0,0.0,-1.1088000000000002,0.4356,0.0,-0.07512167005219689,0.0,0.0,-0.16231562043547265,0.0,0.0,1.105375192929742,0.0,sine,1,0.4,0.5,22,44,1.9398629665374756,0.0
1779527397.08338,0.0,-0.16231562043547265,0.0,0.0,1.105375192929742,0.0,-0.1188,-1.584,0.1584,0.0,-0.06276665723903983,0.0,0.0,-0.1518436449235067,0.0,0.0,1.1469306513105593,0.0,sine,1,0.4,0.5,22,44,1.9498445987701416,0.0
1779527397.0933979,0.0,-0.1518436449235067,0.0,0.0,1.1469306513105593,0.0,0.0,-1.8612000000000002,0.198,0.0,-0.05032080068648004,0.0,0.0,-0.13962634015954636,0.0,0.0,1.169786153420009,0.0020777729190408684,sine,1,0.4,0.5,22,44,1.9598495960235596,0.0
1779527397.1034787,0.0,-0.13962634015954636,0.0,0.0,1.169786153420009,0.0020777729190408684,-0.1188,-1.2276,0.198,0.0,-0.03780912770165315,0.0,0.0,-0.12915436464758037,0.0,0.0,1.0908307824964558,0.0,sine,1,0.4,0.5,22,44,1.969867467880249,0.0
1779527397.1133509,0.0,-0.12915436464758037,0.0,0.0,1.0908307824964558,0.0,0.0,-0.9107999999999999,0.4356,0.0,-0.025181069687775948,0.0,0.0,-0.11693705988362009,0.0,0.0,1.1739416992580907,0.0,sine,1,0.4,0.5,22,44,1.9799482822418213,0.0
1779527397.1233206,0.0,-0.11693705988362009,0.0,0.0,1.1739416992580907,0.0,0.0,-0.6336,-0.198,0.0,-0.012789781355182989,0.0,0.0,-0.10471975511965977,0.0,0.0,1.2279637951531532,0.0,sine,1,0.4,0.5,22,44,1.9898204803466797,0.0
1779527397.1336126,0.0,-0.10471975511965977,0.0,0.0,1.2279637951531532,0.0,-0.0792,-0.6732,0.1584,0.0,-0.00026365292882713425,0.0,0.0,-0.10471975511965977,0.0,0.0,1.2279637951531532,0.0,sine,1,0.4,0.5,22,44,1.9997901916503906,0.0
1779527397.1433141,0.0,-0.10471975511965977,0.0,0.0,1.2279637951531532,0.0,-0.0792,-0.6732,0.1584,0.0,0.012667604168337059,0.0,0.0,-0.08203047484373349,0.0,0.0020777729190408684,1.1074529658487828,0.0020777729190408684,sine,1,0.4,0.5,22,44,2.010082244873047,0.0
1779527397.1534803,0.0,-0.08203047484373349,0.0,0.0020777729190408684,1.1074529658487828,0.0020777729190408684,0.0,0.0,-0.396,0.0,0.024844972036173057,0.0,0.0,-0.07155849933176751,0.0,0.0,1.1074529658487828,0.0,sine,1,0.4,0.5,22,44,2.0197837352752686,0.0
1779527397.163364,0.0,-0.07155849933176751,0.0,0.0,1.1074529658487828,0.0,0.0,-0.6732,0.198,0.0,0.03758065111627057,0.0,0.0,-0.061086523819801536,0.0,0.0020777729190408684,1.1136862846059055,0.0,sine,1,0.4,0.5,22,44,2.029949903488159,0.0
1779527397.173371,0.0,-0.061086523819801536,0.0,0.0020777729190408684,1.1136862846059055,0.0,0.0396,-1.1088000000000002,-0.3168,0.0,0.04992576330793166,0.0,0.0,-0.048869219055841226,0.0,0.0,1.2196527034769897,0.0,sine,1,0.4,0.5,22,44,2.0398335456848145,0.0
1779527397.183382,0.0,-0.048869219055841226,0.0,0.0,1.2196527034769897,0.0,-0.0396,-0.8712,-0.35639999999999994,0.0,0.062376046461044214,0.0,0.0,-0.03490658503988659,0.0,0.0,1.3048413931576652,0.0,sine,1,0.4,0.5,22,44,2.0498406887054443,0.0
1779527397.1934955,0.0,-0.03490658503988659,0.0,0.0,1.3048413931576652,0.0,-0.0396,-0.0792,-0.2376,0.0,0.07476939322544311,0.0,0.0,-0.020943951023931956,0.0,0.0,1.3297746681861558,0.0,sine,1,0.4,0.5,22,44,2.05985164642334,0.0
1779527397.203505,0.0,-0.020943951023931956,0.0,0.0,1.3297746681861558,0.0,-0.0396,0.0,-0.27720000000000006,0.0,0.08721452520394524,0.0,0.0,-0.008726646259971648,0.0,0.0,1.3318524411051966,0.0020777729190408684,sine,1,0.4,0.5,22,44,2.069965124130249,0.0
1779527397.2133453,0.0,-0.008726646259971648,0.0,0.0,1.3318524411051966,0.0020777729190408684,0.0,0.0396,-0.35639999999999994,0.0,0.09944510123492786,0.0,0.0,0.003490658503988659,0.0,0.0,1.3214635765099922,0.0,sine,1,0.4,0.5,22,44,2.07997465133667,0.0
1779527397.2233515,0.0,0.003490658503988659,0.0,0.0,1.3214635765099922,0.0,0.0,0.2376,-0.27720000000000006,0.0,0.11137305750008515,0.0,0.0,0.015707963267948967,0.0,0.0,1.3027636202386246,0.0,sine,1,0.4,0.5,22,44,2.0898149013519287,0.0
1779527397.2333984,0.0,0.015707963267948967,0.0,0.0,1.3027636202386246,0.0,0.0,0.4752,-0.3168,0.0,0.12339295785028084,0.0,0.0,0.027925268031909273,0.0,-0.0020777729190408684,1.2902969827243793,0.0,sine,1,0.4,0.5,22,44,2.099821090698242,0.0
1779527397.2434444,0.0,0.027925268031909273,0.0,-0.0020777729190408684,1.2902969827243793,0.0,0.0396,-0.0396,-0.396,0.0,0.13533914550569304,0.0,0.0,0.04188790204786391,0.0,0.0020777729190408684,1.2757525722910932,0.0,sine,1,0.4,0.5,22,44,2.109868049621582,0.0
1779527397.2533398,0.0,0.04188790204786391,0.0,0.0020777729190408684,1.2757525722910932,0.0,-0.1188,0.0396,-0.2376,0.0,0.14714939814117944,0.0,0.0,0.05235987755982988,0.0,0.0,1.184330563853295,0.0020777729190408684,sine,1,0.4,0.5,22,44,2.1199140548706055,0.0
1779527397.2633517,0.0,0.05235987755982988,0.0,0.0,1.184330563853295,0.0020777729190408684,0.0,-0.1188,-0.396,0.0,0.15863928820784076,0.0,0.0,0.06457718232379019,0.0,0.0020777729190408684,1.232119340991235,0.0,sine,1,0.4,0.5,22,44,2.1298093795776367,0.0
1779527397.2733996,0.0,0.06457718232379019,0.0,0.0020777729190408684,1.232119340991235,0.0,-0.1188,-0.2376,-0.3168,0.0,0.17010849062101152,0.0,0.0,0.07853981633974483,0.0,0.0,1.2570526160197253,0.0,sine,1,0.4,0.5,22,44,2.1398212909698486,0.0
1779527397.2834826,0.0,0.07853981633974483,0.0,0.0,1.2570526160197253,0.0,-0.0396,-0.1584,-0.27720000000000006,0.0,0.18144973548935953,0.0,0.0,0.09075712110370514,0.0,0.0,1.2528970701816435,0.0,sine,1,0.4,0.5,22,44,2.149869203567505,0.0
1779527397.2933857,0.0,0.09075712110370514,0.0,0.0,1.2528970701816435,0.0,-0.1188,0.0396,-0.2376,0.0,0.19264879015342848,0.0,0.0,0.10122909661567113,0.0,0.0,1.1386195596343958,0.0020777729190408684,sine,1,0.4,0.5,22,44,2.159952163696289,0.0
1779527397.3033504,0.0,0.10122909661567113,0.0,0.0,1.1386195596343958,0.0020777729190408684,0.0396,0.0,-0.4752,0.0,0.2034600927331229,0.0,0.0,0.11344640137963143,0.0,0.0,1.1780972450961724,0.0,sine,1,0.4,0.5,22,44,2.1698553562164307,0.0
1779527397.3133633,0.0,0.11344640137963143,0.0,0.0,1.1780972450961724,0.0,-0.0792,-0.198,-0.4356,0.0,0.2141397657140361,0.0,0.0,0.12566370614359174,0.0,-0.0020777729190408684,1.2030305201246627,0.0,sine,1,0.4,0.5,22,44,2.1798200607299805,0.0
1779527397.3235347,0.0,0.12566370614359174,0.0,-0.0020777729190408684,1.2030305201246627,0.0,-0.0792,-0.1584,-0.396,0.0,0.22465967325848066,0.0,0.0,0.13613568165555773,0.0,0.0,1.1282306950391916,0.0,sine,1,0.4,0.5,22,44,2.189832925796509,0.0
1779527397.3340368,0.0,0.13613568165555773,0.0,0.0,1.1282306950391916,0.0,0.0,-1.1483999999999999,-0.396,0.0,0.23511851232107694,0.0,0.0,0.14835298641951802,0.0,0.0,1.1656306075819272,0.0,sine,1,0.4,0.5,22,44,2.2000043392181396,0.0
1779527397.3433707,0.0,0.14835298641951802,0.0,0.0,1.1656306075819272,0.0,0.0,-1.2672,-0.3168,0.0,0.24566537372325647,0.0,0.0,0.16057029118347835,0.0,0.0,1.184330563853295,-0.0020777729190408684,sine,1,0.4,0.5,22,44,2.2105064392089844,0.0
1779527397.3533843,0.0,0.16057029118347835,0.0,0.0,1.184330563853295,-0.0020777729190408684,0.0396,-1.782,-0.396,0.0,0.2548149219464488,0.0,0.0,0.17278759594743864,0.0,0.0,1.184330563853295,0.0,sine,1,0.4,0.5,22,44,2.2198402881622314,0.0
1779527397.3633394,0.0,0.17278759594743864,0.0,0.0,1.184330563853295,0.0,0.1188,-2.0592,-0.396,0.0,0.2643869721538649,0.0,0.0,0.18151424220741028,0.0,-0.0020777729190408684,1.0638197345489246,0.0,sine,1,0.4,0.5,22,44,2.229853868484497,0.0
1779527397.3733575,0.0,0.18151424220741028,0.0,-0.0020777729190408684,1.0638197345489246,0.0,0.0,-2.0592,-0.2376,0.0,0.2736438609594544,0.0,0.0,0.19198621771937624,0.0,0.0,1.0243420490871482,0.0,sine,1,0.4,0.5,22,44,2.239809036254883,0.0
1779527397.3833477,0.0,0.19198621771937624,0.0,0.0,1.0243420490871482,0.0,-0.0792,-0.6336,-0.396,0.0,0.28268907723242,0.0,0.0,0.20245819323134226,0.0,0.0020777729190408684,1.0534308699537203,0.0,sine,1,0.4,0.5,22,44,2.2498271465301514,0.0
1779527397.3933456,0.0,0.20245819323134226,0.0,0.0020777729190408684,1.0534308699537203,0.0,-0.198,0.3168,0.27720000000000006,0.0,0.2914302926475723,0.0,0.0,0.21467549799530256,0.0,0.0,1.086675236658374,0.0,sine,1,0.4,0.5,22,44,2.259817361831665,0.0
1779527397.4035366,0.0,0.21467549799530256,0.0,0.0,1.086675236658374,0.0,-0.0792,0.3168,-0.2376,0.0,0.2998908085639846,0.0,0.0,0.22514747350726852,0.0,-0.0020777729190408684,1.0783641449822108,0.0,sine,1,0.4,0.5,22,44,2.26981520652771,0.0
1779527397.4135041,0.0,0.22514747350726852,0.0,-0.0020777729190408684,1.0783641449822108,0.0,-0.1188,-0.8316,-0.27720000000000006,0.0,0.3082102395064073,0.0,0.0,0.23387411976724018,0.0,-0.0020777729190408684,0.9848643636253717,0.0,sine,1,0.4,0.5,22,44,2.280006170272827,0.0
1779527397.4233713,0.0,0.23387411976724018,0.0,-0.0020777729190408684,0.9848643636253717,0.0,0.0,-1.782,-0.27720000000000006,0.0,0.31604177514960274,0.0,0.0,0.24434609527920614,0.0,-0.004155545838081737,1.0077198657348212,-0.004155545838081737,sine,1,0.4,0.5,22,44,2.289973735809326,0.0
1779527397.43336,0.0,0.24434609527920614,0.0,-0.004155545838081737,1.0077198657348212,-0.004155545838081737,0.0,-1.6236000000000002,-0.27720000000000006,0.0,0.32348926091272534,0.0,0.0,0.25481807079117214,0.0,-0.0020777729190408684,1.0035643198967394,0.0020777729190408684,sine,1,0.4,0.5,22,44,2.2998409271240234,0.0
1779527397.4433544,0.0,0.25481807079117214,0.0,-0.0020777729190408684,1.0035643198967394,0.0020777729190408684,0.0,-0.27720000000000006,-0.35639999999999994,0.0,0.33071190197177613,0.0,0.0,0.2635447170511438,0.0,0.0,0.9765532719492082,0.0,sine,1,0.4,0.5,22,44,2.3098297119140625,0.0
1779527397.4533534,0.0,0.2635447170511438,0.0,0.0,0.9765532719492082,0.0,0.0,-0.4356,0.396,0.0,0.33761259751953987,0.0,0.0,0.27401669256310973,0.0,0.0,0.9433089052445542,0.0,sine,1,0.4,0.5,22,44,2.319823980331421,0.0
1779527397.4633868,0.0,0.27401669256310973,0.0,0.0,0.9433089052445542,0.0,0.0,-0.8712,-0.35639999999999994,0.0,0.3441835451254829,0.0,0.0,0.28274333882308134,0.0,0.0020777729190408684,0.9100645385399003,0.0,sine,1,0.4,0.5,22,44,2.3298230171203613,0.0
1779527397.4734695,0.0,0.28274333882308134,0.0,0.0020777729190408684,0.9100645385399003,0.0,-0.0396,-1.5048000000000001,0.35639999999999994,0.0,0.35043569404540964,0.0,0.0,0.291469985083053,0.0,0.0,0.8768201718352464,0.0,sine,1,0.4,0.5,22,44,2.3398563861846924,0.0
1779527397.4835117,0.0,0.291469985083053,0.0,0.0,0.8768201718352464,0.0,-0.0792,0.0,-0.4356,0.0,0.3563678641299224,0.0,0.0,0.30019663134302466,0.0,0.0,0.8498091238877151,0.0,sine,1,0.4,0.5,22,44,2.3499391078948975,0.0
1779527397.493315,0.0,0.30019663134302466,0.0,0.0,0.8498091238877151,0.0,-0.0792,-0.9107999999999999,-0.4356,0.0,0.36192081409492005,0.0,0.0,0.30717794835100204,0.0,0.0,0.8227980759401838,0.0,sine,1,0.4,0.5,22,44,2.3599812984466553,0.0
1779527397.5033412,0.0,0.30717794835100204,0.0,0.0,0.8227980759401838,0.0,-0.0792,-1.7424,-0.396,0.0,0.36699426318057093,0.0,0.0,0.31590459461097364,0.0,0.0,0.7853981633974483,0.0,sine,1,0.4,0.5,22,44,2.3697845935821533,0.0
1779527397.5133882,0.0,0.31590459461097364,0.0,0.0,0.7853981633974483,0.0,0.0,0.1188,-0.4752,0.0,0.37182300961441456,0.0,0.0,0.32288591161895097,0.0,0.0,0.7604648883689579,-0.0020777729190408684,sine,1,0.4,0.5,22,44,2.3798108100891113,0.0
1779527397.523356,0.0,0.32288591161895097,0.0,0.0,0.7604648883689579,-0.0020777729190408684,-0.0792,-1.3860000000000001,-0.35639999999999994,0.0,0.3762917264593822,0.0,0.0,0.3298672286269283,0.0,0.0,0.7209872029071813,0.0,sine,1,0.4,0.5,22,44,2.389857769012451,0.0
1779527397.5333834,0.0,0.3298672286269283,0.0,0.0,0.7209872029071813,0.0,-0.0792,-0.9107999999999999,-0.35639999999999994,0.0,0.3803548155143418,0.0,0.0,0.3368485456349056,0.0,0.0,0.6898206091215683,0.0,sine,1,0.4,0.5,22,44,2.3998255729675293,0.0
1779527397.5434983,0.0,0.3368485456349056,0.0,0.0,0.6898206091215683,0.0,0.0,-0.5544000000000001,-0.35639999999999994,0.0,0.38406589002637287,0.0,0.0,0.34382986264288296,0.0,-0.0020777729190408684,0.6461873778217101,0.0,sine,1,0.4,0.5,22,44,2.409852981567383,0.0
1779527397.5533788,0.0,0.34382986264288296,0.0,-0.0020777729190408684,0.6461873778217101,0.0,0.0,-1.4652,-0.4356,0.0,0.3874232276230665,0.0,0.0,0.3490658503988659,0.0,0.0,0.6170985569551379,0.0,sine,1,0.4,0.5,22,44,2.4199678897857666,0.0
1779527397.5633793,0.0,0.3490658503988659,0.0,0.0,0.6170985569551379,0.0,0.0,-0.6732,0.5148,0.0,0.3903251118079201,0.0,0.0,0.35430183815484895,0.0,0.0,0.5817764173314431,0.0,sine,1,0.4,0.5,22,44,2.4298484325408936,0.0
1779527397.573342,0.0,0.35430183815484895,0.0,0.0,0.5817764173314431,0.0,-0.0396,-1.1088000000000002,0.396,0.0,0.3928792764235965,0.0,0.0,0.35953782591083194,0.0,-0.0020777729190408684,0.5132099110030945,0.0,sine,1,0.4,0.5,22,44,2.4398488998413086,0.0
1779527397.5834842,0.0,0.35953782591083194,0.0,-0.0020777729190408684,0.5132099110030945,0.0,0.0,-1.3860000000000001,0.396,0.0,0.39503825025454664,0.0,0.0,0.3647738136668149,0.0,0.0,0.4758099984603589,0.0,sine,1,0.4,0.5,22,44,2.4498116970062256,0.0
1779527397.593358,0.0,0.3647738136668149,0.0,0.0,0.4758099984603589,0.0,-0.0792,0.5544000000000001,-0.35639999999999994,0.0,0.39683859754613815,0.0,0.0,0.36826447217080355,0.0,0.0,0.45503226926995016,0.0,sine,1,0.4,0.5,22,44,2.459953784942627,0.0
1779527397.6033838,0.0,0.36826447217080355,0.0,0.0,0.45503226926995016,0.0,-0.0396,-1.2276,0.396,0.0,0.39820434559325835,0.0,0.0,0.3735004599267866,0.0,0.0,0.4363323129985824,0.0,sine,1,0.4,0.5,22,44,2.469827651977539,0.0
1779527397.6133866,0.0,0.3735004599267866,0.0,0.0,0.4363323129985824,0.0,-0.0792,-0.99,0.5148,0.0,0.3991990809114475,0.0,0.0,0.37699111843077515,0.0,0.0,0.3885435358606424,0.0,sine,1,0.4,0.5,22,44,2.479853391647339,0.0
1779527397.6234992,0.0,0.37699111843077515,0.0,0.0,0.3885435358606424,0.0,0.0,0.3168,0.5148,0.0,0.3997969090133888,0.0,0.0,0.38048177693476387,0.0,0.0020777729190408684,0.3594547149940702,0.0,sine,1,0.4,0.5,22,44,2.489856243133545,0.0
1779527397.6333039,0.0,0.38048177693476387,0.0,0.0020777729190408684,0.3594547149940702,0.0,0.0,-1.0692,0.5148,0.0,0.39999999807446013,0.0,0.0,0.3839724354387525,0.0,0.0,0.3137437107751711,0.0,sine,1,0.4,0.5,22,44,2.4999687671661377,0.0
1779527397.6434271,0.0,0.3839724354387525,0.0,0.0,0.3137437107751711,0.0,0.0,-1.6236000000000002,0.5544000000000001,0.0,0.39981146359696856,0.0,0.0,0.38571776469074687,0.0,0.0,0.2742660253133946,0.0,sine,1,0.4,0.5,22,44,2.5097734928131104,0.0
1779527397.6533403,0.0,0.38571776469074687,0.0,0.0,0.2742660253133946,0.0,-0.0396,-0.5148,-0.4356,0.0,0.3992188176388562,0.0,0.0,0.3892084231947355,0.0,0.0,0.23894388568969988,0.0,sine,1,0.4,0.5,22,44,2.5198967456817627,0.0
1779527397.663393,0.0,0.3892084231947355,0.0,0.0,0.23894388568969988,0.0,0.0,0.198,0.4752,0.0,0.3982471899627429,0.0,0.0,0.3909537524467298,0.0,0.0,0.19946620022792336,0.0,sine,1,0.4,0.5,22,44,2.5298099517822266,0.0
1779527397.673363,0.0,0.3909537524467298,0.0,0.0,0.19946620022792336,0.0,-0.0792,0.0396,0.4752,0.0,0.3968674786913904,0.0,0.0,0.39269908169872414,0.0,0.0,0.157910741847106,0.0,sine,1,0.4,0.5,22,44,2.539862632751465,0.0
1779527397.683414,0.0,0.39269908169872414,0.0,0.0,0.157910741847106,0.0,-0.0396,-0.2376,0.396,0.0,0.3951081927541328,0.0,0.0,0.39269908169872414,0.0,0.0,0.12674414806149298,-0.0020777729190408684,sine,1,0.4,0.5,22,44,2.549832582473755,0.0
1779527397.6933804,0.0,0.39269908169872414,0.0,0.0,0.12674414806149298,-0.0020777729190408684,0.0,1.0692,-0.4356,0.0,0.3929422840530199,0.0,0.0,0.39444441095071847,0.0,0.0,0.09557755427587994,0.0,sine,1,0.4,0.5,22,44,2.5598835945129395,0.0
1779527397.7033713,0.0,0.39444441095071847,0.0,0.0,0.09557755427587994,0.0,0.0,1.3068,0.5148,0.0,0.39040778922810004,0.0,0.0,0.39444441095071847,0.0,0.0,0.06233318757122605,0.0,sine,1,0.4,0.5,22,44,2.569849967956543,0.0
1779527397.7133725,0.0,0.39444441095071847,0.0,0.0,0.06233318757122605,0.0,0.0,1.5444,0.6336,0.0,0.3874829373242174,0.0,0.0,0.39444441095071847,0.0,0.0,0.01246663751424521,0.0,sine,1,0.4,0.5,22,44,2.579840898513794,0.0
1779527397.723384,0.0,0.39444441095071847,0.0,0.0,0.01246663751424521,0.0,0.0,1.4652,0.4356,0.0,0.3841727918834007,0.0,0.0,0.39444441095071847,0.0,0.0,-0.0020777729190408684,0.0,sine,1,0.4,0.5,22,44,2.5898420810699463,0.0
1779527397.733381,0.0,0.39444441095071847,0.0,0.0,-0.0020777729190408684,0.0,0.0,1.7424,0.5148,0.0,0.3804794493692454,0.0,0.0,0.39444441095071847,0.0,0.0,-0.02701104794753129,0.0,sine,1,0.4,0.5,22,44,2.599853515625,0.0
1779527397.743384,0.0,0.39444441095071847,0.0,0.0,-0.02701104794753129,0.0,0.0,1.8612000000000002,0.6336,0.0,0.37641584215880186,0.0,0.0,0.39269908169872414,0.0,0.0,-0.09765532719492082,0.0,sine,1,0.4,0.5,22,44,2.6098506450653076,0.0
1779527397.753344,0.0,0.39269908169872414,0.0,0.0,-0.09765532719492082,0.0,0.0,1.584,0.4752,0.0,0.3719783273036137,0.0,0.0,0.3909537524467298,0.0,0.0,-0.1495996501709425,-0.0020777729190408684,sine,1,0.4,0.5,22,44,2.6198534965515137,0.0
1779527397.7633421,0.0,0.3909537524467298,0.0,0.0,-0.1495996501709425,-0.0020777729190408684,0.0,0.5940000000000001,0.4356,0.0,0.36719477867258515,0.0,0.0,0.3892084231947355,0.0,0.0,-0.19531065438984163,0.0,sine,1,0.4,0.5,22,44,2.6298136711120605,0.0
1779527397.7733233,0.0,0.3892084231947355,0.0,0.0,-0.19531065438984163,0.0,0.0,0.5544000000000001,0.6336,0.0,0.36203147859710394,0.0,0.0,0.3874630939427412,0.0,0.0,-0.2036217460660051,0.0,sine,1,0.4,0.5,22,44,2.6398117542266846,0.0
1779527397.7833433,0.0,0.3874630939427412,0.0,0.0,-0.2036217460660051,0.0,0.0396,0.5940000000000001,-0.5544000000000001,0.0,0.3565206795665554,0.0,0.0,0.38571776469074687,0.0,0.0,-0.22647724817545464,0.0020777729190408684,sine,1,0.4,0.5,22,44,2.6497929096221924,0.0
1779527397.7933462,0.0,0.38571776469074687,0.0,0.0,-0.22647724817545464,0.0020777729190408684,-0.0396,1.3068,0.6732,0.0,0.3506358633609191,0.0,0.0,0.3822271061867582,0.0,0.0,-0.299199300341885,0.0,sine,1,0.4,0.5,22,44,2.6598129272460938,0.0
1779527397.8033586,0.0,0.3822271061867582,0.0,0.0,-0.299199300341885,0.0,0.0,1.8215999999999999,0.5940000000000001,0.0,0.34441459585140255,0.0,0.0,0.3787364476827696,0.0,0.0,-0.35529916915598847,0.0,sine,1,0.4,0.5,22,44,2.6698157787323,0.0
1779527397.8133934,0.0,0.3787364476827696,0.0,0.0,-0.35529916915598847,0.0,0.0396,0.5940000000000001,0.5148,0.0,0.33784682301031227,0.0,0.0,0.3752457891787808,0.0,0.0,-0.40308794629392847,0.0,sine,1,0.4,0.5,22,44,2.67982816696167,0.0
1779527397.8233435,0.0,0.3752457891787808,0.0,0.0,-0.40308794629392847,0.0,0.0,0.8316,0.7127999999999999,0.0,0.3309289905536773,0.0,0.0,0.3700098014227979,0.0,0.0,-0.3739991254273563,0.0,sine,1,0.4,0.5,22,44,2.6898629665374756,0.0
1779527397.833363,0.0,0.3700098014227979,0.0,0.0,-0.3739991254273563,0.0,0.1188,2.0988,0.4752,0.0,0.3237447721071207,0.0,0.0,0.3665191429188092,0.0,0.0,-0.4612655880270728,-0.0020777729190408684,sine,1,0.4,0.5,22,44,2.6998131275177,0.0
1779527397.8433545,0.0,0.3665191429188092,0.0,0.0,-0.4612655880270728,-0.0020777729190408684,0.0792,0.27720000000000006,-0.396,0.0,0.31619084043233897,0.0,0.0,0.3612831551628263,0.0,0.0,-0.5111321380840537,0.0020777729190408684,sine,1,0.4,0.5,22,44,2.7098326683044434,0.0
1779527397.8533478,0.0,0.3612831551628263,0.0,0.0,-0.5111321380840537,0.0020777729190408684,0.1188,1.3464,0.6336,0.0,0.3083461672629304,0.0,0.0,0.3560471674068433,0.0,-0.0020777729190408684,-0.5568431423029527,0.0,sine,1,0.4,0.5,22,44,2.7198240756988525,0.0
1779527397.8633597,0.0,0.3560471674068433,0.0,-0.0020777729190408684,-0.5568431423029527,0.0,-0.0792,0.7524000000000001,0.4752,0.0,0.3001961323077092,0.0,0.0,0.3490658503988659,0.0,0.0,-0.583854190250484,0.0,sine,1,0.4,0.5,22,44,2.7298173904418945,0.0
1779527397.8733902,0.0,0.3490658503988659,0.0,0.0,-0.583854190250484,0.0,0.0792,1.0296,-0.4752,0.0,0.2917342482504359,0.0,0.0,0.34382986264288296,0.0,0.0,-0.6170985569551379,-0.0020777729190408684,sine,1,0.4,0.5,22,44,2.7398293018341064,0.0
1779527397.883355,0.0,0.34382986264288296,0.0,0.0,-0.6170985569551379,-0.0020777729190408684,0.0792,0.99,-0.4356,0.0,0.28296725470154876,0.0,0.0,0.3368485456349056,0.0,0.0,-0.6524206965788326,0.0,sine,1,0.4,0.5,22,44,2.7498598098754883,0.0
1779527397.893441,0.0,0.3368485456349056,0.0,0.0,-0.6524206965788326,0.0,0.0396,1.2276,-0.5544000000000001,0.0,0.27397955416892733,0.0,0.0,0.3298672286269283,0.0,0.0,-0.6835872903644457,0.0,sine,1,0.4,0.5,22,44,2.759824514389038,0.0
1779527397.903402,0.0,0.3298672286269283,0.0,0.0,-0.6835872903644457,0.0,0.0396,0.5940000000000001,0.4752,0.0,0.2646090302285002,0.0,0.0,0.32288591161895097,0.0,0.0,-0.7126761112310178,0.0,sine,1,0.4,0.5,22,44,2.7699105739593506,0.0
1779527397.9134464,0.0,0.32288591161895097,0.0,0.0,-0.7126761112310178,0.0,0.0792,1.1483999999999999,-0.4356,0.0,0.25509380024105677,0.0,0.0,0.31590459461097364,0.0,0.0020777729190408684,-0.7479982508547126,0.0,sine,1,0.4,0.5,22,44,2.779871702194214,0.0
1779527397.9235325,0.0,0.31590459461097364,0.0,0.0020777729190408684,-0.7479982508547126,0.0,0.1188,0.2376,-0.4356,0.0,0.24524618148840066,0.0,0.0,0.30717794835100204,0.0,0.0,-0.7708537529641621,-0.0020777729190408684,sine,1,0.4,0.5,22,44,2.7899160385131836,0.0
1779527397.9333866,0.0,0.30717794835100204,0.0,0.0,-0.7708537529641621,-0.0020777729190408684,0.1584,1.3068,-0.5148,0.0,0.23511196791472708,0.0,0.0,0.30019663134302466,0.0,-0.0020777729190408684,-0.7957870279926526,0.0,sine,1,0.4,0.5,22,44,2.800002098083496,0.0
1779527397.943381,0.0,0.30019663134302466,0.0,-0.0020777729190408684,-0.7957870279926526,0.0,0.1584,1.0296,-0.4356,0.0,0.22498280984507388,0.0,0.0,0.291469985083053,0.0,0.0,-0.8269536217782656,0.0,sine,1,0.4,0.5,22,44,2.8098561763763428,0.0
1779527397.9535198,0.0,0.291469985083053,0.0,0.0,-0.8269536217782656,0.0,0.1584,0.5544000000000001,-0.4356,0.0,0.2144891215711338,0.0,0.0,0.28274333882308134,0.0,0.0,-0.8601979884829195,0.0,sine,1,0.4,0.5,22,44,2.8198506832122803,0.0
1779527397.9633574,0.0,0.28274333882308134,0.0,0.0,-0.8601979884829195,0.0,0.0792,1.4652,-0.4356,0.0,0.20362799556920322,0.0,0.0,0.27401669256310973,0.0,0.0,-0.8913645822685325,0.0,sine,1,0.4,0.5,22,44,2.829989433288574,0.0
1779527397.973385,0.0,0.27401669256310973,0.0,0.0,-0.8913645822685325,0.0,0.0792,0.792,0.396,0.0,0.19289188185335845,0.0,0.0,0.26529004630313807,0.0,0.0,-0.9225311760541456,0.0,sine,1,0.4,0.5,22,44,2.839827060699463,0.0
1779527397.983513,0.0,0.26529004630313807,0.0,0.0,-0.9225311760541456,0.0,-0.0792,0.1584,-0.4752,0.0,0.18175886064673977,0.0,0.0,0.25656340004316647,0.0,0.0,-0.851886896806756,0.0,sine,1,0.4,0.5,22,44,2.8498547077178955,0.0
1779527397.9933429,0.0,0.25656340004316647,0.0,0.0,-0.851886896806756,0.0,0.198,1.584,0.35639999999999994,0.0,0.1703313542270961,0.0,0.0,0.24609142453120048,0.0,0.0,-0.9433089052445542,-0.0020777729190408684,sine,1,0.4,0.5,22,44,2.85998272895813,0.0
1779527398.003355,0.0,0.24609142453120048,0.0,0.0,-0.9433089052445542,-0.0020777729190408684,0.1584,0.99,-0.1584,0.0,0.15907538271523478,0.0,0.0,0.23736477827122884,0.0,0.0,-0.978631044868249,0.0,sine,1,0.4,0.5,22,44,2.869812488555908,0.0
1779527398.0133903,0.0,0.23736477827122884,0.0,0.0,-0.978631044868249,0.0,-0.198,1.2672,-0.35639999999999994,0.0,0.14745468977555792,0.0,0.0,0.22689280275926285,0.0,0.0,-1.0222642761681073,-0.0020777729190408684,sine,1,0.4,0.5,22,44,2.879824638366699,0.0
1779527398.0233433,0.0,0.22689280275926285,0.0,0.0,-1.0222642761681073,-0.0020777729190408684,0.1584,-0.0792,-0.2376,0.0,0.13566078412157673,0.0,0.0,0.21642082724729686,0.0,-0.0020777729190408684,-1.0326531407633115,0.0,sine,1,0.4,0.5,22,44,2.889859914779663,0.0
1779527398.033462,0.0,0.21642082724729686,0.0,-0.0020777729190408684,-1.0326531407633115,0.0,-0.2376,0.4752,-0.27720000000000006,0.0,0.12383034179129991,0.0,0.0,0.2059488517353309,0.0,0.0,-1.059664188710843,0.0,sine,1,0.4,0.5,22,44,2.899812936782837,0.0
1779527398.043344,0.0,0.2059488517353309,0.0,0.0,-1.059664188710843,0.0,-0.2376,0.9107999999999999,-0.396,0.0,0.11167890886190507,0.0,0.0,0.1954768762233649,0.0,0.0,-1.0845974637393332,0.0,sine,1,0.4,0.5,22,44,2.9099316596984863,0.0
1779527398.053385,0.0,0.1954768762233649,0.0,0.0,-1.0845974637393332,0.0,0.1584,0.9504,-0.396,0.0,0.09970277583672034,0.0,0.0,0.1832595714594046,0.0,0.0,-1.1095307387678237,0.0,sine,1,0.4,0.5,22,44,2.919813632965088,0.0
1779527398.063383,0.0,0.1832595714594046,0.0,0.0,-1.1095307387678237,0.0,0.0396,1.584,-0.4356,0.0,0.0874355635747329,0.0,0.0,0.17278759594743864,0.0,0.0,-1.1344640137963142,0.0,sine,1,0.4,0.5,22,44,2.92985463142395,0.0
1779527398.0735395,0.0,0.17278759594743864,0.0,0.0,-1.1344640137963142,0.0,0.0792,1.1483999999999999,-0.3168,0.0,0.0751343238204905,0.0,0.0,0.16057029118347835,0.0,0.0,-1.1490084242296001,0.0,sine,1,0.4,0.5,22,44,2.939852714538574,0.0
1779527398.0833828,0.0,0.16057029118347835,0.0,0.0,-1.1490084242296001,0.0,0.1584,0.99,-0.198,0.0,0.06256248196183509,0.0,0.0,0.15009831567151233,0.0,0.0,-1.1573195159057637,-0.0020777729190408684,sine,1,0.4,0.5,22,44,2.9500091075897217,0.0
1779527398.0933642,0.0,0.15009831567151233,0.0,0.0,-1.1573195159057637,-0.0020777729190408684,0.0792,0.99,-0.2376,0.0,0.05031723398004726,0.0,0.0,0.13788101090755203,0.0,0.0,-1.167708380500968,0.0,sine,1,0.4,0.5,22,44,2.959852457046509,0.0
1779527398.1033428,0.0,0.13788101090755203,0.0,0.0,-1.167708380500968,0.0,0.198,0.8316,-0.2376,0.0,0.037851182742488276,0.0,0.0,0.12566370614359174,0.0,-0.004155545838081737,-1.1718639263390498,0.0,sine,1,0.4,0.5,22,44,2.9698338508605957,0.0
1779527398.113368,0.0,0.12566370614359174,0.0,-0.004155545838081737,-1.1718639263390498,0.0,-0.198,0.1584,-0.0792,0.0,0.025351503862198407,0.0,0.0,0.11519173063162574,0.0,0.0,-1.1884861096913768,0.0,sine,1,0.4,0.5,22,44,2.9798123836517334,0.0
1779527398.1233773,0.0,0.11519173063162574,0.0,0.0,-1.1884861096913768,0.0,0.198,0.27720000000000006,-0.27720000000000006,0.0,0.012768220761619077,0.0,0.0,0.10297442586766545,0.0,0.0,-1.2030305201246627,0.0,sine,1,0.4,0.5,22,44,2.989837646484375,0.0
1779527398.1333601,0.0,0.10297442586766545,0.0,0.0,-1.2030305201246627,0.0,0.2376,0.2376,-0.35639999999999994,0.0,0.00019234680231831452,0.0,0.0,0.09075712110370514,0.0,0.0,-1.2196527034769897,0.0,sine,1,0.4,0.5,22,44,2.999846935272217,0.0
1779527398.1434033,0.0,0.09075712110370514,0.0,0.0,-1.2196527034769897,0.0,0.1188,0.0,-0.2376,0.0,-0.012350477007457795,0.0,0.0,0.07853981633974483,0.0,0.0,-1.2300415680721941,-0.0020777729190408684,sine,1,0.4,0.5,22,44,3.0098297595977783,0.0
1779527398.1535792,0.0,0.07853981633974483,0.0,0.0,-1.2300415680721941,-0.0020777729190408684,0.1188,0.1188,-0.27720000000000006,0.0,-0.024956807207165765,0.0,0.0,0.06632251157578452,0.0,0.0,-1.2341971139102759,0.0,sine,1,0.4,0.5,22,44,3.0198729038238525,0.0
1779527398.1633642,0.0,0.06632251157578452,0.0,0.0,-1.2341971139102759,0.0,0.1188,0.0,-0.27720000000000006,0.0,-0.03770443566307903,0.0,0.0,0.054105206811824215,0.0,0.0,-1.232119340991235,0.0,sine,1,0.4,0.5,22,44,3.0300488471984863,0.0
1779527398.1733544,0.0,0.054105206811824215,0.0,0.0,-1.232119340991235,0.0,0.1584,0.27720000000000006,-0.0792,0.0,-0.04992606057065595,0.0,0.0,0.04188790204786391,0.0,0.0,-1.2341971139102759,0.0,sine,1,0.4,0.5,22,44,3.0398337841033936,0.0
1779527398.1833909,0.0,0.04188790204786391,0.0,0.0,-1.2341971139102759,0.0,0.0792,0.2376,-0.2376,0.0,-0.06235533054727996,0.0,0.0,0.029670597283903605,0.0,0.0020777729190408684,-1.1323862408772734,0.0,sine,1,0.4,0.5,22,44,3.0498239994049072,0.0
1779527398.1934338,0.0,0.029670597283903605,0.0,0.0020777729190408684,-1.1323862408772734,0.0,-0.27720000000000006,0.4752,-0.0792,0.0,-0.07478028321864306,0.0,0.0,0.017453292519943295,0.0,0.0,-1.215497157638908,-0.0020777729190408684,sine,1,0.4,0.5,22,44,3.0598604679107666,0.0
1779527398.203341,0.0,0.017453292519943295,0.0,0.0,-1.215497157638908,-0.0020777729190408684,0.0792,0.0792,-0.2376,0.0,-0.08713879266047674,0.0,0.0,0.005235987755982989,0.0,0.0,-1.2445859785054803,0.0,sine,1,0.4,0.5,22,44,3.0699033737182617,0.0
1779527398.2133484,0.0,0.005235987755982989,0.0,0.0,-1.2445859785054803,0.0,0.1584,0.198,-0.198,0.0,-0.09924543120077632,0.0,0.0,-0.005235987755982989,0.0,0.0,-1.2757525722910932,0.0,sine,1,0.4,0.5,22,44,3.079810619354248,0.0
1779527398.2233894,0.0,-0.005235987755982989,0.0,0.0,-1.2757525722910932,0.0,0.198,-0.1584,-0.1188,0.0,-0.11137679834809532,0.0,0.0,-0.017453292519943295,0.0,0.0,-1.2653637076958888,0.0,sine,1,0.4,0.5,22,44,3.089818000793457,0.0
1779527398.2334514,0.0,-0.017453292519943295,0.0,0.0,-1.2653637076958888,0.0,0.198,0.2376,-0.198,0.0,-0.12343827100077712,0.0,0.0,-0.029670597283903605,0.0,0.0,-1.263285934776848,0.0,sine,1,0.4,0.5,22,44,3.0998589992523193,0.0
1779527398.2435424,0.0,-0.029670597283903605,0.0,0.0,-1.263285934776848,0.0,0.1188,0.396,-0.198,0.0,-0.1354017332520128,0.0,0.0,-0.04363323129985824,0.0,0.0,-1.2528970701816435,-0.0020777729190408684,sine,1,0.4,0.5,22,44,3.1099209785461426,0.0
1779527398.2533622,0.0,-0.04363323129985824,0.0,0.0,-1.2528970701816435,-0.0020777729190408684,0.1188,0.5148,-0.0792,0.0,-0.1472638941360505,0.0,0.0,-0.05585053606381855,0.0,0.0,-1.2425082055864394,0.0,sine,1,0.4,0.5,22,44,3.120012044906616,0.0
1779527398.263377,0.0,-0.05585053606381855,0.0,0.0,-1.2425082055864394,0.0,0.0,0.8316,-0.1584,0.0,-0.15866514116597596,0.0,0.0,-0.06632251157578452,0.0,0.0,-1.1448528783915184,0.0,sine,1,0.4,0.5,22,44,3.1298317909240723,0.0
1779527398.2733402,0.0,-0.06632251157578452,0.0,0.0,-1.1448528783915184,0.0,0.2376,1.3068,-0.1188,0.0,-0.1701372333468375,0.0,0.0,-0.07853981633974483,0.0,0.0,-1.2175749305579489,0.0,sine,1,0.4,0.5,22,44,3.1398465633392334,0.0
1779527398.28334,0.0,-0.07853981633974483,0.0,0.0,-1.2175749305579489,0.0,0.0396,1.0692,-0.0792,0.0,-0.1813832477321627,0.0,0.0,-0.09075712110370514,0.0,0.0,-1.2300415680721941,0.0,sine,1,0.4,0.5,22,44,3.1498098373413086,0.0
1779527398.29346,0.0,-0.09075712110370514,0.0,0.0,-1.2300415680721941,0.0,0.1584,1.4652,-0.0792,0.0,-0.19249175511190894,0.0,0.0,-0.10297442586766545,0.0,0.0020777729190408684,-1.2362748868293167,-0.0020777729190408684,sine,1,0.4,0.5,22,44,3.1598095893859863,0.0
1779527398.303341,0.0,-0.10297442586766545,0.0,0.0020777729190408684,-1.2362748868293167,-0.0020777729190408684,0.1188,1.4652,0.1188,0.0,-0.2035403104171837,0.0,0.0,-0.11519173063162574,0.0,-0.0020777729190408684,-1.213419384719867,0.0,sine,1,0.4,0.5,22,44,3.1699295043945312,0.0
1779527398.3133647,0.0,-0.11519173063162574,0.0,-0.0020777729190408684,-1.213419384719867,0.0,0.198,1.584,-0.0396,0.0,-0.21412964337376184,0.0,0.0,-0.12740903539558607,0.0,-0.0020777729190408684,-1.2051082930437036,0.0,sine,1,0.4,0.5,22,44,3.1798105239868164,0.0
1779527398.3233414,0.0,-0.12740903539558607,0.0,-0.0020777729190408684,-1.2051082930437036,0.0,-0.1584,1.2276,-0.3168,0.0,-0.22466116057429822,0.0,0.0,-0.13962634015954636,0.0,0.0,-1.1905638826104177,-0.0020777729190408684,sine,1,0.4,0.5,22,44,3.1898343563079834,0.0
1779527398.333483,0.0,-0.13962634015954636,0.0,0.0,-1.1905638826104177,-0.0020777729190408684,0.1188,1.3068,0.1188,0.0,-0.23492189582252332,0.0,0.0,-0.15009831567151233,0.0,0.0,-1.1760194721771315,0.0,sine,1,0.4,0.5,22,44,3.1998109817504883,0.0
1779527398.3433702,0.0,-0.15009831567151233,0.0,0.0,-1.1760194721771315,0.0,0.1188,1.5048000000000001,-0.1584,0.0,-0.24511574637792083,0.0,0.0,-0.16231562043547265,0.0,0.0,-1.1718639263390498,0.0,sine,1,0.4,0.5,22,44,3.2099525928497314,0.0
1779527398.353389,0.0,-0.16231562043547265,0.0,0.0,-1.1718639263390498,0.0,0.1188,1.3464,-0.0396,0.0,-0.2548144600543775,0.0,0.0,-0.17453292519943295,0.0,0.0020777729190408684,-1.153163970067682,0.0,sine,1,0.4,0.5,22,44,3.2198398113250732,0.0
1779527398.36346,0.0,-0.17453292519943295,0.0,0.0020777729190408684,-1.153163970067682,0.0,0.0396,1.0692,-0.0396,0.0,-0.2643914686928052,0.0,0.0,-0.1832595714594046,0.0,0.0,-1.0492753241156385,0.0,sine,1,0.4,0.5,22,44,3.229858636856079,0.0
1779527398.3735113,0.0,-0.1832595714594046,0.0,0.0,-1.0492753241156385,0.0,0.1188,0.5940000000000001,0.0,0.0,-0.2737544155112627,0.0,0.0,-0.1954768762233649,0.0,0.0,-1.088753009577415,0.0,sine,1,0.4,0.5,22,44,3.239929676055908,0.0
1779527398.3833625,0.0,-0.1954768762233649,0.0,0.0,-1.088753009577415,0.0,0.0396,-0.198,0.0792,0.0,-0.2828257637134541,0.0,0.0,-0.2059488517353309,0.0,0.0,-1.07628637206317,0.0,sine,1,0.4,0.5,22,44,3.249980926513672,0.0
1779527398.3933442,0.0,-0.2059488517353309,0.0,0.0,-1.07628637206317,0.0,0.0,0.3168,-0.0792,0.0,-0.29144301593874594,0.0,0.0,-0.21467549799530256,0.0,0.0,-0.9869421365444124,0.0,sine,1,0.4,0.5,22,44,3.2598321437835693,0.0
1779527398.403387,0.0,-0.21467549799530256,0.0,0.0,-0.9869421365444124,0.0,0.1584,1.2276,0.0,0.0,-0.29988961898181493,0.0,0.0,-0.22514747350726852,0.0,0.0,-1.0181087303300256,0.0,sine,1,0.4,0.5,22,44,3.2698137760162354,0.0
1779527398.4133415,0.0,-0.22514747350726852,0.0,0.0,-1.0181087303300256,0.0,0.1584,1.3464,0.1584,0.0,-0.30809046649438926,0.0,0.0,-0.23561944901923448,0.0,-0.0020777729190408684,-1.0222642761681073,0.0,sine,1,0.4,0.5,22,44,3.2798566818237305,0.0
1779527398.423355,0.0,-0.23561944901923448,0.0,-0.0020777729190408684,-1.0222642761681073,0.0,-0.0792,1.1088000000000002,-0.0792,0.0,-0.31591648466660854,0.0,0.0,-0.24434609527920614,0.0,0.0,-0.9433089052445542,0.0,sine,1,0.4,0.5,22,44,3.289811134338379,0.0
1779527398.433376,0.0,-0.24434609527920614,0.0,0.0,-0.9433089052445542,0.0,0.1188,0.0792,0.0,0.0,-0.32347727720163694,0.0,0.0,-0.25481807079117214,0.0,0.0,-0.9703199531920855,0.0,sine,1,0.4,0.5,22,44,3.2998247146606445,0.0
1779527398.4433784,0.0,-0.25481807079117214,0.0,0.0,-0.9703199531920855,0.0,0.0396,0.6336,0.0396,0.0,-0.33072319345944295,0.0,0.0,-0.2635447170511438,0.0,0.0020777729190408684,-0.9640866344349629,0.0,sine,1,0.4,0.5,22,44,3.3098456859588623,0.0
1779527398.4534822,0.0,-0.2635447170511438,0.0,0.0020777729190408684,-0.9640866344349629,0.0,0.0792,1.4255999999999998,0.1188,0.0,-0.3376288248881613,0.0,0.0,-0.27401669256310973,0.0,-0.004155545838081737,-0.9536977698397586,0.0,sine,1,0.4,0.5,22,44,3.31984806060791,0.0
1779527398.463502,0.0,-0.27401669256310973,0.0,-0.004155545838081737,-0.9536977698397586,0.0,-0.0396,0.4752,0.0,0.0,-0.34426595068725047,0.0,0.0,-0.28274333882308134,0.0,0.0,-0.9142200843779821,0.0,sine,1,0.4,0.5,22,44,3.329951763153076,0.0
1779527398.4733686,0.0,-0.28274333882308134,0.0,0.0,-0.9142200843779821,0.0,0.0396,0.1188,0.1584,0.0,-0.35050544265871597,0.0,0.0,-0.2897246558310587,0.0,0.0,-0.8227980759401838,0.0,sine,1,0.4,0.5,22,44,3.3399715423583984,0.0
1779527398.4835114,0.0,-0.2897246558310587,0.0,0.0,-0.8227980759401838,0.0,0.0792,1.4255999999999998,-0.0792,0.0,-0.3563102889848879,0.0,0.0,-0.2984513020910304,0.0,-0.0020777729190408684,-0.7770870717212848,0.0,sine,1,0.4,0.5,22,44,3.3498382568359375,0.0
1779527398.493524,0.0,-0.2984513020910304,0.0,-0.0020777729190408684,-0.7770870717212848,0.0,0.0396,0.8712,-0.0792,0.0,-0.36192068651302156,0.0,0.0,-0.2984513020910304,0.0,-0.0020777729190408684,-0.7770870717212848,0.0,sine,1,0.4,0.5,22,44,3.359981060028076,0.0
1779527398.5034957,0.0,-0.2984513020910304,0.0,-0.0020777729190408684,-0.7770870717212848,0.0,0.0396,0.8712,-0.0792,0.0,-0.36709869940600365,0.0,0.0,-0.3141592653589793,0.0,0.0,-0.7833203904784074,0.0,sine,1,0.4,0.5,22,44,3.3699936866760254,0.0
1779527398.5133996,0.0,-0.3141592653589793,0.0,0.0,-0.7833203904784074,0.0,0.1188,1.5048000000000001,0.0,0.0,-0.3718945424272585,0.0,0.0,-0.3211405823669567,0.0,-0.0020777729190408684,-0.7604648883689579,0.0,sine,1,0.4,0.5,22,44,3.379965305328369,0.0
1779527398.523348,0.0,-0.3211405823669567,0.0,-0.0020777729190408684,-0.7604648883689579,0.0,-0.1584,0.99,-0.0396,0.0,-0.3762966036754267,0.0,0.0,-0.32812189937493397,0.0,-0.0020777729190408684,-0.7334538404214266,0.0,sine,1,0.4,0.5,22,44,3.389869213104248,0.0
1779527398.5334613,0.0,-0.32812189937493397,0.0,-0.0020777729190408684,-0.7334538404214266,0.0,-0.0792,0.792,0.0,0.0,-0.380351754999366,0.0,0.0,-0.32812189937493397,0.0,-0.0020777729190408684,-0.7334538404214266,0.0,sine,1,0.4,0.5,22,44,3.399817705154419,0.0
1779527398.5435576,0.0,-0.32812189937493397,0.0,-0.0020777729190408684,-0.7334538404214266,0.0,-0.0792,0.792,0.0,0.0,-0.384093255005004,0.0,0.0,-0.3351032163829113,0.0,0.0020777729190408684,-0.7043650195548544,0.0,sine,1,0.4,0.5,22,44,3.409930944442749,0.0
1779527398.5533779,0.0,-0.3351032163829113,0.0,0.0020777729190408684,-0.7043650195548544,0.0,0.0,1.1088000000000002,0.0396,0.0,-0.3874417808872373,0.0,0.0,-0.3490658503988659,0.0,0.0,-0.6357985132265057,0.0,sine,1,0.4,0.5,22,44,3.420027256011963,0.0
1779527398.5633614,0.0,-0.3490658503988659,0.0,0.0,-0.6357985132265057,0.0,0.0,0.8316,0.0396,0.0,-0.3903248498215296,0.0,0.0,-0.35430183815484895,0.0,0.0,-0.5609986881410345,0.0,sine,1,0.4,0.5,22,44,3.429847478866577,0.0
1779527398.5733666,0.0,-0.35430183815484895,0.0,0.0,-0.5609986881410345,0.0,-0.0396,0.8316,0.0,0.0,-0.3928750547893369,0.0,0.0,-0.35953782591083194,0.0,0.0,-0.5402209589506258,0.0,sine,1,0.4,0.5,22,44,3.439831018447876,0.0
1779527398.5834982,0.0,-0.35953782591083194,0.0,0.0,-0.5402209589506258,0.0,0.0,0.7127999999999999,0.0,0.0,-0.3950430945793185,0.0,0.0,-0.35953782591083194,0.0,0.0,-0.5402209589506258,0.0,sine,1,0.4,0.5,22,44,3.449836254119873,0.0
1779527398.593349,0.0,-0.35953782591083194,0.0,0.0,-0.5402209589506258,0.0,0.0,0.7127999999999999,0.0,0.0,-0.3968408151867924,0.0,0.0,-0.36826447217080355,0.0,-0.0020777729190408684,-0.4529544963509093,0.0,sine,1,0.4,0.5,22,44,3.459967851638794,0.0
1779527398.6033688,0.0,-0.36826447217080355,0.0,-0.0020777729190408684,-0.4529544963509093,0.0,0.0,0.35639999999999994,-0.0396,0.0,-0.3982032678706604,0.0,0.0,-0.3735004599267866,0.0,0.0,-0.4197101296462554,0.0,sine,1,0.4,0.5,22,44,3.469818592071533,0.0
1779527398.6135294,0.0,-0.3735004599267866,0.0,0.0,-0.4197101296462554,0.0,-0.0396,0.6732,-0.1188,0.0,-0.3991978866099523,0.0,0.0,-0.37699111843077515,0.0,0.0,-0.38023244418447893,0.0,sine,1,0.4,0.5,22,44,3.4798383712768555,0.0
1779527398.6234593,0.0,-0.37699111843077515,0.0,0.0,-0.38023244418447893,0.0,0.0,1.6236000000000002,0.0,0.0,-0.39980258687760745,0.0,0.0,-0.38048177693476387,0.0,0.0,-0.36984357958927455,0.0,sine,1,0.4,0.5,22,44,3.4899990558624268,0.0
1779527398.6333442,0.0,-0.38048177693476387,0.0,0.0,-0.36984357958927455,0.0,0.0,0.27720000000000006,0.0396,0.0,-0.39999999003579956,0.0,0.0,-0.3822271061867582,0.0,0.0,-0.30751039201804853,0.0,sine,1,0.4,0.5,22,44,3.4999289512634277,0.0
1779527398.6433609,0.0,-0.3822271061867582,0.0,0.0,-0.30751039201804853,0.0,-0.0396,1.1483999999999999,0.0,0.0,-0.39980990597482213,0.0,0.0,-0.38571776469074687,0.0,0.0,-0.29296598158476245,0.0,sine,1,0.4,0.5,22,44,3.5098137855529785,0.0
1779527398.6534665,0.0,-0.38571776469074687,0.0,0.0,-0.29296598158476245,0.0,0.0,1.0692,0.0,0.0,-0.3992240118643791,0.0,0.0,-0.3874630939427412,0.0,0.0,-0.23894388568969988,-0.0020777729190408684,sine,1,0.4,0.5,22,44,3.5198304653167725,0.0
1779527398.6633162,0.0,-0.3874630939427412,0.0,0.0,-0.23894388568969988,-0.0020777729190408684,0.0,1.7424,-0.0792,0.0,-0.39823233755602483,0.0,0.0,-0.3909537524467298,0.0,0.0,-0.21193283774216856,0.0,sine,1,0.4,0.5,22,44,3.5299360752105713,0.0
1779527398.67337,0.0,-0.3909537524467298,0.0,0.0,-0.21193283774216856,0.0,-0.0396,1.3860000000000001,-0.0396,0.0,-0.3968795171169856,0.0,0.0,-0.39269908169872414,0.0,0.0,-0.18076624395655555,0.0,sine,1,0.4,0.5,22,44,3.539785861968994,0.0
1779527398.6833463,0.0,-0.39269908169872414,0.0,0.0,-0.18076624395655555,0.0,-0.0396,0.35639999999999994,-0.0792,0.0,-0.3951068379839514,0.0,0.0,-0.39269908169872414,0.0,0.0,-0.13505523973765646,0.0,sine,1,0.4,0.5,22,44,3.549839496612549,0.0
1779527398.693355,0.0,-0.39269908169872414,0.0,0.0,-0.13505523973765646,0.0,-0.0396,0.4356,-0.0396,0.0,-0.3929581884968533,0.0,0.0,-0.39444441095071847,0.0,0.0,-0.10804419179012516,0.0,sine,1,0.4,0.5,22,44,3.5598158836364746,0.0
1779527398.7033794,0.0,-0.39444441095071847,0.0,0.0,-0.10804419179012516,0.0,-0.0792,0.3168,-0.0396,0.0,-0.39041470122424926,0.0,0.0,-0.39444441095071847,0.0,0.0,-0.05817764173314431,0.0,sine,1,0.4,0.5,22,44,3.569824695587158,0.0
1779527398.713317,0.0,-0.39444441095071847,0.0,0.0,-0.05817764173314431,0.0,0.0,0.99,-0.0792,0.0,-0.38748040882829937,0.0,0.0,-0.39444441095071847,0.0,0.0,-0.022855502109449553,0.0,sine,1,0.4,0.5,22,44,3.5798490047454834,0.0
1779527398.7234228,0.0,-0.39444441095071847,0.0,0.0,-0.022855502109449553,0.0,-0.0396,0.3168,0.0792,0.0,-0.38419222861447,0.0,0.0,-0.39444441095071847,0.0,0.0,0.0,0.0,sine,1,0.4,0.5,22,44,3.5897865295410156,0.0
1779527398.7333462,0.0,-0.39444441095071847,0.0,0.0,0.0,0.0,-0.0396,0.0,-0.0792,0.0,-0.3804643768428415,0.0,0.0,-0.39444441095071847,0.0,0.0,0.06441096049026691,0.0,sine,1,0.4,0.5,22,44,3.5998923778533936,0.0
1779527398.7433815,0.0,-0.39444441095071847,0.0,0.0,0.06441096049026691,0.0,0.0792,0.198,0.0396,0.0,-0.376430637812002,0.0,0.0,-0.39269908169872414,0.0,-0.0020777729190408684,0.07064427924738953,0.0,sine,1,0.4,0.5,22,44,3.609815835952759,0.0
1779527398.753805,0.0,-0.39269908169872414,0.0,-0.0020777729190408684,0.07064427924738953,0.0,0.0,0.4356,-0.0792,0.0,-0.37197942893280794,0.0,0.0,-0.3909537524467298,0.0,0.0,0.1433663314138199,0.0,sine,1,0.4,0.5,22,44,3.6198511123657227,0.0
1779527398.763357,0.0,-0.3909537524467298,0.0,0.0,0.1433663314138199,0.0,-0.0792,-0.35639999999999994,0.0,0.0,-0.36696470174984985,0.0,0.0,-0.3892084231947355,0.0,0.0,0.18699956271367815,0.0,sine,1,0.4,0.5,22,44,3.630274534225464,0.0
1779527398.7733686,0.0,-0.3892084231947355,0.0,0.0,0.18699956271367815,0.0,-0.1188,-0.6732,0.0396,0.0,-0.3620235790640987,0.0,0.0,-0.3874630939427412,0.0,0.0,0.24725497736586333,0.0,sine,1,0.4,0.5,22,44,3.639826536178589,0.0
1779527398.783389,0.0,-0.3874630939427412,0.0,0.0,0.24725497736586333,0.0,-0.0792,-1.5048000000000001,-0.0396,0.0,-0.3564948655201189,0.0,0.0,-0.3839724354387525,0.0,0.0,0.2701104794753129,0.0,sine,1,0.4,0.5,22,44,3.6498382091522217,0.0
1779527398.7933433,0.0,-0.3839724354387525,0.0,0.0,0.2701104794753129,0.0,0.0,0.1188,0.0792,0.0,-0.3506081768325756,0.0,0.0,-0.3822271061867582,0.0,0.0,0.29296598158476245,0.0,sine,1,0.4,0.5,22,44,3.6598587036132812,0.0
1779527398.803351,0.0,-0.3822271061867582,0.0,0.0,0.29296598158476245,0.0,-0.0396,0.0,-0.0396,0.0,-0.3444164241862348,0.0,0.0,-0.3787364476827696,0.0,0.0,0.29296598158476245,0.0,sine,1,0.4,0.5,22,44,3.6698129177093506,0.0
1779527398.813373,0.0,-0.3787364476827696,0.0,0.0,0.29296598158476245,0.0,0.0,-0.4356,0.0,0.0,-0.3378519557177154,0.0,0.0,-0.3752457891787808,0.0,0.0,0.38438799002256063,0.0,sine,1,0.4,0.5,22,44,3.6798205375671387,0.0
1779527398.8235683,0.0,-0.3752457891787808,0.0,0.0,0.38438799002256063,0.0,-0.0396,-1.584,0.0,0.0,-0.33094329509796605,0.0,0.0,-0.3700098014227979,0.0,0.0,0.4217879025652963,0.0,sine,1,0.4,0.5,22,44,3.689842700958252,0.0
1779527398.8333712,0.0,-0.3700098014227979,0.0,0.0,0.4217879025652963,0.0,-0.0396,0.792,0.0,0.0,-0.3235787597297539,0.0,0.0,-0.3647738136668149,0.0,0.0,0.47788777137939975,0.0,sine,1,0.4,0.5,22,44,3.700037956237793,0.0
1779527398.843352,0.0,-0.3647738136668149,0.0,0.0,0.47788777137939975,0.0,-0.0396,-1.0692,0.0792,0.0,-0.3161846011283458,0.0,0.0,-0.35953782591083194,0.0,0.0,0.5194432297602171,0.0,sine,1,0.4,0.5,22,44,3.709840774536133,0.0
1779527398.8533745,0.0,-0.35953782591083194,0.0,0.0,0.5194432297602171,0.0,-0.0396,-0.9504,0.0,0.0,-0.3083480757362347,0.0,0.0,-0.35430183815484895,0.0,0.0,0.5506098235458301,0.0,sine,1,0.4,0.5,22,44,3.7198216915130615,0.0
1779527398.8634317,0.0,-0.35430183815484895,0.0,0.0,0.5506098235458301,0.0,-0.1188,-0.3168,0.0,0.0,-0.30017395482671416,0.0,0.0,-0.3490658503988659,0.0,0.0,0.5194432297602171,-0.0020777729190408684,sine,1,0.4,0.5,22,44,3.729844093322754,0.0
1779527398.8733673,0.0,-0.3490658503988659,0.0,0.0,0.5194432297602171,-0.0020777729190408684,-0.0396,-1.5444,0.0,0.0,-0.2916723377300931,0.0,0.0,-0.34382986264288296,0.0,0.0,0.5817764173314431,-0.0020777729190408684,sine,1,0.4,0.5,22,44,3.739901304244995,0.0
1779527398.883391,0.0,-0.34382986264288296,0.0,0.0,0.5817764173314431,-0.0020777729190408684,0.0792,0.5148,-0.0396,0.0,-0.282987582914885,0.0,0.0,-0.33859387488689996,0.0,0.0,0.5672320068981571,0.0020777729190408684,sine,1,0.4,0.5,22,44,3.7498369216918945,0.0
1779527398.8933768,0.0,-0.33859387488689996,0.0,0.0,0.5672320068981571,0.0020777729190408684,0.0,-1.3860000000000001,0.0,0.0,-0.2739465906270926,0.0,0.0,-0.3316125578789226,0.0,0.0,0.6441096049026692,0.0,sine,1,0.4,0.5,22,44,3.7598605155944824,0.0
1779527398.9033875,0.0,-0.3316125578789226,0.0,0.0,0.6441096049026692,0.0,-0.0792,0.792,0.0396,0.0,-0.2646694642670898,0.0,0.0,-0.3246312408709453,0.0,0.0,0.7105983383119769,0.0,sine,1,0.4,0.5,22,44,3.7698464393615723,0.0
1779527398.9133952,0.0,-0.3246312408709453,0.0,0.0,0.7105983383119769,0.0,0.0,-1.2276,0.0396,0.0,-0.2551078771342858,0.0,0.0,-0.317649923862968,0.0,0.0,0.6752761986882823,0.0,sine,1,0.4,0.5,22,44,3.7798571586608887,0.0
1779527398.9238696,0.0,-0.317649923862968,0.0,0.0,0.6752761986882823,0.0,0.0,-0.2376,0.0,0.0,-0.24529706589266387,0.0,0.0,-0.317649923862968,0.0,0.0,0.6752761986882823,0.0,sine,1,0.4,0.5,22,44,3.7898647785186768,0.0
1779527398.933383,0.0,-0.317649923862968,0.0,0.0,0.6752761986882823,0.0,0.0,-0.2376,0.0,0.0,-0.2347691006133324,0.0,0.0,-0.301941960595019,0.0,0.0,0.8165647571830613,0.0020777729190408684,sine,1,0.4,0.5,22,44,3.8003392219543457,0.0
1779527398.9433434,0.0,-0.301941960595019,0.0,0.0,0.8165647571830613,0.0020777729190408684,-0.0396,-1.1880000000000002,0.0396,0.0,-0.2249865256589926,0.0,0.0,-0.2932153143350474,0.0,0.0,0.8498091238877151,0.0,sine,1,0.4,0.5,22,44,3.8098526000976562,0.0
1779527398.9534626,0.0,-0.2932153143350474,0.0,0.0,0.8498091238877151,0.0,-0.0792,0.0396,0.0792,0.0,-0.21452907669843177,0.0,0.0,-0.2844886680750757,0.0,0.004155545838081737,0.8040981196688161,0.0,sine,1,0.4,0.5,22,44,3.8198130130767822,0.0
1779527398.9634008,0.0,-0.2844886680750757,0.0,0.004155545838081737,0.8040981196688161,0.0,-0.0396,-0.6336,0.0,0.0,-0.2036898830198747,0.0,0.0,-0.27576202181510406,0.0,0.0,0.8788979447542873,0.0,sine,1,0.4,0.5,22,44,3.82993221282959,0.0
1779527398.973386,0.0,-0.27576202181510406,0.0,0.0,0.8788979447542873,0.0,-0.1584,-1.1088000000000002,-0.0396,0.0,-0.19284411089409692,0.0,0.0,-0.2670353755551324,0.0,0.0,0.9370755864874316,-0.0020777729190408684,sine,1,0.4,0.5,22,44,3.8398704528808594,0.0
1779527398.9833734,0.0,-0.2670353755551324,0.0,0.0,0.9370755864874316,-0.0020777729190408684,-0.0396,-0.4356,0.0,0.0,-0.18175779309211892,0.0,0.0,-0.25656340004316647,0.0,0.0,0.9640866344349629,0.0,sine,1,0.4,0.5,22,44,3.849855661392212,0.0
1779527398.9933524,0.0,-0.25656340004316647,0.0,0.0,0.9640866344349629,0.0,-0.0396,0.0,0.0792,0.0,-0.17049019324398165,0.0,0.0,-0.2478367537831948,0.0,-0.0020777729190408684,0.9869421365444124,0.0,sine,1,0.4,0.5,22,44,3.8598430156707764,0.0
1779527399.003366,0.0,-0.2478367537831948,0.0,-0.0020777729190408684,0.9869421365444124,0.0,0.0,-0.6732,0.1188,0.0,-0.15906438687166083,0.0,0.0,-0.23736477827122884,0.0,-0.0020777729190408684,0.916297857297023,0.0,sine,1,0.4,0.5,22,44,3.8698220252990723,0.0
1779527399.0134385,0.0,-0.23736477827122884,0.0,-0.0020777729190408684,0.916297857297023,0.0,0.0,-1.5444,0.0,0.0,-0.14744187843691822,0.0,0.0,-0.22863813201125718,0.0,0.0,0.899675673944696,0.0,sine,1,0.4,0.5,22,44,3.879835605621338,0.0
1779527399.0234976,0.0,-0.22863813201125718,0.0,0.0,0.899675673944696,0.0,0.0,-0.6732,-0.0792,0.0,-0.1356038491765735,0.0,0.0,-0.21991148575128555,0.0,0.0,0.9994087740586577,0.0,sine,1,0.4,0.5,22,44,3.8899080753326416,0.0
1779527399.0333755,0.0,-0.21991148575128555,0.0,0.0,0.9994087740586577,0.0,0.0,0.2376,0.1188,0.0,-0.12364600509606796,0.0,0.0,-0.2076941809873252,0.0,0.004155545838081737,1.07628637206317,0.0,sine,1,0.4,0.5,22,44,3.8999671936035156,0.0
1779527399.0441177,0.0,-0.2076941809873252,0.0,0.004155545838081737,1.07628637206317,0.0,0.1188,0.4752,-0.1584,0.0,-0.11178333672357506,0.0,0.0,-0.19722220547535924,0.0,0.0020777729190408684,1.1136862846059055,0.0,sine,1,0.4,0.5,22,44,3.9098451137542725,0.0
1779527399.0533566,0.0,-0.19722220547535924,0.0,0.0020777729190408684,1.1136862846059055,0.0,-0.198,-0.198,0.0,0.0,-0.09876094782615624,0.0,0.0,-0.1867502299633933,0.0,0.0,1.0451197782775568,0.0,sine,1,0.4,0.5,22,44,3.9205873012542725,0.0
1779527399.0633795,0.0,-0.1867502299633933,0.0,0.0,1.0451197782775568,0.0,-0.0396,-1.3464,0.0792,0.0,-0.08747035409959326,0.0,0.0,-0.1762782544514273,0.0,0.0,1.119919603363028,0.0,sine,1,0.4,0.5,22,44,3.929826259613037,0.0
1779527399.073388,0.0,-0.1762782544514273,0.0,0.0,1.119919603363028,0.0,-0.0792,-1.6632,0.0792,0.0,-0.07513873790737388,0.0,0.0,-0.16406094968746698,0.0,-0.0020777729190408684,1.059664188710843,0.0,sine,1,0.4,0.5,22,44,3.9398491382598877,0.0
1779527399.0833158,0.0,-0.16406094968746698,0.0,-0.0020777729190408684,1.059664188710843,0.0,0.0,-1.7028,0.0792,0.0,-0.06275038301229889,0.0,0.0,-0.15533430342749532,0.0,0.0,1.0534308699537203,0.0,sine,1,0.4,0.5,22,44,3.949857711791992,0.0
1779527399.0934632,0.0,-0.15533430342749532,0.0,0.0,1.0534308699537203,0.0,0.0,-0.9107999999999999,0.0792,0.0,-0.05040075328816667,0.0,0.0,-0.14311699866353503,0.0,0.0,1.1386195596343958,0.0,sine,1,0.4,0.5,22,44,3.9597854614257812,0.0
1779527399.1033974,0.0,-0.14311699866353503,0.0,0.0,1.1386195596343958,0.0,-0.0792,0.3168,0.2376,0.0,-0.03772740251601883,0.0,0.0,-0.13264502315156904,0.0,0.0,1.1136862846059055,0.0,sine,1,0.4,0.5,22,44,3.969932794570923,0.0
1779527399.1133487,0.0,-0.13264502315156904,0.0,0.0,1.1136862846059055,0.0,-0.0396,0.0396,-0.0792,0.0,-0.025283031738682012,0.0,0.0,-0.12042771838760874,0.0,0.0020777729190408684,1.2009527472056218,0.0020777729190408684,sine,1,0.4,0.5,22,44,3.9798669815063477,0.0
1779527399.1233957,0.0,-0.12042771838760874,0.0,0.0020777729190408684,1.2009527472056218,0.0020777729190408684,0.1584,0.3168,0.1584,0.0,-0.0127924764267645,0.0,0.0,-0.10646508437165411,0.0,0.0,1.2653637076958888,0.0,sine,1,0.4,0.5,22,44,3.9898183345794678,0.0
1779527399.133349,0.0,-0.10646508437165411,0.0,0.0,1.2653637076958888,0.0,-0.0792,-0.0792,-0.0792,0.0,-0.0001692771717353203,0.0,0.0,-0.09424777960769379,0.0,-0.004155545838081737,1.2819858910482158,0.0,sine,1,0.4,0.5,22,44,3.9998652935028076,0.0
1779527399.1433687,0.0,-0.09424777960769379,0.0,-0.004155545838081737,1.2819858910482158,0.0,-0.0396,-0.2376,-0.2376,0.0,0.012336402249350464,0.0,0.0,-0.09424777960769379,0.0,-0.004155545838081737,1.2819858910482158,0.0,sine,1,0.4,0.5,22,44,4.0098185539245605,0.0
1779527399.1533873,0.0,-0.09424777960769379,0.0,-0.004155545838081737,1.2819858910482158,0.0,-0.0396,-0.2376,-0.2376,0.0,0.024913448883541682,0.0,0.0,-0.06981317007977318,0.0,0.0,1.1780972450961724,0.0,sine,1,0.4,0.5,22,44,4.019838333129883,0.0
1779527399.1633499,0.0,-0.06981317007977318,0.0,0.0,1.1780972450961724,0.0,0.0,-0.0396,-0.27720000000000006,0.0,0.0374643201600594,0.0,0.0,-0.06981317007977318,0.0,0.0,1.1780972450961724,0.0,sine,1,0.4,0.5,22,44,4.02985692024231,0.0
1779527399.1733632,0.0,-0.06981317007977318,0.0,0.0,1.1780972450961724,0.0,0.0,-0.0396,-0.27720000000000006,0.0,0.049908224757613,0.0,0.0,-0.04537856055185257,0.0,0.0,1.263285934776848,0.0,sine,1,0.4,0.5,22,44,4.0398194789886475,0.0
1779527399.183361,0.0,-0.04537856055185257,0.0,0.0,1.263285934776848,0.0,-0.0396,0.0792,-0.1584,0.0,0.06236628040877295,0.0,0.0,-0.04537856055185257,0.0,0.0,1.263285934776848,0.0,sine,1,0.4,0.5,22,44,4.049832820892334,0.0
1779527399.1933677,0.0,-0.04537856055185257,0.0,0.0,1.263285934776848,0.0,-0.0396,0.0792,-0.1584,0.0,0.07474349247038141,0.0,0.0,-0.020943951023931956,0.0,0.0,1.1947194284484992,0.0,sine,1,0.4,0.5,22,44,4.059830665588379,0.0
1779527399.2033622,0.0,-0.020943951023931956,0.0,0.0,1.1947194284484992,0.0,-0.0792,0.2376,0.27720000000000006,0.0,0.08705779322235258,0.0,0.0,-0.008726646259971648,0.0,0.0,1.169786153420009,0.0,sine,1,0.4,0.5,22,44,4.069837331771851,0.0
1779527399.2140179,0.0,-0.008726646259971648,0.0,0.0,1.169786153420009,0.0,0.0,-0.3168,-0.0792,0.0,0.09927126209453646,0.0,0.0,0.0017453292519943296,0.0,0.0,1.2466637514245211,0.0,sine,1,0.4,0.5,22,44,4.079831838607788,0.0
1779527399.2233756,0.0,0.0017453292519943296,0.0,0.0,1.2466637514245211,0.0,0.0,-0.0396,-0.0792,0.0,0.11218457343988719,0.0,0.0,0.015707963267948967,0.0,-0.0020777729190408684,1.2819858910482158,0.0,sine,1,0.4,0.5,22,44,4.090487480163574,0.0
1779527399.2334073,0.0,0.015707963267948967,0.0,-0.0020777729190408684,1.2819858910482158,0.0,0.0,0.198,-0.198,0.0,0.12342174187824305,0.0,0.0,0.027925268031909273,0.0,0.0020777729190408684,1.279908118129175,0.0,sine,1,0.4,0.5,22,44,4.0998451709747314,0.0
1779527399.2434504,0.0,0.027925268031909273,0.0,0.0020777729190408684,1.279908118129175,0.0,-0.1584,0.396,-0.35639999999999994,0.0,0.13534957705665712,0.0,0.0,0.04014257279586959,0.0,0.0,1.184330563853295,0.0020777729190408684,sine,1,0.4,0.5,22,44,4.109876871109009,0.0
1779527399.2533464,0.0,0.04014257279586959,0.0,0.0,1.184330563853295,0.0020777729190408684,-0.0792,0.3168,-0.3168,0.0,0.14715636301618554,0.0,0.0,0.05235987755982988,0.0,0.0,1.2508192972626027,0.0,sine,1,0.4,0.5,22,44,4.119920015335083,0.0
1779527399.2633493,0.0,0.05235987755982988,0.0,0.0,1.2508192972626027,0.0,-0.1584,0.3168,-0.27720000000000006,0.0,0.158646989171229,0.0,0.0,0.06457718232379019,0.0,-0.004155545838081737,1.2882192098053384,0.0,sine,1,0.4,0.5,22,44,4.129816055297852,0.0
1779527399.2733846,0.0,0.06457718232379019,0.0,-0.004155545838081737,1.2882192098053384,0.0,-0.0396,-0.0792,-0.1584,0.0,0.1701057789877482,0.0,0.0,0.07679448708775051,0.0,-0.004155545838081737,1.1926416555294586,-0.0020777729190408684,sine,1,0.4,0.5,22,44,4.139818906784058,0.0
1779527399.2835846,0.0,0.07679448708775051,0.0,-0.004155545838081737,1.1926416555294586,-0.0020777729190408684,-0.1584,-0.5148,-0.27720000000000006,0.0,0.18143291388207067,0.0,0.0,0.08901179185171082,0.0,-0.0020777729190408684,1.2341971139102759,0.0,sine,1,0.4,0.5,22,44,4.1498541831970215,0.0
1779527399.2933643,0.0,0.08901179185171082,0.0,-0.0020777729190408684,1.2341971139102759,0.0,-0.0396,-0.792,-0.1584,0.0,0.1927611593975962,0.0,0.0,0.10122909661567113,0.0,0.0,1.2445859785054803,0.0,sine,1,0.4,0.5,22,44,4.1600542068481445,0.0
1779527399.3033683,0.0,0.10122909661567113,0.0,0.0,1.2445859785054803,0.0,0.0,-0.396,-0.1584,0.0,0.2034368765523838,0.0,0.0,0.11344640137963143,0.0,0.0020777729190408684,1.2383526597483576,0.0,sine,1,0.4,0.5,22,44,4.1698338985443115,0.0
1779527399.3133688,0.0,0.11344640137963143,0.0,0.0020777729190408684,1.2383526597483576,0.0,-0.0792,-0.6732,-0.0792,0.0,0.21415874458395204,0.0,0.0,0.12566370614359174,0.0,0.0020777729190408684,1.2238082493150715,0.0,sine,1,0.4,0.5,22,44,4.179837942123413,0.0
1779527399.3233957,0.0,0.12566370614359174,0.0,0.0020777729190408684,1.2238082493150715,0.0,0.0,-0.3168,-0.27720000000000006,0.0,0.22466537461113947,0.0,0.0,0.13788101090755203,0.0,0.0020777729190408684,1.2217304763960306,0.0,sine,1,0.4,0.5,22,44,4.189838409423828,0.0
1779527399.3333447,0.0,0.13788101090755203,0.0,0.0020777729190408684,1.2217304763960306,0.0,-0.0792,-0.2376,-0.3168,0.0,0.23497718024684328,0.0,0.0,0.15009831567151233,0.0,0.0,1.213419384719867,0.0,sine,1,0.4,0.5,22,44,4.199865341186523,0.0
1779527399.3434262,0.0,0.15009831567151233,0.0,0.0,1.213419384719867,0.0,-0.0792,-0.99,-0.396,0.0,0.24497840115839106,0.0,0.0,0.16231562043547265,0.0,-0.0020777729190408684,1.1926416555294586,0.0,sine,1,0.4,0.5,22,44,4.2098143100738525,0.0
1779527399.353393,0.0,0.16231562043547265,0.0,-0.0020777729190408684,1.1926416555294586,0.0,0.0,-1.1483999999999999,-0.27720000000000006,0.0,0.25486872845871006,0.0,0.0,0.17278759594743864,0.0,-0.0020777729190408684,1.167708380500968,0.0,sine,1,0.4,0.5,22,44,4.219895839691162,0.0
1779527399.3633497,0.0,0.17278759594743864,0.0,-0.0020777729190408684,1.167708380500968,0.0,0.0396,-1.6236000000000002,-0.3168,0.0,0.2643952907042545,0.0,0.0,0.18500490071139894,0.0,0.0,1.1344640137963142,0.0,sine,1,0.4,0.5,22,44,4.229862689971924,0.0
1779527399.3733947,0.0,0.18500490071139894,0.0,0.0,1.1344640137963142,0.0,-0.0396,-1.7424,-0.27720000000000006,0.0,0.2736532574399263,0.0,0.0,0.1937315469713706,0.0,0.0,1.026419822006189,0.0,sine,1,0.4,0.5,22,44,4.239819288253784,0.0
1779527399.383353,0.0,0.1937315469713706,0.0,0.0,1.026419822006189,0.0,-0.0792,-1.98,-0.27720000000000006,0.0,0.282722142338632,0.0,0.0,0.20420352248333656,0.0,0.004155545838081737,1.0430420053585159,0.0,sine,1,0.4,0.5,22,44,4.249864339828491,0.0
1779527399.393381,0.0,0.20420352248333656,0.0,0.004155545838081737,1.0430420053585159,0.0,-0.1188,-0.2376,-0.35639999999999994,0.0,0.2914348074357359,0.0,0.0,0.21467549799530256,0.0,0.0,1.057586415791802,0.0,sine,1,0.4,0.5,22,44,4.259822607040405,0.0
1779527399.4033985,0.0,0.21467549799530256,0.0,0.0,1.057586415791802,0.0,-0.0396,0.2376,-0.198,0.0,0.29992034791165273,0.0,0.0,0.22514747350726852,0.0,-0.0020777729190408684,1.0617419616298838,0.0,sine,1,0.4,0.5,22,44,4.269850730895996,0.0
1779527399.4134665,0.0,0.22514747350726852,0.0,-0.0020777729190408684,1.0617419616298838,0.0,0.0,-0.27720000000000006,-0.4356,0.0,0.3080996381223866,0.0,0.0,0.23561944901923448,0.0,-0.004155545838081737,0.9703199531920855,0.0,sine,1,0.4,0.5,22,44,4.279868125915527,0.0
1779527399.423368,0.0,0.23561944901923448,0.0,-0.004155545838081737,0.9703199531920855,0.0,0.0,-1.4255999999999998,-0.4356,0.0,0.31601275624725605,0.0,0.0,0.24609142453120048,0.0,0.0,0.9890199094634533,0.0,sine,1,0.4,0.5,22,44,4.289936065673828,0.0
1779527399.43338,0.0,0.24609142453120048,0.0,0.0,0.9890199094634533,0.0,-0.0396,-1.584,-0.1188,0.0,0.32348679374668965,0.0,0.0,0.25481807079117214,0.0,0.0,0.9827865907063308,0.0,sine,1,0.4,0.5,22,44,4.299837589263916,0.0
1779527399.4434385,0.0,0.25481807079117214,0.0,0.0,0.9827865907063308,0.0,-0.0396,-0.5544000000000001,-0.2376,0.0,0.33072588981091,0.0,0.0,0.26529004630313807,0.0,0.0,0.962008861515922,0.0,sine,1,0.4,0.5,22,44,4.309849500656128,0.0
1779527399.453349,0.0,0.26529004630313807,0.0,0.0,0.962008861515922,0.0,-0.0396,0.0396,-0.27720000000000006,0.0,0.33766930455110566,0.0,0.0,0.27401669256310973,0.0,0.0,0.9266867218922273,0.0,sine,1,0.4,0.5,22,44,4.319908142089844,0.0
1779527399.46337,0.0,0.27401669256310973,0.0,0.0,0.9266867218922273,0.0,-0.1188,-0.7127999999999999,-0.396,0.0,0.34418079730362827,0.0,0.0,0.28274333882308134,0.0,0.0,0.8435758051305926,-0.0020777729190408684,sine,1,0.4,0.5,22,44,4.3298187255859375,0.0
1779527399.4733498,0.0,0.28274333882308134,0.0,0.0,0.8435758051305926,-0.0020777729190408684,-0.0792,-1.3068,-0.198,0.0,0.35042558174527677,0.0,0.0,0.2897246558310587,0.0,0.0,0.8435758051305926,0.0,sine,1,0.4,0.5,22,44,4.339839696884155,0.0
1779527399.483438,0.0,0.2897246558310587,0.0,0.0,0.8435758051305926,0.0,0.0396,0.0,0.396,0.0,0.3562995322160736,0.0,0.0,0.2984513020910304,0.0,0.0,0.8456535780496335,0.0,sine,1,0.4,0.5,22,44,4.3498194217681885,0.0
1779527399.4933178,0.0,0.2984513020910304,0.0,0.0,0.8456535780496335,0.0,-0.0396,-0.9107999999999999,-0.2376,0.0,0.3618813816265432,0.0,0.0,0.30717794835100204,0.0,0.0,0.820720303021143,0.0,sine,1,0.4,0.5,22,44,4.359907627105713,0.0
1779527399.5033548,0.0,0.30717794835100204,0.0,0.0,0.820720303021143,0.0,0.0,-1.3068,-0.1584,0.0,0.36699569325119696,0.0,0.0,0.3141592653589793,0.0,0.0,0.7874759363164892,0.0,sine,1,0.4,0.5,22,44,4.3697874546051025,0.0
1779527399.51335,0.0,0.3141592653589793,0.0,0.0,0.7874759363164892,0.0,0.0396,0.2376,-0.2376,0.0,0.3718293053663959,0.0,0.0,0.3211405823669567,0.0,0.0,0.7168316570690996,0.0,sine,1,0.4,0.5,22,44,4.37982439994812,0.0
1779527399.5233607,0.0,0.3211405823669567,0.0,0.0,0.7168316570690996,0.0,-0.0792,-1.6236000000000002,-0.198,0.0,0.37627546555976593,0.0,0.0,0.32812189937493397,0.0,0.0020777729190408684,0.7022872466358135,0.0,sine,1,0.4,0.5,22,44,4.389819622039795,0.0
1779527399.5335748,0.0,0.32812189937493397,0.0,0.0020777729190408684,0.7022872466358135,0.0,-0.0792,0.0,0.3168,0.0,0.3803566702588077,0.0,0.0,0.3351032163829113,0.0,0.0,0.6898206091215683,0.0,sine,1,0.4,0.5,22,44,4.399830341339111,0.0
1779527399.5434103,0.0,0.3351032163829113,0.0,0.0,0.6898206091215683,0.0,-0.1188,-1.0692,0.3168,0.0,0.38413304785857183,0.0,0.0,0.3420845333908886,0.0,0.0,0.6648873340930779,0.0,sine,1,0.4,0.5,22,44,4.410044431686401,0.0
1779527399.5533552,0.0,0.3420845333908886,0.0,0.0,0.6648873340930779,0.0,-0.1188,-0.99,-0.27720000000000006,0.0,0.3873957082441524,0.0,0.0,0.3490658503988659,0.0,0.0,0.6274874215503422,0.0,sine,1,0.4,0.5,22,44,4.419879913330078,0.0
1779527399.5633461,0.0,0.3490658503988659,0.0,0.0,0.6274874215503422,0.0,0.0,-1.0296,0.35639999999999994,0.0,0.39031862661500116,0.0,0.0,0.35430183815484895,0.0,-0.0020777729190408684,0.5609986881410345,0.0,sine,1,0.4,0.5,22,44,4.4298248291015625,0.0
1779527399.573357,0.0,0.35430183815484895,0.0,-0.0020777729190408684,0.5609986881410345,0.0,-0.0396,-0.4752,0.35639999999999994,0.0,0.3928714513477109,0.0,0.0,0.35953782591083194,0.0,0.0,0.5319098672744623,0.0,sine,1,0.4,0.5,22,44,4.4398157596588135,0.0
1779527399.5833652,0.0,0.35953782591083194,0.0,0.0,0.5319098672744623,0.0,0.0396,-1.5048000000000001,0.1584,0.0,0.39504121356739463,0.0,0.0,0.3647738136668149,0.0,0.0020777729190408684,0.49658772765076753,0.0,sine,1,0.4,0.5,22,44,4.449826717376709,0.0
1779527399.59332,0.0,0.3647738136668149,0.0,0.0020777729190408684,0.49658772765076753,0.0,-0.0396,0.4356,0.198,0.0,0.39681981057333665,0.0,0.0,0.36826447217080355,0.0,0.0,0.45087672343186846,0.0,sine,1,0.4,0.5,22,44,4.459834814071655,0.0
1779527399.6033752,0.0,0.36826447217080355,0.0,0.0,0.45087672343186846,0.0,-0.1188,-1.0692,-0.396,0.0,0.39819980563351104,0.0,0.0,0.3735004599267866,0.0,0.0,0.43009899424145975,0.0,sine,1,0.4,0.5,22,44,4.469789505004883,0.0
1779527399.6133707,0.0,0.3735004599267866,0.0,0.0,0.43009899424145975,0.0,-0.0792,-1.1483999999999999,-0.396,0.0,0.3991983985622944,0.0,0.0,0.37699111843077515,0.0,0.0,0.39269908169872414,0.0,sine,1,0.4,0.5,22,44,4.479844808578491,0.0
1779527399.6234097,0.0,0.37699111843077515,0.0,0.0,0.39269908169872414,0.0,-0.0792,0.2376,-0.2376,0.0,0.3997962689224757,0.0,0.0,0.38048177693476387,0.0,0.0,0.36984357958927455,0.0,sine,1,0.4,0.5,22,44,4.489840269088745,0.0
1779527399.633373,0.0,0.38048177693476387,0.0,0.0,0.36984357958927455,0.0,-0.0792,-1.1880000000000002,-0.1584,0.0,0.39999997127163167,0.0,0.0,0.38048177693476387,0.0,0.0,0.36984357958927455,0.0,sine,1,0.4,0.5,22,44,4.499879360198975,0.0
1779527399.6433682,0.0,0.38048177693476387,0.0,0.0,0.36984357958927455,0.0,-0.0792,-1.1880000000000002,-0.1584,0.0,0.3998087868188489,0.0,0.0,0.38571776469074687,0.0,0.0,0.2888104357466807,0.0020777729190408684,sine,1,0.4,0.5,22,44,4.50984263420105,0.0
1779527399.6533504,0.0,0.38571776469074687,0.0,0.0,0.2888104357466807,0.0020777729190408684,-0.0792,-0.8316,0.1584,0.0,0.3992234335096589,0.0,0.0,0.3892084231947355,0.0,0.0,0.23894388568969988,0.0,sine,1,0.4,0.5,22,44,4.519837856292725,0.0
1779527399.663382,0.0,0.3892084231947355,0.0,0.0,0.23894388568969988,0.0,-0.0396,0.3168,0.3168,0.0,0.3982460130395896,0.0,0.0,0.3909537524467298,0.0,0.0,0.20569951898504596,0.0,sine,1,0.4,0.5,22,44,4.529819965362549,0.0
1779527399.6733625,0.0,0.3909537524467298,0.0,0.0,0.20569951898504596,0.0,-0.0396,0.1584,-0.3168,0.0,0.39686919987988295,0.0,0.0,0.39269908169872414,0.0,0.0,0.17245515228039207,0.0,sine,1,0.4,0.5,22,44,4.539851665496826,0.0
1779527399.6834004,0.0,0.39269908169872414,0.0,0.0,0.17245515228039207,0.0,-0.0396,-0.35639999999999994,0.3168,0.0,0.3951082861796875,0.0,0.0,0.39269908169872414,0.0,0.0,0.12882192098053383,0.0,sine,1,0.4,0.5,22,44,4.549832105636597,0.0
1779527399.6933465,0.0,0.39269908169872414,0.0,0.0,0.12882192098053383,0.0,0.0792,0.8316,-0.198,0.0,0.3929454775683189,0.0,0.0,0.39444441095071847,0.0,0.0,0.09557755427587994,0.0020777729190408684,sine,1,0.4,0.5,22,44,4.559870004653931,0.0
1779527399.703382,0.0,0.39444441095071847,0.0,0.0,0.09557755427587994,0.0020777729190408684,-0.0396,1.2672,0.198,0.0,0.39041704813479794,0.0,0.0,0.39444441095071847,0.0,0.0,0.05817764173314431,0.0,sine,1,0.4,0.5,22,44,4.5698161125183105,0.0
1779527399.7133691,0.0,0.39444441095071847,0.0,0.0,0.05817764173314431,0.0,-0.0396,1.4255999999999998,0.2376,0.0,0.38747959073169946,0.0,0.0,0.39444441095071847,0.0,0.0,0.020777729190408684,-0.0020777729190408684,sine,1,0.4,0.5,22,44,4.5798516273498535,0.0
1779527399.723368,0.0,0.39444441095071847,0.0,0.0,0.020777729190408684,-0.0020777729190408684,-0.0396,1.4652,-0.1584,0.0,0.38417396008606614,0.0,0.0,0.39444441095071847,0.0,-0.0020777729190408684,-0.01246663751424521,0.0,sine,1,0.4,0.5,22,44,4.589838743209839,0.0
1779527399.733346,0.0,0.39444441095071847,0.0,-0.0020777729190408684,-0.01246663751424521,0.0,0.0,1.7424,0.1188,0.0,0.38048564318020767,0.0,0.0,0.39444441095071847,0.0,0.0020777729190408684,-0.06441096049026691,0.0,sine,1,0.4,0.5,22,44,4.5998375415802,0.0
1779527399.7433705,0.0,0.39444441095071847,0.0,0.0020777729190408684,-0.06441096049026691,0.0,-0.1188,1.8215999999999999,0.198,0.0,0.3764307391365704,0.0,0.0,0.39269908169872414,0.0,0.0,-0.11012196470916602,0.0,sine,1,0.4,0.5,22,44,4.60981559753418,0.0
1779527399.7534683,0.0,0.39269908169872414,0.0,0.0,-0.11012196470916602,0.0,0.0,1.3068,0.0792,0.0,0.371984496158309,0.0,0.0,0.3909537524467298,0.0,0.0,-0.1516774230899834,0.0,sine,1,0.4,0.5,22,44,4.619840145111084,0.0
1779527399.763346,0.0,0.3909537524467298,0.0,0.0,-0.1516774230899834,0.0,0.0,0.7524000000000001,0.0792,0.0,0.36713284197063656,0.0,0.0,0.3892084231947355,0.0,0.0,-0.19115510855175988,0.0,sine,1,0.4,0.5,22,44,4.6299378871917725,0.0
1779527399.7733812,0.0,0.3892084231947355,0.0,0.0,-0.19115510855175988,0.0,0.0396,0.7127999999999999,0.0,0.0,0.36202944008268406,0.0,0.0,0.3874630939427412,0.0,0.0,-0.236866112770659,0.0,sine,1,0.4,0.5,22,44,4.63981556892395,0.0
1779527399.783363,0.0,0.3874630939427412,0.0,0.0,-0.236866112770659,0.0,0.0,0.8316,0.1584,0.0,0.3564876634718652,0.0,0.0,0.3839724354387525,0.0,0.0,-0.26803270655627204,0.0,sine,1,0.4,0.5,22,44,4.649850845336914,0.0
1779527399.7933416,0.0,0.3839724354387525,0.0,0.0,-0.26803270655627204,0.0,0.0,1.8215999999999999,-0.0396,0.0,0.35062389559524165,0.0,0.0,0.38048177693476387,0.0,0.004155545838081737,-0.3137437107751711,-0.0020777729190408684,sine,1,0.4,0.5,22,44,4.659832715988159,0.0
1779527399.8033264,0.0,0.38048177693476387,0.0,0.004155545838081737,-0.3137437107751711,-0.0020777729190408684,0.0,1.4255999999999998,-0.0396,0.0,0.34441749070203764,0.0,0.0,0.37699111843077515,0.0,0.0,-0.34491030456078414,0.0,sine,1,0.4,0.5,22,44,4.669811248779297,0.0
1779527399.8133638,0.0,0.37699111843077515,0.0,0.0,-0.34491030456078414,0.0,0.0,0.6336,0.1584,0.0,0.33786847530186015,0.0,0.0,0.3735004599267866,0.0,0.0,-0.39685462753680584,0.0020777729190408684,sine,1,0.4,0.5,22,44,4.679795980453491,0.0
1779527399.8233447,0.0,0.3735004599267866,0.0,0.0,-0.39685462753680584,0.0020777729190408684,-0.0396,0.9107999999999999,-0.0396,0.0,0.3309498579105249,0.0,0.0,0.3700098014227979,0.0,0.0,-0.3677658066702337,0.0,sine,1,0.4,0.5,22,44,4.689833402633667,0.0
1779527399.8333483,0.0,0.3700098014227979,0.0,0.0,-0.3677658066702337,0.0,-0.0396,1.6236000000000002,0.0396,0.0,0.3237438922976665,0.0,0.0,0.3647738136668149,0.0,0.0,-0.44464340467474583,-0.0020777729190408684,sine,1,0.4,0.5,22,44,4.699814319610596,0.0
1779527399.8433604,0.0,0.3647738136668149,0.0,0.0,-0.44464340467474583,-0.0020777729190408684,0.0,0.396,0.0792,0.0,0.31620221745876415,0.0,0.0,0.35953782591083194,0.0,0.0,-0.5028210464078902,0.0,sine,1,0.4,0.5,22,44,4.709817886352539,0.0
1779527399.8533418,0.0,0.35953782591083194,0.0,0.0,-0.5028210464078902,0.0,0.0,1.5048000000000001,0.0396,0.0,0.30834139600398747,0.0,0.0,0.35430183815484895,0.0,0.0,-0.5485320506267892,0.0,sine,1,0.4,0.5,22,44,4.71983003616333,0.0
1779527399.8633955,0.0,0.35430183815484895,0.0,0.0,-0.5485320506267892,0.0,0.0,0.5544000000000001,-0.0396,0.0,0.30020108234988074,0.0,0.0,0.3490658503988659,0.0,0.0,-0.5755430985743205,0.0,sine,1,0.4,0.5,22,44,4.729811429977417,0.0
1779527399.8733656,0.0,0.3490658503988659,0.0,0.0,-0.5755430985743205,0.0,0.0,1.1483999999999999,0.1584,0.0,0.29170349985762045,0.0,0.0,0.3420845333908886,0.0,0.0,-0.6108652381980153,-0.0020777729190408684,sine,1,0.4,0.5,22,44,4.739865064620972,0.0
1779527399.8833625,0.0,0.3420845333908886,0.0,0.0,-0.6108652381980153,-0.0020777729190408684,0.0,0.8712,0.1584,0.0,0.2829890651232083,0.0,0.0,0.3368485456349056,0.0,0.004155545838081737,-0.6461873778217101,0.0,sine,1,0.4,0.5,22,44,4.749835252761841,0.0
1779527399.8933737,0.0,0.3368485456349056,0.0,0.004155545838081737,-0.6461873778217101,0.0,0.0,1.1880000000000002,0.0396,0.0,0.2739725688103244,0.0,0.0,0.3298672286269283,0.0,0.0,-0.6773539716073231,0.0,sine,1,0.4,0.5,22,44,4.759832143783569,0.0
1779527399.9034214,0.0,0.3298672286269283,0.0,0.0,-0.6773539716073231,0.0,0.0,0.5148,0.0,0.0,0.2646723845990315,0.0,0.0,0.32288591161895097,0.0,0.0,-0.7105983383119769,0.0,sine,1,0.4,0.5,22,44,4.769843339920044,0.0
1779527399.9133823,0.0,0.32288591161895097,0.0,0.0,-0.7105983383119769,0.0,0.0,1.1880000000000002,0.0792,0.0,0.25507510714995896,0.0,0.0,0.3141592653589793,0.0,0.0,-0.7396871591785491,0.0020777729190408684,sine,1,0.4,0.5,22,44,4.779891014099121,0.0
1779527399.9233525,0.0,0.3141592653589793,0.0,0.0,-0.7396871591785491,0.0020777729190408684,0.0,0.1584,0.0,0.0,0.24530984516218035,0.0,0.0,0.3089232776029963,0.0,0.0,-0.6918983820406092,0.0,sine,1,0.4,0.5,22,44,4.789851903915405,0.0
1779527399.9333665,0.0,0.3089232776029963,0.0,0.0,-0.6918983820406092,0.0,0.0396,1.3068,-0.1188,0.0,0.23529493264778042,0.0,0.0,0.30019663134302466,0.0,0.0,-0.7708537529641621,0.0,sine,1,0.4,0.5,22,44,4.799822092056274,0.0
1779527399.9433897,0.0,0.30019663134302466,0.0,0.0,-0.7708537529641621,0.0,0.0,0.396,-0.0792,0.0,0.22500361803721908,0.0,0.0,0.2932153143350474,0.0,0.0,-0.7334538404214266,0.0,sine,1,0.4,0.5,22,44,4.809836149215698,0.0
1779527399.95336,0.0,0.2932153143350474,0.0,0.0,-0.7334538404214266,0.0,0.0792,1.4255999999999998,-0.1188,0.0,0.2144800174510203,0.0,0.0,0.2844886680750757,0.0,0.0,-0.8414980322115517,0.0,sine,1,0.4,0.5,22,44,4.819859266281128,0.0
1779527399.9633703,0.0,0.2844886680750757,0.0,0.0,-0.8414980322115517,0.0,0.0,1.1088000000000002,-0.396,0.0,0.20380074823976413,0.0,0.0,0.27576202181510406,0.0,0.0,-0.8851312635114099,0.0020777729190408684,sine,1,0.4,0.5,22,44,4.829829692840576,0.0
1779527399.9733868,0.0,0.27576202181510406,0.0,0.0,-0.8851312635114099,0.0020777729190408684,-0.0396,0.9504,0.0792,0.0,0.1928777084262152,0.0,0.0,0.2670353755551324,0.0,0.0,-0.8477313509686742,-0.0020777729190408684,sine,1,0.4,0.5,22,44,4.839839935302734,0.0
1779527399.9833963,0.0,0.2670353755551324,0.0,0.0,-0.8477313509686742,-0.0020777729190408684,0.0396,0.7524000000000001,0.0792,0.0,0.18175699242508245,0.0,0.0,0.25830872929516074,0.0,0.0,-0.9412311323255134,0.0,sine,1,0.4,0.5,22,44,4.849856376647949,0.0
1779527399.993346,0.0,0.25830872929516074,0.0,0.0,-0.9412311323255134,0.0,0.0,1.2672,0.1188,0.0,0.17046417408391823,0.0,0.0,0.2478367537831948,0.0,0.0,-0.9827865907063308,0.0,sine,1,0.4,0.5,22,44,4.85986590385437,0.0
1779527400.0033553,0.0,0.2478367537831948,0.0,0.0,-0.9827865907063308,0.0,0.0,1.0692,-0.1584,0.0,0.15907180908173546,0.0,0.0,0.23736477827122884,0.0,0.0,-1.0243420490871482,-0.0020777729190408684,sine,1,0.4,0.5,22,44,4.8698155879974365,0.0
1779527400.013323,0.0,0.23736477827122884,0.0,0.0,-1.0243420490871482,-0.0020777729190408684,0.0,0.3168,0.35639999999999994,0.0,0.14745441127005707,0.0,0.0,0.22689280275926285,0.0,0.0,-1.0368086866013932,0.0,sine,1,0.4,0.5,22,44,4.879824876785278,0.0
1779527400.0233464,0.0,0.22689280275926285,0.0,0.0,-1.0368086866013932,0.0,0.0396,0.3168,0.1584,0.0,0.1357402623654011,0.0,0.0,0.22689280275926285,0.0,0.0,-1.0368086866013932,0.0,sine,1,0.4,0.5,22,44,4.8897926807403564,0.0
1779527400.0334244,0.0,0.22689280275926285,0.0,0.0,-1.0368086866013932,0.0,0.0396,0.3168,0.1584,0.0,0.1238266382489493,0.0,0.0,0.2059488517353309,0.0,0.0,-1.0721308262250882,0.0,sine,1,0.4,0.5,22,44,4.899816036224365,0.0
1779527400.044104,0.0,0.2059488517353309,0.0,0.0,-1.0721308262250882,0.0,0.0,1.0296,0.0792,0.0,0.11172436332647794,0.0,0.0,0.19722220547535924,0.0,0.0,-0.9931754553015351,-0.0020777729190408684,sine,1,0.4,0.5,22,44,4.909893989562988,0.0
1779527400.0533557,0.0,0.19722220547535924,0.0,0.0,-0.9931754553015351,-0.0020777729190408684,0.1188,1.5048000000000001,0.2376,0.0,0.09877749654275125,0.0,0.0,0.18500490071139894,0.0,0.0,-1.086675236658374,0.0,sine,1,0.4,0.5,22,44,4.920573711395264,0.0
1779527400.0633664,0.0,0.18500490071139894,0.0,0.0,-1.086675236658374,0.0,-0.0792,1.2276,0.2376,0.0,0.08747152351692997,0.0,0.0,0.17453292519943295,0.0,-0.0020777729190408684,-1.1303084679582325,0.0020777729190408684,sine,1,0.4,0.5,22,44,4.929825305938721,0.0
1779527400.0733647,0.0,0.17453292519943295,0.0,-0.0020777729190408684,-1.1303084679582325,0.0020777729190408684,-0.0396,1.4652,0.0792,0.0,0.07515492281146145,0.0,0.0,0.16406094968746698,0.0,0.0,-1.059664188710843,0.0,sine,1,0.4,0.5,22,44,4.939836025238037,0.0
1779527400.0833454,0.0,0.16406094968746698,0.0,0.0,-1.059664188710843,0.0,-0.0792,0.8712,0.2376,0.0,0.06277938065120786,0.0,0.0,0.1518436449235067,0.0,0.0,-1.1490084242296001,-0.004155545838081737,sine,1,0.4,0.5,22,44,4.94983434677124,0.0
1779527400.093362,0.0,0.1518436449235067,0.0,0.0,-1.1490084242296001,-0.004155545838081737,0.0396,-0.0792,0.4752,0.0,0.05036389806778774,0.0,0.0,0.13962634015954636,0.0,0.0,-1.1739416992580907,0.0020777729190408684,sine,1,0.4,0.5,22,44,4.95981502532959,0.0
1779527400.1033468,0.0,0.13962634015954636,0.0,0.0,-1.1739416992580907,0.0020777729190408684,0.0,0.4752,0.0396,0.0,0.037853867092467804,0.0,0.0,0.12915436464758037,0.0,0.0,-1.0970641012535784,0.0,sine,1,0.4,0.5,22,44,4.969831705093384,0.0
1779527400.113359,0.0,0.12915436464758037,0.0,0.0,-1.0970641012535784,0.0,-0.0792,0.4356,0.396,0.0,0.02534642080439763,0.0,0.0,0.11868238913561442,0.0,0.0,-1.1739416992580907,0.0,sine,1,0.4,0.5,22,44,4.979816436767578,0.0
1779527400.1235197,0.0,0.11868238913561442,0.0,0.0,-1.1739416992580907,0.0,0.0,0.9107999999999999,0.198,0.0,0.012779599968409168,0.0,0.0,0.10646508437165411,0.0,0.0,-1.2217304763960306,0.0020777729190408684,sine,1,0.4,0.5,22,44,4.989828586578369,0.0
1779527400.1333406,0.0,0.10646508437165411,0.0,0.0,-1.2217304763960306,0.0020777729190408684,0.0396,1.3068,0.0,0.0,1.3482253016229581e-05,0.0,0.0,0.09250245035569947,0.0,0.0,-1.261208161857807,0.0,sine,1,0.4,0.5,22,44,4.99998927116394,0.0
1779527400.143335,0.0,0.09250245035569947,0.0,0.0,-1.261208161857807,0.0,-0.0396,0.6732,0.1584,0.0,-0.01232592103657246,0.0,0.0,0.08203047484373349,0.0,-0.0020777729190408684,-1.1490084242296001,0.0,sine,1,0.4,0.5,22,44,5.009810209274292,0.0
1779527400.1533358,0.0,0.08203047484373349,0.0,-0.0020777729190408684,-1.1490084242296001,0.0,0.0396,1.4255999999999998,0.0,0.0,-0.024871286369781788,0.0,0.0,0.06981317007977318,0.0,0.0,-1.1323862408772734,0.0,sine,1,0.4,0.5,22,44,5.0198047161102295,0.0
1779527400.1634164,0.0,0.06981317007977318,0.0,0.0,-1.1323862408772734,0.0,0.0396,1.1483999999999999,0.2376,0.0,-0.037399889331147435,0.0,0.0,0.05759586531581287,0.0,0.0,-1.232119340991235,0.0,sine,1,0.4,0.5,22,44,5.029805421829224,0.0
1779527400.1734378,0.0,0.05759586531581287,0.0,0.0,-1.232119340991235,0.0,0.0396,1.2672,0.0,0.0,-0.04999116043228491,0.0,0.0,0.04537856055185257,0.0,0.0,-1.2695192535339705,-0.0020777729190408684,sine,1,0.4,0.5,22,44,5.039885997772217,0.0
1779527400.1833348,0.0,0.04537856055185257,0.0,0.0,-1.2695192535339705,-0.0020777729190408684,0.0792,1.1880000000000002,0.2376,0.0,-0.06245890840080816,0.0,0.0,0.03316125578789226,0.0,0.0,-1.2819858910482158,0.0,sine,1,0.4,0.5,22,44,5.049907445907593,0.0
1779527400.193335,0.0,0.03316125578789226,0.0,0.0,-1.2819858910482158,0.0,-0.0792,0.9107999999999999,0.4752,0.0,-0.07471111606991902,0.0,0.0,0.019198621771937627,0.0,-0.0020777729190408684,-1.2923747556434202,0.0020777729190408684,sine,1,0.4,0.5,22,44,5.059804439544678,0.0
1779527400.2034209,0.0,0.019198621771937627,0.0,-0.0020777729190408684,-1.2923747556434202,0.0020777729190408684,-0.1188,0.6732,0.1584,0.0,-0.08701773074309836,0.0,0.0,0.006981317007977318,0.0,0.0,-1.3110747119147879,0.0,sine,1,0.4,0.5,22,44,5.069804668426514,0.0
1779527400.2133567,0.0,0.006981317007977318,0.0,0.0,-1.3110747119147879,0.0,0.0396,0.6336,0.198,0.0,-0.09934265755063203,0.0,0.0,-0.005235987755982989,0.0,0.004155545838081737,-1.306919166076706,0.0,sine,1,0.4,0.5,22,44,5.079890489578247,0.0
1779527400.2234192,0.0,-0.005235987755982989,0.0,0.004155545838081737,-1.306919166076706,0.0,0.0,0.5148,0.1188,0.0,-0.11138686980947934,0.0,0.0,-0.017453292519943295,0.0,0.0,-1.2923747556434202,0.0,sine,1,0.4,0.5,22,44,5.089826345443726,0.0
1779527400.2333431,0.0,-0.017453292519943295,0.0,0.0,-1.2923747556434202,0.0,-0.1188,0.396,0.198,0.0,-0.12347389331758174,0.0,0.0,-0.027925268031909273,0.0,0.0,-1.1739416992580907,0.0,sine,1,0.4,0.5,22,44,5.099888801574707,0.0
1779527400.2434566,0.0,-0.027925268031909273,0.0,0.0,-1.1739416992580907,0.0,0.0792,0.9504,0.2376,0.0,-0.13527373449286328,0.0,0.0,-0.04188790204786391,0.0,0.0,-1.2362748868293167,0.0,sine,1,0.4,0.5,22,44,5.1098127365112305,0.0
1779527400.253473,0.0,-0.04188790204786391,0.0,0.0,-1.2362748868293167,0.0,0.0396,0.8316,0.396,0.0,-0.14716360643145712,0.0,0.0,-0.054105206811824215,0.0,-0.0020777729190408684,-1.2466637514245211,0.0,sine,1,0.4,0.5,22,44,5.11992621421814,0.0
1779527400.2634144,0.0,-0.054105206811824215,0.0,-0.0020777729190408684,-1.2466637514245211,0.0,-0.0792,1.1088000000000002,0.2376,0.0,-0.15879301922781408,0.0,0.0,-0.06632251157578452,0.0,-0.0020777729190408684,-1.2653637076958888,0.0,sine,1,0.4,0.5,22,44,5.1299426555633545,0.0
1779527400.273502,0.0,-0.06632251157578452,0.0,-0.0020777729190408684,-1.2653637076958888,0.0,-0.0792,1.0296,0.1584,0.0,-0.17017980314931355,0.0,0.0,-0.07853981633974483,0.0,0.0,-1.263285934776848,0.0,sine,1,0.4,0.5,22,44,5.139883995056152,0.0
1779527400.2833893,0.0,-0.07853981633974483,0.0,0.0,-1.263285934776848,0.0,0.0,1.1880000000000002,0.0396,0.0,-0.18156453884239998,0.0,0.0,-0.09075712110370514,0.0,0.0,-1.263285934776848,0.0,sine,1,0.4,0.5,22,44,5.1499717235565186,0.0
1779527400.2934089,0.0,-0.09075712110370514,0.0,0.0,-1.263285934776848,0.0,0.0,1.3464,0.198,0.0,-0.19254611776739075,0.0,0.0,-0.10297442586766545,0.0,0.0020777729190408684,-1.2466637514245211,-0.0020777729190408684,sine,1,0.4,0.5,22,44,5.15985894203186,0.0
1779527400.3034961,0.0,-0.10297442586766545,0.0,0.0020777729190408684,-1.2466637514245211,-0.0020777729190408684,0.0,1.3860000000000001,0.198,0.0,-0.20348511358156163,0.0,0.0,-0.11519173063162574,0.0,0.0,-1.2217304763960306,0.0,sine,1,0.4,0.5,22,44,5.1698784828186035,0.0
1779527400.313343,0.0,-0.11519173063162574,0.0,0.0,-1.2217304763960306,0.0,0.0,1.4652,0.0792,0.0,-0.21429436056341924,0.0,0.0,-0.12740903539558607,0.0,-0.0020777729190408684,-1.198874974286581,0.0,sine,1,0.4,0.5,22,44,5.1799657344818115,0.0
1779527400.3235018,0.0,-0.12740903539558607,0.0,-0.0020777729190408684,-1.198874974286581,0.0,0.0396,1.0692,0.0396,0.0,-0.2246386024636259,0.0,0.0,-0.13962634015954636,0.0,0.0,-1.1822527909342542,0.0,sine,1,0.4,0.5,22,44,5.189812660217285,0.0
1779527400.3333402,0.0,-0.13962634015954636,0.0,0.0,-1.1822527909342542,0.0,0.0,1.3464,-0.198,0.0,-0.2350850621228506,0.0,0.0,-0.15009831567151233,0.0,0.0,-1.086675236658374,-0.0020777729190408684,sine,1,0.4,0.5,22,44,5.199971437454224,0.0
1779527400.343372,0.0,-0.15009831567151233,0.0,0.0,-1.086675236658374,-0.0020777729190408684,0.0792,1.5048000000000001,-0.1584,0.0,-0.2449739011362076,0.0,0.0,-0.16057029118347835,0.0,0.0,-1.1427751054724775,0.0,sine,1,0.4,0.5,22,44,5.20980978012085,0.0
1779527400.353346,0.0,-0.16057029118347835,0.0,0.0,-1.1427751054724775,0.0,0.0,0.9504,0.1584,0.0,-0.254816307619232,0.0,0.0,-0.17278759594743864,0.0,0.0,-1.1469306513105593,0.0,sine,1,0.4,0.5,22,44,5.219841718673706,0.0
1779527400.3634417,0.0,-0.17278759594743864,0.0,0.0,-1.1469306513105593,0.0,-0.0396,0.9107999999999999,0.1188,0.0,-0.2643509977065203,0.0,0.0,-0.1832595714594046,0.0,0.0,-1.1448528783915184,0.0,sine,1,0.4,0.5,22,44,5.229815721511841,0.0
1779527400.3733616,0.0,-0.1832595714594046,0.0,0.0,-1.1448528783915184,0.0,-0.0792,0.5148,-0.0792,0.0,-0.273737594528757,0.0,0.0,-0.1954768762233649,0.0,0.0,-1.1157640575249463,0.0,sine,1,0.4,0.5,22,44,5.239911317825317,0.0
1779527400.383428,0.0,-0.1954768762233649,0.0,0.0,-1.1157640575249463,0.0,0.0792,0.396,0.198,0.0,-0.2826926806685611,0.0,0.0,-0.2059488517353309,0.0,0.0,-1.0908307824964558,0.0,sine,1,0.4,0.5,22,44,5.249831199645996,0.0
1779527400.3933992,0.0,-0.2059488517353309,0.0,0.0,-1.0908307824964558,0.0,0.0396,0.198,-0.1584,0.0,-0.29149944231469643,0.0,0.0,-0.21642082724729686,0.0,0.0,-1.0658975074679655,0.0,sine,1,0.4,0.5,22,44,5.259897708892822,0.0
1779527400.4032981,0.0,-0.21642082724729686,0.0,0.0,-1.0658975074679655,0.0,0.0396,0.8712,-0.1188,0.0,-0.2999354135228531,0.0,0.0,-0.22689280275926285,0.0,0.0,-1.040964232439475,0.0,sine,1,0.4,0.5,22,44,5.269868850708008,0.0
1779527400.413349,0.0,-0.22689280275926285,0.0,0.0,-1.040964232439475,0.0,0.0,1.4652,-0.1584,0.0,-0.3080191817315119,0.0,0.0,-0.23736477827122884,0.0,0.0,-1.026419822006189,0.0,sine,1,0.4,0.5,22,44,5.279767751693726,0.0
1779527400.4234884,0.0,-0.23736477827122884,0.0,0.0,-1.026419822006189,0.0,0.0,1.3068,-0.2376,0.0,-0.3159221814772109,0.0,0.0,-0.24609142453120048,0.0,0.0,-0.9329200406493499,0.0,sine,1,0.4,0.5,22,44,5.289818525314331,0.0
1779527400.4334311,0.0,-0.24609142453120048,0.0,0.0,-0.9329200406493499,0.0,-0.0396,0.0396,0.0,0.0,-0.32357576544816435,0.0,0.0,-0.25481807079117214,0.0,0.0,-0.962008861515922,0.0,sine,1,0.4,0.5,22,44,5.299957990646362,0.0
1779527400.4434736,0.0,-0.25481807079117214,0.0,0.0,-0.962008861515922,0.0,-0.0396,0.0792,0.1584,0.0,-0.33076211742606026,0.0,0.0,-0.26529004630313807,0.0,0.0,-0.9412311323255134,0.0,sine,1,0.4,0.5,22,44,5.309900760650635,0.0
1779527400.453367,0.0,-0.26529004630313807,0.0,0.0,-0.9412311323255134,0.0,0.0,1.5444,-0.0792,0.0,-0.3376929121323056,0.0,0.0,-0.27401669256310973,0.0,0.0,-0.9349978135683907,0.0,sine,1,0.4,0.5,22,44,5.319943189620972,0.0
1779527400.4634814,0.0,-0.27401669256310973,0.0,0.0,-0.9349978135683907,0.0,0.0,0.9504,-0.27720000000000006,0.0,-0.34419224614861355,0.0,0.0,-0.28274333882308134,0.0,0.0,-0.8975979010256552,0.0,sine,1,0.4,0.5,22,44,5.32983660697937,0.0
1779527400.4734862,0.0,-0.28274333882308134,0.0,0.0,-0.8975979010256552,0.0,-0.1188,0.6732,-0.1584,0.0,-0.3504930270075644,0.0,0.0,-0.291469985083053,0.0,-0.0020777729190408684,-0.8643535343210013,0.0,sine,1,0.4,0.5,22,44,5.339951038360596,0.0
1779527400.4833455,0.0,-0.291469985083053,0.0,-0.0020777729190408684,-0.8643535343210013,0.0,0.0,0.8712,-0.1584,0.0,-0.35637738848205996,0.0,0.0,-0.30019663134302466,0.0,0.0,-0.8414980322115517,0.0020777729190408684,sine,1,0.4,0.5,22,44,5.349955797195435,0.0
1779527400.493536,0.0,-0.30019663134302466,0.0,0.0,-0.8414980322115517,0.0020777729190408684,0.0,1.2276,0.0,0.0,-0.3618318402658632,0.0,0.0,-0.30717794835100204,0.0,0.0020777729190408684,-0.7563093425308761,-0.0020777729190408684,sine,1,0.4,0.5,22,44,5.3598151206970215,0.0
1779527400.5033681,0.0,-0.30717794835100204,0.0,0.0020777729190408684,-0.7563093425308761,-0.0020777729190408684,-0.0792,0.1584,0.0,0.0,-0.3671046488082965,0.0,0.0,-0.3141592653589793,0.0,0.0,-0.758387115449917,0.0,sine,1,0.4,0.5,22,44,5.3700056076049805,0.0
1779527400.51338,0.0,-0.3141592653589793,0.0,0.0,-0.758387115449917,0.0,0.0,1.0692,-0.0792,0.0,-0.3718354900065639,0.0,0.0,-0.32288591161895097,0.0,0.0,-0.7396871591785491,0.0020777729190408684,sine,1,0.4,0.5,22,44,5.37983775138855,0.0
1779527400.5233593,0.0,-0.32288591161895097,0.0,0.0,-0.7396871591785491,0.0020777729190408684,0.0,0.9107999999999999,-0.1584,0.0,-0.3762882714703992,0.0,0.0,-0.3298672286269283,0.0,0.0,-0.7230649758262222,-0.0020777729190408684,sine,1,0.4,0.5,22,44,5.389849662780762,0.0
1779527400.5335608,0.0,-0.3298672286269283,0.0,0.0,-0.7230649758262222,-0.0020777729190408684,-0.0396,0.4752,-0.0792,0.0,-0.38035611384443013,0.0,0.0,-0.3368485456349056,0.0,0.0,-0.6898206091215683,0.0,sine,1,0.4,0.5,22,44,5.399828910827637,0.0
1779527400.543339,0.0,-0.3368485456349056,0.0,0.0,-0.6898206091215683,0.0,0.0,1.3068,0.0,0.0,-0.3841281182020498,0.0,0.0,-0.3420845333908886,0.0,0.0,-0.662809561174037,0.0,sine,1,0.4,0.5,22,44,5.410030364990234,0.0
1779527400.5533907,0.0,-0.3420845333908886,0.0,0.0,-0.662809561174037,0.0,0.0,0.2376,0.0396,0.0,-0.3873733876388954,0.0,0.0,-0.3490658503988659,0.0,0.0,-0.6274874215503422,0.0,sine,1,0.4,0.5,22,44,5.419808626174927,0.0
1779527400.5633566,0.0,-0.3490658503988659,0.0,0.0,-0.6274874215503422,0.0,-0.0396,1.0296,0.0396,0.0,-0.39032838634217726,0.0,0.0,-0.35430183815484895,0.0,0.0,-0.5900875090076066,0.0,sine,1,0.4,0.5,22,44,5.429860353469849,0.0
1779527400.5733843,0.0,-0.35430183815484895,0.0,0.0,-0.5900875090076066,0.0,-0.0396,0.1584,-0.0396,0.0,-0.3928739288108096,0.0,0.0,-0.35953782591083194,0.0,0.0,-0.5464542777077483,0.0,sine,1,0.4,0.5,22,44,5.439826250076294,0.0
1779527400.583378,0.0,-0.35953782591083194,0.0,0.0,-0.5464542777077483,0.0,-0.0396,0.7127999999999999,-0.1584,0.0,-0.39504657351655026,0.0,0.0,-0.3647738136668149,0.0,0.0,-0.5007432734888493,0.0,sine,1,0.4,0.5,22,44,5.449853897094727,0.0
1779527400.5933645,0.0,-0.3647738136668149,0.0,0.0,-0.5007432734888493,0.0,0.0,1.4652,0.0,0.0,-0.3968218463073996,0.0,0.0,-0.3700098014227979,0.0,0.0,-0.46334336094611367,0.0,sine,1,0.4,0.5,22,44,5.459847688674927,0.0
1779527400.6033816,0.0,-0.3700098014227979,0.0,0.0,-0.46334336094611367,0.0,0.0,0.6336,0.0,0.0,-0.39820511114749063,0.0,0.0,-0.3735004599267866,0.0,-0.0020777729190408684,-0.4363323129985824,0.0,sine,1,0.4,0.5,22,44,5.469834089279175,0.0
1779527400.6133668,0.0,-0.3735004599267866,0.0,-0.0020777729190408684,-0.4363323129985824,0.0,0.0,1.0692,0.0,0.0,-0.39919891035137023,0.0,0.0,-0.37699111843077515,0.0,0.0,-0.3864657629416015,0.0,sine,1,0.4,0.5,22,44,5.479851245880127,0.0
1779527400.6233406,0.0,-0.37699111843077515,0.0,0.0,-0.3864657629416015,0.0,-0.0396,1.6236000000000002,0.0396,0.0,-0.3997961159160126,0.0,0.0,-0.38048177693476387,0.0,0.0,-0.35529916915598847,0.0020777729190408684,sine,1,0.4,0.5,22,44,5.4898364543914795,0.0
1779527400.6333535,0.0,-0.38048177693476387,0.0,0.0,-0.35529916915598847,0.0020777729190408684,-0.0396,0.3168,0.0,0.0,-0.3999999289054918,0.0,0.0,-0.3839724354387525,0.0,0.0020777729190408684,-0.315821483694212,0.0,sine,1,0.4,0.5,22,44,5.499810218811035,0.0
1779527400.6433463,0.0,-0.3839724354387525,0.0,0.0020777729190408684,-0.315821483694212,0.0,-0.0792,0.7127999999999999,0.0,0.0,-0.39980954561378695,0.0,0.0,-0.3874630939427412,0.0,0.0,-0.27842157115147637,0.0,sine,1,0.4,0.5,22,44,5.5098230838775635,0.0
1779527400.65334,0.0,-0.3874630939427412,0.0,0.0,-0.27842157115147637,0.0,0.0,1.3464,0.0792,0.0,-0.399225149288746,0.0,0.0,-0.3892084231947355,0.0,-0.004155545838081737,-0.22855502109449552,0.0,sine,1,0.4,0.5,22,44,5.519815921783447,0.0
1779527400.6633651,0.0,-0.3892084231947355,0.0,-0.004155545838081737,-0.22855502109449552,0.0,0.0396,1.782,0.0396,0.0,-0.39824721797991913,0.0,0.0,-0.3909537524467298,0.0,0.0,-0.1973884273088825,0.0,sine,1,0.4,0.5,22,44,5.5298097133636475,0.0
1779527400.6733563,0.0,-0.3909537524467298,0.0,0.0,-0.1973884273088825,0.0,0.0,1.3860000000000001,0.1584,0.0,-0.3968718555721167,0.0,0.0,-0.39269908169872414,0.0,0.0,-0.1641440606042286,0.0,sine,1,0.4,0.5,22,44,5.53983473777771,0.0
1779527400.6833394,0.0,-0.39269908169872414,0.0,0.0,-0.1641440606042286,0.0,0.0,0.5148,0.0792,0.0,-0.39510950063121286,0.0,0.0,-0.39269908169872414,0.0,0.0,-0.12051082930437036,0.0,sine,1,0.4,0.5,22,44,5.54982590675354,0.0
1779527400.693385,0.0,-0.39269908169872414,0.0,0.0,-0.12051082930437036,0.0,0.0,0.5148,0.3168,0.0,-0.3929598115416368,0.0,0.0,-0.39444441095071847,0.0,0.0,-0.08311091676163473,0.0,sine,1,0.4,0.5,22,44,5.559808969497681,0.0
1779527400.703368,0.0,-0.39444441095071847,0.0,0.0,-0.08311091676163473,0.0,0.0,0.2376,0.0792,0.0,-0.39040655002529784,0.0,0.0,-0.39444441095071847,0.0,0.0,-0.035322139623694765,0.0,sine,1,0.4,0.5,22,44,5.569854497909546,0.0
1779527400.7133374,0.0,-0.39444441095071847,0.0,0.0,-0.035322139623694765,0.0,0.0,0.8316,0.3168,0.0,-0.3874839783965536,0.0,0.0,-0.39444441095071847,0.0,-0.0020777729190408684,-0.008311091676163474,0.0,sine,1,0.4,0.5,22,44,5.5798375606536865,0.0
1779527400.7233734,0.0,-0.39444441095071847,0.0,-0.0020777729190408684,-0.008311091676163474,0.0,0.0,0.396,0.1584,0.0,-0.38418505590445684,0.0,0.0,-0.39444441095071847,0.0,0.0,0.029088820866572156,0.0,sine,1,0.4,0.5,22,44,5.589807033538818,0.0
1779527400.7333474,0.0,-0.39444441095071847,0.0,0.0,0.029088820866572156,0.0,0.0,0.35639999999999994,0.1188,0.0,-0.380483517054604,0.0,0.0,-0.39444441095071847,0.0,0.0,0.04986655005698084,0.0,sine,1,0.4,0.5,22,44,5.5998430252075195,0.0
1779527400.743388,0.0,-0.39444441095071847,0.0,0.0,0.04986655005698084,0.0,0.0,0.6336,0.0792,0.0,-0.37643013118599206,0.0,0.0,-0.39269908169872414,0.0,0.0020777729190408684,0.08103314384259387,0.0,sine,1,0.4,0.5,22,44,5.609817028045654,0.0
1779527400.7533553,0.0,-0.39269908169872414,0.0,0.0020777729190408684,0.08103314384259387,0.0,0.0,-0.1188,-0.0396,0.0,-0.3719764544860897,0.0,0.0,-0.3909537524467298,0.0,0.0,0.1308996938995747,0.0,sine,1,0.4,0.5,22,44,5.619857549667358,0.0
1779527400.7633417,0.0,-0.3909537524467298,0.0,0.0,0.1308996938995747,0.0,-0.0396,-0.198,0.0,0.0,-0.3671891935871049,0.0,0.0,-0.3892084231947355,0.0,0.0,0.18699956271367815,0.0,sine,1,0.4,0.5,22,44,5.629824876785278,0.0
1779527400.7734478,0.0,-0.3892084231947355,0.0,0.0,0.18699956271367815,0.0,-0.0396,-1.2276,0.1584,0.0,-0.36203173340775036,0.0,0.0,-0.3874630939427412,0.0,0.0,0.236866112770659,0.0,sine,1,0.4,0.5,22,44,5.639811277389526,0.0
1779527400.783308,0.0,-0.3874630939427412,0.0,0.0,0.236866112770659,0.0,0.0,-1.3860000000000001,0.2376,0.0,-0.3564497415403407,0.0,0.0,-0.3839724354387525,0.0,0.0,0.26595493363723116,0.0,sine,1,0.4,0.5,22,44,5.649917364120483,0.0
1779527400.7940648,0.0,-0.3839724354387525,0.0,0.0,0.26595493363723116,0.0,-0.0792,0.2376,0.1188,0.0,-0.35065720011054513,0.0,0.0,-0.38048177693476387,0.0,0.0,0.3282881212084572,0.0,sine,1,0.4,0.5,22,44,5.659777641296387,0.0
1779527400.8032923,0.0,-0.38048177693476387,0.0,0.0,0.3282881212084572,0.0,0.0,0.0,0.0792,0.0,-0.34395449833899716,0.0,0.0,-0.37699111843077515,0.0,0.0,0.34491030456078414,0.0,sine,1,0.4,0.5,22,44,5.670534372329712,0.0
1779527400.8133817,0.0,-0.37699111843077515,0.0,0.0,0.34491030456078414,0.0,0.0,-0.7524000000000001,0.3168,0.0,-0.3378914069244434,0.0,0.0,-0.3735004599267866,0.0,0.0,0.4010101733748876,0.0,sine,1,0.4,0.5,22,44,5.67976188659668,0.0
1779527400.8233392,0.0,-0.3735004599267866,0.0,0.0,0.4010101733748876,0.0,0.0,-1.2672,0.0792,0.0,-0.3309372368664927,0.0,0.0,-0.3735004599267866,0.0,0.0,0.4010101733748876,0.0,sine,1,0.4,0.5,22,44,5.6898512840271,0.0
1779527400.8333478,0.0,-0.3735004599267866,0.0,0.0,0.4010101733748876,0.0,0.0,-1.2672,0.0792,0.0,-0.32374793938355956,0.0,0.0,-0.3647738136668149,0.0,0.0,0.4384100859176232,0.0020777729190408684,sine,1,0.4,0.5,22,44,5.699808835983276,0.0
1779527400.8433466,0.0,-0.3647738136668149,0.0,0.0,0.4384100859176232,0.0020777729190408684,-0.0792,-1.1088000000000002,0.27720000000000006,0.0,-0.31620258444826355,0.0,0.0,-0.35953782591083194,0.0,0.0,0.5007432734888493,0.0,sine,1,0.4,0.5,22,44,5.709817409515381,0.0
1779527400.8533397,0.0,-0.35953782591083194,0.0,0.0,0.5007432734888493,0.0,-0.0396,-0.7127999999999999,0.198,0.0,-0.30835246515918385,0.0,0.0,-0.35430183815484895,0.0,0.0,0.5422987318696666,0.0,sine,1,0.4,0.5,22,44,5.719816207885742,0.0
1779527400.86336,0.0,-0.35430183815484895,0.0,0.0,0.5422987318696666,0.0,-0.0396,-0.2376,0.27720000000000006,0.0,-0.3002028643392942,0.0,0.0,-0.3490658503988659,0.0,0.0,0.5776208714933614,0.0,sine,1,0.4,0.5,22,44,5.729809284210205,0.0
1779527400.8733437,0.0,-0.3490658503988659,0.0,0.0,0.5776208714933614,0.0,0.0,-1.1880000000000002,0.198,0.0,-0.2917340432733437,0.0,0.0,-0.3490658503988659,0.0,0.0,0.5776208714933614,0.0,sine,1,0.4,0.5,22,44,5.7398295402526855,0.0
1779527400.8833618,0.0,-0.3490658503988659,0.0,0.0,0.5776208714933614,0.0,0.0,-1.1880000000000002,0.198,0.0,-0.28300854485243365,0.0,0.0,-0.3368485456349056,0.0,0.0,0.6399540590645875,0.0,sine,1,0.4,0.5,22,44,5.7498133182525635,0.0
1779527400.8933518,0.0,-0.3368485456349056,0.0,0.0,0.6399540590645875,0.0,0.0,-1.1088000000000002,0.1584,0.0,-0.2739732236943797,0.0,0.0,-0.3298672286269283,0.0,0.0,0.6690428799311596,0.0,sine,1,0.4,0.5,22,44,5.759831428527832,0.0
1779527400.9034128,0.0,-0.3298672286269283,0.0,0.0,0.6690428799311596,0.0,0.0,-0.2376,0.1188,0.0,-0.2646930508463314,0.0,0.0,-0.32288591161895097,0.0,0.0,0.7022872466358135,0.0,sine,1,0.4,0.5,22,44,5.769821405410767,0.0
1779527400.9134293,0.0,-0.32288591161895097,0.0,0.0,0.7022872466358135,0.0,-0.0396,-0.7524000000000001,0.27720000000000006,0.0,-0.25508341530636386,0.0,0.0,-0.31590459461097364,0.0,0.0,0.7313760675023857,0.0,sine,1,0.4,0.5,22,44,5.779882431030273,0.0
1779527400.9235203,0.0,-0.31590459461097364,0.0,0.0,0.7313760675023857,0.0,0.0,-1.0692,0.27720000000000006,0.0,-0.2452632225554086,0.0,0.0,-0.3089232776029963,0.0,0.0020777729190408684,0.6918983820406092,0.0,sine,1,0.4,0.5,22,44,5.789898872375488,0.0
1779527400.9333453,0.0,-0.3089232776029963,0.0,0.0020777729190408684,0.6918983820406092,0.0,-0.0396,0.2376,0.198,0.0,-0.23512432949043874,0.0,0.0,-0.30019663134302466,0.0,0.0,0.7604648883689579,0.0,sine,1,0.4,0.5,22,44,5.799989938735962,0.0
1779527400.943464,0.0,-0.30019663134302466,0.0,0.0,0.7604648883689579,0.0,0.0,-1.2672,0.27720000000000006,0.0,-0.2250256638404304,0.0,0.0,-0.291469985083053,0.0,0.0020777729190408684,0.8290313946973065,0.0,sine,1,0.4,0.5,22,44,5.809814929962158,0.0
1779527400.9534278,0.0,-0.291469985083053,0.0,0.0020777729190408684,0.8290313946973065,0.0,0.0,-0.4752,0.396,0.0,-0.21440110854504035,0.0,0.0,-0.2844886680750757,0.0,0.0020777729190408684,0.7916314821545708,0.0,sine,1,0.4,0.5,22,44,5.819933652877808,0.0
1779527400.9633477,0.0,-0.2844886680750757,0.0,0.0020777729190408684,0.7916314821545708,0.0,0.0,-0.5940000000000001,0.35639999999999994,0.0,-0.2037275279991337,0.0,0.0,-0.27576202181510406,0.0,0.0,0.7853981633974483,0.0,sine,1,0.4,0.5,22,44,5.829897403717041,0.0
1779527400.9734204,0.0,-0.27576202181510406,0.0,0.0,0.7853981633974483,0.0,0.0,-1.5444,0.3168,0.0,-0.19290264294840176,0.0,0.0,-0.2687807048071268,0.0,0.0,0.8040981196688161,0.0,sine,1,0.4,0.5,22,44,5.83981728553772,0.0
1779527400.9833739,0.0,-0.2687807048071268,0.0,0.0,0.8040981196688161,0.0,0.0,0.0396,0.198,0.0,-0.18171936003924574,0.0,0.0,-0.26005405854715513,0.0,0.0,0.8352647134544291,0.0,sine,1,0.4,0.5,22,44,5.8498899936676025,0.0
1779527400.9934835,0.0,-0.26005405854715513,0.0,0.0,0.8352647134544291,0.0,0.0,-0.8316,0.3168,0.0,-0.17048965118713733,0.0,0.0,-0.25132741228718347,0.0,0.0,0.9412311323255134,0.0,sine,1,0.4,0.5,22,44,5.859843492507935,0.0
1779527401.0034516,0.0,-0.25132741228718347,0.0,0.0,0.9412311323255134,0.0,0.0,-0.792,0.35639999999999994,0.0,-0.158913179547799,0.0,0.0,-0.25132741228718347,0.0,0.0,0.9412311323255134,0.0,sine,1,0.4,0.5,22,44,5.869953155517578,0.0
1779527401.013376,0.0,-0.25132741228718347,0.0,0.0,0.9412311323255134,0.0,0.0,-0.792,0.35639999999999994,0.0,-0.14734188828184305,0.0,0.0,-0.2303834612632515,0.0,0.0,1.0430420053585159,0.0,sine,1,0.4,0.5,22,44,5.879921197891235,0.0
1779527401.0233896,0.0,-0.2303834612632515,0.0,0.0,1.0430420053585159,0.0,0.0,-0.198,0.3168,0.0,-0.13567769489322432,0.0,0.0,-0.2181661564992912,0.0,0.0,1.0825196908202923,0.0,sine,1,0.4,0.5,22,44,5.889845609664917,0.0
1779527401.0333657,0.0,-0.2181661564992912,0.0,0.0,1.0825196908202923,0.0,0.0,0.1188,0.5544000000000001,0.0,-0.12377507232440013,0.0,0.0,-0.20943951023931953,0.0,0.0,1.0181087303300256,-0.0020777729190408684,sine,1,0.4,0.5,22,44,5.899859189987183,0.0
1779527401.0434911,0.0,-0.20943951023931953,0.0,0.0,1.0181087303300256,-0.0020777729190408684,0.0,-0.0396,0.396,0.0,-0.11179513108677784,0.0,0.0,-0.19722220547535924,0.0,0.0,1.086675236658374,0.0,sine,1,0.4,0.5,22,44,5.909835338592529,0.0
1779527401.0533466,0.0,-0.19722220547535924,0.0,0.0,1.086675236658374,0.0,0.0,-0.7127999999999999,0.35639999999999994,0.0,-0.09952374308590366,0.0,0.0,-0.1867502299633933,0.0,0.0,1.0368086866013932,0.0,sine,1,0.4,0.5,22,44,5.9199607372283936,0.0
1779527401.0634847,0.0,-0.1867502299633933,0.0,0.0,1.0368086866013932,0.0,-0.0792,-1.584,0.27720000000000006,0.0,-0.08748263294246719,0.0,0.0,-0.1762782544514273,0.0,0.0,1.1240751492011098,0.0,sine,1,0.4,0.5,22,44,5.929816246032715,0.0
1779527401.0735505,0.0,-0.1762782544514273,0.0,0.0,1.1240751492011098,0.0,0.0,-1.782,0.396,0.0,-0.07500895979566302,0.0,0.0,-0.16406094968746698,0.0,0.0,1.1656306075819272,-0.0020777729190408684,sine,1,0.4,0.5,22,44,5.9399542808532715,0.0
1779527401.0833454,0.0,-0.16406094968746698,0.0,0.0,1.1656306075819272,-0.0020777729190408684,-0.0792,-1.7028,0.4752,0.0,-0.0625488696819304,0.0,0.0,-0.15358897417550102,0.0,0.0020777729190408684,1.1884861096913768,0.0,sine,1,0.4,0.5,22,44,5.95002007484436,0.0
1779527401.093535,0.0,-0.15358897417550102,0.0,0.0020777729190408684,1.1884861096913768,0.0,0.0,-1.98,0.4752,0.0,-0.050363898067787086,0.0,0.0,-0.14137166941154067,0.0,0.0,1.1926416555294586,0.0,sine,1,0.4,0.5,22,44,5.95981502532959,0.0
1779527401.1035013,0.0,-0.14137166941154067,0.0,0.0,1.1926416555294586,0.0,0.0,-1.0296,0.5544000000000001,0.0,-0.03763762228714668,0.0,0.0,-0.12915436464758037,0.0,0.0,1.215497157638908,0.0,sine,1,0.4,0.5,22,44,5.970004558563232,0.0
1779527401.1134937,0.0,-0.12915436464758037,0.0,0.0,1.215497157638908,0.0,0.0,-0.9504,0.5148,0.0,-0.025152663544959142,0.0,0.0,-0.11693705988362009,0.0,0.0,1.2300415680721941,0.0,sine,1,0.4,0.5,22,44,5.979970932006836,0.0
1779527401.1233304,0.0,-0.11693705988362009,0.0,0.0,1.2300415680721941,0.0,0.0,-0.792,0.4752,0.0,-0.012610408068238588,0.0,0.0,-0.10471975511965977,0.0,-0.0020777729190408684,1.2445859785054803,0.0,sine,1,0.4,0.5,22,44,5.9899632930755615,0.0
1779527401.1334565,0.0,-0.10471975511965977,0.0,-0.0020777729190408684,1.2445859785054803,0.0,0.0396,-1.3068,0.5148,0.0,-0.0002513691008456341,0.0,0.0,-0.09075712110370514,0.0,-0.0020777729190408684,1.2425082055864394,0.0020777729190408684,sine,1,0.4,0.5,22,44,5.999799966812134,0.0
1779527401.1433685,0.0,-0.09075712110370514,0.0,-0.0020777729190408684,1.2425082055864394,0.0020777729190408684,0.0396,-0.7127999999999999,-0.4752,0.0,0.01247145940153282,0.0,0.0,-0.07853981633974483,0.0,0.0,1.2425082055864394,-0.0020777729190408684,sine,1,0.4,0.5,22,44,6.009926080703735,0.0
1779527401.1533656,0.0,-0.07853981633974483,0.0,0.0,1.2425082055864394,-0.0020777729190408684,-0.0396,-0.792,0.5940000000000001,0.0,0.02491314985960003,0.0,0.0,-0.06806784082777886,0.0,0.0,1.136541786715355,0.0,sine,1,0.4,0.5,22,44,6.019838094711304,0.0
1779527401.1633928,0.0,-0.06806784082777886,0.0,0.0,1.136541786715355,0.0,0.0396,-0.4356,0.5544000000000001,0.0,0.03743717580991566,0.0,0.0,-0.05759586531581287,0.0,-0.0020777729190408684,1.0991418741726193,0.0,sine,1,0.4,0.5,22,44,6.029835224151611,0.0
1779527401.173351,0.0,-0.05759586531581287,0.0,-0.0020777729190408684,1.0991418741726193,0.0,-0.0396,-0.1584,-0.5148,0.0,0.04996173189420168,0.0,0.0,-0.04537856055185257,0.0,0.0,1.0949863283345376,0.0,sine,1,0.4,0.5,22,44,6.039862394332886,0.0
1779527401.1835587,0.0,-0.04537856055185257,0.0,0.0,1.0949863283345376,0.0,-0.0396,0.27720000000000006,-0.5544000000000001,0.0,0.06235118734395587,0.0,0.0,-0.03316125578789226,0.0,0.0,1.2217304763960306,0.0,sine,1,0.4,0.5,22,44,6.0498206615448,0.0
1779527401.193379,0.0,-0.03316125578789226,0.0,0.0,1.2217304763960306,0.0,0.0,0.2376,-0.5148,0.0,0.07498747646122021,0.0,0.0,-0.020943951023931956,0.0,0.0020777729190408684,1.2840636639672567,0.0,sine,1,0.4,0.5,22,44,6.060028314590454,0.0
1779527401.2033882,0.0,-0.020943951023931956,0.0,0.0020777729190408684,1.2840636639672567,0.0,-0.0792,0.396,0.35639999999999994,0.0,0.08707153707340945,0.0,0.0,-0.006981317007977318,0.0,0.0,1.3027636202386246,-0.0020777729190408684,sine,1,0.4,0.5,22,44,6.069848537445068,0.0
1779527401.2133424,0.0,-0.006981317007977318,0.0,0.0,1.3027636202386246,-0.0020777729190408684,-0.0396,0.35639999999999994,-0.5544000000000001,0.0,0.09930289708252511,0.0,0.0,0.003490658503988659,0.0,0.0,1.296530301481502,0.0,sine,1,0.4,0.5,22,44,6.07985782623291,0.0
1779527401.2233372,0.0,0.003490658503988659,0.0,0.0,1.296530301481502,0.0,-0.0396,0.5148,-0.5544000000000001,0.0,0.11136960440024209,0.0,0.0,0.015707963267948967,0.0,-0.0020777729190408684,1.296530301481502,0.0,sine,1,0.4,0.5,22,44,6.0898120403289795,0.0
1779527401.2333467,0.0,0.015707963267948967,0.0,-0.0020777729190408684,1.296530301481502,0.0,0.0396,0.27720000000000006,-0.5148,0.0,0.12337585809335588,0.0,0.0,0.029670597283903605,0.0,-0.0020777729190408684,1.279908118129175,0.0,sine,1,0.4,0.5,22,44,6.099806785583496,0.0
1779527401.2433422,0.0,0.029670597283903605,0.0,-0.0020777729190408684,1.279908118129175,0.0,-0.0792,0.0396,-0.6336,0.0,0.13527796377671017,0.0,0.0,0.04014257279586959,0.0,-0.0020777729190408684,1.1801750180152133,0.0,sine,1,0.4,0.5,22,44,6.109816312789917,0.0
1779527401.2533457,0.0,0.04014257279586959,0.0,-0.0020777729190408684,1.1801750180152133,0.0,-0.1584,0.198,-0.6336,0.0,0.1470298728487539,0.0,0.0,0.05235987755982988,0.0,0.0,1.232119340991235,-0.0020777729190408684,sine,1,0.4,0.5,22,44,6.119811773300171,0.0
1779527401.2634513,0.0,0.05235987755982988,0.0,0.0,1.232119340991235,-0.0020777729190408684,-0.0792,0.198,0.5148,0.0,0.1586461640713468,0.0,0.0,0.06632251157578452,0.0,0.0,1.2695192535339705,0.0,sine,1,0.4,0.5,22,44,6.129815340042114,0.0
1779527401.273381,0.0,0.06632251157578452,0.0,0.0,1.2695192535339705,0.0,0.0396,-0.0792,-0.4752,0.0,0.1702218283527386,0.0,0.0,0.07853981633974483,0.0,0.004155545838081737,1.263285934776848,0.0,sine,1,0.4,0.5,22,44,6.139920949935913,0.0
1779527401.283398,0.0,0.07853981633974483,0.0,0.004155545838081737,1.263285934776848,0.0,0.0,-0.1584,-0.396,0.0,0.18142890867793005,0.0,0.0,0.09075712110370514,0.0,0.0020777729190408684,1.2528970701816435,0.0,sine,1,0.4,0.5,22,44,6.149850606918335,0.0
1779527401.2933722,0.0,0.09075712110370514,0.0,0.0020777729190408684,1.2528970701816435,0.0,0.0,0.0396,-0.5148,0.0,0.1925555716698032,0.0,0.0,0.10297442586766545,0.0,0.0,1.2341971139102759,0.0,sine,1,0.4,0.5,22,44,6.159867525100708,0.0
1779527401.3033838,0.0,0.10297442586766545,0.0,0.0,1.2341971139102759,0.0,0.0,0.1188,-0.5940000000000001,0.0,0.20344538925933478,0.0,0.0,0.11344640137963143,0.0,0.0,1.1282306950391916,0.0,sine,1,0.4,0.5,22,44,6.169841766357422,0.0
1779527401.3133814,0.0,0.11344640137963143,0.0,0.0,1.1282306950391916,0.0,-0.0396,0.0,0.4752,0.0,0.21417519239120844,0.0,0.0,0.12566370614359174,0.0,0.0,1.0804419179012517,0.0,sine,1,0.4,0.5,22,44,6.179853439331055,0.0
1779527401.323348,0.0,0.12566370614359174,0.0,0.0,1.0804419179012517,0.0,0.0,-1.1088000000000002,-0.5940000000000001,0.0,0.22467851225689356,0.0,0.0,0.13613568165555773,0.0,0.0,1.0721308262250882,0.0,sine,1,0.4,0.5,22,44,6.1898510456085205,0.0
1779527401.3333428,0.0,0.13613568165555773,0.0,0.0,1.0721308262250882,0.0,0.0,-1.5048000000000001,-0.6336,0.0,0.2349286855068532,0.0,0.0,0.1466076571675237,0.0,0.0,1.0700530533060473,0.0,sine,1,0.4,0.5,22,44,6.199817657470703,0.0
1779527401.3435645,0.0,0.1466076571675237,0.0,0.0,1.0700530533060473,0.0,0.0,-1.9008,-0.4356,0.0,0.24497650641825555,0.0,0.0,0.15707963267948966,0.0,0.0,1.1490084242296001,0.0,sine,1,0.4,0.5,22,44,6.20981240272522,0.0
1779527401.3533604,0.0,0.15707963267948966,0.0,0.0,1.1490084242296001,0.0,0.0,-1.7028,-0.5148,0.0,0.2550026337006984,0.0,0.0,0.16929693744344998,0.0,0.0,1.184330563853295,0.0,sine,1,0.4,0.5,22,44,6.220034122467041,0.0
1779527401.3633404,0.0,0.16929693744344998,0.0,0.0,1.184330563853295,0.0,-0.0396,-1.9008,-0.4356,0.0,0.26436448856922246,0.0,0.0,0.18151424220741028,0.0,0.0,1.1760194721771315,0.0,sine,1,0.4,0.5,22,44,6.229830026626587,0.0
1779527401.373376,0.0,0.18151424220741028,0.0,0.0,1.1760194721771315,0.0,0.0,-1.3860000000000001,-0.4356,0.0,0.27364473506263615,0.0,0.0,0.19198621771937624,0.0,0.0,1.1490084242296001,0.0,sine,1,0.4,0.5,22,44,6.239809989929199,0.0
1779527401.3833673,0.0,0.19198621771937624,0.0,0.0,1.1490084242296001,0.0,0.0,-0.6336,-0.5148,0.0,0.28270539831211056,0.0,0.0,0.20420352248333656,0.0,0.0,1.1282306950391916,0.0020777729190408684,sine,1,0.4,0.5,22,44,6.249845504760742,0.0
1779527401.3933825,0.0,0.20420352248333656,0.0,0.0,1.1282306950391916,0.0020777729190408684,0.0,-0.1188,-0.5940000000000001,0.0,0.29144712009214796,0.0,0.0,0.21467549799530256,0.0,0.0020777729190408684,1.0991418741726193,0.0,sine,1,0.4,0.5,22,44,6.259836912155151,0.0
1779527401.4033,0.0,0.21467549799530256,0.0,0.0020777729190408684,1.0991418741726193,0.0,0.0,0.27720000000000006,-0.5940000000000001,0.0,0.299921537337346,0.0,0.0,0.22514747350726852,0.0,0.0,1.0845974637393332,0.0,sine,1,0.4,0.5,22,44,6.269852161407471,0.0
1779527401.413366,0.0,0.22514747350726852,0.0,0.0,1.0845974637393332,0.0,0.0,-0.4356,-0.5940000000000001,0.0,0.3080207108795463,0.0,0.0,0.23561944901923448,0.0,0.0,0.9827865907063308,0.0,sine,1,0.4,0.5,22,44,6.279769659042358,0.0
1779527401.4233487,0.0,0.23561944901923448,0.0,0.0,0.9827865907063308,0.0,0.0,-1.6632,-0.4752,0.0,0.3159354121220472,0.0,0.0,0.24260076602721178,0.0,0.0,0.8622757614019604,0.0,sine,1,0.4,0.5,22,44,6.289835691452026,0.0
1779527401.4335096,0.0,0.24260076602721178,0.0,0.0,0.8622757614019604,0.0,0.0,-1.5444,0.6732,0.0,0.323472518730663,0.0,0.0,0.24260076602721178,0.0,0.0,0.8622757614019604,0.0,sine,1,0.4,0.5,22,44,6.299818277359009,0.0
1779527401.4434493,0.0,0.24260076602721178,0.0,0.0,0.8622757614019604,0.0,0.0,-1.5444,0.6732,0.0,0.3308175374961193,0.0,0.0,0.2617993877991494,0.0,0.0,0.9682421802730447,0.0,sine,1,0.4,0.5,22,44,6.309979200363159,0.0
1779527401.4534416,0.0,0.2617993877991494,0.0,0.0,0.9682421802730447,0.0,0.0,-0.4356,-0.396,0.0,0.33767653179645457,0.0,0.0,0.27052603405912107,0.0,0.0,0.8892868093494917,0.0,sine,1,0.4,0.5,22,44,6.319918870925903,0.0
1779527401.4633641,0.0,0.27052603405912107,0.0,0.0,0.8892868093494917,0.0,0.0,-1.3464,0.5148,0.0,0.3442400142692236,0.0,0.0,0.2792526803190927,0.0,0.0,0.8394202592925109,0.0,sine,1,0.4,0.5,22,44,6.329911231994629,0.0
1779527401.473372,0.0,0.2792526803190927,0.0,0.0,0.8394202592925109,0.0,0.0,-0.27720000000000006,-0.5148,0.0,0.3504219699760555,0.0,0.0,0.2879793265790644,0.0,0.0,0.8622757614019604,0.0,sine,1,0.4,0.5,22,44,6.339833736419678,0.0
1779527401.4834163,0.0,0.2879793265790644,0.0,0.0,0.8622757614019604,0.0,0.0,0.0396,0.5148,0.0,0.356312195117583,0.0,0.0,0.29670597283903605,0.0,0.0,0.868509080159083,-0.0020777729190408684,sine,1,0.4,0.5,22,44,6.349841594696045,0.0
1779527401.493401,0.0,0.29670597283903605,0.0,0.0,0.868509080159083,-0.0020777729190408684,0.0396,-1.5444,-0.5940000000000001,0.0,0.3618697651332916,0.0,0.0,0.30543261909900765,0.0,-0.0020777729190408684,0.8456535780496335,0.0,sine,1,0.4,0.5,22,44,6.359885931015015,0.0
1779527401.5033681,0.0,0.30543261909900765,0.0,-0.0020777729190408684,0.8456535780496335,0.0,0.0,-0.5148,-0.5940000000000001,0.0,0.3670372715013227,0.0,0.0,0.3141592653589793,0.0,0.0,0.8227980759401838,-0.004155545838081737,sine,1,0.4,0.5,22,44,6.369870662689209,0.0
1779527401.5134978,0.0,0.3141592653589793,0.0,0.0,0.8227980759401838,-0.004155545838081737,0.0,0.0396,-0.5544000000000001,0.0,0.3718354900065639,0.0,0.0,0.3211405823669567,0.0,0.0,0.7833203904784074,0.0,sine,1,0.4,0.5,22,44,6.37983775138855,0.0
1779527401.5234315,0.0,0.3211405823669567,0.0,0.0,0.7833203904784074,0.0,0.0396,-1.6632,0.5148,0.0,0.37633844644097114,0.0,0.0,0.32812189937493397,0.0,0.0,0.7479982508547126,0.0,sine,1,0.4,0.5,22,44,6.389967441558838,0.0
1779527401.53356,0.0,0.32812189937493397,0.0,0.0,0.7479982508547126,0.0,-0.0396,-0.1584,0.6732,0.0,0.38038420316874366,0.0,0.0,0.32812189937493397,0.0,0.0,0.7479982508547126,0.0,sine,1,0.4,0.5,22,44,6.3999011516571045,0.0
1779527401.543466,0.0,0.32812189937493397,0.0,0.0,0.7479982508547126,0.0,-0.0396,-0.1584,0.6732,0.0,0.38412786752150646,0.0,0.0,0.3351032163829113,0.0,0.0020777729190408684,0.7126761112310178,0.0,sine,1,0.4,0.5,22,44,6.410029649734497,0.0
1779527401.5533469,0.0,0.3351032163829113,0.0,0.0020777729190408684,0.7126761112310178,0.0,0.0396,-1.2672,-0.7127999999999999,0.0,0.3874131629905895,0.0,0.0,0.3473205211468716,0.0,0.0020777729190408684,0.583854190250484,0.0,sine,1,0.4,0.5,22,44,6.419935703277588,0.0
1779527401.5633605,0.0,0.3473205211468716,0.0,0.0020777729190408684,0.583854190250484,0.0,0.0,-1.4255999999999998,0.6336,0.0,0.3903163333565261,0.0,0.0,0.3525565089028546,0.0,0.0,0.5422987318696666,0.0,sine,1,0.4,0.5,22,44,6.429816484451294,0.0
1779527401.5733151,0.0,0.3525565089028546,0.0,0.0,0.5422987318696666,0.0,0.0,0.1188,-0.396,0.0,0.39287482960068465,0.0,0.0,0.3577924966588375,0.0,0.0,0.5298320943554214,0.0,sine,1,0.4,0.5,22,44,6.43983006477356,0.0
1779527401.5834644,0.0,0.3577924966588375,0.0,0.0,0.5298320943554214,0.0,-0.0396,-1.584,-0.5148,0.0,0.39503293290226876,0.0,0.0,0.36302848441482055,0.0,0.0,0.4882766359746041,0.0,sine,1,0.4,0.5,22,44,6.449784755706787,0.0
1779527401.5933475,0.0,0.36302848441482055,0.0,0.0,0.4882766359746041,0.0,0.0,0.0792,0.5148,0.0,0.3968354765023821,0.0,0.0,0.36826447217080355,0.0,-0.0020777729190408684,0.48204331721748145,0.0,sine,1,0.4,0.5,22,44,6.4599339962005615,0.0
1779527401.6034882,0.0,0.36826447217080355,0.0,-0.0020777729190408684,0.48204331721748145,0.0,0.0,-1.2672,-0.4752,0.0,0.39820309767444545,0.0,0.0,0.3717551306747922,0.0,-0.0020777729190408684,0.44464340467474583,0.0,sine,1,0.4,0.5,22,44,6.469817161560059,0.0
1779527401.6133518,0.0,0.3717551306747922,0.0,-0.0020777729190408684,0.44464340467474583,0.0,0.0,-1.3068,-0.35639999999999994,0.0,0.39920735957765724,0.0,0.0,0.3752457891787808,0.0,-0.0020777729190408684,0.3885435358606424,0.0,sine,1,0.4,0.5,22,44,6.479957818984985,0.0
1779527401.623344,0.0,0.3752457891787808,0.0,-0.0020777729190408684,0.3885435358606424,0.0,-0.0792,0.35639999999999994,0.4752,0.0,0.39979551289490756,0.0,0.0,0.3787364476827696,0.0,0.0,0.37192135250831543,0.0,sine,1,0.4,0.5,22,44,6.489821434020996,0.0
1779527401.6333554,0.0,0.3787364476827696,0.0,0.0,0.37192135250831543,0.0,-0.0396,-0.5148,-0.5148,0.0,0.3999999313843115,0.0,0.0,0.3822271061867582,0.0,0.0,0.31789925661325286,0.0,sine,1,0.4,0.5,22,44,6.499813556671143,0.0
1779527401.6434772,0.0,0.3822271061867582,0.0,0.0,0.31789925661325286,0.0,-0.0792,-1.4652,0.5940000000000001,0.0,0.3998094716514059,0.0,0.0,0.3822271061867582,0.0,0.0,0.31789925661325286,0.0,sine,1,0.4,0.5,22,44,6.509824991226196,0.0
1779527401.653342,0.0,0.3822271061867582,0.0,0.0,0.31789925661325286,0.0,-0.0792,-1.4652,0.5940000000000001,0.0,0.3992148824670535,0.0,0.0,0.38571776469074687,0.0,-0.0020777729190408684,0.299199300341885,0.0,sine,1,0.4,0.5,22,44,6.519946813583374,0.0
1779527401.6633449,0.0,0.38571776469074687,0.0,-0.0020777729190408684,0.299199300341885,0.0,0.0,-1.0296,0.4752,0.0,0.39824699383625367,0.0,0.0,0.3909537524467298,0.0,0.0,0.2306327940135364,0.0,sine,1,0.4,0.5,22,44,6.52981162071228,0.0
1779527401.6733484,0.0,0.3909537524467298,0.0,0.0,0.2306327940135364,0.0,0.0,-0.2376,-0.5148,0.0,0.39687503344577807,0.0,0.0,0.39269908169872414,0.0,0.0020777729190408684,0.18284401687559643,0.0020777729190408684,sine,1,0.4,0.5,22,44,6.539814472198486,0.0
1779527401.6833448,0.0,0.39269908169872414,0.0,0.0020777729190408684,0.18284401687559643,0.0020777729190408684,-0.0396,-0.5940000000000001,0.5148,0.0,0.3951110418346653,0.0,0.0,0.39269908169872414,0.0,0.0020777729190408684,0.13921078557573818,0.0,sine,1,0.4,0.5,22,44,6.54981803894043,0.0
1779527401.6933815,0.0,0.39269908169872414,0.0,0.0020777729190408684,0.13921078557573818,0.0,-0.0396,-1.0296,-0.6336,0.0,0.3929585243144339,0.0,0.0,0.39444441095071847,0.0,0.0,0.10804419179012516,0.0,sine,1,0.4,0.5,22,44,6.559814453125,0.0
1779527401.703509,0.0,0.39444441095071847,0.0,0.0,0.10804419179012516,0.0,-0.0396,-1.3464,-0.4356,0.0,0.3904074631297655,0.0,0.0,0.39444441095071847,0.0,0.0,0.10804419179012516,0.0,sine,1,0.4,0.5,22,44,6.5698511600494385,0.0
1779527401.713352,0.0,0.39444441095071847,0.0,0.0,0.10804419179012516,0.0,-0.0396,-1.3464,-0.4356,0.0,0.3874399187183168,0.0,0.0,0.39444441095071847,0.0,0.0,0.02701104794753129,0.0,sine,1,0.4,0.5,22,44,6.579978704452515,0.0
1779527401.723346,0.0,0.39444441095071847,0.0,0.0,0.02701104794753129,0.0,0.0396,1.1880000000000002,0.5544000000000001,0.0,0.3841799673182053,0.0,0.0,0.39444441095071847,0.0,-0.0020777729190408684,0.0020777729190408684,0.0020777729190408684,sine,1,0.4,0.5,22,44,6.5898215770721436,0.0
1779527401.7334666,0.0,0.39444441095071847,0.0,-0.0020777729190408684,0.0020777729190408684,0.0020777729190408684,0.0,1.6632,0.4356,0.0,0.3804941465534076,0.0,0.0,0.39444441095071847,0.0,0.0,-0.04778877713793997,0.0,sine,1,0.4,0.5,22,44,6.599815607070923,0.0
1779527401.743349,0.0,0.39444441095071847,0.0,0.0,-0.04778877713793997,0.0,0.0,2.2967999999999997,0.35639999999999994,0.0,0.37637944192398964,0.0,0.0,0.39269908169872414,0.0,0.0,-0.10388864595204342,0.0,sine,1,0.4,0.5,22,44,6.609936237335205,0.0
1779527401.753368,0.0,0.39269908169872414,0.0,0.0,-0.10388864595204342,0.0,-0.0792,1.6236000000000002,0.5544000000000001,0.0,0.3719944090179615,0.0,0.0,0.3909537524467298,0.0,-0.0020777729190408684,-0.157910741847106,0.0,sine,1,0.4,0.5,22,44,6.619818687438965,0.0
1779527401.763361,0.0,0.3909537524467298,0.0,-0.0020777729190408684,-0.157910741847106,0.0,0.0,0.6732,0.396,0.0,0.367182894966086,0.0,0.0,0.3892084231947355,0.0,0.0,-0.1973884273088825,0.0,sine,1,0.4,0.5,22,44,6.629837512969971,0.0
1779527401.7735188,0.0,0.3892084231947355,0.0,0.0,-0.1973884273088825,0.0,0.0,0.5148,0.396,0.0,0.3620214129267289,0.0,0.0,0.3874630939427412,0.0,0.0020777729190408684,-0.24102165860874072,0.0,sine,1,0.4,0.5,22,44,6.639830589294434,0.0
1779527401.7833555,0.0,0.3874630939427412,0.0,0.0020777729190408684,-0.24102165860874072,0.0,0.0,0.792,-0.4752,0.0,0.3564092199191775,0.0,0.0,0.3839724354387525,0.0,0.0,-0.2763437982324355,0.0,sine,1,0.4,0.5,22,44,6.649988412857056,0.0
1779527401.7933154,0.0,0.3839724354387525,0.0,0.0,-0.2763437982324355,0.0,-0.0396,1.6236000000000002,-0.396,0.0,0.3506285098340911,0.0,0.0,0.38048177693476387,0.0,0.0,-0.31789925661325286,0.0020777729190408684,sine,1,0.4,0.5,22,44,6.659825086593628,0.0
1779527401.8033469,0.0,0.38048177693476387,0.0,0.0,-0.31789925661325286,0.0020777729190408684,-0.0792,1.3068,0.4752,0.0,0.34443424899265374,0.0,0.0,0.3787364476827696,0.0,0.0,-0.3012770732609259,0.0,sine,1,0.4,0.5,22,44,6.669785022735596,0.0
1779527401.8133554,0.0,0.3787364476827696,0.0,0.0,-0.3012770732609259,0.0,-0.0396,0.6336,0.4752,0.0,0.3378546823895789,0.0,0.0,0.3735004599267866,0.0,0.0,-0.38231021710351976,0.0,sine,1,0.4,0.5,22,44,6.679816484451294,0.0
1779527401.8233407,0.0,0.3735004599267866,0.0,0.0,-0.38231021710351976,0.0,-0.0396,0.8316,-0.4356,0.0,0.33095574737366074,0.0,0.0,0.3700098014227979,0.0,0.0,-0.4113990379700919,0.0,sine,1,0.4,0.5,22,44,6.689825057983398,0.0
1779527401.8333464,0.0,0.3700098014227979,0.0,0.0,-0.4113990379700919,0.0,0.0,1.9404,0.4752,0.0,0.3237468836312859,0.0,0.0,0.3665191429188092,0.0,-0.0020777729190408684,-0.4134768108891328,-0.0020777729190408684,sine,1,0.4,0.5,22,44,6.699810266494751,0.0
1779527401.8433862,0.0,0.3665191429188092,0.0,-0.0020777729190408684,-0.4134768108891328,-0.0020777729190408684,0.0396,0.5148,-0.3168,0.0,0.3162036854125029,0.0,0.0,0.3665191429188092,0.0,-0.0020777729190408684,-0.4134768108891328,-0.0020777729190408684,sine,1,0.4,0.5,22,44,6.709815979003906,0.0
1779527401.8533406,0.0,0.3665191429188092,0.0,-0.0020777729190408684,-0.4134768108891328,-0.0020777729190408684,0.0396,0.5148,-0.3168,0.0,0.308320782922988,0.0,0.0,0.3560471674068433,0.0,0.0,-0.5402209589506258,0.0,sine,1,0.4,0.5,22,44,6.719855785369873,0.0
1779527401.8633723,0.0,0.3560471674068433,0.0,0.0,-0.5402209589506258,0.0,0.0,1.0296,0.4752,0.0,0.30020207234568397,0.0,0.0,0.3490658503988659,0.0,0.0,-0.5880097360885658,0.0,sine,1,0.4,0.5,22,44,6.7298102378845215,0.0
1779527401.873345,0.0,0.3490658503988659,0.0,0.0,-0.5880097360885658,0.0,0.0,0.8316,-0.35639999999999994,0.0,0.29172338423900007,0.0,0.0,0.34382986264288296,0.0,0.0,-0.5422987318696666,0.0,sine,1,0.4,0.5,22,44,6.739841938018799,0.0
1779527401.8833442,0.0,0.34382986264288296,0.0,0.0,-0.5422987318696666,0.0,-0.0396,1.5048000000000001,0.396,0.0,0.28300748620602967,0.0,0.0,0.3368485456349056,0.0,0.0020777729190408684,-0.631642967388424,0.0,sine,1,0.4,0.5,22,44,6.749814510345459,0.0
1779527401.893371,0.0,0.3368485456349056,0.0,0.0020777729190408684,-0.631642967388424,0.0,0.0,0.792,-0.3168,0.0,0.27398937706316157,0.0,0.0,0.3316125578789226,0.0,0.0,-0.679431744526364,0.0,sine,1,0.4,0.5,22,44,6.7598137855529785,0.0
1779527401.903372,0.0,0.3316125578789226,0.0,0.0,-0.679431744526364,0.0,-0.0396,1.1088000000000002,0.4356,0.0,0.2646748556295355,0.0,0.0,0.3316125578789226,0.0,0.0,-0.679431744526364,0.0,sine,1,0.4,0.5,22,44,6.769840717315674,0.0
1779527401.9133406,0.0,0.3316125578789226,0.0,0.0,-0.679431744526364,0.0,-0.0396,1.1088000000000002,0.4356,0.0,0.255122876516399,0.0,0.0,0.31590459461097364,0.0,0.0,-0.7479982508547126,0.0,sine,1,0.4,0.5,22,44,6.779841661453247,0.0
1779527401.9233537,0.0,0.31590459461097364,0.0,0.0,-0.7479982508547126,0.0,0.0,0.396,0.4356,0.0,0.2453512567037872,0.0,0.0,0.3089232776029963,0.0,-0.0020777729190408684,-0.7022872466358135,0.0,sine,1,0.4,0.5,22,44,6.7898101806640625,0.0
1779527401.9333913,0.0,0.3089232776029963,0.0,-0.0020777729190408684,-0.7022872466358135,0.0,0.0,1.5444,-0.3168,0.0,0.23529372120825226,0.0,0.0,0.301941960595019,0.0,0.0020777729190408684,-0.7853981633974483,-0.0020777729190408684,sine,1,0.4,0.5,22,44,6.79982328414917,0.0
1779527401.943472,0.0,0.301941960595019,0.0,0.0020777729190408684,-0.7853981633974483,-0.0020777729190408684,0.0,0.2376,-0.2376,0.0,0.22497785538233842,0.0,0.0,0.301941960595019,0.0,0.0020777729190408684,-0.7853981633974483,-0.0020777729190408684,sine,1,0.4,0.5,22,44,6.809860944747925,0.0
1779527401.9533446,0.0,0.301941960595019,0.0,0.0020777729190408684,-0.7853981633974483,-0.0020777729190408684,0.0,0.2376,-0.2376,0.0,0.21439276172596294,0.0,0.0,0.2844886680750757,0.0,0.0,-0.7937092550736117,-0.0020777729190408684,sine,1,0.4,0.5,22,44,6.819941520690918,0.0
1779527401.9633276,0.0,0.2844886680750757,0.0,0.0,-0.7937092550736117,-0.0020777729190408684,-0.0396,1.2672,-0.4356,0.0,0.20381750509668561,0.0,0.0,0.2775073510670984,0.0,0.0020777729190408684,-0.7957870279926526,0.0,sine,1,0.4,0.5,22,44,6.829814195632935,0.0
1779527401.9733694,0.0,0.2775073510670984,0.0,0.0020777729190408684,-0.7957870279926526,0.0,-0.0792,0.1584,-0.3168,0.0,0.19292468950177347,0.0,0.0,0.2687807048071268,0.0,0.0020777729190408684,-0.8103314384259387,0.0,sine,1,0.4,0.5,22,44,6.839797258377075,0.0
1779527401.9833617,0.0,0.2687807048071268,0.0,0.0020777729190408684,-0.8103314384259387,0.0,-0.0396,1.7028,-0.35639999999999994,0.0,0.18177647506242608,0.0,0.0,0.26005405854715513,0.0,0.0,-0.8560424426448378,0.0,sine,1,0.4,0.5,22,44,6.849838972091675,0.0
1779527401.9933693,0.0,0.26005405854715513,0.0,0.0,-0.8560424426448378,0.0,-0.0792,0.7127999999999999,-0.396,0.0,0.17050347351714723,0.0,0.0,0.25132741228718347,0.0,0.0,-0.8768201718352464,0.0,sine,1,0.4,0.5,22,44,6.8598313331604,0.0
1779527402.0033445,0.0,0.25132741228718347,0.0,0.0,-0.8768201718352464,0.0,0.0,0.27720000000000006,-0.396,0.0,0.1590448688976778,0.0,0.0,0.24260076602721178,0.0,0.0,-0.9079867656208594,0.0,sine,1,0.4,0.5,22,44,6.8698389530181885,0.0
1779527402.0133579,0.0,0.24260076602721178,0.0,0.0,-0.9079867656208594,0.0,-0.0792,0.9504,-0.35639999999999994,0.0,0.14746694393567814,0.0,0.0,0.23212879051524585,0.0,-0.004155545838081737,-1.0326531407633115,0.0,sine,1,0.4,0.5,22,44,6.879814147949219,0.0
1779527402.0233402,0.0,0.23212879051524585,0.0,-0.004155545838081737,-1.0326531407633115,0.0,-0.0792,1.3068,0.4752,0.0,0.13569911481059446,0.0,0.0,0.22165681500327988,0.0,0.0,-0.9890199094634533,0.0,sine,1,0.4,0.5,22,44,6.889827489852905,0.0
1779527402.0333755,0.0,0.22165681500327988,0.0,0.0,-0.9890199094634533,0.0,0.0396,1.5444,-0.4356,0.0,0.1238340453219094,0.0,0.0,0.2111848394913139,0.0,0.0,-1.0970641012535784,0.0,sine,1,0.4,0.5,22,44,6.899809837341309,0.0
1779527402.0433528,0.0,0.2111848394913139,0.0,0.0,-1.0970641012535784,0.0,0.0,0.8712,-0.35639999999999994,0.0,0.1117833367235745,0.0,0.0,0.20071286397934787,0.0,0.0,-1.1344640137963142,0.0,sine,1,0.4,0.5,22,44,6.9098451137542725,0.0
1779527402.0533621,0.0,0.20071286397934787,0.0,0.0,-1.1344640137963142,0.0,0.0,1.6236000000000002,-0.5148,0.0,0.09969204027480874,0.0,0.0,0.18849555921538758,0.0,0.0020777729190408684,-1.184330563853295,0.0,sine,1,0.4,0.5,22,44,6.919822454452515,0.0
1779527402.0636082,0.0,0.18849555921538758,0.0,0.0020777729190408684,-1.184330563853295,0.0,-0.0396,0.5544000000000001,-0.4752,0.0,0.08746362993467069,0.0,0.0,0.17802358370342164,0.0,0.0020777729190408684,-1.0949863283345376,0.0,sine,1,0.4,0.5,22,44,6.9298317432403564,0.0
1779527402.0733738,0.0,0.17802358370342164,0.0,0.0020777729190408684,-1.0949863283345376,0.0,-0.0792,0.35639999999999994,-0.396,0.0,0.07485651156241648,0.0,0.0,0.16755160819145565,0.0,0.0020777729190408684,-1.07628637206317,-0.0020777729190408684,sine,1,0.4,0.5,22,44,6.940077781677246,0.0
1779527402.0833476,0.0,0.16755160819145565,0.0,0.0020777729190408684,-1.07628637206317,-0.0020777729190408684,-0.1188,0.0,-0.3168,0.0,0.06276813670891616,0.0,0.0,0.15533430342749532,0.0,0.0,-1.0721308262250882,-0.0020777729190408684,sine,1,0.4,0.5,22,44,6.949843406677246,0.0
1779527402.0934963,0.0,0.15533430342749532,0.0,0.0,-1.0721308262250882,-0.0020777729190408684,-0.0396,0.9504,-0.3168,0.0,0.05036122307520015,0.0,0.0,0.14486232791552936,0.0,0.0,-1.0804419179012517,-0.0020777729190408684,sine,1,0.4,0.5,22,44,6.959817171096802,0.0
1779527402.103371,0.0,0.14486232791552936,0.0,0.0,-1.0804419179012517,-0.0020777729190408684,-0.0396,1.3068,-0.35639999999999994,0.0,0.037685942781248385,0.0,0.0,0.1343903524035634,0.0,0.0,-1.0970641012535784,-0.0020777729190408684,sine,1,0.4,0.5,22,44,6.969965934753418,0.0
1779527402.1134763,0.0,0.1343903524035634,0.0,0.0,-1.0970641012535784,-0.0020777729190408684,0.0,1.1880000000000002,-0.4356,0.0,0.02531622137628607,0.0,0.0,0.12217304763960307,0.0,-0.004155545838081737,-1.2175749305579489,0.0,sine,1,0.4,0.5,22,44,6.979840517044067,0.0
1779527402.1234803,0.0,0.12217304763960307,0.0,-0.004155545838081737,-1.2175749305579489,0.0,-0.0792,1.2672,-0.4752,0.0,0.012632268388339788,0.0,0.0,0.10995574287564278,0.0,-0.0020777729190408684,-1.167708380500968,0.0,sine,1,0.4,0.5,22,44,6.989945888519287,0.0
1779527402.1333523,0.0,0.10995574287564278,0.0,-0.0020777729190408684,-1.167708380500968,0.0,-0.1188,1.5444,-0.4752,0.0,6.29171804940779e-05,0.0,0.0,0.09773843811168245,0.0,0.0,-1.277830345210134,-0.0020777729190408684,sine,1,0.4,0.5,22,44,6.999949932098389,0.0
1779527402.1433675,0.0,0.09773843811168245,0.0,0.0,-1.277830345210134,-0.0020777729190408684,-0.0396,0.8316,-0.5148,0.0,-0.012340594732088997,0.0,0.0,0.08552113334772216,0.0,0.0020777729190408684,-1.3131524848338287,0.0020777729190408684,sine,1,0.4,0.5,22,44,7.009821891784668,0.0
1779527402.15332,0.0,0.08552113334772216,0.0,0.0020777729190408684,-1.3131524848338287,0.0020777729190408684,-0.0396,1.3068,-0.4356,0.0,-0.024911953763689747,0.0,0.0,0.07155849933176751,0.0,0.0020777729190408684,-1.3360079869432784,0.0,sine,1,0.4,0.5,22,44,7.019837141036987,0.0
1779527402.1633744,0.0,0.07155849933176751,0.0,0.0020777729190408684,-1.3360079869432784,0.0,-0.0396,1.1088000000000002,-0.4356,0.0,-0.03738020193808667,0.0,0.0,0.05759586531581287,0.0,0.0020777729190408684,-1.3214635765099922,0.0,sine,1,0.4,0.5,22,44,7.029789686203003,0.0
1779527402.1735194,0.0,0.05759586531581287,0.0,0.0020777729190408684,-1.3214635765099922,0.0,-0.0792,1.3068,-0.35639999999999994,0.0,-0.04993884284131167,0.0,0.0,0.04537856055185257,0.0,0.0,-1.3131524848338287,0.0,sine,1,0.4,0.5,22,44,7.039844036102295,0.0
1779527402.1833644,0.0,0.04537856055185257,0.0,0.0,-1.3131524848338287,0.0,-0.0792,1.2276,-0.396,0.0,-0.06256011461414232,0.0,0.0,0.03316125578789226,0.0,0.0,-1.2030305201246627,0.0,sine,1,0.4,0.5,22,44,7.0499889850616455,0.0
1779527402.193372,0.0,0.03316125578789226,0.0,0.0,-1.2030305201246627,0.0,-0.1188,1.3860000000000001,-0.35639999999999994,0.0,-0.07474761306677377,0.0,0.0,0.022689280275926284,0.0,0.0,-1.1656306075819272,0.0,sine,1,0.4,0.5,22,44,7.059834003448486,0.0
1779527402.2033052,0.0,0.022689280275926284,0.0,0.0,-1.1656306075819272,0.0,-0.0792,1.2672,-0.396,0.0,-0.08706305683763299,0.0,0.0,0.010471975511965978,0.0,0.0,-1.1614750617438454,0.0,sine,1,0.4,0.5,22,44,7.069841623306274,0.0
1779527402.2135348,0.0,0.010471975511965978,0.0,0.0,-1.1614750617438454,0.0,-0.0396,1.2672,-0.5544000000000001,0.0,-0.09920189498858939,0.0,0.0,0.0,0.0,-0.0020777729190408684,-1.279908118129175,0.0,sine,1,0.4,0.5,22,44,7.079774856567383,0.0
1779527402.223477,0.0,0.0,0.0,-0.0020777729190408684,-1.279908118129175,0.0,0.0,0.9107999999999999,-0.396,0.0,-0.11160180530779912,0.0,0.0,0.0,0.0,-0.0020777729190408684,-1.279908118129175,0.0,sine,1,0.4,0.5,22,44,7.0900044441223145,0.0
1779527402.2333598,0.0,0.0,0.0,-0.0020777729190408684,-1.279908118129175,0.0,0.0,0.9107999999999999,-0.396,0.0,-0.12354285504649454,0.0,0.0,-0.02617993877991494,0.0,-0.004155545838081737,-1.2882192098053384,0.0,sine,1,0.4,0.5,22,44,7.09994649887085,0.0
1779527402.2433481,0.0,-0.02617993877991494,0.0,-0.004155545838081737,-1.2882192098053384,0.0,-0.1584,0.9504,-0.396,0.0,-0.13529347100471653,0.0,0.0,-0.03665191429188092,0.0,0.0,-1.1926416555294586,0.0020777729190408684,sine,1,0.4,0.5,22,44,7.109829425811768,0.0
1779527402.2535057,0.0,-0.03665191429188092,0.0,0.0,-1.1926416555294586,0.0020777729190408684,0.0,1.5048000000000001,-0.4356,0.0,-0.14703683860881367,0.0,0.0,-0.03665191429188092,0.0,0.0,-1.1926416555294586,0.0020777729190408684,sine,1,0.4,0.5,22,44,7.119817733764648,0.0
1779527402.2633462,0.0,-0.03665191429188092,0.0,0.0,-1.1926416555294586,0.0020777729190408684,0.0,1.5048000000000001,-0.4356,0.0,-0.15883069145694384,0.0,0.0,-0.061086523819801536,0.0,0.0020777729190408684,-1.263285934776848,0.0020777729190408684,sine,1,0.4,0.5,22,44,7.129975318908691,0.0
1779527402.2733445,0.0,-0.061086523819801536,0.0,0.0020777729190408684,-1.263285934776848,0.0020777729190408684,-0.0396,1.1088000000000002,-0.35639999999999994,0.0,-0.1701022538502392,0.0,0.0,-0.07330382858376185,0.0,0.0,-1.2030305201246627,0.0,sine,1,0.4,0.5,22,44,7.139815807342529,0.0
1779527402.283347,0.0,-0.07330382858376185,0.0,0.0,-1.2030305201246627,0.0,-0.1584,0.8316,-0.4356,0.0,-0.18138805428764315,0.0,0.0,-0.08552113334772216,0.0,0.0,-1.184330563853295,-0.0020777729190408684,sine,1,0.4,0.5,22,44,7.149814128875732,0.0
1779527402.2935338,0.0,-0.08552113334772216,0.0,0.0,-1.184330563853295,-0.0020777729190408684,-0.1584,0.0,-0.4356,0.0,-0.19249937141486384,0.0,0.0,-0.09773843811168245,0.0,0.0,-1.2549748431006844,0.0020777729190408684,sine,1,0.4,0.5,22,44,7.15981650352478,0.0
1779527402.3033514,0.0,-0.09773843811168245,0.0,0.0,-1.2549748431006844,0.0020777729190408684,-0.0396,0.35639999999999994,-0.4752,0.0,-0.20362025917515725,0.0,0.0,-0.10995574287564278,0.0,0.0,-1.1884861096913768,0.0,sine,1,0.4,0.5,22,44,7.170003414154053,0.0
1779527402.313315,0.0,-0.10995574287564278,0.0,0.0,-1.1884861096913768,0.0,-0.0792,0.5148,-0.35639999999999994,0.0,-0.21414077793749164,0.0,0.0,-0.12217304763960307,0.0,0.0,-1.2404304326673985,0.0,sine,1,0.4,0.5,22,44,7.179821014404297,0.0
1779527402.3234656,0.0,-0.12217304763960307,0.0,0.0,-1.2404304326673985,0.0,0.0792,0.1188,0.4356,0.0,-0.2246093497331239,0.0,0.0,-0.12217304763960307,0.0,0.0,-1.2404304326673985,0.0,sine,1,0.4,0.5,22,44,7.189784526824951,0.0
1779527402.333477,0.0,-0.12217304763960307,0.0,0.0,-1.2404304326673985,0.0,0.0792,0.1188,0.4356,0.0,-0.23504821551945818,0.0,0.0,-0.1343903524035634,0.0,0.0,-1.2425082055864394,0.0,sine,1,0.4,0.5,22,44,7.1999351978302,0.0
1779527402.343486,0.0,-0.1343903524035634,0.0,0.0,-1.2425082055864394,0.0,0.0,0.7524000000000001,-0.5148,0.0,-0.24510982727918137,0.0,0.0,-0.14486232791552936,0.0,0.0,-1.153163970067682,0.0,sine,1,0.4,0.5,22,44,7.209946632385254,0.0
1779527402.3533795,0.0,-0.14486232791552936,0.0,0.0,-1.153163970067682,0.0,-0.0396,0.4356,-0.4356,0.0,-0.2549266830118783,0.0,0.0,-0.16755160819145565,0.0,0.0,-1.1822527909342542,0.0,sine,1,0.4,0.5,22,44,7.219955682754517,0.0
1779527402.3634708,0.0,-0.16755160819145565,0.0,0.0,-1.1822527909342542,0.0,0.0396,-0.1188,-0.35639999999999994,0.0,-0.2643824755555932,0.0,0.0,-0.17976891295541597,0.0,0.0020777729190408684,-1.1095307387678237,0.0,sine,1,0.4,0.5,22,44,7.229849100112915,0.0
1779527402.3734114,0.0,-0.17976891295541597,0.0,0.0020777729190408684,-1.1095307387678237,0.0,-0.1584,0.4752,-0.5148,0.0,-0.27376424553400364,0.0,0.0,-0.19024088846738194,0.0,0.0,-1.0658975074679655,-0.0020777729190408684,sine,1,0.4,0.5,22,44,7.239940404891968,0.0
1779527402.383501,0.0,-0.19024088846738194,0.0,0.0,-1.0658975074679655,-0.0020777729190408684,-0.0792,0.9504,0.27720000000000006,0.0,-0.2827369779906605,0.0,0.0,-0.20071286397934787,0.0,0.0,-1.119919603363028,0.0020777729190408684,sine,1,0.4,0.5,22,44,7.249881029129028,0.0
1779527402.3933742,0.0,-0.20071286397934787,0.0,0.0,-1.119919603363028,0.0020777729190408684,-0.0396,1.1880000000000002,-0.5940000000000001,0.0,-0.29156221494466156,0.0,0.0,-0.2111848394913139,0.0,-0.0020777729190408684,-1.040964232439475,0.0,sine,1,0.4,0.5,22,44,7.259970664978027,0.0
1779527402.4034882,0.0,-0.2111848394913139,0.0,-0.0020777729190408684,-1.040964232439475,0.0,-0.0792,1.0692,-0.396,0.0,-0.29991459893540806,0.0,0.0,-0.22165681500327988,0.0,0.0,-1.0783641449822108,-0.0020777729190408684,sine,1,0.4,0.5,22,44,7.269843816757202,0.0
1779527402.4135118,0.0,-0.22165681500327988,0.0,0.0,-1.0783641449822108,-0.0020777729190408684,0.0,0.2376,0.5544000000000001,0.0,-0.3081714687624897,0.0,0.0,-0.23212879051524585,0.0,0.0,-1.0700530533060473,0.0,sine,1,0.4,0.5,22,44,7.2799577713012695,0.0
1779527402.4233582,0.0,-0.23212879051524585,0.0,0.0,-1.0700530533060473,0.0,-0.0396,0.5544000000000001,-0.35639999999999994,0.0,-0.3160476518566489,0.0,0.0,-0.24260076602721178,0.0,0.0,-1.0658975074679655,0.0,sine,1,0.4,0.5,22,44,7.289981365203857,0.0
1779527402.4333742,0.0,-0.24260076602721178,0.0,0.0,-1.0658975074679655,0.0,0.0,0.3168,0.35639999999999994,0.0,-0.3234795682701068,0.0,0.0,-0.2530727415391778,0.0,0.0,-0.962008861515922,0.0,sine,1,0.4,0.5,22,44,7.299827814102173,0.0
1779527402.4433904,0.0,-0.2530727415391778,0.0,0.0,-0.962008861515922,0.0,-0.0396,1.584,0.2376,0.0,-0.3307218452658967,0.0,0.0,-0.2617993877991494,0.0,0.0,-0.9910976823824942,0.0,sine,1,0.4,0.5,22,44,7.3098437786102295,0.0
1779527402.453354,0.0,-0.2617993877991494,0.0,0.0,-0.9910976823824942,0.0,0.0,1.0692,0.3168,0.0,-0.33763685752391914,0.0,0.0,-0.27052603405912107,0.0,0.0,-0.9038312197827777,0.0,sine,1,0.4,0.5,22,44,7.319859981536865,0.0
1779527402.4634776,0.0,-0.27052603405912107,0.0,0.0,-0.9038312197827777,0.0,-0.0792,0.396,0.3168,0.0,-0.3441838504351602,0.0,0.0,-0.28099800957108706,0.0,0.0,-0.9266867218922273,0.0,sine,1,0.4,0.5,22,44,7.3298234939575195,0.0
1779527402.4733696,0.0,-0.28099800957108706,0.0,0.0,-0.9266867218922273,0.0,0.0,0.198,0.3168,0.0,-0.350490716958523,0.0,0.0,-0.2879793265790644,0.0,0.0,-0.8394202592925109,0.0,sine,1,0.4,0.5,22,44,7.33994722366333,0.0
1779527402.483345,0.0,-0.2879793265790644,0.0,0.0,-0.8394202592925109,0.0,-0.0792,1.7028,0.27720000000000006,0.0,-0.35631083359822735,0.0,0.0,-0.29670597283903605,0.0,0.0,-0.8020203467497752,-0.0020777729190408684,sine,1,0.4,0.5,22,44,7.349839210510254,0.0
1779527402.4933755,0.0,-0.29670597283903605,0.0,0.0,-0.8020203467497752,-0.0020777729190408684,0.0,0.396,0.35639999999999994,0.0,-0.36183158481885286,0.0,0.0,-0.3036872898470134,0.0,0.0,-0.7666982071260804,0.0,sine,1,0.4,0.5,22,44,7.359814643859863,0.0
1779527402.5034666,0.0,-0.3036872898470134,0.0,0.0,-0.7666982071260804,0.0,-0.0396,0.8316,-0.4356,0.0,-0.36702452668075747,0.0,0.0,-0.31066860685499065,0.0,0.0,-0.7438427050166309,-0.0020777729190408684,sine,1,0.4,0.5,22,44,7.369845151901245,0.0
1779527402.5135596,0.0,-0.31066860685499065,0.0,0.0,-0.7438427050166309,-0.0020777729190408684,-0.0396,1.1088000000000002,0.2376,0.0,-0.37188108152372523,0.0,0.0,-0.31066860685499065,0.0,0.0,-0.7438427050166309,-0.0020777729190408684,sine,1,0.4,0.5,22,44,7.379936218261719,0.0
1779527402.5233464,0.0,-0.31066860685499065,0.0,0.0,-0.7438427050166309,-0.0020777729190408684,-0.0396,1.1088000000000002,0.2376,0.0,-0.376364732163457,0.0,0.0,-0.3246312408709453,0.0,0.0,-0.6898206091215683,0.0,sine,1,0.4,0.5,22,44,7.390029191970825,0.0
1779527402.5333698,0.0,-0.3246312408709453,0.0,0.0,-0.6898206091215683,0.0,0.0,1.6632,0.4752,0.0,-0.3803511057693455,0.0,0.0,-0.3316125578789226,0.0,0.0,-0.7085205653929361,0.0,sine,1,0.4,0.5,22,44,7.399816036224365,0.0
1779527402.5435102,0.0,-0.3316125578789226,0.0,0.0,-0.7085205653929361,0.0,0.0,0.396,0.35639999999999994,0.0,-0.38406111762608236,0.0,0.0,-0.3316125578789226,0.0,0.0,-0.7085205653929361,0.0,sine,1,0.4,0.5,22,44,7.409839391708374,0.0
1779527402.5533473,0.0,-0.3316125578789226,0.0,0.0,-0.7085205653929361,0.0,0.0,0.396,0.35639999999999994,0.0,-0.3874269542594725,0.0,0.0,-0.3455751918948773,0.0,0.0020777729190408684,-0.6191763298741788,0.0,sine,1,0.4,0.5,22,44,7.419979810714722,0.0
1779527402.5633755,0.0,-0.3455751918948773,0.0,0.0020777729190408684,-0.6191763298741788,0.0,-0.0396,0.396,0.27720000000000006,0.0,-0.39031646440709367,0.0,0.0,-0.3508111796508602,0.0,0.0020777729190408684,-0.5817764173314431,0.0,sine,1,0.4,0.5,22,44,7.429816961288452,0.0
1779527402.5734565,0.0,-0.3508111796508602,0.0,0.0020777729190408684,-0.5817764173314431,0.0,-0.1188,1.6632,0.27720000000000006,0.0,-0.39287837591232266,0.0,0.0,-0.3560471674068433,0.0,0.0,-0.583854190250484,0.0,sine,1,0.4,0.5,22,44,7.439845085144043,0.0
1779527402.583344,0.0,-0.3560471674068433,0.0,0.0,-0.583854190250484,0.0,-0.1188,0.0,0.27720000000000006,0.0,-0.3950608056955198,0.0,0.0,-0.3612831551628263,0.0,0.0,-0.5277543214363806,0.0,sine,1,0.4,0.5,22,44,7.449926137924194,0.0
1779527402.593347,0.0,-0.3612831551628263,0.0,0.0,-0.5277543214363806,0.0,-0.0792,1.3068,0.3168,0.0,-0.39681645396533977,0.0,0.0,-0.3665191429188092,0.0,0.0,-0.4861988630555632,0.0,sine,1,0.4,0.5,22,44,7.459813594818115,0.0
1779527402.603513,0.0,-0.3665191429188092,0.0,0.0,-0.4861988630555632,0.0,-0.0396,0.7127999999999999,0.27720000000000006,0.0,-0.3982030409405866,0.0,0.0,-0.3665191429188092,0.0,0.0,-0.4861988630555632,0.0,sine,1,0.4,0.5,22,44,7.4698166847229,0.0
1779527402.6133249,0.0,-0.3665191429188092,0.0,0.0,-0.4861988630555632,0.0,-0.0396,0.7127999999999999,0.27720000000000006,0.0,-0.39920931897618356,0.0,0.0,-0.3752457891787808,0.0,0.0,-0.425943448403378,0.0,sine,1,0.4,0.5,22,44,7.479982614517212,0.0
1779527402.6233866,0.0,-0.3752457891787808,0.0,0.0,-0.425943448403378,0.0,-0.0396,1.6236000000000002,-0.35639999999999994,0.0,-0.39979442905524437,0.0,0.0,-0.3787364476827696,0.0,-0.0020777729190408684,-0.38023244418447893,0.0,sine,1,0.4,0.5,22,44,7.489794492721558,0.0
1779527402.6333694,0.0,-0.3787364476827696,0.0,-0.0020777729190408684,-0.38023244418447893,0.0,0.0,0.792,0.27720000000000006,0.0,-0.3999999592014669,0.0,0.0,-0.3822271061867582,0.0,0.0,-0.33867698580366157,0.0,sine,1,0.4,0.5,22,44,7.499856233596802,0.0
1779527402.6433532,0.0,-0.3822271061867582,0.0,0.0,-0.33867698580366157,0.0,-0.0396,0.6732,0.27720000000000006,0.0,-0.39980892573551263,0.0,0.0,-0.38571776469074687,0.0,0.0,-0.3137437107751711,0.0,sine,1,0.4,0.5,22,44,7.509839057922363,0.0
1779527402.6533456,0.0,-0.38571776469074687,0.0,0.0,-0.3137437107751711,0.0,0.0,0.7524000000000001,0.3168,0.0,-0.39922460864993803,0.0,0.0,-0.3874630939427412,0.0,0.0,-0.25556606904202683,0.0,sine,1,0.4,0.5,22,44,7.519822835922241,0.0
1779527402.6633816,0.0,-0.3874630939427412,0.0,0.0,-0.25556606904202683,0.0,-0.0792,2.0196,0.35639999999999994,0.0,-0.39824657352834003,0.0,0.0,-0.3892084231947355,0.0,0.0,-0.2243994752564138,0.0,sine,1,0.4,0.5,22,44,7.529815196990967,0.0
1779527402.673361,0.0,-0.3892084231947355,0.0,0.0,-0.2243994752564138,0.0,-0.0396,1.4652,0.1584,0.0,-0.396869274703478,0.0,0.0,-0.3909537524467298,0.0,0.0,-0.18492178979463728,0.0,sine,1,0.4,0.5,22,44,7.539851188659668,0.0
1779527402.6833396,0.0,-0.3909537524467298,0.0,0.0,-0.18492178979463728,0.0,0.0,1.0296,0.198,0.0,-0.39510856645103165,0.0,0.0,-0.39269908169872414,0.0,0.0020777729190408684,-0.1308996938995747,0.0,sine,1,0.4,0.5,22,44,7.549830675125122,0.0
1779527402.6933763,0.0,-0.39269908169872414,0.0,0.0020777729190408684,-0.1308996938995747,0.0,-0.0792,0.6336,0.1188,0.0,-0.3929597555776618,0.0,0.0,-0.39444441095071847,0.0,0.0020777729190408684,-0.09349978135683908,0.0,sine,1,0.4,0.5,22,44,7.55980920791626,0.0
1779527402.703361,0.0,-0.39444441095071847,0.0,0.0020777729190408684,-0.09349978135683908,0.0,-0.0396,0.35639999999999994,0.27720000000000006,0.0,-0.39040889792147987,0.0,0.0,-0.39444441095071847,0.0,0.0020777729190408684,-0.09349978135683908,0.0,sine,1,0.4,0.5,22,44,7.569845914840698,0.0
1779527402.713381,0.0,-0.39444441095071847,0.0,0.0020777729190408684,-0.09349978135683908,0.0,-0.0396,0.35639999999999994,0.27720000000000006,0.0,-0.387486134767995,0.0,0.0,-0.39444441095071847,0.0,0.0,-0.014544410433286078,0.0,sine,1,0.4,0.5,22,44,7.579830646514893,0.0
1779527402.7233934,0.0,-0.39444441095071847,0.0,0.0,-0.014544410433286078,0.0,0.0,0.3168,0.1584,0.0,-0.384169787739713,0.0,0.0,-0.39444441095071847,0.0,0.0,0.01246663751424521,0.0,sine,1,0.4,0.5,22,44,7.589850664138794,0.0
1779527402.7333617,0.0,-0.39444441095071847,0.0,0.0,0.01246663751424521,0.0,0.0,-0.1188,0.0396,0.0,-0.38047575111485626,0.0,0.0,-0.39444441095071847,0.0,-0.0020777729190408684,0.02493327502849042,0.0,sine,1,0.4,0.5,22,44,7.599863052368164,0.0
1779527402.743348,0.0,-0.39444441095071847,0.0,-0.0020777729190408684,0.02493327502849042,0.0,0.0,0.4752,0.198,0.0,-0.3764240512620617,0.0,0.0,-0.39269908169872414,0.0,0.0,0.09973310011396168,-0.0020777729190408684,sine,1,0.4,0.5,22,44,7.6098313331604,0.0
1779527402.7533727,0.0,-0.39269908169872414,0.0,0.0,0.09973310011396168,-0.0020777729190408684,0.0,0.27720000000000006,0.1188,0.0,-0.3719949596828217,0.0,0.0,-0.3909537524467298,0.0,0.0,0.1246663751424521,0.0,sine,1,0.4,0.5,22,44,7.619817495346069,0.0
1779527402.7633846,0.0,-0.3909537524467298,0.0,0.0,0.1246663751424521,0.0,-0.0396,-0.1584,0.1188,0.0,-0.3671805179775872,0.0,0.0,-0.3892084231947355,0.0,0.0,0.19115510855175988,0.0,sine,1,0.4,0.5,22,44,7.629842281341553,0.0
1779527402.7733924,0.0,-0.3892084231947355,0.0,0.0,0.19115510855175988,0.0,-0.0396,-1.1483999999999999,0.2376,0.0,-0.36200879719584567,0.0,0.0,-0.3874630939427412,0.0,0.0020777729190408684,0.23271056693257725,0.0,sine,1,0.4,0.5,22,44,7.639854192733765,0.0
1779527402.7833796,0.0,-0.3874630939427412,0.0,0.0020777729190408684,0.23271056693257725,0.0,-0.0396,-1.1880000000000002,0.198,0.0,-0.35648127627983484,0.0,0.0,-0.3839724354387525,0.0,0.0,0.2243994752564138,0.0020777729190408684,sine,1,0.4,0.5,22,44,7.649862051010132,0.0
1779527402.7934148,0.0,-0.3839724354387525,0.0,0.0,0.2243994752564138,0.0020777729190408684,0.0,0.0,0.0396,0.0,-0.3506139454572978,0.0,0.0,-0.3822271061867582,0.0,0.0,0.2617993877991494,0.0,sine,1,0.4,0.5,22,44,7.659849166870117,0.0
1779527402.8035407,0.0,-0.3822271061867582,0.0,0.0,0.2617993877991494,0.0,0.0,0.2376,0.198,0.0,-0.3443707074684817,0.0,0.0,-0.3822271061867582,0.0,0.0,0.2617993877991494,0.0,sine,1,0.4,0.5,22,44,7.669884443283081,0.0
1779527402.8133636,0.0,-0.3822271061867582,0.0,0.0,0.2617993877991494,0.0,0.0,0.2376,0.198,0.0,-0.3377242219940848,0.0,0.0,-0.3752457891787808,0.0,0.0,0.35529916915598847,0.0,sine,1,0.4,0.5,22,44,7.6800103187561035,0.0
1779527402.8233256,0.0,-0.3752457891787808,0.0,0.0,0.35529916915598847,0.0,0.0,-1.7028,0.0396,0.0,-0.330950026184057,0.0,0.0,-0.3752457891787808,0.0,0.0,0.35529916915598847,0.0,sine,1,0.4,0.5,22,44,7.689833164215088,0.0
1779527402.8333805,0.0,-0.3752457891787808,0.0,0.0,0.35529916915598847,0.0,0.0,-1.7028,0.0396,0.0,-0.32375796870404727,0.0,0.0,-0.3665191429188092,0.0,0.0,0.4238656754843371,0.0,sine,1,0.4,0.5,22,44,7.699795246124268,0.0
1779527402.8433506,0.0,-0.3665191429188092,0.0,0.0,0.4238656754843371,0.0,0.0,-0.7524000000000001,0.0792,0.0,-0.3161774440271381,0.0,0.0,-0.3612831551628263,0.0,0.0,0.44256563175570496,0.0,sine,1,0.4,0.5,22,44,7.709850072860718,0.0
1779527402.8533423,0.0,-0.3612831551628263,0.0,0.0,0.44256563175570496,0.0,0.0,-1.584,0.2376,0.0,-0.3083492208119135,0.0,0.0,-0.3560471674068433,0.0,0.0,0.5215210026792579,0.0,sine,1,0.4,0.5,22,44,7.719820261001587,0.0
1779527402.8633714,0.0,-0.3560471674068433,0.0,0.0,0.5215210026792579,0.0,0.0,0.5940000000000001,0.1188,0.0,-0.300200686350381,0.0,0.0,-0.3508111796508602,0.0,0.0,0.583854190250484,0.0,sine,1,0.4,0.5,22,44,7.729811906814575,0.0
1779527402.873347,0.0,-0.3508111796508602,0.0,0.0,0.583854190250484,0.0,-0.0396,-1.3860000000000001,0.1188,0.0,-0.29172420418043116,0.0,0.0,-0.34382986264288296,0.0,0.0,0.6254096486313013,0.0,sine,1,0.4,0.5,22,44,7.739840984344482,0.0
1779527402.8837569,0.0,-0.34382986264288296,0.0,0.0,0.6254096486313013,0.0,0.0,0.5544000000000001,0.1188,0.0,-0.28300558063250064,0.0,0.0,-0.33859387488689996,0.0,0.0,0.5880097360885658,0.0,sine,1,0.4,0.5,22,44,7.749816656112671,0.0
1779527402.8933768,0.0,-0.33859387488689996,0.0,0.0,0.5880097360885658,0.0,-0.0396,-1.6632,0.1188,0.0,-0.2736112988661146,0.0,0.0,-0.33335788713091696,0.0,0.0,0.5921652819266475,0.0020777729190408684,sine,1,0.4,0.5,22,44,7.760226488113403,0.0
1779527402.903433,0.0,-0.33335788713091696,0.0,0.0,0.5921652819266475,0.0020777729190408684,0.0,0.8316,0.1584,0.0,-0.2646694642670905,0.0,0.0,-0.32637657012293964,0.0,0.0,0.6877428362025274,0.0,sine,1,0.4,0.5,22,44,7.769846439361572,0.0
1779527402.9133391,0.0,-0.32637657012293964,0.0,0.0,0.6877428362025274,0.0,0.0,-1.3068,0.0396,0.0,-0.2550637985279528,0.0,0.0,-0.3193952531149623,0.0,0.0,0.679431744526364,0.0,sine,1,0.4,0.5,22,44,7.779902696609497,0.0
1779527402.9233508,0.0,-0.3193952531149623,0.0,0.0,0.679431744526364,0.0,0.0396,0.1188,0.0396,0.0,-0.2453526764533326,0.0,0.0,-0.31066860685499065,0.0,0.0,0.7646204342070395,0.0,sine,1,0.4,0.5,22,44,7.789808750152588,0.0
1779527402.9333978,0.0,-0.31066860685499065,0.0,0.0,0.7646204342070395,0.0,0.0,-0.8712,0.0,0.0,-0.2352966286575754,0.0,0.0,-0.301941960595019,0.0,0.0,0.8269536217782656,-0.0020777729190408684,sine,1,0.4,0.5,22,44,7.799820423126221,0.0
1779527402.943346,0.0,-0.301941960595019,0.0,0.0,0.8269536217782656,-0.0020777729190408684,0.0396,-1.2276,0.0396,0.0,-0.22497116677756177,0.0,0.0,-0.2949606435870417,0.0,0.0,0.7874759363164892,0.0,sine,1,0.4,0.5,22,44,7.8098673820495605,0.0
1779527402.9533396,0.0,-0.2949606435870417,0.0,0.0,0.7874759363164892,0.0,0.0,0.4356,0.1584,0.0,-0.21452629510965526,0.0,0.0,-0.2949606435870417,0.0,0.0,0.7874759363164892,0.0,sine,1,0.4,0.5,22,44,7.819815635681152,0.0
1779527402.963351,0.0,-0.2949606435870417,0.0,0.0,0.7874759363164892,0.0,0.0,0.4356,0.1584,0.0,-0.20382291874720648,0.0,0.0,-0.2792526803190927,0.0,0.0,0.8082536655068978,0.0,sine,1,0.4,0.5,22,44,7.829809188842773,0.0
1779527402.9733925,0.0,-0.2792526803190927,0.0,0.0,0.8082536655068978,0.0,-0.0792,-1.0692,0.27720000000000006,0.0,-0.19289896844859664,0.0,0.0,-0.2687807048071268,0.0,0.0,0.9100645385399003,0.0,sine,1,0.4,0.5,22,44,7.839820623397827,0.0
1779527402.9835079,0.0,-0.2687807048071268,0.0,0.0,0.9100645385399003,0.0,0.0,0.1188,0.1188,0.0,-0.1817505870557539,0.0,0.0,-0.26005405854715513,0.0,0.0,0.9807088177872899,0.0,sine,1,0.4,0.5,22,44,7.849862098693848,0.0
1779527402.9933429,0.0,-0.26005405854715513,0.0,0.0,0.9807088177872899,0.0,-0.0792,-0.35639999999999994,0.1188,0.0,-0.17033731805968083,0.0,0.0,-0.24958208303518914,0.0,0.0,0.9204534031351047,0.0,sine,1,0.4,0.5,22,44,7.85997748374939,0.0
1779527403.0034971,0.0,-0.24958208303518914,0.0,0.0,0.9204534031351047,0.0,0.0396,-1.1483999999999999,0.1584,0.0,-0.15907538271523564,0.0,0.0,-0.24085543677521748,0.0,0.0,0.9973310011396168,0.0,sine,1,0.4,0.5,22,44,7.869812488555908,0.0
1779527403.0134118,0.0,-0.24085543677521748,0.0,0.0,0.9973310011396168,0.0,0.0,-0.5940000000000001,-0.198,0.0,-0.14728868583476906,0.0,0.0,-0.2303834612632515,0.0,-0.0020777729190408684,1.0534308699537203,0.0,sine,1,0.4,0.5,22,44,7.879966735839844,0.0
1779527403.023344,0.0,-0.2303834612632515,0.0,-0.0020777729190408684,1.0534308699537203,0.0,-0.0792,-0.3168,0.0396,0.0,-0.13563541745038282,0.0,0.0,-0.2181661564992912,0.0,-0.0020777729190408684,1.0804419179012517,0.0,sine,1,0.4,0.5,22,44,7.889881372451782,0.0
1779527403.0333674,0.0,-0.2181661564992912,0.0,-0.0020777729190408684,1.0804419179012517,0.0,-0.0792,0.0792,0.0,0.0,-0.12382948712872276,0.0,0.0,-0.2076941809873252,0.0,0.0,1.1074529658487828,0.0,sine,1,0.4,0.5,22,44,7.899813652038574,0.0
1779527403.043343,0.0,-0.2076941809873252,0.0,0.0,1.1074529658487828,0.0,0.0396,0.5544000000000001,0.0396,0.0,-0.11179311742247484,0.0,0.0,-0.19722220547535924,0.0,0.0,1.0451197782775568,0.0,sine,1,0.4,0.5,22,44,7.909837007522583,0.0
1779527403.05335,0.0,-0.19722220547535924,0.0,0.0,1.0451197782775568,0.0,0.0,-0.8316,0.1188,0.0,-0.09970393643342242,0.0,0.0,-0.18849555921538758,0.0,0.0,1.0077198657348212,0.0,sine,1,0.4,0.5,22,44,7.9198126792907715,0.0
1779527403.0633688,0.0,-0.18849555921538758,0.0,0.0,1.0077198657348212,0.0,0.0,-1.9404,0.0,0.0,-0.0874785400044617,0.0,0.0,-0.17802358370342164,0.0,0.0,1.0181087303300256,0.0020777729190408684,sine,1,0.4,0.5,22,44,7.929819583892822,0.0
1779527403.0733898,0.0,-0.17802358370342164,0.0,0.0,1.0181087303300256,0.0020777729190408684,0.0,-2.2967999999999997,0.3168,0.0,-0.0751519801111133,0.0,0.0,-0.1658062789394613,0.0,0.0,1.1240751492011098,0.0,sine,1,0.4,0.5,22,44,7.939838409423828,0.0
1779527403.0833476,0.0,-0.1658062789394613,0.0,0.0,1.1240751492011098,0.0,0.0,-0.8712,0.198,0.0,-0.06274831173943678,0.0,0.0,-0.15358897417550102,0.0,0.0020777729190408684,1.184330563853295,0.0,sine,1,0.4,0.5,22,44,7.949859380722046,0.0
1779527403.0933979,0.0,-0.15358897417550102,0.0,0.0020777729190408684,1.184330563853295,0.0,-0.0396,-0.6336,0.0792,0.0,-0.05036122307520019,0.0,0.0,-0.15358897417550102,0.0,0.0020777729190408684,1.184330563853295,0.0,sine,1,0.4,0.5,22,44,7.959817171096802,0.0
1779527403.103327,0.0,-0.15358897417550102,0.0,0.0020777729190408684,1.184330563853295,0.0,-0.0396,-0.6336,0.0792,0.0,-0.03780912770165345,0.0,0.0,-0.1308996938995747,0.0,0.0,1.1780972450961724,0.0,sine,1,0.4,0.5,22,44,7.969867467880249,0.0
1779527403.113344,0.0,-0.1308996938995747,0.0,0.0,1.1780972450961724,0.0,-0.0396,0.2376,-0.1188,0.0,-0.02537123804763741,0.0,0.0,-0.11868238913561442,0.0,0.0,1.2445859785054803,0.0,sine,1,0.4,0.5,22,44,7.979796648025513,0.0
1779527403.1234956,0.0,-0.11868238913561442,0.0,0.0,1.2445859785054803,0.0,0.0,0.0,0.0,0.0,-0.012798465472641525,0.0,0.0,-0.10646508437165411,0.0,-0.0020777729190408684,1.2674414806149297,0.0,sine,1,0.4,0.5,22,44,7.989813566207886,0.0
1779527403.1333272,0.0,-0.10646508437165411,0.0,-0.0020777729190408684,1.2674414806149297,0.0,0.0396,-0.198,0.1188,0.0,-4.37424208171328e-05,0.0,0.0,-0.09424777960769379,0.0,0.0,1.1635528346628863,0.0,sine,1,0.4,0.5,22,44,7.999965190887451,0.0
1779527403.1433039,0.0,-0.09424777960769379,0.0,0.0,1.1635528346628863,0.0,0.0,0.27720000000000006,0.198,0.0,0.012309151078511157,0.0,0.0,-0.08203047484373349,0.0,0.0,1.2383526597483576,0.0,sine,1,0.4,0.5,22,44,8.009796857833862,0.0
1779527403.1533408,0.0,-0.08203047484373349,0.0,0.0,1.2383526597483576,0.0,-0.0792,-0.1188,0.3168,0.0,0.024832113856620798,0.0,0.0,-0.06981317007977318,0.0,0.0,1.2591303889387662,-0.0020777729190408684,sine,1,0.4,0.5,22,44,8.019773483276367,0.0
1779527403.1633663,0.0,-0.06981317007977318,0.0,0.0,1.2591303889387662,-0.0020777729190408684,0.0,0.198,0.1584,0.0,0.03740615348250139,0.0,0.0,-0.05759586531581287,0.0,0.0,1.2715970264530114,0.0,sine,1,0.4,0.5,22,44,8.029810428619385,0.0
1779527403.1733575,0.0,-0.05759586531581287,0.0,0.0,1.2715970264530114,0.0,0.0,-0.0396,-0.198,0.0,0.04992873593391575,0.0,0.0,-0.04363323129985824,0.0,0.0,1.2695192535339705,0.0,sine,1,0.4,0.5,22,44,8.039835929870605,0.0
1779527403.1834676,0.0,-0.04363323129985824,0.0,0.0,1.2695192535339705,0.0,0.0,0.1188,0.0792,0.0,0.062359177801369785,0.0,0.0,-0.031415926535897934,0.0,0.0020777729190408684,1.294452528562461,-0.0020777729190408684,sine,1,0.4,0.5,22,44,8.049827098846436,0.0
1779527403.193402,0.0,-0.031415926535897934,0.0,0.0020777729190408684,1.294452528562461,-0.0020777729190408684,0.0,-0.0792,-0.1188,0.0,0.0748750531661256,0.0,0.0,-0.017453292519943295,0.0,0.0020777729190408684,1.296530301481502,0.0,sine,1,0.4,0.5,22,44,8.059937238693237,0.0
1779527403.203303,0.0,-0.017453292519943295,0.0,0.0020777729190408684,1.296530301481502,0.0,0.0,-0.5148,0.0,0.0,0.08709990170143199,0.0,0.0,-0.005235987755982989,0.0,0.0020777729190408684,1.2923747556434202,0.0,sine,1,0.4,0.5,22,44,8.069871664047241,0.0
1779527403.2133453,0.0,-0.005235987755982989,0.0,0.0020777729190408684,1.2923747556434202,0.0,-0.0396,-0.6336,0.0,0.0,0.09919928277603218,0.0,0.0,0.005235987755982989,0.0,0.0,1.279908118129175,0.0,sine,1,0.4,0.5,22,44,8.079772710800171,0.0
1779527403.223407,0.0,0.005235987755982989,0.0,0.0,1.279908118129175,0.0,0.0,-0.4752,-0.0792,0.0,0.11137305750008555,0.0,0.0,0.017453292519943295,0.0,0.0,1.263285934776848,0.0020777729190408684,sine,1,0.4,0.5,22,44,8.089814901351929,0.0
1779527403.2333868,0.0,0.017453292519943295,0.0,0.0,1.263285934776848,0.0020777729190408684,0.0,-0.396,-0.198,0.0,0.12345935954302296,0.0,0.0,0.031415926535897934,0.0,0.0,1.2528970701816435,0.0,sine,1,0.4,0.5,22,44,8.099876642227173,0.0
1779527403.2433767,0.0,0.031415926535897934,0.0,0.0,1.2528970701816435,0.0,0.0,-0.9107999999999999,0.0396,0.0,0.13532533058903104,0.0,0.0,0.04363323129985824,0.0,0.0,1.2508192972626027,0.0,sine,1,0.4,0.5,22,44,8.109856367111206,0.0
1779527403.2533457,0.0,0.04363323129985824,0.0,0.0,1.2508192972626027,0.0,0.0396,-0.7127999999999999,0.0,0.0,0.14707027353938892,0.0,0.0,0.054105206811824215,0.0,0.0,1.1593972888248045,0.0,sine,1,0.4,0.5,22,44,8.11984634399414,0.0
1779527403.2633886,0.0,0.054105206811824215,0.0,0.0,1.1593972888248045,0.0,0.0,-0.3168,-0.1584,0.0,0.1586461640713467,0.0,0.0,0.06632251157578452,0.0,0.0,1.213419384719867,0.0,sine,1,0.4,0.5,22,44,8.129815340042114,0.0
1779527403.2733617,0.0,0.06632251157578452,0.0,0.0,1.213419384719867,0.0,0.0,-0.198,-0.0396,0.0,0.17015051971612452,0.0,0.0,0.07853981633974483,0.0,0.0,1.2362748868293167,0.0,sine,1,0.4,0.5,22,44,8.13985824584961,0.0
1779527403.2833426,0.0,0.07853981633974483,0.0,0.0,1.2362748868293167,0.0,0.0,-0.0396,-0.1188,0.0,0.18140728017984575,0.0,0.0,0.09075712110370514,0.0,0.0020777729190408684,1.2362748868293167,0.0,sine,1,0.4,0.5,22,44,8.149831295013428,0.0
1779527403.2934458,0.0,0.09075712110370514,0.0,0.0020777729190408684,1.2362748868293167,0.0,0.0,0.0,-0.198,0.0,0.19249464406510056,0.0,0.0,0.10297442586766545,0.0,0.0,1.215497157638908,0.0,sine,1,0.4,0.5,22,44,8.159812211990356,0.0
1779527403.3033266,0.0,0.10297442586766545,0.0,0.0,1.215497157638908,0.0,-0.0396,0.198,-0.0396,0.0,0.20352509312009348,0.0,0.0,0.11519173063162574,0.0,0.0,1.2071860659627445,0.0,sine,1,0.4,0.5,22,44,8.169915437698364,0.0
1779527403.3133457,0.0,0.11519173063162574,0.0,0.0,1.2071860659627445,0.0,-0.0792,0.3168,0.0,0.0,0.2141144595029587,0.0,0.0,0.12740903539558607,0.0,0.0,1.1947194284484992,0.0,sine,1,0.4,0.5,22,44,8.17979621887207,0.0
1779527403.3234215,0.0,0.12740903539558607,0.0,0.0,1.1947194284484992,0.0,0.0,0.3168,0.0396,0.0,0.2246413293236672,0.0,0.0,0.13962634015954636,0.0,-0.0020777729190408684,1.2009527472056218,0.0,sine,1,0.4,0.5,22,44,8.189815282821655,0.0
1779527403.333345,0.0,0.13962634015954636,0.0,-0.0020777729190408684,1.2009527472056218,0.0,-0.1188,0.27720000000000006,-0.198,0.0,0.23500336521395437,0.0,0.0,0.1518436449235067,0.0,0.0,1.1926416555294586,0.0,sine,1,0.4,0.5,22,44,8.199891090393066,0.0
1779527403.3433557,0.0,0.1518436449235067,0.0,0.0,1.1926416555294586,0.0,-0.0396,-0.27720000000000006,0.0,0.0,0.24497863800028924,0.0,0.0,0.16231562043547265,0.0,0.0,1.1718639263390498,0.0,sine,1,0.4,0.5,22,44,8.209814548492432,0.0
1779527403.3533638,0.0,0.16231562043547265,0.0,0.0,1.1718639263390498,0.0,0.0,-0.5148,-0.0396,0.0,0.25480037207150896,0.0,0.0,0.17453292519943295,0.0,0.0,1.1448528783915184,0.0,sine,1,0.4,0.5,22,44,8.219825267791748,0.0
1779527403.3633416,0.0,0.17453292519943295,0.0,0.0,1.1448528783915184,0.0,0.0,-1.0296,-0.198,0.0,0.2643676363603606,0.0,0.0,0.18500490071139894,0.0,0.0020777729190408684,1.1178418304439872,0.0,sine,1,0.4,0.5,22,44,8.229833364486694,0.0
1779527403.3733451,0.0,0.18500490071139894,0.0,0.0020777729190408684,1.1178418304439872,0.0,0.0792,-1.6236000000000002,-0.1584,0.0,0.27364582768815787,0.0,0.0,0.1954768762233649,0.0,0.0,1.0908307824964558,0.0,sine,1,0.4,0.5,22,44,8.239811182022095,0.0
1779527403.3833268,0.0,0.1954768762233649,0.0,0.0,1.0908307824964558,0.0,-0.0792,-1.782,-0.0792,0.0,0.28267805467264573,0.0,0.0,0.2059488517353309,0.0,0.0020777729190408684,1.0700530533060473,0.0,sine,1,0.4,0.5,22,44,8.249814748764038,0.0
1779527403.3933666,0.0,0.2059488517353309,0.0,0.0020777729190408684,1.0700530533060473,0.0,-0.0396,-1.3464,-0.198,0.0,0.2914122327035948,0.0,0.0,0.21642082724729686,0.0,0.0,1.0513530970346794,0.0,sine,1,0.4,0.5,22,44,8.259796380996704,0.0
1779527403.4033856,0.0,0.21642082724729686,0.0,0.0,1.0513530970346794,0.0,0.0,-0.2376,0.0,0.0,0.29990825507326146,0.0,0.0,0.22689280275926285,0.0,-0.0020777729190408684,1.0430420053585159,0.0,sine,1,0.4,0.5,22,44,8.269836187362671,0.0
1779527403.4133875,0.0,0.22689280275926285,0.0,-0.0020777729190408684,1.0430420053585159,0.0,0.0,0.1188,-0.0792,0.0,0.30808932001288847,0.0,0.0,0.23736477827122884,0.0,-0.0020777729190408684,1.0243420490871482,0.0,sine,1,0.4,0.5,22,44,8.279855251312256,0.0
1779527403.4233348,0.0,0.23736477827122884,0.0,-0.0020777729190408684,1.0243420490871482,0.0,-0.0396,-0.4752,-0.2376,0.0,0.31595194913595886,0.0,0.0,0.2478367537831948,0.0,-0.0020777729190408684,0.9994087740586577,0.0020777729190408684,sine,1,0.4,0.5,22,44,8.289857149124146,0.0
1779527403.4333916,0.0,0.2478367537831948,0.0,-0.0020777729190408684,0.9994087740586577,0.0020777729190408684,0.0,-1.7424,-0.1188,0.0,0.3234622963827191,0.0,0.0,0.25656340004316647,0.0,0.0,0.9682421802730447,0.0,sine,1,0.4,0.5,22,44,8.299804449081421,0.0
1779527403.4433777,0.0,0.25656340004316647,0.0,0.0,0.9682421802730447,0.0,-0.0792,-1.5048000000000001,-0.1188,0.0,0.3307341470917968,0.0,0.0,0.26529004630313807,0.0,0.0,0.8747423989162055,0.0,sine,1,0.4,0.5,22,44,8.309861183166504,0.0
1779527403.4533453,0.0,0.26529004630313807,0.0,0.0,0.8747423989162055,0.0,0.0,0.0,-0.1188,0.0,0.33762834291495647,0.0,0.0,0.27401669256310973,0.0,0.0,0.8809757176733282,0.0,sine,1,0.4,0.5,22,44,8.319847345352173,0.0
1779527403.4633725,0.0,0.27401669256310973,0.0,0.0,0.8809757176733282,0.0,0.0,-0.5940000000000001,-0.198,0.0,0.34417835474279135,0.0,0.0,0.28274333882308134,0.0,0.0,0.8788979447542873,0.0,sine,1,0.4,0.5,22,44,8.329814910888672,0.0
1779527403.4733756,0.0,0.28274333882308134,0.0,0.0,0.8788979447542873,0.0,-0.0396,-1.5048000000000001,-0.1188,0.0,0.3504270264185607,0.0,0.0,0.291469985083053,0.0,0.0,0.8581202155638786,0.0,sine,1,0.4,0.5,22,44,8.339842081069946,0.0
1779527403.4833746,0.0,0.291469985083053,0.0,0.0,0.8581202155638786,0.0,0.0,-0.35639999999999994,-0.1584,0.0,0.3563142373591357,0.0,0.0,0.30019663134302466,0.0,0.0020777729190408684,0.8352647134544291,0.0,sine,1,0.4,0.5,22,44,8.349845170974731,0.0
1779527403.493368,0.0,0.30019663134302466,0.0,0.0020777729190408684,0.8352647134544291,0.0,-0.0396,-0.35639999999999994,-0.1584,0.0,0.3618474209980204,0.0,0.0,0.30717794835100204,0.0,0.0,0.7542315696118352,0.0,sine,1,0.4,0.5,22,44,8.359844207763672,0.0
1779527403.50341,0.0,0.30717794835100204,0.0,0.0,0.7542315696118352,0.0,-0.0792,-1.6236000000000002,-0.198,0.0,0.36702071468769026,0.0,0.0,0.3141592653589793,0.0,0.0,0.7563093425308761,0.0,sine,1,0.4,0.5,22,44,8.369837522506714,0.0
1779527403.5133636,0.0,0.3141592653589793,0.0,0.0,0.7563093425308761,0.0,0.0,0.396,-0.198,0.0,0.3718549231881017,0.0,0.0,0.32288591161895097,0.0,0.0,0.7479982508547126,0.0,sine,1,0.4,0.5,22,44,8.379879713058472,0.0
1779527403.5233703,0.0,0.32288591161895097,0.0,0.0,0.7479982508547126,0.0,0.0,-1.4255999999999998,-0.1584,0.0,0.37628125912494664,0.0,0.0,0.3298672286269283,0.0,0.0,0.7230649758262222,0.0,sine,1,0.4,0.5,22,44,8.389833211898804,0.0
1779527403.5333245,0.0,0.3298672286269283,0.0,0.0,0.7230649758262222,0.0,-0.0396,-0.5940000000000001,-0.198,0.0,0.3803603794916727,0.0,0.0,0.3368485456349056,0.0,0.0,0.6898206091215683,0.0020777729190408684,sine,1,0.4,0.5,22,44,8.399839878082275,0.0
1779527403.5433452,0.0,0.3368485456349056,0.0,0.0,0.6898206091215683,0.0020777729190408684,0.0,-0.9107999999999999,-0.27720000000000006,0.0,0.3840452045692356,0.0,0.0,0.3420845333908886,0.0,0.0,0.6607317882549961,0.0,sine,1,0.4,0.5,22,44,8.409794092178345,0.0
1779527403.5533953,0.0,0.3420845333908886,0.0,0.0,0.6607317882549961,0.0,0.0,-1.2672,-0.198,0.0,0.38737532933239405,0.0,0.0,0.3490658503988659,0.0,0.0,0.6254096486313013,0.0,sine,1,0.4,0.5,22,44,8.419814825057983,0.0
1779527403.5634527,0.0,0.3490658503988659,0.0,0.0,0.6254096486313013,0.0,0.0,-0.6336,0.1584,0.0,0.39032963052165176,0.0,0.0,0.35430183815484895,0.0,0.0,0.5859319631695249,0.0,sine,1,0.4,0.5,22,44,8.429864883422852,0.0
1779527403.5734046,0.0,0.35430183815484895,0.0,0.0,0.5859319631695249,0.0,0.0,-0.7127999999999999,-0.27720000000000006,0.0,0.39289660026768924,0.0,0.0,0.35953782591083194,0.0,0.0,0.5422987318696666,0.0,sine,1,0.4,0.5,22,44,8.439922332763672,0.0
1779527403.5833461,0.0,0.35953782591083194,0.0,0.0,0.5422987318696666,0.0,0.0396,-1.3860000000000001,-0.2376,0.0,0.39505056809543576,0.0,0.0,0.3647738136668149,0.0,0.0020777729190408684,0.49450995473172665,0.0,sine,1,0.4,0.5,22,44,8.44987416267395,0.0
1779527403.593365,0.0,0.3647738136668149,0.0,0.0020777729190408684,0.49450995473172665,0.0,-0.0396,0.5148,-0.198,0.0,0.39681679347775367,0.0,0.0,0.36826447217080355,0.0,0.0,0.4404878588366641,0.0,sine,1,0.4,0.5,22,44,8.459815740585327,0.0
1779527403.6033854,0.0,0.36826447217080355,0.0,0.0,0.4404878588366641,0.0,-0.1188,-1.1880000000000002,0.198,0.0,0.39820516784873283,0.0,0.0,0.3735004599267866,0.0,0.0,0.4280212213224189,0.0,sine,1,0.4,0.5,22,44,8.469834566116333,0.0
1779527403.6133711,0.0,0.3735004599267866,0.0,0.0,0.4280212213224189,0.0,-0.0396,-0.99,0.4356,0.0,0.39919921355674365,0.0,0.0,0.37699111843077515,0.0,-0.0020777729190408684,0.3864657629416015,-0.0020777729190408684,sine,1,0.4,0.5,22,44,8.479855060577393,0.0
1779527403.6233587,0.0,0.37699111843077515,0.0,-0.0020777729190408684,0.3864657629416015,-0.0020777729190408684,-0.0396,0.4356,-0.2376,0.0,0.3997962880442463,0.0,0.0,0.38048177693476387,0.0,0.0,0.3615324879131111,0.0,sine,1,0.4,0.5,22,44,8.489840745925903,0.0
1779527403.6334877,0.0,0.38048177693476387,0.0,0.0,0.3615324879131111,0.0,0.0,-1.3464,0.3168,0.0,0.39999994183323456,0.0,0.0,0.3839724354387525,0.0,0.0,0.315821483694212,0.0,sine,1,0.4,0.5,22,44,8.499828338623047,0.0
1779527403.6433823,0.0,0.3839724354387525,0.0,0.0,0.315821483694212,0.0,0.0,-1.5048000000000001,-0.35639999999999994,0.0,0.3998043054681131,0.0,0.0,0.38571776469074687,0.0,0.0,0.2763437982324355,-0.0020777729190408684,sine,1,0.4,0.5,22,44,8.509957313537598,0.0
1779527403.6533437,0.0,0.38571776469074687,0.0,0.0,0.2763437982324355,-0.0020777729190408684,-0.0396,-0.35639999999999994,-0.3168,0.0,0.3992223321753815,0.0,0.0,0.3892084231947355,0.0,0.0,0.236866112770659,0.0,sine,1,0.4,0.5,22,44,8.519851922988892,0.0
1779527403.6635149,0.0,0.3892084231947355,0.0,0.0,0.236866112770659,0.0,-0.0396,0.3168,0.3168,0.0,0.39824679769881655,0.0,0.0,0.3909537524467298,0.0,0.0,0.19946620022792336,0.0,sine,1,0.4,0.5,22,44,8.529813289642334,0.0
1779527403.6734035,0.0,0.3909537524467298,0.0,0.0,0.19946620022792336,0.0,-0.0792,0.1188,-0.3168,0.0,0.3968483268464291,0.0,0.0,0.39269908169872414,0.0,0.0,0.157910741847106,0.0,sine,1,0.4,0.5,22,44,8.539984464645386,0.0
1779527403.6833458,0.0,0.39269908169872414,0.0,0.0,0.157910741847106,0.0,-0.0792,-0.3168,0.396,0.0,0.3951002483412703,0.0,0.0,0.39269908169872414,0.0,0.0,0.12674414806149298,0.0,sine,1,0.4,0.5,22,44,8.549873113632202,0.0
1779527403.6933658,0.0,0.39269908169872414,0.0,0.0,0.12674414806149298,0.0,-0.0792,1.2672,0.396,0.0,0.3929583004369288,0.0,0.0,0.39444441095071847,0.0,0.0,0.078955370923553,0.0,sine,1,0.4,0.5,22,44,8.559815406799316,0.0
1779527403.7033987,0.0,0.39444441095071847,0.0,0.0,0.078955370923553,0.0,-0.0792,-1.3068,0.396,0.0,0.39041176718687914,0.0,0.0,0.39444441095071847,0.0,0.0,0.06233318757122605,0.0,sine,1,0.4,0.5,22,44,8.569835424423218,0.0
1779527403.7133634,0.0,0.39444441095071847,0.0,0.0,0.06233318757122605,0.0,-0.1584,1.8215999999999999,0.35639999999999994,0.0,0.3874743840461443,0.0,0.0,0.39444441095071847,0.0,0.0,0.020777729190408684,0.0,sine,1,0.4,0.5,22,44,8.57986831665039,0.0
1779527403.7233868,0.0,0.39444441095071847,0.0,0.0,0.020777729190408684,0.0,-0.0792,1.4652,0.4752,0.0,0.38417596262092557,0.0,0.0,0.39444441095071847,0.0,0.0,-0.008311091676163474,0.0,sine,1,0.4,0.5,22,44,8.58983302116394,0.0
1779527403.7333512,0.0,0.39444441095071847,0.0,0.0,-0.008311091676163474,0.0,-0.0792,2.2967999999999997,-0.4356,0.0,0.3804783399287895,0.0,0.0,0.39444441095071847,0.0,0.0020777729190408684,-0.06648873340930779,0.0,sine,1,0.4,0.5,22,44,8.59985637664795,0.0
1779527403.7435117,0.0,0.39444441095071847,0.0,0.0020777729190408684,-0.06648873340930779,0.0,-0.1188,1.5048000000000001,-0.4752,0.0,0.3764285099472809,0.0,0.0,0.39269908169872414,0.0,0.0,-0.11012196470916602,0.0,sine,1,0.4,0.5,22,44,8.60982084274292,0.0
1779527403.7533453,0.0,0.39269908169872414,0.0,0.0,-0.11012196470916602,0.0,-0.0792,1.1880000000000002,0.5544000000000001,0.0,0.3719192494434891,0.0,0.0,0.3909537524467298,0.0,0.0,-0.12258860222341124,0.0,sine,1,0.4,0.5,22,44,8.619981288909912,0.0
1779527403.763384,0.0,0.3909537524467298,0.0,0.0,-0.12258860222341124,0.0,-0.1188,0.6732,-0.5544000000000001,0.0,0.3671941845361859,0.0,0.0,0.3892084231947355,0.0,0.0,-0.18492178979463728,0.0,sine,1,0.4,0.5,22,44,8.629814863204956,0.0
1779527403.7735088,0.0,0.3892084231947355,0.0,0.0,-0.18492178979463728,0.0,-0.0792,0.2376,0.5544000000000001,0.0,0.3620090520787962,0.0,0.0,0.3874630939427412,0.0,0.0,-0.236866112770659,0.0,sine,1,0.4,0.5,22,44,8.639853715896606,0.0
1779527403.783417,0.0,0.3874630939427412,0.0,0.0,-0.236866112770659,0.0,-0.0792,0.6732,0.5940000000000001,0.0,0.35641493209514324,0.0,0.0,0.3839724354387525,0.0,0.0020777729190408684,-0.2742660253133946,0.0,sine,1,0.4,0.5,22,44,8.649978399276733,0.0
1779527403.7933395,0.0,0.3839724354387525,0.0,0.0020777729190408684,-0.2742660253133946,0.0,-0.1584,1.5444,0.6732,0.0,0.3505913017987018,0.0,0.0,0.38048177693476387,0.0,0.0,-0.3137437107751711,0.0,sine,1,0.4,0.5,22,44,8.659886598587036,0.0
1779527403.8033032,0.0,0.38048177693476387,0.0,0.0,-0.3137437107751711,0.0,-0.198,1.3860000000000001,0.792,0.0,0.3444188619227288,0.0,0.0,0.37699111843077515,0.0,0.0,-0.3511436233179068,0.0,sine,1,0.4,0.5,22,44,8.669809103012085,0.0
1779527403.8133867,0.0,0.37699111843077515,0.0,0.0,-0.3511436233179068,0.0,-0.1584,0.5544000000000001,-0.6336,0.0,0.3378840307414836,0.0,0.0,0.3735004599267866,0.0,-0.0020777729190408684,-0.3989324004558467,0.0,sine,1,0.4,0.5,22,44,8.679772853851318,0.0
1779527403.8234854,0.0,0.3735004599267866,0.0,-0.0020777729190408684,-0.3989324004558467,0.0,-0.1584,0.7127999999999999,0.8712,0.0,0.3309337027870134,0.0,0.0,0.3700098014227979,0.0,-0.0020777729190408684,-0.4238656754843371,0.0,sine,1,0.4,0.5,22,44,8.68985629081726,0.0
1779527403.833377,0.0,0.3700098014227979,0.0,-0.0020777729190408684,-0.4238656754843371,0.0,0.1188,1.5048000000000001,0.7127999999999999,0.0,0.3236400429052569,0.0,0.0,0.3647738136668149,0.0,0.0,-0.4591878151080319,0.0,sine,1,0.4,0.5,22,44,8.699954986572266,0.0
1779527403.8433487,0.0,0.3647738136668149,0.0,0.0,-0.4591878151080319,0.0,-0.198,0.7127999999999999,-0.5940000000000001,0.0,0.316180196790301,0.0,0.0,0.35953782591083194,0.0,0.0,-0.5028210464078902,0.0,sine,1,0.4,0.5,22,44,8.709846496582031,0.0
1779527403.8534794,0.0,0.35953782591083194,0.0,0.0,-0.5028210464078902,0.0,-0.1584,1.584,-0.5148,0.0,0.30835074756979797,0.0,0.0,0.35430183815484895,0.0,0.0,-0.5422987318696666,0.0,sine,1,0.4,0.5,22,44,8.719818353652954,0.0
1779527403.8633971,0.0,0.35430183815484895,0.0,0.0,-0.5422987318696666,0.0,-0.1188,0.5148,0.6336,0.0,0.3000868085589854,0.0,0.0,0.3490658503988659,0.0,-0.0020777729190408684,-0.5132099110030945,0.0,sine,1,0.4,0.5,22,44,8.729948997497559,0.0
1779527403.8733702,0.0,0.3490658503988659,0.0,-0.0020777729190408684,-0.5132099110030945,0.0,0.1584,1.1088000000000002,0.792,0.0,0.2917020648426926,0.0,0.0,0.34382986264288296,0.0,-0.0020777729190408684,-0.5880097360885658,0.0,sine,1,0.4,0.5,22,44,8.739866733551025,0.0
1779527403.883363,0.0,0.34382986264288296,0.0,-0.0020777729190408684,-0.5880097360885658,0.0,-0.1584,1.1088000000000002,-0.792,0.0,0.2829850419682318,0.0,0.0,0.3368485456349056,0.0,0.0,-0.6337207403074648,-0.0020777729190408684,sine,1,0.4,0.5,22,44,8.749839782714844,0.0
1779527403.8934183,0.0,0.3368485456349056,0.0,0.0,-0.6337207403074648,-0.0020777729190408684,-0.1584,1.2276,-0.7127999999999999,0.0,0.27397213222018557,0.0,0.0,0.3298672286269283,0.0,0.0,-0.6815095174454048,-0.0020777729190408684,sine,1,0.4,0.5,22,44,8.759832620620728,0.0
1779527403.9033685,0.0,0.3298672286269283,0.0,0.0,-0.6815095174454048,-0.0020777729190408684,-0.1584,0.6336,-0.8712,0.0,0.2646303743316601,0.0,0.0,0.32288591161895097,0.0,0.0,-0.7126761112310178,0.0,sine,1,0.4,0.5,22,44,8.769887924194336,0.0
1779527403.9134,0.0,0.32288591161895097,0.0,0.0,-0.7126761112310178,0.0,-0.1584,1.1483999999999999,0.7524000000000001,0.0,0.2551263378263949,0.0,0.0,0.31590459461097364,0.0,0.0,-0.7438427050166309,0.0,sine,1,0.4,0.5,22,44,8.77983808517456,0.0
1779527403.9233565,0.0,0.31590459461097364,0.0,0.0,-0.7438427050166309,0.0,0.198,0.27720000000000006,-0.6732,0.0,0.24529233272804257,0.0,0.0,0.30717794835100204,0.0,0.0,-0.772931525883203,0.0,sine,1,0.4,0.5,22,44,8.789869546890259,0.0
1779527403.9333794,0.0,0.30717794835100204,0.0,0.0,-0.772931525883203,0.0,-0.198,1.6236000000000002,-0.8712,0.0,0.23529081373992172,0.0,0.0,0.30019663134302466,0.0,-0.0020777729190408684,-0.7957870279926526,0.0,sine,1,0.4,0.5,22,44,8.79982614517212,0.0
1779527403.943381,0.0,0.30019663134302466,0.0,-0.0020777729190408684,-0.7957870279926526,0.0,-0.1188,0.9504,-0.792,0.0,0.22499024144451144,0.0,0.0,0.291469985083053,0.0,0.0,-0.8290313946973065,0.0,sine,1,0.4,0.5,22,44,8.80984902381897,0.0
1779527403.9534106,0.0,0.291469985083053,0.0,0.0,-0.8290313946973065,0.0,-0.198,0.6336,-0.5940000000000001,0.0,0.2144891215711341,0.0,0.0,0.28274333882308134,0.0,0.0,-0.8601979884829195,0.0,sine,1,0.4,0.5,22,44,8.81985068321228,0.0
1779527403.9633396,0.0,0.28274333882308134,0.0,0.0,-0.8601979884829195,0.0,-0.198,1.7424,-0.8316,0.0,0.2037460917494759,0.0,0.0,0.27401669256310973,0.0,0.0,-0.8955201281066143,0.0020777729190408684,sine,1,0.4,0.5,22,44,8.829880237579346,0.0
1779527403.9734101,0.0,0.27401669256310973,0.0,0.0,-0.8955201281066143,0.0020777729190408684,-0.1584,0.5148,0.7524000000000001,0.0,0.19291156664533166,0.0,0.0,0.26529004630313807,0.0,0.0,-0.8290313946973065,0.0,sine,1,0.4,0.5,22,44,8.83980917930603,0.0
1779527403.9833796,0.0,0.26529004630313807,0.0,0.0,-0.8290313946973065,0.0,-0.27720000000000006,0.198,-0.6336,0.0,0.18173083679726956,0.0,0.0,0.25656340004316647,0.0,0.0020777729190408684,-0.9225311760541456,0.0,sine,1,0.4,0.5,22,44,8.849879741668701,0.0
1779527403.9933906,0.0,0.25656340004316647,0.0,0.0020777729190408684,-0.9225311760541456,0.0,-0.2376,1.1880000000000002,-0.7524000000000001,0.0,0.17048314647516596,0.0,0.0,0.24609142453120048,0.0,0.0,-0.9640866344349629,0.0,sine,1,0.4,0.5,22,44,8.859849214553833,0.0
1779527404.003328,0.0,0.24609142453120048,0.0,0.0,-0.9640866344349629,0.0,-0.198,1.5048000000000001,-0.8712,0.0,0.15902040206964385,0.0,0.0,0.23736477827122884,0.0,0.0,-1.0014865469776986,0.0,sine,1,0.4,0.5,22,44,8.869860172271729,0.0
1779527404.0133865,0.0,0.23736477827122884,0.0,0.0,-1.0014865469776986,0.0,-0.198,0.35639999999999994,-0.792,0.0,0.1474861603642384,0.0,0.0,0.22689280275926285,0.0,0.0,-1.0201865032490665,0.0,sine,1,0.4,0.5,22,44,8.87979769706726,0.0
1779527404.0233583,0.0,0.22689280275926285,0.0,0.0,-1.0201865032490665,0.0,0.1188,0.27720000000000006,0.8712,0.0,0.13566529368747446,0.0,0.0,0.21642082724729686,0.0,0.0,-0.9412311323255134,-0.0020777729190408684,sine,1,0.4,0.5,22,44,8.889856100082397,0.0
1779527404.033397,0.0,0.21642082724729686,0.0,0.0,-0.9412311323255134,-0.0020777729190408684,-0.2376,0.8712,-0.792,0.0,0.12381239374588325,0.0,0.0,0.2076941809873252,0.0,0.0,-1.0326531407633115,-0.0020777729190408684,sine,1,0.4,0.5,22,44,8.89982795715332,0.0
1779527404.043355,0.0,0.2076941809873252,0.0,0.0,-1.0326531407633115,-0.0020777729190408684,-0.1188,0.99,0.792,0.0,0.11175744628833073,0.0,0.0,0.1954768762233649,0.0,0.0,-1.0721308262250882,0.0,sine,1,0.4,0.5,22,44,8.909866571426392,0.0
1779527404.0533834,0.0,0.1954768762233649,0.0,0.0,-1.0721308262250882,0.0,-0.3168,1.8215999999999999,-0.6732,0.0,0.09968942891033396,0.0,0.0,0.18500490071139894,0.0,0.0,-1.121997376282069,0.0,sine,1,0.4,0.5,22,44,8.919824600219727,0.0
1779527404.063406,0.0,0.18500490071139894,0.0,0.0,-1.121997376282069,0.0,-0.198,1.3068,-0.792,0.0,0.08743761009542722,0.0,0.0,0.17278759594743864,0.0,0.0,-1.1427751054724775,0.0,sine,1,0.4,0.5,22,44,8.929852962493896,0.0
1779527404.0733764,0.0,0.17278759594743864,0.0,0.0,-1.1427751054724775,0.0,-0.27720000000000006,1.1880000000000002,-0.8712,0.0,0.07510607343987494,0.0,0.0,0.16231562043547265,0.0,0.0,-1.1593972888248045,0.0,sine,1,0.4,0.5,22,44,8.939875602722168,0.0
1779527404.0833454,0.0,0.16231562043547265,0.0,0.0,-1.1593972888248045,0.0,-0.198,1.1088000000000002,-0.7127999999999999,0.0,0.06276488187402618,0.0,0.0,0.15009831567151233,0.0,0.0,-1.1739416992580907,0.0,sine,1,0.4,0.5,22,44,8.949846029281616,0.0
1779527404.093348,0.0,0.15009831567151233,0.0,0.0,-1.1739416992580907,0.0,-0.198,0.792,-0.6336,0.0,0.05036389806778723,0.0,0.0,0.13788101090755203,0.0,0.0,-1.1760194721771315,0.0,sine,1,0.4,0.5,22,44,8.95981502532959,0.0
1779527404.1033266,0.0,0.13788101090755203,0.0,0.0,-1.1760194721771315,0.0,-0.2376,0.5148,-0.7524000000000001,0.0,0.037871464455284026,0.0,0.0,0.12740903539558607,0.0,0.0,-1.1801750180152133,0.0,sine,1,0.4,0.5,22,44,8.969817638397217,0.0
1779527404.1133938,0.0,0.12740903539558607,0.0,0.0,-1.1801750180152133,0.0,-0.198,0.0396,-0.9504,0.0,0.025371836052288772,0.0,0.0,0.11519173063162574,0.0,0.0,-1.1926416555294586,0.0,sine,1,0.4,0.5,22,44,8.979796171188354,0.0
1779527404.1233628,0.0,0.11519173063162574,0.0,0.0,-1.1926416555294586,0.0,-0.0396,0.27720000000000006,-0.5940000000000001,0.0,0.012735879801666372,0.0,0.0,0.10471975511965977,0.0,0.0,-1.105375192929742,0.0,sine,1,0.4,0.5,22,44,8.989863395690918,0.0
1779527404.1334143,0.0,0.10471975511965977,0.0,0.0,-1.105375192929742,0.0,-0.3168,0.5148,-0.7127999999999999,0.0,0.0002106227429796855,0.0,0.0,0.09250245035569947,0.0,0.0,-1.198874974286581,-0.0020777729190408684,sine,1,0.4,0.5,22,44,8.999832391738892,0.0
1779527404.1433883,0.0,0.09250245035569947,0.0,0.0,-1.198874974286581,-0.0020777729190408684,-0.1188,0.198,-0.8712,0.0,-0.01241845487868927,0.0,0.0,0.08028514559173917,0.0,0.0020777729190408684,-1.2258860222341124,0.0,sine,1,0.4,0.5,22,44,9.009883880615234,0.0
1779527404.1533732,0.0,0.08028514559173917,0.0,0.0020777729190408684,-1.2258860222341124,0.0,-0.3168,0.6732,-0.792,0.0,-0.024937968799244165,0.0,0.0,0.06806784082777886,0.0,0.0,-1.2549748431006844,0.0,sine,1,0.4,0.5,22,44,9.01985788345337,0.0
1779527404.1633718,0.0,0.06806784082777886,0.0,0.0,-1.2549748431006844,0.0,-0.27720000000000006,0.35639999999999994,-0.8712,0.0,-0.03744672109573316,0.0,0.0,0.05585053606381855,0.0,0.0,-1.2445859785054803,0.0,sine,1,0.4,0.5,22,44,9.029842853546143,0.0
1779527404.173357,0.0,0.05585053606381855,0.0,0.0,-1.2445859785054803,0.0,-0.1584,0.7127999999999999,-0.7524000000000001,0.0,-0.04993557296305029,0.0,0.0,0.04363323129985824,0.0,0.0,-1.1469306513105593,0.0,sine,1,0.4,0.5,22,44,9.039841413497925,0.0
1779527404.183434,0.0,0.04363323129985824,0.0,0.0,-1.1469306513105593,0.0,-0.2376,1.0692,-0.5148,0.0,-0.06235858591651026,0.0,0.0,0.03316125578789226,0.0,0.0,-1.1157640575249463,-0.0020777729190408684,sine,1,0.4,0.5,22,44,9.049826622009277,0.0
1779527404.1933463,0.0,0.03316125578789226,0.0,0.0,-1.1157640575249463,-0.0020777729190408684,-0.2376,0.9504,-0.6336,0.0,-0.0748335550602252,0.0,0.0,0.020943951023931956,0.0,0.0,-1.2175749305579489,0.0,sine,1,0.4,0.5,22,44,9.059903621673584,0.0
1779527404.203415,0.0,0.020943951023931956,0.0,0.0,-1.2175749305579489,0.0,-0.2376,0.9504,-0.7127999999999999,0.0,-0.087031474908597,0.0,0.0,0.006981317007977318,0.0,0.0,-1.277830345210134,0.0,sine,1,0.4,0.5,22,44,9.069815874099731,0.0
1779527404.214142,0.0,0.006981317007977318,0.0,0.0,-1.277830345210134,0.0,-0.1584,0.792,-0.8316,0.0,-0.09933540206877182,0.0,0.0,-0.0017453292519943296,0.0,0.0,-1.1926416555294586,-0.0020777729190408684,sine,1,0.4,0.5,22,44,9.07988452911377,0.0
1779527404.2233431,0.0,-0.0017453292519943296,0.0,0.0,-1.1926416555294586,-0.0020777729190408684,-0.198,1.3464,-0.7127999999999999,0.0,-0.11233439461558564,0.0,0.0,-0.013962634015954637,0.0,0.0,-1.1573195159057637,-0.0020777729190408684,sine,1,0.4,0.5,22,44,9.090611696243286,0.0
1779527404.233376,0.0,-0.013962634015954637,0.0,0.0,-1.1573195159057637,-0.0020777729190408684,-0.198,1.0296,-0.5148,0.0,-0.12338298302235817,0.0,0.0,-0.024434609527920613,0.0,0.0020777729190408684,-1.1490084242296001,-0.0020777729190408684,sine,1,0.4,0.5,22,44,9.099812746047974,0.0
1779527404.2433903,0.0,-0.024434609527920613,0.0,0.0020777729190408684,-1.1490084242296001,-0.0020777729190408684,-0.3168,1.0692,-0.4356,0.0,-0.13531264326009557,0.0,0.0,-0.038397243543875255,0.0,0.0,-1.2570526160197253,0.0,sine,1,0.4,0.5,22,44,9.109845638275146,0.0
1779527404.253346,0.0,-0.038397243543875255,0.0,0.0,-1.2570526160197253,0.0,-0.1584,0.8316,-0.8712,0.0,-0.14708615471520922,0.0,0.0,-0.050614548307835565,0.0,0.0,-1.2819858910482158,0.0,sine,1,0.4,0.5,22,44,9.11985993385315,0.0
1779527404.2633471,0.0,-0.050614548307835565,0.0,0.0,-1.2819858910482158,0.0,-0.2376,1.5444,-0.792,0.0,-0.1586464391047297,0.0,0.0,-0.06283185307179587,0.0,0.0,-1.296530301481502,0.0,sine,1,0.4,0.5,22,44,9.129815578460693,0.0
1779527404.2733557,0.0,-0.06283185307179587,0.0,0.0,-1.296530301481502,0.0,-0.1188,1.6236000000000002,-0.7524000000000001,0.0,-0.17010333850965262,0.0,0.0,-0.07504915783575616,0.0,0.0,-1.198874974286581,0.0,sine,1,0.4,0.5,22,44,9.139816761016846,0.0
1779527404.2833452,0.0,-0.07504915783575616,0.0,0.0,-1.198874974286581,0.0,-0.198,1.4255999999999998,-0.5544000000000001,0.0,-0.1814006045826193,0.0,0.0,-0.08726646259971647,0.0,0.0,-1.167708380500968,-0.0020777729190408684,sine,1,0.4,0.5,22,44,9.14982533454895,0.0
1779527404.2933643,0.0,-0.08726646259971647,0.0,0.0,-1.167708380500968,-0.0020777729190408684,-0.27720000000000006,0.4356,-0.5148,0.0,-0.19249753300522449,0.0,0.0,-0.0994837673636768,0.0,0.0020777729190408684,-1.2466637514245211,0.0020777729190408684,sine,1,0.4,0.5,22,44,9.159814834594727,0.0
1779527404.3033745,0.0,-0.0994837673636768,0.0,0.0020777729190408684,-1.2466637514245211,0.0020777729190408684,-0.2376,0.3168,-0.7524000000000001,0.0,-0.20343687655238357,0.0,0.0,-0.1117010721276371,0.0,0.0,-1.2549748431006844,-0.0020777729190408684,sine,1,0.4,0.5,22,44,9.169833898544312,0.0
1779527404.313395,0.0,-0.1117010721276371,0.0,0.0,-1.2549748431006844,-0.0020777729190408684,-0.2376,0.8316,-0.6336,0.0,-0.21416532376777164,0.0,0.0,-0.1239183768915974,0.0,0.0,-1.2466637514245211,0.0,sine,1,0.4,0.5,22,44,9.17984414100647,0.0
1779527404.3233716,0.0,-0.1239183768915974,0.0,0.0,-1.2466637514245211,0.0,-0.2376,0.9107999999999999,-0.7127999999999999,0.0,-0.22469264102791456,0.0,0.0,-0.13613568165555773,0.0,-0.0020777729190408684,-1.2279637951531532,0.0,sine,1,0.4,0.5,22,44,9.18986463546753,0.0
1779527404.3333454,0.0,-0.13613568165555773,0.0,-0.0020777729190408684,-1.2279637951531532,0.0,0.1188,1.4255999999999998,0.6336,0.0,-0.23495269106215072,0.0,0.0,-0.14835298641951802,0.0,-0.0020777729190408684,-1.2217304763960306,0.0,sine,1,0.4,0.5,22,44,9.199841260910034,0.0
1779527404.3433652,0.0,-0.14835298641951802,0.0,-0.0020777729190408684,-1.2217304763960306,0.0,0.1188,1.3464,0.5544000000000001,0.0,-0.24497911168367353,0.0,0.0,-0.16057029118347835,0.0,0.0,-1.2051082930437036,0.0,sine,1,0.4,0.5,22,44,9.20981502532959,0.0
1779527404.3533149,0.0,-0.16057029118347835,0.0,0.0,-1.2051082930437036,0.0,-0.198,0.8712,-0.4356,0.0,-0.2548096101531027,0.0,0.0,-0.17278759594743864,0.0,0.0,-1.1884861096913768,-0.0020777729190408684,sine,1,0.4,0.5,22,44,9.219834804534912,0.0
1779527404.363345,0.0,-0.17278759594743864,0.0,0.0,-1.1884861096913768,-0.0020777729190408684,-0.3168,0.4752,0.5544000000000001,0.0,-0.2643215408009323,0.0,0.0,-0.1832595714594046,0.0,0.0,-1.167708380500968,0.0,sine,1,0.4,0.5,22,44,9.229784488677979,0.0
1779527404.3733945,0.0,-0.1832595714594046,0.0,0.0,-1.167708380500968,0.0,-0.2376,0.5544000000000001,0.6336,0.0,-0.2736488870192027,0.0,0.0,-0.1954768762233649,0.0,0.0,-1.1386195596343958,0.0,sine,1,0.4,0.5,22,44,9.239814519882202,0.0
1779527404.3833463,0.0,-0.1954768762233649,0.0,0.0,-1.1386195596343958,0.0,-0.2376,0.0,0.7524000000000001,0.0,-0.28272193039511495,0.0,0.0,-0.2059488517353309,0.0,0.0,-1.1012196470916602,0.0,sine,1,0.4,0.5,22,44,9.249864101409912,0.0
1779527404.3933625,0.0,-0.2059488517353309,0.0,0.0,-1.1012196470916602,0.0,-0.2376,0.2376,0.5544000000000001,0.0,-0.2914290613279753,0.0,0.0,-0.21642082724729686,0.0,0.0,-1.0700530533060473,0.0,sine,1,0.4,0.5,22,44,9.25981593132019,0.0
1779527404.4033418,0.0,-0.21642082724729686,0.0,0.0,-1.0700530533060473,0.0,-0.1584,1.0692,0.35639999999999994,0.0,-0.29990488482641825,0.0,0.0,-0.22689280275926285,0.0,0.0,-1.0471975511965976,0.0,sine,1,0.4,0.5,22,44,9.269832134246826,0.0
1779527404.413367,0.0,-0.22689280275926285,0.0,0.0,-1.0471975511965976,0.0,-0.2376,1.584,0.6336,0.0,-0.3080541582256433,0.0,0.0,-0.23736477827122884,0.0,0.0,-1.026419822006189,0.0,sine,1,0.4,0.5,22,44,9.279811382293701,0.0
1779527404.4233947,0.0,-0.23736477827122884,0.0,0.0,-1.026419822006189,0.0,-0.2376,1.1483999999999999,0.396,0.0,-0.31593614713092966,0.0,0.0,-0.24609142453120048,0.0,0.0,-1.0056420928157803,0.0,sine,1,0.4,0.5,22,44,9.289836645126343,0.0
1779527404.433356,0.0,-0.24609142453120048,0.0,0.0,-1.0056420928157803,0.0,-0.1584,0.0792,-0.5148,0.0,-0.32350653007897273,0.0,0.0,-0.25656340004316647,0.0,0.0020777729190408684,-0.9848643636253717,0.0,sine,1,0.4,0.5,22,44,9.299864292144775,0.0
1779527404.4435132,0.0,-0.25656340004316647,0.0,0.0020777729190408684,-0.9848643636253717,0.0,-0.198,-0.1188,-0.6336,0.0,-0.3307090368349681,0.0,0.0,-0.26529004630313807,0.0,0.0,-0.9536977698397586,0.0,sine,1,0.4,0.5,22,44,9.309825658798218,0.0
1779527404.453482,0.0,-0.26529004630313807,0.0,0.0,-0.9536977698397586,0.0,-0.198,1.3068,0.4752,0.0,-0.3377195661117058,0.0,0.0,-0.27576202181510406,0.0,0.0,-0.9266867218922273,0.0,sine,1,0.4,0.5,22,44,9.319982767105103,0.0
1779527404.4633732,0.0,-0.27576202181510406,0.0,0.0,-0.9266867218922273,0.0,-0.2376,1.2672,0.6336,0.0,-0.3442657981364059,0.0,0.0,-0.2844886680750757,0.0,-0.0020777729190408684,-0.8892868093494917,0.0,sine,1,0.4,0.5,22,44,9.329951524734497,0.0
1779527404.4733658,0.0,-0.2844886680750757,0.0,-0.0020777729190408684,-0.8892868093494917,0.0,0.1188,0.5940000000000001,0.4356,0.0,-0.35042745981671275,0.0,0.0,-0.2932153143350474,0.0,0.0,-0.8622757614019604,-0.0020777729190408684,sine,1,0.4,0.5,22,44,9.339842796325684,0.0
1779527404.4833438,0.0,-0.2932153143350474,0.0,0.0,-0.8622757614019604,-0.0020777729190408684,-0.1584,0.5148,-0.4356,0.0,-0.35630865512567916,0.0,0.0,-0.30019663134302466,0.0,0.0,-0.7812426175593665,0.0,sine,1,0.4,0.5,22,44,9.349835395812988,0.0
1779527404.4933708,0.0,-0.30019663134302466,0.0,0.0,-0.7812426175593665,0.0,-0.35639999999999994,1.3068,0.3168,0.0,-0.36183094619777406,0.0,0.0,-0.30717794835100204,0.0,0.0,-0.7853981633974483,0.0,sine,1,0.4,0.5,22,44,9.359813451766968,0.0
1779527404.50339,0.0,-0.30717794835100204,0.0,0.0,-0.7853981633974483,0.0,-0.198,0.198,-0.6732,0.0,-0.3670221442097991,0.0,0.0,-0.31590459461097364,0.0,0.0020777729190408684,-0.7625426612879987,0.0,sine,1,0.4,0.5,22,44,9.369840383529663,0.0
1779527404.5133462,0.0,-0.31590459461097364,0.0,0.0020777729190408684,-0.7625426612879987,0.0,-0.1584,1.3068,0.3168,0.0,-0.37184564906663187,0.0,0.0,-0.32288591161895097,0.0,0.0,-0.74176493209759,0.0,sine,1,0.4,0.5,22,44,9.379859685897827,0.0
1779527404.523346,0.0,-0.32288591161895097,0.0,0.0,-0.74176493209759,0.0,-0.1584,0.9504,0.396,0.0,-0.3762738391725733,0.0,0.0,-0.3298672286269283,0.0,-0.004155545838081737,-0.7126761112310178,0.0,sine,1,0.4,0.5,22,44,9.38981580734253,0.0
1779527404.5333982,0.0,-0.3298672286269283,0.0,-0.004155545838081737,-0.7126761112310178,0.0,0.0,0.4752,0.3168,0.0,-0.38035092027313355,0.0,0.0,-0.3368485456349056,0.0,0.0,-0.648265150740751,0.0,sine,1,0.4,0.5,22,44,9.399815559387207,0.0
1779527404.5433912,0.0,-0.3368485456349056,0.0,0.0,-0.648265150740751,0.0,-0.1584,1.2276,0.396,0.0,-0.38407108026340075,0.0,0.0,-0.3420845333908886,0.0,0.0,-0.6461873778217101,0.0,sine,1,0.4,0.5,22,44,9.409867763519287,0.0
1779527404.5533955,0.0,-0.3420845333908886,0.0,0.0,-0.6461873778217101,0.0,-0.1188,0.1584,0.27720000000000006,0.0,-0.3873897380796867,0.0,0.0,-0.3490658503988659,0.0,0.0,-0.6212541027932197,0.0020777729190408684,sine,1,0.4,0.5,22,44,9.41986083984375,0.0
1779527404.5633733,0.0,-0.3490658503988659,0.0,0.0,-0.6212541027932197,0.0020777729190408684,-0.198,0.99,0.4356,0.0,-0.39032969600259215,0.0,0.0,-0.35430183815484895,0.0,-0.0020777729190408684,-0.5921652819266475,0.0,sine,1,0.4,0.5,22,44,9.42986512184143,0.0
1779527404.5733807,0.0,-0.35430183815484895,0.0,-0.0020777729190408684,-0.5921652819266475,0.0,-0.1188,0.4752,0.35639999999999994,0.0,-0.3928778693499346,0.0,0.0,-0.35953782591083194,0.0,0.0,-0.5194432297602171,0.0,sine,1,0.4,0.5,22,44,9.439842939376831,0.0
1779527404.5833807,0.0,-0.35953782591083194,0.0,0.0,-0.5194432297602171,0.0,-0.1584,0.7127999999999999,-0.6336,0.0,-0.3950458684246416,0.0,0.0,-0.3647738136668149,0.0,0.0,-0.49450995473172665,0.0,sine,1,0.4,0.5,22,44,9.44985032081604,0.0
1779527404.5933552,0.0,-0.3647738136668149,0.0,0.0,-0.49450995473172665,0.0,0.1188,1.8612000000000002,0.3168,0.0,-0.39682226091437944,0.0,0.0,-0.36826447217080355,0.0,0.0,-0.46957667970323624,0.0,sine,1,0.4,0.5,22,44,9.459850311279297,0.0
1779527404.603402,0.0,-0.36826447217080355,0.0,0.0,-0.46957667970323624,0.0,-0.198,0.396,0.2376,0.0,-0.39820400529465694,0.0,0.0,-0.3735004599267866,0.0,0.0,-0.4404878588366641,0.0,sine,1,0.4,0.5,22,44,9.46982479095459,0.0
1779527404.613407,0.0,-0.3735004599267866,0.0,0.0,-0.4404878588366641,0.0,-0.0792,0.9107999999999999,0.4356,0.0,-0.39920052047315413,0.0,0.0,-0.37699111843077515,0.0,0.0,-0.3885435358606424,0.0,sine,1,0.4,0.5,22,44,9.47987151145935,0.0
1779527404.6233466,0.0,-0.37699111843077515,0.0,0.0,-0.3885435358606424,0.0,-0.1584,1.98,0.198,0.0,-0.3997977196200797,0.0,0.0,-0.38048177693476387,0.0,0.0,-0.3677658066702337,0.0020777729190408684,sine,1,0.4,0.5,22,44,9.489876508712769,0.0
1779527404.633407,0.0,-0.38048177693476387,0.0,0.0,-0.3677658066702337,0.0020777729190408684,-0.1584,0.396,0.2376,0.0,-0.39999993330109934,0.0,0.0,-0.3839724354387525,0.0,0.0020777729190408684,-0.3137437107751711,0.0,sine,1,0.4,0.5,22,44,9.499816179275513,0.0
1779527404.643384,0.0,-0.3839724354387525,0.0,0.0020777729190408684,-0.3137437107751711,0.0,-0.198,0.5544000000000001,0.1584,0.0,-0.39980745994605615,0.0,0.0,-0.38571776469074687,0.0,-0.0020777729190408684,-0.2867326628276398,0.0,sine,1,0.4,0.5,22,44,9.509876728057861,0.0
1779527404.6533449,0.0,-0.38571776469074687,0.0,-0.0020777729190408684,-0.2867326628276398,0.0,-0.1188,1.0692,0.27720000000000006,0.0,-0.39922220145686516,0.0,0.0,-0.3892084231947355,0.0,0.0,-0.23478833985161812,0.0,sine,1,0.4,0.5,22,44,9.519853591918945,0.0
1779527404.6633694,0.0,-0.3892084231947355,0.0,0.0,-0.23478833985161812,0.0,-0.1584,2.0592,0.1584,0.0,-0.39824665759394434,0.0,0.0,-0.3909537524467298,0.0,-0.0020777729190408684,-0.20569951898504596,0.0,sine,1,0.4,0.5,22,44,9.52981448173523,0.0
1779527404.6733167,0.0,-0.3909537524467298,0.0,-0.0020777729190408684,-0.20569951898504596,0.0,0.0792,1.584,0.2376,0.0,-0.3968711824042348,0.0,0.0,-0.39269908169872414,0.0,0.0,-0.17245515228039207,0.0,sine,1,0.4,0.5,22,44,9.539839029312134,0.0
1779527404.6833453,0.0,-0.39269908169872414,0.0,0.0,-0.17245515228039207,0.0,-0.1188,0.396,0.0792,0.0,-0.3951172509046297,0.0,0.0,-0.39269908169872414,0.0,0.0,-0.12882192098053383,0.0,sine,1,0.4,0.5,22,44,9.54978632926941,0.0
1779527404.6934,0.0,-0.39269908169872414,0.0,0.0,-0.12882192098053383,0.0,-0.0792,0.4356,0.1188,0.0,-0.3929584123761223,0.0,0.0,-0.39444441095071847,0.0,0.0,-0.09349978135683908,0.0020777729190408684,sine,1,0.4,0.5,22,44,9.559814929962158,0.0
1779527404.7033865,0.0,-0.39444441095071847,0.0,0.0,-0.09349978135683908,0.0020777729190408684,-0.0792,0.0,-0.1584,0.0,-0.3904024405239456,0.0,0.0,-0.39444441095071847,0.0,0.0,-0.03739991254273563,0.0,sine,1,0.4,0.5,22,44,9.56986951828003,0.0
1779527404.7134368,0.0,-0.39444441095071847,0.0,0.0,-0.03739991254273563,0.0,-0.1188,0.8316,0.0396,0.0,-0.38747817759379966,0.0,0.0,-0.39444441095071847,0.0,-0.0020777729190408684,-0.010388864595204342,0.0,sine,1,0.4,0.5,22,44,9.579856157302856,0.0
1779527404.7233753,0.0,-0.39444441095071847,0.0,-0.0020777729190408684,-0.010388864595204342,0.0,-0.0396,0.35639999999999994,0.0,0.0,-0.38415025399732006,0.0,0.0,-0.39444441095071847,0.0,0.0,0.029088820866572156,0.0,sine,1,0.4,0.5,22,44,9.589906454086304,0.0
1779527404.733371,0.0,-0.39444441095071847,0.0,0.0,0.029088820866572156,0.0,-0.0396,0.27720000000000006,0.0396,0.0,-0.38048277750618603,0.0,0.0,-0.39444441095071847,0.0,0.0,0.04986655005698084,0.0,sine,1,0.4,0.5,22,44,9.599844932556152,0.0
1779527404.7433434,0.0,-0.39444441095071847,0.0,0.0,0.04986655005698084,0.0,-0.0792,0.5544000000000001,-0.0792,0.0,-0.3764200989038191,0.0,0.0,-0.39269908169872414,0.0,0.0,0.11012196470916602,0.0,sine,1,0.4,0.5,22,44,9.609840631484985,0.0
1779527404.7533717,0.0,-0.39269908169872414,0.0,0.0,0.11012196470916602,0.0,-0.1188,0.2376,0.0,0.0,-0.37199705216170637,0.0,0.0,-0.3909537524467298,0.0,0.0,0.12882192098053383,0.0,sine,1,0.4,0.5,22,44,9.619812965393066,0.0
1779527404.7633157,0.0,-0.3909537524467298,0.0,0.0,0.12882192098053383,0.0,-0.0396,-0.3168,0.1188,0.0,-0.3671809933818787,0.0,0.0,-0.3892084231947355,0.0,0.0,0.18907733563271903,0.0,sine,1,0.4,0.5,22,44,9.629841327667236,0.0
1779527404.7733684,0.0,-0.3892084231947355,0.0,0.0,0.18907733563271903,0.0,-0.1188,-1.3068,-0.1188,0.0,-0.36204561935927043,0.0,0.0,-0.3874630939427412,0.0,0.0,0.2306327940135364,0.0,sine,1,0.4,0.5,22,44,9.639785289764404,0.0
1779527404.783389,0.0,-0.3874630939427412,0.0,0.0,0.2306327940135364,0.0,-0.1188,-1.1880000000000002,0.0396,0.0,-0.3564950014024218,0.0,0.0,-0.3839724354387525,0.0,-0.0020777729190408684,0.25972161488010853,0.0,sine,1,0.4,0.5,22,44,9.649837970733643,0.0
1779527404.7933495,0.0,-0.3839724354387525,0.0,-0.0020777729190408684,0.25972161488010853,0.0,-0.0792,0.35639999999999994,-0.0792,0.0,-0.3506081768325761,0.0,0.0,-0.38048177693476387,0.0,0.0,0.31997702953229373,0.0,sine,1,0.4,0.5,22,44,9.659858703613281,0.0
1779527404.8033557,0.0,-0.38048177693476387,0.0,0.0,0.31997702953229373,0.0,0.0,0.0,0.0,0.0,-0.3444124627589318,0.0,0.0,-0.37699111843077515,0.0,-0.0020777729190408684,0.2950437545038033,0.0020777729190408684,sine,1,0.4,0.5,22,44,9.669819116592407,0.0
1779527404.8133447,0.0,-0.37699111843077515,0.0,-0.0020777729190408684,0.2950437545038033,0.0020777729190408684,-0.0792,-0.9107999999999999,-0.198,0.0,-0.3378487477983334,0.0,0.0,-0.3752457891787808,0.0,0.0,0.3365992128846207,0.0,sine,1,0.4,0.5,22,44,9.67982530593872,0.0
1779527404.823392,0.0,-0.3752457891787808,0.0,0.0,0.3365992128846207,0.0,-0.0396,-1.782,0.1188,0.0,-0.33096331920633704,0.0,0.0,-0.3700098014227979,0.0,0.0,0.3885435358606424,-0.0020777729190408684,sine,1,0.4,0.5,22,44,9.689814329147339,0.0
1779527404.8333712,0.0,-0.3700098014227979,0.0,0.0,0.3885435358606424,-0.0020777729190408684,0.0396,0.8712,-0.0792,0.0,-0.32370904819322965,0.0,0.0,-0.3647738136668149,0.0,0.0,0.46957667970323624,0.0,sine,1,0.4,0.5,22,44,9.699861526489258,0.0
1779527404.843354,0.0,-0.3647738136668149,0.0,0.0,0.46957667970323624,0.0,-0.0396,-0.99,0.0,0.0,-0.31618460112834645,0.0,0.0,-0.3612831551628263,0.0,0.0,0.45503226926995016,0.0,sine,1,0.4,0.5,22,44,9.709840774536133,0.0
1779527404.8535037,0.0,-0.3612831551628263,0.0,0.0,0.45503226926995016,0.0,-0.0792,-1.1088000000000002,-0.1584,0.0,-0.3083465489589751,0.0,0.0,-0.3560471674068433,0.0,0.0,0.4654211338651545,0.0020777729190408684,sine,1,0.4,0.5,22,44,9.719823598861694,0.0
1779527404.8633573,0.0,-0.3560471674068433,0.0,0.0,0.4654211338651545,0.0020777729190408684,-0.0396,0.35639999999999994,-0.0792,0.0,-0.30006660181562506,0.0,0.0,-0.3508111796508602,0.0,0.0,0.552687596464871,0.0,sine,1,0.4,0.5,22,44,9.729973316192627,0.0
1779527404.8733873,0.0,-0.3508111796508602,0.0,0.0,0.552687596464871,0.0,0.0,-1.5444,-0.0396,0.0,-0.291736298012359,0.0,0.0,-0.34382986264288296,0.0,0.0,0.6129430111170562,-0.0020777729190408684,sine,1,0.4,0.5,22,44,9.739826917648315,0.0
1779527404.8833551,0.0,-0.34382986264288296,0.0,0.0,0.6129430111170562,-0.0020777729190408684,-0.0792,0.5544000000000001,-0.1584,0.0,-0.282969795808229,0.0,0.0,-0.33859387488689996,0.0,0.0020777729190408684,0.6544984694978735,0.0,sine,1,0.4,0.5,22,44,9.749856948852539,0.0
1779527404.8933496,0.0,-0.33859387488689996,0.0,0.0020777729190408684,0.6544984694978735,0.0,-0.0396,-1.5444,-0.0792,0.0,-0.2739793358788538,0.0,0.0,-0.3316125578789226,0.0,0.0,0.6129430111170562,0.0020777729190408684,sine,1,0.4,0.5,22,44,9.759824752807617,0.0
1779527404.903378,0.0,-0.3316125578789226,0.0,0.0,0.6129430111170562,0.0020777729190408684,-0.0396,0.6732,-0.1584,0.0,-0.2646950724769456,0.0,0.0,-0.3246312408709453,0.0,0.0,0.6212541027932197,0.0,sine,1,0.4,0.5,22,44,9.769819259643555,0.0
1779527404.9133756,0.0,-0.3246312408709453,0.0,0.0,0.6212541027932197,0.0,-0.0396,-1.584,-0.0396,0.0,-0.2551171075948418,0.0,0.0,-0.3193952531149623,0.0,-0.0020777729190408684,0.6420318319836283,0.0,sine,1,0.4,0.5,22,44,9.779847621917725,0.0
1779527404.923381,0.0,-0.3193952531149623,0.0,-0.0020777729190408684,0.6420318319836283,0.0,0.0,0.5940000000000001,-0.1584,0.0,-0.24531647129208647,0.0,0.0,-0.31241393610698504,0.0,0.0,0.6815095174454048,0.0020777729190408684,sine,1,0.4,0.5,22,44,9.78984522819519,0.0
1779527404.9334166,0.0,-0.31241393610698504,0.0,0.0,0.6815095174454048,0.0020777729190408684,-0.0396,-1.6236000000000002,0.0,0.0,-0.23526585718831236,0.0,0.0,-0.3036872898470134,0.0,0.0020777729190408684,0.7853981633974483,0.0,sine,1,0.4,0.5,22,44,9.799850702285767,0.0
1779527404.9433775,0.0,-0.3036872898470134,0.0,0.0020777729190408684,0.7853981633974483,0.0,0.0,-0.3168,-0.1584,0.0,-0.22495159588698777,0.0,0.0,-0.2949606435870417,0.0,0.0,0.8664313072400421,0.0,sine,1,0.4,0.5,22,44,9.80988621711731,0.0
1779527404.953401,0.0,-0.2949606435870417,0.0,0.0,0.8664313072400421,0.0,0.0,0.2376,-0.0792,0.0,-0.2144929149084879,0.0,0.0,-0.28623399732707006,0.0,0.0,0.8269536217782656,-0.0020777729190408684,sine,1,0.4,0.5,22,44,9.819847106933594,0.0
1779527404.963348,0.0,-0.28623399732707006,0.0,0.0,0.8269536217782656,-0.0020777729190408684,-0.0792,-1.5048000000000001,-0.198,0.0,-0.2037564046880676,0.0,0.0,-0.2792526803190927,0.0,0.0020777729190408684,0.8248758488592247,0.0,sine,1,0.4,0.5,22,44,9.829870700836182,0.0
1779527404.9734087,0.0,-0.2792526803190927,0.0,0.0020777729190408684,0.8248758488592247,0.0,-0.1188,-0.8712,-0.0792,0.0,-0.19290238048483377,0.0,0.0,-0.2687807048071268,0.0,0.0,0.9225311760541456,0.0,sine,1,0.4,0.5,22,44,9.839817523956299,0.0
1779527404.983383,0.0,-0.2687807048071268,0.0,0.0,0.9225311760541456,0.0,0.0396,0.3168,-0.3168,0.0,-0.18173243819037901,0.0,0.0,-0.26005405854715513,0.0,0.0,0.8975979010256552,-0.0020777729190408684,sine,1,0.4,0.5,22,44,9.849878311157227,0.0
1779527404.9933822,0.0,-0.26005405854715513,0.0,0.0,0.8975979010256552,-0.0020777729190408684,-0.0792,-0.9107999999999999,-0.198,0.0,-0.17047935203440734,0.0,0.0,-0.25132741228718347,0.0,0.0,0.8975979010256552,0.0,sine,1,0.4,0.5,22,44,9.85985255241394,0.0
1779527405.0033443,0.0,-0.25132741228718347,0.0,0.0,0.8975979010256552,0.0,-0.1188,-1.3464,0.0,0.0,-0.159030023940263,0.0,0.0,-0.24085543677521748,0.0,0.0,0.9869421365444124,0.0,sine,1,0.4,0.5,22,44,9.86985182762146,0.0
1779527405.013416,0.0,-0.24085543677521748,0.0,0.0,0.9869421365444124,0.0,-0.0396,-0.1584,-0.1584,0.0,-0.14746722243745575,0.0,0.0,-0.2303834612632515,0.0,0.0,1.059664188710843,0.0020777729190408684,sine,1,0.4,0.5,22,44,9.87981390953064,0.0
1779527405.023501,0.0,-0.2303834612632515,0.0,0.0,1.059664188710843,0.0020777729190408684,-0.0396,-0.0396,0.1584,0.0,-0.1356303440421771,0.0,0.0,-0.21991148575128555,0.0,0.0,1.086675236658374,0.0,sine,1,0.4,0.5,22,44,9.889885663986206,0.0
1779527405.0333896,0.0,-0.21991148575128555,0.0,0.0,1.086675236658374,0.0,-0.0396,0.5148,-0.198,0.0,-0.12364201603656351,0.0,0.0,-0.20943951023931953,0.0,0.0,1.1240751492011098,0.0,sine,1,0.4,0.5,22,44,9.899970531463623,0.0
1779527405.04337,0.0,-0.20943951023931953,0.0,0.0,1.1240751492011098,0.0,0.0,0.396,-0.1188,0.0,-0.11176636416225959,0.0,0.0,-0.19722220547535924,0.0,0.0,1.1490084242296001,0.0,sine,1,0.4,0.5,22,44,9.90985918045044,0.0
1779527405.0533795,0.0,-0.19722220547535924,0.0,0.0,1.1490084242296001,0.0,0.0,-0.5544000000000001,-0.198,0.0,-0.09967114923216916,0.0,0.0,-0.1867502299633933,0.0,0.0,1.0638197345489246,0.0,sine,1,0.4,0.5,22,44,9.91983962059021,0.0
1779527405.063495,0.0,-0.1867502299633933,0.0,0.0,1.0638197345489246,0.0,-0.0792,-1.584,0.0,0.0,-0.08744228784798715,0.0,0.0,-0.1762782544514273,0.0,-0.0020777729190408684,1.1240751492011098,0.0,sine,1,0.4,0.5,22,44,9.92984914779663,0.0
1779527405.073428,0.0,-0.1762782544514273,0.0,-0.0020777729190408684,1.1240751492011098,0.0,0.0,-1.8612000000000002,-0.1188,0.0,-0.07499630525593896,0.0,0.0,-0.16406094968746698,0.0,0.0,1.1635528346628863,0.0,sine,1,0.4,0.5,22,44,9.939964532852173,0.0
1779527405.0834067,0.0,-0.16406094968746698,0.0,0.0,1.1635528346628863,0.0,-0.0396,-1.7424,-0.198,0.0,-0.06270096788954395,0.0,0.0,-0.1518436449235067,0.0,-0.0020777729190408684,1.1822527909342542,0.0,sine,1,0.4,0.5,22,44,9.949897527694702,0.0
1779527405.0933514,0.0,-0.1518436449235067,0.0,-0.0020777729190408684,1.1822527909342542,0.0,0.0396,-1.98,-0.1584,0.0,-0.050287511268383836,0.0,0.0,-0.14137166941154067,0.0,0.0,1.0929085554154967,0.0,sine,1,0.4,0.5,22,44,9.959876298904419,0.0
1779527405.1033812,0.0,-0.14137166941154067,0.0,0.0,1.0929085554154967,0.0,-0.2376,-0.9504,-0.1188,0.0,-0.0378672888165614,0.0,0.0,-0.12915436464758037,0.0,0.0020777729190408684,1.1635528346628863,0.0,sine,1,0.4,0.5,22,44,9.969820976257324,0.0
1779527405.113381,0.0,-0.12915436464758037,0.0,0.0020777729190408684,1.1635528346628863,0.0,0.0396,-0.792,-0.27720000000000006,0.0,-0.025303364150038095,0.0,0.0,-0.11868238913561442,0.0,-0.0020777729190408684,1.121997376282069,0.0,sine,1,0.4,0.5,22,44,9.979850769042969,0.0
1779527405.1233134,0.0,-0.11868238913561442,0.0,-0.0020777729190408684,1.121997376282069,0.0,-0.0396,-0.1188,0.0,0.0,-0.012752050292073361,0.0,0.0,-0.11868238913561442,0.0,-0.0020777729190408684,1.121997376282069,0.0,sine,1,0.4,0.5,22,44,9.989850521087646,0.0
1779527405.1333878,0.0,-0.11868238913561442,0.0,-0.0020777729190408684,1.121997376282069,0.0,-0.0396,-0.1188,0.0,0.0,-0.00027264109548639815,0.0,0.0,-0.09424777960769379,0.0,0.0,1.2487415243435618,0.0,sine,1,0.4,0.5,22,44,9.999783039093018,0.0
1779527405.1433446,0.0,-0.09424777960769379,0.0,0.0,1.2487415243435618,0.0,-0.0396,0.0,-0.198,0.0,0.012385214642774239,0.0,0.0,-0.08203047484373349,0.0,0.0,1.263285934776848,0.0,sine,1,0.4,0.5,22,44,10.009857416152954,0.0
1779527405.1533506,0.0,-0.08203047484373349,0.0,0.0,1.263285934776848,0.0,-0.0792,0.0,0.0,0.0,0.024883247394798687,0.0,0.0,-0.06806784082777886,0.0,0.0,1.261208161857807,0.0,sine,1,0.4,0.5,22,44,10.019814252853394,0.0
1779527405.1633499,0.0,-0.06806784082777886,0.0,0.0,1.261208161857807,0.0,-0.0792,0.0792,0.1188,0.0,0.03741838346561523,0.0,0.0,-0.05585053606381855,0.0,0.0,1.2591303889387662,0.0,sine,1,0.4,0.5,22,44,10.029820203781128,0.0
1779527405.1733665,0.0,-0.05585053606381855,0.0,0.0,1.2591303889387662,0.0,-0.0792,-0.0396,0.0792,0.0,0.04990822475761271,0.0,0.0,-0.04363323129985824,0.0,0.0,1.2674414806149297,0.0,sine,1,0.4,0.5,22,44,10.039819478988647,0.0
1779527405.1833851,0.0,-0.04363323129985824,0.0,0.0,1.2674414806149297,0.0,0.0,-0.1188,-0.1188,0.0,0.062370423587116745,0.0,0.0,-0.031415926535897934,0.0,0.0,1.2840636639672567,0.0,sine,1,0.4,0.5,22,44,10.049836158752441,0.0
1779527405.1934345,0.0,-0.031415926535897934,0.0,0.0,1.2840636639672567,0.0,-0.0396,-0.5940000000000001,0.2376,0.0,0.0747732194458143,0.0,0.0,-0.017453292519943295,0.0,0.0,1.2902969827243793,0.0,sine,1,0.4,0.5,22,44,10.059854745864868,0.0
1779527405.2033784,0.0,-0.017453292519943295,0.0,0.0,1.2902969827243793,0.0,0.0396,-1.2276,-0.1584,0.0,0.08713966989018207,0.0,0.0,-0.005235987755982989,0.0,0.0,1.2819858910482158,0.0,sine,1,0.4,0.5,22,44,10.069904088973999,0.0
1779527405.2133474,0.0,-0.005235987755982989,0.0,0.0,1.2819858910482158,0.0,0.0,-1.1483999999999999,0.0,0.0,0.09929099776102264,0.0,0.0,0.005235987755982989,0.0,0.004155545838081737,1.2736747993720523,0.0,sine,1,0.4,0.5,22,44,10.079848051071167,0.0
1779527405.2233894,0.0,0.005235987755982989,0.0,0.004155545838081737,1.2736747993720523,0.0,0.0,-0.9107999999999999,0.2376,0.0,0.11137564731906287,0.0,0.0,0.017453292519943295,0.0,0.0020777729190408684,1.2570526160197253,0.0,sine,1,0.4,0.5,22,44,10.08981704711914,0.0
1779527405.2333772,0.0,0.017453292519943295,0.0,0.0020777729190408684,1.2570526160197253,0.0,-0.0792,-0.7127999999999999,0.0792,0.0,0.12343827100077681,0.0,0.0,0.031415926535897934,0.0,0.0,1.2466637514245211,0.0,sine,1,0.4,0.5,22,44,10.09985899925232,0.0
1779527405.243421,0.0,0.031415926535897934,0.0,0.0,1.2466637514245211,0.0,-0.0792,-0.99,0.0,0.0,0.13531405297090127,0.0,0.0,0.04363323129985824,0.0,0.0,1.2466637514245211,0.0,sine,1,0.4,0.5,22,44,10.109846830368042,0.0
1779527405.254233,0.0,0.04363323129985824,0.0,0.0,1.2466637514245211,0.0,-0.0396,-0.792,0.1188,0.0,0.14712209533362283,0.0,0.0,0.05585053606381855,0.0,0.0,1.2528970701816435,0.0,sine,1,0.4,0.5,22,44,10.119890689849854,0.0
1779527405.2633462,0.0,0.05585053606381855,0.0,0.0,1.2528970701816435,0.0,0.0,-0.9504,0.2376,0.0,0.1596689459637116,0.0,0.0,0.06806784082777886,0.0,-0.0020777729190408684,1.2549748431006844,0.0,sine,1,0.4,0.5,22,44,10.130702495574951,0.0
1779527405.2733881,0.0,0.06806784082777886,0.0,-0.0020777729190408684,1.2549748431006844,0.0,0.0,-1.1088000000000002,0.1188,0.0,0.17010225385023905,0.0,0.0,0.08028514559173917,0.0,-0.0020777729190408684,1.2425082055864394,0.0,sine,1,0.4,0.5,22,44,10.13981580734253,0.0
1779527405.2833436,0.0,0.08028514559173917,0.0,-0.0020777729190408684,1.2425082055864394,0.0,0.0792,-0.8316,0.0396,0.0,0.18143691906330742,0.0,0.0,0.09075712110370514,0.0,0.0,1.1282306950391916,0.0,sine,1,0.4,0.5,22,44,10.149857759475708,0.0
1779527405.2933733,0.0,0.09075712110370514,0.0,0.0,1.1282306950391916,0.0,-0.0792,-0.0396,-0.198,0.0,0.1924956945902934,0.0,0.0,0.10297442586766545,0.0,0.0,1.167708380500968,0.0,sine,1,0.4,0.5,22,44,10.159813165664673,0.0
1779527405.303347,0.0,0.10297442586766545,0.0,0.0,1.167708380500968,0.0,0.0,0.3168,0.1584,0.0,0.20344667905257566,0.0,0.0,0.11519173063162574,0.0,0.004155545838081737,1.186408336772336,0.0,sine,1,0.4,0.5,22,44,10.169842958450317,0.0
1779527405.3133445,0.0,0.11519173063162574,0.0,0.004155545838081737,1.186408336772336,0.0,0.0792,0.1188,0.1584,0.0,0.2141362229168038,0.0,0.0,0.12740903539558607,0.0,0.0,1.1884861096913768,0.0,sine,1,0.4,0.5,22,44,10.179816722869873,0.0
1779527405.3233745,0.0,0.12740903539558607,0.0,0.0,1.1884861096913768,0.0,0.0,0.198,0.27720000000000006,0.0,0.22464008984371922,0.0,0.0,0.13962634015954636,0.0,0.0,1.19679720136754,0.0,sine,1,0.4,0.5,22,44,10.18981409072876,0.0
1779527405.333349,0.0,0.13962634015954636,0.0,0.0,1.19679720136754,0.0,0.0,0.3168,0.1188,0.0,0.23495560073864327,0.0,0.0,0.15009831567151233,0.0,0.0,1.1947194284484992,-0.0020777729190408684,sine,1,0.4,0.5,22,44,10.199844121932983,0.0
1779527405.3433547,0.0,0.15009831567151233,0.0,0.0,1.1947194284484992,-0.0020777729190408684,-0.0396,-0.4356,-0.198,0.0,0.24498266429153578,0.0,0.0,0.16231562043547265,0.0,0.0,1.086675236658374,0.0,sine,1,0.4,0.5,22,44,10.209818601608276,0.0
1779527405.353415,0.0,0.16231562043547265,0.0,0.0,1.086675236658374,0.0,-0.0396,-1.1880000000000002,0.0,0.0,0.25479944825077055,0.0,0.0,0.17278759594743864,0.0,0.0,1.1178418304439872,0.0,sine,1,0.4,0.5,22,44,10.219824314117432,0.0
1779527405.3633764,0.0,0.17278759594743864,0.0,0.0,1.1178418304439872,0.0,0.0,-1.782,0.1188,0.0,0.264415973787172,0.0,0.0,0.1832595714594046,0.0,0.0,1.1178418304439872,0.0,sine,1,0.4,0.5,22,44,10.229884624481201,0.0
1779527405.3737361,0.0,0.1832595714594046,0.0,0.0,1.1178418304439872,0.0,-0.0792,-1.7028,-0.1584,0.0,0.27367773066108697,0.0,0.0,0.1954768762233649,0.0,0.0,1.1095307387678237,0.0,sine,1,0.4,0.5,22,44,10.239845991134644,0.0
1779527405.3833475,0.0,0.1954768762233649,0.0,0.0,1.1095307387678237,0.0,0.0,-1.9404,0.0396,0.0,0.28302548265505006,0.0,0.0,0.2059488517353309,0.0,0.0,1.0845974637393332,0.0,sine,1,0.4,0.5,22,44,10.250205755233765,0.0
1779527405.393376,0.0,0.2059488517353309,0.0,0.0,1.0845974637393332,0.0,-0.0396,-0.8712,0.0,0.0,0.2914300874280484,0.0,0.0,0.21642082724729686,0.0,0.0,1.074208599144129,0.0,sine,1,0.4,0.5,22,44,10.259817123413086,0.0
1779527405.403401,0.0,0.21642082724729686,0.0,0.0,1.074208599144129,0.0,-0.0396,0.0,0.1584,0.0,0.29991618487402216,0.0,0.0,0.22689280275926285,0.0,0.0,1.059664188710843,0.0,sine,1,0.4,0.5,22,44,10.269845724105835,0.0
1779527405.4134321,0.0,0.22689280275926285,0.0,0.0,1.059664188710843,0.0,0.0396,0.0396,0.2376,0.0,0.30810154882809343,0.0,0.0,0.23736477827122884,0.0,0.0,1.0388864595204341,0.0,sine,1,0.4,0.5,22,44,10.279870510101318,0.0
1779527405.4233906,0.0,0.23736477827122884,0.0,0.0,1.0388864595204341,0.0,0.0,-1.1483999999999999,-0.0792,0.0,0.3159863047850471,0.0,0.0,0.2478367537831948,0.0,0.0020777729190408684,1.009797638653862,0.0,sine,1,0.4,0.5,22,44,10.289901733398438,0.0
1779527405.433405,0.0,0.2478367537831948,0.0,0.0020777729190408684,1.009797638653862,0.0,-0.0396,-1.9404,-0.0792,0.0,0.3235035345322332,0.0,0.0,0.25656340004316647,0.0,0.004155545838081737,0.9807088177872899,0.0,sine,1,0.4,0.5,22,44,10.29986023902893,0.0
1779527405.4434254,0.0,0.25656340004316647,0.0,0.004155545838081737,0.9807088177872899,0.0,0.0,-1.3068,-0.0396,0.0,0.33074358343872357,0.0,0.0,0.26529004630313807,0.0,0.0,0.8788979447542873,0.0,sine,1,0.4,0.5,22,44,10.309874534606934,0.0
1779527405.4533448,0.0,0.26529004630313807,0.0,0.0,0.8788979447542873,0.0,-0.0792,0.198,-0.0396,0.0,0.3376604707302758,0.0,0.0,0.27401669256310973,0.0,0.0,0.8352647134544291,0.0020777729190408684,sine,1,0.4,0.5,22,44,10.319895029067993,0.0
1779527405.4633572,0.0,0.27401669256310973,0.0,0.0,0.8352647134544291,0.0020777729190408684,-0.1188,-1.0692,0.198,0.0,0.344178049419212,0.0,0.0,0.28099800957108706,0.0,0.0,0.8560424426448378,0.0,sine,1,0.4,0.5,22,44,10.329814434051514,0.0
1779527405.4733756,0.0,0.28099800957108706,0.0,0.0,0.8560424426448378,0.0,0.0,-1.1088000000000002,-0.0396,0.0,0.3504177801698244,0.0,0.0,0.2897246558310587,0.0,-0.0020777729190408684,0.8581202155638786,0.0,sine,1,0.4,0.5,22,44,10.339826822280884,0.0
1779527405.483345,0.0,0.2897246558310587,0.0,-0.0020777729190408684,0.8581202155638786,0.0,0.0,0.0,0.0,0.0,0.3563142373591357,0.0,0.0,0.2984513020910304,0.0,0.0,0.8435758051305926,0.0,sine,1,0.4,0.5,22,44,10.349845170974731,0.0
1779527405.493347,0.0,0.2984513020910304,0.0,0.0,0.8435758051305926,0.0,0.0396,-1.0692,-0.1188,0.0,0.3618315848188528,0.0,0.0,0.30717794835100204,0.0,0.0,0.7666982071260804,0.0,sine,1,0.4,0.5,22,44,10.359814643859863,0.0
1779527405.503363,0.0,0.30717794835100204,0.0,0.0,0.7666982071260804,0.0,0.0,-1.3068,0.198,0.0,0.36701023061957394,0.0,0.0,0.3141592653589793,0.0,0.0,0.7230649758262222,0.0,sine,1,0.4,0.5,22,44,10.369816541671753,0.0
1779527405.5133467,0.0,0.3141592653589793,0.0,0.0,0.7230649758262222,0.0,-0.0792,0.198,-0.1188,0.0,0.3718330604045165,0.0,0.0,0.3211405823669567,0.0,0.0,0.7334538404214266,0.0,sine,1,0.4,0.5,22,44,10.37983250617981,0.0
1779527405.5233483,0.0,0.3211405823669567,0.0,0.0,0.7334538404214266,0.0,0.0,-1.5444,-0.198,0.0,0.3762740424739276,0.0,0.0,0.32812189937493397,0.0,-0.0020777729190408684,0.7251427487452631,-0.0020777729190408684,sine,1,0.4,0.5,22,44,10.389816284179688,0.0
1779527405.5333154,0.0,0.32812189937493397,0.0,-0.0020777729190408684,0.7251427487452631,-0.0020777729190408684,0.0,0.27720000000000006,-0.1188,0.0,0.3803518477456581,0.0,0.0,0.3351032163829113,0.0,-0.0020777729190408684,0.7064427924738953,0.0,sine,1,0.4,0.5,22,44,10.399817943572998,0.0
1779527405.5433812,0.0,0.3351032163829113,0.0,-0.0020777729190408684,0.7064427924738953,0.0,0.0,-1.3068,-0.1188,0.0,0.3840420210244922,0.0,0.0,0.3420845333908886,0.0,0.0,0.6648873340930779,0.0,sine,1,0.4,0.5,22,44,10.409785032272339,0.0
1779527405.5533779,0.0,0.3420845333908886,0.0,0.0,0.6648873340930779,0.0,0.0,-0.4752,-0.198,0.0,0.3873866031865305,0.0,0.0,0.3473205211468716,0.0,0.0,0.6378762861455466,0.0,sine,1,0.4,0.5,22,44,10.419850826263428,0.0
1779527405.5634146,0.0,0.3473205211468716,0.0,0.0,0.6378762861455466,0.0,0.0,-1.1880000000000002,0.198,0.0,0.39032484982152965,0.0,0.0,0.35430183815484895,0.0,0.0,0.5942430548456884,-0.004155545838081737,sine,1,0.4,0.5,22,44,10.429847478866577,0.0
1779527405.5733886,0.0,0.35430183815484895,0.0,0.0,0.5942430548456884,-0.004155545838081737,0.0,-0.3168,-0.3168,0.0,0.3928876034779181,0.0,0.0,0.35953782591083194,0.0,0.0,0.5485320506267892,0.0,sine,1,0.4,0.5,22,44,10.439884185791016,0.0
1779527405.5833578,0.0,0.35953782591083194,0.0,0.0,0.5485320506267892,0.0,0.0,-1.5048000000000001,-0.2376,0.0,0.3950474195610165,0.0,0.0,0.3647738136668149,0.0,0.0,0.5028210464078902,0.0,sine,1,0.4,0.5,22,44,10.44985818862915,0.0
1779527405.5933526,0.0,0.3647738136668149,0.0,0.0,0.5028210464078902,0.0,-0.0396,0.7127999999999999,0.198,0.0,0.39681864161788116,0.0,0.0,0.36826447217080355,0.0,0.0020777729190408684,0.45087672343186846,0.0,sine,1,0.4,0.5,22,44,10.459827423095703,0.0
1779527405.6033974,0.0,0.36826447217080355,0.0,0.0020777729190408684,0.45087672343186846,0.0,-0.0792,-1.3464,-0.198,0.0,0.3982036933260122,0.0,0.0,0.3735004599267866,0.0,-0.0020777729190408684,0.43217676716050063,0.0,sine,1,0.4,0.5,22,44,10.46982216835022,0.0
1779527405.6133952,0.0,0.3735004599267866,0.0,-0.0020777729190408684,0.43217676716050063,0.0,0.0,-1.1483999999999999,-0.35639999999999994,0.0,0.3992001607040018,0.0,0.0,0.37699111843077515,0.0,0.0,0.39062130877968326,0.0,sine,1,0.4,0.5,22,44,10.479866981506348,0.0
1779527405.6233704,0.0,0.37699111843077515,0.0,0.0,0.39062130877968326,0.0,-0.0396,0.5148,0.198,0.0,0.3997972525269921,0.0,0.0,0.38048177693476387,0.0,-0.0020777729190408684,0.35529916915598847,0.0,sine,1,0.4,0.5,22,44,10.489864826202393,0.0
1779527405.633364,0.0,0.38048177693476387,0.0,-0.0020777729190408684,0.35529916915598847,0.0,0.0,-1.2276,-0.4356,0.0,0.3999999494809747,0.0,0.0,0.3839724354387525,0.0,-0.0020777729190408684,0.3116659378561303,0.0,sine,1,0.4,0.5,22,44,10.499840021133423,0.0
1779527405.6433828,0.0,0.3839724354387525,0.0,-0.0020777729190408684,0.3116659378561303,0.0,0.0,-1.4255999999999998,-0.27720000000000006,0.0,0.3998091386430438,0.0,0.0,0.38571776469074687,0.0,0.0,0.28049934407051724,0.0,sine,1,0.4,0.5,22,44,10.509833574295044,0.0
1779527405.6533902,0.0,0.38571776469074687,0.0,0.0,0.28049934407051724,0.0,-0.0396,-0.6732,0.396,0.0,0.39922229482835375,0.0,0.0,0.3874630939427412,0.0,0.0020777729190408684,0.24102165860874072,0.0,sine,1,0.4,0.5,22,44,10.51985239982605,0.0
1779527405.6633768,0.0,0.3874630939427412,0.0,0.0020777729190408684,0.24102165860874072,0.0,-0.0792,0.1584,-0.27720000000000006,0.0,0.3982413294698699,0.0,0.0,0.3909537524467298,0.0,0.0,0.2098550648231277,0.0,sine,1,0.4,0.5,22,44,10.529859781265259,0.0
1779527405.6733756,0.0,0.3909537524467298,0.0,0.0,0.2098550648231277,0.0,-0.0792,0.198,-0.4356,0.0,0.3968700228904442,0.0,0.0,0.39269908169872414,0.0,0.0,0.17245515228039207,0.0020777729190408684,sine,1,0.4,0.5,22,44,10.539846420288086,0.0
1779527405.683351,0.0,0.39269908169872414,0.0,0.0,0.17245515228039207,0.0020777729190408684,-0.0792,-0.5544000000000001,0.5148,0.0,0.39510571665385785,0.0,0.0,0.39269908169872414,0.0,0.0,0.1308996938995747,0.0,sine,1,0.4,0.5,22,44,10.549845218658447,0.0
1779527405.6933763,0.0,0.39269908169872414,0.0,0.0,0.1308996938995747,0.0,-0.0792,-0.9107999999999999,0.35639999999999994,0.0,0.39295706904759853,0.0,0.0,0.39444441095071847,0.0,0.0,0.09349978135683908,0.0,sine,1,0.4,0.5,22,44,10.559820652008057,0.0
1779527405.7033515,0.0,0.39444441095071847,0.0,0.0,0.09349978135683908,0.0,0.0396,1.4652,-0.27720000000000006,0.0,0.39040889792147987,0.0,0.0,0.39444441095071847,0.0,-0.0020777729190408684,0.05194432297602171,0.0,sine,1,0.4,0.5,22,44,10.569845914840698,0.0
1779527405.7134519,0.0,0.39444441095071847,0.0,-0.0020777729190408684,0.05194432297602171,0.0,-0.0792,1.584,-0.396,0.0,0.3874891087734351,0.0,0.0,0.39444441095071847,0.0,0.0,0.018699956271367814,-0.0020777729190408684,sine,1,0.4,0.5,22,44,10.579821109771729,0.0
1779527405.7234137,0.0,0.39444441095071847,0.0,0.0,0.018699956271367814,-0.0020777729190408684,-0.0792,1.8612000000000002,0.4752,0.0,0.3841449928965377,0.0,0.0,0.39444441095071847,0.0,0.0,-0.016622183352326948,0.0,sine,1,0.4,0.5,22,44,10.589921474456787,0.0
1779527405.733369,0.0,0.39444441095071847,0.0,0.0,-0.016622183352326948,0.0,-0.1188,2.0196,0.396,0.0,0.38046789119030255,0.0,0.0,0.39269908169872414,0.0,0.0,-0.06856650632834865,0.0,sine,1,0.4,0.5,22,44,10.599883317947388,0.0
1779527405.7433445,0.0,0.39269908169872414,0.0,0.0,-0.06856650632834865,0.0,-0.1188,1.3464,0.5544000000000001,0.0,0.37642090967015784,0.0,0.0,0.39269908169872414,0.0,0.0,-0.08311091676163473,0.0,sine,1,0.4,0.5,22,44,10.609838724136353,0.0
1779527405.7533622,0.0,0.39269908169872414,0.0,0.0,-0.08311091676163473,0.0,0.0396,1.2672,0.4752,0.0,0.3719965015166725,0.0,0.0,0.3909537524467298,0.0,0.0,-0.1184330563853295,0.0,sine,1,0.4,0.5,22,44,10.619814157485962,0.0
1779527405.7634768,0.0,0.3909537524467298,0.0,0.0,-0.1184330563853295,0.0,-0.1584,0.5148,0.27720000000000006,0.0,0.36718574724351877,0.0,0.0,0.3892084231947355,0.0,0.0,-0.17661069811847382,0.0,sine,1,0.4,0.5,22,44,10.629831790924072,0.0
1779527405.7733753,0.0,0.3892084231947355,0.0,0.0,-0.17661069811847382,0.0,-0.1584,0.27720000000000006,0.5544000000000001,0.0,0.3619594620583342,0.0,0.0,0.3874630939427412,0.0,0.0,-0.23478833985161812,0.0,sine,1,0.4,0.5,22,44,10.639946460723877,0.0
1779527405.7833426,0.0,0.3874630939427412,0.0,0.0,-0.23478833985161812,0.0,-0.1188,0.7524000000000001,0.5940000000000001,0.0,0.3564910607344374,0.0,0.0,0.3839724354387525,0.0,0.0,-0.27218825239435374,0.0,sine,1,0.4,0.5,22,44,10.649844884872437,0.0
1779527405.7933438,0.0,0.3839724354387525,0.0,0.0,-0.27218825239435374,0.0,0.1188,1.6236000000000002,-0.4752,0.0,0.35063629590538764,0.0,0.0,0.38048177693476387,0.0,0.0,-0.31997702953229373,0.0,sine,1,0.4,0.5,22,44,10.659812211990356,0.0
1779527405.8033798,0.0,0.38048177693476387,0.0,0.0,-0.31997702953229373,0.0,-0.1188,1.4652,0.5544000000000001,0.0,0.3444161194656954,0.0,0.0,0.37699111843077515,0.0,-0.0020777729190408684,-0.35322139623694765,-0.0020777729190408684,sine,1,0.4,0.5,22,44,10.669813394546509,0.0
1779527405.8133507,0.0,0.37699111843077515,0.0,-0.0020777729190408684,-0.35322139623694765,-0.0020777729190408684,0.198,0.5940000000000001,-0.396,0.0,0.33783254664728124,0.0,0.0,0.3735004599267866,0.0,0.0,-0.4010101733748876,0.0020777729190408684,sine,1,0.4,0.5,22,44,10.67984938621521,0.0
1779527405.8233778,0.0,0.3735004599267866,0.0,0.0,-0.4010101733748876,0.0020777729190408684,-0.1584,0.8712,0.6732,0.0,0.3309591126790472,0.0,0.0,0.3700098014227979,0.0,0.0,-0.425943448403378,0.0,sine,1,0.4,0.5,22,44,10.689820289611816,0.0
1779527405.8333673,0.0,0.3700098014227979,0.0,0.0,-0.425943448403378,0.0,0.1188,1.5444,0.5940000000000001,0.0,0.3237194317771486,0.0,0.0,0.3647738136668149,0.0,0.0,-0.4612655880270728,0.0,sine,1,0.4,0.5,22,44,10.69984745979309,0.0
1779527405.8433917,0.0,0.3647738136668149,0.0,0.0,-0.4612655880270728,0.0,-0.1584,0.5940000000000001,0.4752,0.0,0.316187537296945,0.0,0.0,0.35953782591083194,0.0,0.0,-0.504898819326931,-0.0020777729190408684,sine,1,0.4,0.5,22,44,10.709836959838867,0.0
1779527405.8533504,0.0,0.35953782591083194,0.0,0.0,-0.504898819326931,-0.0020777729190408684,-0.1584,1.6236000000000002,-0.35639999999999994,0.0,0.30831639283959167,0.0,0.0,0.35430183815484895,0.0,0.0,-0.5464542777077483,0.0,sine,1,0.4,0.5,22,44,10.719861268997192,0.0
1779527405.8633564,0.0,0.35430183815484895,0.0,0.0,-0.5464542777077483,0.0,0.1188,0.396,-0.4356,0.0,0.3001939542558074,0.0,0.0,0.3490658503988659,0.0,0.0,-0.5132099110030945,0.0,sine,1,0.4,0.5,22,44,10.729820013046265,0.0
1779527405.8733838,0.0,0.3490658503988659,0.0,0.0,-0.5132099110030945,0.0,-0.198,0.99,0.6732,0.0,0.29173711791254603,0.0,0.0,0.34382986264288296,0.0,0.0,-0.5900875090076066,0.0,sine,1,0.4,0.5,22,44,10.739825963973999,0.0
1779527405.8833883,0.0,0.34382986264288296,0.0,0.0,-0.5900875090076066,0.0,-0.198,1.0296,0.6336,0.0,0.2829729721594312,0.0,0.0,0.3368485456349056,0.0,0.0,-0.6274874215503422,0.0,sine,1,0.4,0.5,22,44,10.749853372573853,0.0
1779527405.8933616,0.0,0.3368485456349056,0.0,0.0,-0.6274874215503422,0.0,0.198,1.3464,0.6732,0.0,0.2739489920630564,0.0,0.0,0.3298672286269283,0.0,0.0,-0.6815095174454048,0.0,sine,1,0.4,0.5,22,44,10.759857892990112,0.0
1779527405.9033875,0.0,0.3298672286269283,0.0,0.0,-0.6815095174454048,0.0,-0.1188,0.6732,-0.5544000000000001,0.0,0.26468384104354475,0.0,0.0,0.32288591161895097,0.0,-0.0020777729190408684,-0.631642967388424,-0.0020777729190408684,sine,1,0.4,0.5,22,44,10.76983118057251,0.0
1779527405.913345,0.0,0.32288591161895097,0.0,-0.0020777729190408684,-0.631642967388424,-0.0020777729190408684,0.2376,1.2672,0.6336,0.0,0.25510787713428557,0.0,0.0,0.31590459461097364,0.0,0.0,-0.7209872029071813,0.0,sine,1,0.4,0.5,22,44,10.779857158660889,0.0
1779527405.9233534,0.0,0.31590459461097364,0.0,0.0,-0.7209872029071813,0.0,0.2376,0.198,-0.5544000000000001,0.0,0.24534676079753723,0.0,0.0,0.3089232776029963,0.0,0.0,-0.7666982071260804,-0.0020777729190408684,sine,1,0.4,0.5,22,44,10.789814710617065,0.0
1779527405.9333632,0.0,0.3089232776029963,0.0,0.0,-0.7666982071260804,-0.0020777729190408684,-0.2376,1.4652,-0.6336,0.0,0.23529396349642298,0.0,0.0,0.30019663134302466,0.0,0.0,-0.8082536655068978,0.0,sine,1,0.4,0.5,22,44,10.79982304573059,0.0
1779527405.9434106,0.0,0.30019663134302466,0.0,0.0,-0.8082536655068978,0.0,-0.198,0.4356,0.5544000000000001,0.0,0.22500708598265123,0.0,0.0,0.291469985083053,0.0,-0.0020777729190408684,-0.8331869405353882,0.0,sine,1,0.4,0.5,22,44,10.80983281135559,0.0
1779527405.953448,0.0,0.291469985083053,0.0,-0.0020777729190408684,-0.8331869405353882,0.0,0.2376,0.9107999999999999,0.5148,0.0,0.2144577622786904,0.0,0.0,0.28274333882308134,0.0,0.0,-0.8726646259971648,0.0,sine,1,0.4,0.5,22,44,10.819880247116089,0.0
1779527405.963349,0.0,0.28274333882308134,0.0,0.0,-0.8726646259971648,0.0,-0.2376,1.7424,-0.4752,0.0,0.20370561169790316,0.0,0.0,0.27401669256310973,0.0,0.0,-0.899675673944696,0.0,sine,1,0.4,0.5,22,44,10.829917669296265,0.0
1779527405.973339,0.0,0.27401669256310973,0.0,0.0,-0.899675673944696,0.0,-0.198,0.5940000000000001,0.5148,0.0,0.19290106816536834,0.0,0.0,0.26529004630313807,0.0,0.0,-0.930842267730309,-0.0020777729190408684,sine,1,0.4,0.5,22,44,10.839818716049194,0.0
1779527405.9834008,0.0,0.26529004630313807,0.0,0.0,-0.930842267730309,-0.0020777729190408684,-0.2376,0.0396,-0.4356,0.0,0.18181036821850538,0.0,0.0,0.25481807079117214,0.0,0.0,-0.9557755427587995,-0.0020777729190408684,sine,1,0.4,0.5,22,44,10.849808692932129,0.0
1779527405.9933424,0.0,0.25481807079117214,0.0,0.0,-0.9557755427587995,-0.0020777729190408684,-0.198,1.1880000000000002,-0.5544000000000001,0.0,0.1704590243540053,0.0,0.0,0.24609142453120048,0.0,0.0,-0.978631044868249,0.0,sine,1,0.4,0.5,22,44,10.859870433807373,0.0
1779527406.0033603,0.0,0.24609142453120048,0.0,0.0,-0.978631044868249,0.0,-0.198,1.3860000000000001,-0.5148,0.0,0.15907593250366464,0.0,0.0,0.23736477827122884,0.0,0.0,-0.9017534468637369,0.0,sine,1,0.4,0.5,22,44,10.86981201171875,0.0
1779527406.0134637,0.0,0.23736477827122884,0.0,0.0,-0.9017534468637369,0.0,-0.198,0.7127999999999999,-0.5544000000000001,0.0,0.14744856263543885,0.0,0.0,0.22863813201125718,0.0,0.0,-0.8934423551875734,-0.0020777729190408684,sine,1,0.4,0.5,22,44,10.87982988357544,0.0
1779527406.0234466,0.0,0.22863813201125718,0.0,0.0,-0.8934423551875734,-0.0020777729190408684,-0.35639999999999994,0.0396,-0.396,0.0,0.13557397118129738,0.0,0.0,0.2181661564992912,0.0,0.0020777729190408684,-0.9931754553015351,0.0,sine,1,0.4,0.5,22,44,10.889933347702026,0.0
1779527406.033371,0.0,0.2181661564992912,0.0,0.0020777729190408684,-0.9931754553015351,0.0,-0.1584,1.0692,-0.6732,0.0,0.12370697902735935,0.0,0.0,0.2076941809873252,0.0,0.0,-1.0534308699537203,0.0,sine,1,0.4,0.5,22,44,10.899916172027588,0.0
1779527406.043346,0.0,0.2076941809873252,0.0,0.0,-1.0534308699537203,0.0,-0.27720000000000006,1.4255999999999998,-0.5544000000000001,0.0,0.11178880241719019,0.0,0.0,0.19722220547535924,0.0,0.0,-1.0970641012535784,0.0,sine,1,0.4,0.5,22,44,10.90984058380127,0.0
1779527406.053346,0.0,0.19722220547535924,0.0,0.0,-1.0970641012535784,0.0,0.2376,1.782,-0.4752,0.0,0.09970045464063354,0.0,0.0,0.18500490071139894,0.0,0.0,-1.1282306950391916,0.0,sine,1,0.4,0.5,22,44,10.91981554031372,0.0
1779527406.0633614,0.0,0.18500490071139894,0.0,0.0,-1.1282306950391916,0.0,0.2376,1.6632,-0.4752,0.0,0.08748350999935799,0.0,0.0,0.17453292519943295,0.0,0.0,-1.1552417429867228,0.0,sine,1,0.4,0.5,22,44,10.929815530776978,0.0
1779527406.0734055,0.0,0.17453292519943295,0.0,0.0,-1.1552417429867228,0.0,-0.27720000000000006,1.0296,-0.4752,0.0,0.07516110246846919,0.0,0.0,0.16231562043547265,0.0,0.0,-1.167708380500968,-0.0020777729190408684,sine,1,0.4,0.5,22,44,10.939831018447876,0.0
1779527406.083414,0.0,0.16231562043547265,0.0,0.0,-1.167708380500968,-0.0020777729190408684,-0.27720000000000006,0.7127999999999999,-0.5148,0.0,0.06272878251051851,0.0,0.0,0.15009831567151233,0.0,0.0,-1.1739416992580907,0.0,sine,1,0.4,0.5,22,44,10.949875116348267,0.0
1779527406.0933626,0.0,0.15009831567151233,0.0,0.0,-1.1739416992580907,0.0,-0.35639999999999994,1.0692,0.5148,0.0,0.05027829717047531,0.0,0.0,0.13962634015954636,0.0,0.0,-1.1822527909342542,0.0,sine,1,0.4,0.5,22,44,10.959883689880371,0.0
1779527406.10335,0.0,0.13962634015954636,0.0,0.0,-1.1822527909342542,0.0,-0.3168,0.5940000000000001,0.396,0.0,0.03785327057039942,0.0,0.0,0.12740903539558607,0.0,0.0,-1.186408336772336,0.0,sine,1,0.4,0.5,22,44,10.969832181930542,0.0
1779527406.1133738,0.0,0.12740903539558607,0.0,0.0,-1.186408336772336,0.0,-0.1188,0.35639999999999994,0.4752,0.0,0.02534253375742492,0.0,0.0,0.11693705988362009,0.0,0.0,-1.0929085554154967,-0.0020777729190408684,sine,1,0.4,0.5,22,44,10.979819536209106,0.0
1779527406.1234136,0.0,0.11693705988362009,0.0,0.0,-1.0929085554154967,-0.0020777729190408684,-0.4356,0.4356,-0.2376,0.0,0.012761033888844045,0.0,0.0,0.10471975511965977,0.0,0.0,-1.1801750180152133,0.0,sine,1,0.4,0.5,22,44,10.989843368530273,0.0
1779527406.1333613,0.0,0.10471975511965977,0.0,0.0,-1.1801750180152133,0.0,-0.1188,0.3168,-0.4356,0.0,0.0001468067517949605,0.0,0.0,0.09250245035569947,0.0,0.0020777729190408684,-1.2217304763960306,0.0,sine,1,0.4,0.5,22,44,10.99988317489624,0.0
1779527406.1434128,0.0,0.09250245035569947,0.0,0.0020777729190408684,-1.2217304763960306,0.0,-0.3168,0.5148,-0.396,0.0,-0.012351974321249655,0.0,0.0,0.08028514559173917,0.0,0.0020777729190408684,-1.2508192972626027,0.0,sine,1,0.4,0.5,22,44,11.009830951690674,0.0
1779527406.1533964,0.0,0.08028514559173917,0.0,0.0020777729190408684,-1.2508192972626027,0.0,-0.2376,0.27720000000000006,-0.396,0.0,-0.0249687680722449,0.0,0.0,0.06806784082777886,0.0,0.0,-1.2508192972626027,0.0,sine,1,0.4,0.5,22,44,11.019882440567017,0.0
1779527406.163399,0.0,0.06806784082777886,0.0,0.0,-1.2508192972626027,0.0,-0.2376,0.4752,-0.396,0.0,-0.03747565511190851,0.0,0.0,0.054105206811824215,0.0,0.0,-1.2528970701816435,0.0,sine,1,0.4,0.5,22,44,11.029865980148315,0.0
1779527406.173351,0.0,0.054105206811824215,0.0,0.0,-1.2528970701816435,0.0,0.27720000000000006,0.4356,-0.4752,0.0,-0.049969460627780134,0.0,0.0,0.04188790204786391,0.0,0.0,-1.2528970701816435,0.0,sine,1,0.4,0.5,22,44,11.039868593215942,0.0
1779527406.183405,0.0,0.04188790204786391,0.0,0.0,-1.2528970701816435,0.0,-0.27720000000000006,0.2376,-0.5148,0.0,-0.06235118734395563,0.0,0.0,0.029670597283903605,0.0,0.0020777729190408684,-1.2528970701816435,-0.0020777729190408684,sine,1,0.4,0.5,22,44,11.0498206615448,0.0
1779527406.1933584,0.0,0.029670597283903605,0.0,0.0020777729190408684,-1.2528970701816435,-0.0020777729190408684,-0.35639999999999994,0.4356,-0.4356,0.0,-0.07479764822411777,0.0,0.0,0.017453292519943295,0.0,0.0,-1.263285934776848,-0.0020777729190408684,sine,1,0.4,0.5,22,44,11.059874534606934,0.0
1779527406.2033486,0.0,0.017453292519943295,0.0,0.0,-1.263285934776848,-0.0020777729190408684,-0.3168,0.1188,-0.396,0.0,-0.0870463886682909,0.0,0.0,0.005235987755982989,0.0,0.0,-1.2736747993720523,0.0,sine,1,0.4,0.5,22,44,11.069828033447266,0.0
1779527406.2133427,0.0,0.005235987755982989,0.0,0.0,-1.2736747993720523,0.0,-0.2376,0.0,-0.3168,0.0,-0.09925471876392522,0.0,0.0,-0.006981317007977318,0.0,0.0,-1.2715970264530114,0.0,sine,1,0.4,0.5,22,44,11.07981824874878,0.0
1779527406.223393,0.0,-0.006981317007977318,0.0,0.0,-1.2715970264530114,0.0,-0.27720000000000006,-0.0792,-0.27720000000000006,0.0,-0.11136989215890691,0.0,0.0,-0.019198621771937627,0.0,-0.0020777729190408684,-1.263285934776848,0.0,sine,1,0.4,0.5,22,44,11.089812278747559,0.0
1779527406.2333753,0.0,-0.019198621771937627,0.0,-0.0020777729190408684,-1.263285934776848,0.0,0.198,0.1188,0.4752,0.0,-0.123442545735932,0.0,0.0,-0.031415926535897934,0.0,0.0,-1.2528970701816435,0.0,sine,1,0.4,0.5,22,44,11.099862575531006,0.0
1779527406.243424,0.0,-0.031415926535897934,0.0,0.0,-1.2528970701816435,0.0,0.2376,0.2376,-0.4356,0.0,-0.13531179743270105,0.0,0.0,-0.04363323129985824,0.0,0.0,-1.2425082055864394,0.0,sine,1,0.4,0.5,22,44,11.10984492301941,0.0
1779527406.2533436,0.0,-0.04363323129985824,0.0,0.0,-1.2425082055864394,0.0,0.2376,0.3168,-0.396,0.0,-0.14712543857714153,0.0,0.0,-0.05585053606381855,0.0,0.0,-1.2362748868293167,-0.0020777729190408684,sine,1,0.4,0.5,22,44,11.119893550872803,0.0
1779527406.263361,0.0,-0.05585053606381855,0.0,0.0,-1.2362748868293167,-0.0020777729190408684,-0.2376,0.5940000000000001,0.27720000000000006,0.0,-0.15864368876689283,0.0,0.0,-0.06806784082777886,0.0,0.0020777729190408684,-1.2425082055864394,0.0,sine,1,0.4,0.5,22,44,11.129813194274902,0.0
1779527406.2734194,0.0,-0.06806784082777886,0.0,0.0020777729190408684,-1.2425082055864394,0.0,-0.1188,0.6732,-0.4356,0.0,-0.1701190658995475,0.0,0.0,-0.07853981633974483,0.0,0.0,-1.1427751054724775,0.0,sine,1,0.4,0.5,22,44,11.139830589294434,0.0
1779527406.2833571,0.0,-0.07853981633974483,0.0,0.0,-1.1427751054724775,0.0,-0.4752,0.99,-0.3168,0.0,-0.18147189667264257,0.0,0.0,-0.09075712110370514,0.0,0.0,-1.2051082930437036,0.0,sine,1,0.4,0.5,22,44,11.14988899230957,0.0
1779527406.293364,0.0,-0.09075712110370514,0.0,0.0,-1.2051082930437036,0.0,-0.1188,1.2276,-0.3168,0.0,-0.19251066438654965,0.0,0.0,-0.10297442586766545,0.0,0.0,-1.1136862846059055,0.0,sine,1,0.4,0.5,22,44,11.159826755523682,0.0
1779527406.3033955,0.0,-0.10297442586766545,0.0,0.0,-1.1136862846059055,0.0,-0.5148,1.4652,-0.2376,0.0,-0.20343661858962545,0.0,0.0,-0.11344640137963143,0.0,0.0,-1.186408336772336,0.0,sine,1,0.4,0.5,22,44,11.169833660125732,0.0
1779527406.3133433,0.0,-0.11344640137963143,0.0,0.0,-1.186408336772336,0.0,-0.1584,0.9504,0.1584,0.0,-0.2141875911718521,0.0,0.0,-0.12566370614359174,0.0,-0.0020777729190408684,-1.1884861096913768,0.0020777729190408684,sine,1,0.4,0.5,22,44,11.17986512184143,0.0
1779527406.3233755,0.0,-0.12566370614359174,0.0,-0.0020777729190408684,-1.1884861096913768,0.0020777729190408684,-0.198,1.5444,-0.1584,0.0,-0.22463885036062417,0.0,0.0,-0.13613568165555773,0.0,0.0,-1.105375192929742,0.0,sine,1,0.4,0.5,22,44,11.189812898635864,0.0
1779527406.3333554,0.0,-0.13613568165555773,0.0,0.0,-1.105375192929742,0.0,-0.35639999999999994,1.2672,0.3168,0.0,-0.23495657062659012,0.0,0.0,-0.14835298641951802,0.0,0.0,-1.1573195159057637,0.0,sine,1,0.4,0.5,22,44,11.1998450756073,0.0
1779527406.3433495,0.0,-0.14835298641951802,0.0,0.0,-1.1573195159057637,0.0,-0.1584,1.0296,0.27720000000000006,0.0,-0.24498905890775605,0.0,0.0,-0.16057029118347835,0.0,0.0,-1.1739416992580907,0.0,sine,1,0.4,0.5,22,44,11.209825038909912,0.0
1779527406.3534057,0.0,-0.16057029118347835,0.0,0.0,-1.1739416992580907,0.0,-0.2376,1.2672,-0.35639999999999994,0.0,-0.25479436719582343,0.0,0.0,-0.16057029118347835,0.0,0.0,-1.1739416992580907,0.0,sine,1,0.4,0.5,22,44,11.219819068908691,0.0
1779527406.363376,0.0,-0.16057029118347835,0.0,0.0,-1.1739416992580907,0.0,-0.2376,1.2672,-0.35639999999999994,0.0,-0.2644072061118509,0.0,0.0,-0.1832595714594046,0.0,0.0,-1.1552417429867228,-0.0020777729190408684,sine,1,0.4,0.5,22,44,11.229875326156616,0.0
1779527406.3737905,0.0,-0.1832595714594046,0.0,0.0,-1.1552417429867228,-0.0020777729190408684,-0.198,0.792,0.198,0.0,-0.27367729365616855,0.0,0.0,-0.1937315469713706,0.0,0.0,-1.136541786715355,0.0,sine,1,0.4,0.5,22,44,11.239845514297485,0.0
1779527406.3833566,0.0,-0.1937315469713706,0.0,0.0,-1.136541786715355,0.0,-0.2376,-0.1188,0.2376,0.0,-0.28307374981709466,0.0,0.0,-0.2059488517353309,0.0,0.0,-1.1012196470916602,0.0,sine,1,0.4,0.5,22,44,11.2502601146698,0.0
1779527406.3933508,0.0,-0.2059488517353309,0.0,0.0,-1.1012196470916602,0.0,-0.198,0.2376,0.198,0.0,-0.2914378856550217,0.0,0.0,-0.21642082724729686,0.0,-0.0020777729190408684,-1.0721308262250882,0.0,sine,1,0.4,0.5,22,44,11.259826183319092,0.0
1779527406.403395,0.0,-0.21642082724729686,0.0,-0.0020777729190408684,-1.0721308262250882,0.0,0.1188,0.9504,-0.1584,0.0,-0.2998951703134533,0.0,0.0,-0.22514747350726852,0.0,0.0,-0.978631044868249,0.0020777729190408684,sine,1,0.4,0.5,22,44,11.26982045173645,0.0
1779527406.4133153,0.0,-0.22514747350726852,0.0,0.0,-0.978631044868249,0.0020777729190408684,-0.35639999999999994,1.3068,0.2376,0.0,-0.3080967720314181,0.0,0.0,-0.23561944901923448,0.0,0.0,-1.0077198657348212,0.0,sine,1,0.4,0.5,22,44,11.27986454963684,0.0
1779527406.423353,0.0,-0.23561944901923448,0.0,0.0,-1.0077198657348212,0.0,-0.0396,0.6732,0.198,0.0,-0.31589626880292915,0.0,0.0,-0.24434609527920614,0.0,0.0020777729190408684,-0.9370755864874316,0.0,sine,1,0.4,0.5,22,44,11.289784908294678,0.0
1779527406.4333816,0.0,-0.24434609527920614,0.0,0.0020777729190408684,-0.9370755864874316,0.0,-0.396,0.1584,-0.1584,0.0,-0.3234756910593453,0.0,0.0,-0.25481807079117214,0.0,-0.0020777729190408684,-0.9723977261111264,0.0,sine,1,0.4,0.5,22,44,11.299822568893433,0.0
1779527406.4433856,0.0,-0.25481807079117214,0.0,-0.0020777729190408684,-0.9723977261111264,0.0,-0.198,0.4752,-0.396,0.0,-0.33072706944974006,0.0,0.0,-0.2635447170511438,0.0,0.0,-0.9578533156778403,0.0,sine,1,0.4,0.5,22,44,11.309851169586182,0.0
1779527406.4533472,0.0,-0.2635447170511438,0.0,0.0,-0.9578533156778403,0.0,-0.27720000000000006,1.6236000000000002,0.1188,0.0,-0.33763364452644207,0.0,0.0,-0.27401669256310973,0.0,0.0,-0.9495422240016769,0.0,sine,1,0.4,0.5,22,44,11.319855213165283,0.0
1779527406.4633737,0.0,-0.27401669256310973,0.0,0.0,-0.9495422240016769,0.0,0.1584,0.5940000000000001,0.27720000000000006,0.0,-0.3441795760293892,0.0,0.0,-0.27401669256310973,0.0,0.0,-0.9495422240016769,0.0,sine,1,0.4,0.5,22,44,11.329816818237305,0.0
1779527406.4733787,0.0,-0.27401669256310973,0.0,0.0,-0.9495422240016769,0.0,0.1584,0.5940000000000001,0.27720000000000006,0.0,-0.3504277487478313,0.0,0.0,-0.291469985083053,0.0,0.0,-0.8788979447542873,0.0,sine,1,0.4,0.5,22,44,11.339843273162842,0.0
1779527406.4833457,0.0,-0.291469985083053,0.0,0.0,-0.8788979447542873,0.0,-0.198,1.2276,-0.35639999999999994,0.0,-0.3563160072654324,0.0,0.0,-0.30019663134302466,0.0,0.0,-0.8539646697257969,0.0,sine,1,0.4,0.5,22,44,11.34984827041626,0.0
1779527406.4933553,0.0,-0.30019663134302466,0.0,0.0,-0.8539646697257969,0.0,-0.2376,1.1483999999999999,0.27720000000000006,0.0,-0.3618319679890643,0.0,0.0,-0.30717794835100204,0.0,0.0020777729190408684,-0.7666982071260804,0.0,sine,1,0.4,0.5,22,44,11.3598153591156,0.0
1779527406.5033283,0.0,-0.30717794835100204,0.0,0.0020777729190408684,-0.7666982071260804,0.0,0.3168,0.1188,0.2376,0.0,-0.3670144006103686,0.0,0.0,-0.3141592653589793,0.0,0.0,-0.7625426612879987,0.0,sine,1,0.4,0.5,22,44,11.369824886322021,0.0
1779527406.5133338,0.0,-0.3141592653589793,0.0,0.0,-0.7625426612879987,0.0,-0.2376,1.2276,0.2376,0.0,-0.3718170445926233,0.0,0.0,-0.3211405823669567,0.0,0.0,-0.7002094737167727,0.0,sine,1,0.4,0.5,22,44,11.37979793548584,0.0
1779527406.52336,0.0,-0.3211405823669567,0.0,0.0,-0.7002094737167727,0.0,-0.198,0.9504,0.198,0.0,-0.3762685530409772,0.0,0.0,-0.32812189937493397,0.0,-0.0020777729190408684,-0.7085205653929361,0.0,sine,1,0.4,0.5,22,44,11.389803409576416,0.0
1779527406.5333672,0.0,-0.32812189937493397,0.0,-0.0020777729190408684,-0.7085205653929361,0.0,-0.0792,0.99,0.0792,0.0,-0.38035639205257926,0.0,0.0,-0.3351032163829113,0.0,0.0,-0.6918983820406092,0.0,sine,1,0.4,0.5,22,44,11.399829626083374,0.0
1779527406.5433495,0.0,-0.3351032163829113,0.0,0.0,-0.6918983820406092,0.0,0.0792,1.3464,0.1584,0.0,-0.3840601965559675,0.0,0.0,-0.3420845333908886,0.0,0.0,-0.6690428799311596,0.0020777729190408684,sine,1,0.4,0.5,22,44,11.409836769104004,0.0
1779527406.5533266,0.0,-0.3420845333908886,0.0,0.0,-0.6690428799311596,0.0020777729190408684,-0.1188,0.2376,0.1584,0.0,-0.3873766734956785,0.0,0.0,-0.3490658503988659,0.0,0.0,-0.631642967388424,0.0,sine,1,0.4,0.5,22,44,11.419819116592407,0.0
1779527406.5633445,0.0,-0.3490658503988659,0.0,0.0,-0.631642967388424,0.0,-0.1584,1.0296,0.27720000000000006,0.0,-0.39031076289774047,0.0,0.0,-0.35430183815484895,0.0,0.0,-0.5942430548456884,0.0,sine,1,0.4,0.5,22,44,11.42979621887207,0.0
1779527406.5733523,0.0,-0.35430183815484895,0.0,0.0,-0.5942430548456884,0.0,-0.1584,0.5544000000000001,0.0792,0.0,-0.3928710571665109,0.0,0.0,-0.35953782591083194,0.0,0.0020777729190408684,-0.552687596464871,0.0,sine,1,0.4,0.5,22,44,11.43981409072876,0.0
1779527406.5833888,0.0,-0.35953782591083194,0.0,0.0020777729190408684,-0.552687596464871,0.0,-0.1584,0.9107999999999999,0.27720000000000006,0.0,-0.3950402729284563,0.0,0.0,-0.3647738136668149,0.0,0.0,-0.47788777137939975,0.0,sine,1,0.4,0.5,22,44,11.449821949005127,0.0
1779527406.5934136,0.0,-0.3647738136668149,0.0,0.0,-0.47788777137939975,0.0,-0.1584,1.9008,0.1584,0.0,-0.39682354225655353,0.0,0.0,-0.36826447217080355,0.0,0.0,-0.46749890678419537,0.0,sine,1,0.4,0.5,22,44,11.459858417510986,0.0
1779527406.6033473,0.0,-0.36826447217080355,0.0,0.0,-0.46749890678419537,0.0,-0.1188,0.27720000000000006,0.198,0.0,-0.3982109466813002,0.0,0.0,-0.3735004599267866,0.0,0.0,-0.44256563175570496,0.0,sine,1,0.4,0.5,22,44,11.46988320350647,0.0
1779527406.6134064,0.0,-0.3735004599267866,0.0,0.0,-0.44256563175570496,0.0,-0.0792,1.0296,0.198,0.0,-0.3991961789230033,0.0,0.0,-0.37699111843077515,0.0,0.0,-0.39062130877968326,0.0,sine,1,0.4,0.5,22,44,11.479816913604736,0.0
1779527406.6233559,0.0,-0.37699111843077515,0.0,0.0,-0.39062130877968326,0.0,-0.1188,1.7028,0.1584,0.0,-0.39979770056559755,0.0,0.0,-0.38048177693476387,0.0,0.0,-0.36568803375119285,0.0,sine,1,0.4,0.5,22,44,11.48987603187561,0.0
1779527406.633366,0.0,-0.38048177693476387,0.0,0.0,-0.36568803375119285,0.0,-0.0792,0.3168,0.2376,0.0,-0.399999939878185,0.0,0.0,-0.3839724354387525,0.0,0.0,-0.3220548024513346,0.0,sine,1,0.4,0.5,22,44,11.499825477600098,0.0
1779527406.6433845,0.0,-0.3839724354387525,0.0,0.0,-0.3220548024513346,0.0,-0.1188,0.7524000000000001,0.1188,0.0,-0.3998090553455322,0.0,0.0,-0.38571776469074687,0.0,0.0020777729190408684,-0.28465488990859894,0.0,sine,1,0.4,0.5,22,44,11.509835720062256,0.0
1779527406.6533682,0.0,-0.38571776469074687,0.0,0.0020777729190408684,-0.28465488990859894,0.0,-0.0792,1.3068,0.198,0.0,-0.39922216410670197,0.0,0.0,-0.3892084231947355,0.0,0.0,-0.23271056693257725,-0.0020777729190408684,sine,1,0.4,0.5,22,44,11.519854068756104,0.0
1779527406.663313,0.0,-0.3892084231947355,0.0,0.0,-0.23271056693257725,-0.0020777729190408684,-0.0396,2.2176000000000005,0.1188,0.0,-0.3982439104108262,0.0,0.0,-0.3892084231947355,0.0,0.0,-0.23271056693257725,-0.0020777729190408684,sine,1,0.4,0.5,22,44,11.529837846755981,0.0
1779527406.6733475,0.0,-0.3892084231947355,0.0,0.0,-0.23271056693257725,-0.0020777729190408684,-0.0396,2.2176000000000005,0.1188,0.0,-0.3968800400031074,0.0,0.0,-0.39269908169872414,0.0,0.0,-0.17661069811847382,0.0,sine,1,0.4,0.5,22,44,11.539782524108887,0.0
1779527406.6834273,0.0,-0.39269908169872414,0.0,0.0,-0.17661069811847382,0.0,-0.0396,0.4356,0.0396,0.0,-0.3951112286308016,0.0,0.0,-0.39269908169872414,0.0,0.0,-0.17661069811847382,0.0,sine,1,0.4,0.5,22,44,11.549817085266113,0.0
1779527406.6934338,0.0,-0.39269908169872414,0.0,0.0,-0.17661069811847382,0.0,-0.0396,0.4356,0.0396,0.0,-0.39293914586680384,0.0,0.0,-0.39444441095071847,0.0,0.0020777729190408684,-0.09557755427587994,0.0,sine,1,0.4,0.5,22,44,11.55989694595337,0.0
1779527406.7033906,0.0,-0.39444441095071847,0.0,0.0020777729190408684,-0.09557755427587994,0.0,-0.0792,0.6336,0.2376,0.0,-0.39039317465047263,0.0,0.0,-0.39444441095071847,0.0,0.0,-0.07064427924738953,0.0,sine,1,0.4,0.5,22,44,11.569903373718262,0.0
1779527406.7133186,0.0,-0.39444441095071847,0.0,0.0,-0.07064427924738953,0.0,-0.0792,0.1188,0.1584,0.0,-0.38747691314073834,0.0,0.0,-0.39444441095071847,0.0,0.0,-0.014544410433286078,0.0,sine,1,0.4,0.5,22,44,11.579860210418701,0.0
1779527406.7234325,0.0,-0.39444441095071847,0.0,0.0,-0.014544410433286078,0.0,-0.0396,0.0396,0.198,0.0,-0.38419164484883256,0.0,0.0,-0.39444441095071847,0.0,0.0,0.004155545838081737,0.0,sine,1,0.4,0.5,22,44,11.58978819847107,0.0
1779527406.7333734,0.0,-0.39444441095071847,0.0,0.0,0.004155545838081737,0.0,0.0,0.0792,0.198,0.0,-0.3804605847012167,0.0,0.0,-0.39444441095071847,0.0,0.0,0.04155545838081737,0.0,sine,1,0.4,0.5,22,44,11.599902153015137,0.0
1779527406.7434626,0.0,-0.39444441095071847,0.0,0.0,0.04155545838081737,0.0,0.0,0.0,0.198,0.0,-0.3764190854268892,0.0,0.0,-0.39444441095071847,0.0,0.0,0.04155545838081737,0.0,sine,1,0.4,0.5,22,44,11.609843015670776,0.0
1779527406.753412,0.0,-0.39444441095071847,0.0,0.0,0.04155545838081737,0.0,0.0,0.0,0.198,0.0,-0.3719419618331777,0.0,0.0,-0.39269908169872414,0.0,0.0,0.09349978135683908,0.0,sine,1,0.4,0.5,22,44,11.619932174682617,0.0
1779527406.7634017,0.0,-0.39269908169872414,0.0,0.0,0.09349978135683908,0.0,-0.0792,0.2376,0.2376,0.0,-0.36716090467849793,0.0,0.0,-0.39269908169872414,0.0,0.0,0.09349978135683908,0.0,sine,1,0.4,0.5,22,44,11.629881620407104,0.0
1779527406.773375,0.0,-0.39269908169872414,0.0,0.0,0.09349978135683908,0.0,-0.0792,0.2376,0.2376,0.0,-0.36199962086858384,0.0,0.0,-0.3892084231947355,0.0,0.0,0.20777729190408684,0.0,sine,1,0.4,0.5,22,44,11.63987135887146,0.0
1779527406.7833486,0.0,-0.3892084231947355,0.0,0.0,0.20777729190408684,0.0,-0.0792,-1.5444,0.2376,0.0,-0.35649119662234097,0.0,0.0,-0.38571776469074687,0.0,0.0,0.2430994315277816,0.0020777729190408684,sine,1,0.4,0.5,22,44,11.649844646453857,0.0
1779527406.7937675,0.0,-0.38571776469074687,0.0,0.0,0.2430994315277816,0.0020777729190408684,-0.1188,-1.1483999999999999,0.198,0.0,-0.35063269131405916,0.0,0.0,-0.3839724354387525,0.0,0.0,0.3012770732609259,0.0,sine,1,0.4,0.5,22,44,11.659818172454834,0.0
1779527406.8034186,0.0,-0.3839724354387525,0.0,0.0,0.3012770732609259,0.0,0.0,0.7524000000000001,0.1188,0.0,-0.3441450699265455,0.0,0.0,-0.3787364476827696,0.0,0.0,0.38023244418447893,0.0,sine,1,0.4,0.5,22,44,11.670237064361572,0.0
1779527406.8134031,0.0,-0.3787364476827696,0.0,0.0,0.38023244418447893,0.0,0.0,-0.6336,0.198,0.0,-0.33780639615726843,0.0,0.0,-0.3752457891787808,0.0,0.0,0.4134768108891328,0.0,sine,1,0.4,0.5,22,44,11.679888248443604,0.0
1779527406.823351,0.0,-0.3752457891787808,0.0,0.0,0.4134768108891328,0.0,0.0,-1.584,0.0792,0.0,-0.33092209023510877,0.0,0.0,-0.3752457891787808,0.0,0.0,0.4134768108891328,0.0,sine,1,0.4,0.5,22,44,11.689872741699219,0.0
1779527406.8333457,0.0,-0.3752457891787808,0.0,0.0,0.4134768108891328,0.0,0.0,-1.584,0.0792,0.0,-0.3237393172153078,0.0,0.0,-0.3665191429188092,0.0,0.0,0.4280212213224189,0.0,sine,1,0.4,0.5,22,44,11.699820518493652,0.0
1779527406.8433535,0.0,-0.3665191429188092,0.0,0.0,0.4280212213224189,0.0,0.0,-0.8712,-0.1584,0.0,-0.3162042358922287,0.0,0.0,-0.36302848441482055,0.0,0.0,0.44256563175570496,0.0,sine,1,0.4,0.5,22,44,11.709815263748169,0.0
1779527406.8533928,0.0,-0.36302848441482055,0.0,0.0,0.44256563175570496,0.0,-0.0396,-1.584,0.198,0.0,-0.30834693065432767,0.0,0.0,-0.3577924966588375,0.0,0.0,0.473732225541318,0.0,sine,1,0.4,0.5,22,44,11.719823122024536,0.0
1779527406.8633504,0.0,-0.3577924966588375,0.0,0.0,0.473732225541318,0.0,0.0,0.27720000000000006,0.1584,0.0,-0.30015870658312754,0.0,0.0,-0.3525565089028546,0.0,0.0,0.5672320068981571,0.0,sine,1,0.4,0.5,22,44,11.729862451553345,0.0
1779527406.8733153,0.0,-0.3525565089028546,0.0,0.0,0.5672320068981571,0.0,0.0,-1.4652,0.0792,0.0,-0.2917422422293804,0.0,0.0,-0.3455751918948773,0.0,0.0020777729190408684,0.6295651944693831,0.0,sine,1,0.4,0.5,22,44,11.739820003509521,0.0
1779527406.8833518,0.0,-0.3455751918948773,0.0,0.0020777729190408684,0.6295651944693831,0.0,-0.0396,0.396,0.198,0.0,-0.2830337394653718,0.0,0.0,-0.33859387488689996,0.0,0.0,0.6046319194408927,0.0,sine,1,0.4,0.5,22,44,11.74978494644165,0.0
1779527406.8934243,0.0,-0.33859387488689996,0.0,0.0,0.6046319194408927,0.0,-0.0396,-1.5048000000000001,-0.1188,0.0,-0.27398239192590074,0.0,0.0,-0.33335788713091696,0.0,0.0,0.6108652381980153,0.0020777729190408684,sine,1,0.4,0.5,22,44,11.75982141494751,0.0
1779527406.9033155,0.0,-0.33335788713091696,0.0,0.0,0.6108652381980153,0.0020777729190408684,-0.1188,0.0396,0.35639999999999994,0.0,-0.2646247575923091,0.0,0.0,-0.32637657012293964,0.0,0.0,0.6981317007977318,0.0,sine,1,0.4,0.5,22,44,11.769893884658813,0.0
1779527406.913344,0.0,-0.32637657012293964,0.0,0.0,0.6981317007977318,0.0,0.0,-1.3860000000000001,0.198,0.0,-0.2551775614487383,0.0,0.0,-0.317649923862968,0.0,0.0,0.7604648883689579,0.0,sine,1,0.4,0.5,22,44,11.77978515625,0.0
1779527406.9233754,0.0,-0.317649923862968,0.0,0.0,0.7604648883689579,0.0,0.0,0.35639999999999994,0.0792,0.0,-0.2453479439355769,0.0,0.0,-0.317649923862968,0.0,0.0,0.7604648883689579,0.0,sine,1,0.4,0.5,22,44,11.78981351852417,0.0
1779527406.9333966,0.0,-0.317649923862968,0.0,0.0,0.7604648883689579,0.0,0.0,0.35639999999999994,0.0792,0.0,-0.2352716724322651,0.0,0.0,-0.301941960595019,0.0,0.0,0.8352647134544291,0.0,sine,1,0.4,0.5,22,44,11.799844980239868,0.0
1779527406.9433436,0.0,-0.301941960595019,0.0,0.0,0.8352647134544291,0.0,0.0,-1.2672,0.1188,0.0,-0.2249724054150185,0.0,0.0,-0.2932153143350474,0.0,0.0,0.8705868530781239,-0.0020777729190408684,sine,1,0.4,0.5,22,44,11.809866189956665,0.0
1779527406.9533813,0.0,-0.2932153143350474,0.0,0.0,0.8705868530781239,-0.0020777729190408684,0.0,0.0,0.27720000000000006,0.0,-0.21452882382732646,0.0,0.0,-0.2844886680750757,0.0,0.0020777729190408684,0.899675673944696,0.0020777729190408684,sine,1,0.4,0.5,22,44,11.819813251495361,0.0
1779527406.9634335,0.0,-0.2844886680750757,0.0,0.0020777729190408684,0.899675673944696,0.0020777729190408684,0.0396,-0.3168,0.198,0.0,-0.2037778034521309,0.0,0.0,-0.27576202181510406,0.0,0.0,0.9225311760541456,0.0,sine,1,0.4,0.5,22,44,11.829850912094116,0.0
1779527406.9733465,0.0,-0.27576202181510406,0.0,0.0,0.9225311760541456,0.0,-0.0396,-1.7028,0.2376,0.0,-0.19280814907159485,0.0,0.0,-0.26529004630313807,0.0,0.0,0.9391533594064725,0.0,sine,1,0.4,0.5,22,44,11.839903116226196,0.0
1779527406.983351,0.0,-0.26529004630313807,0.0,0.0,0.9391533594064725,0.0,0.0,-1.0692,0.198,0.0,-0.18180209523768404,0.0,0.0,-0.25656340004316647,0.0,0.0020777729190408684,0.8664313072400421,0.0,sine,1,0.4,0.5,22,44,11.849816083908081,0.0
1779527406.9934316,0.0,-0.25656340004316647,0.0,0.0020777729190408684,0.8664313072400421,0.0,-0.0396,0.198,-0.1584,0.0,-0.17051566948406863,0.0,0.0,-0.2478367537831948,0.0,0.0020777729190408684,0.8539646697257969,0.0,sine,1,0.4,0.5,22,44,11.85982060432434,0.0
1779527407.0033526,0.0,-0.2478367537831948,0.0,0.0020777729190408684,0.8539646697257969,0.0,-0.1188,-1.0296,-0.1584,0.0,-0.15897311586025642,0.0,0.0,-0.23911010752322315,0.0,0.0,0.947464451082636,0.0,sine,1,0.4,0.5,22,44,11.869901180267334,0.0
1779527407.0133734,0.0,-0.23911010752322315,0.0,0.0,0.947464451082636,0.0,-0.0396,-1.0296,0.3168,0.0,-0.14745747482601387,0.0,0.0,-0.22863813201125718,0.0,0.0,1.0181087303300256,0.0020777729190408684,sine,1,0.4,0.5,22,44,11.879822254180908,0.0
1779527407.0234706,0.0,-0.22863813201125718,0.0,0.0,1.0181087303300256,0.0020777729190408684,-0.0396,-0.792,-0.1188,0.0,-0.13568079517163617,0.0,0.0,-0.2181661564992912,0.0,0.0,1.0534308699537203,0.0,sine,1,0.4,0.5,22,44,11.889842987060547,0.0
1779527407.0333743,0.0,-0.2181661564992912,0.0,0.0,1.0534308699537203,0.0,0.0396,0.1188,0.35639999999999994,0.0,-0.12367820200713893,0.0,0.0,-0.2076941809873252,0.0,0.0,0.9973310011396168,0.0,sine,1,0.4,0.5,22,44,11.899940252304077,0.0
1779527407.0433471,0.0,-0.2076941809873252,0.0,0.0,0.9973310011396168,0.0,0.0,0.4752,0.3168,0.0,-0.11178477506619551,0.0,0.0,-0.1989675347273536,0.0,-0.0020777729190408684,0.9869421365444124,0.0,sine,1,0.4,0.5,22,44,11.909843921661377,0.0
1779527407.0533528,0.0,-0.1989675347273536,0.0,-0.0020777729190408684,0.9869421365444124,0.0,-0.0396,-1.3860000000000001,0.35639999999999994,0.0,-0.09969900389126073,0.0,0.0,-0.18849555921538758,0.0,-0.0020777729190408684,0.9931754553015351,0.0,sine,1,0.4,0.5,22,44,11.919816732406616,0.0
1779527407.0633574,0.0,-0.18849555921538758,0.0,-0.0020777729190408684,0.9931754553015351,0.0,0.0,-1.9008,0.35639999999999994,0.0,-0.08747503176422917,0.0,0.0,-0.17802358370342164,0.0,-0.0020777729190408684,1.1074529658487828,0.0,sine,1,0.4,0.5,22,44,11.929822444915771,0.0
1779527407.073345,0.0,-0.17802358370342164,0.0,-0.0020777729190408684,1.1074529658487828,0.0,0.1584,-2.1780000000000004,0.3168,0.0,-0.07516610503432902,0.0,0.0,-0.1658062789394613,0.0,0.0,1.0679752803870064,0.0,sine,1,0.4,0.5,22,44,11.939826965332031,0.0
1779527407.0833454,0.0,-0.1658062789394613,0.0,0.0,1.0679752803870064,0.0,-0.0396,-0.7127999999999999,0.198,0.0,-0.06280393961144427,0.0,0.0,-0.15533430342749532,0.0,0.0020777729190408684,1.057586415791802,0.0,sine,1,0.4,0.5,22,44,11.949814558029175,0.0
1779527407.0933557,0.0,-0.15533430342749532,0.0,0.0020777729190408684,1.057586415791802,0.0,0.0,0.2376,0.27720000000000006,0.0,-0.050363898067788786,0.0,0.0,-0.14486232791552936,0.0,0.0020777729190408684,1.0679752803870064,0.0020777729190408684,sine,1,0.4,0.5,22,44,11.95981502532959,0.0
1779527407.1033397,0.0,-0.14486232791552936,0.0,0.0020777729190408684,1.0679752803870064,0.0020777729190408684,-0.1188,0.3168,-0.198,0.0,-0.037861920132084836,0.0,0.0,-0.1343903524035634,0.0,0.0,1.184330563853295,0.0,sine,1,0.4,0.5,22,44,11.969825267791748,0.0
1779527407.1133518,0.0,-0.1343903524035634,0.0,0.0,1.184330563853295,0.0,0.0,0.5940000000000001,0.35639999999999994,0.0,-0.025355390903624826,0.0,0.0,-0.12042771838760874,0.0,0.0,1.2591303889387662,0.0,sine,1,0.4,0.5,22,44,11.979809284210205,0.0
1779527407.123324,0.0,-0.12042771838760874,0.0,0.0,1.2591303889387662,0.0,0.0396,0.27720000000000006,0.27720000000000006,0.0,-0.01278858354540419,0.0,0.0,-0.10821041362364843,0.0,0.0,1.2902969827243793,0.0,sine,1,0.4,0.5,22,44,11.989821434020996,0.0
1779527407.133352,0.0,-0.10821041362364843,0.0,0.0,1.2902969827243793,0.0,0.0396,0.0,-0.27720000000000006,0.0,-0.00025945845100836044,0.0,0.0,-0.09424777960769379,0.0,0.0,1.296530301481502,0.0,sine,1,0.4,0.5,22,44,11.999793529510498,0.0
1779527407.1433642,0.0,-0.09424777960769379,0.0,0.0,1.296530301481502,0.0,-0.0792,0.1584,0.198,0.0,0.012340295269081238,0.0,0.0,-0.08377580409572782,0.0,0.0,1.1926416555294586,0.0,sine,1,0.4,0.5,22,44,12.009821653366089,0.0
1779527407.1533973,0.0,-0.08377580409572782,0.0,0.0,1.1926416555294586,0.0,-0.0396,-0.198,-0.2376,0.0,0.024907767426246296,0.0,0.0,-0.07155849933176751,0.0,0.0,1.2466637514245211,0.0020777729190408684,sine,1,0.4,0.5,22,44,12.01983380317688,0.0
1779527407.1633658,0.0,-0.07155849933176751,0.0,0.0,1.2466637514245211,0.0020777729190408684,0.0792,-0.35639999999999994,-0.396,0.0,0.037476848262966496,0.0,0.0,-0.05759586531581287,0.0,0.0,1.277830345210134,0.0,sine,1,0.4,0.5,22,44,12.029866933822632,0.0
1779527407.1733525,0.0,-0.05759586531581287,0.0,0.0,1.277830345210134,0.0,0.0396,0.1188,0.396,0.0,0.04992814140894305,0.0,0.0,-0.04537856055185257,0.0,0.0,1.2861414368862976,0.0,sine,1,0.4,0.5,22,44,12.039835453033447,0.0
1779527407.1833239,0.0,-0.04537856055185257,0.0,0.0,1.2861414368862976,0.0,0.0396,0.0396,-0.4752,0.0,0.06235296300336304,0.0,0.0,-0.031415926535897934,0.0,0.0,1.3006858473195837,0.0,sine,1,0.4,0.5,22,44,12.049822092056274,0.0
1779527407.1933732,0.0,-0.031415926535897934,0.0,0.0,1.3006858473195837,0.0,0.0396,0.1188,-0.4356,0.0,0.0746975766975047,0.0,0.0,-0.020943951023931956,0.0,0.0,1.2051082930437036,0.0,sine,1,0.4,0.5,22,44,12.059793472290039,0.0
1779527407.2033556,0.0,-0.020943951023931956,0.0,0.0,1.2051082930437036,0.0,-0.0792,0.1584,-0.4356,0.0,0.08706451895018197,0.0,0.0,-0.006981317007977318,0.0,0.0,1.261208161857807,0.0020777729190408684,sine,1,0.4,0.5,22,44,12.06984281539917,0.0
1779527407.213857,0.0,-0.006981317007977318,0.0,0.0,1.261208161857807,0.0020777729190408684,0.1188,0.5148,-0.35639999999999994,0.0,0.09926313556877467,0.0,0.0,0.003490658503988659,0.0,-0.0020777729190408684,1.2840636639672567,0.0,sine,1,0.4,0.5,22,44,12.079825162887573,0.0
1779527407.2233562,0.0,0.003490658503988659,0.0,-0.0020777729190408684,1.2840636639672567,0.0,0.0,0.4752,-0.35639999999999994,0.0,0.11199044190855688,0.0,0.0,0.015707963267948967,0.0,0.0020777729190408684,1.2861414368862976,0.0,sine,1,0.4,0.5,22,44,12.09032654762268,0.0
1779527407.233349,0.0,0.015707963267948967,0.0,0.0020777729190408684,1.2861414368862976,0.0,0.0396,0.35639999999999994,-0.3168,0.0,0.12339865771387518,0.0,0.0,0.029670597283903605,0.0,0.0,1.2695192535339705,0.0020777729190408684,sine,1,0.4,0.5,22,44,12.099825859069824,0.0
1779527407.2434123,0.0,0.029670597283903605,0.0,0.0,1.2695192535339705,0.0020777729190408684,-0.0396,0.27720000000000006,-0.5544000000000001,0.0,0.13528078328978868,0.0,0.0,0.04014257279586959,0.0,0.0,1.1780972450961724,0.0,sine,1,0.4,0.5,22,44,12.109818696975708,0.0
1779527407.25416,0.0,0.04014257279586959,0.0,0.0,1.1780972450961724,0.0,0.0396,0.0,-0.4752,0.0,0.14711178692462132,0.0,0.0,0.05235987755982988,0.0,-0.0020777729190408684,1.2362748868293167,0.0,sine,1,0.4,0.5,22,44,12.119881868362427,0.0
1779527407.2633557,0.0,0.05235987755982988,0.0,-0.0020777729190408684,1.2362748868293167,0.0,-0.1188,0.0792,-0.4356,0.0,0.15958488321072048,0.0,0.0,0.06632251157578452,0.0,0.0,1.2695192535339705,0.0,sine,1,0.4,0.5,22,44,12.130629539489746,0.0
1779527407.2733872,0.0,0.06632251157578452,0.0,0.0,1.2695192535339705,0.0,0.0396,-0.0396,-0.396,0.0,0.17011310037565558,0.0,0.0,0.07853981633974483,0.0,0.0,1.2757525722910932,0.0,sine,1,0.4,0.5,22,44,12.139825344085693,0.0
1779527407.2833426,0.0,0.07853981633974483,0.0,0.0,1.2757525722910932,0.0,-0.198,-0.2376,-0.3168,0.0,0.18143585101721604,0.0,0.0,0.08901179185171082,0.0,0.0,1.1573195159057637,0.0,sine,1,0.4,0.5,22,44,12.149856805801392,0.0
1779527407.2933924,0.0,0.08901179185171082,0.0,0.0,1.1573195159057637,0.0,0.0,-0.0792,-0.5940000000000001,0.0,0.19249464406509914,0.0,0.0,0.10122909661567113,0.0,0.004155545838081737,1.119919603363028,0.0,sine,1,0.4,0.5,22,44,12.159812211990356,0.0
1779527407.3033338,0.0,0.10122909661567113,0.0,0.004155545838081737,1.119919603363028,0.0,0.0,-0.8316,-0.4752,0.0,0.20346731535634466,0.0,0.0,0.1117010721276371,0.0,0.0,1.0908307824964558,0.0,sine,1,0.4,0.5,22,44,12.169862031936646,0.0
1779527407.3133447,0.0,0.1117010721276371,0.0,0.0,1.0908307824964558,0.0,-0.0396,-1.2672,-0.396,0.0,0.21412205149241725,0.0,0.0,0.12217304763960307,0.0,0.0,1.0825196908202923,0.0,sine,1,0.4,0.5,22,44,12.179803371429443,0.0
1779527407.3233607,0.0,0.12217304763960307,0.0,0.0,1.0825196908202923,0.0,-0.0396,-1.5444,-0.3168,0.0,0.22464033773996267,0.0,0.0,0.1343903524035634,0.0,0.0,1.167708380500968,0.0,sine,1,0.4,0.5,22,44,12.189814329147339,0.0
1779527407.3333902,0.0,0.1343903524035634,0.0,0.0,1.167708380500968,0.0,0.0396,-1.1088000000000002,-0.3168,0.0,0.23494153712642368,0.0,0.0,0.1466076571675237,0.0,0.0,1.2196527034769897,0.0,sine,1,0.4,0.5,22,44,12.199830293655396,0.0
1779527407.3433552,0.0,0.1466076571675237,0.0,0.0,1.2196527034769897,0.0,0.0396,-1.6632,-0.35639999999999994,0.0,0.24502363546702602,0.0,0.0,0.1466076571675237,0.0,0.0,1.2196527034769897,0.0,sine,1,0.4,0.5,22,44,12.209859848022461,0.0
1779527407.3533995,0.0,0.1466076571675237,0.0,0.0,1.2196527034769897,0.0,0.0396,-1.6632,-0.35639999999999994,0.0,0.25479991016142556,0.0,0.0,0.1710422666954443,0.0,0.0,1.2030305201246627,0.0020777729190408684,sine,1,0.4,0.5,22,44,12.21982479095459,0.0
1779527407.3633716,0.0,0.1710422666954443,0.0,0.0,1.2030305201246627,0.0020777729190408684,-0.0792,-2.2572,-0.4752,0.0,0.26440136086962424,0.0,0.0,0.18151424220741028,0.0,-0.0020777729190408684,1.1780972450961724,0.0,sine,1,0.4,0.5,22,44,12.22986912727356,0.0
1779527407.3733428,0.0,0.18151424220741028,0.0,-0.0020777729190408684,1.1780972450961724,0.0,-0.1188,-2.2176000000000005,-0.4752,0.0,0.27367336058427433,0.0,0.0,0.19198621771937624,0.0,0.0,1.0658975074679655,0.0,sine,1,0.4,0.5,22,44,12.239841222763062,0.0
1779527407.3834937,0.0,0.19198621771937624,0.0,0.0,1.0658975074679655,0.0,0.0,-0.8712,-0.4752,0.0,0.28267593490044957,0.0,0.0,0.19198621771937624,0.0,0.0,1.0658975074679655,0.0,sine,1,0.4,0.5,22,44,12.249812364578247,0.0
1779527407.3933654,0.0,0.19198621771937624,0.0,0.0,1.0658975074679655,0.0,0.0,-0.8712,-0.4752,0.0,0.29155585632311454,0.0,0.0,0.21293016874330822,0.0,0.0020777729190408684,1.009797638653862,0.0,sine,1,0.4,0.5,22,44,12.259963274002075,0.0
1779527407.403412,0.0,0.21293016874330822,0.0,0.0020777729190408684,1.009797638653862,0.0,-0.0792,0.0396,-0.4752,0.0,0.29990726382923705,0.0,0.0,0.2234021442552742,0.0,0.0020777729190408684,1.0471975511965976,0.0,sine,1,0.4,0.5,22,44,12.269834995269775,0.0
1779527407.4133859,0.0,0.2234021442552742,0.0,0.0020777729190408684,1.0471975511965976,0.0,0.0792,-1.2672,-0.396,0.0,0.30811052891337676,0.0,0.0,0.23387411976724018,0.0,0.0,1.0555086428727611,0.0,sine,1,0.4,0.5,22,44,12.279881715774536,0.0
1779527407.4233594,0.0,0.23387411976724018,0.0,0.0,1.0555086428727611,0.0,-0.0396,-1.6632,-0.5148,0.0,0.3159506629752575,0.0,0.0,0.24434609527920614,0.0,0.0,1.0471975511965976,0.0,sine,1,0.4,0.5,22,44,12.289855480194092,0.0
1779527407.4333487,0.0,0.24434609527920614,0.0,0.0,1.0471975511965976,0.0,0.0396,-1.98,-0.5940000000000001,0.0,0.32348044944212023,0.0,0.0,0.25481807079117214,0.0,0.0,1.011875411572903,0.0,sine,1,0.4,0.5,22,44,12.299829006195068,0.0
1779527407.443461,0.0,0.25481807079117214,0.0,0.0,1.011875411572903,0.0,0.0396,-0.4356,-0.4752,0.0,0.3307038120356937,0.0,0.0,0.26529004630313807,0.0,-0.0020777729190408684,0.978631044868249,0.0,sine,1,0.4,0.5,22,44,12.309818267822266,0.0
1779527407.4533465,0.0,0.26529004630313807,0.0,-0.0020777729190408684,0.978631044868249,0.0,-0.0792,0.0396,-0.5940000000000001,0.0,0.33768440102732233,0.0,0.0,0.27401669256310973,0.0,-0.0020777729190408684,0.9433089052445542,0.0,sine,1,0.4,0.5,22,44,12.31993055343628,0.0
1779527407.4633663,0.0,0.27401669256310973,0.0,-0.0020777729190408684,0.9433089052445542,0.0,0.0,-1.0296,-0.5940000000000001,0.0,0.34417911804836293,0.0,0.0,0.28274333882308134,0.0,0.0,0.9059089927018186,0.0,sine,1,0.4,0.5,22,44,12.329816102981567,0.0
1779527407.4733846,0.0,0.28274333882308134,0.0,0.0,0.9059089927018186,0.0,0.0,-1.2672,-0.5544000000000001,0.0,0.3504232702271298,0.0,0.0,0.291469985083053,0.0,0.0,0.8726646259971648,0.0,sine,1,0.4,0.5,22,44,12.33983588218689,0.0
1779527407.483515,0.0,0.291469985083053,0.0,0.0,0.8726646259971648,0.0,-0.0396,-0.0792,-0.396,0.0,0.3563194108364364,0.0,0.0,0.30019663134302466,0.0,0.0,0.8477313509686742,0.0020777729190408684,sine,1,0.4,0.5,22,44,12.349854230880737,0.0
1779527407.493371,0.0,0.30019663134302466,0.0,0.0,0.8477313509686742,0.0020777729190408684,0.0,-0.4752,-0.4752,0.0,0.361922600220178,0.0,0.0,0.30717794835100204,0.0,0.0,0.8186425301021021,0.0,sine,1,0.4,0.5,22,44,12.359984636306763,0.0
1779527407.5033462,0.0,0.30717794835100204,0.0,0.0,0.8186425301021021,0.0,0.0,-1.584,-0.6732,0.0,0.3670222633353035,0.0,0.0,0.31590459461097364,0.0,0.0,0.7853981633974483,0.0,sine,1,0.4,0.5,22,44,12.369840621948242,0.0
1779527407.5133557,0.0,0.31590459461097364,0.0,0.0,0.7853981633974483,0.0,0.0396,0.0396,-0.5940000000000001,0.0,0.3718253291808378,0.0,0.0,0.32288591161895097,0.0,0.0,0.758387115449917,0.0,sine,1,0.4,0.5,22,44,12.379815816879272,0.0
1779527407.5235343,0.0,0.32288591161895097,0.0,0.0,0.758387115449917,0.0,0.0,-1.4255999999999998,-0.5940000000000001,0.0,0.37627790503922764,0.0,0.0,0.3298672286269283,0.0,0.0,0.7189094299881404,0.0,sine,1,0.4,0.5,22,44,12.389825344085693,0.0
1779527407.533377,0.0,0.3298672286269283,0.0,0.0,0.7189094299881404,0.0,0.0,-0.8712,-0.6336,0.0,0.38042412485431554,0.0,0.0,0.3368485456349056,0.0,0.0,0.6877428362025274,0.0,sine,1,0.4,0.5,22,44,12.400003910064697,0.0
1779527407.5433455,0.0,0.3368485456349056,0.0,0.0,0.6877428362025274,0.0,-0.0396,-0.35639999999999994,0.6732,0.0,0.38406362950297307,0.0,0.0,0.34382986264288296,0.0,0.0,0.6461873778217101,0.0,sine,1,0.4,0.5,22,44,12.409846544265747,0.0
1779527407.5533953,0.0,0.34382986264288296,0.0,0.0,0.6461873778217101,0.0,0.0,-1.1088000000000002,-0.6336,0.0,0.3873754040099793,0.0,0.0,0.3490658503988659,0.0,0.0,0.6108652381980153,0.0,sine,1,0.4,0.5,22,44,12.419815063476562,0.0
1779527407.5633647,0.0,0.3490658503988659,0.0,0.0,0.6108652381980153,0.0,0.0,-0.35639999999999994,-0.4752,0.0,0.39032963052165204,0.0,0.0,0.35430183815484895,0.0,-0.0020777729190408684,0.5817764173314431,0.0,sine,1,0.4,0.5,22,44,12.429864883422852,0.0
1779527407.5734727,0.0,0.35430183815484895,0.0,-0.0020777729190408684,0.5817764173314431,0.0,-0.1584,-0.9504,-0.6732,0.0,0.39287584292184835,0.0,0.0,0.35953782591083194,0.0,-0.0020777729190408684,0.5402209589506258,0.0,sine,1,0.4,0.5,22,44,12.439834356307983,0.0
1779527407.583339,0.0,0.35953782591083194,0.0,-0.0020777729190408684,0.5402209589506258,0.0,-0.0792,-1.2672,-0.5940000000000001,0.0,0.39506399692016914,0.0,0.0,0.3647738136668149,0.0,0.0,0.49450995473172665,0.0,sine,1,0.4,0.5,22,44,12.449942350387573,0.0
1779527407.5933561,0.0,0.3647738136668149,0.0,0.0,0.49450995473172665,0.0,0.0396,0.396,0.5148,0.0,0.3968156616995814,0.0,0.0,0.3700098014227979,0.0,0.0,0.45087672343186846,0.0,sine,1,0.4,0.5,22,44,12.459808588027954,0.0
1779527407.6033676,0.0,0.3700098014227979,0.0,0.0,0.45087672343186846,0.0,0.0,-1.3068,-0.396,0.0,0.39820411873109857,0.0,0.0,0.3735004599267866,0.0,0.0020777729190408684,0.4134768108891328,0.0,sine,1,0.4,0.5,22,44,12.469825744628906,0.0
1779527407.613342,0.0,0.3735004599267866,0.0,0.0020777729190408684,0.4134768108891328,0.0,-0.0396,-0.99,-0.5148,0.0,0.39919779178604625,0.0,0.0,0.37699111843077515,0.0,0.0,0.3739991254273563,0.0,sine,1,0.4,0.5,22,44,12.47983717918396,0.0
1779527407.623495,0.0,0.37699111843077515,0.0,0.0,0.3739991254273563,0.0,0.0,0.396,0.6336,0.0,0.3997951199744061,0.0,0.0,0.38048177693476387,0.0,0.0,0.35322139623694765,0.0,sine,1,0.4,0.5,22,44,12.489811658859253,0.0
1779527407.633375,0.0,0.38048177693476387,0.0,0.0,0.35322139623694765,0.0,-0.0396,-1.1088000000000002,-0.6336,0.0,0.39999999754227455,0.0,0.0,0.3839724354387525,0.0,0.0,0.31997702953229373,0.0020777729190408684,sine,1,0.4,0.5,22,44,12.499964714050293,0.0
1779527407.6433973,0.0,0.3839724354387525,0.0,0.0,0.31997702953229373,0.0020777729190408684,0.0,-1.8215999999999999,0.5544000000000001,0.0,0.3998087127093259,0.0,0.0,0.38571776469074687,0.0,0.0,0.2763437982324355,0.0,sine,1,0.4,0.5,22,44,12.509844541549683,0.0
1779527407.6533432,0.0,0.38571776469074687,0.0,0.0,0.2763437982324355,0.0,-0.0396,-0.5940000000000001,0.4356,0.0,0.399221155313647,0.0,0.0,0.3892084231947355,0.0,-0.0020777729190408684,0.23894388568969988,0.0,sine,1,0.4,0.5,22,44,12.519866943359375,0.0
1779527407.663379,0.0,0.3892084231947355,0.0,-0.0020777729190408684,0.23894388568969988,0.0,0.0,0.0792,-0.4752,0.0,0.39824685373920143,0.0,0.0,0.3909537524467298,0.0,0.0,0.19531065438984163,0.0,sine,1,0.4,0.5,22,44,12.529812812805176,0.0
1779527407.673354,0.0,0.3909537524467298,0.0,0.0,0.19531065438984163,0.0,-0.0396,0.0792,-0.5940000000000001,0.0,0.3968696862173309,0.0,0.0,0.39269908169872414,0.0,0.0,0.15375519600902426,0.0,sine,1,0.4,0.5,22,44,12.539848566055298,0.0
1779527407.6833606,0.0,0.39269908169872414,0.0,0.0,0.15375519600902426,0.0,0.0,-0.3168,-0.5148,0.0,0.3951099676880536,0.0,0.0,0.39269908169872414,0.0,0.0,0.1246663751424521,0.0,sine,1,0.4,0.5,22,44,12.549823522567749,0.0
1779527407.6933608,0.0,0.39269908169872414,0.0,0.0,0.1246663751424521,0.0,-0.0396,1.0692,-0.4752,0.0,0.3929548298845409,0.0,0.0,0.39444441095071847,0.0,0.0,0.09142200843779821,-0.0020777729190408684,sine,1,0.4,0.5,22,44,12.55983018875122,0.0
1779527407.703363,0.0,0.39444441095071847,0.0,0.0,0.09142200843779821,-0.0020777729190408684,0.0,0.9504,0.396,0.0,0.39041313645951425,0.0,0.0,0.39444441095071847,0.0,0.0,0.06025541465218518,0.0,sine,1,0.4,0.5,22,44,12.569830417633057,0.0
1779527407.7133605,0.0,0.39444441095071847,0.0,0.0,0.06025541465218518,0.0,0.0,1.6236000000000002,0.4356,0.0,0.3874855399251684,0.0,0.0,0.39444441095071847,0.0,0.0,0.020777729190408684,0.0,sine,1,0.4,0.5,22,44,12.579832553863525,0.0
1779527407.7233777,0.0,0.39444441095071847,0.0,0.0,0.020777729190408684,0.0,-0.0792,1.5048000000000001,-0.4752,0.0,0.3841769638418003,0.0,0.0,0.39444441095071847,0.0,0.0,0.0,0.0,sine,1,0.4,0.5,22,44,12.589830160140991,0.0
1779527407.733378,0.0,0.39444441095071847,0.0,0.0,0.0,0.0,-0.0396,1.584,0.4356,0.0,0.38048185305145227,0.0,0.0,0.39444441095071847,0.0,0.0,-0.04778877713793997,0.0,sine,1,0.4,0.5,22,44,12.599847316741943,0.0
1779527407.743345,0.0,0.39444441095071847,0.0,0.0,-0.04778877713793997,0.0,-0.1188,2.2967999999999997,-0.396,0.0,0.3764171597625427,0.0,0.0,0.39269908169872414,0.0,0.0,-0.10388864595204342,0.0,sine,1,0.4,0.5,22,44,12.60984754562378,0.0
1779527407.753377,0.0,0.39269908169872414,0.0,0.0,-0.10388864595204342,0.0,-0.0792,1.3860000000000001,-0.4356,0.0,0.3719962812571983,0.0,0.0,0.3909537524467298,0.0,0.0,-0.15583296892806514,0.0,sine,1,0.4,0.5,22,44,12.61981463432312,0.0
1779527407.7633476,0.0,0.3909537524467298,0.0,0.0,-0.15583296892806514,0.0,-0.1584,0.5940000000000001,0.27720000000000006,0.0,0.3671783786174875,0.0,0.0,0.3892084231947355,0.0,0.0,-0.19323288147080075,-0.0020777729190408684,sine,1,0.4,0.5,22,44,12.629846572875977,0.0
1779527407.773343,0.0,0.3892084231947355,0.0,0.0,-0.19323288147080075,-0.0020777729190408684,-0.1188,0.5544000000000001,0.4752,0.0,0.3620285482162752,0.0,0.0,0.3874630939427412,0.0,0.0,-0.24102165860874072,-0.0020777729190408684,sine,1,0.4,0.5,22,44,12.639817237854004,0.0
1779527407.7833755,0.0,0.3874630939427412,0.0,0.0,-0.24102165860874072,-0.0020777729190408684,-0.0792,0.5544000000000001,0.4356,0.0,0.3565094037923048,0.0,0.0,0.3839724354387525,0.0,0.0,-0.27218825239435374,0.0,sine,1,0.4,0.5,22,44,12.649812698364258,0.0
1779527407.7933433,0.0,0.3839724354387525,0.0,0.0,-0.27218825239435374,0.0,-0.1188,1.7424,-0.3168,0.0,0.35061639702750336,0.0,0.0,0.3822271061867582,0.0,0.0020777729190408684,-0.2763437982324355,0.0,sine,1,0.4,0.5,22,44,12.659845113754272,0.0
1779527407.8033524,0.0,0.3822271061867582,0.0,0.0020777729190408684,-0.2763437982324355,0.0,-0.198,1.584,0.396,0.0,0.344416424186235,0.0,0.0,0.3787364476827696,0.0,0.0,-0.33867698580366157,0.0,sine,1,0.4,0.5,22,44,12.66981291770935,0.0
1779527407.8133812,0.0,0.3787364476827696,0.0,0.0,-0.33867698580366157,0.0,-0.1188,0.5148,-0.5148,0.0,0.3378509933498617,0.0,0.0,0.3752457891787808,0.0,0.0,-0.34283253164174327,0.0,sine,1,0.4,0.5,22,44,12.679821968078613,0.0
1779527407.8233457,0.0,0.3752457891787808,0.0,0.0,-0.34283253164174327,0.0,-0.2376,0.7127999999999999,0.2376,0.0,0.33093757344122127,0.0,0.0,0.3700098014227979,0.0,0.0,-0.4072434921320102,0.0,sine,1,0.4,0.5,22,44,12.689850807189941,0.0
1779527407.833361,0.0,0.3700098014227979,0.0,0.0,-0.4072434921320102,0.0,-0.1584,1.8215999999999999,0.3168,0.0,0.32374318844683386,0.0,0.0,0.3665191429188092,0.0,0.0,-0.46334336094611367,0.0,sine,1,0.4,0.5,22,44,12.699815273284912,0.0
1779527407.8433688,0.0,0.3665191429188092,0.0,0.0,-0.46334336094611367,0.0,-0.2376,0.5544000000000001,-0.2376,0.0,0.3161924919784831,0.0,0.0,0.3612831551628263,0.0,-0.0020777729190408684,-0.5194432297602171,0.0,sine,1,0.4,0.5,22,44,12.709830522537231,0.0
1779527407.8533475,0.0,0.3612831551628263,0.0,-0.0020777729190408684,-0.5194432297602171,0.0,0.1584,1.2276,-0.35639999999999994,0.0,0.30833471605983176,0.0,0.0,0.35430183815484895,0.0,0.0,-0.5506098235458301,0.0,sine,1,0.4,0.5,22,44,12.719838380813599,0.0
1779527407.863386,0.0,0.35430183815484895,0.0,0.0,-0.5506098235458301,0.0,-0.1584,0.8316,-0.2376,0.0,0.3001963303114177,0.0,0.0,0.3490658503988659,0.0,0.0,-0.5859319631695249,-0.0020777729190408684,sine,1,0.4,0.5,22,44,12.729817152023315,0.0
1779527407.8733773,0.0,0.3490658503988659,0.0,0.0,-0.5859319631695249,-0.0020777729190408684,-0.1584,1.4255999999999998,-0.27720000000000006,0.0,0.2917116997890895,0.0,0.0,0.3420845333908886,0.0,0.0,-0.6150207840360971,0.0,sine,1,0.4,0.5,22,44,12.739855527877808,0.0
1779527407.8833482,0.0,0.3420845333908886,0.0,0.0,-0.6150207840360971,0.0,-0.2376,0.9504,-0.2376,0.0,0.28297868950158167,0.0,0.0,0.3368485456349056,0.0,0.0,-0.6524206965788326,0.0,sine,1,0.4,0.5,22,44,12.749846935272217,0.0
1779527407.8933718,0.0,0.3368485456349056,0.0,0.0,-0.6524206965788326,0.0,-0.2376,0.99,0.35639999999999994,0.0,0.2739856662285893,0.0,0.0,0.3298672286269283,0.0,0.0,-0.679431744526364,0.0,sine,1,0.4,0.5,22,44,12.759817838668823,0.0
1779527407.9034398,0.0,0.3298672286269283,0.0,0.0,-0.679431744526364,0.0,-0.198,0.5940000000000001,-0.27720000000000006,0.0,0.26467418171390683,0.0,0.0,0.32288591161895097,0.0,0.0,-0.7126761112310178,0.0,sine,1,0.4,0.5,22,44,12.769841432571411,0.0
1779527407.9133437,0.0,0.32288591161895097,0.0,0.0,-0.7126761112310178,0.0,-0.198,1.2672,-0.1188,0.0,0.255057336303977,0.0,0.0,0.31590459461097364,0.0,0.0,-0.7396871591785491,0.0,sine,1,0.4,0.5,22,44,12.779909372329712,0.0
1779527407.9233491,0.0,0.31590459461097364,0.0,0.0,-0.7396871591785491,0.0,-0.2376,0.3168,-0.1188,0.0,0.24534818056277327,0.0,0.0,0.30717794835100204,0.0,0.0020777729190408684,-0.7708537529641621,-0.0020777729190408684,sine,1,0.4,0.5,22,44,12.78981328010559,0.0
1779527407.9333618,0.0,0.30717794835100204,0.0,0.0020777729190408684,-0.7708537529641621,-0.0020777729190408684,-0.27720000000000006,1.3860000000000001,-0.1584,0.0,0.23529832466090206,0.0,0.0,0.30717794835100204,0.0,0.0020777729190408684,-0.7708537529641621,-0.0020777729190408684,sine,1,0.4,0.5,22,44,12.799818754196167,0.0
1779527407.9433436,0.0,0.30717794835100204,0.0,0.0020777729190408684,-0.7708537529641621,-0.0020777729190408684,-0.27720000000000006,1.3860000000000001,-0.1584,0.0,0.22500857223740406,0.0,0.0,0.291469985083053,0.0,-0.0020777729190408684,-0.8248758488592247,0.0,sine,1,0.4,0.5,22,44,12.809831380844116,0.0
1779527407.953365,0.0,0.291469985083053,0.0,-0.0020777729190408684,-0.8248758488592247,0.0,-0.27720000000000006,0.5544000000000001,-0.1584,0.0,0.2145288238273277,0.0,0.0,0.28274333882308134,0.0,0.0,-0.8539646697257969,0.0,sine,1,0.4,0.5,22,44,12.819813251495361,0.0
1779527407.9633455,0.0,0.28274333882308134,0.0,0.0,-0.8539646697257969,0.0,-0.2376,1.6236000000000002,-0.0792,0.0,0.2037953343827418,0.0,0.0,0.27401669256310973,0.0,0.0,-0.8934423551875734,0.0,sine,1,0.4,0.5,22,44,12.829834699630737,0.0
1779527407.973326,0.0,0.27401669256310973,0.0,0.0,-0.8934423551875734,0.0,-0.2376,0.99,-0.0792,0.0,0.19290500511564693,0.0,0.0,0.26529004630313807,0.0,0.0020777729190408684,-0.9183756302160638,0.0,sine,1,0.4,0.5,22,44,12.839815139770508,0.0
1779527407.9833794,0.0,0.26529004630313807,0.0,0.0020777729190408684,-0.9183756302160638,0.0,-0.27720000000000006,0.1188,-0.0792,0.0,0.18182504584647613,0.0,0.0,0.25481807079117214,0.0,0.0,-0.9433089052445542,0.0,sine,1,0.4,0.5,22,44,12.849795579910278,0.0
1779527407.9933858,0.0,0.25481807079117214,0.0,0.0,-0.9433089052445542,0.0,-0.2376,1.0692,-0.1188,0.0,0.17048341750593266,0.0,0.0,0.24609142453120048,0.0,0.0,-0.9640866344349629,0.0,sine,1,0.4,0.5,22,44,12.859848976135254,0.0
1779527408.0033624,0.0,0.24609142453120048,0.0,0.0,-0.9640866344349629,0.0,-0.35639999999999994,1.6236000000000002,-0.0792,0.0,0.15902590029480776,0.0,0.0,0.23561944901923448,0.0,0.0,-0.9910976823824942,0.0,sine,1,0.4,0.5,22,44,12.869855403900146,0.0
1779527408.0133586,0.0,0.23561944901923448,0.0,0.0,-0.9910976823824942,0.0,-0.198,0.9504,-0.27720000000000006,0.0,0.14744605606657654,0.0,0.0,0.22689280275926285,0.0,0.0,-0.9121423114589412,-0.0020777729190408684,sine,1,0.4,0.5,22,44,12.879832029342651,0.0
1779527408.02339,0.0,0.22689280275926285,0.0,0.0,-0.9121423114589412,-0.0020777729190408684,-0.4356,0.4752,-0.0792,0.0,0.135698269295877,0.0,0.0,0.21642082724729686,0.0,0.0,-1.0014865469776986,0.0,sine,1,0.4,0.5,22,44,12.889828205108643,0.0
1779527408.0333843,0.0,0.21642082724729686,0.0,0.0,-1.0014865469776986,0.0,-0.2376,0.1584,0.1188,0.0,0.1237745025224699,0.0,0.0,0.2059488517353309,0.0,-0.0020777729190408684,-1.0326531407633115,0.0,sine,1,0.4,0.5,22,44,12.89985966682434,0.0
1779527408.0433595,0.0,0.2059488517353309,0.0,-0.0020777729190408684,-1.0326531407633115,0.0,0.3168,1.3464,-0.35639999999999994,0.0,0.11177269293945911,0.0,0.0,0.1954768762233649,0.0,-0.004155545838081737,-1.0845974637393332,0.0,sine,1,0.4,0.5,22,44,12.9098539352417,0.0
1779527408.0533495,0.0,0.1954768762233649,0.0,-0.004155545838081737,-1.0845974637393332,0.0,0.1584,1.3860000000000001,0.0,0.0,0.09968391601489818,0.0,0.0,0.18500490071139894,0.0,-0.0020777729190408684,-1.1074529658487828,0.0,sine,1,0.4,0.5,22,44,12.91982913017273,0.0
1779527408.0634048,0.0,0.18500490071139894,0.0,-0.0020777729190408684,-1.1074529658487828,0.0,0.198,1.6236000000000002,-0.0396,0.0,0.08747912471047846,0.0,0.0,0.18500490071139894,0.0,-0.0020777729190408684,-1.1074529658487828,0.0,sine,1,0.4,0.5,22,44,12.929819107055664,0.0
1779527408.0733883,0.0,0.18500490071139894,0.0,-0.0020777729190408684,-1.1074529658487828,0.0,0.198,1.6236000000000002,-0.0396,0.0,0.07510754482345462,0.0,0.0,0.16231562043547265,0.0,0.0020777729190408684,-1.0471975511965976,0.0,sine,1,0.4,0.5,22,44,12.939874410629272,0.0
1779527408.0833502,0.0,0.16231562043547265,0.0,0.0020777729190408684,-1.0471975511965976,0.0,-0.3168,0.99,-0.1584,0.0,0.06275008711628276,0.0,0.0,0.1518436449235067,0.0,0.0020777729190408684,-1.0305753678442706,0.0,sine,1,0.4,0.5,22,44,12.949857950210571,0.0
1779527408.093358,0.0,0.1518436449235067,0.0,0.0020777729190408684,-1.0305753678442706,0.0,-0.5148,0.0792,0.0792,0.0,0.05035795363670875,0.0,0.0,0.14137166941154067,0.0,0.0,-1.1303084679582325,0.0,sine,1,0.4,0.5,22,44,12.959819793701172,0.0
1779527408.1034164,0.0,0.14137166941154067,0.0,0.0,-1.1303084679582325,0.0,-0.396,0.1584,-0.0396,0.0,0.03785893752662495,0.0,0.0,0.12915436464758037,0.0,0.0,-1.1822527909342542,0.0020777729190408684,sine,1,0.4,0.5,22,44,12.969827651977539,0.0
1779527408.113374,0.0,0.12915436464758037,0.0,0.0,-1.1822527909342542,0.0020777729190408684,-0.198,0.35639999999999994,0.0,0.0,0.025259111170765028,0.0,0.0,0.11868238913561442,0.0,0.0,-1.1012196470916602,0.0020777729190408684,sine,1,0.4,0.5,22,44,12.979886054992676,0.0
1779527408.1233912,0.0,0.11868238913561442,0.0,0.0,-1.1012196470916602,0.0020777729190408684,-0.4356,1.0296,0.1584,0.0,0.012760734435722476,0.0,0.0,0.10646508437165411,0.0,0.0,-1.198874974286581,0.0,sine,1,0.4,0.5,22,44,12.989843606948853,0.0
1779527408.1333287,0.0,0.10646508437165411,0.0,0.0,-1.198874974286581,0.0,-0.198,0.99,0.0,0.0,0.00017496967803797654,0.0,0.0,0.09424777960769379,0.0,0.0020777729190408684,-1.2445859785054803,0.0,sine,1,0.4,0.5,22,44,12.999860763549805,0.0
1779527408.1433156,0.0,0.09424777960769379,0.0,0.0020777729190408684,-1.2445859785054803,0.0,-0.27720000000000006,1.1880000000000002,-0.1584,0.0,-0.012310947860768482,0.0,0.0,0.08203047484373349,0.0,0.0,-1.2757525722910932,0.0,sine,1,0.4,0.5,22,44,13.009798288345337,0.0
1779527408.15342,0.0,0.08203047484373349,0.0,0.0,-1.2757525722910932,0.0,0.198,1.0296,0.0,0.0,-0.02484676619871091,0.0,0.0,0.06806784082777886,0.0,0.0,-1.2653637076958888,0.0,sine,1,0.4,0.5,22,44,13.019785165786743,0.0
1779527408.1634393,0.0,0.06806784082777886,0.0,0.0,-1.2653637076958888,0.0,-0.3168,1.3860000000000001,-0.27720000000000006,0.0,-0.0375051855017513,0.0,0.0,0.05585053606381855,0.0,0.0,-1.2695192535339705,0.0,sine,1,0.4,0.5,22,44,13.029889583587646,0.0
1779527408.1733575,0.0,0.05585053606381855,0.0,0.0,-1.2695192535339705,0.0,-0.27720000000000006,1.0692,0.0396,0.0,-0.05001969693397521,0.0,0.0,0.04363323129985824,0.0,0.0,-1.2653637076958888,0.0,sine,1,0.4,0.5,22,44,13.03990888595581,0.0
1779527408.1833851,0.0,0.04363323129985824,0.0,0.0,-1.2653637076958888,0.0,-0.27720000000000006,0.6732,0.1584,0.0,-0.06235917780137094,0.0,0.0,0.031415926535897934,0.0,0.0,-1.263285934776848,0.0,sine,1,0.4,0.5,22,44,13.049827098846436,0.0
1779527408.193359,0.0,0.031415926535897934,0.0,0.0,-1.263285934776848,0.0,-0.3168,0.6336,0.0396,0.0,-0.07477321944581415,0.0,0.0,0.017453292519943295,0.0,0.0,-1.2715970264530114,0.0,sine,1,0.4,0.5,22,44,13.059854745864868,0.0
1779527408.203414,0.0,0.017453292519943295,0.0,0.0,-1.2715970264530114,0.0,-0.3168,0.396,0.0,0.0,-0.08704697351902366,0.0,0.0,0.005235987755982989,0.0,0.0,-1.2840636639672567,0.0,sine,1,0.4,0.5,22,44,13.069828510284424,0.0
1779527408.2139459,0.0,0.005235987755982989,0.0,0.0,-1.2840636639672567,0.0,-0.2376,-0.0792,0.1584,0.0,-0.09933424118844254,0.0,0.0,-0.005235987755982989,0.0,0.0,-1.279908118129175,0.0,sine,1,0.4,0.5,22,44,13.079883575439453,0.0
1779527408.2233684,0.0,-0.005235987755982989,0.0,0.0,-1.279908118129175,0.0,-0.27720000000000006,0.0,0.0396,0.0,-0.11209772109665678,0.0,0.0,-0.019198621771937627,0.0,0.0,-1.2715970264530114,0.0,sine,1,0.4,0.5,22,44,13.090415477752686,0.0
1779527408.2333584,0.0,-0.019198621771937627,0.0,0.0,-1.2715970264530114,0.0,-0.27720000000000006,0.0792,0.0792,0.0,-0.12341319224070167,0.0,0.0,-0.031415926535897934,0.0,0.0,-1.2528970701816435,0.0,sine,1,0.4,0.5,22,44,13.099838018417358,0.0
1779527408.2435212,0.0,-0.031415926535897934,0.0,0.0,-1.2528970701816435,0.0,-0.1188,0.35639999999999994,0.0,0.0,-0.1352917793182726,0.0,0.0,-0.04188790204786391,0.0,0.0,-1.1448528783915184,0.0,sine,1,0.4,0.5,22,44,13.109827995300293,0.0
1779527408.2534363,0.0,-0.04188790204786391,0.0,0.0,-1.1448528783915184,0.0,0.396,1.0296,0.198,0.0,-0.14723910178291247,0.0,0.0,-0.054105206811824215,0.0,-0.0020777729190408684,-1.2030305201246627,-0.0020777729190408684,sine,1,0.4,0.5,22,44,13.119990825653076,0.0
1779527408.2633839,0.0,-0.054105206811824215,0.0,-0.0020777729190408684,-1.2030305201246627,-0.0020777729190408684,0.198,1.1483999999999999,-0.27720000000000006,0.0,-0.15875067034637566,0.0,0.0,-0.06632251157578452,0.0,0.0,-1.2300415680721941,0.0,sine,1,0.4,0.5,22,44,13.129905939102173,0.0
1779527408.273413,0.0,-0.06632251157578452,0.0,0.0,-1.2300415680721941,0.0,-0.3168,1.4652,0.0,0.0,-0.17014509673593492,0.0,0.0,-0.07853981633974483,0.0,0.0,-1.2549748431006844,0.0,sine,1,0.4,0.5,22,44,13.139853477478027,0.0
1779527408.2833467,0.0,-0.07853981633974483,0.0,0.0,-1.2549748431006844,0.0,-0.2376,1.1483999999999999,-0.0792,0.0,-0.18146468768998375,0.0,0.0,-0.09075712110370514,0.0,0.0,-1.2445859785054803,0.0,sine,1,0.4,0.5,22,44,13.149882555007935,0.0
1779527408.2933626,0.0,-0.09075712110370514,0.0,0.0,-1.2445859785054803,0.0,-0.27720000000000006,1.1483999999999999,0.0,0.0,-0.1924991087852393,0.0,0.0,-0.10297442586766545,0.0,0.0,-1.2341971139102759,0.0020777729190408684,sine,1,0.4,0.5,22,44,13.159816265106201,0.0
1779527408.3033957,0.0,-0.10297442586766545,0.0,0.0,-1.2341971139102759,0.0020777729190408684,-0.3168,1.5444,0.0,0.0,-0.20343507081068757,0.0,0.0,-0.10297442586766545,0.0,0.0,-1.2341971139102759,0.0020777729190408684,sine,1,0.4,0.5,22,44,13.169832229614258,0.0
1779527408.313398,0.0,-0.10297442586766545,0.0,0.0,-1.2341971139102759,0.0020777729190408684,-0.3168,1.5444,0.0,0.0,-0.21418784420518744,0.0,0.0,-0.12740903539558607,0.0,0.0,-1.1926416555294586,0.0,sine,1,0.4,0.5,22,44,13.17986536026001,0.0
1779527408.3235269,0.0,-0.12740903539558607,0.0,0.0,-1.1926416555294586,0.0,-0.198,1.1880000000000002,0.0792,0.0,-0.22469561545383776,0.0,0.0,-0.13788101090755203,0.0,0.0,-1.0929085554154967,0.0020777729190408684,sine,1,0.4,0.5,22,44,13.189867496490479,0.0
1779527408.3333466,0.0,-0.13788101090755203,0.0,0.0,-1.0929085554154967,0.0020777729190408684,-0.4752,1.3860000000000001,0.198,0.0,-0.23511051358914498,0.0,0.0,-0.15009831567151233,0.0,0.0,-1.1406973325534366,-0.0020777729190408684,sine,1,0.4,0.5,22,44,13.19999647140503,0.0
1779527408.343344,0.0,-0.15009831567151233,0.0,0.0,-1.1406973325534366,-0.0020777729190408684,-0.198,1.5048000000000001,-0.0792,0.0,-0.24498029588973125,0.0,0.0,-0.16057029118347835,0.0,0.0,-1.1614750617438454,0.0020777729190408684,sine,1,0.4,0.5,22,44,13.209816217422485,0.0
1779527408.35341,0.0,-0.16057029118347835,0.0,0.0,-1.1614750617438454,0.0020777729190408684,0.198,1.3860000000000001,0.0,0.0,-0.25478905510985816,0.0,0.0,-0.17278759594743864,0.0,0.0,-1.1635528346628863,0.0,sine,1,0.4,0.5,22,44,13.219813585281372,0.0
1779527408.3634748,0.0,-0.17278759594743864,0.0,0.0,-1.1635528346628863,0.0,-0.198,0.8712,-0.0396,0.0,-0.26441125275926586,0.0,0.0,-0.1832595714594046,0.0,0.0,-1.1406973325534366,0.0,sine,1,0.4,0.5,22,44,13.22987961769104,0.0
1779527408.3735464,0.0,-0.1832595714594046,0.0,0.0,-1.1406973325534366,0.0,-0.198,0.7524000000000001,0.0,0.0,-0.2737679590172108,0.0,0.0,-0.1954768762233649,0.0,0.0,-1.119919603363028,0.0,sine,1,0.4,0.5,22,44,13.239944458007812,0.0
1779527408.3833497,0.0,-0.1954768762233649,0.0,0.0,-1.119919603363028,0.0,-0.3168,0.3168,0.0792,0.0,-0.28285690628067134,0.0,0.0,-0.2059488517353309,0.0,0.0,-1.0929085554154967,0.0,sine,1,0.4,0.5,22,44,13.2500159740448,0.0
1779527408.393396,0.0,-0.2059488517353309,0.0,0.0,-1.0929085554154967,0.0,-0.2376,0.1188,0.0396,0.0,-0.2914319343978786,0.0,0.0,-0.21642082724729686,0.0,0.0,-1.059664188710843,0.0,sine,1,0.4,0.5,22,44,13.259819269180298,0.0
1779527408.4034886,0.0,-0.21642082724729686,0.0,0.0,-1.059664188710843,0.0,-0.27720000000000006,0.99,0.0396,0.0,-0.29993263835171197,0.0,0.0,-0.22689280275926285,0.0,0.0,-1.040964232439475,0.0,sine,1,0.4,0.5,22,44,13.2698655128479,0.0
1779527408.4133792,0.0,-0.22689280275926285,0.0,0.0,-1.040964232439475,0.0,-0.198,1.6236000000000002,-0.0396,0.0,-0.3081718507750153,0.0,0.0,-0.23736477827122884,0.0,0.0,-1.0201865032490665,0.0,sine,1,0.4,0.5,22,44,13.279958248138428,0.0
1779527408.4233572,0.0,-0.23736477827122884,0.0,0.0,-1.0201865032490665,0.0,-0.198,1.3464,0.0396,0.0,-0.31594551824559836,0.0,0.0,-0.24609142453120048,0.0,0.0020777729190408684,-0.9349978135683907,0.0,sine,1,0.4,0.5,22,44,13.289848804473877,0.0
1779527408.4333653,0.0,-0.24609142453120048,0.0,0.0020777729190408684,-0.9349978135683907,0.0,-0.3168,0.1188,-0.0792,0.0,-0.3234788633292283,0.0,0.0,-0.25481807079117214,0.0,0.0,-0.9578533156778403,0.0,sine,1,0.4,0.5,22,44,13.299826860427856,0.0
1779527408.4433465,0.0,-0.25481807079117214,0.0,0.0,-0.9578533156778403,0.0,-0.2376,0.0792,-0.0792,0.0,-0.33071560971628505,0.0,0.0,-0.26529004630313807,0.0,-0.0020777729190408684,-0.9433089052445542,0.0020777729190408684,sine,1,0.4,0.5,22,44,13.309834957122803,0.0
1779527408.4534645,0.0,-0.26529004630313807,0.0,-0.0020777729190408684,-0.9433089052445542,0.0020777729190408684,-0.2376,1.5444,0.0,0.0,-0.33760729508922405,0.0,0.0,-0.27401669256310973,0.0,-0.0020777729190408684,-0.930842267730309,0.0,sine,1,0.4,0.5,22,44,13.31981611251831,0.0
1779527408.463354,0.0,-0.27401669256310973,0.0,-0.0020777729190408684,-0.930842267730309,0.0,0.1188,0.9504,-0.0792,0.0,-0.34425466140306116,0.0,0.0,-0.28274333882308134,0.0,0.0,-0.8975979010256552,0.0,sine,1,0.4,0.5,22,44,13.329934120178223,0.0
1779527408.4733832,0.0,-0.28274333882308134,0.0,0.0,-0.8975979010256552,0.0,-0.1584,0.396,-0.0792,0.0,-0.3504159019271553,0.0,0.0,-0.291469985083053,0.0,0.0,-0.868509080159083,0.0,sine,1,0.4,0.5,22,44,13.339823722839355,0.0
1779527408.4833827,0.0,-0.291469985083053,0.0,0.0,-0.868509080159083,0.0,-0.198,1.0296,0.0396,0.0,-0.35631859399079,0.0,0.0,-0.30019663134302466,0.0,0.0,-0.8414980322115517,0.0,sine,1,0.4,0.5,22,44,13.349852800369263,0.0
1779527408.4935515,0.0,-0.30019663134302466,0.0,0.0,-0.8414980322115517,0.0,-0.27720000000000006,1.3464,-0.1188,0.0,-0.3618517626309148,0.0,0.0,-0.3089232776029963,0.0,0.0020777729190408684,-0.8040981196688161,0.0,sine,1,0.4,0.5,22,44,13.359852313995361,0.0
1779527408.5033667,0.0,-0.3089232776029963,0.0,0.0020777729190408684,-0.8040981196688161,0.0,-0.2376,0.35639999999999994,-0.1188,0.0,-0.36711238226152343,0.0,0.0,-0.31590459461097364,0.0,0.0,-0.7750092988022439,0.0,sine,1,0.4,0.5,22,44,13.370021104812622,0.0
1779527408.513349,0.0,-0.31590459461097364,0.0,0.0,-0.7750092988022439,0.0,-0.198,0.99,0.0396,0.0,-0.37183482739783713,0.0,0.0,-0.32288591161895097,0.0,0.0,-0.7459204779356717,0.0,sine,1,0.4,0.5,22,44,13.379836320877075,0.0
1779527408.523435,0.0,-0.32288591161895097,0.0,0.0,-0.7459204779356717,0.0,-0.1584,1.1088000000000002,0.0,0.0,-0.37627505896803376,0.0,0.0,-0.3298672286269283,0.0,0.0,-0.7168316570690996,0.0,sine,1,0.4,0.5,22,44,13.389818668365479,0.0
1779527408.533347,0.0,-0.3298672286269283,0.0,0.0,-0.7168316570690996,0.0,-0.1584,0.198,-0.0792,0.0,-0.3803855932203971,0.0,0.0,-0.3368485456349056,0.0,-0.0020777729190408684,-0.6815095174454048,0.0,sine,1,0.4,0.5,22,44,13.399904727935791,0.0
1779527408.5434082,0.0,-0.3368485456349056,0.0,-0.0020777729190408684,-0.6815095174454048,0.0,0.1188,1.5048000000000001,0.1188,0.0,-0.3840530783168942,0.0,0.0,-0.3420845333908886,0.0,0.0,-0.6150207840360971,0.0,sine,1,0.4,0.5,22,44,13.40981650352478,0.0
1779527408.5533106,0.0,-0.3420845333908886,0.0,0.0,-0.6150207840360971,0.0,-0.1584,0.1584,0.0792,0.0,-0.3873950366700888,0.0,0.0,-0.3490658503988659,0.0,0.0,-0.6108652381980153,-0.0020777729190408684,sine,1,0.4,0.5,22,44,13.419877767562866,0.0
1779527408.5633497,0.0,-0.3490658503988659,0.0,0.0,-0.6108652381980153,-0.0020777729190408684,-0.0792,1.0296,-0.0792,0.0,-0.3903063709505094,0.0,0.0,-0.35430183815484895,0.0,0.0,-0.5776208714933614,0.0,sine,1,0.4,0.5,22,44,13.42978024482727,0.0
1779527408.573347,0.0,-0.35430183815484895,0.0,0.0,-0.5776208714933614,0.0,-0.0792,0.396,0.0,0.0,-0.39287229598534285,0.0,0.0,-0.35953782591083194,0.0,0.0,-0.5152876839221353,0.0,sine,1,0.4,0.5,22,44,13.4398193359375,0.0
1779527408.5833485,0.0,-0.35953782591083194,0.0,0.0,-0.5152876839221353,0.0,-0.1584,0.6336,0.0,0.0,-0.39503923812323305,0.0,0.0,-0.3647738136668149,0.0,0.0,-0.49035440889364496,0.0,sine,1,0.4,0.5,22,44,13.449816703796387,0.0
1779527408.5935216,0.0,-0.3647738136668149,0.0,0.0,-0.49035440889364496,0.0,-0.1188,1.5444,0.0,0.0,-0.39681717069261957,0.0,0.0,-0.36826447217080355,0.0,0.0,-0.4654211338651545,-0.0020777729190408684,sine,1,0.4,0.5,22,44,13.459818124771118,0.0
1779527408.6033418,0.0,-0.36826447217080355,0.0,0.0,-0.4654211338651545,-0.0020777729190408684,-0.1188,0.396,0.0,0.0,-0.39822374584368897,0.0,0.0,-0.3735004599267866,0.0,0.0,-0.44464340467474583,0.0,sine,1,0.4,0.5,22,44,13.469991207122803,0.0
1779527408.6133487,0.0,-0.3735004599267866,0.0,0.0,-0.44464340467474583,0.0,-0.1188,0.792,-0.0792,0.0,-0.3991957422230829,0.0,0.0,-0.37699111843077515,0.0,0.0,-0.3864657629416015,0.0,sine,1,0.4,0.5,22,44,13.479811429977417,0.0
1779527408.623496,0.0,-0.37699111843077515,0.0,0.0,-0.3864657629416015,0.0,-0.0792,1.9404,0.0396,0.0,-0.3997953883511798,0.0,0.0,-0.38048177693476387,0.0,0.0,-0.35737694207502935,0.0,sine,1,0.4,0.5,22,44,13.489818334579468,0.0
1779527408.6333625,0.0,-0.38048177693476387,0.0,0.0,-0.35737694207502935,0.0,-0.1188,0.2376,0.0,0.0,-0.39999999767332933,0.0,0.0,-0.3839724354387525,0.0,0.0,-0.3116659378561303,0.0,sine,1,0.4,0.5,22,44,13.49996566772461,0.0
1779527408.6434615,0.0,-0.3839724354387525,0.0,0.0,-0.3116659378561303,0.0,-0.1584,0.4752,0.1188,0.0,-0.3998091941646247,0.0,0.0,-0.38571776469074687,0.0,0.0,-0.29088820866572157,0.0,sine,1,0.4,0.5,22,44,13.50983214378357,0.0
1779527408.6534617,0.0,-0.38571776469074687,0.0,0.0,-0.29088820866572157,0.0,-0.0792,1.0692,-0.0396,0.0,-0.3992161202996366,0.0,0.0,-0.3892084231947355,0.0,0.0,-0.23271056693257725,0.0020777729190408684,sine,1,0.4,0.5,22,44,13.519931077957153,0.0
1779527408.663344,0.0,-0.3892084231947355,0.0,0.0,-0.23271056693257725,0.0020777729190408684,-0.1584,2.2572,0.0,0.0,-0.39823290022089686,0.0,0.0,-0.3909537524467298,0.0,0.0,-0.20569951898504596,0.0,sine,1,0.4,0.5,22,44,13.52993130683899,0.0
1779527408.6734374,0.0,-0.3909537524467298,0.0,0.0,-0.20569951898504596,0.0,-0.0792,1.7028,0.0,0.0,-0.39687518295314145,0.0,0.0,-0.39269908169872414,0.0,0.0,-0.17245515228039207,0.0,sine,1,0.4,0.5,22,44,13.53981351852417,0.0
1779527408.6833491,0.0,-0.39269908169872414,0.0,0.0,-0.17245515228039207,0.0,-0.0792,0.4356,0.0396,0.0,-0.3950936075097214,0.0,0.0,-0.39269908169872414,0.0,0.0,-0.12882192098053383,0.0,sine,1,0.4,0.5,22,44,13.549906969070435,0.0
1779527408.693349,0.0,-0.39269908169872414,0.0,0.0,-0.12882192098053383,0.0,-0.1188,0.27720000000000006,0.1188,0.0,-0.3929575168378824,0.0,0.0,-0.39444441095071847,0.0,0.0,-0.09557755427587994,0.0,sine,1,0.4,0.5,22,44,13.559818744659424,0.0
1779527408.7033691,0.0,-0.39444441095071847,0.0,0.0,-0.09557755427587994,0.0,-0.0792,-0.1188,0.0396,0.0,-0.3904163962436753,0.0,0.0,-0.39444441095071847,0.0,0.0,-0.04778877713793997,0.0,sine,1,0.4,0.5,22,44,13.569818496704102,0.0
1779527408.71336,0.0,-0.39444441095071847,0.0,0.0,-0.04778877713793997,0.0,-0.0396,0.792,0.0792,0.0,-0.38748360658989645,0.0,0.0,-0.39444441095071847,0.0,-0.0020777729190408684,-0.022855502109449553,0.0,sine,1,0.4,0.5,22,44,13.579838752746582,0.0
1779527408.723384,0.0,-0.39444441095071847,0.0,-0.0020777729190408684,-0.022855502109449553,0.0,-0.0396,0.1188,0.198,0.0,-0.384177130708929,0.0,0.0,-0.39444441095071847,0.0,0.0,0.004155545838081737,0.0020777729190408684,sine,1,0.4,0.5,22,44,13.589829683303833,0.0
1779527408.7333565,0.0,-0.39444441095071847,0.0,0.0,0.004155545838081737,0.0020777729190408684,-0.0792,0.198,-0.1584,0.0,-0.3804794493692458,0.0,0.0,-0.39444441095071847,0.0,0.0,0.0394776854617765,0.0,sine,1,0.4,0.5,22,44,13.599853515625,0.0
1779527408.743483,0.0,-0.39444441095071847,0.0,0.0,0.0394776854617765,0.0,-0.0396,0.198,0.0,0.0,-0.37642628065577777,0.0,0.0,-0.39269908169872414,0.0,0.0,0.08311091676163473,0.0,sine,1,0.4,0.5,22,44,13.60982608795166,0.0
1779527408.7533677,0.0,-0.39269908169872414,0.0,0.0,0.08311091676163473,0.0,-0.0792,0.396,0.1188,0.0,-0.37193248103844817,0.0,0.0,-0.3909537524467298,0.0,0.0,0.14544410433286079,0.0,sine,1,0.4,0.5,22,44,13.61995267868042,0.0
1779527408.7634153,0.0,-0.3909537524467298,0.0,0.0,0.14544410433286079,0.0,-0.0396,-0.396,0.1188,0.0,-0.36718301381334867,0.0,0.0,-0.3892084231947355,0.0,0.0,0.19115510855175988,0.0,sine,1,0.4,0.5,22,44,13.629837274551392,0.0
1779527408.773348,0.0,-0.3892084231947355,0.0,0.0,0.19115510855175988,0.0,0.0,-0.9107999999999999,0.3168,0.0,-0.3619923555295067,0.0,0.0,-0.3874630939427412,0.0,0.0,0.2430994315277816,0.0,sine,1,0.4,0.5,22,44,13.639884948730469,0.0
1779527408.7835207,0.0,-0.3874630939427412,0.0,0.0,0.2430994315277816,0.0,-0.0396,-1.4652,0.0792,0.0,-0.3565065506671543,0.0,0.0,-0.3839724354387525,0.0,0.0,0.2701104794753129,0.0,sine,1,0.4,0.5,22,44,13.649817705154419,0.0
1779527408.7933478,0.0,-0.3839724354387525,0.0,0.0,0.2701104794753129,0.0,0.0,0.0,0.1188,0.0,-0.3505285376746397,0.0,0.0,-0.38048177693476387,0.0,0.0,0.3262103482894163,0.0,sine,1,0.4,0.5,22,44,13.659990310668945,0.0
1779527408.803385,0.0,-0.38048177693476387,0.0,0.0,0.3262103482894163,0.0,-0.0792,0.0792,0.1188,0.0,-0.34441352930990077,0.0,0.0,-0.37699111843077515,0.0,-0.0020777729190408684,0.3511436233179068,0.0020777729190408684,sine,1,0.4,0.5,22,44,13.669817447662354,0.0
1779527408.813363,0.0,-0.37699111843077515,0.0,-0.0020777729190408684,0.3511436233179068,0.0020777729190408684,-0.0396,-1.1880000000000002,0.2376,0.0,-0.33782901742724647,0.0,0.0,-0.3735004599267866,0.0,0.0,0.40308794629392847,0.0,sine,1,0.4,0.5,22,44,13.67985463142395,0.0
1779527408.8235018,0.0,-0.3735004599267866,0.0,0.0,0.40308794629392847,0.0,-0.0396,-1.3068,0.1188,0.0,-0.33095036273056344,0.0,0.0,-0.3700098014227979,0.0,0.0,0.425943448403378,0.0,sine,1,0.4,0.5,22,44,13.68983268737793,0.0
1779527408.8335426,0.0,-0.3700098014227979,0.0,0.0,0.425943448403378,0.0,0.0,0.4356,0.1584,0.0,-0.32362789367836625,0.0,0.0,-0.3647738136668149,0.0,0.0,0.4591878151080319,-0.0020777729190408684,sine,1,0.4,0.5,22,44,13.699971437454224,0.0
1779527408.8434017,0.0,-0.3647738136668149,0.0,0.0,0.4591878151080319,-0.0020777729190408684,-0.0396,-1.4652,0.1188,0.0,-0.3160526101869934,0.0,0.0,-0.35953782591083194,0.0,0.0,0.5028210464078902,0.0020777729190408684,sine,1,0.4,0.5,22,44,13.710012197494507,0.0
1779527408.853357,0.0,-0.35953782591083194,0.0,0.0,0.5028210464078902,0.0020777729190408684,-0.0792,-0.35639999999999994,-0.198,0.0,-0.3083083759294577,0.0,0.0,-0.35430183815484895,0.0,0.0,0.5402209589506258,0.0,sine,1,0.4,0.5,22,44,13.719871282577515,0.0
1779527408.8635845,0.0,-0.35430183815484895,0.0,0.0,0.5402209589506258,0.0,-0.0396,-0.8316,0.3168,0.0,-0.30018841003173957,0.0,0.0,-0.3490658503988659,0.0,0.0,0.5734653256552796,0.0,sine,1,0.4,0.5,22,44,13.72982668876648,0.0
1779527408.8733454,0.0,-0.3490658503988659,0.0,0.0,0.5734653256552796,0.0,-0.0396,-0.9107999999999999,0.1584,0.0,-0.29154088217405105,0.0,0.0,-0.3420845333908886,0.0,0.0,0.6025541465218518,0.0,sine,1,0.4,0.5,22,44,13.7400541305542,0.0
1779527408.8833585,0.0,-0.3420845333908886,0.0,0.0,0.6025541465218518,0.0,0.0,-0.1188,0.198,0.0,-0.28300706274635734,0.0,0.0,-0.3351032163829113,0.0,0.0,0.6337207403074648,0.0020777729190408684,sine,1,0.4,0.5,22,44,13.749814987182617,0.0
1779527408.8934052,0.0,-0.3351032163829113,0.0,0.0,0.6337207403074648,0.0020777729190408684,0.0,-0.99,0.1584,0.0,-0.2739762798016802,0.0,0.0,-0.3298672286269283,0.0,0.0,0.6648873340930779,0.0,sine,1,0.4,0.5,22,44,13.759828090667725,0.0
1779527408.9035518,0.0,-0.3298672286269283,0.0,0.0,0.6648873340930779,0.0,0.0,-0.6336,0.1188,0.0,-0.26464273083161066,0.0,0.0,-0.32288591161895097,0.0,0.0,0.7002094737167727,0.0,sine,1,0.4,0.5,22,44,13.769874811172485,0.0
1779527408.9133952,0.0,-0.32288591161895097,0.0,0.0,0.7002094737167727,0.0,0.0,-0.5544000000000001,0.2376,0.0,-0.2549488465147352,0.0,0.0,-0.3141592653589793,0.0,0.0,0.7251427487452631,0.0,sine,1,0.4,0.5,22,44,13.78002142906189,0.0
1779527408.9234393,0.0,-0.3141592653589793,0.0,0.0,0.7251427487452631,0.0,0.0,-1.1483999999999999,0.2376,0.0,-0.2452970658926637,0.0,0.0,-0.30717794835100204,0.0,0.0,0.7604648883689579,0.0,sine,1,0.4,0.5,22,44,13.789864778518677,0.0
1779527408.9334006,0.0,-0.30717794835100204,0.0,0.0,0.7604648883689579,0.0,0.0,0.4356,0.27720000000000006,0.0,-0.23520673122626037,0.0,0.0,-0.2984513020910304,0.0,0.0,0.7999425738307343,0.0,sine,1,0.4,0.5,22,44,13.799908876419067,0.0
1779527408.9433537,0.0,-0.2984513020910304,0.0,0.0,0.7999425738307343,0.0,0.0396,-1.4255999999999998,0.2376,0.0,-0.22496819403479412,0.0,0.0,-0.291469985083053,0.0,0.0,0.7521537966927944,0.0,sine,1,0.4,0.5,22,44,13.80987024307251,0.0
1779527408.9535284,0.0,-0.291469985083053,0.0,0.0,0.7521537966927944,0.0,-0.0792,-0.8316,0.35639999999999994,0.0,-0.2145182031322287,0.0,0.0,-0.28274333882308134,0.0,0.0,0.8248758488592247,0.0020777729190408684,sine,1,0.4,0.5,22,44,13.819823265075684,0.0
1779527408.9634345,0.0,-0.28274333882308134,0.0,0.0,0.8248758488592247,0.0020777729190408684,0.0,-0.1584,0.3168,0.0,-0.20361871188401115,0.0,0.0,-0.27401669256310973,0.0,0.0020777729190408684,0.8851312635114099,0.0,sine,1,0.4,0.5,22,44,13.829998016357422,0.0
1779527408.973347,0.0,-0.27401669256310973,0.0,0.0020777729190408684,0.8851312635114099,0.0,-0.0396,-1.5444,0.1584,0.0,-0.19280709906087087,0.0,0.0,-0.26529004630313807,0.0,0.0,0.916297857297023,0.0,sine,1,0.4,0.5,22,44,13.839904069900513,0.0
1779527408.983365,0.0,-0.26529004630313807,0.0,0.0,0.916297857297023,0.0,0.0,-1.1880000000000002,0.2376,0.0,-0.18180156149362034,0.0,0.0,-0.25656340004316647,0.0,0.0,0.8560424426448378,0.0,sine,1,0.4,0.5,22,44,13.84981656074524,0.0
1779527408.9933877,0.0,-0.25656340004316647,0.0,0.0,0.8560424426448378,0.0,-0.1188,0.27720000000000006,0.1584,0.0,-0.17049967917682082,0.0,0.0,-0.2478367537831948,0.0,-0.0020777729190408684,0.930842267730309,0.0,sine,1,0.4,0.5,22,44,13.859834671020508,0.0
1779527409.0033724,0.0,-0.2478367537831948,0.0,-0.0020777729190408684,0.930842267730309,0.0,0.0,-0.8316,0.3168,0.0,-0.1590237010090244,0.0,0.0,-0.23736477827122884,0.0,0.0,0.9869421365444124,0.0,sine,1,0.4,0.5,22,44,13.86985731124878,0.0
1779527409.0133705,0.0,-0.23736477827122884,0.0,0.0,0.9869421365444124,0.0,0.0,-1.4652,0.198,0.0,-0.14743435865663257,0.0,0.0,-0.22689280275926285,0.0,-0.0020777729190408684,1.0139531844919438,0.0,sine,1,0.4,0.5,22,44,13.879842042922974,0.0
1779527409.0233507,0.0,-0.22689280275926285,0.0,-0.0020777729190408684,1.0139531844919438,0.0,0.0,-1.0692,0.198,0.0,-0.13568417728303647,0.0,0.0,-0.21642082724729686,0.0,0.0020777729190408684,1.0430420053585159,-0.0020777729190408684,sine,1,0.4,0.5,22,44,13.889840126037598,0.0
1779527409.0333474,0.0,-0.21642082724729686,0.0,0.0020777729190408684,1.0430420053585159,-0.0020777729190408684,-0.0792,-0.5544000000000001,0.2376,0.0,-0.12382151024785182,0.0,0.0,-0.2059488517353309,0.0,0.0,1.07628637206317,0.0,sine,1,0.4,0.5,22,44,13.899820327758789,0.0
1779527409.043364,0.0,-0.2059488517353309,0.0,0.0,1.07628637206317,0.0,0.0792,0.2376,0.35639999999999994,0.0,-0.11181728119126491,0.0,0.0,-0.1954768762233649,0.0,0.0,1.1012196470916602,-0.0020777729190408684,sine,1,0.4,0.5,22,44,13.909816980361938,0.0
1779527409.0533986,0.0,-0.1954768762233649,0.0,0.0,1.1012196470916602,-0.0020777729190408684,-0.0396,0.27720000000000006,0.1188,0.0,-0.09967840309927335,0.0,0.0,-0.1832595714594046,0.0,0.0,1.119919603363028,0.0,sine,1,0.4,0.5,22,44,13.919833660125732,0.0
1779527409.063355,0.0,-0.1832595714594046,0.0,0.0,1.119919603363028,0.0,0.0396,-0.0792,0.27720000000000006,0.0,-0.08741889895961397,0.0,0.0,-0.17453292519943295,0.0,0.0,1.0326531407633115,0.0,sine,1,0.4,0.5,22,44,13.929868221282959,0.0
1779527409.0733478,0.0,-0.17453292519943295,0.0,0.0,1.0326531407633115,0.0,-0.0792,-1.0296,-0.198,0.0,-0.07516904771443808,0.0,0.0,-0.16231562043547265,0.0,0.0,1.0991418741726193,0.0,sine,1,0.4,0.5,22,44,13.93982458114624,0.0
1779527409.0835018,0.0,-0.16231562043547265,0.0,0.0,1.0991418741726193,0.0,0.0396,-1.5048000000000001,0.27720000000000006,0.0,-0.06280038893340513,0.0,0.0,-0.1518436449235067,0.0,0.0020777729190408684,1.1427751054724775,0.0,sine,1,0.4,0.5,22,44,13.949817419052124,0.0
1779527409.0934136,0.0,-0.1518436449235067,0.0,0.0020777729190408684,1.1427751054724775,0.0,-0.0396,-1.9008,0.3168,0.0,-0.0501689148419425,0.0,0.0,-0.13962634015954636,0.0,0.0,1.1593972888248045,0.0,sine,1,0.4,0.5,22,44,13.95997142791748,0.0
1779527409.1033542,0.0,-0.13962634015954636,0.0,0.0,1.1593972888248045,0.0,-0.0792,-1.1088000000000002,0.3168,0.0,-0.03778944221846429,0.0,0.0,-0.12740903539558607,0.0,0.0020777729190408684,1.184330563853295,0.0,sine,1,0.4,0.5,22,44,13.96988320350647,0.0
1779527409.1133451,0.0,-0.12740903539558607,0.0,0.0020777729190408684,1.184330563853295,0.0,0.0792,-0.9107999999999999,0.35639999999999994,0.0,-0.025337151688417544,0.0,0.0,-0.11519173063162574,0.0,-0.0020777729190408684,1.2113416118008262,0.0,sine,1,0.4,0.5,22,44,13.97982382774353,0.0
1779527409.123483,0.0,-0.11519173063162574,0.0,-0.0020777729190408684,1.2113416118008262,0.0,-0.0396,-1.3860000000000001,-0.4752,0.0,-0.012796968211441282,0.0,0.0,-0.10297442586766545,0.0,-0.0020777729190408684,1.232119340991235,0.0,sine,1,0.4,0.5,22,44,13.989814758300781,0.0
1779527409.1333504,0.0,-0.10297442586766545,0.0,-0.0020777729190408684,1.232119340991235,0.0,0.0,-1.7424,-0.2376,0.0,-5.9621518683357946e-05,0.0,0.0,-0.09075712110370514,0.0,-0.0020777729190408684,1.2362748868293167,0.0,sine,1,0.4,0.5,22,44,13.999952554702759,0.0
1779527409.1433659,0.0,-0.09075712110370514,0.0,-0.0020777729190408684,1.2362748868293167,0.0,0.0,-1.2672,0.2376,0.0,0.01233819902783187,0.0,0.0,-0.07853981633974483,0.0,0.0,1.2383526597483576,0.0,sine,1,0.4,0.5,22,44,14.009819984436035,0.0
1779527409.153347,0.0,-0.07853981633974483,0.0,0.0,1.2383526597483576,0.0,0.0,-0.9504,-0.396,0.0,0.024909860595309478,0.0,0.0,-0.06632251157578452,0.0,0.0,1.232119340991235,0.0,sine,1,0.4,0.5,22,44,14.019835472106934,0.0
1779527409.1635058,0.0,-0.06632251157578452,0.0,0.0,1.232119340991235,0.0,0.0396,-0.6732,0.35639999999999994,0.0,0.03741390908564076,0.0,0.0,-0.05585053606381855,0.0,0.0,1.1323862408772734,0.0,sine,1,0.4,0.5,22,44,14.029816627502441,0.0
1779527409.1733615,0.0,-0.05585053606381855,0.0,0.0,1.1323862408772734,0.0,-0.1188,-0.4356,-0.1188,0.0,0.05010262967348115,0.0,0.0,-0.04363323129985824,0.0,0.0,1.1947194284484992,0.0,sine,1,0.4,0.5,22,44,14.03997540473938,0.0
1779527409.1833813,0.0,-0.04363323129985824,0.0,0.0,1.1947194284484992,0.0,0.0,0.0396,-0.35639999999999994,0.0,0.06236420881702766,0.0,0.0,-0.031415926535897934,0.0,0.0020777729190408684,1.2549748431006844,0.0,sine,1,0.4,0.5,22,44,14.04983115196228,0.0
1779527409.1935418,0.0,-0.031415926535897934,0.0,0.0020777729190408684,1.2549748431006844,0.0,-0.0792,-0.27720000000000006,-0.396,0.0,0.07476851025050313,0.0,0.0,-0.017453292519943295,0.0,0.0,1.277830345210134,0.0,sine,1,0.4,0.5,22,44,14.059850931167603,0.0
1779527409.2034738,0.0,-0.017453292519943295,0.0,0.0,1.277830345210134,0.0,0.0,-0.7127999999999999,-0.396,0.0,0.08727124936079125,0.0,0.0,-0.005235987755982989,0.0,0.0020777729190408684,1.2736747993720523,0.0,sine,1,0.4,0.5,22,44,14.070011377334595,0.0
1779527409.2133496,0.0,-0.005235987755982989,0.0,0.0020777729190408684,1.2736747993720523,0.0,-0.0396,-0.4752,-0.396,0.0,0.09940708470120323,0.0,0.0,0.005235987755982989,0.0,0.0,1.2757525722910932,-0.0020777729190408684,sine,1,0.4,0.5,22,44,14.079943418502808,0.0
1779527409.2234602,0.0,0.005235987755982989,0.0,0.0,1.2757525722910932,-0.0020777729190408684,0.0,-0.6336,0.3168,0.0,0.11137823713297886,0.0,0.0,0.017453292519943295,0.0,0.0,1.2591303889387662,0.0,sine,1,0.4,0.5,22,44,14.089819192886353,0.0
1779527409.233367,0.0,0.017453292519943295,0.0,0.0,1.2591303889387662,0.0,0.0,-0.5940000000000001,-0.4356,0.0,0.12352290785610415,0.0,0.0,0.031415926535897934,0.0,-0.0020777729190408684,1.2508192972626027,0.0,sine,1,0.4,0.5,22,44,14.099929809570312,0.0
1779527409.2435431,0.0,0.031415926535897934,0.0,-0.0020777729190408684,1.2508192972626027,0.0,-0.0396,-0.5148,-0.27720000000000006,0.0,0.13530192939594507,0.0,0.0,0.04363323129985824,0.0,0.0,1.2528970701816435,0.0,sine,1,0.4,0.5,22,44,14.10983657836914,0.0
1779527409.2533457,0.0,0.04363323129985824,0.0,0.0,1.2528970701816435,0.0,-0.0792,-0.6336,-0.4752,0.0,0.14726472982194755,0.0,0.0,0.05585053606381855,0.0,0.0,1.2570526160197253,0.0,sine,1,0.4,0.5,22,44,14.120012760162354,0.0
1779527409.2633584,0.0,0.05585053606381855,0.0,0.0,1.2570526160197253,0.0,0.0792,-0.8316,-0.5148,0.0,0.15864616407134646,0.0,0.0,0.06632251157578452,0.0,0.0,1.1552417429867228,0.0,sine,1,0.4,0.5,22,44,14.129815340042114,0.0
1779527409.2733476,0.0,0.06632251157578452,0.0,0.0,1.1552417429867228,0.0,0.0,-0.27720000000000006,-0.35639999999999994,0.0,0.17011608314337612,0.0,0.0,0.07853981633974483,0.0,0.0,1.2092638388817853,0.0,sine,1,0.4,0.5,22,44,14.139827966690063,0.0
1779527409.2833905,0.0,0.07853981633974483,0.0,0.0,1.2092638388817853,0.0,0.0792,-0.198,0.27720000000000006,0.0,0.18139152566831715,0.0,0.0,0.09075712110370514,0.0,0.0020777729190408684,1.2196527034769897,0.0,sine,1,0.4,0.5,22,44,14.14981722831726,0.0
1779527409.2935452,0.0,0.09075712110370514,0.0,0.0020777729190408684,1.2196527034769897,0.0,-0.0396,0.0396,-0.396,0.0,0.19254743081776438,0.0,0.0,0.10297442586766545,0.0,0.0020777729190408684,1.2196527034769897,0.0020777729190408684,sine,1,0.4,0.5,22,44,14.159860134124756,0.0
1779527409.3033972,0.0,0.10297442586766545,0.0,0.0020777729190408684,1.2196527034769897,0.0020777729190408684,0.0,0.0396,-0.3168,0.0,0.20363263735628015,0.0,0.0,0.11519173063162574,0.0,0.0020777729190408684,1.198874974286581,0.0,sine,1,0.4,0.5,22,44,14.17001485824585,0.0
1779527409.3133447,0.0,0.11519173063162574,0.0,0.0020777729190408684,1.198874974286581,0.0,-0.1188,0.35639999999999994,-0.4356,0.0,0.21418936240267794,0.0,0.0,0.12740903539558607,0.0,0.0,1.19679720136754,0.0,sine,1,0.4,0.5,22,44,14.179866790771484,0.0
1779527409.3233156,0.0,0.12740903539558607,0.0,0.0,1.19679720136754,0.0,-0.0396,0.1584,-0.4356,0.0,0.2246403377399626,0.0,0.0,0.13788101090755203,0.0,0.0,1.1116085116868646,0.0,sine,1,0.4,0.5,22,44,14.189814329147339,0.0
1779527409.3334553,0.0,0.13788101090755203,0.0,0.0,1.1116085116868646,0.0,-0.0792,-0.27720000000000006,-0.396,0.0,0.23489570607222296,0.0,0.0,0.15009831567151233,0.0,0.0,1.1490084242296001,0.0,sine,1,0.4,0.5,22,44,14.199785232543945,0.0
1779527409.343369,0.0,0.15009831567151233,0.0,0.0,1.1490084242296001,0.0,0.2376,-0.9107999999999999,-0.198,0.0,0.24508828103399677,0.0,0.0,0.16057029118347835,0.0,-0.0020777729190408684,1.0783641449822108,0.0,sine,1,0.4,0.5,22,44,14.209924936294556,0.0
1779527409.35338,0.0,0.16057029118347835,0.0,-0.0020777729190408684,1.0783641449822108,0.0,-0.0396,-1.6632,-0.396,0.0,0.2548133053216967,0.0,0.0,0.1710422666954443,0.0,-0.0020777729190408684,1.1261529221201507,0.0,sine,1,0.4,0.5,22,44,14.219838619232178,0.0
1779527409.3634331,0.0,0.1710422666954443,0.0,-0.0020777729190408684,1.1261529221201507,0.0,-0.1584,-1.8612000000000002,-0.27720000000000006,0.0,0.26438292521808954,0.0,0.0,0.1832595714594046,0.0,0.0,1.1282306950391916,0.0,sine,1,0.4,0.5,22,44,14.229849576950073,0.0
1779527409.3734133,0.0,0.1832595714594046,0.0,0.0,1.1282306950391916,0.0,-0.0396,-1.9404,-0.35639999999999994,0.0,0.27372972986092997,0.0,0.0,0.1937315469713706,0.0,0.0020777729190408684,1.1240751492011098,0.0,sine,1,0.4,0.5,22,44,14.23990273475647,0.0
1779527409.383307,0.0,0.1937315469713706,0.0,0.0020777729190408684,1.1240751492011098,0.0,-0.0792,-1.3860000000000001,-0.5148,0.0,0.28273867344426107,0.0,0.0,0.20420352248333656,0.0,0.0,1.0929085554154967,0.0,sine,1,0.4,0.5,22,44,14.249882936477661,0.0
1779527409.3933463,0.0,0.20420352248333656,0.0,0.0,1.0929085554154967,0.0,0.0,-0.27720000000000006,-0.4356,0.0,0.2913951977325981,0.0,0.0,0.21467549799530256,0.0,0.0,1.0077198657348212,0.0020777729190408684,sine,1,0.4,0.5,22,44,14.259776592254639,0.0
1779527409.403405,0.0,0.21467549799530256,0.0,0.0,1.0077198657348212,0.0020777729190408684,-0.1188,0.27720000000000006,-0.5544000000000001,0.0,0.29989140335279774,0.0,0.0,0.22514747350726852,0.0,0.0,1.0347309136823524,0.0,sine,1,0.4,0.5,22,44,14.269815921783447,0.0
1779527409.413383,0.0,0.22514747350726852,0.0,0.0,1.0347309136823524,0.0,0.0396,-0.5148,-0.35639999999999994,0.0,0.30810479698812454,0.0,0.0,0.23561944901923448,0.0,0.0,1.0430420053585159,0.0,sine,1,0.4,0.5,22,44,14.279874563217163,0.0
1779527409.423358,0.0,0.23561944901923448,0.0,0.0,1.0430420053585159,0.0,0.0396,-1.584,-0.396,0.0,0.31594845810813355,0.0,0.0,0.24609142453120048,0.0,-0.0020777729190408684,1.0284975949252297,0.0,sine,1,0.4,0.5,22,44,14.289852619171143,0.0
1779527409.4333763,0.0,0.24609142453120048,0.0,-0.0020777729190408684,1.0284975949252297,0.0,0.0396,-2.1780000000000004,-0.3168,0.0,0.32347939203515946,0.0,0.0,0.25481807079117214,0.0,0.0020777729190408684,0.9994087740586577,0.0,sine,1,0.4,0.5,22,44,14.299827575683594,0.0
1779527409.4433725,0.0,0.25481807079117214,0.0,0.0020777729190408684,0.9994087740586577,0.0,-0.0792,-0.99,-0.27720000000000006,0.0,0.3307233619828004,0.0,0.0,0.26529004630313807,0.0,-0.0020777729190408684,0.9640866344349629,0.0,sine,1,0.4,0.5,22,44,14.309845924377441,0.0
1779527409.4533887,0.0,0.26529004630313807,0.0,-0.0020777729190408684,0.9640866344349629,0.0,-0.0396,0.2376,-0.5544000000000001,0.0,0.3376248083927027,0.0,0.0,0.27401669256310973,0.0,0.0,0.9329200406493499,0.0,sine,1,0.4,0.5,22,44,14.319842100143433,0.0
1779527409.4633555,0.0,0.27401669256310973,0.0,0.0,0.9329200406493499,0.0,0.0,-0.8712,0.3168,0.0,0.34420613595537963,0.0,0.0,0.28274333882308134,0.0,0.0,0.899675673944696,0.0,sine,1,0.4,0.5,22,44,14.329858303070068,0.0
1779527409.4733648,0.0,0.28274333882308134,0.0,0.0,0.899675673944696,0.0,0.0,-1.782,-0.198,0.0,0.35041676881251593,0.0,0.0,0.291469985083053,0.0,0.0,0.868509080159083,0.0,sine,1,0.4,0.5,22,44,14.33982515335083,0.0
1779527409.4833465,0.0,0.291469985083053,0.0,0.0,0.868509080159083,0.0,0.0396,-0.2376,-0.2376,0.0,0.3563081104995458,0.0,0.0,0.30019663134302466,0.0,0.0,0.8394202592925109,0.0,sine,1,0.4,0.5,22,44,14.349834442138672,0.0
1779527409.493375,0.0,0.30019663134302466,0.0,0.0,0.8394202592925109,0.0,0.0,-0.198,-0.198,0.0,0.3618323511574476,0.0,0.0,0.30717794835100204,0.0,0.0,0.8082536655068978,0.0,sine,1,0.4,0.5,22,44,14.359816074371338,0.0
1779527409.503346,0.0,0.30717794835100204,0.0,0.0,0.8082536655068978,0.0,0.0,-1.584,-0.396,0.0,0.367024288437368,0.0,0.0,0.31590459461097364,0.0,0.0,0.7791648446403256,-0.0020777729190408684,sine,1,0.4,0.5,22,44,14.369844675064087,0.0
1779527409.513364,0.0,0.31590459461097364,0.0,0.0,0.7791648446403256,-0.0020777729190408684,-0.0396,0.0792,-0.5148,0.0,0.37182521872737984,0.0,0.0,0.32288591161895097,0.0,0.0,0.7085205653929361,0.0,sine,1,0.4,0.5,22,44,14.379815578460693,0.0
1779527409.523348,0.0,0.32288591161895097,0.0,0.0,0.7085205653929361,0.0,-0.0396,-1.4652,-0.3168,0.0,0.3762814623954807,0.0,0.0,0.32812189937493397,0.0,-0.0020777729190408684,0.6544984694978735,0.0,sine,1,0.4,0.5,22,44,14.389833688735962,0.0
1779527409.5333624,0.0,0.32812189937493397,0.0,-0.0020777729190408684,0.6544984694978735,0.0,0.0,-0.27720000000000006,-0.4356,0.0,0.38035175499936585,0.0,0.0,0.3351032163829113,0.0,0.0,0.6690428799311596,0.0,sine,1,0.4,0.5,22,44,14.399817705154419,0.0
1779527409.5434408,0.0,0.3351032163829113,0.0,0.0,0.6690428799311596,0.0,0.0,-1.0692,-0.3168,0.0,0.3840585218162373,0.0,0.0,0.3420845333908886,0.0,0.0,0.648265150740751,-0.0020777729190408684,sine,1,0.4,0.5,22,44,14.409832000732422,0.0
1779527409.553358,0.0,0.3420845333908886,0.0,0.0,0.648265150740751,-0.0020777729190408684,0.0,-0.5544000000000001,-0.35639999999999994,0.0,0.3874052576140915,0.0,0.0,0.3473205211468716,0.0,0.0,0.5921652819266475,0.0,sine,1,0.4,0.5,22,44,14.419910430908203,0.0
1779527409.5634074,0.0,0.3473205211468716,0.0,0.0,0.5921652819266475,0.0,0.0,-1.3464,0.2376,0.0,0.3903194128132981,0.0,0.0,0.3525565089028546,0.0,0.0,0.5693097798171979,0.0,sine,1,0.4,0.5,22,44,14.429827690124512,0.0
1779527409.57331,0.0,0.3525565089028546,0.0,0.0,0.5693097798171979,0.0,0.0,0.0,-0.27720000000000006,0.0,0.39288591595163913,0.0,0.0,0.35953782591083194,0.0,0.0,0.5402209589506258,0.0,sine,1,0.4,0.5,22,44,14.439877033233643,0.0
1779527409.5833478,0.0,0.35953782591083194,0.0,0.0,0.5402209589506258,0.0,0.0,-1.4255999999999998,0.2376,0.0,0.3950318973364321,0.0,0.0,0.36302848441482055,0.0,0.0,0.5069765922459719,0.0,sine,1,0.4,0.5,22,44,14.449779510498047,0.0
1779527409.5933657,0.0,0.36302848441482055,0.0,0.0,0.5069765922459719,0.0,-0.0396,0.5940000000000001,-0.35639999999999994,0.0,0.3968170575304975,0.0,0.0,0.36826447217080355,0.0,0.0,0.47996554429844057,0.0,sine,1,0.4,0.5,22,44,14.45981740951538,0.0
1779527409.6034389,0.0,0.36826447217080355,0.0,0.0,0.47996554429844057,0.0,0.0,-1.5048000000000001,-0.3168,0.0,0.3982052528989206,0.0,0.0,0.3735004599267866,0.0,0.0,0.4487989505128276,-0.0020777729190408684,sine,1,0.4,0.5,22,44,14.46983528137207,0.0
1779527409.6134062,0.0,0.3735004599267866,0.0,0.0,0.4487989505128276,-0.0020777729190408684,0.0,-1.2276,-0.2376,0.0,0.39920345241191724,0.0,0.0,0.37699111843077515,0.0,0.0,0.394776854617765,0.0,sine,1,0.4,0.5,22,44,14.479908466339111,0.0
1779527409.623375,0.0,0.37699111843077515,0.0,0.0,0.394776854617765,0.0,0.0,0.6336,-0.35639999999999994,0.0,0.3997976910380201,0.0,0.0,0.38048177693476387,0.0,0.0,0.36568803375119285,0.004155545838081737,sine,1,0.4,0.5,22,44,14.489875793457031,0.0
1779527409.6333382,0.0,0.38048177693476387,0.0,0.0,0.36568803375119285,0.004155545838081737,0.0,-1.1088000000000002,-0.198,0.0,0.39999995230145685,0.0,0.0,0.3839724354387525,0.0,0.0,0.3262103482894163,0.0,sine,1,0.4,0.5,22,44,14.499844551086426,0.0
1779527409.64338,0.0,0.3839724354387525,0.0,0.0,0.3262103482894163,0.0,-0.0396,-1.5444,-0.198,0.0,0.3998101367960439,0.0,0.0,0.38571776469074687,0.0,-0.0020777729190408684,0.2763437982324355,0.0,sine,1,0.4,0.5,22,44,14.509807825088501,0.0
1779527409.653367,0.0,0.38571776469074687,0.0,-0.0020777729190408684,0.2763437982324355,0.0,-0.0792,-0.3168,0.198,0.0,0.3992225188970815,0.0,0.0,0.3892084231947355,0.0,0.0,0.2430994315277816,0.0,sine,1,0.4,0.5,22,44,14.5198495388031,0.0
1779527409.6634007,0.0,0.3892084231947355,0.0,0.0,0.2430994315277816,0.0,0.0,0.396,0.35639999999999994,0.0,0.3982440506251761,0.0,0.0,0.3909537524467298,0.0,0.0,0.20569951898504596,0.0,sine,1,0.4,0.5,22,44,14.529836654663086,0.0
1779527409.6733603,0.0,0.3909537524467298,0.0,0.0,0.20569951898504596,0.0,-0.0792,0.0,0.1584,0.0,0.3968662810650047,0.0,0.0,0.39269908169872414,0.0,0.0,0.16829960644231035,0.0,sine,1,0.4,0.5,22,44,14.539870262145996,0.0
1779527409.6833491,0.0,0.39269908169872414,0.0,0.0,0.16829960644231035,0.0,-0.0396,-0.4356,0.396,0.0,0.3951087065837113,0.0,0.0,0.39269908169872414,0.0,0.0,0.12674414806149298,0.0,sine,1,0.4,0.5,22,44,14.549829959869385,0.0
1779527409.6933653,0.0,0.39269908169872414,0.0,0.0,0.12674414806149298,0.0,-0.0396,1.1483999999999999,-0.1584,0.0,0.39295751683788266,0.0,0.0,0.39444441095071847,0.0,0.0,0.08311091676163473,0.0,sine,1,0.4,0.5,22,44,14.559818744659424,0.0
1779527409.7034166,0.0,0.39444441095071847,0.0,0.0,0.08311091676163473,0.0,-0.0396,-1.4255999999999998,-0.2376,0.0,0.39041189759795863,0.0,0.0,0.39444441095071847,0.0,0.0,0.05817764173314431,0.0,sine,1,0.4,0.5,22,44,14.56983494758606,0.0
1779527409.7133653,0.0,0.39444441095071847,0.0,0.0,0.05817764173314431,0.0,0.0,1.9008,0.2376,0.0,0.3874688042724657,0.0,0.0,0.39444441095071847,0.0,0.0,0.01246663751424521,0.0,sine,1,0.4,0.5,22,44,14.579886198043823,0.0
1779527409.7233913,0.0,0.39444441095071847,0.0,0.0,0.01246663751424521,0.0,-0.0792,1.7028,-0.198,0.0,0.3841752951230999,0.0,0.0,0.39444441095071847,0.0,-0.0020777729190408684,-0.014544410433286078,0.0,sine,1,0.4,0.5,22,44,14.589834928512573,0.0
1779527409.7333932,0.0,0.39444441095071847,0.0,-0.0020777729190408684,-0.014544410433286078,0.0,0.0792,2.0592,0.198,0.0,0.380476583251871,0.0,0.0,0.39444441095071847,0.0,0.0,-0.07272205216643039,0.0,sine,1,0.4,0.5,22,44,14.599860906600952,0.0
1779527409.7433465,0.0,0.39444441095071847,0.0,0.0,-0.07272205216643039,0.0,0.0792,1.7424,0.1584,0.0,0.37641067275333134,0.0,0.0,0.39269908169872414,0.0,0.0,-0.1121997376282069,0.0,sine,1,0.4,0.5,22,44,14.609862804412842,0.0
1779527409.7535129,0.0,0.39269908169872414,0.0,0.0,-0.1121997376282069,0.0,-0.1188,1.2672,-0.1584,0.0,0.3719956204737669,0.0,0.0,0.3909537524467298,0.0,0.0,-0.1184330563853295,-0.0020777729190408684,sine,1,0.4,0.5,22,44,14.619816064834595,0.0
1779527409.763408,0.0,0.3909537524467298,0.0,0.0,-0.1184330563853295,-0.0020777729190408684,-0.1188,0.8712,0.1188,0.0,0.36711059769570525,0.0,0.0,0.3892084231947355,0.0,0.0,-0.18076624395655555,0.0,sine,1,0.4,0.5,22,44,14.629982471466064,0.0
1779527409.7733493,0.0,0.3892084231947355,0.0,0.0,-0.18076624395655555,0.0,-0.1188,0.1584,0.1188,0.0,0.36199630693611273,0.0,0.0,0.3874630939427412,0.0,0.0,-0.23271056693257725,0.0,sine,1,0.4,0.5,22,44,14.639877557754517,0.0
1779527409.783315,0.0,0.3874630939427412,0.0,0.0,-0.23271056693257725,0.0,-0.1584,0.5940000000000001,0.1188,0.0,0.3565058713386416,0.0,0.0,0.3839724354387525,0.0,0.0,-0.2742660253133946,0.0,sine,1,0.4,0.5,22,44,14.649818897247314,0.0
1779527409.7933457,0.0,0.3839724354387525,0.0,0.0,-0.2742660253133946,0.0,-0.1584,1.6236000000000002,-0.1188,0.0,0.35065301960039896,0.0,0.0,0.38048177693476387,0.0,0.0,-0.31789925661325286,0.0,sine,1,0.4,0.5,22,44,14.65978455543518,0.0
1779527409.8033504,0.0,0.38048177693476387,0.0,0.0,-0.31789925661325286,0.0,-0.1188,1.5444,0.3168,0.0,0.3444149005758066,0.0,0.0,0.3787364476827696,0.0,0.0,-0.3012770732609259,0.0,sine,1,0.4,0.5,22,44,14.669815301895142,0.0
1779527409.813371,0.0,0.3787364476827696,0.0,0.0,-0.3012770732609259,0.0,-0.27720000000000006,0.6336,-0.27720000000000006,0.0,0.33785227650548455,0.0,0.0,0.3735004599267866,0.0,-0.0020777729190408684,-0.38023244418447893,0.0,sine,1,0.4,0.5,22,44,14.67982006072998,0.0
1779527409.8233652,0.0,0.3735004599267866,0.0,-0.0020777729190408684,-0.38023244418447893,0.0,-0.0792,0.5544000000000001,0.1188,0.0,0.33094480961823686,0.0,0.0,0.3700098014227979,0.0,-0.0020777729190408684,-0.4134768108891328,0.0020777729190408684,sine,1,0.4,0.5,22,44,14.68984055519104,0.0
1779527409.833371,0.0,0.3700098014227979,0.0,-0.0020777729190408684,-0.4134768108891328,0.0020777729190408684,-0.198,2.2176000000000005,0.2376,0.0,0.323728758864351,0.0,0.0,0.3700098014227979,0.0,-0.0020777729190408684,-0.4134768108891328,0.0020777729190408684,sine,1,0.4,0.5,22,44,14.699834823608398,0.0
1779527409.8433442,0.0,0.3700098014227979,0.0,-0.0020777729190408684,-0.4134768108891328,0.0020777729190408684,-0.198,2.2176000000000005,0.2376,0.0,0.3161847846402135,0.0,0.0,0.3647738136668149,0.0,0.0,-0.4716544526222771,-0.0020777729190408684,sine,1,0.4,0.5,22,44,14.709840536117554,0.0
1779527409.8533566,0.0,0.3647738136668149,0.0,0.0,-0.4716544526222771,-0.0020777729190408684,-0.2376,0.3168,-0.1584,0.0,0.30835437357540085,0.0,0.0,0.35430183815484895,0.0,-0.0020777729190408684,-0.5464542777077483,0.0,sine,1,0.4,0.5,22,44,14.719813823699951,0.0
1779527409.8633833,0.0,0.35430183815484895,0.0,-0.0020777729190408684,-0.5464542777077483,0.0,-0.1584,0.4752,0.1188,0.0,0.30018880605212206,0.0,0.0,0.3490658503988659,0.0,0.0,-0.5796986444124023,-0.0020777729190408684,sine,1,0.4,0.5,22,44,14.729826211929321,0.0
1779527409.873368,0.0,0.3490658503988659,0.0,0.0,-0.5796986444124023,-0.0020777729190408684,0.1584,1.1483999999999999,0.198,0.0,0.2917139547243365,0.0,0.0,0.3420845333908886,0.0,0.0,-0.6108652381980153,0.0,sine,1,0.4,0.5,22,44,14.739852905273438,0.0
1779527409.8833604,0.0,0.3420845333908886,0.0,0.0,-0.6108652381980153,0.0,-0.2376,0.792,-0.27720000000000006,0.0,0.28298694768036486,0.0,0.0,0.3368485456349056,0.0,0.004155545838081737,-0.6461873778217101,-0.0020777729190408684,sine,1,0.4,0.5,22,44,14.749837636947632,0.0
1779527409.8933783,0.0,0.3368485456349056,0.0,0.004155545838081737,-0.6461873778217101,-0.0020777729190408684,-0.27720000000000006,1.2276,0.2376,0.0,0.27397453345834066,0.0,0.0,0.3298672286269283,0.0,0.0,-0.6773539716073231,-0.0020777729190408684,sine,1,0.4,0.5,22,44,14.759829998016357,0.0
1779527409.9033496,0.0,0.3298672286269283,0.0,0.0,-0.6773539716073231,-0.0020777729190408684,-0.2376,0.4356,-0.198,0.0,0.26466811641311433,0.0,0.0,0.32288591161895097,0.0,0.0,-0.7085205653929361,0.0,sine,1,0.4,0.5,22,44,14.769847869873047,0.0
1779527409.9133468,0.0,0.32288591161895097,0.0,0.0,-0.7085205653929361,0.0,-0.27720000000000006,1.1880000000000002,-0.35639999999999994,0.0,0.25514456686091613,0.0,0.0,0.3141592653589793,0.0,0.0,-0.7376093862595082,0.0,sine,1,0.4,0.5,22,44,14.779819250106812,0.0
1779527409.9236116,0.0,0.3141592653589793,0.0,0.0,-0.7376093862595082,0.0,-0.27720000000000006,0.2376,-0.1584,0.0,0.24534510439849702,0.0,0.0,0.30717794835100204,0.0,0.0,-0.7646204342070395,0.0,sine,1,0.4,0.5,22,44,14.78981637954712,0.0
1779527409.933348,0.0,0.30717794835100204,0.0,0.0,-0.7646204342070395,0.0,-0.198,1.782,-0.198,0.0,0.2350314880953635,0.0,0.0,0.30019663134302466,0.0,0.0,-0.7147538841500587,-0.0020777729190408684,sine,1,0.4,0.5,22,44,14.800081253051758,0.0
1779527409.9433613,0.0,0.30019663134302466,0.0,0.0,-0.7147538841500587,-0.0020777729190408684,-0.35639999999999994,0.792,-0.2376,0.0,0.22502293913239343,0.0,0.0,0.291469985083053,0.0,0.0,-0.7957870279926526,0.0020777729190408684,sine,1,0.4,0.5,22,44,14.809817552566528,0.0
1779527409.9533951,0.0,0.291469985083053,0.0,0.0,-0.7957870279926526,0.0020777729190408684,-0.1188,0.8712,0.1584,0.0,0.2145101110315665,0.0,0.0,0.2844886680750757,0.0,0.0,-0.7666982071260804,0.0,sine,1,0.4,0.5,22,44,14.819830894470215,0.0
1779527409.963349,0.0,0.2844886680750757,0.0,0.0,-0.7666982071260804,0.0,-0.35639999999999994,1.782,-0.1188,0.0,0.20376285018181095,0.0,0.0,0.2775073510670984,0.0,0.0,-0.7812426175593665,0.0,sine,1,0.4,0.5,22,44,14.829864740371704,0.0
1779527409.9734008,0.0,0.2775073510670984,0.0,0.0,-0.7812426175593665,0.0,-0.198,-0.0792,0.1584,0.0,0.19290106816536848,0.0,0.0,0.2687807048071268,0.0,0.0,-0.7937092550736117,0.0,sine,1,0.4,0.5,22,44,14.839818716049194,0.0
1779527409.9833713,0.0,0.2687807048071268,0.0,0.0,-0.7937092550736117,0.0,-0.4356,1.7028,0.2376,0.0,0.18174124578686968,0.0,0.0,0.26005405854715513,0.0,0.0,-0.9349978135683907,0.0,sine,1,0.4,0.5,22,44,14.849870443344116,0.0
1779527409.9933825,0.0,0.26005405854715513,0.0,0.0,-0.9349978135683907,0.0,-0.198,1.1483999999999999,-0.27720000000000006,0.0,0.17049263249504656,0.0,0.0,0.25132741228718347,0.0,0.0,-0.9017534468637369,0.0,sine,1,0.4,0.5,22,44,14.859840869903564,0.0
1779527410.0033493,0.0,0.25132741228718347,0.0,0.0,-0.9017534468637369,0.0,-0.3168,0.8316,0.2376,0.0,0.1590297490311897,0.0,0.0,0.24085543677521748,0.0,0.0,-1.0014865469776986,0.0,sine,1,0.4,0.5,22,44,14.869852066040039,0.0
1779527410.0133479,0.0,0.24085543677521748,0.0,0.0,-1.0014865469776986,0.0,-0.35639999999999994,0.0,0.1584,0.0,0.14746137388275124,0.0,0.0,0.2303834612632515,0.0,-0.0020777729190408684,-1.0430420053585159,0.0,sine,1,0.4,0.5,22,44,14.8798189163208,0.0
1779527410.0233488,0.0,0.2303834612632515,0.0,-0.0020777729190408684,-1.0430420053585159,0.0,-0.3168,0.9504,0.1584,0.0,0.13571095194470648,0.0,0.0,0.21991148575128555,0.0,0.0,-1.07628637206317,0.0,sine,1,0.4,0.5,22,44,14.889817476272583,0.0
1779527410.0333111,0.0,0.21991148575128555,0.0,0.0,-1.07628637206317,0.0,-0.27720000000000006,1.1088000000000002,-0.1584,0.0,0.12382378936222949,0.0,0.0,0.2076941809873252,0.0,0.0,-1.0970641012535784,0.0,sine,1,0.4,0.5,22,44,14.899818420410156,0.0
1779527410.0433552,0.0,0.2076941809873252,0.0,0.0,-1.0970641012535784,0.0,-0.3168,1.7028,-0.198,0.0,0.11186100498098812,0.0,0.0,0.19722220547535924,0.0,0.0,-1.1178418304439872,0.0,sine,1,0.4,0.5,22,44,14.909780740737915,0.0
1779527410.0533776,0.0,0.19722220547535924,0.0,0.0,-1.1178418304439872,0.0,-0.3168,1.7424,-0.1188,0.0,0.09968913875844505,0.0,0.0,0.18500490071139894,0.0,0.0,-1.153163970067682,0.0,sine,1,0.4,0.5,22,44,14.919824838638306,0.0
1779527410.063381,0.0,0.18500490071139894,0.0,0.0,-1.153163970067682,0.0,-0.35639999999999994,1.2672,-0.198,0.0,0.08744462671955927,0.0,0.0,0.17453292519943295,0.0,0.0,-1.1593972888248045,-0.0020777729190408684,sine,1,0.4,0.5,22,44,14.929847240447998,0.0
1779527410.073371,0.0,0.17453292519943295,0.0,0.0,-1.1593972888248045,-0.0020777729190408684,-0.3168,0.99,-0.1188,0.0,0.07513697227375893,0.0,0.0,0.16231562043547265,0.0,0.0,-1.1780972450961724,0.0,sine,1,0.4,0.5,22,44,14.939850568771362,0.0
1779527410.0833428,0.0,0.16231562043547265,0.0,0.0,-1.1780972450961724,0.0,-0.3168,0.9504,-0.198,0.0,0.06277168743303066,0.0,0.0,0.15009831567151233,0.0,0.0,-1.1801750180152133,-0.0020777729190408684,sine,1,0.4,0.5,22,44,14.949840545654297,0.0
1779527410.093401,0.0,0.15009831567151233,0.0,0.0,-1.1801750180152133,-0.0020777729190408684,-0.27720000000000006,0.6732,0.0396,0.0,0.050367167500064626,0.0,0.0,0.15009831567151233,0.0,0.0,-1.1801750180152133,-0.0020777729190408684,sine,1,0.4,0.5,22,44,14.95981240272522,0.0
1779527410.103348,0.0,0.15009831567151233,0.0,0.0,-1.1801750180152133,-0.0020777729190408684,-0.27720000000000006,0.6732,0.0396,0.0,0.03780525026530087,0.0,0.0,0.12740903539558607,0.0,0.0,-1.184330563853295,-0.0020777729190408684,sine,1,0.4,0.5,22,44,14.969870567321777,0.0
1779527410.1133149,0.0,0.12740903539558607,0.0,0.0,-1.184330563853295,-0.0020777729190408684,-0.3168,0.1584,-0.0792,0.0,0.02534492578661465,0.0,0.0,0.11519173063162574,0.0,-0.0020777729190408684,-1.19679720136754,0.0,sine,1,0.4,0.5,22,44,14.979817628860474,0.0
1779527410.1233752,0.0,0.11519173063162574,0.0,-0.0020777729190408684,-1.19679720136754,0.0,0.27720000000000006,0.4356,-0.0396,0.0,0.012834998590247027,0.0,0.0,0.10297442586766545,0.0,0.0,-1.2071860659627445,0.0,sine,1,0.4,0.5,22,44,14.989784479141235,0.0
1779527410.1333926,0.0,0.10297442586766545,0.0,0.0,-1.2071860659627445,0.0,-0.3168,0.1584,-0.1188,0.0,0.00019504325260689105,0.0,0.0,0.09075712110370514,0.0,0.0,-1.2341971139102759,-0.0020777729190408684,sine,1,0.4,0.5,22,44,14.999844789505005,0.0
1779527410.1433427,0.0,0.09075712110370514,0.0,0.0,-1.2341971139102759,-0.0020777729190408684,0.3168,-0.1188,-0.1188,0.0,-0.012391203880801931,0.0,0.0,0.07853981633974483,0.0,0.0020777729190408684,-1.2362748868293167,0.0,sine,1,0.4,0.5,22,44,15.009862184524536,0.0
1779527410.1534374,0.0,0.07853981633974483,0.0,0.0020777729190408684,-1.2362748868293167,0.0,-0.396,0.0792,-0.1584,0.0,-0.024880855191581557,0.0,0.0,0.06632251157578452,0.0,0.0020777729190408684,-1.2445859785054803,0.0,sine,1,0.4,0.5,22,44,15.01981234550476,0.0
1779527410.1633875,0.0,0.06632251157578452,0.0,0.0020777729190408684,-1.2445859785054803,0.0,-0.27720000000000006,0.1188,-0.1584,0.0,-0.037526960303589596,0.0,0.0,0.05585053606381855,0.0,0.0,-1.1282306950391916,0.0,sine,1,0.4,0.5,22,44,15.029906988143921,0.0
1779527410.1733763,0.0,0.05585053606381855,0.0,0.0,-1.1282306950391916,0.0,-0.4752,0.6336,0.0792,0.0,-0.049955192181759915,0.0,0.0,0.04363323129985824,0.0,0.0,-1.1947194284484992,0.0,sine,1,0.4,0.5,22,44,15.039857149124146,0.0
1779527410.1833155,0.0,0.04363323129985824,0.0,0.0,-1.1947194284484992,0.0,-0.1584,0.5148,-0.1188,0.0,-0.06238255714138649,0.0,0.0,0.031415926535897934,0.0,0.0,-1.1178418304439872,0.0,sine,1,0.4,0.5,22,44,15.049845933914185,0.0
1779527410.1933239,0.0,0.031415926535897934,0.0,0.0,-1.1178418304439872,0.0,-0.5940000000000001,1.4255999999999998,-0.1584,0.0,-0.07468727494169851,0.0,0.0,0.019198621771937627,0.0,-0.0020777729190408684,-1.2258860222341124,-0.0020777729190408684,sine,1,0.4,0.5,22,44,15.05978512763977,0.0
1779527410.203354,0.0,0.019198621771937627,0.0,-0.0020777729190408684,-1.2258860222341124,-0.0020777729190408684,-0.2376,0.9107999999999999,-0.198,0.0,-0.0870039864697568,0.0,0.0,0.006981317007977318,0.0,-0.0020777729190408684,-1.2508192972626027,0.004155545838081737,sine,1,0.4,0.5,22,44,15.069793462753296,0.0
1779527410.2133586,0.0,0.006981317007977318,0.0,-0.0020777729190408684,-1.2508192972626027,0.004155545838081737,-0.1584,1.2276,0.1584,0.0,-0.09926110393051216,0.0,0.0,-0.003490658503988659,0.0,-0.0020777729190408684,-1.186408336772336,0.0,sine,1,0.4,0.5,22,44,15.07982349395752,0.0
1779527410.2233498,0.0,-0.003490658503988659,0.0,-0.0020777729190408684,-1.186408336772336,0.0,0.4356,1.0296,-0.0792,0.0,-0.1113891718470471,0.0,0.0,-0.015707963267948967,0.0,0.0,-1.2528970701816435,0.0,sine,1,0.4,0.5,22,44,15.089828252792358,0.0
1779527410.2333698,0.0,-0.015707963267948967,0.0,0.0,-1.2528970701816435,0.0,0.27720000000000006,0.99,-0.0792,0.0,-0.12339096289147973,0.0,0.0,-0.027925268031909273,0.0,0.0,-1.2715970264530114,0.0,sine,1,0.4,0.5,22,44,15.099819421768188,0.0
1779527410.2433598,0.0,-0.027925268031909273,0.0,0.0,-1.2715970264530114,0.0,-0.3168,1.6632,-0.0792,0.0,-0.13530531273330734,0.0,0.0,-0.04014257279586959,0.0,0.0,-1.2736747993720523,0.0,sine,1,0.4,0.5,22,44,15.10983943939209,0.0
1779527410.2533622,0.0,-0.04014257279586959,0.0,0.0,-1.2736747993720523,0.0,-0.2376,1.1088000000000002,-0.0792,0.0,-0.14705049134897377,0.0,0.0,-0.05235987755982988,0.0,0.0,-1.2591303889387662,0.0,sine,1,0.4,0.5,22,44,15.119829416275024,0.0
1779527410.2633555,0.0,-0.05235987755982988,0.0,0.0,-1.2591303889387662,0.0,-0.3168,1.1880000000000002,-0.0792,0.0,-0.1586651411659754,0.0,0.0,-0.06632251157578452,0.0,0.0,-1.2653637076958888,-0.0020777729190408684,sine,1,0.4,0.5,22,44,15.129831790924072,0.0
1779527410.2733476,0.0,-0.06632251157578452,0.0,0.0,-1.2653637076958888,-0.0020777729190408684,-0.35639999999999994,1.4255999999999998,0.0,0.0,-0.17011282921438245,0.0,0.0,-0.07853981633974483,0.0,0.0,-1.2715970264530114,0.0,sine,1,0.4,0.5,22,44,15.139825105667114,0.0
1779527410.2833462,0.0,-0.07853981633974483,0.0,0.0,-1.2715970264530114,0.0,-0.2376,1.3464,-0.0792,0.0,-0.18139152566831837,0.0,0.0,-0.09075712110370514,0.0,0.0,-1.2528970701816435,0.0,sine,1,0.4,0.5,22,44,15.14981722831726,0.0
1779527410.2933855,0.0,-0.09075712110370514,0.0,0.0,-1.2528970701816435,0.0,-0.3168,1.4255999999999998,0.0,0.0,-0.19249858352566662,0.0,0.0,-0.10297442586766545,0.0,0.0,-1.2445859785054803,-0.0020777729190408684,sine,1,0.4,0.5,22,44,15.159815788269043,0.0
1779527410.303329,0.0,-0.10297442586766545,0.0,0.0,-1.2445859785054803,-0.0020777729190408684,-0.3168,1.3464,0.0,0.0,-0.20345983478063678,0.0,0.0,-0.11519173063162574,0.0,0.0,-1.213419384719867,0.0,sine,1,0.4,0.5,22,44,15.169855117797852,0.0
1779527410.3133485,0.0,-0.11519173063162574,0.0,0.0,-1.213419384719867,0.0,-0.198,1.4652,0.0,0.0,-0.21411699017812344,0.0,0.0,-0.12566370614359174,0.0,-0.0020777729190408684,-1.1116085116868646,0.0,sine,1,0.4,0.5,22,44,15.179798603057861,0.0
1779527410.3233585,0.0,-0.12566370614359174,0.0,-0.0020777729190408684,-1.1116085116868646,0.0,-0.35639999999999994,1.3860000000000001,0.0,0.0,-0.22464430406268232,0.0,0.0,-0.13788101090755203,0.0,-0.004155545838081737,-1.1573195159057637,0.0,sine,1,0.4,0.5,22,44,15.189818143844604,0.0
1779527410.3333473,0.0,-0.13788101090755203,0.0,-0.004155545838081737,-1.1573195159057637,0.0,0.1584,1.4255999999999998,0.0,0.0,-0.23493935480202582,0.0,0.0,-0.15009831567151233,0.0,0.0,-1.169786153420009,0.0,sine,1,0.4,0.5,22,44,15.199828147888184,0.0
1779527410.343369,0.0,-0.15009831567151233,0.0,0.0,-1.169786153420009,0.0,-0.198,1.782,-0.1584,0.0,-0.24498100641171527,0.0,0.0,-0.16057029118347835,0.0,0.0,-1.0908307824964558,0.0,sine,1,0.4,0.5,22,44,15.209816932678223,0.0
1779527410.3533835,0.0,-0.16057029118347835,0.0,0.0,-1.0908307824964558,0.0,0.3168,0.9107999999999999,0.0396,0.0,-0.2548133053216956,0.0,0.0,-0.1710422666954443,0.0,0.0020777729190408684,-1.1406973325534366,0.0,sine,1,0.4,0.5,22,44,15.219838619232178,0.0
1779527410.363358,0.0,-0.1710422666954443,0.0,0.0020777729190408684,-1.1406973325534366,0.0,-0.2376,0.35639999999999994,0.0792,0.0,-0.2643862976679063,0.0,0.0,-0.1832595714594046,0.0,0.0020777729190408684,-1.1427751054724775,0.0,sine,1,0.4,0.5,22,44,15.22985315322876,0.0
1779527410.3733466,0.0,-0.1832595714594046,0.0,0.0020777729190408684,-1.1427751054724775,0.0,-0.4356,0.4356,-0.0792,0.0,-0.2736609055284217,0.0,0.0,-0.1937315469713706,0.0,0.0,-1.136541786715355,0.0,sine,1,0.4,0.5,22,44,15.239827632904053,0.0
1779527410.383347,0.0,-0.1937315469713706,0.0,0.0,-1.136541786715355,0.0,-0.27720000000000006,-0.0396,-0.2376,0.0,-0.2826793265283523,0.0,0.0,-0.20420352248333656,0.0,0.0,-1.0929085554154967,0.0,sine,1,0.4,0.5,22,44,15.249816179275513,0.0
1779527410.393347,0.0,-0.20420352248333656,0.0,0.0,-1.0929085554154967,0.0,-0.198,0.8316,-0.0792,0.0,-0.2914296769885089,0.0,0.0,-0.21467549799530256,0.0,-0.0020777729190408684,-0.9973310011396168,0.0,sine,1,0.4,0.5,22,44,15.259816646575928,0.0
1779527410.4033494,0.0,-0.21467549799530256,0.0,-0.0020777729190408684,-0.9973310011396168,0.0,-0.3168,1.4255999999999998,-0.0792,0.0,-0.29989199814009754,0.0,0.0,-0.22514747350726852,0.0,0.0,-1.0222642761681073,0.0,sine,1,0.4,0.5,22,44,15.269816637039185,0.0
1779527410.413346,0.0,-0.22514747350726852,0.0,0.0,-1.0222642761681073,0.0,-0.198,1.1880000000000002,0.0792,0.0,-0.3080602737394073,0.0,0.0,-0.23561944901923448,0.0,0.0,-1.026419822006189,0.0,sine,1,0.4,0.5,22,44,15.279819011688232,0.0
1779527410.4233499,0.0,-0.23561944901923448,0.0,0.0,-1.026419822006189,0.0,-0.198,0.8316,0.0396,0.0,-0.3159199762804079,0.0,0.0,-0.24609142453120048,0.0,0.0,-1.0181087303300256,0.0,sine,1,0.4,0.5,22,44,15.289815664291382,0.0
1779527410.4333594,0.0,-0.24609142453120048,0.0,0.0,-1.0181087303300256,0.0,-0.198,0.2376,0.0,0.0,-0.32347339993897267,0.0,0.0,-0.25481807079117214,0.0,0.0020777729190408684,-0.9973310011396168,0.0,sine,1,0.4,0.5,22,44,15.299819469451904,0.0
1779527410.4433825,0.0,-0.25481807079117214,0.0,0.0020777729190408684,-0.9973310011396168,0.0,-0.27720000000000006,0.5544000000000001,0.0,0.0,-0.33071139636329416,0.0,0.0,-0.26529004630313807,0.0,0.0,-0.9703199531920855,0.0,sine,1,0.4,0.5,22,44,15.309828996658325,0.0
1779527410.4534554,0.0,-0.26529004630313807,0.0,0.0,-0.9703199531920855,0.0,-0.1188,1.4652,0.0792,0.0,-0.33763155603745076,0.0,0.0,-0.27401669256310973,0.0,0.0,-0.8809757176733282,0.0,sine,1,0.4,0.5,22,44,15.319852113723755,0.0
1779527410.4633183,0.0,-0.27401669256310973,0.0,0.0,-0.8809757176733282,0.0,-0.2376,0.5148,0.0792,0.0,-0.34424886379208086,0.0,0.0,-0.28274333882308134,0.0,0.0,-0.883053490592369,0.0,sine,1,0.4,0.5,22,44,15.329925060272217,0.0
1779527410.4733498,0.0,-0.28274333882308134,0.0,0.0,-0.883053490592369,0.0,-0.198,0.0,0.0396,0.0,-0.35039422749307275,0.0,0.0,-0.291469985083053,0.0,0.0,-0.8643535343210013,0.0,sine,1,0.4,0.5,22,44,15.33978796005249,0.0
1779527410.4833932,0.0,-0.291469985083053,0.0,0.0,-0.8643535343210013,0.0,-0.2376,1.2672,0.2376,0.0,-0.3562995322160727,0.0,0.0,-0.2984513020910304,0.0,0.0020777729190408684,-0.7937092550736117,0.0,sine,1,0.4,0.5,22,44,15.349819421768188,0.0
1779527410.4935381,0.0,-0.2984513020910304,0.0,0.0020777729190408684,-0.7937092550736117,0.0,-0.198,1.1088000000000002,0.1188,0.0,-0.3618573808663008,0.0,0.0,-0.30543261909900765,0.0,0.0,-0.7978648009116934,0.0,sine,1,0.4,0.5,22,44,15.359862804412842,0.0
1779527410.5033543,0.0,-0.30543261909900765,0.0,0.0,-0.7978648009116934,0.0,-0.1188,0.0792,0.0,0.0,-0.36710571964602834,0.0,0.0,-0.3141592653589793,0.0,0.0,-0.7812426175593665,0.0,sine,1,0.4,0.5,22,44,15.370007753372192,0.0
1779527410.5133471,0.0,-0.3141592653589793,0.0,0.0,-0.7812426175593665,0.0,-0.2376,1.6632,0.1188,0.0,-0.37182908447429047,0.0,0.0,-0.3211405823669567,0.0,0.0,-0.7563093425308761,0.0,sine,1,0.4,0.5,22,44,15.379823923110962,0.0
1779527410.523448,0.0,-0.3211405823669567,0.0,0.0,-0.7563093425308761,0.0,-0.1584,0.8316,0.0792,0.0,-0.3762742457744379,0.0,0.0,-0.32812189937493397,0.0,0.0020777729190408684,-0.727220521664304,0.0,sine,1,0.4,0.5,22,44,15.389816761016846,0.0
1779527410.533382,0.0,-0.32812189937493397,0.0,0.0020777729190408684,-0.727220521664304,0.0,-0.198,0.9107999999999999,0.0,0.0,-0.38039059700877353,0.0,0.0,-0.3351032163829113,0.0,0.0,-0.7043650195548544,0.0,sine,1,0.4,0.5,22,44,15.399917602539062,0.0
1779527410.543348,0.0,-0.3351032163829113,0.0,0.0,-0.7043650195548544,0.0,-0.1584,0.99,0.1584,0.0,-0.38406538770141374,0.0,0.0,-0.3420845333908886,0.0,0.0,-0.6690428799311596,0.0,sine,1,0.4,0.5,22,44,15.409851551055908,0.0
1779527410.5534055,0.0,-0.3420845333908886,0.0,0.0,-0.6690428799311596,0.0,-0.1584,0.3168,-0.0792,0.0,-0.3873762254490737,0.0,0.0,-0.3490658503988659,0.0,0.0,-0.6357985132265057,0.0,sine,1,0.4,0.5,22,44,15.419817686080933,0.0
1779527410.5633943,0.0,-0.3490658503988659,0.0,0.0,-0.6357985132265057,0.0,-0.1584,0.8712,0.198,0.0,-0.3903324460043469,0.0,0.0,-0.35430183815484895,0.0,0.0,-0.5942430548456884,0.0020777729190408684,sine,1,0.4,0.5,22,44,15.429875135421753,0.0
1779527410.5733466,0.0,-0.35430183815484895,0.0,0.0,-0.5942430548456884,0.0020777729190408684,-0.1584,0.4752,-0.1584,0.0,-0.39288282163823535,0.0,0.0,-0.35953782591083194,0.0,0.0020777729190408684,-0.5235987755982988,0.0,sine,1,0.4,0.5,22,44,15.439863920211792,0.0
1779527410.583556,0.0,-0.35953782591083194,0.0,0.0020777729190408684,-0.5235987755982988,0.0,-0.198,0.5940000000000001,0.0792,0.0,-0.3950391440447115,0.0,0.0,-0.3647738136668149,0.0,0.0,-0.4986655005698084,0.0,sine,1,0.4,0.5,22,44,15.449816226959229,0.0
1779527410.593356,0.0,-0.3647738136668149,0.0,0.0,-0.4986655005698084,0.0,-0.198,1.9008,0.0792,0.0,-0.39684990316349844,0.0,0.0,-0.36826447217080355,0.0,-0.0020777729190408684,-0.4654211338651545,0.0,sine,1,0.4,0.5,22,44,15.460025548934937,0.0
1779527410.603324,0.0,-0.36826447217080355,0.0,-0.0020777729190408684,-0.4654211338651545,0.0,-0.1584,0.198,0.0,0.0,-0.3982040903723232,0.0,0.0,-0.3735004599267866,0.0,-0.0020777729190408684,-0.44464340467474583,0.0,sine,1,0.4,0.5,22,44,15.469825506210327,0.0
1779527410.6133509,0.0,-0.3735004599267866,0.0,-0.0020777729190408684,-0.44464340467474583,0.0,0.0792,0.7127999999999999,0.0396,0.0,-0.3991943173785594,0.0,0.0,-0.37699111843077515,0.0,0.0,-0.38438799002256063,0.0,sine,1,0.4,0.5,22,44,15.479793548583984,0.0
1779527410.6233478,0.0,-0.37699111843077515,0.0,0.0,-0.38438799002256063,0.0,-0.0792,2.3364,0.1584,0.0,-0.39979547457779785,0.0,0.0,-0.38048177693476387,0.0,0.0020777729190408684,-0.3615324879131111,0.0,sine,1,0.4,0.5,22,44,15.48982048034668,0.0
1779527410.6334085,0.0,-0.38048177693476387,0.0,0.0020777729190408684,-0.3615324879131111,0.0,-0.1188,0.35639999999999994,0.0396,0.0,-0.3999999341633902,0.0,0.0,-0.3839724354387525,0.0,0.0020777729190408684,-0.315821483694212,0.0,sine,1,0.4,0.5,22,44,15.499817371368408,0.0
1779527410.6433463,0.0,-0.3839724354387525,0.0,0.0020777729190408684,-0.315821483694212,0.0,-0.1188,0.792,0.0396,0.0,-0.3998074041728093,0.0,0.0,-0.38571776469074687,0.0,0.0020777729190408684,-0.2867326628276398,0.0020777729190408684,sine,1,0.4,0.5,22,44,15.509878158569336,0.0
1779527410.6533492,0.0,-0.38571776469074687,0.0,0.0020777729190408684,-0.2867326628276398,0.0020777729190408684,-0.1584,1.3068,0.0,0.0,-0.399225149288746,0.0,0.0,-0.3892084231947355,0.0,0.0,-0.23271056693257725,0.0,sine,1,0.4,0.5,22,44,15.519815921783447,0.0
1779527410.663349,0.0,-0.3892084231947355,0.0,0.0,-0.23271056693257725,0.0,-0.1188,2.3760000000000003,0.0792,0.0,-0.39824615317015577,0.0,0.0,-0.3909537524467298,0.0,0.0,-0.20777729190408684,0.0,sine,1,0.4,0.5,22,44,15.529818773269653,0.0
1779527410.6733637,0.0,-0.3909537524467298,0.0,0.0,-0.20777729190408684,0.0,-0.0792,1.6632,-0.0396,0.0,-0.3968743979997402,0.0,0.0,-0.39269908169872414,0.0,0.0,-0.17245515228039207,-0.0020777729190408684,sine,1,0.4,0.5,22,44,15.539818525314331,0.0
1779527410.6833498,0.0,-0.39269908169872414,0.0,0.0,-0.17245515228039207,-0.0020777729190408684,-0.1584,0.396,0.0,0.0,-0.3951080526141384,0.0,0.0,-0.39269908169872414,0.0,-0.0020777729190408684,-0.12258860222341124,0.0,sine,1,0.4,0.5,22,44,15.549833297729492,0.0
1779527410.6933517,0.0,-0.39269908169872414,0.0,-0.0020777729190408684,-0.12258860222341124,0.0,-0.1188,0.2376,0.0396,0.0,-0.3929573489181795,0.0,0.0,-0.39444441095071847,0.0,0.0,-0.08934423551875734,0.0,sine,1,0.4,0.5,22,44,15.559819459915161,0.0
1779527410.703356,0.0,-0.39444441095071847,0.0,0.0,-0.08934423551875734,0.0,-0.0792,0.0792,0.1188,0.0,-0.39041561394541574,0.0,0.0,-0.39444441095071847,0.0,0.0,-0.03739991254273563,0.0,sine,1,0.4,0.5,22,44,15.56982135772705,0.0
1779527410.7133617,0.0,-0.39444441095071847,0.0,0.0,-0.03739991254273563,0.0,-0.0792,0.5148,0.0,0.0,-0.38748769616422,0.0,0.0,-0.39444441095071847,0.0,0.0,-0.02701104794753129,0.0,sine,1,0.4,0.5,22,44,15.579825639724731,0.0
1779527410.7233484,0.0,-0.39444441095071847,0.0,0.0,-0.02701104794753129,0.0,-0.0396,0.3168,-0.0792,0.0,-0.38417654667020745,0.0,0.0,-0.39444441095071847,0.0,-0.0020777729190408684,0.016622183352326948,0.0,sine,1,0.4,0.5,22,44,15.589831352233887,0.0
1779527410.7333612,0.0,-0.39444441095071847,0.0,-0.0020777729190408684,0.016622183352326948,0.0,0.0,-0.198,-0.1188,0.0,-0.3804932223612324,0.0,0.0,-0.39444441095071847,0.0,0.0,0.04986655005698084,0.0020777729190408684,sine,1,0.4,0.5,22,44,15.599817991256714,0.0
1779527410.743344,0.0,-0.39444441095071847,0.0,0.0,0.04986655005698084,0.0020777729190408684,-0.0792,-0.5544000000000001,-0.0792,0.0,-0.37642425393844187,0.0,0.0,-0.39269908169872414,0.0,0.0,0.10804419179012516,0.0,sine,1,0.4,0.5,22,44,15.609830856323242,0.0
1779527410.7533622,0.0,-0.39269908169872414,0.0,0.0,0.10804419179012516,0.0,-0.0792,-0.0792,-0.0792,0.0,-0.37199672177531257,0.0,0.0,-0.3909537524467298,0.0,0.0,0.1308996938995747,-0.0020777729190408684,sine,1,0.4,0.5,22,44,15.619813680648804,0.0
1779527410.7633557,0.0,-0.3909537524467298,0.0,0.0,0.1308996938995747,-0.0020777729190408684,-0.0792,0.0,0.0,0.0,-0.36718574724351827,0.0,0.0,-0.3892084231947355,0.0,0.0,0.19115510855175988,0.0,sine,1,0.4,0.5,22,44,15.629831790924072,0.0
1779527410.7733436,0.0,-0.3892084231947355,0.0,0.0,0.19115510855175988,0.0,-0.1188,-1.5444,0.1584,0.0,-0.36202421615215524,0.0,0.0,-0.3874630939427412,0.0,0.0,0.23478833985161812,0.0,sine,1,0.4,0.5,22,44,15.639825344085693,0.0
1779527410.783372,0.0,-0.3874630939427412,0.0,0.0,0.23478833985161812,0.0,-0.0792,-1.3860000000000001,-0.0792,0.0,-0.35650913206989976,0.0,0.0,-0.3839724354387525,0.0,0.0,0.2617993877991494,0.0,sine,1,0.4,0.5,22,44,15.649813175201416,0.0
1779527410.7933533,0.0,-0.3839724354387525,0.0,0.0,0.2617993877991494,0.0,-0.0792,0.3168,0.0,0.0,-0.35061856013047477,0.0,0.0,-0.38048177693476387,0.0,0.0,0.31997702953229373,0.0,sine,1,0.4,0.5,22,44,15.659841537475586,0.0
1779527410.8033953,0.0,-0.38048177693476387,0.0,0.0,0.31997702953229373,0.0,-0.0396,0.1584,-0.0792,0.0,-0.3444100248925915,0.0,0.0,-0.37699111843077515,0.0,0.0,0.3407547587227024,0.0,sine,1,0.4,0.5,22,44,15.669822931289673,0.0
1779527410.8133152,0.0,-0.37699111843077515,0.0,0.0,0.3407547587227024,0.0,-0.0396,-1.1880000000000002,0.1188,0.0,-0.33782211914140414,0.0,0.0,-0.3735004599267866,0.0,0.0,0.4010101733748876,0.0,sine,1,0.4,0.5,22,44,15.679864883422852,0.0
1779527410.8233478,0.0,-0.3735004599267866,0.0,0.0,0.4010101733748876,0.0,0.0,-1.3860000000000001,-0.1188,0.0,-0.33098418186637624,0.0,0.0,-0.3700098014227979,0.0,-0.0020777729190408684,0.41555458380817367,0.0,sine,1,0.4,0.5,22,44,15.68978476524353,0.0
1779527410.8333669,0.0,-0.3700098014227979,0.0,-0.0020777729190408684,0.41555458380817367,0.0,0.0,0.5940000000000001,-0.1584,0.0,-0.32374160477183495,0.0,0.0,-0.3647738136668149,0.0,0.0,0.40516571921296934,0.0,sine,1,0.4,0.5,22,44,15.699817419052124,0.0
1779527410.84336,0.0,-0.3647738136668149,0.0,0.0,0.40516571921296934,0.0,0.0,-1.2672,0.198,0.0,-0.31618790431482774,0.0,0.0,-0.35953782591083194,0.0,0.0,0.4758099984603589,0.0,sine,1,0.4,0.5,22,44,15.709836483001709,0.0
1779527410.8533683,0.0,-0.35953782591083194,0.0,0.0,0.4758099984603589,0.0,0.0,-0.5148,-0.1584,0.0,-0.3083417777086812,0.0,0.0,-0.3560471674068433,0.0,0.0,0.473732225541318,0.0,sine,1,0.4,0.5,22,44,15.719829559326172,0.0
1779527410.8633833,0.0,-0.3560471674068433,0.0,0.0,0.473732225541318,0.0,-0.0396,0.0396,-0.0792,0.0,-0.30017910335879916,0.0,0.0,-0.3508111796508602,0.0,0.0,0.5360654131125441,-0.0020777729190408684,sine,1,0.4,0.5,22,44,15.729837894439697,0.0
1779527410.8733776,0.0,-0.3508111796508602,0.0,0.0,0.5360654131125441,-0.0020777729190408684,-0.0396,-1.5048000000000001,-0.1584,0.0,-0.2917139547243375,0.0,0.0,-0.34382986264288296,0.0,0.0020777729190408684,0.6025541465218518,0.0,sine,1,0.4,0.5,22,44,15.739852905273438,0.0
1779527410.8833518,0.0,-0.34382986264288296,0.0,0.0020777729190408684,0.6025541465218518,0.0,-0.0396,0.5940000000000001,-0.0792,0.0,-0.2829784777502317,0.0,0.0,-0.3368485456349056,0.0,0.0,0.6420318319836283,0.0020777729190408684,sine,1,0.4,0.5,22,44,15.749847173690796,0.0
1779527410.8934495,0.0,-0.3368485456349056,0.0,0.0,0.6420318319836283,0.0020777729190408684,-0.0396,-1.3464,-0.0792,0.0,-0.2739823919259009,0.0,0.0,-0.3298672286269283,0.0,0.0,0.6773539716073231,0.0,sine,1,0.4,0.5,22,44,15.75982141494751,0.0
1779527410.9033732,0.0,-0.3298672286269283,0.0,0.0,0.6773539716073231,0.0,0.0,0.2376,-0.1584,0.0,-0.2646009415867228,0.0,0.0,-0.3246312408709453,0.0,0.0,0.648265150740751,0.0,sine,1,0.4,0.5,22,44,15.769919157028198,0.0
1779527410.9133482,0.0,-0.3246312408709453,0.0,0.0,0.648265150740751,0.0,0.0,-1.3464,0.0,0.0,-0.25512172273924494,0.0,0.0,-0.317649923862968,0.0,0.0,0.7105983383119769,0.0,sine,1,0.4,0.5,22,44,15.779842853546143,0.0
1779527410.9233694,0.0,-0.317649923862968,0.0,0.0,0.7105983383119769,0.0,0.0,-0.198,-0.1188,0.0,-0.2453436846225237,0.0,0.0,-0.3089232776029963,0.0,0.0,0.772931525883203,0.0,sine,1,0.4,0.5,22,44,15.789817810058594,0.0
1779527410.933348,0.0,-0.3089232776029963,0.0,0.0,0.772931525883203,0.0,-0.0792,0.0792,-0.0792,0.0,-0.23527772989720477,0.0,0.0,-0.301941960595019,0.0,0.0,0.7376093862595082,0.0020777729190408684,sine,1,0.4,0.5,22,44,15.79983901977539,0.0
1779527410.9433637,0.0,-0.301941960595019,0.0,0.0,0.7376093862595082,0.0020777729190408684,-0.0396,-1.5444,0.0396,0.0,-0.22502293913239232,0.0,0.0,-0.2932153143350474,0.0,0.0,0.7937092550736117,0.0,sine,1,0.4,0.5,22,44,15.809817552566528,0.0
1779527410.9534655,0.0,-0.2932153143350474,0.0,0.0,0.7937092550736117,0.0,-0.0396,0.7127999999999999,0.0,0.0,-0.2145075822248345,0.0,0.0,-0.2844886680750757,0.0,0.0,0.883053490592369,0.0020777729190408684,sine,1,0.4,0.5,22,44,15.819833278656006,0.0
1779527410.9633455,0.0,-0.2844886680750757,0.0,0.0,0.883053490592369,0.0020777729190408684,-0.0792,-0.9107999999999999,-0.0396,0.0,-0.2036867888036539,0.0,0.0,-0.27576202181510406,0.0,0.0,0.9038312197827777,0.0,sine,1,0.4,0.5,22,44,15.829935073852539,0.0
1779527410.9733589,0.0,-0.27576202181510406,0.0,0.0,0.9038312197827777,0.0,0.0,-1.3464,0.0396,0.0,-0.19290500511564831,0.0,0.0,-0.2670353755551324,0.0,0.0,0.9412311323255134,-0.0020777729190408684,sine,1,0.4,0.5,22,44,15.839815139770508,0.0
1779527410.9833639,0.0,-0.2670353755551324,0.0,0.0,0.9412311323255134,-0.0020777729190408684,-0.0396,-0.9107999999999999,-0.0792,0.0,-0.18178821775942555,0.0,0.0,-0.25830872929516074,0.0,0.0,0.8747423989162055,0.0,sine,1,0.4,0.5,22,44,15.849828481674194,0.0
1779527410.9933643,0.0,-0.25830872929516074,0.0,0.0,0.8747423989162055,0.0,-0.0396,0.1584,-0.0396,0.0,-0.1705010343005175,0.0,0.0,-0.2478367537831948,0.0,0.0,0.9266867218922273,0.0,sine,1,0.4,0.5,22,44,15.859833478927612,0.0
1779527411.0033474,0.0,-0.2478367537831948,0.0,0.0,0.9266867218922273,0.0,0.0792,-0.792,-0.1188,0.0,-0.15905064186640783,0.0,0.0,-0.23911010752322315,0.0,0.0,0.9079867656208594,0.0,sine,1,0.4,0.5,22,44,15.869833946228027,0.0
1779527411.0133526,0.0,-0.23911010752322315,0.0,0.0,0.9079867656208594,0.0,-0.0396,-1.4255999999999998,0.0,0.0,-0.14746360190789295,0.0,0.0,-0.22863813201125718,0.0,0.0,0.9827865907063308,0.0,sine,1,0.4,0.5,22,44,15.879817008972168,0.0
1779527411.0233574,0.0,-0.22863813201125718,0.0,0.0,0.9827865907063308,0.0,0.0,-0.3168,-0.0792,0.0,-0.13570531523092635,0.0,0.0,-0.2181661564992912,0.0,0.0020777729190408684,1.0534308699537203,0.0,sine,1,0.4,0.5,22,44,15.889822244644165,0.0
1779527411.033465,0.0,-0.2181661564992912,0.0,0.0020777729190408684,1.0534308699537203,0.0,-0.0792,0.3168,0.0,0.0,-0.12381353331251888,0.0,0.0,-0.2076941809873252,0.0,0.0020777729190408684,1.088753009577415,0.0,sine,1,0.4,0.5,22,44,15.899827003479004,0.0
1779527411.0433576,0.0,-0.2076941809873252,0.0,0.0020777729190408684,1.088753009577415,0.0,0.0396,0.35639999999999994,0.0,0.0,-0.1116754565601754,0.0,0.0,-0.19722220547535924,0.0,0.0020777729190408684,1.0243420490871482,0.0,sine,1,0.4,0.5,22,44,15.909934520721436,0.0
1779527411.053475,0.0,-0.19722220547535924,0.0,0.0020777729190408684,1.0243420490871482,0.0,0.0,-0.4356,-0.0396,0.0,-0.09968623723648964,0.0,0.0,-0.18849555921538758,0.0,0.0,1.0014865469776986,0.0,sine,1,0.4,0.5,22,44,15.919827222824097,0.0
1779527411.063349,0.0,-0.18849555921538758,0.0,0.0,1.0014865469776986,0.0,0.0396,-2.1384,0.0396,0.0,-0.08732534026815159,0.0,0.0,-0.1762782544514273,0.0,0.0,1.105375192929742,0.0,sine,1,0.4,0.5,22,44,15.929944515228271,0.0
1779527411.0733829,0.0,-0.1762782544514273,0.0,0.0,1.105375192929742,0.0,0.0,-1.8215999999999999,-0.0792,0.0,-0.0751764043962588,0.0,0.0,-0.16406094968746698,0.0,0.0,1.1573195159057637,0.0,sine,1,0.4,0.5,22,44,15.939818620681763,0.0
1779527411.0833476,0.0,-0.16406094968746698,0.0,0.0,1.1573195159057637,0.0,-0.0396,-2.0592,-0.0396,0.0,-0.06275689271577746,0.0,0.0,-0.15358897417550102,0.0,0.0020777729190408684,1.1822527909342542,0.0,sine,1,0.4,0.5,22,44,15.949852466583252,0.0
1779527411.0933645,0.0,-0.15358897417550102,0.0,0.0020777729190408684,1.1822527909342542,0.0,-0.0792,-1.3068,0.0,0.0,-0.05036122307520058,0.0,0.0,-0.14137166941154067,0.0,0.0,1.1947194284484992,0.0,sine,1,0.4,0.5,22,44,15.959817171096802,0.0
1779527411.1033542,0.0,-0.14137166941154067,0.0,0.0,1.1947194284484992,0.0,-0.0396,-1.2276,-0.1188,0.0,-0.037850884481274064,0.0,0.0,-0.12915436464758037,0.0,0.0,1.119919603363028,0.0,sine,1,0.4,0.5,22,44,15.969834089279175,0.0
1779527411.1134849,0.0,-0.12915436464758037,0.0,0.0,1.119919603363028,0.0,-0.0396,-0.7127999999999999,0.0396,0.0,-0.025337151688417645,0.0,0.0,-0.12915436464758037,0.0,0.0,1.119919603363028,0.0,sine,1,0.4,0.5,22,44,15.97982382774353,0.0
1779527411.1233847,0.0,-0.12915436464758037,0.0,0.0,1.119919603363028,0.0,-0.0396,-0.7127999999999999,0.0396,0.0,-0.012621487961225293,0.0,0.0,-0.10471975511965977,0.0,-0.0020777729190408684,1.2404304326673985,0.0,sine,1,0.4,0.5,22,44,15.989954471588135,0.0
1779527411.1333723,0.0,-0.10471975511965977,0.0,-0.0020777729190408684,1.2404304326673985,0.0,-0.1584,-0.198,-0.1584,0.0,-0.00018305902904099605,0.0,0.0,-0.09424777960769379,0.0,0.0,1.151086197148641,0.0,sine,1,0.4,0.5,22,44,15.999854326248169,0.0
1779527411.143472,0.0,-0.09424777960769379,0.0,0.0,1.151086197148641,0.0,0.0,-0.0792,0.0396,0.0,0.012365749600000898,0.0,0.0,-0.08203047484373349,0.0,0.0020777729190408684,1.2196527034769897,0.0020777729190408684,sine,1,0.4,0.5,22,44,16.009841918945312,0.0
1779527411.1533654,0.0,-0.08203047484373349,0.0,0.0020777729190408684,1.2196527034769897,0.0020777729190408684,0.0,0.2376,-0.0396,0.0,0.025042924935061633,0.0,0.0,-0.06981317007977318,0.0,0.0020777729190408684,1.2425082055864394,-0.0020777729190408684,sine,1,0.4,0.5,22,44,16.019941568374634,0.0
1779527411.1633894,0.0,-0.06981317007977318,0.0,0.0020777729190408684,1.2425082055864394,-0.0020777729190408684,-0.0396,0.396,0.0,0.0,0.03743687751938555,0.0,0.0,-0.05759586531581287,0.0,0.0,1.167708380500968,0.0020777729190408684,sine,1,0.4,0.5,22,44,16.029834985733032,0.0
1779527411.1733704,0.0,-0.05759586531581287,0.0,0.0,1.167708380500968,0.0020777729190408684,-0.1188,0.0,0.0,0.0,0.04995757026058119,0.0,0.0,-0.04537856055185257,0.0,0.0,1.2217304763960306,-0.0020777729190408684,sine,1,0.4,0.5,22,44,16.03985905647278,0.0
1779527411.1833754,0.0,-0.04537856055185257,0.0,0.0,1.2217304763960306,-0.0020777729190408684,0.0396,0.6336,0.0396,0.0,0.06237515863968503,0.0,0.0,-0.03316125578789226,0.0,-0.0020777729190408684,1.2861414368862976,0.0,sine,1,0.4,0.5,22,44,16.049839973449707,0.0
1779527411.193424,0.0,-0.03316125578789226,0.0,-0.0020777729190408684,1.2861414368862976,0.0,-0.0792,0.2376,0.0792,0.0,0.07476115211133592,0.0,0.0,-0.03316125578789226,0.0,-0.0020777729190408684,1.2861414368862976,0.0,sine,1,0.4,0.5,22,44,16.059844970703125,0.0
1779527411.203392,0.0,-0.03316125578789226,0.0,-0.0020777729190408684,1.2861414368862976,0.0,-0.0792,0.2376,0.0792,0.0,0.08712680381039756,0.0,0.0,-0.008726646259971648,0.0,0.0,1.263285934776848,0.0,sine,1,0.4,0.5,22,44,16.06989359855652,0.0
1779527411.2133644,0.0,-0.008726646259971648,0.0,0.0,1.263285934776848,0.0,0.0396,0.27720000000000006,-0.0792,0.0,0.09930754069477858,0.0,0.0,0.003490658503988659,0.0,0.0,1.2902969827243793,0.0,sine,1,0.4,0.5,22,44,16.079861640930176,0.0
1779527411.22335,0.0,0.003490658503988659,0.0,0.0,1.2902969827243793,0.0,0.0,0.7127999999999999,-0.0396,0.0,0.11139607793575453,0.0,0.0,0.013962634015954637,0.0,0.0,1.1926416555294586,0.0020777729190408684,sine,1,0.4,0.5,22,44,16.089833974838257,0.0
1779527411.2333555,0.0,0.013962634015954637,0.0,0.0,1.1926416555294586,0.0020777729190408684,-0.1188,0.198,-0.0792,0.0,0.12339124788580287,0.0,0.0,0.02617993877991494,0.0,0.0020777729190408684,1.2300415680721941,0.0,sine,1,0.4,0.5,22,44,16.099819660186768,0.0
1779527411.243354,0.0,0.02617993877991494,0.0,0.0020777729190408684,1.2300415680721941,0.0,0.0,0.5544000000000001,-0.0396,0.0,0.13528839593718914,0.0,0.0,0.02617993877991494,0.0,0.0020777729190408684,1.2300415680721941,0.0,sine,1,0.4,0.5,22,44,16.109825134277344,0.0
1779527411.2533581,0.0,0.02617993877991494,0.0,0.0020777729190408684,1.2300415680721941,0.0,0.0,0.5544000000000001,-0.0396,0.0,0.14704380431731762,0.0,0.0,0.05235987755982988,0.0,0.0,1.279908118129175,0.0,sine,1,0.4,0.5,22,44,16.119823694229126,0.0
1779527411.263356,0.0,0.05235987755982988,0.0,0.0,1.279908118129175,0.0,0.0396,0.35639999999999994,0.0,0.0,0.15866046568924885,0.0,0.0,0.06457718232379019,0.0,0.0,1.2882192098053384,0.0,sine,1,0.4,0.5,22,44,16.129827737808228,0.0
1779527411.2733576,0.0,0.06457718232379019,0.0,0.0,1.2882192098053384,0.0,0.0,0.1584,-0.0792,0.0,0.17011337153683423,0.0,0.0,0.07853981633974483,0.0,0.0,1.277830345210134,0.0,sine,1,0.4,0.5,22,44,16.139825582504272,0.0
1779527411.2833848,0.0,0.07853981633974483,0.0,0.0,1.277830345210134,0.0,0.0,0.0,-0.198,0.0,0.18140274078065155,0.0,0.0,0.09075712110370514,0.0,0.0,1.2528970701816435,0.0,sine,1,0.4,0.5,22,44,16.149827241897583,0.0
1779527411.2933965,0.0,0.09075712110370514,0.0,0.0,1.2528970701816435,0.0,0.0396,0.0792,-0.0396,0.0,0.19254112815134097,0.0,0.0,0.10122909661567113,0.0,0.0020777729190408684,1.1427751054724775,0.0,sine,1,0.4,0.5,22,44,16.159854412078857,0.0
1779527411.3033938,0.0,0.10122909661567113,0.0,0.0020777729190408684,1.1427751054724775,0.0,0.0,-0.0792,-0.1188,0.0,0.20347170047678112,0.0,0.0,0.1117010721276371,0.0,0.0020777729190408684,1.0908307824964558,0.0,sine,1,0.4,0.5,22,44,16.16986608505249,0.0
1779527411.3133664,0.0,0.1117010721276371,0.0,0.0020777729190408684,1.0908307824964558,0.0,-0.0396,-0.8316,-0.198,0.0,0.2141858199351379,0.0,0.0,0.1239183768915974,0.0,0.0,1.0679752803870064,0.0,sine,1,0.4,0.5,22,44,16.179863452911377,0.0
1779527411.3233726,0.0,0.1239183768915974,0.0,0.0,1.0679752803870064,0.0,0.0,-1.2672,0.0,0.0,0.22466289577035045,0.0,0.0,0.1343903524035634,0.0,0.0,1.074208599144129,0.0,sine,1,0.4,0.5,22,44,16.189836025238037,0.0
1779527411.3333764,0.0,0.1343903524035634,0.0,0.0,1.074208599144129,0.0,0.1188,-1.782,-0.1188,0.0,0.23495366095642445,0.0,0.0,0.14311699866353503,0.0,0.0020777729190408684,0.9994087740586577,0.0,sine,1,0.4,0.5,22,44,16.19984221458435,0.0
1779527411.3433573,0.0,0.14311699866353503,0.0,0.0020777729190408684,0.9994087740586577,0.0,0.0,-1.5444,-0.1584,0.0,0.24500989992440095,0.0,0.0,0.15358897417550102,0.0,0.0,1.0326531407633115,0.0,sine,1,0.4,0.5,22,44,16.209846019744873,0.0
1779527411.35335,0.0,0.15358897417550102,0.0,0.0,1.0326531407633115,0.0,0.0,0.2376,-0.0396,0.0,0.2548019887522994,0.0,0.0,0.1658062789394613,0.0,0.0,1.1573195159057637,0.0,sine,1,0.4,0.5,22,44,16.2198269367218,0.0
1779527411.3633814,0.0,0.1658062789394613,0.0,0.0,1.1573195159057637,0.0,-0.0396,0.396,-0.1188,0.0,0.2643545953221121,0.0,0.0,0.17802358370342164,0.0,0.0,1.186408336772336,0.0,sine,1,0.4,0.5,22,44,16.229819536209106,0.0
1779527411.3733592,0.0,0.17802358370342164,0.0,0.0,1.186408336772336,0.0,-0.1188,0.5940000000000001,-0.1188,0.0,0.27368231917564123,0.0,0.0,0.19024088846738194,0.0,-0.0020777729190408684,1.1739416992580907,0.0,sine,1,0.4,0.5,22,44,16.239850997924805,0.0
1779527411.383351,0.0,0.19024088846738194,0.0,-0.0020777729190408684,1.1739416992580907,0.0,-0.0792,0.5148,-0.1188,0.0,0.28269056100579426,0.0,0.0,0.20071286397934787,0.0,0.0,1.1656306075819272,-0.0020777729190408684,sine,1,0.4,0.5,22,44,16.249828815460205,0.0
1779527411.3933938,0.0,0.20071286397934787,0.0,0.0,1.1656306075819272,-0.0020777729190408684,0.0792,0.0,0.0,0.0,0.2914331657037416,0.0,0.0,0.2111848394913139,0.0,-0.0020777729190408684,1.0700530533060473,0.0,sine,1,0.4,0.5,22,44,16.259820699691772,0.0
1779527411.403345,0.0,0.2111848394913139,0.0,-0.0020777729190408684,1.0700530533060473,0.0,-0.0792,-1.2276,-0.1188,0.0,0.29993085429570576,0.0,0.0,0.22165681500327988,0.0,-0.004155545838081737,1.0721308262250882,0.0,sine,1,0.4,0.5,22,44,16.26986336708069,0.0
1779527411.4134245,0.0,0.22165681500327988,0.0,-0.004155545838081737,1.0721308262250882,0.0,-0.2376,-1.584,0.0396,0.0,0.30805683378469095,0.0,0.0,0.23212879051524585,0.0,0.0,1.009797638653862,0.0,sine,1,0.4,0.5,22,44,16.27981472015381,0.0
1779527411.423385,0.0,0.23212879051524585,0.0,0.0,1.009797638653862,0.0,-0.0396,-1.7424,-0.198,0.0,0.31598042618311595,0.0,0.0,0.24260076602721178,0.0,0.0020777729190408684,1.0368086866013932,0.0,sine,1,0.4,0.5,22,44,16.289894104003906,0.0
1779527411.4333766,0.0,0.24260076602721178,0.0,0.0020777729190408684,1.0368086866013932,0.0,0.0396,-0.8316,-0.1584,0.0,0.32349930543577604,0.0,0.0,0.2530727415391778,0.0,0.0020777729190408684,1.0201865032490665,0.0,sine,1,0.4,0.5,22,44,16.299854516983032,0.0
1779527411.4433725,0.0,0.2530727415391778,0.0,0.0020777729190408684,1.0201865032490665,0.0,-0.0396,0.1188,0.0,0.0,0.330723530505973,0.0,0.0,0.2617993877991494,0.0,0.004155545838081737,1.0014865469776986,0.0,sine,1,0.4,0.5,22,44,16.30984616279602,0.0
1779527411.4533432,0.0,0.2617993877991494,0.0,0.004155545838081737,1.0014865469776986,0.0,0.1188,-0.35639999999999994,-0.1188,0.0,0.3376248083927027,0.0,0.0,0.27227136331111546,0.0,0.0,0.962008861515922,0.0,sine,1,0.4,0.5,22,44,16.319842100143433,0.0
1779527411.4633741,0.0,0.27227136331111546,0.0,0.0,0.962008861515922,0.0,0.0792,-1.3068,-0.198,0.0,0.3441769807805979,0.0,0.0,0.28099800957108706,0.0,0.0,0.9349978135683907,0.0020777729190408684,sine,1,0.4,0.5,22,44,16.32981276512146,0.0
1779527411.4733722,0.0,0.28099800957108706,0.0,0.0,0.9349978135683907,0.0020777729190408684,0.0,-1.584,-0.1188,0.0,0.350428037678162,0.0,0.0,0.2897246558310587,0.0,0.0,0.8975979010256552,0.0,sine,1,0.4,0.5,22,44,16.33984375,0.0
1779527411.483382,0.0,0.2897246558310587,0.0,0.0,0.8975979010256552,0.0,0.0,-0.0792,-0.1584,0.0,0.3563123312684189,0.0,0.0,0.2984513020910304,0.0,-0.0020777729190408684,0.868509080159083,0.0,sine,1,0.4,0.5,22,44,16.349841833114624,0.0
1779527411.493396,0.0,0.2984513020910304,0.0,-0.0020777729190408684,0.868509080159083,0.0,0.0,-0.9504,-0.1188,0.0,0.36185137955509866,0.0,0.0,0.30717794835100204,0.0,0.0,0.8290313946973065,0.0,sine,1,0.4,0.5,22,44,16.359851598739624,0.0
1779527411.5033653,0.0,0.30717794835100204,0.0,0.0,0.8290313946973065,0.0,-0.0792,-1.584,-0.0792,0.0,0.36703477036733845,0.0,0.0,0.3141592653589793,0.0,0.0,0.7937092550736117,0.0,sine,1,0.4,0.5,22,44,16.369865655899048,0.0
1779527411.5134377,0.0,0.3141592653589793,0.0,0.0,0.7937092550736117,0.0,0.0,0.198,-0.198,0.0,0.37183416478160014,0.0,0.0,0.3211405823669567,0.0,0.0,0.7189094299881404,0.0,sine,1,0.4,0.5,22,44,16.3798348903656,0.0
1779527411.5233717,0.0,0.3211405823669567,0.0,0.0,0.7189094299881404,0.0,0.0,-1.7424,-0.1188,0.0,0.376312857549324,0.0,0.0,0.32812189937493397,0.0,0.0,0.7043650195548544,0.0,sine,1,0.4,0.5,22,44,16.389907360076904,0.0
1779527411.5333743,0.0,0.32812189937493397,0.0,0.0,0.7043650195548544,0.0,0.0,0.0,0.27720000000000006,0.0,0.3803609358471542,0.0,0.0,0.3351032163829113,0.0,0.0,0.6918983820406092,0.0,sine,1,0.4,0.5,22,44,16.39984130859375,0.0
1779527411.5433474,0.0,0.3351032163829113,0.0,0.0,0.6918983820406092,0.0,0.0,-1.2672,-0.1188,0.0,0.3840627085039632,0.0,0.0,0.3420845333908886,0.0,0.0,0.6295651944693831,0.0,sine,1,0.4,0.5,22,44,16.409843921661377,0.0
1779527411.5533178,0.0,0.3420845333908886,0.0,0.0,0.6295651944693831,0.0,0.0,-0.7524000000000001,0.35639999999999994,0.0,0.38737600142283807,0.0,0.0,0.3473205211468716,0.0,0.0,0.6046319194408927,0.0,sine,1,0.4,0.5,22,44,16.419816970825195,0.0
1779527411.5633943,0.0,0.3473205211468716,0.0,0.0,0.6046319194408927,0.0,-0.0396,-1.1088000000000002,0.198,0.0,0.3903083376155751,0.0,0.0,0.35430183815484895,0.0,0.0,0.583854190250484,0.0,sine,1,0.4,0.5,22,44,16.429787397384644,0.0
1779527411.5733588,0.0,0.35430183815484895,0.0,0.0,0.583854190250484,0.0,-0.0792,-0.1188,-0.2376,0.0,0.3928828216382356,0.0,0.0,0.35953782591083194,0.0,0.0,0.5443765047887075,-0.0020777729190408684,sine,1,0.4,0.5,22,44,16.439863920211792,0.0
1779527411.5833168,0.0,0.35953782591083194,0.0,0.0,0.5443765047887075,-0.0020777729190408684,-0.0792,-1.4652,-0.0792,0.0,0.3950415427700789,0.0,0.0,0.3647738136668149,0.0,0.0,0.504898819326931,0.0,sine,1,0.4,0.5,22,44,16.449828386306763,0.0
1779527411.5933926,0.0,0.3647738136668149,0.0,0.0,0.504898819326931,0.0,-0.0396,0.6732,0.198,0.0,0.396812151913962,0.0,0.0,0.36826447217080355,0.0,-0.0020777729190408684,0.47788777137939975,0.0,sine,1,0.4,0.5,22,44,16.459786415100098,0.0
1779527411.6033626,0.0,0.36826447217080355,0.0,-0.0020777729190408684,0.47788777137939975,0.0,0.0,-1.1483999999999999,0.3168,0.0,0.3982084549918172,0.0,0.0,0.3735004599267866,0.0,-0.0020777729190408684,0.4467211775937867,0.0,sine,1,0.4,0.5,22,44,16.46986222267151,0.0
1779527411.6135023,0.0,0.3735004599267866,0.0,-0.0020777729190408684,0.4467211775937867,0.0,0.0396,-1.0692,-0.2376,0.0,0.3991973934645004,0.0,0.0,0.37699111843077515,0.0,-0.004155545838081737,0.394776854617765,-0.0020777729190408684,sine,1,0.4,0.5,22,44,16.4798321723938,0.0
1779527411.6233802,0.0,0.37699111843077515,0.0,-0.004155545838081737,0.394776854617765,-0.0020777729190408684,-0.0792,0.35639999999999994,-0.4356,0.0,0.39980151248309914,0.0,0.0,0.38048177693476387,0.0,0.0,0.35322139623694765,0.0,sine,1,0.4,0.5,22,44,16.48997187614441,0.0
1779527411.633354,0.0,0.38048177693476387,0.0,0.0,0.35322139623694765,0.0,0.0,-0.9107999999999999,-0.396,0.0,0.39999995546607,0.0,0.0,0.3839724354387525,0.0,0.0,0.315821483694212,0.0,sine,1,0.4,0.5,22,44,16.499849796295166,0.0
1779527411.6433463,0.0,0.3839724354387525,0.0,0.0,0.315821483694212,0.0,0.0,-1.4652,-0.4752,0.0,0.39980952712453754,0.0,0.0,0.38571776469074687,0.0,0.0020777729190408684,0.27842157115147637,0.0,sine,1,0.4,0.5,22,44,16.50982356071472,0.0
1779527411.6533477,0.0,0.38571776469074687,0.0,0.0020777729190408684,0.27842157115147637,0.0,-0.0396,-0.6336,-0.396,0.0,0.39922514928874603,0.0,0.0,0.3892084231947355,0.0,0.0,0.2430994315277816,0.0,sine,1,0.4,0.5,22,44,16.519815921783447,0.0
1779527411.6634927,0.0,0.3892084231947355,0.0,0.0,0.2430994315277816,0.0,-0.1188,0.3168,0.5148,0.0,0.39824632131946197,0.0,0.0,0.3909537524467298,0.0,0.0020777729190408684,0.20777729190408684,0.0,sine,1,0.4,0.5,22,44,16.52981734275818,0.0
1779527411.673357,0.0,0.3909537524467298,0.0,0.0020777729190408684,0.20777729190408684,0.0,-0.1188,0.0396,0.4356,0.0,0.3968518167348029,0.0,0.0,0.39269908169872414,0.0,0.0020777729190408684,0.16829960644231035,0.0,sine,1,0.4,0.5,22,44,16.53996229171753,0.0
1779527411.6833644,0.0,0.39269908169872414,0.0,0.0020777729190408684,0.16829960644231035,0.0,0.0,-0.4356,-0.396,0.0,0.3951093605098381,0.0,0.0,0.39269908169872414,0.0,0.0,0.12882192098053383,0.0020777729190408684,sine,1,0.4,0.5,22,44,16.549826622009277,0.0
1779527411.6933556,0.0,0.39269908169872414,0.0,0.0,0.12882192098053383,0.0020777729190408684,-0.0396,0.99,0.5148,0.0,0.39295393412055324,0.0,0.0,0.39444441095071847,0.0,-0.0020777729190408684,0.09557755427587994,0.0,sine,1,0.4,0.5,22,44,16.559834003448486,0.0
1779527411.7033563,0.0,0.39444441095071847,0.0,-0.0020777729190408684,0.09557755427587994,0.0,-0.0396,1.1880000000000002,-0.3168,0.0,0.39041457083200704,0.0,0.0,0.39444441095071847,0.0,0.0,0.06025541465218518,0.0,sine,1,0.4,0.5,22,44,16.569825172424316,0.0
1779527411.713358,0.0,0.39444441095071847,0.0,0.0,0.06025541465218518,0.0,0.0,1.9404,-0.3168,0.0,0.38748762181419316,0.0,0.0,0.39444441095071847,0.0,0.0,0.01246663751424521,0.0,sine,1,0.4,0.5,22,44,16.57982587814331,0.0
1779527411.7233899,0.0,0.39444441095071847,0.0,0.0,0.01246663751424521,0.0,-0.0396,1.782,-0.35639999999999994,0.0,0.38417788160033783,0.0,0.0,0.39444441095071847,0.0,-0.0020777729190408684,-0.014544410433286078,0.0,sine,1,0.4,0.5,22,44,16.58982753753662,0.0
1779527411.7334037,0.0,0.39444441095071847,0.0,-0.0020777729190408684,-0.014544410433286078,0.0,-0.0396,1.98,0.4752,0.0,0.3804771380002758,0.0,0.0,0.39444441095071847,0.0,0.0,-0.07064427924738953,0.0,sine,1,0.4,0.5,22,44,16.599859476089478,0.0
1779527411.743344,0.0,0.39444441095071847,0.0,0.0,-0.07064427924738953,0.0,0.0396,1.782,0.4356,0.0,0.3764062124327463,0.0,0.0,0.39269908169872414,0.0,0.0,-0.10804419179012516,0.0,sine,1,0.4,0.5,22,44,16.609873294830322,0.0
1779527411.7533643,0.0,0.39269908169872414,0.0,0.0,-0.10804419179012516,0.0,-0.0396,1.3860000000000001,0.396,0.0,0.37199672177531207,0.0,0.0,0.3909537524467298,0.0,0.0,-0.14752187725190166,-0.0020777729190408684,sine,1,0.4,0.5,22,44,16.619813680648804,0.0
1779527411.763387,0.0,0.3909537524467298,0.0,0.0,-0.14752187725190166,-0.0020777729190408684,-0.0396,0.7524000000000001,-0.5544000000000001,0.0,0.36718467765338625,0.0,0.0,0.3892084231947355,0.0,0.0,-0.15998851476614687,0.0,sine,1,0.4,0.5,22,44,16.629833936691284,0.0
1779527411.7733486,0.0,0.3892084231947355,0.0,0.0,-0.15998851476614687,0.0,-0.0792,0.2376,-0.4356,0.0,0.3620075227689068,0.0,0.0,0.3874630939427412,0.0,0.0,-0.18907733563271903,0.0,sine,1,0.4,0.5,22,44,16.639856576919556,0.0
1779527411.783367,0.0,0.3874630939427412,0.0,0.0,-0.18907733563271903,0.0,-0.1188,0.2376,0.396,0.0,0.35650627893635023,0.0,0.0,0.38571776469074687,0.0,0.0,-0.25348829612298596,0.0,sine,1,0.4,0.5,22,44,16.649818181991577,0.0
1779527411.7933452,0.0,0.38571776469074687,0.0,0.0,-0.25348829612298596,0.0,0.0792,1.5444,0.396,0.0,0.3506215884002813,0.0,0.0,0.3822271061867582,0.0,-0.0020777729190408684,-0.26803270655627204,0.0,sine,1,0.4,0.5,22,44,16.659836530685425,0.0
1779527411.8033473,0.0,0.3822271061867582,0.0,-0.0020777729190408684,-0.26803270655627204,0.0,-0.0792,1.7424,0.4356,0.0,0.3444152052994393,0.0,0.0,0.3787364476827696,0.0,-0.0020777729190408684,-0.299199300341885,0.0,sine,1,0.4,0.5,22,44,16.669814825057983,0.0
1779527411.813395,0.0,0.3787364476827696,0.0,-0.0020777729190408684,-0.299199300341885,0.0,-0.0792,0.6336,0.4356,0.0,0.3378543616074966,0.0,0.0,0.3752457891787808,0.0,0.0,-0.3220548024513346,0.0,sine,1,0.4,0.5,22,44,16.679816961288452,0.0
1779527411.8233821,0.0,0.3752457891787808,0.0,0.0,-0.3220548024513346,0.0,0.0,0.9107999999999999,0.4356,0.0,0.3309278124726013,0.0,0.0,0.3717551306747922,0.0,0.0,-0.363610260832152,-0.0020777729190408684,sine,1,0.4,0.5,22,44,16.68986463546753,0.0
1779527411.8333783,0.0,0.3717551306747922,0.0,0.0,-0.363610260832152,-0.0020777729190408684,-0.0792,1.7424,-0.4356,0.0,0.3237162639711037,0.0,0.0,0.36826447217080355,0.0,0.0020777729190408684,-0.4612655880270728,0.0,sine,1,0.4,0.5,22,44,16.699851751327515,0.0
1779527411.8433745,0.0,0.36826447217080355,0.0,0.0020777729190408684,-0.4612655880270728,0.0,-0.0792,0.792,0.5544000000000001,0.0,0.3161790956898253,0.0,0.0,0.36302848441482055,0.0,-0.0020777729190408684,-0.5173654568411762,0.0020777729190408684,sine,1,0.4,0.5,22,44,16.709847927093506,0.0
1779527411.8533442,0.0,0.36302848441482055,0.0,-0.0020777729190408684,-0.5173654568411762,0.0020777729190408684,0.0396,0.9107999999999999,0.4356,0.0,0.30833013540422605,0.0,0.0,0.3577924966588375,0.0,0.0,-0.5028210464078902,0.0,sine,1,0.4,0.5,22,44,16.719844102859497,0.0
1779527411.8633451,0.0,0.3577924966588375,0.0,0.0,-0.5028210464078902,0.0,-0.2376,1.5048000000000001,-0.5148,0.0,0.3001991023456443,0.0,0.0,0.3508111796508602,0.0,0.0,-0.583854190250484,0.0,sine,1,0.4,0.5,22,44,16.729813814163208,0.0
1779527411.8733425,0.0,0.3508111796508602,0.0,0.0,-0.583854190250484,0.0,-0.1584,0.6732,0.396,0.0,0.2917467515435758,0.0,0.0,0.3455751918948773,0.0,0.0,-0.6295651944693831,0.0,sine,1,0.4,0.5,22,44,16.73981475830078,0.0
1779527411.8833668,0.0,0.3455751918948773,0.0,0.0,-0.6295651944693831,0.0,-0.198,1.98,0.3168,0.0,0.28300960349486765,0.0,0.0,0.33859387488689996,0.0,0.0,-0.6690428799311596,0.0,sine,1,0.4,0.5,22,44,16.749812126159668,0.0
1779527411.8933969,0.0,0.33859387488689996,0.0,0.0,-0.6690428799311596,0.0,-0.0396,0.7524000000000001,0.35639999999999994,0.0,0.2739686394769433,0.0,0.0,0.3316125578789226,0.0,0.0,-0.6254096486313013,0.0020777729190408684,sine,1,0.4,0.5,22,44,16.759836435317993,0.0
1779527411.9034667,0.0,0.3316125578789226,0.0,0.0,-0.6254096486313013,0.0020777729190408684,-0.1584,1.6632,0.4752,0.0,0.264650593825013,0.0,0.0,0.32637657012293964,0.0,0.0,-0.6274874215503422,0.0020777729190408684,sine,1,0.4,0.5,22,44,16.769866466522217,0.0
1779527411.9133446,0.0,0.32637657012293964,0.0,0.0,-0.6274874215503422,0.0020777729190408684,-0.1188,0.6336,0.4356,0.0,0.255031255474436,0.0,0.0,0.3193952531149623,0.0,0.0,-0.648265150740751,0.0,sine,1,0.4,0.5,22,44,16.77993631362915,0.0
1779527411.9233518,0.0,0.3193952531149623,0.0,0.0,-0.648265150740751,0.0,-0.1188,1.584,-0.396,0.0,0.24534723405316672,0.0,0.0,0.31241393610698504,0.0,0.0,-0.7542315696118352,0.0,sine,1,0.4,0.5,22,44,16.789814233779907,0.0
1779527411.93337,0.0,0.31241393610698504,0.0,0.0,-0.7542315696118352,0.0,-0.0792,1.0692,-0.3168,0.0,0.23529565950991307,0.0,0.0,0.3036872898470134,0.0,0.0,-0.8186425301021021,0.0,sine,1,0.4,0.5,22,44,16.799821376800537,0.0
1779527411.943345,0.0,0.3036872898470134,0.0,0.0,-0.8186425301021021,0.0,0.0792,0.4752,-0.3168,0.0,0.22499990235394557,0.0,0.0,0.2949606435870417,0.0,0.0020777729190408684,-0.7833203904784074,0.0,sine,1,0.4,0.5,22,44,16.809839725494385,0.0
1779527411.9534686,0.0,0.2949606435870417,0.0,0.0020777729190408684,-0.7833203904784074,0.0,-0.1188,1.8215999999999999,-0.396,0.0,0.2145273065981678,0.0,0.0,0.2879793265790644,0.0,0.0,-0.7853981633974483,-0.0020777729190408684,sine,1,0.4,0.5,22,44,16.819814682006836,0.0
1779527411.963356,0.0,0.2879793265790644,0.0,0.0,-0.7853981633974483,-0.0020777729190408684,-0.27720000000000006,0.4752,-0.2376,0.0,0.20368343671750855,0.0,0.0,0.2792526803190927,0.0,0.0,-0.8872090364304508,0.0,sine,1,0.4,0.5,22,44,16.829938173294067,0.0
1779527411.9733522,0.0,0.2792526803190927,0.0,0.0,-0.8872090364304508,0.0,-0.198,0.5148,-0.27720000000000006,0.0,0.19289345665911822,0.0,0.0,0.2687807048071268,0.0,0.0020777729190408684,-0.9557755427587995,0.0,sine,1,0.4,0.5,22,44,16.83982563018799,0.0
1779527411.9833128,0.0,0.2687807048071268,0.0,0.0020777729190408684,-0.9557755427587995,0.0,-0.1584,1.3860000000000001,-0.4356,0.0,0.1817956902819886,0.0,0.0,0.26005405854715513,0.0,0.0,-0.9079867656208594,0.0,sine,1,0.4,0.5,22,44,16.84982180595398,0.0
1779527411.99336,0.0,0.26005405854715513,0.0,0.0,-0.9079867656208594,0.0,-0.2376,1.2276,-0.27720000000000006,0.0,0.17055903135304074,0.0,0.0,0.25132741228718347,0.0,0.0,-0.899675673944696,-0.0020777729190408684,sine,1,0.4,0.5,22,44,16.859782457351685,0.0
1779527412.0033507,0.0,0.25132741228718347,0.0,0.0,-0.899675673944696,-0.0020777729190408684,-0.2376,0.1188,-0.27720000000000006,0.0,0.1590555900939995,0.0,0.0,0.24260076602721178,0.0,-0.0020777729190408684,-0.9121423114589412,0.0,sine,1,0.4,0.5,22,44,16.869829654693604,0.0
1779527412.0134273,0.0,0.24260076602721178,0.0,-0.0020777729190408684,-0.9121423114589412,0.0,0.0792,0.5940000000000001,-0.3168,0.0,0.1474597028604214,0.0,0.0,0.23212879051524585,0.0,0.0,-0.9329200406493499,0.0,sine,1,0.4,0.5,22,44,16.879820346832275,0.0
1779527412.0233786,0.0,0.23212879051524585,0.0,0.0,-0.9329200406493499,0.0,-0.0792,1.3464,-0.27720000000000006,0.0,0.13561709669341143,0.0,0.0,0.2234021442552742,0.0,-0.0020777729190408684,-0.9516199969207177,0.0,sine,1,0.4,0.5,22,44,16.889896869659424,0.0
1779527412.0333772,0.0,0.2234021442552742,0.0,-0.0020777729190408684,-0.9516199969207177,0.0,0.27720000000000006,1.1880000000000002,-0.1584,0.0,0.1237881776921465,0.0,0.0,0.21293016874330822,0.0,0.0,-1.0825196908202923,0.0,sine,1,0.4,0.5,22,44,16.899848222732544,0.0
1779527412.043362,0.0,0.21293016874330822,0.0,0.0,-1.0825196908202923,0.0,0.1584,0.5544000000000001,-0.198,0.0,0.11178132304127386,0.0,0.0,0.20071286397934787,0.0,0.0,-1.1406973325534366,0.0,sine,1,0.4,0.5,22,44,16.909846782684326,0.0
1779527412.0533803,0.0,0.20071286397934787,0.0,0.0,-1.1406973325534366,0.0,0.1584,0.792,-0.35639999999999994,0.0,0.09968101448287768,0.0,0.0,0.18849555921538758,0.0,0.0,-1.1905638826104177,0.0,sine,1,0.4,0.5,22,44,16.91983151435852,0.0
1779527412.0633614,0.0,0.18849555921538758,0.0,0.0,-1.1905638826104177,0.0,0.198,0.2376,-0.198,0.0,0.08744141077033962,0.0,0.0,0.1762782544514273,0.0,0.0020777729190408684,-1.2071860659627445,0.0,sine,1,0.4,0.5,22,44,16.929849863052368,0.0
1779527412.0733466,0.0,0.1762782544514273,0.0,0.0020777729190408684,-1.2071860659627445,0.0,-0.1584,0.3168,-0.27720000000000006,0.0,0.07516110246846948,0.0,0.0,0.16406094968746698,0.0,0.0,-1.2196527034769897,0.0,sine,1,0.4,0.5,22,44,16.939831018447876,0.0
1779527412.0833397,0.0,0.16406094968746698,0.0,0.0,-1.2196527034769897,0.0,-0.27720000000000006,0.0396,-0.27720000000000006,0.0,0.0628018683832051,0.0,0.0,0.15358897417550102,0.0,0.0,-1.215497157638908,0.0,sine,1,0.4,0.5,22,44,16.94981622695923,0.0
1779527412.0933554,0.0,0.15358897417550102,0.0,0.0,-1.215497157638908,0.0,-0.35639999999999994,0.0396,-0.198,0.0,0.05037103137016539,0.0,0.0,0.14137166941154067,0.0,0.0,-1.2196527034769897,0.0,sine,1,0.4,0.5,22,44,16.95980930328369,0.0
1779527412.1033566,0.0,0.14137166941154067,0.0,0.0,-1.2196527034769897,0.0,-0.35639999999999994,0.198,-0.27720000000000006,0.0,0.03786221839251552,0.0,0.0,0.12915436464758037,0.0,-0.0020777729190408684,-1.2175749305579489,0.0,sine,1,0.4,0.5,22,44,16.96982502937317,0.0
1779527412.1133444,0.0,0.12915436464758037,0.0,-0.0020777729190408684,-1.2175749305579489,0.0,-0.1188,0.3168,-0.27720000000000006,0.0,0.025334161648091005,0.0,0.0,0.11693705988362009,0.0,0.0,-1.121997376282069,-0.0020777729190408684,sine,1,0.4,0.5,22,44,16.97982621192932,0.0
1779527412.123415,0.0,0.11693705988362009,0.0,0.0,-1.121997376282069,-0.0020777729190408684,-0.396,0.6732,-0.1188,0.0,0.012797866568183859,0.0,0.0,0.10646508437165411,0.0,-0.0020777729190408684,-1.2071860659627445,0.0,sine,1,0.4,0.5,22,44,16.989814043045044,0.0
1779527412.1334326,0.0,0.10646508437165411,0.0,-0.0020777729190408684,-1.2071860659627445,0.0,0.0792,0.8712,-0.27720000000000006,0.0,0.0001450091181801817,0.0,0.0,0.09250245035569947,0.0,0.0,-1.2341971139102759,0.0,sine,1,0.4,0.5,22,44,16.999884605407715,0.0
1779527412.143347,0.0,0.09250245035569947,0.0,0.0,-1.2341971139102759,0.0,0.1584,1.1880000000000002,-0.2376,0.0,-0.012441513370307277,0.0,0.0,0.08028514559173917,0.0,0.0,-1.2695192535339705,0.0,sine,1,0.4,0.5,22,44,17.009902238845825,0.0
1779527412.153392,0.0,0.08028514559173917,0.0,0.0,-1.2695192535339705,0.0,-0.1188,0.7127999999999999,0.0,0.0,-0.024886237647562683,0.0,0.0,0.06806784082777886,0.0,0.0,-1.2653637076958888,0.0,sine,1,0.4,0.5,22,44,17.019816637039185,0.0
1779527412.1633582,0.0,0.06806784082777886,0.0,0.0,-1.2653637076958888,0.0,-0.0792,0.9504,-0.198,0.0,-0.037470285927972295,0.0,0.0,0.05585053606381855,0.0,0.0,-1.1573195159057637,-0.0020777729190408684,sine,1,0.4,0.5,22,44,17.02986168861389,0.0
1779527412.1733673,0.0,0.05585053606381855,0.0,0.0,-1.1573195159057637,-0.0020777729190408684,-0.35639999999999994,1.6236000000000002,-0.198,0.0,-0.0499186289941386,0.0,0.0,0.04363323129985824,0.0,0.0,-1.232119340991235,0.0,sine,1,0.4,0.5,22,44,17.039827823638916,0.0
1779527412.1833606,0.0,0.04363323129985824,0.0,0.0,-1.232119340991235,0.0,-0.198,1.0692,-0.0396,0.0,-0.062371311410154576,0.0,0.0,0.031415926535897934,0.0,0.0,-1.2487415243435618,0.0,sine,1,0.4,0.5,22,44,17.04983687400818,0.0
1779527412.193371,0.0,0.031415926535897934,0.0,0.0,-1.2487415243435618,0.0,-0.1584,0.8712,-0.198,0.0,-0.07474290381308195,0.0,0.0,0.020943951023931956,0.0,0.0,-1.1760194721771315,0.0,sine,1,0.4,0.5,22,44,17.05983018875122,0.0
1779527412.203339,0.0,0.020943951023931956,0.0,0.0,-1.1760194721771315,0.0,-0.3168,0.99,0.0,0.0,-0.08706188714671478,0.0,0.0,0.006981317007977318,0.0,0.0,-1.2508192972626027,0.0,sine,1,0.4,0.5,22,44,17.069840669631958,0.0
1779527412.213364,0.0,0.006981317007977318,0.0,0.0,-1.2508192972626027,0.0,-0.0792,1.1880000000000002,0.2376,0.0,-0.09924310930107985,0.0,0.0,-0.0017453292519943296,0.0,0.0020777729190408684,-1.1780972450961724,0.0,sine,1,0.4,0.5,22,44,17.079808712005615,0.0
1779527412.2233686,0.0,-0.0017453292519943296,0.0,0.0020777729190408684,-1.1780972450961724,0.0,-0.35639999999999994,1.2672,-0.2376,0.0,-0.11139550242973605,0.0,0.0,-0.013962634015954637,0.0,0.0,-1.1656306075819272,-0.0020777729190408684,sine,1,0.4,0.5,22,44,17.0898334980011,0.0
1779527412.2333493,0.0,-0.013962634015954637,0.0,0.0,-1.1656306075819272,-0.0020777729190408684,-0.27720000000000006,0.8712,0.0396,0.0,-0.12341347722962329,0.0,0.0,-0.02617993877991494,0.0,0.0,-1.2445859785054803,0.0020777729190408684,sine,1,0.4,0.5,22,44,17.099838256835938,0.0
1779527412.2433665,0.0,-0.02617993877991494,0.0,0.0,-1.2445859785054803,0.0020777729190408684,-0.2376,1.4652,0.0,0.0,-0.13528106524067732,0.0,0.0,-0.038397243543875255,0.0,0.0,-1.2840636639672567,0.0,sine,1,0.4,0.5,22,44,17.109818935394287,0.0
1779527412.2534642,0.0,-0.038397243543875255,0.0,0.0,-1.2840636639672567,0.0,-0.198,1.2276,0.0396,0.0,-0.14705829282584737,0.0,0.0,-0.05235987755982988,0.0,0.0,-1.2840636639672567,0.0,sine,1,0.4,0.5,22,44,17.11983609199524,0.0
1779527412.2633603,0.0,-0.05235987755982988,0.0,0.0,-1.2840636639672567,0.0,-0.0792,1.8215999999999999,0.0396,0.0,-0.1587828446893636,0.0,0.0,-0.06457718232379019,0.0,0.0,-1.277830345210134,0.0,sine,1,0.4,0.5,22,44,17.129933834075928,0.0
1779527412.2733624,0.0,-0.06457718232379019,0.0,0.0,-1.277830345210134,0.0,-0.0792,1.8215999999999999,-0.27720000000000006,0.0,-0.1701182524217371,0.0,0.0,-0.07679448708775051,0.0,0.0020777729190408684,-1.1947194284484992,0.0,sine,1,0.4,0.5,22,44,17.139829874038696,0.0
1779527412.2835262,0.0,-0.07679448708775051,0.0,0.0020777729190408684,-1.1947194284484992,0.0,-0.1584,1.584,-0.1584,0.0,-0.18140808124723748,0.0,0.0,-0.07679448708775051,0.0,0.0020777729190408684,-1.1947194284484992,0.0,sine,1,0.4,0.5,22,44,17.149832010269165,0.0
1779527412.2933457,0.0,-0.07679448708775051,0.0,0.0020777729190408684,-1.1947194284484992,0.0,-0.1584,1.584,-0.1584,0.0,-0.19269683830521886,0.0,0.0,-0.0994837673636768,0.0,0.0020777729190408684,-1.1282306950391916,0.0,sine,1,0.4,0.5,22,44,17.159995794296265,0.0
1779527412.3033726,0.0,-0.0994837673636768,0.0,0.0020777729190408684,-1.1282306950391916,0.0,0.3168,0.5940000000000001,-0.198,0.0,-0.20341675511460827,0.0,0.0,-0.10995574287564278,0.0,-0.0020777729190408684,-1.119919603363028,0.0,sine,1,0.4,0.5,22,44,17.16981530189514,0.0
1779527412.3133588,0.0,-0.10995574287564278,0.0,-0.0020777729190408684,-1.119919603363028,0.0,-0.1584,0.198,-0.1584,0.0,-0.21416329941216872,0.0,0.0,-0.12042771838760874,0.0,-0.004155545838081737,-1.1074529658487828,0.0,sine,1,0.4,0.5,22,44,17.179842233657837,0.0
1779527412.3233554,0.0,-0.12042771838760874,0.0,-0.004155545838081737,-1.1074529658487828,0.0,-0.2376,0.5148,0.0,0.0,-0.2246549633951243,0.0,0.0,-0.13264502315156904,0.0,-0.004155545838081737,-1.2009527472056218,0.0,sine,1,0.4,0.5,22,44,17.189828395843506,0.0
1779527412.333505,0.0,-0.13264502315156904,0.0,-0.004155545838081737,-1.2009527472056218,0.0,0.0,0.0,-0.1584,0.0,-0.2349362025368302,0.0,0.0,-0.14486232791552936,0.0,-0.0020777729190408684,-1.136541786715355,0.0,sine,1,0.4,0.5,22,44,17.199825048446655,0.0
1779527412.3433554,0.0,-0.14486232791552936,0.0,-0.0020777729190408684,-1.136541786715355,0.0,0.0396,0.5940000000000001,0.0,0.0,-0.24513752792115692,0.0,0.0,-0.15533430342749532,0.0,0.0,-1.1095307387678237,0.0,sine,1,0.4,0.5,22,44,17.20997452735901,0.0
1779527412.3533695,0.0,-0.15533430342749532,0.0,0.0,-1.1095307387678237,0.0,-0.198,0.3168,0.0,0.0,-0.2548001411165396,0.0,0.0,-0.16755160819145565,0.0,0.004155545838081737,-1.1801750180152133,0.0,sine,1,0.4,0.5,22,44,17.21982502937317,0.0
1779527412.3633575,0.0,-0.16755160819145565,0.0,0.004155545838081737,-1.1801750180152133,0.0,0.1188,0.198,-0.0396,0.0,-0.2643730325061072,0.0,0.0,-0.17802358370342164,0.0,0.004155545838081737,-1.1178418304439872,0.0,sine,1,0.4,0.5,22,44,17.229839086532593,0.0
1779527412.3735223,0.0,-0.17802358370342164,0.0,0.004155545838081737,-1.1178418304439872,0.0,-0.4356,1.3464,0.0,0.0,-0.27366046849986,0.0,0.0,-0.19024088846738194,0.0,0.0,-1.167708380500968,0.0,sine,1,0.4,0.5,22,44,17.239827156066895,0.0
1779527412.383355,0.0,-0.19024088846738194,0.0,0.0,-1.167708380500968,0.0,-0.1188,1.0296,0.0,0.0,-0.28283550937520924,0.0,0.0,-0.20071286397934787,0.0,0.0,-1.0721308262250882,0.0,sine,1,0.4,0.5,22,44,17.24999189376831,0.0
1779527412.3933554,0.0,-0.20071286397934787,0.0,0.0,-1.0721308262250882,0.0,-0.27720000000000006,1.584,-0.2376,0.0,-0.2914364491572653,0.0,0.0,-0.2111848394913139,0.0,-0.0020777729190408684,-1.0388864595204341,0.0,sine,1,0.4,0.5,22,44,17.259824514389038,0.0
1779527412.4033468,0.0,-0.2111848394913139,0.0,-0.0020777729190408684,-1.0388864595204341,0.0,0.1188,0.6732,0.0396,0.0,-0.2998989372133701,0.0,0.0,-0.22165681500327988,0.0,0.0,-1.0700530533060473,0.0,sine,1,0.4,0.5,22,44,17.269824981689453,0.0
1779527412.4134958,0.0,-0.22165681500327988,0.0,0.0,-1.0700530533060473,0.0,-0.1584,0.4356,0.198,0.0,-0.30805817155151205,0.0,0.0,-0.2303834612632515,0.0,0.0,-1.0160309574109847,0.0,sine,1,0.4,0.5,22,44,17.279816389083862,0.0
1779527412.423408,0.0,-0.2303834612632515,0.0,0.0,-1.0160309574109847,0.0,-0.1584,0.27720000000000006,0.1188,0.0,-0.3160353472933781,0.0,0.0,-0.24085543677521748,0.0,0.0,-0.9723977261111264,0.0,sine,1,0.4,0.5,22,44,17.289965391159058,0.0
1779527412.4333456,0.0,-0.24085543677521748,0.0,0.0,-0.9723977261111264,0.0,-0.1188,1.3068,0.0792,0.0,-0.3235163973913732,0.0,0.0,-0.25132741228718347,0.0,0.0,-1.0139531844919438,0.0020777729190408684,sine,1,0.4,0.5,22,44,17.299877643585205,0.0
1779527412.4433968,0.0,-0.25132741228718347,0.0,0.0,-1.0139531844919438,0.0020777729190408684,-0.0792,1.4652,0.0,0.0,-0.33070162093777283,0.0,0.0,-0.26005405854715513,0.0,0.0,-0.9516199969207177,0.0,sine,1,0.4,0.5,22,44,17.309815168380737,0.0
1779527412.453349,0.0,-0.26005405854715513,0.0,0.0,-0.9516199969207177,0.0,0.1188,0.7127999999999999,0.0,0.0,-0.3376411949503255,0.0,0.0,-0.27052603405912107,0.0,-0.0020777729190408684,-0.9744754990301673,-0.0020777729190408684,sine,1,0.4,0.5,22,44,17.3198664188385,0.0
1779527412.4633586,0.0,-0.27052603405912107,0.0,-0.0020777729190408684,-0.9744754990301673,-0.0020777729190408684,0.0,-0.198,0.0,0.0,-0.3441807973036276,0.0,0.0,-0.2792526803190927,0.0,0.0,-0.9536977698397586,0.0,sine,1,0.4,0.5,22,44,17.329818725585938,0.0
1779527412.4733427,0.0,-0.2792526803190927,0.0,0.0,-0.9536977698397586,0.0,0.0396,0.9504,0.0,0.0,-0.3504186470398507,0.0,0.0,-0.2879793265790644,0.0,0.0020777729190408684,-0.9287644948112682,0.0,sine,1,0.4,0.5,22,44,17.33982825279236,0.0
1779527412.483371,0.0,-0.2879793265790644,0.0,0.0020777729190408684,-0.9287644948112682,0.0,-0.0792,1.5048000000000001,0.0792,0.0,-0.35629544704033056,0.0,0.0,-0.29670597283903605,0.0,0.004155545838081737,-0.8872090364304508,0.0,sine,1,0.4,0.5,22,44,17.349812269210815,0.0
1779527412.4934716,0.0,-0.29670597283903605,0.0,0.004155545838081737,-0.8872090364304508,0.0,-0.1584,0.7524000000000001,0.1188,0.0,-0.36184550549713884,0.0,0.0,-0.30543261909900765,0.0,0.0020777729190408684,-0.8061758925878569,0.0,sine,1,0.4,0.5,22,44,17.359840631484985,0.0
1779527412.5033505,0.0,-0.30543261909900765,0.0,0.0020777729190408684,-0.8061758925878569,0.0,-0.2376,0.2376,0.0,0.0,-0.3670725159192987,0.0,0.0,-0.31241393610698504,0.0,0.0,-0.8020203467497752,0.0,sine,1,0.4,0.5,22,44,17.369941234588623,0.0
1779527412.513347,0.0,-0.31241393610698504,0.0,0.0,-0.8020203467497752,0.0,-0.198,1.3068,0.0,0.0,-0.3718273173074106,0.0,0.0,-0.3211405823669567,0.0,0.0,-0.7791648446403256,0.0,sine,1,0.4,0.5,22,44,17.379820108413696,0.0
1779527412.5233607,0.0,-0.3211405823669567,0.0,0.0,-0.7791648446403256,0.0,-0.1584,0.396,0.0,0.0,-0.3762741441242885,0.0,0.0,-0.32812189937493397,0.0,-0.0020777729190408684,-0.7459204779356717,0.0,sine,1,0.4,0.5,22,44,17.389816522598267,0.0
1779527412.5333395,0.0,-0.32812189937493397,0.0,-0.0020777729190408684,-0.7459204779356717,0.0,0.0396,1.0296,0.0396,0.0,-0.3803566702588075,0.0,0.0,-0.3351032163829113,0.0,0.0,-0.7105983383119769,0.0,sine,1,0.4,0.5,22,44,17.39983034133911,0.0
1779527412.5433457,0.0,-0.3351032163829113,0.0,0.0,-0.7105983383119769,0.0,0.0,1.5048000000000001,0.0396,0.0,-0.3840504818658286,0.0,0.0,-0.3420845333908886,0.0,0.0,-0.679431744526364,0.0,sine,1,0.4,0.5,22,44,17.409809112548828,0.0
1779527412.553412,0.0,-0.3420845333908886,0.0,0.0,-0.679431744526364,0.0,0.0,0.5148,0.0,0.0,-0.38737547868734745,0.0,0.0,-0.3420845333908886,0.0,0.0,-0.679431744526364,0.0,sine,1,0.4,0.5,22,44,17.41981530189514,0.0
1779527412.5633602,0.0,-0.3420845333908886,0.0,0.0,-0.679431744526364,0.0,0.0,0.5148,0.0,0.0,-0.39033421365863347,0.0,0.0,-0.35430183815484895,0.0,0.0,-0.6004763736028109,0.0020777729190408684,sine,1,0.4,0.5,22,44,17.42988157272339,0.0
1779527412.5734901,0.0,-0.35430183815484895,0.0,0.0,-0.6004763736028109,0.0020777729190408684,-0.0792,0.6336,0.1188,0.0,-0.3928747733029705,0.0,0.0,-0.35953782591083194,0.0,0.0,-0.5319098672744623,0.0,sine,1,0.4,0.5,22,44,17.43982982635498,0.0
1779527412.5835025,0.0,-0.35953782591083194,0.0,0.0,-0.5319098672744623,0.0,-0.0792,0.7127999999999999,0.0396,0.0,-0.39506742165302144,0.0,0.0,-0.3647738136668149,0.0,0.0,-0.4986655005698084,0.0,sine,1,0.4,0.5,22,44,17.449959754943848,0.0
1779527412.5933492,0.0,-0.3647738136668149,0.0,0.0,-0.4986655005698084,0.0,-0.0396,1.8215999999999999,-0.0396,0.0,-0.3968414916008404,0.0,0.0,-0.36826447217080355,0.0,0.0,-0.4529544963509093,0.0,sine,1,0.4,0.5,22,44,17.459972143173218,0.0
1779527412.6033494,0.0,-0.36826447217080355,0.0,0.0,-0.4529544963509093,0.0,-0.0792,0.35639999999999994,0.0,0.0,-0.3982032962359143,0.0,0.0,-0.3735004599267866,0.0,0.0,-0.4363323129985824,0.0,sine,1,0.4,0.5,22,44,17.469818830490112,0.0
1779527412.613358,0.0,-0.3735004599267866,0.0,0.0,-0.4363323129985824,0.0,0.0,0.9107999999999999,0.1188,0.0,-0.399196349773331,0.0,0.0,-0.37699111843077515,0.0,0.0,-0.3739991254273563,0.0,sine,1,0.4,0.5,22,44,17.47981905937195,0.0
1779527412.623488,0.0,-0.37699111843077515,0.0,0.0,-0.3739991254273563,0.0,-0.0792,1.9404,-0.2376,0.0,-0.399795761868646,0.0,0.0,-0.38048177693476387,0.0,0.0,-0.3677658066702337,0.0,sine,1,0.4,0.5,22,44,17.489827632904053,0.0
1779527412.6333604,0.0,-0.38048177693476387,0.0,0.0,-0.3677658066702337,0.0,-0.0396,0.1584,0.0,0.0,-0.39999999644491546,0.0,0.0,-0.3822271061867582,0.0,0.0,-0.3095881649370894,0.0020777729190408684,sine,1,0.4,0.5,22,44,17.49995756149292,0.0
1779527412.6433392,0.0,-0.3822271061867582,0.0,0.0,-0.3095881649370894,0.0020777729190408684,-0.0396,0.7127999999999999,0.0792,0.0,-0.39980927743185557,0.0,0.0,-0.38571776469074687,0.0,0.0,-0.2950437545038033,0.0,sine,1,0.4,0.5,22,44,17.509829998016357,0.0
1779527412.6533544,0.0,-0.38571776469074687,0.0,0.0,-0.2950437545038033,0.0,0.0,0.9504,-0.0396,0.0,-0.3992257083720543,0.0,0.0,-0.3874630939427412,0.0,-0.004155545838081737,-0.23478833985161812,0.0,sine,1,0.4,0.5,22,44,17.519808769226074,0.0
1779527412.6635053,0.0,-0.3874630939427412,0.0,-0.004155545838081737,-0.23478833985161812,0.0,-0.0396,1.9404,0.1584,0.0,-0.39824553655388467,0.0,0.0,-0.3909537524467298,0.0,0.0,-0.2098550648231277,0.0,sine,1,0.4,0.5,22,44,17.529824018478394,0.0
1779527412.6733465,0.0,-0.3909537524467298,0.0,0.0,-0.2098550648231277,0.0,0.0,1.4255999999999998,0.0396,0.0,-0.3968498281096869,0.0,0.0,-0.39269908169872414,0.0,0.0,-0.17661069811847382,0.0,sine,1,0.4,0.5,22,44,17.53997492790222,0.0
1779527412.6833942,0.0,-0.39269908169872414,0.0,0.0,-0.17661069811847382,0.0,0.0,0.5148,0.0,0.0,-0.3951114154233918,0.0,0.0,-0.39269908169872414,0.0,0.0020777729190408684,-0.13505523973765646,-0.0020777729190408684,sine,1,0.4,0.5,22,44,17.549816131591797,0.0
1779527412.693383,0.0,-0.39269908169872414,0.0,0.0020777729190408684,-0.13505523973765646,-0.0020777729190408684,0.0,0.4356,0.198,0.0,-0.3929469340216418,0.0,0.0,-0.39444441095071847,0.0,0.0,-0.11012196470916602,0.0,sine,1,0.4,0.5,22,44,17.559863805770874,0.0
1779527412.7034724,0.0,-0.39444441095071847,0.0,0.0,-0.11012196470916602,0.0,0.0,0.0,0.1584,0.0,-0.39040707180453577,0.0,0.0,-0.39444441095071847,0.0,0.0,-0.04571100421889911,0.0,sine,1,0.4,0.5,22,44,17.569852590560913,0.0
1779527412.7133522,0.0,-0.39444441095071847,0.0,0.0,-0.04571100421889911,0.0,-0.0396,0.6732,0.198,0.0,-0.3874513875197818,0.0,0.0,-0.39444441095071847,0.0,0.0,-0.016622183352326948,0.0,sine,1,0.4,0.5,22,44,17.579941987991333,0.0
1779527412.72334,0.0,-0.39444441095071847,0.0,0.0,-0.016622183352326948,0.0,0.0,0.0792,0.1188,0.0,-0.38417988389207713,0.0,0.0,-0.39444441095071847,0.0,-0.0020777729190408684,0.006233318757122605,0.0,sine,1,0.4,0.5,22,44,17.589821815490723,0.0
1779527412.733377,0.0,-0.39444441095071847,0.0,-0.0020777729190408684,0.006233318757122605,0.0,0.0,0.0396,0.198,0.0,-0.3804964569404549,0.0,0.0,-0.39444441095071847,0.0,0.0,0.03739991254273563,0.0,sine,1,0.4,0.5,22,44,17.599809646606445,0.0
1779527412.7434316,0.0,-0.39444441095071847,0.0,0.0,0.03739991254273563,0.0,0.0,0.0,0.0792,0.0,-0.3764175651718986,0.0,0.0,-0.39269908169872414,0.0,0.0,0.05609986881410345,0.0,sine,1,0.4,0.5,22,44,17.609846591949463,0.0
1779527412.7533247,0.0,-0.39269908169872414,0.0,0.0,0.05609986881410345,0.0,0.0,0.4752,0.1584,0.0,-0.37195629033736377,0.0,0.0,-0.39269908169872414,0.0,0.0,0.1371330126566973,0.004155545838081737,sine,1,0.4,0.5,22,44,17.619901180267334,0.0
1779527412.763417,0.0,-0.39269908169872414,0.0,0.0,0.1371330126566973,0.004155545838081737,0.0,-0.35639999999999994,-0.1188,0.0,-0.3672044029647382,0.0,0.0,-0.3909537524467298,0.0,0.0,0.18076624395655555,0.0,sine,1,0.4,0.5,22,44,17.629794359207153,0.0
1779527412.7734077,0.0,-0.3909537524467298,0.0,0.0,0.18076624395655555,0.0,0.0,-0.6336,0.0,0.0,-0.36199146324939124,0.0,0.0,-0.3874630939427412,0.0,0.0,0.20777729190408684,0.0,sine,1,0.4,0.5,22,44,17.639886617660522,0.0
1779527412.7833912,0.0,-0.3874630939427412,0.0,0.0,0.20777729190408684,0.0,-0.0396,-1.5048000000000001,0.1584,0.0,-0.3564725781164808,0.0,0.0,-0.38571776469074687,0.0,-0.0020777729190408684,0.25348829612298596,0.0,sine,1,0.4,0.5,22,44,17.649877309799194,0.0
1779527412.7939842,0.0,-0.38571776469074687,0.0,-0.0020777729190408684,0.25348829612298596,0.0,0.0,-0.3168,0.1188,0.0,-0.35060687884864167,0.0,0.0,-0.3822271061867582,0.0,0.0,0.315821483694212,0.0,sine,1,0.4,0.5,22,44,17.659860849380493,0.0
1779527412.8033557,0.0,-0.3822271061867582,0.0,0.0,0.315821483694212,0.0,0.0792,0.35639999999999994,0.0396,0.0,-0.3440061825177392,0.0,0.0,-0.3787364476827696,0.0,0.0,0.315821483694212,0.0,sine,1,0.4,0.5,22,44,17.670453786849976,0.0
1779527412.8133705,0.0,-0.3787364476827696,0.0,0.0,0.315821483694212,0.0,0.0396,-0.396,0.2376,0.0,-0.33784874779833435,0.0,0.0,-0.3752457891787808,0.0,0.0,0.38231021710351976,0.0,sine,1,0.4,0.5,22,44,17.67982530593872,0.0
1779527412.8233757,0.0,-0.3752457891787808,0.0,0.0,0.38231021710351976,0.0,0.0396,-1.6236000000000002,0.1188,0.0,-0.3309451461762554,0.0,0.0,-0.3717551306747922,0.0,0.0,0.37192135250831543,0.0,sine,1,0.4,0.5,22,44,17.689840078353882,0.0
1779527412.8333428,0.0,-0.3717551306747922,0.0,0.0,0.37192135250831543,0.0,0.0396,0.198,0.1188,0.0,-0.32372101565810535,0.0,0.0,-0.3665191429188092,0.0,0.0,0.46749890678419537,0.0,sine,1,0.4,0.5,22,44,17.69984531402588,0.0
1779527412.8433537,0.0,-0.3665191429188092,0.0,0.0,0.46749890678419537,0.0,0.0,-0.7524000000000001,0.1188,0.0,-0.316206437795164,0.0,0.0,-0.3612831551628263,0.0,0.0,0.4612655880270728,0.0,sine,1,0.4,0.5,22,44,17.70981240272522,0.0
1779527412.853373,0.0,-0.3612831551628263,0.0,0.0,0.4612655880270728,0.0,0.0396,-1.3860000000000001,0.0396,0.0,-0.3083467398067381,0.0,0.0,-0.3577924966588375,0.0,0.0,0.46749890678419537,0.0,sine,1,0.4,0.5,22,44,17.719823360443115,0.0
1779527412.8633404,0.0,-0.3577924966588375,0.0,0.0,0.46749890678419537,0.0,0.0,0.5940000000000001,0.1188,0.0,-0.3001751429596068,0.0,0.0,-0.3508111796508602,0.0,0.0,0.552687596464871,0.0020777729190408684,sine,1,0.4,0.5,22,44,17.72984266281128,0.0
1779527412.8735197,0.0,-0.3508111796508602,0.0,0.0,0.552687596464871,0.0020777729190408684,0.0,-1.2672,0.1584,0.0,-0.2917508508513732,0.0,0.0,-0.3455751918948773,0.0,0.0,0.6254096486313013,0.0,sine,1,0.4,0.5,22,44,17.7398099899292,0.0
1779527412.8833752,0.0,-0.3455751918948773,0.0,0.0,0.6254096486313013,0.0,0.0,0.5544000000000001,0.0792,0.0,-0.28285224570648765,0.0,0.0,-0.33859387488689996,0.0,0.0020777729190408684,0.5921652819266475,0.0,sine,1,0.4,0.5,22,44,17.74998927116394,0.0
1779527412.8933845,0.0,-0.33859387488689996,0.0,0.0020777729190408684,0.5921652819266475,0.0,-0.0396,-1.4255999999999998,0.1584,0.0,-0.27396099896392073,0.0,0.0,-0.3316125578789226,0.0,0.0,0.6669651070121188,0.0,sine,1,0.4,0.5,22,44,17.75984477996826,0.0
1779527412.9035156,0.0,-0.3316125578789226,0.0,0.0,0.6669651070121188,0.0,0.0,0.6336,0.1188,0.0,-0.264662275650787,0.0,0.0,-0.3316125578789226,0.0,0.0,0.6669651070121188,0.0,sine,1,0.4,0.5,22,44,17.769854068756104,0.0
1779527412.9133816,0.0,-0.3316125578789226,0.0,0.0,0.6669651070121188,0.0,0.0,0.6336,0.1188,0.0,-0.25498393603167896,0.0,0.0,-0.3193952531149623,0.0,0.0,0.6565762424169144,0.0,sine,1,0.4,0.5,22,44,17.779985189437866,0.0
1779527412.9233737,0.0,-0.3193952531149623,0.0,0.0,0.6565762424169144,0.0,0.0,0.5544000000000001,0.1188,0.0,-0.24531055510983185,0.0,0.0,-0.31241393610698504,0.0,-0.0020777729190408684,0.7479982508547126,0.0,sine,1,0.4,0.5,22,44,17.789851188659668,0.0
1779527412.9334116,0.0,-0.31241393610698504,0.0,-0.0020777729190408684,0.7479982508547126,0.0,-0.0792,-1.0296,0.2376,0.0,-0.23527336853076505,0.0,0.0,-0.3036872898470134,0.0,0.0,0.8311091676163473,0.0,sine,1,0.4,0.5,22,44,17.799843311309814,0.0
1779527412.943346,0.0,-0.3036872898470134,0.0,0.0,0.8311091676163473,0.0,0.0792,-1.1483999999999999,0.1584,0.0,-0.2249567983524833,0.0,0.0,-0.2949606435870417,0.0,0.0,0.7957870279926526,0.0,sine,1,0.4,0.5,22,44,17.80988121032715,0.0
1779527412.9534328,0.0,-0.2949606435870417,0.0,0.0,0.7957870279926526,0.0,0.0,0.2376,0.0792,0.0,-0.21452629510965446,0.0,0.0,-0.28623399732707006,0.0,0.0020777729190408684,0.8726646259971648,0.0,sine,1,0.4,0.5,22,44,17.819815635681152,0.0
1779527412.963344,0.0,-0.28623399732707006,0.0,0.0020777729190408684,0.8726646259971648,0.0,0.0396,-1.1483999999999999,0.27720000000000006,0.0,-0.2037221134603401,0.0,0.0,-0.2775073510670984,0.0,0.0,0.9287644948112682,0.0,sine,1,0.4,0.5,22,44,17.829902410507202,0.0
1779527412.9733438,0.0,-0.2775073510670984,0.0,0.0,0.9287644948112682,0.0,0.0,-1.6236000000000002,0.2376,0.0,-0.19290657988894072,0.0,0.0,-0.2670353755551324,0.0,0.0020777729190408684,0.9578533156778403,0.0,sine,1,0.4,0.5,22,44,17.839813709259033,0.0
1779527412.9833875,0.0,-0.2670353755551324,0.0,0.0020777729190408684,0.9578533156778403,0.0,0.0,-0.1188,0.198,0.0,-0.18180503082274502,0.0,0.0,-0.25830872929516074,0.0,0.0,0.978631044868249,0.0,sine,1,0.4,0.5,22,44,17.84981346130371,0.0
1779527412.9934103,0.0,-0.25830872929516074,0.0,0.0,0.978631044868249,0.0,0.0396,0.1188,0.3168,0.0,-0.17047420240625222,0.0,0.0,-0.2478367537831948,0.0,0.0,0.9100645385399003,0.0,sine,1,0.4,0.5,22,44,17.859857082366943,0.0
1779527413.0035603,0.0,-0.2478367537831948,0.0,0.0,0.9100645385399003,0.0,-0.0792,-1.1483999999999999,0.35639999999999994,0.0,-0.15899758405387998,0.0,0.0,-0.23911010752322315,0.0,0.0,0.9723977261111264,0.0020777729190408684,sine,1,0.4,0.5,22,44,17.869879961013794,0.0
1779527413.0133631,0.0,-0.23911010752322315,0.0,0.0,0.9723977261111264,0.0020777729190408684,0.0,-1.2276,-0.35639999999999994,0.0,-0.14721486592888786,0.0,0.0,-0.22863813201125718,0.0,0.0,1.0305753678442706,0.0,sine,1,0.4,0.5,22,44,17.880029916763306,0.0
1779527413.0233872,0.0,-0.22863813201125718,0.0,0.0,1.0305753678442706,0.0,0.0,-0.8316,0.27720000000000006,0.0,-0.1356929143534165,0.0,0.0,-0.2181661564992912,0.0,-0.0020777729190408684,1.0492753241156385,0.0,sine,1,0.4,0.5,22,44,17.889832735061646,0.0
1779527413.033544,0.0,-0.2181661564992912,0.0,-0.0020777729190408684,1.0492753241156385,0.0,0.0,0.1188,0.198,0.0,-0.12377792132988835,0.0,0.0,-0.2076941809873252,0.0,0.0020777729190408684,1.0929085554154967,0.0,sine,1,0.4,0.5,22,44,17.89985680580139,0.0
1779527413.0433753,0.0,-0.2076941809873252,0.0,0.0020777729190408684,1.0929085554154967,0.0,0.0,0.3168,0.2376,0.0,-0.11157993930222981,0.0,0.0,-0.1954768762233649,0.0,0.0,1.1116085116868646,0.0,sine,1,0.4,0.5,22,44,17.910013675689697,0.0
1779527413.0533767,0.0,-0.1954768762233649,0.0,0.0,1.1116085116868646,0.0,0.0,0.4752,0.2376,0.0,-0.09966476580020797,0.0,0.0,-0.18500490071139894,0.0,0.0,1.1303084679582325,0.0,sine,1,0.4,0.5,22,44,17.91984486579895,0.0
1779527413.0633643,0.0,-0.18500490071139894,0.0,0.0,1.1303084679582325,0.0,0.0396,-0.4752,0.3168,0.0,-0.0874457961541652,0.0,0.0,-0.17278759594743864,0.0,0.0,1.1427751054724775,0.0,sine,1,0.4,0.5,22,44,17.92984628677368,0.0
1779527413.0735044,0.0,-0.17278759594743864,0.0,0.0,1.1427751054724775,0.0,0.0396,-0.7127999999999999,0.5148,0.0,-0.07515757123816937,0.0,0.0,-0.16231562043547265,0.0,0.0,1.1469306513105593,0.0,sine,1,0.4,0.5,22,44,17.939833879470825,0.0
1779527413.0834892,0.0,-0.16231562043547265,0.0,0.0,1.1469306513105593,0.0,0.0396,-1.3068,0.35639999999999994,0.0,-0.06260598157573154,0.0,0.0,-0.15009831567151233,0.0,0.0,1.1448528783915184,0.0,sine,1,0.4,0.5,22,44,17.949974060058594,0.0
1779527413.0933642,0.0,-0.15009831567151233,0.0,0.0,1.1448528783915184,0.0,0.0,-1.584,0.3168,0.0,-0.05018466851026963,0.0,0.0,-0.13962634015954636,0.0,0.0020777729190408684,1.1552417429867228,0.0,sine,1,0.4,0.5,22,44,17.959958791732788,0.0
1779527413.1033804,0.0,-0.13962634015954636,0.0,0.0020777729190408684,1.1552417429867228,0.0,0.0,-1.3068,0.27720000000000006,0.0,-0.037851182742489005,0.0,0.0,-0.12740903539558607,0.0,0.0,1.1780972450961724,0.0,sine,1,0.4,0.5,22,44,17.969833850860596,0.0
1779527413.1133735,0.0,-0.12740903539558607,0.0,0.0,1.1780972450961724,0.0,0.0,-1.2672,-0.2376,0.0,-0.025304261166675963,0.0,0.0,-0.11519173063162574,0.0,0.0,1.198874974286581,0.0,sine,1,0.4,0.5,22,44,17.97985005378723,0.0
1779527413.1234999,0.0,-0.11519173063162574,0.0,0.0,1.198874974286581,0.0,0.0,-1.1880000000000002,-0.3168,0.0,-0.012761333341957476,0.0,0.0,-0.10297442586766545,0.0,0.0,1.2196527034769897,0.0,sine,1,0.4,0.5,22,44,17.989843130111694,0.0
1779527413.1333597,0.0,-0.10297442586766545,0.0,0.0,1.2196527034769897,0.0,0.1188,-1.98,-0.4752,0.0,-3.834951964063119e-05,0.0,0.0,-0.09250245035569947,0.0,0.0,1.1240751492011098,0.0,sine,1,0.4,0.5,22,44,17.999969482421875,0.0
1779527413.1433446,0.0,-0.09250245035569947,0.0,0.0,1.1240751492011098,0.0,0.0,-0.99,-0.27720000000000006,0.0,0.012349878081892224,0.0,0.0,-0.08028514559173917,0.0,0.0,1.1905638826104177,0.0,sine,1,0.4,0.5,22,44,18.00982928276062,0.0
1779527413.153342,0.0,-0.08028514559173917,0.0,0.0,1.1905638826104177,0.0,0.0396,-0.396,-0.3168,0.0,0.024883247394798295,0.0,0.0,-0.06806784082777886,0.0,0.0,1.215497157638908,0.0,sine,1,0.4,0.5,22,44,18.019814252853394,0.0
1779527413.163391,0.0,-0.06806784082777886,0.0,0.0,1.215497157638908,0.0,0.0,-0.1188,-0.396,0.0,0.03740764494574558,0.0,0.0,-0.05585053606381855,0.0,0.0020777729190408684,1.2238082493150715,0.0,sine,1,0.4,0.5,22,44,18.02981162071228,0.0
1779527413.1733584,0.0,-0.05585053606381855,0.0,0.0020777729190408684,1.2238082493150715,0.0,0.0,-0.0396,0.4356,0.0,0.04995965107807709,0.0,0.0,-0.04363323129985824,0.0,0.0,1.2362748868293167,0.0,sine,1,0.4,0.5,22,44,18.039860725402832,0.0
1779527413.1833491,0.0,-0.04363323129985824,0.0,0.0,1.2362748868293167,0.0,-0.0396,0.0396,-0.5544000000000001,0.0,0.06236036157066843,0.0,0.0,-0.029670597283903605,0.0,0.0,1.2715970264530114,0.0,sine,1,0.4,0.5,22,44,18.049828052520752,0.0
1779527413.1933432,0.0,-0.029670597283903605,0.0,0.0,1.2715970264530114,0.0,0.0,-0.5148,0.396,0.0,0.074728775987601,0.0,0.0,-0.017453292519943295,0.0,0.0,1.2715970264530114,0.0,sine,1,0.4,0.5,22,44,18.059818744659424,0.0
1779527413.2035086,0.0,-0.017453292519943295,0.0,0.0,1.2715970264530114,0.0,0.0,-0.5544000000000001,-0.5148,0.0,0.08702767334169487,0.0,0.0,-0.005235987755982989,0.0,0.0,1.2715970264530114,0.0,sine,1,0.4,0.5,22,44,18.069812774658203,0.0
1779527413.2135518,0.0,-0.005235987755982989,0.0,0.0,1.2715970264530114,0.0,-0.1188,-0.9504,-0.35639999999999994,0.0,0.09944945421205595,0.0,0.0,-0.005235987755982989,0.0,0.0,1.2715970264530114,0.0,sine,1,0.4,0.5,22,44,18.079978227615356,0.0
1779527413.2233608,0.0,-0.005235987755982989,0.0,0.0,1.2715970264530114,0.0,-0.1188,-0.9504,-0.35639999999999994,0.0,0.11162223243363734,0.0,0.0,0.017453292519943295,0.0,0.0,1.2466637514245211,0.0,sine,1,0.4,0.5,22,44,18.09002137184143,0.0
1779527413.2333927,0.0,0.017453292519943295,0.0,0.0,1.2466637514245211,0.0,-0.0396,-0.35639999999999994,0.4752,0.0,0.12340407255864334,0.0,0.0,0.029670597283903605,0.0,0.0020777729190408684,1.2487415243435618,0.0,sine,1,0.4,0.5,22,44,18.099830389022827,0.0
1779527413.2434003,0.0,0.029670597283903605,0.0,0.0020777729190408684,1.2487415243435618,0.0,0.0396,-0.7127999999999999,-0.5544000000000001,0.0,0.13533237903867587,0.0,0.0,0.04188790204786391,0.0,0.0,1.1490084242296001,0.0,sine,1,0.4,0.5,22,44,18.109862327575684,0.0
1779527413.2533464,0.0,0.04188790204786391,0.0,0.0,1.1490084242296001,0.0,-0.0792,-0.0792,-0.3168,0.0,0.14709785646267998,0.0,0.0,0.054105206811824215,0.0,0.0,1.198874974286581,0.0,sine,1,0.4,0.5,22,44,18.11986994743347,0.0
1779527413.2634065,0.0,0.054105206811824215,0.0,0.0,1.198874974286581,0.0,0.0792,0.1188,0.5148,0.0,0.15864698917122835,0.0,0.0,0.06632251157578452,0.0,0.0,1.2466637514245211,0.0,sine,1,0.4,0.5,22,44,18.12981605529785,0.0
1779527413.2733629,0.0,0.06632251157578452,0.0,0.0,1.2466637514245211,0.0,0.0396,-0.1584,-0.3168,0.0,0.17017085555175643,0.0,0.0,0.07853981633974483,0.0,0.0,1.2549748431006844,0.0,sine,1,0.4,0.5,22,44,18.139876127243042,0.0
1779527413.2833548,0.0,0.07853981633974483,0.0,0.0,1.2549748431006844,0.0,0.1188,-0.27720000000000006,0.4356,0.0,0.18140861529165792,0.0,0.0,0.09075712110370514,0.0,0.0,1.1448528783915184,0.0,sine,1,0.4,0.5,22,44,18.149832487106323,0.0
1779527413.2933846,0.0,0.09075712110370514,0.0,0.0,1.1448528783915184,0.0,0.0,0.2376,0.4356,0.0,0.19250803813188477,0.0,0.0,0.10122909661567113,0.0,0.0,1.1760194721771315,0.0,sine,1,0.4,0.5,22,44,18.15982437133789,0.0
1779527413.3033469,0.0,0.10122909661567113,0.0,0.0,1.1760194721771315,0.0,0.0,-0.2376,-0.5544000000000001,0.0,0.20345880296955918,0.0,0.0,0.11344640137963143,0.0,0.0,1.19679720136754,-0.0020777729190408684,sine,1,0.4,0.5,22,44,18.169854164123535,0.0
1779527413.3133805,0.0,0.11344640137963143,0.0,0.0,1.19679720136754,-0.0020777729190408684,0.0,0.0,-0.5940000000000001,0.0,0.21413596985895866,0.0,0.0,0.12566370614359174,0.0,0.0,1.1261529221201507,0.0020777729190408684,sine,1,0.4,0.5,22,44,18.179816484451294,0.0
1779527413.3233798,0.0,0.12566370614359174,0.0,0.0,1.1261529221201507,0.0020777729190408684,0.0396,-1.0692,-0.396,0.0,0.2246775207488121,0.0,0.0,0.13613568165555773,0.0,0.0,1.07628637206317,0.0,sine,1,0.4,0.5,22,44,18.189850091934204,0.0
1779527413.333497,0.0,0.13613568165555773,0.0,0.0,1.07628637206317,0.0,0.0396,-1.3464,-0.35639999999999994,0.0,0.2349609350962495,0.0,0.0,0.1466076571675237,0.0,0.0,1.1427751054724775,0.0,sine,1,0.4,0.5,22,44,18.199849367141724,0.0
1779527413.3433557,0.0,0.1466076571675237,0.0,0.0,1.1427751054724775,0.0,-0.0792,-1.6632,-0.4356,0.0,0.24512971511017737,0.0,0.0,0.158824961931484,0.0,0.0,1.19679720136754,0.0,sine,1,0.4,0.5,22,44,18.2099666595459,0.0
1779527413.353341,0.0,0.158824961931484,0.0,0.0,1.19679720136754,0.0,-0.0396,-2.3364,-0.4356,0.0,0.2548003720715086,0.0,0.0,0.1710422666954443,0.0,0.0,1.186408336772336,0.0,sine,1,0.4,0.5,22,44,18.219825267791748,0.0
1779527413.3633432,0.0,0.1710422666954443,0.0,0.0,1.186408336772336,0.0,0.0,-2.4948,-0.5148,0.0,0.26434627577843867,0.0,0.0,0.18151424220741028,0.0,0.0,1.1593972888248045,0.0,sine,1,0.4,0.5,22,44,18.22981071472168,0.0
1779527413.3735077,0.0,0.18151424220741028,0.0,0.0,1.1593972888248045,0.0,-0.0396,-1.7028,-0.396,0.0,0.2736473573574423,0.0,0.0,0.1937315469713706,0.0,0.0020777729190408684,1.1303084679582325,0.0,sine,1,0.4,0.5,22,44,18.23981285095215,0.0
1779527413.3834133,0.0,0.1937315469713706,0.0,0.0020777729190408684,1.1303084679582325,0.0,0.0792,-0.9504,-0.5940000000000001,0.0,0.2828225857076799,0.0,0.0,0.20420352248333656,0.0,0.0,1.0305753678442706,0.0,sine,1,0.4,0.5,22,44,18.249977350234985,0.0
1779527413.3933904,0.0,0.20420352248333656,0.0,0.0,1.0305753678442706,0.0,0.0,0.0396,-0.35639999999999994,0.0,0.2914867218115073,0.0,0.0,0.21467549799530256,0.0,-0.0020777729190408684,1.0430420053585159,0.0,sine,1,0.4,0.5,22,44,18.259882926940918,0.0
1779527413.4033449,0.0,0.21467549799530256,0.0,-0.0020777729190408684,1.0430420053585159,0.0,0.0,0.3168,-0.5940000000000001,0.0,0.2999280790703825,0.0,0.0,0.22514747350726852,0.0,-0.0020777729190408684,1.07628637206317,0.0,sine,1,0.4,0.5,22,44,18.26986002922058,0.0
1779527413.4133806,0.0,0.22514747350726852,0.0,-0.0020777729190408684,1.07628637206317,0.0,0.0,-0.9107999999999999,-0.5544000000000001,0.0,0.3080566426744538,0.0,0.0,0.23561944901923448,0.0,-0.0020777729190408684,1.0534308699537203,0.0,sine,1,0.4,0.5,22,44,18.27981448173523,0.0
1779527413.4233587,0.0,0.23561944901923448,0.0,-0.0020777729190408684,1.0534308699537203,0.0,-0.0396,-1.7424,-0.5544000000000001,0.0,0.3159466206993671,0.0,0.0,0.24609142453120048,0.0,0.0,1.0347309136823524,0.0,sine,1,0.4,0.5,22,44,18.28985023498535,0.0
1779527413.4333706,0.0,0.24609142453120048,0.0,0.0,1.0347309136823524,0.0,0.0,-2.0196,-0.5544000000000001,0.0,0.32347992073945636,0.0,0.0,0.25481807079117214,0.0,0.0,0.9994087740586577,0.0,sine,1,0.4,0.5,22,44,18.29982829093933,0.0
1779527413.44336,0.0,0.25481807079117214,0.0,0.0,0.9994087740586577,0.0,0.0,-0.8712,-0.6336,0.0,0.33071931737099297,0.0,0.0,0.26529004630313807,0.0,0.0,0.9640866344349629,0.0,sine,1,0.4,0.5,22,44,18.309840202331543,0.0
1779527413.453506,0.0,0.26529004630313807,0.0,0.0,0.9640866344349629,0.0,0.0396,0.1584,-0.4752,0.0,0.3376164537029409,0.0,0.0,0.27401669256310973,0.0,0.0,0.9287644948112682,0.0,sine,1,0.4,0.5,22,44,18.31982970237732,0.0
1779527413.4635637,0.0,0.27401669256310973,0.0,0.0,0.9287644948112682,0.0,0.0,-1.0296,-0.6336,0.0,0.3442812047963636,0.0,0.0,0.28274333882308134,0.0,0.0,0.899675673944696,0.0,sine,1,0.4,0.5,22,44,18.329975605010986,0.0
1779527413.4733438,0.0,0.28274333882308134,0.0,0.0,0.899675673944696,0.0,0.0,-1.3860000000000001,-0.5544000000000001,0.0,0.3505428251945558,0.0,0.0,0.291469985083053,0.0,0.0,0.8643535343210013,0.0,sine,1,0.4,0.5,22,44,18.340033292770386,0.0
1779527413.483347,0.0,0.291469985083053,0.0,0.0,0.8643535343210013,0.0,0.0,0.0,-0.5940000000000001,0.0,0.35629612791544757,0.0,0.0,0.2984513020910304,0.0,0.0,0.7937092550736117,0.0,sine,1,0.4,0.5,22,44,18.34981346130371,0.0
1779527413.4933472,0.0,0.2984513020910304,0.0,0.0,0.7937092550736117,0.0,0.0,-0.792,0.396,0.0,0.3618326066020231,0.0,0.0,0.30717794835100204,0.0,0.0,0.7874759363164892,0.0,sine,1,0.4,0.5,22,44,18.359816551208496,0.0
1779527413.503345,0.0,0.30717794835100204,0.0,0.0,0.7874759363164892,0.0,0.0396,-1.1483999999999999,-0.5148,0.0,0.3670103497656682,0.0,0.0,0.3141592653589793,0.0,0.0,0.7812426175593665,0.0,sine,1,0.4,0.5,22,44,18.369816780090332,0.0
1779527413.5133471,0.0,0.3141592653589793,0.0,0.0,0.7812426175593665,0.0,0.0,0.3168,0.5148,0.0,0.37182477691146215,0.0,0.0,0.32288591161895097,0.0,0.0,0.7604648883689579,0.0,sine,1,0.4,0.5,22,44,18.379814624786377,0.0
1779527413.5233438,0.0,0.32288591161895097,0.0,0.0,0.7604648883689579,0.0,0.0,-1.6236000000000002,-0.5148,0.0,0.3762742457744374,0.0,0.0,0.3298672286269283,0.0,0.0,0.7292982945833448,0.0,sine,1,0.4,0.5,22,44,18.389816761016846,0.0
1779527413.5335028,0.0,0.3298672286269283,0.0,0.0,0.7292982945833448,0.0,0.0,-0.5940000000000001,-0.5940000000000001,0.0,0.3803500855296168,0.0,0.0,0.3368485456349056,0.0,0.0,0.6918983820406092,-0.0020777729190408684,sine,1,0.4,0.5,22,44,18.399813413619995,0.0
1779527413.5433476,0.0,0.3368485456349056,0.0,0.0,0.6918983820406092,-0.0020777729190408684,0.0,-1.0692,-0.4752,0.0,0.3841078067940631,0.0,0.0,0.3420845333908886,0.0,0.0,0.6233318757122606,0.0,sine,1,0.4,0.5,22,44,18.409972429275513,0.0
1779527413.553346,0.0,0.3420845333908886,0.0,0.0,0.6233318757122606,0.0,0.0,-1.1088000000000002,-0.5148,0.0,0.38737607609846736,0.0,0.0,0.3473205211468716,0.0,-0.0020777729190408684,0.6025541465218518,0.0,sine,1,0.4,0.5,22,44,18.419817209243774,0.0
1779527413.5633585,0.0,0.3473205211468716,0.0,-0.0020777729190408684,0.6025541465218518,0.0,0.0,-0.9107999999999999,-0.4752,0.0,0.39031607125276313,0.0,0.0,0.35430183815484895,0.0,0.0,0.5796986444124023,0.0,sine,1,0.4,0.5,22,44,18.429815530776978,0.0
1779527413.573346,0.0,0.35430183815484895,0.0,0.0,0.5796986444124023,0.0,0.0,-0.3168,0.4356,0.0,0.3928743792128002,0.0,0.0,0.35953782591083194,0.0,0.0020777729190408684,0.5422987318696666,0.0,sine,1,0.4,0.5,22,44,18.439828157424927,0.0
1779527413.5833788,0.0,0.35953782591083194,0.0,0.0020777729190408684,0.5422987318696666,0.0,0.0,-1.4652,0.5544000000000001,0.0,0.39503900292526795,0.0,0.0,0.3647738136668149,0.0,0.0020777729190408684,0.4986655005698084,0.0,sine,1,0.4,0.5,22,44,18.44981551170349,0.0
1779527413.5933475,0.0,0.3647738136668149,0.0,0.0020777729190408684,0.4986655005698084,0.0,0.0,0.6336,0.4752,0.0,0.39682195938470183,0.0,0.0,0.36826447217080355,0.0,0.0,0.4716544526222771,0.0020777729190408684,sine,1,0.4,0.5,22,44,18.459848403930664,0.0
1779527413.6034954,0.0,0.36826447217080355,0.0,0.0,0.4716544526222771,0.0020777729190408684,0.0,-1.2276,0.6336,0.0,0.3982030976744454,0.0,0.0,0.3735004599267866,0.0,0.0,0.4404878588366641,0.0020777729190408684,sine,1,0.4,0.5,22,44,18.46981716156006,0.0
1779527413.613345,0.0,0.3735004599267866,0.0,0.0,0.4404878588366641,0.0020777729190408684,0.0,-1.0296,0.5148,0.0,0.39920792503737124,0.0,0.0,0.37699111843077515,0.0,0.0,0.39269908169872414,0.0,sine,1,0.4,0.5,22,44,18.47996497154236,0.0
1779527413.623532,0.0,0.37699111843077515,0.0,0.0,0.39269908169872414,0.0,0.0,0.5940000000000001,-0.5940000000000001,0.0,0.3997952350145555,0.0,0.0,0.38048177693476387,0.0,0.0,0.3615324879131111,0.0,sine,1,0.4,0.5,22,44,18.489814519882202,0.0
1779527413.6333246,0.0,0.38048177693476387,0.0,0.0,0.3615324879131111,0.0,0.0,-1.3068,-0.4752,0.0,0.39999999999450203,0.0,0.0,0.3839724354387525,0.0,0.0,0.3137437107751711,0.0,sine,1,0.4,0.5,22,44,18.500001668930054,0.0
1779527413.643345,0.0,0.3839724354387525,0.0,0.0,0.3137437107751711,0.0,0.0,-1.6632,-0.3168,0.0,0.39981066254423503,0.0,0.0,0.38571776469074687,0.0,0.0,0.2763437982324355,0.0,sine,1,0.4,0.5,22,44,18.509794235229492,0.0
1779527413.6533432,0.0,0.38571776469074687,0.0,0.0,0.2763437982324355,0.0,0.0,-0.5940000000000001,0.4356,0.0,0.3992252424832958,0.0,0.0,0.3892084231947355,0.0,0.0,0.236866112770659,0.0,sine,1,0.4,0.5,22,44,18.51981472969055,0.0
1779527413.6635234,0.0,0.3892084231947355,0.0,0.0,0.236866112770659,0.0,0.0,0.396,0.35639999999999994,0.0,0.39824685373920143,0.0,0.0,0.3909537524467298,0.0,0.0,0.20154397314696423,0.0,sine,1,0.4,0.5,22,44,18.529812812805176,0.0
1779527413.6733422,0.0,0.3909537524467298,0.0,0.0,0.20154397314696423,0.0,-0.0396,0.0792,-0.3168,0.0,0.3968469754049249,0.0,0.0,0.39269908169872414,0.0,0.0,0.16206628768518774,0.0,sine,1,0.4,0.5,22,44,18.539993047714233,0.0
1779527413.6833782,0.0,0.39269908169872414,0.0,0.0,0.16206628768518774,0.0,-0.0396,-0.5544000000000001,0.4356,0.0,0.3951122559461555,0.0,0.0,0.39269908169872414,0.0,0.0,0.1308996938995747,0.0,sine,1,0.4,0.5,22,44,18.549811840057373,0.0
1779527413.6933637,0.0,0.39269908169872414,0.0,0.0,0.1308996938995747,0.0,-0.0396,1.2276,-0.35639999999999994,0.0,0.39295068650300025,0.0,0.0,0.39444441095071847,0.0,0.0020777729190408684,0.0851886896806756,0.0,sine,1,0.4,0.5,22,44,18.559847831726074,0.0
1779527413.703369,0.0,0.39444441095071847,0.0,0.0020777729190408684,0.0851886896806756,0.0,0.0,-1.1088000000000002,0.4356,0.0,0.3904123540298361,0.0,0.0,0.39444441095071847,0.0,0.0,0.05609986881410345,0.0,sine,1,0.4,0.5,22,44,18.569833278656006,0.0
1779527413.7133594,0.0,0.39444441095071847,0.0,0.0,0.05609986881410345,0.0,0.0,1.9404,0.4356,0.0,0.3874836809516624,0.0,0.0,0.39444441095071847,0.0,0.0020777729190408684,0.022855502109449553,0.0,sine,1,0.4,0.5,22,44,18.579838514328003,0.0
1779527413.7234876,0.0,0.39444441095071847,0.0,0.0020777729190408684,0.022855502109449553,0.0,-0.0396,1.7028,0.396,0.0,0.38417738100800536,0.0,0.0,0.39444441095071847,0.0,0.0020777729190408684,0.022855502109449553,0.0,sine,1,0.4,0.5,22,44,18.589828968048096,0.0
1779527413.7333426,0.0,0.39444441095071847,0.0,0.0020777729190408684,0.022855502109449553,0.0,-0.0396,1.7028,0.396,0.0,0.3804392125148137,0.0,0.0,0.39444441095071847,0.0,0.0,-0.0394776854617765,0.0,sine,1,0.4,0.5,22,44,18.59995722770691,0.0
1779527413.7435117,0.0,0.39444441095071847,0.0,0.0,-0.0394776854617765,0.0,0.0,1.782,-0.198,0.0,0.3764321576583542,0.0,0.0,0.39269908169872414,0.0,0.0,-0.08934423551875734,0.0,sine,1,0.4,0.5,22,44,18.609812259674072,0.0
1779527413.7538097,0.0,0.39269908169872414,0.0,0.0,-0.08934423551875734,0.0,0.0,1.6236000000000002,-0.27720000000000006,0.0,0.37191924944348975,0.0,0.0,0.3909537524467298,0.0,0.0,-0.12258860222341124,0.0,sine,1,0.4,0.5,22,44,18.619981288909912,0.0
1779527413.7633743,0.0,0.3909537524467298,0.0,0.0,-0.12258860222341124,0.0,0.0,0.6732,0.198,0.0,0.3669623172117424,0.0,0.0,0.3892084231947355,0.0,0.0,-0.17661069811847382,0.0,sine,1,0.4,0.5,22,44,18.630279302597046,0.0
1779527413.7733464,0.0,0.3892084231947355,0.0,0.0,-0.17661069811847382,0.0,-0.0396,0.396,0.1188,0.0,0.36201427700025507,0.0,0.0,0.3874630939427412,0.0,0.0,-0.19323288147080075,0.0,sine,1,0.4,0.5,22,44,18.639843940734863,0.0
1779527413.7833786,0.0,0.3874630939427412,0.0,0.0,-0.19323288147080075,0.0,-0.0396,0.8316,-0.1584,0.0,0.3565075017186717,0.0,0.0,0.38571776469074687,0.0,0.0,-0.26595493363723116,-0.0020777729190408684,sine,1,0.4,0.5,22,44,18.649816036224365,0.0
1779527413.7933404,0.0,0.38571776469074687,0.0,0.0,-0.26595493363723116,-0.0020777729190408684,-0.0792,1.2672,-0.0792,0.0,0.3506145223024609,0.0,0.0,0.3822271061867582,0.0,-0.0020777729190408684,-0.3095881649370894,0.0,sine,1,0.4,0.5,22,44,18.6598482131958,0.0
1779527413.8033576,0.0,0.3822271061867582,0.0,-0.0020777729190408684,-0.3095881649370894,0.0,-0.1188,1.9404,0.198,0.0,0.34441825249324337,0.0,0.0,0.3787364476827696,0.0,0.0020777729190408684,-0.3594547149940702,0.0,sine,1,0.4,0.5,22,44,18.6698100566864,0.0
1779527413.813344,0.0,0.3787364476827696,0.0,0.0020777729190408684,-0.3594547149940702,0.0,-0.1188,0.4356,0.0792,0.0,0.33784746460935305,0.0,0.0,0.3735004599267866,0.0,0.0,-0.39685462753680584,0.0,sine,1,0.4,0.5,22,44,18.679827213287354,0.0
1779527413.823363,0.0,0.3735004599267866,0.0,0.0,-0.39685462753680584,0.0,-0.0792,1.1483999999999999,0.0,0.0,0.3309638239818142,0.0,0.0,0.3700098014227979,0.0,0.0,-0.4280212213224189,0.0,sine,1,0.4,0.5,22,44,18.6898136138916,0.0
1779527413.8335273,0.0,0.3700098014227979,0.0,0.0,-0.4280212213224189,0.0,-0.0792,1.8612000000000002,0.396,0.0,0.3237303426586773,0.0,0.0,0.3665191429188092,0.0,0.0,-0.4217879025652963,0.0,sine,1,0.4,0.5,22,44,18.699832677841187,0.0
1779527413.8433514,0.0,0.3665191429188092,0.0,0.0,-0.4217879025652963,0.0,0.0396,0.396,0.1584,0.0,0.31606436274998906,0.0,0.0,0.3612831551628263,0.0,0.0,-0.4363323129985824,0.0,sine,1,0.4,0.5,22,44,18.709996938705444,0.0
1779527413.85338,0.0,0.3612831551628263,0.0,0.0,-0.4363323129985824,0.0,-0.1188,0.8712,0.0,0.0,0.3083486482748523,0.0,0.0,0.3612831551628263,0.0,0.0,-0.4363323129985824,0.0,sine,1,0.4,0.5,22,44,18.719820976257324,0.0
1779527413.8633816,0.0,0.3612831551628263,0.0,0.0,-0.4363323129985824,0.0,-0.1188,0.8712,0.0,0.0,0.30016940026112904,0.0,0.0,0.3508111796508602,0.0,0.0,-0.5755430985743205,0.0,sine,1,0.4,0.5,22,44,18.729849576950073,0.0
1779527413.8734639,0.0,0.3508111796508602,0.0,0.0,-0.5755430985743205,0.0,-0.0792,0.8712,0.0792,0.0,0.2917153896728216,0.0,0.0,0.34382986264288296,0.0,0.0,-0.6150207840360971,0.0,sine,1,0.4,0.5,22,44,18.739851236343384,0.0
1779527413.8833752,0.0,0.34382986264288296,0.0,0.0,-0.6150207840360971,0.0,-0.0792,1.5444,0.0,0.0,0.2829018133319622,0.0,0.0,0.3368485456349056,0.0,0.0,-0.6524206965788326,0.0,sine,1,0.4,0.5,22,44,18.74993348121643,0.0
1779527413.8933415,0.0,0.3368485456349056,0.0,0.0,-0.6524206965788326,0.0,-0.1188,0.9504,0.0,0.0,0.27396099896392184,0.0,0.0,0.3298672286269283,0.0,0.0,-0.6856650632834865,0.0,sine,1,0.4,0.5,22,44,18.75984477996826,0.0
1779527413.9033647,0.0,0.3298672286269283,0.0,0.0,-0.6856650632834865,0.0,-0.1584,1.1483999999999999,0.0792,0.0,0.26470270963960213,0.0,0.0,0.32288591161895097,0.0,0.0020777729190408684,-0.7189094299881404,0.0,sine,1,0.4,0.5,22,44,18.769811153411865,0.0
1779527413.9133828,0.0,0.32288591161895097,0.0,0.0020777729190408684,-0.7189094299881404,0.0,-0.1188,1.4255999999999998,0.1584,0.0,0.25513002985489514,0.0,0.0,0.31590459461097364,0.0,0.0,-0.7500760237737535,0.0,sine,1,0.4,0.5,22,44,18.779834270477295,0.0
1779527413.9233518,0.0,0.31590459461097364,0.0,0.0,-0.7500760237737535,0.0,-0.1584,0.3168,0.0792,0.0,0.24530937186305854,0.0,0.0,0.3089232776029963,0.0,0.0,-0.7791648446403256,0.0,sine,1,0.4,0.5,22,44,18.789852380752563,0.0
1779527413.9333832,0.0,0.3089232776029963,0.0,0.0,-0.7791648446403256,0.0,-0.1584,1.4652,0.1584,0.0,0.23529565950991316,0.0,0.0,0.30019663134302466,0.0,0.0,-0.7978648009116934,0.0020777729190408684,sine,1,0.4,0.5,22,44,18.799821376800537,0.0
1779527413.9434435,0.0,0.30019663134302466,0.0,0.0,-0.7978648009116934,0.0020777729190408684,-0.198,0.5148,-0.0396,0.0,0.22498627793894901,0.0,0.0,0.291469985083053,0.0,0.0,-0.8290313946973065,0.0,sine,1,0.4,0.5,22,44,18.809852838516235,0.0
1779527413.9535086,0.0,0.291469985083053,0.0,0.0,-0.8290313946973065,0.0,-0.1188,0.7127999999999999,0.1584,0.0,0.21442286024591853,0.0,0.0,0.28274333882308134,0.0,0.0,-0.8622757614019604,0.0,sine,1,0.4,0.5,22,44,18.819913148880005,0.0
1779527413.9633436,0.0,0.28274333882308134,0.0,0.0,-0.8622757614019604,0.0,-0.0792,1.7028,-0.0792,0.0,0.20364011571315804,0.0,0.0,0.27576202181510406,0.0,0.0,-0.8103314384259387,-0.0020777729190408684,sine,1,0.4,0.5,22,44,18.829978227615356,0.0
1779527413.973394,0.0,0.27576202181510406,0.0,0.0,-0.8103314384259387,-0.0020777729190408684,-0.198,0.396,0.0396,0.0,0.19290710481250697,0.0,0.0,0.2670353755551324,0.0,0.0,-0.8955201281066143,-0.0020777729190408684,sine,1,0.4,0.5,22,44,18.839813232421875,0.0
1779527413.9833739,0.0,0.2670353755551324,0.0,0.0,-0.8955201281066143,-0.0020777729190408684,-0.1188,0.1584,0.0396,0.0,0.18174898570424486,0.0,0.0,0.25656340004316647,0.0,0.0,-0.9391533594064725,0.0020777729190408684,sine,1,0.4,0.5,22,44,18.849863529205322,0.0
1779527413.9933932,0.0,0.25656340004316647,0.0,0.0,-0.9391533594064725,0.0020777729190408684,0.1188,1.9404,0.1188,0.0,0.17048965118713788,0.0,0.0,0.2478367537831948,0.0,0.0,-0.8955201281066143,0.0,sine,1,0.4,0.5,22,44,18.859843492507935,0.0
1779527414.0034604,0.0,0.2478367537831948,0.0,0.0,-0.8955201281066143,0.0,-0.1584,0.8316,0.1188,0.0,0.159017378030592,0.0,0.0,0.23911010752322315,0.0,0.0,-0.8809757176733282,-0.0020777729190408684,sine,1,0.4,0.5,22,44,18.8698627948761,0.0
1779527414.0134022,0.0,0.23911010752322315,0.0,0.0,-0.8809757176733282,-0.0020777729190408684,0.1188,0.198,0.3168,0.0,0.14733158228411122,0.0,0.0,0.2303834612632515,0.0,0.0,-0.9807088177872899,0.0,sine,1,0.4,0.5,22,44,18.879930019378662,0.0
1779527414.0233757,0.0,0.2303834612632515,0.0,0.0,-0.9807088177872899,0.0,-0.1188,0.792,0.198,0.0,0.1356466916025718,0.0,0.0,0.21991148575128555,0.0,0.0,-1.040964232439475,0.0,sine,1,0.4,0.5,22,44,18.889871835708618,0.0
1779527414.0333471,0.0,0.21991148575128555,0.0,0.0,-1.040964232439475,0.0,-0.0396,1.2276,0.0396,0.0,0.12379159645956582,0.0,0.0,0.20943951023931953,0.0,0.0,-0.9848643636253717,0.0,sine,1,0.4,0.5,22,44,18.899845361709595,0.0
1779527414.0433598,0.0,0.20943951023931953,0.0,0.0,-0.9848643636253717,0.0,-0.198,1.7028,0.3168,0.0,0.11181756885251182,0.0,0.0,0.1989675347273536,0.0,0.0020777729190408684,-0.9807088177872899,-0.004155545838081737,sine,1,0.4,0.5,22,44,18.90981674194336,0.0
1779527414.0533726,0.0,0.1989675347273536,0.0,0.0020777729190408684,-0.9807088177872899,-0.004155545838081737,-0.2376,1.3464,0.27720000000000006,0.0,0.09968362586194804,0.0,0.0,0.18849555921538758,0.0,0.0,-1.0908307824964558,0.0,sine,1,0.4,0.5,22,44,18.91982936859131,0.0
1779527414.06338,0.0,0.18849555921538758,0.0,0.0,-1.0908307824964558,0.0,-0.198,0.3168,0.0,0.0,0.08745076624249268,0.0,0.0,0.1762782544514273,0.0,0.0,-1.167708380500968,0.0,sine,1,0.4,0.5,22,44,18.929842233657837,0.0
1779527414.0733633,0.0,0.1762782544514273,0.0,0.0,-1.167708380500968,0.0,-0.1188,0.4752,0.198,0.0,0.0751381493630038,0.0,0.0,0.1658062789394613,0.0,0.0,-1.1884861096913768,0.0,sine,1,0.4,0.5,22,44,18.939849615097046,0.0
1779527414.0833478,0.0,0.1658062789394613,0.0,0.0,-1.1884861096913768,0.0,-0.1188,0.0396,0.0792,0.0,0.06278115600586978,0.0,0.0,0.15358897417550102,0.0,0.0,-1.1012196470916602,0.0,sine,1,0.4,0.5,22,44,18.949832916259766,0.0
1779527414.0933948,0.0,0.15358897417550102,0.0,0.0,-1.1012196470916602,0.0,-0.1188,0.4356,0.0,0.0,0.05036092585365966,0.0,0.0,0.15358897417550102,0.0,0.0,-1.1012196470916602,0.0,sine,1,0.4,0.5,22,44,18.95981740951538,0.0
1779527414.103513,0.0,0.15358897417550102,0.0,0.0,-1.1012196470916602,0.0,-0.1188,0.4356,0.0,0.0,0.037813005134422116,0.0,0.0,0.14311699866353503,0.0,-0.0020777729190408684,-1.07628637206317,0.0,sine,1,0.4,0.5,22,44,18.96986436843872,0.0
1779527414.1133428,0.0,0.14311699866353503,0.0,-0.0020777729190408684,-1.07628637206317,0.0,-0.1188,1.1880000000000002,0.0792,0.0,0.025138011905712812,0.0,0.0,0.12217304763960307,0.0,0.0,-1.0845974637393332,0.0,sine,1,0.4,0.5,22,44,18.979982614517212,0.0
1779527414.1234243,0.0,0.12217304763960307,0.0,0.0,-1.0845974637393332,0.0,-0.198,1.3464,0.3168,0.0,0.01279996273366167,0.0,0.0,0.1117010721276371,0.0,0.0,-1.105375192929742,0.0,sine,1,0.4,0.5,22,44,18.98981237411499,0.0
1779527414.1333263,0.0,0.1117010721276371,0.0,0.0,-1.105375192929742,0.0,-0.1584,1.2276,0.35639999999999994,0.0,0.0001333244996040155,0.0,0.0,0.0994837673636768,0.0,0.0,-1.1323862408772734,-0.0020777729190408684,sine,1,0.4,0.5,22,44,18.9998939037323,0.0
1779527414.1433659,0.0,0.0994837673636768,0.0,0.0,-1.1323862408772734,-0.0020777729190408684,-0.1188,1.1880000000000002,0.2376,0.0,-0.012307953223533648,0.0,0.0,0.08726646259971647,0.0,0.0,-1.2653637076958888,0.0,sine,1,0.4,0.5,22,44,19.009795904159546,0.0
1779527414.1533663,0.0,0.08726646259971647,0.0,0.0,-1.2653637076958888,0.0,0.0792,0.396,0.3168,0.0,-0.024909860595310654,0.0,0.0,0.07330382858376185,0.0,-0.0020777729190408684,-1.3110747119147879,0.0,sine,1,0.4,0.5,22,44,19.019835472106934,0.0
1779527414.1634302,0.0,0.07330382858376185,0.0,-0.0020777729190408684,-1.3110747119147879,0.0,0.198,0.99,0.1188,0.0,-0.037438070681373614,0.0,0.0,0.061086523819801536,0.0,0.0,-1.3339302140242375,0.0,sine,1,0.4,0.5,22,44,19.02983593940735,0.0
1779527414.1733305,0.0,0.061086523819801536,0.0,0.0,-1.3339302140242375,0.0,-0.1584,1.0296,0.0792,0.0,-0.05000840126630665,0.0,0.0,0.048869219055841226,0.0,0.0020777729190408684,-1.2258860222341124,0.0,sine,1,0.4,0.5,22,44,19.039899826049805,0.0
1779527414.183368,0.0,0.048869219055841226,0.0,0.0020777729190408684,-1.2258860222341124,0.0,-0.396,1.2672,0.2376,0.0,-0.062325736087420015,0.0,0.0,0.03665191429188092,0.0,0.0,-1.2882192098053384,0.0,sine,1,0.4,0.5,22,44,19.049800157546997,0.0
1779527414.1933808,0.0,0.03665191429188092,0.0,0.0,-1.2882192098053384,0.0,-0.198,1.1483999999999999,0.0792,0.0,-0.07475202798235911,0.0,0.0,0.03665191429188092,0.0,0.0,-1.2882192098053384,0.0,sine,1,0.4,0.5,22,44,19.059837579727173,0.0
1779527414.2033617,0.0,0.03665191429188092,0.0,0.0,-1.2882192098053384,0.0,-0.198,1.1483999999999999,0.0792,0.0,-0.08707387644156578,0.0,0.0,0.012217304763960306,0.0,0.0,-1.198874974286581,-0.0020777729190408684,sine,1,0.4,0.5,22,44,19.0698504447937,0.0
1779527414.2137558,0.0,0.012217304763960306,0.0,0.0,-1.198874974286581,-0.0020777729190408684,-0.198,0.7127999999999999,0.2376,0.0,-0.09927068162985693,0.0,0.0,0.0,0.0,-0.004155545838081737,-1.2861414368862976,0.0,sine,1,0.4,0.5,22,44,19.07983136177063,0.0
1779527414.2233942,0.0,0.0,0.0,-0.004155545838081737,-1.2861414368862976,0.0,0.1188,1.0296,0.198,0.0,-0.11186848390507947,0.0,0.0,-0.012217304763960306,0.0,-0.004155545838081737,-1.3297746681861558,0.0,sine,1,0.4,0.5,22,44,19.09022545814514,0.0
1779527414.233343,0.0,-0.012217304763960306,0.0,-0.004155545838081737,-1.3297746681861558,0.0,-0.0792,1.1483999999999999,0.27720000000000006,0.0,-0.12344397064418644,0.0,0.0,-0.02617993877991494,0.0,0.0,-1.325619122348074,0.0,sine,1,0.4,0.5,22,44,19.0998637676239,0.0
1779527414.2434707,0.0,-0.02617993877991494,0.0,0.0,-1.325619122348074,0.0,-0.0792,1.3068,0.2376,0.0,-0.13527345254000056,0.0,0.0,-0.038397243543875255,0.0,0.0,-1.3193858035909514,0.0,sine,1,0.4,0.5,22,44,19.10981249809265,0.0
1779527414.2533581,0.0,-0.038397243543875255,0.0,0.0,-1.3193858035909514,0.0,0.1584,1.3464,0.2376,0.0,-0.14718004320523514,0.0,0.0,-0.05235987755982988,0.0,0.0,-1.3027636202386246,0.0,sine,1,0.4,0.5,22,44,19.119940280914307,0.0
1779527414.2633488,0.0,-0.05235987755982988,0.0,0.0,-1.3027636202386246,0.0,-0.1188,1.584,0.3168,0.0,-0.15866046568925002,0.0,0.0,-0.06457718232379019,0.0,0.0,-1.294452528562461,0.0,sine,1,0.4,0.5,22,44,19.129827737808228,0.0
1779527414.2733648,0.0,-0.06457718232379019,0.0,0.0,-1.294452528562461,0.0,-0.0792,1.6236000000000002,0.1188,0.0,-0.1701052366599507,0.0,0.0,-0.07679448708775051,0.0,0.0020777729190408684,-1.19679720136754,-0.0020777729190408684,sine,1,0.4,0.5,22,44,19.1398184299469,0.0
1779527414.2835414,0.0,-0.07679448708775051,0.0,0.0020777729190408684,-1.19679720136754,-0.0020777729190408684,-0.2376,1.7028,-0.1188,0.0,-0.18141075146526497,0.0,0.0,-0.08901179185171082,0.0,0.0,-1.2549748431006844,0.0,sine,1,0.4,0.5,22,44,19.149834394454956,0.0
1779527414.2933972,0.0,-0.08901179185171082,0.0,0.0,-1.2549748431006844,0.0,-0.1584,1.3860000000000001,-0.2376,0.0,-0.19271364117600437,0.0,0.0,-0.10122909661567113,0.0,0.0,-1.2528970701816435,0.0,sine,1,0.4,0.5,22,44,19.160011053085327,0.0
1779527414.3033834,0.0,-0.10122909661567113,0.0,0.0,-1.2528970701816435,0.0,-0.198,1.5444,0.0396,0.0,-0.2034724743181402,0.0,0.0,-0.11344640137963143,0.0,0.0020777729190408684,-1.2528970701816435,0.0,sine,1,0.4,0.5,22,44,19.169866800308228,0.0
1779527414.3133907,0.0,-0.11344640137963143,0.0,0.0020777729190408684,-1.2528970701816435,0.0,-0.1584,1.3068,-0.198,0.0,-0.21417468631239958,0.0,0.0,-0.12566370614359174,0.0,0.0,-1.1303084679582325,0.0,sine,1,0.4,0.5,22,44,19.179852962493896,0.0
1779527414.3233855,0.0,-0.12566370614359174,0.0,0.0,-1.1303084679582325,0.0,-0.198,1.4255999999999998,-0.27720000000000006,0.0,-0.22468817935499483,0.0,0.0,-0.13613568165555773,0.0,0.0020777729190408684,-1.088753009577415,-0.0020777729190408684,sine,1,0.4,0.5,22,44,19.189860343933105,0.0
1779527414.333391,0.0,-0.13613568165555773,0.0,0.0020777729190408684,-1.088753009577415,-0.0020777729190408684,-0.1188,0.5940000000000001,0.27720000000000006,0.0,-0.23496675432269118,0.0,0.0,-0.1466076571675237,0.0,0.0,-1.151086197148641,0.0,sine,1,0.4,0.5,22,44,19.199855089187622,0.0
1779527414.34339,0.0,-0.1466076571675237,0.0,0.0,-1.151086197148641,0.0,-0.1188,0.3168,0.3168,0.0,-0.24502434591355,0.0,0.0,-0.1466076571675237,0.0,0.0,-1.151086197148641,0.0,sine,1,0.4,0.5,22,44,19.2098605632782,0.0
1779527414.3533583,0.0,-0.1466076571675237,0.0,0.0,-1.151086197148641,0.0,-0.1188,0.3168,0.3168,0.0,-0.2548336280947844,0.0,0.0,-0.1710422666954443,0.0,0.0,-1.1822527909342542,0.0,sine,1,0.4,0.5,22,44,19.21985960006714,0.0
1779527414.3633146,0.0,-0.1710422666954443,0.0,0.0,-1.1822527909342542,0.0,-0.0792,0.5940000000000001,0.1188,0.0,-0.26436246497385435,0.0,0.0,-0.18151424220741028,0.0,0.0,-1.0908307824964558,0.0,sine,1,0.4,0.5,22,44,19.229827880859375,0.0
1779527414.3733456,0.0,-0.18151424220741028,0.0,0.0,-1.0908307824964558,0.0,-0.1584,0.198,-0.2376,0.0,-0.27362113341459054,0.0,0.0,-0.19198621771937624,0.0,0.0,-1.1178418304439872,0.0,sine,1,0.4,0.5,22,44,19.239784240722656,0.0
1779527414.3833988,0.0,-0.19198621771937624,0.0,0.0,-1.1178418304439872,0.0,-0.0396,0.1188,0.0396,0.0,-0.2826784786251813,0.0,0.0,-0.20245819323134226,0.0,0.0020777729190408684,-1.0305753678442706,0.0,sine,1,0.4,0.5,22,44,19.249815225601196,0.0
1779527414.3933473,0.0,-0.20245819323134226,0.0,0.0020777729190408684,-1.0305753678442706,0.0,0.35639999999999994,1.4255999999999998,0.0,0.0,-0.29147420586424183,0.0,0.0,-0.21293016874330822,0.0,0.0,-1.0679752803870064,0.0,sine,1,0.4,0.5,22,44,19.259868383407593,0.0
1779527414.4033399,0.0,-0.21293016874330822,0.0,0.0,-1.0679752803870064,0.0,-0.1584,1.2276,0.1584,0.0,-0.29989219640219383,0.0,0.0,-0.2234021442552742,0.0,0.0,-0.9827865907063308,0.0,sine,1,0.4,0.5,22,44,19.269816875457764,0.0
1779527414.4134083,0.0,-0.2234021442552742,0.0,0.0,-0.9827865907063308,0.0,-0.198,1.3068,-0.0396,0.0,-0.30805262931955,0.0,0.0,-0.23212879051524585,0.0,0.0,-0.9536977698397586,0.0,sine,1,0.4,0.5,22,44,19.27980947494507,0.0
1779527414.42336,0.0,-0.23212879051524585,0.0,0.0,-0.9536977698397586,0.0,-0.0792,0.0396,-0.27720000000000006,0.0,-0.3159679335512917,0.0,0.0,-0.24260076602721178,0.0,-0.0020777729190408684,-0.9952532282205759,0.0,sine,1,0.4,0.5,22,44,19.289877891540527,0.0
1779527414.4333444,0.0,-0.24260076602721178,0.0,-0.0020777729190408684,-0.9952532282205759,0.0,0.0792,0.9107999999999999,-0.35639999999999994,0.0,-0.3234809781431513,0.0,0.0,-0.2530727415391778,0.0,0.0,-1.0139531844919438,0.0,sine,1,0.4,0.5,22,44,19.299829721450806,0.0
1779527414.4433966,0.0,-0.2530727415391778,0.0,0.0,-1.0139531844919438,0.0,-0.1188,1.7424,0.0,0.0,-0.3307007781994553,0.0,0.0,-0.2617993877991494,0.0,0.0,-0.9433089052445542,0.0,sine,1,0.4,0.5,22,44,19.309813976287842,0.0
1779527414.453365,0.0,-0.2617993877991494,0.0,0.0,-0.9433089052445542,0.0,0.1188,0.9504,-0.0792,0.0,-0.33764103430736564,0.0,0.0,-0.27052603405912107,0.0,0.0,-0.8872090364304508,-0.0020777729190408684,sine,1,0.4,0.5,22,44,19.319866180419922,0.0
1779527414.463353,0.0,-0.27052603405912107,0.0,0.0,-0.8872090364304508,-0.0020777729190408684,-0.1188,0.2376,-0.27720000000000006,0.0,-0.3441910249902322,0.0,0.0,-0.2792526803190927,0.0,0.0,-0.8498091238877151,0.0,sine,1,0.4,0.5,22,44,19.329834699630737,0.0
1779527414.4733613,0.0,-0.2792526803190927,0.0,0.0,-0.8498091238877151,0.0,-0.198,1.2276,-0.2376,0.0,-0.3504151795172823,0.0,0.0,-0.2879793265790644,0.0,0.0,-0.883053490592369,0.0,sine,1,0.4,0.5,22,44,19.33982253074646,0.0
1779527414.4833395,0.0,-0.2879793265790644,0.0,0.0,-0.883053490592369,0.0,-0.1584,1.3068,-0.2376,0.0,-0.35630606812306254,0.0,0.0,-0.29670597283903605,0.0,0.0,-0.8726646259971648,0.0,sine,1,0.4,0.5,22,44,19.349830865859985,0.0
1779527414.4933803,0.0,-0.29670597283903605,0.0,0.0,-0.8726646259971648,0.0,-0.1584,0.6336,-0.27720000000000006,0.0,-0.3618286471198714,0.0,0.0,-0.30543261909900765,0.0,0.0,-0.8477313509686742,0.0,sine,1,0.4,0.5,22,44,19.359809160232544,0.0
1779527414.5033472,0.0,-0.30543261909900765,0.0,0.0,-0.8477313509686742,0.0,-0.1188,0.6732,-0.1584,0.0,-0.3670269090693521,0.0,0.0,-0.31241393610698504,0.0,0.0,-0.7750092988022439,0.0,sine,1,0.4,0.5,22,44,19.369849920272827,0.0
1779527414.5133455,0.0,-0.31241393610698504,0.0,0.0,-0.7750092988022439,0.0,-0.1188,1.5048000000000001,-0.198,0.0,-0.37182577099258385,0.0,0.0,-0.3193952531149623,0.0,0.0,-0.7251427487452631,-0.0020777729190408684,sine,1,0.4,0.5,22,44,19.37981677055359,0.0
1779527414.5234406,0.0,-0.3193952531149623,0.0,0.0,-0.7251427487452631,-0.0020777729190408684,-0.198,0.1584,-0.2376,0.0,-0.3762735342189579,0.0,0.0,-0.32637657012293964,0.0,0.0,-0.7334538404214266,-0.0020777729190408684,sine,1,0.4,0.5,22,44,19.389815092086792,0.0
1779527414.5333834,0.0,-0.32637657012293964,0.0,0.0,-0.7334538404214266,-0.0020777729190408684,-0.1188,1.3860000000000001,-0.3168,0.0,-0.3803877245396734,0.0,0.0,-0.33335788713091696,0.0,0.0,-0.7147538841500587,0.0,sine,1,0.4,0.5,22,44,19.39991021156311,0.0
1779527414.5434535,0.0,-0.33335788713091696,0.0,0.0,-0.7147538841500587,0.0,-0.2376,0.792,-0.1188,0.0,-0.38406589002637287,0.0,0.0,-0.34033920413889424,0.0,0.0,-0.6835872903644457,0.0,sine,1,0.4,0.5,22,44,19.409852981567383,0.0
1779527414.5535128,0.0,-0.34033920413889424,0.0,0.0,-0.6835872903644457,0.0,-0.0792,1.0692,-0.198,0.0,-0.3874092106076016,0.0,0.0,-0.3473205211468716,0.0,0.0,-0.648265150740751,0.0,sine,1,0.4,0.5,22,44,19.419923067092896,0.0
1779527414.5633647,0.0,-0.3473205211468716,0.0,0.0,-0.648265150740751,0.0,0.0396,1.2276,-0.0396,0.0,-0.39036188606665734,0.0,0.0,-0.3525565089028546,0.0,0.0020777729190408684,-0.6087874652789744,0.0,sine,1,0.4,0.5,22,44,19.42998242378235,0.0
1779527414.57334,0.0,-0.3525565089028546,0.0,0.0020777729190408684,-0.6087874652789744,0.0,-0.0792,1.3068,-0.0792,0.0,-0.392875842921848,0.0,0.0,-0.3577924966588375,0.0,0.0020777729190408684,-0.5651542339791162,0.0,sine,1,0.4,0.5,22,44,19.439834356307983,0.0
1779527414.5833793,0.0,-0.3577924966588375,0.0,0.0020777729190408684,-0.5651542339791162,0.0,-0.1188,0.5940000000000001,-0.0792,0.0,-0.39503782685233313,0.0,0.0,-0.36302848441482055,0.0,0.0020777729190408684,-0.5007432734888493,0.0,sine,1,0.4,0.5,22,44,19.449809551239014,0.0
1779527414.5933616,0.0,-0.36302848441482055,0.0,0.0020777729190408684,-0.5007432734888493,0.0,-0.198,1.9404,-0.0396,0.0,-0.39682203476845707,0.0,0.0,-0.36826447217080355,0.0,0.0,-0.48204331721748145,0.0,sine,1,0.4,0.5,22,44,19.459848880767822,0.0
1779527414.6033401,0.0,-0.36826447217080355,0.0,0.0,-0.48204331721748145,0.0,-0.1188,0.1188,-0.0792,0.0,-0.3982047709212713,0.0,0.0,-0.3717551306747922,0.0,0.0,-0.45087672343186846,0.0,sine,1,0.4,0.5,22,44,19.469831228256226,0.0
1779527414.6133451,0.0,-0.3717551306747922,0.0,0.0,-0.45087672343186846,0.0,-0.0792,0.5148,-0.2376,0.0,-0.39919560929089576,0.0,0.0,-0.37699111843077515,0.0,0.0,-0.39269908169872414,0.0,sine,1,0.4,0.5,22,44,19.479809761047363,0.0
1779527414.6233666,0.0,-0.37699111843077515,0.0,0.0,-0.39269908169872414,0.0,-0.1188,1.9404,0.0,0.0,-0.3997952445997768,0.0,0.0,-0.38048177693476387,0.0,0.0,-0.3739991254273563,0.0,sine,1,0.4,0.5,22,44,19.48981475830078,0.0
1779527414.6334074,0.0,-0.38048177693476387,0.0,0.0,-0.3739991254273563,0.0,-0.0396,0.35639999999999994,-0.1188,0.0,-0.39999994704299735,0.0,0.0,-0.3839724354387525,0.0,0.0,-0.3241325753703755,0.0020777729190408684,sine,1,0.4,0.5,22,44,19.499836206436157,0.0
1779527414.643348,0.0,-0.3839724354387525,0.0,0.0,-0.3241325753703755,0.0020777729190408684,-0.0396,0.4356,0.0,0.0,-0.39980745065107587,0.0,0.0,-0.38571776469074687,0.0,0.0,-0.2971215274228442,0.0,sine,1,0.4,0.5,22,44,19.50987696647644,0.0
1779527414.6533937,0.0,-0.38571776469074687,0.0,0.0,-0.2971215274228442,0.0,-0.0396,1.0296,0.0396,0.0,-0.3992250188069695,0.0,0.0,-0.3892084231947355,0.0,0.0,-0.23894388568969988,0.0,sine,1,0.4,0.5,22,44,19.5198175907135,0.0
1779527414.6633503,0.0,-0.3892084231947355,0.0,0.0,-0.23894388568969988,0.0,-0.0396,2.1384,-0.0396,0.0,-0.3982409084849825,0.0,0.0,-0.3909537524467298,0.0,0.0,-0.2098550648231277,0.0,sine,1,0.4,0.5,22,44,19.529863357543945,0.0
1779527414.673348,0.0,-0.3909537524467298,0.0,0.0,-0.2098550648231277,0.0,-0.0792,1.5444,0.0,0.0,-0.3968741737093051,0.0,0.0,-0.39269908169872414,0.0,0.0020777729190408684,-0.17245515228039207,0.0,sine,1,0.4,0.5,22,44,19.539819955825806,0.0
1779527414.6833441,0.0,-0.39269908169872414,0.0,0.0020777729190408684,-0.17245515228039207,0.0,-0.0792,0.4356,-0.0396,0.0,-0.39511113523317687,0.0,0.0,-0.39269908169872414,0.0,0.0,-0.1308996938995747,0.0,sine,1,0.4,0.5,22,44,19.54981756210327,0.0
1779527414.6934075,0.0,-0.39269908169872414,0.0,0.0,-0.1308996938995747,0.0,-0.0396,0.4356,-0.0396,0.0,-0.3929586922202484,0.0,0.0,-0.39444441095071847,0.0,0.0,-0.09349978135683908,0.0,sine,1,0.4,0.5,22,44,19.559813737869263,0.0
1779527414.703315,0.0,-0.39444441095071847,0.0,0.0,-0.09349978135683908,0.0,0.0,0.1584,-0.0396,0.0,-0.39040035282526236,0.0,0.0,-0.39444441095071847,0.0,0.0,-0.0394776854617765,0.0,sine,1,0.4,0.5,22,44,19.56987714767456,0.0
1779527414.7133532,0.0,-0.39444441095071847,0.0,0.0,-0.0394776854617765,0.0,-0.1584,0.5940000000000001,0.0396,0.0,-0.38750048113456753,0.0,0.0,-0.39444441095071847,0.0,0.0,-0.014544410433286078,0.0,sine,1,0.4,0.5,22,44,19.579784631729126,0.0
1779527414.723388,0.0,-0.39444441095071847,0.0,0.0,-0.014544410433286078,0.0,-0.1188,0.198,0.0792,0.0,-0.38417955018540884,0.0,0.0,-0.39444441095071847,0.0,0.0,0.02493327502849042,0.0,sine,1,0.4,0.5,22,44,19.58982276916504,0.0
1779527414.7333856,0.0,-0.39444441095071847,0.0,0.0,0.02493327502849042,0.0,-0.0792,-0.0396,0.0,0.0,-0.38047787765286134,0.0,0.0,-0.39269908169872414,0.0,0.0,0.11012196470916602,0.0,sine,1,0.4,0.5,22,44,19.599857568740845,0.0
1779527414.743341,0.0,-0.39269908169872414,0.0,0.0,0.11012196470916602,0.0,-0.0792,0.198,0.0,0.0,-0.37641391636606,0.0,0.0,-0.39269908169872414,0.0,0.0,0.11012196470916602,0.0,sine,1,0.4,0.5,22,44,19.60985517501831,0.0
1779527414.7533467,0.0,-0.39269908169872414,0.0,0.0,0.11012196470916602,0.0,-0.0792,0.198,0.0,0.0,-0.3719981534361219,0.0,0.0,-0.3909537524467298,0.0,0.0,0.12882192098053383,0.0,sine,1,0.4,0.5,22,44,19.619810581207275,0.0
1779527414.7633898,0.0,-0.3909537524467298,0.0,0.0,0.12882192098053383,0.0,0.0,-0.0396,0.198,0.0,-0.3671934715657091,0.0,0.0,-0.3892084231947355,0.0,0.0,0.19115510855175988,0.0,sine,1,0.4,0.5,22,44,19.62981629371643,0.0
1779527414.7733629,0.0,-0.3892084231947355,0.0,0.0,0.19115510855175988,0.0,-0.0396,-1.4255999999999998,0.0792,0.0,-0.3620059934297723,0.0,0.0,-0.3874630939427412,0.0,0.0,0.1973884273088825,0.0,sine,1,0.4,0.5,22,44,19.639859437942505,0.0
1779527414.7835405,0.0,-0.3874630939427412,0.0,0.0,0.1973884273088825,0.0,-0.0396,-1.5444,0.0396,0.0,-0.35649812664018804,0.0,0.0,-0.3839724354387525,0.0,0.0,0.23894388568969988,0.0,sine,1,0.4,0.5,22,44,19.649832487106323,0.0
1779527414.7940683,0.0,-0.3839724354387525,0.0,0.0,0.23894388568969988,0.0,-0.0396,-0.0396,0.1584,0.0,-0.35051655776351687,0.0,0.0,-0.3822271061867582,0.0,0.0,0.3137437107751711,0.0,sine,1,0.4,0.5,22,44,19.66001009941101,0.0
1779527414.803344,0.0,-0.3822271061867582,0.0,0.0,0.3137437107751711,0.0,-0.0396,0.3168,0.0792,0.0,-0.34395220415152405,0.0,0.0,-0.3787364476827696,0.0,0.0,0.33867698580366157,0.0,sine,1,0.4,0.5,22,44,19.6705379486084,0.0
1779527414.8133652,0.0,-0.3787364476827696,0.0,0.0,0.33867698580366157,0.0,-0.1188,-0.6732,0.0792,0.0,-0.3378566070661497,0.0,0.0,-0.3735004599267866,0.0,0.0,0.40516571921296934,0.0,sine,1,0.4,0.5,22,44,19.679813623428345,0.0
1779527414.823347,0.0,-0.3735004599267866,0.0,0.0,0.40516571921296934,0.0,-0.0792,-1.4255999999999998,0.198,0.0,-0.33094884826543536,0.0,0.0,-0.3700098014227979,0.0,0.0,0.3739991254273563,0.0020777729190408684,sine,1,0.4,0.5,22,44,19.68983483314514,0.0
1779527414.8333454,0.0,-0.3700098014227979,0.0,0.0,0.3739991254273563,0.0020777729190408684,-0.0396,0.8712,0.1584,0.0,-0.32374213266513574,0.0,0.0,-0.3665191429188092,0.0,-0.0020777729190408684,0.4010101733748876,0.0020777729190408684,sine,1,0.4,0.5,22,44,19.699816703796387,0.0
1779527414.8434505,0.0,-0.3665191429188092,0.0,-0.0020777729190408684,0.4010101733748876,0.0020777729190408684,0.0396,-0.9504,0.0,0.0,-0.31620441938511573,0.0,0.0,-0.3612831551628263,0.0,0.0,0.47996554429844057,0.0,sine,1,0.4,0.5,22,44,19.70981502532959,0.0
1779527414.8534029,0.0,-0.3612831551628263,0.0,0.0,0.47996554429844057,0.0,0.0,-1.0692,0.0396,0.0,-0.3082692413938829,0.0,0.0,-0.3560471674068433,0.0,0.0,0.5339876401935032,0.0,sine,1,0.4,0.5,22,44,19.71992015838623,0.0
1779527414.86354,0.0,-0.3560471674068433,0.0,0.0,0.5339876401935032,0.0,0.0396,0.3168,0.0396,0.0,-0.3001503889385287,0.0,0.0,-0.3508111796508602,0.0,0.0,0.5734653256552796,0.0,sine,1,0.4,0.5,22,44,19.729872465133667,0.0
1779527414.8733938,0.0,-0.3508111796508602,0.0,0.0,0.5734653256552796,0.0,-0.0792,-1.4652,0.1188,0.0,-0.29157923886719245,0.0,0.0,-0.34382986264288296,0.0,0.0,0.5485320506267892,0.0,sine,1,0.4,0.5,22,44,19.740009546279907,0.0
1779527414.883358,0.0,-0.34382986264288296,0.0,0.0,0.5485320506267892,0.0,-0.1188,0.6336,0.0792,0.0,-0.2829640782860538,0.0,0.0,-0.33859387488689996,0.0,0.0,0.6129430111170562,0.0,sine,1,0.4,0.5,22,44,19.749863386154175,0.0
1779527414.8933957,0.0,-0.33859387488689996,0.0,0.0,0.6129430111170562,0.0,-0.0792,-1.2672,0.0396,0.0,-0.27397671638597804,0.0,0.0,-0.3316125578789226,0.0,0.0,0.6067096923599336,0.0,sine,1,0.4,0.5,22,44,19.759827613830566,0.0
1779527414.9033802,0.0,-0.3316125578789226,0.0,0.0,0.6067096923599336,0.0,-0.0396,0.7127999999999999,0.198,0.0,-0.2646517170949378,0.0,0.0,-0.32637657012293964,0.0,0.0,0.6170985569551379,0.0,sine,1,0.4,0.5,22,44,19.76986527442932,0.0
1779527414.9133904,0.0,-0.32637657012293964,0.0,0.0,0.6170985569551379,0.0,-0.0396,-1.7028,0.0792,0.0,-0.25511503076118325,0.0,0.0,-0.3193952531149623,0.0,0.0,0.7002094737167727,0.0,sine,1,0.4,0.5,22,44,19.779849767684937,0.0
1779527414.923582,0.0,-0.3193952531149623,0.0,0.0,0.7002094737167727,0.0,0.0396,0.7127999999999999,0.1188,0.0,-0.24530179900223806,0.0,0.0,-0.31066860685499065,0.0,0.0,0.7209872029071813,0.0,sine,1,0.4,0.5,22,44,19.789860010147095,0.0
1779527414.9333649,0.0,-0.31066860685499065,0.0,0.0,0.7209872029071813,0.0,-0.0792,-1.3860000000000001,0.0,0.0,-0.23506154852378197,0.0,0.0,-0.3036872898470134,0.0,0.0,0.7126761112310178,0.0,sine,1,0.4,0.5,22,44,19.80005168914795,0.0
1779527414.943434,0.0,-0.3036872898470134,0.0,0.0,0.7126761112310178,0.0,-0.1188,-0.396,0.1188,0.0,-0.22500535201302863,0.0,0.0,-0.29670597283903605,0.0,0.0,0.8248758488592247,0.0,sine,1,0.4,0.5,22,44,19.809834480285645,0.0
1779527414.9533312,0.0,-0.29670597283903605,0.0,0.0,0.8248758488592247,0.0,-0.0792,0.4356,0.27720000000000006,0.0,-0.21443297701295316,0.0,0.0,-0.28623399732707006,0.0,-0.0020777729190408684,0.899675673944696,0.0,sine,1,0.4,0.5,22,44,19.81990361213684,0.0
1779527414.9638572,0.0,-0.28623399732707006,0.0,-0.0020777729190408684,0.899675673944696,0.0,0.0,-1.4652,0.1188,0.0,-0.20383194138601432,0.0,0.0,-0.2775073510670984,0.0,0.0,0.9370755864874316,0.0020777729190408684,sine,1,0.4,0.5,22,44,19.829800844192505,0.0
1779527414.973322,0.0,-0.2775073510670984,0.0,0.0,0.9370755864874316,0.0020777729190408684,-0.0792,-1.5444,0.1584,0.0,-0.19234151154414192,0.0,0.0,-0.2687807048071268,0.0,0.0,0.8809757176733282,0.0,sine,1,0.4,0.5,22,44,19.84032678604126,0.0
1779527414.983355,0.0,-0.2687807048071268,0.0,0.0,0.8809757176733282,0.0,-0.0792,0.1188,0.198,0.0,-0.18182958250542222,0.0,0.0,-0.26005405854715513,0.0,0.0,0.9349978135683907,0.0,sine,1,0.4,0.5,22,44,19.849791526794434,0.0
1779527414.9933877,0.0,-0.26005405854715513,0.0,0.0,0.9349978135683907,0.0,-0.1188,-0.0396,-0.3168,0.0,-0.17051106214155506,0.0,0.0,-0.24958208303518914,0.0,0.0,0.9973310011396168,0.0,sine,1,0.4,0.5,22,44,19.859824657440186,0.0
1779527415.0034359,0.0,-0.24958208303518914,0.0,0.0,0.9973310011396168,0.0,-0.0792,-1.1880000000000002,0.198,0.0,-0.15902370100902466,0.0,0.0,-0.23911010752322315,0.0,0.0,1.0181087303300256,0.0,sine,1,0.4,0.5,22,44,19.86985731124878,0.0
1779527415.0133934,0.0,-0.23911010752322315,0.0,0.0,1.0181087303300256,0.0,-0.0792,-1.3464,0.198,0.0,-0.14736027167249988,0.0,0.0,-0.22863813201125718,0.0,0.0,1.040964232439475,-0.0020777729190408684,sine,1,0.4,0.5,22,44,19.879905462265015,0.0
1779527415.023346,0.0,-0.22863813201125718,0.0,0.0,1.040964232439475,-0.0020777729190408684,-0.1188,-0.6732,0.2376,0.0,-0.13565712008494013,0.0,0.0,-0.2181661564992912,0.0,0.0,1.0638197345489246,0.0,sine,1,0.4,0.5,22,44,19.88986301422119,0.0
1779527415.03334,0.0,-0.2181661564992912,0.0,0.0,1.0638197345489246,0.0,-0.1188,0.0,0.27720000000000006,0.0,-0.12382720802545932,0.0,0.0,-0.2076941809873252,0.0,0.0,1.0949863283345376,-0.0020777729190408684,sine,1,0.4,0.5,22,44,19.899815559387207,0.0
1779527415.0433512,0.0,-0.2076941809873252,0.0,0.0,1.0949863283345376,-0.0020777729190408684,-0.0396,0.4752,0.2376,0.0,-0.11182619866078905,0.0,0.0,-0.1954768762233649,0.0,0.0,1.1116085116868646,0.0,sine,1,0.4,0.5,22,44,19.909809589385986,0.0
1779527415.053369,0.0,-0.1954768762233649,0.0,0.0,1.1116085116868646,0.0,-0.0792,0.27720000000000006,0.27720000000000006,0.0,-0.09969407133293585,0.0,0.0,-0.18500490071139894,0.0,0.0020777729190408684,1.0347309136823524,0.0,sine,1,0.4,0.5,22,44,19.91982078552246,0.0
1779527415.0633774,0.0,-0.18500490071139894,0.0,0.0020777729190408684,1.0347309136823524,0.0,-0.1188,-0.9504,-0.27720000000000006,0.0,-0.08745515160277202,0.0,0.0,-0.17453292519943295,0.0,0.0,1.0845974637393332,0.0020777729190408684,sine,1,0.4,0.5,22,44,19.92983865737915,0.0
1779527415.0733764,0.0,-0.17453292519943295,0.0,0.0,1.0845974637393332,0.0020777729190408684,-0.1188,-1.4652,-0.2376,0.0,-0.07514138635495313,0.0,0.0,-0.16406094968746698,0.0,0.0020777729190408684,1.040964232439475,0.0,sine,1,0.4,0.5,22,44,19.939846992492676,0.0
1779527415.0833445,0.0,-0.16406094968746698,0.0,0.0020777729190408684,1.040964232439475,0.0,-0.1584,-1.8612000000000002,-0.1584,0.0,-0.06276488187402532,0.0,0.0,-0.15358897417550102,0.0,0.0020777729190408684,1.1074529658487828,0.0,sine,1,0.4,0.5,22,44,19.949846029281616,0.0
1779527415.0933952,0.0,-0.15358897417550102,0.0,0.0020777729190408684,1.1074529658487828,0.0,0.2376,-1.1088000000000002,0.35639999999999994,0.0,-0.05036508695264813,0.0,0.0,-0.14137166941154067,0.0,0.0,1.169786153420009,-0.0020777729190408684,sine,1,0.4,0.5,22,44,19.959814071655273,0.0
1779527415.1033933,0.0,-0.14137166941154067,0.0,0.0,1.169786153420009,-0.0020777729190408684,-0.1188,-0.8712,-0.27720000000000006,0.0,-0.037812408606536355,0.0,0.0,-0.12915436464758037,0.0,-0.0020777729190408684,1.2030305201246627,0.0,sine,1,0.4,0.5,22,44,19.96986484527588,0.0
1779527415.11334,0.0,-0.12915436464758037,0.0,-0.0020777729190408684,1.2030305201246627,0.0,-0.1188,-0.5940000000000001,-0.4356,0.0,-0.02528811484767183,0.0,0.0,-0.11693705988362009,0.0,0.0,1.2258860222341124,0.0,sine,1,0.4,0.5,22,44,19.979862928390503,0.0
1779527415.123366,0.0,-0.11693705988362009,0.0,0.0,1.2258860222341124,0.0,-0.0396,-0.5148,-0.4356,0.0,-0.01280355615938053,0.0,0.0,-0.10471975511965977,0.0,-0.0020777729190408684,1.2466637514245211,0.0020777729190408684,sine,1,0.4,0.5,22,44,19.98980951309204,0.0
1779527415.1333542,0.0,-0.10471975511965977,0.0,-0.0020777729190408684,1.2466637514245211,0.0020777729190408684,0.0,-0.792,-0.3168,0.0,-0.00020642826483313842,0.0,0.0,-0.09250245035569947,0.0,0.0,1.2487415243435618,0.0,sine,1,0.4,0.5,22,44,19.999835729599,0.0
1779527415.1433399,0.0,-0.09250245035569947,0.0,0.0,1.2487415243435618,0.0,-0.0792,-0.5148,0.2376,0.0,0.0,0.0,0.0,-0.08028514559173917,0.0,0.0,1.2445859785054803,0.0,rest,-1,0.0,0.0,-1,45,0.0,1.0
1779527415.153378,0.0,-0.08028514559173917,0.0,0.0,1.2445859785054803,0.0,0.0,-0.2376,0.4356,0.0,0.0,0.0,0.0,-0.06806784082777886,0.0,0.0,1.2404304326673985,0.0,rest,-1,0.0,0.0,-1,45,0.009985685348510742,1.0
1779527415.1633182,0.0,-0.06806784082777886,0.0,0.0,1.2404304326673985,0.0,-0.0396,-0.2376,-0.3168,0.0,0.0,0.0,0.0,-0.05585053606381855,0.0,0.0,1.1448528783915184,0.0,rest,-1,0.0,0.0,-1,45,0.020023822784423828,1.0
1779527415.1733491,0.0,-0.05585053606381855,0.0,0.0,1.1448528783915184,0.0,0.0,0.0,-0.35639999999999994,0.0,0.0,0.0,0.0,-0.047123889803846894,0.0,0.0,1.0181087303300256,0.0,rest,-1,0.0,0.0,-1,45,0.029963970184326172,1.0
1779527415.1833766,0.0,-0.047123889803846894,0.0,0.0,1.0181087303300256,0.0,-0.0792,0.27720000000000006,-0.3168,0.0,0.0,0.0,0.0,-0.038397243543875255,0.0,0.0,0.883053490592369,0.0,rest,-1,0.0,0.0,-1,45,0.03999495506286621,1.0
1779527415.193384,0.0,-0.038397243543875255,0.0,0.0,0.883053490592369,0.0,0.0396,-2.0988,-0.2376,0.0,0.0,0.0,0.0,-0.031415926535897934,0.0,0.0,0.7542315696118352,0.0,rest,-1,0.0,0.0,-1,45,0.05002236366271973,1.0
1779527415.2033453,0.0,-0.031415926535897934,0.0,0.0,0.7542315696118352,0.0,-0.0396,-0.9107999999999999,-0.3168,0.0,0.0,0.0,0.0,-0.024434609527920613,0.0,0.0,0.631642967388424,-0.0020777729190408684,rest,-1,0.0,0.0,-1,45,0.06002974510192871,1.0
1779527415.2134233,0.0,-0.024434609527920613,0.0,0.0,0.631642967388424,-0.0020777729190408684,-0.0792,-1.7424,0.2376,0.0,0.0,0.0,0.0,-0.019198621771937627,0.0,0.0,0.5173654568411762,0.0,rest,-1,0.0,0.0,-1,45,0.0699911117553711,1.0
1779527415.2233777,0.0,-0.019198621771937627,0.0,0.0,0.5173654568411762,0.0,-0.0792,0.1188,0.1188,0.0,0.0,0.0,0.0,-0.015707963267948967,0.0,0.0,0.41763235672721455,0.0,rest,-1,0.0,0.0,-1,45,0.08006906509399414,1.0
1779527415.2333448,0.0,-0.015707963267948967,0.0,0.0,0.41763235672721455,0.0,0.198,-1.7424,-0.198,0.0,0.0,0.0,0.0,-0.012217304763960306,0.0,0.0,0.35529916915598847,0.0,rest,-1,0.0,0.0,-1,45,0.09002351760864258,1.0
1779527415.2433038,0.0,-0.012217304763960306,0.0,0.0,0.35529916915598847,0.0,-0.1188,-1.3860000000000001,-0.1584,0.0,0.0,0.0,0.0,-0.010471975511965978,0.0,0.0,0.2763437982324355,0.0,rest,-1,0.0,0.0,-1,45,0.0999906063079834,1.0
1779527415.253344,0.0,-0.010471975511965978,0.0,0.0,0.2763437982324355,0.0,-0.0792,0.198,-0.198,0.0,0.0,0.0,0.0,-0.006981317007977318,0.0,-0.0020777729190408684,0.236866112770659,0.0,rest,-1,0.0,0.0,-1,45,0.10994958877563477,1.0
1779527415.2634807,0.0,-0.006981317007977318,0.0,-0.0020777729190408684,0.236866112770659,0.0,0.0,0.0396,-0.1584,0.0,0.0,0.0,0.0,-0.005235987755982989,0.0,-0.0020777729190408684,0.17868847103751467,0.0,rest,-1,0.0,0.0,-1,45,0.11998987197875977,1.0
1779527415.273372,0.0,-0.005235987755982989,0.0,-0.0020777729190408684,0.17868847103751467,0.0,0.0,-0.198,-0.1584,0.0,0.0,0.0,0.0,-0.003490658503988659,0.0,0.0,0.1495996501709425,0.0020777729190408684,rest,-1,0.0,0.0,-1,45,0.1301264762878418,1.0
1779527415.2833743,0.0,-0.003490658503988659,0.0,0.0,0.1495996501709425,0.0020777729190408684,-0.0396,-1.0692,-0.1584,0.0,0.0,0.0,0.0,-0.003490658503988659,0.0,0.0,0.1121997376282069,0.0,rest,-1,0.0,0.0,-1,45,0.14001774787902832,1.0
1779527415.2933824,0.0,-0.003490658503988659,0.0,0.0,0.1121997376282069,0.0,-0.0396,-1.3464,-0.27720000000000006,0.0,0.0,0.0,0.0,-0.0017453292519943296,0.0,0.0,0.08934423551875734,0.0,rest,-1,0.0,0.0,-1,45,0.15002012252807617,1.0
1779527415.3033905,0.0,-0.0017453292519943296,0.0,0.0,0.08934423551875734,0.0,-0.0396,-1.782,-0.3168,0.0,0.0,0.0,0.0,-0.0017453292519943296,0.0,0.0,0.078955370923553,0.0020777729190408684,rest,-1,0.0,0.0,-1,45,0.16002821922302246,1.0
1779527415.313404,0.0,-0.0017453292519943296,0.0,0.0,0.078955370923553,0.0020777729190408684,-0.1584,1.6632,-0.198,0.0,0.0,0.0,0.0,0.0,0.0,0.0,0.05817764173314431,0.0,rest,-1,0.0,0.0,-1,45,0.17003631591796875,1.0
1779527415.323349,0.0,0.0,0.0,0.0,0.05817764173314431,0.0,-0.0792,1.3464,-0.0792,0.0,0.0,0.0,0.0,0.0,0.0,0.0,0.04363323129985824,0.0,rest,-1,0.0,0.0,-1,45,0.18004989624023438,1.0
1779527415.3333466,0.0,0.0,0.0,0.0,0.04363323129985824,0.0,-0.0792,1.2672,-0.2376,0.0,0.0,0.0,0.0,0.0,0.0,0.0,0.04778877713793997,0.0,rest,-1,0.0,0.0,-1,45,0.18999481201171875,1.0
1779527415.343362,0.0,0.0,0.0,0.0,0.04778877713793997,0.0,-0.1188,1.5444,-0.198,0.0,0.0,0.0,0.0,0.0,0.0,0.0020777729190408684,0.02493327502849042,0.0,rest,-1,0.0,0.0,-1,45,0.19999241828918457,1.0
1779527415.3533733,0.0,0.0,0.0,0.0020777729190408684,0.02493327502849042,0.0,-0.1584,1.0692,-0.2376,0.0,0.0,0.0,0.0,0.0,0.0,0.0020777729190408684,0.014544410433286078,0.0,rest,-1,0.0,0.0,-1,45,0.210007905960083,1.0
1779527415.3633742,0.0,0.0,0.0,0.0020777729190408684,0.014544410433286078,0.0,-0.1188,0.8316,-0.1584,0.0,0.0,0.0,0.0,0.0,0.0,0.0,0.010388864595204342,0.0,rest,-1,0.0,0.0,-1,45,0.22001910209655762,1.0
1779527415.3735435,0.0,0.0,0.0,0.0,0.010388864595204342,0.0,-0.1584,0.8316,-0.198,0.0,0.0,0.0,0.0,0.0,0.0,0.0,0.010388864595204342,0.0,rest,-1,0.0,0.0,-1,45,0.23002004623413086,1.0
1779527415.3833811,0.0,0.0,0.0,0.0,0.010388864595204342,0.0,-0.0792,0.792,-0.198,0.0,0.0,0.0,0.0,0.0,0.0,0.0,0.016622183352326948,0.0020777729190408684,rest,-1,0.0,0.0,-1,45,0.2401893138885498,1.0
1779527415.3933673,0.0,0.0,0.0,0.0,0.016622183352326948,0.0020777729190408684,-0.0396,1.1088000000000002,-0.396,0.0,0.0,0.0,0.0,0.0,0.0,0.0,0.010388864595204342,0.0,rest,-1,0.0,0.0,-1,45,0.2500269412994385,1.0
1779527415.4033432,0.0,0.0,0.0,0.0,0.010388864595204342,0.0,0.0,1.0296,-0.2376,0.0,0.0,0.0,0.0,0.0,0.0,0.0,0.004155545838081737,0.0,rest,-1,0.0,0.0,-1,45,0.2600131034851074,1.0
1779527415.4133935,0.0,0.0,0.0,0.0,0.004155545838081737,0.0,0.0,0.8316,-0.3168,0.0,0.0,0.0,0.0,0.0,0.0,0.0,0.004155545838081737,0.0,rest,-1,0.0,0.0,-1,45,0.269989013671875,1.0
1779527415.423444,0.0,0.0,0.0,0.0,0.004155545838081737,0.0,0.0,0.8316,-0.3168,0.0,0.0,0.0,0.0,0.0,0.0,0.0,0.004155545838081737,0.0,rest,-1,0.0,0.0,-1,45,0.28003931045532227,1.0
1779527415.4334307,0.0,0.0,0.0,0.0,0.004155545838081737,0.0,0.0,0.8316,-0.3168,0.0,0.0,0.0,0.0,0.0,0.0,0.0,0.0,0.0,rest,-1,0.0,0.0,-1,45,0.29008984565734863,1.0
1779527415.4434023,0.0,0.0,0.0,0.0,0.0,0.0,-0.0792,0.9504,-0.198,0.0,0.0,0.0,0.0,0.0,0.0,0.0020777729190408684,0.0,0.0,rest,-1,0.0,0.0,-1,45,0.3000764846801758,1.0
1779527415.4533217,0.0,0.0,0.0,0.0020777729190408684,0.0,0.0,-0.1584,0.8316,-0.1584,0.0,0.0,0.0,0.0,0.0,0.0,0.0,0.0,0.0,rest,-1,0.0,0.0,-1,45,0.31004810333251953,1.0
1779527415.4634092,0.0,0.0,0.0,0.0,0.0,0.0,-0.0792,0.99,-0.1188,0.0,0.0,0.0,0.0,0.0,0.0,0.0020777729190408684,0.0,0.0,rest,-1,0.0,0.0,-1,45,0.31996750831604004,1.0
1779527415.4733615,0.0,0.0,0.0,0.0020777729190408684,0.0,0.0,-0.1188,1.0296,-0.2376,0.0,0.0,0.0,0.0,0.0,0.0,0.0,0.0,0.0,rest,-1,0.0,0.0,-1,45,0.33005499839782715,1.0
1779527415.483384,0.0,0.0,0.0,0.0,0.0,0.0,-0.1188,0.8712,-0.2376,0.0,0.0,0.0,0.0,0.0,0.0,0.0,0.0,0.0,rest,-1,0.0,0.0,-1,45,0.34000730514526367,1.0
1779527415.4933498,0.0,0.0,0.0,0.0,0.0,0.0,-0.0396,0.99,-0.27720000000000006,0.0,0.0,0.0,0.0,0.0,0.0,0.0,0.0,0.0,rest,-1,0.0,0.0,-1,45,0.35002970695495605,1.0
1779527415.503391,0.0,0.0,0.0,0.0,0.0,0.0,-0.0792,0.99,-0.2376,0.0,0.0,0.0,0.0,0.0,0.0,0.0,0.0,0.0,rest,-1,0.0,0.0,-1,45,0.35999560356140137,1.0
1779527415.5133471,0.0,0.0,0.0,0.0,0.0,0.0,-0.1188,0.8712,-0.2376,0.0,0.0,0.0,0.0,0.0,0.0,0.0,0.0,0.0,rest,-1,0.0,0.0,-1,45,0.3700368404388428,1.0
1779527415.523385,0.0,0.0,0.0,0.0,0.0,0.0,-0.0396,1.0692,-0.198,0.0,0.0,0.0,0.0,0.0,0.0,0.0,0.0,0.0,rest,-1,0.0,0.0,-1,45,0.3799929618835449,1.0
1779527415.5333495,0.0,0.0,0.0,0.0,0.0,0.0,-0.0792,1.1088000000000002,-0.1188,0.0,0.0,0.0,0.0,0.0,0.0,-0.0020777729190408684,-0.0020777729190408684,0.0,rest,-1,0.0,0.0,-1,45,0.3900308609008789,1.0
1779527415.5434287,0.0,0.0,0.0,-0.0020777729190408684,-0.0020777729190408684,0.0,0.0,0.9504,-0.198,0.0,0.0,0.0,0.0,0.0,0.0,0.0,0.0,0.0,rest,-1,0.0,0.0,-1,45,0.3999953269958496,1.0
1779527415.553366,0.0,0.0,0.0,0.0,0.0,0.0,-0.0792,0.9504,-0.27720000000000006,0.0,0.0,0.0,0.0,0.0,0.0,0.004155545838081737,0.0,0.0,rest,-1,0.0,0.0,-1,45,0.41007447242736816,1.0
1779527415.563344,0.0,0.0,0.0,0.004155545838081737,0.0,0.0,-0.0396,0.9504,-0.1584,0.0,0.0,0.0,0.0,0.0,0.0,0.0020777729190408684,0.0,0.0,rest,-1,0.0,0.0,-1,45,0.4200117588043213,1.0
1779527415.5733035,0.0,0.0,0.0,0.0020777729190408684,0.0,0.0,-0.1188,1.0692,-0.198,0.0,0.0,0.0,0.0,0.0,0.0,0.0,0.0,0.0,rest,-1,0.0,0.0,-1,45,0.4299898147583008,1.0
1779527415.5833814,0.0,0.0,0.0,0.0,0.0,0.0,-0.1188,1.1088000000000002,-0.2376,0.0,0.0,0.0,0.0,0.0,0.0,0.0,0.0,0.0,rest,-1,0.0,0.0,-1,45,0.43994927406311035,1.0
1779527415.5933495,0.0,0.0,0.0,0.0,0.0,0.0,-0.1188,1.1483999999999999,-0.2376,0.0,0.0,0.0,0.0,0.0,0.0,0.0,0.0,0.0,rest,-1,0.0,0.0,-1,45,0.4500272274017334,1.0
1779527415.603343,0.0,0.0,0.0,0.0,0.0,0.0,-0.1188,1.2276,-0.3168,0.0,0.0,0.0,0.0,0.0,0.0,0.0,0.0020777729190408684,0.0,rest,-1,0.0,0.0,-1,45,0.4599952697753906,1.0
1779527415.6134243,0.0,0.0,0.0,0.0,0.0020777729190408684,0.0,-0.0792,1.0692,-0.1584,0.0,0.0,0.0,0.0,0.0,0.0,0.0,0.0020777729190408684,0.0,rest,-1,0.0,0.0,-1,45,0.4699888229370117,1.0
1779527415.623393,0.0,0.0,0.0,0.0,0.0020777729190408684,0.0,-0.1188,1.0296,-0.198,0.0,0.0,0.0,0.0,0.0,0.0,0.0,0.0,0.0,rest,-1,0.0,0.0,-1,45,0.4800701141357422,1.0
1779527415.6334896,0.0,0.0,0.0,0.0,0.0,0.0,-0.0396,1.1880000000000002,-0.2376,0.0,0.0,0.0,0.0,0.0,0.0,0.0,0.0,0.0,rest,-1,0.0,0.0,-1,45,0.4900388717651367,1.0
1779527415.6433494,0.0,0.0,0.0,0.0,0.0,0.0,-0.0792,1.0296,-0.27720000000000006,0.0,0.0,0.0,0.0,0.0,0.0,0.0,0.0,0.0,rest,-1,0.0,0.0,-1,45,0.5001354217529297,1.0
1779527415.653382,0.0,0.0,0.0,0.0,0.0,0.0,-0.0792,1.1483999999999999,-0.3168,0.0,0.0,0.0,0.0,0.0,0.0,0.0,0.0,0.0,rest,-1,0.0,0.0,-1,45,0.5099952220916748,1.0
1779527415.6633642,0.0,0.0,0.0,0.0,0.0,0.0,-0.0792,1.1483999999999999,-0.2376,0.0,0.0,0.0,0.0,0.0,0.0,0.0,0.0,0.0,rest,-1,0.0,0.0,-1,45,0.5200278759002686,1.0
1779527415.673353,0.0,0.0,0.0,0.0,0.0,0.0,-0.0792,1.1088000000000002,-0.3168,0.0,0.0,0.0,0.0,0.0,0.0,0.0,0.0,0.0,rest,-1,0.0,0.0,-1,45,0.5300099849700928,1.0
1779527415.6834111,0.0,0.0,0.0,0.0,0.0,0.0,-0.0792,1.2276,-0.198,0.0,0.0,0.0,0.0,0.0,0.0,0.0,0.0,0.0,rest,-1,0.0,0.0,-1,45,0.5399987697601318,1.0
1779527415.6933722,0.0,0.0,0.0,0.0,0.0,0.0,-0.0396,1.1483999999999999,-0.1584,0.0,0.0,0.0,0.0,0.0,0.0,0.0,0.0,0.0,rest,-1,0.0,0.0,-1,45,0.5500569343566895,1.0
1779527415.7033808,0.0,0.0,0.0,0.0,0.0,0.0,-0.1188,1.1088000000000002,-0.27720000000000006,0.0,0.0,0.0,0.0,0.0,0.0,0.0,-0.0020777729190408684,0.0,rest,-1,0.0,0.0,-1,45,0.5600180625915527,1.0
1779527415.713352,0.0,0.0,0.0,0.0,-0.0020777729190408684,0.0,-0.1188,1.1483999999999999,-0.198,0.0,0.0,0.0,0.0,0.0,0.0,0.0,0.0,0.0,rest,-1,0.0,0.0,-1,45,0.5700266361236572,1.0
1779527415.7233894,0.0,0.0,0.0,0.0,0.0,0.0,-0.0792,1.1880000000000002,-0.35639999999999994,0.0,0.0,0.0,0.0,0.0,0.0,0.0,0.0,0.0,rest,-1,0.0,0.0,-1,45,0.5799977779388428,1.0
1779527415.7333682,0.0,0.0,0.0,0.0,0.0,0.0,-0.1188,1.3068,-0.1584,0.0,0.0,0.0,0.0,0.0,0.0,0.0,0.0020777729190408684,0.0,rest,-1,0.0,0.0,-1,45,0.5900352001190186,1.0
1779527415.7433445,0.0,0.0,0.0,0.0,0.0020777729190408684,0.0,-0.0396,1.1880000000000002,-0.2376,0.0,0.0,0.0,0.0,0.0,0.0,0.0020777729190408684,0.0,-0.0020777729190408684,rest,-1,0.0,0.0,-1,45,0.6000139713287354,1.0
1779527415.7533166,0.0,0.0,0.0,0.0020777729190408684,0.0,-0.0020777729190408684,-0.1188,1.3464,-0.27720000000000006,0.0,0.0,0.0,0.0,0.0,0.0,0.0,0.0,0.0,rest,-1,0.0,0.0,-1,45,0.6099903583526611,1.0
1779527415.7634065,0.0,0.0,0.0,0.0,0.0,0.0,-0.1188,1.3068,-0.3168,0.0,0.0,0.0,0.0,0.0,0.0,0.0,0.0,0.0,rest,-1,0.0,0.0,-1,45,0.6199624538421631,1.0
1779527415.7733073,0.0,0.0,0.0,0.0,0.0,0.0,-0.1188,1.2276,-0.198,0.0,0.0,0.0,0.0,0.0,0.0,0.0,-0.0020777729190408684,0.0,rest,-1,0.0,0.0,-1,45,0.6300523281097412,1.0
1779527415.7833996,0.0,0.0,0.0,0.0,-0.0020777729190408684,0.0,-0.0792,1.2672,-0.2376,0.0,0.0,0.0,0.0,0.0,0.0,0.0020777729190408684,-0.0020777729190408684,0.0,rest,-1,0.0,0.0,-1,45,0.6399531364440918,1.0
1779527415.793353,0.0,0.0,0.0,0.0020777729190408684,-0.0020777729190408684,0.0,-0.0792,1.1088000000000002,-0.3168,0.0,0.0,0.0,0.0,0.0,0.0,0.0,0.0,0.0,rest,-1,0.0,0.0,-1,45,0.6500453948974609,1.0
1779527415.8033905,0.0,0.0,0.0,0.0,0.0,0.0,-0.0792,1.1880000000000002,-0.2376,0.0,0.0,0.0,0.0,0.0,0.0,0.0,0.0,0.0,rest,-1,0.0,0.0,-1,45,0.659998893737793,1.0
1779527415.8133564,0.0,0.0,0.0,0.0,0.0,0.0,-0.0792,1.3068,-0.27720000000000006,0.0,0.0,0.0,0.0,0.0,0.0,0.0,0.0,0.0,rest,-1,0.0,0.0,-1,45,0.6700363159179688,1.0
1779527415.8233602,0.0,0.0,0.0,0.0,0.0,0.0,-0.0396,1.3068,-0.27720000000000006,0.0,0.0,0.0,0.0,0.0,0.0,0.0,0.0,0.0,rest,-1,0.0,0.0,-1,45,0.6800022125244141,1.0
1779527415.8333442,0.0,0.0,0.0,0.0,0.0,0.0,-0.1188,1.3464,-0.27720000000000006,0.0,0.0,0.0,0.0,0.0,0.0,0.0,0.0,0.0,rest,-1,0.0,0.0,-1,45,0.6900060176849365,1.0
1779527415.8433275,0.0,0.0,0.0,0.0,0.0,0.0,-0.0792,1.3068,-0.27720000000000006,0.0,0.0,0.0,0.0,0.0,0.0,0.0,0.0,0.0,rest,-1,0.0,0.0,-1,45,0.6999900341033936,1.0
1779527415.853381,0.0,0.0,0.0,0.0,0.0,0.0,-0.0792,1.3068,-0.198,0.0,0.0,0.0,0.0,0.0,0.0,0.0,0.0,0.0,rest,-1,0.0,0.0,-1,45,0.7099733352661133,1.0
1779527415.86335,0.0,0.0,0.0,0.0,0.0,0.0,-0.198,1.3464,-0.1188,0.0,0.0,0.0,0.0,0.0,0.0,0.0,0.0,0.0,rest,-1,0.0,0.0,-1,45,0.7200267314910889,1.0
1779527415.8733644,0.0,0.0,0.0,0.0,0.0,0.0,-0.1188,1.3860000000000001,-0.2376,0.0,0.0,0.0,0.0,0.0,0.0,0.0,0.0,0.0,rest,-1,0.0,0.0,-1,45,0.7299957275390625,1.0
1779527415.883363,0.0,0.0,0.0,0.0,0.0,0.0,-0.1584,1.3464,-0.27720000000000006,0.0,0.0,0.0,0.0,0.0,0.0,0.0,0.0,0.0,rest,-1,0.0,0.0,-1,45,0.7400102615356445,1.0
1779527415.8933616,0.0,0.0,0.0,0.0,0.0,0.0,-0.0792,1.3860000000000001,-0.35639999999999994,0.0,0.0,0.0,0.0,0.0,0.0,0.0,0.0,-0.0020777729190408684,rest,-1,0.0,0.0,-1,45,0.7500088214874268,1.0
1779527415.9033484,0.0,0.0,0.0,0.0,0.0,-0.0020777729190408684,-0.1584,1.4255999999999998,-0.2376,0.0,0.0,0.0,0.0,0.0,0.0,0.0,-0.0020777729190408684,0.0,rest,-1,0.0,0.0,-1,45,0.760007381439209,1.0
1779527415.9133153,0.0,0.0,0.0,0.0,-0.0020777729190408684,0.0,-0.0396,1.2672,-0.2376,0.0,0.0,0.0,0.0,0.0,0.0,0.0,0.0,0.0,rest,-1,0.0,0.0,-1,45,0.7699942588806152,1.0
1779527415.9233391,0.0,0.0,0.0,0.0,0.0,0.0,-0.0396,1.4255999999999998,-0.27720000000000006,0.0,0.0,0.0,0.0,0.0,0.0,0.0020777729190408684,0.0,0.0,rest,-1,0.0,0.0,-1,45,0.779961109161377,1.0
1779527415.9333467,0.0,0.0,0.0,0.0020777729190408684,0.0,0.0,-0.1188,1.2672,-0.27720000000000006,0.0,0.0,0.0,0.0,0.0,0.0,0.0,0.0,0.0,rest,-1,0.0,0.0,-1,45,0.789984941482544,1.0
1779527415.943346,0.0,0.0,0.0,0.0,0.0,0.0,-0.0792,1.3860000000000001,-0.1584,0.0,0.0,0.0,0.0,0.0,0.0,0.0,0.0,0.0,rest,-1,0.0,0.0,-1,45,0.799992561340332,1.0
1779527415.9533677,0.0,0.0,0.0,0.0,0.0,0.0,-0.0792,1.3464,-0.2376,0.0,0.0,0.0,0.0,0.0,0.0,0.0,0.0,0.0,rest,-1,0.0,0.0,-1,45,0.8099918365478516,1.0
1779527415.9633477,0.0,0.0,0.0,0.0,0.0,0.0,-0.0792,1.4255999999999998,-0.35639999999999994,0.0,0.0,0.0,0.0,0.0,0.0,0.0,0.0,0.0,rest,-1,0.0,0.0,-1,45,0.8200135231018066,1.0
1779527415.973368,0.0,0.0,0.0,0.0,0.0,0.0,0.0396,1.3068,-0.3168,0.0,0.0,0.0,0.0,0.0,0.0,0.0,0.0,0.0,rest,-1,0.0,0.0,-1,45,0.829993486404419,1.0
1779527415.9833636,0.0,0.0,0.0,0.0,0.0,0.0,-0.1188,1.3860000000000001,-0.27720000000000006,0.0,0.0,0.0,0.0,0.0,0.0,0.0,0.0,0.0,rest,-1,0.0,0.0,-1,45,0.8400137424468994,1.0
1779527415.9933853,0.0,0.0,0.0,0.0,0.0,0.0,-0.1188,1.3860000000000001,-0.2376,0.0,0.0,0.0,0.0,0.0,0.0,0.0,0.0,0.0,rest,-1,0.0,0.0,-1,45,0.8500094413757324,1.0
1779527416.0033429,0.0,0.0,0.0,0.0,0.0,0.0,-0.1584,1.2672,-0.2376,0.0,0.0,0.0,0.0,0.0,0.0,0.0,0.0,0.0,rest,-1,0.0,0.0,-1,45,0.8600311279296875,1.0
1779527416.0133555,0.0,0.0,0.0,0.0,0.0,0.0,-0.1188,1.4652,-0.1584,0.0,0.0,0.0,0.0,0.0,0.0,0.0,0.0,0.0,rest,-1,0.0,0.0,-1,45,0.8699886798858643,1.0
1779527416.023373,0.0,0.0,0.0,0.0,0.0,0.0,-0.0792,1.2276,-0.27720000000000006,0.0,0.0,0.0,0.0,0.0,0.0,0.0,0.0,0.0,rest,-1,0.0,0.0,-1,45,0.8800013065338135,1.0
1779527416.0333467,0.0,0.0,0.0,0.0,0.0,0.0,-0.0792,1.5048000000000001,-0.2376,0.0,0.0,0.0,0.0,0.0,0.0,0.0,0.0,0.0,rest,-1,0.0,0.0,-1,45,0.8900187015533447,1.0
1779527416.043361,0.0,0.0,0.0,0.0,0.0,0.0,-0.1188,1.3068,-0.198,0.0,0.0,0.0,0.0,0.0,0.0,0.0,-0.0020777729190408684,0.0,rest,-1,0.0,0.0,-1,45,0.8999924659729004,1.0
1779527416.0533957,0.0,0.0,0.0,0.0,-0.0020777729190408684,0.0,-0.0396,1.4255999999999998,-0.1188,0.0,0.0,0.0,0.0,0.0,0.0,-0.0020777729190408684,0.0,0.0,rest,-1,0.0,0.0,-1,45,0.9100067615509033,1.0
1779527416.063395,0.0,0.0,0.0,-0.0020777729190408684,0.0,0.0,-0.0792,1.3068,-0.396,0.0,0.0,0.0,0.0,0.0,0.0,-0.0020777729190408684,0.0,0.0,rest,-1,0.0,0.0,-1,45,0.920041561126709,1.0
1779527416.0733664,0.0,0.0,0.0,-0.0020777729190408684,0.0,0.0,0.0,1.3860000000000001,-0.35639999999999994,0.0,0.0,0.0,0.0,0.0,0.0,0.0,0.0020777729190408684,0.0,rest,-1,0.0,0.0,-1,45,0.9300408363342285,1.0
1779527416.0833821,0.0,0.0,0.0,0.0,0.0020777729190408684,0.0,-0.0396,1.4652,-0.27720000000000006,0.0,0.0,0.0,0.0,0.0,0.0,0.0,0.0,0.0,rest,-1,0.0,0.0,-1,45,0.9400122165679932,1.0
1779527416.0933757,0.0,0.0,0.0,0.0,0.0,0.0,-0.0396,1.2672,-0.396,0.0,0.0,0.0,0.0,0.0,0.0,0.0,0.0020777729190408684,0.0,rest,-1,0.0,0.0,-1,45,0.9500279426574707,1.0
1779527416.1033452,0.0,0.0,0.0,0.0,0.0020777729190408684,0.0,-0.0792,1.4255999999999998,-0.198,0.0,0.0,0.0,0.0,0.0,0.0,0.0020777729190408684,0.0020777729190408684,-0.0020777729190408684,rest,-1,0.0,0.0,-1,45,0.9600214958190918,1.0
1779527416.1134822,0.0,0.0,0.0,0.0020777729190408684,0.0020777729190408684,-0.0020777729190408684,-0.0396,1.3068,-0.2376,0.0,0.0,0.0,0.0,0.0,0.0,0.0,0.0,0.0,rest,-1,0.0,0.0,-1,45,0.9699909687042236,1.0
1779527416.1233778,0.0,0.0,0.0,0.0,0.0,0.0,-0.0792,1.4255999999999998,-0.198,0.0,0.0,0.0,0.0,0.0,0.0,0.0,0.0,0.0020777729190408684,rest,-1,0.0,0.0,-1,45,0.9801280498504639,1.0
1779527416.133355,0.0,0.0,0.0,0.0,0.0,0.0020777729190408684,-0.1188,1.2672,-0.3168,0.0,0.0,0.0,0.0,0.0,0.0,0.0,0.0,0.0,rest,-1,0.0,0.0,-1,45,0.9900236129760742,1.0
