t,q_0,q_1,q_2,dq_0,dq_1,dq_2,tau_0,tau_1,tau_2,cmd_0,cmd_1,cmd_2,q_next_0,q_next_1,q_next_2,dq_next_0,dq_next_1,dq_next_2,signal_type,active_joint,amplitude,frequency,combo_index,segment_id,local_t,hold_s
1779528371.2255337,0.0,0.0,0.0,0.0,0.0,0.0,-0.0792,1.5444,-0.35639999999999994,0.0,0.0,0.2,0.0,0.0,0.0,-0.0020777729190408684,0.0,0.0,square,2,0.2,1.0,29,58,0.0,0.0
1779528371.235413,0.0,0.0,0.0,-0.0020777729190408684,0.0,0.0,-0.0396,1.584,-0.35639999999999994,0.0,0.0,0.2,0.0,0.0,0.0,0.0,0.0,0.0,square,2,0.2,1.0,29,58,0.010120868682861328,0.0
1779528371.245547,0.0,0.0,0.0,0.0,0.0,0.0,-0.0792,1.5048000000000001,-0.2376,0.0,0.0,0.2,0.0,0.0,0.0,0.0,0.0,0.0,square,2,0.2,1.0,29,58,0.020000219345092773,0.0
1779528371.2554336,0.0,0.0,0.0,0.0,0.0,0.0,0.0,1.7028,1.7028,0.0,0.0,0.2,0.0,0.0,0.013962634015954637,0.0,0.0020777729190408684,1.358863489052728,square,2,0.2,1.0,29,58,0.030134201049804688,0.0
1779528371.2655447,0.0,0.0,0.013962634015954637,0.0,0.0020777729190408684,1.358863489052728,-0.0792,0.9107999999999999,1.3464,0.0,0.0,0.2,0.0,0.0,0.04188790204786391,0.0,0.0,2.36866112770659,square,2,0.2,1.0,29,58,0.04002070426940918,0.0
1779528371.2754126,0.0,0.0,0.04188790204786391,0.0,0.0,2.36866112770659,0.0,1.5444,-2.6928,0.0,0.0,0.2,0.0,0.0,0.06457718232379019,0.0,0.0,2.2938613026211185,square,2,0.2,1.0,29,58,0.050131797790527344,0.0
1779528371.2854114,0.0,0.0,0.06457718232379019,0.0,0.0,2.2938613026211185,0.0792,1.5444,0.5148,0.0,0.0,0.2,0.0,0.0,0.08552113334772216,0.0,0.0,2.1691949274786664,square,2,0.2,1.0,29,58,0.059999704360961914,0.0
1779528371.2954142,0.0,0.0,0.08552113334772216,0.0,0.0,2.1691949274786664,0.0792,1.584,0.0,0.0,0.0,0.2,0.0,0.0,0.10471975511965977,0.0,0.0,1.9136288584366399,square,2,0.2,1.0,29,58,0.06999850273132324,0.0
1779528371.3054109,0.0,0.0,0.10471975511965977,0.0,0.0,1.9136288584366399,0.0,1.584,-0.6732,0.0,0.0,0.2,0.0,0.0,0.12042771838760874,0.0020777729190408684,0.0,1.6684516539898173,square,2,0.2,1.0,29,58,0.0800013542175293,0.0
1779528371.3156264,0.0,0.0,0.12042771838760874,0.0020777729190408684,0.0,1.6684516539898173,-0.0396,1.6236000000000002,-0.0396,0.0,0.0,0.2,0.0,0.0,0.1343903524035634,0.0020777729190408684,0.0,1.4315855412191583,square,2,0.2,1.0,29,58,0.08999800682067871,0.0
1779528371.3255131,0.0,0.0,0.1343903524035634,0.0020777729190408684,0.0,1.4315855412191583,0.1584,1.4652,0.0,0.0,0.0,0.2,0.0,0.0,0.14486232791552936,0.0,0.0,1.2175749305579489,square,2,0.2,1.0,29,58,0.10021352767944336,0.0
1779528371.335414,0.0,0.0,0.14486232791552936,0.0,0.0,1.2175749305579489,-0.0792,1.584,0.198,0.0,0.0,0.2,0.0,0.0,0.15533430342749532,0.0,0.0,1.026419822006189,square,2,0.2,1.0,29,58,0.11010026931762695,0.0
1779528371.3454115,0.0,0.0,0.15533430342749532,0.0,0.0,1.026419822006189,-0.0396,1.5048000000000001,0.3168,0.0,0.0,0.2,0.0,0.0,0.16406094968746698,-0.004155545838081737,0.0,0.8601979884829195,square,2,0.2,1.0,29,58,0.12000107765197754,0.0
1779528371.3554122,0.0,0.0,0.16406094968746698,-0.004155545838081737,0.0,0.8601979884829195,-0.0792,1.5444,-0.27720000000000006,0.0,0.0,0.2,0.0,0.0,0.1710422666954443,0.0,0.0,0.7168316570690996,square,2,0.2,1.0,29,58,0.12999868392944336,0.0
1779528371.3654146,0.0,0.0,0.1710422666954443,0.0,0.0,0.7168316570690996,-0.0396,1.4652,0.27720000000000006,0.0,0.0,0.2,0.0,0.0,0.1762782544514273,0.0,0.0020777729190408684,0.5900875090076066,square,2,0.2,1.0,29,58,0.1399993896484375,0.0
1779528371.3755054,0.0,0.0,0.1762782544514273,0.0,0.0020777729190408684,0.5900875090076066,-0.0792,1.6236000000000002,-0.1188,0.0,0.0,0.2,0.0,0.0,0.18151424220741028,-0.0020777729190408684,0.0,0.48204331721748145,square,2,0.2,1.0,29,58,0.15000176429748535,0.0
1779528371.3854222,0.0,0.0,0.18151424220741028,-0.0020777729190408684,0.0,0.48204331721748145,-0.0792,1.5444,0.6732,0.0,0.0,0.2,0.0,0.0,0.18500490071139894,0.0,0.0,0.394776854617765,square,2,0.2,1.0,29,58,0.16009259223937988,0.0
1779528371.395424,0.0,0.0,0.18500490071139894,0.0,0.0,0.394776854617765,-0.0792,1.4255999999999998,0.35639999999999994,0.0,0.0,0.2,0.0,0.0,0.18849555921538758,-0.0020777729190408684,0.0,0.33036589412749806,square,2,0.2,1.0,29,58,0.17000937461853027,0.0
1779528371.4054263,0.0,0.0,0.18849555921538758,-0.0020777729190408684,0.0,0.33036589412749806,-0.0396,1.4652,-0.2376,0.0,0.0,0.2,0.0,0.0,0.19024088846738194,0.0,0.0,0.25348829612298596,square,2,0.2,1.0,29,58,0.18001103401184082,0.0
1779528371.415413,0.0,0.0,0.19024088846738194,0.0,0.0,0.25348829612298596,-0.0396,1.5444,0.396,0.0,0.0,0.2,0.0,0.0,0.19198621771937624,0.0,0.0,0.21401061066120944,square,2,0.2,1.0,29,58,0.19001340866088867,0.0
1779528371.425413,0.0,0.0,0.19198621771937624,0.0,0.0,0.21401061066120944,-0.1188,1.4255999999999998,0.396,0.0,0.0,0.2,0.0,0.0,0.1937315469713706,0.0020777729190408684,0.0,0.17453292519943295,square,2,0.2,1.0,29,58,0.20000004768371582,0.0
1779528371.4354076,0.0,0.0,0.1937315469713706,0.0020777729190408684,0.0,0.17453292519943295,0.1584,1.5444,0.4356,0.0,0.0,0.2,0.0,0.0,0.1954768762233649,0.0,0.0,0.1371330126566973,square,2,0.2,1.0,29,58,0.21000003814697266,0.0
1779528371.4454143,0.0,0.0,0.1954768762233649,0.0,0.0,0.1371330126566973,-0.1584,1.6236000000000002,0.4356,0.0,0.0,0.2,0.0,0.0,0.1954768762233649,-0.0020777729190408684,-0.0020777729190408684,0.10388864595204342,square,2,0.2,1.0,29,58,0.21999478340148926,0.0
1779528371.455414,0.0,0.0,0.1954768762233649,-0.0020777729190408684,-0.0020777729190408684,0.10388864595204342,-0.1188,1.4652,0.5148,0.0,0.0,0.2,0.0,0.0,0.19722220547535924,-0.0020777729190408684,0.0,0.06648873340930779,square,2,0.2,1.0,29,58,0.23000144958496094,0.0
1779528371.4654074,0.0,0.0,0.19722220547535924,-0.0020777729190408684,0.0,0.06648873340930779,0.0396,1.584,1.0296,0.0,0.0,0.2,0.0,0.0,0.19722220547535924,-0.0020777729190408684,0.0,0.06648873340930779,square,2,0.2,1.0,29,58,0.24000120162963867,0.0
1779528371.4755754,0.0,0.0,0.19722220547535924,-0.0020777729190408684,0.0,0.06648873340930779,-0.0396,1.4652,0.5544000000000001,0.0,0.0,0.2,0.0,0.0,0.19722220547535924,0.0,0.0020777729190408684,0.04571100421889911,square,2,0.2,1.0,29,58,0.24999451637268066,0.0
1779528371.4854321,0.0,0.0,0.19722220547535924,0.0,0.0020777729190408684,0.04571100421889911,-0.0792,1.4255999999999998,0.5940000000000001,0.0,0.0,0.2,0.0,0.0,0.1989675347273536,0.0,-0.0020777729190408684,0.04571100421889911,square,2,0.2,1.0,29,58,0.2601625919342041,0.0
1779528371.495407,0.0,0.0,0.1989675347273536,0.0,-0.0020777729190408684,0.04571100421889911,-0.1188,1.584,0.2376,0.0,0.0,0.2,0.0,0.0,0.1989675347273536,0.0,-0.0020777729190408684,0.04571100421889911,square,2,0.2,1.0,29,58,0.2700192928314209,0.0
1779528371.505441,0.0,0.0,0.1989675347273536,0.0,-0.0020777729190408684,0.04571100421889911,-0.1188,1.584,0.2376,0.0,0.0,0.2,0.0,0.0,0.1989675347273536,0.0,0.0,0.02701104794753129,square,2,0.2,1.0,29,58,0.27999424934387207,0.0
1779528371.5154128,0.0,0.0,0.1989675347273536,0.0,0.0,0.02701104794753129,-0.1584,1.3860000000000001,0.0792,0.0,0.0,0.2,0.0,0.0,0.1989675347273536,0.0,0.0,0.02493327502849042,square,2,0.2,1.0,29,58,0.29002809524536133,0.0
1779528371.525557,0.0,0.0,0.1989675347273536,0.0,0.0,0.02493327502849042,-0.1188,1.5444,-0.1584,0.0,0.0,0.2,0.0,0.0,0.1989675347273536,0.0,0.0,0.02493327502849042,square,2,0.2,1.0,29,58,0.2999999523162842,0.0
1779528371.5354083,0.0,0.0,0.1989675347273536,0.0,0.0,0.02493327502849042,-0.1188,1.5444,-0.1584,0.0,0.0,0.2,0.0,0.0,0.1989675347273536,0.0,0.0,0.008311091676163474,square,2,0.2,1.0,29,58,0.31014418601989746,0.0
1779528371.5454078,0.0,0.0,0.1989675347273536,0.0,0.0,0.008311091676163474,-0.0792,1.584,0.0396,0.0,0.0,0.2,0.0,0.0,0.1989675347273536,0.0,0.0,0.006233318757122605,square,2,0.2,1.0,29,58,0.3199954032897949,0.0
1779528371.5556047,0.0,0.0,0.1989675347273536,0.0,0.0,0.006233318757122605,-0.0396,1.4652,0.1188,0.0,0.0,0.2,0.0,0.0,0.1989675347273536,0.0,0.0,0.0020777729190408684,square,2,0.2,1.0,29,58,0.32999491691589355,0.0
1779528371.5654125,0.0,0.0,0.1989675347273536,0.0,0.0,0.0020777729190408684,-0.0396,1.4652,0.1584,0.0,0.0,0.2,0.0,0.0,0.1989675347273536,-0.0020777729190408684,0.0020777729190408684,0.0,square,2,0.2,1.0,29,58,0.3401918411254883,0.0
1779528371.5754108,0.0,0.0,0.1989675347273536,-0.0020777729190408684,0.0020777729190408684,0.0,-0.0396,1.4255999999999998,0.0792,0.0,0.0,0.2,0.0,0.0,0.1989675347273536,0.0,0.0,0.0,square,2,0.2,1.0,29,58,0.34999966621398926,0.0
1779528371.5855794,0.0,0.0,0.1989675347273536,0.0,0.0,0.0,0.0,1.4652,0.0792,0.0,0.0,0.2,0.0,0.0,0.1989675347273536,0.0,0.0,0.0,square,2,0.2,1.0,29,58,0.3599979877471924,0.0
1779528371.5954106,0.0,0.0,0.1989675347273536,0.0,0.0,0.0,-0.0396,1.4255999999999998,0.0792,0.0,0.0,0.2,0.0,0.0,0.1989675347273536,0.0,0.0,0.0,square,2,0.2,1.0,29,58,0.370166540145874,0.0
1779528371.6054137,0.0,0.0,0.1989675347273536,0.0,0.0,0.0,-0.1188,1.3464,0.1188,0.0,0.0,0.2,0.0,0.0,0.1989675347273536,0.0020777729190408684,0.0,0.0,square,2,0.2,1.0,29,58,0.37999773025512695,0.0
1779528371.6156232,0.0,0.0,0.1989675347273536,0.0020777729190408684,0.0,0.0,-0.1188,1.3860000000000001,0.1188,0.0,0.0,0.2,0.0,0.0,0.1989675347273536,0.0,0.0020777729190408684,0.0,square,2,0.2,1.0,29,58,0.3900008201599121,0.0
1779528371.625409,0.0,0.0,0.1989675347273536,0.0,0.0020777729190408684,0.0,-0.1584,1.5444,0.0792,0.0,0.0,0.2,0.0,0.0,0.1989675347273536,0.0,0.0,0.0,square,2,0.2,1.0,29,58,0.4002103805541992,0.0
1779528371.6354148,0.0,0.0,0.1989675347273536,0.0,0.0,0.0,-0.0792,1.3464,0.0,0.0,0.0,0.2,0.0,0.0,0.1989675347273536,0.0,0.0,0.0,square,2,0.2,1.0,29,58,0.40999603271484375,0.0
1779528371.6454113,0.0,0.0,0.1989675347273536,0.0,0.0,0.0,-0.1584,1.5048000000000001,0.0,0.0,0.0,0.2,0.0,0.0,0.1989675347273536,0.0,0.0,0.0,square,2,0.2,1.0,29,58,0.4200019836425781,0.0
1779528371.656013,0.0,0.0,0.1989675347273536,0.0,0.0,0.0,-0.1188,1.4652,-0.0396,0.0,0.0,0.2,0.0,0.0,0.1989675347273536,-0.004155545838081737,0.0,0.0,square,2,0.2,1.0,29,58,0.42999839782714844,0.0
1779528371.6654203,0.0,0.0,0.1989675347273536,-0.004155545838081737,0.0,0.0,-0.0792,1.5048000000000001,-0.0396,0.0,0.0,0.2,0.0,0.0,0.1989675347273536,0.0,0.0,-0.0020777729190408684,square,2,0.2,1.0,29,58,0.4406001567840576,0.0
1779528371.6754112,0.0,0.0,0.1989675347273536,0.0,0.0,-0.0020777729190408684,-0.0396,1.584,0.0396,0.0,0.0,0.2,0.0,0.0,0.1989675347273536,0.0,0.0,0.0,square,2,0.2,1.0,29,58,0.45000743865966797,0.0
1779528371.6854162,0.0,0.0,0.1989675347273536,0.0,0.0,0.0,-0.0396,1.4652,0.0396,0.0,0.0,0.2,0.0,0.0,0.1989675347273536,0.0,0.0,0.0020777729190408684,square,2,0.2,1.0,29,58,0.45999836921691895,0.0
1779528371.6954079,0.0,0.0,0.1989675347273536,0.0,0.0,0.0020777729190408684,0.0,1.4255999999999998,0.0792,0.0,0.0,0.2,0.0,0.0,0.1989675347273536,0.0,0.0,0.0,square,2,0.2,1.0,29,58,0.4700033664703369,0.0
1779528371.7054126,0.0,0.0,0.1989675347273536,0.0,0.0,0.0,-0.0396,1.5048000000000001,0.0396,0.0,0.0,0.2,0.0,0.0,0.1989675347273536,0.0,0.0020777729190408684,0.0,square,2,0.2,1.0,29,58,0.4799950122833252,0.0
1779528371.715414,0.0,0.0,0.1989675347273536,0.0,0.0020777729190408684,0.0,0.0396,1.4652,0.0396,0.0,0.0,0.2,0.0,0.0,0.1989675347273536,0.0,0.0020777729190408684,0.0,square,2,0.2,1.0,29,58,0.48999977111816406,0.0
1779528371.725408,0.0,0.0,0.1989675347273536,0.0,0.0020777729190408684,0.0,0.0396,1.4652,0.0396,0.0,0.0,-0.2,0.0,0.0,0.1989675347273536,0.0,0.0020777729190408684,0.0,square,2,0.2,1.0,29,58,0.5000011920928955,0.0
1779528371.7354105,0.0,0.0,0.1989675347273536,0.0,0.0020777729190408684,0.0,0.0396,1.4652,0.0396,0.0,0.0,-0.2,0.0,0.0,0.1989675347273536,0.0,0.0,-0.0020777729190408684,square,2,0.2,1.0,29,58,0.5099952220916748,0.0
1779528371.7454152,0.0,0.0,0.1989675347273536,0.0,0.0,-0.0020777729190408684,-0.396,1.6236000000000002,1.9008,0.0,0.0,-0.2,0.0,0.0,0.1832595714594046,0.0,0.0,-1.3463968515384828,square,2,0.2,1.0,29,58,0.5199975967407227,0.0
1779528371.755414,0.0,0.0,0.1832595714594046,0.0,0.0,-1.3463968515384828,0.1188,0.5544000000000001,0.9107999999999999,0.0,0.0,-0.2,0.0,0.0,0.15358897417550102,-0.0020777729190408684,-0.004155545838081737,-2.748893571891069,square,2,0.2,1.0,29,58,0.5300023555755615,0.0
1779528371.7654111,0.0,0.0,0.15358897417550102,-0.0020777729190408684,-0.004155545838081737,-2.748893571891069,-0.1188,0.9107999999999999,4.4748,0.0,0.0,-0.2,0.0,0.0,0.10995574287564278,0.0,-0.0020777729190408684,-3.960235183691895,square,2,0.2,1.0,29,58,0.5400011539459229,0.0
1779528371.7754123,0.0,0.0,0.10995574287564278,0.0,-0.0020777729190408684,-3.960235183691895,-0.1584,1.1483999999999999,1.584,0.0,0.0,-0.2,0.0,0.0,0.06457718232379019,0.0020777729190408684,0.0020777729190408684,-4.523311644751971,square,2,0.2,1.0,29,58,0.5499982833862305,0.0
1779528371.7856455,0.0,0.0,0.06457718232379019,0.0020777729190408684,0.0020777729190408684,-4.523311644751971,0.198,1.1483999999999999,0.27720000000000006,0.0,0.0,-0.2,0.0,0.0,0.017453292519943295,0.0,0.0020777729190408684,-4.548244919780461,square,2,0.2,1.0,29,58,0.5599994659423828,0.0
1779528371.7954385,0.0,0.0,0.017453292519943295,0.0,0.0020777729190408684,-4.548244919780461,-0.1188,1.9404,-3.7620000000000005,0.0,0.0,-0.2,0.0,0.0,-0.017453292519943295,-0.004155545838081737,0.004155545838081737,-3.8771242669302604,square,2,0.2,1.0,29,58,0.570232629776001,0.0
1779528371.8054144,0.0,0.0,-0.017453292519943295,-0.004155545838081737,0.004155545838081737,-3.8771242669302604,0.0,1.7424,-1.0692,0.0,0.0,-0.2,0.0,0.0,-0.048869219055841226,-0.0020777729190408684,0.0020777729190408684,-3.2932700766797764,square,2,0.2,1.0,29,58,0.5800256729125977,0.0
1779528371.8156085,0.0,0.0,-0.048869219055841226,-0.0020777729190408684,0.0020777729190408684,-3.2932700766797764,-0.1188,1.6236000000000002,-0.4752,0.0,0.0,-0.2,0.0,0.0,-0.07679448708775051,0.0,0.0,-2.840315580328867,square,2,0.2,1.0,29,58,0.5900015830993652,0.0
1779528371.8254228,0.0,0.0,-0.07679448708775051,0.0,0.0,-2.840315580328867,-0.1584,1.6236000000000002,-1.0692,0.0,0.0,-0.2,0.0,0.0,-0.0994837673636768,0.004155545838081737,0.0,-2.3811277652208354,square,2,0.2,1.0,29,58,0.6001956462860107,0.0
1779528371.8358908,0.0,0.0,-0.0994837673636768,0.004155545838081737,0.0,-2.3811277652208354,0.0,1.6236000000000002,0.0396,0.0,0.0,-0.2,0.0,0.0,-0.11868238913561442,0.004155545838081737,0.0,-1.9842731376840292,square,2,0.2,1.0,29,58,0.6100099086761475,0.0
1779528371.8454113,0.0,0.0,-0.11868238913561442,0.004155545838081737,0.0,-1.9842731376840292,0.1188,1.4652,-0.4752,0.0,0.0,-0.2,0.0,0.0,-0.1343903524035634,0.0020777729190408684,0.0,-1.6476739247994086,square,2,0.2,1.0,29,58,0.6204779148101807,0.0
1779528371.8554108,0.0,0.0,-0.1343903524035634,0.0020777729190408684,0.0,-1.6476739247994086,0.0792,1.5444,-0.0396,0.0,0.0,-0.2,0.0,0.0,-0.1466076571675237,0.0,0.0,-1.3609412619717687,square,2,0.2,1.0,29,58,0.6299984455108643,0.0
1779528371.8654082,0.0,0.0,-0.1466076571675237,0.0,0.0,-1.3609412619717687,0.0792,1.3464,0.0,0.0,0.0,-0.2,0.0,0.0,-0.15707963267948966,-0.0020777729190408684,0.0,-1.1157640575249463,square,2,0.2,1.0,29,58,0.6399979591369629,0.0
1779528371.8754191,0.0,0.0,-0.15707963267948966,-0.0020777729190408684,0.0,-1.1157640575249463,-0.0792,1.4255999999999998,0.1188,0.0,0.0,-0.2,0.0,0.0,-0.1658062789394613,-0.0020777729190408684,0.0,-0.9079867656208594,square,2,0.2,1.0,29,58,0.6499953269958496,0.0
1779528371.8854113,0.0,0.0,-0.1658062789394613,-0.0020777729190408684,0.0,-0.9079867656208594,-0.0792,1.5048000000000001,-0.198,0.0,0.0,-0.2,0.0,0.0,-0.17278759594743864,0.0,0.0,-0.7376093862595082,square,2,0.2,1.0,29,58,0.6600062847137451,0.0
1779528371.8954096,0.0,0.0,-0.17278759594743864,0.0,0.0,-0.7376093862595082,-0.0792,1.3068,0.198,0.0,0.0,-0.2,0.0,0.0,-0.17802358370342164,0.0,0.0,-0.5942430548456884,square,2,0.2,1.0,29,58,0.6699984073638916,0.0
1779528371.9054136,0.0,0.0,-0.17802358370342164,0.0,0.0,-0.5942430548456884,-0.1188,1.4255999999999998,-0.1188,0.0,0.0,-0.2,0.0,0.0,-0.1832595714594046,0.0,-0.0020777729190408684,-0.4882766359746041,square,2,0.2,1.0,29,58,0.6799967288970947,0.0
1779528371.915422,0.0,0.0,-0.1832595714594046,0.0,-0.0020777729190408684,-0.4882766359746041,-0.1188,1.4652,0.198,0.0,0.0,-0.2,0.0,0.0,-0.1867502299633933,-0.0020777729190408684,0.0,-0.3760768983463972,square,2,0.2,1.0,29,58,0.6900007724761963,0.0
1779528371.9254122,0.0,0.0,-0.1867502299633933,-0.0020777729190408684,0.0,-0.3760768983463972,-0.0792,1.4255999999999998,0.35639999999999994,0.0,0.0,-0.2,0.0,0.0,-0.19024088846738194,0.0,0.0,-0.3116659378561303,square,2,0.2,1.0,29,58,0.7000091075897217,0.0
1779528371.9354253,0.0,0.0,-0.19024088846738194,0.0,0.0,-0.3116659378561303,-0.0792,1.3860000000000001,-0.198,0.0,0.0,-0.2,0.0,0.0,-0.19024088846738194,0.0,0.0,-0.3116659378561303,square,2,0.2,1.0,29,58,0.7099993228912354,0.0
1779528371.9454105,0.0,0.0,-0.19024088846738194,0.0,0.0,-0.3116659378561303,-0.0792,1.3860000000000001,-0.198,0.0,0.0,-0.2,0.0,0.0,-0.1937315469713706,0.0020777729190408684,0.0,-0.19323288147080075,square,2,0.2,1.0,29,58,0.7200124263763428,0.0
1779528371.9555697,0.0,0.0,-0.1937315469713706,0.0020777729190408684,0.0,-0.19323288147080075,-0.1188,1.3860000000000001,0.198,0.0,0.0,-0.2,0.0,0.0,-0.1954768762233649,0.0020777729190408684,0.0,-0.15375519600902426,square,2,0.2,1.0,29,58,0.7299976348876953,0.0
1779528371.965442,0.0,0.0,-0.1954768762233649,0.0020777729190408684,0.0,-0.15375519600902426,-0.2376,1.3464,0.1188,0.0,0.0,-0.2,0.0,0.0,-0.1954768762233649,0.0,0.0,-0.11635528346628862,square,2,0.2,1.0,29,58,0.740156888961792,0.0
1779528371.9754162,0.0,0.0,-0.1954768762233649,0.0,0.0,-0.11635528346628862,0.27720000000000006,1.3860000000000001,0.3168,0.0,0.0,-0.2,0.0,0.0,-0.19722220547535924,0.0,-0.0020777729190408684,-0.07687759800451213,square,2,0.2,1.0,29,58,0.7500290870666504,0.0
1779528371.9854214,0.0,0.0,-0.19722220547535924,0.0,-0.0020777729190408684,-0.07687759800451213,0.2376,1.3860000000000001,0.7127999999999999,0.0,0.0,-0.2,0.0,0.0,-0.19722220547535924,0.0,0.0,-0.05817764173314431,square,2,0.2,1.0,29,58,0.7600033283233643,0.0
1779528371.9955971,0.0,0.0,-0.19722220547535924,0.0,0.0,-0.05817764173314431,-0.1584,1.4255999999999998,0.99,0.0,0.0,-0.2,0.0,0.0,-0.19722220547535924,0.0,0.0020777729190408684,-0.04986655005698084,square,2,0.2,1.0,29,58,0.7700085639953613,0.0
1779528372.0054104,0.0,0.0,-0.19722220547535924,0.0,0.0020777729190408684,-0.04986655005698084,-0.0396,1.3464,0.6732,0.0,0.0,-0.2,0.0,0.0,-0.1989675347273536,-0.0020777729190408684,0.0,-0.035322139623694765,square,2,0.2,1.0,29,58,0.780184268951416,0.0
1779528372.0154984,0.0,0.0,-0.1989675347273536,-0.0020777729190408684,0.0,-0.035322139623694765,-0.0396,1.3860000000000001,0.7127999999999999,0.0,0.0,-0.2,0.0,0.0,-0.1989675347273536,0.0,0.0,-0.02493327502849042,square,2,0.2,1.0,29,58,0.7899975776672363,0.0
1779528372.0255497,0.0,0.0,-0.1989675347273536,0.0,0.0,-0.02493327502849042,0.0,1.5048000000000001,0.8316,0.0,0.0,-0.2,0.0,0.0,-0.1989675347273536,0.0,-0.0020777729190408684,-0.020777729190408684,square,2,0.2,1.0,29,58,0.8000855445861816,0.0
1779528372.0354524,0.0,0.0,-0.1989675347273536,0.0,-0.0020777729190408684,-0.020777729190408684,-0.0396,1.4652,0.7127999999999999,0.0,0.0,-0.2,0.0,0.0,-0.1989675347273536,0.0020777729190408684,0.0,-0.022855502109449553,square,2,0.2,1.0,29,58,0.8101367950439453,0.0
1779528372.0454156,0.0,0.0,-0.1989675347273536,0.0020777729190408684,0.0,-0.022855502109449553,-0.1188,1.3464,0.27720000000000006,0.0,0.0,-0.2,0.0,0.0,-0.1989675347273536,0.0020777729190408684,0.0,-0.01246663751424521,square,2,0.2,1.0,29,58,0.8200395107269287,0.0
1779528372.055412,0.0,0.0,-0.1989675347273536,0.0020777729190408684,0.0,-0.01246663751424521,-0.1584,1.3464,0.27720000000000006,0.0,0.0,-0.2,0.0,0.0,-0.1989675347273536,0.0,0.0,-0.008311091676163474,square,2,0.2,1.0,29,58,0.8300027847290039,0.0
1779528372.065411,0.0,0.0,-0.1989675347273536,0.0,0.0,-0.008311091676163474,-0.1188,1.3860000000000001,0.396,0.0,0.0,-0.2,0.0,0.0,-0.1989675347273536,0.0,0.0,-0.004155545838081737,square,2,0.2,1.0,29,58,0.8399991989135742,0.0
1779528372.075412,0.0,0.0,-0.1989675347273536,0.0,0.0,-0.004155545838081737,-0.1188,1.3464,0.3168,0.0,0.0,-0.2,0.0,0.0,-0.1989675347273536,0.0,0.0,0.0,square,2,0.2,1.0,29,58,0.8499982357025146,0.0
1779528372.0853915,0.0,0.0,-0.1989675347273536,0.0,0.0,0.0,-0.1584,1.3860000000000001,0.396,0.0,0.0,-0.2,0.0,0.0,-0.1989675347273536,0.0,0.0,0.0,square,2,0.2,1.0,29,58,0.8599991798400879,0.0
1779528372.095412,0.0,0.0,-0.1989675347273536,0.0,0.0,0.0,-0.1188,1.2276,0.35639999999999994,0.0,0.0,-0.2,0.0,0.0,-0.1989675347273536,-0.0020777729190408684,0.0,0.0,square,2,0.2,1.0,29,58,0.869978666305542,0.0
1779528372.1054153,0.0,0.0,-0.1989675347273536,-0.0020777729190408684,0.0,0.0,-0.0792,1.3860000000000001,0.27720000000000006,0.0,0.0,-0.2,0.0,0.0,-0.1989675347273536,0.0,0.0,0.0,square,2,0.2,1.0,29,58,0.8799991607666016,0.0
1779528372.1155422,0.0,0.0,-0.1989675347273536,0.0,0.0,0.0,-0.0792,1.4652,0.3168,0.0,0.0,-0.2,0.0,0.0,-0.1989675347273536,0.0,0.0,0.0,square,2,0.2,1.0,29,58,0.8900024890899658,0.0
1779528372.1254106,0.0,0.0,-0.1989675347273536,0.0,0.0,0.0,-0.0792,1.2672,0.35639999999999994,0.0,0.0,-0.2,0.0,0.0,-0.1989675347273536,0.0,0.0,0.0,square,2,0.2,1.0,29,58,0.9001293182373047,0.0
1779528372.1355395,0.0,0.0,-0.1989675347273536,0.0,0.0,0.0,-0.0396,1.2276,0.27720000000000006,0.0,0.0,-0.2,0.0,0.0,-0.1989675347273536,-0.0020777729190408684,0.0,0.0,square,2,0.2,1.0,29,58,0.9099977016448975,0.0
1779528372.1455207,0.0,0.0,-0.1989675347273536,-0.0020777729190408684,0.0,0.0,-0.0792,1.3860000000000001,0.35639999999999994,0.0,0.0,-0.2,0.0,0.0,-0.1989675347273536,0.0,0.0020777729190408684,0.0,square,2,0.2,1.0,29,58,0.9201266765594482,0.0
1779528372.1554127,0.0,0.0,-0.1989675347273536,0.0,0.0020777729190408684,0.0,-0.1188,1.2276,-0.1584,0.0,0.0,-0.2,0.0,0.0,-0.1989675347273536,0.0020777729190408684,0.0,0.0,square,2,0.2,1.0,29,58,0.930107831954956,0.0
1779528372.1656156,0.0,0.0,-0.1989675347273536,0.0020777729190408684,0.0,0.0,-0.1584,1.1880000000000002,0.2376,0.0,0.0,-0.2,0.0,0.0,-0.1989675347273536,0.0020777729190408684,0.0,0.0,square,2,0.2,1.0,29,58,0.9399998188018799,0.0
1779528372.175466,0.0,0.0,-0.1989675347273536,0.0020777729190408684,0.0,0.0,-0.1584,1.1880000000000002,0.2376,0.0,0.0,-0.2,0.0,0.0,-0.1989675347273536,0.0,0.0,0.0,square,2,0.2,1.0,29,58,0.9502027034759521,0.0
1779528372.1854393,0.0,0.0,-0.1989675347273536,0.0,0.0,0.0,-0.198,1.2672,-0.27720000000000006,0.0,0.0,-0.2,0.0,0.0,-0.1989675347273536,0.0,0.0,0.0,square,2,0.2,1.0,29,58,0.9600532054901123,0.0
1779528372.1954136,0.0,0.0,-0.1989675347273536,0.0,0.0,0.0,-0.1584,1.2672,-0.2376,0.0,0.0,-0.2,0.0,0.0,-0.1989675347273536,0.0,0.0020777729190408684,0.0,square,2,0.2,1.0,29,58,0.9700264930725098,0.0
1779528372.2055943,0.0,0.0,-0.1989675347273536,0.0,0.0020777729190408684,0.0,-0.0396,1.3464,-0.2376,0.0,0.0,-0.2,0.0,0.0,-0.1989675347273536,-0.0020777729190408684,0.0,0.0,square,2,0.2,1.0,29,58,0.9800007343292236,0.0
1779528372.215603,0.0,0.0,-0.1989675347273536,-0.0020777729190408684,0.0,0.0,-0.0396,1.3068,-0.198,0.0,0.0,-0.2,0.0,0.0,-0.1989675347273536,-0.0020777729190408684,0.0,0.0,square,2,0.2,1.0,29,58,0.9901814460754395,0.0
1779528372.2254124,0.0,0.0,-0.1989675347273536,-0.0020777729190408684,0.0,0.0,-0.0396,1.2672,-0.198,0.0,0.0,0.2,0.0,0.0,-0.1989675347273536,0.0,0.0020777729190408684,0.0,square,2,0.2,1.0,29,58,1.000190258026123,0.0
1779528372.235576,0.0,0.0,-0.1989675347273536,0.0,0.0020777729190408684,0.0,0.0,1.3068,0.0,0.0,0.0,0.2,0.0,0.0,-0.1989675347273536,0.0,0.0,0.0,square,2,0.2,1.0,29,58,1.0099995136260986,0.0
1779528372.2456098,0.0,0.0,-0.1989675347273536,0.0,0.0,0.0,-0.0792,1.3068,-0.198,0.0,0.0,0.2,0.0,0.0,-0.1989675347273536,0.0,0.0,0.0,square,2,0.2,1.0,29,58,1.0201630592346191,0.0
1779528372.2554135,0.0,0.0,-0.1989675347273536,0.0,0.0,0.0,-0.5940000000000001,-0.1584,2.0592,0.0,0.0,0.2,0.0,0.0,-0.1832595714594046,0.0,0.0,1.3567857161336871,square,2,0.2,1.0,29,58,1.0301969051361084,0.0
1779528372.2654104,0.0,0.0,-0.1832595714594046,0.0,0.0,1.3567857161336871,0.35639999999999994,0.6336,1.4652,0.0,0.0,0.2,0.0,0.0,-0.15358897417550102,0.0,0.0020777729190408684,2.7385047072958644,square,2,0.2,1.0,29,58,1.0400006771087646,0.0
1779528372.2755415,0.0,0.0,-0.15358897417550102,0.0,0.0020777729190408684,2.7385047072958644,-0.0396,0.99,7.2072,0.0,0.0,0.2,0.0,0.0,-0.10995574287564278,0.0,0.0,4.001790642072712,square,2,0.2,1.0,29,58,1.0499975681304932,0.0
1779528372.2854104,0.0,0.0,-0.10995574287564278,0.0,0.0,4.001790642072712,0.0396,1.1483999999999999,0.99,0.0,0.0,0.2,0.0,0.0,-0.06283185307179587,-0.0020777729190408684,0.0,4.577333740647033,square,2,0.2,1.0,29,58,1.0601286888122559,0.0
1779528372.295521,0.0,0.0,-0.06283185307179587,-0.0020777729190408684,0.0,4.577333740647033,-0.198,1.3464,-0.1584,0.0,0.0,0.2,0.0,0.0,-0.017453292519943295,-0.0020777729190408684,0.0,4.504611688480603,square,2,0.2,1.0,29,58,1.0699975490570068,0.0
1779528372.3055274,0.0,0.0,-0.017453292519943295,-0.0020777729190408684,0.0,4.504611688480603,0.0,1.5444,-3.168,0.0,0.0,0.2,0.0,0.0,0.017453292519943295,0.0,-0.0020777729190408684,3.854268764820811,square,2,0.2,1.0,29,58,1.0801081657409668,0.0
1779528372.3154166,0.0,0.0,0.017453292519943295,0.0,-0.0020777729190408684,3.854268764820811,0.0,1.4652,-1.0296,0.0,0.0,0.2,0.0,0.0,0.048869219055841226,0.0,0.0,3.27872566624649,square,2,0.2,1.0,29,58,1.0901145935058594,0.0
1779528372.3254132,0.0,0.0,0.048869219055841226,0.0,0.0,3.27872566624649,-0.0396,1.3464,0.0,0.0,0.0,0.2,0.0,0.0,0.07679448708775051,0.0020777729190408684,0.0,2.829926715733663,square,2,0.2,1.0,29,58,1.100003719329834,0.0
1779528372.3354127,0.0,0.0,0.07679448708775051,0.0020777729190408684,0.0,2.829926715733663,-0.0792,1.5048000000000001,-0.99,0.0,0.0,0.2,0.0,0.0,0.0994837673636768,0.0020777729190408684,0.0,2.366583354787549,square,2,0.2,1.0,29,58,1.1100003719329834,0.0
1779528372.34542,0.0,0.0,0.0994837673636768,0.0020777729190408684,0.0,2.366583354787549,0.0396,1.5048000000000001,0.1188,0.0,0.0,0.2,0.0,0.0,0.11868238913561442,0.0,0.0,1.9801175918459475,square,2,0.2,1.0,29,58,1.119999885559082,0.0
1779528372.3554103,0.0,0.0,0.11868238913561442,0.0,0.0,1.9801175918459475,-0.0396,1.5048000000000001,-0.8316,0.0,0.0,0.2,0.0,0.0,0.1343903524035634,0.0,0.0,1.641440606042286,square,2,0.2,1.0,29,58,1.130007028579712,0.0
1779528372.3656461,0.0,0.0,0.1343903524035634,0.0,0.0,1.641440606042286,-0.0792,1.3464,-0.0396,0.0,0.0,0.2,0.0,0.0,0.1466076571675237,0.0,0.0,1.3609412619717687,square,2,0.2,1.0,29,58,1.1399974822998047,0.0
1779528372.375409,0.0,0.0,0.1466076571675237,0.0,0.0,1.3609412619717687,-0.0792,1.3860000000000001,0.0,0.0,0.0,0.2,0.0,0.0,0.15707963267948966,0.0020777729190408684,0.0,1.119919603363028,square,2,0.2,1.0,29,58,1.150233268737793,0.0
1779528372.3854365,0.0,0.0,0.15707963267948966,0.0020777729190408684,0.0,1.119919603363028,-0.1188,1.4255999999999998,0.1188,0.0,0.0,0.2,0.0,0.0,0.1658062789394613,-0.0020777729190408684,0.0,0.9142200843779821,square,2,0.2,1.0,29,58,1.1599960327148438,0.0
1779528372.3954113,0.0,0.0,0.1658062789394613,-0.0020777729190408684,0.0,0.9142200843779821,-0.0396,1.3860000000000001,0.0396,0.0,0.0,0.2,0.0,0.0,0.17278759594743864,-0.004155545838081737,0.0,0.7396871591785491,square,2,0.2,1.0,29,58,1.1700236797332764,0.0
1779528372.405534,0.0,0.0,0.17278759594743864,-0.004155545838081737,0.0,0.7396871591785491,0.0,1.5048000000000001,-0.0396,0.0,0.0,0.2,0.0,0.0,0.17802358370342164,-0.0020777729190408684,0.0,0.59839860068377,square,2,0.2,1.0,29,58,1.1799983978271484,0.0
1779528372.415554,0.0,0.0,0.17802358370342164,-0.0020777729190408684,0.0,0.59839860068377,0.0,1.4652,0.27720000000000006,0.0,0.0,0.2,0.0,0.0,0.1832595714594046,0.0,0.0,0.48204331721748145,square,2,0.2,1.0,29,58,1.1901211738586426,0.0
1779528372.425414,0.0,0.0,0.1832595714594046,0.0,0.0,0.48204331721748145,-0.0792,1.5048000000000001,0.35639999999999994,0.0,0.0,0.2,0.0,0.0,0.1867502299633933,0.0020777729190408684,0.0,0.38231021710351976,square,2,0.2,1.0,29,58,1.200141191482544,0.0
1779528372.435676,0.0,0.0,0.1867502299633933,0.0020777729190408684,0.0,0.38231021710351976,-0.1188,1.3464,0.0,0.0,0.0,0.2,0.0,0.0,0.19024088846738194,0.0020777729190408684,0.0,0.3012770732609259,square,2,0.2,1.0,29,58,1.2100012302398682,0.0
1779528372.4454143,0.0,0.0,0.19024088846738194,0.0020777729190408684,0.0,0.3012770732609259,-0.1188,1.3068,0.0792,0.0,0.0,0.2,0.0,0.0,0.19198621771937624,0.0,0.0,0.23894388568969988,square,2,0.2,1.0,29,58,1.2202632427215576,0.0
1779528372.4556177,0.0,0.0,0.19198621771937624,0.0,0.0,0.23894388568969988,-0.1584,1.3860000000000001,0.4752,0.0,0.0,0.2,0.0,0.0,0.1937315469713706,0.0,0.0,0.19946620022792336,square,2,0.2,1.0,29,58,1.230001449584961,0.0
1779528372.4656312,0.0,0.0,0.1937315469713706,0.0,0.0,0.19946620022792336,-0.198,1.4255999999999998,0.27720000000000006,0.0,0.0,0.2,0.0,0.0,0.1954768762233649,-0.0020777729190408684,0.0,0.1495996501709425,square,2,0.2,1.0,29,58,1.2402048110961914,0.0
1779528372.4754114,0.0,0.0,0.1954768762233649,-0.0020777729190408684,0.0,0.1495996501709425,-0.1188,1.4652,0.4356,0.0,0.0,0.2,0.0,0.0,0.1954768762233649,0.0,0.0,0.11012196470916602,square,2,0.2,1.0,29,58,1.250218391418457,0.0
1779528372.4856596,0.0,0.0,0.1954768762233649,0.0,0.0,0.11012196470916602,-0.0792,1.3464,0.6732,0.0,0.0,0.2,0.0,0.0,0.19722220547535924,0.0,0.0020777729190408684,0.08103314384259387,square,2,0.2,1.0,29,58,1.2599985599517822,0.0
1779528372.495749,0.0,0.0,0.19722220547535924,0.0,0.0020777729190408684,0.08103314384259387,-0.0792,1.4255999999999998,0.5940000000000001,0.0,0.0,0.2,0.0,0.0,0.19722220547535924,-0.0020777729190408684,0.0,0.05609986881410345,square,2,0.2,1.0,29,58,1.2702467441558838,0.0
1779528372.5054173,0.0,0.0,0.19722220547535924,-0.0020777729190408684,0.0,0.05609986881410345,-0.0792,1.3860000000000001,0.9504,0.0,0.0,0.2,0.0,0.0,0.19722220547535924,0.0,0.0,0.06441096049026691,square,2,0.2,1.0,29,58,1.2803361415863037,0.0
1779528372.5154157,0.0,0.0,0.19722220547535924,0.0,0.0,0.06441096049026691,-0.0792,1.4652,0.0396,0.0,0.0,0.2,0.0,0.0,0.1989675347273536,0.0,0.0,0.035322139623694765,square,2,0.2,1.0,29,58,1.2900044918060303,0.0
1779528372.525408,0.0,0.0,0.1989675347273536,0.0,0.0,0.035322139623694765,-0.1188,1.3860000000000001,0.5148,0.0,0.0,0.2,0.0,0.0,0.1989675347273536,0.0,0.0020777729190408684,0.0394776854617765,square,2,0.2,1.0,29,58,1.3000028133392334,0.0
1779528372.5354197,0.0,0.0,0.1989675347273536,0.0,0.0020777729190408684,0.0394776854617765,-0.1584,1.3860000000000001,0.0396,0.0,0.0,0.2,0.0,0.0,0.1989675347273536,0.0,0.0,0.02493327502849042,square,2,0.2,1.0,29,58,1.309995174407959,0.0
1779528372.5454087,0.0,0.0,0.1989675347273536,0.0,0.0,0.02493327502849042,-0.198,1.3464,0.0,0.0,0.0,0.2,0.0,0.0,0.1989675347273536,0.0,0.0,0.01246663751424521,square,2,0.2,1.0,29,58,1.3200068473815918,0.0
1779528372.5554116,0.0,0.0,0.1989675347273536,0.0,0.0,0.01246663751424521,-0.198,1.3860000000000001,0.0396,0.0,0.0,0.2,0.0,0.0,0.1989675347273536,0.0,0.0,0.008311091676163474,square,2,0.2,1.0,29,58,1.32999587059021,0.0
1779528372.5654142,0.0,0.0,0.1989675347273536,0.0,0.0,0.008311091676163474,0.1584,1.3464,0.1188,0.0,0.0,0.2,0.0,0.0,0.1989675347273536,0.0,0.0,0.004155545838081737,square,2,0.2,1.0,29,58,1.339998722076416,0.0
1779528372.5754142,0.0,0.0,0.1989675347273536,0.0,0.0,0.004155545838081737,-0.1188,1.4652,0.2376,0.0,0.0,0.2,0.0,0.0,0.1989675347273536,0.0,0.0,0.0020777729190408684,square,2,0.2,1.0,29,58,1.350001335144043,0.0
1779528372.5854216,0.0,0.0,0.1989675347273536,0.0,0.0,0.0020777729190408684,-0.1188,1.4652,0.198,0.0,0.0,0.2,0.0,0.0,0.1989675347273536,-0.0020777729190408684,0.0,0.0,square,2,0.2,1.0,29,58,1.3600013256072998,0.0
1779528372.5954099,0.0,0.0,0.1989675347273536,-0.0020777729190408684,0.0,0.0,-0.0792,1.3068,0.1188,0.0,0.0,0.2,0.0,0.0,0.1989675347273536,0.0,0.0,0.0,square,2,0.2,1.0,29,58,1.3700087070465088,0.0
1779528372.6055892,0.0,0.0,0.1989675347273536,0.0,0.0,0.0,-0.0396,1.3464,0.198,0.0,0.0,0.2,0.0,0.0,0.1989675347273536,0.0020777729190408684,0.0,0.0,square,2,0.2,1.0,29,58,1.3799970149993896,0.0
1779528372.6154141,0.0,0.0,0.1989675347273536,0.0020777729190408684,0.0,0.0,-0.1188,1.4652,0.0396,0.0,0.0,0.2,0.0,0.0,0.1989675347273536,0.0,0.0,0.0,square,2,0.2,1.0,29,58,1.3901762962341309,0.0
1779528372.6254106,0.0,0.0,0.1989675347273536,0.0,0.0,0.0,-0.1188,1.5048000000000001,0.0,0.0,0.0,0.2,0.0,0.0,0.1989675347273536,0.0,0.0,0.0,square,2,0.2,1.0,29,58,1.4000012874603271,0.0
1779528372.6354373,0.0,0.0,0.1989675347273536,0.0,0.0,0.0,-0.1584,1.3860000000000001,0.0,0.0,0.0,0.2,0.0,0.0,0.1989675347273536,0.0020777729190408684,0.0,0.0,square,2,0.2,1.0,29,58,1.4099977016448975,0.0
1779528372.645609,0.0,0.0,0.1989675347273536,0.0020777729190408684,0.0,0.0,-0.1584,1.3860000000000001,0.1584,0.0,0.0,0.2,0.0,0.0,0.1989675347273536,0.0,0.0,0.0,square,2,0.2,1.0,29,58,1.4200243949890137,0.0
1779528372.6555624,0.0,0.0,0.1989675347273536,0.0,0.0,0.0,0.1188,1.4255999999999998,0.0396,0.0,0.0,0.2,0.0,0.0,0.1989675347273536,0.0,0.0,0.0,square,2,0.2,1.0,29,58,1.4301960468292236,0.0
1779528372.6654108,0.0,0.0,0.1989675347273536,0.0,0.0,0.0,-0.1584,1.3860000000000001,0.0,0.0,0.0,0.2,0.0,0.0,0.1989675347273536,0.0,0.0,0.0,square,2,0.2,1.0,29,58,1.4401495456695557,0.0
1779528372.6756294,0.0,0.0,0.1989675347273536,0.0,0.0,0.0,-0.0792,1.4652,0.0,0.0,0.0,0.2,0.0,0.0,0.1989675347273536,0.0,-0.0020777729190408684,0.0,square,2,0.2,1.0,29,58,1.449997901916504,0.0
1779528372.6856635,0.0,0.0,0.1989675347273536,0.0,-0.0020777729190408684,0.0,-0.0792,1.5048000000000001,0.0,0.0,0.0,0.2,0.0,0.0,0.1989675347273536,0.0,0.0,0.0,square,2,0.2,1.0,29,58,1.4602165222167969,0.0
1779528372.6954148,0.0,0.0,0.1989675347273536,0.0,0.0,0.0,0.0,1.4255999999999998,0.0792,0.0,0.0,0.2,0.0,0.0,0.1989675347273536,0.0,0.0,0.0,square,2,0.2,1.0,29,58,1.4702506065368652,0.0
1779528372.7056634,0.0,0.0,0.1989675347273536,0.0,0.0,0.0,-0.0396,1.4652,0.1188,0.0,0.0,0.2,0.0,0.0,0.1989675347273536,0.0,0.0,0.0,square,2,0.2,1.0,29,58,1.4800019264221191,0.0
1779528372.7154145,0.0,0.0,0.1989675347273536,0.0,0.0,0.0,-0.0792,1.4652,0.0,0.0,0.0,0.2,0.0,0.0,0.1989675347273536,0.0,0.0,0.0,square,2,0.2,1.0,29,58,1.490250587463379,0.0
1779528372.7256377,0.0,0.0,0.1989675347273536,0.0,0.0,0.0,-0.1188,1.5048000000000001,0.1188,0.0,0.0,-0.2,0.0,0.0,0.1989675347273536,0.0020777729190408684,0.0,0.0,square,2,0.2,1.0,29,58,1.5000016689300537,0.0
1779528372.7354221,0.0,0.0,0.1989675347273536,0.0020777729190408684,0.0,0.0,0.0792,1.4255999999999998,0.0396,0.0,0.0,-0.2,0.0,0.0,0.1989675347273536,0.0,0.0,0.0,square,2,0.2,1.0,29,58,1.5102248191833496,0.0
1779528372.7456007,0.0,0.0,0.1989675347273536,0.0,0.0,0.0,-0.2376,1.4255999999999998,0.0396,0.0,0.0,-0.2,0.0,0.0,0.1989675347273536,0.0,0.0,-0.0020777729190408684,square,2,0.2,1.0,29,58,1.5200092792510986,0.0
1779528372.7554243,0.0,0.0,0.1989675347273536,0.0,0.0,-0.0020777729190408684,0.8316,-0.5940000000000001,1.9404,0.0,0.0,-0.2,0.0,0.0,0.1832595714594046,0.0,-0.0020777729190408684,-1.342241305700401,square,2,0.2,1.0,29,58,1.5301878452301025,0.0
1779528372.76543,0.0,0.0,0.1832595714594046,0.0,-0.0020777729190408684,-1.342241305700401,0.5544000000000001,0.792,1.0692,0.0,0.0,-0.2,0.0,0.0,0.15358897417550102,0.0,-0.008311091676163474,-2.746815798972028,square,2,0.2,1.0,29,58,1.5400114059448242,0.0
1779528372.775443,0.0,0.0,0.15358897417550102,0.0,-0.008311091676163474,-2.746815798972028,-0.0396,0.8316,4.7916,0.0,0.0,-0.2,0.0,0.0,0.10995574287564278,0.0020777729190408684,0.0,-3.9685462753680585,square,2,0.2,1.0,29,58,1.5500171184539795,0.0
1779528372.7854137,0.0,0.0,0.10995574287564278,0.0020777729190408684,0.0,-3.9685462753680585,0.0792,1.1483999999999999,1.9008,0.0,0.0,-0.2,0.0,0.0,0.06457718232379019,0.0,0.0,-4.539933828104298,square,2,0.2,1.0,29,58,1.560030221939087,0.0
1779528372.7954147,0.0,0.0,0.06457718232379019,0.0,0.0,-4.539933828104298,-0.27720000000000006,1.1483999999999999,0.0396,0.0,0.0,-0.2,0.0,0.0,0.017453292519943295,0.0,0.004155545838081737,-4.550322692699502,square,2,0.2,1.0,29,58,1.5700008869171143,0.0
1779528372.8054454,0.0,0.0,0.017453292519943295,0.0,0.004155545838081737,-4.550322692699502,-0.0792,1.7028,-3.4848,0.0,0.0,-0.2,0.0,0.0,-0.017453292519943295,-0.0020777729190408684,0.006233318757122605,-3.8771242669302604,square,2,0.2,1.0,29,58,1.5800018310546875,0.0
1779528372.8154187,0.0,0.0,-0.017453292519943295,-0.0020777729190408684,0.006233318757122605,-3.8771242669302604,-0.0396,1.8612000000000002,-0.9107999999999999,0.0,0.0,-0.2,0.0,0.0,-0.048869219055841226,-0.0020777729190408684,0.0,-3.2891145308416947,square,2,0.2,1.0,29,58,1.5900325775146484,0.0
1779528372.8254962,0.0,0.0,-0.048869219055841226,-0.0020777729190408684,0.0,-3.2891145308416947,-0.1584,1.5048000000000001,-0.4356,0.0,0.0,-0.2,0.0,0.0,-0.07679448708775051,-0.0020777729190408684,0.0020777729190408684,-2.8423933532479078,square,2,0.2,1.0,29,58,1.600005865097046,0.0
1779528372.835415,0.0,0.0,-0.07679448708775051,-0.0020777729190408684,0.0020777729190408684,-2.8423933532479078,-0.1584,1.6236000000000002,-1.4255999999999998,0.0,0.0,-0.2,0.0,0.0,-0.0994837673636768,0.0,-0.0020777729190408684,-2.3769722193827536,square,2,0.2,1.0,29,58,1.6100833415985107,0.0
1779528372.8454115,0.0,0.0,-0.0994837673636768,0.0,-0.0020777729190408684,-2.3769722193827536,0.0,1.5048000000000001,0.0396,0.0,0.0,-0.2,0.0,0.0,-0.11868238913561442,0.004155545838081737,0.0,-1.9821953647649884,square,2,0.2,1.0,29,58,1.620002031326294,0.0
1779528372.8554142,0.0,0.0,-0.11868238913561442,0.004155545838081737,0.0,-1.9821953647649884,0.1188,1.584,-0.35639999999999994,0.0,0.0,-0.2,0.0,0.0,-0.1343903524035634,0.004155545838081737,0.0,-1.6455961518803677,square,2,0.2,1.0,29,58,1.6299986839294434,0.0
1779528372.8654096,0.0,0.0,-0.1343903524035634,0.004155545838081737,0.0,-1.6455961518803677,0.198,1.5444,-0.0396,0.0,0.0,-0.2,0.0,0.0,-0.1466076571675237,0.0,0.0,-1.358863489052728,square,2,0.2,1.0,29,58,1.6400012969970703,0.0
1779528372.8754144,0.0,0.0,-0.1466076571675237,0.0,0.0,-1.358863489052728,-0.0792,1.5048000000000001,0.0,0.0,0.0,-0.2,0.0,0.0,-0.15707963267948966,-0.0020777729190408684,0.0,-1.1157640575249463,square,2,0.2,1.0,29,58,1.6499967575073242,0.0
1779528372.8854108,0.0,0.0,-0.15707963267948966,-0.0020777729190408684,0.0,-1.1157640575249463,-0.1584,1.3860000000000001,0.1584,0.0,0.0,-0.2,0.0,0.0,-0.1658062789394613,0.0,0.0,-0.9100645385399003,square,2,0.2,1.0,29,58,1.660001516342163,0.0
1779528372.8954108,0.0,0.0,-0.1658062789394613,0.0,0.0,-0.9100645385399003,0.1188,1.3860000000000001,-0.27720000000000006,0.0,0.0,-0.2,0.0,0.0,-0.17278759594743864,0.0,-0.0020777729190408684,-0.7376093862595082,square,2,0.2,1.0,29,58,1.6699979305267334,0.0
1779528372.9054146,0.0,0.0,-0.17278759594743864,0.0,-0.0020777729190408684,-0.7376093862595082,0.1188,1.4652,0.198,0.0,0.0,-0.2,0.0,0.0,-0.17802358370342164,0.0,0.0,-0.5963208277647293,square,2,0.2,1.0,29,58,1.6799979209899902,0.0
1779528372.915411,0.0,0.0,-0.17802358370342164,0.0,0.0,-0.5963208277647293,-0.1584,1.3464,-0.0792,0.0,0.0,-0.2,0.0,0.0,-0.1832595714594046,-0.0020777729190408684,0.0,-0.4882766359746041,square,2,0.2,1.0,29,58,1.6900017261505127,0.0
1779528372.9254112,0.0,0.0,-0.1832595714594046,-0.0020777729190408684,0.0,-0.4882766359746041,-0.0792,1.3860000000000001,0.1584,0.0,0.0,-0.2,0.0,0.0,-0.1867502299633933,0.0,0.0020777729190408684,-0.3739991254273563,square,2,0.2,1.0,29,58,1.699998140335083,0.0
1779528372.935414,0.0,0.0,-0.1867502299633933,0.0,0.0020777729190408684,-0.3739991254273563,-0.0396,1.3464,0.35639999999999994,0.0,0.0,-0.2,0.0,0.0,-0.19024088846738194,-0.0020777729190408684,0.0,-0.30751039201804853,square,2,0.2,1.0,29,58,1.709998369216919,0.0
1779528372.9454463,0.0,0.0,-0.19024088846738194,-0.0020777729190408684,0.0,-0.30751039201804853,-0.0396,1.4255999999999998,-0.1584,0.0,0.0,-0.2,0.0,0.0,-0.19198621771937624,0.0,0.0,-0.22647724817545464,square,2,0.2,1.0,29,58,1.720001220703125,0.0
1779528372.955415,0.0,0.0,-0.19198621771937624,0.0,0.0,-0.22647724817545464,0.0,1.2672,0.4356,0.0,0.0,-0.2,0.0,0.0,-0.1937315469713706,0.0020777729190408684,0.0,-0.19115510855175988,square,2,0.2,1.0,29,58,1.7300333976745605,0.0
1779528372.9654176,0.0,0.0,-0.1937315469713706,0.0020777729190408684,0.0,-0.19115510855175988,-0.1188,1.3068,0.2376,0.0,0.0,-0.2,0.0,0.0,-0.1954768762233649,0.0020777729190408684,0.0,-0.15583296892806514,square,2,0.2,1.0,29,58,1.740002155303955,0.0
1779528372.9754155,0.0,0.0,-0.1954768762233649,0.0020777729190408684,0.0,-0.15583296892806514,0.2376,1.2276,0.1188,0.0,0.0,-0.2,0.0,0.0,-0.1954768762233649,0.006233318757122605,0.0,-0.11635528346628862,square,2,0.2,1.0,29,58,1.750004768371582,0.0
1779528372.9854102,0.0,0.0,-0.1954768762233649,0.006233318757122605,0.0,-0.11635528346628862,0.3168,1.3068,0.396,0.0,0.0,-0.2,0.0,0.0,-0.19722220547535924,0.0,0.0,-0.08103314384259387,square,2,0.2,1.0,29,58,1.760002613067627,0.0
1779528372.9954102,0.0,0.0,-0.19722220547535924,0.0,0.0,-0.08103314384259387,0.3168,1.3068,0.6732,0.0,0.0,-0.2,0.0,0.0,-0.19722220547535924,-0.0020777729190408684,0.0,-0.05817764173314431,square,2,0.2,1.0,29,58,1.7699973583221436,0.0
1779528373.005414,0.0,0.0,-0.19722220547535924,-0.0020777729190408684,0.0,-0.05817764173314431,-0.1188,1.2672,0.8712,0.0,0.0,-0.2,0.0,0.0,-0.19722220547535924,-0.004155545838081737,0.0,-0.04778877713793997,square,2,0.2,1.0,29,58,1.7799973487854004,0.0
1779528373.0154178,0.0,0.0,-0.19722220547535924,-0.004155545838081737,0.0,-0.04778877713793997,0.0,1.1880000000000002,0.6336,0.0,0.0,-0.2,0.0,0.0,-0.19722220547535924,-0.004155545838081737,0.0,-0.04778877713793997,square,2,0.2,1.0,29,58,1.7900011539459229,0.0
1779528373.0254164,0.0,0.0,-0.19722220547535924,-0.004155545838081737,0.0,-0.04778877713793997,0.0,1.1880000000000002,0.6336,0.0,0.0,-0.2,0.0,0.0,-0.1989675347273536,-0.004155545838081737,0.0,-0.022855502109449553,square,2,0.2,1.0,29,58,1.8000049591064453,0.0
1779528373.0354128,0.0,0.0,-0.1989675347273536,-0.004155545838081737,0.0,-0.022855502109449553,0.0,1.1880000000000002,0.7524000000000001,0.0,0.0,-0.2,0.0,0.0,-0.1989675347273536,0.0020777729190408684,0.0,-0.020777729190408684,square,2,0.2,1.0,29,58,1.8100035190582275,0.0
1779528373.045415,0.0,0.0,-0.1989675347273536,0.0020777729190408684,0.0,-0.020777729190408684,-0.0792,1.2276,0.6732,0.0,0.0,-0.2,0.0,0.0,-0.1989675347273536,0.0020777729190408684,-0.0020777729190408684,-0.022855502109449553,square,2,0.2,1.0,29,58,1.8199999332427979,0.0
1779528373.055425,0.0,0.0,-0.1989675347273536,0.0020777729190408684,-0.0020777729190408684,-0.022855502109449553,-0.198,1.3860000000000001,0.35639999999999994,0.0,0.0,-0.2,0.0,0.0,-0.1989675347273536,0.0020777729190408684,0.0,-0.014544410433286078,square,2,0.2,1.0,29,58,1.8300020694732666,0.0
1779528373.0654135,0.0,0.0,-0.1989675347273536,0.0020777729190408684,0.0,-0.014544410433286078,0.1584,1.3464,0.198,0.0,0.0,-0.2,0.0,0.0,-0.1989675347273536,0.0,0.0,-0.008311091676163474,square,2,0.2,1.0,29,58,1.8400120735168457,0.0
1779528373.075415,0.0,0.0,-0.1989675347273536,0.0,0.0,-0.008311091676163474,0.1584,1.2276,0.396,0.0,0.0,-0.2,0.0,0.0,-0.1989675347273536,0.0,0.0,-0.004155545838081737,square,2,0.2,1.0,29,58,1.8500006198883057,0.0
1779528373.085414,0.0,0.0,-0.1989675347273536,0.0,0.0,-0.004155545838081737,-0.1584,1.3860000000000001,0.4752,0.0,0.0,-0.2,0.0,0.0,-0.1989675347273536,0.0,0.0,-0.0020777729190408684,square,2,0.2,1.0,29,58,1.860002040863037,0.0
1779528373.0955534,0.0,0.0,-0.1989675347273536,0.0,0.0,-0.0020777729190408684,-0.1188,1.3464,0.4752,0.0,0.0,-0.2,0.0,0.0,-0.1989675347273536,-0.0020777729190408684,0.0,0.0,square,2,0.2,1.0,29,58,1.8700010776519775,0.0
1779528373.1054268,0.0,0.0,-0.1989675347273536,-0.0020777729190408684,0.0,0.0,-0.1188,1.3464,0.4752,0.0,0.0,-0.2,0.0,0.0,-0.1989675347273536,0.0,0.0,0.0,square,2,0.2,1.0,29,58,1.8801405429840088,0.0
1779528373.1154122,0.0,0.0,-0.1989675347273536,0.0,0.0,0.0,-0.0792,1.2276,0.27720000000000006,0.0,0.0,-0.2,0.0,0.0,-0.1989675347273536,0.0,0.0,0.0020777729190408684,square,2,0.2,1.0,29,58,1.8900139331817627,0.0
1779528373.1254132,0.0,0.0,-0.1989675347273536,0.0,0.0,0.0020777729190408684,-0.0792,1.3068,0.35639999999999994,0.0,0.0,-0.2,0.0,0.0,-0.1989675347273536,0.0,0.0,0.0,square,2,0.2,1.0,29,58,1.8999993801116943,0.0
1779528373.1354282,0.0,0.0,-0.1989675347273536,0.0,0.0,0.0,-0.0792,1.3068,0.3168,0.0,0.0,-0.2,0.0,0.0,-0.1989675347273536,0.0,0.0,0.0,square,2,0.2,1.0,29,58,1.9100003242492676,0.0
1779528373.1454122,0.0,0.0,-0.1989675347273536,0.0,0.0,0.0,-0.1188,1.2672,0.3168,0.0,0.0,-0.2,0.0,0.0,-0.1989675347273536,0.0,0.0,0.0,square,2,0.2,1.0,29,58,1.9200153350830078,0.0
1779528373.155413,0.0,0.0,-0.1989675347273536,0.0,0.0,0.0,-0.0792,1.3464,0.396,0.0,0.0,-0.2,0.0,0.0,-0.1989675347273536,0.0,0.0,0.0020777729190408684,square,2,0.2,1.0,29,58,1.9299993515014648,0.0
1779528373.165411,0.0,0.0,-0.1989675347273536,0.0,0.0,0.0020777729190408684,-0.1188,1.3464,0.198,0.0,0.0,-0.2,0.0,0.0,-0.1989675347273536,0.0020777729190408684,0.0,0.0,square,2,0.2,1.0,29,58,1.940000057220459,0.0
1779528373.1754107,0.0,0.0,-0.1989675347273536,0.0020777729190408684,0.0,0.0,-0.1584,1.1880000000000002,0.2376,0.0,0.0,-0.2,0.0,0.0,-0.1989675347273536,0.0,0.0,0.0,square,2,0.2,1.0,29,58,1.949998140335083,0.0
1779528373.1854618,0.0,0.0,-0.1989675347273536,0.0,0.0,0.0,-0.1584,1.1880000000000002,-0.2376,0.0,0.0,-0.2,0.0,0.0,-0.1989675347273536,0.0,0.0,0.0,square,2,0.2,1.0,29,58,1.9599978923797607,0.0
1779528373.195429,0.0,0.0,-0.1989675347273536,0.0,0.0,0.0,-0.198,1.1880000000000002,-0.198,0.0,0.0,-0.2,0.0,0.0,-0.1989675347273536,0.0,-0.0020777729190408684,0.0,square,2,0.2,1.0,29,58,1.9700489044189453,0.0
1779528373.2054205,0.0,0.0,-0.1989675347273536,0.0,-0.0020777729190408684,0.0,-0.1584,1.3464,-0.1584,0.0,0.0,-0.2,0.0,0.0,-0.1989675347273536,-0.0020777729190408684,0.0,0.0,square,2,0.2,1.0,29,58,1.9800162315368652,0.0
1779528373.2154136,0.0,0.0,-0.1989675347273536,-0.0020777729190408684,0.0,0.0,-0.0396,1.3860000000000001,-0.27720000000000006,0.0,0.0,-0.2,0.0,0.0,-0.1989675347273536,-0.004155545838081737,0.0,0.0,square,2,0.2,1.0,29,58,1.9900076389312744,0.0
1779528373.2254105,0.0,0.0,-0.1989675347273536,-0.004155545838081737,0.0,0.0,0.0,1.1880000000000002,-0.0792,0.0,0.0,0.2,0.0,0.0,-0.1989675347273536,0.0,0.0,0.0,square,2,0.2,1.0,29,58,2.0000007152557373,0.0
1779528373.2354105,0.0,0.0,-0.1989675347273536,0.0,0.0,0.0,0.0396,1.3068,-0.1584,0.0,0.0,0.2,0.0,0.0,-0.1989675347273536,0.0,0.0,0.0,square,2,0.2,1.0,29,58,2.009997606277466,0.0
1779528373.2454135,0.0,0.0,-0.1989675347273536,0.0,0.0,0.0,-0.0792,1.1880000000000002,-0.0792,0.0,0.0,0.2,0.0,0.0,-0.1989675347273536,0.0,0.0,0.0,square,2,0.2,1.0,29,58,2.0199975967407227,0.0
1779528373.25552,0.0,0.0,-0.1989675347273536,0.0,0.0,0.0,-0.9107999999999999,-1.0296,1.9404,0.0,0.0,0.2,0.0,0.0,-0.1832595714594046,0.004155545838081737,0.0,1.3547079432146463,square,2,0.2,1.0,29,58,2.030000686645508,0.0
1779528373.265419,0.0,0.0,-0.1832595714594046,0.004155545838081737,0.0,1.3547079432146463,-0.1188,0.9504,1.5048000000000001,0.0,0.0,0.2,0.0,0.0,-0.15358897417550102,0.0020777729190408684,0.0,2.742660253133946,square,2,0.2,1.0,29,58,2.040107250213623,0.0
1779528373.2754154,0.0,0.0,-0.15358897417550102,0.0020777729190408684,0.0,2.742660253133946,0.0,1.1483999999999999,7.365600000000001,0.0,0.0,0.2,0.0,0.0,-0.10995574287564278,-0.0020777729190408684,0.0,3.9893240045584673,square,2,0.2,1.0,29,58,2.050006151199341,0.0
1779528373.2854142,0.0,0.0,-0.10995574287564278,-0.0020777729190408684,0.0,3.9893240045584673,0.0,1.3068,1.1483999999999999,0.0,0.0,0.2,0.0,0.0,-0.06283185307179587,-0.004155545838081737,0.0,4.564867103132788,square,2,0.2,1.0,29,58,2.060002565383911,0.0
1779528373.295413,0.0,0.0,-0.06283185307179587,-0.004155545838081737,0.0,4.564867103132788,0.0396,1.4255999999999998,0.1188,0.0,0.0,0.2,0.0,0.0,-0.017453292519943295,0.0,0.0,4.512922780156766,square,2,0.2,1.0,29,58,2.0700013637542725,0.0
1779528373.3054137,0.0,0.0,-0.017453292519943295,0.0,0.0,4.512922780156766,-0.0396,1.6236000000000002,-3.2076000000000002,0.0,0.0,0.2,0.0,0.0,0.017453292519943295,0.0,0.0,3.8584243106588927,square,2,0.2,1.0,29,58,2.080000162124634,0.0
1779528373.3154116,0.0,0.0,0.017453292519943295,0.0,0.0,3.8584243106588927,0.0,1.5444,-0.792,0.0,0.0,0.2,0.0,0.0,0.048869219055841226,0.0,0.0,3.284958985003613,square,2,0.2,1.0,29,58,2.090000867843628,0.0
1779528373.3254108,0.0,0.0,0.048869219055841226,0.0,0.0,3.284958985003613,-0.0396,1.3860000000000001,-0.198,0.0,0.0,0.2,0.0,0.0,0.07679448708775051,0.0020777729190408684,0.0,2.8340822615717443,square,2,0.2,1.0,29,58,2.099998712539673,0.0
1779528373.335415,0.0,0.0,0.07679448708775051,0.0020777729190408684,0.0,2.8340822615717443,0.198,1.5444,-1.0692,0.0,0.0,0.2,0.0,0.0,0.0994837673636768,0.0020777729190408684,0.0,2.3707389006256308,square,2,0.2,1.0,29,58,2.1099979877471924,0.0
1779528373.345451,0.0,0.0,0.0994837673636768,0.0020777729190408684,0.0,2.3707389006256308,0.198,1.3464,0.0792,0.0,0.0,0.2,0.0,0.0,0.11868238913561442,0.0,0.0,1.9801175918459475,square,2,0.2,1.0,29,58,2.120002031326294,0.0
1779528373.3554251,0.0,0.0,0.11868238913561442,0.0,0.0,1.9801175918459475,-0.0792,1.4255999999999998,-0.5940000000000001,0.0,0.0,0.2,0.0,0.0,0.1343903524035634,0.0,0.0,1.641440606042286,square,2,0.2,1.0,29,58,2.130038261413574,0.0
1779528373.3654156,0.0,0.0,0.1343903524035634,0.0,0.0,1.641440606042286,-0.1584,1.3860000000000001,-0.1188,0.0,0.0,0.2,0.0,0.0,0.1466076571675237,0.0,0.0,1.358863489052728,square,2,0.2,1.0,29,58,2.140012264251709,0.0
1779528373.3754096,0.0,0.0,0.1466076571675237,0.0,0.0,1.358863489052728,-0.0792,1.5048000000000001,-0.0396,0.0,0.0,0.2,0.0,0.0,0.15707963267948966,0.0,0.0,1.1178418304439872,square,2,0.2,1.0,29,58,2.1500027179718018,0.0
1779528373.3854256,0.0,0.0,0.15707963267948966,0.0,0.0,1.1178418304439872,-0.198,1.4652,0.198,0.0,0.0,0.2,0.0,0.0,0.1658062789394613,0.0,0.0,0.9121423114589412,square,2,0.2,1.0,29,58,2.159996747970581,0.0
1779528373.3954241,0.0,0.0,0.1658062789394613,0.0,0.0,0.9121423114589412,-0.1584,1.3068,0.0396,0.0,0.0,0.2,0.0,0.0,0.17278759594743864,0.0,0.0,0.74176493209759,square,2,0.2,1.0,29,58,2.1700127124786377,0.0
1779528373.4054148,0.0,0.0,0.17278759594743864,0.0,0.0,0.74176493209759,-0.0792,1.2276,-0.0396,0.0,0.0,0.2,0.0,0.0,0.17802358370342164,0.0,0.0,0.59839860068377,square,2,0.2,1.0,29,58,2.18001127243042,0.0
1779528373.415414,0.0,0.0,0.17802358370342164,0.0,0.0,0.59839860068377,0.0396,1.2672,0.27720000000000006,0.0,0.0,0.2,0.0,0.0,0.1832595714594046,-0.0020777729190408684,0.0,0.4841210901365223,square,2,0.2,1.0,29,58,2.190001964569092,0.0
1779528373.4254148,0.0,0.0,0.1832595714594046,-0.0020777729190408684,0.0,0.4841210901365223,0.0396,1.3860000000000001,0.3168,0.0,0.0,0.2,0.0,0.0,0.1867502299633933,0.0,0.0,0.38231021710351976,square,2,0.2,1.0,29,58,2.2000012397766113,0.0
1779528373.4354115,0.0,0.0,0.1867502299633933,0.0,0.0,0.38231021710351976,-0.0792,1.3068,0.0,0.0,0.0,0.2,0.0,0.0,0.19024088846738194,0.0,0.0,0.30543261909900765,square,2,0.2,1.0,29,58,2.2100019454956055,0.0
1779528373.4454443,0.0,0.0,0.19024088846738194,0.0,0.0,0.30543261909900765,-0.0792,1.3464,0.1188,0.0,0.0,0.2,0.0,0.0,0.19198621771937624,0.0,0.0,0.23894388568969988,square,2,0.2,1.0,29,58,2.219998598098755,0.0
1779528373.45541,0.0,0.0,0.19198621771937624,0.0,0.0,0.23894388568969988,-0.1188,1.3860000000000001,0.6336,0.0,0.0,0.2,0.0,0.0,0.1937315469713706,0.0,0.0,0.19946620022792336,square,2,0.2,1.0,29,58,2.2300314903259277,0.0
1779528373.4654105,0.0,0.0,0.1937315469713706,0.0,0.0,0.19946620022792336,-0.0792,1.3860000000000001,0.2376,0.0,0.0,0.2,0.0,0.0,0.1954768762233649,0.0,0.0,0.1495996501709425,square,2,0.2,1.0,29,58,2.239997148513794,0.0
1779528373.4754148,0.0,0.0,0.1954768762233649,0.0,0.0,0.1495996501709425,-0.1584,1.1880000000000002,0.4356,0.0,0.0,0.2,0.0,0.0,0.1954768762233649,0.0,0.0,0.11427751054724776,square,2,0.2,1.0,29,58,2.249997615814209,0.0
1779528373.4855711,0.0,0.0,0.1954768762233649,0.0,0.0,0.11427751054724776,-0.1188,1.3068,0.5544000000000001,0.0,0.0,0.2,0.0,0.0,0.19722220547535924,0.0,0.0020777729190408684,0.08311091676163473,square,2,0.2,1.0,29,58,2.2600018978118896,0.0
1779528373.4954116,0.0,0.0,0.19722220547535924,0.0,0.0020777729190408684,0.08311091676163473,-0.1188,1.3068,0.4752,0.0,0.0,0.2,0.0,0.0,0.19722220547535924,0.0,0.0,0.05402209589506258,square,2,0.2,1.0,29,58,2.270158290863037,0.0
1779528373.5054135,0.0,0.0,0.19722220547535924,0.0,0.0,0.05402209589506258,-0.0792,1.3464,0.9504,0.0,0.0,0.2,0.0,0.0,0.19722220547535924,0.0,0.0,0.06233318757122605,square,2,0.2,1.0,29,58,2.279998779296875,0.0
1779528373.5154119,0.0,0.0,0.19722220547535924,0.0,0.0,0.06233318757122605,-0.0792,1.3860000000000001,0.0,0.0,0.0,0.2,0.0,0.0,0.1989675347273536,0.0,0.0,0.035322139623694765,square,2,0.2,1.0,29,58,2.2900006771087646,0.0
1779528373.5254107,0.0,0.0,0.1989675347273536,0.0,0.0,0.035322139623694765,-0.0792,1.3860000000000001,0.4752,0.0,0.0,0.2,0.0,0.0,0.1989675347273536,0.0,0.0,0.035322139623694765,square,2,0.2,1.0,29,58,2.2999989986419678,0.0
1779528373.5354123,0.0,0.0,0.1989675347273536,0.0,0.0,0.035322139623694765,-0.0792,1.3068,0.0,0.0,0.0,0.2,0.0,0.0,0.1989675347273536,0.0,0.0,0.02493327502849042,square,2,0.2,1.0,29,58,2.309997797012329,0.0
1779528373.5454166,0.0,0.0,0.1989675347273536,0.0,0.0,0.02493327502849042,-0.1188,1.3464,0.0,0.0,0.0,0.2,0.0,0.0,0.1989675347273536,0.0,0.0,0.014544410433286078,square,2,0.2,1.0,29,58,2.3199994564056396,0.0
1779528373.5554147,0.0,0.0,0.1989675347273536,0.0,0.0,0.014544410433286078,-0.1188,1.2672,0.0,0.0,0.0,0.2,0.0,0.0,0.1989675347273536,0.0,0.0,0.010388864595204342,square,2,0.2,1.0,29,58,2.3300037384033203,0.0
1779528373.5654268,0.0,0.0,0.1989675347273536,0.0,0.0,0.010388864595204342,-0.0396,1.3068,0.0396,0.0,0.0,0.2,0.0,0.0,0.1989675347273536,0.0020777729190408684,0.0,0.0020777729190408684,square,2,0.2,1.0,29,58,2.3400018215179443,0.0
1779528373.5754411,0.0,0.0,0.1989675347273536,0.0020777729190408684,0.0,0.0020777729190408684,-0.1188,1.3464,0.0396,0.0,0.0,0.2,0.0,0.0,0.1989675347273536,0.0,0.0,0.0,square,2,0.2,1.0,29,58,2.3500139713287354,0.0
1779528373.5854475,0.0,0.0,0.1989675347273536,0.0,0.0,0.0,0.0,1.4652,0.0,0.0,0.0,0.2,0.0,0.0,0.1989675347273536,0.0,0.0,0.0020777729190408684,square,2,0.2,1.0,29,58,2.3600282669067383,0.0
1779528373.5954142,0.0,0.0,0.1989675347273536,0.0,0.0,0.0020777729190408684,-0.0792,1.2276,0.0,0.0,0.0,0.2,0.0,0.0,0.1989675347273536,0.0,0.0,0.0,square,2,0.2,1.0,29,58,2.370034694671631,0.0
1779528373.6054118,0.0,0.0,0.1989675347273536,0.0,0.0,0.0,-0.0792,1.3464,0.0396,0.0,0.0,0.2,0.0,0.0,0.1989675347273536,0.0,0.0,0.0,square,2,0.2,1.0,29,58,2.3800013065338135,0.0
1779528373.6154106,0.0,0.0,0.1989675347273536,0.0,0.0,0.0,-0.0792,1.3464,0.0,0.0,0.0,0.2,0.0,0.0,0.1989675347273536,0.0020777729190408684,0.0,0.0,square,2,0.2,1.0,29,58,2.3899989128112793,0.0
1779528373.625438,0.0,0.0,0.1989675347273536,0.0020777729190408684,0.0,0.0,-0.1584,1.2672,0.0,0.0,0.0,0.2,0.0,0.0,0.1989675347273536,0.0,0.0,0.0,square,2,0.2,1.0,29,58,2.3999977111816406,0.0
1779528373.6354148,0.0,0.0,0.1989675347273536,0.0,0.0,0.0,-0.1584,1.4255999999999998,0.0,0.0,0.0,0.2,0.0,0.0,0.1989675347273536,0.0,0.0,0.0,square,2,0.2,1.0,29,58,2.410025119781494,0.0
1779528373.6454234,0.0,0.0,0.1989675347273536,0.0,0.0,0.0,-0.0792,1.4255999999999998,-0.0396,0.0,0.0,0.2,0.0,0.0,0.1989675347273536,0.0,0.0,0.0,square,2,0.2,1.0,29,58,2.420001983642578,0.0
1779528373.6554203,0.0,0.0,0.1989675347273536,0.0,0.0,0.0,-0.1584,1.5048000000000001,0.0,0.0,0.0,0.2,0.0,0.0,0.1989675347273536,0.0,0.0,0.0,square,2,0.2,1.0,29,58,2.4300105571746826,0.0
1779528373.6654093,0.0,0.0,0.1989675347273536,0.0,0.0,0.0,-0.1188,1.4255999999999998,0.1188,0.0,0.0,0.2,0.0,0.0,0.1989675347273536,0.0,0.0,0.0,square,2,0.2,1.0,29,58,2.440007448196411,0.0
1779528373.6754296,0.0,0.0,0.1989675347273536,0.0,0.0,0.0,-0.1188,1.4255999999999998,0.0,0.0,0.0,0.2,0.0,0.0,0.1989675347273536,-0.004155545838081737,0.0,0.0,square,2,0.2,1.0,29,58,2.4499964714050293,0.0
1779528373.6854522,0.0,0.0,0.1989675347273536,-0.004155545838081737,0.0,0.0,0.0,1.4652,-0.0396,0.0,0.0,0.2,0.0,0.0,0.1989675347273536,-0.0020777729190408684,0.0,0.0,square,2,0.2,1.0,29,58,2.4600167274475098,0.0
1779528373.6954122,0.0,0.0,0.1989675347273536,-0.0020777729190408684,0.0,0.0,-0.0396,1.5048000000000001,0.0792,0.0,0.0,0.2,0.0,0.0,0.1989675347273536,-0.0020777729190408684,0.0,0.0,square,2,0.2,1.0,29,58,2.4700393676757812,0.0
1779528373.7054136,0.0,0.0,0.1989675347273536,-0.0020777729190408684,0.0,0.0,0.0,1.5048000000000001,0.0792,0.0,0.0,0.2,0.0,0.0,0.1989675347273536,0.0,0.0,0.0020777729190408684,square,2,0.2,1.0,29,58,2.479999303817749,0.0
1779528373.715433,0.0,0.0,0.1989675347273536,0.0,0.0,0.0020777729190408684,-0.0396,1.4652,0.1188,0.0,0.0,0.2,0.0,0.0,0.1989675347273536,0.0,0.0,0.0,square,2,0.2,1.0,29,58,2.4900007247924805,0.0
1779528373.7254145,0.0,0.0,0.1989675347273536,0.0,0.0,0.0,-0.0396,1.4255999999999998,0.0396,0.0,0.0,-0.2,0.0,0.0,0.1989675347273536,0.004155545838081737,0.0020777729190408684,0.0,square,2,0.2,1.0,29,58,2.5000200271606445,0.0
1779528373.735412,0.0,0.0,0.1989675347273536,0.004155545838081737,0.0020777729190408684,0.0,-0.198,1.4652,0.198,0.0,0.0,-0.2,0.0,0.0,0.1989675347273536,0.0020777729190408684,0.0,0.0,square,2,0.2,1.0,29,58,2.5100016593933105,0.0
1779528373.7454097,0.0,0.0,0.1989675347273536,0.0020777729190408684,0.0,0.0,0.198,1.4652,0.198,0.0,0.0,-0.2,0.0,0.0,0.1989675347273536,0.0,0.0,-0.0020777729190408684,square,2,0.2,1.0,29,58,2.5199990272521973,0.0
1779528373.7554135,0.0,0.0,0.1989675347273536,0.0,0.0,-0.0020777729190408684,0.5940000000000001,-2.1780000000000004,1.98,0.0,0.0,-0.2,0.0,0.0,0.1832595714594046,0.0,-0.004155545838081737,-1.3484746244575236,square,2,0.2,1.0,29,58,2.529996871948242,0.0
1779528373.765383,0.0,0.0,0.1832595714594046,0.0,-0.004155545838081737,-1.3484746244575236,-0.2376,0.7524000000000001,1.0296,0.0,0.0,-0.2,0.0,0.0,0.15358897417550102,0.0,-0.008311091676163474,-2.748893571891069,square,2,0.2,1.0,29,58,2.5400006771087646,0.0
1779528373.7754128,0.0,0.0,0.15358897417550102,0.0,-0.008311091676163474,-2.748893571891069,0.0,1.1880000000000002,4.752000000000001,0.0,0.0,-0.2,0.0,0.0,0.10995574287564278,0.0,0.0,-3.9643907295299767,square,2,0.2,1.0,29,58,2.5499701499938965,0.0
1779528373.7854128,0.0,0.0,0.10995574287564278,0.0,0.0,-3.9643907295299767,-0.1188,1.3068,1.1088000000000002,0.0,0.0,-0.2,0.0,0.0,0.06283185307179587,0.0,0.0,-4.544089373942379,square,2,0.2,1.0,29,58,2.559999942779541,0.0
1779528373.7954392,0.0,0.0,0.06283185307179587,0.0,0.0,-4.544089373942379,-0.0792,1.3068,0.1188,0.0,0.0,-0.2,0.0,0.0,0.017453292519943295,-0.0020777729190408684,0.004155545838081737,-4.54616714686142,square,2,0.2,1.0,29,58,2.569999933242798,0.0
1779528373.8054113,0.0,0.0,0.017453292519943295,-0.0020777729190408684,0.004155545838081737,-4.54616714686142,0.0,1.5048000000000001,-3.6036,0.0,0.0,-0.2,0.0,0.0,-0.017453292519943295,-0.004155545838081737,0.006233318757122605,-3.8729687210921786,square,2,0.2,1.0,29,58,2.580026388168335,0.0
1779528373.815412,0.0,0.0,-0.017453292519943295,-0.004155545838081737,0.006233318757122605,-3.8729687210921786,-0.1188,1.9008,-1.0296,0.0,0.0,-0.2,0.0,0.0,-0.048869219055841226,-0.004155545838081737,0.0,-3.2870367579226536,square,2,0.2,1.0,29,58,2.589998483657837,0.0
1779528373.825414,0.0,0.0,-0.048869219055841226,-0.004155545838081737,0.0,-3.2870367579226536,-0.0396,1.5048000000000001,-0.35639999999999994,0.0,0.0,-0.2,0.0,0.0,-0.07679448708775051,-0.004155545838081737,0.0,-2.844471126166949,square,2,0.2,1.0,29,58,2.599999189376831,0.0
1779528373.8354118,0.0,0.0,-0.07679448708775051,-0.004155545838081737,0.0,-2.844471126166949,-0.0792,1.6236000000000002,-1.0296,0.0,0.0,-0.2,0.0,0.0,-0.0994837673636768,0.0,0.0,-2.3769722193827536,square,2,0.2,1.0,29,58,2.6100010871887207,0.0
1779528373.8454156,0.0,0.0,-0.0994837673636768,0.0,0.0,-2.3769722193827536,-0.0792,1.3860000000000001,0.198,0.0,0.0,-0.2,0.0,0.0,-0.11868238913561442,0.004155545838081737,0.0,-1.9801175918459475,square,2,0.2,1.0,29,58,2.6199989318847656,0.0
1779528373.8554323,0.0,0.0,-0.11868238913561442,0.004155545838081737,0.0,-1.9801175918459475,-0.198,1.584,-0.4752,0.0,0.0,-0.2,0.0,0.0,-0.1343903524035634,0.004155545838081737,0.0,-1.6476739247994086,square,2,0.2,1.0,29,58,2.630002737045288,0.0
1779528373.8654072,0.0,0.0,-0.1343903524035634,0.004155545838081737,0.0,-1.6476739247994086,0.2376,1.4255999999999998,-0.0792,0.0,0.0,-0.2,0.0,0.0,-0.1466076571675237,0.0,0.0,-1.3609412619717687,square,2,0.2,1.0,29,58,2.640019416809082,0.0
1779528373.8754272,0.0,0.0,-0.1466076571675237,0.0,0.0,-1.3609412619717687,-0.2376,1.4255999999999998,-0.0396,0.0,0.0,-0.2,0.0,0.0,-0.15707963267948966,0.0,0.0,-1.1136862846059055,square,2,0.2,1.0,29,58,2.649994373321533,0.0
1779528373.8854134,0.0,0.0,-0.15707963267948966,0.0,0.0,-1.1136862846059055,-0.1188,1.2672,0.0792,0.0,0.0,-0.2,0.0,0.0,-0.1658062789394613,0.0,0.0,-0.9100645385399003,square,2,0.2,1.0,29,58,2.6600143909454346,0.0
1779528373.8954072,0.0,0.0,-0.1658062789394613,0.0,0.0,-0.9100645385399003,-0.1188,1.3464,-0.27720000000000006,0.0,0.0,-0.2,0.0,0.0,-0.17278759594743864,0.0020777729190408684,0.0,-0.7396871591785491,square,2,0.2,1.0,29,58,2.6700005531311035,0.0
1779528373.9054143,0.0,0.0,-0.17278759594743864,0.0020777729190408684,0.0,-0.7396871591785491,-0.1188,1.3860000000000001,0.3168,0.0,0.0,-0.2,0.0,0.0,-0.17802358370342164,0.0,0.0,-0.5963208277647293,square,2,0.2,1.0,29,58,2.6799943447113037,0.0
1779528373.9154134,0.0,0.0,-0.17802358370342164,0.0,0.0,-0.5963208277647293,-0.0792,1.2276,-0.0792,0.0,0.0,-0.2,0.0,0.0,-0.1832595714594046,-0.0020777729190408684,0.0,-0.4882766359746041,square,2,0.2,1.0,29,58,2.6900014877319336,0.0
1779528373.925415,0.0,0.0,-0.1832595714594046,-0.0020777729190408684,0.0,-0.4882766359746041,-0.0792,1.4255999999999998,0.1188,0.0,0.0,-0.2,0.0,0.0,-0.1867502299633933,0.0,0.0,-0.37815467126543806,square,2,0.2,1.0,29,58,2.700000524520874,0.0
1779528373.9354827,0.0,0.0,-0.1867502299633933,0.0,0.0,-0.37815467126543806,0.0,1.2276,0.396,0.0,0.0,-0.2,0.0,0.0,-0.19024088846738194,0.0,0.0,-0.30751039201804853,square,2,0.2,1.0,29,58,2.7100021839141846,0.0
1779528373.9454143,0.0,0.0,-0.19024088846738194,0.0,0.0,-0.30751039201804853,-0.0396,1.2672,-0.1188,0.0,0.0,-0.2,0.0,0.0,-0.19198621771937624,0.0,0.0,-0.22855502109449552,square,2,0.2,1.0,29,58,2.7200698852539062,0.0
1779528373.9553936,0.0,0.0,-0.19198621771937624,0.0,0.0,-0.22855502109449552,0.0,1.3860000000000001,0.35639999999999994,0.0,0.0,-0.2,0.0,0.0,-0.1937315469713706,0.0,0.0,-0.19323288147080075,square,2,0.2,1.0,29,58,2.730001449584961,0.0
1779528373.9654274,0.0,0.0,-0.1937315469713706,0.0,0.0,-0.19323288147080075,-0.1188,1.4652,0.1584,0.0,0.0,-0.2,0.0,0.0,-0.1954768762233649,0.0020777729190408684,0.0,-0.15583296892806514,square,2,0.2,1.0,29,58,2.739980697631836,0.0
1779528373.9754117,0.0,0.0,-0.1954768762233649,0.0020777729190408684,0.0,-0.15583296892806514,0.198,1.4255999999999998,0.0792,0.0,0.0,-0.2,0.0,0.0,-0.1954768762233649,0.0020777729190408684,-0.0020777729190408684,-0.11427751054724776,square,2,0.2,1.0,29,58,2.750014543533325,0.0
1779528373.9854095,0.0,0.0,-0.1954768762233649,0.0020777729190408684,-0.0020777729190408684,-0.11427751054724776,0.27720000000000006,1.3464,0.396,0.0,0.0,-0.2,0.0,0.0,-0.19722220547535924,0.0,0.0,-0.07687759800451213,square,2,0.2,1.0,29,58,2.7599987983703613,0.0
1779528373.9954116,0.0,0.0,-0.19722220547535924,0.0,0.0,-0.07687759800451213,0.2376,1.2672,0.7524000000000001,0.0,0.0,-0.2,0.0,0.0,-0.19722220547535924,0.0,0.0,-0.05609986881410345,square,2,0.2,1.0,29,58,2.7699966430664062,0.0
1779528374.0054104,0.0,0.0,-0.19722220547535924,0.0,0.0,-0.05609986881410345,-0.0792,1.2672,0.99,0.0,0.0,-0.2,0.0,0.0,-0.19722220547535924,-0.004155545838081737,0.0,-0.04778877713793997,square,2,0.2,1.0,29,58,2.779998779296875,0.0
1779528374.0154133,0.0,0.0,-0.19722220547535924,-0.004155545838081737,0.0,-0.04778877713793997,0.0,1.3464,0.7524000000000001,0.0,0.0,-0.2,0.0,0.0,-0.1989675347273536,-0.0020777729190408684,0.0,-0.035322139623694765,square,2,0.2,1.0,29,58,2.7899975776672363,0.0
1779528374.0254648,0.0,0.0,-0.1989675347273536,-0.0020777729190408684,0.0,-0.035322139623694765,0.0,1.3464,0.7524000000000001,0.0,0.0,-0.2,0.0,0.0,-0.1989675347273536,0.0020777729190408684,0.0,-0.022855502109449553,square,2,0.2,1.0,29,58,2.8000004291534424,0.0
1779528374.035408,0.0,0.0,-0.1989675347273536,0.0020777729190408684,0.0,-0.022855502109449553,-0.0396,1.3464,0.8712,0.0,0.0,-0.2,0.0,0.0,-0.1989675347273536,0.0020777729190408684,0.0,-0.020777729190408684,square,2,0.2,1.0,29,58,2.810051918029785,0.0
1779528374.045416,0.0,0.0,-0.1989675347273536,0.0020777729190408684,0.0,-0.020777729190408684,0.0,1.1880000000000002,0.8316,0.0,0.0,-0.2,0.0,0.0,-0.1989675347273536,0.0020777729190408684,0.0,-0.02493327502849042,square,2,0.2,1.0,29,58,2.819995164871216,0.0
1779528374.055453,0.0,0.0,-0.1989675347273536,0.0020777729190408684,0.0,-0.02493327502849042,-0.1188,1.3860000000000001,0.35639999999999994,0.0,0.0,-0.2,0.0,0.0,-0.1989675347273536,0.0020777729190408684,0.0,-0.01246663751424521,square,2,0.2,1.0,29,58,2.830003261566162,0.0
1779528374.0654004,0.0,0.0,-0.1989675347273536,0.0020777729190408684,0.0,-0.01246663751424521,-0.1584,1.3464,0.4356,0.0,0.0,-0.2,0.0,0.0,-0.1989675347273536,0.0020777729190408684,0.0,-0.006233318757122605,square,2,0.2,1.0,29,58,2.8400402069091797,0.0
1779528374.0754147,0.0,0.0,-0.1989675347273536,0.0020777729190408684,0.0,-0.006233318757122605,0.1584,1.3860000000000001,0.5148,0.0,0.0,-0.2,0.0,0.0,-0.1989675347273536,0.0,0.0020777729190408684,-0.004155545838081737,square,2,0.2,1.0,29,58,2.849987506866455,0.0
1779528374.0854526,0.0,0.0,-0.1989675347273536,0.0,0.0020777729190408684,-0.004155545838081737,-0.0792,1.3068,0.6336,0.0,0.0,-0.2,0.0,0.0,-0.1989675347273536,0.0,0.0,-0.0020777729190408684,square,2,0.2,1.0,29,58,2.860001802444458,0.0
1779528374.0954165,0.0,0.0,-0.1989675347273536,0.0,0.0,-0.0020777729190408684,-0.0792,1.2276,0.6336,0.0,0.0,-0.2,0.0,0.0,-0.1989675347273536,-0.0020777729190408684,0.0,0.0,square,2,0.2,1.0,29,58,2.870039701461792,0.0
1779528374.1054096,0.0,0.0,-0.1989675347273536,-0.0020777729190408684,0.0,0.0,0.0,1.2672,0.4356,0.0,0.0,-0.2,0.0,0.0,-0.1989675347273536,0.0,-0.0020777729190408684,0.0,square,2,0.2,1.0,29,58,2.8800036907196045,0.0
1779528374.115411,0.0,0.0,-0.1989675347273536,0.0,-0.0020777729190408684,0.0,0.0,1.3068,0.5940000000000001,0.0,0.0,-0.2,0.0,0.0,-0.1989675347273536,0.0,0.0,0.0,square,2,0.2,1.0,29,58,2.8899967670440674,0.0
1779528374.1254077,0.0,0.0,-0.1989675347273536,0.0,0.0,0.0,0.0,1.2672,0.4356,0.0,0.0,-0.2,0.0,0.0,-0.1989675347273536,0.0,0.0,0.0,square,2,0.2,1.0,29,58,2.899998188018799,0.0
1779528374.1354132,0.0,0.0,-0.1989675347273536,0.0,0.0,0.0,-0.0792,1.1483999999999999,0.4752,0.0,0.0,-0.2,0.0,0.0,-0.1989675347273536,0.0,0.0,0.0,square,2,0.2,1.0,29,58,2.9099948406219482,0.0
1779528374.1454096,0.0,0.0,-0.1989675347273536,0.0,0.0,0.0,-0.0396,1.2276,0.396,0.0,0.0,-0.2,0.0,0.0,-0.1989675347273536,-0.0020777729190408684,0.0,0.0,square,2,0.2,1.0,29,58,2.9200003147125244,0.0
1779528374.1555738,0.0,0.0,-0.1989675347273536,-0.0020777729190408684,0.0,0.0,-0.0396,1.2672,0.35639999999999994,0.0,0.0,-0.2,0.0,0.0,-0.1989675347273536,0.0,0.0,0.0,square,2,0.2,1.0,29,58,2.9299967288970947,0.0
1779528374.1654143,0.0,0.0,-0.1989675347273536,0.0,0.0,0.0,-0.0396,1.1880000000000002,0.35639999999999994,0.0,0.0,-0.2,0.0,0.0,-0.1989675347273536,0.0,0.0,0.0,square,2,0.2,1.0,29,58,2.9401609897613525,0.0
1779528374.1754122,0.0,0.0,-0.1989675347273536,0.0,0.0,0.0,-0.1188,1.3464,0.35639999999999994,0.0,0.0,-0.2,0.0,0.0,-0.1989675347273536,0.0,0.0,0.0,square,2,0.2,1.0,29,58,2.9500014781951904,0.0
1779528374.1854124,0.0,0.0,-0.1989675347273536,0.0,0.0,0.0,-0.1188,1.3464,0.35639999999999994,0.0,0.0,-0.2,0.0,0.0,-0.1989675347273536,0.0,0.0,0.0,square,2,0.2,1.0,29,58,2.9599993228912354,0.0
1779528374.1954107,0.0,0.0,-0.1989675347273536,0.0,0.0,0.0,0.1584,1.2276,0.4356,0.0,0.0,-0.2,0.0,0.0,-0.1989675347273536,-0.0020777729190408684,0.0,0.0,square,2,0.2,1.0,29,58,2.9699995517730713,0.0
1779528374.2054093,0.0,0.0,-0.1989675347273536,-0.0020777729190408684,0.0,0.0,-0.0396,1.3068,-0.27720000000000006,0.0,0.0,-0.2,0.0,0.0,-0.1989675347273536,-0.004155545838081737,0.0,0.0,square,2,0.2,1.0,29,58,2.9799978733062744,0.0
1779528374.2154107,0.0,0.0,-0.1989675347273536,-0.004155545838081737,0.0,0.0,0.0,1.1088000000000002,-0.27720000000000006,0.0,0.0,-0.2,0.0,0.0,-0.1989675347273536,0.0,0.0,0.0,square,2,0.2,1.0,29,58,2.9899964332580566,0.0
1779528374.2254126,0.0,0.0,-0.1989675347273536,0.0,0.0,0.0,0.0,1.1088000000000002,-0.27720000000000006,0.0,0.0,-0.2,0.0,0.0,-0.1989675347273536,-0.0020777729190408684,0.0,0.0,square,2,0.2,1.0,29,58,2.999997854232788,0.0
1779528374.2354112,0.0,0.0,-0.1989675347273536,-0.0020777729190408684,0.0,0.0,0.0,1.1880000000000002,-0.27720000000000006,0.0,0.0,0.2,0.0,0.0,-0.1989675347273536,0.0020777729190408684,0.0,0.0,square,2,0.2,1.0,29,58,3.0099997520446777,0.0
1779528374.2454104,0.0,0.0,-0.1989675347273536,0.0020777729190408684,0.0,0.0,-0.0396,1.2276,-0.198,0.0,0.0,0.2,0.0,0.0,-0.1989675347273536,0.0,-0.0020777729190408684,0.0,square,2,0.2,1.0,29,58,3.01999831199646,0.0
1779528374.2554116,0.0,0.0,-0.1989675347273536,0.0,-0.0020777729190408684,0.0,-0.0792,1.2276,-0.3168,0.0,0.0,0.2,0.0,0.0,-0.1989675347273536,0.0020777729190408684,0.0,0.0020777729190408684,square,2,0.2,1.0,29,58,3.0299975872039795,0.0
1779528374.2654104,0.0,0.0,-0.1989675347273536,0.0020777729190408684,0.0,0.0020777729190408684,-0.5148,-1.0296,1.6632,0.0,0.0,0.2,0.0,0.0,-0.1832595714594046,0.0,0.0020777729190408684,1.3547079432146463,square,2,0.2,1.0,29,58,3.039998769760132,0.0
1779528374.2754142,0.0,0.0,-0.1832595714594046,0.0,0.0020777729190408684,1.3547079432146463,0.9504,0.9107999999999999,1.3464,0.0,0.0,0.2,0.0,0.0,-0.15358897417550102,0.0020777729190408684,0.0020777729190408684,2.7385047072958644,square,2,0.2,1.0,29,58,3.049997568130493,0.0
1779528374.2854111,0.0,0.0,-0.15358897417550102,0.0020777729190408684,0.0020777729190408684,2.7385047072958644,0.2376,1.5048000000000001,7.524000000000001,0.0,0.0,0.2,0.0,0.0,-0.10995574287564278,0.0,0.0,4.001790642072712,square,2,0.2,1.0,29,58,3.0600013732910156,0.0
1779528374.2960048,0.0,0.0,-0.10995574287564278,0.0,0.0,4.001790642072712,-0.198,1.4652,0.9504,0.0,0.0,0.2,0.0,0.0,-0.06283185307179587,-0.0020777729190408684,0.0,4.577333740647033,square,2,0.2,1.0,29,58,3.069998264312744,0.0
1779528374.305412,0.0,0.0,-0.06283185307179587,-0.0020777729190408684,0.0,4.577333740647033,-0.396,1.4652,-0.396,0.0,0.0,0.2,0.0,0.0,-0.017453292519943295,-0.0020777729190408684,0.0,4.504611688480603,square,2,0.2,1.0,29,58,3.080591917037964,0.0
1779528374.315413,0.0,0.0,-0.017453292519943295,-0.0020777729190408684,0.0,4.504611688480603,-0.0792,1.6236000000000002,-3.1284,0.0,0.0,0.2,0.0,0.0,0.017453292519943295,-0.0020777729190408684,0.0,3.854268764820811,square,2,0.2,1.0,29,58,3.089999198913574,0.0
1779528374.3254082,0.0,0.0,0.017453292519943295,-0.0020777729190408684,0.0,3.854268764820811,-0.0396,1.4255999999999998,-0.9107999999999999,0.0,0.0,0.2,0.0,0.0,0.048869219055841226,0.0,0.0,3.280803439165531,square,2,0.2,1.0,29,58,3.1000001430511475,0.0
1779528374.335412,0.0,0.0,0.048869219055841226,0.0,0.0,3.280803439165531,0.0792,1.3860000000000001,-0.198,0.0,0.0,0.2,0.0,0.0,0.07679448708775051,0.0020777729190408684,0.0,2.8320044886527036,square,2,0.2,1.0,29,58,3.1099953651428223,0.0
1779528374.3454134,0.0,0.0,0.07679448708775051,0.0020777729190408684,0.0,2.8320044886527036,-0.2376,1.4652,-1.0692,0.0,0.0,0.2,0.0,0.0,0.0994837673636768,0.0,0.0,2.366583354787549,square,2,0.2,1.0,29,58,3.1199991703033447,0.0
1779528374.3554113,0.0,0.0,0.0994837673636768,0.0,0.0,2.366583354787549,-0.1188,1.3464,0.0,0.0,0.0,0.2,0.0,0.0,0.11868238913561442,0.0,0.0,1.9801175918459475,square,2,0.2,1.0,29,58,3.130000591278076,0.0
1779528374.3654115,0.0,0.0,0.11868238913561442,0.0,0.0,1.9801175918459475,-0.198,1.3464,-0.6336,0.0,0.0,0.2,0.0,0.0,0.1343903524035634,0.0,0.0,1.641440606042286,square,2,0.2,1.0,29,58,3.139998435974121,0.0
1779528374.3755424,0.0,0.0,0.1343903524035634,0.0,0.0,1.641440606042286,-0.1584,1.4255999999999998,-0.0792,0.0,0.0,0.2,0.0,0.0,0.1466076571675237,0.0,0.0020777729190408684,1.3609412619717687,square,2,0.2,1.0,29,58,3.149998664855957,0.0
1779528374.385425,0.0,0.0,0.1466076571675237,0.0,0.0020777729190408684,1.3609412619717687,-0.198,1.3464,-0.1188,0.0,0.0,0.2,0.0,0.0,0.15707963267948966,0.0,0.0,1.1136862846059055,square,2,0.2,1.0,29,58,3.1601295471191406,0.0
1779528374.3954108,0.0,0.0,0.15707963267948966,0.0,0.0,1.1136862846059055,-0.1188,1.3464,0.2376,0.0,0.0,0.2,0.0,0.0,0.1658062789394613,0.0,0.0,0.9142200843779821,square,2,0.2,1.0,29,58,3.1700122356414795,0.0
1779528374.4054098,0.0,0.0,0.1658062789394613,0.0,0.0,0.9142200843779821,-0.1188,1.1483999999999999,0.0792,0.0,0.0,0.2,0.0,0.0,0.17278759594743864,0.0,0.0,0.7396871591785491,square,2,0.2,1.0,29,58,3.1799979209899902,0.0
1779528374.4154105,0.0,0.0,0.17278759594743864,0.0,0.0,0.7396871591785491,0.0,1.3068,-0.198,0.0,0.0,0.2,0.0,0.0,0.17802358370342164,-0.0020777729190408684,0.0,0.5963208277647293,square,2,0.2,1.0,29,58,3.1899969577789307,0.0
1779528374.425412,0.0,0.0,0.17802358370342164,-0.0020777729190408684,0.0,0.5963208277647293,0.0,1.2276,0.35639999999999994,0.0,0.0,0.2,0.0,0.0,0.1832595714594046,0.0,0.0,0.4841210901365223,square,2,0.2,1.0,29,58,3.199997663497925,0.0
1779528374.4354155,0.0,0.0,0.1832595714594046,0.0,0.0,0.4841210901365223,0.0,1.3068,0.3168,0.0,0.0,0.2,0.0,0.0,0.1867502299633933,0.0,0.0,0.38438799002256063,square,2,0.2,1.0,29,58,3.2099990844726562,0.0
1779528374.445413,0.0,0.0,0.1867502299633933,0.0,0.0,0.38438799002256063,0.0396,1.2672,-0.198,0.0,0.0,0.2,0.0,0.0,0.19024088846738194,0.0,0.0,0.30543261909900765,square,2,0.2,1.0,29,58,3.2200026512145996,0.0
1779528374.4554105,0.0,0.0,0.19024088846738194,0.0,0.0,0.30543261909900765,-0.0396,1.3068,0.1188,0.0,0.0,0.2,0.0,0.0,0.19198621771937624,0.0,0.0,0.236866112770659,square,2,0.2,1.0,29,58,3.2300002574920654,0.0
1779528374.4654088,0.0,0.0,0.19198621771937624,0.0,0.0,0.236866112770659,-0.1584,1.3464,0.6336,0.0,0.0,0.2,0.0,0.0,0.1937315469713706,0.0,0.0,0.19946620022792336,square,2,0.2,1.0,29,58,3.239997625350952,0.0
1779528374.4755378,0.0,0.0,0.1937315469713706,0.0,0.0,0.19946620022792336,-0.0792,1.3860000000000001,0.35639999999999994,0.0,0.0,0.2,0.0,0.0,0.1954768762233649,0.0,0.0,0.1495996501709425,square,2,0.2,1.0,29,58,3.2499959468841553,0.0
1779528374.4854128,0.0,0.0,0.1954768762233649,0.0,0.0,0.1495996501709425,-0.0792,1.3464,0.5148,0.0,0.0,0.2,0.0,0.0,0.1954768762233649,0.0,0.0,0.11427751054724776,square,2,0.2,1.0,29,58,3.260124921798706,0.0
1779528374.4954066,0.0,0.0,0.1954768762233649,0.0,0.0,0.11427751054724776,0.0,1.3860000000000001,0.5148,0.0,0.0,0.2,0.0,0.0,0.19722220547535924,0.0,0.0,0.08311091676163473,square,2,0.2,1.0,29,58,3.2699999809265137,0.0
1779528374.5054173,0.0,0.0,0.19722220547535924,0.0,0.0,0.08311091676163473,-0.0396,1.3068,0.5544000000000001,0.0,0.0,0.2,0.0,0.0,0.19722220547535924,0.0020777729190408684,0.0,0.05402209589506258,square,2,0.2,1.0,29,58,3.279993772506714,0.0
1779528374.5154178,0.0,0.0,0.19722220547535924,0.0020777729190408684,0.0,0.05402209589506258,0.0,1.4652,0.7127999999999999,0.0,0.0,0.2,0.0,0.0,0.19722220547535924,0.0020777729190408684,0.0,0.05402209589506258,square,2,0.2,1.0,29,58,3.2900044918060303,0.0
1779528374.5255246,0.0,0.0,0.19722220547535924,0.0020777729190408684,0.0,0.05402209589506258,0.0,1.4652,0.7127999999999999,0.0,0.0,0.2,0.0,0.0,0.1989675347273536,0.0020777729190408684,-0.0020777729190408684,0.033244366704653895,square,2,0.2,1.0,29,58,3.3000049591064453,0.0
1779528374.5354946,0.0,0.0,0.1989675347273536,0.0020777729190408684,-0.0020777729190408684,0.033244366704653895,-0.0792,1.2672,0.396,0.0,0.0,0.2,0.0,0.0,0.1989675347273536,0.0,-0.0020777729190408684,0.03739991254273563,square,2,0.2,1.0,29,58,3.3101117610931396,0.0
1779528374.5454214,0.0,0.0,0.1989675347273536,0.0,-0.0020777729190408684,0.03739991254273563,0.1188,1.4255999999999998,-0.1584,0.0,0.0,0.2,0.0,0.0,0.1989675347273536,0.0020777729190408684,0.0,0.02701104794753129,square,2,0.2,1.0,29,58,3.3200817108154297,0.0
1779528374.5555549,0.0,0.0,0.1989675347273536,0.0020777729190408684,0.0,0.02701104794753129,-0.0396,1.3068,-0.0396,0.0,0.0,0.2,0.0,0.0,0.1989675347273536,0.0,0.0,0.016622183352326948,square,2,0.2,1.0,29,58,3.3300085067749023,0.0
1779528374.565417,0.0,0.0,0.1989675347273536,0.0,0.0,0.016622183352326948,-0.0792,1.3068,-0.1584,0.0,0.0,0.2,0.0,0.0,0.1989675347273536,0.0,0.0,0.008311091676163474,square,2,0.2,1.0,29,58,3.340142011642456,0.0
1779528374.5754957,0.0,0.0,0.1989675347273536,0.0,0.0,0.008311091676163474,-0.0792,1.3464,-0.1188,0.0,0.0,0.2,0.0,0.0,0.1989675347273536,-0.0020777729190408684,0.0,0.0020777729190408684,square,2,0.2,1.0,29,58,3.350004196166992,0.0
1779528374.585526,0.0,0.0,0.1989675347273536,-0.0020777729190408684,0.0,0.0020777729190408684,-0.0396,1.3068,0.0,0.0,0.0,0.2,0.0,0.0,0.1989675347273536,0.0020777729190408684,0.0,0.0,square,2,0.2,1.0,29,58,3.3600828647613525,0.0
1779528374.5954132,0.0,0.0,0.1989675347273536,0.0020777729190408684,0.0,0.0,-0.0396,1.3068,-0.0792,0.0,0.0,0.2,0.0,0.0,0.1989675347273536,0.0,0.0,0.0,square,2,0.2,1.0,29,58,3.3701131343841553,0.0
1779528374.6054115,0.0,0.0,0.1989675347273536,0.0,0.0,0.0,0.0,1.3860000000000001,0.0,0.0,0.0,0.2,0.0,0.0,0.1989675347273536,0.0,0.0,0.0,square,2,0.2,1.0,29,58,3.380000352859497,0.0
1779528374.615517,0.0,0.0,0.1989675347273536,0.0,0.0,0.0,-0.0396,1.3464,0.0,0.0,0.0,0.2,0.0,0.0,0.1989675347273536,0.0,0.0,0.0,square,2,0.2,1.0,29,58,3.3899986743927,0.0
1779528374.625413,0.0,0.0,0.1989675347273536,0.0,0.0,0.0,-0.0792,1.4255999999999998,-0.198,0.0,0.0,0.2,0.0,0.0,0.1989675347273536,0.0020777729190408684,0.0,-0.0020777729190408684,square,2,0.2,1.0,29,58,3.40010404586792,0.0
1779528374.635591,0.0,0.0,0.1989675347273536,0.0020777729190408684,0.0,-0.0020777729190408684,-0.1188,1.4652,0.0,0.0,0.0,0.2,0.0,0.0,0.1989675347273536,0.0020777729190408684,0.0,0.0,square,2,0.2,1.0,29,58,3.4100000858306885,0.0
1779528374.6454144,0.0,0.0,0.1989675347273536,0.0020777729190408684,0.0,0.0,-0.1188,1.4652,-0.1188,0.0,0.0,0.2,0.0,0.0,0.1989675347273536,0.0020777729190408684,0.0,0.0,square,2,0.2,1.0,29,58,3.420178174972534,0.0
1779528374.6554134,0.0,0.0,0.1989675347273536,0.0020777729190408684,0.0,0.0,0.1188,1.4652,-0.0792,0.0,0.0,0.2,0.0,0.0,0.1989675347273536,0.0,0.0,0.0,square,2,0.2,1.0,29,58,3.4300014972686768,0.0
1779528374.6655707,0.0,0.0,0.1989675347273536,0.0,0.0,0.0,-0.0792,1.3068,-0.1188,0.0,0.0,0.2,0.0,0.0,0.1989675347273536,-0.0020777729190408684,0.0,-0.0020777729190408684,square,2,0.2,1.0,29,58,3.440000534057617,0.0
1779528374.6754115,0.0,0.0,0.1989675347273536,-0.0020777729190408684,0.0,-0.0020777729190408684,-0.0792,1.3068,0.1584,0.0,0.0,0.2,0.0,0.0,0.1989675347273536,-0.0020777729190408684,0.0020777729190408684,0.0020777729190408684,square,2,0.2,1.0,29,58,3.450157880783081,0.0
1779528374.6854138,0.0,0.0,0.1989675347273536,-0.0020777729190408684,0.0020777729190408684,0.0020777729190408684,0.0,1.5048000000000001,0.2376,0.0,0.0,0.2,0.0,0.0,0.1989675347273536,0.0,0.0,0.0,square,2,0.2,1.0,29,58,3.459998607635498,0.0
1779528374.695409,0.0,0.0,0.1989675347273536,0.0,0.0,0.0,0.0,1.3464,-0.1188,0.0,0.0,0.2,0.0,0.0,0.1989675347273536,-0.004155545838081737,0.0020777729190408684,0.0,square,2,0.2,1.0,29,58,3.470000982284546,0.0
1779528374.7055244,0.0,0.0,0.1989675347273536,-0.004155545838081737,0.0020777729190408684,0.0,-0.0396,1.4652,-0.198,0.0,0.0,0.2,0.0,0.0,0.1989675347273536,0.0,0.0,0.0,square,2,0.2,1.0,29,58,3.4799962043762207,0.0
1779528374.7154102,0.0,0.0,0.1989675347273536,0.0,0.0,0.0,0.0,1.3860000000000001,0.27720000000000006,0.0,0.0,0.2,0.0,0.0,0.1989675347273536,0.004155545838081737,0.0,0.0,square,2,0.2,1.0,29,58,3.4901115894317627,0.0
1779528374.725608,0.0,0.0,0.1989675347273536,0.004155545838081737,0.0,0.0,0.0,1.4255999999999998,0.198,0.0,0.0,0.2,0.0,0.0,0.1989675347273536,0.004155545838081737,0.0,-0.0020777729190408684,square,2,0.2,1.0,29,58,3.49999737739563,0.0
1779528374.73541,0.0,0.0,0.1989675347273536,0.004155545838081737,0.0,-0.0020777729190408684,0.0,1.4652,-0.27720000000000006,0.0,0.0,-0.2,0.0,0.0,0.1989675347273536,0.0,0.0,0.0,square,2,0.2,1.0,29,58,3.510195255279541,0.0
1779528374.745414,0.0,0.0,0.1989675347273536,0.0,0.0,0.0,-0.1188,1.5048000000000001,0.3168,0.0,0.0,-0.2,0.0,0.0,0.1989675347273536,0.004155545838081737,0.0,0.0,square,2,0.2,1.0,29,58,3.5199971199035645,0.0
1779528374.7554116,0.0,0.0,0.1989675347273536,0.004155545838081737,0.0,0.0,0.1584,1.5048000000000001,0.3168,0.0,0.0,-0.2,0.0,0.0,0.1989675347273536,0.0,0.0,0.0,square,2,0.2,1.0,29,58,3.530001163482666,0.0
1779528374.765629,0.0,0.0,0.1989675347273536,0.0,0.0,0.0,-0.1188,-1.9008,2.1384,0.0,0.0,-0.2,0.0,0.0,0.1832595714594046,0.0,-0.0020777729190408684,-1.342241305700401,square,2,0.2,1.0,29,58,3.539998769760132,0.0
1779528374.7755313,0.0,0.0,0.1832595714594046,0.0,-0.0020777729190408684,-1.342241305700401,-1.2276,0.792,1.3464,0.0,0.0,-0.2,0.0,0.0,0.15358897417550102,0.0,-0.010388864595204342,-2.748893571891069,square,2,0.2,1.0,29,58,3.5502161979675293,0.0
1779528374.7854104,0.0,0.0,0.15358897417550102,0.0,-0.010388864595204342,-2.748893571891069,-0.198,1.1483999999999999,4.752000000000001,0.0,0.0,-0.2,0.0,0.0,0.10995574287564278,0.0020777729190408684,0.0,-3.9685462753680585,square,2,0.2,1.0,29,58,3.5601184368133545,0.0
1779528374.7954104,0.0,0.0,0.10995574287564278,0.0020777729190408684,0.0,-3.9685462753680585,0.3168,1.3068,2.1384,0.0,0.0,-0.2,0.0,0.0,0.06457718232379019,0.0,0.0,-4.537856055185257,square,2,0.2,1.0,29,58,3.569997549057007,0.0
1779528374.8055081,0.0,0.0,0.06457718232379019,0.0,0.0,-4.537856055185257,-0.0792,1.3464,0.0396,0.0,0.0,-0.2,0.0,0.0,0.017453292519943295,0.0,0.006233318757122605,-4.544089373942379,square,2,0.2,1.0,29,58,3.5799975395202637,0.0
1779528374.8154104,0.0,0.0,0.017453292519943295,0.0,0.006233318757122605,-4.544089373942379,0.0,1.4652,-3.8412,0.0,0.0,-0.2,0.0,0.0,-0.017453292519943295,-0.004155545838081737,0.008311091676163474,-3.8771242669302604,square,2,0.2,1.0,29,58,3.590095281600952,0.0
1779528374.8254106,0.0,0.0,-0.017453292519943295,-0.004155545838081737,0.008311091676163474,-3.8771242669302604,-0.0792,1.7424,-0.8712,0.0,0.0,-0.2,0.0,0.0,-0.048869219055841226,-0.004155545838081737,0.004155545838081737,-3.2911923037607353,square,2,0.2,1.0,29,58,3.5999975204467773,0.0
1779528374.8354075,0.0,0.0,-0.048869219055841226,-0.004155545838081737,0.004155545838081737,-3.2911923037607353,-0.0396,1.4255999999999998,-0.27720000000000006,0.0,0.0,-0.2,0.0,0.0,-0.07679448708775051,-0.0020777729190408684,0.0,-2.844471126166949,square,2,0.2,1.0,29,58,3.6099977493286133,0.0
1779528374.845413,0.0,0.0,-0.07679448708775051,-0.0020777729190408684,0.0,-2.844471126166949,-0.0396,1.5048000000000001,-1.1088000000000002,0.0,0.0,-0.2,0.0,0.0,-0.0994837673636768,0.004155545838081737,0.0,-2.3790499923017943,square,2,0.2,1.0,29,58,3.619994640350342,0.0
1779528374.8555973,0.0,0.0,-0.0994837673636768,0.004155545838081737,0.0,-2.3790499923017943,-0.0792,1.3464,0.2376,0.0,0.0,-0.2,0.0,0.0,-0.11868238913561442,0.006233318757122605,0.0,-1.9821953647649884,square,2,0.2,1.0,29,58,3.630000114440918,0.0
1779528374.8654327,0.0,0.0,-0.11868238913561442,0.006233318757122605,0.0,-1.9821953647649884,0.27720000000000006,1.3860000000000001,-0.5544000000000001,0.0,0.0,-0.2,0.0,0.0,-0.1343903524035634,0.004155545838081737,0.0,-1.6476739247994086,square,2,0.2,1.0,29,58,3.6401844024658203,0.0
1779528374.8755655,0.0,0.0,-0.1343903524035634,0.004155545838081737,0.0,-1.6476739247994086,-0.2376,1.4255999999999998,-0.1584,0.0,0.0,-0.2,0.0,0.0,-0.1466076571675237,0.0,0.0,-1.358863489052728,square,2,0.2,1.0,29,58,3.650019884109497,0.0
1779528374.885414,0.0,0.0,-0.1466076571675237,0.0,0.0,-1.358863489052728,-0.198,1.3464,0.0,0.0,0.0,-0.2,0.0,0.0,-0.15707963267948966,0.0,0.0,-1.1157640575249463,square,2,0.2,1.0,29,58,3.6601526737213135,0.0
1779528374.8954108,0.0,0.0,-0.15707963267948966,0.0,0.0,-1.1157640575249463,-0.0792,1.3464,0.0,0.0,0.0,-0.2,0.0,0.0,-0.1658062789394613,0.0,0.0020777729190408684,-0.9100645385399003,square,2,0.2,1.0,29,58,3.6700010299682617,0.0
1779528374.9054108,0.0,0.0,-0.1658062789394613,0.0,0.0020777729190408684,-0.9100645385399003,-0.0792,1.2276,-0.35639999999999994,0.0,0.0,-0.2,0.0,0.0,-0.17278759594743864,0.0,-0.0020777729190408684,-0.7376093862595082,square,2,0.2,1.0,29,58,3.6799979209899902,0.0
1779528374.9155407,0.0,0.0,-0.17278759594743864,0.0,-0.0020777729190408684,-0.7376093862595082,-0.0792,1.3068,0.4356,0.0,0.0,-0.2,0.0,0.0,-0.17802358370342164,0.0,0.0,-0.5942430548456884,square,2,0.2,1.0,29,58,3.689997911453247,0.0
1779528374.9254127,0.0,0.0,-0.17802358370342164,0.0,0.0,-0.5942430548456884,-0.0396,1.2672,-0.1584,0.0,0.0,-0.2,0.0,0.0,-0.1832595714594046,-0.0020777729190408684,0.0,-0.4882766359746041,square,2,0.2,1.0,29,58,3.7001278400421143,0.0
1779528374.9354134,0.0,0.0,-0.1832595714594046,-0.0020777729190408684,0.0,-0.4882766359746041,-0.0396,1.3860000000000001,0.0792,0.0,0.0,-0.2,0.0,0.0,-0.1867502299633933,0.0,0.0,-0.3739991254273563,square,2,0.2,1.0,29,58,3.7099997997283936,0.0
1779528374.9455373,0.0,0.0,-0.1867502299633933,0.0,0.0,-0.3739991254273563,0.0,1.4255999999999998,0.6336,0.0,0.0,-0.2,0.0,0.0,-0.19024088846738194,-0.0020777729190408684,0.0,-0.30751039201804853,square,2,0.2,1.0,29,58,3.7200005054473877,0.0
1779528374.9555204,0.0,0.0,-0.19024088846738194,-0.0020777729190408684,0.0,-0.30751039201804853,-0.0396,1.3860000000000001,-0.1584,0.0,0.0,-0.2,0.0,0.0,-0.19198621771937624,0.0,0.0,-0.22647724817545464,square,2,0.2,1.0,29,58,3.7301244735717773,0.0
1779528374.965412,0.0,0.0,-0.19198621771937624,0.0,0.0,-0.22647724817545464,0.0,1.2672,0.198,0.0,0.0,-0.2,0.0,0.0,-0.1937315469713706,0.004155545838081737,0.0,-0.19323288147080075,square,2,0.2,1.0,29,58,3.740107536315918,0.0
1779528374.975413,0.0,0.0,-0.1937315469713706,0.004155545838081737,0.0,-0.19323288147080075,-0.0792,1.3068,-0.0792,0.0,0.0,-0.2,0.0,0.0,-0.1954768762233649,0.0,0.0,-0.15583296892806514,square,2,0.2,1.0,29,58,3.7499990463256836,0.0
1779528374.9855084,0.0,0.0,-0.1954768762233649,0.0,0.0,-0.15583296892806514,-0.1188,1.2276,0.0,0.0,0.0,-0.2,0.0,0.0,-0.1954768762233649,0.0020777729190408684,0.0,-0.11635528346628862,square,2,0.2,1.0,29,58,3.760000228881836,0.0
1779528374.9955142,0.0,0.0,-0.1954768762233649,0.0020777729190408684,0.0,-0.11635528346628862,0.198,1.2672,0.4356,0.0,0.0,-0.2,0.0,0.0,-0.19722220547535924,0.0,-0.0020777729190408684,-0.07687759800451213,square,2,0.2,1.0,29,58,3.7700955867767334,0.0
1779528375.0054107,0.0,0.0,-0.19722220547535924,0.0,-0.0020777729190408684,-0.07687759800451213,0.198,1.1880000000000002,0.792,0.0,0.0,-0.2,0.0,0.0,-0.19722220547535924,-0.0020777729190408684,0.0,-0.05609986881410345,square,2,0.2,1.0,29,58,3.7801012992858887,0.0
1779528375.0155456,0.0,0.0,-0.19722220547535924,-0.0020777729190408684,0.0,-0.05609986881410345,0.0792,1.2276,1.1088000000000002,0.0,0.0,-0.2,0.0,0.0,-0.19722220547535924,-0.0020777729190408684,0.0,-0.04986655005698084,square,2,0.2,1.0,29,58,3.7899978160858154,0.0
1779528375.0254138,0.0,0.0,-0.19722220547535924,-0.0020777729190408684,0.0,-0.04986655005698084,0.0,1.3464,0.8316,0.0,0.0,-0.2,0.0,0.0,-0.1989675347273536,-0.004155545838081737,0.0,-0.035322139623694765,square,2,0.2,1.0,29,58,3.8001327514648438,0.0
1779528375.0354083,0.0,0.0,-0.1989675347273536,-0.004155545838081737,0.0,-0.035322139623694765,-0.0396,1.2276,0.9107999999999999,0.0,0.0,-0.2,0.0,0.0,-0.1989675347273536,0.0,-0.0020777729190408684,-0.022855502109449553,square,2,0.2,1.0,29,58,3.8100008964538574,0.0
1779528375.0454109,0.0,0.0,-0.1989675347273536,0.0,-0.0020777729190408684,-0.022855502109449553,0.0,1.2672,1.0296,0.0,0.0,-0.2,0.0,0.0,-0.1989675347273536,0.0020777729190408684,0.0,-0.020777729190408684,square,2,0.2,1.0,29,58,3.819995403289795,0.0
1779528375.0554104,0.0,0.0,-0.1989675347273536,0.0020777729190408684,0.0,-0.020777729190408684,0.0,1.3068,0.99,0.0,0.0,-0.2,0.0,0.0,-0.1989675347273536,0.0,0.0,-0.02493327502849042,square,2,0.2,1.0,29,58,3.829998016357422,0.0
1779528375.0654106,0.0,0.0,-0.1989675347273536,0.0,0.0,-0.02493327502849042,-0.0792,1.2672,0.6336,0.0,0.0,-0.2,0.0,0.0,-0.1989675347273536,0.0020777729190408684,0.0,-0.01246663751424521,square,2,0.2,1.0,29,58,3.8399975299835205,0.0
1779528375.0755284,0.0,0.0,-0.1989675347273536,0.0020777729190408684,0.0,-0.01246663751424521,-0.1188,1.2672,0.6336,0.0,0.0,-0.2,0.0,0.0,-0.1989675347273536,0.0,0.0,-0.008311091676163474,square,2,0.2,1.0,29,58,3.8499977588653564,0.0
1779528375.0854094,0.0,0.0,-0.1989675347273536,0.0,0.0,-0.008311091676163474,-0.0792,1.1880000000000002,0.5544000000000001,0.0,0.0,-0.2,0.0,0.0,-0.1989675347273536,0.0020777729190408684,0.0020777729190408684,-0.004155545838081737,square,2,0.2,1.0,29,58,3.8601155281066895,0.0
1779528375.0954108,0.0,0.0,-0.1989675347273536,0.0020777729190408684,0.0020777729190408684,-0.004155545838081737,0.0792,1.1880000000000002,0.7524000000000001,0.0,0.0,-0.2,0.0,0.0,-0.1989675347273536,0.0,0.0,-0.0020777729190408684,square,2,0.2,1.0,29,58,3.8699965476989746,0.0
1779528375.1054106,0.0,0.0,-0.1989675347273536,0.0,0.0,-0.0020777729190408684,-0.0792,1.3464,0.5940000000000001,0.0,0.0,-0.2,0.0,0.0,-0.1989675347273536,0.0,0.0,0.0,square,2,0.2,1.0,29,58,3.879997968673706,0.0
1779528375.1154115,0.0,0.0,-0.1989675347273536,0.0,0.0,0.0,-0.0396,1.2276,0.6732,0.0,0.0,-0.2,0.0,0.0,-0.1989675347273536,0.0,0.0,0.0,square,2,0.2,1.0,29,58,3.889997720718384,0.0
1779528375.12547,0.0,0.0,-0.1989675347273536,0.0,0.0,0.0,0.0,1.3068,0.5940000000000001,0.0,0.0,-0.2,0.0,0.0,-0.1989675347273536,-0.0020777729190408684,0.0,0.0,square,2,0.2,1.0,29,58,3.899998664855957,0.0
1779528375.1354136,0.0,0.0,-0.1989675347273536,-0.0020777729190408684,0.0,0.0,0.0,1.3464,0.5940000000000001,0.0,0.0,-0.2,0.0,0.0,-0.1989675347273536,0.0,0.0,0.0,square,2,0.2,1.0,29,58,3.9100570678710938,0.0
1779528375.145537,0.0,0.0,-0.1989675347273536,0.0,0.0,0.0,0.0,1.2672,0.7524000000000001,0.0,0.0,-0.2,0.0,0.0,-0.1989675347273536,0.0,0.0,0.0,square,2,0.2,1.0,29,58,3.9200007915496826,0.0
1779528375.1553848,0.0,0.0,-0.1989675347273536,0.0,0.0,0.0,0.0,1.1483999999999999,0.7127999999999999,0.0,0.0,-0.2,0.0,0.0,-0.1989675347273536,0.0,0.0020777729190408684,0.0,square,2,0.2,1.0,29,58,3.930124044418335,0.0
1779528375.1655262,0.0,0.0,-0.1989675347273536,0.0,0.0020777729190408684,0.0,-0.0792,1.1483999999999999,0.5148,0.0,0.0,-0.2,0.0,0.0,-0.1989675347273536,0.0020777729190408684,0.0020777729190408684,0.0020777729190408684,square,2,0.2,1.0,29,58,3.939971923828125,0.0
1779528375.1754105,0.0,0.0,-0.1989675347273536,0.0020777729190408684,0.0020777729190408684,0.0020777729190408684,-0.0396,1.1088000000000002,0.6336,0.0,0.0,-0.2,0.0,0.0,-0.1989675347273536,0.0020777729190408684,-0.0020777729190408684,0.0020777729190408684,square,2,0.2,1.0,29,58,3.950113296508789,0.0
1779528375.185565,0.0,0.0,-0.1989675347273536,0.0020777729190408684,-0.0020777729190408684,0.0020777729190408684,-0.0792,1.1088000000000002,0.5544000000000001,0.0,0.0,-0.2,0.0,0.0,-0.1989675347273536,0.0020777729190408684,-0.0020777729190408684,0.0020777729190408684,square,2,0.2,1.0,29,58,3.9599976539611816,0.0
1779528375.1955204,0.0,0.0,-0.1989675347273536,0.0020777729190408684,-0.0020777729190408684,0.0020777729190408684,-0.0792,1.1088000000000002,0.5544000000000001,0.0,0.0,-0.2,0.0,0.0,-0.1989675347273536,0.0,0.0,0.0020777729190408684,square,2,0.2,1.0,29,58,3.9701521396636963,0.0
1779528375.205411,0.0,0.0,-0.1989675347273536,0.0,0.0,0.0020777729190408684,-0.0792,1.0296,0.4752,0.0,0.0,-0.2,0.0,0.0,-0.1989675347273536,-0.0020777729190408684,0.0020777729190408684,0.0,square,2,0.2,1.0,29,58,3.980107545852661,0.0
1779528375.2154233,0.0,0.0,-0.1989675347273536,-0.0020777729190408684,0.0020777729190408684,0.0,-0.0396,1.1483999999999999,-0.4356,0.0,0.0,-0.2,0.0,0.0,-0.1989675347273536,-0.0020777729190408684,0.0,0.0020777729190408684,square,2,0.2,1.0,29,58,3.9899981021881104,0.0
1779528375.2254105,0.0,0.0,-0.1989675347273536,-0.0020777729190408684,0.0,0.0020777729190408684,0.0,1.1088000000000002,-0.4752,0.0,0.0,0.2,0.0,0.0,-0.1989675347273536,-0.0020777729190408684,0.0,0.0,square,2,0.2,1.0,29,58,4.0000104904174805,0.0
1779528375.23551,0.0,0.0,-0.1989675347273536,-0.0020777729190408684,0.0,0.0,0.0396,1.1483999999999999,-0.396,0.0,0.0,0.2,0.0,0.0,-0.1989675347273536,0.0,0.0,0.0,square,2,0.2,1.0,29,58,4.009997606277466,0.0
1779528375.245583,0.0,0.0,-0.1989675347273536,0.0,0.0,0.0,0.0,1.2672,-0.35639999999999994,0.0,0.0,0.2,0.0,0.0,-0.1989675347273536,0.0,0.0,0.0,square,2,0.2,1.0,29,58,4.020097255706787,0.0
1779528375.2554138,0.0,0.0,-0.1989675347273536,0.0,0.0,0.0,0.1188,0.0,1.6236000000000002,0.0,0.0,0.2,0.0,0.0,-0.1832595714594046,0.004155545838081737,0.0020777729190408684,1.3567857161336871,square,2,0.2,1.0,29,58,4.030170202255249,0.0
1779528375.2654107,0.0,0.0,-0.1832595714594046,0.004155545838081737,0.0020777729190408684,1.3567857161336871,1.3464,1.0692,1.3464,0.0,0.0,0.2,0.0,0.0,-0.15358897417550102,0.004155545838081737,0.004155545838081737,2.7405824802149055,square,2,0.2,1.0,29,58,4.040000915527344,0.0
1779528375.275413,0.0,0.0,-0.15358897417550102,0.004155545838081737,0.004155545838081737,2.7405824802149055,0.5148,1.1483999999999999,7.405200000000001,0.0,0.0,0.2,0.0,0.0,-0.10995574287564278,0.0,0.0,3.9997128691536714,square,2,0.2,1.0,29,58,4.049997806549072,0.0
1779528375.285511,0.0,0.0,-0.10995574287564278,0.0,0.0,3.9997128691536714,-0.396,1.3860000000000001,1.0692,0.0,0.0,0.2,0.0,0.0,-0.06283185307179587,0.0,0.0,4.583567059404156,square,2,0.2,1.0,29,58,4.06000018119812,0.0
1779528375.2955484,0.0,0.0,-0.06283185307179587,0.0,0.0,4.583567059404156,0.4752,1.3068,-0.3168,0.0,0.0,0.2,0.0,0.0,-0.017453292519943295,0.0,-0.0020777729190408684,4.49837836972348,square,2,0.2,1.0,29,58,4.070098161697388,0.0
1779528375.3055272,0.0,0.0,-0.017453292519943295,0.0,-0.0020777729190408684,4.49837836972348,0.0396,1.3860000000000001,-2.7324,0.0,0.0,0.2,0.0,0.0,0.017453292519943295,0.0,-0.0020777729190408684,3.85219099190177,square,2,0.2,1.0,29,58,4.0801355838775635,0.0
1779528375.3153834,0.0,0.0,0.017453292519943295,0.0,-0.0020777729190408684,3.85219099190177,0.0,1.3464,-0.792,0.0,0.0,0.2,0.0,0.0,0.048869219055841226,0.0020777729190408684,0.0,3.27872566624649,square,2,0.2,1.0,29,58,4.09011435508728,0.0
1779528375.3255749,0.0,0.0,0.048869219055841226,0.0020777729190408684,0.0,3.27872566624649,-0.198,1.2276,-0.2376,0.0,0.0,0.2,0.0,0.0,0.07679448708775051,0.0,0.0,2.8361600344907854,square,2,0.2,1.0,29,58,4.099970579147339,0.0
1779528375.335414,0.0,0.0,0.07679448708775051,0.0,0.0,2.8361600344907854,0.2376,1.2276,-1.1088000000000002,0.0,0.0,0.2,0.0,0.0,0.0994837673636768,0.0,0.0,2.366583354787549,square,2,0.2,1.0,29,58,4.110162019729614,0.0
1779528375.3455648,0.0,0.0,0.0994837673636768,0.0,0.0,2.366583354787549,-0.1584,1.3068,-0.1188,0.0,0.0,0.2,0.0,0.0,0.11868238913561442,0.0,0.0,1.9759620460078657,square,2,0.2,1.0,29,58,4.1200010776519775,0.0
1779528375.355413,0.0,0.0,0.11868238913561442,0.0,0.0,1.9759620460078657,-0.1188,1.2672,-0.5148,0.0,0.0,0.2,0.0,0.0,0.1343903524035634,0.0020777729190408684,-0.0020777729190408684,1.641440606042286,square,2,0.2,1.0,29,58,4.130151987075806,0.0
1779528375.3655384,0.0,0.0,0.1343903524035634,0.0020777729190408684,-0.0020777729190408684,1.641440606042286,-0.0396,1.1880000000000002,-0.1188,0.0,0.0,0.2,0.0,0.0,0.1466076571675237,0.0,0.0,1.358863489052728,square,2,0.2,1.0,29,58,4.140000104904175,0.0
1779528375.3753839,0.0,0.0,0.1466076571675237,0.0,0.0,1.358863489052728,-0.0396,1.3464,-0.1188,0.0,0.0,0.2,0.0,0.0,0.15707963267948966,0.0,0.0,1.1178418304439872,square,2,0.2,1.0,29,58,4.150125503540039,0.0
1779528375.385592,0.0,0.0,0.15707963267948966,0.0,0.0,1.1178418304439872,-0.1188,1.3860000000000001,0.27720000000000006,0.0,0.0,0.2,0.0,0.0,0.1658062789394613,0.0,0.0,0.9142200843779821,square,2,0.2,1.0,29,58,4.159970998764038,0.0
1779528375.3954103,0.0,0.0,0.1658062789394613,0.0,0.0,0.9142200843779821,-0.0396,1.1880000000000002,0.1188,0.0,0.0,0.2,0.0,0.0,0.17278759594743864,0.0,0.0,0.74176493209759,square,2,0.2,1.0,29,58,4.170179128646851,0.0
1779528375.4054134,0.0,0.0,0.17278759594743864,0.0,0.0,0.74176493209759,0.0,1.2672,-0.4752,0.0,0.0,0.2,0.0,0.0,0.17802358370342164,0.0,0.0,0.59839860068377,square,2,0.2,1.0,29,58,4.179997444152832,0.0
1779528375.415409,0.0,0.0,0.17802358370342164,0.0,0.0,0.59839860068377,0.0,1.1880000000000002,0.4752,0.0,0.0,0.2,0.0,0.0,0.1832595714594046,0.0,0.0,0.4861988630555632,square,2,0.2,1.0,29,58,4.190000534057617,0.0
1779528375.4254107,0.0,0.0,0.1832595714594046,0.0,0.0,0.4861988630555632,0.0,1.3068,0.2376,0.0,0.0,0.2,0.0,0.0,0.1867502299633933,-0.0020777729190408684,0.0,0.38231021710351976,square,2,0.2,1.0,29,58,4.19999623298645,0.0
1779528375.43541,0.0,0.0,0.1867502299633933,-0.0020777729190408684,0.0,0.38231021710351976,-0.0792,1.3860000000000001,-0.1188,0.0,0.0,0.2,0.0,0.0,0.19024088846738194,0.0,0.0,0.3033548461799668,square,2,0.2,1.0,29,58,4.209997892379761,0.0
1779528375.4454136,0.0,0.0,0.19024088846738194,0.0,0.0,0.3033548461799668,0.0,1.3068,0.198,0.0,0.0,0.2,0.0,0.0,0.19198621771937624,0.0020777729190408684,0.0,0.23894388568969988,square,2,0.2,1.0,29,58,4.21999716758728,0.0
1779528375.4554093,0.0,0.0,0.19198621771937624,0.0020777729190408684,0.0,0.23894388568969988,-0.0792,1.3068,0.8316,0.0,0.0,0.2,0.0,0.0,0.1937315469713706,0.0,0.0,0.1973884273088825,square,2,0.2,1.0,29,58,4.230000734329224,0.0
1779528375.465596,0.0,0.0,0.1937315469713706,0.0,0.0,0.1973884273088825,-0.0396,1.3860000000000001,0.4752,0.0,0.0,0.2,0.0,0.0,0.1954768762233649,0.0,0.0,0.1516774230899834,square,2,0.2,1.0,29,58,4.239996433258057,0.0
1779528375.4755156,0.0,0.0,0.1954768762233649,0.0,0.0,0.1516774230899834,0.0,1.3068,0.396,0.0,0.0,0.2,0.0,0.0,0.1954768762233649,0.0020777729190408684,0.0,0.11427751054724776,square,2,0.2,1.0,29,58,4.25018310546875,0.0
1779528375.4854114,0.0,0.0,0.1954768762233649,0.0020777729190408684,0.0,0.11427751054724776,0.0396,1.2276,0.396,0.0,0.0,0.2,0.0,0.0,0.19722220547535924,0.0,-0.0020777729190408684,0.078955370923553,square,2,0.2,1.0,29,58,4.26010274887085,0.0
1779528375.4954107,0.0,0.0,0.19722220547535924,0.0,-0.0020777729190408684,0.078955370923553,-0.0396,1.2276,0.396,0.0,0.0,0.2,0.0,0.0,0.19722220547535924,0.0,-0.0020777729190408684,0.05609986881410345,square,2,0.2,1.0,29,58,4.269998550415039,0.0
1779528375.5054157,0.0,0.0,0.19722220547535924,0.0,-0.0020777729190408684,0.05609986881410345,-0.0792,1.3860000000000001,0.6336,0.0,0.0,0.2,0.0,0.0,0.19722220547535924,0.0,0.0,0.06233318757122605,square,2,0.2,1.0,29,58,4.279997825622559,0.0
1779528375.5154128,0.0,0.0,0.19722220547535924,0.0,0.0,0.06233318757122605,0.0,1.4255999999999998,-0.2376,0.0,0.0,0.2,0.0,0.0,0.1989675347273536,0.0,0.0,0.033244366704653895,square,2,0.2,1.0,29,58,4.290002822875977,0.0
1779528375.5255747,0.0,0.0,0.1989675347273536,0.0,0.0,0.033244366704653895,-0.0792,1.3068,0.2376,0.0,0.0,0.2,0.0,0.0,0.1989675347273536,0.0,0.0,0.035322139623694765,square,2,0.2,1.0,29,58,4.299999952316284,0.0
1779528375.5354123,0.0,0.0,0.1989675347273536,0.0,0.0,0.035322139623694765,-0.0792,1.2276,-0.0792,0.0,0.0,0.2,0.0,0.0,0.1989675347273536,0.0,0.0,0.029088820866572156,square,2,0.2,1.0,29,58,4.310161828994751,0.0
1779528375.545412,0.0,0.0,0.1989675347273536,0.0,0.0,0.029088820866572156,0.0,1.2276,-0.27720000000000006,0.0,0.0,0.2,0.0,0.0,0.1989675347273536,0.0,0.0,0.018699956271367814,square,2,0.2,1.0,29,58,4.31999945640564,0.0
1779528375.5554101,0.0,0.0,0.1989675347273536,0.0,0.0,0.018699956271367814,-0.0396,1.2672,-0.198,0.0,0.0,0.2,0.0,0.0,0.1989675347273536,0.0,0.0,0.010388864595204342,square,2,0.2,1.0,29,58,4.329999208450317,0.0
1779528375.5655196,0.0,0.0,0.1989675347273536,0.0,0.0,0.010388864595204342,0.0,1.3068,-0.1584,0.0,0.0,0.2,0.0,0.0,0.1989675347273536,0.0,0.0,0.004155545838081737,square,2,0.2,1.0,29,58,4.339997291564941,0.0
1779528375.5755491,0.0,0.0,0.1989675347273536,0.0,0.0,0.004155545838081737,0.0,1.4652,0.0,0.0,0.0,0.2,0.0,0.0,0.1989675347273536,-0.0020777729190408684,0.0,0.0020777729190408684,square,2,0.2,1.0,29,58,4.350106716156006,0.0
1779528375.5855243,0.0,0.0,0.1989675347273536,-0.0020777729190408684,0.0,0.0020777729190408684,-0.0396,1.3860000000000001,-0.1584,0.0,0.0,0.2,0.0,0.0,0.1989675347273536,0.0,0.0,0.0,square,2,0.2,1.0,29,58,4.360136270523071,0.0
1779528375.5954137,0.0,0.0,0.1989675347273536,0.0,0.0,0.0,-0.0792,1.4255999999999998,-0.0792,0.0,0.0,0.2,0.0,0.0,0.1989675347273536,0.0,0.0,0.0,square,2,0.2,1.0,29,58,4.370111465454102,0.0
1779528375.6055405,0.0,0.0,0.1989675347273536,0.0,0.0,0.0,-0.1188,1.3860000000000001,-0.0792,0.0,0.0,0.2,0.0,0.0,0.1989675347273536,0.0,0.0020777729190408684,0.0020777729190408684,square,2,0.2,1.0,29,58,4.380000829696655,0.0
1779528375.6154962,0.0,0.0,0.1989675347273536,0.0,0.0020777729190408684,0.0020777729190408684,-0.0396,1.3464,-0.1584,0.0,0.0,0.2,0.0,0.0,0.1989675347273536,0.0,0.0,0.0,square,2,0.2,1.0,29,58,4.390127658843994,0.0
1779528375.6255436,0.0,0.0,0.1989675347273536,0.0,0.0,0.0,-0.0792,1.4255999999999998,-0.1584,0.0,0.0,0.2,0.0,0.0,0.1989675347273536,0.0,0.0,0.0,square,2,0.2,1.0,29,58,4.400083303451538,0.0
1779528375.6354117,0.0,0.0,0.1989675347273536,0.0,0.0,0.0,-0.0396,1.4255999999999998,-0.198,0.0,0.0,0.2,0.0,0.0,0.1989675347273536,0.0,0.0,0.0,square,2,0.2,1.0,29,58,4.410130739212036,0.0
1779528375.6454122,0.0,0.0,0.1989675347273536,0.0,0.0,0.0,-0.1188,1.3068,0.2376,0.0,0.0,0.2,0.0,0.0,0.1989675347273536,0.0020777729190408684,0.0,0.0,square,2,0.2,1.0,29,58,4.41999888420105,0.0
1779528375.6554558,0.0,0.0,0.1989675347273536,0.0020777729190408684,0.0,0.0,-0.0792,1.3860000000000001,-0.198,0.0,0.0,0.2,0.0,0.0,0.1989675347273536,0.0,0.0,0.0,square,2,0.2,1.0,29,58,4.429999351501465,0.0
1779528375.6654162,0.0,0.0,0.1989675347273536,0.0,0.0,0.0,-0.0792,1.3860000000000001,-0.1584,0.0,0.0,0.2,0.0,0.0,0.1989675347273536,0.0,0.0,0.0,square,2,0.2,1.0,29,58,4.440042972564697,0.0
1779528375.6755128,0.0,0.0,0.1989675347273536,0.0,0.0,0.0,0.0,1.3464,0.2376,0.0,0.0,0.2,0.0,0.0,0.1989675347273536,0.0,0.0,0.0,square,2,0.2,1.0,29,58,4.450003385543823,0.0
1779528375.6855607,0.0,0.0,0.1989675347273536,0.0,0.0,0.0,0.0,1.3068,0.2376,0.0,0.0,0.2,0.0,0.0,0.1989675347273536,0.0,0.0,0.0,square,2,0.2,1.0,29,58,4.460099935531616,0.0
1779528375.6954105,0.0,0.0,0.1989675347273536,0.0,0.0,0.0,0.0,1.4255999999999998,0.27720000000000006,0.0,0.0,0.2,0.0,0.0,0.1989675347273536,0.0,0.0,0.0,square,2,0.2,1.0,29,58,4.4701478481292725,0.0
1779528375.705524,0.0,0.0,0.1989675347273536,0.0,0.0,0.0,-0.0396,1.3860000000000001,0.3168,0.0,0.0,0.2,0.0,0.0,0.1989675347273536,0.0,0.0,0.0,square,2,0.2,1.0,29,58,4.479997634887695,0.0
1779528375.7155275,0.0,0.0,0.1989675347273536,0.0,0.0,0.0,0.0,1.4652,0.27720000000000006,0.0,0.0,0.2,0.0,0.0,0.1989675347273536,0.0,0.0,-0.0020777729190408684,square,2,0.2,1.0,29,58,4.4901111125946045,0.0
1779528375.7254112,0.0,0.0,0.1989675347273536,0.0,0.0,-0.0020777729190408684,-0.0396,1.3068,0.27720000000000006,0.0,0.0,-0.2,0.0,0.0,0.1989675347273536,0.0020777729190408684,0.0,0.0,square,2,0.2,1.0,29,58,4.500114679336548,0.0
1779528375.7355437,0.0,0.0,0.1989675347273536,0.0020777729190408684,0.0,0.0,0.1188,1.3860000000000001,0.27720000000000006,0.0,0.0,-0.2,0.0,0.0,0.1989675347273536,0.0,0.0,0.0,square,2,0.2,1.0,29,58,4.509998321533203,0.0
1779528375.7454112,0.0,0.0,0.1989675347273536,0.0,0.0,0.0,-0.0396,1.3860000000000001,0.27720000000000006,0.0,0.0,-0.2,0.0,0.0,0.1989675347273536,0.0,0.0,0.0,square,2,0.2,1.0,29,58,4.52013087272644,0.0
1779528375.755411,0.0,0.0,0.1989675347273536,0.0,0.0,0.0,0.0396,-0.1188,2.0592,0.0,0.0,-0.2,0.0,0.0,0.1832595714594046,0.0,-0.0020777729190408684,-1.3484746244575236,square,2,0.2,1.0,29,58,4.529998302459717,0.0
1779528375.765564,0.0,0.0,0.1832595714594046,0.0,-0.0020777729190408684,-1.3484746244575236,-1.0296,0.9504,1.1880000000000002,0.0,0.0,-0.2,0.0,0.0,0.1832595714594046,0.0,-0.0020777729190408684,-1.3484746244575236,square,2,0.2,1.0,29,58,4.5399980545043945,0.0
1779528375.7754095,0.0,0.0,0.1832595714594046,0.0,-0.0020777729190408684,-1.3484746244575236,-1.0296,0.9504,1.1880000000000002,0.0,0.0,-0.2,0.0,0.0,0.10995574287564278,0.0,0.0,-3.9643907295299767,square,2,0.2,1.0,29,58,4.550151109695435,0.0
1779528375.7855418,0.0,0.0,0.10995574287564278,0.0,0.0,-3.9643907295299767,0.3168,1.3464,2.2967999999999997,0.0,0.0,-0.2,0.0,0.0,0.06283185307179587,0.0,0.0,-4.533700509347175,square,2,0.2,1.0,29,58,4.559996604919434,0.0
1779528375.795412,0.0,0.0,0.06283185307179587,0.0,0.0,-4.533700509347175,0.0,1.3464,0.1584,0.0,0.0,-0.2,0.0,0.0,0.017453292519943295,-0.0020777729190408684,0.006233318757122605,-4.554478238537583,square,2,0.2,1.0,29,58,4.570128917694092,0.0
1779528375.8054109,0.0,0.0,0.017453292519943295,-0.0020777729190408684,0.006233318757122605,-4.554478238537583,0.0,1.4652,-3.7224000000000004,0.0,0.0,-0.2,0.0,0.0,-0.017453292519943295,-0.0020777729190408684,0.004155545838081737,-3.8792020398493015,square,2,0.2,1.0,29,58,4.579999208450317,0.0
1779528375.8155193,0.0,0.0,-0.017453292519943295,-0.0020777729190408684,0.004155545838081737,-3.8792020398493015,0.0396,1.7028,-1.1088000000000002,0.0,0.0,-0.2,0.0,0.0,-0.048869219055841226,-0.004155545838081737,0.004155545838081737,-3.2911923037607353,square,2,0.2,1.0,29,58,4.589998006820679,0.0
1779528375.8255334,0.0,0.0,-0.048869219055841226,-0.004155545838081737,0.004155545838081737,-3.2911923037607353,-0.1188,1.4255999999999998,-0.35639999999999994,0.0,0.0,-0.2,0.0,0.0,-0.048869219055841226,-0.004155545838081737,0.004155545838081737,-3.2911923037607353,square,2,0.2,1.0,29,58,4.600106477737427,0.0
1779528375.8354065,0.0,0.0,-0.048869219055841226,-0.004155545838081737,0.004155545838081737,-3.2911923037607353,-0.1188,1.4255999999999998,-0.35639999999999994,0.0,0.0,-0.2,0.0,0.0,-0.0994837673636768,0.0020777729190408684,0.0,-2.3769722193827536,square,2,0.2,1.0,29,58,4.610120534896851,0.0
1779528375.8454103,0.0,0.0,-0.0994837673636768,0.0020777729190408684,0.0,-2.3769722193827536,-0.0396,1.1088000000000002,0.1188,0.0,0.0,-0.2,0.0,0.0,-0.11868238913561442,0.004155545838081737,-0.0020777729190408684,-1.9842731376840292,square,2,0.2,1.0,29,58,4.619993686676025,0.0
1779528375.855541,0.0,0.0,-0.11868238913561442,0.004155545838081737,-0.0020777729190408684,-1.9842731376840292,0.198,1.2672,-0.5940000000000001,0.0,0.0,-0.2,0.0,0.0,-0.1343903524035634,0.006233318757122605,0.0,-1.6497516977184494,square,2,0.2,1.0,29,58,4.629997491836548,0.0
1779528375.8655388,0.0,0.0,-0.1343903524035634,0.006233318757122605,0.0,-1.6497516977184494,0.27720000000000006,1.2672,-0.198,0.0,0.0,-0.2,0.0,0.0,-0.1466076571675237,0.0,-0.0020777729190408684,-1.358863489052728,square,2,0.2,1.0,29,58,4.640128135681152,0.0
1779528375.8754146,0.0,0.0,-0.1466076571675237,0.0,-0.0020777729190408684,-1.358863489052728,-0.1188,1.2672,0.0,0.0,0.0,-0.2,0.0,0.0,-0.15707963267948966,0.0,0.0,-1.1136862846059055,square,2,0.2,1.0,29,58,4.650125980377197,0.0
1779528375.8854144,0.0,0.0,-0.15707963267948966,0.0,0.0,-1.1136862846059055,-0.0792,1.4652,-0.0396,0.0,0.0,-0.2,0.0,0.0,-0.1658062789394613,0.0,0.0,-0.9079867656208594,square,2,0.2,1.0,29,58,4.660001754760742,0.0
1779528375.8955443,0.0,0.0,-0.1658062789394613,0.0,0.0,-0.9079867656208594,-0.0792,1.2672,-0.4356,0.0,0.0,-0.2,0.0,0.0,-0.17278759594743864,0.0,-0.0020777729190408684,-0.7396871591785491,square,2,0.2,1.0,29,58,4.67000150680542,0.0
1779528375.9055657,0.0,0.0,-0.17278759594743864,0.0,-0.0020777729190408684,-0.7396871591785491,-0.1188,1.2276,0.396,0.0,0.0,-0.2,0.0,0.0,-0.17802358370342164,0.0,0.0,-0.59839860068377,square,2,0.2,1.0,29,58,4.680131435394287,0.0
1779528375.9155426,0.0,0.0,-0.17802358370342164,0.0,0.0,-0.59839860068377,0.0,1.1880000000000002,-0.27720000000000006,0.0,0.0,-0.2,0.0,0.0,-0.1832595714594046,0.0,0.0,-0.4882766359746041,square,2,0.2,1.0,29,58,4.690152883529663,0.0
1779528375.925382,0.0,0.0,-0.1832595714594046,0.0,0.0,-0.4882766359746041,0.0,1.2672,0.0792,0.0,0.0,-0.2,0.0,0.0,-0.1832595714594046,0.0,0.0,-0.4882766359746041,square,2,0.2,1.0,29,58,4.700129747390747,0.0
1779528375.9354103,0.0,0.0,-0.1832595714594046,0.0,0.0,-0.4882766359746041,0.0,1.2672,0.0792,0.0,0.0,-0.2,0.0,0.0,-0.19024088846738194,0.0,0.0,-0.30751039201804853,square,2,0.2,1.0,29,58,4.7099690437316895,0.0
1779528375.945524,0.0,0.0,-0.19024088846738194,0.0,0.0,-0.30751039201804853,-0.0396,1.2672,-0.1584,0.0,0.0,-0.2,0.0,0.0,-0.19198621771937624,0.0,0.0,-0.22855502109449552,square,2,0.2,1.0,29,58,4.719997406005859,0.0
1779528375.9555335,0.0,0.0,-0.19198621771937624,0.0,0.0,-0.22855502109449552,0.0,1.3464,0.27720000000000006,0.0,0.0,-0.2,0.0,0.0,-0.1937315469713706,0.0,0.0,-0.19531065438984163,square,2,0.2,1.0,29,58,4.730111122131348,0.0
1779528375.9654145,0.0,0.0,-0.1937315469713706,0.0,0.0,-0.19531065438984163,0.0,1.3068,-0.0792,0.0,0.0,-0.2,0.0,0.0,-0.1954768762233649,0.004155545838081737,0.0,-0.15583296892806514,square,2,0.2,1.0,29,58,4.7401206493377686,0.0
1779528375.9755692,0.0,0.0,-0.1954768762233649,0.004155545838081737,0.0,-0.15583296892806514,0.1584,1.2276,0.0396,0.0,0.0,-0.2,0.0,0.0,-0.1954768762233649,0.004155545838081737,0.0,-0.11427751054724776,square,2,0.2,1.0,29,58,4.750001668930054,0.0
1779528375.9855561,0.0,0.0,-0.1954768762233649,0.004155545838081737,0.0,-0.11427751054724776,0.27720000000000006,1.2276,0.396,0.0,0.0,-0.2,0.0,0.0,-0.19722220547535924,0.0020777729190408684,0.0,-0.078955370923553,square,2,0.2,1.0,29,58,4.7601563930511475,0.0
1779528375.9954112,0.0,0.0,-0.19722220547535924,0.0020777729190408684,0.0,-0.078955370923553,0.1584,1.1880000000000002,0.792,0.0,0.0,-0.2,0.0,0.0,-0.19722220547535924,-0.0020777729190408684,0.0,-0.05817764173314431,square,2,0.2,1.0,29,58,4.770143270492554,0.0
1779528376.0055568,0.0,0.0,-0.19722220547535924,-0.0020777729190408684,0.0,-0.05817764173314431,-0.0792,1.2672,1.0692,0.0,0.0,-0.2,0.0,0.0,-0.19722220547535924,0.0,0.0,-0.04986655005698084,square,2,0.2,1.0,29,58,4.779998302459717,0.0
1779528376.0154107,0.0,0.0,-0.19722220547535924,0.0,0.0,-0.04986655005698084,0.0,1.3464,0.792,0.0,0.0,-0.2,0.0,0.0,-0.1989675347273536,-0.004155545838081737,0.0,-0.035322139623694765,square,2,0.2,1.0,29,58,4.790143966674805,0.0
1779528376.025521,0.0,0.0,-0.1989675347273536,-0.004155545838081737,0.0,-0.035322139623694765,-0.0396,1.2672,1.0692,0.0,0.0,-0.2,0.0,0.0,-0.1989675347273536,0.0,0.0,-0.022855502109449553,square,2,0.2,1.0,29,58,4.799997806549072,0.0
1779528376.0356216,0.0,0.0,-0.1989675347273536,0.0,0.0,-0.022855502109449553,0.0,1.2672,0.9504,0.0,0.0,-0.2,0.0,0.0,-0.1989675347273536,0.0,0.0,-0.018699956271367814,square,2,0.2,1.0,29,58,4.810108184814453,0.0
1779528376.0454133,0.0,0.0,-0.1989675347273536,0.0,0.0,-0.018699956271367814,0.0,1.3464,0.8316,0.0,0.0,-0.2,0.0,0.0,-0.1989675347273536,0.0020777729190408684,0.0,-0.022855502109449553,square,2,0.2,1.0,29,58,4.820208787918091,0.0
1779528376.0556247,0.0,0.0,-0.1989675347273536,0.0020777729190408684,0.0,-0.022855502109449553,-0.0792,1.2276,0.4752,0.0,0.0,-0.2,0.0,0.0,-0.1989675347273536,0.0,0.0,-0.014544410433286078,square,2,0.2,1.0,29,58,4.830000400543213,0.0
1779528376.065524,0.0,0.0,-0.1989675347273536,0.0,0.0,-0.014544410433286078,-0.1188,1.3068,0.5544000000000001,0.0,0.0,-0.2,0.0,0.0,-0.1989675347273536,0.0,0.0,-0.006233318757122605,square,2,0.2,1.0,29,58,4.840211868286133,0.0
1779528376.0754135,0.0,0.0,-0.1989675347273536,0.0,0.0,-0.006233318757122605,-0.1584,1.2276,0.6336,0.0,0.0,-0.2,0.0,0.0,-0.1989675347273536,0.0,0.0,-0.004155545838081737,square,2,0.2,1.0,29,58,4.850111246109009,0.0
1779528376.0854106,0.0,0.0,-0.1989675347273536,0.0,0.0,-0.004155545838081737,0.1188,1.2276,0.6732,0.0,0.0,-0.2,0.0,0.0,-0.1989675347273536,-0.0020777729190408684,0.0,0.0,square,2,0.2,1.0,29,58,4.8600006103515625,0.0
1779528376.0955718,0.0,0.0,-0.1989675347273536,-0.0020777729190408684,0.0,0.0,-0.1188,1.2672,0.5940000000000001,0.0,0.0,-0.2,0.0,0.0,-0.1989675347273536,-0.0020777729190408684,0.0,0.0,square,2,0.2,1.0,29,58,4.86999773979187,0.0
1779528376.1055887,0.0,0.0,-0.1989675347273536,-0.0020777729190408684,0.0,0.0,-0.0396,1.2672,0.6732,0.0,0.0,-0.2,0.0,0.0,-0.1989675347273536,0.0,0.0,0.0,square,2,0.2,1.0,29,58,4.8801589012146,0.0
1779528376.1154099,0.0,0.0,-0.1989675347273536,0.0,0.0,0.0,-0.0396,1.2672,0.792,0.0,0.0,-0.2,0.0,0.0,-0.1989675347273536,0.0020777729190408684,0.0,0.0,square,2,0.2,1.0,29,58,4.890175819396973,0.0
1779528376.1254094,0.0,0.0,-0.1989675347273536,0.0020777729190408684,0.0,0.0,-0.0792,1.3068,0.5544000000000001,0.0,0.0,-0.2,0.0,0.0,-0.1989675347273536,0.0,0.0,0.0,square,2,0.2,1.0,29,58,4.899996995925903,0.0
1779528376.135411,0.0,0.0,-0.1989675347273536,0.0,0.0,0.0,0.0,1.2276,0.6732,0.0,0.0,-0.2,0.0,0.0,-0.1989675347273536,-0.0020777729190408684,0.0020777729190408684,0.0,square,2,0.2,1.0,29,58,4.909996509552002,0.0
1779528376.145412,0.0,0.0,-0.1989675347273536,-0.0020777729190408684,0.0020777729190408684,0.0,-0.0396,1.2276,0.5940000000000001,0.0,0.0,-0.2,0.0,0.0,-0.1989675347273536,0.0,0.0,0.0,square,2,0.2,1.0,29,58,4.9199981689453125,0.0
1779528376.1555133,0.0,0.0,-0.1989675347273536,0.0,0.0,0.0,-0.0792,1.2276,0.5940000000000001,0.0,0.0,-0.2,0.0,0.0,-0.1989675347273536,0.0,0.0,0.0,square,2,0.2,1.0,29,58,4.929999113082886,0.0
1779528376.1654105,0.0,0.0,-0.1989675347273536,0.0,0.0,0.0,-0.0396,1.1880000000000002,0.4752,0.0,0.0,-0.2,0.0,0.0,-0.1989675347273536,0.0020777729190408684,0.0,0.0,square,2,0.2,1.0,29,58,4.940100431442261,0.0
1779528376.1755326,0.0,0.0,-0.1989675347273536,0.0020777729190408684,0.0,0.0,0.1584,1.2276,0.5940000000000001,0.0,0.0,-0.2,0.0,0.0,-0.1989675347273536,0.004155545838081737,0.0,0.0,square,2,0.2,1.0,29,58,4.949997663497925,0.0
1779528376.1855516,0.0,0.0,-0.1989675347273536,0.004155545838081737,0.0,0.0,0.2376,1.3464,0.6336,0.0,0.0,-0.2,0.0,0.0,-0.1989675347273536,0.0,0.0,0.0020777729190408684,square,2,0.2,1.0,29,58,4.960119724273682,0.0
1779528376.1955743,0.0,0.0,-0.1989675347273536,0.0,0.0,0.0020777729190408684,0.1188,1.1880000000000002,-0.396,0.0,0.0,-0.2,0.0,0.0,-0.1989675347273536,0.0,0.0,0.0,square,2,0.2,1.0,29,58,4.970138788223267,0.0
1779528376.205415,0.0,0.0,-0.1989675347273536,0.0,0.0,0.0,-0.0396,1.2672,-0.35639999999999994,0.0,0.0,-0.2,0.0,0.0,-0.1989675347273536,-0.0020777729190408684,0.0,0.0,square,2,0.2,1.0,29,58,4.980161428451538,0.0
1779528376.2155406,0.0,0.0,-0.1989675347273536,-0.0020777729190408684,0.0,0.0,-0.0396,1.3068,-0.4752,0.0,0.0,-0.2,0.0,0.0,-0.1989675347273536,0.0,0.0,0.0,square,2,0.2,1.0,29,58,4.990002155303955,0.0
1779528376.2254102,0.0,0.0,-0.1989675347273536,0.0,0.0,0.0,0.0,1.1880000000000002,-0.396,0.0,0.0,0.2,0.0,0.0,-0.1989675347273536,0.0,0.0020777729190408684,0.0,square,2,0.2,1.0,29,58,5.000127792358398,0.0
1779528376.2355137,0.0,0.0,-0.1989675347273536,0.0,0.0020777729190408684,0.0,0.0,1.3068,-0.5148,0.0,0.0,0.2,0.0,0.0,-0.1989675347273536,0.0,0.0,0.0,square,2,0.2,1.0,29,58,5.009997367858887,0.0
1779528376.2455704,0.0,0.0,-0.1989675347273536,0.0,0.0,0.0,0.0,1.1483999999999999,-0.4356,0.0,0.0,0.2,0.0,0.0,-0.1989675347273536,0.0020777729190408684,0.0,0.0020777729190408684,square,2,0.2,1.0,29,58,5.020100831985474,0.0
1779528376.255412,0.0,0.0,-0.1989675347273536,0.0020777729190408684,0.0,0.0020777729190408684,0.2376,1.6236000000000002,1.584,0.0,0.0,0.2,0.0,0.0,-0.1832595714594046,0.0020777729190408684,0.0,1.3547079432146463,square,2,0.2,1.0,29,58,5.030157566070557,0.0
1779528376.2655625,0.0,0.0,-0.1832595714594046,0.0020777729190408684,0.0,1.3547079432146463,-0.5544000000000001,0.9504,1.3464,0.0,0.0,0.2,0.0,0.0,-0.15358897417550102,0.0,0.0,2.7385047072958644,square,2,0.2,1.0,29,58,5.03999924659729,0.0
1779528376.2754123,0.0,0.0,-0.15358897417550102,0.0,0.0,2.7385047072958644,0.27720000000000006,1.1088000000000002,7.6824,0.0,0.0,0.2,0.0,0.0,-0.10995574287564278,0.0,0.0,3.99555732331559,square,2,0.2,1.0,29,58,5.05014967918396,0.0
1779528376.285573,0.0,0.0,-0.10995574287564278,0.0,0.0,3.99555732331559,-0.1584,1.2276,1.2672,0.0,0.0,0.2,0.0,0.0,-0.06283185307179587,-0.0020777729190408684,0.0,4.575255967727992,square,2,0.2,1.0,29,58,5.059999465942383,0.0
1779528376.2955716,0.0,0.0,-0.06283185307179587,-0.0020777729190408684,0.0,4.575255967727992,0.0,1.3068,0.0,0.0,0.0,0.2,0.0,0.0,-0.017453292519943295,-0.004155545838081737,0.0,4.504611688480603,square,2,0.2,1.0,29,58,5.070160150527954,0.0
1779528376.3055692,0.0,0.0,-0.017453292519943295,-0.004155545838081737,0.0,4.504611688480603,-0.0792,1.4255999999999998,-2.97,0.0,0.0,0.2,0.0,0.0,0.017453292519943295,0.0,0.0,3.854268764820811,square,2,0.2,1.0,29,58,5.080158710479736,0.0
1779528376.315578,0.0,0.0,0.017453292519943295,0.0,0.0,3.854268764820811,0.0,1.3860000000000001,-0.6732,0.0,0.0,0.2,0.0,0.0,0.048869219055841226,0.0020777729190408684,0.0,3.282881212084572,square,2,0.2,1.0,29,58,5.090156316757202,0.0
1779528376.3254137,0.0,0.0,0.048869219055841226,0.0020777729190408684,0.0,3.282881212084572,-0.0396,1.1880000000000002,-0.2376,0.0,0.0,0.2,0.0,0.0,0.07679448708775051,0.004155545838081737,-0.0020777729190408684,2.8340822615717443,square,2,0.2,1.0,29,58,5.100165128707886,0.0
1779528376.3354125,0.0,0.0,0.07679448708775051,0.004155545838081737,-0.0020777729190408684,2.8340822615717443,0.1584,1.1880000000000002,-1.1483999999999999,0.0,0.0,0.2,0.0,0.0,0.0994837673636768,0.0020777729190408684,0.0,2.36866112770659,square,2,0.2,1.0,29,58,5.110000848770142,0.0
1779528376.3455403,0.0,0.0,0.0994837673636768,0.0020777729190408684,0.0,2.36866112770659,0.0,1.2672,-0.198,0.0,0.0,0.2,0.0,0.0,0.11868238913561442,0.0,0.0,1.9738842730888249,square,2,0.2,1.0,29,58,5.119999647140503,0.0
1779528376.3554115,0.0,0.0,0.11868238913561442,0.0,0.0,1.9738842730888249,-0.0396,1.3068,-0.5940000000000001,0.0,0.0,0.2,0.0,0.0,0.1343903524035634,0.0,0.0,1.639362833123245,square,2,0.2,1.0,29,58,5.130127429962158,0.0
1779528376.3655593,0.0,0.0,0.1343903524035634,0.0,0.0,1.639362833123245,0.0,1.2276,-0.1188,0.0,0.0,0.2,0.0,0.0,0.1466076571675237,0.0,0.0,1.358863489052728,square,2,0.2,1.0,29,58,5.1399986743927,0.0
1779528376.3754108,0.0,0.0,0.1466076571675237,0.0,0.0,1.358863489052728,-0.0792,1.1880000000000002,-0.0396,0.0,0.0,0.2,0.0,0.0,0.15707963267948966,0.0,0.0,1.1178418304439872,square,2,0.2,1.0,29,58,5.150146484375,0.0
1779528376.385525,0.0,0.0,0.15707963267948966,0.0,0.0,1.1178418304439872,-0.0396,1.3464,0.2376,0.0,0.0,0.2,0.0,0.0,0.1658062789394613,0.0,0.0,0.916297857297023,square,2,0.2,1.0,29,58,5.159997940063477,0.0
1779528376.3954093,0.0,0.0,0.1658062789394613,0.0,0.0,0.916297857297023,-0.0792,1.4255999999999998,0.0396,0.0,0.0,0.2,0.0,0.0,0.17278759594743864,-0.006233318757122605,0.0,0.74176493209759,square,2,0.2,1.0,29,58,5.170112133026123,0.0
1779528376.405631,0.0,0.0,0.17278759594743864,-0.006233318757122605,0.0,0.74176493209759,0.0,1.3068,-0.27720000000000006,0.0,0.0,0.2,0.0,0.0,0.17802358370342164,-0.0020777729190408684,0.0,0.5963208277647293,square,2,0.2,1.0,29,58,5.179996490478516,0.0
1779528376.4155579,0.0,0.0,0.17802358370342164,-0.0020777729190408684,0.0,0.5963208277647293,0.0,1.3860000000000001,0.35639999999999994,0.0,0.0,0.2,0.0,0.0,0.1832595714594046,0.0,0.0,0.4861988630555632,square,2,0.2,1.0,29,58,5.190218210220337,0.0
1779528376.4254155,0.0,0.0,0.1832595714594046,0.0,0.0,0.4861988630555632,0.0,1.3860000000000001,0.3168,0.0,0.0,0.2,0.0,0.0,0.1867502299633933,0.0,0.0,0.38231021710351976,square,2,0.2,1.0,29,58,5.20014500617981,0.0
1779528376.4355195,0.0,0.0,0.1867502299633933,0.0,0.0,0.38231021710351976,0.0,1.3464,-0.1188,0.0,0.0,0.2,0.0,0.0,0.19024088846738194,0.0,-0.0020777729190408684,0.3033548461799668,square,2,0.2,1.0,29,58,5.210002660751343,0.0
1779528376.4456015,0.0,0.0,0.19024088846738194,0.0,-0.0020777729190408684,0.3033548461799668,-0.0396,1.2672,0.1584,0.0,0.0,0.2,0.0,0.0,0.19198621771937624,0.0,0.0,0.236866112770659,square,2,0.2,1.0,29,58,5.220106601715088,0.0
1779528376.4554355,0.0,0.0,0.19198621771937624,0.0,0.0,0.236866112770659,-0.0792,1.3068,0.6732,0.0,0.0,0.2,0.0,0.0,0.1937315469713706,0.0,0.0,0.19946620022792336,square,2,0.2,1.0,29,58,5.230188608169556,0.0
1779528376.4654284,0.0,0.0,0.1937315469713706,0.0,0.0,0.19946620022792336,-0.0792,1.4255999999999998,0.4752,0.0,0.0,0.2,0.0,0.0,0.1954768762233649,0.0,0.0,0.1495996501709425,square,2,0.2,1.0,29,58,5.240022659301758,0.0
1779528376.4755518,0.0,0.0,0.1954768762233649,0.0,0.0,0.1495996501709425,-0.0792,1.3068,0.4356,0.0,0.0,0.2,0.0,0.0,0.1954768762233649,0.0,0.0,0.11427751054724776,square,2,0.2,1.0,29,58,5.250015497207642,0.0
1779528376.4854105,0.0,0.0,0.1954768762233649,0.0,0.0,0.11427751054724776,-0.0792,1.3068,0.396,0.0,0.0,0.2,0.0,0.0,0.19722220547535924,0.0,0.0,0.08103314384259387,square,2,0.2,1.0,29,58,5.260138988494873,0.0
1779528376.4955337,0.0,0.0,0.19722220547535924,0.0,0.0,0.08103314384259387,-0.0396,1.3860000000000001,0.5148,0.0,0.0,0.2,0.0,0.0,0.19722220547535924,0.0,0.0,0.05609986881410345,square,2,0.2,1.0,29,58,5.269997596740723,0.0
1779528376.5054126,0.0,0.0,0.19722220547535924,0.0,0.0,0.05609986881410345,0.0,1.3464,0.6336,0.0,0.0,0.2,0.0,0.0,0.19722220547535924,0.0,0.0,0.06233318757122605,square,2,0.2,1.0,29,58,5.280120849609375,0.0
1779528376.515538,0.0,0.0,0.19722220547535924,0.0,0.0,0.06233318757122605,-0.0396,1.3860000000000001,-0.0396,0.0,0.0,0.2,0.0,0.0,0.1989675347273536,0.0,0.0,0.033244366704653895,square,2,0.2,1.0,29,58,5.289999723434448,0.0
1779528376.5255325,0.0,0.0,0.1989675347273536,0.0,0.0,0.033244366704653895,0.0,1.3464,0.4752,0.0,0.0,0.2,0.0,0.0,0.1989675347273536,0.0,0.0,0.035322139623694765,square,2,0.2,1.0,29,58,5.3001251220703125,0.0
1779528376.5354097,0.0,0.0,0.1989675347273536,0.0,0.0,0.035322139623694765,-0.0396,1.3860000000000001,0.0,0.0,0.0,0.2,0.0,0.0,0.1989675347273536,0.0,0.0,0.029088820866572156,square,2,0.2,1.0,29,58,5.31011962890625,0.0
1779528376.5454113,0.0,0.0,0.1989675347273536,0.0,0.0,0.029088820866572156,-0.0792,1.3860000000000001,-0.0792,0.0,0.0,0.2,0.0,0.0,0.1989675347273536,0.0,0.0,0.016622183352326948,square,2,0.2,1.0,29,58,5.3199968338012695,0.0
1779528376.5554109,0.0,0.0,0.1989675347273536,0.0,0.0,0.016622183352326948,0.0,1.3860000000000001,-0.1188,0.0,0.0,0.2,0.0,0.0,0.1989675347273536,-0.0020777729190408684,0.0,0.008311091676163474,square,2,0.2,1.0,29,58,5.32999849319458,0.0
1779528376.5655134,0.0,0.0,0.1989675347273536,-0.0020777729190408684,0.0,0.008311091676163474,-0.1188,1.3068,0.0,0.0,0.0,0.2,0.0,0.0,0.1989675347273536,0.0,0.0,0.004155545838081737,square,2,0.2,1.0,29,58,5.339998006820679,0.0
1779528376.575607,0.0,0.0,0.1989675347273536,0.0,0.0,0.004155545838081737,-0.0792,1.4255999999999998,0.0,0.0,0.0,0.2,0.0,0.0,0.1989675347273536,0.0020777729190408684,0.0,0.0,square,2,0.2,1.0,29,58,5.350100517272949,0.0
1779528376.5854108,0.0,0.0,0.1989675347273536,0.0020777729190408684,0.0,0.0,-0.0792,1.4652,0.0,0.0,0.0,0.2,0.0,0.0,0.1989675347273536,0.0,0.0,0.0020777729190408684,square,2,0.2,1.0,29,58,5.360194206237793,0.0
1779528376.5954103,0.0,0.0,0.1989675347273536,0.0,0.0,0.0020777729190408684,-0.0396,1.4652,0.0,0.0,0.0,0.2,0.0,0.0,0.1989675347273536,0.0,0.0,0.0,square,2,0.2,1.0,29,58,5.369997978210449,0.0
1779528376.605562,0.0,0.0,0.1989675347273536,0.0,0.0,0.0,-0.0396,1.2672,-0.0396,0.0,0.0,0.2,0.0,0.0,0.1989675347273536,0.0,0.0,0.0,square,2,0.2,1.0,29,58,5.379997491836548,0.0
1779528376.6154118,0.0,0.0,0.1989675347273536,0.0,0.0,0.0,-0.0396,1.5048000000000001,-0.0396,0.0,0.0,0.2,0.0,0.0,0.1989675347273536,0.0,0.0,0.0,square,2,0.2,1.0,29,58,5.390149116516113,0.0
1779528376.625415,0.0,0.0,0.1989675347273536,0.0,0.0,0.0,-0.0396,1.3860000000000001,-0.0792,0.0,0.0,0.2,0.0,0.0,0.1989675347273536,0.0,0.0,0.0,square,2,0.2,1.0,29,58,5.399998903274536,0.0
1779528376.635537,0.0,0.0,0.1989675347273536,0.0,0.0,0.0,-0.0792,1.3860000000000001,-0.0396,0.0,0.0,0.2,0.0,0.0,0.1989675347273536,0.0,0.0,0.0,square,2,0.2,1.0,29,58,5.4100022315979,0.0
1779528376.645411,0.0,0.0,0.1989675347273536,0.0,0.0,0.0,-0.0792,1.3464,0.0,0.0,0.0,0.2,0.0,0.0,0.1989675347273536,0.0,0.0,0.0,square,2,0.2,1.0,29,58,5.420124053955078,0.0
1779528376.6554132,0.0,0.0,0.1989675347273536,0.0,0.0,0.0,-0.0792,1.3068,-0.0792,0.0,0.0,0.2,0.0,0.0,0.1989675347273536,0.0,0.0,0.0,square,2,0.2,1.0,29,58,5.429998159408569,0.0
1779528376.6654193,0.0,0.0,0.1989675347273536,0.0,0.0,0.0,-0.0792,1.4255999999999998,-0.1584,0.0,0.0,0.2,0.0,0.0,0.1989675347273536,0.0,0.0,0.0,square,2,0.2,1.0,29,58,5.440000295639038,0.0
1779528376.675411,0.0,0.0,0.1989675347273536,0.0,0.0,0.0,-0.0396,1.4255999999999998,-0.0792,0.0,0.0,0.2,0.0,0.0,0.1989675347273536,0.0,0.0,0.0,square,2,0.2,1.0,29,58,5.450006484985352,0.0
1779528376.6855109,0.0,0.0,0.1989675347273536,0.0,0.0,0.0,0.0,1.4652,0.1584,0.0,0.0,0.2,0.0,0.0,0.1989675347273536,-0.0020777729190408684,0.0,0.0,square,2,0.2,1.0,29,58,5.45999813079834,0.0
1779528376.6954136,0.0,0.0,0.1989675347273536,-0.0020777729190408684,0.0,0.0,0.0,1.3068,0.0792,0.0,0.0,0.2,0.0,0.0,0.1989675347273536,0.0,0.0020777729190408684,0.0,square,2,0.2,1.0,29,58,5.47009801864624,0.0
1779528376.705548,0.0,0.0,0.1989675347273536,0.0,0.0020777729190408684,0.0,0.0,1.4255999999999998,0.1584,0.0,0.0,0.2,0.0,0.0,0.1989675347273536,0.0020777729190408684,0.0,0.0,square,2,0.2,1.0,29,58,5.480000734329224,0.0
1779528376.7154107,0.0,0.0,0.1989675347273536,0.0020777729190408684,0.0,0.0,-0.0396,1.4255999999999998,0.2376,0.0,0.0,0.2,0.0,0.0,0.1989675347273536,0.0,0.0,0.0,square,2,0.2,1.0,29,58,5.490135192871094,0.0
1779528376.7254107,0.0,0.0,0.1989675347273536,0.0,0.0,0.0,-0.0792,1.3068,0.2376,0.0,0.0,0.2,0.0,0.0,0.1989675347273536,0.0020777729190408684,0.0,0.0,square,2,0.2,1.0,29,58,5.499997854232788,0.0
1779528376.7355232,0.0,0.0,0.1989675347273536,0.0020777729190408684,0.0,0.0,-0.0792,1.4255999999999998,0.198,0.0,0.0,-0.2,0.0,0.0,0.1989675347273536,0.0020777729190408684,0.0,0.0,square,2,0.2,1.0,29,58,5.509997844696045,0.0
1779528376.7454104,0.0,0.0,0.1989675347273536,0.0020777729190408684,0.0,0.0,-0.1188,1.3068,0.27720000000000006,0.0,0.0,-0.2,0.0,0.0,0.1989675347273536,0.0,0.0,0.0,square,2,0.2,1.0,29,58,5.520110368728638,0.0
1779528376.7555428,0.0,0.0,0.1989675347273536,0.0,0.0,0.0,-0.0792,1.4652,0.2376,0.0,0.0,-0.2,0.0,0.0,0.1989675347273536,0.0,0.0,0.0,square,2,0.2,1.0,29,58,5.5299975872039795,0.0
1779528376.7654138,0.0,0.0,0.1989675347273536,0.0,0.0,0.0,-0.0792,2.2967999999999997,1.98,0.0,0.0,-0.2,0.0,0.0,0.1832595714594046,0.0,-0.0020777729190408684,-1.3463968515384828,square,2,0.2,1.0,29,58,5.540129899978638,0.0
1779528376.775414,0.0,0.0,0.1832595714594046,0.0,-0.0020777729190408684,-1.3463968515384828,0.2376,1.2276,1.1088000000000002,0.0,0.0,-0.2,0.0,0.0,0.15358897417550102,-0.0020777729190408684,-0.010388864595204342,-2.748893571891069,square,2,0.2,1.0,29,58,5.550000905990601,0.0
1779528376.7855062,0.0,0.0,0.15358897417550102,-0.0020777729190408684,-0.010388864595204342,-2.748893571891069,0.0792,0.792,4.6728,0.0,0.0,-0.2,0.0,0.0,0.10995574287564278,0.0020777729190408684,0.0,-3.9727018212061402,square,2,0.2,1.0,29,58,5.5600011348724365,0.0
1779528376.7954109,0.0,0.0,0.10995574287564278,0.0020777729190408684,0.0,-3.9727018212061402,-0.1188,1.1483999999999999,1.8612000000000002,0.0,0.0,-0.2,0.0,0.0,0.06457718232379019,0.0,0.0,-4.539933828104298,square,2,0.2,1.0,29,58,5.570093393325806,0.0
1779528376.8055108,0.0,0.0,0.06457718232379019,0.0,0.0,-4.539933828104298,-0.27720000000000006,1.3464,-0.0396,0.0,0.0,-0.2,0.0,0.0,0.017453292519943295,0.0,0.006233318757122605,-4.54616714686142,square,2,0.2,1.0,29,58,5.579998016357422,0.0
1779528376.8154106,0.0,0.0,0.017453292519943295,0.0,0.006233318757122605,-4.54616714686142,-0.0396,1.584,-3.6036,0.0,0.0,-0.2,0.0,0.0,-0.017453292519943295,0.0,0.008311091676163474,-3.8750464940112197,square,2,0.2,1.0,29,58,5.590097904205322,0.0
1779528376.825581,0.0,0.0,-0.017453292519943295,0.0,0.008311091676163474,-3.8750464940112197,0.0,1.5444,-0.99,0.0,0.0,-0.2,0.0,0.0,-0.048869219055841226,-0.004155545838081737,0.0020777729190408684,-3.2891145308416947,square,2,0.2,1.0,29,58,5.5999977588653564,0.0
1779528376.835415,0.0,0.0,-0.048869219055841226,-0.004155545838081737,0.0020777729190408684,-3.2891145308416947,-0.1188,1.4255999999999998,-0.35639999999999994,0.0,0.0,-0.2,0.0,0.0,-0.07679448708775051,0.0,0.0020777729190408684,-2.844471126166949,square,2,0.2,1.0,29,58,5.610168218612671,0.0
1779528376.8454106,0.0,0.0,-0.07679448708775051,0.0,0.0020777729190408684,-2.844471126166949,-0.1188,1.2276,-1.1088000000000002,0.0,0.0,-0.2,0.0,0.0,-0.0994837673636768,0.0,0.0,-2.3769722193827536,square,2,0.2,1.0,29,58,5.620002031326294,0.0
1779528376.8555155,0.0,0.0,-0.0994837673636768,0.0,0.0,-2.3769722193827536,0.0,1.2672,0.1584,0.0,0.0,-0.2,0.0,0.0,-0.11868238913561442,0.006233318757122605,-0.0020777729190408684,-1.9821953647649884,square,2,0.2,1.0,29,58,5.629997730255127,0.0
1779528376.865523,0.0,0.0,-0.11868238913561442,0.006233318757122605,-0.0020777729190408684,-1.9821953647649884,0.198,1.1483999999999999,-0.5544000000000001,0.0,0.0,-0.2,0.0,0.0,-0.1343903524035634,0.004155545838081737,0.0,-1.6455961518803677,square,2,0.2,1.0,29,58,5.6401026248931885,0.0
1779528376.8755338,0.0,0.0,-0.1343903524035634,0.004155545838081737,0.0,-1.6455961518803677,0.198,1.2276,-0.0396,0.0,0.0,-0.2,0.0,0.0,-0.1466076571675237,0.0020777729190408684,0.0,-1.358863489052728,square,2,0.2,1.0,29,58,5.650110244750977,0.0
1779528376.88541,0.0,0.0,-0.1466076571675237,0.0020777729190408684,0.0,-1.358863489052728,0.198,1.1880000000000002,0.0,0.0,0.0,-0.2,0.0,0.0,-0.15707963267948966,0.0,0.0,-1.1136862846059055,square,2,0.2,1.0,29,58,5.660120964050293,0.0
1779528376.8954108,0.0,0.0,-0.15707963267948966,0.0,0.0,-1.1136862846059055,-0.1188,1.3860000000000001,0.1188,0.0,0.0,-0.2,0.0,0.0,-0.1658062789394613,0.0,0.0,-0.9121423114589412,square,2,0.2,1.0,29,58,5.669997215270996,0.0
1779528376.905548,0.0,0.0,-0.1658062789394613,0.0,0.0,-0.9121423114589412,-0.0792,1.2672,-0.35639999999999994,0.0,0.0,-0.2,0.0,0.0,-0.17278759594743864,-0.0020777729190408684,-0.0020777729190408684,-0.7396871591785491,square,2,0.2,1.0,29,58,5.67999792098999,0.0
1779528376.9155111,0.0,0.0,-0.17278759594743864,-0.0020777729190408684,-0.0020777729190408684,-0.7396871591785491,-0.0792,1.3464,0.1188,0.0,0.0,-0.2,0.0,0.0,-0.17802358370342164,0.0,0.0,-0.5963208277647293,square,2,0.2,1.0,29,58,5.69013524055481,0.0
1779528376.9254131,0.0,0.0,-0.17802358370342164,0.0,0.0,-0.5963208277647293,-0.0396,1.4255999999999998,-0.0396,0.0,0.0,-0.2,0.0,0.0,-0.1832595714594046,0.0,0.0,-0.4882766359746041,square,2,0.2,1.0,29,58,5.700098276138306,0.0
1779528376.9354126,0.0,0.0,-0.1832595714594046,0.0,0.0,-0.4882766359746041,-0.0396,1.3068,0.1188,0.0,0.0,-0.2,0.0,0.0,-0.1867502299633933,0.0,0.0,-0.37815467126543806,square,2,0.2,1.0,29,58,5.710000276565552,0.0
1779528376.9455357,0.0,0.0,-0.1867502299633933,0.0,0.0,-0.37815467126543806,0.0,1.2276,0.4356,0.0,0.0,-0.2,0.0,0.0,-0.19024088846738194,0.0,0.0,-0.30751039201804853,square,2,0.2,1.0,29,58,5.71999979019165,0.0
1779528376.955555,0.0,0.0,-0.19024088846738194,0.0,0.0,-0.30751039201804853,0.0,1.4255999999999998,-0.198,0.0,0.0,-0.2,0.0,0.0,-0.19198621771937624,0.0,-0.0020777729190408684,-0.22647724817545464,square,2,0.2,1.0,29,58,5.730122804641724,0.0
1779528376.9654112,0.0,0.0,-0.19198621771937624,0.0,-0.0020777729190408684,-0.22647724817545464,0.0,1.3068,0.35639999999999994,0.0,0.0,-0.2,0.0,0.0,-0.1937315469713706,0.0,0.0020777729190408684,-0.19531065438984163,square,2,0.2,1.0,29,58,5.740142107009888,0.0
1779528376.9754136,0.0,0.0,-0.1937315469713706,0.0,0.0020777729190408684,-0.19531065438984163,-0.0792,1.2672,0.0396,0.0,0.0,-0.2,0.0,0.0,-0.1954768762233649,0.004155545838081737,0.0,-0.15375519600902426,square,2,0.2,1.0,29,58,5.749998331069946,0.0
1779528376.9855082,0.0,0.0,-0.1954768762233649,0.004155545838081737,0.0,-0.15375519600902426,0.2376,1.2672,0.0396,0.0,0.0,-0.2,0.0,0.0,-0.1954768762233649,0.0020777729190408684,0.0,-0.11427751054724776,square,2,0.2,1.0,29,58,5.760000705718994,0.0
1779528376.9955583,0.0,0.0,-0.1954768762233649,0.0020777729190408684,0.0,-0.11427751054724776,0.2376,1.2672,0.396,0.0,0.0,-0.2,0.0,0.0,-0.19722220547535924,0.0020777729190408684,0.0,-0.07687759800451213,square,2,0.2,1.0,29,58,5.770095348358154,0.0
1779528377.0054104,0.0,0.0,-0.19722220547535924,0.0020777729190408684,0.0,-0.07687759800451213,0.2376,1.3068,0.8316,0.0,0.0,-0.2,0.0,0.0,-0.19722220547535924,0.0,0.0,-0.05817764173314431,square,2,0.2,1.0,29,58,5.7801454067230225,0.0
1779528377.0155587,0.0,0.0,-0.19722220547535924,0.0,0.0,-0.05817764173314431,0.1188,1.3464,0.9107999999999999,0.0,0.0,-0.2,0.0,0.0,-0.19722220547535924,-0.0020777729190408684,0.0,-0.04986655005698084,square,2,0.2,1.0,29,58,5.789997577667236,0.0
1779528377.0255725,0.0,0.0,-0.19722220547535924,-0.0020777729190408684,0.0,-0.04986655005698084,0.0,1.2276,0.7524000000000001,0.0,0.0,-0.2,0.0,0.0,-0.1989675347273536,-0.006233318757122605,0.0,-0.03739991254273563,square,2,0.2,1.0,29,58,5.800145864486694,0.0
1779528377.0354111,0.0,0.0,-0.1989675347273536,-0.006233318757122605,0.0,-0.03739991254273563,-0.0792,1.4255999999999998,0.7127999999999999,0.0,0.0,-0.2,0.0,0.0,-0.1989675347273536,0.0,0.0,-0.022855502109449553,square,2,0.2,1.0,29,58,5.810159683227539,0.0
1779528377.045498,0.0,0.0,-0.1989675347273536,0.0,0.0,-0.022855502109449553,0.0,1.3464,0.9504,0.0,0.0,-0.2,0.0,0.0,-0.1989675347273536,0.004155545838081737,0.0,-0.016622183352326948,square,2,0.2,1.0,29,58,5.819998264312744,0.0
1779528377.0554178,0.0,0.0,-0.1989675347273536,0.004155545838081737,0.0,-0.016622183352326948,0.0,1.3068,0.8712,0.0,0.0,-0.2,0.0,0.0,-0.1989675347273536,0.0020777729190408684,0.0,-0.02493327502849042,square,2,0.2,1.0,29,58,5.830085039138794,0.0
1779528377.0655186,0.0,0.0,-0.1989675347273536,0.0020777729190408684,0.0,-0.02493327502849042,-0.1188,1.1880000000000002,0.35639999999999994,0.0,0.0,-0.2,0.0,0.0,-0.1989675347273536,0.004155545838081737,0.0,-0.01246663751424521,square,2,0.2,1.0,29,58,5.840004920959473,0.0
1779528377.0755656,0.0,0.0,-0.1989675347273536,0.004155545838081737,0.0,-0.01246663751424521,0.198,1.3068,0.396,0.0,0.0,-0.2,0.0,0.0,-0.1989675347273536,0.0020777729190408684,0.0,-0.006233318757122605,square,2,0.2,1.0,29,58,5.8501057624816895,0.0
1779528377.0854163,0.0,0.0,-0.1989675347273536,0.0020777729190408684,0.0,-0.006233318757122605,0.198,1.3068,0.4752,0.0,0.0,-0.2,0.0,0.0,-0.1989675347273536,0.0,0.0020777729190408684,-0.004155545838081737,square,2,0.2,1.0,29,58,5.860152721405029,0.0
1779528377.0955126,0.0,0.0,-0.1989675347273536,0.0,0.0020777729190408684,-0.004155545838081737,-0.1188,1.2276,0.396,0.0,0.0,-0.2,0.0,0.0,-0.1989675347273536,0.0,0.0,-0.0020777729190408684,square,2,0.2,1.0,29,58,5.8700034618377686,0.0
1779528377.1055481,0.0,0.0,-0.1989675347273536,0.0,0.0,-0.0020777729190408684,-0.0792,1.2672,0.4752,0.0,0.0,-0.2,0.0,0.0,-0.1989675347273536,0.0,0.0,0.0,square,2,0.2,1.0,29,58,5.880099773406982,0.0
1779528377.115411,0.0,0.0,-0.1989675347273536,0.0,0.0,0.0,-0.1188,1.3860000000000001,0.5544000000000001,0.0,0.0,-0.2,0.0,0.0,-0.1989675347273536,-0.0020777729190408684,0.0,0.0,square,2,0.2,1.0,29,58,5.890135288238525,0.0
1779528377.1254106,0.0,0.0,-0.1989675347273536,-0.0020777729190408684,0.0,0.0,0.0396,1.2276,0.5940000000000001,0.0,0.0,-0.2,0.0,0.0,-0.1989675347273536,0.0,0.0,0.0,square,2,0.2,1.0,29,58,5.899998188018799,0.0
1779528377.135533,0.0,0.0,-0.1989675347273536,0.0,0.0,0.0,0.0,1.3860000000000001,0.35639999999999994,0.0,0.0,-0.2,0.0,0.0,-0.1989675347273536,-0.0020777729190408684,0.0,0.0,square,2,0.2,1.0,29,58,5.9099977016448975,0.0
1779528377.1454144,0.0,0.0,-0.1989675347273536,-0.0020777729190408684,0.0,0.0,-0.0396,1.1880000000000002,0.35639999999999994,0.0,0.0,-0.2,0.0,0.0,-0.1989675347273536,-0.0020777729190408684,0.0,0.0,square,2,0.2,1.0,29,58,5.9201202392578125,0.0
1779528377.1554105,0.0,0.0,-0.1989675347273536,-0.0020777729190408684,0.0,0.0,-0.0396,1.3068,0.35639999999999994,0.0,0.0,-0.2,0.0,0.0,-0.1989675347273536,0.0,0.0,0.0020777729190408684,square,2,0.2,1.0,29,58,5.930001497268677,0.0
1779528377.1655202,0.0,0.0,-0.1989675347273536,0.0,0.0,0.0020777729190408684,-0.0792,1.3464,0.35639999999999994,0.0,0.0,-0.2,0.0,0.0,-0.1989675347273536,0.0020777729190408684,0.0,0.0,square,2,0.2,1.0,29,58,5.939997673034668,0.0
1779528377.1754105,0.0,0.0,-0.1989675347273536,0.0020777729190408684,0.0,0.0,-0.0396,1.3068,0.3168,0.0,0.0,-0.2,0.0,0.0,-0.1989675347273536,0.0020777729190408684,0.0,0.0020777729190408684,square,2,0.2,1.0,29,58,5.9501073360443115,0.0
1779528377.1855721,0.0,0.0,-0.1989675347273536,0.0020777729190408684,0.0,0.0020777729190408684,-0.1188,1.2276,0.3168,0.0,0.0,-0.2,0.0,0.0,-0.1989675347273536,0.0,0.0,0.0,square,2,0.2,1.0,29,58,5.959997653961182,0.0
1779528377.195411,0.0,0.0,-0.1989675347273536,0.0,0.0,0.0,-0.1584,1.2672,-0.2376,0.0,0.0,-0.2,0.0,0.0,-0.1989675347273536,0.0,0.0,0.0,square,2,0.2,1.0,29,58,5.970159292221069,0.0
1779528377.2055714,0.0,0.0,-0.1989675347273536,0.0,0.0,0.0,0.1188,1.2276,0.396,0.0,0.0,-0.2,0.0,0.0,-0.1989675347273536,0.0,0.0,0.0,square,2,0.2,1.0,29,58,5.9799981117248535,0.0
1779528377.215412,0.0,0.0,-0.1989675347273536,0.0,0.0,0.0,0.1188,1.2672,-0.1188,0.0,0.0,-0.2,0.0,0.0,-0.1989675347273536,-0.0020777729190408684,0.0,0.0,square,2,0.2,1.0,29,58,5.990158557891846,0.0
1779528377.2253835,0.0,0.0,-0.1989675347273536,-0.0020777729190408684,0.0,0.0,0.0,1.2672,-0.198,0.0,0.0,-0.2,0.0,0.0,-0.1989675347273536,-0.0020777729190408684,0.0,0.0,square,2,0.2,1.0,29,58,5.999999046325684,0.0
1779528377.2356114,0.0,0.0,-0.1989675347273536,-0.0020777729190408684,0.0,0.0,0.0,1.2672,-0.1188,0.0,0.0,0.2,0.0,0.0,-0.1989675347273536,0.0,0.0,0.0,square,2,0.2,1.0,29,58,6.009970664978027,0.0
1779528377.2454114,0.0,0.0,-0.1989675347273536,0.0,0.0,0.0,0.0,1.1483999999999999,-0.0396,0.0,0.0,0.2,0.0,0.0,-0.1989675347273536,0.0,0.0,0.0,square,2,0.2,1.0,29,58,6.020198583602905,0.0
1779528377.2554193,0.0,0.0,-0.1989675347273536,0.0,0.0,0.0,0.0,1.3464,-0.1584,0.0,0.0,0.2,0.0,0.0,-0.1989675347273536,0.0,-0.0020777729190408684,0.0020777729190408684,square,2,0.2,1.0,29,58,6.029998540878296,0.0
1779528377.265613,0.0,0.0,-0.1989675347273536,0.0,-0.0020777729190408684,0.0020777729190408684,-0.1188,2.4948,1.9008,0.0,0.0,0.2,0.0,0.0,-0.1832595714594046,0.004155545838081737,0.0,1.3567857161336871,square,2,0.2,1.0,29,58,6.040006399154663,0.0
1779528377.2754147,0.0,0.0,-0.1832595714594046,0.004155545838081737,0.0,1.3567857161336871,-0.9107999999999999,1.0692,1.4652,0.0,0.0,0.2,0.0,0.0,-0.15358897417550102,0.0020777729190408684,0.0,2.7364269343768237,square,2,0.2,1.0,29,58,6.0502002239227295,0.0
1779528377.2854133,0.0,0.0,-0.15358897417550102,0.0020777729190408684,0.0,2.7364269343768237,-0.0396,1.0296,7.365600000000001,0.0,0.0,0.2,0.0,0.0,-0.10995574287564278,0.0,-0.0020777729190408684,3.99555732331559,square,2,0.2,1.0,29,58,6.060001850128174,0.0
1779528377.2955463,0.0,0.0,-0.10995574287564278,0.0,-0.0020777729190408684,3.99555732331559,0.0792,1.2276,1.0296,0.0,0.0,0.2,0.0,0.0,-0.06283185307179587,-0.008311091676163474,-0.0020777729190408684,4.577333740647033,square,2,0.2,1.0,29,58,6.070000410079956,0.0
1779528377.3054104,0.0,0.0,-0.06283185307179587,-0.008311091676163474,-0.0020777729190408684,4.577333740647033,0.2376,1.3068,-0.198,0.0,0.0,0.2,0.0,0.0,-0.017453292519943295,-0.0020777729190408684,0.0,4.504611688480603,square,2,0.2,1.0,29,58,6.080133438110352,0.0
1779528377.3155425,0.0,0.0,-0.017453292519943295,-0.0020777729190408684,0.0,4.504611688480603,0.0,1.3464,-2.8511999999999995,0.0,0.0,0.2,0.0,0.0,0.017453292519943295,0.0,-0.0020777729190408684,3.8563465377398516,square,2,0.2,1.0,29,58,6.0899975299835205,0.0
1779528377.3255506,0.0,0.0,0.017453292519943295,0.0,-0.0020777729190408684,3.8563465377398516,0.0,1.2672,-0.99,0.0,0.0,0.2,0.0,0.0,0.048869219055841226,0.0,0.0,3.284958985003613,square,2,0.2,1.0,29,58,6.1001296043396,0.0
1779528377.3354106,0.0,0.0,0.048869219055841226,0.0,0.0,3.284958985003613,-0.0396,1.2672,-0.0792,0.0,0.0,0.2,0.0,0.0,0.07679448708775051,0.0,0.0,2.8340822615717443,square,2,0.2,1.0,29,58,6.110137701034546,0.0
1779528377.3455412,0.0,0.0,0.07679448708775051,0.0,0.0,2.8340822615717443,-0.0396,1.2276,-1.0296,0.0,0.0,0.2,0.0,0.0,0.0994837673636768,0.0020777729190408684,0.0,2.3707389006256308,square,2,0.2,1.0,29,58,6.11999773979187,0.0
1779528377.3554144,0.0,0.0,0.0994837673636768,0.0020777729190408684,0.0,2.3707389006256308,0.0396,1.3068,0.0,0.0,0.0,0.2,0.0,0.0,0.11868238913561442,0.0,0.0,1.9780398189269066,square,2,0.2,1.0,29,58,6.130128383636475,0.0
1779528377.3655198,0.0,0.0,0.11868238913561442,0.0,0.0,1.9780398189269066,0.0,1.1483999999999999,-0.5940000000000001,0.0,0.0,0.2,0.0,0.0,0.1343903524035634,0.0,0.0,1.641440606042286,square,2,0.2,1.0,29,58,6.140001535415649,0.0
1779528377.375412,0.0,0.0,0.1343903524035634,0.0,0.0,1.641440606042286,-0.0396,1.2672,-0.0792,0.0,0.0,0.2,0.0,0.0,0.1466076571675237,0.0,0.0,1.358863489052728,square,2,0.2,1.0,29,58,6.150106906890869,0.0
1779528377.3855796,0.0,0.0,0.1466076571675237,0.0,0.0,1.358863489052728,-0.0792,1.2672,0.0,0.0,0.0,0.2,0.0,0.0,0.15707963267948966,0.0,0.0,1.1136862846059055,square,2,0.2,1.0,29,58,6.159999132156372,0.0
1779528377.3955946,0.0,0.0,0.15707963267948966,0.0,0.0,1.1136862846059055,-0.1188,1.1483999999999999,0.198,0.0,0.0,0.2,0.0,0.0,0.1658062789394613,0.0020777729190408684,0.0,0.9142200843779821,square,2,0.2,1.0,29,58,6.170166730880737,0.0
1779528377.4055274,0.0,0.0,0.1658062789394613,0.0020777729190408684,0.0,0.9142200843779821,0.1584,1.3464,-0.0396,0.0,0.0,0.2,0.0,0.0,0.17278759594743864,0.0,0.0020777729190408684,0.74176493209759,square,2,0.2,1.0,29,58,6.1801817417144775,0.0
1779528377.4155388,0.0,0.0,0.17278759594743864,0.0,0.0020777729190408684,0.74176493209759,-0.0792,1.3464,-0.0396,0.0,0.0,0.2,0.0,0.0,0.17802358370342164,-0.0020777729190408684,0.0,0.5963208277647293,square,2,0.2,1.0,29,58,6.190114498138428,0.0
1779528377.425588,0.0,0.0,0.17802358370342164,-0.0020777729190408684,0.0,0.5963208277647293,0.0,1.4255999999999998,0.27720000000000006,0.0,0.0,0.2,0.0,0.0,0.1832595714594046,0.0,0.0,0.4841210901365223,square,2,0.2,1.0,29,58,6.2001259326934814,0.0
1779528377.4354131,0.0,0.0,0.1832595714594046,0.0,0.0,0.4841210901365223,-0.0396,1.2672,0.3168,0.0,0.0,0.2,0.0,0.0,0.1867502299633933,0.0,0.0,0.3864657629416015,square,2,0.2,1.0,29,58,6.210175037384033,0.0
1779528377.4455366,0.0,0.0,0.1867502299633933,0.0,0.0,0.3864657629416015,-0.0396,1.3860000000000001,-0.0792,0.0,0.0,0.2,0.0,0.0,0.19024088846738194,0.0020777729190408684,0.0,0.3033548461799668,square,2,0.2,1.0,29,58,6.220000267028809,0.0
1779528377.45541,0.0,0.0,0.19024088846738194,0.0020777729190408684,0.0,0.3033548461799668,-0.1188,1.2276,0.0792,0.0,0.0,0.2,0.0,0.0,0.19198621771937624,0.0,-0.0020777729190408684,0.236866112770659,square,2,0.2,1.0,29,58,6.23012375831604,0.0
1779528377.4654121,0.0,0.0,0.19198621771937624,0.0,-0.0020777729190408684,0.236866112770659,-0.0792,1.3068,0.4752,0.0,0.0,0.2,0.0,0.0,0.1937315469713706,0.0,0.0,0.1973884273088825,square,2,0.2,1.0,29,58,6.239997148513794,0.0
1779528377.475577,0.0,0.0,0.1937315469713706,0.0,0.0,0.1973884273088825,-0.1188,1.3464,0.198,0.0,0.0,0.2,0.0,0.0,0.1954768762233649,0.0,0.0,0.1516774230899834,square,2,0.2,1.0,29,58,6.249999284744263,0.0
1779528377.4854112,0.0,0.0,0.1954768762233649,0.0,0.0,0.1516774230899834,-0.0792,1.3068,0.4752,0.0,0.0,0.2,0.0,0.0,0.1954768762233649,-0.0020777729190408684,0.0,0.1121997376282069,square,2,0.2,1.0,29,58,6.260164260864258,0.0
1779528377.4954104,0.0,0.0,0.1954768762233649,-0.0020777729190408684,0.0,0.1121997376282069,-0.0792,1.4652,0.5940000000000001,0.0,0.0,0.2,0.0,0.0,0.19722220547535924,0.0,0.0,0.08311091676163473,square,2,0.2,1.0,29,58,6.26999831199646,0.0
1779528377.5055609,0.0,0.0,0.19722220547535924,0.0,0.0,0.08311091676163473,-0.0792,1.2672,0.6732,0.0,0.0,0.2,0.0,0.0,0.19722220547535924,0.0,0.0,0.08311091676163473,square,2,0.2,1.0,29,58,6.2799975872039795,0.0
1779528377.5154102,0.0,0.0,0.19722220547535924,0.0,0.0,0.08311091676163473,-0.0792,1.2672,0.6732,0.0,0.0,0.2,0.0,0.0,0.19722220547535924,0.0,0.0,0.06025541465218518,square,2,0.2,1.0,29,58,6.290148019790649,0.0
1779528377.5254104,0.0,0.0,0.19722220547535924,0.0,0.0,0.06025541465218518,-0.0792,1.4652,0.198,0.0,0.0,0.2,0.0,0.0,0.1989675347273536,0.0,0.0,0.033244366704653895,square,2,0.2,1.0,29,58,6.299997329711914,0.0
1779528377.535411,0.0,0.0,0.1989675347273536,0.0,0.0,0.033244366704653895,-0.0792,1.4255999999999998,0.5544000000000001,0.0,0.0,0.2,0.0,0.0,0.1989675347273536,0.0,0.0,0.035322139623694765,square,2,0.2,1.0,29,58,6.30999755859375,0.0
1779528377.5454106,0.0,0.0,0.1989675347273536,0.0,0.0,0.035322139623694765,-0.0792,1.3464,0.0396,0.0,0.0,0.2,0.0,0.0,0.1989675347273536,0.0020777729190408684,0.0,0.02493327502849042,square,2,0.2,1.0,29,58,6.319998025894165,0.0
1779528377.5555196,0.0,0.0,0.1989675347273536,0.0020777729190408684,0.0,0.02493327502849042,-0.0792,1.3464,0.1188,0.0,0.0,0.2,0.0,0.0,0.1989675347273536,0.0,0.0,0.016622183352326948,square,2,0.2,1.0,29,58,6.329997777938843,0.0
1779528377.5654109,0.0,0.0,0.1989675347273536,0.0,0.0,0.016622183352326948,-0.0396,1.3860000000000001,0.0792,0.0,0.0,0.2,0.0,0.0,0.1989675347273536,0.0,0.0,0.008311091676163474,square,2,0.2,1.0,29,58,6.340106725692749,0.0
1779528377.575513,0.0,0.0,0.1989675347273536,0.0,0.0,0.008311091676163474,-0.0792,1.3068,0.1584,0.0,0.0,0.2,0.0,0.0,0.1989675347273536,0.0,0.0,0.0020777729190408684,square,2,0.2,1.0,29,58,6.3499979972839355,0.0
1779528377.5854106,0.0,0.0,0.1989675347273536,0.0,0.0,0.0020777729190408684,-0.0396,1.3464,0.198,0.0,0.0,0.2,0.0,0.0,0.1989675347273536,0.0,0.0,0.0020777729190408684,square,2,0.2,1.0,29,58,6.360100030899048,0.0
1779528377.595499,0.0,0.0,0.1989675347273536,0.0,0.0,0.0020777729190408684,-0.0792,1.3464,0.1584,0.0,0.0,0.2,0.0,0.0,0.1989675347273536,-0.0020777729190408684,0.0,0.0020777729190408684,square,2,0.2,1.0,29,58,6.36999773979187,0.0
1779528377.60541,0.0,0.0,0.1989675347273536,-0.0020777729190408684,0.0,0.0020777729190408684,-0.0396,1.3860000000000001,0.198,0.0,0.0,0.2,0.0,0.0,0.1989675347273536,0.0,0.0,0.0,square,2,0.2,1.0,29,58,6.380086183547974,0.0
1779528377.6156352,0.0,0.0,0.1989675347273536,0.0,0.0,0.0,-0.0396,1.2276,0.1188,0.0,0.0,0.2,0.0,0.0,0.1989675347273536,0.0,0.0,0.0,square,2,0.2,1.0,29,58,6.389997243881226,0.0
1779528377.625411,0.0,0.0,0.1989675347273536,0.0,0.0,0.0,-0.1188,1.4255999999999998,0.198,0.0,0.0,0.2,0.0,0.0,0.1989675347273536,0.0,0.0,0.0,square,2,0.2,1.0,29,58,6.400222301483154,0.0
1779528377.6355097,0.0,0.0,0.1989675347273536,0.0,0.0,0.0,-0.0792,1.3860000000000001,0.1188,0.0,0.0,0.2,0.0,0.0,0.1989675347273536,0.0,0.0,0.0,square,2,0.2,1.0,29,58,6.409998178482056,0.0
1779528377.6455345,0.0,0.0,0.1989675347273536,0.0,0.0,0.0,-0.0792,1.3860000000000001,0.1188,0.0,0.0,0.2,0.0,0.0,0.1989675347273536,0.0,0.0,0.0,square,2,0.2,1.0,29,58,6.4200968742370605,0.0
1779528377.6554139,0.0,0.0,0.1989675347273536,0.0,0.0,0.0,-0.1188,1.4255999999999998,0.0792,0.0,0.0,0.2,0.0,0.0,0.1989675347273536,0.0020777729190408684,0.0,0.0,square,2,0.2,1.0,29,58,6.430121660232544,0.0
1779528377.6654077,0.0,0.0,0.1989675347273536,0.0020777729190408684,0.0,0.0,-0.0792,1.5048000000000001,0.1584,0.0,0.0,0.2,0.0,0.0,0.1989675347273536,0.0,0.0,-0.0020777729190408684,square,2,0.2,1.0,29,58,6.440001010894775,0.0
1779528377.675544,0.0,0.0,0.1989675347273536,0.0,0.0,-0.0020777729190408684,-0.1188,1.3068,0.0,0.0,0.0,0.2,0.0,0.0,0.1989675347273536,0.0,0.0,0.0,square,2,0.2,1.0,29,58,6.449994802474976,0.0
1779528377.6854107,0.0,0.0,0.1989675347273536,0.0,0.0,0.0,-0.0396,1.3068,-0.0396,0.0,0.0,0.2,0.0,0.0,0.1989675347273536,-0.0020777729190408684,0.0020777729190408684,0.0,square,2,0.2,1.0,29,58,6.4601311683654785,0.0
1779528377.69552,0.0,0.0,0.1989675347273536,-0.0020777729190408684,0.0020777729190408684,0.0,0.0,1.4255999999999998,-0.0396,0.0,0.0,0.2,0.0,0.0,0.1989675347273536,0.0,0.0,0.0,square,2,0.2,1.0,29,58,6.469997882843018,0.0
1779528377.7054107,0.0,0.0,0.1989675347273536,0.0,0.0,0.0,0.0,1.5048000000000001,-0.0396,0.0,0.0,0.2,0.0,0.0,0.1989675347273536,0.0,0.0,-0.0020777729190408684,square,2,0.2,1.0,29,58,6.480107069015503,0.0
1779528377.7154114,0.0,0.0,0.1989675347273536,0.0,0.0,-0.0020777729190408684,0.0,1.4652,0.0396,0.0,0.0,0.2,0.0,0.0,0.1989675347273536,0.0,0.0,0.0,square,2,0.2,1.0,29,58,6.489997863769531,0.0
1779528377.7253835,0.0,0.0,0.1989675347273536,0.0,0.0,0.0,-0.0396,1.3860000000000001,0.0396,0.0,0.0,0.2,0.0,0.0,0.1989675347273536,0.0020777729190408684,0.0,0.0,square,2,0.2,1.0,29,58,6.499998569488525,0.0
1779528377.7355585,0.0,0.0,0.1989675347273536,0.0020777729190408684,0.0,0.0,-0.0792,1.4255999999999998,0.0,0.0,0.0,-0.2,0.0,0.0,0.1989675347273536,0.0,0.0,0.0,square,2,0.2,1.0,29,58,6.509970664978027,0.0
1779528377.7454143,0.0,0.0,0.1989675347273536,0.0,0.0,0.0,-0.0792,1.3860000000000001,0.0396,0.0,0.0,-0.2,0.0,0.0,0.1989675347273536,0.0,-0.0020777729190408684,0.0,square,2,0.2,1.0,29,58,6.520145654678345,0.0
1779528377.75541,0.0,0.0,0.1989675347273536,0.0,-0.0020777729190408684,0.0,-0.1188,1.3464,0.0396,0.0,0.0,-0.2,0.0,0.0,0.1989675347273536,0.0,0.0,-0.0020777729190408684,square,2,0.2,1.0,29,58,6.530001401901245,0.0
1779528377.765528,0.0,0.0,0.1989675347273536,0.0,0.0,-0.0020777729190408684,-0.1584,3.6036,1.8215999999999999,0.0,0.0,-0.2,0.0,0.0,0.1832595714594046,0.0020777729190408684,-0.0020777729190408684,-1.3463968515384828,square,2,0.2,1.0,29,58,6.539997100830078,0.0
1779528377.7755578,0.0,0.0,0.1832595714594046,0.0020777729190408684,-0.0020777729190408684,-1.3463968515384828,-1.2276,1.1483999999999999,0.9107999999999999,0.0,0.0,-0.2,0.0,0.0,0.15358897417550102,0.0,-0.010388864595204342,-2.748893571891069,square,2,0.2,1.0,29,58,6.55011510848999,0.0
1779528377.7854095,0.0,0.0,0.15358897417550102,0.0,-0.010388864595204342,-2.748893571891069,-0.198,0.9504,4.7916,0.0,0.0,-0.2,0.0,0.0,0.10995574287564278,0.0,0.0,-3.9643907295299767,square,2,0.2,1.0,29,58,6.560144901275635,0.0
1779528377.7954147,0.0,0.0,0.10995574287564278,0.0,0.0,-3.9643907295299767,0.0,1.2672,1.5444,0.0,0.0,-0.2,0.0,0.0,0.06283185307179587,0.0,-0.0020777729190408684,-4.533700509347175,square,2,0.2,1.0,29,58,6.56999659538269,0.0
1779528377.8054106,0.0,0.0,0.06283185307179587,0.0,-0.0020777729190408684,-4.533700509347175,-0.4356,1.3068,-0.0792,0.0,0.0,-0.2,0.0,0.0,0.017453292519943295,0.0,0.004155545838081737,-4.548244919780461,square,2,0.2,1.0,29,58,6.5800018310546875,0.0
1779528377.8154135,0.0,0.0,0.017453292519943295,0.0,0.004155545838081737,-4.548244919780461,-0.2376,1.5048000000000001,-3.6036,0.0,0.0,-0.2,0.0,0.0,-0.017453292519943295,-0.0020777729190408684,0.006233318757122605,-3.8792020398493015,square,2,0.2,1.0,29,58,6.5899977684021,0.0
1779528377.8254097,0.0,0.0,-0.017453292519943295,-0.0020777729190408684,0.006233318757122605,-3.8792020398493015,-0.0396,1.5048000000000001,-0.8316,0.0,0.0,-0.2,0.0,0.0,-0.048869219055841226,-0.004155545838081737,0.0020777729190408684,-3.2911923037607353,square,2,0.2,1.0,29,58,6.600000619888306,0.0
1779528377.8354077,0.0,0.0,-0.048869219055841226,-0.004155545838081737,0.0020777729190408684,-3.2911923037607353,-0.1188,1.3464,-0.4356,0.0,0.0,-0.2,0.0,0.0,-0.07679448708775051,-0.0020777729190408684,0.0,-2.838237807409826,square,2,0.2,1.0,29,58,6.609996795654297,0.0
1779528377.8455353,0.0,0.0,-0.07679448708775051,-0.0020777729190408684,0.0,-2.838237807409826,-0.1584,1.3464,-1.1483999999999999,0.0,0.0,-0.2,0.0,0.0,-0.0994837673636768,0.0020777729190408684,0.0,-2.3769722193827536,square,2,0.2,1.0,29,58,6.619994878768921,0.0
1779528377.8554235,0.0,0.0,-0.0994837673636768,0.0020777729190408684,0.0,-2.3769722193827536,0.0,1.2672,0.0396,0.0,0.0,-0.2,0.0,0.0,-0.11868238913561442,0.004155545838081737,0.0,-1.9842731376840292,square,2,0.2,1.0,29,58,6.630122423171997,0.0
1779528377.8654099,0.0,0.0,-0.11868238913561442,0.004155545838081737,0.0,-1.9842731376840292,-0.1188,1.1483999999999999,-0.3168,0.0,0.0,-0.2,0.0,0.0,-0.1343903524035634,0.004155545838081737,0.0,-1.6476739247994086,square,2,0.2,1.0,29,58,6.640010595321655,0.0
1779528377.8754137,0.0,0.0,-0.1343903524035634,0.004155545838081737,0.0,-1.6476739247994086,0.1584,1.3464,-0.0396,0.0,0.0,-0.2,0.0,0.0,-0.1466076571675237,0.0,0.0,-1.3650968078098504,square,2,0.2,1.0,29,58,6.649996995925903,0.0
1779528377.8854146,0.0,0.0,-0.1466076571675237,0.0,0.0,-1.3650968078098504,-0.1584,1.2672,0.0,0.0,0.0,-0.2,0.0,0.0,-0.15707963267948966,0.0,0.0,-1.1136862846059055,square,2,0.2,1.0,29,58,6.660000801086426,0.0
1779528377.895411,0.0,0.0,-0.15707963267948966,0.0,0.0,-1.1136862846059055,-0.1188,1.2672,0.198,0.0,0.0,-0.2,0.0,0.0,-0.1658062789394613,0.0,-0.0020777729190408684,-0.9100645385399003,square,2,0.2,1.0,29,58,6.670001745223999,0.0
1779528377.9054117,0.0,0.0,-0.1658062789394613,0.0,-0.0020777729190408684,-0.9100645385399003,-0.0396,1.3860000000000001,-0.198,0.0,0.0,-0.2,0.0,0.0,-0.17278759594743864,0.0,0.0,-0.7376093862595082,square,2,0.2,1.0,29,58,6.679998159408569,0.0
1779528377.9154139,0.0,0.0,-0.17278759594743864,0.0,0.0,-0.7376093862595082,-0.1584,1.3860000000000001,0.1188,0.0,0.0,-0.2,0.0,0.0,-0.17802358370342164,0.0,0.0,-0.5963208277647293,square,2,0.2,1.0,29,58,6.6899988651275635,0.0
1779528377.9254081,0.0,0.0,-0.17802358370342164,0.0,0.0,-0.5963208277647293,-0.0396,1.3464,0.0,0.0,0.0,-0.2,0.0,0.0,-0.1832595714594046,-0.0020777729190408684,0.0020777729190408684,-0.4882766359746041,square,2,0.2,1.0,29,58,6.700001001358032,0.0
1779528377.9354124,0.0,0.0,-0.1832595714594046,-0.0020777729190408684,0.0020777729190408684,-0.4882766359746041,-0.0396,1.2672,0.1584,0.0,0.0,-0.2,0.0,0.0,-0.1867502299633933,0.0,0.0,-0.3739991254273563,square,2,0.2,1.0,29,58,6.709995269775391,0.0
1779528377.9454095,0.0,0.0,-0.1867502299633933,0.0,0.0,-0.3739991254273563,-0.0396,1.4255999999999998,0.2376,0.0,0.0,-0.2,0.0,0.0,-0.19024088846738194,-0.0020777729190408684,0.0,-0.3095881649370894,square,2,0.2,1.0,29,58,6.719999551773071,0.0
1779528377.955411,0.0,0.0,-0.19024088846738194,-0.0020777729190408684,0.0,-0.3095881649370894,0.0,1.3068,-0.198,0.0,0.0,-0.2,0.0,0.0,-0.19198621771937624,0.0,0.0,-0.22647724817545464,square,2,0.2,1.0,29,58,6.729996681213379,0.0
1779528377.9654114,0.0,0.0,-0.19198621771937624,0.0,0.0,-0.22647724817545464,0.0,1.3464,0.5148,0.0,0.0,-0.2,0.0,0.0,-0.1937315469713706,0.0,0.0,-0.19323288147080075,square,2,0.2,1.0,29,58,6.73999810218811,0.0
1779528377.9754105,0.0,0.0,-0.1937315469713706,0.0,0.0,-0.19323288147080075,-0.0396,1.2672,0.35639999999999994,0.0,0.0,-0.2,0.0,0.0,-0.1954768762233649,0.0020777729190408684,-0.0020777729190408684,-0.15375519600902426,square,2,0.2,1.0,29,58,6.749998569488525,0.0
1779528377.985408,0.0,0.0,-0.1954768762233649,0.0020777729190408684,-0.0020777729190408684,-0.15375519600902426,-0.198,1.3068,0.198,0.0,0.0,-0.2,0.0,0.0,-0.1954768762233649,0.0020777729190408684,-0.0020777729190408684,-0.11427751054724776,square,2,0.2,1.0,29,58,6.759997606277466,0.0
1779528377.9954133,0.0,0.0,-0.1954768762233649,0.0020777729190408684,-0.0020777729190408684,-0.11427751054724776,0.3168,1.1880000000000002,0.396,0.0,0.0,-0.2,0.0,0.0,-0.19722220547535924,0.0,-0.0020777729190408684,-0.07687759800451213,square,2,0.2,1.0,29,58,6.769995212554932,0.0
1779528378.0055974,0.0,0.0,-0.19722220547535924,0.0,-0.0020777729190408684,-0.07687759800451213,0.198,1.3860000000000001,0.6732,0.0,0.0,-0.2,0.0,0.0,-0.19722220547535924,-0.0020777729190408684,0.0,-0.05402209589506258,square,2,0.2,1.0,29,58,6.780000448226929,0.0
1779528378.0154128,0.0,0.0,-0.19722220547535924,-0.0020777729190408684,0.0,-0.05402209589506258,-0.0396,1.3860000000000001,0.792,0.0,0.0,-0.2,0.0,0.0,-0.19722220547535924,-0.006233318757122605,0.0020777729190408684,-0.04986655005698084,square,2,0.2,1.0,29,58,6.790184497833252,0.0
1779528378.0255108,0.0,0.0,-0.19722220547535924,-0.006233318757122605,0.0020777729190408684,-0.04986655005698084,-0.0396,1.3860000000000001,0.5940000000000001,0.0,0.0,-0.2,0.0,0.0,-0.1989675347273536,-0.004155545838081737,0.0,-0.033244366704653895,square,2,0.2,1.0,29,58,6.799999952316284,0.0
1779528378.0354106,0.0,0.0,-0.1989675347273536,-0.004155545838081737,0.0,-0.033244366704653895,-0.0792,1.3464,0.6336,0.0,0.0,-0.2,0.0,0.0,-0.1989675347273536,-0.0020777729190408684,0.0,-0.022855502109449553,square,2,0.2,1.0,29,58,6.810097932815552,0.0
1779528378.0455413,0.0,0.0,-0.1989675347273536,-0.0020777729190408684,0.0,-0.022855502109449553,0.0,1.2276,0.6732,0.0,0.0,-0.2,0.0,0.0,-0.1989675347273536,0.0020777729190408684,0.0,-0.020777729190408684,square,2,0.2,1.0,29,58,6.819997787475586,0.0
1779528378.0555184,0.0,0.0,-0.1989675347273536,0.0020777729190408684,0.0,-0.020777729190408684,0.0,1.4652,0.5148,0.0,0.0,-0.2,0.0,0.0,-0.1989675347273536,0.0,0.0,-0.02701104794753129,square,2,0.2,1.0,29,58,6.83012843132019,0.0
1779528378.0656917,0.0,0.0,-0.1989675347273536,0.0,0.0,-0.02701104794753129,-0.1188,1.3860000000000001,0.0396,0.0,0.0,-0.2,0.0,0.0,-0.1989675347273536,0.0020777729190408684,0.0,-0.014544410433286078,square,2,0.2,1.0,29,58,6.8401055335998535,0.0
1779528378.075439,0.0,0.0,-0.1989675347273536,0.0020777729190408684,0.0,-0.014544410433286078,0.1188,1.3068,0.2376,0.0,0.0,-0.2,0.0,0.0,-0.1989675347273536,0.0020777729190408684,0.0,-0.006233318757122605,square,2,0.2,1.0,29,58,6.850278854370117,0.0
1779528378.0854154,0.0,0.0,-0.1989675347273536,0.0020777729190408684,0.0,-0.006233318757122605,-0.1584,1.3068,0.27720000000000006,0.0,0.0,-0.2,0.0,0.0,-0.1989675347273536,0.0,0.0,-0.004155545838081737,square,2,0.2,1.0,29,58,6.860026121139526,0.0
1779528378.0955012,0.0,0.0,-0.1989675347273536,0.0,0.0,-0.004155545838081737,-0.1584,1.3068,0.35639999999999994,0.0,0.0,-0.2,0.0,0.0,-0.1989675347273536,0.0,0.0,-0.0020777729190408684,square,2,0.2,1.0,29,58,6.870002508163452,0.0
1779528378.105539,0.0,0.0,-0.1989675347273536,0.0,0.0,-0.0020777729190408684,-0.1188,1.3464,0.1584,0.0,0.0,-0.2,0.0,0.0,-0.1989675347273536,0.0,0.0,0.0,square,2,0.2,1.0,29,58,6.8800883293151855,0.0
1779528378.1154099,0.0,0.0,-0.1989675347273536,0.0,0.0,0.0,-0.0792,1.2672,0.3168,0.0,0.0,-0.2,0.0,0.0,-0.1989675347273536,-0.004155545838081737,0.0,0.0020777729190408684,square,2,0.2,1.0,29,58,6.8901262283325195,0.0
1779528378.1255202,0.0,0.0,-0.1989675347273536,-0.004155545838081737,0.0,0.0020777729190408684,0.0396,1.3068,0.2376,0.0,0.0,-0.2,0.0,0.0,-0.1989675347273536,-0.0020777729190408684,0.0,0.0,square,2,0.2,1.0,29,58,6.899996995925903,0.0
1779528378.1354113,0.0,0.0,-0.1989675347273536,-0.0020777729190408684,0.0,0.0,0.0,1.3464,0.1188,0.0,0.0,-0.2,0.0,0.0,-0.1989675347273536,0.0,0.0,0.0,square,2,0.2,1.0,29,58,6.910107374191284,0.0
1779528378.1455564,0.0,0.0,-0.1989675347273536,0.0,0.0,0.0,0.0,1.3068,0.1188,0.0,0.0,-0.2,0.0,0.0,-0.1989675347273536,0.0,0.0,0.0,square,2,0.2,1.0,29,58,6.919998407363892,0.0
1779528378.155414,0.0,0.0,-0.1989675347273536,0.0,0.0,0.0,-0.0396,1.2672,0.2376,0.0,0.0,-0.2,0.0,0.0,-0.1989675347273536,0.0,0.0,0.0,square,2,0.2,1.0,29,58,6.930143594741821,0.0
1779528378.1654098,0.0,0.0,-0.1989675347273536,0.0,0.0,0.0,-0.0396,1.2276,0.0396,0.0,0.0,-0.2,0.0,0.0,-0.1989675347273536,0.0020777729190408684,0.0,0.0,square,2,0.2,1.0,29,58,6.9400012493133545,0.0
1779528378.1754162,0.0,0.0,-0.1989675347273536,0.0020777729190408684,0.0,0.0,-0.0792,1.2672,0.1584,0.0,0.0,-0.2,0.0,0.0,-0.1989675347273536,0.0,-0.0020777729190408684,0.0,square,2,0.2,1.0,29,58,6.9499969482421875,0.0
1779528378.1854157,0.0,0.0,-0.1989675347273536,0.0,-0.0020777729190408684,0.0,-0.1584,1.2672,0.0792,0.0,0.0,-0.2,0.0,0.0,-0.1989675347273536,0.004155545838081737,0.0,0.0,square,2,0.2,1.0,29,58,6.96000337600708,0.0
1779528378.1954138,0.0,0.0,-0.1989675347273536,0.004155545838081737,0.0,0.0,0.198,1.2672,-0.1584,0.0,0.0,-0.2,0.0,0.0,-0.1989675347273536,0.0,0.0,0.0,square,2,0.2,1.0,29,58,6.970002889633179,0.0
1779528378.2055433,0.0,0.0,-0.1989675347273536,0.0,0.0,0.0,0.1188,1.2672,-0.1188,0.0,0.0,-0.2,0.0,0.0,-0.1989675347273536,0.0,0.0,0.0,square,2,0.2,1.0,29,58,6.980000972747803,0.0
1779528378.2155485,0.0,0.0,-0.1989675347273536,0.0,0.0,0.0,-0.0792,1.3464,-0.0396,0.0,0.0,-0.2,0.0,0.0,-0.1989675347273536,0.0,0.0,0.0,square,2,0.2,1.0,29,58,6.990130424499512,0.0
1779528378.2254124,0.0,0.0,-0.1989675347273536,0.0,0.0,0.0,-0.0396,1.1880000000000002,0.0,0.0,0.0,0.2,0.0,0.0,-0.1989675347273536,0.0,0.0,0.0,square,2,0.2,1.0,29,58,7.000135660171509,0.0
1779528378.2354107,0.0,0.0,-0.1989675347273536,0.0,0.0,0.0,0.0,1.3464,-0.0792,0.0,0.0,0.2,0.0,0.0,-0.1989675347273536,0.0,0.0,0.0,square,2,0.2,1.0,29,58,7.009999513626099,0.0
1779528378.2454104,0.0,0.0,-0.1989675347273536,0.0,0.0,0.0,0.0,1.2672,0.0,0.0,0.0,0.2,0.0,0.0,-0.1989675347273536,-0.0020777729190408684,0.0020777729190408684,0.0,square,2,0.2,1.0,29,58,7.019997835159302,0.0
1779528378.255415,0.0,0.0,-0.1989675347273536,-0.0020777729190408684,0.0020777729190408684,0.0,-0.0396,2.4155999999999995,2.0592,0.0,0.0,0.2,0.0,0.0,-0.1832595714594046,0.0020777729190408684,0.0020777729190408684,1.3547079432146463,square,2,0.2,1.0,29,58,7.0299975872039795,0.0
1779528378.2654085,0.0,0.0,-0.1832595714594046,0.0020777729190408684,0.0020777729190408684,1.3547079432146463,-1.1483999999999999,1.3464,1.5444,0.0,0.0,0.2,0.0,0.0,-0.15358897417550102,0.004155545838081737,0.0,2.7343491614577826,square,2,0.2,1.0,29,58,7.040002107620239,0.0
1779528378.2754102,0.0,0.0,-0.15358897417550102,0.004155545838081737,0.0,2.7343491614577826,-0.1188,1.4652,7.2863999999999995,0.0,0.0,0.2,0.0,0.0,-0.10995574287564278,0.0,0.0,3.9976350962346308,square,2,0.2,1.0,29,58,7.04999566078186,0.0
1779528378.2854135,0.0,0.0,-0.10995574287564278,0.0,0.0,3.9976350962346308,0.1188,1.3464,0.9107999999999999,0.0,0.0,0.2,0.0,0.0,-0.06283185307179587,0.0,0.0,4.581489286485115,square,2,0.2,1.0,29,58,7.059997320175171,0.0
1779528378.295486,0.0,0.0,-0.06283185307179587,0.0,0.0,4.581489286485115,-0.396,1.2672,-0.198,0.0,0.0,0.2,0.0,0.0,-0.017453292519943295,0.0,-0.0020777729190408684,4.508767234318684,square,2,0.2,1.0,29,58,7.070000648498535,0.0
1779528378.3054116,0.0,0.0,-0.017453292519943295,0.0,-0.0020777729190408684,4.508767234318684,0.0396,0.9107999999999999,-3.168,0.0,0.0,0.2,0.0,0.0,0.017453292519943295,0.0,0.0,3.8563465377398516,square,2,0.2,1.0,29,58,7.080073118209839,0.0
1779528378.315414,0.0,0.0,0.017453292519943295,0.0,0.0,3.8563465377398516,-0.1188,1.0692,-1.1880000000000002,0.0,0.0,0.2,0.0,0.0,0.048869219055841226,0.0,0.0,3.2766478933274494,square,2,0.2,1.0,29,58,7.089998722076416,0.0
1779528378.325393,0.0,0.0,0.048869219055841226,0.0,0.0,3.2766478933274494,-0.198,1.1880000000000002,0.0396,0.0,0.0,0.2,0.0,0.0,0.07679448708775051,0.0020777729190408684,-0.0020777729190408684,2.8320044886527036,square,2,0.2,1.0,29,58,7.100001096725464,0.0
1779528378.335414,0.0,0.0,0.07679448708775051,0.0020777729190408684,-0.0020777729190408684,2.8320044886527036,0.198,1.2276,-0.99,0.0,0.0,0.2,0.0,0.0,0.0994837673636768,0.0,0.0,2.3645055818685083,square,2,0.2,1.0,29,58,7.10998010635376,0.0
1779528378.3454108,0.0,0.0,0.0994837673636768,0.0,0.0,2.3645055818685083,-0.0396,1.3068,0.1188,0.0,0.0,0.2,0.0,0.0,0.11868238913561442,0.0,0.0,1.9780398189269066,square,2,0.2,1.0,29,58,7.1200010776519775,0.0
1779528378.3554075,0.0,0.0,0.11868238913561442,0.0,0.0,1.9780398189269066,-0.0396,1.1483999999999999,-0.8712,0.0,0.0,0.2,0.0,0.0,0.1343903524035634,0.0,0.0,1.641440606042286,square,2,0.2,1.0,29,58,7.129997968673706,0.0
1779528378.3654141,0.0,0.0,0.1343903524035634,0.0,0.0,1.641440606042286,-0.0396,1.1880000000000002,0.0,0.0,0.0,0.2,0.0,0.0,0.1466076571675237,0.0,0.0,1.358863489052728,square,2,0.2,1.0,29,58,7.1399946212768555,0.0
1779528378.3754106,0.0,0.0,0.1466076571675237,0.0,0.0,1.358863489052728,-0.0396,1.3068,0.0396,0.0,0.0,0.2,0.0,0.0,0.15707963267948966,0.0,0.0,1.1178418304439872,square,2,0.2,1.0,29,58,7.150001287460327,0.0
1779528378.385409,0.0,0.0,0.15707963267948966,0.0,0.0,1.1178418304439872,-0.0792,1.2276,0.1188,0.0,0.0,0.2,0.0,0.0,0.1658062789394613,0.0,0.0,0.9121423114589412,square,2,0.2,1.0,29,58,7.1599977016448975,0.0
1779528378.3954115,0.0,0.0,0.1658062789394613,0.0,0.0,0.9121423114589412,-0.1188,1.2276,-0.1584,0.0,0.0,0.2,0.0,0.0,0.17278759594743864,0.0,0.0,0.7459204779356717,square,2,0.2,1.0,29,58,7.16999626159668,0.0
1779528378.405411,0.0,0.0,0.17278759594743864,0.0,0.0,0.7459204779356717,-0.1188,1.3068,0.0396,0.0,0.0,0.2,0.0,0.0,0.17802358370342164,0.0,0.0,0.5963208277647293,square,2,0.2,1.0,29,58,7.1799986362457275,0.0
1779528378.415411,0.0,0.0,0.17802358370342164,0.0,0.0,0.5963208277647293,-0.0792,1.2672,0.0,0.0,0.0,0.2,0.0,0.0,0.1832595714594046,0.0,0.0,0.4861988630555632,square,2,0.2,1.0,29,58,7.189998149871826,0.0
1779528378.425411,0.0,0.0,0.1832595714594046,0.0,0.0,0.4861988630555632,-0.0396,1.3068,0.35639999999999994,0.0,0.0,0.2,0.0,0.0,0.1867502299633933,0.0,-0.0020777729190408684,0.38438799002256063,square,2,0.2,1.0,29,58,7.199998140335083,0.0
1779528378.4354105,0.0,0.0,0.1867502299633933,0.0,-0.0020777729190408684,0.38438799002256063,0.0,1.3860000000000001,0.0792,0.0,0.0,0.2,0.0,0.0,0.19024088846738194,0.0,0.0,0.3033548461799668,square,2,0.2,1.0,29,58,7.20999813079834,0.0
1779528378.4455388,0.0,0.0,0.19024088846738194,0.0,0.0,0.3033548461799668,-0.0792,1.4255999999999998,0.0396,0.0,0.0,0.2,0.0,0.0,0.19198621771937624,0.0,0.0,0.236866112770659,square,2,0.2,1.0,29,58,7.2199976444244385,0.0
1779528378.4554152,0.0,0.0,0.19198621771937624,0.0,0.0,0.236866112770659,-0.0792,1.2672,0.35639999999999994,0.0,0.0,0.2,0.0,0.0,0.1937315469713706,0.0020777729190408684,-0.0020777729190408684,0.19946620022792336,square,2,0.2,1.0,29,58,7.230125904083252,0.0
1779528378.465413,0.0,0.0,0.1937315469713706,0.0020777729190408684,-0.0020777729190408684,0.19946620022792336,-0.0792,1.3860000000000001,0.198,0.0,0.0,0.2,0.0,0.0,0.1954768762233649,0.0,0.0,0.14752187725190166,square,2,0.2,1.0,29,58,7.240002393722534,0.0
1779528378.4754102,0.0,0.0,0.1954768762233649,0.0,0.0,0.14752187725190166,-0.0792,1.4652,0.5544000000000001,0.0,0.0,0.2,0.0,0.0,0.1954768762233649,0.0,0.0,0.1121997376282069,square,2,0.2,1.0,29,58,7.250000238418579,0.0
1779528378.4854147,0.0,0.0,0.1954768762233649,0.0,0.0,0.1121997376282069,-0.1188,1.4255999999999998,0.6732,0.0,0.0,0.2,0.0,0.0,0.1954768762233649,0.0,0.0,0.1121997376282069,square,2,0.2,1.0,29,58,7.259997367858887,0.0
1779528378.4954076,0.0,0.0,0.1954768762233649,0.0,0.0,0.1121997376282069,-0.1188,1.4255999999999998,0.6732,0.0,0.0,0.2,0.0,0.0,0.19722220547535924,0.0,0.0,0.05609986881410345,square,2,0.2,1.0,29,58,7.2700018882751465,0.0
1779528378.5054119,0.0,0.0,0.19722220547535924,0.0,0.0,0.05609986881410345,-0.1188,1.3860000000000001,1.0296,0.0,0.0,0.2,0.0,0.0,0.19722220547535924,0.0,0.0,0.06233318757122605,square,2,0.2,1.0,29,58,7.27999472618103,0.0
1779528378.5154133,0.0,0.0,0.19722220547535924,0.0,0.0,0.06233318757122605,-0.0396,1.3860000000000001,0.0792,0.0,0.0,0.2,0.0,0.0,0.1989675347273536,0.0,0.0020777729190408684,0.033244366704653895,square,2,0.2,1.0,29,58,7.289999008178711,0.0
1779528378.525408,0.0,0.0,0.1989675347273536,0.0,0.0020777729190408684,0.033244366704653895,-0.0792,1.4255999999999998,0.792,0.0,0.0,0.2,0.0,0.0,0.1989675347273536,0.0,0.0,0.035322139623694765,square,2,0.2,1.0,29,58,7.300000429153442,0.0
1779528378.535411,0.0,0.0,0.1989675347273536,0.0,0.0,0.035322139623694765,-0.1188,1.4255999999999998,0.27720000000000006,0.0,0.0,0.2,0.0,0.0,0.1989675347273536,0.0,0.0,0.031166593785613025,square,2,0.2,1.0,29,58,7.309995174407959,0.0
1779528378.545409,0.0,0.0,0.1989675347273536,0.0,0.0,0.031166593785613025,-0.1188,1.4255999999999998,0.0792,0.0,0.0,0.2,0.0,0.0,0.1989675347273536,0.0,0.0,0.016622183352326948,square,2,0.2,1.0,29,58,7.319998025894165,0.0
1779528378.5554082,0.0,0.0,0.1989675347273536,0.0,0.0,0.016622183352326948,-0.0396,1.2672,0.198,0.0,0.0,0.2,0.0,0.0,0.1989675347273536,0.0,0.0,0.008311091676163474,square,2,0.2,1.0,29,58,7.329996109008789,0.0
1779528378.5654125,0.0,0.0,0.1989675347273536,0.0,0.0,0.008311091676163474,-0.0396,1.3464,0.35639999999999994,0.0,0.0,0.2,0.0,0.0,0.1989675347273536,0.0,0.0,0.0020777729190408684,square,2,0.2,1.0,29,58,7.339995384216309,0.0
1779528378.575411,0.0,0.0,0.1989675347273536,0.0,0.0,0.0020777729190408684,-0.0792,1.3464,0.3168,0.0,0.0,0.2,0.0,0.0,0.1989675347273536,-0.0020777729190408684,0.0,0.004155545838081737,square,2,0.2,1.0,29,58,7.349999666213989,0.0
1779528378.5854075,0.0,0.0,0.1989675347273536,-0.0020777729190408684,0.0,0.004155545838081737,-0.0792,1.3860000000000001,0.2376,0.0,0.0,0.2,0.0,0.0,0.1989675347273536,0.0,0.0,0.0020777729190408684,square,2,0.2,1.0,29,58,7.3599982261657715,0.0
1779528378.5954142,0.0,0.0,0.1989675347273536,0.0,0.0,0.0020777729190408684,-0.0396,1.3860000000000001,0.2376,0.0,0.0,0.2,0.0,0.0,0.1989675347273536,0.0,0.0,0.0,square,2,0.2,1.0,29,58,7.369994640350342,0.0
1779528378.6054134,0.0,0.0,0.1989675347273536,0.0,0.0,0.0,-0.0792,1.4255999999999998,0.2376,0.0,0.0,0.2,0.0,0.0,0.1989675347273536,0.0,0.0,0.0,square,2,0.2,1.0,29,58,7.3800013065338135,0.0
1779528378.6156204,0.0,0.0,0.1989675347273536,0.0,0.0,0.0,-0.0792,1.3068,0.2376,0.0,0.0,0.2,0.0,0.0,0.1989675347273536,0.0,-0.0020777729190408684,0.0,square,2,0.2,1.0,29,58,7.390000581741333,0.0
1779528378.6254106,0.0,0.0,0.1989675347273536,0.0,-0.0020777729190408684,0.0,-0.0792,1.5048000000000001,0.1584,0.0,0.0,0.2,0.0,0.0,0.1989675347273536,0.0,0.0,0.0,square,2,0.2,1.0,29,58,7.40020751953125,0.0
1779528378.6354144,0.0,0.0,0.1989675347273536,0.0,0.0,0.0,-0.1188,1.4255999999999998,0.2376,0.0,0.0,0.2,0.0,0.0,0.1989675347273536,0.0,0.0,0.0,square,2,0.2,1.0,29,58,7.4099977016448975,0.0
1779528378.6455321,0.0,0.0,0.1989675347273536,0.0,0.0,0.0,0.1188,1.5048000000000001,0.1584,0.0,0.0,0.2,0.0,0.0,0.1989675347273536,0.0,0.0,0.0,square,2,0.2,1.0,29,58,7.42000150680542,0.0
1779528378.6554117,0.0,0.0,0.1989675347273536,0.0,0.0,0.0,-0.0396,1.3860000000000001,0.0792,0.0,0.0,0.2,0.0,0.0,0.1989675347273536,0.0,0.0,0.0,square,2,0.2,1.0,29,58,7.430119276046753,0.0
1779528378.6658492,0.0,0.0,0.1989675347273536,0.0,0.0,0.0,-0.1188,1.5048000000000001,0.0792,0.0,0.0,0.2,0.0,0.0,0.1989675347273536,0.0,0.0,0.0,square,2,0.2,1.0,29,58,7.4399988651275635,0.0
1779528378.6755478,0.0,0.0,0.1989675347273536,0.0,0.0,0.0,-0.0396,1.3860000000000001,-0.0396,0.0,0.0,0.2,0.0,0.0,0.1989675347273536,0.0,-0.0020777729190408684,0.0,square,2,0.2,1.0,29,58,7.450436353683472,0.0
1779528378.685416,0.0,0.0,0.1989675347273536,0.0,-0.0020777729190408684,0.0,-0.0396,1.4652,-0.0396,0.0,0.0,0.2,0.0,0.0,0.1989675347273536,0.0,0.0,0.0,square,2,0.2,1.0,29,58,7.460134983062744,0.0
1779528378.6954143,0.0,0.0,0.1989675347273536,0.0,0.0,0.0,-0.0396,1.5048000000000001,-0.0396,0.0,0.0,0.2,0.0,0.0,0.1989675347273536,0.0,0.0,0.0,square,2,0.2,1.0,29,58,7.470003128051758,0.0
1779528378.7054102,0.0,0.0,0.1989675347273536,0.0,0.0,0.0,-0.0396,1.5048000000000001,-0.0396,0.0,0.0,0.2,0.0,0.0,0.1989675347273536,0.0,0.0,0.0,square,2,0.2,1.0,29,58,7.480001449584961,0.0
1779528378.7154102,0.0,0.0,0.1989675347273536,0.0,0.0,0.0,-0.0792,1.3464,-0.0792,0.0,0.0,0.2,0.0,0.0,0.1989675347273536,0.0,0.0,0.0,square,2,0.2,1.0,29,58,7.489997386932373,0.0
1779528378.7254074,0.0,0.0,0.1989675347273536,0.0,0.0,0.0,-0.0792,1.5048000000000001,0.1584,0.0,0.0,0.2,0.0,0.0,0.1989675347273536,0.0,0.0,0.0,square,2,0.2,1.0,29,58,7.49999737739563,0.0
1779528378.7354193,0.0,0.0,0.1989675347273536,0.0,0.0,0.0,-0.1188,1.4652,0.0,0.0,0.0,-0.2,0.0,0.0,0.1989675347273536,0.0,0.0,0.0,square,2,0.2,1.0,29,58,7.5099945068359375,0.0
1779528378.74541,0.0,0.0,0.1989675347273536,0.0,0.0,0.0,0.1188,1.3464,-0.1188,0.0,0.0,-0.2,0.0,0.0,0.1989675347273536,0.0,0.0,0.0,square,2,0.2,1.0,29,58,7.520006418228149,0.0
1779528378.755514,0.0,0.0,0.1989675347273536,0.0,0.0,0.0,-0.0792,1.4255999999999998,-0.0396,0.0,0.0,-0.2,0.0,0.0,0.1989675347273536,0.0,0.0,0.0,square,2,0.2,1.0,29,58,7.529997110366821,0.0
1779528378.7655058,0.0,0.0,0.1989675347273536,0.0,0.0,0.0,0.1584,3.3264,1.7424,0.0,0.0,-0.2,0.0,0.0,0.1832595714594046,0.0,-0.0020777729190408684,-1.3463968515384828,square,2,0.2,1.0,29,58,7.540101051330566,0.0
1779528378.7755134,0.0,0.0,0.1832595714594046,0.0,-0.0020777729190408684,-1.3463968515384828,0.8316,1.6236000000000002,0.9504,0.0,0.0,-0.2,0.0,0.0,0.15358897417550102,0.0,-0.010388864595204342,-2.742660253133946,square,2,0.2,1.0,29,58,7.550092935562134,0.0
1779528378.7854106,0.0,0.0,0.15358897417550102,0.0,-0.010388864595204342,-2.742660253133946,0.1584,1.3464,4.6331999999999995,0.0,0.0,-0.2,0.0,0.0,0.10995574287564278,0.0,0.0,-3.9643907295299767,square,2,0.2,1.0,29,58,7.560100555419922,0.0
1779528378.7954137,0.0,0.0,0.10995574287564278,0.0,0.0,-3.9643907295299767,0.0,1.1880000000000002,2.4552,0.0,0.0,-0.2,0.0,0.0,0.06283185307179587,0.0,0.0,-4.539933828104298,square,2,0.2,1.0,29,58,7.569997787475586,0.0
1779528378.8054128,0.0,0.0,0.06283185307179587,0.0,0.0,-4.539933828104298,-0.27720000000000006,1.2672,0.0792,0.0,0.0,-0.2,0.0,0.0,0.017453292519943295,0.0,0.004155545838081737,-4.552400465618542,square,2,0.2,1.0,29,58,7.580000877380371,0.0
1779528378.8155353,0.0,0.0,0.017453292519943295,0.0,0.004155545838081737,-4.552400465618542,-0.198,1.1483999999999999,-3.7620000000000005,0.0,0.0,-0.2,0.0,0.0,-0.017453292519943295,-0.0020777729190408684,0.010388864595204342,-3.8771242669302604,square,2,0.2,1.0,29,58,7.5899999141693115,0.0
1779528378.8255234,0.0,0.0,-0.017453292519943295,-0.0020777729190408684,0.010388864595204342,-3.8771242669302604,-0.0792,1.3860000000000001,-0.8712,0.0,0.0,-0.2,0.0,0.0,-0.048869219055841226,-0.004155545838081737,0.0020777729190408684,-3.2911923037607353,square,2,0.2,1.0,29,58,7.600122451782227,0.0
1779528378.835409,0.0,0.0,-0.048869219055841226,-0.004155545838081737,0.0020777729190408684,-3.2911923037607353,0.0,1.5048000000000001,-0.5148,0.0,0.0,-0.2,0.0,0.0,-0.07679448708775051,0.0,0.0,-2.840315580328867,square,2,0.2,1.0,29,58,7.610110521316528,0.0
1779528378.845384,0.0,0.0,-0.07679448708775051,0.0,0.0,-2.840315580328867,0.0,1.2276,-1.2276,0.0,0.0,-0.2,0.0,0.0,-0.0994837673636768,0.0,0.0,-2.3748944464637125,square,2,0.2,1.0,29,58,7.619996070861816,0.0
1779528378.8555577,0.0,0.0,-0.0994837673636768,0.0,0.0,-2.3748944464637125,-0.1188,1.3464,0.0396,0.0,0.0,-0.2,0.0,0.0,-0.11868238913561442,0.004155545838081737,-0.0020777729190408684,-1.9821953647649884,square,2,0.2,1.0,29,58,7.629971027374268,0.0
1779528378.865422,0.0,0.0,-0.11868238913561442,0.004155545838081737,-0.0020777729190408684,-1.9821953647649884,0.198,1.3860000000000001,-0.396,0.0,0.0,-0.2,0.0,0.0,-0.1343903524035634,0.0020777729190408684,0.0,-1.6497516977184494,square,2,0.2,1.0,29,58,7.6401448249816895,0.0
1779528378.8754153,0.0,0.0,-0.1343903524035634,0.0020777729190408684,0.0,-1.6497516977184494,0.2376,1.3068,0.0,0.0,0.0,-0.2,0.0,0.0,-0.1466076571675237,0.0020777729190408684,0.0,-1.3609412619717687,square,2,0.2,1.0,29,58,7.6500091552734375,0.0
1779528378.8854144,0.0,0.0,-0.1466076571675237,0.0020777729190408684,0.0,-1.3609412619717687,0.198,1.4652,-0.0396,0.0,0.0,-0.2,0.0,0.0,-0.15707963267948966,0.0,0.0,-1.1136862846059055,square,2,0.2,1.0,29,58,7.6600024700164795,0.0
1779528378.8953726,0.0,0.0,-0.15707963267948966,0.0,0.0,-1.1136862846059055,-0.1188,1.2672,0.3168,0.0,0.0,-0.2,0.0,0.0,-0.1658062789394613,0.0,0.0,-0.9121423114589412,square,2,0.2,1.0,29,58,7.67000150680542,0.0
1779528378.9054148,0.0,0.0,-0.1658062789394613,0.0,0.0,-0.9121423114589412,-0.1188,1.4652,-0.1584,0.0,0.0,-0.2,0.0,0.0,-0.17278759594743864,-0.0020777729190408684,-0.0020777729190408684,-0.7376093862595082,square,2,0.2,1.0,29,58,7.679959774017334,0.0
1779528378.91541,0.0,0.0,-0.17278759594743864,-0.0020777729190408684,-0.0020777729190408684,-0.7376093862595082,-0.0792,1.2672,0.0396,0.0,0.0,-0.2,0.0,0.0,-0.17802358370342164,0.0,0.0020777729190408684,-0.5942430548456884,square,2,0.2,1.0,29,58,7.690001964569092,0.0
1779528378.9255266,0.0,0.0,-0.17802358370342164,0.0,0.0020777729190408684,-0.5942430548456884,-0.0792,1.3464,-0.0792,0.0,0.0,-0.2,0.0,0.0,-0.1832595714594046,-0.0020777729190408684,0.0,-0.4861988630555632,square,2,0.2,1.0,29,58,7.699997186660767,0.0
1779528378.9355547,0.0,0.0,-0.1832595714594046,-0.0020777729190408684,0.0,-0.4861988630555632,0.0,1.3464,0.2376,0.0,0.0,-0.2,0.0,0.0,-0.1867502299633933,-0.0020777729190408684,0.0,-0.3760768983463972,square,2,0.2,1.0,29,58,7.710113763809204,0.0
1779528378.9454138,0.0,0.0,-0.1867502299633933,-0.0020777729190408684,0.0,-0.3760768983463972,0.0,1.3068,0.198,0.0,0.0,-0.2,0.0,0.0,-0.19024088846738194,-0.0020777729190408684,0.0,-0.3116659378561303,square,2,0.2,1.0,29,58,7.720141887664795,0.0
1779528378.9554105,0.0,0.0,-0.19024088846738194,-0.0020777729190408684,0.0,-0.3116659378561303,0.0,1.4255999999999998,-0.198,0.0,0.0,-0.2,0.0,0.0,-0.19198621771937624,0.0,0.0,-0.22855502109449552,square,2,0.2,1.0,29,58,7.730000972747803,0.0
1779528378.9654105,0.0,0.0,-0.19198621771937624,0.0,0.0,-0.22855502109449552,-0.0396,1.3464,0.5148,0.0,0.0,-0.2,0.0,0.0,-0.1937315469713706,0.0020777729190408684,0.0,-0.1973884273088825,square,2,0.2,1.0,29,58,7.739997625350952,0.0
1779528378.975517,0.0,0.0,-0.1937315469713706,0.0020777729190408684,0.0,-0.1973884273088825,-0.1188,1.2672,0.3168,0.0,0.0,-0.2,0.0,0.0,-0.1954768762233649,0.004155545838081737,0.0,-0.15375519600902426,square,2,0.2,1.0,29,58,7.749997615814209,0.0
1779528378.9855196,0.0,0.0,-0.1954768762233649,0.004155545838081737,0.0,-0.15375519600902426,0.27720000000000006,1.3464,0.198,0.0,0.0,-0.2,0.0,0.0,-0.19722220547535924,0.006233318757122605,-0.0020777729190408684,-0.1184330563853295,square,2,0.2,1.0,29,58,7.760104179382324,0.0
1779528378.9954107,0.0,0.0,-0.19722220547535924,0.006233318757122605,-0.0020777729190408684,-0.1184330563853295,0.27720000000000006,1.3464,0.396,0.0,0.0,-0.2,0.0,0.0,-0.19722220547535924,0.0,0.0,-0.078955370923553,square,2,0.2,1.0,29,58,7.770106792449951,0.0
1779528379.0055082,0.0,0.0,-0.19722220547535924,0.0,0.0,-0.078955370923553,0.198,1.3068,0.6336,0.0,0.0,-0.2,0.0,0.0,-0.19722220547535924,0.0,0.0,-0.05817764173314431,square,2,0.2,1.0,29,58,7.779997825622559,0.0
1779528379.0154128,0.0,0.0,-0.19722220547535924,0.0,0.0,-0.05817764173314431,-0.0792,1.2672,0.792,0.0,0.0,-0.2,0.0,0.0,-0.19722220547535924,-0.004155545838081737,0.0,-0.04986655005698084,square,2,0.2,1.0,29,58,7.790095329284668,0.0
1779528379.0255334,0.0,0.0,-0.19722220547535924,-0.004155545838081737,0.0,-0.04986655005698084,0.0,1.2672,0.4752,0.0,0.0,-0.2,0.0,0.0,-0.1989675347273536,-0.004155545838081737,0.0,-0.033244366704653895,square,2,0.2,1.0,29,58,7.799999952316284,0.0
1779528379.0355139,0.0,0.0,-0.1989675347273536,-0.004155545838081737,0.0,-0.033244366704653895,-0.0396,1.2672,0.5940000000000001,0.0,0.0,-0.2,0.0,0.0,-0.1989675347273536,-0.004155545838081737,0.0,-0.022855502109449553,square,2,0.2,1.0,29,58,7.810120582580566,0.0
1779528379.045412,0.0,0.0,-0.1989675347273536,-0.004155545838081737,0.0,-0.022855502109449553,0.0,1.3068,0.7127999999999999,0.0,0.0,-0.2,0.0,0.0,-0.1989675347273536,0.0,0.0,-0.018699956271367814,square,2,0.2,1.0,29,58,7.820101022720337,0.0
1779528379.0555468,0.0,0.0,-0.1989675347273536,0.0,0.0,-0.018699956271367814,-0.0396,1.3464,0.4356,0.0,0.0,-0.2,0.0,0.0,-0.1989675347273536,0.0020777729190408684,0.0,-0.022855502109449553,square,2,0.2,1.0,29,58,7.829999208450317,0.0
1779528379.0655413,0.0,0.0,-0.1989675347273536,0.0020777729190408684,0.0,-0.022855502109449553,-0.1188,1.2672,0.0792,0.0,0.0,-0.2,0.0,0.0,-0.1989675347273536,0.0020777729190408684,0.0,-0.01246663751424521,square,2,0.2,1.0,29,58,7.840133905410767,0.0
1779528379.0755975,0.0,0.0,-0.1989675347273536,0.0020777729190408684,0.0,-0.01246663751424521,-0.0396,1.2276,0.1188,0.0,0.0,-0.2,0.0,0.0,-0.1989675347273536,0.0,0.0,-0.008311091676163474,square,2,0.2,1.0,29,58,7.850128412246704,0.0
1779528379.085414,0.0,0.0,-0.1989675347273536,0.0,0.0,-0.008311091676163474,-0.0792,1.4255999999999998,0.3168,0.0,0.0,-0.2,0.0,0.0,-0.1989675347273536,0.0,0.0,-0.004155545838081737,square,2,0.2,1.0,29,58,7.860184669494629,0.0
1779528379.095417,0.0,0.0,-0.1989675347273536,0.0,0.0,-0.004155545838081737,-0.1584,1.1880000000000002,0.2376,0.0,0.0,-0.2,0.0,0.0,-0.1989675347273536,0.0,0.0,-0.0020777729190408684,square,2,0.2,1.0,29,58,7.8700010776519775,0.0
1779528379.1055095,0.0,0.0,-0.1989675347273536,0.0,0.0,-0.0020777729190408684,-0.1188,1.3068,0.2376,0.0,0.0,-0.2,0.0,0.0,-0.1989675347273536,-0.0020777729190408684,0.0,0.0,square,2,0.2,1.0,29,58,7.880004167556763,0.0
1779528379.1154141,0.0,0.0,-0.1989675347273536,-0.0020777729190408684,0.0,0.0,-0.0396,1.3068,0.2376,0.0,0.0,-0.2,0.0,0.0,-0.1989675347273536,-0.0020777729190408684,0.0,0.0,square,2,0.2,1.0,29,58,7.890096664428711,0.0
1779528379.125412,0.0,0.0,-0.1989675347273536,-0.0020777729190408684,0.0,0.0,0.0,1.3464,0.396,0.0,0.0,-0.2,0.0,0.0,-0.1989675347273536,0.0,0.0,0.0,square,2,0.2,1.0,29,58,7.900001287460327,0.0
1779528379.135549,0.0,0.0,-0.1989675347273536,0.0,0.0,0.0,0.0,1.3068,0.198,0.0,0.0,-0.2,0.0,0.0,-0.1989675347273536,0.0,0.0,0.0,square,2,0.2,1.0,29,58,7.909999132156372,0.0
1779528379.145413,0.0,0.0,-0.1989675347273536,0.0,0.0,0.0,-0.0396,1.2672,0.2376,0.0,0.0,-0.2,0.0,0.0,-0.1989675347273536,0.0,0.0,0.0,square,2,0.2,1.0,29,58,7.920136213302612,0.0
1779528379.1555054,0.0,0.0,-0.1989675347273536,0.0,0.0,0.0,0.0,1.2276,0.27720000000000006,0.0,0.0,-0.2,0.0,0.0,-0.1989675347273536,0.0,0.0,0.0,square,2,0.2,1.0,29,58,7.930000066757202,0.0
1779528379.1654956,0.0,0.0,-0.1989675347273536,0.0,0.0,0.0,-0.0396,1.2276,-0.198,0.0,0.0,-0.2,0.0,0.0,-0.1989675347273536,0.0,0.0,0.0,square,2,0.2,1.0,29,58,7.94009256362915,0.0
1779528379.1754103,0.0,0.0,-0.1989675347273536,0.0,0.0,0.0,-0.0792,1.1880000000000002,0.198,0.0,0.0,-0.2,0.0,0.0,-0.1989675347273536,0.0020777729190408684,0.0020777729190408684,0.0020777729190408684,square,2,0.2,1.0,29,58,7.950082778930664,0.0
1779528379.1854126,0.0,0.0,-0.1989675347273536,0.0020777729190408684,0.0020777729190408684,0.0020777729190408684,0.198,1.2672,0.2376,0.0,0.0,-0.2,0.0,0.0,-0.1989675347273536,0.0020777729190408684,0.0,0.0,square,2,0.2,1.0,29,58,7.9599974155426025,0.0
1779528379.1955357,0.0,0.0,-0.1989675347273536,0.0020777729190408684,0.0,0.0,0.1584,1.3068,-0.1188,0.0,0.0,-0.2,0.0,0.0,-0.1989675347273536,0.0,0.0,0.0,square,2,0.2,1.0,29,58,7.96999979019165,0.0
1779528379.2054136,0.0,0.0,-0.1989675347273536,0.0,0.0,0.0,0.1584,1.1880000000000002,-0.198,0.0,0.0,-0.2,0.0,0.0,-0.1989675347273536,0.0,0.0,0.0,square,2,0.2,1.0,29,58,7.980122804641724,0.0
1779528379.2154408,0.0,0.0,-0.1989675347273536,0.0,0.0,0.0,-0.1188,1.3068,0.0,0.0,0.0,-0.2,0.0,0.0,-0.1989675347273536,-0.004155545838081737,0.0,0.0,square,2,0.2,1.0,29,58,7.9900007247924805,0.0
1779528379.2255716,0.0,0.0,-0.1989675347273536,-0.004155545838081737,0.0,0.0,0.0,1.2672,-0.0396,0.0,0.0,0.2,0.0,0.0,-0.1989675347273536,0.0,0.0,0.0,square,2,0.2,1.0,29,58,8.000027894973755,0.0
1779528379.2354164,0.0,0.0,-0.1989675347273536,0.0,0.0,0.0,0.0,1.3464,-0.0792,0.0,0.0,0.2,0.0,0.0,-0.1989675347273536,0.0,0.0020777729190408684,0.0,square,2,0.2,1.0,29,58,8.010158777236938,0.0
1779528379.2455568,0.0,0.0,-0.1989675347273536,0.0,0.0020777729190408684,0.0,0.0,1.3464,0.0,0.0,0.0,0.2,0.0,0.0,-0.1989675347273536,0.0,0.0,0.0,square,2,0.2,1.0,29,58,8.0200035572052,0.0
1779528379.2554152,0.0,0.0,-0.1989675347273536,0.0,0.0,0.0,0.3168,1.9404,2.0592,0.0,0.0,0.2,0.0,0.0,-0.1832595714594046,0.0020777729190408684,0.0020777729190408684,1.3547079432146463,square,2,0.2,1.0,29,58,8.030143976211548,0.0
1779528379.2654145,0.0,0.0,-0.1832595714594046,0.0020777729190408684,0.0020777729190408684,1.3547079432146463,0.1584,2.0988,1.5048000000000001,0.0,0.0,0.2,0.0,0.0,-0.15358897417550102,0.0020777729190408684,0.0,2.7385047072958644,square,2,0.2,1.0,29,58,8.040002346038818,0.0
1779528379.2754152,0.0,0.0,-0.15358897417550102,0.0020777729190408684,0.0,2.7385047072958644,0.0792,1.9008,7.444800000000001,0.0,0.0,0.2,0.0,0.0,-0.10995574287564278,0.0,0.0,3.9893240045584673,square,2,0.2,1.0,29,58,8.050001621246338,0.0
1779528379.2855723,0.0,0.0,-0.10995574287564278,0.0,0.0,3.9893240045584673,0.1188,1.3860000000000001,1.2276,0.0,0.0,0.2,0.0,0.0,-0.06283185307179587,-0.0020777729190408684,0.0,4.566944876051829,square,2,0.2,1.0,29,58,8.060002326965332,0.0
1779528379.2954164,0.0,0.0,-0.06283185307179587,-0.0020777729190408684,0.0,4.566944876051829,0.0,1.2672,0.0396,0.0,0.0,0.2,0.0,0.0,-0.017453292519943295,-0.004155545838081737,0.0,4.510845007237725,square,2,0.2,1.0,29,58,8.070159435272217,0.0
1779528379.3054137,0.0,0.0,-0.017453292519943295,-0.004155545838081737,0.0,4.510845007237725,0.0,0.8712,-3.2868000000000004,0.0,0.0,0.2,0.0,0.0,0.017453292519943295,0.0,0.0,3.8584243106588927,square,2,0.2,1.0,29,58,8.080003499984741,0.0
1779528379.3154128,0.0,0.0,0.017453292519943295,0.0,0.0,3.8584243106588927,-0.0792,0.99,-0.9504,0.0,0.0,0.2,0.0,0.0,0.048869219055841226,0.0,0.0,3.280803439165531,square,2,0.2,1.0,29,58,8.090000867843628,0.0
1779528379.3255346,0.0,0.0,0.048869219055841226,0.0,0.0,3.280803439165531,-0.1584,1.1880000000000002,-0.0396,0.0,0.0,0.2,0.0,0.0,0.07679448708775051,0.0020777729190408684,0.0,2.8361600344907854,square,2,0.2,1.0,29,58,8.099999904632568,0.0
1779528379.335419,0.0,0.0,0.07679448708775051,0.0020777729190408684,0.0,2.8361600344907854,0.27720000000000006,1.3068,-0.99,0.0,0.0,0.2,0.0,0.0,0.0994837673636768,0.0,0.0,2.372816673544672,square,2,0.2,1.0,29,58,8.110121726989746,0.0
1779528379.3454165,0.0,0.0,0.0994837673636768,0.0,0.0,2.372816673544672,-0.1584,1.3860000000000001,0.0396,0.0,0.0,0.2,0.0,0.0,0.11868238913561442,0.0,-0.0020777729190408684,1.9780398189269066,square,2,0.2,1.0,29,58,8.120006084442139,0.0
1779528379.3554158,0.0,0.0,0.11868238913561442,0.0,-0.0020777729190408684,1.9780398189269066,-0.1188,1.3068,-0.6732,0.0,0.0,0.2,0.0,0.0,0.1343903524035634,0.0,0.0020777729190408684,1.6435183789613268,square,2,0.2,1.0,29,58,8.130003690719604,0.0
1779528379.3654218,0.0,0.0,0.1343903524035634,0.0,0.0020777729190408684,1.6435183789613268,-0.1188,1.2672,0.0,0.0,0.0,0.2,0.0,0.0,0.1466076571675237,0.0,0.0,1.358863489052728,square,2,0.2,1.0,29,58,8.140002965927124,0.0
1779528379.3754132,0.0,0.0,0.1466076571675237,0.0,0.0,1.358863489052728,-0.0396,1.2672,0.0,0.0,0.0,0.2,0.0,0.0,0.15707963267948966,0.0,0.0,1.1157640575249463,square,2,0.2,1.0,29,58,8.150008916854858,0.0
1779528379.3854165,0.0,0.0,0.15707963267948966,0.0,0.0,1.1157640575249463,-0.1188,1.3068,0.1188,0.0,0.0,0.2,0.0,0.0,0.1658062789394613,0.0020777729190408684,0.0,0.9142200843779821,square,2,0.2,1.0,29,58,8.160000324249268,0.0
1779528379.3954136,0.0,0.0,0.1658062789394613,0.0020777729190408684,0.0,0.9142200843779821,-0.1188,1.3860000000000001,0.0,0.0,0.0,0.2,0.0,0.0,0.17278759594743864,-0.0020777729190408684,0.0,0.74176493209759,square,2,0.2,1.0,29,58,8.170003652572632,0.0
1779528379.405413,0.0,0.0,0.17278759594743864,-0.0020777729190408684,0.0,0.74176493209759,0.0,1.4255999999999998,-0.1188,0.0,0.0,0.2,0.0,0.0,0.17802358370342164,0.0,0.0,0.59839860068377,square,2,0.2,1.0,29,58,8.18000078201294,0.0
1779528379.415417,0.0,0.0,0.17802358370342164,0.0,0.0,0.59839860068377,-0.0396,1.3068,0.1584,0.0,0.0,0.2,0.0,0.0,0.1832595714594046,0.0,0.0,0.48204331721748145,square,2,0.2,1.0,29,58,8.190000057220459,0.0
1779528379.4254127,0.0,0.0,0.1832595714594046,0.0,0.0,0.48204331721748145,-0.0396,1.2276,0.3168,0.0,0.0,0.2,0.0,0.0,0.1867502299633933,-0.0020777729190408684,0.0,0.38231021710351976,square,2,0.2,1.0,29,58,8.20000410079956,0.0
1779528379.4354138,0.0,0.0,0.1867502299633933,-0.0020777729190408684,0.0,0.38231021710351976,-0.0396,1.4255999999999998,0.0,0.0,0.0,0.2,0.0,0.0,0.19024088846738194,0.0,0.0,0.30543261909900765,square,2,0.2,1.0,29,58,8.209999799728394,0.0
1779528379.4455397,0.0,0.0,0.19024088846738194,0.0,0.0,0.30543261909900765,0.0,1.2276,0.1188,0.0,0.0,0.2,0.0,0.0,0.19198621771937624,0.0,0.0,0.236866112770659,square,2,0.2,1.0,29,58,8.220000982284546,0.0
1779528379.4554143,0.0,0.0,0.19198621771937624,0.0,0.0,0.236866112770659,-0.1188,1.3464,0.3168,0.0,0.0,0.2,0.0,0.0,0.1937315469713706,0.0,0.0,0.19946620022792336,square,2,0.2,1.0,29,58,8.230126857757568,0.0
1779528379.4654143,0.0,0.0,0.1937315469713706,0.0,0.0,0.19946620022792336,-0.0396,1.3464,0.198,0.0,0.0,0.2,0.0,0.0,0.1954768762233649,0.0020777729190408684,0.0,0.1495996501709425,square,2,0.2,1.0,29,58,8.240001440048218,0.0
1779528379.4754133,0.0,0.0,0.1954768762233649,0.0020777729190408684,0.0,0.1495996501709425,-0.0396,1.3860000000000001,0.4356,0.0,0.0,0.2,0.0,0.0,0.1954768762233649,0.0,0.0,0.1121997376282069,square,2,0.2,1.0,29,58,8.250001430511475,0.0
1779528379.4854121,0.0,0.0,0.1954768762233649,0.0,0.0,0.1121997376282069,-0.0396,1.3464,0.6732,0.0,0.0,0.2,0.0,0.0,0.19722220547535924,0.0,0.0,0.08311091676163473,square,2,0.2,1.0,29,58,8.260000467300415,0.0
1779528379.4954133,0.0,0.0,0.19722220547535924,0.0,0.0,0.08311091676163473,-0.0396,1.2672,0.7127999999999999,0.0,0.0,0.2,0.0,0.0,0.19722220547535924,0.0,0.0,0.05609986881410345,square,2,0.2,1.0,29,58,8.269999265670776,0.0
1779528379.5054173,0.0,0.0,0.19722220547535924,0.0,0.0,0.05609986881410345,-0.0792,1.3860000000000001,0.99,0.0,0.0,0.2,0.0,0.0,0.19722220547535924,0.0,0.0,0.06233318757122605,square,2,0.2,1.0,29,58,8.280000448226929,0.0
1779528379.5154123,0.0,0.0,0.19722220547535924,0.0,0.0,0.06233318757122605,-0.0792,1.4255999999999998,0.0792,0.0,0.0,0.2,0.0,0.0,0.1989675347273536,0.0,0.0,0.035322139623694765,square,2,0.2,1.0,29,58,8.29000449180603,0.0
1779528379.5254138,0.0,0.0,0.1989675347273536,0.0,0.0,0.035322139623694765,-0.1188,1.3068,0.5940000000000001,0.0,0.0,0.2,0.0,0.0,0.1989675347273536,0.0,0.0,0.035322139623694765,square,2,0.2,1.0,29,58,8.299999475479126,0.0
1779528379.5354142,0.0,0.0,0.1989675347273536,0.0,0.0,0.035322139623694765,-0.0396,1.3464,0.0792,0.0,0.0,0.2,0.0,0.0,0.1989675347273536,0.0,0.0,0.029088820866572156,square,2,0.2,1.0,29,58,8.310000896453857,0.0
1779528379.5454173,0.0,0.0,0.1989675347273536,0.0,0.0,0.029088820866572156,0.0,1.5048000000000001,0.0396,0.0,0.0,0.2,0.0,0.0,0.1989675347273536,0.0,0.0,0.014544410433286078,square,2,0.2,1.0,29,58,8.320001363754272,0.0
1779528379.5555642,0.0,0.0,0.1989675347273536,0.0,0.0,0.014544410433286078,-0.0396,1.3068,0.2376,0.0,0.0,0.2,0.0,0.0,0.1989675347273536,0.0,0.0,0.008311091676163474,square,2,0.2,1.0,29,58,8.330004453659058,0.0
1779528379.5654144,0.0,0.0,0.1989675347273536,0.0,0.0,0.008311091676163474,-0.0792,1.3860000000000001,0.27720000000000006,0.0,0.0,0.2,0.0,0.0,0.1989675347273536,0.0,0.0,0.0020777729190408684,square,2,0.2,1.0,29,58,8.340151309967041,0.0
1779528379.5755897,0.0,0.0,0.1989675347273536,0.0,0.0,0.0020777729190408684,0.0,1.4652,0.3168,0.0,0.0,0.2,0.0,0.0,0.1989675347273536,0.0,0.0,0.0,square,2,0.2,1.0,29,58,8.350001573562622,0.0
1779528379.5854132,0.0,0.0,0.1989675347273536,0.0,0.0,0.0,-0.0396,1.3860000000000001,0.27720000000000006,0.0,0.0,0.2,0.0,0.0,0.1989675347273536,0.0,0.0,0.0,square,2,0.2,1.0,29,58,8.360176801681519,0.0
1779528379.5954182,0.0,0.0,0.1989675347273536,0.0,0.0,0.0,-0.0396,1.3464,0.1584,0.0,0.0,0.2,0.0,0.0,0.1989675347273536,0.0,0.0,0.0,square,2,0.2,1.0,29,58,8.37000036239624,0.0
1779528379.6054204,0.0,0.0,0.1989675347273536,0.0,0.0,0.0,-0.1188,1.4255999999999998,0.1584,0.0,0.0,0.2,0.0,0.0,0.1989675347273536,0.0,0.0,0.0,square,2,0.2,1.0,29,58,8.380005359649658,0.0
1779528379.6154158,0.0,0.0,0.1989675347273536,0.0,0.0,0.0,-0.1188,1.3068,0.0792,0.0,0.0,0.2,0.0,0.0,0.1989675347273536,0.0,0.0,0.0,square,2,0.2,1.0,29,58,8.390007495880127,0.0
1779528379.6254134,0.0,0.0,0.1989675347273536,0.0,0.0,0.0,-0.1188,1.5048000000000001,0.0396,0.0,0.0,0.2,0.0,0.0,0.1989675347273536,0.0,0.0,0.0,square,2,0.2,1.0,29,58,8.40000295639038,0.0
1779528379.6354134,0.0,0.0,0.1989675347273536,0.0,0.0,0.0,-0.0396,1.3860000000000001,0.0,0.0,0.0,0.2,0.0,0.0,0.1989675347273536,0.0,0.0,0.0,square,2,0.2,1.0,29,58,8.410000562667847,0.0
1779528379.645509,0.0,0.0,0.1989675347273536,0.0,0.0,0.0,-0.0396,1.3860000000000001,0.0396,0.0,0.0,0.2,0.0,0.0,0.1989675347273536,0.0020777729190408684,0.0,0.0,square,2,0.2,1.0,29,58,8.420000553131104,0.0
1779528379.6554132,0.0,0.0,0.1989675347273536,0.0020777729190408684,0.0,0.0,0.0792,1.3464,0.0,0.0,0.0,0.2,0.0,0.0,0.1989675347273536,-0.0020777729190408684,0.0020777729190408684,0.0,square,2,0.2,1.0,29,58,8.43009614944458,0.0
1779528379.6656592,0.0,0.0,0.1989675347273536,-0.0020777729190408684,0.0020777729190408684,0.0,-0.0396,1.5048000000000001,0.0,0.0,0.0,0.2,0.0,0.0,0.1989675347273536,-0.0020777729190408684,0.0,0.0,square,2,0.2,1.0,29,58,8.440000295639038,0.0
1779528379.6754165,0.0,0.0,0.1989675347273536,-0.0020777729190408684,0.0,0.0,0.0,1.3464,0.0,0.0,0.0,0.2,0.0,0.0,0.1989675347273536,-0.0020777729190408684,-0.0020777729190408684,0.0,square,2,0.2,1.0,29,58,8.450246334075928,0.0
1779528379.6854138,0.0,0.0,0.1989675347273536,-0.0020777729190408684,-0.0020777729190408684,0.0,0.0,1.4255999999999998,-0.1188,0.0,0.0,0.2,0.0,0.0,0.1989675347273536,0.0,0.0,0.0,square,2,0.2,1.0,29,58,8.46000361442566,0.0
1779528379.6954138,0.0,0.0,0.1989675347273536,0.0,0.0,0.0,0.0,1.3860000000000001,0.198,0.0,0.0,0.2,0.0,0.0,0.1989675347273536,0.0,0.0,0.0,square,2,0.2,1.0,29,58,8.470000982284546,0.0
1779528379.7055166,0.0,0.0,0.1989675347273536,0.0,0.0,0.0,0.0,1.3068,0.1188,0.0,0.0,0.2,0.0,0.0,0.1989675347273536,0.0,0.0,0.0,square,2,0.2,1.0,29,58,8.480000972747803,0.0
1779528379.7181814,0.0,0.0,0.1989675347273536,0.0,0.0,0.0,0.0,1.5048000000000001,0.0792,0.0,0.0,0.2,0.0,0.0,0.1989675347273536,0.004155545838081737,0.0,0.0,square,2,0.2,1.0,29,58,8.490103721618652,0.0
1779528379.7254624,0.0,0.0,0.1989675347273536,0.004155545838081737,0.0,0.0,-0.0396,1.2672,0.0396,0.0,0.0,-0.2,0.0,0.0,0.1989675347273536,0.0,0.0,0.0,square,2,0.2,1.0,29,58,8.502768516540527,0.0
1779528379.7354193,0.0,0.0,0.1989675347273536,0.0,0.0,0.0,-0.0792,1.4652,0.1584,0.0,0.0,-0.2,0.0,0.0,0.1989675347273536,0.0,0.0,-0.0020777729190408684,square,2,0.2,1.0,29,58,8.51004958152771,0.0
1779528379.7454169,0.0,0.0,0.1989675347273536,0.0,0.0,-0.0020777729190408684,-0.1188,1.5048000000000001,0.1584,0.0,0.0,-0.2,0.0,0.0,0.1989675347273536,0.0,0.0,-0.0020777729190408684,square,2,0.2,1.0,29,58,8.52000641822815,0.0
1779528379.755432,0.0,0.0,0.1989675347273536,0.0,0.0,-0.0020777729190408684,0.396,2.8908,1.9404,0.0,0.0,-0.2,0.0,0.0,0.1832595714594046,0.0,-0.004155545838081737,-1.3443190786194419,square,2,0.2,1.0,29,58,8.530004024505615,0.0
1779528379.7654161,0.0,0.0,0.1832595714594046,0.0,-0.004155545838081737,-1.3443190786194419,-0.1584,1.8612000000000002,1.1088000000000002,0.0,0.0,-0.2,0.0,0.0,0.15358897417550102,0.0,-0.008311091676163474,-2.7509713448101096,square,2,0.2,1.0,29,58,8.540019035339355,0.0
1779528379.7754169,0.0,0.0,0.15358897417550102,0.0,-0.008311091676163474,-2.7509713448101096,-0.0396,1.6632,4.831199999999999,0.0,0.0,-0.2,0.0,0.0,0.10995574287564278,0.0020777729190408684,0.0020777729190408684,-3.9643907295299767,square,2,0.2,1.0,29,58,8.550003290176392,0.0
1779528379.7854125,0.0,0.0,0.10995574287564278,0.0020777729190408684,0.0020777729190408684,-3.9643907295299767,0.198,1.3068,0.9504,0.0,0.0,-0.2,0.0,0.0,0.06283185307179587,0.0020777729190408684,0.0,-4.537856055185257,square,2,0.2,1.0,29,58,8.560003995895386,0.0
1779528379.7954183,0.0,0.0,0.06283185307179587,0.0020777729190408684,0.0,-4.537856055185257,0.0792,1.2276,0.0396,0.0,0.0,-0.2,0.0,0.0,0.017453292519943295,0.0,0.006233318757122605,-4.550322692699502,square,2,0.2,1.0,29,58,8.569999694824219,0.0
1779528379.8054168,0.0,0.0,0.017453292519943295,0.0,0.006233318757122605,-4.550322692699502,-0.0792,1.0296,-3.5244,0.0,0.0,-0.2,0.0,0.0,-0.017453292519943295,-0.0020777729190408684,0.008311091676163474,-3.8792020398493015,square,2,0.2,1.0,29,58,8.580005407333374,0.0
1779528379.8154101,0.0,0.0,-0.017453292519943295,-0.0020777729190408684,0.008311091676163474,-3.8792020398493015,-0.0396,1.1880000000000002,-1.0296,0.0,0.0,-0.2,0.0,0.0,-0.048869219055841226,-0.008311091676163474,0.0020777729190408684,-3.2911923037607353,square,2,0.2,1.0,29,58,8.590003967285156,0.0
1779528379.8254147,0.0,0.0,-0.048869219055841226,-0.008311091676163474,0.0020777729190408684,-3.2911923037607353,-0.0792,1.3464,-0.35639999999999994,0.0,0.0,-0.2,0.0,0.0,-0.07679448708775051,-0.0020777729190408684,0.0,-2.844471126166949,square,2,0.2,1.0,29,58,8.599997282028198,0.0
1779528379.835411,0.0,0.0,-0.07679448708775051,-0.0020777729190408684,0.0,-2.844471126166949,0.0,1.2672,-1.0692,0.0,0.0,-0.2,0.0,0.0,-0.07679448708775051,-0.0020777729190408684,0.0,-2.844471126166949,square,2,0.2,1.0,29,58,8.610001802444458,0.0
1779528379.8454134,0.0,0.0,-0.07679448708775051,-0.0020777729190408684,0.0,-2.844471126166949,0.0,1.2672,-1.0692,0.0,0.0,-0.2,0.0,0.0,-0.11868238913561442,0.006233318757122605,-0.0020777729190408684,-1.9821953647649884,square,2,0.2,1.0,29,58,8.619998216629028,0.0
1779528379.8554142,0.0,0.0,-0.11868238913561442,0.006233318757122605,-0.0020777729190408684,-1.9821953647649884,-0.2376,1.3860000000000001,-0.396,0.0,0.0,-0.2,0.0,0.0,-0.1343903524035634,0.004155545838081737,0.0,-1.6476739247994086,square,2,0.2,1.0,29,58,8.630000591278076,0.0
1779528379.8654141,0.0,0.0,-0.1343903524035634,0.004155545838081737,0.0,-1.6476739247994086,0.2376,1.4255999999999998,-0.1188,0.0,0.0,-0.2,0.0,0.0,-0.1466076571675237,0.0020777729190408684,0.0,-1.3609412619717687,square,2,0.2,1.0,29,58,8.64000129699707,0.0
1779528379.875578,0.0,0.0,-0.1466076571675237,0.0020777729190408684,0.0,-1.3609412619717687,-0.198,1.3860000000000001,0.0,0.0,0.0,-0.2,0.0,0.0,-0.1466076571675237,0.0020777729190408684,0.0,-1.3609412619717687,square,2,0.2,1.0,29,58,8.650001287460327,0.0
1779528379.8854136,0.0,0.0,-0.1466076571675237,0.0020777729190408684,0.0,-1.3609412619717687,-0.198,1.3860000000000001,0.0,0.0,0.0,-0.2,0.0,0.0,-0.15707963267948966,0.0,0.0,-1.1136862846059055,square,2,0.2,1.0,29,58,8.660165071487427,0.0
1779528379.8954134,0.0,0.0,-0.15707963267948966,0.0,0.0,-1.1136862846059055,-0.0396,1.3860000000000001,0.0396,0.0,0.0,-0.2,0.0,0.0,-0.15707963267948966,0.0,0.0,-1.1136862846059055,square,2,0.2,1.0,29,58,8.670000791549683,0.0
1779528379.9054134,0.0,0.0,-0.15707963267948966,0.0,0.0,-1.1136862846059055,-0.0396,1.3860000000000001,0.0396,0.0,0.0,-0.2,0.0,0.0,-0.15707963267948966,0.0,0.0,-1.1136862846059055,square,2,0.2,1.0,29,58,8.68000054359436,0.0
1779528379.9154158,0.0,0.0,-0.15707963267948966,0.0,0.0,-1.1136862846059055,-0.0396,1.3860000000000001,0.0396,0.0,0.0,-0.2,0.0,0.0,-0.1832595714594046,-0.0020777729190408684,0.0,-0.4882766359746041,square,2,0.2,1.0,29,58,8.690000534057617,0.0
1779528379.9254277,0.0,0.0,-0.1832595714594046,-0.0020777729190408684,0.0,-0.4882766359746041,-0.0792,1.2672,0.1188,0.0,0.0,-0.2,0.0,0.0,-0.1867502299633933,-0.0020777729190408684,-0.0020777729190408684,-0.3739991254273563,square,2,0.2,1.0,29,58,8.700002908706665,0.0
1779528379.9354138,0.0,0.0,-0.1867502299633933,-0.0020777729190408684,-0.0020777729190408684,-0.3739991254273563,0.0,1.3068,0.396,0.0,0.0,-0.2,0.0,0.0,-0.19024088846738194,0.0,-0.0020777729190408684,-0.30751039201804853,square,2,0.2,1.0,29,58,8.710014820098877,0.0
1779528379.9454136,0.0,0.0,-0.19024088846738194,0.0,-0.0020777729190408684,-0.30751039201804853,-0.0792,1.3860000000000001,-0.198,0.0,0.0,-0.2,0.0,0.0,-0.19198621771937624,0.0,0.0,-0.22647724817545464,square,2,0.2,1.0,29,58,8.720000982284546,0.0
1779528379.9554145,0.0,0.0,-0.19198621771937624,0.0,0.0,-0.22647724817545464,0.0,1.4255999999999998,0.396,0.0,0.0,-0.2,0.0,0.0,-0.1937315469713706,0.0,0.0,-0.19323288147080075,square,2,0.2,1.0,29,58,8.730000734329224,0.0
1779528379.9654155,0.0,0.0,-0.1937315469713706,0.0,0.0,-0.19323288147080075,0.0,1.3464,0.0,0.0,0.0,-0.2,0.0,0.0,-0.1954768762233649,0.0020777729190408684,-0.0020777729190408684,-0.15375519600902426,square,2,0.2,1.0,29,58,8.740001678466797,0.0
1779528379.9755647,0.0,0.0,-0.1954768762233649,0.0020777729190408684,-0.0020777729190408684,-0.15375519600902426,-0.0792,1.3464,0.1584,0.0,0.0,-0.2,0.0,0.0,-0.1954768762233649,0.004155545838081737,0.0,-0.11427751054724776,square,2,0.2,1.0,29,58,8.75000262260437,0.0
1779528379.985416,0.0,0.0,-0.1954768762233649,0.004155545838081737,0.0,-0.11427751054724776,0.1584,1.2672,0.396,0.0,0.0,-0.2,0.0,0.0,-0.19722220547535924,0.0,0.0,-0.078955370923553,square,2,0.2,1.0,29,58,8.760151863098145,0.0
1779528379.9954147,0.0,0.0,-0.19722220547535924,0.0,0.0,-0.078955370923553,0.1584,1.1880000000000002,0.8316,0.0,0.0,-0.2,0.0,0.0,-0.19722220547535924,-0.0020777729190408684,0.0,-0.05609986881410345,square,2,0.2,1.0,29,58,8.770003080368042,0.0
1779528380.0054212,0.0,0.0,-0.19722220547535924,-0.0020777729190408684,0.0,-0.05609986881410345,-0.0396,1.2276,1.0296,0.0,0.0,-0.2,0.0,0.0,-0.19722220547535924,-0.0020777729190408684,0.0,-0.04986655005698084,square,2,0.2,1.0,29,58,8.780001878738403,0.0
1779528380.0154138,0.0,0.0,-0.19722220547535924,-0.0020777729190408684,0.0,-0.04986655005698084,0.0792,1.3068,0.7127999999999999,0.0,0.0,-0.2,0.0,0.0,-0.1989675347273536,-0.006233318757122605,0.0,-0.035322139623694765,square,2,0.2,1.0,29,58,8.790008306503296,0.0
1779528380.025414,0.0,0.0,-0.1989675347273536,-0.006233318757122605,0.0,-0.035322139623694765,-0.1188,1.3068,0.9107999999999999,0.0,0.0,-0.2,0.0,0.0,-0.1989675347273536,0.0,0.0,-0.022855502109449553,square,2,0.2,1.0,29,58,8.8000009059906,0.0
1779528380.035411,0.0,0.0,-0.1989675347273536,0.0,0.0,-0.022855502109449553,-0.0792,1.3068,0.9107999999999999,0.0,0.0,-0.2,0.0,0.0,-0.1989675347273536,0.0,0.0,-0.018699956271367814,square,2,0.2,1.0,29,58,8.810001134872437,0.0
1779528380.0454173,0.0,0.0,-0.1989675347273536,0.0,0.0,-0.018699956271367814,0.0,1.1880000000000002,0.7524000000000001,0.0,0.0,-0.2,0.0,0.0,-0.1989675347273536,0.0,0.0,-0.022855502109449553,square,2,0.2,1.0,29,58,8.819998025894165,0.0
1779528380.0554142,0.0,0.0,-0.1989675347273536,0.0,0.0,-0.022855502109449553,-0.0396,1.2672,0.35639999999999994,0.0,0.0,-0.2,0.0,0.0,-0.1989675347273536,0.0020777729190408684,0.0,-0.01246663751424521,square,2,0.2,1.0,29,58,8.830004453659058,0.0
1779528380.0654166,0.0,0.0,-0.1989675347273536,0.0020777729190408684,0.0,-0.01246663751424521,-0.0792,1.2276,0.3168,0.0,0.0,-0.2,0.0,0.0,-0.1989675347273536,0.0,0.0,-0.008311091676163474,square,2,0.2,1.0,29,58,8.840001344680786,0.0
1779528380.0754168,0.0,0.0,-0.1989675347273536,0.0,0.0,-0.008311091676163474,0.1188,1.3464,0.35639999999999994,0.0,0.0,-0.2,0.0,0.0,-0.1989675347273536,0.0020777729190408684,0.0,-0.004155545838081737,square,2,0.2,1.0,29,58,8.850003719329834,0.0
1779528380.0854204,0.0,0.0,-0.1989675347273536,0.0020777729190408684,0.0,-0.004155545838081737,0.0396,1.3068,0.5148,0.0,0.0,-0.2,0.0,0.0,-0.1989675347273536,0.0,0.0,0.0,square,2,0.2,1.0,29,58,8.86000394821167,0.0
1779528380.095414,0.0,0.0,-0.1989675347273536,0.0,0.0,0.0,0.0396,1.2672,0.396,0.0,0.0,-0.2,0.0,0.0,-0.1989675347273536,0.0,0.0,0.0,square,2,0.2,1.0,29,58,8.870007514953613,0.0
1779528380.1054146,0.0,0.0,-0.1989675347273536,0.0,0.0,0.0,0.0,1.2672,0.4752,0.0,0.0,-0.2,0.0,0.0,-0.1989675347273536,0.0,0.0020777729190408684,0.0,square,2,0.2,1.0,29,58,8.880001068115234,0.0
1779528380.115412,0.0,0.0,-0.1989675347273536,0.0,0.0020777729190408684,0.0,0.0,1.2672,0.5544000000000001,0.0,0.0,-0.2,0.0,0.0,-0.1989675347273536,-0.0020777729190408684,0.0,0.0,square,2,0.2,1.0,29,58,8.890001773834229,0.0
1779528380.1254163,0.0,0.0,-0.1989675347273536,-0.0020777729190408684,0.0,0.0,0.0396,1.1880000000000002,0.5148,0.0,0.0,-0.2,0.0,0.0,-0.1989675347273536,0.0,0.0,0.0,square,2,0.2,1.0,29,58,8.899999141693115,0.0
1779528380.1354144,0.0,0.0,-0.1989675347273536,0.0,0.0,0.0,0.0,1.1880000000000002,0.35639999999999994,0.0,0.0,-0.2,0.0,0.0,-0.1989675347273536,0.0020777729190408684,0.0020777729190408684,0.0,square,2,0.2,1.0,29,58,8.910003423690796,0.0
1779528380.1455982,0.0,0.0,-0.1989675347273536,0.0020777729190408684,0.0020777729190408684,0.0,0.0,1.1483999999999999,0.3168,0.0,0.0,-0.2,0.0,0.0,-0.1989675347273536,0.0,0.0,0.0,square,2,0.2,1.0,29,58,8.92000150680542,0.0
1779528380.1554122,0.0,0.0,-0.1989675347273536,0.0,0.0,0.0,0.0,1.3068,0.4752,0.0,0.0,-0.2,0.0,0.0,-0.1989675347273536,0.0,0.0,0.0,square,2,0.2,1.0,29,58,8.930185317993164,0.0
1779528380.165415,0.0,0.0,-0.1989675347273536,0.0,0.0,0.0,-0.0792,1.3860000000000001,0.35639999999999994,0.0,0.0,-0.2,0.0,0.0,-0.1989675347273536,0.0,0.0,0.0,square,2,0.2,1.0,29,58,8.939999341964722,0.0
1779528380.1754134,0.0,0.0,-0.1989675347273536,0.0,0.0,0.0,-0.0792,1.1880000000000002,0.396,0.0,0.0,-0.2,0.0,0.0,-0.1989675347273536,0.0020777729190408684,0.0,0.0,square,2,0.2,1.0,29,58,8.950002193450928,0.0
1779528380.1854131,0.0,0.0,-0.1989675347273536,0.0020777729190408684,0.0,0.0,0.1188,1.3464,-0.27720000000000006,0.0,0.0,-0.2,0.0,0.0,-0.1989675347273536,0.0,0.0,0.0,square,2,0.2,1.0,29,58,8.96000051498413,0.0
1779528380.1954167,0.0,0.0,-0.1989675347273536,0.0,0.0,0.0,-0.0396,1.2672,-0.35639999999999994,0.0,0.0,-0.2,0.0,0.0,-0.1989675347273536,0.0,0.0,0.0,square,2,0.2,1.0,29,58,8.970000267028809,0.0
1779528380.2054136,0.0,0.0,-0.1989675347273536,0.0,0.0,0.0,0.0,1.1483999999999999,-0.35639999999999994,0.0,0.0,-0.2,0.0,0.0,-0.1989675347273536,0.0,0.0,0.0,square,2,0.2,1.0,29,58,8.980003833770752,0.0
1779528380.2154186,0.0,0.0,-0.1989675347273536,0.0,0.0,0.0,-0.0792,1.3068,-0.2376,0.0,0.0,-0.2,0.0,0.0,-0.1989675347273536,-0.004155545838081737,0.0,0.0,square,2,0.2,1.0,29,58,8.99000072479248,0.0
1779528380.2254148,0.0,0.0,-0.1989675347273536,-0.004155545838081737,0.0,0.0,-0.0792,1.1880000000000002,-0.27720000000000006,0.0,0.0,0.2,0.0,0.0,-0.1989675347273536,0.0,0.0,0.0,square,2,0.2,1.0,29,58,9.000005722045898,0.0
1779528380.2354112,0.0,0.0,-0.1989675347273536,0.0,0.0,0.0,0.0396,1.3464,-0.35639999999999994,0.0,0.0,0.2,0.0,0.0,-0.1989675347273536,0.0,0.0,0.0,square,2,0.2,1.0,29,58,9.01000189781189,0.0
1779528380.2455866,0.0,0.0,-0.1989675347273536,0.0,0.0,0.0,0.0,1.3068,-0.27720000000000006,0.0,0.0,0.2,0.0,0.0,-0.1989675347273536,0.0,0.0,0.004155545838081737,square,2,0.2,1.0,29,58,9.01999831199646,0.0
1779528380.2554147,0.0,0.0,-0.1989675347273536,0.0,0.0,0.004155545838081737,0.35639999999999994,1.782,1.8215999999999999,0.0,0.0,0.2,0.0,0.0,-0.1832595714594046,0.004155545838081737,0.004155545838081737,1.3567857161336871,square,2,0.2,1.0,29,58,9.030173778533936,0.0
1779528380.2654166,0.0,0.0,-0.1832595714594046,0.004155545838081737,0.004155545838081737,1.3567857161336871,0.9504,2.6532,1.3860000000000001,0.0,0.0,0.2,0.0,0.0,-0.1832595714594046,0.004155545838081737,0.004155545838081737,1.3567857161336871,square,2,0.2,1.0,29,58,9.04000186920166,0.0
1779528380.275414,0.0,0.0,-0.1832595714594046,0.004155545838081737,0.004155545838081737,1.3567857161336871,0.9504,2.6532,1.3860000000000001,0.0,0.0,0.2,0.0,0.0,-0.15358897417550102,0.0020777729190408684,0.0,2.7385047072958644,square,2,0.2,1.0,29,58,9.05000376701355,0.0
1779528380.2853825,0.0,0.0,-0.15358897417550102,0.0020777729190408684,0.0,2.7385047072958644,0.2376,2.0196,7.5636,0.0,0.0,0.2,0.0,0.0,-0.06283185307179587,-0.004155545838081737,0.0,4.577333740647033,square,2,0.2,1.0,29,58,9.060001134872437,0.0
1779528380.2954128,0.0,0.0,-0.06283185307179587,-0.004155545838081737,0.0,4.577333740647033,-0.4356,1.3464,-0.1584,0.0,0.0,0.2,0.0,0.0,-0.017453292519943295,-0.004155545838081737,-0.0020777729190408684,4.512922780156766,square,2,0.2,1.0,29,58,9.069969654083252,0.0
1779528380.305415,0.0,0.0,-0.017453292519943295,-0.004155545838081737,-0.0020777729190408684,4.512922780156766,-0.1188,0.9504,-3.0492,0.0,0.0,0.2,0.0,0.0,0.017453292519943295,0.0,0.0,3.8584243106588927,square,2,0.2,1.0,29,58,9.079999923706055,0.0
1779528380.3154128,0.0,0.0,0.017453292519943295,0.0,0.0,3.8584243106588927,0.0,1.0296,-0.792,0.0,0.0,0.2,0.0,0.0,0.048869219055841226,0.0,0.0,3.280803439165531,square,2,0.2,1.0,29,58,9.090002059936523,0.0
1779528380.325417,0.0,0.0,0.048869219055841226,0.0,0.0,3.280803439165531,-0.1584,1.1088000000000002,-0.198,0.0,0.0,0.2,0.0,0.0,0.07679448708775051,0.0020777729190408684,0.0020777729190408684,2.8361600344907854,square,2,0.2,1.0,29,58,9.099999904632568,0.0
1779528380.3354137,0.0,0.0,0.07679448708775051,0.0020777729190408684,0.0020777729190408684,2.8361600344907854,-0.27720000000000006,1.4652,-1.1880000000000002,0.0,0.0,0.2,0.0,0.0,0.0994837673636768,0.0,0.0,2.366583354787549,square,2,0.2,1.0,29,58,9.110004186630249,0.0
1779528380.345415,0.0,0.0,0.0994837673636768,0.0,0.0,2.366583354787549,-0.1188,1.2276,0.0,0.0,0.0,0.2,0.0,0.0,0.11868238913561442,-0.0020777729190408684,0.0,1.9759620460078657,square,2,0.2,1.0,29,58,9.120000839233398,0.0
1779528380.355411,0.0,0.0,0.11868238913561442,-0.0020777729190408684,0.0,1.9759620460078657,-0.1188,1.3464,-0.6336,0.0,0.0,0.2,0.0,0.0,0.1343903524035634,0.0,0.0,1.641440606042286,square,2,0.2,1.0,29,58,9.13000226020813,0.0
1779528380.365413,0.0,0.0,0.1343903524035634,0.0,0.0,1.641440606042286,-0.0396,1.2672,-0.0396,0.0,0.0,0.2,0.0,0.0,0.1466076571675237,0.0020777729190408684,0.0020777729190408684,1.3567857161336871,square,2,0.2,1.0,29,58,9.139998197555542,0.0
1779528380.375429,0.0,0.0,0.1466076571675237,0.0020777729190408684,0.0020777729190408684,1.3567857161336871,0.1188,1.3860000000000001,0.0,0.0,0.0,0.2,0.0,0.0,0.15707963267948966,0.0,0.0,1.1178418304439872,square,2,0.2,1.0,29,58,9.150000095367432,0.0
1779528380.3854144,0.0,0.0,0.15707963267948966,0.0,0.0,1.1178418304439872,-0.0792,1.3068,0.198,0.0,0.0,0.2,0.0,0.0,0.1658062789394613,0.0,0.0,0.9121423114589412,square,2,0.2,1.0,29,58,9.160016059875488,0.0
1779528380.3954146,0.0,0.0,0.1658062789394613,0.0,0.0,0.9121423114589412,0.1188,1.2672,0.198,0.0,0.0,0.2,0.0,0.0,0.17278759594743864,-0.0020777729190408684,0.0,0.7438427050166309,square,2,0.2,1.0,29,58,9.17000150680542,0.0
1779528380.4054163,0.0,0.0,0.17278759594743864,-0.0020777729190408684,0.0,0.7438427050166309,0.0396,1.2672,-0.27720000000000006,0.0,0.0,0.2,0.0,0.0,0.17802358370342164,-0.0020777729190408684,0.0,0.5963208277647293,square,2,0.2,1.0,29,58,9.180001735687256,0.0
1779528380.4154172,0.0,0.0,0.17802358370342164,-0.0020777729190408684,0.0,0.5963208277647293,0.0792,1.3068,0.3168,0.0,0.0,0.2,0.0,0.0,0.1832595714594046,0.0,0.0020777729190408684,0.48204331721748145,square,2,0.2,1.0,29,58,9.190003395080566,0.0
1779528380.4254138,0.0,0.0,0.1832595714594046,0.0,0.0020777729190408684,0.48204331721748145,0.0396,1.3464,0.3168,0.0,0.0,0.2,0.0,0.0,0.1867502299633933,0.0,0.0,0.38231021710351976,square,2,0.2,1.0,29,58,9.20000433921814,0.0
1779528380.4355223,0.0,0.0,0.1867502299633933,0.0,0.0,0.38231021710351976,0.0,1.4255999999999998,-0.1188,0.0,0.0,0.2,0.0,0.0,0.19024088846738194,0.0,0.0020777729190408684,0.3012770732609259,square,2,0.2,1.0,29,58,9.210000991821289,0.0
1779528380.4454174,0.0,0.0,0.19024088846738194,0.0,0.0020777729190408684,0.3012770732609259,0.0396,1.3464,0.1584,0.0,0.0,0.2,0.0,0.0,0.19198621771937624,0.0020777729190408684,0.0,0.236866112770659,square,2,0.2,1.0,29,58,9.220109462738037,0.0
1779528380.4555416,0.0,0.0,0.19198621771937624,0.0020777729190408684,0.0,0.236866112770659,-0.0396,1.2276,0.5940000000000001,0.0,0.0,0.2,0.0,0.0,0.1937315469713706,0.0,0.0020777729190408684,0.19946620022792336,square,2,0.2,1.0,29,58,9.23000454902649,0.0
1779528380.465463,0.0,0.0,0.1937315469713706,0.0,0.0020777729190408684,0.19946620022792336,0.0,1.3464,0.396,0.0,0.0,0.2,0.0,0.0,0.1954768762233649,0.0,0.0,0.1495996501709425,square,2,0.2,1.0,29,58,9.240128755569458,0.0
1779528380.4754202,0.0,0.0,0.1954768762233649,0.0,0.0,0.1495996501709425,-0.0396,1.3068,0.4356,0.0,0.0,0.2,0.0,0.0,0.1954768762233649,0.0,0.0,0.1121997376282069,square,2,0.2,1.0,29,58,9.250050067901611,0.0
1779528380.4854143,0.0,0.0,0.1954768762233649,0.0,0.0,0.1121997376282069,-0.0396,1.2276,0.4752,0.0,0.0,0.2,0.0,0.0,0.19722220547535924,0.0,0.0,0.078955370923553,square,2,0.2,1.0,29,58,9.260007381439209,0.0
1779528380.4954169,0.0,0.0,0.19722220547535924,0.0,0.0,0.078955370923553,0.0,1.3464,0.5148,0.0,0.0,0.2,0.0,0.0,0.19722220547535924,0.0,0.0,0.05609986881410345,square,2,0.2,1.0,29,58,9.270001411437988,0.0
1779528380.5054178,0.0,0.0,0.19722220547535924,0.0,0.0,0.05609986881410345,0.0,1.3464,0.792,0.0,0.0,0.2,0.0,0.0,0.19722220547535924,-0.0020777729190408684,0.0,0.06233318757122605,square,2,0.2,1.0,29,58,9.280004024505615,0.0
1779528380.515415,0.0,0.0,0.19722220547535924,-0.0020777729190408684,0.0,0.06233318757122605,0.0,1.3068,-0.1584,0.0,0.0,0.2,0.0,0.0,0.1989675347273536,0.0,0.0,0.031166593785613025,square,2,0.2,1.0,29,58,9.290004968643188,0.0
1779528380.5256834,0.0,0.0,0.1989675347273536,0.0,0.0,0.031166593785613025,0.0396,1.3860000000000001,0.4356,0.0,0.0,0.2,0.0,0.0,0.1989675347273536,0.0,0.0,0.03739991254273563,square,2,0.2,1.0,29,58,9.300002098083496,0.0
1779528380.5354154,0.0,0.0,0.1989675347273536,0.0,0.0,0.03739991254273563,0.0,1.3860000000000001,-0.0396,0.0,0.0,0.2,0.0,0.0,0.1989675347273536,0.0,0.0,0.02701104794753129,square,2,0.2,1.0,29,58,9.310270547866821,0.0
1779528380.5454123,0.0,0.0,0.1989675347273536,0.0,0.0,0.02701104794753129,0.0,1.3860000000000001,-0.198,0.0,0.0,0.2,0.0,0.0,0.1989675347273536,0.0,0.0,0.014544410433286078,square,2,0.2,1.0,29,58,9.320002555847168,0.0
1779528380.5556133,0.0,0.0,0.1989675347273536,0.0,0.0,0.014544410433286078,0.0,1.4255999999999998,-0.1188,0.0,0.0,0.2,0.0,0.0,0.1989675347273536,0.0,0.0,0.010388864595204342,square,2,0.2,1.0,29,58,9.329999446868896,0.0
1779528380.5656078,0.0,0.0,0.1989675347273536,0.0,0.0,0.010388864595204342,0.0,1.4255999999999998,0.0,0.0,0.0,0.2,0.0,0.0,0.1989675347273536,0.0,0.0,0.004155545838081737,square,2,0.2,1.0,29,58,9.340200424194336,0.0
1779528380.5755007,0.0,0.0,0.1989675347273536,0.0,0.0,0.004155545838081737,0.0,1.4652,0.0,0.0,0.0,0.2,0.0,0.0,0.1989675347273536,0.0,0.0,0.0,square,2,0.2,1.0,29,58,9.350194931030273,0.0
1779528380.5854173,0.0,0.0,0.1989675347273536,0.0,0.0,0.0,0.0,1.4652,0.0396,0.0,0.0,0.2,0.0,0.0,0.1989675347273536,0.0,0.0,0.0020777729190408684,square,2,0.2,1.0,29,58,9.360087871551514,0.0
1779528380.5955853,0.0,0.0,0.1989675347273536,0.0,0.0,0.0020777729190408684,0.0,1.4255999999999998,0.0,0.0,0.0,0.2,0.0,0.0,0.1989675347273536,0.0,0.0,0.0,square,2,0.2,1.0,29,58,9.370004415512085,0.0
1779528380.6054137,0.0,0.0,0.1989675347273536,0.0,0.0,0.0,0.0,1.3464,-0.0396,0.0,0.0,0.2,0.0,0.0,0.1989675347273536,0.0020777729190408684,0.0,0.0,square,2,0.2,1.0,29,58,9.380172491073608,0.0
1779528380.6155703,0.0,0.0,0.1989675347273536,0.0020777729190408684,0.0,0.0,0.0,1.3860000000000001,0.0,0.0,0.0,0.2,0.0,0.0,0.1989675347273536,0.0,0.0,0.0,square,2,0.2,1.0,29,58,9.390000820159912,0.0
1779528380.625413,0.0,0.0,0.1989675347273536,0.0,0.0,0.0,-0.0396,1.2672,0.0,0.0,0.0,0.2,0.0,0.0,0.1989675347273536,-0.0020777729190408684,0.0,0.0,square,2,0.2,1.0,29,58,9.400157451629639,0.0
1779528380.6355386,0.0,0.0,0.1989675347273536,-0.0020777729190408684,0.0,0.0,0.0,1.3464,0.0,0.0,0.0,0.2,0.0,0.0,0.1989675347273536,0.0,0.0,0.0,square,2,0.2,1.0,29,58,9.410000085830688,0.0
1779528380.6454136,0.0,0.0,0.1989675347273536,0.0,0.0,0.0,0.0,1.4255999999999998,0.0,0.0,0.0,0.2,0.0,0.0,0.1989675347273536,0.0,0.0,0.0,square,2,0.2,1.0,29,58,9.420125722885132,0.0
1779528380.6554134,0.0,0.0,0.1989675347273536,0.0,0.0,0.0,-0.0396,1.4255999999999998,-0.2376,0.0,0.0,0.2,0.0,0.0,0.1989675347273536,0.0,0.0,0.0,square,2,0.2,1.0,29,58,9.43000078201294,0.0
1779528380.6654131,0.0,0.0,0.1989675347273536,0.0,0.0,0.0,-0.0396,1.3068,-0.1584,0.0,0.0,0.2,0.0,0.0,0.1989675347273536,0.0,0.0,0.0,square,2,0.2,1.0,29,58,9.440000534057617,0.0
1779528380.6754136,0.0,0.0,0.1989675347273536,0.0,0.0,0.0,-0.0396,1.4652,-0.1188,0.0,0.0,0.2,0.0,0.0,0.1989675347273536,-0.0020777729190408684,-0.0020777729190408684,-0.0020777729190408684,square,2,0.2,1.0,29,58,9.450000286102295,0.0
1779528380.685432,0.0,0.0,0.1989675347273536,-0.0020777729190408684,-0.0020777729190408684,-0.0020777729190408684,0.0,1.3860000000000001,-0.198,0.0,0.0,0.2,0.0,0.0,0.1989675347273536,0.0,0.0,-0.0020777729190408684,square,2,0.2,1.0,29,58,9.46000075340271,0.0
1779528380.6954153,0.0,0.0,0.1989675347273536,0.0,0.0,-0.0020777729190408684,0.0396,1.3068,0.1584,0.0,0.0,0.2,0.0,0.0,0.1989675347273536,-0.0020777729190408684,0.0,0.0,square,2,0.2,1.0,29,58,9.470019102096558,0.0
1779528380.705416,0.0,0.0,0.1989675347273536,-0.0020777729190408684,0.0,0.0,0.0,1.4652,0.0792,0.0,0.0,0.2,0.0,0.0,0.1989675347273536,0.0,0.0,0.0,square,2,0.2,1.0,29,58,9.480002403259277,0.0
1779528380.7154138,0.0,0.0,0.1989675347273536,0.0,0.0,0.0,0.0,1.3464,0.198,0.0,0.0,0.2,0.0,0.0,0.1989675347273536,0.0,0.0,0.0,square,2,0.2,1.0,29,58,9.490003108978271,0.0
1779528380.7254152,0.0,0.0,0.1989675347273536,0.0,0.0,0.0,0.0,1.2672,0.198,0.0,0.0,-0.2,0.0,0.0,0.1989675347273536,0.0,0.0,-0.0020777729190408684,square,2,0.2,1.0,29,58,9.500000953674316,0.0
1779528380.7354164,0.0,0.0,0.1989675347273536,0.0,0.0,-0.0020777729190408684,-0.0396,1.4652,0.198,0.0,0.0,-0.2,0.0,0.0,0.1989675347273536,0.0,0.0,0.0,square,2,0.2,1.0,29,58,9.510002374649048,0.0
1779528380.7455642,0.0,0.0,0.1989675347273536,0.0,0.0,0.0,-0.0396,1.3464,0.1188,0.0,0.0,-0.2,0.0,0.0,0.1989675347273536,0.0,0.0,-0.0020777729190408684,square,2,0.2,1.0,29,58,9.5200035572052,0.0
1779528380.7554169,0.0,0.0,0.1989675347273536,0.0,0.0,-0.0020777729190408684,0.35639999999999994,2.6136,2.0988,0.0,0.0,-0.2,0.0,0.0,0.1832595714594046,0.0,-0.0020777729190408684,-1.3484746244575236,square,2,0.2,1.0,29,58,9.5301513671875,0.0
1779528380.7655325,0.0,0.0,0.1832595714594046,0.0,-0.0020777729190408684,-1.3484746244575236,-0.792,2.2572,1.0296,0.0,0.0,-0.2,0.0,0.0,0.15358897417550102,0.0,-0.008311091676163474,-2.746815798972028,square,2,0.2,1.0,29,58,9.540004014968872,0.0
1779528380.7756088,0.0,0.0,0.15358897417550102,0.0,-0.008311091676163474,-2.746815798972028,-0.27720000000000006,1.5444,4.7124,0.0,0.0,-0.2,0.0,0.0,0.10995574287564278,0.0020777729190408684,0.0,-3.9643907295299767,square,2,0.2,1.0,29,58,9.550119638442993,0.0
1779528380.7854133,0.0,0.0,0.10995574287564278,0.0020777729190408684,0.0,-3.9643907295299767,0.2376,1.5048000000000001,1.5048000000000001,0.0,0.0,-0.2,0.0,0.0,0.06283185307179587,0.0,0.0,-4.537856055185257,square,2,0.2,1.0,29,58,9.560195922851562,0.0
1779528380.7954164,0.0,0.0,0.06283185307179587,0.0,0.0,-4.537856055185257,0.0,1.2276,0.198,0.0,0.0,-0.2,0.0,0.0,0.017453292519943295,-0.0020777729190408684,0.004155545838081737,-4.544089373942379,square,2,0.2,1.0,29,58,9.570000410079956,0.0
1779528380.805566,0.0,0.0,0.017453292519943295,-0.0020777729190408684,0.004155545838081737,-4.544089373942379,0.0,0.8712,-3.6828000000000003,0.0,0.0,-0.2,0.0,0.0,-0.017453292519943295,-0.004155545838081737,0.008311091676163474,-3.8771242669302604,square,2,0.2,1.0,29,58,9.580003499984741,0.0
1779528380.8154137,0.0,0.0,-0.017453292519943295,-0.004155545838081737,0.008311091676163474,-3.8771242669302604,-0.1188,1.1880000000000002,-1.0296,0.0,0.0,-0.2,0.0,0.0,-0.048869219055841226,-0.004155545838081737,0.0020777729190408684,-3.2891145308416947,square,2,0.2,1.0,29,58,9.590153217315674,0.0
1779528380.8254166,0.0,0.0,-0.048869219055841226,-0.004155545838081737,0.0020777729190408684,-3.2891145308416947,-0.1584,1.4255999999999998,-0.4752,0.0,0.0,-0.2,0.0,0.0,-0.07679448708775051,0.0,0.0,-2.8423933532479078,square,2,0.2,1.0,29,58,9.600000858306885,0.0
1779528380.835416,0.0,0.0,-0.07679448708775051,0.0,0.0,-2.8423933532479078,-0.0792,1.3068,-1.1088000000000002,0.0,0.0,-0.2,0.0,0.0,-0.0994837673636768,0.0,0.0,-2.3769722193827536,square,2,0.2,1.0,29,58,9.61000370979309,0.0
1779528380.845509,0.0,0.0,-0.0994837673636768,0.0,0.0,-2.3769722193827536,0.0,1.3068,0.1584,0.0,0.0,-0.2,0.0,0.0,-0.11868238913561442,0.0020777729190408684,0.0,-1.9842731376840292,square,2,0.2,1.0,29,58,9.62000322341919,0.0
1779528380.8554199,0.0,0.0,-0.11868238913561442,0.0020777729190408684,0.0,-1.9842731376840292,-0.198,1.2672,-0.5148,0.0,0.0,-0.2,0.0,0.0,-0.1343903524035634,0.0020777729190408684,0.0,-1.6455961518803677,square,2,0.2,1.0,29,58,9.630096197128296,0.0
1779528380.8655047,0.0,0.0,-0.1343903524035634,0.0020777729190408684,0.0,-1.6455961518803677,-0.1188,1.4652,-0.0792,0.0,0.0,-0.2,0.0,0.0,-0.1466076571675237,0.0020777729190408684,0.0,-1.3630190348908096,square,2,0.2,1.0,29,58,9.640007019042969,0.0
1779528380.8755357,0.0,0.0,-0.1466076571675237,0.0020777729190408684,0.0,-1.3630190348908096,-0.1188,1.4255999999999998,-0.0792,0.0,0.0,-0.2,0.0,0.0,-0.15707963267948966,0.0,-0.0020777729190408684,-1.1116085116868646,square,2,0.2,1.0,29,58,9.650091886520386,0.0
1779528380.885417,0.0,0.0,-0.15707963267948966,0.0,-0.0020777729190408684,-1.1116085116868646,-0.0792,1.2672,0.0,0.0,0.0,-0.2,0.0,0.0,-0.1658062789394613,0.0,0.0,-0.9100645385399003,square,2,0.2,1.0,29,58,9.660122871398926,0.0
1779528380.8955612,0.0,0.0,-0.1658062789394613,0.0,0.0,-0.9100645385399003,0.0396,1.3860000000000001,-0.396,0.0,0.0,-0.2,0.0,0.0,-0.17278759594743864,0.0,0.0,-0.7376093862595082,square,2,0.2,1.0,29,58,9.67000412940979,0.0
1779528380.9054177,0.0,0.0,-0.17278759594743864,0.0,0.0,-0.7376093862595082,-0.0792,1.2672,0.3168,0.0,0.0,-0.2,0.0,0.0,-0.17802358370342164,0.0,0.0,-0.5942430548456884,square,2,0.2,1.0,29,58,9.680148363113403,0.0
1779528380.9155252,0.0,0.0,-0.17802358370342164,0.0,0.0,-0.5942430548456884,-0.0396,1.3068,-0.1584,0.0,0.0,-0.2,0.0,0.0,-0.1832595714594046,-0.0020777729190408684,0.0020777729190408684,-0.4882766359746041,square,2,0.2,1.0,29,58,9.690004825592041,0.0
1779528380.925518,0.0,0.0,-0.1832595714594046,-0.0020777729190408684,0.0020777729190408684,-0.4882766359746041,0.1188,1.3464,0.1188,0.0,0.0,-0.2,0.0,0.0,-0.1867502299633933,-0.0020777729190408684,0.0,-0.3760768983463972,square,2,0.2,1.0,29,58,9.700112342834473,0.0
1779528380.9354126,0.0,0.0,-0.1867502299633933,-0.0020777729190408684,0.0,-0.3760768983463972,-0.0396,1.3860000000000001,0.6336,0.0,0.0,-0.2,0.0,0.0,-0.19024088846738194,0.0,0.0,-0.3095881649370894,square,2,0.2,1.0,29,58,9.710105180740356,0.0
1779528380.9454136,0.0,0.0,-0.19024088846738194,0.0,0.0,-0.3095881649370894,0.0792,1.3068,-0.198,0.0,0.0,-0.2,0.0,0.0,-0.19198621771937624,0.0,0.0,-0.22855502109449552,square,2,0.2,1.0,29,58,9.71999979019165,0.0
1779528380.9555318,0.0,0.0,-0.19198621771937624,0.0,0.0,-0.22855502109449552,-0.0792,1.3860000000000001,0.396,0.0,0.0,-0.2,0.0,0.0,-0.1937315469713706,0.0,0.0,-0.19323288147080075,square,2,0.2,1.0,29,58,9.730000734329224,0.0
1779528380.9655771,0.0,0.0,-0.1937315469713706,0.0,0.0,-0.19323288147080075,0.0,1.3068,0.0,0.0,0.0,-0.2,0.0,0.0,-0.1954768762233649,0.004155545838081737,0.0,-0.15583296892806514,square,2,0.2,1.0,29,58,9.740118980407715,0.0
1779528380.9755163,0.0,0.0,-0.1954768762233649,0.004155545838081737,0.0,-0.15583296892806514,0.1584,1.3464,0.0792,0.0,0.0,-0.2,0.0,0.0,-0.1954768762233649,0.0020777729190408684,-0.0020777729190408684,-0.11635528346628862,square,2,0.2,1.0,29,58,9.750164270401001,0.0
1779528380.9854157,0.0,0.0,-0.1954768762233649,0.0020777729190408684,-0.0020777729190408684,-0.11635528346628862,-0.0792,1.1088000000000002,0.396,0.0,0.0,-0.2,0.0,0.0,-0.19722220547535924,0.0020777729190408684,0.0,-0.078955370923553,square,2,0.2,1.0,29,58,9.760103464126587,0.0
1779528380.9955246,0.0,0.0,-0.19722220547535924,0.0020777729190408684,0.0,-0.078955370923553,0.1584,1.2672,0.6732,0.0,0.0,-0.2,0.0,0.0,-0.19722220547535924,0.0,0.0,-0.05402209589506258,square,2,0.2,1.0,29,58,9.770002841949463,0.0
1779528381.0054154,0.0,0.0,-0.19722220547535924,0.0,0.0,-0.05402209589506258,0.0396,1.1880000000000002,0.99,0.0,0.0,-0.2,0.0,0.0,-0.19722220547535924,-0.004155545838081737,0.0,-0.04986655005698084,square,2,0.2,1.0,29,58,9.78011178970337,0.0
1779528381.0155349,0.0,0.0,-0.19722220547535924,-0.004155545838081737,0.0,-0.04986655005698084,0.0396,1.3068,0.6732,0.0,0.0,-0.2,0.0,0.0,-0.1989675347273536,-0.0020777729190408684,0.0,-0.035322139623694765,square,2,0.2,1.0,29,58,9.790002584457397,0.0
1779528381.0254204,0.0,0.0,-0.1989675347273536,-0.0020777729190408684,0.0,-0.035322139623694765,0.0792,1.1880000000000002,0.8712,0.0,0.0,-0.2,0.0,0.0,-0.1989675347273536,0.0,0.0,-0.022855502109449553,square,2,0.2,1.0,29,58,9.800122022628784,0.0
1779528381.0354428,0.0,0.0,-0.1989675347273536,0.0,0.0,-0.022855502109449553,0.0396,1.3860000000000001,0.9107999999999999,0.0,0.0,-0.2,0.0,0.0,-0.1989675347273536,0.0,0.0,-0.020777729190408684,square,2,0.2,1.0,29,58,9.810007572174072,0.0
1779528381.0454175,0.0,0.0,-0.1989675347273536,0.0,0.0,-0.020777729190408684,0.0,1.3068,0.792,0.0,0.0,-0.2,0.0,0.0,-0.1989675347273536,0.0,0.0,-0.02701104794753129,square,2,0.2,1.0,29,58,9.820029973983765,0.0
1779528381.0555131,0.0,0.0,-0.1989675347273536,0.0,0.0,-0.02701104794753129,-0.0396,1.1880000000000002,0.198,0.0,0.0,-0.2,0.0,0.0,-0.1989675347273536,0.004155545838081737,0.0,-0.01246663751424521,square,2,0.2,1.0,29,58,9.830004692077637,0.0
1779528381.065414,0.0,0.0,-0.1989675347273536,0.004155545838081737,0.0,-0.01246663751424521,0.0792,1.2672,0.4356,0.0,0.0,-0.2,0.0,0.0,-0.1989675347273536,0.0020777729190408684,0.0,-0.008311091676163474,square,2,0.2,1.0,29,58,9.840100288391113,0.0
1779528381.0755095,0.0,0.0,-0.1989675347273536,0.0020777729190408684,0.0,-0.008311091676163474,0.0792,1.2672,0.4752,0.0,0.0,-0.2,0.0,0.0,-0.1989675347273536,0.0,0.0,-0.0020777729190408684,square,2,0.2,1.0,29,58,9.850001096725464,0.0
1779528381.085418,0.0,0.0,-0.1989675347273536,0.0,0.0,-0.0020777729190408684,-0.0792,1.3464,0.5544000000000001,0.0,0.0,-0.2,0.0,0.0,-0.1989675347273536,0.0,0.0,0.0,square,2,0.2,1.0,29,58,9.86009669303894,0.0
1779528381.0954108,0.0,0.0,-0.1989675347273536,0.0,0.0,0.0,-0.0396,1.3068,0.6336,0.0,0.0,-0.2,0.0,0.0,-0.1989675347273536,0.0,0.0,0.0,square,2,0.2,1.0,29,58,9.870005130767822,0.0
1779528381.1054165,0.0,0.0,-0.1989675347273536,0.0,0.0,0.0,0.0,1.2672,0.5544000000000001,0.0,0.0,-0.2,0.0,0.0,-0.1989675347273536,0.0,0.0,0.0,square,2,0.2,1.0,29,58,9.879997968673706,0.0
1779528381.1154158,0.0,0.0,-0.1989675347273536,0.0,0.0,0.0,0.0,1.1483999999999999,0.4752,0.0,0.0,-0.2,0.0,0.0,-0.1989675347273536,0.0,0.0,0.0,square,2,0.2,1.0,29,58,9.890003681182861,0.0
1779528381.1254125,0.0,0.0,-0.1989675347273536,0.0,0.0,0.0,0.0,1.2672,0.6732,0.0,0.0,-0.2,0.0,0.0,-0.1989675347273536,0.0,0.0,0.0,square,2,0.2,1.0,29,58,9.90000295639038,0.0
1779528381.1354175,0.0,0.0,-0.1989675347273536,0.0,0.0,0.0,0.0,1.2672,0.6336,0.0,0.0,-0.2,0.0,0.0,-0.1989675347273536,0.0,0.0,0.0,square,2,0.2,1.0,29,58,9.90999960899353,0.0
1779528381.1454153,0.0,0.0,-0.1989675347273536,0.0,0.0,0.0,0.0,1.2276,0.6336,0.0,0.0,-0.2,0.0,0.0,-0.1989675347273536,0.0,0.0,0.0,square,2,0.2,1.0,29,58,9.920004606246948,0.0
1779528381.1555102,0.0,0.0,-0.1989675347273536,0.0,0.0,0.0,-0.0396,1.3068,0.5148,0.0,0.0,-0.2,0.0,0.0,-0.1989675347273536,0.0020777729190408684,0.0020777729190408684,0.0,square,2,0.2,1.0,29,58,9.930002450942993,0.0
1779528381.165415,0.0,0.0,-0.1989675347273536,0.0020777729190408684,0.0020777729190408684,0.0,-0.0396,1.3464,0.4752,0.0,0.0,-0.2,0.0,0.0,-0.1989675347273536,0.0,0.0,0.0,square,2,0.2,1.0,29,58,9.940097332000732,0.0
1779528381.1754184,0.0,0.0,-0.1989675347273536,0.0,0.0,0.0,-0.0396,1.1880000000000002,-0.4356,0.0,0.0,-0.2,0.0,0.0,-0.1989675347273536,0.0,0.0,0.0,square,2,0.2,1.0,29,58,9.950002193450928,0.0
1779528381.1854174,0.0,0.0,-0.1989675347273536,0.0,0.0,0.0,-0.0792,1.3464,-0.396,0.0,0.0,-0.2,0.0,0.0,-0.1989675347273536,0.0,0.0,0.0,square,2,0.2,1.0,29,58,9.960005521774292,0.0
1779528381.1954167,0.0,0.0,-0.1989675347273536,0.0,0.0,0.0,0.1188,1.2672,-0.396,0.0,0.0,-0.2,0.0,0.0,-0.1989675347273536,-0.004155545838081737,-0.0020777729190408684,0.0,square,2,0.2,1.0,29,58,9.970004558563232,0.0
1779528381.2054138,0.0,0.0,-0.1989675347273536,-0.004155545838081737,-0.0020777729190408684,0.0,0.0,1.1483999999999999,-0.4752,0.0,0.0,-0.2,0.0,0.0,-0.1989675347273536,-0.0020777729190408684,0.0,0.0,square,2,0.2,1.0,29,58,9.980003833770752,0.0
1779528381.215423,0.0,0.0,-0.1989675347273536,-0.0020777729190408684,0.0,0.0,0.0396,1.2672,-0.35639999999999994,0.0,0.0,-0.2,0.0,0.0,-0.1989675347273536,0.0,0.0,0.0,square,2,0.2,1.0,29,58,9.99000096321106,0.0
1779528381.2254138,0.0,0.0,-0.1989675347273536,0.0,0.0,0.0,0.0396,1.3068,0.3168,0.0,0.0,0.2,0.0,0.0,-0.1989675347273536,-0.0020777729190408684,0.0,0.0020777729190408684,square,2,0.2,1.0,29,58,10.000010251998901,0.0
1779528381.2354147,0.0,0.0,-0.1989675347273536,-0.0020777729190408684,0.0,0.0020777729190408684,-0.0396,1.2672,-0.2376,0.0,0.0,0.2,0.0,0.0,-0.1989675347273536,0.0020777729190408684,0.0,0.0,square,2,0.2,1.0,29,58,10.010000944137573,0.0
1779528381.2454355,0.0,0.0,-0.1989675347273536,0.0020777729190408684,0.0,0.0,0.0,1.2672,-0.27720000000000006,0.0,0.0,0.2,0.0,0.0,-0.1989675347273536,0.0,0.0,0.0,square,2,0.2,1.0,29,58,10.020001888275146,0.0
1779528381.2555504,0.0,0.0,-0.1989675347273536,0.0,0.0,0.0,0.1584,2.0988,1.7028,0.0,0.0,0.2,0.0,0.0,-0.1832595714594046,0.0020777729190408684,0.0020777729190408684,1.3526301702956054,square,2,0.2,1.0,29,58,10.030022621154785,0.0
1779528381.2654283,0.0,0.0,-0.1832595714594046,0.0020777729190408684,0.0020777729190408684,1.3526301702956054,0.99,2.4552,1.5048000000000001,0.0,0.0,0.2,0.0,0.0,-0.15358897417550102,0.0020777729190408684,0.004155545838081737,2.7364269343768237,square,2,0.2,1.0,29,58,10.040137529373169,0.0
1779528381.2754233,0.0,0.0,-0.15358897417550102,0.0020777729190408684,0.004155545838081737,2.7364269343768237,0.2376,1.9404,7.444800000000001,0.0,0.0,0.2,0.0,0.0,-0.10995574287564278,0.0,0.0,3.9997128691536714,square,2,0.2,1.0,29,58,10.050015449523926,0.0
1779528381.2854142,0.0,0.0,-0.10995574287564278,0.0,0.0,3.9997128691536714,-0.27720000000000006,1.4652,1.1483999999999999,0.0,0.0,0.2,0.0,0.0,-0.10995574287564278,0.0,0.0,3.9997128691536714,square,2,0.2,1.0,29,58,10.060010433197021,0.0
1779528381.2954128,0.0,0.0,-0.10995574287564278,0.0,0.0,3.9997128691536714,-0.27720000000000006,1.4652,1.1483999999999999,0.0,0.0,0.2,0.0,0.0,-0.017453292519943295,-0.004155545838081737,0.0,4.508767234318684,square,2,0.2,1.0,29,58,10.070001363754272,0.0
1779528381.3054142,0.0,0.0,-0.017453292519943295,-0.004155545838081737,0.0,4.508767234318684,-0.1188,1.2276,-3.0096000000000003,0.0,0.0,0.2,0.0,0.0,0.017453292519943295,0.0,0.0,3.8584243106588927,square,2,0.2,1.0,29,58,10.079999923706055,0.0
1779528381.315416,0.0,0.0,0.017453292519943295,0.0,0.0,3.8584243106588927,0.0396,1.1483999999999999,-0.9107999999999999,0.0,0.0,0.2,0.0,0.0,0.048869219055841226,0.0,0.0,3.2766478933274494,square,2,0.2,1.0,29,58,10.090001344680786,0.0
1779528381.3254123,0.0,0.0,0.048869219055841226,0.0,0.0,3.2766478933274494,-0.0396,1.3068,-0.1584,0.0,0.0,0.2,0.0,0.0,0.07679448708775051,0.0,0.0,2.829926715733663,square,2,0.2,1.0,29,58,10.100003242492676,0.0
1779528381.3355668,0.0,0.0,0.07679448708775051,0.0,0.0,2.829926715733663,-0.0792,1.2276,-1.1483999999999999,0.0,0.0,0.2,0.0,0.0,0.0994837673636768,0.0020777729190408684,0.0020777729190408684,2.3707389006256308,square,2,0.2,1.0,29,58,10.109999418258667,0.0
1779528381.3454144,0.0,0.0,0.0994837673636768,0.0020777729190408684,0.0020777729190408684,2.3707389006256308,0.0,1.3860000000000001,-0.27720000000000006,0.0,0.0,0.2,0.0,0.0,0.11868238913561442,-0.0020777729190408684,0.0,1.9780398189269066,square,2,0.2,1.0,29,58,10.120153903961182,0.0
1779528381.3554134,0.0,0.0,0.11868238913561442,-0.0020777729190408684,0.0,1.9780398189269066,-0.0396,1.3068,-0.4356,0.0,0.0,0.2,0.0,0.0,0.1343903524035634,0.0,0.0,1.6435183789613268,square,2,0.2,1.0,29,58,10.130001544952393,0.0
1779528381.3654134,0.0,0.0,0.1343903524035634,0.0,0.0,1.6435183789613268,0.0,1.1880000000000002,-0.1188,0.0,0.0,0.2,0.0,0.0,0.1466076571675237,0.0,0.0,1.358863489052728,square,2,0.2,1.0,29,58,10.140000581741333,0.0
1779528381.375415,0.0,0.0,0.1466076571675237,0.0,0.0,1.358863489052728,-0.0396,1.3464,-0.1188,0.0,0.0,0.2,0.0,0.0,0.15707963267948966,0.0,0.0,1.1157640575249463,square,2,0.2,1.0,29,58,10.15000057220459,0.0
1779528381.385415,0.0,0.0,0.15707963267948966,0.0,0.0,1.1157640575249463,-0.0396,1.3068,0.2376,0.0,0.0,0.2,0.0,0.0,0.1658062789394613,0.0,0.0,0.9142200843779821,square,2,0.2,1.0,29,58,10.1600022315979,0.0
1779528381.3955321,0.0,0.0,0.1658062789394613,0.0,0.0,0.9142200843779821,-0.0396,1.3464,0.1584,0.0,0.0,0.2,0.0,0.0,0.17278759594743864,0.0,0.0,0.7396871591785491,square,2,0.2,1.0,29,58,10.170002222061157,0.0
1779528381.4054174,0.0,0.0,0.17278759594743864,0.0,0.0,0.7396871591785491,0.0,1.4255999999999998,-0.3168,0.0,0.0,0.2,0.0,0.0,0.17802358370342164,0.0,0.0,0.59839860068377,square,2,0.2,1.0,29,58,10.180119276046753,0.0
1779528381.4155402,0.0,0.0,0.17802358370342164,0.0,0.0,0.59839860068377,0.0,1.2672,0.4356,0.0,0.0,0.2,0.0,0.0,0.1832595714594046,-0.0020777729190408684,0.0,0.4841210901365223,square,2,0.2,1.0,29,58,10.190004587173462,0.0
1779528381.4254174,0.0,0.0,0.1832595714594046,-0.0020777729190408684,0.0,0.4841210901365223,0.0,1.2276,0.2376,0.0,0.0,0.2,0.0,0.0,0.1867502299633933,0.0,0.0,0.38438799002256063,square,2,0.2,1.0,29,58,10.200127363204956,0.0
1779528381.435417,0.0,0.0,0.1867502299633933,0.0,0.0,0.38438799002256063,0.0,1.4652,-0.27720000000000006,0.0,0.0,0.2,0.0,0.0,0.19024088846738194,0.0,0.0,0.3033548461799668,square,2,0.2,1.0,29,58,10.210004568099976,0.0
1779528381.4454143,0.0,0.0,0.19024088846738194,0.0,0.0,0.3033548461799668,-0.0396,1.3860000000000001,0.1584,0.0,0.0,0.2,0.0,0.0,0.19198621771937624,0.0,0.0,0.23478833985161812,square,2,0.2,1.0,29,58,10.220004081726074,0.0
1779528381.4554152,0.0,0.0,0.19198621771937624,0.0,0.0,0.23478833985161812,-0.0396,1.2276,0.7524000000000001,0.0,0.0,0.2,0.0,0.0,0.1937315469713706,0.0,0.0,0.19946620022792336,square,2,0.2,1.0,29,58,10.230001449584961,0.0
1779528381.4655833,0.0,0.0,0.1937315469713706,0.0,0.0,0.19946620022792336,-0.0792,1.3068,0.4752,0.0,0.0,0.2,0.0,0.0,0.1954768762233649,0.0,0.0,0.1495996501709425,square,2,0.2,1.0,29,58,10.240002393722534,0.0
1779528381.4754133,0.0,0.0,0.1954768762233649,0.0,0.0,0.1495996501709425,-0.0792,1.2276,0.4356,0.0,0.0,0.2,0.0,0.0,0.1954768762233649,0.0,0.0,0.11427751054724776,square,2,0.2,1.0,29,58,10.250170469284058,0.0
1779528381.485414,0.0,0.0,0.1954768762233649,0.0,0.0,0.11427751054724776,-0.0396,1.3068,0.5148,0.0,0.0,0.2,0.0,0.0,0.19722220547535924,-0.0020777729190408684,0.0,0.08103314384259387,square,2,0.2,1.0,29,58,10.260000467300415,0.0
1779528381.4954135,0.0,0.0,0.19722220547535924,-0.0020777729190408684,0.0,0.08103314384259387,0.0,1.3068,0.396,0.0,0.0,0.2,0.0,0.0,0.19722220547535924,0.0,0.0,0.05817764173314431,square,2,0.2,1.0,29,58,10.27000117301941,0.0
1779528381.5054145,0.0,0.0,0.19722220547535924,0.0,0.0,0.05817764173314431,0.0,1.3068,0.7127999999999999,0.0,0.0,0.2,0.0,0.0,0.19722220547535924,0.0,0.0,0.06233318757122605,square,2,0.2,1.0,29,58,10.280000686645508,0.0
1779528381.5154142,0.0,0.0,0.19722220547535924,0.0,0.0,0.06233318757122605,0.0,1.4255999999999998,-0.0396,0.0,0.0,0.2,0.0,0.0,0.1989675347273536,0.0,0.0,0.031166593785613025,square,2,0.2,1.0,29,58,10.290001630783081,0.0
1779528381.5256286,0.0,0.0,0.1989675347273536,0.0,0.0,0.031166593785613025,0.0,1.3464,0.35639999999999994,0.0,0.0,0.2,0.0,0.0,0.1989675347273536,0.0,0.0,0.035322139623694765,square,2,0.2,1.0,29,58,10.300001382827759,0.0
1779528381.5354142,0.0,0.0,0.1989675347273536,0.0,0.0,0.035322139623694765,-0.0396,1.4652,-0.0792,0.0,0.0,0.2,0.0,0.0,0.1989675347273536,0.0,0.0,0.029088820866572156,square,2,0.2,1.0,29,58,10.310215711593628,0.0
1779528381.5454147,0.0,0.0,0.1989675347273536,0.0,0.0,0.029088820866572156,-0.0792,1.3068,-0.198,0.0,0.0,0.2,0.0,0.0,0.1989675347273536,0.0,0.0,0.016622183352326948,square,2,0.2,1.0,29,58,10.320001363754272,0.0
1779528381.555412,0.0,0.0,0.1989675347273536,0.0,0.0,0.016622183352326948,0.0,1.4255999999999998,-0.1188,0.0,0.0,0.2,0.0,0.0,0.1989675347273536,0.0,-0.0020777729190408684,0.008311091676163474,square,2,0.2,1.0,29,58,10.330001831054688,0.0
1779528381.5654147,0.0,0.0,0.1989675347273536,0.0,-0.0020777729190408684,0.008311091676163474,0.0,1.4652,-0.0792,0.0,0.0,0.2,0.0,0.0,0.1989675347273536,0.0,0.0,0.004155545838081737,square,2,0.2,1.0,29,58,10.339999198913574,0.0
1779528381.5754144,0.0,0.0,0.1989675347273536,0.0,0.0,0.004155545838081737,-0.0792,1.4652,-0.0396,0.0,0.0,0.2,0.0,0.0,0.1989675347273536,0.0,0.0,0.0020777729190408684,square,2,0.2,1.0,29,58,10.350001811981201,0.0
1779528381.5855277,0.0,0.0,0.1989675347273536,0.0,0.0,0.0020777729190408684,-0.0396,1.3464,0.0,0.0,0.0,0.2,0.0,0.0,0.1989675347273536,0.0,0.0,0.0,square,2,0.2,1.0,29,58,10.360001564025879,0.0
1779528381.5954175,0.0,0.0,0.1989675347273536,0.0,0.0,0.0,0.0,1.4255999999999998,-0.0396,0.0,0.0,0.2,0.0,0.0,0.1989675347273536,0.0,0.0,0.0,square,2,0.2,1.0,29,58,10.370114803314209,0.0
1779528381.6054502,0.0,0.0,0.1989675347273536,0.0,0.0,0.0,-0.0396,1.4255999999999998,-0.0396,0.0,0.0,0.2,0.0,0.0,0.1989675347273536,0.0,0.0,0.0,square,2,0.2,1.0,29,58,10.380004644393921,0.0
1779528381.615414,0.0,0.0,0.1989675347273536,0.0,0.0,0.0,0.0,1.3068,-0.1188,0.0,0.0,0.2,0.0,0.0,0.1989675347273536,-0.0020777729190408684,-0.0020777729190408684,0.0,square,2,0.2,1.0,29,58,10.390037298202515,0.0
1779528381.6254148,0.0,0.0,0.1989675347273536,-0.0020777729190408684,-0.0020777729190408684,0.0,-0.0396,1.3464,-0.0396,0.0,0.0,0.2,0.0,0.0,0.1989675347273536,0.0,0.0,-0.0020777729190408684,square,2,0.2,1.0,29,58,10.400001049041748,0.0
1779528381.635414,0.0,0.0,0.1989675347273536,0.0,0.0,-0.0020777729190408684,0.0,1.3860000000000001,-0.0396,0.0,0.0,0.2,0.0,0.0,0.1989675347273536,0.0,0.0,0.0,square,2,0.2,1.0,29,58,10.410001993179321,0.0
1779528381.6454167,0.0,0.0,0.1989675347273536,0.0,0.0,0.0,-0.0396,1.3068,-0.1584,0.0,0.0,0.2,0.0,0.0,0.1989675347273536,0.0,0.0,0.0,square,2,0.2,1.0,29,58,10.420001029968262,0.0
1779528381.655588,0.0,0.0,0.1989675347273536,0.0,0.0,0.0,-0.0792,1.3860000000000001,-0.0792,0.0,0.0,0.2,0.0,0.0,0.1989675347273536,0.0,0.0,0.0,square,2,0.2,1.0,29,58,10.430003881454468,0.0
1779528381.6654143,0.0,0.0,0.1989675347273536,0.0,0.0,0.0,0.0,1.4255999999999998,-0.1188,0.0,0.0,0.2,0.0,0.0,0.1989675347273536,0.0,0.0,0.0020777729190408684,square,2,0.2,1.0,29,58,10.44017505645752,0.0
1779528381.675417,0.0,0.0,0.1989675347273536,0.0,0.0,0.0020777729190408684,-0.0792,1.4255999999999998,0.198,0.0,0.0,0.2,0.0,0.0,0.1989675347273536,0.0,0.0,0.0,square,2,0.2,1.0,29,58,10.45000147819519,0.0
1779528381.6854146,0.0,0.0,0.1989675347273536,0.0,0.0,0.0,0.0,1.4255999999999998,0.2376,0.0,0.0,0.2,0.0,0.0,0.1989675347273536,0.0,0.0,0.0,square,2,0.2,1.0,29,58,10.460004091262817,0.0
1779528381.695597,0.0,0.0,0.1989675347273536,0.0,0.0,0.0,0.0,1.3860000000000001,0.198,0.0,0.0,0.2,0.0,0.0,0.1989675347273536,-0.0020777729190408684,0.0,-0.0020777729190408684,square,2,0.2,1.0,29,58,10.470001697540283,0.0
1779528381.7055237,0.0,0.0,0.1989675347273536,-0.0020777729190408684,0.0,-0.0020777729190408684,0.0,1.4652,0.2376,0.0,0.0,0.2,0.0,0.0,0.1989675347273536,0.0,0.0,0.0,square,2,0.2,1.0,29,58,10.480184078216553,0.0
1779528381.7154145,0.0,0.0,0.1989675347273536,0.0,0.0,0.0,0.0,1.4652,0.1188,0.0,0.0,0.2,0.0,0.0,0.1989675347273536,0.0,0.0,0.0,square,2,0.2,1.0,29,58,10.490110874176025,0.0
1779528381.7254133,0.0,0.0,0.1989675347273536,0.0,0.0,0.0,0.0,1.3860000000000001,0.2376,0.0,0.0,-0.2,0.0,0.0,0.1989675347273536,0.0020777729190408684,0.0,0.0,square,2,0.2,1.0,29,58,10.500001668930054,0.0
1779528381.7354136,0.0,0.0,0.1989675347273536,0.0020777729190408684,0.0,0.0,-0.0792,1.4255999999999998,0.1584,0.0,0.0,-0.2,0.0,0.0,0.1989675347273536,0.0020777729190408684,0.0,-0.0020777729190408684,square,2,0.2,1.0,29,58,10.510000467300415,0.0
1779528381.745417,0.0,0.0,0.1989675347273536,0.0020777729190408684,0.0,-0.0020777729190408684,-0.0792,1.4652,0.2376,0.0,0.0,-0.2,0.0,0.0,0.1989675347273536,0.0020777729190408684,0.0,0.0,square,2,0.2,1.0,29,58,10.520000696182251,0.0
1779528381.7554123,0.0,0.0,0.1989675347273536,0.0020777729190408684,0.0,0.0,0.0792,2.3760000000000003,2.0988,0.0,0.0,-0.2,0.0,0.0,0.1832595714594046,0.0,-0.004155545838081737,-1.3505523973765645,square,2,0.2,1.0,29,58,10.530004262924194,0.0
1779528381.765415,0.0,0.0,0.1832595714594046,0.0,-0.004155545838081737,-1.3505523973765645,-0.3168,2.0196,1.0296,0.0,0.0,-0.2,0.0,0.0,0.15358897417550102,-0.0020777729190408684,-0.008311091676163474,-2.742660253133946,square,2,0.2,1.0,29,58,10.53999948501587,0.0
1779528381.7754123,0.0,0.0,0.15358897417550102,-0.0020777729190408684,-0.008311091676163474,-2.742660253133946,-0.198,1.3068,4.5935999999999995,0.0,0.0,-0.2,0.0,0.0,0.10995574287564278,0.0020777729190408684,-0.0020777729190408684,-3.962312956610936,square,2,0.2,1.0,29,58,10.550002098083496,0.0
1779528381.7854123,0.0,0.0,0.10995574287564278,0.0020777729190408684,-0.0020777729190408684,-3.962312956610936,0.2376,1.3068,2.6532,0.0,0.0,-0.2,0.0,0.0,0.06283185307179587,0.0,0.0,-4.537856055185257,square,2,0.2,1.0,29,58,10.559999465942383,0.0
1779528381.7954185,0.0,0.0,0.06283185307179587,0.0,0.0,-4.537856055185257,0.2376,1.2276,0.198,0.0,0.0,-0.2,0.0,0.0,0.017453292519943295,0.0,0.0020777729190408684,-4.550322692699502,square,2,0.2,1.0,29,58,10.56999945640564,0.0
1779528381.8054147,0.0,0.0,0.017453292519943295,0.0,0.0020777729190408684,-4.550322692699502,-0.0396,1.0296,-3.6828000000000003,0.0,0.0,-0.2,0.0,0.0,-0.017453292519943295,-0.004155545838081737,0.008311091676163474,-3.883357585687383,square,2,0.2,1.0,29,58,10.580005645751953,0.0
1779528381.8154123,0.0,0.0,-0.017453292519943295,-0.004155545838081737,0.008311091676163474,-3.883357585687383,-0.1188,1.6236000000000002,-1.0296,0.0,0.0,-0.2,0.0,0.0,-0.048869219055841226,-0.006233318757122605,0.0020777729190408684,-3.2932700766797764,square,2,0.2,1.0,29,58,10.590001821517944,0.0
1779528381.8254151,0.0,0.0,-0.048869219055841226,-0.006233318757122605,0.0020777729190408684,-3.2932700766797764,-0.2376,1.4255999999999998,-0.198,0.0,0.0,-0.2,0.0,0.0,-0.07679448708775051,-0.0020777729190408684,0.0,-2.8423933532479078,square,2,0.2,1.0,29,58,10.59999942779541,0.0
1779528381.8354194,0.0,0.0,-0.07679448708775051,-0.0020777729190408684,0.0,-2.8423933532479078,-0.198,1.1483999999999999,-1.0296,0.0,0.0,-0.2,0.0,0.0,-0.0994837673636768,0.0,0.0020777729190408684,-2.3790499923017943,square,2,0.2,1.0,29,58,10.610002279281616,0.0
1779528381.8454294,0.0,0.0,-0.0994837673636768,0.0,0.0020777729190408684,-2.3790499923017943,-0.0396,1.3464,0.0792,0.0,0.0,-0.2,0.0,0.0,-0.11868238913561442,0.004155545838081737,-0.0020777729190408684,-1.9842731376840292,square,2,0.2,1.0,29,58,10.620006561279297,0.0
1779528381.855415,0.0,0.0,-0.11868238913561442,0.004155545838081737,-0.0020777729190408684,-1.9842731376840292,-0.1188,1.3860000000000001,-0.5148,0.0,0.0,-0.2,0.0,0.0,-0.1343903524035634,0.004155545838081737,0.0,-1.6497516977184494,square,2,0.2,1.0,29,58,10.630016565322876,0.0
1779528381.8654146,0.0,0.0,-0.1343903524035634,0.004155545838081737,0.0,-1.6497516977184494,0.1188,1.2276,-0.1188,0.0,0.0,-0.2,0.0,0.0,-0.1466076571675237,0.0020777729190408684,0.0,-1.358863489052728,square,2,0.2,1.0,29,58,10.640002250671387,0.0
1779528381.8754137,0.0,0.0,-0.1466076571675237,0.0020777729190408684,0.0,-1.358863489052728,-0.0792,1.2276,0.0,0.0,0.0,-0.2,0.0,0.0,-0.15707963267948966,0.0,0.0,-1.1136862846059055,square,2,0.2,1.0,29,58,10.650001764297485,0.0
1779528381.885415,0.0,0.0,-0.15707963267948966,0.0,0.0,-1.1136862846059055,-0.0792,1.4255999999999998,0.0,0.0,0.0,-0.2,0.0,0.0,-0.1658062789394613,0.0,0.0,-0.9100645385399003,square,2,0.2,1.0,29,58,10.660000801086426,0.0
1779528381.895416,0.0,0.0,-0.1658062789394613,0.0,0.0,-0.9100645385399003,0.0,1.3068,-0.3168,0.0,0.0,-0.2,0.0,0.0,-0.17278759594743864,0.0,0.0,-0.7355316133404673,square,2,0.2,1.0,29,58,10.670002222061157,0.0
1779528381.9054163,0.0,0.0,-0.17278759594743864,0.0,0.0,-0.7355316133404673,-0.0792,1.3860000000000001,0.3168,0.0,0.0,-0.2,0.0,0.0,-0.17802358370342164,0.0,0.0,-0.5942430548456884,square,2,0.2,1.0,29,58,10.68000316619873,0.0
1779528381.9154143,0.0,0.0,-0.17802358370342164,0.0,0.0,-0.5942430548456884,0.0,1.3860000000000001,-0.1584,0.0,0.0,-0.2,0.0,0.0,-0.1832595714594046,-0.0020777729190408684,0.0,-0.4861988630555632,square,2,0.2,1.0,29,58,10.690003395080566,0.0
1779528381.9254124,0.0,0.0,-0.1832595714594046,-0.0020777729190408684,0.0,-0.4861988630555632,0.0,1.3068,0.1584,0.0,0.0,-0.2,0.0,0.0,-0.1867502299633933,0.0,0.0,-0.3739991254273563,square,2,0.2,1.0,29,58,10.70000147819519,0.0
1779528381.9354138,0.0,0.0,-0.1867502299633933,0.0,0.0,-0.3739991254273563,0.0,1.4255999999999998,0.5544000000000001,0.0,0.0,-0.2,0.0,0.0,-0.19024088846738194,-0.0020777729190408684,0.0,-0.30751039201804853,square,2,0.2,1.0,29,58,10.709999561309814,0.0
1779528381.9453835,0.0,0.0,-0.19024088846738194,-0.0020777729190408684,0.0,-0.30751039201804853,0.0396,1.4652,-0.1584,0.0,0.0,-0.2,0.0,0.0,-0.19198621771937624,0.0,0.0,-0.2306327940135364,square,2,0.2,1.0,29,58,10.720000982284546,0.0
1779528381.9554143,0.0,0.0,-0.19198621771937624,0.0,0.0,-0.2306327940135364,-0.0396,1.4652,0.27720000000000006,0.0,0.0,-0.2,0.0,0.0,-0.1937315469713706,0.0,0.0,-0.19323288147080075,square,2,0.2,1.0,29,58,10.729970693588257,0.0
1779528381.9654162,0.0,0.0,-0.1937315469713706,0.0,0.0,-0.19323288147080075,-0.0792,1.3464,-0.0396,0.0,0.0,-0.2,0.0,0.0,-0.1954768762233649,0.0020777729190408684,0.0,-0.15583296892806514,square,2,0.2,1.0,29,58,10.740001440048218,0.0
1779528381.9754126,0.0,0.0,-0.1954768762233649,0.0020777729190408684,0.0,-0.15583296892806514,0.198,1.3464,0.0792,0.0,0.0,-0.2,0.0,0.0,-0.1954768762233649,0.0,0.0,-0.11427751054724776,square,2,0.2,1.0,29,58,10.750003337860107,0.0
1779528381.985523,0.0,0.0,-0.1954768762233649,0.0,0.0,-0.11427751054724776,0.1584,1.4255999999999998,0.4356,0.0,0.0,-0.2,0.0,0.0,-0.19722220547535924,0.0020777729190408684,0.0,-0.078955370923553,square,2,0.2,1.0,29,58,10.759999752044678,0.0
1779528381.9953835,0.0,0.0,-0.19722220547535924,0.0020777729190408684,0.0,-0.078955370923553,0.198,1.4255999999999998,0.792,0.0,0.0,-0.2,0.0,0.0,-0.19722220547535924,0.0,0.0,-0.05402209589506258,square,2,0.2,1.0,29,58,10.770110130310059,0.0
1779528382.0054119,0.0,0.0,-0.19722220547535924,0.0,0.0,-0.05402209589506258,-0.0792,1.3068,0.99,0.0,0.0,-0.2,0.0,0.0,-0.19722220547535924,-0.004155545838081737,0.0,-0.05194432297602171,square,2,0.2,1.0,29,58,10.779970645904541,0.0
1779528382.0155506,0.0,0.0,-0.19722220547535924,-0.004155545838081737,0.0,-0.05194432297602171,-0.0396,1.4652,0.7524000000000001,0.0,0.0,-0.2,0.0,0.0,-0.1989675347273536,-0.006233318757122605,0.0,-0.03739991254273563,square,2,0.2,1.0,29,58,10.789999008178711,0.0
1779528382.0255444,0.0,0.0,-0.1989675347273536,-0.006233318757122605,0.0,-0.03739991254273563,-0.1188,1.4652,0.99,0.0,0.0,-0.2,0.0,0.0,-0.1989675347273536,0.0,0.0,-0.022855502109449553,square,2,0.2,1.0,29,58,10.800137758255005,0.0
1779528382.0354135,0.0,0.0,-0.1989675347273536,0.0,0.0,-0.022855502109449553,0.0396,1.2276,1.0296,0.0,0.0,-0.2,0.0,0.0,-0.1989675347273536,0.0,0.0,-0.020777729190408684,square,2,0.2,1.0,29,58,10.810131549835205,0.0
1779528382.045421,0.0,0.0,-0.1989675347273536,0.0,0.0,-0.020777729190408684,0.0,1.3860000000000001,0.7524000000000001,0.0,0.0,-0.2,0.0,0.0,-0.1989675347273536,0.0,0.0020777729190408684,-0.022855502109449553,square,2,0.2,1.0,29,58,10.820000648498535,0.0
1779528382.0555632,0.0,0.0,-0.1989675347273536,0.0,0.0020777729190408684,-0.022855502109449553,-0.0792,1.2672,0.4356,0.0,0.0,-0.2,0.0,0.0,-0.1989675347273536,0.004155545838081737,0.0,-0.01246663751424521,square,2,0.2,1.0,29,58,10.830008029937744,0.0
1779528382.065518,0.0,0.0,-0.1989675347273536,0.004155545838081737,0.0,-0.01246663751424521,-0.1188,1.3464,0.5148,0.0,0.0,-0.2,0.0,0.0,-0.1989675347273536,0.0,0.0,-0.008311091676163474,square,2,0.2,1.0,29,58,10.840150356292725,0.0
1779528382.0754266,0.0,0.0,-0.1989675347273536,0.0,0.0,-0.008311091676163474,0.0792,1.3464,0.396,0.0,0.0,-0.2,0.0,0.0,-0.1989675347273536,0.0,0.0,-0.004155545838081737,square,2,0.2,1.0,29,58,10.850105047225952,0.0
1779528382.085423,0.0,0.0,-0.1989675347273536,0.0,0.0,-0.004155545838081737,-0.0792,1.3860000000000001,0.4752,0.0,0.0,-0.2,0.0,0.0,-0.1989675347273536,-0.0020777729190408684,0.0,0.0,square,2,0.2,1.0,29,58,10.860013723373413,0.0
1779528382.0954142,0.0,0.0,-0.1989675347273536,-0.0020777729190408684,0.0,0.0,-0.0396,1.3860000000000001,0.6732,0.0,0.0,-0.2,0.0,0.0,-0.1989675347273536,0.0,0.0,0.0,square,2,0.2,1.0,29,58,10.870010137557983,0.0
1779528382.1054134,0.0,0.0,-0.1989675347273536,0.0,0.0,0.0,0.0,1.2672,0.6336,0.0,0.0,-0.2,0.0,0.0,-0.1989675347273536,0.0,0.0,0.0,square,2,0.2,1.0,29,58,10.880001306533813,0.0
1779528382.1154175,0.0,0.0,-0.1989675347273536,0.0,0.0,0.0,0.0,1.4255999999999998,0.396,0.0,0.0,-0.2,0.0,0.0,-0.1989675347273536,-0.0020777729190408684,0.0,0.0,square,2,0.2,1.0,29,58,10.890000581741333,0.0
1779528382.1262896,0.0,0.0,-0.1989675347273536,-0.0020777729190408684,0.0,0.0,0.0,1.3860000000000001,0.396,0.0,0.0,-0.2,0.0,0.0,-0.1989675347273536,0.0,0.0,0.0,square,2,0.2,1.0,29,58,10.900004625320435,0.0
1779528382.135415,0.0,0.0,-0.1989675347273536,0.0,0.0,0.0,0.0,1.3860000000000001,0.5544000000000001,0.0,0.0,-0.2,0.0,0.0,-0.1989675347273536,0.0,0.0,0.0020777729190408684,square,2,0.2,1.0,29,58,10.910876750946045,0.0
1779528382.1454146,0.0,0.0,-0.1989675347273536,0.0,0.0,0.0020777729190408684,0.0,1.3860000000000001,0.396,0.0,0.0,-0.2,0.0,0.0,-0.1989675347273536,0.0,0.0,0.0,square,2,0.2,1.0,29,58,10.920002222061157,0.0
1779528382.1554105,0.0,0.0,-0.1989675347273536,0.0,0.0,0.0,-0.0792,1.3860000000000001,0.35639999999999994,0.0,0.0,-0.2,0.0,0.0,-0.1989675347273536,0.0,0.0,0.0,square,2,0.2,1.0,29,58,10.930001735687256,0.0
1779528382.1654174,0.0,0.0,-0.1989675347273536,0.0,0.0,0.0,-0.0396,1.2672,0.396,0.0,0.0,-0.2,0.0,0.0,-0.1989675347273536,0.0,0.0020777729190408684,0.0,square,2,0.2,1.0,29,58,10.939997673034668,0.0
1779528382.1754174,0.0,0.0,-0.1989675347273536,0.0,0.0020777729190408684,0.0,-0.0792,1.3464,0.35639999999999994,0.0,0.0,-0.2,0.0,0.0,-0.1989675347273536,0.0,-0.0020777729190408684,0.0,square,2,0.2,1.0,29,58,10.950004577636719,0.0
1779528382.185411,0.0,0.0,-0.1989675347273536,0.0,-0.0020777729190408684,0.0,-0.198,1.2672,0.4356,0.0,0.0,-0.2,0.0,0.0,-0.1989675347273536,0.0,0.0,0.0,square,2,0.2,1.0,29,58,10.960004568099976,0.0
1779528382.1954138,0.0,0.0,-0.1989675347273536,0.0,0.0,0.0,-0.0792,1.3464,0.3168,0.0,0.0,-0.2,0.0,0.0,-0.1989675347273536,-0.0020777729190408684,0.0,0.0,square,2,0.2,1.0,29,58,10.969998121261597,0.0
1779528382.2054148,0.0,0.0,-0.1989675347273536,-0.0020777729190408684,0.0,0.0,-0.0396,1.2276,-0.27720000000000006,0.0,0.0,-0.2,0.0,0.0,-0.1989675347273536,-0.0020777729190408684,0.0,0.0,square,2,0.2,1.0,29,58,10.980000972747803,0.0
1779528382.2154136,0.0,0.0,-0.1989675347273536,-0.0020777729190408684,0.0,0.0,0.0,1.1880000000000002,-0.27720000000000006,0.0,0.0,-0.2,0.0,0.0,-0.1989675347273536,-0.0020777729190408684,0.0,0.0,square,2,0.2,1.0,29,58,10.990001916885376,0.0
1779528382.2254143,0.0,0.0,-0.1989675347273536,-0.0020777729190408684,0.0,0.0,0.0,1.1880000000000002,-0.27720000000000006,0.0,0.0,0.2,0.0,0.0,-0.1989675347273536,0.0,0.0,0.0,square,2,0.2,1.0,29,58,11.000000715255737,0.0
1779528382.2354174,0.0,0.0,-0.1989675347273536,0.0,0.0,0.0,0.0,1.4255999999999998,-0.198,0.0,0.0,0.2,0.0,0.0,-0.1989675347273536,0.0,0.0,0.0,square,2,0.2,1.0,29,58,11.010001420974731,0.0
1779528382.2454221,0.0,0.0,-0.1989675347273536,0.0,0.0,0.0,0.0,1.3068,-0.2376,0.0,0.0,0.2,0.0,0.0,-0.1989675347273536,0.0,0.0,0.0,square,2,0.2,1.0,29,58,11.020004510879517,0.0
1779528382.2554147,0.0,0.0,-0.1989675347273536,0.0,0.0,0.0,-0.0792,1.2672,-0.2376,0.0,0.0,0.2,0.0,0.0,-0.1989675347273536,0.0020777729190408684,0.0,0.0,square,2,0.2,1.0,29,58,11.030009269714355,0.0
1779528382.2654173,0.0,0.0,-0.1989675347273536,0.0020777729190408684,0.0,0.0,-0.2376,3.168,1.782,0.0,0.0,0.2,0.0,0.0,-0.1989675347273536,0.0020777729190408684,0.0,0.0,square,2,0.2,1.0,29,58,11.04000186920166,0.0
1779528382.2755806,0.0,0.0,-0.1989675347273536,0.0020777729190408684,0.0,0.0,-0.2376,3.168,1.782,0.0,0.0,0.2,0.0,0.0,-0.1989675347273536,0.0020777729190408684,0.0,0.0,square,2,0.2,1.0,29,58,11.050004482269287,0.0
1779528382.285414,0.0,0.0,-0.1989675347273536,0.0020777729190408684,0.0,0.0,-0.2376,3.168,1.782,0.0,0.0,0.2,0.0,0.0,-0.10995574287564278,0.0,0.0,3.99555732331559,square,2,0.2,1.0,29,58,11.060167789459229,0.0
1779528382.2954118,0.0,0.0,-0.10995574287564278,0.0,0.0,3.99555732331559,-0.0792,1.5444,1.0296,0.0,0.0,0.2,0.0,0.0,-0.06283185307179587,-0.004155545838081737,0.0,4.575255967727992,square,2,0.2,1.0,29,58,11.070001125335693,0.0
1779528382.3054142,0.0,0.0,-0.06283185307179587,-0.004155545838081737,0.0,4.575255967727992,0.0,1.1880000000000002,-0.0396,0.0,0.0,0.2,0.0,0.0,-0.017453292519943295,-0.0020777729190408684,0.0,4.504611688480603,square,2,0.2,1.0,29,58,11.079998970031738,0.0
1779528382.3154144,0.0,0.0,-0.017453292519943295,-0.0020777729190408684,0.0,4.504611688480603,-0.0792,1.5444,-2.97,0.0,0.0,0.2,0.0,0.0,0.017453292519943295,0.0,0.0,3.8584243106588927,square,2,0.2,1.0,29,58,11.090001344680786,0.0
1779528382.3253834,0.0,0.0,0.017453292519943295,0.0,0.0,3.8584243106588927,-0.1188,1.2276,-0.99,0.0,0.0,0.2,0.0,0.0,0.048869219055841226,0.0,0.0,3.280803439165531,square,2,0.2,1.0,29,58,11.100001573562622,0.0
1779528382.3354154,0.0,0.0,0.048869219055841226,0.0,0.0,3.280803439165531,0.0792,1.4255999999999998,-0.1188,0.0,0.0,0.2,0.0,0.0,0.07679448708775051,0.0020777729190408684,0.0,2.838237807409826,square,2,0.2,1.0,29,58,11.109970569610596,0.0
1779528382.3454154,0.0,0.0,0.07679448708775051,0.0020777729190408684,0.0,2.838237807409826,0.0,1.2276,-1.0692,0.0,0.0,0.2,0.0,0.0,0.0994837673636768,0.0,0.0,2.36866112770659,square,2,0.2,1.0,29,58,11.120002508163452,0.0
1779528382.3554103,0.0,0.0,0.0994837673636768,0.0,0.0,2.36866112770659,0.0396,1.2276,0.0396,0.0,0.0,0.2,0.0,0.0,0.11868238913561442,0.0,0.0,1.9801175918459475,square,2,0.2,1.0,29,58,11.130002498626709,0.0
1779528382.3654134,0.0,0.0,0.11868238913561442,0.0,0.0,1.9801175918459475,0.0,1.3068,-0.6732,0.0,0.0,0.2,0.0,0.0,0.1343903524035634,0.0,0.0,1.641440606042286,square,2,0.2,1.0,29,58,11.139997482299805,0.0
1779528382.3754134,0.0,0.0,0.1343903524035634,0.0,0.0,1.641440606042286,0.0,1.3464,-0.0792,0.0,0.0,0.2,0.0,0.0,0.1466076571675237,0.0020777729190408684,-0.0020777729190408684,1.358863489052728,square,2,0.2,1.0,29,58,11.15000057220459,0.0
1779528382.3854127,0.0,0.0,0.1466076571675237,0.0020777729190408684,-0.0020777729190408684,1.358863489052728,-0.0792,1.3068,-0.0396,0.0,0.0,0.2,0.0,0.0,0.15707963267948966,0.0,0.0020777729190408684,1.1157640575249463,square,2,0.2,1.0,29,58,11.160000562667847,0.0
1779528382.3954163,0.0,0.0,0.15707963267948966,0.0,0.0020777729190408684,1.1157640575249463,-0.0792,1.4255999999999998,0.2376,0.0,0.0,0.2,0.0,0.0,0.1658062789394613,0.0,0.0,0.9142200843779821,square,2,0.2,1.0,29,58,11.169999837875366,0.0
1779528382.405417,0.0,0.0,0.1658062789394613,0.0,0.0,0.9142200843779821,-0.0396,1.4652,0.0396,0.0,0.0,0.2,0.0,0.0,0.17278759594743864,0.0,0.0020777729190408684,0.74176493209759,square,2,0.2,1.0,29,58,11.18000340461731,0.0
1779528382.4154155,0.0,0.0,0.17278759594743864,0.0,0.0020777729190408684,0.74176493209759,0.0,1.5048000000000001,-0.0792,0.0,0.0,0.2,0.0,0.0,0.17802358370342164,0.0,0.0020777729190408684,0.5963208277647293,square,2,0.2,1.0,29,58,11.190004110336304,0.0
1779528382.4254134,0.0,0.0,0.17802358370342164,0.0,0.0020777729190408684,0.5963208277647293,0.0,1.3464,0.2376,0.0,0.0,0.2,0.0,0.0,0.1832595714594046,0.0,0.0,0.48204331721748145,square,2,0.2,1.0,29,58,11.200002670288086,0.0
1779528382.4354126,0.0,0.0,0.1832595714594046,0.0,0.0,0.48204331721748145,0.0,1.5048000000000001,0.35639999999999994,0.0,0.0,0.2,0.0,0.0,0.1867502299633933,0.0,0.0,0.3864657629416015,square,2,0.2,1.0,29,58,11.21000051498413,0.0
1779528382.4454138,0.0,0.0,0.1867502299633933,0.0,0.0,0.3864657629416015,-0.0396,1.3860000000000001,-0.0396,0.0,0.0,0.2,0.0,0.0,0.19024088846738194,0.0020777729190408684,0.0,0.3033548461799668,square,2,0.2,1.0,29,58,11.21999979019165,0.0
1779528382.4554143,0.0,0.0,0.19024088846738194,0.0020777729190408684,0.0,0.3033548461799668,-0.1584,1.4255999999999998,0.0792,0.0,0.0,0.2,0.0,0.0,0.19198621771937624,0.0,0.0,0.236866112770659,square,2,0.2,1.0,29,58,11.230000972747803,0.0
1779528382.4654152,0.0,0.0,0.19198621771937624,0.0,0.0,0.236866112770659,-0.198,1.4652,0.5544000000000001,0.0,0.0,0.2,0.0,0.0,0.1937315469713706,0.0020777729190408684,0.0,0.19946620022792336,square,2,0.2,1.0,29,58,11.240001440048218,0.0
1779528382.475411,0.0,0.0,0.1937315469713706,0.0020777729190408684,0.0,0.19946620022792336,-0.1584,1.3068,0.35639999999999994,0.0,0.0,0.2,0.0,0.0,0.1954768762233649,0.0,0.0,0.1495996501709425,square,2,0.2,1.0,29,58,11.250002384185791,0.0
1779528382.4854157,0.0,0.0,0.1954768762233649,0.0,0.0,0.1495996501709425,0.0,1.5048000000000001,0.4752,0.0,0.0,0.2,0.0,0.0,0.1954768762233649,-0.0020777729190408684,0.0,0.1121997376282069,square,2,0.2,1.0,29,58,11.259998083114624,0.0
1779528382.4954185,0.0,0.0,0.1954768762233649,-0.0020777729190408684,0.0,0.1121997376282069,-0.0396,1.4652,0.4356,0.0,0.0,0.2,0.0,0.0,0.19722220547535924,0.0,0.0020777729190408684,0.08103314384259387,square,2,0.2,1.0,29,58,11.270002841949463,0.0
1779528382.5054154,0.0,0.0,0.19722220547535924,0.0,0.0020777729190408684,0.08103314384259387,-0.0396,1.3860000000000001,0.6732,0.0,0.0,0.2,0.0,0.0,0.19722220547535924,0.0,0.0,0.05402209589506258,square,2,0.2,1.0,29,58,11.280005693435669,0.0
1779528382.5154138,0.0,0.0,0.19722220547535924,0.0,0.0,0.05402209589506258,-0.0792,1.4652,0.9504,0.0,0.0,0.2,0.0,0.0,0.19722220547535924,0.0,0.0,0.06233318757122605,square,2,0.2,1.0,29,58,11.290002584457397,0.0
1779528382.5254147,0.0,0.0,0.19722220547535924,0.0,0.0,0.06233318757122605,-0.1188,1.3860000000000001,0.0396,0.0,0.0,0.2,0.0,0.0,0.1989675347273536,0.0,0.0,0.033244366704653895,square,2,0.2,1.0,29,58,11.3000009059906,0.0
1779528382.5355937,0.0,0.0,0.1989675347273536,0.0,0.0,0.033244366704653895,-0.1188,1.5444,0.5544000000000001,0.0,0.0,0.2,0.0,0.0,0.1989675347273536,0.0,0.0,0.03739991254273563,square,2,0.2,1.0,29,58,11.310001850128174,0.0
1779528382.545413,0.0,0.0,0.1989675347273536,0.0,0.0,0.03739991254273563,-0.0792,1.4255999999999998,0.0396,0.0,0.0,0.2,0.0,0.0,0.1989675347273536,0.0,0.0,0.029088820866572156,square,2,0.2,1.0,29,58,11.320180892944336,0.0
1779528382.5554106,0.0,0.0,0.1989675347273536,0.0,0.0,0.029088820866572156,-0.0396,1.3464,-0.0792,0.0,0.0,0.2,0.0,0.0,0.1989675347273536,0.0,0.0,0.014544410433286078,square,2,0.2,1.0,29,58,11.330000162124634,0.0
1779528382.5654144,0.0,0.0,0.1989675347273536,0.0,0.0,0.014544410433286078,-0.1188,1.3860000000000001,0.0,0.0,0.0,0.2,0.0,0.0,0.1989675347273536,0.0,0.0,0.006233318757122605,square,2,0.2,1.0,29,58,11.3399977684021,0.0
1779528382.5753496,0.0,0.0,0.1989675347273536,0.0,0.0,0.006233318757122605,-0.0792,1.5048000000000001,0.0792,0.0,0.0,0.2,0.0,0.0,0.1989675347273536,0.0,0.0,0.004155545838081737,square,2,0.2,1.0,29,58,11.350001573562622,0.0
1779528382.5858922,0.0,0.0,0.1989675347273536,0.0,0.0,0.004155545838081737,-0.0792,1.3464,0.1188,0.0,0.0,0.2,0.0,0.0,0.1989675347273536,0.0,0.0,0.0020777729190408684,square,2,0.2,1.0,29,58,11.359936714172363,0.0
1779528382.5954134,0.0,0.0,0.1989675347273536,0.0,0.0,0.0020777729190408684,-0.0396,1.4652,0.0396,0.0,0.0,0.2,0.0,0.0,0.1989675347273536,-0.0020777729190408684,0.0,0.0,square,2,0.2,1.0,29,58,11.370479345321655,0.0
1779528382.6054163,0.0,0.0,0.1989675347273536,-0.0020777729190408684,0.0,0.0,-0.0792,1.3464,0.0,0.0,0.0,0.2,0.0,0.0,0.1989675347273536,0.0,0.0,0.0,square,2,0.2,1.0,29,58,11.380000591278076,0.0
1779528382.615413,0.0,0.0,0.1989675347273536,0.0,0.0,0.0,-0.0396,1.4255999999999998,0.0,0.0,0.0,0.2,0.0,0.0,0.1989675347273536,0.0,0.0,0.0,square,2,0.2,1.0,29,58,11.390003442764282,0.0
1779528382.6254165,0.0,0.0,0.1989675347273536,0.0,0.0,0.0,-0.0792,1.4255999999999998,0.0792,0.0,0.0,0.2,0.0,0.0,0.1989675347273536,0.0,0.0,0.0,square,2,0.2,1.0,29,58,11.400000095367432,0.0
1779528382.6354156,0.0,0.0,0.1989675347273536,0.0,0.0,0.0,-0.0792,1.3464,0.1188,0.0,0.0,0.2,0.0,0.0,0.1989675347273536,0.0,0.0,0.0,square,2,0.2,1.0,29,58,11.410003662109375,0.0
1779528382.645411,0.0,0.0,0.1989675347273536,0.0,0.0,0.0,-0.1584,1.4255999999999998,0.0792,0.0,0.0,0.2,0.0,0.0,0.1989675347273536,0.0020777729190408684,0.0,0.0,square,2,0.2,1.0,29,58,11.420002698898315,0.0
1779528382.655414,0.0,0.0,0.1989675347273536,0.0020777729190408684,0.0,0.0,0.1584,1.3464,-0.0396,0.0,0.0,0.2,0.0,0.0,0.1989675347273536,0.0,0.0,0.0,square,2,0.2,1.0,29,58,11.42999815940857,0.0
1779528382.6654174,0.0,0.0,0.1989675347273536,0.0,0.0,0.0,-0.1584,1.4255999999999998,0.0,0.0,0.0,0.2,0.0,0.0,0.1989675347273536,0.0,0.0,0.0,square,2,0.2,1.0,29,58,11.440001249313354,0.0
1779528382.6754115,0.0,0.0,0.1989675347273536,0.0,0.0,0.0,-0.1188,1.4652,0.0,0.0,0.0,0.2,0.0,0.0,0.1989675347273536,0.0,-0.0020777729190408684,0.0,square,2,0.2,1.0,29,58,11.450004577636719,0.0
1779528382.6854148,0.0,0.0,0.1989675347273536,0.0,-0.0020777729190408684,0.0,-0.0792,1.3860000000000001,-0.0792,0.0,0.0,0.2,0.0,0.0,0.1989675347273536,-0.0020777729190408684,0.0,0.0,square,2,0.2,1.0,29,58,11.459998607635498,0.0
1779528382.6954174,0.0,0.0,0.1989675347273536,-0.0020777729190408684,0.0,0.0,0.0,1.5048000000000001,0.0,0.0,0.0,0.2,0.0,0.0,0.1989675347273536,-0.0020777729190408684,0.0,0.0,square,2,0.2,1.0,29,58,11.470001935958862,0.0
1779528382.7055233,0.0,0.0,0.1989675347273536,-0.0020777729190408684,0.0,0.0,0.0,1.3860000000000001,0.1584,0.0,0.0,0.2,0.0,0.0,0.1989675347273536,0.0,0.0,0.0,square,2,0.2,1.0,29,58,11.48000454902649,0.0
1779528382.7154202,0.0,0.0,0.1989675347273536,0.0,0.0,0.0,-0.0396,1.5444,-0.0396,0.0,0.0,0.2,0.0,0.0,0.1989675347273536,0.0,0.0,0.0,square,2,0.2,1.0,29,58,11.490110397338867,0.0
1779528382.7254112,0.0,0.0,0.1989675347273536,0.0,0.0,0.0,0.0,1.5048000000000001,0.0792,0.0,0.0,-0.2,0.0,0.0,0.1989675347273536,0.004155545838081737,0.0,0.0,square,2,0.2,1.0,29,58,11.500007390975952,0.0
1779528382.7354164,0.0,0.0,0.1989675347273536,0.004155545838081737,0.0,0.0,-0.0396,1.584,0.198,0.0,0.0,-0.2,0.0,0.0,0.1989675347273536,0.0020777729190408684,0.0,0.0,square,2,0.2,1.0,29,58,11.509998321533203,0.0
1779528382.745413,0.0,0.0,0.1989675347273536,0.0020777729190408684,0.0,0.0,-0.1584,1.4652,0.0792,0.0,0.0,-0.2,0.0,0.0,0.1989675347273536,0.0020777729190408684,0.0,-0.0020777729190408684,square,2,0.2,1.0,29,58,11.5200035572052,0.0
1779528382.7554097,0.0,0.0,0.1989675347273536,0.0020777729190408684,0.0,-0.0020777729190408684,0.4752,2.0592,1.782,0.0,0.0,-0.2,0.0,0.0,0.1832595714594046,0.0,-0.004155545838081737,-1.3463968515384828,square,2,0.2,1.0,29,58,11.53000020980835,0.0
1779528382.7654135,0.0,0.0,0.1832595714594046,0.0,-0.004155545838081737,-1.3463968515384828,0.35639999999999994,1.6236000000000002,0.9107999999999999,0.0,0.0,-0.2,0.0,0.0,0.15358897417550102,0.0,-0.008311091676163474,-2.7447380260529872,square,2,0.2,1.0,29,58,11.539996862411499,0.0
1779528382.7754128,0.0,0.0,0.15358897417550102,0.0,-0.008311091676163474,-2.7447380260529872,0.0,0.8712,4.7124,0.0,0.0,-0.2,0.0,0.0,0.10995574287564278,0.004155545838081737,0.0,-3.9685462753680585,square,2,0.2,1.0,29,58,11.550000667572021,0.0
1779528382.7854104,0.0,0.0,0.10995574287564278,0.004155545838081737,0.0,-3.9685462753680585,0.2376,1.3464,1.4652,0.0,0.0,-0.2,0.0,0.0,0.06283185307179587,0.0,0.0,-4.539933828104298,square,2,0.2,1.0,29,58,11.559999942779541,0.0
1779528382.7954178,0.0,0.0,0.06283185307179587,0.0,0.0,-4.539933828104298,0.27720000000000006,1.3068,0.198,0.0,0.0,-0.2,0.0,0.0,0.017453292519943295,0.0,0.004155545838081737,-4.550322692699502,square,2,0.2,1.0,29,58,11.569997549057007,0.0
1779528382.8054175,0.0,0.0,0.017453292519943295,0.0,0.004155545838081737,-4.550322692699502,0.0792,1.5444,-3.6036,0.0,0.0,-0.2,0.0,0.0,-0.017453292519943295,-0.004155545838081737,0.008311091676163474,-3.8771242669302604,square,2,0.2,1.0,29,58,11.580004930496216,0.0
1779528382.8154116,0.0,0.0,-0.017453292519943295,-0.004155545838081737,0.008311091676163474,-3.8771242669302604,-0.1188,1.7424,-0.9504,0.0,0.0,-0.2,0.0,0.0,-0.048869219055841226,-0.004155545838081737,0.0020777729190408684,-3.2891145308416947,square,2,0.2,1.0,29,58,11.590004682540894,0.0
1779528382.8254137,0.0,0.0,-0.048869219055841226,-0.004155545838081737,0.0020777729190408684,-3.2891145308416947,-0.3168,1.6236000000000002,-0.4752,0.0,0.0,-0.2,0.0,0.0,-0.07679448708775051,-0.0020777729190408684,0.0,-2.840315580328867,square,2,0.2,1.0,29,58,11.599998712539673,0.0
1779528382.8354132,0.0,0.0,-0.07679448708775051,-0.0020777729190408684,0.0,-2.840315580328867,-0.2376,1.3464,-1.1880000000000002,0.0,0.0,-0.2,0.0,0.0,-0.0994837673636768,0.0,0.0,-2.3790499923017943,square,2,0.2,1.0,29,58,11.610000848770142,0.0
1779528382.8455756,0.0,0.0,-0.0994837673636768,0.0,0.0,-2.3790499923017943,-0.0396,1.3068,0.0792,0.0,0.0,-0.2,0.0,0.0,-0.11868238913561442,0.004155545838081737,0.0,-1.9821953647649884,square,2,0.2,1.0,29,58,11.62000036239624,0.0
1779528382.8554146,0.0,0.0,-0.11868238913561442,0.004155545838081737,0.0,-1.9821953647649884,0.0,1.3068,-0.4356,0.0,0.0,-0.2,0.0,0.0,-0.1343903524035634,0.0020777729190408684,0.0,-1.6476739247994086,square,2,0.2,1.0,29,58,11.630162715911865,0.0
1779528382.8654451,0.0,0.0,-0.1343903524035634,0.0020777729190408684,0.0,-1.6476739247994086,-0.1584,1.3860000000000001,-0.0792,0.0,0.0,-0.2,0.0,0.0,-0.1466076571675237,0.0020777729190408684,0.0,-1.3609412619717687,square,2,0.2,1.0,29,58,11.640001773834229,0.0
1779528382.8754408,0.0,0.0,-0.1466076571675237,0.0020777729190408684,0.0,-1.3609412619717687,-0.0792,1.2672,0.0,0.0,0.0,-0.2,0.0,0.0,-0.15707963267948966,0.0,0.0,-1.1157640575249463,square,2,0.2,1.0,29,58,11.65003228187561,0.0
1779528382.8854232,0.0,0.0,-0.15707963267948966,0.0,0.0,-1.1157640575249463,-0.1188,1.2672,0.1188,0.0,0.0,-0.2,0.0,0.0,-0.1658062789394613,0.0,-0.0020777729190408684,-0.9100645385399003,square,2,0.2,1.0,29,58,11.660027980804443,0.0
1779528382.8956068,0.0,0.0,-0.1658062789394613,0.0,-0.0020777729190408684,-0.9100645385399003,-0.0792,1.4652,-0.3168,0.0,0.0,-0.2,0.0,0.0,-0.17278759594743864,0.0,-0.0020777729190408684,-0.7396871591785491,square,2,0.2,1.0,29,58,11.670010328292847,0.0
1779528382.9054344,0.0,0.0,-0.17278759594743864,0.0,-0.0020777729190408684,-0.7396871591785491,-0.1188,1.3068,0.198,0.0,0.0,-0.2,0.0,0.0,-0.17802358370342164,-0.004155545838081737,0.0,-0.5942430548456884,square,2,0.2,1.0,29,58,11.680193901062012,0.0
1779528382.9154177,0.0,0.0,-0.17802358370342164,-0.004155545838081737,0.0,-0.5942430548456884,-0.1188,1.3860000000000001,-0.0396,0.0,0.0,-0.2,0.0,0.0,-0.1832595714594046,0.0,0.0,-0.4861988630555632,square,2,0.2,1.0,29,58,11.690021514892578,0.0
1779528382.9254134,0.0,0.0,-0.1832595714594046,0.0,0.0,-0.4861988630555632,-0.0792,1.3860000000000001,0.1584,0.0,0.0,-0.2,0.0,0.0,-0.1867502299633933,0.0,0.0,-0.3739991254273563,square,2,0.2,1.0,29,58,11.700004816055298,0.0
1779528382.9354146,0.0,0.0,-0.1867502299633933,0.0,0.0,-0.3739991254273563,0.0,1.4652,0.3168,0.0,0.0,-0.2,0.0,0.0,-0.19024088846738194,0.0,0.0,-0.3095881649370894,square,2,0.2,1.0,29,58,11.71000051498413,0.0
1779528382.945414,0.0,0.0,-0.19024088846738194,0.0,0.0,-0.3095881649370894,0.0,1.5048000000000001,-0.198,0.0,0.0,-0.2,0.0,0.0,-0.19198621771937624,0.0,0.0,-0.22647724817545464,square,2,0.2,1.0,29,58,11.720001697540283,0.0
1779528382.9554138,0.0,0.0,-0.19198621771937624,0.0,0.0,-0.22647724817545464,0.0,1.5048000000000001,0.396,0.0,0.0,-0.2,0.0,0.0,-0.1937315469713706,0.0,0.0,-0.19531065438984163,square,2,0.2,1.0,29,58,11.730001211166382,0.0
1779528382.9654145,0.0,0.0,-0.1937315469713706,0.0,0.0,-0.19531065438984163,-0.1188,1.4255999999999998,0.1584,0.0,0.0,-0.2,0.0,0.0,-0.1954768762233649,0.0020777729190408684,-0.0020777729190408684,-0.15375519600902426,square,2,0.2,1.0,29,58,11.74000096321106,0.0
1779528382.9754136,0.0,0.0,-0.1954768762233649,0.0020777729190408684,-0.0020777729190408684,-0.15375519600902426,-0.2376,1.3464,0.1584,0.0,0.0,-0.2,0.0,0.0,-0.1954768762233649,0.0020777729190408684,0.0,-0.11635528346628862,square,2,0.2,1.0,29,58,11.750001668930054,0.0
1779528382.985417,0.0,0.0,-0.1954768762233649,0.0020777729190408684,0.0,-0.11635528346628862,0.27720000000000006,1.3860000000000001,0.396,0.0,0.0,-0.2,0.0,0.0,-0.19722220547535924,0.0,0.0,-0.07687759800451213,square,2,0.2,1.0,29,58,11.760000705718994,0.0
1779528382.995416,0.0,0.0,-0.19722220547535924,0.0,0.0,-0.07687759800451213,0.1584,1.4255999999999998,0.792,0.0,0.0,-0.2,0.0,0.0,-0.19722220547535924,0.0,0.0,-0.05609986881410345,square,2,0.2,1.0,29,58,11.770004034042358,0.0
1779528383.0054169,0.0,0.0,-0.19722220547535924,0.0,0.0,-0.05609986881410345,-0.0792,1.4255999999999998,0.8712,0.0,0.0,-0.2,0.0,0.0,-0.19722220547535924,-0.004155545838081737,0.0,-0.04986655005698084,square,2,0.2,1.0,29,58,11.780003070831299,0.0
1779528383.0154166,0.0,0.0,-0.19722220547535924,-0.004155545838081737,0.0,-0.04986655005698084,0.0,1.2672,0.6336,0.0,0.0,-0.2,0.0,0.0,-0.1989675347273536,-0.004155545838081737,0.0,-0.035322139623694765,square,2,0.2,1.0,29,58,11.790004014968872,0.0
1779528383.0254138,0.0,0.0,-0.1989675347273536,-0.004155545838081737,0.0,-0.035322139623694765,0.0,1.5048000000000001,0.7127999999999999,0.0,0.0,-0.2,0.0,0.0,-0.1989675347273536,0.0,0.0,-0.022855502109449553,square,2,0.2,1.0,29,58,11.80000376701355,0.0
1779528383.0355458,0.0,0.0,-0.1989675347273536,0.0,0.0,-0.022855502109449553,0.0,1.4652,0.792,0.0,0.0,-0.2,0.0,0.0,-0.1989675347273536,0.0,0.0,-0.020777729190408684,square,2,0.2,1.0,29,58,11.810000896453857,0.0
1779528383.045413,0.0,0.0,-0.1989675347273536,0.0,0.0,-0.020777729190408684,-0.0396,1.4255999999999998,0.5940000000000001,0.0,0.0,-0.2,0.0,0.0,-0.1989675347273536,0.0020777729190408684,0.0,-0.02493327502849042,square,2,0.2,1.0,29,58,11.820132970809937,0.0
1779528383.0555317,0.0,0.0,-0.1989675347273536,0.0020777729190408684,0.0,-0.02493327502849042,-0.1584,1.3068,0.3168,0.0,0.0,-0.2,0.0,0.0,-0.1989675347273536,0.0020777729190408684,0.0,-0.01246663751424521,square,2,0.2,1.0,29,58,11.830000162124634,0.0
1779528383.0654147,0.0,0.0,-0.1989675347273536,0.0020777729190408684,0.0,-0.01246663751424521,0.2376,1.3068,0.27720000000000006,0.0,0.0,-0.2,0.0,0.0,-0.1989675347273536,0.0,0.0,-0.008311091676163474,square,2,0.2,1.0,29,58,11.840118885040283,0.0
1779528383.0755718,0.0,0.0,-0.1989675347273536,0.0,0.0,-0.008311091676163474,-0.1584,1.3860000000000001,0.4752,0.0,0.0,-0.2,0.0,0.0,-0.1989675347273536,0.0,0.0,-0.004155545838081737,square,2,0.2,1.0,29,58,11.850001811981201,0.0
1779528383.0854151,0.0,0.0,-0.1989675347273536,0.0,0.0,-0.004155545838081737,-0.1584,1.3860000000000001,0.396,0.0,0.0,-0.2,0.0,0.0,-0.1989675347273536,0.0,0.0,0.0,square,2,0.2,1.0,29,58,11.860158920288086,0.0
1779528383.0954144,0.0,0.0,-0.1989675347273536,0.0,0.0,0.0,-0.1188,1.3860000000000001,0.4752,0.0,0.0,-0.2,0.0,0.0,-0.1989675347273536,0.0,0.0,0.0,square,2,0.2,1.0,29,58,11.870002269744873,0.0
1779528383.1054137,0.0,0.0,-0.1989675347273536,0.0,0.0,0.0,-0.0792,1.2672,0.396,0.0,0.0,-0.2,0.0,0.0,-0.1989675347273536,0.0,0.0,0.0,square,2,0.2,1.0,29,58,11.880001544952393,0.0
1779528383.1155872,0.0,0.0,-0.1989675347273536,0.0,0.0,0.0,0.0,1.3464,0.4752,0.0,0.0,-0.2,0.0,0.0,-0.1989675347273536,0.0,0.0,0.0,square,2,0.2,1.0,29,58,11.890000820159912,0.0
1779528383.1254137,0.0,0.0,-0.1989675347273536,0.0,0.0,0.0,-0.0396,1.2672,0.35639999999999994,0.0,0.0,-0.2,0.0,0.0,-0.1989675347273536,0.0,0.0,0.0,square,2,0.2,1.0,29,58,11.900174379348755,0.0
1779528383.1354122,0.0,0.0,-0.1989675347273536,0.0,0.0,0.0,-0.0396,1.3860000000000001,0.3168,0.0,0.0,-0.2,0.0,0.0,-0.1989675347273536,0.0,0.0,0.0,square,2,0.2,1.0,29,58,11.910000801086426,0.0
1779528383.145414,0.0,0.0,-0.1989675347273536,0.0,0.0,0.0,-0.0396,1.3068,0.27720000000000006,0.0,0.0,-0.2,0.0,0.0,-0.1989675347273536,0.0,0.0,0.0,square,2,0.2,1.0,29,58,11.919999361038208,0.0
1779528383.155415,0.0,0.0,-0.1989675347273536,0.0,0.0,0.0,-0.1188,1.3464,-0.35639999999999994,0.0,0.0,-0.2,0.0,0.0,-0.1989675347273536,0.0020777729190408684,0.0,0.0,square,2,0.2,1.0,29,58,11.930001258850098,0.0
1779528383.165434,0.0,0.0,-0.1989675347273536,0.0020777729190408684,0.0,0.0,-0.0792,1.3464,0.1584,0.0,0.0,-0.2,0.0,0.0,-0.1989675347273536,0.0,0.0020777729190408684,0.0,square,2,0.2,1.0,29,58,11.940002202987671,0.0
1779528383.1754148,0.0,0.0,-0.1989675347273536,0.0,0.0020777729190408684,0.0,-0.1584,1.3860000000000001,0.3168,0.0,0.0,-0.2,0.0,0.0,-0.1989675347273536,0.0020777729190408684,0.0,0.0,square,2,0.2,1.0,29,58,11.950021028518677,0.0
1779528383.185414,0.0,0.0,-0.1989675347273536,0.0020777729190408684,0.0,0.0,0.2376,1.4255999999999998,-0.198,0.0,0.0,-0.2,0.0,0.0,-0.1989675347273536,0.0020777729190408684,0.0,0.0,square,2,0.2,1.0,29,58,11.960001945495605,0.0
1779528383.1954181,0.0,0.0,-0.1989675347273536,0.0020777729190408684,0.0,0.0,0.198,1.2276,0.27720000000000006,0.0,0.0,-0.2,0.0,0.0,-0.1989675347273536,0.0,0.0,0.0,square,2,0.2,1.0,29,58,11.970001220703125,0.0
1779528383.2055328,0.0,0.0,-0.1989675347273536,0.0,0.0,0.0,-0.1584,1.2672,-0.1188,0.0,0.0,-0.2,0.0,0.0,-0.1989675347273536,-0.0020777729190408684,0.0,0.0,square,2,0.2,1.0,29,58,11.980005264282227,0.0
1779528383.2154157,0.0,0.0,-0.1989675347273536,-0.0020777729190408684,0.0,0.0,-0.0396,1.3464,0.0,0.0,0.0,-0.2,0.0,0.0,-0.1989675347273536,0.0,0.0,0.0,square,2,0.2,1.0,29,58,11.990119934082031,0.0
1779528383.225414,0.0,0.0,-0.1989675347273536,0.0,0.0,0.0,0.0,1.3464,-0.0792,0.0,0.0,0.2,0.0,0.0,-0.1989675347273536,0.0,0.0,0.0,square,2,0.2,1.0,29,58,12.00000286102295,0.0
1779528383.2354157,0.0,0.0,-0.1989675347273536,0.0,0.0,0.0,-0.0396,1.2276,-0.0396,0.0,0.0,0.2,0.0,0.0,-0.1989675347273536,0.0,0.0,0.0,square,2,0.2,1.0,29,58,12.010001182556152,0.0
1779528383.245418,0.0,0.0,-0.1989675347273536,0.0,0.0,0.0,0.0,1.3860000000000001,0.0,0.0,0.0,0.2,0.0,0.0,-0.1989675347273536,0.0,0.0,0.0020777729190408684,square,2,0.2,1.0,29,58,12.020002841949463,0.0
1779528383.255415,0.0,0.0,-0.1989675347273536,0.0,0.0,0.0020777729190408684,-0.7127999999999999,3.564,1.9008,0.0,0.0,0.2,0.0,0.0,-0.1832595714594046,0.004155545838081737,0.0020777729190408684,1.3547079432146463,square,2,0.2,1.0,29,58,12.03000521659851,0.0
1779528383.2655354,0.0,0.0,-0.1832595714594046,0.004155545838081737,0.0020777729190408684,1.3547079432146463,0.4356,1.2672,1.4652,0.0,0.0,0.2,0.0,0.0,-0.15358897417550102,0.004155545838081737,0.0020777729190408684,2.732271388538742,square,2,0.2,1.0,29,58,12.04000210762024,0.0
1779528383.2754145,0.0,0.0,-0.15358897417550102,0.004155545838081737,0.0020777729190408684,2.732271388538742,0.0,1.1088000000000002,7.3260000000000005,0.0,0.0,0.2,0.0,0.0,-0.10995574287564278,0.0,0.0,3.9976350962346308,square,2,0.2,1.0,29,58,12.050122499465942,0.0
1779528383.2854142,0.0,0.0,-0.10995574287564278,0.0,0.0,3.9976350962346308,-0.0792,1.2672,0.99,0.0,0.0,0.2,0.0,0.0,-0.06283185307179587,-0.0020777729190408684,0.0,4.575255967727992,square,2,0.2,1.0,29,58,12.060001611709595,0.0
1779528383.295421,0.0,0.0,-0.06283185307179587,-0.0020777729190408684,0.0,4.575255967727992,-0.0792,1.3860000000000001,-0.0396,0.0,0.0,0.2,0.0,0.0,-0.017453292519943295,-0.0020777729190408684,0.0,4.508767234318684,square,2,0.2,1.0,29,58,12.070001363754272,0.0
1779528383.3054144,0.0,0.0,-0.017453292519943295,-0.0020777729190408684,0.0,4.508767234318684,-0.0396,1.6236000000000002,-3.0888,0.0,0.0,0.2,0.0,0.0,0.017453292519943295,0.0,0.0,3.854268764820811,square,2,0.2,1.0,29,58,12.080008029937744,0.0
1779528383.3154142,0.0,0.0,0.017453292519943295,0.0,0.0,3.854268764820811,-0.0792,1.3860000000000001,-1.0296,0.0,0.0,0.2,0.0,0.0,0.048869219055841226,0.0020777729190408684,0.0,3.280803439165531,square,2,0.2,1.0,29,58,12.090001583099365,0.0
1779528383.3253963,0.0,0.0,0.048869219055841226,0.0020777729190408684,0.0,3.280803439165531,0.0,1.3860000000000001,0.0396,0.0,0.0,0.2,0.0,0.0,0.048869219055841226,0.0020777729190408684,0.0,3.280803439165531,square,2,0.2,1.0,29,58,12.100001335144043,0.0
1779528383.3354168,0.0,0.0,0.048869219055841226,0.0020777729190408684,0.0,3.280803439165531,0.0,1.3860000000000001,0.0396,0.0,0.0,0.2,0.0,0.0,0.0994837673636768,0.0020777729190408684,0.0,2.36866112770659,square,2,0.2,1.0,29,58,12.109983444213867,0.0
1779528383.3454149,0.0,0.0,0.0994837673636768,0.0020777729190408684,0.0,2.36866112770659,-0.0396,1.4652,0.0396,0.0,0.0,0.2,0.0,0.0,0.11868238913561442,0.0,0.0,1.9759620460078657,square,2,0.2,1.0,29,58,12.120003938674927,0.0
1779528383.3554142,0.0,0.0,0.11868238913561442,0.0,0.0,1.9759620460078657,0.0,1.2276,-0.8712,0.0,0.0,0.2,0.0,0.0,0.1343903524035634,0.0,0.0020777729190408684,1.6435183789613268,square,2,0.2,1.0,29,58,12.13000202178955,0.0
1779528383.3655167,0.0,0.0,0.1343903524035634,0.0,0.0020777729190408684,1.6435183789613268,-0.1188,1.3860000000000001,-0.0396,0.0,0.0,0.2,0.0,0.0,0.1466076571675237,0.0,0.0,1.3567857161336871,square,2,0.2,1.0,29,58,12.14000129699707,0.0
1779528383.375412,0.0,0.0,0.1466076571675237,0.0,0.0,1.3567857161336871,-0.1188,1.3068,0.0,0.0,0.0,0.2,0.0,0.0,0.15707963267948966,0.0020777729190408684,0.0,1.1136862846059055,square,2,0.2,1.0,29,58,12.15010380744934,0.0
1779528383.3854108,0.0,0.0,0.15707963267948966,0.0020777729190408684,0.0,1.1136862846059055,-0.1584,1.3464,0.1584,0.0,0.0,0.2,0.0,0.0,0.1658062789394613,0.0,-0.0020777729190408684,0.9121423114589412,square,2,0.2,1.0,29,58,12.159999132156372,0.0
1779528383.395414,0.0,0.0,0.1658062789394613,0.0,-0.0020777729190408684,0.9121423114589412,-0.1188,1.3068,-0.0792,0.0,0.0,0.2,0.0,0.0,0.17278759594743864,-0.0020777729190408684,0.0,0.7396871591785491,square,2,0.2,1.0,29,58,12.169997930526733,0.0
1779528383.4054167,0.0,0.0,0.17278759594743864,-0.0020777729190408684,0.0,0.7396871591785491,0.0,1.3860000000000001,0.0,0.0,0.0,0.2,0.0,0.0,0.17802358370342164,0.0,0.0,0.59839860068377,square,2,0.2,1.0,29,58,12.180001258850098,0.0
1779528383.4154103,0.0,0.0,0.17802358370342164,0.0,0.0,0.59839860068377,-0.0792,1.3464,0.198,0.0,0.0,0.2,0.0,0.0,0.1832595714594046,-0.0020777729190408684,0.0,0.48204331721748145,square,2,0.2,1.0,29,58,12.190003871917725,0.0
1779528383.4254134,0.0,0.0,0.1832595714594046,-0.0020777729190408684,0.0,0.48204331721748145,-0.0792,1.4255999999999998,0.3168,0.0,0.0,0.2,0.0,0.0,0.1867502299633933,0.0,0.0,0.38231021710351976,square,2,0.2,1.0,29,58,12.199997425079346,0.0
1779528383.435418,0.0,0.0,0.1867502299633933,0.0,0.0,0.38231021710351976,-0.0792,1.4255999999999998,-0.0396,0.0,0.0,0.2,0.0,0.0,0.19024088846738194,0.0,0.0,0.30543261909900765,square,2,0.2,1.0,29,58,12.21000051498413,0.0
1779528383.4454107,0.0,0.0,0.19024088846738194,0.0,0.0,0.30543261909900765,-0.0792,1.4652,0.0396,0.0,0.0,0.2,0.0,0.0,0.19198621771937624,0.0020777729190408684,0.0,0.23894388568969988,square,2,0.2,1.0,29,58,12.22000503540039,0.0
1779528383.4554145,0.0,0.0,0.19198621771937624,0.0020777729190408684,0.0,0.23894388568969988,0.1188,1.3464,0.396,0.0,0.0,0.2,0.0,0.0,0.1937315469713706,0.0,0.0,0.19946620022792336,square,2,0.2,1.0,29,58,12.229997873306274,0.0
1779528383.465416,0.0,0.0,0.1937315469713706,0.0,0.0,0.19946620022792336,-0.198,1.4255999999999998,0.2376,0.0,0.0,0.2,0.0,0.0,0.1954768762233649,0.0,-0.0020777729190408684,0.1495996501709425,square,2,0.2,1.0,29,58,12.240001678466797,0.0
1779528383.4754176,0.0,0.0,0.1954768762233649,0.0,-0.0020777729190408684,0.1495996501709425,-0.1188,1.4255999999999998,0.5544000000000001,0.0,0.0,0.2,0.0,0.0,0.1954768762233649,-0.0020777729190408684,-0.0020777729190408684,0.11427751054724776,square,2,0.2,1.0,29,58,12.250003099441528,0.0
1779528383.485413,0.0,0.0,0.1954768762233649,-0.0020777729190408684,-0.0020777729190408684,0.11427751054724776,-0.0396,1.5048000000000001,0.5940000000000001,0.0,0.0,0.2,0.0,0.0,0.19722220547535924,0.0,0.0,0.08103314384259387,square,2,0.2,1.0,29,58,12.260004758834839,0.0
1779528383.4954145,0.0,0.0,0.19722220547535924,0.0,0.0,0.08103314384259387,-0.0792,1.5048000000000001,0.792,0.0,0.0,0.2,0.0,0.0,0.19722220547535924,0.0,0.0,0.05609986881410345,square,2,0.2,1.0,29,58,12.270000219345093,0.0
1779528383.505415,0.0,0.0,0.19722220547535924,0.0,0.0,0.05609986881410345,-0.0792,1.5444,0.99,0.0,0.0,0.2,0.0,0.0,0.19722220547535924,0.0,0.0,0.06441096049026691,square,2,0.2,1.0,29,58,12.280001640319824,0.0
1779528383.515413,0.0,0.0,0.19722220547535924,0.0,0.0,0.06441096049026691,-0.0792,1.4255999999999998,0.1584,0.0,0.0,0.2,0.0,0.0,0.1989675347273536,0.0,0.0,0.035322139623694765,square,2,0.2,1.0,29,58,12.29000210762024,0.0
1779528383.5254104,0.0,0.0,0.1989675347273536,0.0,0.0,0.035322139623694765,0.0792,1.5048000000000001,0.6336,0.0,0.0,0.2,0.0,0.0,0.1989675347273536,0.0,0.0,0.03739991254273563,square,2,0.2,1.0,29,58,12.300000190734863,0.0
1779528383.535414,0.0,0.0,0.1989675347273536,0.0,0.0,0.03739991254273563,-0.0792,1.3068,0.0,0.0,0.0,0.2,0.0,0.0,0.1989675347273536,0.0,0.0,0.02701104794753129,square,2,0.2,1.0,29,58,12.30999755859375,0.0
1779528383.5454113,0.0,0.0,0.1989675347273536,0.0,0.0,0.02701104794753129,-0.0792,1.3068,-0.0396,0.0,0.0,0.2,0.0,0.0,0.1989675347273536,0.0,0.0,0.018699956271367814,square,2,0.2,1.0,29,58,12.320001125335693,0.0
1779528383.5554118,0.0,0.0,0.1989675347273536,0.0,0.0,0.018699956271367814,-0.1188,1.4652,0.0792,0.0,0.0,0.2,0.0,0.0,0.1989675347273536,0.0,0.0,0.008311091676163474,square,2,0.2,1.0,29,58,12.32999849319458,0.0
1779528383.5654173,0.0,0.0,0.1989675347273536,0.0,0.0,0.008311091676163474,-0.1188,1.3068,0.1188,0.0,0.0,0.2,0.0,0.0,0.1989675347273536,0.0,0.0,0.004155545838081737,square,2,0.2,1.0,29,58,12.339998960494995,0.0
1779528383.575414,0.0,0.0,0.1989675347273536,0.0,0.0,0.004155545838081737,-0.0792,1.4255999999999998,0.0792,0.0,0.0,0.2,0.0,0.0,0.1989675347273536,0.0,-0.0020777729190408684,0.0020777729190408684,square,2,0.2,1.0,29,58,12.350004434585571,0.0
1779528383.5854368,0.0,0.0,0.1989675347273536,0.0,-0.0020777729190408684,0.0020777729190408684,-0.0792,1.3464,0.27720000000000006,0.0,0.0,0.2,0.0,0.0,0.1989675347273536,0.0,0.0,0.0,square,2,0.2,1.0,29,58,12.36000108718872,0.0
1779528383.5954146,0.0,0.0,0.1989675347273536,0.0,0.0,0.0,-0.0792,1.4652,0.2376,0.0,0.0,0.2,0.0,0.0,0.1989675347273536,0.0,0.0,0.0,square,2,0.2,1.0,29,58,12.370023965835571,0.0
1779528383.605415,0.0,0.0,0.1989675347273536,0.0,0.0,0.0,0.1188,1.5048000000000001,0.1584,0.0,0.0,0.2,0.0,0.0,0.1989675347273536,0.0,0.0,0.0,square,2,0.2,1.0,29,58,12.380001783370972,0.0
1779528383.6154134,0.0,0.0,0.1989675347273536,0.0,0.0,0.0,-0.0792,1.5444,0.0,0.0,0.0,0.2,0.0,0.0,0.1989675347273536,0.0,0.0,0.0,square,2,0.2,1.0,29,58,12.390002250671387,0.0
1779528383.625416,0.0,0.0,0.1989675347273536,0.0,0.0,0.0,-0.1188,1.4652,0.1188,0.0,0.0,0.2,0.0,0.0,0.1989675347273536,0.0,0.0,0.0,square,2,0.2,1.0,29,58,12.40000057220459,0.0
1779528383.6354136,0.0,0.0,0.1989675347273536,0.0,0.0,0.0,-0.1188,1.4652,0.1188,0.0,0.0,0.2,0.0,0.0,0.1989675347273536,0.0,0.0,0.0,square,2,0.2,1.0,29,58,12.410003185272217,0.0
1779528383.6455917,0.0,0.0,0.1989675347273536,0.0,0.0,0.0,-0.0792,1.3860000000000001,0.0396,0.0,0.0,0.2,0.0,0.0,0.1989675347273536,0.0,0.0,0.0,square,2,0.2,1.0,29,58,12.420000791549683,0.0
1779528383.6554139,0.0,0.0,0.1989675347273536,0.0,0.0,0.0,-0.0792,1.4652,0.0792,0.0,0.0,0.2,0.0,0.0,0.1989675347273536,0.0,0.0,0.0,square,2,0.2,1.0,29,58,12.430178880691528,0.0
1779528383.6654382,0.0,0.0,0.1989675347273536,0.0,0.0,0.0,-0.1188,1.4652,-0.0396,0.0,0.0,0.2,0.0,0.0,0.1989675347273536,-0.0020777729190408684,0.0,0.0,square,2,0.2,1.0,29,58,12.440001010894775,0.0
1779528383.6754525,0.0,0.0,0.1989675347273536,-0.0020777729190408684,0.0,0.0,-0.0792,1.4255999999999998,0.1188,0.0,0.0,0.2,0.0,0.0,0.1989675347273536,0.0,0.0,0.0,square,2,0.2,1.0,29,58,12.4500253200531,0.0
1779528383.6854148,0.0,0.0,0.1989675347273536,0.0,0.0,0.0,-0.0792,1.3464,-0.1188,0.0,0.0,0.2,0.0,0.0,0.1989675347273536,0.0,0.0,0.0,square,2,0.2,1.0,29,58,12.460039615631104,0.0
1779528383.6954224,0.0,0.0,0.1989675347273536,0.0,0.0,0.0,-0.0792,1.4255999999999998,-0.0396,0.0,0.0,0.2,0.0,0.0,0.1989675347273536,0.0,0.0,0.0,square,2,0.2,1.0,29,58,12.470001935958862,0.0
1779528383.7055116,0.0,0.0,0.1989675347273536,0.0,0.0,0.0,0.0,1.4652,-0.0396,0.0,0.0,0.2,0.0,0.0,0.1989675347273536,0.0020777729190408684,-0.0020777729190408684,0.0,square,2,0.2,1.0,29,58,12.48000955581665,0.0
1779528383.7154138,0.0,0.0,0.1989675347273536,0.0020777729190408684,-0.0020777729190408684,0.0,-0.0396,1.5444,0.0,0.0,0.0,0.2,0.0,0.0,0.1989675347273536,0.0020777729190408684,0.0,-0.0020777729190408684,square,2,0.2,1.0,29,58,12.490098714828491,0.0
1779528383.725413,0.0,0.0,0.1989675347273536,0.0020777729190408684,0.0,-0.0020777729190408684,0.0792,1.3860000000000001,0.0,0.0,0.0,-0.2,0.0,0.0,0.1989675347273536,0.0,0.0,0.0,square,2,0.2,1.0,29,58,12.500000953674316,0.0
1779528383.735414,0.0,0.0,0.1989675347273536,0.0,0.0,0.0,-0.1584,1.3860000000000001,0.0396,0.0,0.0,-0.2,0.0,0.0,0.1989675347273536,0.0020777729190408684,0.0,0.0,square,2,0.2,1.0,29,58,12.510000228881836,0.0
1779528383.7454162,0.0,0.0,0.1989675347273536,0.0020777729190408684,0.0,0.0,-0.1584,1.4255999999999998,0.0,0.0,0.0,-0.2,0.0,0.0,0.1989675347273536,0.0,0.0,0.0,square,2,0.2,1.0,29,58,12.52000117301941,0.0
1779528383.755415,0.0,0.0,0.1989675347273536,0.0,0.0,0.0,-0.99,1.782,1.782,0.0,0.0,-0.2,0.0,0.0,0.1989675347273536,0.0,0.0,0.0,square,2,0.2,1.0,29,58,12.530003309249878,0.0
1779528383.765414,0.0,0.0,0.1989675347273536,0.0,0.0,0.0,-0.99,1.782,1.782,0.0,0.0,-0.2,0.0,0.0,0.15358897417550102,0.0,-0.010388864595204342,-2.7509713448101096,square,2,0.2,1.0,29,58,12.54000210762024,0.0
1779528383.775414,0.0,0.0,0.15358897417550102,0.0,-0.010388864595204342,-2.7509713448101096,0.1188,0.5940000000000001,4.6728,0.0,0.0,-0.2,0.0,0.0,0.10995574287564278,0.0,-0.0020777729190408684,-3.966468502449018,square,2,0.2,1.0,29,58,12.55000114440918,0.0
1779528383.7854142,0.0,0.0,0.10995574287564278,0.0,-0.0020777729190408684,-3.966468502449018,0.0396,1.1880000000000002,0.8712,0.0,0.0,-0.2,0.0,0.0,0.06283185307179587,0.0,0.0,-4.542011601023338,square,2,0.2,1.0,29,58,12.560001134872437,0.0
1779528383.7954166,0.0,0.0,0.06283185307179587,0.0,0.0,-4.542011601023338,0.2376,1.1483999999999999,0.0396,0.0,0.0,-0.2,0.0,0.0,0.017453292519943295,0.0,0.004155545838081737,-4.548244919780461,square,2,0.2,1.0,29,58,12.570001363754272,0.0
1779528383.8054168,0.0,0.0,0.017453292519943295,0.0,0.004155545838081737,-4.548244919780461,-0.0396,1.6632,-3.4452,0.0,0.0,-0.2,0.0,0.0,-0.017453292519943295,0.0,0.008311091676163474,-3.8771242669302604,square,2,0.2,1.0,29,58,12.58000373840332,0.0
1779528383.8154118,0.0,0.0,-0.017453292519943295,0.0,0.008311091676163474,-3.8771242669302604,0.0396,1.782,-0.9107999999999999,0.0,0.0,-0.2,0.0,0.0,-0.048869219055841226,-0.004155545838081737,0.0020777729190408684,-3.2891145308416947,square,2,0.2,1.0,29,58,12.590003967285156,0.0
1779528383.8255537,0.0,0.0,-0.048869219055841226,-0.004155545838081737,0.0020777729190408684,-3.2891145308416947,-0.1584,1.4652,-0.5940000000000001,0.0,0.0,-0.2,0.0,0.0,-0.07679448708775051,0.0,0.0020777729190408684,-2.844471126166949,square,2,0.2,1.0,29,58,12.599998950958252,0.0
1779528383.8354106,0.0,0.0,-0.07679448708775051,0.0,0.0020777729190408684,-2.844471126166949,-0.1188,1.4652,-1.2276,0.0,0.0,-0.2,0.0,0.0,-0.0994837673636768,0.0,0.0,-2.3769722193827536,square,2,0.2,1.0,29,58,12.610140800476074,0.0
1779528383.8454185,0.0,0.0,-0.0994837673636768,0.0,0.0,-2.3769722193827536,0.0396,1.2276,0.0,0.0,0.0,-0.2,0.0,0.0,-0.11868238913561442,0.006233318757122605,0.0,-1.9842731376840292,square,2,0.2,1.0,29,58,12.61999773979187,0.0
1779528383.855416,0.0,0.0,-0.11868238913561442,0.006233318757122605,0.0,-1.9842731376840292,0.1188,1.5048000000000001,-0.35639999999999994,0.0,0.0,-0.2,0.0,0.0,-0.1343903524035634,0.0020777729190408684,0.0,-1.6476739247994086,square,2,0.2,1.0,29,58,12.630005598068237,0.0
1779528383.8655214,0.0,0.0,-0.1343903524035634,0.0020777729190408684,0.0,-1.6476739247994086,-0.198,1.3464,-0.0396,0.0,0.0,-0.2,0.0,0.0,-0.1466076571675237,0.0020777729190408684,0.0,-1.3630190348908096,square,2,0.2,1.0,29,58,12.640003204345703,0.0
1779528383.8754137,0.0,0.0,-0.1466076571675237,0.0020777729190408684,0.0,-1.3630190348908096,0.198,1.3464,-0.0396,0.0,0.0,-0.2,0.0,0.0,-0.15707963267948966,0.0,0.0,-1.1095307387678237,square,2,0.2,1.0,29,58,12.650108575820923,0.0
1779528383.885415,0.0,0.0,-0.15707963267948966,0.0,0.0,-1.1095307387678237,-0.1584,1.4255999999999998,0.2376,0.0,0.0,-0.2,0.0,0.0,-0.1658062789394613,0.0,0.0,-0.9079867656208594,square,2,0.2,1.0,29,58,12.660000801086426,0.0
1779528383.895414,0.0,0.0,-0.1658062789394613,0.0,0.0,-0.9079867656208594,-0.1188,1.3860000000000001,-0.35639999999999994,0.0,0.0,-0.2,0.0,0.0,-0.17278759594743864,0.0,0.0,-0.7376093862595082,square,2,0.2,1.0,29,58,12.670002222061157,0.0
1779528383.9054153,0.0,0.0,-0.17278759594743864,0.0,0.0,-0.7376093862595082,-0.0792,1.4255999999999998,0.1188,0.0,0.0,-0.2,0.0,0.0,-0.17802358370342164,0.0,0.0,-0.5963208277647293,square,2,0.2,1.0,29,58,12.680001258850098,0.0
1779528383.9155622,0.0,0.0,-0.17802358370342164,0.0,0.0,-0.5963208277647293,-0.0396,1.2276,0.0,0.0,0.0,-0.2,0.0,0.0,-0.1832595714594046,-0.0020777729190408684,0.0,-0.4861988630555632,square,2,0.2,1.0,29,58,12.69000244140625,0.0
1779528383.9254172,0.0,0.0,-0.1832595714594046,-0.0020777729190408684,0.0,-0.4861988630555632,-0.0396,1.2672,0.1188,0.0,0.0,-0.2,0.0,0.0,-0.1867502299633933,0.0,0.0,-0.3760768983463972,square,2,0.2,1.0,29,58,12.700149297714233,0.0
1779528383.9354165,0.0,0.0,-0.1867502299633933,0.0,0.0,-0.3760768983463972,0.0,1.3068,0.27720000000000006,0.0,0.0,-0.2,0.0,0.0,-0.19024088846738194,0.0,0.0,-0.30751039201804853,square,2,0.2,1.0,29,58,12.710004329681396,0.0
1779528383.9454176,0.0,0.0,-0.19024088846738194,0.0,0.0,-0.30751039201804853,-0.0396,1.3464,-0.198,0.0,0.0,-0.2,0.0,0.0,-0.19198621771937624,0.0,0.0,-0.22647724817545464,square,2,0.2,1.0,29,58,12.720003604888916,0.0
1779528383.955383,0.0,0.0,-0.19198621771937624,0.0,0.0,-0.22647724817545464,-0.0792,1.5048000000000001,0.396,0.0,0.0,-0.2,0.0,0.0,-0.1937315469713706,0.0,0.0,-0.19323288147080075,square,2,0.2,1.0,29,58,12.730004787445068,0.0
1779528383.9654171,0.0,0.0,-0.1937315469713706,0.0,0.0,-0.19323288147080075,-0.0792,1.4255999999999998,0.2376,0.0,0.0,-0.2,0.0,0.0,-0.1954768762233649,0.004155545838081737,0.0,-0.15375519600902426,square,2,0.2,1.0,29,58,12.739970207214355,0.0
1779528383.9754138,0.0,0.0,-0.1954768762233649,0.004155545838081737,0.0,-0.15375519600902426,-0.1584,1.3068,0.198,0.0,0.0,-0.2,0.0,0.0,-0.1954768762233649,0.004155545838081737,-0.0020777729190408684,-0.11635528346628862,square,2,0.2,1.0,29,58,12.750004291534424,0.0
1779528383.985414,0.0,0.0,-0.1954768762233649,0.004155545838081737,-0.0020777729190408684,-0.11635528346628862,0.3168,1.3464,0.396,0.0,0.0,-0.2,0.0,0.0,-0.19722220547535924,0.0020777729190408684,0.0,-0.078955370923553,square,2,0.2,1.0,29,58,12.760000944137573,0.0
1779528383.9954188,0.0,0.0,-0.19722220547535924,0.0020777729190408684,0.0,-0.078955370923553,0.198,1.2276,0.6732,0.0,0.0,-0.2,0.0,0.0,-0.19722220547535924,0.0,0.0,-0.05609986881410345,square,2,0.2,1.0,29,58,12.77000117301941,0.0
1779528384.0054142,0.0,0.0,-0.19722220547535924,0.0,0.0,-0.05609986881410345,0.1188,1.3860000000000001,0.8316,0.0,0.0,-0.2,0.0,0.0,-0.19722220547535924,-0.0020777729190408684,0.0,-0.04986655005698084,square,2,0.2,1.0,29,58,12.780005931854248,0.0
1779528384.0154166,0.0,0.0,-0.19722220547535924,-0.0020777729190408684,0.0,-0.04986655005698084,-0.0396,1.4255999999999998,0.5148,0.0,0.0,-0.2,0.0,0.0,-0.1989675347273536,-0.004155545838081737,0.0,-0.035322139623694765,square,2,0.2,1.0,29,58,12.790001392364502,0.0
1779528384.0254138,0.0,0.0,-0.1989675347273536,-0.004155545838081737,0.0,-0.035322139623694765,-0.0396,1.3464,0.5544000000000001,0.0,0.0,-0.2,0.0,0.0,-0.1989675347273536,0.0,0.0,-0.020777729190408684,square,2,0.2,1.0,29,58,12.80000376701355,0.0
1779528384.0355697,0.0,0.0,-0.1989675347273536,0.0,0.0,-0.020777729190408684,0.0,1.4255999999999998,0.7524000000000001,0.0,0.0,-0.2,0.0,0.0,-0.1989675347273536,0.0,0.0,-0.018699956271367814,square,2,0.2,1.0,29,58,12.810000896453857,0.0
1779528384.0454168,0.0,0.0,-0.1989675347273536,0.0,0.0,-0.018699956271367814,-0.0396,1.2672,0.5544000000000001,0.0,0.0,-0.2,0.0,0.0,-0.1989675347273536,0.0,0.0020777729190408684,-0.02493327502849042,square,2,0.2,1.0,29,58,12.820156812667847,0.0
1779528384.0555434,0.0,0.0,-0.1989675347273536,0.0,0.0020777729190408684,-0.02493327502849042,-0.1188,1.4255999999999998,0.1584,0.0,0.0,-0.2,0.0,0.0,-0.1989675347273536,0.0,0.0,-0.014544410433286078,square,2,0.2,1.0,29,58,12.8300039768219,0.0
1779528384.065415,0.0,0.0,-0.1989675347273536,0.0,0.0,-0.014544410433286078,-0.198,1.4255999999999998,0.2376,0.0,0.0,-0.2,0.0,0.0,-0.1989675347273536,0.0020777729190408684,0.0,-0.008311091676163474,square,2,0.2,1.0,29,58,12.84013056755066,0.0
1779528384.0754178,0.0,0.0,-0.1989675347273536,0.0020777729190408684,0.0,-0.008311091676163474,0.2376,1.2672,0.2376,0.0,0.0,-0.2,0.0,0.0,-0.1989675347273536,0.0020777729190408684,0.0,-0.0020777729190408684,square,2,0.2,1.0,29,58,12.85000205039978,0.0
1779528384.0854163,0.0,0.0,-0.1989675347273536,0.0020777729190408684,0.0,-0.0020777729190408684,0.1188,1.3464,0.35639999999999994,0.0,0.0,-0.2,0.0,0.0,-0.1989675347273536,0.0,0.0,-0.0020777729190408684,square,2,0.2,1.0,29,58,12.860004901885986,0.0
1779528384.095417,0.0,0.0,-0.1989675347273536,0.0,0.0,-0.0020777729190408684,-0.0792,1.3068,0.396,0.0,0.0,-0.2,0.0,0.0,-0.1989675347273536,-0.0020777729190408684,0.0,-0.0020777729190408684,square,2,0.2,1.0,29,58,12.870003461837769,0.0
1779528384.105538,0.0,0.0,-0.1989675347273536,-0.0020777729190408684,0.0,-0.0020777729190408684,-0.0396,1.3860000000000001,0.27720000000000006,0.0,0.0,-0.2,0.0,0.0,-0.1989675347273536,-0.0020777729190408684,0.0,0.0,square,2,0.2,1.0,29,58,12.880004167556763,0.0
1779528384.115428,0.0,0.0,-0.1989675347273536,-0.0020777729190408684,0.0,0.0,0.0,1.3860000000000001,0.35639999999999994,0.0,0.0,-0.2,0.0,0.0,-0.1989675347273536,-0.0020777729190408684,0.0,0.0,square,2,0.2,1.0,29,58,12.890125036239624,0.0
1779528384.125419,0.0,0.0,-0.1989675347273536,-0.0020777729190408684,0.0,0.0,-0.0396,1.3464,0.27720000000000006,0.0,0.0,-0.2,0.0,0.0,-0.1989675347273536,0.0,0.0020777729190408684,0.0,square,2,0.2,1.0,29,58,12.900015115737915,0.0
1779528384.1354127,0.0,0.0,-0.1989675347273536,0.0,0.0020777729190408684,0.0,-0.0396,1.3464,0.27720000000000006,0.0,0.0,-0.2,0.0,0.0,-0.1989675347273536,0.0,0.0,0.0,square,2,0.2,1.0,29,58,12.910006046295166,0.0
1779528384.1454945,0.0,0.0,-0.1989675347273536,0.0,0.0,0.0,0.0396,1.3860000000000001,0.27720000000000006,0.0,0.0,-0.2,0.0,0.0,-0.1989675347273536,0.0,0.0,0.0,square,2,0.2,1.0,29,58,12.919999837875366,0.0
1779528384.1554136,0.0,0.0,-0.1989675347273536,0.0,0.0,0.0,-0.0396,1.4255999999999998,-0.1584,0.0,0.0,-0.2,0.0,0.0,-0.1989675347273536,0.0,0.0,0.0,square,2,0.2,1.0,29,58,12.930081605911255,0.0
1779528384.1654148,0.0,0.0,-0.1989675347273536,0.0,0.0,0.0,-0.0792,1.3860000000000001,0.27720000000000006,0.0,0.0,-0.2,0.0,0.0,-0.1989675347273536,0.0,0.0020777729190408684,0.0,square,2,0.2,1.0,29,58,12.940000772476196,0.0
1779528384.1754134,0.0,0.0,-0.1989675347273536,0.0,0.0020777729190408684,0.0,-0.1188,1.4652,-0.1584,0.0,0.0,-0.2,0.0,0.0,-0.1989675347273536,0.0020777729190408684,0.0,0.0,square,2,0.2,1.0,29,58,12.950001955032349,0.0
1779528384.185414,0.0,0.0,-0.1989675347273536,0.0020777729190408684,0.0,0.0,0.198,1.3860000000000001,0.1584,0.0,0.0,-0.2,0.0,0.0,-0.1989675347273536,0.0,0.0,0.0,square,2,0.2,1.0,29,58,12.96000051498413,0.0
1779528384.195414,0.0,0.0,-0.1989675347273536,0.0,0.0,0.0,-0.1584,1.2672,-0.1584,0.0,0.0,-0.2,0.0,0.0,-0.1989675347273536,0.0,0.0,0.0,square,2,0.2,1.0,29,58,12.970001220703125,0.0
1779528384.205416,0.0,0.0,-0.1989675347273536,0.0,0.0,0.0,-0.0792,1.3860000000000001,-0.1584,0.0,0.0,-0.2,0.0,0.0,-0.1989675347273536,-0.004155545838081737,0.0,0.0,square,2,0.2,1.0,29,58,12.980001211166382,0.0
1779528384.2155373,0.0,0.0,-0.1989675347273536,-0.004155545838081737,0.0,0.0,0.0,1.3068,-0.198,0.0,0.0,-0.2,0.0,0.0,-0.1989675347273536,-0.004155545838081737,0.0,0.0,square,2,0.2,1.0,29,58,12.990003108978271,0.0
1779528384.2254133,0.0,0.0,-0.1989675347273536,-0.004155545838081737,0.0,0.0,0.0,1.3860000000000001,-0.198,0.0,0.0,0.2,0.0,0.0,-0.1989675347273536,-0.0020777729190408684,-0.0020777729190408684,0.0,square,2,0.2,1.0,29,58,13.000124454498291,0.0
1779528384.2354257,0.0,0.0,-0.1989675347273536,-0.0020777729190408684,-0.0020777729190408684,0.0,-0.0396,1.1483999999999999,-0.1584,0.0,0.0,0.2,0.0,0.0,-0.1989675347273536,0.0,0.0,0.0,square,2,0.2,1.0,29,58,13.010000467300415,0.0
1779528384.2454774,0.0,0.0,-0.1989675347273536,0.0,0.0,0.0,0.0,1.2672,-0.0396,0.0,0.0,0.2,0.0,0.0,-0.1989675347273536,0.004155545838081737,0.0,0.0020777729190408684,square,2,0.2,1.0,29,58,13.020012855529785,0.0
1779528384.2554162,0.0,0.0,-0.1989675347273536,0.004155545838081737,0.0,0.0020777729190408684,0.792,2.5344,1.98,0.0,0.0,0.2,0.0,0.0,-0.1832595714594046,0.0,0.0,1.3567857161336871,square,2,0.2,1.0,29,58,13.030064582824707,0.0
1779528384.2655263,0.0,0.0,-0.1832595714594046,0.0,0.0,1.3567857161336871,0.1584,0.99,1.4652,0.0,0.0,0.2,0.0,0.0,-0.15358897417550102,0.004155545838081737,0.0,2.742660253133946,square,2,0.2,1.0,29,58,13.040003299713135,0.0
1779528384.2754142,0.0,0.0,-0.15358897417550102,0.004155545838081737,0.0,2.742660253133946,0.0792,0.99,7.1676,0.0,0.0,0.2,0.0,0.0,-0.10995574287564278,0.0,0.0,3.9914017774775084,square,2,0.2,1.0,29,58,13.050113439559937,0.0
1779528384.2855237,0.0,0.0,-0.10995574287564278,0.0,0.0,3.9914017774775084,0.0,1.3068,1.1088000000000002,0.0,0.0,0.2,0.0,0.0,-0.10995574287564278,0.0,0.0,3.9914017774775084,square,2,0.2,1.0,29,58,13.060001373291016,0.0
1779528384.2954185,0.0,0.0,-0.10995574287564278,0.0,0.0,3.9914017774775084,0.0,1.3068,1.1088000000000002,0.0,0.0,0.2,0.0,0.0,-0.017453292519943295,-0.0020777729190408684,-0.0020777729190408684,4.5066894613996435,square,2,0.2,1.0,29,58,13.07011079788208,0.0
1779528384.3054154,0.0,0.0,-0.017453292519943295,-0.0020777729190408684,-0.0020777729190408684,4.5066894613996435,-0.0396,1.6236000000000002,-3.1284,0.0,0.0,0.2,0.0,0.0,0.017453292519943295,0.0,0.0,3.8563465377398516,square,2,0.2,1.0,29,58,13.080005645751953,0.0
1779528384.3154175,0.0,0.0,0.017453292519943295,0.0,0.0,3.8563465377398516,0.0396,1.6236000000000002,-0.792,0.0,0.0,0.2,0.0,0.0,0.048869219055841226,0.0,0.0,3.282881212084572,square,2,0.2,1.0,29,58,13.090002536773682,0.0
1779528384.3254135,0.0,0.0,0.048869219055841226,0.0,0.0,3.282881212084572,-0.0396,1.3464,-0.0396,0.0,0.0,0.2,0.0,0.0,0.07679448708775051,0.0020777729190408684,0.0,2.8340822615717443,square,2,0.2,1.0,29,58,13.10000467300415,0.0
1779528384.3355305,0.0,0.0,0.07679448708775051,0.0020777729190408684,0.0,2.8340822615717443,-0.1584,1.5048000000000001,-1.0296,0.0,0.0,0.2,0.0,0.0,0.0994837673636768,0.0,0.0,2.366583354787549,square,2,0.2,1.0,29,58,13.110000610351562,0.0
1779528384.3454163,0.0,0.0,0.0994837673636768,0.0,0.0,2.366583354787549,-0.0396,1.4652,0.198,0.0,0.0,0.2,0.0,0.0,0.11868238913561442,0.0,0.0,1.9738842730888249,square,2,0.2,1.0,29,58,13.120117664337158,0.0
1779528384.3554134,0.0,0.0,0.11868238913561442,0.0,0.0,1.9738842730888249,-0.1188,1.4652,-0.7127999999999999,0.0,0.0,0.2,0.0,0.0,0.1343903524035634,0.0,0.0,1.639362833123245,square,2,0.2,1.0,29,58,13.130003452301025,0.0
1779528384.3655875,0.0,0.0,0.1343903524035634,0.0,0.0,1.639362833123245,-0.1188,1.4255999999999998,-0.0792,0.0,0.0,0.2,0.0,0.0,0.1343903524035634,0.0,0.0,1.639362833123245,square,2,0.2,1.0,29,58,13.140000581741333,0.0
1779528384.3754153,0.0,0.0,0.1343903524035634,0.0,0.0,1.639362833123245,-0.1188,1.4255999999999998,-0.0792,0.0,0.0,0.2,0.0,0.0,0.15707963267948966,0.0,0.0,1.1178418304439872,square,2,0.2,1.0,29,58,13.150174617767334,0.0
1779528384.3855608,0.0,0.0,0.15707963267948966,0.0,0.0,1.1178418304439872,-0.1188,1.4255999999999998,0.198,0.0,0.0,0.2,0.0,0.0,0.1658062789394613,-0.0020777729190408684,0.0,0.9142200843779821,square,2,0.2,1.0,29,58,13.16000247001648,0.0
1779528384.3954144,0.0,0.0,0.1658062789394613,-0.0020777729190408684,0.0,0.9142200843779821,-0.1188,1.3860000000000001,0.0,0.0,0.0,0.2,0.0,0.0,0.17278759594743864,-0.0020777729190408684,0.0,0.74176493209759,square,2,0.2,1.0,29,58,13.170147895812988,0.0
1779528384.4054132,0.0,0.0,0.17278759594743864,-0.0020777729190408684,0.0,0.74176493209759,0.0,1.3068,-0.0792,0.0,0.0,0.2,0.0,0.0,0.17802358370342164,0.0,0.0,0.5963208277647293,square,2,0.2,1.0,29,58,13.180001497268677,0.0
1779528384.415414,0.0,0.0,0.17802358370342164,0.0,0.0,0.5963208277647293,0.0,1.4255999999999998,0.198,0.0,0.0,0.2,0.0,0.0,0.1832595714594046,0.0,0.0,0.4861988630555632,square,2,0.2,1.0,29,58,13.190000295639038,0.0
1779528384.4254403,0.0,0.0,0.1832595714594046,0.0,0.0,0.4861988630555632,0.0,1.3068,0.3168,0.0,0.0,0.2,0.0,0.0,0.1867502299633933,0.0,0.0,0.38438799002256063,square,2,0.2,1.0,29,58,13.200001239776611,0.0
1779528384.4354138,0.0,0.0,0.1867502299633933,0.0,0.0,0.38438799002256063,-0.0792,1.3464,0.0,0.0,0.0,0.2,0.0,0.0,0.19024088846738194,0.0,0.0,0.3033548461799668,square,2,0.2,1.0,29,58,13.21002745628357,0.0
1779528384.4454138,0.0,0.0,0.19024088846738194,0.0,0.0,0.3033548461799668,-0.0396,1.3464,0.0792,0.0,0.0,0.2,0.0,0.0,0.19198621771937624,0.0020777729190408684,0.0,0.23894388568969988,square,2,0.2,1.0,29,58,13.220000982284546,0.0
1779528384.4554155,0.0,0.0,0.19198621771937624,0.0020777729190408684,0.0,0.23894388568969988,-0.0792,1.3068,0.4752,0.0,0.0,0.2,0.0,0.0,0.1937315469713706,0.0,0.0,0.19946620022792336,square,2,0.2,1.0,29,58,13.230000972747803,0.0
1779528384.4654157,0.0,0.0,0.1937315469713706,0.0,0.0,0.19946620022792336,-0.0792,1.3464,0.2376,0.0,0.0,0.2,0.0,0.0,0.1954768762233649,0.0,0.0,0.1516774230899834,square,2,0.2,1.0,29,58,13.240002632141113,0.0
1779528384.4755182,0.0,0.0,0.1954768762233649,0.0,0.0,0.1516774230899834,-0.0792,1.2672,0.4356,0.0,0.0,0.2,0.0,0.0,0.1954768762233649,0.0,0.0,0.1121997376282069,square,2,0.2,1.0,29,58,13.25000286102295,0.0
1779528384.485418,0.0,0.0,0.1954768762233649,0.0,0.0,0.1121997376282069,-0.0396,1.3068,0.5544000000000001,0.0,0.0,0.2,0.0,0.0,0.19722220547535924,-0.0020777729190408684,-0.0020777729190408684,0.08103314384259387,square,2,0.2,1.0,29,58,13.26010537147522,0.0
1779528384.495415,0.0,0.0,0.19722220547535924,-0.0020777729190408684,-0.0020777729190408684,0.08103314384259387,-0.0396,1.4652,0.7524000000000001,0.0,0.0,0.2,0.0,0.0,0.19722220547535924,0.0,0.0,0.05817764173314431,square,2,0.2,1.0,29,58,13.270005226135254,0.0
1779528384.5054157,0.0,0.0,0.19722220547535924,0.0,0.0,0.05817764173314431,-0.0792,1.4652,0.9107999999999999,0.0,0.0,0.2,0.0,0.0,0.19722220547535924,0.0,0.0,0.06233318757122605,square,2,0.2,1.0,29,58,13.280002117156982,0.0
1779528384.515556,0.0,0.0,0.19722220547535924,0.0,0.0,0.06233318757122605,-0.0792,1.4255999999999998,0.1584,0.0,0.0,0.2,0.0,0.0,0.1989675347273536,0.0020777729190408684,0.0,0.033244366704653895,square,2,0.2,1.0,29,58,13.290002822875977,0.0
1779528384.525414,0.0,0.0,0.1989675347273536,0.0020777729190408684,0.0,0.033244366704653895,-0.0792,1.3068,0.5940000000000001,0.0,0.0,0.2,0.0,0.0,0.1989675347273536,0.0,0.0,0.035322139623694765,square,2,0.2,1.0,29,58,13.300143241882324,0.0
1779528384.5355132,0.0,0.0,0.1989675347273536,0.0,0.0,0.035322139623694765,-0.0396,1.3464,0.0792,0.0,0.0,0.2,0.0,0.0,0.1989675347273536,0.0,-0.0020777729190408684,0.029088820866572156,square,2,0.2,1.0,29,58,13.310001134872437,0.0
1779528384.5454156,0.0,0.0,0.1989675347273536,0.0,-0.0020777729190408684,0.029088820866572156,-0.0792,1.3464,0.0396,0.0,0.0,0.2,0.0,0.0,0.1989675347273536,0.0,0.0020777729190408684,0.014544410433286078,square,2,0.2,1.0,29,58,13.3201003074646,0.0
1779528384.555412,0.0,0.0,0.1989675347273536,0.0,0.0020777729190408684,0.014544410433286078,-0.0396,1.3860000000000001,0.1188,0.0,0.0,0.2,0.0,0.0,0.1989675347273536,0.0,0.0,0.008311091676163474,square,2,0.2,1.0,29,58,13.330002784729004,0.0
1779528384.5654132,0.0,0.0,0.1989675347273536,0.0,0.0,0.008311091676163474,-0.1188,1.3860000000000001,0.0396,0.0,0.0,0.2,0.0,0.0,0.1989675347273536,0.0,0.0020777729190408684,0.004155545838081737,square,2,0.2,1.0,29,58,13.339999198913574,0.0
1779528384.5754173,0.0,0.0,0.1989675347273536,0.0,0.0020777729190408684,0.004155545838081737,-0.0792,1.4255999999999998,0.198,0.0,0.0,0.2,0.0,0.0,0.1989675347273536,0.0,0.0,0.0020777729190408684,square,2,0.2,1.0,29,58,13.350000381469727,0.0
1779528384.5854137,0.0,0.0,0.1989675347273536,0.0,0.0,0.0020777729190408684,-0.0396,1.3464,0.198,0.0,0.0,0.2,0.0,0.0,0.1989675347273536,0.0,-0.0020777729190408684,0.0,square,2,0.2,1.0,29,58,13.360004425048828,0.0
1779528384.5954149,0.0,0.0,0.1989675347273536,0.0,-0.0020777729190408684,0.0,0.0,1.3860000000000001,0.0792,0.0,0.0,0.2,0.0,0.0,0.1989675347273536,-0.0020777729190408684,0.0,0.0,square,2,0.2,1.0,29,58,13.370000839233398,0.0
1779528384.6054142,0.0,0.0,0.1989675347273536,-0.0020777729190408684,0.0,0.0,-0.0792,1.5048000000000001,0.1188,0.0,0.0,0.2,0.0,0.0,0.1989675347273536,0.0,0.0020777729190408684,0.0,square,2,0.2,1.0,29,58,13.38000202178955,0.0
1779528384.6154141,0.0,0.0,0.1989675347273536,0.0,0.0020777729190408684,0.0,-0.0396,1.3860000000000001,0.0792,0.0,0.0,0.2,0.0,0.0,0.1989675347273536,0.0020777729190408684,0.0,0.0,square,2,0.2,1.0,29,58,13.39000129699707,0.0
1779528384.6255364,0.0,0.0,0.1989675347273536,0.0020777729190408684,0.0,0.0,-0.1188,1.4255999999999998,0.1188,0.0,0.0,0.2,0.0,0.0,0.1989675347273536,0.0,0.0,0.0,square,2,0.2,1.0,29,58,13.400001287460327,0.0
1779528384.6354408,0.0,0.0,0.1989675347273536,0.0,0.0,0.0,-0.1188,1.4255999999999998,0.0396,0.0,0.0,0.2,0.0,0.0,0.1989675347273536,0.0,0.0,0.0,square,2,0.2,1.0,29,58,13.410123586654663,0.0
1779528384.6454136,0.0,0.0,0.1989675347273536,0.0,0.0,0.0,-0.0396,1.5048000000000001,0.1188,0.0,0.0,0.2,0.0,0.0,0.1989675347273536,0.0,0.0,0.0,square,2,0.2,1.0,29,58,13.4200279712677,0.0
1779528384.6554165,0.0,0.0,0.1989675347273536,0.0,0.0,0.0,-0.1188,1.3860000000000001,0.0396,0.0,0.0,0.2,0.0,0.0,0.1989675347273536,0.0,0.0,0.0,square,2,0.2,1.0,29,58,13.43000078201294,0.0
1779528384.6654148,0.0,0.0,0.1989675347273536,0.0,0.0,0.0,-0.0792,1.3860000000000001,0.0396,0.0,0.0,0.2,0.0,0.0,0.1989675347273536,0.0,0.0,-0.0020777729190408684,square,2,0.2,1.0,29,58,13.440003633499146,0.0
1779528384.6754255,0.0,0.0,0.1989675347273536,0.0,0.0,-0.0020777729190408684,0.0,1.3860000000000001,0.0792,0.0,0.0,0.2,0.0,0.0,0.1989675347273536,0.0,0.0,0.0,square,2,0.2,1.0,29,58,13.450001955032349,0.0
1779528384.685413,0.0,0.0,0.1989675347273536,0.0,0.0,0.0,-0.0396,1.3860000000000001,0.0,0.0,0.0,0.2,0.0,0.0,0.1989675347273536,0.0,0.0,0.0,square,2,0.2,1.0,29,58,13.460012674331665,0.0
1779528384.6954145,0.0,0.0,0.1989675347273536,0.0,0.0,0.0,-0.0396,1.5048000000000001,0.0,0.0,0.0,0.2,0.0,0.0,0.1989675347273536,0.0,0.0,0.0,square,2,0.2,1.0,29,58,13.47000002861023,0.0
1779528384.7053833,0.0,0.0,0.1989675347273536,0.0,0.0,0.0,0.0,1.5444,0.0792,0.0,0.0,0.2,0.0,0.0,0.1989675347273536,0.0,0.0,0.0,square,2,0.2,1.0,29,58,13.48000168800354,0.0
1779528384.7154176,0.0,0.0,0.1989675347273536,0.0,0.0,0.0,-0.0396,1.5048000000000001,0.0,0.0,0.0,0.2,0.0,0.0,0.1989675347273536,0.0,0.0,0.0,square,2,0.2,1.0,29,58,13.489970445632935,0.0
1779528384.7254183,0.0,0.0,0.1989675347273536,0.0,0.0,0.0,-0.0396,1.3860000000000001,0.0,0.0,0.0,-0.2,0.0,0.0,0.1989675347273536,0.0,0.0,0.0,square,2,0.2,1.0,29,58,13.500004768371582,0.0
1779528384.7356622,0.0,0.0,0.1989675347273536,0.0,0.0,0.0,-0.0792,1.4652,0.0792,0.0,0.0,-0.2,0.0,0.0,0.1989675347273536,0.0020777729190408684,0.0,0.0,square,2,0.2,1.0,29,58,13.510005474090576,0.0
1779528384.745575,0.0,0.0,0.1989675347273536,0.0020777729190408684,0.0,0.0,0.1584,1.5444,0.0792,0.0,0.0,-0.2,0.0,0.0,0.1989675347273536,0.0020777729190408684,0.0,0.0,square,2,0.2,1.0,29,58,13.520249366760254,0.0
1779528384.7554073,0.0,0.0,0.1989675347273536,0.0020777729190408684,0.0,0.0,0.6732,0.4752,1.8612000000000002,0.0,0.0,-0.2,0.0,0.0,0.1832595714594046,0.0,-0.0020777729190408684,-1.3484746244575236,square,2,0.2,1.0,29,58,13.53016209602356,0.0
1779528384.7655523,0.0,0.0,0.1832595714594046,0.0,-0.0020777729190408684,-1.3484746244575236,0.7127999999999999,0.9504,0.9504,0.0,0.0,-0.2,0.0,0.0,0.15358897417550102,0.0,-0.008311091676163474,-2.7447380260529872,square,2,0.2,1.0,29,58,13.539994478225708,0.0
1779528384.775411,0.0,0.0,0.15358897417550102,0.0,-0.008311091676163474,-2.7447380260529872,-0.0396,0.5544000000000001,4.7916,0.0,0.0,-0.2,0.0,0.0,0.10995574287564278,0.0020777729190408684,0.0,-3.966468502449018,square,2,0.2,1.0,29,58,13.550139427185059,0.0
1779528384.785411,0.0,0.0,0.10995574287564278,0.0020777729190408684,0.0,-3.966468502449018,-0.1584,1.1088000000000002,1.1880000000000002,0.0,0.0,-0.2,0.0,0.0,0.06283185307179587,0.0,0.0,-4.539933828104298,square,2,0.2,1.0,29,58,13.559998035430908,0.0
1779528384.795521,0.0,0.0,0.06283185307179587,0.0,0.0,-4.539933828104298,0.0,1.3068,0.2376,0.0,0.0,-0.2,0.0,0.0,0.017453292519943295,0.0,0.004155545838081737,-4.542011601023338,square,2,0.2,1.0,29,58,13.569998025894165,0.0
1779528384.8054109,0.0,0.0,0.017453292519943295,0.0,0.004155545838081737,-4.542011601023338,-0.0396,1.7424,-3.5244,0.0,0.0,-0.2,0.0,0.0,-0.017453292519943295,-0.0020777729190408684,0.008311091676163474,-3.8729687210921786,square,2,0.2,1.0,29,58,13.580108165740967,0.0
1779528384.815543,0.0,0.0,-0.017453292519943295,-0.0020777729190408684,0.008311091676163474,-3.8729687210921786,-0.0792,1.9008,-0.8712,0.0,0.0,-0.2,0.0,0.0,-0.048869219055841226,-0.006233318757122605,0.0020777729190408684,-3.2932700766797764,square,2,0.2,1.0,29,58,13.589998006820679,0.0
1779528384.8255172,0.0,0.0,-0.048869219055841226,-0.006233318757122605,0.0020777729190408684,-3.2932700766797764,-0.1188,1.5444,-0.5544000000000001,0.0,0.0,-0.2,0.0,0.0,-0.07679448708775051,-0.0020777729190408684,0.0,-2.840315580328867,square,2,0.2,1.0,29,58,13.600130081176758,0.0
1779528384.835562,0.0,0.0,-0.07679448708775051,-0.0020777729190408684,0.0,-2.840315580328867,-0.0792,1.5048000000000001,-1.1880000000000002,0.0,0.0,-0.2,0.0,0.0,-0.0994837673636768,0.0,0.0,-2.3790499923017943,square,2,0.2,1.0,29,58,13.610104322433472,0.0
1779528384.8454173,0.0,0.0,-0.0994837673636768,0.0,0.0,-2.3790499923017943,0.0792,1.3860000000000001,0.1188,0.0,0.0,-0.2,0.0,0.0,-0.11868238913561442,0.004155545838081737,-0.0020777729190408684,-1.9821953647649884,square,2,0.2,1.0,29,58,13.6201491355896,0.0
1779528384.8554149,0.0,0.0,-0.11868238913561442,0.004155545838081737,-0.0020777729190408684,-1.9821953647649884,-0.2376,1.4255999999999998,-0.396,0.0,0.0,-0.2,0.0,0.0,-0.1343903524035634,0.004155545838081737,0.0,-1.6476739247994086,square,2,0.2,1.0,29,58,13.630004405975342,0.0
1779528384.8655367,0.0,0.0,-0.1343903524035634,0.004155545838081737,0.0,-1.6476739247994086,-0.198,1.3464,-0.0792,0.0,0.0,-0.2,0.0,0.0,-0.1466076571675237,0.0020777729190408684,-0.0020777729190408684,-1.3630190348908096,square,2,0.2,1.0,29,58,13.640002012252808,0.0
1779528384.87557,0.0,0.0,-0.1466076571675237,0.0020777729190408684,-0.0020777729190408684,-1.3630190348908096,0.2376,1.3068,-0.0396,0.0,0.0,-0.2,0.0,0.0,-0.15707963267948966,0.0,0.0,-1.1136862846059055,square,2,0.2,1.0,29,58,13.650123834609985,0.0
1779528384.8854165,0.0,0.0,-0.15707963267948966,0.0,0.0,-1.1136862846059055,-0.1188,1.3464,0.1188,0.0,0.0,-0.2,0.0,0.0,-0.1658062789394613,0.0,0.0,-0.9121423114589412,square,2,0.2,1.0,29,58,13.660157203674316,0.0
1779528384.8955727,0.0,0.0,-0.1658062789394613,0.0,0.0,-0.9121423114589412,-0.0792,1.2672,-0.3168,0.0,0.0,-0.2,0.0,0.0,-0.17278759594743864,0.0,0.0,-0.7376093862595082,square,2,0.2,1.0,29,58,13.670003652572632,0.0
1779528384.9055305,0.0,0.0,-0.17278759594743864,0.0,0.0,-0.7376093862595082,-0.0792,1.4652,0.198,0.0,0.0,-0.2,0.0,0.0,-0.17802358370342164,0.0,0.0,-0.5942430548456884,square,2,0.2,1.0,29,58,13.6801598072052,0.0
1779528384.9155412,0.0,0.0,-0.17802358370342164,0.0,0.0,-0.5942430548456884,-0.1188,1.3860000000000001,-0.1188,0.0,0.0,-0.2,0.0,0.0,-0.1832595714594046,-0.004155545838081737,0.0,-0.4882766359746041,square,2,0.2,1.0,29,58,13.690117597579956,0.0
1779528384.9254096,0.0,0.0,-0.1832595714594046,-0.004155545838081737,0.0,-0.4882766359746041,-0.0396,1.2672,0.1188,0.0,0.0,-0.2,0.0,0.0,-0.1867502299633933,0.0,0.0,-0.3739991254273563,square,2,0.2,1.0,29,58,13.700128316879272,0.0
1779528384.935411,0.0,0.0,-0.1867502299633933,0.0,0.0,-0.3739991254273563,0.0,1.2672,0.35639999999999994,0.0,0.0,-0.2,0.0,0.0,-0.19024088846738194,-0.0020777729190408684,0.0,-0.3095881649370894,square,2,0.2,1.0,29,58,13.709996700286865,0.0
1779528384.945406,0.0,0.0,-0.19024088846738194,-0.0020777729190408684,0.0,-0.3095881649370894,-0.0396,1.4255999999999998,-0.1584,0.0,0.0,-0.2,0.0,0.0,-0.19198621771937624,0.0,0.0,-0.22855502109449552,square,2,0.2,1.0,29,58,13.719998121261597,0.0
1779528384.955572,0.0,0.0,-0.19198621771937624,0.0,0.0,-0.22855502109449552,-0.0396,1.2672,0.396,0.0,0.0,-0.2,0.0,0.0,-0.1937315469713706,0.0,0.0,-0.19531065438984163,square,2,0.2,1.0,29,58,13.729993104934692,0.0
1779528384.9654086,0.0,0.0,-0.1937315469713706,0.0,0.0,-0.19531065438984163,-0.0396,1.3464,0.0396,0.0,0.0,-0.2,0.0,0.0,-0.1954768762233649,0.0020777729190408684,0.0,-0.15583296892806514,square,2,0.2,1.0,29,58,13.740159034729004,0.0
1779528384.9754105,0.0,0.0,-0.1954768762233649,0.0020777729190408684,0.0,-0.15583296892806514,-0.1584,1.3860000000000001,0.1584,0.0,0.0,-0.2,0.0,0.0,-0.1954768762233649,0.0020777729190408684,-0.0020777729190408684,-0.11427751054724776,square,2,0.2,1.0,29,58,13.749995708465576,0.0
1779528384.9854138,0.0,0.0,-0.1954768762233649,0.0020777729190408684,-0.0020777729190408684,-0.11427751054724776,0.198,1.3464,0.396,0.0,0.0,-0.2,0.0,0.0,-0.19722220547535924,0.0,-0.0020777729190408684,-0.07687759800451213,square,2,0.2,1.0,29,58,13.759997606277466,0.0
1779528384.9954135,0.0,0.0,-0.19722220547535924,0.0,-0.0020777729190408684,-0.07687759800451213,0.198,1.2672,0.7524000000000001,0.0,0.0,-0.2,0.0,0.0,-0.19722220547535924,0.0,0.0,-0.05609986881410345,square,2,0.2,1.0,29,58,13.77000093460083,0.0
1779528385.0055852,0.0,0.0,-0.19722220547535924,0.0,0.0,-0.05609986881410345,0.0,1.2672,0.9107999999999999,0.0,0.0,-0.2,0.0,0.0,-0.19722220547535924,-0.006233318757122605,0.0,-0.04986655005698084,square,2,0.2,1.0,29,58,13.780000686645508,0.0
1779528385.015601,0.0,0.0,-0.19722220547535924,-0.006233318757122605,0.0,-0.04986655005698084,-0.0396,1.3464,0.7127999999999999,0.0,0.0,-0.2,0.0,0.0,-0.1989675347273536,-0.0020777729190408684,0.0,-0.03739991254273563,square,2,0.2,1.0,29,58,13.790172338485718,0.0
1779528385.0255287,0.0,0.0,-0.1989675347273536,-0.0020777729190408684,0.0,-0.03739991254273563,-0.0792,1.3068,0.8316,0.0,0.0,-0.2,0.0,0.0,-0.1989675347273536,-0.0020777729190408684,0.0,-0.022855502109449553,square,2,0.2,1.0,29,58,13.800188064575195,0.0
1779528385.035409,0.0,0.0,-0.1989675347273536,-0.0020777729190408684,0.0,-0.022855502109449553,0.0396,1.3464,0.9107999999999999,0.0,0.0,-0.2,0.0,0.0,-0.1989675347273536,0.0,0.0,-0.018699956271367814,square,2,0.2,1.0,29,58,13.810115814208984,0.0
1779528385.045415,0.0,0.0,-0.1989675347273536,0.0,0.0,-0.018699956271367814,0.0,1.2276,0.7524000000000001,0.0,0.0,-0.2,0.0,0.0,-0.1989675347273536,0.0,0.0,-0.022855502109449553,square,2,0.2,1.0,29,58,13.819996118545532,0.0
1779528385.055411,0.0,0.0,-0.1989675347273536,0.0,0.0,-0.022855502109449553,-0.0792,1.2276,0.396,0.0,0.0,-0.2,0.0,0.0,-0.1989675347273536,0.0,0.0,-0.014544410433286078,square,2,0.2,1.0,29,58,13.830002069473267,0.0
1779528385.0654101,0.0,0.0,-0.1989675347273536,0.0,0.0,-0.014544410433286078,-0.0792,1.3464,0.396,0.0,0.0,-0.2,0.0,0.0,-0.1989675347273536,0.0,-0.0020777729190408684,-0.008311091676163474,square,2,0.2,1.0,29,58,13.839998245239258,0.0
1779528385.0754108,0.0,0.0,-0.1989675347273536,0.0,-0.0020777729190408684,-0.008311091676163474,-0.0792,1.2672,0.35639999999999994,0.0,0.0,-0.2,0.0,0.0,-0.1989675347273536,0.0,0.0,-0.004155545838081737,square,2,0.2,1.0,29,58,13.849997282028198,0.0
1779528385.085412,0.0,0.0,-0.1989675347273536,0.0,0.0,-0.004155545838081737,-0.0792,1.2672,0.396,0.0,0.0,-0.2,0.0,0.0,-0.1989675347273536,0.0,0.0,-0.0020777729190408684,square,2,0.2,1.0,29,58,13.859997987747192,0.0
1779528385.0954118,0.0,0.0,-0.1989675347273536,0.0,0.0,-0.0020777729190408684,-0.0792,1.2276,0.5148,0.0,0.0,-0.2,0.0,0.0,-0.1989675347273536,0.0,0.0,0.0,square,2,0.2,1.0,29,58,13.869999170303345,0.0
1779528385.1054125,0.0,0.0,-0.1989675347273536,0.0,0.0,0.0,0.0,1.3464,0.4752,0.0,0.0,-0.2,0.0,0.0,-0.1989675347273536,-0.0020777729190408684,0.0,0.0,square,2,0.2,1.0,29,58,13.879998922348022,0.0
1779528385.1154115,0.0,0.0,-0.1989675347273536,-0.0020777729190408684,0.0,0.0,0.0,1.3464,0.396,0.0,0.0,-0.2,0.0,0.0,-0.1989675347273536,0.0,0.0,0.0,square,2,0.2,1.0,29,58,13.889999628067017,0.0
1779528385.1254113,0.0,0.0,-0.1989675347273536,0.0,0.0,0.0,0.0,1.2276,0.4356,0.0,0.0,-0.2,0.0,0.0,-0.1989675347273536,0.0,0.0,0.0020777729190408684,square,2,0.2,1.0,29,58,13.899998664855957,0.0
1779528385.1354115,0.0,0.0,-0.1989675347273536,0.0,0.0,0.0020777729190408684,0.0,1.3068,0.5544000000000001,0.0,0.0,-0.2,0.0,0.0,-0.1989675347273536,0.0,0.0,0.0,square,2,0.2,1.0,29,58,13.909998416900635,0.0
1779528385.1454098,0.0,0.0,-0.1989675347273536,0.0,0.0,0.0,0.0,1.3464,0.4356,0.0,0.0,-0.2,0.0,0.0,-0.1989675347273536,0.0,0.0,0.0,square,2,0.2,1.0,29,58,13.91999864578247,0.0
1779528385.1553848,0.0,0.0,-0.1989675347273536,0.0,0.0,0.0,-0.0792,1.3464,0.27720000000000006,0.0,0.0,-0.2,0.0,0.0,-0.1989675347273536,0.004155545838081737,0.0,0.0,square,2,0.2,1.0,29,58,13.929996967315674,0.0
1779528385.1654108,0.0,0.0,-0.1989675347273536,0.004155545838081737,0.0,0.0,-0.0396,1.3464,0.27720000000000006,0.0,0.0,-0.2,0.0,0.0,-0.1989675347273536,0.004155545838081737,0.0,0.0,square,2,0.2,1.0,29,58,13.939971923828125,0.0
1779528385.1754103,0.0,0.0,-0.1989675347273536,0.004155545838081737,0.0,0.0,0.1584,1.3464,0.396,0.0,0.0,-0.2,0.0,0.0,-0.1989675347273536,0.0020777729190408684,0.0,0.0,square,2,0.2,1.0,29,58,13.949997901916504,0.0
1779528385.1854148,0.0,0.0,-0.1989675347273536,0.0020777729190408684,0.0,0.0,0.198,1.2672,-0.2376,0.0,0.0,-0.2,0.0,0.0,-0.1989675347273536,0.0,0.0,0.0,square,2,0.2,1.0,29,58,13.959997415542603,0.0
1779528385.195412,0.0,0.0,-0.1989675347273536,0.0,0.0,0.0,-0.1188,1.1088000000000002,0.35639999999999994,0.0,0.0,-0.2,0.0,0.0,-0.1989675347273536,0.0,-0.0020777729190408684,0.0,square,2,0.2,1.0,29,58,13.970001935958862,0.0
1779528385.2054126,0.0,0.0,-0.1989675347273536,0.0,-0.0020777729190408684,0.0,-0.0396,1.1483999999999999,-0.1584,0.0,0.0,-0.2,0.0,0.0,-0.1989675347273536,-0.004155545838081737,0.0020777729190408684,0.0,square,2,0.2,1.0,29,58,13.97999906539917,0.0
1779528385.2154107,0.0,0.0,-0.1989675347273536,-0.004155545838081737,0.0020777729190408684,0.0,0.0,1.1088000000000002,-0.2376,0.0,0.0,-0.2,0.0,0.0,-0.1989675347273536,0.0,0.0,0.0,square,2,0.2,1.0,29,58,13.989999771118164,0.0
1779528385.2254114,0.0,0.0,-0.1989675347273536,0.0,0.0,0.0,0.0,1.1880000000000002,-0.27720000000000006,0.0,0.0,-0.2,0.0,0.0,-0.1989675347273536,0.0,0.0,0.0,square,2,0.2,1.0,29,58,13.999997854232788,0.0
1779528385.2354116,0.0,0.0,-0.1989675347273536,0.0,0.0,0.0,0.0,1.1483999999999999,-0.198,0.0,0.0,0.2,0.0,0.0,-0.1989675347273536,0.0,0.0,0.0,square,2,0.2,1.0,29,58,14.009998559951782,0.0
1779528385.2454085,0.0,0.0,-0.1989675347273536,0.0,0.0,0.0,0.0396,1.2672,-0.27720000000000006,0.0,0.0,0.2,0.0,0.0,-0.1989675347273536,0.0020777729190408684,0.0,0.0,square,2,0.2,1.0,29,58,14.019998788833618,0.0
1779528385.2554188,0.0,0.0,-0.1989675347273536,0.0020777729190408684,0.0,0.0,-0.1584,1.2276,-0.198,0.0,0.0,0.2,0.0,0.0,-0.1989675347273536,0.0020777729190408684,0.0,0.0,square,2,0.2,1.0,29,58,14.029995679855347,0.0
1779528385.2655602,0.0,0.0,-0.1989675347273536,0.0020777729190408684,0.0,0.0,-0.2376,-0.1188,1.8612000000000002,0.0,0.0,0.2,0.0,0.0,-0.1832595714594046,0.0020777729190408684,0.0,1.3547079432146463,square,2,0.2,1.0,29,58,14.040005922317505,0.0
1779528385.2754958,0.0,0.0,-0.1832595714594046,0.0020777729190408684,0.0,1.3547079432146463,1.2276,0.6732,1.4652,0.0,0.0,0.2,0.0,0.0,-0.15358897417550102,0.0,0.0020777729190408684,2.7385047072958644,square,2,0.2,1.0,29,58,14.050147294998169,0.0
1779528385.2854116,0.0,0.0,-0.15358897417550102,0.0,0.0020777729190408684,2.7385047072958644,-0.35639999999999994,1.0296,7.524000000000001,0.0,0.0,0.2,0.0,0.0,-0.10995574287564278,0.0,0.0,3.993479550396549,square,2,0.2,1.0,29,58,14.060082912445068,0.0
1779528385.295411,0.0,0.0,-0.10995574287564278,0.0,0.0,3.993479550396549,-0.2376,1.3860000000000001,1.0692,0.0,0.0,0.2,0.0,0.0,-0.06283185307179587,-0.006233318757122605,0.0,4.577333740647033,square,2,0.2,1.0,29,58,14.069998741149902,0.0
1779528385.3054104,0.0,0.0,-0.06283185307179587,-0.006233318757122605,0.0,4.577333740647033,0.4356,1.3464,-0.1584,0.0,0.0,0.2,0.0,0.0,-0.017453292519943295,-0.0020777729190408684,0.0,4.5066894613996435,square,2,0.2,1.0,29,58,14.079998254776001,0.0
1779528385.315411,0.0,0.0,-0.017453292519943295,-0.0020777729190408684,0.0,4.5066894613996435,-0.1188,1.4652,-2.8908,0.0,0.0,0.2,0.0,0.0,0.017453292519943295,0.0,0.0,3.8605020835779333,square,2,0.2,1.0,29,58,14.08999752998352,0.0
1779528385.3254106,0.0,0.0,0.017453292519943295,0.0,0.0,3.8605020835779333,-0.0792,1.4652,-1.0296,0.0,0.0,0.2,0.0,0.0,0.048869219055841226,0.0,0.0,3.27872566624649,square,2,0.2,1.0,29,58,14.099998235702515,0.0
1779528385.3355637,0.0,0.0,0.048869219055841226,0.0,0.0,3.27872566624649,-0.0792,1.4652,-0.1188,0.0,0.0,0.2,0.0,0.0,0.07679448708775051,0.0020777729190408684,0.0,2.8361600344907854,square,2,0.2,1.0,29,58,14.109997749328613,0.0
1779528385.3454115,0.0,0.0,0.07679448708775051,0.0020777729190408684,0.0,2.8361600344907854,-0.1188,1.4255999999999998,-1.1483999999999999,0.0,0.0,0.2,0.0,0.0,0.0994837673636768,0.0,0.0,2.366583354787549,square,2,0.2,1.0,29,58,14.120150804519653,0.0
1779528385.3554137,0.0,0.0,0.0994837673636768,0.0,0.0,2.366583354787549,-0.1188,1.4652,-0.1188,0.0,0.0,0.2,0.0,0.0,0.11868238913561442,0.0,0.0,1.9759620460078657,square,2,0.2,1.0,29,58,14.129998683929443,0.0
1779528385.3653836,0.0,0.0,0.11868238913561442,0.0,0.0,1.9759620460078657,-0.1584,1.4255999999999998,-0.5544000000000001,0.0,0.0,0.2,0.0,0.0,0.1343903524035634,0.0,0.0,1.6435183789613268,square,2,0.2,1.0,29,58,14.140000820159912,0.0
1779528385.3754113,0.0,0.0,0.1343903524035634,0.0,0.0,1.6435183789613268,-0.1584,1.3860000000000001,-0.1188,0.0,0.0,0.2,0.0,0.0,0.1466076571675237,0.0,0.0,1.358863489052728,square,2,0.2,1.0,29,58,14.149970769882202,0.0
1779528385.3855639,0.0,0.0,0.1466076571675237,0.0,0.0,1.358863489052728,-0.0792,1.3068,-0.1584,0.0,0.0,0.2,0.0,0.0,0.15707963267948966,0.0,0.0020777729190408684,1.1157640575249463,square,2,0.2,1.0,29,58,14.159998416900635,0.0
1779528385.39541,0.0,0.0,0.15707963267948966,0.0,0.0020777729190408684,1.1157640575249463,-0.0792,1.4255999999999998,0.1584,0.0,0.0,0.2,0.0,0.0,0.1658062789394613,0.0,0.0,0.9121423114589412,square,2,0.2,1.0,29,58,14.170150995254517,0.0
1779528385.405412,0.0,0.0,0.1658062789394613,0.0,0.0,0.9121423114589412,-0.0396,1.2672,0.1584,0.0,0.0,0.2,0.0,0.0,0.17278759594743864,-0.0020777729190408684,0.0,0.74176493209759,square,2,0.2,1.0,29,58,14.179997205734253,0.0
1779528385.4154117,0.0,0.0,0.17278759594743864,-0.0020777729190408684,0.0,0.74176493209759,0.0396,1.3068,-0.1188,0.0,0.0,0.2,0.0,0.0,0.17802358370342164,0.0,0.0,0.5942430548456884,square,2,0.2,1.0,29,58,14.189999103546143,0.0
1779528385.4254124,0.0,0.0,0.17802358370342164,0.0,0.0,0.5942430548456884,-0.0396,1.3464,0.27720000000000006,0.0,0.0,0.2,0.0,0.0,0.1832595714594046,0.0,0.0,0.48204331721748145,square,2,0.2,1.0,29,58,14.19999885559082,0.0
1779528385.4354105,0.0,0.0,0.1832595714594046,0.0,0.0,0.48204331721748145,0.0,1.3068,0.35639999999999994,0.0,0.0,0.2,0.0,0.0,0.1867502299633933,0.0,0.0,0.38438799002256063,square,2,0.2,1.0,29,58,14.209999561309814,0.0
1779528385.4454083,0.0,0.0,0.1867502299633933,0.0,0.0,0.38438799002256063,0.0,1.2276,-0.198,0.0,0.0,0.2,0.0,0.0,0.19024088846738194,0.0020777729190408684,0.0,0.30543261909900765,square,2,0.2,1.0,29,58,14.219997644424438,0.0
1779528385.4554105,0.0,0.0,0.19024088846738194,0.0020777729190408684,0.0,0.30543261909900765,-0.0396,1.2672,0.1584,0.0,0.0,0.2,0.0,0.0,0.19198621771937624,0.0,0.0,0.23894388568969988,square,2,0.2,1.0,29,58,14.229995489120483,0.0
1779528385.4654107,0.0,0.0,0.19198621771937624,0.0,0.0,0.23894388568969988,-0.0396,1.2276,0.5148,0.0,0.0,0.2,0.0,0.0,0.1937315469713706,0.0,0.0,0.1973884273088825,square,2,0.2,1.0,29,58,14.239997625350952,0.0
1779528385.47541,0.0,0.0,0.1937315469713706,0.0,0.0,0.1973884273088825,0.0,1.3068,0.4356,0.0,0.0,0.2,0.0,0.0,0.1954768762233649,0.0,0.0,0.14752187725190166,square,2,0.2,1.0,29,58,14.249997854232788,0.0
1779528385.4855254,0.0,0.0,0.1954768762233649,0.0,0.0,0.14752187725190166,-0.0396,1.3464,0.5148,0.0,0.0,0.2,0.0,0.0,0.1954768762233649,0.0,0.0,0.11427751054724776,square,2,0.2,1.0,29,58,14.259997129440308,0.0
1779528385.4954104,0.0,0.0,0.1954768762233649,0.0,0.0,0.11427751054724776,0.0,1.2276,0.35639999999999994,0.0,0.0,0.2,0.0,0.0,0.19722220547535924,-0.0020777729190408684,0.0,0.08103314384259387,square,2,0.2,1.0,29,58,14.27011251449585,0.0
1779528385.5054283,0.0,0.0,0.19722220547535924,-0.0020777729190408684,0.0,0.08103314384259387,0.0,1.4255999999999998,0.5148,0.0,0.0,0.2,0.0,0.0,0.19722220547535924,-0.0020777729190408684,0.0,0.05402209589506258,square,2,0.2,1.0,29,58,14.27999758720398,0.0
1779528385.51541,0.0,0.0,0.19722220547535924,-0.0020777729190408684,0.0,0.05402209589506258,-0.0396,1.2672,0.7524000000000001,0.0,0.0,0.2,0.0,0.0,0.19722220547535924,0.0,0.0,0.06441096049026691,square,2,0.2,1.0,29,58,14.290015459060669,0.0
1779528385.525413,0.0,0.0,0.19722220547535924,0.0,0.0,0.06441096049026691,0.0396,1.2672,-0.0792,0.0,0.0,0.2,0.0,0.0,0.1989675347273536,0.0,0.0,0.033244366704653895,square,2,0.2,1.0,29,58,14.299997091293335,0.0
1779528385.5354125,0.0,0.0,0.1989675347273536,0.0,0.0,0.033244366704653895,0.0,1.3860000000000001,0.35639999999999994,0.0,0.0,0.2,0.0,0.0,0.1989675347273536,0.0,0.0,0.035322139623694765,square,2,0.2,1.0,29,58,14.31000018119812,0.0
1779528385.5454125,0.0,0.0,0.1989675347273536,0.0,0.0,0.035322139623694765,0.0,1.4255999999999998,-0.0396,0.0,0.0,0.2,0.0,0.0,0.1989675347273536,0.0,0.0,0.02701104794753129,square,2,0.2,1.0,29,58,14.319999694824219,0.0
1779528385.5554106,0.0,0.0,0.1989675347273536,0.0,0.0,0.02701104794753129,0.0,1.2672,-0.0396,0.0,0.0,0.2,0.0,0.0,0.1989675347273536,0.0,0.0,0.016622183352326948,square,2,0.2,1.0,29,58,14.329999685287476,0.0
1779528385.5654104,0.0,0.0,0.1989675347273536,0.0,0.0,0.016622183352326948,0.0,1.3068,0.0,0.0,0.0,0.2,0.0,0.0,0.1989675347273536,0.0,0.0,0.008311091676163474,square,2,0.2,1.0,29,58,14.3399977684021,0.0
1779528385.5754101,0.0,0.0,0.1989675347273536,0.0,0.0,0.008311091676163474,0.0,1.2672,0.0,0.0,0.0,0.2,0.0,0.0,0.1989675347273536,0.0,0.0,0.0020777729190408684,square,2,0.2,1.0,29,58,14.349997520446777,0.0
1779528385.5854132,0.0,0.0,0.1989675347273536,0.0,0.0,0.0020777729190408684,-0.0396,1.3860000000000001,0.0,0.0,0.0,0.2,0.0,0.0,0.1989675347273536,0.0,0.0,0.0020777729190408684,square,2,0.2,1.0,29,58,14.359997272491455,0.0
1779528385.59541,0.0,0.0,0.1989675347273536,0.0,0.0,0.0020777729190408684,-0.0792,1.3464,0.0,0.0,0.0,0.2,0.0,0.0,0.1989675347273536,0.0,0.0,0.0,square,2,0.2,1.0,29,58,14.37000036239624,0.0
1779528385.6054082,0.0,0.0,0.1989675347273536,0.0,0.0,0.0,-0.0792,1.3464,-0.0396,0.0,0.0,0.2,0.0,0.0,0.1989675347273536,0.0,0.0,0.0,square,2,0.2,1.0,29,58,14.379997253417969,0.0
1779528385.6154115,0.0,0.0,0.1989675347273536,0.0,0.0,0.0,-0.0792,1.2672,-0.0396,0.0,0.0,0.2,0.0,0.0,0.1989675347273536,0.0,0.0,0.0,square,2,0.2,1.0,29,58,14.389995336532593,0.0
1779528385.6254103,0.0,0.0,0.1989675347273536,0.0,0.0,0.0,0.0,1.3464,-0.0396,0.0,0.0,0.2,0.0,0.0,0.1989675347273536,0.0,0.0,0.0,square,2,0.2,1.0,29,58,14.399998664855957,0.0
1779528385.6354141,0.0,0.0,0.1989675347273536,0.0,0.0,0.0,-0.0396,1.3860000000000001,-0.0792,0.0,0.0,0.2,0.0,0.0,0.1989675347273536,0.0,0.0,0.0,square,2,0.2,1.0,29,58,14.409997463226318,0.0
1779528385.645576,0.0,0.0,0.1989675347273536,0.0,0.0,0.0,0.0,1.5048000000000001,0.0,0.0,0.0,0.2,0.0,0.0,0.1989675347273536,0.0,0.0,0.0,square,2,0.2,1.0,29,58,14.42000126838684,0.0
1779528385.655574,0.0,0.0,0.1989675347273536,0.0,0.0,0.0,0.0,1.3860000000000001,-0.0792,0.0,0.0,0.2,0.0,0.0,0.1989675347273536,0.0,0.0,0.0,square,2,0.2,1.0,29,58,14.430163145065308,0.0
1779528385.6654105,0.0,0.0,0.1989675347273536,0.0,0.0,0.0,0.0,1.3068,-0.1188,0.0,0.0,0.2,0.0,0.0,0.1989675347273536,0.0,0.0,0.0,square,2,0.2,1.0,29,58,14.440161228179932,0.0
1779528385.675412,0.0,0.0,0.1989675347273536,0.0,0.0,0.0,0.0,1.5444,-0.1584,0.0,0.0,0.2,0.0,0.0,0.1989675347273536,-0.0020777729190408684,0.0,0.0,square,2,0.2,1.0,29,58,14.449997663497925,0.0
1779528385.6854117,0.0,0.0,0.1989675347273536,-0.0020777729190408684,0.0,0.0,-0.1188,1.4652,-0.1188,0.0,0.0,0.2,0.0,0.0,0.1989675347273536,-0.0020777729190408684,0.0,0.0,square,2,0.2,1.0,29,58,14.459999084472656,0.0
1779528385.6954105,0.0,0.0,0.1989675347273536,-0.0020777729190408684,0.0,0.0,-0.1584,1.4255999999999998,0.1584,0.0,0.0,0.2,0.0,0.0,0.1989675347273536,-0.0020777729190408684,0.0,0.0,square,2,0.2,1.0,29,58,14.469998836517334,0.0
1779528385.705409,0.0,0.0,0.1989675347273536,-0.0020777729190408684,0.0,0.0,-0.198,1.3464,0.1188,0.0,0.0,0.2,0.0,0.0,0.1989675347273536,0.0020777729190408684,0.0,0.0,square,2,0.2,1.0,29,58,14.479997634887695,0.0
1779528385.7155182,0.0,0.0,0.1989675347273536,0.0020777729190408684,0.0,0.0,-0.1188,1.4652,0.1188,0.0,0.0,0.2,0.0,0.0,0.1989675347273536,0.0020777729190408684,0.0,0.0,square,2,0.2,1.0,29,58,14.489996194839478,0.0
1779528385.7254107,0.0,0.0,0.1989675347273536,0.0020777729190408684,0.0,0.0,-0.1188,1.4652,0.27720000000000006,0.0,0.0,-0.2,0.0,0.0,0.1989675347273536,0.004155545838081737,0.0,0.0,square,2,0.2,1.0,29,58,14.500105381011963,0.0
1779528385.735414,0.0,0.0,0.1989675347273536,0.004155545838081737,0.0,0.0,-0.0396,1.3464,0.1584,0.0,0.0,-0.2,0.0,0.0,0.1989675347273536,0.0,0.0,0.0,square,2,0.2,1.0,29,58,14.509997844696045,0.0
1779528385.7454102,0.0,0.0,0.1989675347273536,0.0,0.0,0.0,0.0,1.3464,0.396,0.0,0.0,-0.2,0.0,0.0,0.1989675347273536,0.0020777729190408684,0.0,0.0,square,2,0.2,1.0,29,58,14.52000117301941,0.0
1779528385.7554097,0.0,0.0,0.1989675347273536,0.0020777729190408684,0.0,0.0,0.0792,-0.99,1.98,0.0,0.0,-0.2,0.0,0.0,0.1832595714594046,0.0,-0.004155545838081737,-1.3463968515384828,square,2,0.2,1.0,29,58,14.5299973487854,0.0
1779528385.7655401,0.0,0.0,0.1832595714594046,0.0,-0.004155545838081737,-1.3463968515384828,-1.1483999999999999,0.6336,1.1880000000000002,0.0,0.0,-0.2,0.0,0.0,0.15358897417550102,0.0,-0.008311091676163474,-2.7447380260529872,square,2,0.2,1.0,29,58,14.539996862411499,0.0
1779528385.7754357,0.0,0.0,0.15358897417550102,0.0,-0.008311091676163474,-2.7447380260529872,0.3168,0.7127999999999999,4.95,0.0,0.0,-0.2,0.0,0.0,0.10995574287564278,0.0,0.0,-3.9643907295299767,square,2,0.2,1.0,29,58,14.550127267837524,0.0
1779528385.7854133,0.0,0.0,0.10995574287564278,0.0,0.0,-3.9643907295299767,-0.2376,1.0692,2.3760000000000003,0.0,0.0,-0.2,0.0,0.0,0.06457718232379019,0.0,0.0,-4.537856055185257,square,2,0.2,1.0,29,58,14.560022830963135,0.0
1779528385.795415,0.0,0.0,0.06457718232379019,0.0,0.0,-4.537856055185257,-0.27720000000000006,1.1880000000000002,0.1188,0.0,0.0,-0.2,0.0,0.0,0.017453292519943295,0.0,0.004155545838081737,-4.550322692699502,square,2,0.2,1.0,29,58,14.570000410079956,0.0
1779528385.8054101,0.0,0.0,0.017453292519943295,0.0,0.004155545838081737,-4.550322692699502,-0.0396,1.5048000000000001,-3.8016,0.0,0.0,-0.2,0.0,0.0,-0.017453292519943295,-0.0020777729190408684,0.006233318757122605,-3.8750464940112197,square,2,0.2,1.0,29,58,14.580002069473267,0.0
1779528385.8154128,0.0,0.0,-0.017453292519943295,-0.0020777729190408684,0.006233318757122605,-3.8750464940112197,-0.1584,1.7028,-0.9504,0.0,0.0,-0.2,0.0,0.0,-0.048869219055841226,-0.004155545838081737,0.0,-3.2891145308416947,square,2,0.2,1.0,29,58,14.589997291564941,0.0
1779528385.8254097,0.0,0.0,-0.048869219055841226,-0.004155545838081737,0.0,-3.2891145308416947,0.2376,1.7028,-0.4752,0.0,0.0,-0.2,0.0,0.0,-0.07679448708775051,-0.0020777729190408684,-0.0020777729190408684,-2.840315580328867,square,2,0.2,1.0,29,58,14.599999904632568,0.0
1779528385.8354151,0.0,0.0,-0.07679448708775051,-0.0020777729190408684,-0.0020777729190408684,-2.840315580328867,0.1584,1.8215999999999999,-1.1483999999999999,0.0,0.0,-0.2,0.0,0.0,-0.0994837673636768,0.0020777729190408684,0.0,-2.3790499923017943,square,2,0.2,1.0,29,58,14.609996795654297,0.0
1779528385.8454132,0.0,0.0,-0.0994837673636768,0.0020777729190408684,0.0,-2.3790499923017943,-0.0792,1.584,0.1188,0.0,0.0,-0.2,0.0,0.0,-0.11868238913561442,0.004155545838081737,0.0,-1.9801175918459475,square,2,0.2,1.0,29,58,14.620002269744873,0.0
1779528385.855411,0.0,0.0,-0.11868238913561442,0.004155545838081737,0.0,-1.9801175918459475,-0.0396,1.4255999999999998,-0.6336,0.0,0.0,-0.2,0.0,0.0,-0.1343903524035634,0.0020777729190408684,0.0,-1.6497516977184494,square,2,0.2,1.0,29,58,14.630000352859497,0.0
1779528385.865598,0.0,0.0,-0.1343903524035634,0.0020777729190408684,0.0,-1.6497516977184494,-0.1188,1.5048000000000001,-0.1584,0.0,0.0,-0.2,0.0,0.0,-0.1466076571675237,0.004155545838081737,0.0,-1.3609412619717687,square,2,0.2,1.0,29,58,14.639998197555542,0.0
1779528385.8755426,0.0,0.0,-0.1466076571675237,0.004155545838081737,0.0,-1.3609412619717687,-0.0792,1.4652,0.0,0.0,0.0,-0.2,0.0,0.0,-0.15707963267948966,0.0,0.0,-1.1136862846059055,square,2,0.2,1.0,29,58,14.650185108184814,0.0
1779528385.8854096,0.0,0.0,-0.15707963267948966,0.0,0.0,-1.1136862846059055,-0.0396,1.3860000000000001,0.0,0.0,0.0,-0.2,0.0,0.0,-0.1658062789394613,-0.0020777729190408684,0.0,-0.9100645385399003,square,2,0.2,1.0,29,58,14.66012978553772,0.0
1779528385.895411,0.0,0.0,-0.1658062789394613,-0.0020777729190408684,0.0,-0.9100645385399003,0.0,1.4652,-0.35639999999999994,0.0,0.0,-0.2,0.0,0.0,-0.17278759594743864,0.0,0.0,-0.7396871591785491,square,2,0.2,1.0,29,58,14.669996738433838,0.0
1779528385.9054134,0.0,0.0,-0.17278759594743864,0.0,0.0,-0.7396871591785491,0.0,1.2276,0.27720000000000006,0.0,0.0,-0.2,0.0,0.0,-0.17802358370342164,-0.0020777729190408684,0.0,-0.5942430548456884,square,2,0.2,1.0,29,58,14.67999815940857,0.0
1779528385.9154105,0.0,0.0,-0.17802358370342164,-0.0020777729190408684,0.0,-0.5942430548456884,0.0,1.1880000000000002,-0.1584,0.0,0.0,-0.2,0.0,0.0,-0.1832595714594046,-0.0020777729190408684,0.0,-0.49035440889364496,square,2,0.2,1.0,29,58,14.690000534057617,0.0
1779528385.9255364,0.0,0.0,-0.1832595714594046,-0.0020777729190408684,0.0,-0.49035440889364496,-0.198,1.3068,0.0792,0.0,0.0,-0.2,0.0,0.0,-0.1867502299633933,-0.004155545838081737,0.0020777729190408684,-0.37815467126543806,square,2,0.2,1.0,29,58,14.699997663497925,0.0
1779528385.9354105,0.0,0.0,-0.1867502299633933,-0.004155545838081737,0.0020777729190408684,-0.37815467126543806,-0.1584,1.3068,0.5148,0.0,0.0,-0.2,0.0,0.0,-0.19024088846738194,0.0,0.0,-0.3095881649370894,square,2,0.2,1.0,29,58,14.710123538970947,0.0
1779528385.9455552,0.0,0.0,-0.19024088846738194,0.0,0.0,-0.3095881649370894,-0.1188,1.2276,-0.198,0.0,0.0,-0.2,0.0,0.0,-0.19198621771937624,0.0,-0.0020777729190408684,-0.22855502109449552,square,2,0.2,1.0,29,58,14.719997644424438,0.0
1779528385.9554102,0.0,0.0,-0.19198621771937624,0.0,-0.0020777729190408684,-0.22855502109449552,-0.0396,1.2276,0.198,0.0,0.0,-0.2,0.0,0.0,-0.1937315469713706,0.0020777729190408684,0.0,-0.19323288147080075,square,2,0.2,1.0,29,58,14.73014235496521,0.0
1779528385.965411,0.0,0.0,-0.1937315469713706,0.0020777729190408684,0.0,-0.19323288147080075,0.0,1.2276,-0.0792,0.0,0.0,-0.2,0.0,0.0,-0.1954768762233649,0.0020777729190408684,0.0,-0.15375519600902426,square,2,0.2,1.0,29,58,14.739997386932373,0.0
1779528385.9754102,0.0,0.0,-0.1954768762233649,0.0020777729190408684,0.0,-0.15375519600902426,-0.0396,1.2672,0.0,0.0,0.0,-0.2,0.0,0.0,-0.1954768762233649,0.0020777729190408684,0.0,-0.1184330563853295,square,2,0.2,1.0,29,58,14.749998092651367,0.0
1779528385.9854107,0.0,0.0,-0.1954768762233649,0.0020777729190408684,0.0,-0.1184330563853295,0.0792,1.3464,0.396,0.0,0.0,-0.2,0.0,0.0,-0.19722220547535924,0.0020777729190408684,0.0,-0.078955370923553,square,2,0.2,1.0,29,58,14.759997367858887,0.0
1779528385.9954112,0.0,0.0,-0.19722220547535924,0.0020777729190408684,0.0,-0.078955370923553,-0.0396,1.3068,0.7524000000000001,0.0,0.0,-0.2,0.0,0.0,-0.19722220547535924,0.0,0.0,-0.05609986881410345,square,2,0.2,1.0,29,58,14.769997835159302,0.0
1779528386.005417,0.0,0.0,-0.19722220547535924,0.0,0.0,-0.05609986881410345,0.0,1.3464,1.1088000000000002,0.0,0.0,-0.2,0.0,0.0,-0.19722220547535924,-0.004155545838081737,0.0,-0.05194432297602171,square,2,0.2,1.0,29,58,14.779998302459717,0.0
1779528386.01541,0.0,0.0,-0.19722220547535924,-0.004155545838081737,0.0,-0.05194432297602171,-0.1584,1.3068,0.9107999999999999,0.0,0.0,-0.2,0.0,0.0,-0.1989675347273536,-0.004155545838081737,0.0020777729190408684,-0.033244366704653895,square,2,0.2,1.0,29,58,14.790004253387451,0.0
1779528386.025411,0.0,0.0,-0.1989675347273536,-0.004155545838081737,0.0020777729190408684,-0.033244366704653895,0.198,1.4255999999999998,0.99,0.0,0.0,-0.2,0.0,0.0,-0.1989675347273536,0.0,0.0,-0.022855502109449553,square,2,0.2,1.0,29,58,14.799997091293335,0.0
1779528386.0354142,0.0,0.0,-0.1989675347273536,0.0,0.0,-0.022855502109449553,-0.1584,1.1880000000000002,1.0692,0.0,0.0,-0.2,0.0,0.0,-0.1989675347273536,0.0,0.0,-0.022855502109449553,square,2,0.2,1.0,29,58,14.809998035430908,0.0
1779528386.0454094,0.0,0.0,-0.1989675347273536,0.0,0.0,-0.022855502109449553,-0.1584,1.1880000000000002,1.0692,0.0,0.0,-0.2,0.0,0.0,-0.1989675347273536,0.0020777729190408684,0.0,-0.02493327502849042,square,2,0.2,1.0,29,58,14.820001363754272,0.0
1779528386.0554142,0.0,0.0,-0.1989675347273536,0.0020777729190408684,0.0,-0.02493327502849042,0.0,1.2276,0.5544000000000001,0.0,0.0,-0.2,0.0,0.0,-0.1989675347273536,0.0020777729190408684,-0.0020777729190408684,-0.016622183352326948,square,2,0.2,1.0,29,58,14.829996585845947,0.0
1779528386.0654109,0.0,0.0,-0.1989675347273536,0.0020777729190408684,-0.0020777729190408684,-0.016622183352326948,-0.0396,1.3464,0.5544000000000001,0.0,0.0,-0.2,0.0,0.0,-0.1989675347273536,0.0,0.0,-0.008311091676163474,square,2,0.2,1.0,29,58,14.840001344680786,0.0
1779528386.0754948,0.0,0.0,-0.1989675347273536,0.0,0.0,-0.008311091676163474,0.0,1.3068,0.6732,0.0,0.0,-0.2,0.0,0.0,-0.1989675347273536,0.0,0.0,-0.004155545838081737,square,2,0.2,1.0,29,58,14.849997997283936,0.0
1779528386.0854192,0.0,0.0,-0.1989675347273536,0.0,0.0,-0.004155545838081737,0.0,1.2276,0.6336,0.0,0.0,-0.2,0.0,0.0,-0.1989675347273536,0.0,0.0,-0.0020777729190408684,square,2,0.2,1.0,29,58,14.860081911087036,0.0
1779528386.0955625,0.0,0.0,-0.1989675347273536,0.0,0.0,-0.0020777729190408684,-0.0792,1.1880000000000002,0.7127999999999999,0.0,0.0,-0.2,0.0,0.0,-0.1989675347273536,0.0,0.0,0.0,square,2,0.2,1.0,29,58,14.870006322860718,0.0
1779528386.1054094,0.0,0.0,-0.1989675347273536,0.0,0.0,0.0,-0.0792,1.2276,0.6336,0.0,0.0,-0.2,0.0,0.0,-0.1989675347273536,-0.0020777729190408684,0.0020777729190408684,0.0,square,2,0.2,1.0,29,58,14.880149602890015,0.0
1779528386.1154108,0.0,0.0,-0.1989675347273536,-0.0020777729190408684,0.0020777729190408684,0.0,-0.1584,1.2276,0.7127999999999999,0.0,0.0,-0.2,0.0,0.0,-0.1989675347273536,0.0,-0.0020777729190408684,0.0,square,2,0.2,1.0,29,58,14.889996528625488,0.0
1779528386.1254253,0.0,0.0,-0.1989675347273536,0.0,-0.0020777729190408684,0.0,-0.1188,1.2276,0.5544000000000001,0.0,0.0,-0.2,0.0,0.0,-0.1989675347273536,-0.0020777729190408684,0.0,0.0,square,2,0.2,1.0,29,58,14.89999794960022,0.0
1779528386.1355412,0.0,0.0,-0.1989675347273536,-0.0020777729190408684,0.0,0.0,-0.1584,1.4255999999999998,0.5544000000000001,0.0,0.0,-0.2,0.0,0.0,-0.1989675347273536,0.0,0.0,0.0,square,2,0.2,1.0,29,58,14.910012483596802,0.0
1779528386.145412,0.0,0.0,-0.1989675347273536,0.0,0.0,0.0,-0.1584,1.3068,0.6336,0.0,0.0,-0.2,0.0,0.0,-0.1989675347273536,0.0,0.0,0.0,square,2,0.2,1.0,29,58,14.920128345489502,0.0
1779528386.1554124,0.0,0.0,-0.1989675347273536,0.0,0.0,0.0,-0.0396,1.1880000000000002,0.5544000000000001,0.0,0.0,-0.2,0.0,0.0,-0.1989675347273536,0.004155545838081737,0.0,0.0,square,2,0.2,1.0,29,58,14.929999113082886,0.0
1779528386.165552,0.0,0.0,-0.1989675347273536,0.004155545838081737,0.0,0.0,-0.0396,1.2672,0.5940000000000001,0.0,0.0,-0.2,0.0,0.0,-0.1989675347273536,0.0020777729190408684,0.0,0.0,square,2,0.2,1.0,29,58,14.9399995803833,0.0
1779528386.175414,0.0,0.0,-0.1989675347273536,0.0020777729190408684,0.0,0.0,0.0,1.3464,-0.5148,0.0,0.0,-0.2,0.0,0.0,-0.1989675347273536,0.0,0.0,0.0,square,2,0.2,1.0,29,58,14.950139045715332,0.0
1779528386.1854115,0.0,0.0,-0.1989675347273536,0.0,0.0,0.0,-0.0396,1.2672,-0.4356,0.0,0.0,-0.2,0.0,0.0,-0.1989675347273536,0.0,0.0,0.0,square,2,0.2,1.0,29,58,14.960001230239868,0.0
1779528386.1954105,0.0,0.0,-0.1989675347273536,0.0,0.0,0.0,0.0,1.1483999999999999,-0.396,0.0,0.0,-0.2,0.0,0.0,-0.1989675347273536,-0.0020777729190408684,0.0,0.0,square,2,0.2,1.0,29,58,14.969998598098755,0.0
1779528386.2055671,0.0,0.0,-0.1989675347273536,-0.0020777729190408684,0.0,0.0,-0.1188,1.3068,-0.5148,0.0,0.0,-0.2,0.0,0.0,-0.1989675347273536,0.0,0.0,0.0,square,2,0.2,1.0,29,58,14.979997634887695,0.0
1779528386.2154143,0.0,0.0,-0.1989675347273536,0.0,0.0,0.0,-0.1584,1.2672,-0.4356,0.0,0.0,-0.2,0.0,0.0,-0.1989675347273536,0.0,0.0,0.0,square,2,0.2,1.0,29,58,14.990154266357422,0.0
1779528386.2255678,0.0,0.0,-0.1989675347273536,0.0,0.0,0.0,0.1584,1.2672,-0.396,0.0,0.0,0.2,0.0,0.0,-0.1989675347273536,-0.0020777729190408684,0.0,0.0020777729190408684,square,2,0.2,1.0,29,58,15.000001430511475,0.0
1779528386.2355494,0.0,0.0,-0.1989675347273536,-0.0020777729190408684,0.0,0.0020777729190408684,0.1584,1.2672,-0.4356,0.0,0.0,0.2,0.0,0.0,-0.1989675347273536,0.0,0.0,0.0,square,2,0.2,1.0,29,58,15.010154962539673,0.0
1779528386.245413,0.0,0.0,-0.1989675347273536,0.0,0.0,0.0,-0.1188,1.2672,0.396,0.0,0.0,0.2,0.0,0.0,-0.1989675347273536,0.0020777729190408684,-0.0020777729190408684,0.0,square,2,0.2,1.0,29,58,15.020136594772339,0.0
1779528386.2555945,0.0,0.0,-0.1989675347273536,0.0020777729190408684,-0.0020777729190408684,0.0,-0.27720000000000006,-2.4948,1.7028,0.0,0.0,0.2,0.0,0.0,-0.1832595714594046,0.004155545838081737,0.0020777729190408684,1.3547079432146463,square,2,0.2,1.0,29,58,15.03000020980835,0.0
1779528386.2654126,0.0,0.0,-0.1832595714594046,0.004155545838081737,0.0020777729190408684,1.3547079432146463,-1.1880000000000002,0.4752,1.3068,0.0,0.0,0.2,0.0,0.0,-0.15358897417550102,0.0,0.0,2.7405824802149055,square,2,0.2,1.0,29,58,15.040181636810303,0.0
1779528386.2754111,0.0,0.0,-0.15358897417550102,0.0,0.0,2.7405824802149055,0.35639999999999994,1.4652,7.444800000000001,0.0,0.0,0.2,0.0,0.0,-0.10995574287564278,0.0,0.0,3.9914017774775084,square,2,0.2,1.0,29,58,15.049999713897705,0.0
1779528386.2855012,0.0,0.0,-0.10995574287564278,0.0,0.0,3.9914017774775084,0.0792,1.3068,1.2672,0.0,0.0,0.2,0.0,0.0,-0.06283185307179587,-0.004155545838081737,0.0,4.564867103132788,square,2,0.2,1.0,29,58,15.059998273849487,0.0
1779528386.2954192,0.0,0.0,-0.06283185307179587,-0.004155545838081737,0.0,4.564867103132788,0.4356,1.3464,0.0,0.0,0.0,0.2,0.0,0.0,-0.017453292519943295,-0.0020777729190408684,-0.0020777729190408684,4.510845007237725,square,2,0.2,1.0,29,58,15.070088386535645,0.0
1779528386.3055434,0.0,0.0,-0.017453292519943295,-0.0020777729190408684,-0.0020777729190408684,4.510845007237725,0.27720000000000006,1.4255999999999998,-3.4056,0.0,0.0,0.2,0.0,0.0,0.017453292519943295,0.0,-0.0020777729190408684,3.864657629416015,square,2,0.2,1.0,29,58,15.08000636100769,0.0
1779528386.3154175,0.0,0.0,0.017453292519943295,0.0,-0.0020777729190408684,3.864657629416015,-0.198,1.4652,-0.792,0.0,0.0,0.2,0.0,0.0,0.048869219055841226,0.004155545838081737,0.0,3.2870367579226536,square,2,0.2,1.0,29,58,15.09013056755066,0.0
1779528386.3256016,0.0,0.0,0.048869219055841226,0.004155545838081737,0.0,3.2870367579226536,0.0,1.3860000000000001,-0.198,0.0,0.0,0.2,0.0,0.0,0.07679448708775051,0.004155545838081737,0.0,2.829926715733663,square,2,0.2,1.0,29,58,15.10000467300415,0.0
1779528386.3355446,0.0,0.0,0.07679448708775051,0.004155545838081737,0.0,2.829926715733663,0.0,1.5444,-1.1088000000000002,0.0,0.0,0.2,0.0,0.0,0.0994837673636768,0.0,0.0,2.366583354787549,square,2,0.2,1.0,29,58,15.110188722610474,0.0
1779528386.3455033,0.0,0.0,0.0994837673636768,0.0,0.0,2.366583354787549,-0.0396,1.3464,-0.1188,0.0,0.0,0.2,0.0,0.0,0.11868238913561442,0.0,0.0,1.9801175918459475,square,2,0.2,1.0,29,58,15.120131731033325,0.0
1779528386.3555071,0.0,0.0,0.11868238913561442,0.0,0.0,1.9801175918459475,-0.1188,1.3464,-0.4356,0.0,0.0,0.2,0.0,0.0,0.1343903524035634,0.0,0.0,1.639362833123245,square,2,0.2,1.0,29,58,15.130090475082397,0.0
1779528386.3654988,0.0,0.0,0.1343903524035634,0.0,0.0,1.639362833123245,-0.1188,1.3860000000000001,-0.0396,0.0,0.0,0.2,0.0,0.0,0.1466076571675237,0.0020777729190408684,0.0,1.3630190348908096,square,2,0.2,1.0,29,58,15.14009428024292,0.0
1779528386.3754184,0.0,0.0,0.1466076571675237,0.0020777729190408684,0.0,1.3630190348908096,-0.1188,1.3464,-0.0792,0.0,0.0,0.2,0.0,0.0,0.15707963267948966,0.0,0.0,1.1157640575249463,square,2,0.2,1.0,29,58,15.150085926055908,0.0
1779528386.3854988,0.0,0.0,0.15707963267948966,0.0,0.0,1.1157640575249463,-0.0792,1.3464,0.3168,0.0,0.0,0.2,0.0,0.0,0.1658062789394613,0.0,0.0,0.9142200843779821,square,2,0.2,1.0,29,58,15.160005569458008,0.0
1779528386.39537,0.0,0.0,0.1658062789394613,0.0,0.0,0.9142200843779821,-0.0792,1.2672,0.3168,0.0,0.0,0.2,0.0,0.0,0.17278759594743864,0.0,0.0,0.74176493209759,square,2,0.2,1.0,29,58,15.170085906982422,0.0
1779528386.4054177,0.0,0.0,0.17278759594743864,0.0,0.0,0.74176493209759,-0.198,1.3068,-0.35639999999999994,0.0,0.0,0.2,0.0,0.0,0.17802358370342164,0.0,0.0,0.5963208277647293,square,2,0.2,1.0,29,58,15.179957151412964,0.0
1779528386.4154167,0.0,0.0,0.17802358370342164,0.0,0.0,0.5963208277647293,-0.1584,1.3068,0.5544000000000001,0.0,0.0,0.2,0.0,0.0,0.1832595714594046,0.0,0.0,0.48204331721748145,square,2,0.2,1.0,29,58,15.190004825592041,0.0
1779528386.4255178,0.0,0.0,0.1832595714594046,0.0,0.0,0.48204331721748145,-0.1188,1.1880000000000002,0.198,0.0,0.0,0.2,0.0,0.0,0.1867502299633933,0.0,0.0,0.38438799002256063,square,2,0.2,1.0,29,58,15.200003862380981,0.0
1779528386.4354162,0.0,0.0,0.1867502299633933,0.0,0.0,0.38438799002256063,-0.1584,1.3464,-0.2376,0.0,0.0,0.2,0.0,0.0,0.19024088846738194,0.0020777729190408684,0.0,0.30543261909900765,square,2,0.2,1.0,29,58,15.210104942321777,0.0
1779528386.4454114,0.0,0.0,0.19024088846738194,0.0020777729190408684,0.0,0.30543261909900765,-0.0792,1.3860000000000001,0.27720000000000006,0.0,0.0,0.2,0.0,0.0,0.19198621771937624,0.0020777729190408684,0.0,0.236866112770659,square,2,0.2,1.0,29,58,15.220003366470337,0.0
1779528386.4554088,0.0,0.0,0.19198621771937624,0.0020777729190408684,0.0,0.236866112770659,-0.0792,1.3068,0.7524000000000001,0.0,0.0,0.2,0.0,0.0,0.1937315469713706,-0.0020777729190408684,0.0,0.19946620022792336,square,2,0.2,1.0,29,58,15.229998588562012,0.0
1779528386.4654126,0.0,0.0,0.1937315469713706,-0.0020777729190408684,0.0,0.19946620022792336,0.1188,1.2672,0.5148,0.0,0.0,0.2,0.0,0.0,0.1954768762233649,0.0,0.0,0.1495996501709425,square,2,0.2,1.0,29,58,15.239995956420898,0.0
1779528386.4755678,0.0,0.0,0.1954768762233649,0.0,0.0,0.1495996501709425,-0.1188,1.3860000000000001,0.4752,0.0,0.0,0.2,0.0,0.0,0.1954768762233649,0.0,0.0,0.1121997376282069,square,2,0.2,1.0,29,58,15.249999761581421,0.0
1779528386.485412,0.0,0.0,0.1954768762233649,0.0,0.0,0.1121997376282069,-0.198,1.2276,0.4752,0.0,0.0,0.2,0.0,0.0,0.19722220547535924,-0.0020777729190408684,0.0,0.08103314384259387,square,2,0.2,1.0,29,58,15.260154962539673,0.0
1779528386.4954076,0.0,0.0,0.19722220547535924,-0.0020777729190408684,0.0,0.08103314384259387,0.2376,1.3860000000000001,0.35639999999999994,0.0,0.0,0.2,0.0,0.0,0.19722220547535924,0.0,0.0,0.05402209589506258,square,2,0.2,1.0,29,58,15.269999027252197,0.0
1779528386.5054107,0.0,0.0,0.19722220547535924,0.0,0.0,0.05402209589506258,-0.2376,1.2276,0.6732,0.0,0.0,0.2,0.0,0.0,0.1989675347273536,0.0,0.0,0.06441096049026691,square,2,0.2,1.0,29,58,15.27999472618103,0.0
1779528386.5154274,0.0,0.0,0.1989675347273536,0.0,0.0,0.06441096049026691,-0.1188,1.4255999999999998,-0.198,0.0,0.0,0.2,0.0,0.0,0.1989675347273536,0.0020777729190408684,0.0,0.033244366704653895,square,2,0.2,1.0,29,58,15.289997816085815,0.0
1779528386.5254107,0.0,0.0,0.1989675347273536,0.0020777729190408684,0.0,0.033244366704653895,-0.1188,1.3860000000000001,0.27720000000000006,0.0,0.0,0.2,0.0,0.0,0.1989675347273536,0.0,0.0,0.035322139623694765,square,2,0.2,1.0,29,58,15.30001449584961,0.0
1779528386.53541,0.0,0.0,0.1989675347273536,0.0,0.0,0.035322139623694765,-0.0792,1.3068,-0.198,0.0,0.0,0.2,0.0,0.0,0.1989675347273536,0.0020777729190408684,0.0,0.02701104794753129,square,2,0.2,1.0,29,58,15.309997797012329,0.0
1779528386.5454133,0.0,0.0,0.1989675347273536,0.0020777729190408684,0.0,0.02701104794753129,-0.1584,1.2276,-0.27720000000000006,0.0,0.0,0.2,0.0,0.0,0.1989675347273536,0.0,0.0,0.016622183352326948,square,2,0.2,1.0,29,58,15.319997072219849,0.0
1779528386.5554123,0.0,0.0,0.1989675347273536,0.0,0.0,0.016622183352326948,-0.0792,1.3068,-0.1584,0.0,0.0,0.2,0.0,0.0,0.1989675347273536,0.0,0.0,0.006233318757122605,square,2,0.2,1.0,29,58,15.330000400543213,0.0
1779528386.56541,0.0,0.0,0.1989675347273536,0.0,0.0,0.006233318757122605,-0.1188,1.3068,-0.0792,0.0,0.0,0.2,0.0,0.0,0.1989675347273536,0.0,-0.0020777729190408684,0.0020777729190408684,square,2,0.2,1.0,29,58,15.339999437332153,0.0
1779528386.575413,0.0,0.0,0.1989675347273536,0.0,-0.0020777729190408684,0.0020777729190408684,-0.1188,1.4255999999999998,0.0,0.0,0.0,0.2,0.0,0.0,0.1989675347273536,0.0,0.0,0.0,square,2,0.2,1.0,29,58,15.34999704360962,0.0
1779528386.5854075,0.0,0.0,0.1989675347273536,0.0,0.0,0.0,-0.1584,1.3860000000000001,-0.0792,0.0,0.0,0.2,0.0,0.0,0.1989675347273536,0.0,0.0,0.0020777729190408684,square,2,0.2,1.0,29,58,15.360000133514404,0.0
1779528386.5954106,0.0,0.0,0.1989675347273536,0.0,0.0,0.0020777729190408684,-0.1188,1.4652,-0.1188,0.0,0.0,0.2,0.0,0.0,0.1989675347273536,0.0,0.0,0.0,square,2,0.2,1.0,29,58,15.369994640350342,0.0
1779528386.605407,0.0,0.0,0.1989675347273536,0.0,0.0,0.0,-0.1188,1.4255999999999998,-0.0792,0.0,0.0,0.2,0.0,0.0,0.1989675347273536,0.0,0.0,0.0,square,2,0.2,1.0,29,58,15.379997730255127,0.0
1779528386.615412,0.0,0.0,0.1989675347273536,0.0,0.0,0.0,-0.1188,1.3860000000000001,-0.0792,0.0,0.0,0.2,0.0,0.0,0.1989675347273536,0.0,0.0,-0.0020777729190408684,square,2,0.2,1.0,29,58,15.389994144439697,0.0
1779528386.6254098,0.0,0.0,0.1989675347273536,0.0,0.0,-0.0020777729190408684,-0.0792,1.3860000000000001,-0.1584,0.0,0.0,0.2,0.0,0.0,0.1989675347273536,0.0,0.0,0.0,square,2,0.2,1.0,29,58,15.399999141693115,0.0
1779528386.6354141,0.0,0.0,0.1989675347273536,0.0,0.0,0.0,-0.0792,1.3860000000000001,-0.1188,0.0,0.0,0.2,0.0,0.0,0.1989675347273536,0.0,0.0020777729190408684,0.0020777729190408684,square,2,0.2,1.0,29,58,15.40999698638916,0.0
1779528386.645415,0.0,0.0,0.1989675347273536,0.0,0.0020777729190408684,0.0020777729190408684,-0.0792,1.2672,-0.1584,0.0,0.0,0.2,0.0,0.0,0.1989675347273536,0.0,0.0,0.0,square,2,0.2,1.0,29,58,15.42000126838684,0.0
1779528386.6554105,0.0,0.0,0.1989675347273536,0.0,0.0,0.0,-0.0792,1.2672,-0.1584,0.0,0.0,0.2,0.0,0.0,0.1989675347273536,0.0,0.0,-0.0020777729190408684,square,2,0.2,1.0,29,58,15.430002212524414,0.0
1779528386.6654146,0.0,0.0,0.1989675347273536,0.0,0.0,-0.0020777729190408684,-0.1188,1.4255999999999998,-0.2376,0.0,0.0,0.2,0.0,0.0,0.1989675347273536,0.0,0.0,0.0,square,2,0.2,1.0,29,58,15.439997673034668,0.0
1779528386.6754072,0.0,0.0,0.1989675347273536,0.0,0.0,0.0,-0.198,1.4255999999999998,-0.2376,0.0,0.0,0.2,0.0,0.0,0.1989675347273536,0.0,-0.0020777729190408684,0.0,square,2,0.2,1.0,29,58,15.45000171661377,0.0
1779528386.6854117,0.0,0.0,0.1989675347273536,0.0,-0.0020777729190408684,0.0,-0.1584,1.4255999999999998,-0.3168,0.0,0.0,0.2,0.0,0.0,0.1989675347273536,0.0,0.0,0.0,square,2,0.2,1.0,29,58,15.459994316101074,0.0
1779528386.6954107,0.0,0.0,0.1989675347273536,0.0,0.0,0.0,-0.1584,1.3068,0.3168,0.0,0.0,0.2,0.0,0.0,0.1989675347273536,0.0,0.0,0.0,square,2,0.2,1.0,29,58,15.469998836517334,0.0
1779528386.7054071,0.0,0.0,0.1989675347273536,0.0,0.0,0.0,0.1584,1.3464,-0.27720000000000006,0.0,0.0,0.2,0.0,0.0,0.1989675347273536,0.0020777729190408684,0.0,-0.0020777729190408684,square,2,0.2,1.0,29,58,15.479997873306274,0.0
1779528386.7154126,0.0,0.0,0.1989675347273536,0.0020777729190408684,0.0,-0.0020777729190408684,-0.1584,1.4255999999999998,0.2376,0.0,0.0,0.2,0.0,0.0,0.1989675347273536,0.004155545838081737,0.0,0.0,square,2,0.2,1.0,29,58,15.489994287490845,0.0
1779528386.7254105,0.0,0.0,0.1989675347273536,0.004155545838081737,0.0,0.0,-0.1188,1.3860000000000001,0.2376,0.0,0.0,0.2,0.0,0.0,0.1989675347273536,0.0020777729190408684,0.0,0.0,square,2,0.2,1.0,29,58,15.499999761581421,0.0
1779528386.7354095,0.0,0.0,0.1989675347273536,0.0020777729190408684,0.0,0.0,-0.0396,1.4255999999999998,0.35639999999999994,0.0,0.0,-0.2,0.0,0.0,0.1989675347273536,0.0,0.0,0.0,square,2,0.2,1.0,29,58,15.509997606277466,0.0
1779528386.7454112,0.0,0.0,0.1989675347273536,0.0,0.0,0.0,-0.0792,1.4652,0.35639999999999994,0.0,0.0,-0.2,0.0,0.0,0.1989675347273536,0.0,0.0,0.0,square,2,0.2,1.0,29,58,15.519996643066406,0.0
1779528386.755408,0.0,0.0,0.1989675347273536,0.0,0.0,0.0,0.0,1.3068,0.35639999999999994,0.0,0.0,-0.2,0.0,0.0,0.1989675347273536,0.0,0.0,0.0,square,2,0.2,1.0,29,58,15.529998302459717,0.0
1779528386.7654107,0.0,0.0,0.1989675347273536,0.0,0.0,0.0,-0.4752,-1.5048000000000001,2.2572,0.0,0.0,-0.2,0.0,0.0,0.1832595714594046,0.0,0.0,-1.3463968515384828,square,2,0.2,1.0,29,58,15.539995193481445,0.0
1779528386.7754116,0.0,0.0,0.1832595714594046,0.0,0.0,-1.3463968515384828,0.4356,0.27720000000000006,1.1880000000000002,0.0,0.0,-0.2,0.0,0.0,0.15358897417550102,0.0,-0.006233318757122605,-2.746815798972028,square,2,0.2,1.0,29,58,15.549997806549072,0.0
1779528386.7854111,0.0,0.0,0.15358897417550102,0.0,-0.006233318757122605,-2.746815798972028,0.0792,1.2672,4.554000000000001,0.0,0.0,-0.2,0.0,0.0,0.10995574287564278,0.0,0.0,-3.966468502449018,square,2,0.2,1.0,29,58,15.559998750686646,0.0
1779528386.795414,0.0,0.0,0.10995574287564278,0.0,0.0,-3.966468502449018,0.0,1.2672,2.3364,0.0,0.0,-0.2,0.0,0.0,0.06283185307179587,0.0,0.0,-4.529544963509093,square,2,0.2,1.0,29,58,15.569998264312744,0.0
1779528386.805407,0.0,0.0,0.06283185307179587,0.0,0.0,-4.529544963509093,-0.0792,1.3068,0.0792,0.0,0.0,-0.2,0.0,0.0,0.017453292519943295,0.0,0.004155545838081737,-4.548244919780461,square,2,0.2,1.0,29,58,15.58000111579895,0.0
1779528386.8154109,0.0,0.0,0.017453292519943295,0.0,0.004155545838081737,-4.548244919780461,-0.0792,1.7028,-3.6431999999999998,0.0,0.0,-0.2,0.0,0.0,-0.017453292519943295,-0.0020777729190408684,0.006233318757122605,-3.881279812768342,square,2,0.2,1.0,29,58,15.589994192123413,0.0
1779528386.8254104,0.0,0.0,-0.017453292519943295,-0.0020777729190408684,0.006233318757122605,-3.881279812768342,-0.198,1.5444,-1.0692,0.0,0.0,-0.2,0.0,0.0,-0.048869219055841226,-0.0020777729190408684,0.0020777729190408684,-3.2911923037607353,square,2,0.2,1.0,29,58,15.599997997283936,0.0
1779528386.835414,0.0,0.0,-0.048869219055841226,-0.0020777729190408684,0.0020777729190408684,-3.2911923037607353,0.27720000000000006,1.5444,-0.35639999999999994,0.0,0.0,-0.2,0.0,0.0,-0.07679448708775051,0.0,0.0,-2.8423933532479078,square,2,0.2,1.0,29,58,15.609997510910034,0.0
1779528386.8453984,0.0,0.0,-0.07679448708775051,0.0,0.0,-2.8423933532479078,-0.2376,1.8215999999999999,-0.9504,0.0,0.0,-0.2,0.0,0.0,-0.07679448708775051,0.0,0.0,-2.8423933532479078,square,2,0.2,1.0,29,58,15.620001077651978,0.0
1779528386.8554103,0.0,0.0,-0.07679448708775051,0.0,0.0,-2.8423933532479078,-0.2376,1.8215999999999999,-0.9504,0.0,0.0,-0.2,0.0,0.0,-0.11868238913561442,0.006233318757122605,0.0,-1.9821953647649884,square,2,0.2,1.0,29,58,15.629985570907593,0.0
1779528386.8654137,0.0,0.0,-0.11868238913561442,0.006233318757122605,0.0,-1.9821953647649884,0.0396,1.4652,-0.6732,0.0,0.0,-0.2,0.0,0.0,-0.1343903524035634,0.0020777729190408684,0.0,-1.6497516977184494,square,2,0.2,1.0,29,58,15.639997482299805,0.0
1779528386.8766804,0.0,0.0,-0.1343903524035634,0.0020777729190408684,0.0,-1.6497516977184494,0.0,1.4652,-0.198,0.0,0.0,-0.2,0.0,0.0,-0.1466076571675237,0.0,0.0,-1.3609412619717687,square,2,0.2,1.0,29,58,15.650000810623169,0.0
1779528386.8854127,0.0,0.0,-0.1466076571675237,0.0,0.0,-1.3609412619717687,0.0,1.3068,0.0,0.0,0.0,-0.2,0.0,0.0,-0.15707963267948966,0.0,0.0,-1.1136862846059055,square,2,0.2,1.0,29,58,15.661267518997192,0.0
1779528386.895411,0.0,0.0,-0.15707963267948966,0.0,0.0,-1.1136862846059055,0.0,1.3068,-0.0792,0.0,0.0,-0.2,0.0,0.0,-0.1658062789394613,0.0,0.0,-0.9121423114589412,square,2,0.2,1.0,29,58,15.669999837875366,0.0
1779528386.9054108,0.0,0.0,-0.1658062789394613,0.0,0.0,-0.9121423114589412,0.0,1.3860000000000001,-0.396,0.0,0.0,-0.2,0.0,0.0,-0.17278759594743864,0.0,-0.0020777729190408684,-0.7376093862595082,square,2,0.2,1.0,29,58,15.67999815940857,0.0
1779528386.9154134,0.0,0.0,-0.17278759594743864,0.0,-0.0020777729190408684,-0.7376093862595082,0.0,1.3068,0.396,0.0,0.0,-0.2,0.0,0.0,-0.17802358370342164,0.0,-0.0020777729190408684,-0.5942430548456884,square,2,0.2,1.0,29,58,15.689997911453247,0.0
1779528386.925408,0.0,0.0,-0.17802358370342164,0.0,-0.0020777729190408684,-0.5942430548456884,-0.0792,1.2276,-0.2376,0.0,0.0,-0.2,0.0,0.0,-0.1832595714594046,-0.004155545838081737,0.0020777729190408684,-0.4861988630555632,square,2,0.2,1.0,29,58,15.700000524520874,0.0
1779528386.9354122,0.0,0.0,-0.1832595714594046,-0.004155545838081737,0.0020777729190408684,-0.4861988630555632,-0.1188,1.3860000000000001,0.0396,0.0,0.0,-0.2,0.0,0.0,-0.1867502299633933,-0.0020777729190408684,0.0,-0.3739991254273563,square,2,0.2,1.0,29,58,15.709995031356812,0.0
1779528386.9454138,0.0,0.0,-0.1867502299633933,-0.0020777729190408684,0.0,-0.3739991254273563,-0.1188,1.3068,0.7524000000000001,0.0,0.0,-0.2,0.0,0.0,-0.19024088846738194,-0.0020777729190408684,0.0,-0.3095881649370894,square,2,0.2,1.0,29,58,15.719999313354492,0.0
1779528386.9554107,0.0,0.0,-0.19024088846738194,-0.0020777729190408684,0.0,-0.3095881649370894,-0.1584,1.4255999999999998,-0.1188,0.0,0.0,-0.2,0.0,0.0,-0.19198621771937624,0.0,0.0,-0.2243994752564138,square,2,0.2,1.0,29,58,15.730000972747803,0.0
1779528386.9654112,0.0,0.0,-0.19198621771937624,0.0,0.0,-0.2243994752564138,-0.0792,1.3464,0.198,0.0,0.0,-0.2,0.0,0.0,-0.1937315469713706,0.0020777729190408684,0.0,-0.19115510855175988,square,2,0.2,1.0,29,58,15.739997863769531,0.0
1779528386.975411,0.0,0.0,-0.1937315469713706,0.0020777729190408684,0.0,-0.19115510855175988,-0.0396,1.2672,-0.0792,0.0,0.0,-0.2,0.0,0.0,-0.1954768762233649,0.004155545838081737,0.0,-0.15583296892806514,square,2,0.2,1.0,29,58,15.749998331069946,0.0
1779528386.985415,0.0,0.0,-0.1954768762233649,0.004155545838081737,0.0,-0.15583296892806514,-0.0792,1.3068,0.0,0.0,0.0,-0.2,0.0,0.0,-0.1954768762233649,0.0,0.0,-0.11635528346628862,square,2,0.2,1.0,29,58,15.759998083114624,0.0
1779528386.9954133,0.0,0.0,-0.1954768762233649,0.0,0.0,-0.11635528346628862,0.0,1.3464,0.3168,0.0,0.0,-0.2,0.0,0.0,-0.19722220547535924,0.0,0.0,-0.07687759800451213,square,2,0.2,1.0,29,58,15.770002126693726,0.0
1779528387.0054116,0.0,0.0,-0.19722220547535924,0.0,0.0,-0.07687759800451213,0.0,1.1880000000000002,0.792,0.0,0.0,-0.2,0.0,0.0,-0.19722220547535924,-0.0020777729190408684,0.0,-0.05609986881410345,square,2,0.2,1.0,29,58,15.780000448226929,0.0
1779528387.0154128,0.0,0.0,-0.19722220547535924,-0.0020777729190408684,0.0,-0.05609986881410345,-0.0396,1.1483999999999999,1.0692,0.0,0.0,-0.2,0.0,0.0,-0.19722220547535924,-0.006233318757122605,0.0,-0.04778877713793997,square,2,0.2,1.0,29,58,15.789998769760132,0.0
1779528387.0254128,0.0,0.0,-0.19722220547535924,-0.006233318757122605,0.0,-0.04778877713793997,-0.1188,1.3068,0.9504,0.0,0.0,-0.2,0.0,0.0,-0.1989675347273536,-0.0020777729190408684,0.0020777729190408684,-0.03739991254273563,square,2,0.2,1.0,29,58,15.799999952316284,0.0
1779528387.0354123,0.0,0.0,-0.1989675347273536,-0.0020777729190408684,0.0020777729190408684,-0.03739991254273563,0.198,1.3860000000000001,1.0296,0.0,0.0,-0.2,0.0,0.0,-0.1989675347273536,-0.0020777729190408684,0.0,-0.020777729190408684,square,2,0.2,1.0,29,58,15.809999942779541,0.0
1779528387.0454078,0.0,0.0,-0.1989675347273536,-0.0020777729190408684,0.0,-0.020777729190408684,-0.1188,1.2672,1.0692,0.0,0.0,-0.2,0.0,0.0,-0.1989675347273536,0.0,0.0,-0.020777729190408684,square,2,0.2,1.0,29,58,15.81999945640564,0.0
1779528387.0554144,0.0,0.0,-0.1989675347273536,0.0,0.0,-0.020777729190408684,-0.0792,1.2276,0.9107999999999999,0.0,0.0,-0.2,0.0,0.0,-0.1989675347273536,0.0020777729190408684,0.0,-0.022855502109449553,square,2,0.2,1.0,29,58,15.829994916915894,0.0
1779528387.065414,0.0,0.0,-0.1989675347273536,0.0020777729190408684,0.0,-0.022855502109449553,0.0,1.3464,0.5148,0.0,0.0,-0.2,0.0,0.0,-0.1989675347273536,0.0020777729190408684,0.0,-0.014544410433286078,square,2,0.2,1.0,29,58,15.840001583099365,0.0
1779528387.0756204,0.0,0.0,-0.1989675347273536,0.0020777729190408684,0.0,-0.014544410433286078,0.0396,1.4255999999999998,0.5940000000000001,0.0,0.0,-0.2,0.0,0.0,-0.1989675347273536,0.0,0.0,-0.008311091676163474,square,2,0.2,1.0,29,58,15.850001096725464,0.0
1779528387.0854104,0.0,0.0,-0.1989675347273536,0.0,0.0,-0.008311091676163474,0.0,1.3464,0.6336,0.0,0.0,-0.2,0.0,0.0,-0.1989675347273536,0.0,0.0,-0.004155545838081737,square,2,0.2,1.0,29,58,15.860207557678223,0.0
1779528387.095411,0.0,0.0,-0.1989675347273536,0.0,0.0,-0.004155545838081737,0.0396,1.2672,0.7127999999999999,0.0,0.0,-0.2,0.0,0.0,-0.1989675347273536,0.0,0.0,0.0,square,2,0.2,1.0,29,58,15.869997501373291,0.0
1779528387.1054068,0.0,0.0,-0.1989675347273536,0.0,0.0,0.0,-0.0396,1.2672,0.6732,0.0,0.0,-0.2,0.0,0.0,-0.1989675347273536,0.0,0.0,0.0,square,2,0.2,1.0,29,58,15.879998207092285,0.0
1779528387.115411,0.0,0.0,-0.1989675347273536,0.0,0.0,0.0,0.0,1.3464,0.6732,0.0,0.0,-0.2,0.0,0.0,-0.1989675347273536,0.0,0.0,0.0,square,2,0.2,1.0,29,58,15.889993906021118,0.0
1779528387.1254082,0.0,0.0,-0.1989675347273536,0.0,0.0,0.0,-0.0792,1.3068,0.7524000000000001,0.0,0.0,-0.2,0.0,0.0,-0.1989675347273536,0.0,0.0,0.0,square,2,0.2,1.0,29,58,15.899998188018799,0.0
1779528387.1354108,0.0,0.0,-0.1989675347273536,0.0,0.0,0.0,-0.0792,1.3068,0.7127999999999999,0.0,0.0,-0.2,0.0,0.0,-0.1989675347273536,-0.0020777729190408684,0.0020777729190408684,0.0,square,2,0.2,1.0,29,58,15.909995317459106,0.0
1779528387.1454113,0.0,0.0,-0.1989675347273536,-0.0020777729190408684,0.0020777729190408684,0.0,-0.1188,1.2672,0.7127999999999999,0.0,0.0,-0.2,0.0,0.0,-0.1989675347273536,0.0020777729190408684,0.0,0.0,square,2,0.2,1.0,29,58,15.919997930526733,0.0
1779528387.1554115,0.0,0.0,-0.1989675347273536,0.0020777729190408684,0.0,0.0,-0.0792,1.3860000000000001,0.6336,0.0,0.0,-0.2,0.0,0.0,-0.1989675347273536,0.0,0.0,0.0,square,2,0.2,1.0,29,58,15.929998397827148,0.0
1779528387.1654108,0.0,0.0,-0.1989675347273536,0.0,0.0,0.0,-0.0792,1.1483999999999999,-0.5940000000000001,0.0,0.0,-0.2,0.0,0.0,-0.1989675347273536,0.0,-0.0020777729190408684,0.0,square,2,0.2,1.0,29,58,15.939998626708984,0.0
1779528387.175412,0.0,0.0,-0.1989675347273536,0.0,-0.0020777729190408684,0.0,0.0,1.2276,0.4752,0.0,0.0,-0.2,0.0,0.0,-0.1989675347273536,0.0,0.0,0.0,square,2,0.2,1.0,29,58,15.949997901916504,0.0
1779528387.1854107,0.0,0.0,-0.1989675347273536,0.0,0.0,0.0,0.0,1.1483999999999999,-0.5940000000000001,0.0,0.0,-0.2,0.0,0.0,-0.1989675347273536,0.0020777729190408684,0.0,0.0,square,2,0.2,1.0,29,58,15.959999084472656,0.0
1779528387.19541,0.0,0.0,-0.1989675347273536,0.0020777729190408684,0.0,0.0,0.0,1.1880000000000002,-0.5544000000000001,0.0,0.0,-0.2,0.0,0.0,-0.1989675347273536,0.0,0.0,0.0020777729190408684,square,2,0.2,1.0,29,58,15.969997882843018,0.0
1779528387.2054112,0.0,0.0,-0.1989675347273536,0.0,0.0,0.0020777729190408684,0.0,1.2276,-0.4752,0.0,0.0,-0.2,0.0,0.0,-0.1989675347273536,0.0,0.0,0.0,square,2,0.2,1.0,29,58,15.979997158050537,0.0
1779528387.215424,0.0,0.0,-0.1989675347273536,0.0,0.0,0.0,-0.0792,1.1880000000000002,-0.35639999999999994,0.0,0.0,-0.2,0.0,0.0,-0.1989675347273536,-0.0020777729190408684,0.0,0.0,square,2,0.2,1.0,29,58,15.98999834060669,0.0
1779528387.2255867,0.0,0.0,-0.1989675347273536,-0.0020777729190408684,0.0,0.0,-0.1584,1.2672,-0.4752,0.0,0.0,0.2,0.0,0.0,-0.1989675347273536,-0.0020777729190408684,0.0,0.0020777729190408684,square,2,0.2,1.0,29,58,16.000011205673218,0.0
1779528387.2354116,0.0,0.0,-0.1989675347273536,-0.0020777729190408684,0.0,0.0020777729190408684,-0.1584,1.2672,-0.4752,0.0,0.0,0.2,0.0,0.0,-0.1989675347273536,0.0,0.0,0.0,square,2,0.2,1.0,29,58,16.010173797607422,0.0
1779528387.2454104,0.0,0.0,-0.1989675347273536,0.0,0.0,0.0,-0.1188,1.1483999999999999,0.35639999999999994,0.0,0.0,0.2,0.0,0.0,-0.1989675347273536,0.0020777729190408684,0.0,0.0,square,2,0.2,1.0,29,58,16.019998788833618,0.0
1779528387.2554154,0.0,0.0,-0.1989675347273536,0.0020777729190408684,0.0,0.0,-0.27720000000000006,-2.8511999999999995,1.7028,0.0,0.0,0.2,0.0,0.0,-0.1832595714594046,0.0,0.0020777729190408684,1.358863489052728,square,2,0.2,1.0,29,58,16.02999758720398,0.0
1779528387.2654119,0.0,0.0,-0.1832595714594046,0.0,0.0020777729190408684,1.358863489052728,-0.0792,0.35639999999999994,1.3464,0.0,0.0,0.2,0.0,0.0,-0.15358897417550102,0.0,0.0,2.742660253133946,square,2,0.2,1.0,29,58,16.040002584457397,0.0
1779528387.2754092,0.0,0.0,-0.15358897417550102,0.0,0.0,2.742660253133946,0.0,1.7028,7.524000000000001,0.0,0.0,0.2,0.0,0.0,-0.10995574287564278,-0.0020777729190408684,0.0,3.9851684587203855,square,2,0.2,1.0,29,58,16.049998998641968,0.0
1779528387.2854118,0.0,0.0,-0.10995574287564278,-0.0020777729190408684,0.0,3.9851684587203855,0.1188,1.3068,1.4652,0.0,0.0,0.2,0.0,0.0,-0.06283185307179587,-0.0020777729190408684,0.0,4.569022648970869,square,2,0.2,1.0,29,58,16.059996366500854,0.0
1779528387.2954123,0.0,0.0,-0.06283185307179587,-0.0020777729190408684,0.0,4.569022648970869,-0.0792,1.4255999999999998,-0.3168,0.0,0.0,0.2,0.0,0.0,-0.017453292519943295,0.0,-0.0020777729190408684,4.512922780156766,square,2,0.2,1.0,29,58,16.06999897956848,0.0
1779528387.3054056,0.0,0.0,-0.017453292519943295,0.0,-0.0020777729190408684,4.512922780156766,0.1584,1.4652,-3.2076000000000002,0.0,0.0,0.2,0.0,0.0,0.017453292519943295,0.0,-0.0020777729190408684,3.8625798564969744,square,2,0.2,1.0,29,58,16.079999446868896,0.0
1779528387.3154106,0.0,0.0,0.017453292519943295,0.0,-0.0020777729190408684,3.8625798564969744,-0.1584,1.1880000000000002,-0.4356,0.0,0.0,0.2,0.0,0.0,0.048869219055841226,0.0,0.0,3.2891145308416947,square,2,0.2,1.0,29,58,16.08999276161194,0.0
1779528387.3254063,0.0,0.0,0.048869219055841226,0.0,0.0,3.2891145308416947,-0.1584,1.4255999999999998,0.0,0.0,0.0,0.2,0.0,0.0,0.07679448708775051,0.0020777729190408684,0.0,2.838237807409826,square,2,0.2,1.0,29,58,16.099997758865356,0.0
1779528387.3354177,0.0,0.0,0.07679448708775051,0.0020777729190408684,0.0,2.838237807409826,-0.1188,1.4255999999999998,-1.1880000000000002,0.0,0.0,0.2,0.0,0.0,0.0994837673636768,0.0,0.0,2.366583354787549,square,2,0.2,1.0,29,58,16.10999345779419,0.0
1779528387.34541,0.0,0.0,0.0994837673636768,0.0,0.0,2.366583354787549,-0.198,1.4255999999999998,-0.0792,0.0,0.0,0.2,0.0,0.0,0.11868238913561442,0.0,0.0,1.9780398189269066,square,2,0.2,1.0,29,58,16.120004892349243,0.0
1779528387.3554134,0.0,0.0,0.11868238913561442,0.0,0.0,1.9780398189269066,-0.1584,1.4652,-0.396,0.0,0.0,0.2,0.0,0.0,0.1343903524035634,0.0020777729190408684,0.0,1.6435183789613268,square,2,0.2,1.0,29,58,16.12999725341797,0.0
1779528387.3654134,0.0,0.0,0.1343903524035634,0.0020777729190408684,0.0,1.6435183789613268,-0.1584,1.3860000000000001,-0.0792,0.0,0.0,0.2,0.0,0.0,0.1466076571675237,0.0,0.0020777729190408684,1.3567857161336871,square,2,0.2,1.0,29,58,16.140000581741333,0.0
1779528387.3754146,0.0,0.0,0.1466076571675237,0.0,0.0020777729190408684,1.3567857161336871,-0.2376,1.3464,-0.0792,0.0,0.0,0.2,0.0,0.0,0.15707963267948966,0.0,0.0,1.1178418304439872,square,2,0.2,1.0,29,58,16.15000057220459,0.0
1779528387.385407,0.0,0.0,0.15707963267948966,0.0,0.0,1.1178418304439872,-0.1188,1.1880000000000002,0.3168,0.0,0.0,0.2,0.0,0.0,0.1658062789394613,0.0,0.0,0.9142200843779821,square,2,0.2,1.0,29,58,16.160001754760742,0.0
1779528387.395411,0.0,0.0,0.1658062789394613,0.0,0.0,0.9142200843779821,-0.1188,1.1483999999999999,0.2376,0.0,0.0,0.2,0.0,0.0,0.17278759594743864,0.0,0.0020777729190408684,0.7438427050166309,square,2,0.2,1.0,29,58,16.169994115829468,0.0
1779528387.40541,0.0,0.0,0.17278759594743864,0.0,0.0020777729190408684,0.7438427050166309,0.2376,1.1880000000000002,-0.396,0.0,0.0,0.2,0.0,0.0,0.17802358370342164,0.0,0.0,0.5963208277647293,square,2,0.2,1.0,29,58,16.17999815940857,0.0
1779528387.4154098,0.0,0.0,0.17802358370342164,0.0,0.0,0.5963208277647293,0.198,1.1483999999999999,0.5544000000000001,0.0,0.0,0.2,0.0,0.0,0.1832595714594046,0.0,0.0,0.4841210901365223,square,2,0.2,1.0,29,58,16.18999719619751,0.0
1779528387.4254098,0.0,0.0,0.1832595714594046,0.0,0.0,0.4841210901365223,0.1188,1.2672,0.27720000000000006,0.0,0.0,0.2,0.0,0.0,0.1867502299633933,0.0,0.0,0.38438799002256063,square,2,0.2,1.0,29,58,16.199996948242188,0.0
1779528387.4354112,0.0,0.0,0.1867502299633933,0.0,0.0,0.38438799002256063,0.198,1.3068,-0.2376,0.0,0.0,0.2,0.0,0.0,0.19024088846738194,0.0,0.0,0.3012770732609259,square,2,0.2,1.0,29,58,16.209996938705444,0.0
1779528387.4454086,0.0,0.0,0.19024088846738194,0.0,0.0,0.3012770732609259,0.1584,1.2276,0.2376,0.0,0.0,0.2,0.0,0.0,0.19198621771937624,0.0020777729190408684,0.0,0.236866112770659,square,2,0.2,1.0,29,58,16.219998359680176,0.0
1779528387.455416,0.0,0.0,0.19198621771937624,0.0020777729190408684,0.0,0.236866112770659,-0.1188,1.3464,0.6732,0.0,0.0,0.2,0.0,0.0,0.1937315469713706,0.0,0.0,0.1973884273088825,square,2,0.2,1.0,29,58,16.229995727539062,0.0
1779528387.465411,0.0,0.0,0.1937315469713706,0.0,0.0,0.1973884273088825,-0.1584,1.2672,0.5148,0.0,0.0,0.2,0.0,0.0,0.1954768762233649,0.0,0.0,0.1495996501709425,square,2,0.2,1.0,29,58,16.24000310897827,0.0
1779528387.475409,0.0,0.0,0.1954768762233649,0.0,0.0,0.1495996501709425,0.1188,1.3068,0.5544000000000001,0.0,0.0,0.2,0.0,0.0,0.1954768762233649,0.0,0.0,0.11012196470916602,square,2,0.2,1.0,29,58,16.249998092651367,0.0
1779528387.485411,0.0,0.0,0.1954768762233649,0.0,0.0,0.11012196470916602,-0.1584,1.3860000000000001,0.5544000000000001,0.0,0.0,0.2,0.0,0.0,0.19722220547535924,0.0,0.0,0.08311091676163473,square,2,0.2,1.0,29,58,16.25999617576599,0.0
1779528387.495414,0.0,0.0,0.19722220547535924,0.0,0.0,0.08311091676163473,-0.1584,1.4255999999999998,0.4752,0.0,0.0,0.2,0.0,0.0,0.19722220547535924,0.0,0.0,0.05609986881410345,square,2,0.2,1.0,29,58,16.26999807357788,0.0
1779528387.505411,0.0,0.0,0.19722220547535924,0.0,0.0,0.05609986881410345,-0.1584,1.2276,0.7524000000000001,0.0,0.0,0.2,0.0,0.0,0.1989675347273536,0.0020777729190408684,-0.0020777729190408684,0.06233318757122605,square,2,0.2,1.0,29,58,16.280001163482666,0.0
1779528387.515417,0.0,0.0,0.1989675347273536,0.0020777729190408684,-0.0020777729190408684,0.06233318757122605,-0.1188,1.3068,-0.0792,0.0,0.0,0.2,0.0,0.0,0.1989675347273536,0.0,0.0,0.033244366704653895,square,2,0.2,1.0,29,58,16.289998054504395,0.0
1779528387.5254173,0.0,0.0,0.1989675347273536,0.0,0.0,0.033244366704653895,-0.1188,1.4652,0.2376,0.0,0.0,0.2,0.0,0.0,0.1989675347273536,-0.0020777729190408684,0.0,0.035322139623694765,square,2,0.2,1.0,29,58,16.300004243850708,0.0
1779528387.5354142,0.0,0.0,0.1989675347273536,-0.0020777729190408684,0.0,0.035322139623694765,0.1188,1.3860000000000001,-0.0792,0.0,0.0,0.2,0.0,0.0,0.1989675347273536,0.0,0.0,0.02493327502849042,square,2,0.2,1.0,29,58,16.310004472732544,0.0
1779528387.545415,0.0,0.0,0.1989675347273536,0.0,0.0,0.02493327502849042,0.1584,1.3464,-0.0792,0.0,0.0,0.2,0.0,0.0,0.1989675347273536,0.0,0.0,0.018699956271367814,square,2,0.2,1.0,29,58,16.320001363754272,0.0
1779528387.555413,0.0,0.0,0.1989675347273536,0.0,0.0,0.018699956271367814,-0.1584,1.2672,-0.0792,0.0,0.0,0.2,0.0,0.0,0.1989675347273536,0.0,0.0,0.004155545838081737,square,2,0.2,1.0,29,58,16.330002069473267,0.0
1779528387.5654066,0.0,0.0,0.1989675347273536,0.0,0.0,0.004155545838081737,0.1584,1.3068,0.0,0.0,0.0,0.2,0.0,0.0,0.1989675347273536,-0.0020777729190408684,0.0,0.0020777729190408684,square,2,0.2,1.0,29,58,16.34000015258789,0.0
1779528387.5754118,0.0,0.0,0.1989675347273536,-0.0020777729190408684,0.0,0.0020777729190408684,0.198,1.3464,0.0792,0.0,0.0,0.2,0.0,0.0,0.1989675347273536,0.0,0.0020777729190408684,0.0020777729190408684,square,2,0.2,1.0,29,58,16.34999370574951,0.0
1779528387.5854094,0.0,0.0,0.1989675347273536,0.0,0.0020777729190408684,0.0020777729190408684,-0.1188,1.3464,0.0,0.0,0.0,0.2,0.0,0.0,0.1989675347273536,0.0,0.0,0.0,square,2,0.2,1.0,29,58,16.35999894142151,0.0
1779528387.5954125,0.0,0.0,0.1989675347273536,0.0,0.0,0.0,0.198,1.3068,0.0792,0.0,0.0,0.2,0.0,0.0,0.1989675347273536,0.0,0.0,0.0,square,2,0.2,1.0,29,58,16.369996547698975,0.0
1779528387.6054132,0.0,0.0,0.1989675347273536,0.0,0.0,0.0,0.1188,1.3464,0.0,0.0,0.0,0.2,0.0,0.0,0.1989675347273536,0.0,0.0,0.0,square,2,0.2,1.0,29,58,16.37999963760376,0.0
1779528387.615411,0.0,0.0,0.1989675347273536,0.0,0.0,0.0,0.1584,1.3464,0.0,0.0,0.0,0.2,0.0,0.0,0.1989675347273536,0.0,0.0,0.0,square,2,0.2,1.0,29,58,16.390000343322754,0.0
1779528387.625411,0.0,0.0,0.1989675347273536,0.0,0.0,0.0,-0.1188,1.4652,-0.0396,0.0,0.0,0.2,0.0,0.0,0.1989675347273536,0.0,0.0,0.0,square,2,0.2,1.0,29,58,16.3999981880188,0.0
1779528387.6354113,0.0,0.0,0.1989675347273536,0.0,0.0,0.0,-0.1188,1.2276,-0.0396,0.0,0.0,0.2,0.0,0.0,0.1989675347273536,0.0,0.0,0.0,square,2,0.2,1.0,29,58,16.409998178482056,0.0
1779528387.6454117,0.0,0.0,0.1989675347273536,0.0,0.0,0.0,-0.1188,1.3464,-0.1584,0.0,0.0,0.2,0.0,0.0,0.1989675347273536,0.0,0.0,0.0,square,2,0.2,1.0,29,58,16.41999840736389,0.0
1779528387.6554108,0.0,0.0,0.1989675347273536,0.0,0.0,0.0,-0.0792,1.3860000000000001,-0.1584,0.0,0.0,0.2,0.0,0.0,0.1989675347273536,0.0,0.0,0.0,square,2,0.2,1.0,29,58,16.429998874664307,0.0
1779528387.6654143,0.0,0.0,0.1989675347273536,0.0,0.0,0.0,-0.0792,1.3860000000000001,-0.1584,0.0,0.0,0.2,0.0,0.0,0.1989675347273536,0.0,0.0,0.0,square,2,0.2,1.0,29,58,16.439997911453247,0.0
1779528387.6760056,0.0,0.0,0.1989675347273536,0.0,0.0,0.0,0.198,1.3068,-0.2376,0.0,0.0,0.2,0.0,0.0,0.1989675347273536,-0.0020777729190408684,0.0,-0.0020777729190408684,square,2,0.2,1.0,29,58,16.45000147819519,0.0
1779528387.6855178,0.0,0.0,0.1989675347273536,-0.0020777729190408684,0.0,-0.0020777729190408684,0.1584,1.2276,-0.1584,0.0,0.0,0.2,0.0,0.0,0.1989675347273536,0.0,0.0,0.0,square,2,0.2,1.0,29,58,16.46059274673462,0.0
1779528387.6954112,0.0,0.0,0.1989675347273536,0.0,0.0,0.0,0.198,1.3464,-0.198,0.0,0.0,0.2,0.0,0.0,0.1989675347273536,0.0,-0.0020777729190408684,0.0,square,2,0.2,1.0,29,58,16.470104932785034,0.0
1779528387.7055507,0.0,0.0,0.1989675347273536,0.0,-0.0020777729190408684,0.0,0.2376,1.2672,0.198,0.0,0.0,0.2,0.0,0.0,0.1989675347273536,0.0,0.0,0.0020777729190408684,square,2,0.2,1.0,29,58,16.479998350143433,0.0
1779528387.7154155,0.0,0.0,0.1989675347273536,0.0,0.0,0.0020777729190408684,0.1584,1.3464,0.1188,0.0,0.0,0.2,0.0,0.0,0.1989675347273536,0.0,0.0,0.0,square,2,0.2,1.0,29,58,16.490137815475464,0.0
1779528387.7254107,0.0,0.0,0.1989675347273536,0.0,0.0,0.0,-0.1188,1.2672,0.1584,0.0,0.0,-0.2,0.0,0.0,0.1989675347273536,0.0,0.0,0.0,square,2,0.2,1.0,29,58,16.50000262260437,0.0
1779528387.7356234,0.0,0.0,0.1989675347273536,0.0,0.0,0.0,-0.0396,1.3464,0.27720000000000006,0.0,0.0,-0.2,0.0,0.0,0.1989675347273536,0.0020777729190408684,0.0,0.0,square,2,0.2,1.0,29,58,16.509997844696045,0.0
1779528387.745411,0.0,0.0,0.1989675347273536,0.0020777729190408684,0.0,0.0,-0.0792,1.3860000000000001,0.2376,0.0,0.0,-0.2,0.0,0.0,0.1989675347273536,0.0,0.0,0.0,square,2,0.2,1.0,29,58,16.52021050453186,0.0
1779528387.7554133,0.0,0.0,0.1989675347273536,0.0,0.0,0.0,-0.1584,-0.7127999999999999,2.0988,0.0,0.0,-0.2,0.0,0.0,0.1832595714594046,0.0,0.0,-1.3443190786194419,square,2,0.2,1.0,29,58,16.529998064041138,0.0
1779528387.7655308,0.0,0.0,0.1832595714594046,0.0,0.0,-1.3443190786194419,-0.9107999999999999,0.3168,1.1880000000000002,0.0,0.0,-0.2,0.0,0.0,0.15358897417550102,0.0,-0.006233318757122605,-2.7509713448101096,square,2,0.2,1.0,29,58,16.540000438690186,0.0
1779528387.7754142,0.0,0.0,0.15358897417550102,0.0,-0.006233318757122605,-2.7509713448101096,-0.2376,1.2276,4.395600000000001,0.0,0.0,-0.2,0.0,0.0,0.10995574287564278,0.0020777729190408684,0.0,-3.9643907295299767,square,2,0.2,1.0,29,58,16.55011796951294,0.0
1779528387.7854087,0.0,0.0,0.10995574287564278,0.0020777729190408684,0.0,-3.9643907295299767,-0.0792,1.3068,2.3760000000000003,0.0,0.0,-0.2,0.0,0.0,0.06457718232379019,0.0,0.0020777729190408684,-4.523311644751971,square,2,0.2,1.0,29,58,16.560001373291016,0.0
1779528387.7954245,0.0,0.0,0.06457718232379019,0.0,0.0020777729190408684,-4.523311644751971,0.1188,1.2672,0.3168,0.0,0.0,-0.2,0.0,0.0,0.017453292519943295,0.0,0.004155545838081737,-4.550322692699502,square,2,0.2,1.0,29,58,16.569995880126953,0.0
1779528387.8054109,0.0,0.0,0.017453292519943295,0.0,0.004155545838081737,-4.550322692699502,0.0,1.7028,-3.4056,0.0,0.0,-0.2,0.0,0.0,-0.017453292519943295,0.0,0.004155545838081737,-3.8792020398493015,square,2,0.2,1.0,29,58,16.58001160621643,0.0
1779528387.8154085,0.0,0.0,-0.017453292519943295,0.0,0.004155545838081737,-3.8792020398493015,-0.0792,1.7028,-1.0692,0.0,0.0,-0.2,0.0,0.0,-0.048869219055841226,-0.0020777729190408684,0.0,-3.295347849598817,square,2,0.2,1.0,29,58,16.58999800682068,0.0
1779528387.8254128,0.0,0.0,-0.048869219055841226,-0.0020777729190408684,0.0,-3.295347849598817,0.2376,1.3860000000000001,-0.3168,0.0,0.0,-0.2,0.0,0.0,-0.07679448708775051,0.0,0.0,-2.840315580328867,square,2,0.2,1.0,29,58,16.599995613098145,0.0
1779528387.835409,0.0,0.0,-0.07679448708775051,0.0,0.0,-2.840315580328867,0.35639999999999994,1.4652,-0.9107999999999999,0.0,0.0,-0.2,0.0,0.0,-0.0994837673636768,0.0,-0.004155545838081737,-2.3790499923017943,square,2,0.2,1.0,29,58,16.609999895095825,0.0
1779528387.8454092,0.0,0.0,-0.0994837673636768,0.0,-0.004155545838081737,-2.3790499923017943,-0.1584,1.5048000000000001,0.2376,0.0,0.0,-0.2,0.0,0.0,-0.11868238913561442,0.006233318757122605,0.0,-1.9821953647649884,square,2,0.2,1.0,29,58,16.619996070861816,0.0
1779528387.8554108,0.0,0.0,-0.11868238913561442,0.006233318757122605,0.0,-1.9821953647649884,0.0,1.1880000000000002,-0.5148,0.0,0.0,-0.2,0.0,0.0,-0.1343903524035634,0.0,0.0,-1.6476739247994086,square,2,0.2,1.0,29,58,16.629996299743652,0.0
1779528387.865414,0.0,0.0,-0.1343903524035634,0.0,0.0,-1.6476739247994086,0.0,1.3860000000000001,-0.1188,0.0,0.0,-0.2,0.0,0.0,-0.1466076571675237,0.0,0.0,-1.358863489052728,square,2,0.2,1.0,29,58,16.639997959136963,0.0
1779528387.8756273,0.0,0.0,-0.1466076571675237,0.0,0.0,-1.358863489052728,0.0,1.4255999999999998,0.0,0.0,0.0,-0.2,0.0,0.0,-0.15707963267948966,0.0,0.0,-1.1116085116868646,square,2,0.2,1.0,29,58,16.650001049041748,0.0
1779528387.8854136,0.0,0.0,-0.15707963267948966,0.0,0.0,-1.1116085116868646,0.0,1.3464,0.0,0.0,0.0,-0.2,0.0,0.0,-0.1658062789394613,0.0,0.0,-0.9100645385399003,square,2,0.2,1.0,29,58,16.6602144241333,0.0
1779528387.895413,0.0,0.0,-0.1658062789394613,0.0,0.0,-0.9100645385399003,0.0,1.2672,-0.3168,0.0,0.0,-0.2,0.0,0.0,-0.17278759594743864,0.0,0.0020777729190408684,-0.7355316133404673,square,2,0.2,1.0,29,58,16.670000791549683,0.0
1779528387.9054403,0.0,0.0,-0.17278759594743864,0.0,0.0020777729190408684,-0.7355316133404673,-0.0396,1.2276,0.4752,0.0,0.0,-0.2,0.0,0.0,-0.17802358370342164,0.0,0.0,-0.5963208277647293,square,2,0.2,1.0,29,58,16.680000066757202,0.0
1779528387.9154108,0.0,0.0,-0.17802358370342164,0.0,0.0,-0.5963208277647293,0.0,1.3068,-0.198,0.0,0.0,-0.2,0.0,0.0,-0.1832595714594046,-0.0020777729190408684,0.0,-0.4861988630555632,square,2,0.2,1.0,29,58,16.690027475357056,0.0
1779528387.9254112,0.0,0.0,-0.1832595714594046,-0.0020777729190408684,0.0,-0.4861988630555632,0.0,1.2672,0.0792,0.0,0.0,-0.2,0.0,0.0,-0.1867502299633933,-0.0020777729190408684,0.0020777729190408684,-0.3760768983463972,square,2,0.2,1.0,29,58,16.699997901916504,0.0
1779528387.9355304,0.0,0.0,-0.1867502299633933,-0.0020777729190408684,0.0020777729190408684,-0.3760768983463972,-0.0792,1.3068,0.5544000000000001,0.0,0.0,-0.2,0.0,0.0,-0.19024088846738194,-0.0020777729190408684,0.0020777729190408684,-0.30751039201804853,square,2,0.2,1.0,29,58,16.70999836921692,0.0
1779528387.9454117,0.0,0.0,-0.19024088846738194,-0.0020777729190408684,0.0020777729190408684,-0.30751039201804853,-0.1188,1.3068,-0.1584,0.0,0.0,-0.2,0.0,0.0,-0.19198621771937624,0.0,0.0,-0.2306327940135364,square,2,0.2,1.0,29,58,16.720117568969727,0.0
1779528387.9554121,0.0,0.0,-0.19198621771937624,0.0,0.0,-0.2306327940135364,-0.1188,1.4255999999999998,0.2376,0.0,0.0,-0.2,0.0,0.0,-0.1937315469713706,0.0020777729190408684,0.0,-0.19323288147080075,square,2,0.2,1.0,29,58,16.72999882698059,0.0
1779528387.9654167,0.0,0.0,-0.1937315469713706,0.0020777729190408684,0.0,-0.19323288147080075,0.0,1.4255999999999998,-0.0792,0.0,0.0,-0.2,0.0,0.0,-0.1954768762233649,0.0,0.0,-0.15583296892806514,square,2,0.2,1.0,29,58,16.739999294281006,0.0
1779528387.9754148,0.0,0.0,-0.1954768762233649,0.0,0.0,-0.15583296892806514,-0.0792,1.4652,0.0,0.0,0.0,-0.2,0.0,0.0,-0.1954768762233649,0.0020777729190408684,-0.0020777729190408684,-0.11635528346628862,square,2,0.2,1.0,29,58,16.750003814697266,0.0
1779528387.9854133,0.0,0.0,-0.1954768762233649,0.0020777729190408684,-0.0020777729190408684,-0.11635528346628862,-0.1188,1.2672,0.35639999999999994,0.0,0.0,-0.2,0.0,0.0,-0.19722220547535924,0.0,-0.0020777729190408684,-0.078955370923553,square,2,0.2,1.0,29,58,16.76000189781189,0.0
1779528387.9954126,0.0,0.0,-0.19722220547535924,0.0,-0.0020777729190408684,-0.078955370923553,-0.0396,1.1880000000000002,0.7127999999999999,0.0,0.0,-0.2,0.0,0.0,-0.19722220547535924,-0.0020777729190408684,0.0,-0.05609986881410345,square,2,0.2,1.0,29,58,16.770000457763672,0.0
1779528388.0054111,0.0,0.0,-0.19722220547535924,-0.0020777729190408684,0.0,-0.05609986881410345,-0.0396,1.1880000000000002,1.1088000000000002,0.0,0.0,-0.2,0.0,0.0,-0.19722220547535924,-0.004155545838081737,0.0,-0.04778877713793997,square,2,0.2,1.0,29,58,16.77999973297119,0.0
1779528388.0154116,0.0,0.0,-0.19722220547535924,-0.004155545838081737,0.0,-0.04778877713793997,-0.1188,1.2672,0.8712,0.0,0.0,-0.2,0.0,0.0,-0.1989675347273536,-0.004155545838081737,0.0,-0.035322139623694765,square,2,0.2,1.0,29,58,16.789998292922974,0.0
1779528388.02541,0.0,0.0,-0.1989675347273536,-0.004155545838081737,0.0,-0.035322139623694765,0.1584,1.3860000000000001,0.8316,0.0,0.0,-0.2,0.0,0.0,-0.1989675347273536,0.0,0.0,-0.020777729190408684,square,2,0.2,1.0,29,58,16.79999876022339,0.0
1779528388.0354135,0.0,0.0,-0.1989675347273536,0.0,0.0,-0.020777729190408684,-0.0792,1.2672,0.9107999999999999,0.0,0.0,-0.2,0.0,0.0,-0.1989675347273536,0.0,0.0,-0.020777729190408684,square,2,0.2,1.0,29,58,16.809997081756592,0.0
1779528388.0454462,0.0,0.0,-0.1989675347273536,0.0,0.0,-0.020777729190408684,-0.0396,1.3464,0.7524000000000001,0.0,0.0,-0.2,0.0,0.0,-0.1989675347273536,0.0,0.0,-0.022855502109449553,square,2,0.2,1.0,29,58,16.820000648498535,0.0
1779528388.0555365,0.0,0.0,-0.1989675347273536,0.0,0.0,-0.022855502109449553,0.0,1.3068,0.35639999999999994,0.0,0.0,-0.2,0.0,0.0,-0.1989675347273536,0.0020777729190408684,0.0,-0.010388864595204342,square,2,0.2,1.0,29,58,16.83003330230713,0.0
1779528388.0655758,0.0,0.0,-0.1989675347273536,0.0020777729190408684,0.0,-0.010388864595204342,-0.0396,1.1880000000000002,0.6336,0.0,0.0,-0.2,0.0,0.0,-0.1989675347273536,0.0,0.0,-0.006233318757122605,square,2,0.2,1.0,29,58,16.840123653411865,0.0
1779528388.0754237,0.0,0.0,-0.1989675347273536,0.0,0.0,-0.006233318757122605,0.0396,1.3068,0.5148,0.0,0.0,-0.2,0.0,0.0,-0.1989675347273536,0.0,0.0,-0.0020777729190408684,square,2,0.2,1.0,29,58,16.850162982940674,0.0
1779528388.0854166,0.0,0.0,-0.1989675347273536,0.0,0.0,-0.0020777729190408684,0.0396,1.2276,0.5544000000000001,0.0,0.0,-0.2,0.0,0.0,-0.1989675347273536,0.0,0.0,0.0,square,2,0.2,1.0,29,58,16.860010862350464,0.0
1779528388.0955803,0.0,0.0,-0.1989675347273536,0.0,0.0,0.0,-0.0396,1.3464,0.6336,0.0,0.0,-0.2,0.0,0.0,-0.1989675347273536,0.0,0.0,0.0,square,2,0.2,1.0,29,58,16.870003700256348,0.0
1779528388.1055322,0.0,0.0,-0.1989675347273536,0.0,0.0,0.0,0.0,1.3860000000000001,0.5148,0.0,0.0,-0.2,0.0,0.0,-0.1989675347273536,-0.0020777729190408684,0.0,0.0,square,2,0.2,1.0,29,58,16.880167484283447,0.0
1779528388.1154103,0.0,0.0,-0.1989675347273536,-0.0020777729190408684,0.0,0.0,-0.0792,1.3068,0.4356,0.0,0.0,-0.2,0.0,0.0,-0.1989675347273536,0.0,0.0,0.0,square,2,0.2,1.0,29,58,16.890119314193726,0.0
1779528388.1254144,0.0,0.0,-0.1989675347273536,0.0,0.0,0.0,-0.0792,1.3464,0.5148,0.0,0.0,-0.2,0.0,0.0,-0.1989675347273536,0.0,0.0,0.0,square,2,0.2,1.0,29,58,16.89999747276306,0.0
1779528388.1355486,0.0,0.0,-0.1989675347273536,0.0,0.0,0.0,-0.0396,1.2672,0.4356,0.0,0.0,-0.2,0.0,0.0,-0.1989675347273536,0.0,0.0,0.0,square,2,0.2,1.0,29,58,16.910001516342163,0.0
1779528388.1454108,0.0,0.0,-0.1989675347273536,0.0,0.0,0.0,-0.0792,1.2672,0.396,0.0,0.0,-0.2,0.0,0.0,-0.1989675347273536,0.0,0.0,0.0,square,2,0.2,1.0,29,58,16.920135736465454,0.0
1779528388.15541,0.0,0.0,-0.1989675347273536,0.0,0.0,0.0,0.0,1.3860000000000001,0.396,0.0,0.0,-0.2,0.0,0.0,-0.1989675347273536,0.004155545838081737,0.0,0.0,square,2,0.2,1.0,29,58,16.92999792098999,0.0
1779528388.1655197,0.0,0.0,-0.1989675347273536,0.004155545838081737,0.0,0.0,0.0,1.3860000000000001,0.35639999999999994,0.0,0.0,-0.2,0.0,0.0,-0.1989675347273536,0.0020777729190408684,0.0,0.0,square,2,0.2,1.0,29,58,16.93999719619751,0.0
1779528388.17541,0.0,0.0,-0.1989675347273536,0.0020777729190408684,0.0,0.0,0.0,1.1880000000000002,-0.4356,0.0,0.0,-0.2,0.0,0.0,-0.1989675347273536,0.0,0.0,0.0,square,2,0.2,1.0,29,58,16.950106859207153,0.0
1779528388.1854105,0.0,0.0,-0.1989675347273536,0.0,0.0,0.0,-0.0396,1.2276,0.35639999999999994,0.0,0.0,-0.2,0.0,0.0,-0.1989675347273536,0.0020777729190408684,0.0,0.0,square,2,0.2,1.0,29,58,16.959997177124023,0.0
1779528388.1955276,0.0,0.0,-0.1989675347273536,0.0020777729190408684,0.0,0.0,0.0,1.3068,-0.35639999999999994,0.0,0.0,-0.2,0.0,0.0,-0.1989675347273536,0.0,0.0,0.0,square,2,0.2,1.0,29,58,16.96999764442444,0.0
1779528388.2055259,0.0,0.0,-0.1989675347273536,0.0,0.0,0.0,0.0,1.2672,-0.198,0.0,0.0,-0.2,0.0,0.0,-0.1989675347273536,0.0,-0.0020777729190408684,0.0020777729190408684,square,2,0.2,1.0,29,58,16.980114698410034,0.0
1779528388.21541,0.0,0.0,-0.1989675347273536,0.0,-0.0020777729190408684,0.0020777729190408684,0.0,1.2672,-0.2376,0.0,0.0,-0.2,0.0,0.0,-0.1989675347273536,-0.0020777729190408684,0.0,0.0,square,2,0.2,1.0,29,58,16.990113019943237,0.0
1779528388.2254138,0.0,0.0,-0.1989675347273536,-0.0020777729190408684,0.0,0.0,0.0,1.1880000000000002,-0.2376,0.0,0.0,-0.2,0.0,0.0,-0.1989675347273536,0.0,0.0,0.0,square,2,0.2,1.0,29,58,16.99999713897705,0.0
1779528388.2354112,0.0,0.0,-0.1989675347273536,0.0,0.0,0.0,-0.0396,1.3464,-0.198,0.0,0.0,0.2,0.0,0.0,-0.1989675347273536,0.0020777729190408684,0.0,0.0,square,2,0.2,1.0,29,58,17.010000944137573,0.0
1779528388.2455316,0.0,0.0,-0.1989675347273536,0.0020777729190408684,0.0,0.0,-0.0792,1.3464,-0.27720000000000006,0.0,0.0,0.2,0.0,0.0,-0.1989675347273536,0.0,0.0,0.0,square,2,0.2,1.0,29,58,17.01999831199646,0.0
1779528388.2554126,0.0,0.0,-0.1989675347273536,0.0,0.0,0.0,-0.0792,1.3068,0.27720000000000006,0.0,0.0,0.2,0.0,0.0,-0.1989675347273536,0.0020777729190408684,0.0,0.0020777729190408684,square,2,0.2,1.0,29,58,17.030118703842163,0.0
1779528388.2655346,0.0,0.0,-0.1989675347273536,0.0020777729190408684,0.0,0.0020777729190408684,-0.1188,-1.0296,1.782,0.0,0.0,0.2,0.0,0.0,-0.1832595714594046,0.0,0.0,1.358863489052728,square,2,0.2,1.0,29,58,17.03999972343445,0.0
1779528388.275414,0.0,0.0,-0.1832595714594046,0.0,0.0,1.358863489052728,-1.1483999999999999,0.6336,1.4255999999999998,0.0,0.0,0.2,0.0,0.0,-0.15358897417550102,0.0,0.0,2.7447380260529872,square,2,0.2,1.0,29,58,17.050121784210205,0.0
1779528388.2855303,0.0,0.0,-0.15358897417550102,0.0,0.0,2.7447380260529872,0.2376,1.1483999999999999,7.365600000000001,0.0,0.0,0.2,0.0,0.0,-0.10995574287564278,-0.0020777729190408684,0.0,3.9914017774775084,square,2,0.2,1.0,29,58,17.060001134872437,0.0
1779528388.295412,0.0,0.0,-0.10995574287564278,-0.0020777729190408684,0.0,3.9914017774775084,0.198,1.3068,1.1483999999999999,0.0,0.0,0.2,0.0,0.0,-0.06283185307179587,-0.004155545838081737,0.0,4.575255967727992,square,2,0.2,1.0,29,58,17.070117473602295,0.0
1779528388.3055859,0.0,0.0,-0.06283185307179587,-0.004155545838081737,0.0,4.575255967727992,0.2376,1.3068,0.0,0.0,0.0,0.2,0.0,0.0,-0.017453292519943295,-0.0020777729190408684,0.0,4.508767234318684,square,2,0.2,1.0,29,58,17.079999208450317,0.0
1779528388.315411,0.0,0.0,-0.017453292519943295,-0.0020777729190408684,0.0,4.508767234318684,0.0,1.4652,-3.0888,0.0,0.0,0.2,0.0,0.0,0.017453292519943295,0.0,-0.0020777729190408684,3.8563465377398516,square,2,0.2,1.0,29,58,17.09017300605774,0.0
1779528388.3255105,0.0,0.0,0.017453292519943295,0.0,-0.0020777729190408684,3.8563465377398516,0.0,1.2276,-0.5940000000000001,0.0,0.0,0.2,0.0,0.0,0.048869219055841226,0.0020777729190408684,0.0,3.282881212084572,square,2,0.2,1.0,29,58,17.099998235702515,0.0
1779528388.3356137,0.0,0.0,0.048869219055841226,0.0020777729190408684,0.0,3.282881212084572,-0.0396,1.2276,-0.0792,0.0,0.0,0.2,0.0,0.0,0.07679448708775051,0.004155545838081737,0.0,2.8340822615717443,square,2,0.2,1.0,29,58,17.110097646713257,0.0
1779528388.3454127,0.0,0.0,0.07679448708775051,0.004155545838081737,0.0,2.8340822615717443,-0.0396,1.4652,-1.1088000000000002,0.0,0.0,0.2,0.0,0.0,0.0994837673636768,0.0,-0.0020777729190408684,2.36866112770659,square,2,0.2,1.0,29,58,17.120200872421265,0.0
1779528388.355568,0.0,0.0,0.0994837673636768,0.0,-0.0020777729190408684,2.36866112770659,0.0,1.3464,0.0396,0.0,0.0,0.2,0.0,0.0,0.11868238913561442,0.0,0.0,1.9780398189269066,square,2,0.2,1.0,29,58,17.12999987602234,0.0
1779528388.3654304,0.0,0.0,0.11868238913561442,0.0,0.0,1.9780398189269066,0.0,1.2276,-0.5940000000000001,0.0,0.0,0.2,0.0,0.0,0.1343903524035634,0.0,0.0,1.6372850602042042,square,2,0.2,1.0,29,58,17.14015507698059,0.0
1779528388.37555,0.0,0.0,0.1343903524035634,0.0,0.0,1.6372850602042042,0.0,1.3464,0.0,0.0,0.0,0.2,0.0,0.0,0.1466076571675237,0.0,0.0,1.3609412619717687,square,2,0.2,1.0,29,58,17.150017499923706,0.0
1779528388.3855817,0.0,0.0,0.1466076571675237,0.0,0.0,1.3609412619717687,-0.0396,1.3464,-0.0396,0.0,0.0,0.2,0.0,0.0,0.15707963267948966,0.0,0.0,1.1178418304439872,square,2,0.2,1.0,29,58,17.160137176513672,0.0
1779528388.3956122,0.0,0.0,0.15707963267948966,0.0,0.0,1.1178418304439872,-0.0396,1.2672,0.198,0.0,0.0,0.2,0.0,0.0,0.1658062789394613,-0.0020777729190408684,0.0020777729190408684,0.9121423114589412,square,2,0.2,1.0,29,58,17.17016887664795,0.0
1779528388.4054136,0.0,0.0,0.1658062789394613,-0.0020777729190408684,0.0020777729190408684,0.9121423114589412,0.0,1.3464,0.0,0.0,0.0,0.2,0.0,0.0,0.17278759594743864,0.0,0.0,0.74176493209759,square,2,0.2,1.0,29,58,17.18019938468933,0.0
1779528388.4154582,0.0,0.0,0.17278759594743864,0.0,0.0,0.74176493209759,0.0,1.4255999999999998,-0.2376,0.0,0.0,0.2,0.0,0.0,0.17802358370342164,-0.0020777729190408684,0.0,0.59839860068377,square,2,0.2,1.0,29,58,17.190000772476196,0.0
1779528388.4254146,0.0,0.0,0.17802358370342164,-0.0020777729190408684,0.0,0.59839860068377,-0.0396,1.3068,0.3168,0.0,0.0,0.2,0.0,0.0,0.1832595714594046,0.0,0.0,0.4841210901365223,square,2,0.2,1.0,29,58,17.200045347213745,0.0
1779528388.435591,0.0,0.0,0.1832595714594046,0.0,0.0,0.4841210901365223,0.0,1.4255999999999998,0.27720000000000006,0.0,0.0,0.2,0.0,0.0,0.1867502299633933,0.0020777729190408684,0.0,0.38438799002256063,square,2,0.2,1.0,29,58,17.210001707077026,0.0
1779528388.445411,0.0,0.0,0.1867502299633933,0.0020777729190408684,0.0,0.38438799002256063,0.0,1.3464,-0.1584,0.0,0.0,0.2,0.0,0.0,0.19024088846738194,0.0020777729190408684,0.0,0.30543261909900765,square,2,0.2,1.0,29,58,17.22017812728882,0.0
1779528388.455587,0.0,0.0,0.19024088846738194,0.0020777729190408684,0.0,0.30543261909900765,-0.0792,1.3068,0.1188,0.0,0.0,0.2,0.0,0.0,0.19198621771937624,0.0020777729190408684,0.0,0.23894388568969988,square,2,0.2,1.0,29,58,17.229998111724854,0.0
1779528388.46541,0.0,0.0,0.19198621771937624,0.0020777729190408684,0.0,0.23894388568969988,-0.0396,1.3464,0.5544000000000001,0.0,0.0,0.2,0.0,0.0,0.1937315469713706,0.0,0.0,0.1973884273088825,square,2,0.2,1.0,29,58,17.240174055099487,0.0
1779528388.4756072,0.0,0.0,0.1937315469713706,0.0,0.0,0.1973884273088825,0.0396,1.3860000000000001,0.396,0.0,0.0,0.2,0.0,0.0,0.1954768762233649,0.0,0.0,0.14752187725190166,square,2,0.2,1.0,29,58,17.24999713897705,0.0
1779528388.4854176,0.0,0.0,0.1954768762233649,0.0,0.0,0.14752187725190166,-0.0396,1.4255999999999998,0.4356,0.0,0.0,0.2,0.0,0.0,0.1954768762233649,0.0,0.0,0.11427751054724776,square,2,0.2,1.0,29,58,17.260194301605225,0.0
1779528388.4955611,0.0,0.0,0.1954768762233649,0.0,0.0,0.11427751054724776,-0.0396,1.4255999999999998,0.5940000000000001,0.0,0.0,0.2,0.0,0.0,0.19722220547535924,0.0,0.0020777729190408684,0.0851886896806756,square,2,0.2,1.0,29,58,17.270004749298096,0.0
1779528388.5055387,0.0,0.0,0.19722220547535924,0.0,0.0020777729190408684,0.0851886896806756,0.0,1.3464,0.5544000000000001,0.0,0.0,0.2,0.0,0.0,0.19722220547535924,0.0,0.0020777729190408684,0.0851886896806756,square,2,0.2,1.0,29,58,17.28014826774597,0.0
1779528388.5154116,0.0,0.0,0.19722220547535924,0.0,0.0020777729190408684,0.0851886896806756,0.0,1.3464,0.5544000000000001,0.0,0.0,0.2,0.0,0.0,0.19722220547535924,0.0,0.0,0.06441096049026691,square,2,0.2,1.0,29,58,17.290125846862793,0.0
1779528388.5254107,0.0,0.0,0.19722220547535924,0.0,0.0,0.06441096049026691,0.0,1.4255999999999998,0.0,0.0,0.0,0.2,0.0,0.0,0.1989675347273536,0.0,0.0,0.033244366704653895,square,2,0.2,1.0,29,58,17.29999876022339,0.0
1779528388.535601,0.0,0.0,0.1989675347273536,0.0,0.0,0.033244366704653895,-0.0792,1.3068,0.4752,0.0,0.0,0.2,0.0,0.0,0.1989675347273536,0.0,0.0,0.03739991254273563,square,2,0.2,1.0,29,58,17.30999779701233,0.0
1779528388.5454152,0.0,0.0,0.1989675347273536,0.0,0.0,0.03739991254273563,-0.0792,1.5444,0.0,0.0,0.0,0.2,0.0,0.0,0.1989675347273536,0.0,0.0,0.029088820866572156,square,2,0.2,1.0,29,58,17.32018804550171,0.0
1779528388.5555625,0.0,0.0,0.1989675347273536,0.0,0.0,0.029088820866572156,-0.0792,1.3860000000000001,-0.0396,0.0,0.0,0.2,0.0,0.0,0.1989675347273536,0.0,0.0,0.016622183352326948,square,2,0.2,1.0,29,58,17.330002307891846,0.0
1779528388.5654135,0.0,0.0,0.1989675347273536,0.0,0.0,0.016622183352326948,-0.0396,1.4255999999999998,0.0,0.0,0.0,0.2,0.0,0.0,0.1989675347273536,0.0,0.0,0.006233318757122605,square,2,0.2,1.0,29,58,17.340149641036987,0.0
1779528388.5755541,0.0,0.0,0.1989675347273536,0.0,0.0,0.006233318757122605,-0.0396,1.3068,0.0792,0.0,0.0,0.2,0.0,0.0,0.1989675347273536,0.0,0.0,0.008311091676163474,square,2,0.2,1.0,29,58,17.350000619888306,0.0
1779528388.585413,0.0,0.0,0.1989675347273536,0.0,0.0,0.008311091676163474,-0.0396,1.3860000000000001,0.0396,0.0,0.0,0.2,0.0,0.0,0.1989675347273536,-0.0020777729190408684,0.0,0.0020777729190408684,square,2,0.2,1.0,29,58,17.360141277313232,0.0
1779528388.595571,0.0,0.0,0.1989675347273536,-0.0020777729190408684,0.0,0.0020777729190408684,0.0,1.4255999999999998,0.0792,0.0,0.0,0.2,0.0,0.0,0.1989675347273536,0.0,0.0,0.0020777729190408684,square,2,0.2,1.0,29,58,17.37000012397766,0.0
1779528388.605518,0.0,0.0,0.1989675347273536,0.0,0.0,0.0020777729190408684,-0.0396,1.5444,0.0792,0.0,0.0,0.2,0.0,0.0,0.1989675347273536,0.0,0.0,0.0,square,2,0.2,1.0,29,58,17.380158185958862,0.0
1779528388.615413,0.0,0.0,0.1989675347273536,0.0,0.0,0.0,-0.0396,1.4255999999999998,0.0,0.0,0.0,0.2,0.0,0.0,0.1989675347273536,0.0,0.0,0.0,square,2,0.2,1.0,29,58,17.39010524749756,0.0
1779528388.625407,0.0,0.0,0.1989675347273536,0.0,0.0,0.0,-0.0792,1.5444,0.0792,0.0,0.0,0.2,0.0,0.0,0.1989675347273536,0.0,0.0,0.0,square,2,0.2,1.0,29,58,17.40000009536743,0.0
1779528388.6355386,0.0,0.0,0.1989675347273536,0.0,0.0,0.0,-0.1188,1.3860000000000001,0.0792,0.0,0.0,0.2,0.0,0.0,0.1989675347273536,0.0,0.0,0.0,square,2,0.2,1.0,29,58,17.40999412536621,0.0
1779528388.6454113,0.0,0.0,0.1989675347273536,0.0,0.0,0.0,-0.1188,1.3860000000000001,0.0792,0.0,0.0,0.2,0.0,0.0,0.1989675347273536,0.0,0.0,0.0,square,2,0.2,1.0,29,58,17.420125722885132,0.0
1779528388.6555755,0.0,0.0,0.1989675347273536,0.0,0.0,0.0,-0.1584,1.4255999999999998,0.0396,0.0,0.0,0.2,0.0,0.0,0.1989675347273536,0.0,0.0,0.0,square,2,0.2,1.0,29,58,17.42999839782715,0.0
1779528388.66554,0.0,0.0,0.1989675347273536,0.0,0.0,0.0,-0.1584,1.3860000000000001,-0.0396,0.0,0.0,0.2,0.0,0.0,0.1989675347273536,0.0,0.0,0.0,square,2,0.2,1.0,29,58,17.440162658691406,0.0
1779528388.6754103,0.0,0.0,0.1989675347273536,0.0,0.0,0.0,-0.0396,1.5048000000000001,0.0792,0.0,0.0,0.2,0.0,0.0,0.1989675347273536,-0.0020777729190408684,0.0,0.0,square,2,0.2,1.0,29,58,17.450127124786377,0.0
1779528388.6854136,0.0,0.0,0.1989675347273536,-0.0020777729190408684,0.0,0.0,0.0,1.4652,0.0,0.0,0.0,0.2,0.0,0.0,0.1989675347273536,-0.0020777729190408684,0.0,0.0,square,2,0.2,1.0,29,58,17.459997415542603,0.0
1779528388.6954124,0.0,0.0,0.1989675347273536,-0.0020777729190408684,0.0,0.0,0.0,1.3860000000000001,-0.0396,0.0,0.0,0.2,0.0,0.0,0.1989675347273536,0.0,-0.0020777729190408684,-0.0020777729190408684,square,2,0.2,1.0,29,58,17.470000743865967,0.0
1779528388.7054071,0.0,0.0,0.1989675347273536,0.0,-0.0020777729190408684,-0.0020777729190408684,0.0,1.5444,0.0792,0.0,0.0,0.2,0.0,0.0,0.1989675347273536,-0.0020777729190408684,0.0,0.0,square,2,0.2,1.0,29,58,17.479999542236328,0.0
1779528388.715414,0.0,0.0,0.1989675347273536,-0.0020777729190408684,0.0,0.0,0.0,1.4652,0.0792,0.0,0.0,0.2,0.0,0.0,0.1989675347273536,0.0,0.0,-0.0020777729190408684,square,2,0.2,1.0,29,58,17.489994287490845,0.0
1779528388.7254107,0.0,0.0,0.1989675347273536,0.0,0.0,-0.0020777729190408684,-0.1188,1.5444,0.0792,0.0,0.0,-0.2,0.0,0.0,0.1989675347273536,0.004155545838081737,0.0,0.0,square,2,0.2,1.0,29,58,17.500001192092896,0.0
1779528388.73541,0.0,0.0,0.1989675347273536,0.004155545838081737,0.0,0.0,0.198,1.4652,0.0792,0.0,0.0,-0.2,0.0,0.0,0.1989675347273536,0.004155545838081737,0.0,0.0,square,2,0.2,1.0,29,58,17.509997844696045,0.0
1779528388.7454107,0.0,0.0,0.1989675347273536,0.004155545838081737,0.0,0.0,0.198,1.4255999999999998,0.1584,0.0,0.0,-0.2,0.0,0.0,0.1989675347273536,0.0020777729190408684,0.0,0.0,square,2,0.2,1.0,29,58,17.519997119903564,0.0
1779528388.7554147,0.0,0.0,0.1989675347273536,0.0020777729190408684,0.0,0.0,0.0792,1.0692,1.9404,0.0,0.0,-0.2,0.0,0.0,0.1832595714594046,0.0020777729190408684,-0.004155545838081737,-1.3463968515384828,square,2,0.2,1.0,29,58,17.52999782562256,0.0
1779528388.7654111,0.0,0.0,0.1832595714594046,0.0020777729190408684,-0.004155545838081737,-1.3463968515384828,1.2672,0.6336,1.0692,0.0,0.0,-0.2,0.0,0.0,0.15358897417550102,0.0,-0.006233318757122605,-2.7509713448101096,square,2,0.2,1.0,29,58,17.54000186920166,0.0
1779528388.77541,0.0,0.0,0.15358897417550102,0.0,-0.006233318757122605,-2.7509713448101096,0.2376,0.9107999999999999,4.6331999999999995,0.0,0.0,-0.2,0.0,0.0,0.10995574287564278,0.0020777729190408684,0.0,-3.9581574107728543,square,2,0.2,1.0,29,58,17.54999828338623,0.0
1779528388.7854123,0.0,0.0,0.10995574287564278,0.0020777729190408684,0.0,-3.9581574107728543,0.0,1.2672,2.1780000000000004,0.0,0.0,-0.2,0.0,0.0,0.06457718232379019,0.0,0.0,-4.533700509347175,square,2,0.2,1.0,29,58,17.559997081756592,0.0
1779528388.7954113,0.0,0.0,0.06457718232379019,0.0,0.0,-4.533700509347175,0.4356,1.1880000000000002,0.0,0.0,0.0,-0.2,0.0,0.0,0.017453292519943295,-0.0020777729190408684,0.004155545838081737,-4.558633784375665,square,2,0.2,1.0,29,58,17.56999945640564,0.0
1779528388.8054106,0.0,0.0,0.017453292519943295,-0.0020777729190408684,0.004155545838081737,-4.558633784375665,-0.198,1.782,-3.6431999999999998,0.0,0.0,-0.2,0.0,0.0,-0.017453292519943295,-0.004155545838081737,0.008311091676163474,-3.881279812768342,square,2,0.2,1.0,29,58,17.57999849319458,0.0
1779528388.8154087,0.0,0.0,-0.017453292519943295,-0.004155545838081737,0.008311091676163474,-3.881279812768342,-0.0396,1.7028,-0.8316,0.0,0.0,-0.2,0.0,0.0,-0.048869219055841226,-0.0020777729190408684,0.004155545838081737,-3.2911923037607353,square,2,0.2,1.0,29,58,17.5899977684021,0.0
1779528388.8254776,0.0,0.0,-0.048869219055841226,-0.0020777729190408684,0.004155545838081737,-3.2911923037607353,0.0792,1.4255999999999998,-0.396,0.0,0.0,-0.2,0.0,0.0,-0.048869219055841226,-0.0020777729190408684,0.004155545838081737,-3.2911923037607353,square,2,0.2,1.0,29,58,17.599995851516724,0.0
1779528388.8354144,0.0,0.0,-0.048869219055841226,-0.0020777729190408684,0.004155545838081737,-3.2911923037607353,0.0792,1.4255999999999998,-0.396,0.0,0.0,-0.2,0.0,0.0,-0.0994837673636768,0.0,0.0,-2.3811277652208354,square,2,0.2,1.0,29,58,17.61006474494934,0.0
1779528388.8454144,0.0,0.0,-0.0994837673636768,0.0,0.0,-2.3811277652208354,0.0,1.2672,0.0396,0.0,0.0,-0.2,0.0,0.0,-0.11868238913561442,0.0020777729190408684,-0.0020777729190408684,-1.9821953647649884,square,2,0.2,1.0,29,58,17.620001554489136,0.0
1779528388.8554137,0.0,0.0,-0.11868238913561442,0.0020777729190408684,-0.0020777729190408684,-1.9821953647649884,0.0,1.2672,-0.35639999999999994,0.0,0.0,-0.2,0.0,0.0,-0.1343903524035634,0.0,0.0,-1.6497516977184494,square,2,0.2,1.0,29,58,17.630001544952393,0.0
1779528388.8654115,0.0,0.0,-0.1343903524035634,0.0,0.0,-1.6497516977184494,-0.1584,1.4652,-0.0792,0.0,0.0,-0.2,0.0,0.0,-0.1466076571675237,0.0,-0.0020777729190408684,-1.358863489052728,square,2,0.2,1.0,29,58,17.640000820159912,0.0
1779528388.875408,0.0,0.0,-0.1466076571675237,0.0,-0.0020777729190408684,-1.358863489052728,-0.1188,1.3464,0.0,0.0,0.0,-0.2,0.0,0.0,-0.15707963267948966,0.0,-0.0020777729190408684,-1.1178418304439872,square,2,0.2,1.0,29,58,17.649998664855957,0.0
1779528388.8854132,0.0,0.0,-0.15707963267948966,0.0,-0.0020777729190408684,-1.1178418304439872,-0.1188,1.3860000000000001,0.1584,0.0,0.0,-0.2,0.0,0.0,-0.1658062789394613,0.0,0.0,-0.9100645385399003,square,2,0.2,1.0,29,58,17.659995079040527,0.0
1779528388.8954132,0.0,0.0,-0.1658062789394613,0.0,0.0,-0.9100645385399003,-0.0792,1.4255999999999998,-0.27720000000000006,0.0,0.0,-0.2,0.0,0.0,-0.17278759594743864,0.0,0.0,-0.7376093862595082,square,2,0.2,1.0,29,58,17.670000314712524,0.0
1779528388.9056413,0.0,0.0,-0.17278759594743864,0.0,0.0,-0.7376093862595082,-0.1188,1.3860000000000001,0.198,0.0,0.0,-0.2,0.0,0.0,-0.17802358370342164,0.0,0.0020777729190408684,-0.5963208277647293,square,2,0.2,1.0,29,58,17.68000030517578,0.0
1779528388.91541,0.0,0.0,-0.17802358370342164,0.0,0.0020777729190408684,-0.5963208277647293,-0.1188,1.3068,-0.0792,0.0,0.0,-0.2,0.0,0.0,-0.1832595714594046,-0.0020777729190408684,0.0,-0.49035440889364496,square,2,0.2,1.0,29,58,17.69022846221924,0.0
1779528388.9254124,0.0,0.0,-0.1832595714594046,-0.0020777729190408684,0.0,-0.49035440889364496,-0.0792,1.4255999999999998,0.1584,0.0,0.0,-0.2,0.0,0.0,-0.1867502299633933,0.0,0.0,-0.37192135250831543,square,2,0.2,1.0,29,58,17.699997186660767,0.0
1779528388.935631,0.0,0.0,-0.1867502299633933,0.0,0.0,-0.37192135250831543,0.0,1.4255999999999998,0.35639999999999994,0.0,0.0,-0.2,0.0,0.0,-0.19024088846738194,-0.0020777729190408684,0.0,-0.3116659378561303,square,2,0.2,1.0,29,58,17.709999561309814,0.0
1779528388.945512,0.0,0.0,-0.19024088846738194,-0.0020777729190408684,0.0,-0.3116659378561303,0.0,1.3068,-0.198,0.0,0.0,-0.2,0.0,0.0,-0.19198621771937624,0.0,0.0,-0.22647724817545464,square,2,0.2,1.0,29,58,17.720218181610107,0.0
1779528388.955569,0.0,0.0,-0.19198621771937624,0.0,0.0,-0.22647724817545464,0.0396,1.5048000000000001,0.4356,0.0,0.0,-0.2,0.0,0.0,-0.1937315469713706,0.004155545838081737,0.0,-0.19323288147080075,square,2,0.2,1.0,29,58,17.730099201202393,0.0
1779528388.9655054,0.0,0.0,-0.1937315469713706,0.004155545838081737,0.0,-0.19323288147080075,-0.1188,1.5048000000000001,0.2376,0.0,0.0,-0.2,0.0,0.0,-0.1954768762233649,0.0020777729190408684,0.0,-0.15583296892806514,square,2,0.2,1.0,29,58,17.740156173706055,0.0
1779528388.9755385,0.0,0.0,-0.1954768762233649,0.0020777729190408684,0.0,-0.15583296892806514,-0.2376,1.4652,0.1584,0.0,0.0,-0.2,0.0,0.0,-0.1954768762233649,0.0,0.0,-0.11635528346628862,square,2,0.2,1.0,29,58,17.75009250640869,0.0
1779528388.9854152,0.0,0.0,-0.1954768762233649,0.0,0.0,-0.11635528346628862,0.198,1.3860000000000001,0.4356,0.0,0.0,-0.2,0.0,0.0,-0.19722220547535924,0.0,-0.0020777729190408684,-0.07687759800451213,square,2,0.2,1.0,29,58,17.760125637054443,0.0
1779528388.9954162,0.0,0.0,-0.19722220547535924,0.0,-0.0020777729190408684,-0.07687759800451213,0.2376,1.3464,0.7524000000000001,0.0,0.0,-0.2,0.0,0.0,-0.19722220547535924,-0.0020777729190408684,0.0,-0.05402209589506258,square,2,0.2,1.0,29,58,17.770002365112305,0.0
1779528389.0054133,0.0,0.0,-0.19722220547535924,-0.0020777729190408684,0.0,-0.05402209589506258,-0.1188,1.3464,0.9107999999999999,0.0,0.0,-0.2,0.0,0.0,-0.19722220547535924,-0.004155545838081737,0.0,-0.04986655005698084,square,2,0.2,1.0,29,58,17.780003309249878,0.0
1779528389.0155227,0.0,0.0,-0.19722220547535924,-0.004155545838081737,0.0,-0.04986655005698084,0.0,1.4652,0.6336,0.0,0.0,-0.2,0.0,0.0,-0.1989675347273536,-0.004155545838081737,0.0020777729190408684,-0.03739991254273563,square,2,0.2,1.0,29,58,17.790000438690186,0.0
1779528389.025415,0.0,0.0,-0.1989675347273536,-0.004155545838081737,0.0020777729190408684,-0.03739991254273563,-0.0792,1.4255999999999998,0.6336,0.0,0.0,-0.2,0.0,0.0,-0.1989675347273536,0.0,0.0,-0.022855502109449553,square,2,0.2,1.0,29,58,17.80010986328125,0.0
1779528389.0354125,0.0,0.0,-0.1989675347273536,0.0,0.0,-0.022855502109449553,0.0,1.3860000000000001,0.792,0.0,0.0,-0.2,0.0,0.0,-0.1989675347273536,0.0020777729190408684,0.0,-0.018699956271367814,square,2,0.2,1.0,29,58,17.810002088546753,0.0
1779528389.0454128,0.0,0.0,-0.1989675347273536,0.0020777729190408684,0.0,-0.018699956271367814,-0.0396,1.3860000000000001,0.6732,0.0,0.0,-0.2,0.0,0.0,-0.1989675347273536,0.0020777729190408684,0.0,-0.02493327502849042,square,2,0.2,1.0,29,58,17.81999969482422,0.0
1779528389.0554152,0.0,0.0,-0.1989675347273536,0.0020777729190408684,0.0,-0.02493327502849042,-0.1584,1.3068,0.198,0.0,0.0,-0.2,0.0,0.0,-0.1989675347273536,0.006233318757122605,0.0,-0.01246663751424521,square,2,0.2,1.0,29,58,17.829999923706055,0.0
1779528389.0655286,0.0,0.0,-0.1989675347273536,0.006233318757122605,0.0,-0.01246663751424521,0.198,1.2672,0.3168,0.0,0.0,-0.2,0.0,0.0,-0.1989675347273536,0.0,0.0,-0.008311091676163474,square,2,0.2,1.0,29,58,17.840002298355103,0.0
1779528389.075413,0.0,0.0,-0.1989675347273536,0.0,0.0,-0.008311091676163474,-0.2376,1.4255999999999998,0.396,0.0,0.0,-0.2,0.0,0.0,-0.1989675347273536,0.0,0.0020777729190408684,-0.0020777729190408684,square,2,0.2,1.0,29,58,17.85011577606201,0.0
1779528389.0855389,0.0,0.0,-0.1989675347273536,0.0,0.0020777729190408684,-0.0020777729190408684,-0.1584,1.4255999999999998,0.35639999999999994,0.0,0.0,-0.2,0.0,0.0,-0.1989675347273536,0.0,0.0,-0.0020777729190408684,square,2,0.2,1.0,29,58,17.860000133514404,0.0
1779528389.0954146,0.0,0.0,-0.1989675347273536,0.0,0.0,-0.0020777729190408684,-0.1188,1.4255999999999998,0.396,0.0,0.0,-0.2,0.0,0.0,-0.1989675347273536,-0.0020777729190408684,0.0020777729190408684,0.0,square,2,0.2,1.0,29,58,17.870126008987427,0.0
1779528389.105413,0.0,0.0,-0.1989675347273536,-0.0020777729190408684,0.0020777729190408684,0.0,-0.0396,1.3464,0.396,0.0,0.0,-0.2,0.0,0.0,-0.1989675347273536,0.0,0.0,0.0,square,2,0.2,1.0,29,58,17.88000178337097,0.0
1779528389.1156101,0.0,0.0,-0.1989675347273536,0.0,0.0,0.0,-0.0396,1.2276,0.3168,0.0,0.0,-0.2,0.0,0.0,-0.1989675347273536,0.0,0.0,0.0,square,2,0.2,1.0,29,58,17.890000104904175,0.0
1779528389.1254506,0.0,0.0,-0.1989675347273536,0.0,0.0,0.0,-0.0396,1.3860000000000001,0.396,0.0,0.0,-0.2,0.0,0.0,-0.1989675347273536,-0.0020777729190408684,0.0,0.0,square,2,0.2,1.0,29,58,17.90019726753235,0.0
1779528389.1354115,0.0,0.0,-0.1989675347273536,-0.0020777729190408684,0.0,0.0,0.0,1.3068,0.396,0.0,0.0,-0.2,0.0,0.0,-0.1989675347273536,0.0,0.0,0.0,square,2,0.2,1.0,29,58,17.910037755966187,0.0
1779528389.1454136,0.0,0.0,-0.1989675347273536,0.0,0.0,0.0,-0.0396,1.4255999999999998,0.198,0.0,0.0,-0.2,0.0,0.0,-0.1989675347273536,0.0,0.0,0.0,square,2,0.2,1.0,29,58,17.91999864578247,0.0
1779528389.1554127,0.0,0.0,-0.1989675347273536,0.0,0.0,0.0,-0.0396,1.2276,0.2376,0.0,0.0,-0.2,0.0,0.0,-0.1989675347273536,0.0020777729190408684,0.0,0.0,square,2,0.2,1.0,29,58,17.93000078201294,0.0
1779528389.1654124,0.0,0.0,-0.1989675347273536,0.0020777729190408684,0.0,0.0,-0.1584,1.3068,-0.1584,0.0,0.0,-0.2,0.0,0.0,-0.1989675347273536,0.0,0.0,0.0,square,2,0.2,1.0,29,58,17.93999981880188,0.0
1779528389.175414,0.0,0.0,-0.1989675347273536,0.0,0.0,0.0,-0.1584,1.2276,0.27720000000000006,0.0,0.0,-0.2,0.0,0.0,-0.1989675347273536,0.0,0.0020777729190408684,0.0,square,2,0.2,1.0,29,58,17.949999570846558,0.0
1779528389.1854124,0.0,0.0,-0.1989675347273536,0.0,0.0020777729190408684,0.0,-0.198,1.4255999999999998,-0.198,0.0,0.0,-0.2,0.0,0.0,-0.1989675347273536,0.0,0.0,0.0020777729190408684,square,2,0.2,1.0,29,58,17.960001230239868,0.0
1779528389.195528,0.0,0.0,-0.1989675347273536,0.0,0.0,0.0020777729190408684,-0.1584,1.2276,-0.1188,0.0,0.0,-0.2,0.0,0.0,-0.1989675347273536,0.0,0.0,0.0,square,2,0.2,1.0,29,58,17.96999955177307,0.0
1779528389.2054124,0.0,0.0,-0.1989675347273536,0.0,0.0,0.0,-0.0792,1.4255999999999998,-0.1188,0.0,0.0,-0.2,0.0,0.0,-0.1989675347273536,-0.0020777729190408684,0.0020777729190408684,-0.0020777729190408684,square,2,0.2,1.0,29,58,17.980115175247192,0.0
1779528389.2154102,0.0,0.0,-0.1989675347273536,-0.0020777729190408684,0.0020777729190408684,-0.0020777729190408684,-0.0396,1.1880000000000002,-0.1584,0.0,0.0,-0.2,0.0,0.0,-0.1989675347273536,0.0,0.0,0.0,square,2,0.2,1.0,29,58,17.989999532699585,0.0
1779528389.2254155,0.0,0.0,-0.1989675347273536,0.0,0.0,0.0,0.0,1.2672,-0.0792,0.0,0.0,-0.2,0.0,0.0,-0.1989675347273536,0.0,0.0,0.0020777729190408684,square,2,0.2,1.0,29,58,17.99999737739563,0.0
1779528389.2354126,0.0,0.0,-0.1989675347273536,0.0,0.0,0.0020777729190408684,0.0,1.3068,-0.1584,0.0,0.0,0.2,0.0,0.0,-0.1989675347273536,0.0,0.0,0.0020777729190408684,square,2,0.2,1.0,29,58,18.010002613067627,0.0
1779528389.2454097,0.0,0.0,-0.1989675347273536,0.0,0.0,0.0020777729190408684,0.0,1.3068,-0.1584,0.0,0.0,0.2,0.0,0.0,-0.1989675347273536,0.0020777729190408684,0.0,0.0,square,2,0.2,1.0,29,58,18.019999742507935,0.0
1779528389.255414,0.0,0.0,-0.1989675347273536,0.0020777729190408684,0.0,0.0,-0.1188,1.1880000000000002,-0.1584,0.0,0.0,0.2,0.0,0.0,-0.1989675347273536,0.004155545838081737,0.0,0.0,square,2,0.2,1.0,29,58,18.029996871948242,0.0
1779528389.2654154,0.0,0.0,-0.1989675347273536,0.004155545838081737,0.0,0.0,0.0396,1.782,2.0196,0.0,0.0,0.2,0.0,0.0,-0.1832595714594046,0.0,0.0020777729190408684,1.3547079432146463,square,2,0.2,1.0,29,58,18.040001153945923,0.0
1779528389.2754862,0.0,0.0,-0.1832595714594046,0.0,0.0020777729190408684,1.3547079432146463,-0.9107999999999999,0.9504,1.5048000000000001,0.0,0.0,0.2,0.0,0.0,-0.15358897417550102,0.0,0.004155545838081737,2.7405824802149055,square,2,0.2,1.0,29,58,18.050002574920654,0.0
1779528389.2854216,0.0,0.0,-0.15358897417550102,0.0,0.004155545838081737,2.7405824802149055,0.0396,0.99,7.0488,0.0,0.0,0.2,0.0,0.0,-0.10995574287564278,0.0,0.0,4.001790642072712,square,2,0.2,1.0,29,58,18.060073375701904,0.0
1779528389.295868,0.0,0.0,-0.10995574287564278,0.0,0.0,4.001790642072712,0.0792,1.3464,1.0296,0.0,0.0,0.2,0.0,0.0,-0.10995574287564278,0.0,0.0,4.001790642072712,square,2,0.2,1.0,29,58,18.070008754730225,0.0
1779528389.3054128,0.0,0.0,-0.10995574287564278,0.0,0.0,4.001790642072712,0.0792,1.3464,1.0296,0.0,0.0,0.2,0.0,0.0,-0.017453292519943295,0.0,0.0,4.502533915561561,square,2,0.2,1.0,29,58,18.08045506477356,0.0
1779528389.315574,0.0,0.0,-0.017453292519943295,0.0,0.0,4.502533915561561,0.0396,1.4652,-3.2076000000000002,0.0,0.0,0.2,0.0,0.0,0.017453292519943295,0.0,-0.0020777729190408684,3.8584243106588927,square,2,0.2,1.0,29,58,18.08999991416931,0.0
1779528389.3254154,0.0,0.0,0.017453292519943295,0.0,-0.0020777729190408684,3.8584243106588927,0.0792,1.1483999999999999,-1.1088000000000002,0.0,0.0,0.2,0.0,0.0,0.048869219055841226,0.0020777729190408684,0.0,3.2766478933274494,square,2,0.2,1.0,29,58,18.10016107559204,0.0
1779528389.335536,0.0,0.0,0.048869219055841226,0.0020777729190408684,0.0,3.2766478933274494,-0.1584,1.1088000000000002,0.1584,0.0,0.0,0.2,0.0,0.0,0.07679448708775051,0.004155545838081737,0.0,2.8320044886527036,square,2,0.2,1.0,29,58,18.110002517700195,0.0
1779528389.3454137,0.0,0.0,0.07679448708775051,0.004155545838081737,0.0,2.8320044886527036,0.198,1.2672,-1.0692,0.0,0.0,0.2,0.0,0.0,0.0994837673636768,0.0,0.0,2.366583354787549,square,2,0.2,1.0,29,58,18.120123147964478,0.0
1779528389.3554144,0.0,0.0,0.0994837673636768,0.0,0.0,2.366583354787549,-0.1584,1.2276,0.1584,0.0,0.0,0.2,0.0,0.0,0.11868238913561442,0.0,0.0020777729190408684,1.9780398189269066,square,2,0.2,1.0,29,58,18.130000829696655,0.0
1779528389.3654306,0.0,0.0,0.11868238913561442,0.0,0.0020777729190408684,1.9780398189269066,-0.1188,1.3068,-0.6732,0.0,0.0,0.2,0.0,0.0,0.1343903524035634,0.0,0.0,1.641440606042286,square,2,0.2,1.0,29,58,18.14000153541565,0.0
1779528389.3754153,0.0,0.0,0.1343903524035634,0.0,0.0,1.641440606042286,-0.1584,1.2672,-0.0396,0.0,0.0,0.2,0.0,0.0,0.1343903524035634,0.0,0.0,1.641440606042286,square,2,0.2,1.0,29,58,18.150017738342285,0.0
1779528389.3854165,0.0,0.0,0.1343903524035634,0.0,0.0,1.641440606042286,-0.1584,1.2672,-0.0396,0.0,0.0,0.2,0.0,0.0,0.1466076571675237,0.0,0.0,1.358863489052728,square,2,0.2,1.0,29,58,18.16000247001648,0.0
1779528389.3954146,0.0,0.0,0.1466076571675237,0.0,0.0,1.358863489052728,-0.0792,1.3464,0.0,0.0,0.0,0.2,0.0,0.0,0.1658062789394613,0.0,0.0,0.9142200843779821,square,2,0.2,1.0,29,58,18.170003652572632,0.0
1779528389.4054146,0.0,0.0,0.1658062789394613,0.0,0.0,0.9142200843779821,-0.0792,1.4652,0.0,0.0,0.0,0.2,0.0,0.0,0.17278759594743864,-0.004155545838081737,0.0,0.7376093862595082,square,2,0.2,1.0,29,58,18.180001735687256,0.0
1779528389.4154122,0.0,0.0,0.17278759594743864,-0.004155545838081737,0.0,0.7376093862595082,0.0396,1.3464,-0.1188,0.0,0.0,0.2,0.0,0.0,0.17802358370342164,0.0,0.0,0.5963208277647293,square,2,0.2,1.0,29,58,18.190001726150513,0.0
1779528389.425414,0.0,0.0,0.17802358370342164,0.0,0.0,0.5963208277647293,0.0,1.5048000000000001,0.1584,0.0,0.0,0.2,0.0,0.0,0.1832595714594046,0.0,0.0,0.48204331721748145,square,2,0.2,1.0,29,58,18.19999933242798,0.0
1779528389.435414,0.0,0.0,0.1832595714594046,0.0,0.0,0.48204331721748145,-0.0396,1.4652,0.3168,0.0,0.0,0.2,0.0,0.0,0.1867502299633933,0.0,0.0,0.38438799002256063,square,2,0.2,1.0,29,58,18.210001230239868,0.0
1779528389.4454148,0.0,0.0,0.1867502299633933,0.0,0.0,0.38438799002256063,-0.1188,1.3068,0.0,0.0,0.0,0.2,0.0,0.0,0.19024088846738194,0.0,0.0,0.3012770732609259,square,2,0.2,1.0,29,58,18.220001220703125,0.0
1779528389.455416,0.0,0.0,0.19024088846738194,0.0,0.0,0.3012770732609259,-0.1188,1.4255999999999998,0.0396,0.0,0.0,0.2,0.0,0.0,0.19198621771937624,0.004155545838081737,0.0,0.23894388568969988,square,2,0.2,1.0,29,58,18.23000192642212,0.0
1779528389.4654434,0.0,0.0,0.19198621771937624,0.004155545838081737,0.0,0.23894388568969988,0.1584,1.5048000000000001,0.4356,0.0,0.0,0.2,0.0,0.0,0.1937315469713706,0.0,0.0,0.19531065438984163,square,2,0.2,1.0,29,58,18.24000310897827,0.0
1779528389.4754615,0.0,0.0,0.1937315469713706,0.0,0.0,0.19531065438984163,-0.1584,1.3464,0.2376,0.0,0.0,0.2,0.0,0.0,0.1954768762233649,0.0,0.0,0.1495996501709425,square,2,0.2,1.0,29,58,18.250030517578125,0.0
1779528389.4854238,0.0,0.0,0.1954768762233649,0.0,0.0,0.1495996501709425,-0.1188,1.3068,0.5544000000000001,0.0,0.0,0.2,0.0,0.0,0.1954768762233649,0.0,0.0,0.11427751054724776,square,2,0.2,1.0,29,58,18.260048627853394,0.0
1779528389.4954176,0.0,0.0,0.1954768762233649,0.0,0.0,0.11427751054724776,-0.0792,1.3068,0.5940000000000001,0.0,0.0,0.2,0.0,0.0,0.19722220547535924,0.0,0.0,0.08103314384259387,square,2,0.2,1.0,29,58,18.270010948181152,0.0
1779528389.5054133,0.0,0.0,0.19722220547535924,0.0,0.0,0.08103314384259387,-0.0792,1.3860000000000001,0.6732,0.0,0.0,0.2,0.0,0.0,0.19722220547535924,0.0,0.0,0.05817764173314431,square,2,0.2,1.0,29,58,18.280004739761353,0.0
1779528389.5154133,0.0,0.0,0.19722220547535924,0.0,0.0,0.05817764173314431,-0.1188,1.3860000000000001,0.9107999999999999,0.0,0.0,0.2,0.0,0.0,0.19722220547535924,0.0,0.0,0.06233318757122605,square,2,0.2,1.0,29,58,18.290000438690186,0.0
1779528389.5254145,0.0,0.0,0.19722220547535924,0.0,0.0,0.06233318757122605,-0.0396,1.3464,0.1584,0.0,0.0,0.2,0.0,0.0,0.1989675347273536,0.0,0.0,0.035322139623694765,square,2,0.2,1.0,29,58,18.300000429153442,0.0
1779528389.535414,0.0,0.0,0.1989675347273536,0.0,0.0,0.035322139623694765,-0.0792,1.4652,0.6732,0.0,0.0,0.2,0.0,0.0,0.1989675347273536,0.0,0.0,0.03739991254273563,square,2,0.2,1.0,29,58,18.310001611709595,0.0
1779528389.5454252,0.0,0.0,0.1989675347273536,0.0,0.0,0.03739991254273563,-0.1188,1.4652,0.0792,0.0,0.0,0.2,0.0,0.0,0.1989675347273536,0.0,0.0,0.02701104794753129,square,2,0.2,1.0,29,58,18.320001125335693,0.0
1779528389.555413,0.0,0.0,0.1989675347273536,0.0,0.0,0.02701104794753129,-0.1188,1.5048000000000001,0.0,0.0,0.0,0.2,0.0,0.0,0.1989675347273536,0.0,0.0,0.016622183352326948,square,2,0.2,1.0,29,58,18.330012321472168,0.0
1779528389.5654142,0.0,0.0,0.1989675347273536,0.0,0.0,0.016622183352326948,-0.1584,1.5048000000000001,0.0,0.0,0.0,0.2,0.0,0.0,0.1989675347273536,0.0,0.0,0.008311091676163474,square,2,0.2,1.0,29,58,18.34000015258789,0.0
1779528389.575415,0.0,0.0,0.1989675347273536,0.0,0.0,0.008311091676163474,-0.1188,1.4652,0.198,0.0,0.0,0.2,0.0,0.0,0.1989675347273536,-0.004155545838081737,0.0,0.004155545838081737,square,2,0.2,1.0,29,58,18.350001335144043,0.0
1779528389.585411,0.0,0.0,0.1989675347273536,-0.004155545838081737,0.0,0.004155545838081737,0.0396,1.4255999999999998,0.1188,0.0,0.0,0.2,0.0,0.0,0.1989675347273536,-0.0020777729190408684,0.0,0.004155545838081737,square,2,0.2,1.0,29,58,18.360002040863037,0.0
1779528389.5955627,0.0,0.0,0.1989675347273536,-0.0020777729190408684,0.0,0.004155545838081737,-0.0396,1.3464,0.198,0.0,0.0,0.2,0.0,0.0,0.1989675347273536,0.0,0.0,0.0,square,2,0.2,1.0,29,58,18.36999821662903,0.0
1779528389.6054142,0.0,0.0,0.1989675347273536,0.0,0.0,0.0,0.0,1.5444,0.0396,0.0,0.0,0.2,0.0,0.0,0.1989675347273536,0.0,0.0,0.0,square,2,0.2,1.0,29,58,18.380149841308594,0.0
1779528389.615413,0.0,0.0,0.1989675347273536,0.0,0.0,0.0,-0.0396,1.5048000000000001,0.0396,0.0,0.0,0.2,0.0,0.0,0.1989675347273536,0.0,0.0,0.0,square,2,0.2,1.0,29,58,18.39000129699707,0.0
1779528389.6255176,0.0,0.0,0.1989675347273536,0.0,0.0,0.0,-0.0792,1.3860000000000001,0.1584,0.0,0.0,0.2,0.0,0.0,0.1989675347273536,0.0,0.0,0.0,square,2,0.2,1.0,29,58,18.40000009536743,0.0
1779528389.6353838,0.0,0.0,0.1989675347273536,0.0,0.0,0.0,0.1188,1.5048000000000001,0.1188,0.0,0.0,0.2,0.0,0.0,0.1989675347273536,0.0020777729190408684,0.0,0.0,square,2,0.2,1.0,29,58,18.410104751586914,0.0
1779528389.645411,0.0,0.0,0.1989675347273536,0.0020777729190408684,0.0,0.0,-0.1188,1.5048000000000001,0.0396,0.0,0.0,0.2,0.0,0.0,0.1989675347273536,0.0020777729190408684,-0.0020777729190408684,0.0,square,2,0.2,1.0,29,58,18.419970989227295,0.0
1779528389.655413,0.0,0.0,0.1989675347273536,0.0020777729190408684,-0.0020777729190408684,0.0,-0.1584,1.5048000000000001,0.0,0.0,0.0,0.2,0.0,0.0,0.1989675347273536,0.0,0.0,0.0,square,2,0.2,1.0,29,58,18.42999815940857,0.0
1779528389.6654165,0.0,0.0,0.1989675347273536,0.0,0.0,0.0,-0.1188,1.4255999999999998,0.0792,0.0,0.0,0.2,0.0,0.0,0.1989675347273536,0.0,0.0,0.0020777729190408684,square,2,0.2,1.0,29,58,18.44000005722046,0.0
1779528389.6754253,0.0,0.0,0.1989675347273536,0.0,0.0,0.0020777729190408684,-0.198,1.4652,-0.0396,0.0,0.0,0.2,0.0,0.0,0.1989675347273536,0.0,-0.0020777729190408684,0.0,square,2,0.2,1.0,29,58,18.450003623962402,0.0
1779528389.6854153,0.0,0.0,0.1989675347273536,0.0,-0.0020777729190408684,0.0,-0.0792,1.5444,0.0,0.0,0.0,0.2,0.0,0.0,0.1989675347273536,0.0,0.0,0.0,square,2,0.2,1.0,29,58,18.460012435913086,0.0
1779528389.6954138,0.0,0.0,0.1989675347273536,0.0,0.0,0.0,0.0,1.6632,0.0,0.0,0.0,0.2,0.0,0.0,0.1989675347273536,-0.0020777729190408684,0.0,0.0,square,2,0.2,1.0,29,58,18.47000241279602,0.0
1779528389.7054152,0.0,0.0,0.1989675347273536,-0.0020777729190408684,0.0,0.0,0.0,1.5444,0.1584,0.0,0.0,0.2,0.0,0.0,0.1989675347273536,0.0,0.0,0.0,square,2,0.2,1.0,29,58,18.480000972747803,0.0
1779528389.7154205,0.0,0.0,0.1989675347273536,0.0,0.0,0.0,0.0,1.5048000000000001,0.0792,0.0,0.0,0.2,0.0,0.0,0.1989675347273536,0.0,0.0,0.0,square,2,0.2,1.0,29,58,18.490002393722534,0.0
1779528389.725414,0.0,0.0,0.1989675347273536,0.0,0.0,0.0,0.0,1.584,0.0792,0.0,0.0,-0.2,0.0,0.0,0.1989675347273536,0.0,0.0,0.0,square,2,0.2,1.0,29,58,18.50000762939453,0.0
1779528389.7355855,0.0,0.0,0.1989675347273536,0.0,0.0,0.0,-0.0792,1.5048000000000001,0.0396,0.0,0.0,-0.2,0.0,0.0,0.1989675347273536,0.0,-0.0020777729190408684,0.0,square,2,0.2,1.0,29,58,18.510001182556152,0.0
1779528389.7454143,0.0,0.0,0.1989675347273536,0.0,-0.0020777729190408684,0.0,-0.1188,1.5048000000000001,0.0396,0.0,0.0,-0.2,0.0,0.0,0.1989675347273536,0.0020777729190408684,0.0,-0.004155545838081737,square,2,0.2,1.0,29,58,18.520172595977783,0.0
1779528389.7554147,0.0,0.0,0.1989675347273536,0.0020777729190408684,0.0,-0.004155545838081737,-0.1584,2.6532,1.9008,0.0,0.0,-0.2,0.0,0.0,0.1832595714594046,0.0,-0.004155545838081737,-1.3463968515384828,square,2,0.2,1.0,29,58,18.530001401901245,0.0
1779528389.7656188,0.0,0.0,0.1832595714594046,0.0,-0.004155545838081737,-1.3463968515384828,0.4356,1.1880000000000002,1.0692,0.0,0.0,-0.2,0.0,0.0,0.15358897417550102,0.0,-0.010388864595204342,-2.746815798972028,square,2,0.2,1.0,29,58,18.54000186920166,0.0
1779528389.7754176,0.0,0.0,0.15358897417550102,0.0,-0.010388864595204342,-2.746815798972028,0.0396,0.6732,4.7124,0.0,0.0,-0.2,0.0,0.0,0.10995574287564278,0.004155545838081737,0.0,-3.962312956610936,square,2,0.2,1.0,29,58,18.550205945968628,0.0
1779528389.7854128,0.0,0.0,0.10995574287564278,0.004155545838081737,0.0,-3.962312956610936,0.1188,1.3068,2.2967999999999997,0.0,0.0,-0.2,0.0,0.0,0.06457718232379019,0.0,0.0,-4.542011601023338,square,2,0.2,1.0,29,58,18.560004711151123,0.0
1779528389.7954235,0.0,0.0,0.06457718232379019,0.0,0.0,-4.542011601023338,0.2376,1.3068,0.0792,0.0,0.0,-0.2,0.0,0.0,0.017453292519943295,-0.0020777729190408684,0.0020777729190408684,-4.550322692699502,square,2,0.2,1.0,29,58,18.569999933242798,0.0
1779528389.8055947,0.0,0.0,0.017453292519943295,-0.0020777729190408684,0.0020777729190408684,-4.550322692699502,-0.1584,1.5048000000000001,-3.6036,0.0,0.0,-0.2,0.0,0.0,-0.017453292519943295,-0.006233318757122605,0.006233318757122605,-3.8750464940112197,square,2,0.2,1.0,29,58,18.580010652542114,0.0
1779528389.8154151,0.0,0.0,-0.017453292519943295,-0.006233318757122605,0.006233318757122605,-3.8750464940112197,0.0396,1.6632,-0.9504,0.0,0.0,-0.2,0.0,0.0,-0.048869219055841226,-0.006233318757122605,0.0020777729190408684,-3.2891145308416947,square,2,0.2,1.0,29,58,18.590181827545166,0.0
1779528389.8255413,0.0,0.0,-0.048869219055841226,-0.006233318757122605,0.0020777729190408684,-3.2891145308416947,-0.1188,1.5048000000000001,-0.4752,0.0,0.0,-0.2,0.0,0.0,-0.07679448708775051,-0.0020777729190408684,0.0,-2.840315580328867,square,2,0.2,1.0,29,58,18.60000228881836,0.0
1779528389.8354146,0.0,0.0,-0.07679448708775051,-0.0020777729190408684,0.0,-2.840315580328867,0.0,1.2672,-1.1880000000000002,0.0,0.0,-0.2,0.0,0.0,-0.0994837673636768,0.0,0.0,-2.3790499923017943,square,2,0.2,1.0,29,58,18.61012840270996,0.0
1779528389.8455498,0.0,0.0,-0.0994837673636768,0.0,0.0,-2.3790499923017943,-0.0792,1.4255999999999998,0.0792,0.0,0.0,-0.2,0.0,0.0,-0.11868238913561442,0.0020777729190408684,0.0,-1.9842731376840292,square,2,0.2,1.0,29,58,18.620001792907715,0.0
1779528389.8554168,0.0,0.0,-0.11868238913561442,0.0020777729190408684,0.0,-1.9842731376840292,-0.198,1.2276,-0.4752,0.0,0.0,-0.2,0.0,0.0,-0.1343903524035634,0.0,0.0,-1.6455961518803677,square,2,0.2,1.0,29,58,18.630136966705322,0.0
1779528389.865417,0.0,0.0,-0.1343903524035634,0.0,0.0,-1.6455961518803677,-0.2376,1.3464,0.0,0.0,0.0,-0.2,0.0,0.0,-0.1466076571675237,0.0020777729190408684,-0.004155545838081737,-1.3609412619717687,square,2,0.2,1.0,29,58,18.64000391960144,0.0
1779528389.8754146,0.0,0.0,-0.1466076571675237,0.0020777729190408684,-0.004155545838081737,-1.3609412619717687,-0.198,1.4652,0.0,0.0,0.0,-0.2,0.0,0.0,-0.15707963267948966,0.0,0.0,-1.1136862846059055,square,2,0.2,1.0,29,58,18.650004148483276,0.0
1779528389.8855247,0.0,0.0,-0.15707963267948966,0.0,0.0,-1.1136862846059055,-0.1188,1.3464,0.1584,0.0,0.0,-0.2,0.0,0.0,-0.1658062789394613,0.0,0.0,-0.9100645385399003,square,2,0.2,1.0,29,58,18.660001754760742,0.0
1779528389.895418,0.0,0.0,-0.1658062789394613,0.0,0.0,-0.9100645385399003,-0.0396,1.4652,-0.27720000000000006,0.0,0.0,-0.2,0.0,0.0,-0.17278759594743864,0.0,0.0,-0.7376093862595082,square,2,0.2,1.0,29,58,18.670111894607544,0.0
1779528389.905414,0.0,0.0,-0.17278759594743864,0.0,0.0,-0.7376093862595082,-0.1188,1.3464,0.2376,0.0,0.0,-0.2,0.0,0.0,-0.17802358370342164,0.0,0.0,-0.5921652819266475,square,2,0.2,1.0,29,58,18.680005073547363,0.0
1779528389.9155345,0.0,0.0,-0.17802358370342164,0.0,0.0,-0.5921652819266475,-0.0792,1.5048000000000001,-0.0792,0.0,0.0,-0.2,0.0,0.0,-0.1832595714594046,-0.0020777729190408684,0.0,-0.4882766359746041,square,2,0.2,1.0,29,58,18.690001249313354,0.0
1779528389.925414,0.0,0.0,-0.1832595714594046,-0.0020777729190408684,0.0,-0.4882766359746041,-0.0396,1.3464,0.1584,0.0,0.0,-0.2,0.0,0.0,-0.1867502299633933,-0.0020777729190408684,0.0,-0.3760768983463972,square,2,0.2,1.0,29,58,18.700121641159058,0.0
1779528389.9355617,0.0,0.0,-0.1867502299633933,-0.0020777729190408684,0.0,-0.3760768983463972,0.0,1.5048000000000001,0.35639999999999994,0.0,0.0,-0.2,0.0,0.0,-0.19024088846738194,0.0,0.0,-0.3095881649370894,square,2,0.2,1.0,29,58,18.710001230239868,0.0
1779528389.945413,0.0,0.0,-0.19024088846738194,0.0,0.0,-0.3095881649370894,0.0,1.4652,-0.198,0.0,0.0,-0.2,0.0,0.0,-0.19198621771937624,0.0,0.0,-0.22855502109449552,square,2,0.2,1.0,29,58,18.72014880180359,0.0
1779528389.955415,0.0,0.0,-0.19198621771937624,0.0,0.0,-0.22855502109449552,0.0,1.4652,0.5148,0.0,0.0,-0.2,0.0,0.0,-0.1937315469713706,0.0,0.0,-0.1973884273088825,square,2,0.2,1.0,29,58,18.730000257492065,0.0
1779528389.965415,0.0,0.0,-0.1937315469713706,0.0,0.0,-0.1973884273088825,-0.1188,1.3860000000000001,0.1188,0.0,0.0,-0.2,0.0,0.0,-0.1954768762233649,0.004155545838081737,-0.0020777729190408684,-0.15583296892806514,square,2,0.2,1.0,29,58,18.740002155303955,0.0
1779528389.9754148,0.0,0.0,-0.1954768762233649,0.004155545838081737,-0.0020777729190408684,-0.15583296892806514,-0.198,1.3860000000000001,0.1584,0.0,0.0,-0.2,0.0,0.0,-0.1954768762233649,0.0,0.0,-0.11635528346628862,square,2,0.2,1.0,29,58,18.750002145767212,0.0
1779528389.9854155,0.0,0.0,-0.1954768762233649,0.0,0.0,-0.11635528346628862,0.2376,1.4255999999999998,0.4356,0.0,0.0,-0.2,0.0,0.0,-0.19722220547535924,0.0020777729190408684,0.0,-0.078955370923553,square,2,0.2,1.0,29,58,18.76000189781189,0.0
1779528389.995539,0.0,0.0,-0.19722220547535924,0.0020777729190408684,0.0,-0.078955370923553,0.198,1.3068,0.7524000000000001,0.0,0.0,-0.2,0.0,0.0,-0.19722220547535924,0.0,0.0,-0.05402209589506258,square,2,0.2,1.0,29,58,18.770002603530884,0.0
1779528390.0054188,0.0,0.0,-0.19722220547535924,0.0,0.0,-0.05402209589506258,-0.0792,1.4652,0.9107999999999999,0.0,0.0,-0.2,0.0,0.0,-0.19722220547535924,-0.004155545838081737,0.0,-0.04986655005698084,square,2,0.2,1.0,29,58,18.780126094818115,0.0
1779528390.0154114,0.0,0.0,-0.19722220547535924,-0.004155545838081737,0.0,-0.04986655005698084,0.0,1.2672,0.7524000000000001,0.0,0.0,-0.2,0.0,0.0,-0.1989675347273536,-0.0020777729190408684,0.0,-0.035322139623694765,square,2,0.2,1.0,29,58,18.790005922317505,0.0
1779528390.025417,0.0,0.0,-0.1989675347273536,-0.0020777729190408684,0.0,-0.035322139623694765,-0.0396,1.3860000000000001,0.7127999999999999,0.0,0.0,-0.2,0.0,0.0,-0.1989675347273536,0.0,0.0,-0.022855502109449553,square,2,0.2,1.0,29,58,18.79999852180481,0.0
1779528390.0354147,0.0,0.0,-0.1989675347273536,0.0,0.0,-0.022855502109449553,0.0,1.3860000000000001,0.8316,0.0,0.0,-0.2,0.0,0.0,-0.1989675347273536,0.0,0.0,-0.022855502109449553,square,2,0.2,1.0,29,58,18.810004234313965,0.0
1779528390.0454102,0.0,0.0,-0.1989675347273536,0.0,0.0,-0.022855502109449553,0.0,1.4652,0.7524000000000001,0.0,0.0,-0.2,0.0,0.0,-0.1989675347273536,0.006233318757122605,0.0,-0.02493327502849042,square,2,0.2,1.0,29,58,18.82000184059143,0.0
1779528390.0554147,0.0,0.0,-0.1989675347273536,0.006233318757122605,0.0,-0.02493327502849042,0.0792,1.3464,0.396,0.0,0.0,-0.2,0.0,0.0,-0.1989675347273536,0.0020777729190408684,0.0,-0.01246663751424521,square,2,0.2,1.0,29,58,18.829997301101685,0.0
1779528390.0654173,0.0,0.0,-0.1989675347273536,0.0020777729190408684,0.0,-0.01246663751424521,0.2376,1.2672,0.35639999999999994,0.0,0.0,-0.2,0.0,0.0,-0.1989675347273536,-0.0020777729190408684,0.0,-0.006233318757122605,square,2,0.2,1.0,29,58,18.840001821517944,0.0
1779528390.0754118,0.0,0.0,-0.1989675347273536,-0.0020777729190408684,0.0,-0.006233318757122605,-0.1584,1.4255999999999998,0.4356,0.0,0.0,-0.2,0.0,0.0,-0.1989675347273536,0.0,0.0,-0.0020777729190408684,square,2,0.2,1.0,29,58,18.85000443458557,0.0
1779528390.0854096,0.0,0.0,-0.1989675347273536,0.0,0.0,-0.0020777729190408684,-0.1188,1.4652,0.5148,0.0,0.0,-0.2,0.0,0.0,-0.1989675347273536,0.0,0.0,0.0,square,2,0.2,1.0,29,58,18.85999894142151,0.0
1779528390.095403,0.0,0.0,-0.1989675347273536,0.0,0.0,0.0,-0.1188,1.2276,0.4752,0.0,0.0,-0.2,0.0,0.0,-0.1989675347273536,0.0,0.0,-0.0020777729190408684,square,2,0.2,1.0,29,58,18.869996786117554,0.0
1779528390.1054163,0.0,0.0,-0.1989675347273536,0.0,0.0,-0.0020777729190408684,-0.1188,1.4652,0.4752,0.0,0.0,-0.2,0.0,0.0,-0.1989675347273536,-0.0020777729190408684,0.0020777729190408684,0.0,square,2,0.2,1.0,29,58,18.879990100860596,0.0
1779528390.115417,0.0,0.0,-0.1989675347273536,-0.0020777729190408684,0.0020777729190408684,0.0,-0.0396,1.4255999999999998,0.4752,0.0,0.0,-0.2,0.0,0.0,-0.1989675347273536,0.0,0.0,0.0,square,2,0.2,1.0,29,58,18.890003442764282,0.0
1779528390.1254137,0.0,0.0,-0.1989675347273536,0.0,0.0,0.0,0.0,1.3464,0.5148,0.0,0.0,-0.2,0.0,0.0,-0.1989675347273536,0.0,0.0,0.0,square,2,0.2,1.0,29,58,18.900004148483276,0.0
1779528390.1354113,0.0,0.0,-0.1989675347273536,0.0,0.0,0.0,-0.0396,1.5048000000000001,0.396,0.0,0.0,-0.2,0.0,0.0,-0.1989675347273536,0.0,0.0,0.0,square,2,0.2,1.0,29,58,18.910000801086426,0.0
1779528390.1454144,0.0,0.0,-0.1989675347273536,0.0,0.0,0.0,-0.0792,1.3068,0.35639999999999994,0.0,0.0,-0.2,0.0,0.0,-0.1989675347273536,0.0,0.0,0.0,square,2,0.2,1.0,29,58,18.91999840736389,0.0
1779528390.155417,0.0,0.0,-0.1989675347273536,0.0,0.0,0.0,-0.0396,1.4255999999999998,0.4356,0.0,0.0,-0.2,0.0,0.0,-0.1989675347273536,0.0020777729190408684,0.0,0.0020777729190408684,square,2,0.2,1.0,29,58,18.930001497268677,0.0
1779528390.165534,0.0,0.0,-0.1989675347273536,0.0020777729190408684,0.0,0.0020777729190408684,-0.1584,1.2276,0.4752,0.0,0.0,-0.2,0.0,0.0,-0.1989675347273536,0.0,0.0,0.0,square,2,0.2,1.0,29,58,18.940004110336304,0.0
1779528390.175417,0.0,0.0,-0.1989675347273536,0.0,0.0,0.0,-0.1584,1.4652,0.4752,0.0,0.0,-0.2,0.0,0.0,-0.1989675347273536,0.0,-0.0020777729190408684,0.0,square,2,0.2,1.0,29,58,18.9501211643219,0.0
1779528390.1854143,0.0,0.0,-0.1989675347273536,0.0,-0.0020777729190408684,0.0,-0.1584,1.3068,-0.5148,0.0,0.0,-0.2,0.0,0.0,-0.1989675347273536,0.0,0.0020777729190408684,0.0,square,2,0.2,1.0,29,58,18.960004091262817,0.0
1779528390.1955407,0.0,0.0,-0.1989675347273536,0.0,0.0020777729190408684,0.0,0.198,1.4255999999999998,0.5148,0.0,0.0,-0.2,0.0,0.0,-0.1989675347273536,0.0,-0.0020777729190408684,0.0,square,2,0.2,1.0,29,58,18.970001459121704,0.0
1779528390.2054124,0.0,0.0,-0.1989675347273536,0.0,-0.0020777729190408684,0.0,0.1188,1.3860000000000001,0.35639999999999994,0.0,0.0,-0.2,0.0,0.0,-0.1989675347273536,-0.0020777729190408684,0.0,0.0,square,2,0.2,1.0,29,58,18.980127811431885,0.0
1779528390.2155504,0.0,0.0,-0.1989675347273536,-0.0020777729190408684,0.0,0.0,0.0,1.2672,-0.4356,0.0,0.0,-0.2,0.0,0.0,-0.1989675347273536,-0.004155545838081737,0.0020777729190408684,0.0,square,2,0.2,1.0,29,58,18.989999532699585,0.0
1779528390.2255597,0.0,0.0,-0.1989675347273536,-0.004155545838081737,0.0020777729190408684,0.0,-0.0792,1.2672,-0.3168,0.0,0.0,0.2,0.0,0.0,-0.1989675347273536,0.0,0.0,0.0,square,2,0.2,1.0,29,58,19.00013756752014,0.0
1779528390.2355368,0.0,0.0,-0.1989675347273536,0.0,0.0,0.0,0.0,1.4255999999999998,-0.35639999999999994,0.0,0.0,0.2,0.0,0.0,-0.1989675347273536,0.0,0.0,0.0,square,2,0.2,1.0,29,58,19.010146856307983,0.0
1779528390.2454104,0.0,0.0,-0.1989675347273536,0.0,0.0,0.0,0.0,1.3464,-0.3168,0.0,0.0,0.2,0.0,0.0,-0.1989675347273536,0.0,0.0,0.0020777729190408684,square,2,0.2,1.0,29,58,19.020123958587646,0.0
1779528390.255412,0.0,0.0,-0.1989675347273536,0.0,0.0,0.0020777729190408684,0.3168,3.8412,1.782,0.0,0.0,0.2,0.0,0.0,-0.1832595714594046,0.004155545838081737,0.0,1.3547079432146463,square,2,0.2,1.0,29,58,19.02999758720398,0.0
1779528390.265423,0.0,0.0,-0.1832595714594046,0.004155545838081737,0.0,1.3547079432146463,-0.0792,1.5048000000000001,1.584,0.0,0.0,0.2,0.0,0.0,-0.1832595714594046,0.004155545838081737,0.0,1.3547079432146463,square,2,0.2,1.0,29,58,19.03999924659729,0.0
1779528390.2755163,0.0,0.0,-0.1832595714594046,0.004155545838081737,0.0,1.3547079432146463,-0.0792,1.5048000000000001,1.584,0.0,0.0,0.2,0.0,0.0,-0.10995574287564278,0.0,-0.0020777729190408684,3.9997128691536714,square,2,0.2,1.0,29,58,19.050010204315186,0.0
1779528390.2855296,0.0,0.0,-0.10995574287564278,0.0,-0.0020777729190408684,3.9997128691536714,-0.198,1.3464,1.0296,0.0,0.0,0.2,0.0,0.0,-0.06283185307179587,-0.004155545838081737,0.0,4.579411513566074,square,2,0.2,1.0,29,58,19.06010341644287,0.0
1779528390.2954125,0.0,0.0,-0.06283185307179587,-0.004155545838081737,0.0,4.579411513566074,0.0396,1.3464,-0.2376,0.0,0.0,0.2,0.0,0.0,-0.017453292519943295,-0.0020777729190408684,0.0,4.502533915561561,square,2,0.2,1.0,29,58,19.070116758346558,0.0
1779528390.3054097,0.0,0.0,-0.017453292519943295,-0.0020777729190408684,0.0,4.502533915561561,0.0396,1.4652,-3.0096000000000003,0.0,0.0,0.2,0.0,0.0,0.017453292519943295,0.0,0.0,3.854268764820811,square,2,0.2,1.0,29,58,19.079999685287476,0.0
1779528390.315412,0.0,0.0,0.017453292519943295,0.0,0.0,3.854268764820811,-0.0396,1.2276,-0.9504,0.0,0.0,0.2,0.0,0.0,0.048869219055841226,0.0,0.0,3.2745701204084083,square,2,0.2,1.0,29,58,19.089996814727783,0.0
1779528390.325411,0.0,0.0,0.048869219055841226,0.0,0.0,3.2745701204084083,-0.198,1.3068,0.0,0.0,0.0,0.2,0.0,0.0,0.07679448708775051,0.004155545838081737,0.0,2.829926715733663,square,2,0.2,1.0,29,58,19.09999918937683,0.0
1779528390.335549,0.0,0.0,0.07679448708775051,0.004155545838081737,0.0,2.829926715733663,0.2376,1.2276,-1.0692,0.0,0.0,0.2,0.0,0.0,0.0994837673636768,0.0,0.0,2.3645055818685083,square,2,0.2,1.0,29,58,19.10999822616577,0.0
1779528390.3454096,0.0,0.0,0.0994837673636768,0.0,0.0,2.3645055818685083,-0.2376,1.3464,0.0,0.0,0.0,0.2,0.0,0.0,0.11868238913561442,0.0,0.0,1.9759620460078657,square,2,0.2,1.0,29,58,19.120136260986328,0.0
1779528390.3554108,0.0,0.0,0.11868238913561442,0.0,0.0,1.9759620460078657,-0.198,1.3068,-0.6336,0.0,0.0,0.2,0.0,0.0,0.1343903524035634,0.0,-0.0020777729190408684,1.6435183789613268,square,2,0.2,1.0,29,58,19.12999677658081,0.0
1779528390.3655982,0.0,0.0,0.1343903524035634,0.0,-0.0020777729190408684,1.6435183789613268,-0.1188,1.4255999999999998,-0.1188,0.0,0.0,0.2,0.0,0.0,0.1466076571675237,0.0,0.0,1.358863489052728,square,2,0.2,1.0,29,58,19.139997959136963,0.0
1779528390.3754132,0.0,0.0,0.1466076571675237,0.0,0.0,1.358863489052728,-0.1188,1.3860000000000001,0.0,0.0,0.0,0.2,0.0,0.0,0.15707963267948966,0.0,-0.0020777729190408684,1.1178418304439872,square,2,0.2,1.0,29,58,19.150185346603394,0.0
1779528390.385413,0.0,0.0,0.15707963267948966,0.0,-0.0020777729190408684,1.1178418304439872,-0.1584,1.3068,0.1584,0.0,0.0,0.2,0.0,0.0,0.1658062789394613,0.0,0.0,0.9142200843779821,square,2,0.2,1.0,29,58,19.160000324249268,0.0
1779528390.3954139,0.0,0.0,0.1658062789394613,0.0,0.0,0.9142200843779821,-0.0792,1.3860000000000001,0.0,0.0,0.0,0.2,0.0,0.0,0.17278759594743864,0.0,0.0,0.7459204779356717,square,2,0.2,1.0,29,58,19.170000076293945,0.0
1779528390.4054108,0.0,0.0,0.17278759594743864,0.0,0.0,0.7459204779356717,0.0,1.3464,-0.1188,0.0,0.0,0.2,0.0,0.0,0.17802358370342164,-0.0020777729190408684,0.0020777729190408684,0.5963208277647293,square,2,0.2,1.0,29,58,19.18000102043152,0.0
1779528390.415926,0.0,0.0,0.17802358370342164,-0.0020777729190408684,0.0020777729190408684,0.5963208277647293,0.0,1.3464,0.3168,0.0,0.0,0.2,0.0,0.0,0.1832595714594046,0.0,0.0,0.48204331721748145,square,2,0.2,1.0,29,58,19.189997911453247,0.0
1779528390.425418,0.0,0.0,0.1832595714594046,0.0,0.0,0.48204331721748145,0.0,1.4652,0.27720000000000006,0.0,0.0,0.2,0.0,0.0,0.1867502299633933,0.0,0.0,0.38231021710351976,square,2,0.2,1.0,29,58,19.200513124465942,0.0
1779528390.4354138,0.0,0.0,0.1867502299633933,0.0,0.0,0.38231021710351976,-0.0396,1.4652,0.0,0.0,0.0,0.2,0.0,0.0,0.19024088846738194,0.0,0.0,0.30543261909900765,square,2,0.2,1.0,29,58,19.210005044937134,0.0
1779528390.4454067,0.0,0.0,0.19024088846738194,0.0,0.0,0.30543261909900765,-0.0396,1.4652,0.0792,0.0,0.0,0.2,0.0,0.0,0.19198621771937624,0.0020777729190408684,0.0,0.236866112770659,square,2,0.2,1.0,29,58,19.220000982284546,0.0
1779528390.455414,0.0,0.0,0.19198621771937624,0.0020777729190408684,0.0,0.236866112770659,-0.0792,1.4255999999999998,0.5148,0.0,0.0,0.2,0.0,0.0,0.1937315469713706,0.0,0.0,0.1973884273088825,square,2,0.2,1.0,29,58,19.22999382019043,0.0
1779528390.465412,0.0,0.0,0.1937315469713706,0.0,0.0,0.1973884273088825,-0.0792,1.5444,0.3168,0.0,0.0,0.2,0.0,0.0,0.1954768762233649,0.0,0.0,0.14752187725190166,square,2,0.2,1.0,29,58,19.24000120162964,0.0
1779528390.4754071,0.0,0.0,0.1954768762233649,0.0,0.0,0.14752187725190166,-0.1188,1.4255999999999998,0.4752,0.0,0.0,0.2,0.0,0.0,0.1954768762233649,0.0,0.0,0.1121997376282069,square,2,0.2,1.0,29,58,19.249999046325684,0.0
1779528390.4854112,0.0,0.0,0.1954768762233649,0.0,0.0,0.1121997376282069,-0.0792,1.5048000000000001,0.5940000000000001,0.0,0.0,0.2,0.0,0.0,0.19722220547535924,0.0,-0.0020777729190408684,0.08103314384259387,square,2,0.2,1.0,29,58,19.25999426841736,0.0
1779528390.49541,0.0,0.0,0.19722220547535924,0.0,-0.0020777729190408684,0.08103314384259387,-0.0396,1.4652,0.7127999999999999,0.0,0.0,0.2,0.0,0.0,0.19722220547535924,0.0,0.0,0.05609986881410345,square,2,0.2,1.0,29,58,19.26999831199646,0.0
1779528390.5054085,0.0,0.0,0.19722220547535924,0.0,0.0,0.05609986881410345,-0.0396,1.4255999999999998,0.8712,0.0,0.0,0.2,0.0,0.0,0.19722220547535924,0.0,0.0,0.06441096049026691,square,2,0.2,1.0,29,58,19.27999711036682,0.0
1779528390.5154107,0.0,0.0,0.19722220547535924,0.0,0.0,0.06441096049026691,-0.0396,1.5048000000000001,0.0,0.0,0.0,0.2,0.0,0.0,0.1989675347273536,0.0,0.0,0.031166593785613025,square,2,0.2,1.0,29,58,19.289995670318604,0.0
1779528390.5254152,0.0,0.0,0.1989675347273536,0.0,0.0,0.031166593785613025,0.0,1.3464,0.6336,0.0,0.0,0.2,0.0,0.0,0.1989675347273536,0.0,0.0,0.0394776854617765,square,2,0.2,1.0,29,58,19.299997806549072,0.0
1779528390.5354147,0.0,0.0,0.1989675347273536,0.0,0.0,0.0394776854617765,-0.0792,1.4255999999999998,0.0,0.0,0.0,0.2,0.0,0.0,0.1989675347273536,0.0,0.0,0.029088820866572156,square,2,0.2,1.0,29,58,19.310002326965332,0.0
1779528390.5454133,0.0,0.0,0.1989675347273536,0.0,0.0,0.029088820866572156,-0.0792,1.5048000000000001,-0.1188,0.0,0.0,0.2,0.0,0.0,0.1989675347273536,0.0,0.0,0.029088820866572156,square,2,0.2,1.0,29,58,19.32000184059143,0.0
1779528390.5554123,0.0,0.0,0.1989675347273536,0.0,0.0,0.029088820866572156,-0.0792,1.5048000000000001,-0.1188,0.0,0.0,0.2,0.0,0.0,0.1989675347273536,0.0,-0.0020777729190408684,0.010388864595204342,square,2,0.2,1.0,29,58,19.330000400543213,0.0
1779528390.565572,0.0,0.0,0.1989675347273536,0.0,-0.0020777729190408684,0.010388864595204342,-0.0792,1.5444,0.1188,0.0,0.0,0.2,0.0,0.0,0.1989675347273536,0.0,-0.0020777729190408684,0.010388864595204342,square,2,0.2,1.0,29,58,19.339999437332153,0.0
1779528390.5754187,0.0,0.0,0.1989675347273536,0.0,-0.0020777729190408684,0.010388864595204342,-0.0792,1.5444,0.1188,0.0,0.0,0.2,0.0,0.0,0.1989675347273536,-0.0020777729190408684,0.0020777729190408684,0.006233318757122605,square,2,0.2,1.0,29,58,19.350159168243408,0.0
1779528390.5854087,0.0,0.0,0.1989675347273536,-0.0020777729190408684,0.0020777729190408684,0.006233318757122605,0.0,1.5444,0.1188,0.0,0.0,0.2,0.0,0.0,0.1989675347273536,-0.0020777729190408684,0.0,0.0,square,2,0.2,1.0,29,58,19.360005855560303,0.0
1779528390.5954208,0.0,0.0,0.1989675347273536,-0.0020777729190408684,0.0,0.0,0.0396,1.5444,0.1584,0.0,0.0,0.2,0.0,0.0,0.1989675347273536,0.0,0.0,0.0,square,2,0.2,1.0,29,58,19.369995832443237,0.0
1779528390.6054096,0.0,0.0,0.1989675347273536,0.0,0.0,0.0,0.0,1.3860000000000001,0.1188,0.0,0.0,0.2,0.0,0.0,0.1989675347273536,0.0,0.0,0.0,square,2,0.2,1.0,29,58,19.38000798225403,0.0
1779528390.615408,0.0,0.0,0.1989675347273536,0.0,0.0,0.0,-0.0792,1.4255999999999998,0.1188,0.0,0.0,0.2,0.0,0.0,0.1989675347273536,0.0,0.0020777729190408684,0.0,square,2,0.2,1.0,29,58,19.389996767044067,0.0
1779528390.6254096,0.0,0.0,0.1989675347273536,0.0,0.0020777729190408684,0.0,-0.0792,1.5444,0.1188,0.0,0.0,0.2,0.0,0.0,0.1989675347273536,0.0,0.0020777729190408684,0.0,square,2,0.2,1.0,29,58,19.39999508857727,0.0
1779528390.6354148,0.0,0.0,0.1989675347273536,0.0,0.0020777729190408684,0.0,-0.0792,1.4652,0.0792,0.0,0.0,0.2,0.0,0.0,0.1989675347273536,0.0,0.0,0.0,square,2,0.2,1.0,29,58,19.40999674797058,0.0
1779528390.6455765,0.0,0.0,0.1989675347273536,0.0,0.0,0.0,-0.0396,1.3860000000000001,0.0396,0.0,0.0,0.2,0.0,0.0,0.1989675347273536,0.0020777729190408684,0.0,0.0,square,2,0.2,1.0,29,58,19.420001983642578,0.0
1779528390.655421,0.0,0.0,0.1989675347273536,0.0020777729190408684,0.0,0.0,-0.0792,1.4255999999999998,0.0,0.0,0.0,0.2,0.0,0.0,0.1989675347273536,0.0,0.0,0.0,square,2,0.2,1.0,29,58,19.430163621902466,0.0
1779528390.665552,0.0,0.0,0.1989675347273536,0.0,0.0,0.0,-0.0792,1.4255999999999998,0.0792,0.0,0.0,0.2,0.0,0.0,0.1989675347273536,0.0,0.0,0.0,square,2,0.2,1.0,29,58,19.44000816345215,0.0
1779528390.6754105,0.0,0.0,0.1989675347273536,0.0,0.0,0.0,-0.1188,1.4255999999999998,-0.0396,0.0,0.0,0.2,0.0,0.0,0.1989675347273536,0.0,0.0,0.0,square,2,0.2,1.0,29,58,19.450139045715332,0.0
1779528390.6854146,0.0,0.0,0.1989675347273536,0.0,0.0,0.0,-0.1188,1.4255999999999998,-0.0396,0.0,0.0,0.2,0.0,0.0,0.1989675347273536,0.0,0.0,0.0,square,2,0.2,1.0,29,58,19.45999765396118,0.0
1779528390.6954107,0.0,0.0,0.1989675347273536,0.0,0.0,0.0,-0.1188,1.4255999999999998,-0.0396,0.0,0.0,0.2,0.0,0.0,0.1989675347273536,0.0,0.0,0.0,square,2,0.2,1.0,29,58,19.470001697540283,0.0
1779528390.705571,0.0,0.0,0.1989675347273536,0.0,0.0,0.0,-0.1188,1.4255999999999998,-0.0396,0.0,0.0,0.2,0.0,0.0,0.1989675347273536,0.0,0.0,0.0,square,2,0.2,1.0,29,58,19.479997873306274,0.0
1779528390.715414,0.0,0.0,0.1989675347273536,0.0,0.0,0.0,0.0,1.5048000000000001,0.0396,0.0,0.0,0.2,0.0,0.0,0.1989675347273536,0.0,0.0,0.0,square,2,0.2,1.0,29,58,19.490158081054688,0.0
1779528390.7253833,0.0,0.0,0.1989675347273536,0.0,0.0,0.0,0.0,1.5048000000000001,0.0396,0.0,0.0,-0.2,0.0,0.0,0.1989675347273536,0.0,0.0020777729190408684,0.0,square,2,0.2,1.0,29,58,19.500001192092896,0.0
1779528390.7354147,0.0,0.0,0.1989675347273536,0.0,0.0020777729190408684,0.0,-0.0396,1.4255999999999998,0.0,0.0,0.0,-0.2,0.0,0.0,0.1989675347273536,0.0020777729190408684,0.0,0.0,square,2,0.2,1.0,29,58,19.50997042655945,0.0
1779528390.7454138,0.0,0.0,0.1989675347273536,0.0020777729190408684,0.0,0.0,0.1584,1.4652,0.0396,0.0,0.0,-0.2,0.0,0.0,0.1989675347273536,0.0020777729190408684,0.0,0.0,square,2,0.2,1.0,29,58,19.520001888275146,0.0
1779528390.7555642,0.0,0.0,0.1989675347273536,0.0020777729190408684,0.0,0.0,0.1584,3.2472000000000003,1.9008,0.0,0.0,-0.2,0.0,0.0,0.1989675347273536,0.0020777729190408684,0.0,0.0,square,2,0.2,1.0,29,58,19.530000925064087,0.0
1779528390.76541,0.0,0.0,0.1989675347273536,0.0020777729190408684,0.0,0.0,0.1584,3.2472000000000003,1.9008,0.0,0.0,-0.2,0.0,0.0,0.15358897417550102,-0.0020777729190408684,-0.008311091676163474,-2.748893571891069,square,2,0.2,1.0,29,58,19.540151357650757,0.0
1779528390.7754133,0.0,0.0,0.15358897417550102,-0.0020777729190408684,-0.008311091676163474,-2.748893571891069,-0.2376,0.99,4.6728,0.0,0.0,-0.2,0.0,0.0,0.10995574287564278,0.0020777729190408684,0.0,-3.9643907295299767,square,2,0.2,1.0,29,58,19.549997091293335,0.0
1779528390.7854161,0.0,0.0,0.10995574287564278,0.0020777729190408684,0.0,-3.9643907295299767,0.2376,1.2276,2.1384,0.0,0.0,-0.2,0.0,0.0,0.06457718232379019,0.0,0.0,-4.535778282266215,square,2,0.2,1.0,29,58,19.5600004196167,0.0
1779528390.7954142,0.0,0.0,0.06457718232379019,0.0,0.0,-4.535778282266215,-0.0792,1.1880000000000002,0.2376,0.0,0.0,-0.2,0.0,0.0,0.017453292519943295,0.0,0.0020777729190408684,-4.550322692699502,square,2,0.2,1.0,29,58,19.570003271102905,0.0
1779528390.8055847,0.0,0.0,0.017453292519943295,0.0,0.0020777729190408684,-4.550322692699502,-0.0396,1.2672,-3.564,0.0,0.0,-0.2,0.0,0.0,-0.017453292519943295,-0.004155545838081737,0.008311091676163474,-3.8792020398493015,square,2,0.2,1.0,29,58,19.58000135421753,0.0
1779528390.815414,0.0,0.0,-0.017453292519943295,-0.004155545838081737,0.008311091676163474,-3.8792020398493015,-0.0792,1.584,-1.0296,0.0,0.0,-0.2,0.0,0.0,-0.048869219055841226,-0.006233318757122605,0.0,-3.2911923037607353,square,2,0.2,1.0,29,58,19.590171813964844,0.0
1779528390.8255339,0.0,0.0,-0.048869219055841226,-0.006233318757122605,0.0,-3.2911923037607353,0.1188,1.3860000000000001,-0.4752,0.0,0.0,-0.2,0.0,0.0,-0.048869219055841226,-0.006233318757122605,0.0,-3.2911923037607353,square,2,0.2,1.0,29,58,19.600001096725464,0.0
1779528390.8354127,0.0,0.0,-0.048869219055841226,-0.006233318757122605,0.0,-3.2911923037607353,0.1188,1.3860000000000001,-0.4752,0.0,0.0,-0.2,0.0,0.0,-0.0994837673636768,0.0020777729190408684,0.0,-2.3790499923017943,square,2,0.2,1.0,29,58,19.61012101173401,0.0
1779528390.8454106,0.0,0.0,-0.0994837673636768,0.0020777729190408684,0.0,-2.3790499923017943,-0.0396,1.3068,0.0396,0.0,0.0,-0.2,0.0,0.0,-0.11868238913561442,0.004155545838081737,0.0,-1.9801175918459475,square,2,0.2,1.0,29,58,19.619999885559082,0.0
1779528390.8554103,0.0,0.0,-0.11868238913561442,0.004155545838081737,0.0,-1.9801175918459475,-0.3168,1.3464,-0.396,0.0,0.0,-0.2,0.0,0.0,-0.1343903524035634,0.004155545838081737,0.0,-1.6455961518803677,square,2,0.2,1.0,29,58,19.629997730255127,0.0
1779528390.8654127,0.0,0.0,-0.1343903524035634,0.004155545838081737,0.0,-1.6455961518803677,0.27720000000000006,1.3860000000000001,-0.0792,0.0,0.0,-0.2,0.0,0.0,-0.1466076571675237,0.0,0.0,-1.358863489052728,square,2,0.2,1.0,29,58,19.639997482299805,0.0
1779528390.8755302,0.0,0.0,-0.1466076571675237,0.0,0.0,-1.358863489052728,-0.2376,1.5048000000000001,0.0,0.0,0.0,-0.2,0.0,0.0,-0.15707963267948966,0.0,-0.0020777729190408684,-1.1136862846059055,square,2,0.2,1.0,29,58,19.649999856948853,0.0
1779528390.885509,0.0,0.0,-0.15707963267948966,0.0,-0.0020777729190408684,-1.1136862846059055,-0.0792,1.3860000000000001,0.0792,0.0,0.0,-0.2,0.0,0.0,-0.1658062789394613,0.0,0.0,-0.9100645385399003,square,2,0.2,1.0,29,58,19.660117387771606,0.0
1779528390.895415,0.0,0.0,-0.1658062789394613,0.0,0.0,-0.9100645385399003,-0.1188,1.4255999999999998,-0.2376,0.0,0.0,-0.2,0.0,0.0,-0.17278759594743864,0.0,0.0,-0.7376093862595082,square,2,0.2,1.0,29,58,19.670096158981323,0.0
1779528390.9054136,0.0,0.0,-0.17278759594743864,0.0,0.0,-0.7376093862595082,-0.1188,1.4652,0.2376,0.0,0.0,-0.2,0.0,0.0,-0.17802358370342164,0.0,0.0,-0.5942430548456884,square,2,0.2,1.0,29,58,19.680002212524414,0.0
1779528390.9155064,0.0,0.0,-0.17802358370342164,0.0,0.0,-0.5942430548456884,-0.0792,1.4255999999999998,-0.1188,0.0,0.0,-0.2,0.0,0.0,-0.1832595714594046,0.0,0.0,-0.4861988630555632,square,2,0.2,1.0,29,58,19.690000772476196,0.0
1779528390.9255373,0.0,0.0,-0.1832595714594046,0.0,0.0,-0.4861988630555632,0.0396,1.4652,0.1584,0.0,0.0,-0.2,0.0,0.0,-0.1832595714594046,0.0,0.0,-0.4861988630555632,square,2,0.2,1.0,29,58,19.700093507766724,0.0
1779528390.9354143,0.0,0.0,-0.1832595714594046,0.0,0.0,-0.4861988630555632,0.0396,1.4652,0.1584,0.0,0.0,-0.2,0.0,0.0,-0.19024088846738194,-0.0020777729190408684,0.0,-0.3095881649370894,square,2,0.2,1.0,29,58,19.710124492645264,0.0
1779528390.9454136,0.0,0.0,-0.19024088846738194,-0.0020777729190408684,0.0,-0.3095881649370894,0.0396,1.6236000000000002,-0.198,0.0,0.0,-0.2,0.0,0.0,-0.19198621771937624,0.0,0.0,-0.22855502109449552,square,2,0.2,1.0,29,58,19.720001459121704,0.0
1779528390.9555733,0.0,0.0,-0.19198621771937624,0.0,0.0,-0.22855502109449552,0.0,1.4255999999999998,0.27720000000000006,0.0,0.0,-0.2,0.0,0.0,-0.19198621771937624,0.0,0.0,-0.22855502109449552,square,2,0.2,1.0,29,58,19.730000734329224,0.0
1779528390.9654214,0.0,0.0,-0.19198621771937624,0.0,0.0,-0.22855502109449552,0.0,1.4255999999999998,0.27720000000000006,0.0,0.0,-0.2,0.0,0.0,-0.1954768762233649,0.006233318757122605,0.0,-0.1516774230899834,square,2,0.2,1.0,29,58,19.74016046524048,0.0
1779528390.9755933,0.0,0.0,-0.1954768762233649,0.006233318757122605,0.0,-0.1516774230899834,0.198,1.5048000000000001,0.1584,0.0,0.0,-0.2,0.0,0.0,-0.1954768762233649,0.004155545838081737,-0.0020777729190408684,-0.1184330563853295,square,2,0.2,1.0,29,58,19.750008583068848,0.0
1779528390.9855514,0.0,0.0,-0.1954768762233649,0.004155545838081737,-0.0020777729190408684,-0.1184330563853295,0.2376,1.4255999999999998,0.35639999999999994,0.0,0.0,-0.2,0.0,0.0,-0.19722220547535924,0.0020777729190408684,0.0,-0.08103314384259387,square,2,0.2,1.0,29,58,19.760180473327637,0.0
1779528390.995505,0.0,0.0,-0.19722220547535924,0.0020777729190408684,0.0,-0.08103314384259387,0.1584,1.3860000000000001,0.792,0.0,0.0,-0.2,0.0,0.0,-0.19722220547535924,0.0020777729190408684,0.0,-0.08103314384259387,square,2,0.2,1.0,29,58,19.77013850212097,0.0
1779528391.005413,0.0,0.0,-0.19722220547535924,0.0020777729190408684,0.0,-0.08103314384259387,0.1584,1.3860000000000001,0.792,0.0,0.0,-0.2,0.0,0.0,-0.19722220547535924,-0.0020777729190408684,0.0,-0.04778877713793997,square,2,0.2,1.0,29,58,19.780092239379883,0.0
1779528391.0154068,0.0,0.0,-0.19722220547535924,-0.0020777729190408684,0.0,-0.04778877713793997,0.0396,1.4652,0.6732,0.0,0.0,-0.2,0.0,0.0,-0.1989675347273536,-0.004155545838081737,0.0,-0.035322139623694765,square,2,0.2,1.0,29,58,19.790000200271606,0.0
1779528391.025383,0.0,0.0,-0.1989675347273536,-0.004155545838081737,0.0,-0.035322139623694765,-0.1188,1.3464,0.792,0.0,0.0,-0.2,0.0,0.0,-0.1989675347273536,-0.004155545838081737,0.0,-0.022855502109449553,square,2,0.2,1.0,29,58,19.799993991851807,0.0
1779528391.0355077,0.0,0.0,-0.1989675347273536,-0.004155545838081737,0.0,-0.022855502109449553,-0.1188,1.5444,0.8316,0.0,0.0,-0.2,0.0,0.0,-0.1989675347273536,0.0,0.0,-0.022855502109449553,square,2,0.2,1.0,29,58,19.809970140457153,0.0
1779528391.045412,0.0,0.0,-0.1989675347273536,0.0,0.0,-0.022855502109449553,0.0,1.3464,0.7127999999999999,0.0,0.0,-0.2,0.0,0.0,-0.1989675347273536,0.0020777729190408684,0.0,-0.02493327502849042,square,2,0.2,1.0,29,58,19.82009482383728,0.0
1779528391.0554109,0.0,0.0,-0.1989675347273536,0.0020777729190408684,0.0,-0.02493327502849042,-0.0792,1.4255999999999998,0.2376,0.0,0.0,-0.2,0.0,0.0,-0.1989675347273536,0.0020777729190408684,0.0,-0.014544410433286078,square,2,0.2,1.0,29,58,19.829999208450317,0.0
1779528391.0655537,0.0,0.0,-0.1989675347273536,0.0020777729190408684,0.0,-0.014544410433286078,-0.0792,1.3860000000000001,0.35639999999999994,0.0,0.0,-0.2,0.0,0.0,-0.1989675347273536,0.0020777729190408684,0.0,-0.006233318757122605,square,2,0.2,1.0,29,58,19.83999800682068,0.0
1779528391.0754108,0.0,0.0,-0.1989675347273536,0.0020777729190408684,0.0,-0.006233318757122605,-0.1584,1.3068,0.35639999999999994,0.0,0.0,-0.2,0.0,0.0,-0.1989675347273536,0.0,0.0,-0.004155545838081737,square,2,0.2,1.0,29,58,19.850140810012817,0.0
1779528391.0854127,0.0,0.0,-0.1989675347273536,0.0,0.0,-0.004155545838081737,0.1188,1.4652,0.4356,0.0,0.0,-0.2,0.0,0.0,-0.1989675347273536,0.0,0.0,-0.0020777729190408684,square,2,0.2,1.0,29,58,19.859997987747192,0.0
1779528391.0954106,0.0,0.0,-0.1989675347273536,0.0,0.0,-0.0020777729190408684,-0.0792,1.4255999999999998,0.4752,0.0,0.0,-0.2,0.0,0.0,-0.1989675347273536,0.0,0.0,0.0,square,2,0.2,1.0,29,58,19.869999885559082,0.0
1779528391.1055763,0.0,0.0,-0.1989675347273536,0.0,0.0,0.0,0.0,1.4652,0.396,0.0,0.0,-0.2,0.0,0.0,-0.1989675347273536,0.0,0.0,-0.0020777729190408684,square,2,0.2,1.0,29,58,19.879997730255127,0.0
1779528391.1154184,0.0,0.0,-0.1989675347273536,0.0,0.0,-0.0020777729190408684,0.0,1.4255999999999998,0.4752,0.0,0.0,-0.2,0.0,0.0,-0.1989675347273536,0.0,0.0,0.0,square,2,0.2,1.0,29,58,19.89016342163086,0.0
1779528391.1254117,0.0,0.0,-0.1989675347273536,0.0,0.0,0.0,0.0,1.3464,0.35639999999999994,0.0,0.0,-0.2,0.0,0.0,-0.1989675347273536,0.0,0.0,0.0,square,2,0.2,1.0,29,58,19.90000557899475,0.0
1779528391.135413,0.0,0.0,-0.1989675347273536,0.0,0.0,0.0,0.0,1.3464,0.35639999999999994,0.0,0.0,-0.2,0.0,0.0,-0.1989675347273536,0.0,0.0,0.0,square,2,0.2,1.0,29,58,19.909998893737793,0.0
1779528391.145633,0.0,0.0,-0.1989675347273536,0.0,0.0,0.0,-0.0396,1.3464,0.3168,0.0,0.0,-0.2,0.0,0.0,-0.1989675347273536,0.0,0.0,0.0,square,2,0.2,1.0,29,58,19.920000076293945,0.0
1779528391.15541,0.0,0.0,-0.1989675347273536,0.0,0.0,0.0,-0.0792,1.3860000000000001,0.396,0.0,0.0,-0.2,0.0,0.0,-0.1989675347273536,0.0,0.0,0.0,square,2,0.2,1.0,29,58,19.930220127105713,0.0
1779528391.1654093,0.0,0.0,-0.1989675347273536,0.0,0.0,0.0,-0.0792,1.4652,0.396,0.0,0.0,-0.2,0.0,0.0,-0.1989675347273536,0.0,0.0,0.0,square,2,0.2,1.0,29,58,19.93999719619751,0.0
1779528391.175421,0.0,0.0,-0.1989675347273536,0.0,0.0,0.0,-0.0792,1.3464,0.27720000000000006,0.0,0.0,-0.2,0.0,0.0,-0.1989675347273536,0.0020777729190408684,0.0,0.0,square,2,0.2,1.0,29,58,19.94999647140503,0.0
1779528391.185524,0.0,0.0,-0.1989675347273536,0.0020777729190408684,0.0,0.0,0.1584,1.3860000000000001,0.35639999999999994,0.0,0.0,-0.2,0.0,0.0,-0.1989675347273536,0.0020777729190408684,0.0,0.0,square,2,0.2,1.0,29,58,19.960008144378662,0.0
1779528391.1954129,0.0,0.0,-0.1989675347273536,0.0020777729190408684,0.0,0.0,0.1584,1.3860000000000001,0.35639999999999994,0.0,0.0,-0.2,0.0,0.0,-0.1989675347273536,-0.0020777729190408684,0.0,0.0,square,2,0.2,1.0,29,58,19.97011113166809,0.0
1779528391.2054238,0.0,0.0,-0.1989675347273536,-0.0020777729190408684,0.0,0.0,0.0,1.3860000000000001,0.198,0.0,0.0,-0.2,0.0,0.0,-0.1989675347273536,0.0,0.0,0.0,square,2,0.2,1.0,29,58,19.980000019073486,0.0
1779528391.2154107,0.0,0.0,-0.1989675347273536,0.0,0.0,0.0,0.0,1.4652,-0.1584,0.0,0.0,-0.2,0.0,0.0,-0.1989675347273536,-0.0020777729190408684,0.0,0.0,square,2,0.2,1.0,29,58,19.990010976791382,0.0
1779528391.2254126,0.0,0.0,-0.1989675347273536,-0.0020777729190408684,0.0,0.0,-0.0792,1.3464,-0.1584,0.0,0.0,-0.2,0.0,0.0,-0.1989675347273536,0.0,0.0,0.0,square,2,0.2,1.0,29,58,19.999997854232788,0.0
