t,q_0,q_1,q_2,dq_0,dq_1,dq_2,tau_0,tau_1,tau_2,cmd_0,cmd_1,cmd_2,q_next_0,q_next_1,q_next_2,dq_next_0,dq_next_1,dq_next_2,signal_type,active_joint,amplitude,frequency,combo_index,segment_id,local_t,hold_s
1779527845.9954145,0.0,0.0,0.0,0.0020777729190408684,0.0,0.0,-0.0792,1.4652,-0.2376,0.2,0.0,0.0,0.0,0.0,0.0,0.0020777729190408684,0.0,0.0,square,0,0.2,0.5,4,8,0.0,0.0
1779527846.0054243,0.0,0.0,0.0,0.0020777729190408684,0.0,0.0,-0.1188,1.584,-0.0792,0.2,0.0,0.0,0.0,0.0,0.0,0.0,0.0,0.0,square,0,0.2,0.5,4,8,0.009940862655639648,0.0
1779527846.0154123,0.0,0.0,0.0,0.0,0.0,0.0,-0.0792,1.584,-0.2376,0.2,0.0,0.0,0.0017453292519943296,0.0,0.0,0.19946620022792336,0.0,0.0,square,0,0.2,0.5,4,8,0.01995062828063965,0.0
1779527846.0254369,0.0017453292519943296,0.0,0.0,0.19946620022792336,0.0,0.0,13.503600000000002,2.1780000000000004,-0.1584,0.2,0.0,0.0,0.022689280275926284,0.0,0.0,1.749484797832411,0.0020777729190408684,0.0,square,0,0.2,0.5,4,8,0.029938697814941406,0.0
1779527846.0354521,0.022689280275926284,0.0,0.0,1.749484797832411,0.0020777729190408684,0.0,5.5836,1.9404,-0.4356,0.2,0.0,0.0,0.047123889803846894,0.0,0.0,2.2356836608879744,0.004155545838081737,0.0,square,0,0.2,0.5,4,8,0.0399632453918457,0.0
1779527846.045414,0.047123889803846894,0.0,0.0,2.2356836608879744,0.004155545838081737,0.0,3.3264,1.8612000000000002,-0.8316,0.2,0.0,0.0,0.06981317007977318,0.0,0.0,2.306327940135364,0.0,0.0,square,0,0.2,0.5,4,8,0.04997849464416504,0.0
1779527846.0554144,0.06981317007977318,0.0,0.0,2.306327940135364,0.0,0.0,-0.5544000000000001,1.584,-1.0296,0.2,0.0,0.0,0.09250245035569947,0.0,0.0,2.158806062883462,-0.006233318757122605,-0.0020777729190408684,square,0,0.2,0.5,4,8,0.059940338134765625,0.0
1779527846.065412,0.09250245035569947,0.0,0.0,2.158806062883462,-0.006233318757122605,-0.0020777729190408684,-0.6732,1.3068,0.396,0.2,0.0,0.0,0.10995574287564278,0.0,0.0,1.8741511729748632,-0.01246663751424521,0.0,square,0,0.2,0.5,4,8,0.06994080543518066,0.0
1779527846.0754135,0.10995574287564278,0.0,0.0,1.8741511729748632,-0.01246663751424521,0.0,-1.1483999999999999,0.9504,-0.6732,0.2,0.0,0.0,0.12566370614359174,0.0,0.0,1.6123517851757139,-0.018699956271367814,0.0020777729190408684,square,0,0.2,0.5,4,8,0.07993841171264648,0.0
1779527846.085424,0.12566370614359174,0.0,0.0,1.6123517851757139,-0.018699956271367814,0.0020777729190408684,-0.6732,0.5148,-0.9504,0.2,0.0,0.0,0.13788101090755203,0.0,0.0,1.3692523536479322,-0.008311091676163474,0.0020777729190408684,square,0,0.2,0.5,4,8,0.08993983268737793,0.0
1779527846.0953918,0.13788101090755203,0.0,0.0,1.3692523536479322,-0.008311091676163474,0.0020777729190408684,-0.4752,0.6732,0.7127999999999999,0.2,0.0,0.0,0.15009831567151233,0.0,0.0,1.1739416992580907,0.008311091676163474,0.0,square,0,0.2,0.5,4,8,0.09995031356811523,0.0
1779527846.1054149,0.15009831567151233,0.0,0.0,1.1739416992580907,0.008311091676163474,0.0,-1.1880000000000002,1.1088000000000002,-0.7127999999999999,0.2,0.0,0.0,0.158824961931484,0.0,0.0,0.9827865907063308,0.029088820866572156,-0.004155545838081737,square,0,0.2,0.5,4,8,0.10991811752319336,0.0
1779527846.1154144,0.158824961931484,0.0,0.0,0.9827865907063308,0.029088820866572156,-0.004155545838081737,-1.4652,1.7424,-0.7127999999999999,0.2,0.0,0.0,0.16755160819145565,0.0,0.0,0.8124092113449796,0.018699956271367814,-0.0020777729190408684,square,0,0.2,0.5,4,8,0.11994123458862305,0.0
1779527846.1254163,0.16755160819145565,0.0,0.0,0.8124092113449796,0.018699956271367814,-0.0020777729190408684,-0.9504,1.9404,0.5940000000000001,0.2,0.0,0.0,0.17278759594743864,0.0,0.0,0.6420318319836283,0.004155545838081737,0.0,square,0,0.2,0.5,4,8,0.12994074821472168,0.0
1779527846.1353934,0.17278759594743864,0.0,0.0,0.6420318319836283,0.004155545838081737,0.0,-0.0396,1.6632,-0.35639999999999994,0.2,0.0,0.0,0.17802358370342164,0.0,0.0,0.5028210464078902,0.0,0.0,square,0,0.2,0.5,4,8,0.13994264602661133,0.0
1779527846.145412,0.17802358370342164,0.0,0.0,0.5028210464078902,0.0,0.0,0.9504,1.6236000000000002,-0.1584,0.2,0.0,0.0,0.18151424220741028,0.0,0.0,0.4217879025652963,-0.006233318757122605,0.0020777729190408684,square,0,0.2,0.5,4,8,0.14991974830627441,0.0
1779527846.1554127,0.18151424220741028,0.0,0.0,0.4217879025652963,-0.006233318757122605,0.0020777729190408684,1.0296,1.2672,-0.27720000000000006,0.2,0.0,0.0,0.18500490071139894,0.0,0.0,0.3864657629416015,-0.006233318757122605,0.0020777729190408684,square,0,0.2,0.5,4,8,0.15993833541870117,0.0
1779527846.1654162,0.18500490071139894,0.0,0.0,0.3864657629416015,-0.006233318757122605,0.0020777729190408684,-0.35639999999999994,1.1483999999999999,-0.0792,0.2,0.0,0.0,0.18849555921538758,0.0,0.0,0.3012770732609259,0.0,0.0,square,0,0.2,0.5,4,8,0.1699390411376953,0.0
1779527846.1754782,0.18849555921538758,0.0,0.0,0.3012770732609259,0.0,0.0,0.0,1.3464,-0.4356,0.2,0.0,0.0,0.19024088846738194,0.0,0.0,0.25556606904202683,0.0,0.0,square,0,0.2,0.5,4,8,0.17994260787963867,0.0
1779527846.1854079,0.19024088846738194,0.0,0.0,0.25556606904202683,0.0,0.0,-0.4752,1.1880000000000002,-0.1188,0.2,0.0,0.0,0.19198621771937624,0.0,0.0,0.18699956271367815,0.0,0.0020777729190408684,square,0,0.2,0.5,4,8,0.19000458717346191,0.0
1779527846.19541,0.19198621771937624,0.0,0.0,0.18699956271367815,0.0,0.0020777729190408684,0.198,1.2276,0.27720000000000006,0.2,0.0,0.0,0.1937315469713706,0.0,0.0,0.1433663314138199,0.0,0.0,square,0,0.2,0.5,4,8,0.1999342441558838,0.0
1779527846.205411,0.1937315469713706,0.0,0.0,0.1433663314138199,0.0,0.0,0.396,1.2672,-0.27720000000000006,0.2,0.0,0.0,0.1937315469713706,0.0,0.0,0.1433663314138199,0.0,0.0,square,0,0.2,0.5,4,8,0.20993638038635254,0.0
1779527846.2154207,0.1937315469713706,0.0,0.0,0.1433663314138199,0.0,0.0,0.396,1.2672,-0.27720000000000006,0.2,0.0,0.0,0.19722220547535924,0.0,0.0,0.1121997376282069,0.0020777729190408684,0.0,square,0,0.2,0.5,4,8,0.21993732452392578,0.0
1779527846.225446,0.19722220547535924,0.0,0.0,0.1121997376282069,0.0020777729190408684,0.0,0.5940000000000001,1.3068,-0.27720000000000006,0.2,0.0,0.0,0.19722220547535924,0.0,0.0,0.08934423551875734,0.006233318757122605,0.0,square,0,0.2,0.5,4,8,0.22994709014892578,0.0
1779527846.2354126,0.19722220547535924,0.0,0.0,0.08934423551875734,0.006233318757122605,0.0,-0.5940000000000001,1.4255999999999998,-0.3168,0.2,0.0,0.0,0.19722220547535924,0.0,0.0,0.03739991254273563,0.004155545838081737,0.0,square,0,0.2,0.5,4,8,0.23997235298156738,0.0
1779527846.2454073,0.19722220547535924,0.0,0.0,0.03739991254273563,0.004155545838081737,0.0,0.4356,1.584,-0.2376,0.2,0.0,0.0,0.19722220547535924,0.0,0.0,0.02701104794753129,0.0020777729190408684,0.0,square,0,0.2,0.5,4,8,0.24993896484375,0.0
1779527846.2554312,0.19722220547535924,0.0,0.0,0.02701104794753129,0.0020777729190408684,0.0,0.5544000000000001,1.6236000000000002,0.396,0.2,0.0,0.0,0.1989675347273536,0.0,0.0,0.04155545838081737,0.0,0.0,square,0,0.2,0.5,4,8,0.2599337100982666,0.0
1779527846.2654197,0.1989675347273536,0.0,0.0,0.04155545838081737,0.0,0.0,-0.0792,1.6632,-0.3168,0.2,0.0,0.0,0.1989675347273536,0.0,0.0,0.02701104794753129,-0.0020777729190408684,0.0,square,0,0.2,0.5,4,8,0.2699575424194336,0.0
1779527846.275449,0.1989675347273536,0.0,0.0,0.02701104794753129,-0.0020777729190408684,0.0,0.0,1.2672,-0.1188,0.2,0.0,0.0,0.1989675347273536,0.0,0.0,0.018699956271367814,-0.004155545838081737,0.0,square,0,0.2,0.5,4,8,0.27994608879089355,0.0
1779527846.2854111,0.1989675347273536,0.0,0.0,0.018699956271367814,-0.004155545838081737,0.0,0.0792,1.4255999999999998,-0.0792,0.2,0.0,0.0,0.1989675347273536,0.0,0.0,0.010388864595204342,-0.006233318757122605,0.0,square,0,0.2,0.5,4,8,0.2899754047393799,0.0
1779527846.2954156,0.1989675347273536,0.0,0.0,0.010388864595204342,-0.006233318757122605,0.0,0.2376,1.2276,-0.4356,0.2,0.0,0.0,0.1989675347273536,0.0,0.0,0.004155545838081737,-0.004155545838081737,0.0,square,0,0.2,0.5,4,8,0.29993748664855957,0.0
1779527846.3054132,0.1989675347273536,0.0,0.0,0.004155545838081737,-0.004155545838081737,0.0,0.35639999999999994,1.2276,-0.3168,0.2,0.0,0.0,0.1989675347273536,0.0,0.0,0.0,0.0,0.0,square,0,0.2,0.5,4,8,0.30994200706481934,0.0
1779527846.315414,0.1989675347273536,0.0,0.0,0.0,0.0,0.0,0.4752,1.2672,-0.3168,0.2,0.0,0.0,0.1989675347273536,0.0,0.0,0.0,0.0020777729190408684,-0.0020777729190408684,square,0,0.2,0.5,4,8,0.31993961334228516,0.0
1779527846.3254101,0.1989675347273536,0.0,0.0,0.0,0.0020777729190408684,-0.0020777729190408684,0.5148,1.584,-0.198,0.2,0.0,0.0,0.1989675347273536,0.0,0.0,0.0020777729190408684,0.004155545838081737,0.0,square,0,0.2,0.5,4,8,0.3299403190612793,0.0
1779527846.3354106,0.1989675347273536,0.0,0.0,0.0020777729190408684,0.004155545838081737,0.0,0.5148,1.4652,-0.35639999999999994,0.2,0.0,0.0,0.1989675347273536,0.0,0.0,0.0020777729190408684,0.0020777729190408684,0.0,square,0,0.2,0.5,4,8,0.3399364948272705,0.0
1779527846.3454683,0.1989675347273536,0.0,0.0,0.0020777729190408684,0.0020777729190408684,0.0,0.4356,1.584,-0.4752,0.2,0.0,0.0,0.1989675347273536,0.0,0.0,0.01246663751424521,0.0,0.0,square,0,0.2,0.5,4,8,0.34993696212768555,0.0
1779527846.3553922,0.1989675347273536,0.0,0.0,0.01246663751424521,0.0,0.0,0.0,1.3860000000000001,-0.27720000000000006,0.2,0.0,0.0,0.1989675347273536,0.0,0.0,0.016622183352326948,0.0,0.0,square,0,0.2,0.5,4,8,0.35999464988708496,0.0
1779527846.3654125,0.1989675347273536,0.0,0.0,0.016622183352326948,0.0,0.0,0.198,1.5048000000000001,-0.2376,0.2,0.0,0.0,0.1989675347273536,0.0,0.0,0.014544410433286078,-0.0020777729190408684,-0.0020777729190408684,square,0,0.2,0.5,4,8,0.3699185848236084,0.0
1779527846.3754148,0.1989675347273536,0.0,0.0,0.014544410433286078,-0.0020777729190408684,-0.0020777729190408684,0.3168,1.4652,0.3168,0.2,0.0,0.0,0.1989675347273536,0.0,0.0,0.006233318757122605,0.0,0.0,square,0,0.2,0.5,4,8,0.37993884086608887,0.0
1779527846.3854403,0.1989675347273536,0.0,0.0,0.006233318757122605,0.0,0.0,0.2376,1.3464,-0.198,0.2,0.0,0.0,0.1989675347273536,0.0,0.0,0.0,0.0,0.0,square,0,0.2,0.5,4,8,0.3899412155151367,0.0
1779527846.395425,0.1989675347273536,0.0,0.0,0.0,0.0,0.0,-0.0792,1.5444,-0.3168,0.2,0.0,0.0,0.1989675347273536,0.0,0.0,-0.0020777729190408684,0.0,0.0,square,0,0.2,0.5,4,8,0.3999667167663574,0.0
1779527846.4054117,0.1989675347273536,0.0,0.0,-0.0020777729190408684,0.0,0.0,-0.0792,1.5048000000000001,-0.27720000000000006,0.2,0.0,0.0,0.1989675347273536,0.0,0.0,-0.0020777729190408684,0.0,0.0,square,0,0.2,0.5,4,8,0.40995144844055176,0.0
1779527846.4154117,0.1989675347273536,0.0,0.0,-0.0020777729190408684,0.0,0.0,-0.0396,1.3860000000000001,-0.1584,0.2,0.0,0.0,0.1989675347273536,0.0,0.0,0.0,0.0,-0.0020777729190408684,square,0,0.2,0.5,4,8,0.4199380874633789,0.0
1779527846.4254122,0.1989675347273536,0.0,0.0,0.0,0.0,-0.0020777729190408684,-0.0396,1.3068,-0.35639999999999994,0.2,0.0,0.0,0.1989675347273536,0.0,0.0,0.0,0.0,0.0020777729190408684,square,0,0.2,0.5,4,8,0.42993807792663574,0.0
1779527846.435411,0.1989675347273536,0.0,0.0,0.0,0.0,0.0020777729190408684,-0.0396,1.3068,-0.3168,0.2,0.0,0.0,0.1989675347273536,0.0,0.0,0.0,0.0,0.0,square,0,0.2,0.5,4,8,0.4399385452270508,0.0
1779527846.4454076,0.1989675347273536,0.0,0.0,0.0,0.0,0.0,0.1188,1.3860000000000001,-0.35639999999999994,0.2,0.0,0.0,0.1989675347273536,0.0,0.0,0.0,0.0,-0.0020777729190408684,square,0,0.2,0.5,4,8,0.4499373435974121,0.0
1779527846.4555604,0.1989675347273536,0.0,0.0,0.0,0.0,-0.0020777729190408684,0.1584,1.5444,-0.3168,0.2,0.0,0.0,0.1989675347273536,0.0,0.0,0.0,0.0020777729190408684,0.0,square,0,0.2,0.5,4,8,0.4599339962005615,0.0
1779527846.4654658,0.1989675347273536,0.0,0.0,0.0,0.0020777729190408684,0.0,0.2376,1.5444,-0.198,0.2,0.0,0.0,0.1989675347273536,0.0,0.0,0.0,0.0,0.0,square,0,0.2,0.5,4,8,0.47008681297302246,0.0
1779527846.475417,0.1989675347273536,0.0,0.0,0.0,0.0,0.0,0.2376,1.3860000000000001,-0.3168,0.2,0.0,0.0,0.1989675347273536,0.0,0.0,0.0,0.0,0.0,square,0,0.2,0.5,4,8,0.479992151260376,0.0
1779527846.4854138,0.1989675347273536,0.0,0.0,0.0,0.0,0.0,0.3168,1.5048000000000001,-0.198,0.2,0.0,0.0,0.1989675347273536,0.0,0.0,0.0020777729190408684,0.0,0.0020777729190408684,square,0,0.2,0.5,4,8,0.489943265914917,0.0
1779527846.495413,0.1989675347273536,0.0,0.0,0.0020777729190408684,0.0,0.0020777729190408684,0.396,1.5444,-0.27720000000000006,0.2,0.0,0.0,0.1989675347273536,0.0,0.0,0.0,0.0,0.0,square,0,0.2,0.5,4,8,0.4999401569366455,0.0
1779527846.505429,0.1989675347273536,0.0,0.0,0.0,0.0,0.0,0.35639999999999994,1.4255999999999998,-0.27720000000000006,0.2,0.0,0.0,0.1989675347273536,0.0,0.0,0.0,-0.0020777729190408684,0.0,square,0,0.2,0.5,4,8,0.509939432144165,0.0
1779527846.5154505,0.1989675347273536,0.0,0.0,0.0,-0.0020777729190408684,0.0,0.35639999999999994,1.5444,-0.198,0.2,0.0,0.0,0.1989675347273536,0.0,0.0,-0.006233318757122605,0.0,0.0,square,0,0.2,0.5,4,8,0.5199553966522217,0.0
1779527846.5254111,0.1989675347273536,0.0,0.0,-0.006233318757122605,0.0,0.0,0.2376,1.4652,-0.0792,0.2,0.0,0.0,0.1989675347273536,0.0,0.0,-0.004155545838081737,0.0,0.0020777729190408684,square,0,0.2,0.5,4,8,0.5299768447875977,0.0
1779527846.5354123,0.1989675347273536,0.0,0.0,-0.004155545838081737,0.0,0.0020777729190408684,0.198,1.4255999999999998,-0.396,0.2,0.0,0.0,0.1989675347273536,0.0,0.0,-0.006233318757122605,0.0,0.0,square,0,0.2,0.5,4,8,0.5399374961853027,0.0
1779527846.5454252,0.1989675347273536,0.0,0.0,-0.006233318757122605,0.0,0.0,-0.0396,1.4255999999999998,-0.2376,0.2,0.0,0.0,0.1989675347273536,0.0,0.0,-0.0020777729190408684,0.0,0.0,square,0,0.2,0.5,4,8,0.5499386787414551,0.0
1779527846.5553916,0.1989675347273536,0.0,0.0,-0.0020777729190408684,0.0,0.0,0.1584,1.4255999999999998,-0.2376,0.2,0.0,0.0,0.1989675347273536,0.0,0.0,0.0,0.0,-0.0020777729190408684,square,0,0.2,0.5,4,8,0.5599515438079834,0.0
1779527846.5654197,0.1989675347273536,0.0,0.0,0.0,0.0,-0.0020777729190408684,0.198,1.3860000000000001,-0.198,0.2,0.0,0.0,0.1989675347273536,0.0,0.0,0.0,0.0,0.0,square,0,0.2,0.5,4,8,0.5699179172515869,0.0
1779527846.5754187,0.1989675347273536,0.0,0.0,0.0,0.0,0.0,0.27720000000000006,1.4255999999999998,-0.2376,0.2,0.0,0.0,0.1989675347273536,0.0,0.0,0.0,-0.0020777729190408684,0.0,square,0,0.2,0.5,4,8,0.5799460411071777,0.0
1779527846.5854082,0.1989675347273536,0.0,0.0,0.0,-0.0020777729190408684,0.0,0.35639999999999994,1.4652,-0.4356,0.2,0.0,0.0,0.1989675347273536,0.0,0.0,0.0020777729190408684,-0.0020777729190408684,0.0,square,0,0.2,0.5,4,8,0.5899450778961182,0.0
1779527846.5954227,0.1989675347273536,0.0,0.0,0.0020777729190408684,-0.0020777729190408684,0.0,0.35639999999999994,1.3860000000000001,-0.198,0.2,0.0,0.0,0.1989675347273536,0.0,0.0,0.0,0.0,0.0,square,0,0.2,0.5,4,8,0.5999345779418945,0.0
1779527846.6054127,0.1989675347273536,0.0,0.0,0.0,0.0,0.0,0.396,1.4652,-0.3168,0.2,0.0,0.0,0.1989675347273536,0.0,0.0,0.0,0.0,0.0020777729190408684,square,0,0.2,0.5,4,8,0.6099491119384766,0.0
1779527846.6154077,0.1989675347273536,0.0,0.0,0.0,0.0,0.0020777729190408684,0.3168,1.5048000000000001,-0.198,0.2,0.0,0.0,0.1989675347273536,0.0,0.0,0.0,0.0,0.0020777729190408684,square,0,0.2,0.5,4,8,0.6199390888214111,0.0
1779527846.6254144,0.1989675347273536,0.0,0.0,0.0,0.0,0.0020777729190408684,0.3168,1.5444,-0.396,0.2,0.0,0.0,0.1989675347273536,0.0,0.0,0.0,0.0020777729190408684,0.0,square,0,0.2,0.5,4,8,0.6299340724945068,0.0
1779527846.6354578,0.1989675347273536,0.0,0.0,0.0,0.0020777729190408684,0.0,0.198,1.3860000000000001,-0.396,0.2,0.0,0.0,0.1989675347273536,0.0,0.0,-0.0020777729190408684,0.0020777729190408684,0.0,square,0,0.2,0.5,4,8,0.6399407386779785,0.0
1779527846.6454084,0.1989675347273536,0.0,0.0,-0.0020777729190408684,0.0020777729190408684,0.0,0.2376,1.584,-0.27720000000000006,0.2,0.0,0.0,0.1989675347273536,0.0,0.0,0.0,0.0,0.0,square,0,0.2,0.5,4,8,0.6499841213226318,0.0
1779527846.6554134,0.1989675347273536,0.0,0.0,0.0,0.0,0.0,0.2376,1.4652,-0.2376,0.2,0.0,0.0,0.1989675347273536,0.0,0.0,0.0,0.0,0.0,square,0,0.2,0.5,4,8,0.6599347591400146,0.0
1779527846.6654098,0.1989675347273536,0.0,0.0,0.0,0.0,0.0,0.2376,1.4652,0.27720000000000006,0.2,0.0,0.0,0.1989675347273536,0.0,0.0,0.0,0.0,0.0,square,0,0.2,0.5,4,8,0.6699397563934326,0.0
1779527846.6754198,0.1989675347273536,0.0,0.0,0.0,0.0,0.0,0.27720000000000006,1.584,-0.1584,0.2,0.0,0.0,0.1989675347273536,0.0,0.0,0.0,-0.004155545838081737,0.0,square,0,0.2,0.5,4,8,0.6799361705780029,0.0
1779527846.685413,0.1989675347273536,0.0,0.0,0.0,-0.004155545838081737,0.0,0.35639999999999994,1.3860000000000001,-0.35639999999999994,0.2,0.0,0.0,0.1989675347273536,0.0,0.0,0.0,0.0,0.0,square,0,0.2,0.5,4,8,0.689946174621582,0.0
1779527846.6954145,0.1989675347273536,0.0,0.0,0.0,0.0,0.0,0.396,1.5444,-0.35639999999999994,0.2,0.0,0.0,0.1989675347273536,0.0,0.0,0.0,0.0,0.0,square,0,0.2,0.5,4,8,0.6999392509460449,0.0
1779527846.7054143,0.1989675347273536,0.0,0.0,0.0,0.0,0.0,0.35639999999999994,1.3860000000000001,-0.396,0.2,0.0,0.0,0.1989675347273536,0.0,0.0,0.0,0.0,0.0020777729190408684,square,0,0.2,0.5,4,8,0.7099409103393555,0.0
1779527846.7154233,0.1989675347273536,0.0,0.0,0.0,0.0,0.0020777729190408684,0.35639999999999994,1.5048000000000001,-0.2376,0.2,0.0,0.0,0.1989675347273536,0.0,0.0,0.0,-0.0020777729190408684,0.0,square,0,0.2,0.5,4,8,0.7199406623840332,0.0
1779527846.7254188,0.1989675347273536,0.0,0.0,0.0,-0.0020777729190408684,0.0,0.27720000000000006,1.4255999999999998,-0.35639999999999994,0.2,0.0,0.0,0.1989675347273536,0.0,0.0,-0.0020777729190408684,0.0,-0.0020777729190408684,square,0,0.2,0.5,4,8,0.7299497127532959,0.0
1779527846.7354124,0.1989675347273536,0.0,0.0,-0.0020777729190408684,0.0,-0.0020777729190408684,0.2376,1.584,-0.396,0.2,0.0,0.0,0.1989675347273536,0.0,0.0,-0.0020777729190408684,0.0,0.0,square,0,0.2,0.5,4,8,0.7399451732635498,0.0
1779527846.745411,0.1989675347273536,0.0,0.0,-0.0020777729190408684,0.0,0.0,0.2376,1.584,-0.396,0.2,0.0,0.0,0.1989675347273536,0.0,0.0,0.0,0.0020777729190408684,0.0,square,0,0.2,0.5,4,8,0.7499387264251709,0.0
1779527846.7554305,0.1989675347273536,0.0,0.0,0.0,0.0020777729190408684,0.0,0.198,1.4255999999999998,0.396,0.2,0.0,0.0,0.1989675347273536,0.0,0.0,0.0,0.0,0.0,square,0,0.2,0.5,4,8,0.7599372863769531,0.0
1779527846.765465,0.1989675347273536,0.0,0.0,0.0,0.0,0.0,0.198,1.584,-0.35639999999999994,0.2,0.0,0.0,0.1989675347273536,0.0,0.0,0.0,0.0,0.0,square,0,0.2,0.5,4,8,0.7699568271636963,0.0
1779527846.7754643,0.1989675347273536,0.0,0.0,0.0,0.0,0.0,0.3168,1.4255999999999998,-0.27720000000000006,0.2,0.0,0.0,0.1989675347273536,0.0,0.0,0.004155545838081737,0.0,0.0020777729190408684,square,0,0.2,0.5,4,8,0.7799913883209229,0.0
1779527846.785409,0.1989675347273536,0.0,0.0,0.004155545838081737,0.0,0.0020777729190408684,0.27720000000000006,1.5444,-0.3168,0.2,0.0,0.0,0.1989675347273536,0.0,0.0,0.0,0.0,0.0,square,0,0.2,0.5,4,8,0.7899906635284424,0.0
1779527846.795427,0.1989675347273536,0.0,0.0,0.0,0.0,0.0,0.35639999999999994,1.3464,-0.198,0.2,0.0,0.0,0.1989675347273536,0.0,0.0,0.0,0.0,0.0020777729190408684,square,0,0.2,0.5,4,8,0.7999353408813477,0.0
1779527846.805418,0.1989675347273536,0.0,0.0,0.0,0.0,0.0020777729190408684,0.3168,1.5048000000000001,-0.396,0.2,0.0,0.0,0.1989675347273536,0.0,0.0,-0.0020777729190408684,0.0,0.0,square,0,0.2,0.5,4,8,0.8099534511566162,0.0
1779527846.8154101,0.1989675347273536,0.0,0.0,-0.0020777729190408684,0.0,0.0,0.2376,1.5444,-0.198,0.2,0.0,0.0,0.1989675347273536,0.0,0.0,-0.004155545838081737,0.0,0.0,square,0,0.2,0.5,4,8,0.8199443817138672,0.0
1779527846.8254104,0.1989675347273536,0.0,0.0,-0.004155545838081737,0.0,0.0,0.198,1.584,-0.27720000000000006,0.2,0.0,0.0,0.1989675347273536,0.0,0.0,0.0,0.0,0.0,square,0,0.2,0.5,4,8,0.8299365043640137,0.0
1779527846.836227,0.1989675347273536,0.0,0.0,0.0,0.0,0.0,0.1188,1.4652,-0.3168,0.2,0.0,0.0,0.1989675347273536,0.0,0.0,0.0,0.0,0.0,square,0,0.2,0.5,4,8,0.8399367332458496,0.0
1779527846.8454018,0.1989675347273536,0.0,0.0,0.0,0.0,0.0,0.198,1.3464,-0.27720000000000006,0.2,0.0,0.0,0.1989675347273536,0.0,0.0,0.0020777729190408684,0.0,0.0,square,0,0.2,0.5,4,8,0.8507533073425293,0.0
1779527846.8554115,0.1989675347273536,0.0,0.0,0.0020777729190408684,0.0,0.0,0.1584,1.4652,-0.3168,0.2,0.0,0.0,0.1989675347273536,0.0,0.0,0.0,0.0,0.0,square,0,0.2,0.5,4,8,0.8599281311035156,0.0
1779527846.8654244,0.1989675347273536,0.0,0.0,0.0,0.0,0.0,0.198,1.4652,-0.3168,0.2,0.0,0.0,0.1989675347273536,0.0,0.0,0.0,0.0,0.0,square,0,0.2,0.5,4,8,0.8699378967285156,0.0
1779527846.875551,0.1989675347273536,0.0,0.0,0.0,0.0,0.0,0.198,1.4255999999999998,-0.27720000000000006,0.2,0.0,0.0,0.1989675347273536,0.0,0.0,0.0020777729190408684,-0.0020777729190408684,0.0,square,0,0.2,0.5,4,8,0.879950761795044,0.0
1779527846.8854525,0.1989675347273536,0.0,0.0,0.0020777729190408684,-0.0020777729190408684,0.0,0.27720000000000006,1.3464,-0.27720000000000006,0.2,0.0,0.0,0.1989675347273536,0.0,0.0,0.0,0.0,0.0,square,0,0.2,0.5,4,8,0.8900773525238037,0.0
1779527846.8954184,0.1989675347273536,0.0,0.0,0.0,0.0,0.0,0.27720000000000006,1.5048000000000001,-0.396,0.2,0.0,0.0,0.1989675347273536,0.0,0.0,0.0,0.0020777729190408684,0.0,square,0,0.2,0.5,4,8,0.8999788761138916,0.0
1779527846.9054623,0.1989675347273536,0.0,0.0,0.0,0.0020777729190408684,0.0,0.27720000000000006,1.5048000000000001,-0.35639999999999994,0.2,0.0,0.0,0.1989675347273536,0.0,0.0,0.0,0.0,0.0,square,0,0.2,0.5,4,8,0.9099447727203369,0.0
1779527846.915411,0.1989675347273536,0.0,0.0,0.0,0.0,0.0,0.2376,1.5048000000000001,-0.2376,0.2,0.0,0.0,0.1989675347273536,0.0,0.0,0.0,0.0020777729190408684,0.0,square,0,0.2,0.5,4,8,0.9199886322021484,0.0
1779527846.9254303,0.1989675347273536,0.0,0.0,0.0,0.0020777729190408684,0.0,0.198,1.584,-0.35639999999999994,0.2,0.0,0.0,0.1989675347273536,0.0,0.0,-0.0020777729190408684,0.0,0.0,square,0,0.2,0.5,4,8,0.9299373626708984,0.0
1779527846.9354184,0.1989675347273536,0.0,0.0,-0.0020777729190408684,0.0,0.0,0.1584,1.584,-0.35639999999999994,0.2,0.0,0.0,0.1989675347273536,0.0,0.0,-0.0020777729190408684,0.0,0.0,square,0,0.2,0.5,4,8,0.9399566650390625,0.0
1779527846.9454095,0.1989675347273536,0.0,0.0,-0.0020777729190408684,0.0,0.0,0.1188,1.4255999999999998,-0.35639999999999994,0.2,0.0,0.0,0.1989675347273536,0.0,0.0,0.0,0.0,0.0,square,0,0.2,0.5,4,8,0.9499447345733643,0.0
1779527846.9554102,0.1989675347273536,0.0,0.0,0.0,0.0,0.0,0.27720000000000006,1.5048000000000001,-0.27720000000000006,0.2,0.0,0.0,0.1989675347273536,0.0,0.0,0.0,-0.0020777729190408684,0.0,square,0,0.2,0.5,4,8,0.9599359035491943,0.0
1779527846.9654284,0.1989675347273536,0.0,0.0,0.0,-0.0020777729190408684,0.0,0.27720000000000006,1.584,-0.198,0.2,0.0,0.0,0.1989675347273536,0.0,0.0,0.0020777729190408684,0.0,0.0,square,0,0.2,0.5,4,8,0.9699366092681885,0.0
1779527846.975419,0.1989675347273536,0.0,0.0,0.0020777729190408684,0.0,0.0,0.2376,1.4652,-0.27720000000000006,0.2,0.0,0.0,0.1989675347273536,0.0,0.0,0.0,0.0,0.0,square,0,0.2,0.5,4,8,0.979954719543457,0.0
1779527846.9854112,0.1989675347273536,0.0,0.0,0.0,0.0,0.0,0.1584,1.5444,-0.396,0.2,0.0,0.0,0.1989675347273536,0.0,0.0,0.0,0.0,0.0020777729190408684,square,0,0.2,0.5,4,8,0.9899454116821289,0.0
1779527846.9954138,0.1989675347273536,0.0,0.0,0.0,0.0,0.0020777729190408684,0.27720000000000006,1.4255999999999998,-0.35639999999999994,0.2,0.0,0.0,0.1989675347273536,0.0,0.0,0.0020777729190408684,0.0,0.0,square,0,0.2,0.5,4,8,0.9999375343322754,0.0
1779527847.005991,0.1989675347273536,0.0,0.0,0.0020777729190408684,0.0,0.0,0.2376,1.584,-0.4356,-0.2,0.0,0.0,0.1989675347273536,0.0,0.0,0.0,0.0,-0.0020777729190408684,square,0,0.2,0.5,4,8,1.0099401473999023,0.0
1779527847.015454,0.1989675347273536,0.0,0.0,0.0,0.0,-0.0020777729190408684,0.198,1.3860000000000001,-0.27720000000000006,-0.2,0.0,0.0,0.1989675347273536,0.0,0.0,0.0,0.0,0.0020777729190408684,square,0,0.2,0.5,4,8,1.020517349243164,0.0
1779527847.0254107,0.1989675347273536,0.0,0.0,0.0,0.0,0.0020777729190408684,0.1584,1.4255999999999998,-0.35639999999999994,-0.2,0.0,0.0,0.19722220547535924,0.0,0.0,-0.20154397314696423,0.0,0.0,square,0,0.2,0.5,4,8,1.0299804210662842,0.0
1779527847.0354133,0.19722220547535924,0.0,0.0,-0.20154397314696423,0.0,0.0,13.107600000000001,2.2176000000000005,-0.396,-0.2,0.0,0.0,0.17453292519943295,0.0,0.0,-1.7744180728609016,0.0,0.0,square,0,0.2,0.5,4,8,1.0399370193481445,0.0
1779527847.0454354,0.17453292519943295,0.0,0.0,-1.7744180728609016,0.0,0.0,3.8412,1.782,2.0988,-0.2,0.0,0.0,0.14137166941154067,0.0,0.0,-3.1748370202944467,-0.004155545838081737,0.0020777729190408684,square,0,0.2,0.5,4,8,1.0499396324157715,0.0
1779527847.0554454,0.14137166941154067,0.0,0.0,-3.1748370202944467,-0.004155545838081737,0.0020777729190408684,6.336,0.4752,-0.0792,-0.2,0.0,0.0,0.0994837673636768,0.0,0.0,-3.8127133064399934,0.0,-0.0020777729190408684,square,0,0.2,0.5,4,8,1.0599617958068848,0.0
1779527847.0654154,0.0994837673636768,0.0,0.0,-3.8127133064399934,0.0,-0.0020777729190408684,7.009200000000001,0.9504,-0.5940000000000001,-0.2,0.0,0.0,0.05585053606381855,0.0,0.0,-4.263590029871862,0.0020777729190408684,0.004155545838081737,square,0,0.2,0.5,4,8,1.0699717998504639,0.0
1779527847.0754662,0.05585053606381855,0.0,0.0,-4.263590029871862,0.0020777729190408684,0.004155545838081737,2.4948,0.7524000000000001,0.1584,-0.2,0.0,0.0,0.012217304763960306,0.0,0.0,-4.357089811228701,0.004155545838081737,0.0020777729190408684,square,0,0.2,0.5,4,8,1.079941749572754,0.0
1779527847.085564,0.012217304763960306,0.0,0.0,-4.357089811228701,0.004155545838081737,0.0020777729190408684,0.7127999999999999,1.3860000000000001,-0.0792,-0.2,0.0,0.0,-0.02617993877991494,0.0,0.0,-4.003868414991754,0.006233318757122605,0.006233318757122605,square,0,0.2,0.5,4,8,1.0899925231933594,0.0
1779527847.0954459,-0.02617993877991494,0.0,0.0,-4.003868414991754,0.006233318757122605,0.006233318757122605,-1.6632,1.5048000000000001,0.1584,-0.2,0.0,0.0,-0.05759586531581287,0.0,0.0,-3.3743032205223704,0.01246663751424521,-0.004155545838081737,square,0,0.2,0.5,4,8,1.1000902652740479,0.0
1779527847.1054106,-0.05759586531581287,0.0,0.0,-3.3743032205223704,0.01246663751424521,-0.004155545838081737,-2.6532,2.4948,0.0,-0.2,0.0,0.0,-0.08552113334772216,0.0,0.0,-2.861093309519276,0.0020777729190408684,-0.004155545838081737,square,0,0.2,0.5,4,8,1.1099722385406494,0.0
1779527847.115411,-0.08552113334772216,0.0,0.0,-2.861093309519276,0.0020777729190408684,-0.004155545838081737,-3.6828000000000003,1.2672,1.3068,-0.2,0.0,0.0,-0.10821041362364843,0.0,0.0,-2.36866112770659,-0.008311091676163474,-0.0020777729190408684,square,0,0.2,0.5,4,8,1.1199369430541992,0.0
1779527847.125409,-0.10821041362364843,0.0,0.0,-2.36866112770659,-0.008311091676163474,-0.0020777729190408684,-4.4748,0.396,0.8712,-0.2,0.0,0.0,-0.12566370614359174,0.0,0.0,-1.9177844042747214,-0.022855502109449553,0.0,square,0,0.2,0.5,4,8,1.1299374103546143,0.0
1779527847.135421,-0.12566370614359174,0.0,0.0,-1.9177844042747214,-0.022855502109449553,0.0,-2.2967999999999997,0.27720000000000006,0.792,-0.2,0.0,0.0,-0.14137166941154067,0.0,0.0,-1.53131864133312,-0.033244366704653895,0.0,square,0,0.2,0.5,4,8,1.1399352550506592,0.0
1779527847.1454113,-0.14137166941154067,0.0,0.0,-1.53131864133312,-0.033244366704653895,0.0,-0.4356,0.1188,0.0792,-0.2,0.0,0.0,-0.1518436449235067,0.0,0.0,-1.2238082493150715,-0.010388864595204342,0.0,square,0,0.2,0.5,4,8,1.1499474048614502,0.0
1779527847.1554105,-0.1518436449235067,0.0,0.0,-1.2238082493150715,-0.010388864595204342,0.0,0.6336,0.6336,-0.4356,-0.2,0.0,0.0,-0.16231562043547265,0.0,0.0,-1.0056420928157803,0.006233318757122605,0.0,square,0,0.2,0.5,4,8,1.1599376201629639,0.0
1779527847.1655388,-0.16231562043547265,0.0,0.0,-1.0056420928157803,0.006233318757122605,0.0,0.396,1.1483999999999999,-0.5940000000000001,-0.2,0.0,0.0,-0.16929693744344998,0.0,0.0,-0.8290313946973065,0.008311091676163474,0.0,square,0,0.2,0.5,4,8,1.1699368953704834,0.0
1779527847.175432,-0.16929693744344998,0.0,0.0,-0.8290313946973065,0.008311091676163474,0.0,0.1584,1.1088000000000002,-0.8712,-0.2,0.0,0.0,-0.1762782544514273,0.0,0.0,-0.6877428362025274,0.029088820866572156,-0.0020777729190408684,square,0,0.2,0.5,4,8,1.1800651550292969,0.0
1779527847.1854103,-0.1762782544514273,0.0,0.0,-0.6877428362025274,0.029088820866572156,-0.0020777729190408684,0.0792,1.9008,-0.4752,-0.2,0.0,0.0,-0.18151424220741028,0.0,0.0,-0.5547653693839119,0.016622183352326948,0.0,square,0,0.2,0.5,4,8,1.1899583339691162,0.0
1779527847.1955578,-0.18151424220741028,0.0,0.0,-0.5547653693839119,0.016622183352326948,0.0,-0.1584,1.8612000000000002,-0.4356,-0.2,0.0,0.0,-0.18500490071139894,0.0,0.0,-0.43217676716050063,0.008311091676163474,0.0020777729190408684,square,0,0.2,0.5,4,8,1.1999366283416748,0.0
1779527847.2054102,-0.18500490071139894,0.0,0.0,-0.43217676716050063,0.008311091676163474,0.0020777729190408684,0.1188,1.9404,-0.5544000000000001,-0.2,0.0,0.0,-0.18849555921538758,0.0,0.0,-0.3365992128846207,0.0,-0.0020777729190408684,square,0,0.2,0.5,4,8,1.2100841999053955,0.0
1779527847.2154293,-0.18849555921538758,0.0,0.0,-0.3365992128846207,0.0,-0.0020777729190408684,0.5940000000000001,1.6236000000000002,-0.4356,-0.2,0.0,0.0,-0.19198621771937624,0.0,0.0,-0.2950437545038033,-0.0020777729190408684,0.0,square,0,0.2,0.5,4,8,1.2199366092681885,0.0
1779527847.2253857,-0.19198621771937624,0.0,0.0,-0.2950437545038033,-0.0020777729190408684,0.0,-0.35639999999999994,1.4255999999999998,0.3168,-0.2,0.0,0.0,-0.1937315469713706,0.0,0.0,-0.22855502109449552,-0.0020777729190408684,-0.0020777729190408684,square,0,0.2,0.5,4,8,1.2299556732177734,0.0
1779527847.2354107,-0.1937315469713706,0.0,0.0,-0.22855502109449552,-0.0020777729190408684,-0.0020777729190408684,-0.4356,1.3860000000000001,0.2376,-0.2,0.0,0.0,-0.1954768762233649,0.0,0.0,-0.17661069811847382,-0.008311091676163474,0.0,square,0,0.2,0.5,4,8,1.2399120330810547,0.0
1779527847.24541,-0.1954768762233649,0.0,0.0,-0.17661069811847382,-0.008311091676163474,0.0,-0.5940000000000001,1.1088000000000002,-0.27720000000000006,-0.2,0.0,0.0,-0.19722220547535924,0.0,0.0,-0.1371330126566973,-0.010388864595204342,0.0,square,0,0.2,0.5,4,8,1.2499370574951172,0.0
1779527847.2554421,-0.19722220547535924,0.0,0.0,-0.1371330126566973,-0.010388864595204342,0.0,-0.7127999999999999,1.0692,-0.4356,-0.2,0.0,0.0,-0.19722220547535924,0.0,0.0,-0.09349978135683908,-0.008311091676163474,0.0,square,0,0.2,0.5,4,8,1.2599363327026367,0.0
1779527847.2654512,-0.19722220547535924,0.0,0.0,-0.09349978135683908,-0.008311091676163474,0.0,-0.3168,1.0692,-0.4752,-0.2,0.0,0.0,-0.19722220547535924,0.0,0.0,-0.04986655005698084,-0.0020777729190408684,0.0,square,0,0.2,0.5,4,8,1.2699685096740723,0.0
1779527847.2754116,-0.19722220547535924,0.0,0.0,-0.04986655005698084,-0.0020777729190408684,0.0,0.396,1.0296,-0.198,-0.2,0.0,0.0,-0.1989675347273536,0.0,0.0,-0.04986655005698084,0.0,0.0,square,0,0.2,0.5,4,8,1.279977560043335,0.0
1779527847.2854118,-0.1989675347273536,0.0,0.0,-0.04986655005698084,0.0,0.0,0.0396,1.1483999999999999,-0.3168,-0.2,0.0,0.0,-0.1989675347273536,0.0,0.0,-0.033244366704653895,0.004155545838081737,0.0,square,0,0.2,0.5,4,8,1.289937973022461,0.0
1779527847.2954082,-0.1989675347273536,0.0,0.0,-0.033244366704653895,0.004155545838081737,0.0,0.1188,1.3860000000000001,-0.4752,-0.2,0.0,0.0,-0.1989675347273536,0.0,0.0,-0.022855502109449553,0.01246663751424521,0.0,square,0,0.2,0.5,4,8,1.2999382019042969,0.0
1779527847.3054109,-0.1989675347273536,0.0,0.0,-0.022855502109449553,0.01246663751424521,0.0,0.198,1.4652,-0.3168,-0.2,0.0,0.0,-0.1989675347273536,0.0,0.0,-0.016622183352326948,0.006233318757122605,-0.0020777729190408684,square,0,0.2,0.5,4,8,1.3099346160888672,0.0
1779527847.3154092,-0.1989675347273536,0.0,0.0,-0.016622183352326948,0.006233318757122605,-0.0020777729190408684,0.27720000000000006,1.7028,-0.396,-0.2,0.0,0.0,-0.1989675347273536,0.0,0.0,-0.014544410433286078,0.0020777729190408684,0.0,square,0,0.2,0.5,4,8,1.3199372291564941,0.0
1779527847.325414,-0.1989675347273536,0.0,0.0,-0.014544410433286078,0.0020777729190408684,0.0,0.27720000000000006,1.6236000000000002,-0.27720000000000006,-0.2,0.0,0.0,-0.1989675347273536,0.0,0.0,-0.010388864595204342,0.0020777729190408684,0.0,square,0,0.2,0.5,4,8,1.3299355506896973,0.0
1779527847.3356848,-0.1989675347273536,0.0,0.0,-0.010388864595204342,0.0020777729190408684,0.0,0.3168,1.6236000000000002,-0.3168,-0.2,0.0,0.0,-0.1989675347273536,0.0,0.0,-0.008311091676163474,0.0,0.0,square,0,0.2,0.5,4,8,1.3399403095245361,0.0
1779527847.345464,-0.1989675347273536,0.0,0.0,-0.008311091676163474,0.0,0.0,0.1188,1.3464,-0.5544000000000001,-0.2,0.0,0.0,-0.1989675347273536,0.0,0.0,-0.010388864595204342,-0.0020777729190408684,0.0,square,0,0.2,0.5,4,8,1.3502111434936523,0.0
1779527847.355426,-0.1989675347273536,0.0,0.0,-0.010388864595204342,-0.0020777729190408684,0.0,0.0,1.3464,-0.27720000000000006,-0.2,0.0,0.0,-0.1989675347273536,0.0,0.0,-0.004155545838081737,-0.006233318757122605,0.0,square,0,0.2,0.5,4,8,1.3599903583526611,0.0
1779527847.365445,-0.1989675347273536,0.0,0.0,-0.004155545838081737,-0.006233318757122605,0.0,-0.1188,1.1880000000000002,-0.396,-0.2,0.0,0.0,-0.1989675347273536,0.0,0.0,-0.0020777729190408684,-0.006233318757122605,0.0,square,0,0.2,0.5,4,8,1.3699524402618408,0.0
1779527847.3754103,-0.1989675347273536,0.0,0.0,-0.0020777729190408684,-0.006233318757122605,0.0,-0.0792,1.1880000000000002,-0.5940000000000001,-0.2,0.0,0.0,-0.1989675347273536,0.0,0.0,-0.0020777729190408684,0.0,0.0,square,0,0.2,0.5,4,8,1.3799712657928467,0.0
1779527847.3854058,-0.1989675347273536,0.0,0.0,-0.0020777729190408684,0.0,0.0,-0.0792,1.3860000000000001,-0.396,-0.2,0.0,0.0,-0.1989675347273536,0.0,0.0,-0.004155545838081737,0.0,0.0,square,0,0.2,0.5,4,8,1.3899366855621338,0.0
1779527847.3954206,-0.1989675347273536,0.0,0.0,-0.004155545838081737,0.0,0.0,-0.0792,1.3860000000000001,-0.35639999999999994,-0.2,0.0,0.0,-0.1989675347273536,0.0,0.0,0.0,0.0020777729190408684,0.0,square,0,0.2,0.5,4,8,1.3999321460723877,0.0
1779527847.4054112,-0.1989675347273536,0.0,0.0,0.0,0.0020777729190408684,0.0,-0.0792,1.4255999999999998,-0.3168,-0.2,0.0,0.0,-0.1989675347273536,0.0,0.0,0.0,0.004155545838081737,0.0,square,0,0.2,0.5,4,8,1.4099469184875488,0.0
1779527847.415408,-0.1989675347273536,0.0,0.0,0.0,0.004155545838081737,0.0,-0.0396,1.5048000000000001,-0.396,-0.2,0.0,0.0,-0.1989675347273536,0.0,0.0,0.0020777729190408684,0.0020777729190408684,0.0,square,0,0.2,0.5,4,8,1.4199376106262207,0.0
1779527847.425425,-0.1989675347273536,0.0,0.0,0.0020777729190408684,0.0020777729190408684,0.0,0.0,1.3068,-0.4752,-0.2,0.0,0.0,-0.1989675347273536,0.0,0.0,0.0020777729190408684,0.0,0.0,square,0,0.2,0.5,4,8,1.4299342632293701,0.0
1779527847.4354215,-0.1989675347273536,0.0,0.0,0.0020777729190408684,0.0,0.0,-0.0396,1.3464,-0.5544000000000001,-0.2,0.0,0.0,-0.1989675347273536,0.0,0.0,0.0020777729190408684,0.0,0.0,square,0,0.2,0.5,4,8,1.4399514198303223,0.0
1779527847.4454093,-0.1989675347273536,0.0,0.0,0.0020777729190408684,0.0,0.0,0.0,1.3860000000000001,-0.35639999999999994,-0.2,0.0,0.0,-0.1989675347273536,0.0,0.0,0.0020777729190408684,0.0,0.0,square,0,0.2,0.5,4,8,1.4499478340148926,0.0
1779527847.4554095,-0.1989675347273536,0.0,0.0,0.0020777729190408684,0.0,0.0,0.0,1.5444,0.4752,-0.2,0.0,0.0,-0.1989675347273536,0.0,0.0,0.0020777729190408684,0.0,0.0,square,0,0.2,0.5,4,8,1.4599356651306152,0.0
1779527847.4655337,-0.1989675347273536,0.0,0.0,0.0020777729190408684,0.0,0.0,0.0,1.5048000000000001,-0.4752,-0.2,0.0,0.0,-0.1989675347273536,0.0,0.0,0.0020777729190408684,0.0,0.0,square,0,0.2,0.5,4,8,1.4699358940124512,0.0
1779527847.4754157,-0.1989675347273536,0.0,0.0,0.0020777729190408684,0.0,0.0,0.0,1.5048000000000001,-0.4752,-0.2,0.0,0.0,-0.1989675347273536,0.0,0.0,0.0,0.0,0.0020777729190408684,square,0,0.2,0.5,4,8,1.48006010055542,0.0
1779527847.4854355,-0.1989675347273536,0.0,0.0,0.0,0.0,0.0020777729190408684,-0.0396,1.5444,-0.3168,-0.2,0.0,0.0,-0.1989675347273536,0.0,0.0,-0.0020777729190408684,-0.0020777729190408684,-0.0020777729190408684,square,0,0.2,0.5,4,8,1.4899420738220215,0.0
1779527847.495413,-0.1989675347273536,0.0,0.0,-0.0020777729190408684,-0.0020777729190408684,-0.0020777729190408684,0.0,1.4652,0.35639999999999994,-0.2,0.0,0.0,-0.1989675347273536,0.0,0.0,0.0,-0.0020777729190408684,0.0,square,0,0.2,0.5,4,8,1.4999618530273438,0.0
1779527847.5054412,-0.1989675347273536,0.0,0.0,0.0,-0.0020777729190408684,0.0,-0.0792,1.3860000000000001,-0.4752,-0.2,0.0,0.0,-0.1989675347273536,0.0,0.0,-0.0020777729190408684,0.0,0.0,square,0,0.2,0.5,4,8,1.509939432144165,0.0
1779527847.5154567,-0.1989675347273536,0.0,0.0,-0.0020777729190408684,0.0,0.0,-0.1188,1.3464,-0.35639999999999994,-0.2,0.0,0.0,-0.1989675347273536,0.0,0.0,-0.0020777729190408684,0.0,0.0,square,0,0.2,0.5,4,8,1.5199675559997559,0.0
1779527847.5254152,-0.1989675347273536,0.0,0.0,-0.0020777729190408684,0.0,0.0,0.198,1.4255999999999998,-0.396,-0.2,0.0,0.0,-0.1989675347273536,0.0,0.0,0.0,0.0,0.0020777729190408684,square,0,0.2,0.5,4,8,1.5299830436706543,0.0
1779527847.53552,-0.1989675347273536,0.0,0.0,0.0,0.0,0.0020777729190408684,0.1584,1.4255999999999998,-0.3168,-0.2,0.0,0.0,-0.1989675347273536,0.0,0.0,-0.0020777729190408684,0.0,0.0,square,0,0.2,0.5,4,8,1.5399415493011475,0.0
1779527847.5480015,-0.1989675347273536,0.0,0.0,-0.0020777729190408684,0.0,0.0,0.1584,1.6236000000000002,-0.4752,-0.2,0.0,0.0,-0.1989675347273536,0.0,0.0,0.0020777729190408684,0.0,0.0,square,0,0.2,0.5,4,8,1.550046443939209,0.0
1779527847.55546,-0.1989675347273536,0.0,0.0,0.0020777729190408684,0.0,0.0,-0.0792,1.5048000000000001,-0.4356,-0.2,0.0,0.0,-0.1989675347273536,0.0,0.0,0.0020777729190408684,0.0,0.0,square,0,0.2,0.5,4,8,1.5625278949737549,0.0
1779527847.5654433,-0.1989675347273536,0.0,0.0,0.0020777729190408684,0.0,0.0,-0.0396,1.3860000000000001,0.27720000000000006,-0.2,0.0,0.0,-0.1989675347273536,0.0,0.0,0.0020777729190408684,-0.0020777729190408684,0.0,square,0,0.2,0.5,4,8,1.569986343383789,0.0
1779527847.575468,-0.1989675347273536,0.0,0.0,0.0020777729190408684,-0.0020777729190408684,0.0,-0.0792,1.4652,-0.27720000000000006,-0.2,0.0,0.0,-0.1989675347273536,0.0,0.0,0.0,0.0,0.0,square,0,0.2,0.5,4,8,1.5799696445465088,0.0
1779527847.585431,-0.1989675347273536,0.0,0.0,0.0,0.0,0.0,0.0,1.3860000000000001,-0.4752,-0.2,0.0,0.0,-0.1989675347273536,0.0,0.0,0.0,0.0,0.0,square,0,0.2,0.5,4,8,1.5899944305419922,0.0
1779527847.5954564,-0.1989675347273536,0.0,0.0,0.0,0.0,0.0,0.0,1.5048000000000001,-0.5940000000000001,-0.2,0.0,0.0,-0.1989675347273536,0.0,0.0,0.0,0.0,0.0020777729190408684,square,0,0.2,0.5,4,8,1.5999574661254883,0.0
1779527847.6059558,-0.1989675347273536,0.0,0.0,0.0,0.0,0.0020777729190408684,-0.0792,1.5444,-0.396,-0.2,0.0,0.0,-0.1989675347273536,0.0,0.0,-0.0020777729190408684,0.0020777729190408684,0.0,square,0,0.2,0.5,4,8,1.6099827289581299,0.0
1779527847.6172297,-0.1989675347273536,0.0,0.0,-0.0020777729190408684,0.0020777729190408684,0.0,0.198,1.584,-0.4356,-0.2,0.0,0.0,-0.1989675347273536,0.0,0.0,0.0,0.004155545838081737,0.0,square,0,0.2,0.5,4,8,1.6204822063446045,0.0
1779527847.6255302,-0.1989675347273536,0.0,0.0,0.0,0.004155545838081737,0.0,-0.198,1.584,-0.35639999999999994,-0.2,0.0,0.0,-0.1989675347273536,0.0,0.0,-0.0020777729190408684,0.0,0.0,square,0,0.2,0.5,4,8,1.631756067276001,0.0
1779527847.6354308,-0.1989675347273536,0.0,0.0,-0.0020777729190408684,0.0,0.0,0.198,1.584,-0.4356,-0.2,0.0,0.0,-0.1989675347273536,0.0,0.0,0.0020777729190408684,0.0020777729190408684,0.0,square,0,0.2,0.5,4,8,1.6400566101074219,0.0
1779527847.6454148,-0.1989675347273536,0.0,0.0,0.0020777729190408684,0.0020777729190408684,0.0,-0.0792,1.6236000000000002,-0.4356,-0.2,0.0,0.0,-0.1989675347273536,0.0,0.0,0.0020777729190408684,0.0,0.0,square,0,0.2,0.5,4,8,1.6499571800231934,0.0
1779527847.6554534,-0.1989675347273536,0.0,0.0,0.0020777729190408684,0.0,0.0,-0.0396,1.6632,-0.4752,-0.2,0.0,0.0,-0.1989675347273536,0.0,0.0,0.0,-0.0020777729190408684,0.0,square,0,0.2,0.5,4,8,1.6599411964416504,0.0
1779527847.6654327,-0.1989675347273536,0.0,0.0,0.0,-0.0020777729190408684,0.0,-0.1188,1.5048000000000001,-0.35639999999999994,-0.2,0.0,0.0,-0.1989675347273536,0.0,0.0,0.0020777729190408684,0.0,-0.0020777729190408684,square,0,0.2,0.5,4,8,1.6699798107147217,0.0
1779527847.675399,-0.1989675347273536,0.0,0.0,0.0020777729190408684,0.0,-0.0020777729190408684,-0.1188,1.584,-0.5940000000000001,-0.2,0.0,0.0,-0.1989675347273536,0.0,0.0,0.0,0.0,0.0,square,0,0.2,0.5,4,8,1.6799590587615967,0.0
1779527847.6854076,-0.1989675347273536,0.0,0.0,0.0,0.0,0.0,-0.1188,1.4255999999999998,-0.4356,-0.2,0.0,0.0,-0.1989675347273536,0.0,0.0,0.0,0.0,0.0,square,0,0.2,0.5,4,8,1.6899254322052002,0.0
1779527847.6954248,-0.1989675347273536,0.0,0.0,0.0,0.0,0.0,-0.1584,1.3860000000000001,-0.4752,-0.2,0.0,0.0,-0.1989675347273536,0.0,0.0,0.0,0.0,0.0,square,0,0.2,0.5,4,8,1.6999340057373047,0.0
1779527847.705429,-0.1989675347273536,0.0,0.0,0.0,0.0,0.0,-0.1188,1.4255999999999998,-0.396,-0.2,0.0,0.0,-0.1989675347273536,0.0,0.0,-0.0020777729190408684,0.0,0.0,square,0,0.2,0.5,4,8,1.7099511623382568,0.0
1779527847.7155442,-0.1989675347273536,0.0,0.0,-0.0020777729190408684,0.0,0.0,0.198,1.3464,-0.4356,-0.2,0.0,0.0,-0.1989675347273536,0.0,0.0,0.0,0.0,0.0,square,0,0.2,0.5,4,8,1.7199554443359375,0.0
1779527847.7254155,-0.1989675347273536,0.0,0.0,0.0,0.0,0.0,0.2376,1.6236000000000002,-0.396,-0.2,0.0,0.0,-0.1989675347273536,0.0,0.0,0.0,0.0020777729190408684,0.0020777729190408684,square,0,0.2,0.5,4,8,1.7300705909729004,0.0
1779527847.7354074,-0.1989675347273536,0.0,0.0,0.0,0.0020777729190408684,0.0020777729190408684,0.2376,1.6236000000000002,-0.5544000000000001,-0.2,0.0,0.0,-0.1989675347273536,0.0,0.0,0.0,0.0,0.0,square,0,0.2,0.5,4,8,1.7399418354034424,0.0
1779527847.7454102,-0.1989675347273536,0.0,0.0,0.0,0.0,0.0,0.1584,1.7424,-0.4356,-0.2,0.0,0.0,-0.1989675347273536,0.0,0.0,0.0,0.0,0.0,square,0,0.2,0.5,4,8,1.7499337196350098,0.0
1779527847.7554324,-0.1989675347273536,0.0,0.0,0.0,0.0,0.0,-0.1188,1.7028,-0.27720000000000006,-0.2,0.0,0.0,-0.1989675347273536,0.0,0.0,0.0,0.0,0.0020777729190408684,square,0,0.2,0.5,4,8,1.7599365711212158,0.0
1779527847.7654257,-0.1989675347273536,0.0,0.0,0.0,0.0,0.0020777729190408684,-0.1584,1.4255999999999998,-0.3168,-0.2,0.0,0.0,-0.1989675347273536,0.0,0.0,0.0020777729190408684,0.0,0.0,square,0,0.2,0.5,4,8,1.769958734512329,0.0
1779527847.7754102,-0.1989675347273536,0.0,0.0,0.0020777729190408684,0.0,0.0,-0.0792,1.584,-0.4356,-0.2,0.0,0.0,-0.1989675347273536,0.0,0.0,0.0,0.0,0.0,square,0,0.2,0.5,4,8,1.779952049255371,0.0
1779527847.7854128,-0.1989675347273536,0.0,0.0,0.0,0.0,0.0,-0.1188,1.4652,-0.5544000000000001,-0.2,0.0,0.0,-0.1989675347273536,0.0,0.0,0.0,-0.0020777729190408684,0.0,square,0,0.2,0.5,4,8,1.7899365425109863,0.0
1779527847.7954273,-0.1989675347273536,0.0,0.0,0.0,-0.0020777729190408684,0.0,-0.1584,1.3860000000000001,-0.35639999999999994,-0.2,0.0,0.0,-0.1989675347273536,0.0,0.0,-0.0020777729190408684,0.0,0.0,square,0,0.2,0.5,4,8,1.7999391555786133,0.0
1779527847.8054192,-0.1989675347273536,0.0,0.0,-0.0020777729190408684,0.0,0.0,0.198,1.5048000000000001,-0.3168,-0.2,0.0,0.0,-0.1989675347273536,0.0,0.0,0.0,0.0,0.0,square,0,0.2,0.5,4,8,1.8099536895751953,0.0
1779527847.8154106,-0.1989675347273536,0.0,0.0,0.0,0.0,0.0,0.2376,1.5048000000000001,-0.4356,-0.2,0.0,0.0,-0.1989675347273536,0.0,0.0,0.0,0.0020777729190408684,0.0,square,0,0.2,0.5,4,8,1.8199455738067627,0.0
1779527847.825412,-0.1989675347273536,0.0,0.0,0.0,0.0020777729190408684,0.0,0.27720000000000006,1.4652,-0.4752,-0.2,0.0,0.0,-0.1989675347273536,0.0,0.0,-0.0020777729190408684,0.0020777729190408684,0.0,square,0,0.2,0.5,4,8,1.8299369812011719,0.0
1779527847.8354123,-0.1989675347273536,0.0,0.0,-0.0020777729190408684,0.0020777729190408684,0.0,0.2376,1.6632,-0.35639999999999994,-0.2,0.0,0.0,-0.1989675347273536,0.0,0.0,0.0020777729190408684,0.0,-0.0020777729190408684,square,0,0.2,0.5,4,8,1.8399384021759033,0.0
1779527847.8454056,-0.1989675347273536,0.0,0.0,0.0020777729190408684,0.0,-0.0020777729190408684,-0.1584,1.4652,-0.5544000000000001,-0.2,0.0,0.0,-0.1989675347273536,0.0,0.0,0.0,0.0,0.0,square,0,0.2,0.5,4,8,1.8499386310577393,0.0
1779527847.8554099,-0.1989675347273536,0.0,0.0,0.0,0.0,0.0,0.1584,1.7028,-0.5940000000000001,-0.2,0.0,0.0,-0.1989675347273536,0.0,0.0,0.0,0.0,0.0,square,0,0.2,0.5,4,8,1.8599319458007812,0.0
1779527847.8654125,-0.1989675347273536,0.0,0.0,0.0,0.0,0.0,-0.1584,1.4255999999999998,-0.5940000000000001,-0.2,0.0,0.0,-0.1989675347273536,0.0,0.0,0.0,0.0020777729190408684,0.0,square,0,0.2,0.5,4,8,1.869936227798462,0.0
1779527847.875677,-0.1989675347273536,0.0,0.0,0.0,0.0020777729190408684,0.0,-0.1188,1.6236000000000002,-0.27720000000000006,-0.2,0.0,0.0,-0.1989675347273536,0.0,0.0,0.0,0.0,0.0,square,0,0.2,0.5,4,8,1.8799388408660889,0.0
1779527847.8854606,-0.1989675347273536,0.0,0.0,0.0,0.0,0.0,-0.1188,1.4652,-0.4356,-0.2,0.0,0.0,-0.1989675347273536,0.0,0.0,0.0,-0.0020777729190408684,0.0,square,0,0.2,0.5,4,8,1.8902034759521484,0.0
1779527847.8954103,-0.1989675347273536,0.0,0.0,0.0,-0.0020777729190408684,0.0,-0.1584,1.5048000000000001,0.5544000000000001,-0.2,0.0,0.0,-0.1989675347273536,0.0,0.0,0.0,0.0,0.0,square,0,0.2,0.5,4,8,1.899986982345581,0.0
1779527847.9055212,-0.1989675347273536,0.0,0.0,0.0,0.0,0.0,0.1584,1.584,-0.396,-0.2,0.0,0.0,-0.1989675347273536,0.0,0.0,0.0,0.0,0.0,square,0,0.2,0.5,4,8,1.9099366664886475,0.0
1779527847.9155865,-0.1989675347273536,0.0,0.0,0.0,0.0,0.0,-0.2376,1.3860000000000001,-0.4752,-0.2,0.0,0.0,-0.1989675347273536,0.0,0.0,-0.0020777729190408684,0.0,0.0,square,0,0.2,0.5,4,8,1.9200475215911865,0.0
1779527847.9253867,-0.1989675347273536,0.0,0.0,-0.0020777729190408684,0.0,0.0,0.27720000000000006,1.4652,-0.4752,-0.2,0.0,0.0,-0.1989675347273536,0.0,0.0,-0.0020777729190408684,0.0,0.0,square,0,0.2,0.5,4,8,1.9301128387451172,0.0
1779527847.9355404,-0.1989675347273536,0.0,0.0,-0.0020777729190408684,0.0,0.0,0.2376,1.6632,-0.2376,-0.2,0.0,0.0,-0.1989675347273536,0.0,0.0,0.0,0.0,0.0,square,0,0.2,0.5,4,8,1.939913034439087,0.0
1779527847.9454117,-0.1989675347273536,0.0,0.0,0.0,0.0,0.0,0.198,1.4255999999999998,-0.396,-0.2,0.0,0.0,-0.1989675347273536,0.0,0.0,0.0,0.0,-0.0020777729190408684,square,0,0.2,0.5,4,8,1.9500668048858643,0.0
1779527847.955572,-0.1989675347273536,0.0,0.0,0.0,0.0,-0.0020777729190408684,0.198,1.5048000000000001,0.2376,-0.2,0.0,0.0,-0.1989675347273536,0.0,0.0,0.0020777729190408684,0.0,0.0,square,0,0.2,0.5,4,8,1.9599380493164062,0.0
1779527847.9654295,-0.1989675347273536,0.0,0.0,0.0020777729190408684,0.0,0.0,0.198,1.6236000000000002,-0.5148,-0.2,0.0,0.0,-0.1989675347273536,0.0,0.0,0.0020777729190408684,0.0,0.0,square,0,0.2,0.5,4,8,1.9700982570648193,0.0
1779527847.9755273,-0.1989675347273536,0.0,0.0,0.0020777729190408684,0.0,0.0,-0.1584,1.6236000000000002,-0.35639999999999994,-0.2,0.0,0.0,-0.1989675347273536,0.0,0.0,0.0020777729190408684,0.0,0.0,square,0,0.2,0.5,4,8,1.9799559116363525,0.0
1779527847.9854114,-0.1989675347273536,0.0,0.0,0.0020777729190408684,0.0,0.0,-0.1584,1.6236000000000002,-0.35639999999999994,-0.2,0.0,0.0,-0.1989675347273536,0.0,0.0,0.0,0.0,0.0,square,0,0.2,0.5,4,8,1.990053653717041,0.0
1779527847.9954107,-0.1989675347273536,0.0,0.0,0.0,0.0,0.0,0.1188,1.584,-0.27720000000000006,-0.2,0.0,0.0,-0.1989675347273536,0.0,0.0,0.0,0.0,0.0,square,0,0.2,0.5,4,8,1.9999377727508545,0.0
1779527848.0053842,-0.1989675347273536,0.0,0.0,0.0,0.0,0.0,-0.0792,1.584,-0.2376,0.2,0.0,0.0,-0.1989675347273536,0.0,0.0,0.0,0.0,0.0,square,0,0.2,0.5,4,8,2.009937047958374,0.0
1779527848.0154107,-0.1989675347273536,0.0,0.0,0.0,0.0,0.0,-0.1188,1.5048000000000001,-0.35639999999999994,0.2,0.0,0.0,-0.1989675347273536,0.0,0.0,0.0,0.0,0.0,square,0,0.2,0.5,4,8,2.0199105739593506,0.0
1779527848.025534,-0.1989675347273536,0.0,0.0,0.0,0.0,0.0,-0.1584,1.6236000000000002,-0.2376,0.2,0.0,0.0,-0.19722220547535924,0.0,0.0,0.1973884273088825,0.0,0.0,square,0,0.2,0.5,4,8,2.0299370288848877,0.0
1779527848.0354092,-0.19722220547535924,0.0,0.0,0.1973884273088825,0.0,0.0,13.107600000000001,2.4552,-0.396,0.2,0.0,0.0,-0.1762782544514273,0.0,0.0,1.7577958895085746,0.0020777729190408684,0.0,square,0,0.2,0.5,4,8,2.04006028175354,0.0
1779527848.0454102,-0.1762782544514273,0.0,0.0,1.7577958895085746,0.0020777729190408684,0.0,5.4252,1.9008,-1.8612000000000002,0.2,0.0,0.0,-0.13962634015954636,0.0,0.0,3.1852258848896513,0.0020777729190408684,0.0,square,0,0.2,0.5,4,8,2.0499355792999268,0.0
1779527848.0554776,-0.13962634015954636,0.0,0.0,3.1852258848896513,0.0020777729190408684,0.0,5.900399999999999,1.1880000000000002,3.0492,0.2,0.0,0.0,-0.10122909661567113,0.0,0.0,3.823102171035198,0.0020777729190408684,0.0,square,0,0.2,0.5,4,8,2.0599365234375,0.0
1779527848.065563,-0.10122909661567113,0.0,0.0,3.823102171035198,0.0020777729190408684,0.0,5.148000000000001,1.0296,-0.99,0.2,0.0,0.0,-0.05585053606381855,0.0,0.0,4.394489723771437,-0.008311091676163474,0.0,square,0,0.2,0.5,4,8,2.0700039863586426,0.0
1779527848.0754216,-0.05585053606381855,0.0,0.0,4.394489723771437,-0.008311091676163474,0.0,-0.0396,0.6336,-0.7127999999999999,0.2,0.0,0.0,-0.010471975511965978,0.0,0.0,4.477600640533072,-0.020777729190408684,0.0020777729190408684,square,0,0.2,0.5,4,8,2.0800893306732178,0.0
1779527848.0854254,-0.010471975511965978,0.0,0.0,4.477600640533072,-0.020777729190408684,0.0020777729190408684,0.1584,0.8712,0.3168,0.2,0.0,0.0,0.027925268031909273,0.0,0.0,3.929068589906282,-0.029088820866572156,0.006233318757122605,square,0,0.2,0.5,4,8,2.0899479389190674,0.0
1779527848.0954523,0.027925268031909273,0.0,0.0,3.929068589906282,-0.029088820866572156,0.006233318757122605,-1.1483999999999999,-0.4356,0.8712,0.2,0.0,0.0,0.05934119456780721,0.0,0.0,3.318203351708267,-0.022855502109449553,0.008311091676163474,square,0,0.2,0.5,4,8,2.09995174407959,0.0
1779527848.1054585,0.05934119456780721,0.0,0.0,3.318203351708267,-0.022855502109449553,0.008311091676163474,-2.5740000000000003,-0.396,0.5544000000000001,0.2,0.0,0.0,0.08552113334772216,0.0,0.0,2.840315580328867,0.0,0.0,square,0,0.2,0.5,4,8,2.109978675842285,0.0
1779527848.1154177,0.08552113334772216,0.0,0.0,2.840315580328867,0.0,0.0,-4.1184,0.5544000000000001,-1.0296,0.2,0.0,0.0,0.10821041362364843,0.0,0.0,2.3437278526780996,0.02701104794753129,-0.0020777729190408684,square,0,0.2,0.5,4,8,2.1199848651885986,0.0
1779527848.1254323,0.10821041362364843,0.0,0.0,2.3437278526780996,0.02701104794753129,-0.0020777729190408684,-5.1084,1.2672,2.1780000000000004,0.2,0.0,0.0,0.12566370614359174,0.0,0.0,1.894928902165272,0.035322139623694765,-0.0020777729190408684,square,0,0.2,0.5,4,8,2.129944086074829,0.0
1779527848.135421,0.12566370614359174,0.0,0.0,1.894928902165272,0.035322139623694765,-0.0020777729190408684,-1.9404,1.584,2.5740000000000003,0.2,0.0,0.0,0.14137166941154067,0.0,0.0,1.529240868414079,0.016622183352326948,0.0,square,0,0.2,0.5,4,8,2.139958620071411,0.0
1779527848.1454127,0.14137166941154067,0.0,0.0,1.529240868414079,0.016622183352326948,0.0,-0.4752,1.3860000000000001,1.0692,0.2,0.0,0.0,0.1518436449235067,0.0,0.0,1.2238082493150715,0.006233318757122605,-0.0020777729190408684,square,0,0.2,0.5,4,8,2.14994740486145,0.0
1779527848.1554847,0.1518436449235067,0.0,0.0,1.2238082493150715,0.006233318757122605,-0.0020777729190408684,0.3168,1.7028,-0.3168,0.2,0.0,0.0,0.16231562043547265,0.0,0.0,1.0014865469776986,0.0,-0.004155545838081737,square,0,0.2,0.5,4,8,2.1599390506744385,0.0
1779527848.1654124,0.16231562043547265,0.0,0.0,1.0014865469776986,0.0,-0.004155545838081737,0.27720000000000006,1.8612000000000002,-0.9504,0.2,0.0,0.0,0.16929693744344998,0.0,0.0,0.8394202592925109,-0.01246663751424521,0.0,square,0,0.2,0.5,4,8,2.170011043548584,0.0
1779527848.1754198,0.16929693744344998,0.0,0.0,0.8394202592925109,-0.01246663751424521,0.0,-0.0792,1.1483999999999999,0.6732,0.2,0.0,0.0,0.1762782544514273,0.0,0.0,0.6815095174454048,-0.004155545838081737,-0.004155545838081737,square,0,0.2,0.5,4,8,2.179938793182373,0.0
1779527848.1855083,0.1762782544514273,0.0,0.0,0.6815095174454048,-0.004155545838081737,-0.004155545838081737,-0.1584,1.1088000000000002,0.2376,0.2,0.0,0.0,0.18151424220741028,0.0,0.0,0.5485320506267892,-0.014544410433286078,0.0,square,0,0.2,0.5,4,8,2.189946174621582,0.0
1779527848.1954174,0.18151424220741028,0.0,0.0,0.5485320506267892,-0.014544410433286078,0.0,-0.198,0.9107999999999999,-0.396,0.2,0.0,0.0,0.18500490071139894,0.0,0.0,0.4404878588366641,-0.010388864595204342,0.0020777729190408684,square,0,0.2,0.5,4,8,2.2000346183776855,0.0
1779527848.2055383,0.18500490071139894,0.0,0.0,0.4404878588366641,-0.010388864595204342,0.0020777729190408684,-0.3168,0.9504,-0.396,0.2,0.0,0.0,0.18849555921538758,0.0,0.0,0.33244366704653894,-0.016622183352326948,0.0020777729190408684,square,0,0.2,0.5,4,8,2.2099437713623047,0.0
1779527848.2154331,0.18849555921538758,0.0,0.0,0.33244366704653894,-0.016622183352326948,0.0020777729190408684,0.35639999999999994,0.5940000000000001,0.7127999999999999,0.2,0.0,0.0,0.19198621771937624,0.0,0.0,0.2888104357466807,0.0,0.0,square,0,0.2,0.5,4,8,2.220064640045166,0.0
1779527848.2255158,0.19198621771937624,0.0,0.0,0.2888104357466807,0.0,0.0,-0.6336,0.7524000000000001,0.27720000000000006,0.2,0.0,0.0,0.19198621771937624,0.0,0.0,0.2888104357466807,0.0,0.0,square,0,0.2,0.5,4,8,2.229959487915039,0.0
1779527848.2354124,0.19198621771937624,0.0,0.0,0.2888104357466807,0.0,0.0,-0.6336,0.7524000000000001,0.27720000000000006,0.2,0.0,0.0,0.1954768762233649,0.0,0.0,0.16622183352326947,0.022855502109449553,-0.0020777729190408684,square,0,0.2,0.5,4,8,2.240042209625244,0.0
1779527848.2454116,0.1954768762233649,0.0,0.0,0.16622183352326947,0.022855502109449553,-0.0020777729190408684,-0.4752,1.782,-0.27720000000000006,0.2,0.0,0.0,0.1954768762233649,0.0,0.0,0.11635528346628862,0.016622183352326948,0.0,square,0,0.2,0.5,4,8,2.249938726425171,0.0
1779527848.2554235,0.1954768762233649,0.0,0.0,0.11635528346628862,0.016622183352326948,0.0,-0.1584,1.7424,-0.5148,0.2,0.0,0.0,0.19722220547535924,0.0,0.0,0.07687759800451213,0.010388864595204342,-0.0020777729190408684,square,0,0.2,0.5,4,8,2.2599380016326904,0.0
1779527848.2653909,0.19722220547535924,0.0,0.0,0.07687759800451213,0.010388864595204342,-0.0020777729190408684,0.198,1.6236000000000002,-0.1584,0.2,0.0,0.0,0.19722220547535924,0.0,0.0,0.06025541465218518,0.006233318757122605,0.0020777729190408684,square,0,0.2,0.5,4,8,2.2699499130249023,0.0
1779527848.275412,0.19722220547535924,0.0,0.0,0.06025541465218518,0.006233318757122605,0.0020777729190408684,0.1584,1.5048000000000001,-0.2376,0.2,0.0,0.0,0.19722220547535924,0.0,0.0,0.05609986881410345,0.0,0.0,square,0,0.2,0.5,4,8,2.2799172401428223,0.0
1779527848.2854226,0.19722220547535924,0.0,0.0,0.05609986881410345,0.0,0.0,-0.1584,1.3464,0.5544000000000001,0.2,0.0,0.0,0.1989675347273536,0.0,0.0,0.035322139623694765,-0.004155545838081737,0.0,square,0,0.2,0.5,4,8,2.289938449859619,0.0
1779527848.2954109,0.1989675347273536,0.0,0.0,0.035322139623694765,-0.004155545838081737,0.0,0.0,1.1880000000000002,-0.5544000000000001,0.2,0.0,0.0,0.1989675347273536,0.0,0.0,0.020777729190408684,-0.010388864595204342,0.0,square,0,0.2,0.5,4,8,2.2999489307403564,0.0
1779527848.305426,0.1989675347273536,0.0,0.0,0.020777729190408684,-0.010388864595204342,0.0,0.198,1.1880000000000002,-0.5148,0.2,0.0,0.0,0.1989675347273536,0.0,0.0,0.014544410433286078,-0.006233318757122605,0.0020777729190408684,square,0,0.2,0.5,4,8,2.3099372386932373,0.0
1779527848.3154223,0.1989675347273536,0.0,0.0,0.014544410433286078,-0.006233318757122605,0.0020777729190408684,0.2376,0.99,-0.4752,0.2,0.0,0.0,0.1989675347273536,0.0,0.0,0.008311091676163474,-0.006233318757122605,0.0,square,0,0.2,0.5,4,8,2.3199522495269775,0.0
1779527848.3254151,0.1989675347273536,0.0,0.0,0.008311091676163474,-0.006233318757122605,0.0,0.35639999999999994,1.1088000000000002,-0.5544000000000001,0.2,0.0,0.0,0.1989675347273536,0.0,0.0,0.0020777729190408684,0.0,0.0020777729190408684,square,0,0.2,0.5,4,8,2.329948663711548,0.0
1779527848.3354206,0.1989675347273536,0.0,0.0,0.0020777729190408684,0.0,0.0020777729190408684,0.5940000000000001,1.2672,0.5148,0.2,0.0,0.0,0.1989675347273536,0.0,0.0,0.0,0.0020777729190408684,-0.0020777729190408684,square,0,0.2,0.5,4,8,2.3399415016174316,0.0
1779527848.3454196,0.1989675347273536,0.0,0.0,0.0,0.0020777729190408684,-0.0020777729190408684,0.6732,1.4255999999999998,-0.5148,0.2,0.0,0.0,0.1989675347273536,0.0,0.0,0.0,0.004155545838081737,0.0,square,0,0.2,0.5,4,8,2.349946975708008,0.0
1779527848.3554158,0.1989675347273536,0.0,0.0,0.0,0.004155545838081737,0.0,0.6336,1.4255999999999998,-0.2376,0.2,0.0,0.0,0.1989675347273536,0.0,0.0,0.0,0.004155545838081737,-0.0020777729190408684,square,0,0.2,0.5,4,8,2.3599460124969482,0.0
1779527848.3654134,0.1989675347273536,0.0,0.0,0.0,0.004155545838081737,-0.0020777729190408684,0.5940000000000001,1.5444,-0.27720000000000006,0.2,0.0,0.0,0.1989675347273536,0.0,0.0,0.006233318757122605,0.0,0.0,square,0,0.2,0.5,4,8,2.3699421882629395,0.0
1779527848.3754117,0.1989675347273536,0.0,0.0,0.006233318757122605,0.0,0.0,0.3168,1.5048000000000001,-0.4356,0.2,0.0,0.0,0.1989675347273536,0.0,0.0,0.014544410433286078,0.0,0.0,square,0,0.2,0.5,4,8,2.3799397945404053,0.0
1779527848.3854287,0.1989675347273536,0.0,0.0,0.014544410433286078,0.0,0.0,0.0,1.4652,-0.4752,0.2,0.0,0.0,0.1989675347273536,0.0,0.0,0.01246663751424521,0.0,0.0,square,0,0.2,0.5,4,8,2.3899381160736084,0.0
1779527848.3954139,0.1989675347273536,0.0,0.0,0.01246663751424521,0.0,0.0,0.1584,1.2672,-0.4752,0.2,0.0,0.0,0.1989675347273536,0.0,0.0,0.01246663751424521,0.0,0.0,square,0,0.2,0.5,4,8,2.3999550342559814,0.0
1779527848.4054112,0.1989675347273536,0.0,0.0,0.01246663751424521,0.0,0.0,0.27720000000000006,1.3860000000000001,-0.27720000000000006,0.2,0.0,0.0,0.1989675347273536,0.0,0.0,0.0020777729190408684,0.0,0.0,square,0,0.2,0.5,4,8,2.409940242767334,0.0
1779527848.4155622,0.1989675347273536,0.0,0.0,0.0020777729190408684,0.0,0.0,0.27720000000000006,1.4255999999999998,-0.4752,0.2,0.0,0.0,0.1989675347273536,0.0,0.0,0.0,-0.0020777729190408684,0.0,square,0,0.2,0.5,4,8,2.4199376106262207,0.0
1779527848.4253943,0.1989675347273536,0.0,0.0,0.0,-0.0020777729190408684,0.0,-0.1188,1.4652,-0.4752,0.2,0.0,0.0,0.1989675347273536,0.0,0.0,-0.0020777729190408684,0.0,0.0,square,0,0.2,0.5,4,8,2.430088520050049,0.0
1779527848.435411,0.1989675347273536,0.0,0.0,-0.0020777729190408684,0.0,0.0,0.1188,1.4255999999999998,-0.3168,0.2,0.0,0.0,0.1989675347273536,0.0,0.0,-0.0020777729190408684,-0.0020777729190408684,-0.0020777729190408684,square,0,0.2,0.5,4,8,2.439920663833618,0.0
1779527848.4455228,0.1989675347273536,0.0,0.0,-0.0020777729190408684,-0.0020777729190408684,-0.0020777729190408684,0.0,1.4652,-0.27720000000000006,0.2,0.0,0.0,0.1989675347273536,0.0,0.0,-0.004155545838081737,-0.0020777729190408684,0.0,square,0,0.2,0.5,4,8,2.449937343597412,0.0
1779527848.4556015,0.1989675347273536,0.0,0.0,-0.004155545838081737,-0.0020777729190408684,0.0,0.0,1.3068,-0.4356,0.2,0.0,0.0,0.1989675347273536,0.0,0.0,-0.004155545838081737,0.0,-0.0020777729190408684,square,0,0.2,0.5,4,8,2.4600491523742676,0.0
1779527848.465474,0.1989675347273536,0.0,0.0,-0.004155545838081737,0.0,-0.0020777729190408684,0.0,1.3464,0.35639999999999994,0.2,0.0,0.0,0.1989675347273536,0.0,0.0,0.0,0.0,0.0,square,0,0.2,0.5,4,8,2.470127820968628,0.0
1779527848.4755719,0.1989675347273536,0.0,0.0,0.0,0.0,0.0,0.0,1.5048000000000001,-0.6336,0.2,0.0,0.0,0.1989675347273536,0.0,0.0,0.0,0.0,0.0,square,0,0.2,0.5,4,8,2.4800002574920654,0.0
1779527848.485419,0.1989675347273536,0.0,0.0,0.0,0.0,0.0,-0.0792,1.3464,-0.396,0.2,0.0,0.0,0.1989675347273536,0.0,0.0,0.0,0.0,0.0,square,0,0.2,0.5,4,8,2.490098237991333,0.0
1779527848.4954145,0.1989675347273536,0.0,0.0,0.0,0.0,0.0,-0.1584,1.5048000000000001,-0.4752,0.2,0.0,0.0,0.1989675347273536,0.0,0.0,0.0,0.0,0.0,square,0,0.2,0.5,4,8,2.4999454021453857,0.0
1779527848.5054138,0.1989675347273536,0.0,0.0,0.0,0.0,0.0,0.1584,1.5444,-0.3168,0.2,0.0,0.0,0.1989675347273536,0.0,0.0,0.004155545838081737,0.0,0.0,square,0,0.2,0.5,4,8,2.5099408626556396,0.0
1779527848.5154235,0.1989675347273536,0.0,0.0,0.004155545838081737,0.0,0.0,0.2376,1.3860000000000001,-0.5148,0.2,0.0,0.0,0.1989675347273536,0.0,0.0,0.0020777729190408684,0.0,-0.0020777729190408684,square,0,0.2,0.5,4,8,2.519940137863159,0.0
1779527848.5254138,0.1989675347273536,0.0,0.0,0.0020777729190408684,0.0,-0.0020777729190408684,0.3168,1.4255999999999998,-0.5148,0.2,0.0,0.0,0.1989675347273536,0.0,0.0,0.0020777729190408684,0.0,0.0,square,0,0.2,0.5,4,8,2.529949903488159,0.0
1779527848.535411,0.1989675347273536,0.0,0.0,0.0020777729190408684,0.0,0.0,0.35639999999999994,1.5048000000000001,-0.35639999999999994,0.2,0.0,0.0,0.1989675347273536,0.0,0.0,0.0,0.0,0.0,square,0,0.2,0.5,4,8,2.539940118789673,0.0
1779527848.5454233,0.1989675347273536,0.0,0.0,0.0,0.0,0.0,0.35639999999999994,1.5444,-0.35639999999999994,0.2,0.0,0.0,0.1989675347273536,0.0,0.0,-0.0020777729190408684,0.0,0.0,square,0,0.2,0.5,4,8,2.5499372482299805,0.0
1779527848.5554142,0.1989675347273536,0.0,0.0,-0.0020777729190408684,0.0,0.0,0.27720000000000006,1.5048000000000001,-0.2376,0.2,0.0,0.0,0.1989675347273536,0.0,0.0,-0.004155545838081737,0.0,0.0,square,0,0.2,0.5,4,8,2.5599496364593506,0.0
1779527848.5655599,0.1989675347273536,0.0,0.0,-0.004155545838081737,0.0,0.0,0.198,1.584,-0.35639999999999994,0.2,0.0,0.0,0.1989675347273536,0.0,0.0,-0.004155545838081737,0.0,-0.0020777729190408684,square,0,0.2,0.5,4,8,2.5699405670166016,0.0
1779527848.575553,0.1989675347273536,0.0,0.0,-0.004155545838081737,0.0,-0.0020777729190408684,0.1188,1.4652,-0.5544000000000001,0.2,0.0,0.0,0.1989675347273536,0.0,0.0,-0.004155545838081737,0.0020777729190408684,0.0,square,0,0.2,0.5,4,8,2.5800862312316895,0.0
1779527848.5855298,0.1989675347273536,0.0,0.0,-0.004155545838081737,0.0020777729190408684,0.0,0.1584,1.584,-0.3168,0.2,0.0,0.0,0.1989675347273536,0.0,0.0,-0.0020777729190408684,0.0,0.0,square,0,0.2,0.5,4,8,2.5900793075561523,0.0
1779527848.5954125,0.1989675347273536,0.0,0.0,-0.0020777729190408684,0.0,0.0,0.2376,1.5048000000000001,-0.6336,0.2,0.0,0.0,0.1989675347273536,0.0,0.0,0.0020777729190408684,0.0,0.0,square,0,0.2,0.5,4,8,2.6000561714172363,0.0
1779527848.6055412,0.1989675347273536,0.0,0.0,0.0020777729190408684,0.0,0.0,0.3168,1.4652,-0.35639999999999994,0.2,0.0,0.0,0.1989675347273536,0.0,0.0,0.0,-0.0020777729190408684,0.0,square,0,0.2,0.5,4,8,2.609938859939575,0.0
1779527848.615575,0.1989675347273536,0.0,0.0,0.0,-0.0020777729190408684,0.0,0.35639999999999994,1.5444,-0.396,0.2,0.0,0.0,0.1989675347273536,0.0,0.0,0.0,0.0,0.0,square,0,0.2,0.5,4,8,2.620067596435547,0.0
1779527848.6255176,0.1989675347273536,0.0,0.0,0.0,0.0,0.0,0.396,1.4255999999999998,-0.4752,0.2,0.0,0.0,0.1989675347273536,0.0,0.0,0.0,0.0,0.0,square,0,0.2,0.5,4,8,2.630101442337036,0.0
1779527848.6354673,0.1989675347273536,0.0,0.0,0.0,0.0,0.0,0.35639999999999994,1.3464,-0.4752,0.2,0.0,0.0,0.1989675347273536,0.0,0.0,0.0,0.0,0.0,square,0,0.2,0.5,4,8,2.6400439739227295,0.0
1779527848.6455305,0.1989675347273536,0.0,0.0,0.0,0.0,0.0,0.396,1.5048000000000001,-0.27720000000000006,0.2,0.0,0.0,0.1989675347273536,0.0,0.0,0.0,0.0,0.0,square,0,0.2,0.5,4,8,2.649993658065796,0.0
1779527848.655424,0.1989675347273536,0.0,0.0,0.0,0.0,0.0,0.35639999999999994,1.4652,-0.5148,0.2,0.0,0.0,0.1989675347273536,0.0,0.0,-0.0020777729190408684,0.0020777729190408684,0.0,square,0,0.2,0.5,4,8,2.6600568294525146,0.0
1779527848.6654544,0.1989675347273536,0.0,0.0,-0.0020777729190408684,0.0020777729190408684,0.0,0.27720000000000006,1.4255999999999998,-0.3168,0.2,0.0,0.0,0.1989675347273536,0.0,0.0,0.0,0.0020777729190408684,0.0,square,0,0.2,0.5,4,8,2.669950485229492,0.0
1779527848.675421,0.1989675347273536,0.0,0.0,0.0,0.0020777729190408684,0.0,0.27720000000000006,1.6632,-0.27720000000000006,0.2,0.0,0.0,0.1989675347273536,0.0,0.0,-0.0020777729190408684,0.0,0.0,square,0,0.2,0.5,4,8,2.679980754852295,0.0
1779527848.6854167,0.1989675347273536,0.0,0.0,-0.0020777729190408684,0.0,0.0,0.198,1.5048000000000001,-0.2376,0.2,0.0,0.0,0.1989675347273536,0.0,0.0,0.0,0.0,0.0,square,0,0.2,0.5,4,8,2.6899473667144775,0.0
1779527848.6953855,0.1989675347273536,0.0,0.0,0.0,0.0,0.0,0.2376,1.6236000000000002,-0.5940000000000001,0.2,0.0,0.0,0.1989675347273536,0.0,0.0,0.0,0.0,0.0,square,0,0.2,0.5,4,8,2.6999430656433105,0.0
1779527848.7054145,0.1989675347273536,0.0,0.0,0.0,0.0,0.0,0.3168,1.4255999999999998,-0.5148,0.2,0.0,0.0,0.1989675347273536,0.0,0.0,0.0020777729190408684,0.0,0.0,square,0,0.2,0.5,4,8,2.709911823272705,0.0
1779527848.715427,0.1989675347273536,0.0,0.0,0.0020777729190408684,0.0,0.0,0.4356,1.5048000000000001,-0.5940000000000001,0.2,0.0,0.0,0.1989675347273536,0.0,0.0,0.0,-0.0020777729190408684,0.0,square,0,0.2,0.5,4,8,2.7199409008026123,0.0
1779527848.7253902,0.1989675347273536,0.0,0.0,0.0,-0.0020777729190408684,0.0,0.396,1.4652,0.27720000000000006,0.2,0.0,0.0,0.1989675347273536,0.0,0.0,0.0,-0.0020777729190408684,-0.0020777729190408684,square,0,0.2,0.5,4,8,2.7299532890319824,0.0
1779527848.7354112,0.1989675347273536,0.0,0.0,0.0,-0.0020777729190408684,-0.0020777729190408684,0.35639999999999994,1.3464,-0.3168,0.2,0.0,0.0,0.1989675347273536,0.0,0.0,0.0,-0.0020777729190408684,0.0,square,0,0.2,0.5,4,8,2.7399165630340576,0.0
1779527848.7454107,0.1989675347273536,0.0,0.0,0.0,-0.0020777729190408684,0.0,0.2376,1.3464,-0.396,0.2,0.0,0.0,0.1989675347273536,0.0,0.0,-0.0020777729190408684,0.0,-0.0020777729190408684,square,0,0.2,0.5,4,8,2.7499375343322754,0.0
1779527848.7554154,0.1989675347273536,0.0,0.0,-0.0020777729190408684,0.0,-0.0020777729190408684,0.198,1.4652,-0.5148,0.2,0.0,0.0,0.1989675347273536,0.0,0.0,-0.0020777729190408684,0.0,0.0,square,0,0.2,0.5,4,8,2.759937047958374,0.0
1779527848.7655292,0.1989675347273536,0.0,0.0,-0.0020777729190408684,0.0,0.0,0.198,1.3860000000000001,-0.396,0.2,0.0,0.0,0.1989675347273536,0.0,0.0,-0.0020777729190408684,0.0,0.0,square,0,0.2,0.5,4,8,2.769941806793213,0.0
1779527848.7754147,0.1989675347273536,0.0,0.0,-0.0020777729190408684,0.0,0.0,0.198,1.3860000000000001,-0.396,0.2,0.0,0.0,0.1989675347273536,0.0,0.0,0.0,0.0020777729190408684,0.0,square,0,0.2,0.5,4,8,2.780055522918701,0.0
1779527848.7855341,0.1989675347273536,0.0,0.0,0.0,0.0020777729190408684,0.0,0.2376,1.5444,-0.35639999999999994,0.2,0.0,0.0,0.1989675347273536,0.0,0.0,0.0,0.0,0.0,square,0,0.2,0.5,4,8,2.7899410724639893,0.0
1779527848.79543,0.1989675347273536,0.0,0.0,0.0,0.0,0.0,0.27720000000000006,1.4255999999999998,-0.27720000000000006,0.2,0.0,0.0,0.1989675347273536,0.0,0.0,0.0,0.0,0.0,square,0,0.2,0.5,4,8,2.800060510635376,0.0
1779527848.8055222,0.1989675347273536,0.0,0.0,0.0,0.0,0.0,0.3168,1.4255999999999998,-0.3168,0.2,0.0,0.0,0.1989675347273536,0.0,0.0,0.0020777729190408684,0.0,0.0,square,0,0.2,0.5,4,8,2.8099563121795654,0.0
1779527848.8154123,0.1989675347273536,0.0,0.0,0.0020777729190408684,0.0,0.0,0.4356,1.584,-0.35639999999999994,0.2,0.0,0.0,0.1989675347273536,0.0,0.0,0.0020777729190408684,-0.0020777729190408684,0.0,square,0,0.2,0.5,4,8,2.8200485706329346,0.0
1779527848.8255153,0.1989675347273536,0.0,0.0,0.0020777729190408684,-0.0020777729190408684,0.0,0.35639999999999994,1.5444,-0.4752,0.2,0.0,0.0,0.1989675347273536,0.0,0.0,0.0,-0.0020777729190408684,-0.0020777729190408684,square,0,0.2,0.5,4,8,2.8299386501312256,0.0
1779527848.8355212,0.1989675347273536,0.0,0.0,0.0,-0.0020777729190408684,-0.0020777729190408684,0.396,1.4652,-0.27720000000000006,0.2,0.0,0.0,0.1989675347273536,0.0,0.0,-0.0020777729190408684,0.0,0.0,square,0,0.2,0.5,4,8,2.8400416374206543,0.0
1779527848.8454218,0.1989675347273536,0.0,0.0,-0.0020777729190408684,0.0,0.0,0.27720000000000006,1.3860000000000001,-0.396,0.2,0.0,0.0,0.1989675347273536,0.0,0.0,-0.004155545838081737,0.0,0.0020777729190408684,square,0,0.2,0.5,4,8,2.8500475883483887,0.0
1779527848.8554103,0.1989675347273536,0.0,0.0,-0.004155545838081737,0.0,0.0020777729190408684,0.1584,1.584,-0.5148,0.2,0.0,0.0,0.1989675347273536,0.0,0.0,-0.0020777729190408684,0.0,-0.0020777729190408684,square,0,0.2,0.5,4,8,2.85994815826416,0.0
1779527848.8655267,0.1989675347273536,0.0,0.0,-0.0020777729190408684,0.0,-0.0020777729190408684,0.1188,1.4652,-0.5544000000000001,0.2,0.0,0.0,0.1989675347273536,0.0,0.0,0.0,0.0,0.0,square,0,0.2,0.5,4,8,2.86993670463562,0.0
1779527848.87559,0.1989675347273536,0.0,0.0,0.0,0.0,0.0,-0.1584,1.4652,-0.35639999999999994,0.2,0.0,0.0,0.1989675347273536,0.0,0.0,-0.0020777729190408684,0.0,0.0,square,0,0.2,0.5,4,8,2.8800530433654785,0.0
1779527848.8854198,0.1989675347273536,0.0,0.0,-0.0020777729190408684,0.0,0.0,-0.1584,1.4255999999999998,-0.35639999999999994,0.2,0.0,0.0,0.1989675347273536,0.0,0.0,0.0,0.0,0.0,square,0,0.2,0.5,4,8,2.8901164531707764,0.0
1779527848.8954124,0.1989675347273536,0.0,0.0,0.0,0.0,0.0,0.2376,1.3860000000000001,-0.396,0.2,0.0,0.0,0.1989675347273536,0.0,0.0,0.0020777729190408684,0.0,0.0,square,0,0.2,0.5,4,8,2.8999462127685547,0.0
1779527848.90541,0.1989675347273536,0.0,0.0,0.0020777729190408684,0.0,0.0,0.3168,1.3464,-0.2376,0.2,0.0,0.0,0.1989675347273536,0.0,0.0,0.0,-0.0020777729190408684,0.0,square,0,0.2,0.5,4,8,2.9099388122558594,0.0
1779527848.9155588,0.1989675347273536,0.0,0.0,0.0,-0.0020777729190408684,0.0,0.27720000000000006,1.4652,-0.3168,0.2,0.0,0.0,0.1989675347273536,0.0,0.0,0.0,0.0020777729190408684,0.0,square,0,0.2,0.5,4,8,2.919936418533325,0.0
1779527848.9254446,0.1989675347273536,0.0,0.0,0.0,0.0020777729190408684,0.0,0.35639999999999994,1.5444,-0.5148,0.2,0.0,0.0,0.1989675347273536,0.0,0.0,0.0,0.0,0.0,square,0,0.2,0.5,4,8,2.9300851821899414,0.0
1779527848.9354084,0.1989675347273536,0.0,0.0,0.0,0.0,0.0,0.3168,1.584,-0.3168,0.2,0.0,0.0,0.1989675347273536,0.0,0.0,-0.0020777729190408684,0.0,0.0,square,0,0.2,0.5,4,8,2.9399709701538086,0.0
1779527848.9454188,0.1989675347273536,0.0,0.0,-0.0020777729190408684,0.0,0.0,0.1584,1.5444,-0.2376,0.2,0.0,0.0,0.1989675347273536,0.0,0.0,-0.004155545838081737,0.0,0.0,square,0,0.2,0.5,4,8,2.949934720993042,0.0
1779527848.9554121,0.1989675347273536,0.0,0.0,-0.004155545838081737,0.0,0.0,0.1584,1.6236000000000002,-0.396,0.2,0.0,0.0,0.1989675347273536,0.0,0.0,-0.0020777729190408684,0.0,0.0,square,0,0.2,0.5,4,8,2.9599452018737793,0.0
1779527848.965429,0.1989675347273536,0.0,0.0,-0.0020777729190408684,0.0,0.0,0.1188,1.6236000000000002,-0.2376,0.2,0.0,0.0,0.1989675347273536,0.0,0.0,0.0,0.0,0.0,square,0,0.2,0.5,4,8,2.9699385166168213,0.0
1779527848.9754183,0.1989675347273536,0.0,0.0,0.0,0.0,0.0,0.1584,1.5444,-0.35639999999999994,0.2,0.0,0.0,0.1989675347273536,0.0,0.0,0.0,0.0,0.0,square,0,0.2,0.5,4,8,2.9799554347991943,0.0
1779527848.985411,0.1989675347273536,0.0,0.0,0.0,0.0,0.0,0.1584,1.5048000000000001,-0.3168,0.2,0.0,0.0,0.1989675347273536,0.0,0.0,0.0,0.0,0.0,square,0,0.2,0.5,4,8,2.9899446964263916,0.0
1779527848.9954126,0.1989675347273536,0.0,0.0,0.0,0.0,0.0,-0.1584,1.5048000000000001,-0.35639999999999994,0.2,0.0,0.0,0.1989675347273536,0.0,0.0,0.0020777729190408684,0.0,0.0,square,0,0.2,0.5,4,8,2.9999372959136963,0.0
1779527849.0054495,0.1989675347273536,0.0,0.0,0.0020777729190408684,0.0,0.0,0.27720000000000006,1.3860000000000001,-0.2376,-0.2,0.0,0.0,0.1989675347273536,0.0,0.0,0.0020777729190408684,0.0,0.0,square,0,0.2,0.5,4,8,3.009938955307007,0.0
1779527849.0154512,0.1989675347273536,0.0,0.0,0.0020777729190408684,0.0,0.0,0.27720000000000006,1.3860000000000001,-0.396,-0.2,0.0,0.0,0.1989675347273536,0.0,0.0,0.0,-0.0020777729190408684,0.0,square,0,0.2,0.5,4,8,3.0199759006500244,0.0
1779527849.0254097,0.1989675347273536,0.0,0.0,0.0,-0.0020777729190408684,0.0,0.3168,1.3068,-0.2376,-0.2,0.0,0.0,0.19722220547535924,0.0,0.0,-0.1973884273088825,0.0,0.0,square,0,0.2,0.5,4,8,3.029977560043335,0.0
1779527849.0354128,0.19722220547535924,0.0,0.0,-0.1973884273088825,0.0,0.0,13.2264,2.2967999999999997,-0.27720000000000006,-0.2,0.0,0.0,0.1762782544514273,0.0,0.0,-1.7619514353466563,0.0,-0.0020777729190408684,square,0,0.2,0.5,4,8,3.039936065673828,0.0
1779527849.0454075,0.1762782544514273,0.0,0.0,-1.7619514353466563,0.0,-0.0020777729190408684,4.6331999999999995,1.8215999999999999,-0.3168,-0.2,0.0,0.0,0.14137166941154067,0.0,0.0,-3.162370382780202,-0.006233318757122605,0.004155545838081737,square,0,0.2,0.5,4,8,3.0499391555786133,0.0
1779527849.055419,0.14137166941154067,0.0,0.0,-3.162370382780202,-0.006233318757122605,0.004155545838081737,6.494400000000001,0.5544000000000001,0.5148,-0.2,0.0,0.0,0.10122909661567113,0.0,0.0,-3.8106355335209527,0.0,-0.006233318757122605,square,0,0.2,0.5,4,8,3.05993390083313,0.0
1779527849.065411,0.10122909661567113,0.0,0.0,-3.8106355335209527,0.0,-0.006233318757122605,6.336,1.1088000000000002,0.35639999999999994,-0.2,0.0,0.0,0.05585053606381855,0.0,0.0,-4.338389854957333,0.0020777729190408684,0.0020777729190408684,square,0,0.2,0.5,4,8,3.0699453353881836,0.0
1779527849.0754113,0.05585053606381855,0.0,0.0,-4.338389854957333,0.0020777729190408684,0.0020777729190408684,1.5048000000000001,1.2276,-0.1584,-0.2,0.0,0.0,0.012217304763960306,0.0,0.0,-4.4235785446380085,0.006233318757122605,0.004155545838081737,square,0,0.2,0.5,4,8,3.07993745803833,0.0
1779527849.0854387,0.012217304763960306,0.0,0.0,-4.4235785446380085,0.006233318757122605,0.004155545838081737,-1.3464,1.5048000000000001,0.4356,-0.2,0.0,0.0,-0.02617993877991494,0.0,0.0,-3.943613000339568,0.006233318757122605,0.004155545838081737,square,0,0.2,0.5,4,8,3.089937686920166,0.0
1779527849.0954082,-0.02617993877991494,0.0,0.0,-3.943613000339568,0.006233318757122605,0.004155545838081737,-0.4752,1.5048000000000001,0.0,-0.2,0.0,0.0,-0.05759586531581287,0.0,0.0,-3.3680699017652476,0.01246663751424521,0.0,square,0,0.2,0.5,4,8,3.0999650955200195,0.0
1779527849.1054997,-0.05759586531581287,0.0,0.0,-3.3680699017652476,0.01246663751424521,0.0,-2.4552,2.1384,-0.35639999999999994,-0.2,0.0,0.0,-0.08552113334772216,0.0,0.0,-2.8486266720050306,-0.006233318757122605,-0.008311091676163474,square,0,0.2,0.5,4,8,3.1099345684051514,0.0
1779527849.115421,-0.08552113334772216,0.0,0.0,-2.8486266720050306,-0.006233318757122605,-0.008311091676163474,-3.8016,0.7127999999999999,-0.9107999999999999,-0.2,0.0,0.0,-0.10821041362364843,0.0,0.0,-2.3582722631113855,-0.010388864595204342,0.0,square,0,0.2,0.5,4,8,3.120026111602783,0.0
1779527849.12587,-0.10821041362364843,0.0,0.0,-2.3582722631113855,-0.010388864595204342,0.0,-4.5935999999999995,0.0,2.0196,-0.2,0.0,0.0,-0.12566370614359174,0.0,0.0,-1.9032399938414355,-0.02701104794753129,0.0,square,0,0.2,0.5,4,8,3.1299474239349365,0.0
1779527849.1353948,-0.12566370614359174,0.0,0.0,-1.9032399938414355,-0.02701104794753129,0.0,-1.98,0.0792,1.8612000000000002,-0.2,0.0,0.0,-0.14137166941154067,0.0,0.0,-1.516774230899834,-0.02493327502849042,0.0,square,0,0.2,0.5,4,8,3.1403963565826416,0.0
1779527849.145418,-0.14137166941154067,0.0,0.0,-1.516774230899834,-0.02493327502849042,0.0,-0.1584,0.1584,0.4752,-0.2,0.0,0.0,-0.1518436449235067,0.0,0.0,-1.2258860222341124,-0.006233318757122605,0.0020777729190408684,square,0,0.2,0.5,4,8,3.149921178817749,0.0
1779527849.1554143,-0.1518436449235067,0.0,0.0,-1.2258860222341124,-0.006233318757122605,0.0020777729190408684,0.5148,0.7127999999999999,-0.1584,-0.2,0.0,0.0,-0.16231562043547265,0.0,0.0,-1.011875411572903,0.010388864595204342,0.0,square,0,0.2,0.5,4,8,3.1599442958831787,0.0
1779527849.1654143,-0.16231562043547265,0.0,0.0,-1.011875411572903,0.010388864595204342,0.0,0.2376,1.1483999999999999,-0.396,-0.2,0.0,0.0,-0.16929693744344998,0.0,0.0,-0.8352647134544291,0.014544410433286078,0.0,square,0,0.2,0.5,4,8,3.169940710067749,0.0
1779527849.1754973,-0.16929693744344998,0.0,0.0,-0.8352647134544291,0.014544410433286078,0.0,0.0,1.3068,-0.4752,-0.2,0.0,0.0,-0.16929693744344998,0.0,0.0,-0.8352647134544291,0.014544410433286078,0.0,square,0,0.2,0.5,4,8,3.179940700531006,0.0
1779527849.1854143,-0.16929693744344998,0.0,0.0,-0.8352647134544291,0.014544410433286078,0.0,0.0,1.3068,-0.4752,-0.2,0.0,0.0,-0.18151424220741028,0.0,0.0,-0.5464542777077483,0.018699956271367814,0.0020777729190408684,square,0,0.2,0.5,4,8,3.19002366065979,0.0
1779527849.1954129,-0.18151424220741028,0.0,0.0,-0.5464542777077483,0.018699956271367814,0.0020777729190408684,0.0,1.8215999999999999,0.35639999999999994,-0.2,0.0,0.0,-0.18500490071139894,0.0,0.0,-0.425943448403378,0.006233318757122605,-0.0020777729190408684,square,0,0.2,0.5,4,8,3.1999406814575195,0.0
1779527849.205414,-0.18500490071139894,0.0,0.0,-0.425943448403378,0.006233318757122605,-0.0020777729190408684,0.27720000000000006,1.9008,-0.4752,-0.2,0.0,0.0,-0.18849555921538758,0.0,0.0,-0.3365992128846207,0.0020777729190408684,0.0,square,0,0.2,0.5,4,8,3.2099392414093018,0.0
1779527849.2154295,-0.18849555921538758,0.0,0.0,-0.3365992128846207,0.0020777729190408684,0.0,0.4356,1.6632,-0.3168,-0.2,0.0,0.0,-0.19198621771937624,0.0,0.0,-0.2971215274228442,-0.0020777729190408684,0.0,square,0,0.2,0.5,4,8,3.219940423965454,0.0
1779527849.225416,-0.19198621771937624,0.0,0.0,-0.2971215274228442,-0.0020777729190408684,0.0,-0.5148,1.1483999999999999,-0.198,-0.2,0.0,0.0,-0.1937315469713706,0.0,0.0,-0.2306327940135364,-0.0020777729190408684,-0.0020777729190408684,square,0,0.2,0.5,4,8,3.2299559116363525,0.0
1779527849.2354164,-0.1937315469713706,0.0,0.0,-0.2306327940135364,-0.0020777729190408684,-0.0020777729190408684,-0.5544000000000001,1.1483999999999999,0.0,-0.2,0.0,0.0,-0.1954768762233649,0.0,0.0,-0.17245515228039207,-0.008311091676163474,0.0,square,0,0.2,0.5,4,8,3.2399423122406006,0.0
1779527849.2454154,-0.1954768762233649,0.0,0.0,-0.17245515228039207,-0.008311091676163474,0.0,-0.5148,1.1088000000000002,-0.1584,-0.2,0.0,0.0,-0.1954768762233649,0.0,0.0,-0.1308996938995747,-0.010388864595204342,0.0020777729190408684,square,0,0.2,0.5,4,8,3.2499427795410156,0.0
1779527849.255436,-0.1954768762233649,0.0,0.0,-0.1308996938995747,-0.010388864595204342,0.0020777729190408684,-0.5940000000000001,1.0692,-0.35639999999999994,-0.2,0.0,0.0,-0.19722220547535924,0.0,0.0,-0.08726646259971647,-0.006233318757122605,0.0020777729190408684,square,0,0.2,0.5,4,8,3.259941816329956,0.0
1779527849.2654383,-0.19722220547535924,0.0,0.0,-0.08726646259971647,-0.006233318757122605,0.0020777729190408684,-0.198,1.0296,-0.4752,-0.2,0.0,0.0,-0.19722220547535924,0.0,0.0,-0.05194432297602171,-0.0020777729190408684,0.0,square,0,0.2,0.5,4,8,3.2699623107910156,0.0
1779527849.2754123,-0.19722220547535924,0.0,0.0,-0.05194432297602171,-0.0020777729190408684,0.0,0.396,1.0296,-0.35639999999999994,-0.2,0.0,0.0,-0.1989675347273536,0.0,0.0,-0.05402209589506258,0.0,0.0,square,0,0.2,0.5,4,8,3.2799646854400635,0.0
1779527849.285485,-0.1989675347273536,0.0,0.0,-0.05402209589506258,0.0,0.0,-0.0792,1.1483999999999999,-0.4356,-0.2,0.0,0.0,-0.1989675347273536,0.0,0.0,-0.033244366704653895,0.008311091676163474,0.0,square,0,0.2,0.5,4,8,3.2899386882781982,0.0
1779527849.295686,-0.1989675347273536,0.0,0.0,-0.033244366704653895,0.008311091676163474,0.0,0.198,1.4652,-0.3168,-0.2,0.0,0.0,-0.1989675347273536,0.0,0.0,-0.02493327502849042,0.01246663751424521,0.0,square,0,0.2,0.5,4,8,3.300011396408081,0.0
1779527849.3053927,-0.1989675347273536,0.0,0.0,-0.02493327502849042,0.01246663751424521,0.0,0.198,1.6236000000000002,-0.35639999999999994,-0.2,0.0,0.0,-0.1989675347273536,0.0,0.0,-0.018699956271367814,0.008311091676163474,0.0020777729190408684,square,0,0.2,0.5,4,8,3.3102123737335205,0.0
1779527849.3154147,-0.1989675347273536,0.0,0.0,-0.018699956271367814,0.008311091676163474,0.0020777729190408684,0.1584,1.6236000000000002,-0.27720000000000006,-0.2,0.0,0.0,-0.1989675347273536,0.0,0.0,-0.010388864595204342,0.006233318757122605,0.0,square,0,0.2,0.5,4,8,3.3199191093444824,0.0
1779527849.3254156,-0.1989675347273536,0.0,0.0,-0.010388864595204342,0.006233318757122605,0.0,0.27720000000000006,1.7028,-0.1188,-0.2,0.0,0.0,-0.1989675347273536,0.0,0.0,-0.006233318757122605,0.0020777729190408684,0.0,square,0,0.2,0.5,4,8,3.3299410343170166,0.0
1779527849.3354127,-0.1989675347273536,0.0,0.0,-0.006233318757122605,0.0020777729190408684,0.0,0.3168,1.5444,-0.35639999999999994,-0.2,0.0,0.0,-0.1989675347273536,0.0,0.0,-0.008311091676163474,0.0,0.0,square,0,0.2,0.5,4,8,3.33994197845459,0.0
1779527849.345398,-0.1989675347273536,0.0,0.0,-0.008311091676163474,0.0,0.0,0.198,1.4255999999999998,-0.396,-0.2,0.0,0.0,-0.1989675347273536,0.0,0.0,-0.006233318757122605,-0.004155545838081737,-0.0020777729190408684,square,0,0.2,0.5,4,8,3.3499391078948975,0.0
1779527849.3554144,-0.1989675347273536,0.0,0.0,-0.006233318757122605,-0.004155545838081737,-0.0020777729190408684,-0.1188,1.1880000000000002,-0.4356,-0.2,0.0,0.0,-0.1989675347273536,0.0,0.0,-0.004155545838081737,-0.004155545838081737,0.0,square,0,0.2,0.5,4,8,3.35992431640625,0.0
1779527849.3655376,-0.1989675347273536,0.0,0.0,-0.004155545838081737,-0.004155545838081737,0.0,-0.1188,1.1880000000000002,-0.3168,-0.2,0.0,0.0,-0.1989675347273536,0.0,0.0,0.0,-0.0020777729190408684,0.0,square,0,0.2,0.5,4,8,3.369940757751465,0.0
1779527849.3754172,-0.1989675347273536,0.0,0.0,0.0,-0.0020777729190408684,0.0,-0.0792,1.1880000000000002,-0.2376,-0.2,0.0,0.0,-0.1989675347273536,0.0,0.0,0.0,0.0,0.0,square,0,0.2,0.5,4,8,3.380064010620117,0.0
1779527849.3854275,-0.1989675347273536,0.0,0.0,0.0,0.0,0.0,-0.0396,1.1880000000000002,-0.1188,-0.2,0.0,0.0,-0.1989675347273536,0.0,0.0,-0.004155545838081737,0.0020777729190408684,-0.0020777729190408684,square,0,0.2,0.5,4,8,3.3899435997009277,0.0
1779527849.395417,-0.1989675347273536,0.0,0.0,-0.004155545838081737,0.0020777729190408684,-0.0020777729190408684,-0.0396,1.2672,-0.35639999999999994,-0.2,0.0,0.0,-0.1989675347273536,0.0,0.0,-0.004155545838081737,0.0,0.0,square,0,0.2,0.5,4,8,3.399953842163086,0.0
1779527849.4054163,-0.1989675347273536,0.0,0.0,-0.004155545838081737,0.0,0.0,-0.1188,1.4255999999999998,0.0792,-0.2,0.0,0.0,-0.1989675347273536,0.0,0.0,0.0,0.0,0.0,square,0,0.2,0.5,4,8,3.4099433422088623,0.0
1779527849.41576,-0.1989675347273536,0.0,0.0,0.0,0.0,0.0,-0.0792,1.3464,0.1188,-0.2,0.0,0.0,-0.1989675347273536,0.0,0.0,0.006233318757122605,0.0,0.0020777729190408684,square,0,0.2,0.5,4,8,3.419942617416382,0.0
1779527849.425424,-0.1989675347273536,0.0,0.0,0.006233318757122605,0.0,0.0020777729190408684,0.0,1.4255999999999998,-0.396,-0.2,0.0,0.0,-0.1989675347273536,0.0,0.0,0.004155545838081737,0.0020777729190408684,0.0,square,0,0.2,0.5,4,8,3.430286407470703,0.0
1779527849.4354172,-0.1989675347273536,0.0,0.0,0.004155545838081737,0.0020777729190408684,0.0,-0.0396,1.3068,-0.3168,-0.2,0.0,0.0,-0.1989675347273536,0.0,0.0,0.0020777729190408684,0.0020777729190408684,0.0020777729190408684,square,0,0.2,0.5,4,8,3.439950466156006,0.0
1779527849.445417,-0.1989675347273536,0.0,0.0,0.0020777729190408684,0.0020777729190408684,0.0020777729190408684,-0.0396,1.3860000000000001,-0.1188,-0.2,0.0,0.0,-0.1989675347273536,0.0,0.0,0.0020777729190408684,0.0,0.0,square,0,0.2,0.5,4,8,3.4499435424804688,0.0
1779527849.4554167,-0.1989675347273536,0.0,0.0,0.0020777729190408684,0.0,0.0,0.0,1.4255999999999998,0.0792,-0.2,0.0,0.0,-0.1989675347273536,0.0,0.0,0.0020777729190408684,0.0,0.0,square,0,0.2,0.5,4,8,3.4599432945251465,0.0
1779527849.4654205,-0.1989675347273536,0.0,0.0,0.0020777729190408684,0.0,0.0,-0.0396,1.5444,-0.198,-0.2,0.0,0.0,-0.1989675347273536,0.0,0.0,0.0020777729190408684,-0.0020777729190408684,0.0020777729190408684,square,0,0.2,0.5,4,8,3.469943046569824,0.0
1779527849.475412,-0.1989675347273536,0.0,0.0,0.0020777729190408684,-0.0020777729190408684,0.0020777729190408684,-0.0396,1.3068,-0.198,-0.2,0.0,0.0,-0.1989675347273536,0.0,0.0,0.0020777729190408684,0.0,0.0,square,0,0.2,0.5,4,8,3.4799468517303467,0.0
1779527849.4854147,-0.1989675347273536,0.0,0.0,0.0020777729190408684,0.0,0.0,-0.0396,1.3464,-0.27720000000000006,-0.2,0.0,0.0,-0.1989675347273536,0.0,0.0,-0.0020777729190408684,0.0,0.0,square,0,0.2,0.5,4,8,3.489938259124756,0.0
1779527849.4954145,-0.1989675347273536,0.0,0.0,-0.0020777729190408684,0.0,0.0,-0.0396,1.4255999999999998,-0.396,-0.2,0.0,0.0,-0.1989675347273536,0.0,0.0,-0.0020777729190408684,-0.0020777729190408684,0.0,square,0,0.2,0.5,4,8,3.499941110610962,0.0
1779527849.5054438,-0.1989675347273536,0.0,0.0,-0.0020777729190408684,-0.0020777729190408684,0.0,-0.1188,1.3068,-0.2376,-0.2,0.0,0.0,-0.1989675347273536,0.0,0.0,0.0,0.0,0.0,square,0,0.2,0.5,4,8,3.5099408626556396,0.0
1779527849.5154188,-0.1989675347273536,0.0,0.0,0.0,0.0,0.0,-0.0792,1.4255999999999998,-0.198,-0.2,0.0,0.0,-0.1989675347273536,0.0,0.0,0.0,0.0,0.0,square,0,0.2,0.5,4,8,3.519970178604126,0.0
1779527849.5254145,-0.1989675347273536,0.0,0.0,0.0,0.0,0.0,0.198,1.5048000000000001,0.1188,-0.2,0.0,0.0,-0.1989675347273536,0.0,0.0,-0.0020777729190408684,0.0,0.0,square,0,0.2,0.5,4,8,3.529945135116577,0.0
1779527849.5354128,-0.1989675347273536,0.0,0.0,-0.0020777729190408684,0.0,0.0,0.1584,1.4652,-0.27720000000000006,-0.2,0.0,0.0,-0.1989675347273536,0.0,0.0,0.0,0.0,0.0,square,0,0.2,0.5,4,8,3.53994083404541,0.0
1779527849.5454295,-0.1989675347273536,0.0,0.0,0.0,0.0,0.0,0.1584,1.4255999999999998,-0.35639999999999994,-0.2,0.0,0.0,-0.1989675347273536,0.0,0.0,0.0,0.0,0.0020777729190408684,square,0,0.2,0.5,4,8,3.5499391555786133,0.0
1779527849.5554166,-0.1989675347273536,0.0,0.0,0.0,0.0,0.0020777729190408684,-0.0792,1.5048000000000001,-0.198,-0.2,0.0,0.0,-0.1989675347273536,0.0,0.0,0.0,0.0,0.0020777729190408684,square,0,0.2,0.5,4,8,3.5599558353424072,0.0
1779527849.5654137,-0.1989675347273536,0.0,0.0,0.0,0.0,0.0020777729190408684,0.0792,1.4652,-0.1188,-0.2,0.0,0.0,-0.1989675347273536,0.0,0.0,0.0020777729190408684,0.0,0.0,square,0,0.2,0.5,4,8,3.5699429512023926,0.0
1779527849.5754874,-0.1989675347273536,0.0,0.0,0.0020777729190408684,0.0,0.0,-0.0792,1.2276,0.27720000000000006,-0.2,0.0,0.0,-0.1989675347273536,0.0,0.0,0.0020777729190408684,0.0,0.0,square,0,0.2,0.5,4,8,3.5799400806427,0.0
1779527849.5855217,-0.1989675347273536,0.0,0.0,0.0020777729190408684,0.0,0.0,-0.0396,1.5048000000000001,-0.35639999999999994,-0.2,0.0,0.0,-0.1989675347273536,0.0,0.0,0.0020777729190408684,-0.0020777729190408684,0.0,square,0,0.2,0.5,4,8,3.5900137424468994,0.0
1779527849.595393,-0.1989675347273536,0.0,0.0,0.0020777729190408684,-0.0020777729190408684,0.0,-0.0792,1.3464,-0.1188,-0.2,0.0,0.0,-0.1989675347273536,0.0,0.0,0.0,0.0020777729190408684,0.0,square,0,0.2,0.5,4,8,3.600048065185547,0.0
1779527849.6054137,-0.1989675347273536,0.0,0.0,0.0,0.0020777729190408684,0.0,-0.0792,1.5444,0.2376,-0.2,0.0,0.0,-0.1989675347273536,0.0,0.0,-0.0020777729190408684,0.0,0.0,square,0,0.2,0.5,4,8,3.609919309616089,0.0
1779527849.6154132,-0.1989675347273536,0.0,0.0,-0.0020777729190408684,0.0,0.0,-0.1584,1.3860000000000001,-0.2376,-0.2,0.0,0.0,-0.1989675347273536,0.0,0.0,0.0,0.0020777729190408684,0.0,square,0,0.2,0.5,4,8,3.6199400424957275,0.0
1779527849.6254134,-0.1989675347273536,0.0,0.0,0.0,0.0020777729190408684,0.0,0.198,1.5048000000000001,-0.1584,-0.2,0.0,0.0,-0.1989675347273536,0.0,0.0,0.0,0.0,0.0,square,0,0.2,0.5,4,8,3.629939556121826,0.0
1779527849.635429,-0.1989675347273536,0.0,0.0,0.0,0.0,0.0,0.1584,1.4652,-0.396,-0.2,0.0,0.0,-0.1989675347273536,0.0,0.0,0.0,0.0,0.0,square,0,0.2,0.5,4,8,3.639939785003662,0.0
1779527849.6454163,-0.1989675347273536,0.0,0.0,0.0,0.0,0.0,0.1584,1.3860000000000001,-0.198,-0.2,0.0,0.0,-0.1989675347273536,0.0,0.0,0.0,0.0,0.0,square,0,0.2,0.5,4,8,3.6499552726745605,0.0
1779527849.655564,-0.1989675347273536,0.0,0.0,0.0,0.0,0.0,-0.1188,1.5444,-0.198,-0.2,0.0,0.0,-0.1989675347273536,0.0,0.0,0.0,0.0,0.0,square,0,0.2,0.5,4,8,3.659942626953125,0.0
1779527849.6655324,-0.1989675347273536,0.0,0.0,0.0,0.0,0.0,-0.1188,1.3860000000000001,-0.1584,-0.2,0.0,0.0,-0.1989675347273536,0.0,0.0,0.0,-0.0020777729190408684,0.0,square,0,0.2,0.5,4,8,3.670090436935425,0.0
1779527849.6754162,-0.1989675347273536,0.0,0.0,0.0,-0.0020777729190408684,0.0,-0.1188,1.4652,-0.198,-0.2,0.0,0.0,-0.1989675347273536,0.0,0.0,0.0,-0.0020777729190408684,0.0,square,0,0.2,0.5,4,8,3.680058717727661,0.0
1779527849.6855514,-0.1989675347273536,0.0,0.0,0.0,-0.0020777729190408684,0.0,-0.1188,1.4652,-0.198,-0.2,0.0,0.0,-0.1989675347273536,0.0,0.0,0.0,-0.0020777729190408684,0.0,square,0,0.2,0.5,4,8,3.6899425983428955,0.0
1779527849.695411,-0.1989675347273536,0.0,0.0,0.0,-0.0020777729190408684,0.0,-0.1188,1.4652,-0.198,-0.2,0.0,0.0,-0.1989675347273536,0.0,0.0,-0.0020777729190408684,0.0,0.0,square,0,0.2,0.5,4,8,3.700077772140503,0.0
1779527849.7054138,-0.1989675347273536,0.0,0.0,-0.0020777729190408684,0.0,0.0,0.2376,1.4652,-0.1188,-0.2,0.0,0.0,-0.1989675347273536,0.0,0.0,-0.0020777729190408684,0.0,0.0,square,0,0.2,0.5,4,8,3.709937334060669,0.0
1779527849.7155623,-0.1989675347273536,0.0,0.0,-0.0020777729190408684,0.0,0.0,0.2376,1.4255999999999998,-0.27720000000000006,-0.2,0.0,0.0,-0.1989675347273536,0.0,0.0,0.0,0.0020777729190408684,0.0,square,0,0.2,0.5,4,8,3.719940185546875,0.0
1779527849.7255461,-0.1989675347273536,0.0,0.0,0.0,0.0020777729190408684,0.0,0.2376,1.5048000000000001,-0.27720000000000006,-0.2,0.0,0.0,-0.1989675347273536,0.0,0.0,-0.0020777729190408684,0.0,0.0,square,0,0.2,0.5,4,8,3.730088710784912,0.0
1779527849.7355201,-0.1989675347273536,0.0,0.0,-0.0020777729190408684,0.0,0.0,0.2376,1.6236000000000002,0.27720000000000006,-0.2,0.0,0.0,-0.1989675347273536,0.0,0.0,0.0,0.0020777729190408684,0.0,square,0,0.2,0.5,4,8,3.74007248878479,0.0
1779527849.7455475,-0.1989675347273536,0.0,0.0,0.0,0.0020777729190408684,0.0,0.2376,1.5444,-0.1188,-0.2,0.0,0.0,-0.1989675347273536,0.0,0.0,0.0020777729190408684,0.0,0.0,square,0,0.2,0.5,4,8,3.750046491622925,0.0
1779527849.7555122,-0.1989675347273536,0.0,0.0,0.0020777729190408684,0.0,0.0,0.1584,1.3860000000000001,0.2376,-0.2,0.0,0.0,-0.1989675347273536,0.0,0.0,0.0,0.0,0.0,square,0,0.2,0.5,4,8,3.7600739002227783,0.0
1779527849.765416,-0.1989675347273536,0.0,0.0,0.0,0.0,0.0,0.1188,1.5444,-0.2376,-0.2,0.0,0.0,-0.1989675347273536,0.0,0.0,0.0020777729190408684,0.0,0.0,square,0,0.2,0.5,4,8,3.770038604736328,0.0
1779527849.7754169,-0.1989675347273536,0.0,0.0,0.0020777729190408684,0.0,0.0,-0.1188,1.5048000000000001,0.1584,-0.2,0.0,0.0,-0.1989675347273536,0.0,0.0,0.0,0.0,0.0,square,0,0.2,0.5,4,8,3.779942274093628,0.0
1779527849.7854152,-0.1989675347273536,0.0,0.0,0.0,0.0,0.0,0.0,1.5048000000000001,-0.1188,-0.2,0.0,0.0,-0.1989675347273536,0.0,0.0,0.0,0.0,0.0,square,0,0.2,0.5,4,8,3.789943218231201,0.0
1779527849.7954352,-0.1989675347273536,0.0,0.0,0.0,0.0,0.0,-0.0792,1.3860000000000001,-0.3168,-0.2,0.0,0.0,-0.1989675347273536,0.0,0.0,0.0,0.0,0.0,square,0,0.2,0.5,4,8,3.7999415397644043,0.0
1779527849.8054528,-0.1989675347273536,0.0,0.0,0.0,0.0,0.0,-0.1584,1.3068,-0.2376,-0.2,0.0,0.0,-0.1989675347273536,0.0,0.0,-0.0020777729190408684,0.0,0.0,square,0,0.2,0.5,4,8,3.8099615573883057,0.0
1779527849.815413,-0.1989675347273536,0.0,0.0,-0.0020777729190408684,0.0,0.0,0.2376,1.3860000000000001,-0.27720000000000006,-0.2,0.0,0.0,-0.1989675347273536,0.0,0.0,-0.0020777729190408684,0.0020777729190408684,0.0020777729190408684,square,0,0.2,0.5,4,8,3.819979190826416,0.0
1779527849.825414,-0.1989675347273536,0.0,0.0,-0.0020777729190408684,0.0020777729190408684,0.0020777729190408684,0.27720000000000006,1.4652,0.0,-0.2,0.0,0.0,-0.1989675347273536,0.0,0.0,0.0,0.0,0.0,square,0,0.2,0.5,4,8,3.829939365386963,0.0
1779527849.8354375,-0.1989675347273536,0.0,0.0,0.0,0.0,0.0,0.27720000000000006,1.584,0.3168,-0.2,0.0,0.0,-0.1989675347273536,0.0,0.0,0.0,0.0,0.0,square,0,0.2,0.5,4,8,3.839940309524536,0.0
1779527849.8453941,-0.1989675347273536,0.0,0.0,0.0,0.0,0.0,0.1188,1.4652,0.2376,-0.2,0.0,0.0,-0.1989675347273536,0.0,0.0,0.0020777729190408684,0.0020777729190408684,0.0,square,0,0.2,0.5,4,8,3.849963903427124,0.0
1779527849.8555262,-0.1989675347273536,0.0,0.0,0.0020777729190408684,0.0020777729190408684,0.0,0.1188,1.5444,-0.2376,-0.2,0.0,0.0,-0.1989675347273536,0.0,0.0,0.0,0.0,0.0,square,0,0.2,0.5,4,8,3.8599205017089844,0.0
1779527849.8654618,-0.1989675347273536,0.0,0.0,0.0,0.0,0.0,-0.0792,1.5048000000000001,-0.2376,-0.2,0.0,0.0,-0.1989675347273536,0.0,0.0,0.0,0.0,0.0,square,0,0.2,0.5,4,8,3.8700525760650635,0.0
1779527849.87542,-0.1989675347273536,0.0,0.0,0.0,0.0,0.0,-0.1188,1.5048000000000001,-0.0792,-0.2,0.0,0.0,-0.1989675347273536,0.0,0.0,0.0020777729190408684,0.0,0.0,square,0,0.2,0.5,4,8,3.879988193511963,0.0
1779527849.8854144,-0.1989675347273536,0.0,0.0,0.0020777729190408684,0.0,0.0,-0.0792,1.5444,-0.0396,-0.2,0.0,0.0,-0.1989675347273536,0.0,0.0,0.0,0.0,0.0,square,0,0.2,0.5,4,8,3.889946460723877,0.0
1779527849.8954172,-0.1989675347273536,0.0,0.0,0.0,0.0,0.0,-0.1188,1.4255999999999998,-0.1584,-0.2,0.0,0.0,-0.1989675347273536,0.0,0.0,-0.0020777729190408684,-0.0020777729190408684,0.0,square,0,0.2,0.5,4,8,3.8999407291412354,0.0
1779527849.9054112,-0.1989675347273536,0.0,0.0,-0.0020777729190408684,-0.0020777729190408684,0.0,-0.1584,1.3860000000000001,-0.198,-0.2,0.0,0.0,-0.1989675347273536,0.0,0.0,0.0,0.0,0.0,square,0,0.2,0.5,4,8,3.9099435806274414,0.0
1779527849.9154143,-0.1989675347273536,0.0,0.0,0.0,0.0,0.0,0.1584,1.4652,0.1188,-0.2,0.0,0.0,-0.1989675347273536,0.0,0.0,-0.0020777729190408684,-0.0020777729190408684,0.0,square,0,0.2,0.5,4,8,3.9199376106262207,0.0
1779527849.9253871,-0.1989675347273536,0.0,0.0,-0.0020777729190408684,-0.0020777729190408684,0.0,0.2376,1.3860000000000001,-0.198,-0.2,0.0,0.0,-0.1989675347273536,0.0,0.0,-0.0020777729190408684,-0.0020777729190408684,0.0,square,0,0.2,0.5,4,8,3.929940700531006,0.0
1779527849.9354115,-0.1989675347273536,0.0,0.0,-0.0020777729190408684,-0.0020777729190408684,0.0,0.2376,1.584,-0.2376,-0.2,0.0,0.0,-0.1989675347273536,0.0,0.0,0.0020777729190408684,0.0,0.0,square,0,0.2,0.5,4,8,3.939913511276245,0.0
1779527849.9454212,-0.1989675347273536,0.0,0.0,0.0020777729190408684,0.0,0.0,-0.2376,1.4255999999999998,0.1188,-0.2,0.0,0.0,-0.1989675347273536,0.0,0.0,0.0,0.0,0.0,square,0,0.2,0.5,4,8,3.9499378204345703,0.0
1779527849.9554167,-0.1989675347273536,0.0,0.0,0.0,0.0,0.0,0.198,1.5444,-0.1188,-0.2,0.0,0.0,-0.1989675347273536,0.0,0.0,0.0,0.0,0.0,square,0,0.2,0.5,4,8,3.9599475860595703,0.0
1779527849.9654167,-0.1989675347273536,0.0,0.0,0.0,0.0,0.0,0.198,1.5444,-0.1188,-0.2,0.0,0.0,-0.1989675347273536,0.0,0.0,0.0020777729190408684,0.0,0.0,square,0,0.2,0.5,4,8,3.969943046569824,0.0
1779527849.9754174,-0.1989675347273536,0.0,0.0,0.0020777729190408684,0.0,0.0,-0.1188,1.584,0.3168,-0.2,0.0,0.0,-0.1989675347273536,0.0,0.0,0.0,0.0,0.0,square,0,0.2,0.5,4,8,3.979943037033081,0.0
1779527849.985416,-0.1989675347273536,0.0,0.0,0.0,0.0,0.0,-0.1584,1.5444,-0.2376,-0.2,0.0,0.0,-0.1989675347273536,0.0,0.0,0.0,0.0,0.0,square,0,0.2,0.5,4,8,3.989943742752075,0.0
1779527849.9954104,-0.1989675347273536,0.0,0.0,0.0,0.0,0.0,0.1584,1.3860000000000001,-0.396,-0.2,0.0,0.0,-0.1989675347273536,0.0,0.0,0.0,0.0020777729190408684,0.0,square,0,0.2,0.5,4,8,3.9999423027038574,0.0
1779527850.0054407,-0.1989675347273536,0.0,0.0,0.0,0.0020777729190408684,0.0,-0.0792,1.3860000000000001,-0.27720000000000006,0.2,0.0,0.0,-0.1989675347273536,0.0,0.0,0.0,0.0020777729190408684,0.0,square,0,0.2,0.5,4,8,4.009936809539795,0.0
1779527850.0154188,-0.1989675347273536,0.0,0.0,0.0,0.0020777729190408684,0.0,-0.1584,1.4255999999999998,-0.0396,0.2,0.0,0.0,-0.19722220547535924,0.0,0.0,0.19531065438984163,0.0,0.0,square,0,0.2,0.5,4,8,4.019967079162598,0.0
1779527850.0254126,-0.19722220547535924,0.0,0.0,0.19531065438984163,0.0,0.0,13.1868,2.3760000000000003,-0.198,0.2,0.0,0.0,-0.1762782544514273,0.0,0.0,1.7577958895085746,0.0,0.0,square,0,0.2,0.5,4,8,4.029945135116577,0.0
1779527850.0354111,-0.1762782544514273,0.0,0.0,1.7577958895085746,0.0,0.0,5.5440000000000005,1.9404,0.27720000000000006,0.2,0.0,0.0,-0.14137166941154067,0.0,0.0,3.187303657808692,0.006233318757122605,0.0,square,0,0.2,0.5,4,8,4.039938926696777,0.0
1779527850.0459507,-0.14137166941154067,0.0,0.0,3.187303657808692,0.006233318757122605,0.0,6.8508,1.2276,-3.0096000000000003,0.2,0.0,0.0,-0.10122909661567113,0.0,0.0,3.8147910793590345,0.0020777729190408684,0.0,square,0,0.2,0.5,4,8,4.04993748664856,0.0
1779527850.0554657,-0.10122909661567113,0.0,0.0,3.8147910793590345,0.0020777729190408684,0.0,5.0688,1.2672,-1.2276,0.2,0.0,0.0,-0.05585053606381855,0.0,0.0,4.388256405014314,-0.008311091676163474,0.0,square,0,0.2,0.5,4,8,4.060477018356323,0.0
1779527850.0654142,-0.05585053606381855,0.0,0.0,4.388256405014314,-0.008311091676163474,0.0,0.0792,0.9107999999999999,1.4255999999999998,0.2,0.0,0.0,-0.010471975511965978,0.0,0.0,4.4734450946949895,-0.022855502109449553,0.0,square,0,0.2,0.5,4,8,4.0699920654296875,0.0
1779527850.0754108,-0.010471975511965978,0.0,0.0,4.4734450946949895,-0.022855502109449553,0.0,0.3168,0.792,-0.6732,0.2,0.0,0.0,0.027925268031909273,0.0,0.0,3.9373796815824456,-0.02493327502849042,0.006233318757122605,square,0,0.2,0.5,4,8,4.079940557479858,0.0
1779527850.0854175,0.027925268031909273,0.0,0.0,3.9373796815824456,-0.02493327502849042,0.006233318757122605,-1.2672,-0.2376,-1.1483999999999999,0.2,0.0,0.0,0.05934119456780721,0.0,0.0,3.316125578789226,-0.02493327502849042,0.004155545838081737,square,0,0.2,0.5,4,8,4.089937210083008,0.0
1779527850.095417,0.05934119456780721,0.0,0.0,3.316125578789226,-0.02493327502849042,0.004155545838081737,-2.5344,-0.2376,0.7524000000000001,0.2,0.0,0.0,0.08552113334772216,0.0,0.0,2.844471126166949,0.0,0.0020777729190408684,square,0,0.2,0.5,4,8,4.0999438762664795,0.0
1779527850.1054106,0.08552113334772216,0.0,0.0,2.844471126166949,0.0,0.0020777729190408684,-4.0392,0.5544000000000001,0.6732,0.2,0.0,0.0,0.10821041362364843,0.0,0.0,2.349961171435222,0.031166593785613025,-0.004155545838081737,square,0,0.2,0.5,4,8,4.109943389892578,0.0
1779527850.1154141,0.10821041362364843,0.0,0.0,2.349961171435222,0.031166593785613025,-0.004155545838081737,-4.8708,1.1880000000000002,-0.6336,0.2,0.0,0.0,0.12566370614359174,0.0,0.0,1.9011622209223946,0.035322139623694765,0.0,square,0,0.2,0.5,4,8,4.119936943054199,0.0
1779527850.1254113,0.12566370614359174,0.0,0.0,1.9011622209223946,0.035322139623694765,0.0,-2.0988,1.5048000000000001,1.1880000000000002,0.2,0.0,0.0,0.14137166941154067,0.0,0.0,1.529240868414079,0.018699956271367814,0.0,square,0,0.2,0.5,4,8,4.129940509796143,0.0
1779527850.1354115,0.14137166941154067,0.0,0.0,1.529240868414079,0.018699956271367814,0.0,-0.4752,1.3068,0.792,0.2,0.0,0.0,0.1518436449235067,0.0,0.0,1.2279637951531532,0.004155545838081737,-0.004155545838081737,square,0,0.2,0.5,4,8,4.13993763923645,0.0
1779527850.1454222,0.1518436449235067,0.0,0.0,1.2279637951531532,0.004155545838081737,-0.004155545838081737,0.27720000000000006,1.4652,-0.198,0.2,0.0,0.0,0.16231562043547265,0.0,0.0,1.0035643198967394,0.0,0.0,square,0,0.2,0.5,4,8,4.149937868118286,0.0
1779527850.1554134,0.16231562043547265,0.0,0.0,1.0035643198967394,0.0,0.0,0.2376,1.6632,0.0396,0.2,0.0,0.0,0.16929693744344998,0.0,0.0,0.8394202592925109,-0.010388864595204342,0.0020777729190408684,square,0,0.2,0.5,4,8,4.1599485874176025,0.0
1779527850.1654105,0.16929693744344998,0.0,0.0,0.8394202592925109,-0.010388864595204342,0.0020777729190408684,0.0,0.9107999999999999,-0.27720000000000006,0.2,0.0,0.0,0.1762782544514273,0.0,0.0,0.6856650632834865,-0.0020777729190408684,-0.006233318757122605,square,0,0.2,0.5,4,8,4.169939756393433,0.0
1779527850.1754165,0.1762782544514273,0.0,0.0,0.6856650632834865,-0.0020777729190408684,-0.006233318757122605,-0.396,1.0692,-0.0396,0.2,0.0,0.0,0.18151424220741028,0.0,0.0,0.5506098235458301,-0.014544410433286078,0.004155545838081737,square,0,0.2,0.5,4,8,4.17993688583374,0.0
1779527850.1854143,0.18151424220741028,0.0,0.0,0.5506098235458301,-0.014544410433286078,0.004155545838081737,-0.0792,0.8316,0.2376,0.2,0.0,0.0,0.18500490071139894,0.0,0.0,0.44256563175570496,-0.010388864595204342,0.0,square,0,0.2,0.5,4,8,4.189942836761475,0.0
1779527850.195413,0.18500490071139894,0.0,0.0,0.44256563175570496,-0.010388864595204342,0.0,-0.35639999999999994,0.99,-0.1188,0.2,0.0,0.0,0.18849555921538758,0.0,0.0,0.33036589412749806,-0.014544410433286078,0.0020777729190408684,square,0,0.2,0.5,4,8,4.1999406814575195,0.0
1779527850.2054281,0.18849555921538758,0.0,0.0,0.33036589412749806,-0.014544410433286078,0.0020777729190408684,0.27720000000000006,0.5544000000000001,0.396,0.2,0.0,0.0,0.19198621771937624,0.0,0.0,0.2867326628276398,-0.008311091676163474,0.0,square,0,0.2,0.5,4,8,4.209939479827881,0.0
1779527850.2154214,0.19198621771937624,0.0,0.0,0.2867326628276398,-0.008311091676163474,0.0,-0.5940000000000001,0.8316,0.2376,0.2,0.0,0.0,0.1937315469713706,0.0,0.0,0.22232170233737292,0.004155545838081737,-0.0020777729190408684,square,0,0.2,0.5,4,8,4.219954490661621,0.0
1779527850.2254143,0.1937315469713706,0.0,0.0,0.22232170233737292,0.004155545838081737,-0.0020777729190408684,-0.5148,0.9504,-0.2376,0.2,0.0,0.0,0.1954768762233649,0.0,0.0,0.16829960644231035,0.018699956271367814,0.0,square,0,0.2,0.5,4,8,4.229947805404663,0.0
1779527850.2354228,0.1954768762233649,0.0,0.0,0.16829960644231035,0.018699956271367814,0.0,-0.4356,1.6632,-0.198,0.2,0.0,0.0,0.1954768762233649,0.0,0.0,0.1184330563853295,0.018699956271367814,0.0,square,0,0.2,0.5,4,8,4.239940643310547,0.0
1779527850.2454097,0.1954768762233649,0.0,0.0,0.1184330563853295,0.018699956271367814,0.0,-0.0792,1.6236000000000002,-0.198,0.2,0.0,0.0,0.19722220547535924,0.0,0.0,0.07687759800451213,0.008311091676163474,-0.0020777729190408684,square,0,0.2,0.5,4,8,4.249949216842651,0.0
1779527850.2554402,0.19722220547535924,0.0,0.0,0.07687759800451213,0.008311091676163474,-0.0020777729190408684,0.198,1.6236000000000002,-0.1584,0.2,0.0,0.0,0.19722220547535924,0.0,0.0,0.05609986881410345,0.0,0.0,square,0,0.2,0.5,4,8,4.259936094284058,0.0
1779527850.2654145,0.19722220547535924,0.0,0.0,0.05609986881410345,0.0,0.0,0.35639999999999994,1.6236000000000002,-0.4356,0.2,0.0,0.0,0.19722220547535924,0.0,0.0,0.05402209589506258,0.0,0.0,square,0,0.2,0.5,4,8,4.2699666023254395,0.0
1779527850.2754161,0.19722220547535924,0.0,0.0,0.05402209589506258,0.0,0.0,-0.1188,1.4255999999999998,-0.27720000000000006,0.2,0.0,0.0,0.1989675347273536,0.0,0.0,0.0394776854617765,-0.006233318757122605,0.0,square,0,0.2,0.5,4,8,4.279940843582153,0.0
1779527850.285585,0.1989675347273536,0.0,0.0,0.0394776854617765,-0.006233318757122605,0.0,0.0396,1.3068,-0.3168,0.2,0.0,0.0,0.1989675347273536,0.0,0.0,0.02493327502849042,-0.006233318757122605,0.0,square,0,0.2,0.5,4,8,4.289942502975464,0.0
1779527850.2954292,0.1989675347273536,0.0,0.0,0.02493327502849042,-0.006233318757122605,0.0,0.0,1.1483999999999999,-0.3168,0.2,0.0,0.0,0.1989675347273536,0.0,0.0,0.014544410433286078,-0.006233318757122605,0.0,square,0,0.2,0.5,4,8,4.300111293792725,0.0
1779527850.3054175,0.1989675347273536,0.0,0.0,0.014544410433286078,-0.006233318757122605,0.0,0.198,0.9504,-0.0792,0.2,0.0,0.0,0.1989675347273536,0.0,0.0,0.008311091676163474,-0.006233318757122605,0.0,square,0,0.2,0.5,4,8,4.309955596923828,0.0
1779527850.3154147,0.1989675347273536,0.0,0.0,0.008311091676163474,-0.006233318757122605,0.0,0.3168,0.9107999999999999,-0.27720000000000006,0.2,0.0,0.0,0.1989675347273536,0.0,0.0,0.0020777729190408684,-0.0020777729190408684,0.0,square,0,0.2,0.5,4,8,4.319943904876709,0.0
1779527850.325414,0.1989675347273536,0.0,0.0,0.0020777729190408684,-0.0020777729190408684,0.0,0.5148,1.0296,-0.0792,0.2,0.0,0.0,0.1989675347273536,0.0,0.0,-0.0020777729190408684,0.004155545838081737,0.0,square,0,0.2,0.5,4,8,4.329941034317017,0.0
1779527850.3354177,0.1989675347273536,0.0,0.0,-0.0020777729190408684,0.004155545838081737,0.0,0.5544000000000001,1.2672,-0.1584,0.2,0.0,0.0,0.1989675347273536,0.0,0.0,0.0,0.004155545838081737,0.0,square,0,0.2,0.5,4,8,4.339940309524536,0.0
1779527850.3454177,0.1989675347273536,0.0,0.0,0.0,0.004155545838081737,0.0,0.5940000000000001,1.2672,-0.1188,0.2,0.0,0.0,0.1989675347273536,0.0,0.0,0.0020777729190408684,0.004155545838081737,0.0,square,0,0.2,0.5,4,8,4.349944114685059,0.0
1779527850.355414,0.1989675347273536,0.0,0.0,0.0020777729190408684,0.004155545838081737,0.0,0.5148,1.4255999999999998,-0.1584,0.2,0.0,0.0,0.1989675347273536,0.0,0.0,0.010388864595204342,0.0020777729190408684,0.0,square,0,0.2,0.5,4,8,4.359944105148315,0.0
1779527850.3654613,0.1989675347273536,0.0,0.0,0.010388864595204342,0.0020777729190408684,0.0,0.198,1.4255999999999998,-0.198,0.2,0.0,0.0,0.1989675347273536,0.0,0.0,0.01246663751424521,0.0,0.0,square,0,0.2,0.5,4,8,4.369940280914307,0.0
1779527850.3754134,0.1989675347273536,0.0,0.0,0.01246663751424521,0.0,0.0,0.0396,1.3068,-0.27720000000000006,0.2,0.0,0.0,0.1989675347273536,0.0,0.0,0.01246663751424521,0.0,0.0,square,0,0.2,0.5,4,8,4.379987716674805,0.0
1779527850.3854253,0.1989675347273536,0.0,0.0,0.01246663751424521,0.0,0.0,-0.2376,1.4652,-0.1188,0.2,0.0,0.0,0.1989675347273536,0.0,0.0,0.010388864595204342,0.0,0.0,square,0,0.2,0.5,4,8,4.389939785003662,0.0
1779527850.395603,0.1989675347273536,0.0,0.0,0.010388864595204342,0.0,0.0,0.5148,1.2672,-0.1188,0.2,0.0,0.0,0.1989675347273536,0.0,0.0,0.008311091676163474,0.0,0.0,square,0,0.2,0.5,4,8,4.399951696395874,0.0
1779527850.4055161,0.1989675347273536,0.0,0.0,0.008311091676163474,0.0,0.0,0.35639999999999994,1.2672,-0.0396,0.2,0.0,0.0,0.1989675347273536,0.0,0.0,0.0,-0.0020777729190408684,0.0020777729190408684,square,0,0.2,0.5,4,8,4.4101293087005615,0.0
1779527850.4154143,0.1989675347273536,0.0,0.0,0.0,-0.0020777729190408684,0.0020777729190408684,0.2376,1.4255999999999998,-0.1188,0.2,0.0,0.0,0.1989675347273536,0.0,0.0,-0.0020777729190408684,0.0,0.0020777729190408684,square,0,0.2,0.5,4,8,4.420042514801025,0.0
1779527850.4254425,0.1989675347273536,0.0,0.0,-0.0020777729190408684,0.0,0.0020777729190408684,-0.1188,1.2672,-0.2376,0.2,0.0,0.0,0.1989675347273536,0.0,0.0,-0.0020777729190408684,-0.0020777729190408684,0.0,square,0,0.2,0.5,4,8,4.429940700531006,0.0
1779527850.4354172,0.1989675347273536,0.0,0.0,-0.0020777729190408684,-0.0020777729190408684,0.0,-0.1188,1.1880000000000002,-0.0792,0.2,0.0,0.0,0.1989675347273536,0.0,0.0,-0.0020777729190408684,-0.0020777729190408684,0.0,square,0,0.2,0.5,4,8,4.439968824386597,0.0
1779527850.4454174,0.1989675347273536,0.0,0.0,-0.0020777729190408684,-0.0020777729190408684,0.0,-0.1188,1.2672,-0.1584,0.2,0.0,0.0,0.1989675347273536,0.0,0.0,-0.006233318757122605,0.0,0.0,square,0,0.2,0.5,4,8,4.449943542480469,0.0
1779527850.4554222,0.1989675347273536,0.0,0.0,-0.006233318757122605,0.0,0.0,0.0,1.3464,-0.1188,0.2,0.0,0.0,0.1989675347273536,0.0,0.0,-0.004155545838081737,0.0,0.0,square,0,0.2,0.5,4,8,4.459943771362305,0.0
1779527850.4654348,0.1989675347273536,0.0,0.0,-0.004155545838081737,0.0,0.0,0.0792,1.3464,-0.1188,0.2,0.0,0.0,0.1989675347273536,0.0,0.0,-0.0020777729190408684,0.0,0.0,square,0,0.2,0.5,4,8,4.4699485301971436,0.0
1779527850.4754157,0.1989675347273536,0.0,0.0,-0.0020777729190408684,0.0,0.0,-0.1188,1.5048000000000001,-0.0792,0.2,0.0,0.0,0.1989675347273536,0.0,0.0,0.0,0.0020777729190408684,0.0020777729190408684,square,0,0.2,0.5,4,8,4.479961156845093,0.0
1779527850.4854133,0.1989675347273536,0.0,0.0,0.0,0.0020777729190408684,0.0020777729190408684,-0.1584,1.4255999999999998,-0.1188,0.2,0.0,0.0,0.1989675347273536,0.0,0.0,0.0,0.0,0.0,square,0,0.2,0.5,4,8,4.4899420738220215,0.0
1779527850.4954145,0.1989675347273536,0.0,0.0,0.0,0.0,0.0,0.27720000000000006,1.4652,-0.35639999999999994,0.2,0.0,0.0,0.1989675347273536,0.0,0.0,0.0,0.0,0.0,square,0,0.2,0.5,4,8,4.499939680099487,0.0
1779527850.5054271,0.1989675347273536,0.0,0.0,0.0,0.0,0.0,0.3168,1.3464,-0.198,0.2,0.0,0.0,0.1989675347273536,0.0,0.0,0.0020777729190408684,0.0,0.0,square,0,0.2,0.5,4,8,4.50994086265564,0.0
1779527850.515386,0.1989675347273536,0.0,0.0,0.0020777729190408684,0.0,0.0,0.5148,1.4255999999999998,-0.27720000000000006,0.2,0.0,0.0,0.1989675347273536,0.0,0.0,0.0020777729190408684,0.0,-0.0020777729190408684,square,0,0.2,0.5,4,8,4.519953489303589,0.0
1779527850.525413,0.1989675347273536,0.0,0.0,0.0020777729190408684,0.0,-0.0020777729190408684,0.4752,1.5048000000000001,-0.0792,0.2,0.0,0.0,0.1989675347273536,0.0,0.0,0.0,0.0,0.0,square,0,0.2,0.5,4,8,4.52991247177124,0.0
1779527850.5354135,0.1989675347273536,0.0,0.0,0.0,0.0,0.0,0.396,1.5048000000000001,-0.0792,0.2,0.0,0.0,0.1989675347273536,0.0,0.0,-0.0020777729190408684,0.0020777729190408684,0.0,square,0,0.2,0.5,4,8,4.5399394035339355,0.0
1779527850.545433,0.1989675347273536,0.0,0.0,-0.0020777729190408684,0.0020777729190408684,0.0,0.35639999999999994,1.5444,-0.2376,0.2,0.0,0.0,0.1989675347273536,0.0,0.0,-0.004155545838081737,0.0,0.0,square,0,0.2,0.5,4,8,4.549939870834351,0.0
1779527850.5554173,0.1989675347273536,0.0,0.0,-0.004155545838081737,0.0,0.0,0.2376,1.4255999999999998,-0.2376,0.2,0.0,0.0,0.1989675347273536,0.0,0.0,-0.004155545838081737,0.0,0.0,square,0,0.2,0.5,4,8,4.559959411621094,0.0
1779527850.5654142,0.1989675347273536,0.0,0.0,-0.004155545838081737,0.0,0.0,0.2376,1.4255999999999998,-0.2376,0.2,0.0,0.0,0.1989675347273536,0.0,0.0,-0.0020777729190408684,0.0020777729190408684,0.0,square,0,0.2,0.5,4,8,4.56994366645813,0.0
1779527850.5754185,0.1989675347273536,0.0,0.0,-0.0020777729190408684,0.0020777729190408684,0.0,0.2376,1.3464,-0.1188,0.2,0.0,0.0,0.1989675347273536,0.0,0.0,0.0,0.0,-0.0020777729190408684,square,0,0.2,0.5,4,8,4.579940557479858,0.0
1779527850.58541,0.1989675347273536,0.0,0.0,0.0,0.0,-0.0020777729190408684,0.3168,1.4652,-0.198,0.2,0.0,0.0,0.1989675347273536,0.0,0.0,0.0020777729190408684,0.0,0.0,square,0,0.2,0.5,4,8,4.589944839477539,0.0
1779527850.5954487,0.1989675347273536,0.0,0.0,0.0020777729190408684,0.0,0.0,0.4356,1.5048000000000001,-0.1188,0.2,0.0,0.0,0.1989675347273536,0.0,0.0,0.0,0.0,0.0,square,0,0.2,0.5,4,8,4.599936485290527,0.0
1779527850.6055303,0.1989675347273536,0.0,0.0,0.0,0.0,0.0,0.396,1.3860000000000001,-0.1188,0.2,0.0,0.0,0.1989675347273536,0.0,0.0,0.0,0.0,0.0,square,0,0.2,0.5,4,8,4.609975099563599,0.0
1779527850.615412,0.1989675347273536,0.0,0.0,0.0,0.0,0.0,0.396,1.3860000000000001,-0.1188,0.2,0.0,0.0,0.1989675347273536,0.0,0.0,0.0,-0.0020777729190408684,0.0,square,0,0.2,0.5,4,8,4.620056629180908,0.0
1779527850.6255355,0.1989675347273536,0.0,0.0,0.0,-0.0020777729190408684,0.0,0.4356,1.4255999999999998,-0.2376,0.2,0.0,0.0,0.1989675347273536,0.0,0.0,0.0,0.0,0.0,square,0,0.2,0.5,4,8,4.629938364028931,0.0
1779527850.6354182,0.1989675347273536,0.0,0.0,0.0,0.0,0.0,0.4752,1.3860000000000001,-0.0792,0.2,0.0,0.0,0.1989675347273536,0.0,0.0,0.0,0.0,0.0,square,0,0.2,0.5,4,8,4.640061855316162,0.0
1779527850.6454144,0.1989675347273536,0.0,0.0,0.0,0.0,0.0,0.396,1.5048000000000001,-0.0792,0.2,0.0,0.0,0.1989675347273536,0.0,0.0,0.0,0.0,0.0,square,0,0.2,0.5,4,8,4.649944543838501,0.0
1779527850.6554158,0.1989675347273536,0.0,0.0,0.0,0.0,0.0,0.35639999999999994,1.584,-0.0396,0.2,0.0,0.0,0.1989675347273536,0.0,0.0,0.0,0.0,0.0,square,0,0.2,0.5,4,8,4.659940719604492,0.0
1779527850.6654139,0.1989675347273536,0.0,0.0,0.0,0.0,0.0,0.3168,1.5444,-0.1188,0.2,0.0,0.0,0.1989675347273536,0.0,0.0,-0.0020777729190408684,0.0,0.0020777729190408684,square,0,0.2,0.5,4,8,4.669942140579224,0.0
1779527850.6754181,0.1989675347273536,0.0,0.0,-0.0020777729190408684,0.0,0.0020777729190408684,0.2376,1.5048000000000001,-0.1584,0.2,0.0,0.0,0.1989675347273536,0.0,0.0,0.0,0.0,0.0,square,0,0.2,0.5,4,8,4.679940223693848,0.0
1779527850.6855316,0.1989675347273536,0.0,0.0,0.0,0.0,0.0,0.27720000000000006,1.584,-0.1188,0.2,0.0,0.0,0.1989675347273536,0.0,0.0,0.0020777729190408684,0.0,0.0020777729190408684,square,0,0.2,0.5,4,8,4.689944505691528,0.0
1779527850.6954136,0.1989675347273536,0.0,0.0,0.0020777729190408684,0.0,0.0020777729190408684,0.3168,1.3860000000000001,-0.0792,0.2,0.0,0.0,0.1989675347273536,0.0,0.0,0.0,0.0,0.0,square,0,0.2,0.5,4,8,4.7000579833984375,0.0
1779527850.7054124,0.1989675347273536,0.0,0.0,0.0,0.0,0.0,0.4752,1.3464,-0.198,0.2,0.0,0.0,0.1989675347273536,0.0,0.0,0.0020777729190408684,-0.006233318757122605,0.0,square,0,0.2,0.5,4,8,4.709939956665039,0.0
1779527850.7154334,0.1989675347273536,0.0,0.0,0.0020777729190408684,-0.006233318757122605,0.0,0.4356,1.2672,-0.1188,0.2,0.0,0.0,0.1989675347273536,0.0,0.0,0.0,-0.0020777729190408684,0.0,square,0,0.2,0.5,4,8,4.7199387550354,0.0
1779527850.7255542,0.1989675347273536,0.0,0.0,0.0,-0.0020777729190408684,0.0,0.4356,1.2276,-0.0396,0.2,0.0,0.0,0.1989675347273536,0.0,0.0,-0.0020777729190408684,0.0,0.0,square,0,0.2,0.5,4,8,4.729959726333618,0.0
1779527850.7354126,0.1989675347273536,0.0,0.0,-0.0020777729190408684,0.0,0.0,0.35639999999999994,1.4652,-0.2376,0.2,0.0,0.0,0.1989675347273536,0.0,0.0,0.0,0.0,0.0,square,0,0.2,0.5,4,8,4.7400805950164795,0.0
1779527850.7454147,0.1989675347273536,0.0,0.0,0.0,0.0,0.0,0.3168,1.5048000000000001,-0.1188,0.2,0.0,0.0,0.1989675347273536,0.0,0.0,0.0,0.0,0.0,square,0,0.2,0.5,4,8,4.74993896484375,0.0
1779527850.7554145,0.1989675347273536,0.0,0.0,0.0,0.0,0.0,0.2376,1.3860000000000001,-0.198,0.2,0.0,0.0,0.1989675347273536,0.0,0.0,0.0,0.0,0.0,square,0,0.2,0.5,4,8,4.759941101074219,0.0
1779527850.7654154,0.1989675347273536,0.0,0.0,0.0,0.0,0.0,0.27720000000000006,1.5444,0.0,0.2,0.0,0.0,0.1989675347273536,0.0,0.0,0.0,0.0,0.0,square,0,0.2,0.5,4,8,4.7699408531188965,0.0
1779527850.7756119,0.1989675347273536,0.0,0.0,0.0,0.0,0.0,0.2376,1.5444,0.0,0.2,0.0,0.0,0.1989675347273536,0.0,0.0,0.0,0.0,0.0,square,0,0.2,0.5,4,8,4.77994179725647,0.0
1779527850.7854142,0.1989675347273536,0.0,0.0,0.0,0.0,0.0,0.396,1.4255999999999998,-0.27720000000000006,0.2,0.0,0.0,0.1989675347273536,0.0,0.0,0.0020777729190408684,0.0,0.0,square,0,0.2,0.5,4,8,4.790138244628906,0.0
1779527850.7954452,0.1989675347273536,0.0,0.0,0.0020777729190408684,0.0,0.0,0.4356,1.5048000000000001,-0.0396,0.2,0.0,0.0,0.1989675347273536,0.0,0.0,0.0020777729190408684,0.0,0.0,square,0,0.2,0.5,4,8,4.799940586090088,0.0
1779527850.8054607,0.1989675347273536,0.0,0.0,0.0020777729190408684,0.0,0.0,0.4752,1.5048000000000001,-0.1188,0.2,0.0,0.0,0.1989675347273536,0.0,0.0,0.0,-0.004155545838081737,0.0,square,0,0.2,0.5,4,8,4.809971570968628,0.0
1779527850.8155322,0.1989675347273536,0.0,0.0,0.0,-0.004155545838081737,0.0,0.396,1.5048000000000001,-0.0792,0.2,0.0,0.0,0.1989675347273536,0.0,0.0,0.0,0.0,0.0,square,0,0.2,0.5,4,8,4.819987058639526,0.0
1779527850.8255482,0.1989675347273536,0.0,0.0,0.0,0.0,0.0,0.35639999999999994,1.3860000000000001,-0.27720000000000006,0.2,0.0,0.0,0.1989675347273536,0.0,0.0,0.0,0.0,0.0020777729190408684,square,0,0.2,0.5,4,8,4.830058574676514,0.0
1779527850.8354158,0.1989675347273536,0.0,0.0,0.0,0.0,0.0020777729190408684,0.3168,1.4652,-0.27720000000000006,0.2,0.0,0.0,0.1989675347273536,0.0,0.0,-0.0020777729190408684,0.0,0.0,square,0,0.2,0.5,4,8,4.84007453918457,0.0
1779527850.8454177,0.1989675347273536,0.0,0.0,-0.0020777729190408684,0.0,0.0,0.198,1.5048000000000001,-0.27720000000000006,0.2,0.0,0.0,0.1989675347273536,0.0,0.0,-0.004155545838081737,0.0,0.0,square,0,0.2,0.5,4,8,4.849942207336426,0.0
1779527850.8554168,0.1989675347273536,0.0,0.0,-0.004155545838081737,0.0,0.0,0.1584,1.3860000000000001,-0.2376,0.2,0.0,0.0,0.1989675347273536,0.0,0.0,-0.0020777729190408684,0.0,-0.004155545838081737,square,0,0.2,0.5,4,8,4.859944105148315,0.0
1779527850.8654172,0.1989675347273536,0.0,0.0,-0.0020777729190408684,0.0,-0.004155545838081737,-0.1188,1.5048000000000001,0.198,0.2,0.0,0.0,0.1989675347273536,0.0,0.0,0.0,0.0,0.0,square,0,0.2,0.5,4,8,4.869943141937256,0.0
1779527850.8754134,0.1989675347273536,0.0,0.0,0.0,0.0,0.0,0.198,1.4255999999999998,-0.0396,0.2,0.0,0.0,0.1989675347273536,0.0,0.0,0.0,0.0,0.0,square,0,0.2,0.5,4,8,4.879943609237671,0.0
1779527850.885417,0.1989675347273536,0.0,0.0,0.0,0.0,0.0,0.2376,1.3464,-0.198,0.2,0.0,0.0,0.1989675347273536,0.0,0.0,0.0,0.0,0.0,square,0,0.2,0.5,4,8,4.889939785003662,0.0
1779527850.8954163,0.1989675347273536,0.0,0.0,0.0,0.0,0.0,0.35639999999999994,1.3464,-0.1188,0.2,0.0,0.0,0.1989675347273536,0.0,0.0,0.0020777729190408684,0.0,0.0,square,0,0.2,0.5,4,8,4.8999433517456055,0.0
1779527850.9054153,0.1989675347273536,0.0,0.0,0.0020777729190408684,0.0,0.0,0.4356,1.4652,-0.27720000000000006,0.2,0.0,0.0,0.1989675347273536,0.0,0.0,0.0,0.0,0.0,square,0,0.2,0.5,4,8,4.909942626953125,0.0
1779527850.9154143,0.1989675347273536,0.0,0.0,0.0,0.0,0.0,0.4356,1.3464,-0.0396,0.2,0.0,0.0,0.1989675347273536,0.0,0.0,0.0,0.0,0.0,square,0,0.2,0.5,4,8,4.919941663742065,0.0
1779527850.9254158,0.1989675347273536,0.0,0.0,0.0,0.0,0.0,0.35639999999999994,1.4652,-0.35639999999999994,0.2,0.0,0.0,0.1989675347273536,0.0,0.0,0.0,0.0,0.0,square,0,0.2,0.5,4,8,4.929940700531006,0.0
1779527850.935414,0.1989675347273536,0.0,0.0,0.0,0.0,0.0,0.35639999999999994,1.3464,-0.1584,0.2,0.0,0.0,0.1989675347273536,0.0,0.0,-0.0020777729190408684,0.0,0.0,square,0,0.2,0.5,4,8,4.939942121505737,0.0
1779527850.9464748,0.1989675347273536,0.0,0.0,-0.0020777729190408684,0.0,0.0,0.198,1.4255999999999998,-0.198,0.2,0.0,0.0,0.1989675347273536,0.0,0.0,0.0,0.0,0.0,square,0,0.2,0.5,4,8,4.94994044303894,0.0
1779527850.9555357,0.1989675347273536,0.0,0.0,0.0,0.0,0.0,0.27720000000000006,1.4255999999999998,-0.198,0.2,0.0,0.0,0.1989675347273536,0.0,0.0,0.0,0.0,0.0,square,0,0.2,0.5,4,8,4.96100115776062,0.0
1779527850.965418,0.1989675347273536,0.0,0.0,0.0,0.0,0.0,0.1584,1.5048000000000001,0.0792,0.2,0.0,0.0,0.1989675347273536,0.0,0.0,0.0,-0.0020777729190408684,0.0,square,0,0.2,0.5,4,8,4.970062017440796,0.0
1779527850.9755077,0.1989675347273536,0.0,0.0,0.0,-0.0020777729190408684,0.0,0.2376,1.5444,-0.1584,0.2,0.0,0.0,0.1989675347273536,0.0,0.0,0.0,0.0,0.0,square,0,0.2,0.5,4,8,4.979944467544556,0.0
1779527850.9855669,0.1989675347273536,0.0,0.0,0.0,0.0,0.0,0.198,1.4652,-0.198,0.2,0.0,0.0,0.1989675347273536,0.0,0.0,0.0,-0.0020777729190408684,-0.0020777729190408684,square,0,0.2,0.5,4,8,4.990034103393555,0.0
1779527850.9955661,0.1989675347273536,0.0,0.0,0.0,-0.0020777729190408684,-0.0020777729190408684,0.2376,1.3860000000000001,-0.2376,-0.2,0.0,0.0,0.1989675347273536,0.0,0.0,0.0020777729190408684,0.0,0.0,square,0,0.2,0.5,4,8,5.000093221664429,0.0
1779527851.0054317,0.1989675347273536,0.0,0.0,0.0020777729190408684,0.0,0.0,0.3168,1.3068,-0.1188,-0.2,0.0,0.0,0.1989675347273536,0.0,0.0,0.0,0.0,0.0,square,0,0.2,0.5,4,8,5.010092496871948,0.0
1779527851.0155299,0.1989675347273536,0.0,0.0,0.0,0.0,0.0,0.3168,1.4255999999999998,-0.1188,-0.2,0.0,0.0,0.19722220547535924,0.0,0.0,-0.19946620022792336,-0.0020777729190408684,0.0,square,0,0.2,0.5,4,8,5.019958019256592,0.0
1779527851.0255582,0.19722220547535924,0.0,0.0,-0.19946620022792336,-0.0020777729190408684,0.0,13.147200000000002,2.3364,-0.1188,-0.2,0.0,0.0,0.1762782544514273,0.0,0.0,-1.7619514353466563,0.0,0.0,square,0,0.2,0.5,4,8,5.0300562381744385,0.0
1779527851.0355864,0.1762782544514273,0.0,0.0,-1.7619514353466563,0.0,0.0,4.7916,1.9008,0.792,-0.2,0.0,0.0,0.14137166941154067,0.0,0.0,-3.1540592911040384,-0.006233318757122605,0.0020777729190408684,square,0,0.2,0.5,4,8,5.040084600448608,0.0
1779527851.045564,0.14137166941154067,0.0,0.0,-3.1540592911040384,-0.006233318757122605,0.0020777729190408684,6.573600000000001,0.9504,-4.752000000000001,-0.2,0.0,0.0,0.10122909661567113,0.0,0.0,-3.8127133064399934,0.0,-0.004155545838081737,square,0,0.2,0.5,4,8,5.050112724304199,0.0
1779527851.055414,0.10122909661567113,0.0,0.0,-3.8127133064399934,0.0,-0.004155545838081737,6.692399999999999,1.1483999999999999,1.5444,-0.2,0.0,0.0,0.05585053606381855,0.0,0.0,-4.342545400795415,0.0,0.006233318757122605,square,0,0.2,0.5,4,8,5.0600903034210205,0.0
1779527851.0654244,0.05585053606381855,0.0,0.0,-4.342545400795415,0.0,0.006233318757122605,1.6236000000000002,1.0692,2.0592,-0.2,0.0,0.0,0.012217304763960306,0.0,0.0,-4.429811863395131,0.0020777729190408684,0.004155545838081737,square,0,0.2,0.5,4,8,5.0699403285980225,0.0
1779527851.075415,0.012217304763960306,0.0,0.0,-4.429811863395131,0.0020777729190408684,0.004155545838081737,-0.396,1.584,-0.7524000000000001,-0.2,0.0,0.0,-0.02617993877991494,0.0,0.0,-3.9519240920157315,0.008311091676163474,0.004155545838081737,square,0,0.2,0.5,4,8,5.07995080947876,0.0
1779527851.08554,-0.02617993877991494,0.0,0.0,-3.9519240920157315,0.008311091676163474,0.004155545838081737,-0.6336,1.3860000000000001,-0.9107999999999999,-0.2,0.0,0.0,-0.05759586531581287,0.0,0.0,-3.3722254476033293,0.008311091676163474,0.0,square,0,0.2,0.5,4,8,5.0899412631988525,0.0
1779527851.0954192,-0.05759586531581287,0.0,0.0,-3.3722254476033293,0.008311091676163474,0.0,-2.3760000000000003,2.0592,-0.6336,-0.2,0.0,0.0,-0.08552113334772216,0.0,0.0,-2.854859990762153,-0.0020777729190408684,-0.008311091676163474,square,0,0.2,0.5,4,8,5.100066423416138,0.0
1779527851.1055474,-0.08552113334772216,0.0,0.0,-2.854859990762153,-0.0020777729190408684,-0.008311091676163474,-3.8412,0.5940000000000001,1.7028,-0.2,0.0,0.0,-0.10821041362364843,0.0,0.0,-2.3624278089494672,-0.010388864595204342,-0.0020777729190408684,square,0,0.2,0.5,4,8,5.10994553565979,0.0
1779527851.1154134,-0.10821041362364843,0.0,0.0,-2.3624278089494672,-0.010388864595204342,-0.0020777729190408684,-4.5144,-0.1584,-3.6431999999999998,-0.2,0.0,0.0,-0.12566370614359174,0.0,0.0,-1.9011622209223946,-0.02493327502849042,0.0,square,0,0.2,0.5,4,8,5.1200737953186035,0.0
1779527851.1254196,-0.12566370614359174,0.0,0.0,-1.9011622209223946,-0.02493327502849042,0.0,-1.8612000000000002,0.0,-3.366,-0.2,0.0,0.0,-0.14137166941154067,0.0,0.0,-1.516774230899834,-0.02701104794753129,0.0,square,0,0.2,0.5,4,8,5.129939794540405,0.0
1779527851.1354127,-0.14137166941154067,0.0,0.0,-1.516774230899834,-0.02701104794753129,0.0,-0.2376,0.198,-1.3464,-0.2,0.0,0.0,-0.1518436449235067,0.0,0.0,-1.2217304763960306,-0.006233318757122605,0.0,square,0,0.2,0.5,4,8,5.139945983886719,0.0
1779527851.1455426,-0.1518436449235067,0.0,0.0,-1.2217304763960306,-0.006233318757122605,0.0,0.4752,0.6732,-0.5148,-0.2,0.0,0.0,-0.16231562043547265,0.0,0.0,-1.009797638653862,0.010388864595204342,0.0,square,0,0.2,0.5,4,8,5.149939060211182,0.0
1779527851.1554134,-0.16231562043547265,0.0,0.0,-1.009797638653862,0.010388864595204342,0.0,0.2376,1.0692,-0.1188,-0.2,0.0,0.0,-0.16929693744344998,0.0,0.0,-0.8352647134544291,0.01246663751424521,0.0,square,0,0.2,0.5,4,8,5.160068988800049,0.0
1779527851.1654177,-0.16929693744344998,0.0,0.0,-0.8352647134544291,0.01246663751424521,0.0,0.0,1.1880000000000002,0.1188,-0.2,0.0,0.0,-0.1762782544514273,0.0,0.0,-0.6856650632834865,0.031166593785613025,-0.0020777729190408684,square,0,0.2,0.5,4,8,5.169939756393433,0.0
1779527851.1754162,-0.1762782544514273,0.0,0.0,-0.6856650632834865,0.031166593785613025,-0.0020777729190408684,0.0,1.9404,-0.198,-0.2,0.0,0.0,-0.18151424220741028,0.0,0.0,-0.5485320506267892,0.020777729190408684,0.0,square,0,0.2,0.5,4,8,5.179944038391113,0.0
1779527851.1854157,-0.18151424220741028,0.0,0.0,-0.5485320506267892,0.020777729190408684,0.0,0.0396,1.8612000000000002,-0.2376,-0.2,0.0,0.0,-0.18500490071139894,0.0,0.0,-0.425943448403378,0.008311091676163474,0.0,square,0,0.2,0.5,4,8,5.1899425983428955,0.0
1779527851.1954162,-0.18500490071139894,0.0,0.0,-0.425943448403378,0.008311091676163474,0.0,0.3168,1.7028,-0.0792,-0.2,0.0,0.0,-0.18849555921538758,0.0,0.0,-0.3345214399655798,0.006233318757122605,-0.0020777729190408684,square,0,0.2,0.5,4,8,5.199942111968994,0.0
1779527851.2054138,-0.18849555921538758,0.0,0.0,-0.3345214399655798,0.006233318757122605,-0.0020777729190408684,0.35639999999999994,1.5048000000000001,-0.1188,-0.2,0.0,0.0,-0.19198621771937624,0.0,0.0,-0.2950437545038033,-0.0020777729190408684,0.0,square,0,0.2,0.5,4,8,5.209942579269409,0.0
1779527851.2154236,-0.19198621771937624,0.0,0.0,-0.2950437545038033,-0.0020777729190408684,0.0,-0.4752,1.3464,-0.2376,-0.2,0.0,0.0,-0.1937315469713706,0.0,0.0,-0.22855502109449552,-0.004155545838081737,-0.0020777729190408684,square,0,0.2,0.5,4,8,5.219940185546875,0.0
1779527851.225416,-0.1937315469713706,0.0,0.0,-0.22855502109449552,-0.004155545838081737,-0.0020777729190408684,-0.5148,1.3464,-0.198,-0.2,0.0,0.0,-0.1954768762233649,0.0,0.0,-0.1703773793613512,-0.006233318757122605,0.0,square,0,0.2,0.5,4,8,5.229949951171875,0.0
1779527851.2354136,-0.1954768762233649,0.0,0.0,-0.1703773793613512,-0.006233318757122605,0.0,-0.4752,1.0296,-0.27720000000000006,-0.2,0.0,0.0,-0.1954768762233649,0.0,0.0,-0.1308996938995747,-0.008311091676163474,0.0020777729190408684,square,0,0.2,0.5,4,8,5.239942312240601,0.0
1779527851.2453823,-0.1954768762233649,0.0,0.0,-0.1308996938995747,-0.008311091676163474,0.0020777729190408684,-0.4752,1.0296,-0.2376,-0.2,0.0,0.0,-0.19722220547535924,0.0,0.0,-0.08934423551875734,-0.008311091676163474,0.0,square,0,0.2,0.5,4,8,5.249939918518066,0.0
1779527851.2554235,-0.19722220547535924,0.0,0.0,-0.08934423551875734,-0.008311091676163474,0.0,-0.0792,0.8712,-0.0792,-0.2,0.0,0.0,-0.19722220547535924,0.0,0.0,-0.04986655005698084,-0.0020777729190408684,0.0,square,0,0.2,0.5,4,8,5.259908676147461,0.0
1779527851.2654552,-0.19722220547535924,0.0,0.0,-0.04986655005698084,-0.0020777729190408684,0.0,0.6336,0.8712,-0.1188,-0.2,0.0,0.0,-0.1989675347273536,0.0,0.0,-0.05402209589506258,0.0,0.0,square,0,0.2,0.5,4,8,5.269949913024902,0.0
1779527851.2754135,-0.1989675347273536,0.0,0.0,-0.05402209589506258,0.0,0.0,-0.0396,1.0692,-0.1188,-0.2,0.0,0.0,-0.1989675347273536,0.0,0.0,-0.033244366704653895,0.008311091676163474,0.0,square,0,0.2,0.5,4,8,5.27998161315918,0.0
1779527851.2854161,-0.1989675347273536,0.0,0.0,-0.033244366704653895,0.008311091676163474,0.0,0.198,1.4255999999999998,0.1188,-0.2,0.0,0.0,-0.1989675347273536,0.0,0.0,-0.022855502109449553,0.008311091676163474,0.0,square,0,0.2,0.5,4,8,5.289939880371094,0.0
1779527851.295413,-0.1989675347273536,0.0,0.0,-0.022855502109449553,0.008311091676163474,0.0,0.2376,1.5048000000000001,-0.198,-0.2,0.0,0.0,-0.1989675347273536,0.0,0.0,-0.018699956271367814,0.006233318757122605,0.0,square,0,0.2,0.5,4,8,5.299942493438721,0.0
1779527851.3054137,-0.1989675347273536,0.0,0.0,-0.018699956271367814,0.006233318757122605,0.0,0.198,1.4652,-0.198,-0.2,0.0,0.0,-0.1989675347273536,0.0,0.0,-0.010388864595204342,0.0020777729190408684,0.0,square,0,0.2,0.5,4,8,5.309939384460449,0.0
1779527851.3154166,-0.1989675347273536,0.0,0.0,-0.010388864595204342,0.0020777729190408684,0.0,0.2376,1.4255999999999998,-0.2376,-0.2,0.0,0.0,-0.1989675347273536,0.0,0.0,-0.004155545838081737,0.0,0.0,square,0,0.2,0.5,4,8,5.319940090179443,0.0
1779527851.325414,-0.1989675347273536,0.0,0.0,-0.004155545838081737,0.0,0.0,0.396,1.5444,-0.0396,-0.2,0.0,0.0,-0.1989675347273536,0.0,0.0,-0.008311091676163474,-0.0020777729190408684,0.0020777729190408684,square,0,0.2,0.5,4,8,5.329942941665649,0.0
1779527851.3354144,-0.1989675347273536,0.0,0.0,-0.008311091676163474,-0.0020777729190408684,0.0020777729190408684,0.27720000000000006,1.3068,-0.0792,-0.2,0.0,0.0,-0.1989675347273536,0.0,0.0,-0.006233318757122605,-0.004155545838081737,0.0,square,0,0.2,0.5,4,8,5.339940309524536,0.0
1779527851.34543,-0.1989675347273536,0.0,0.0,-0.006233318757122605,-0.004155545838081737,0.0,0.1188,1.3068,-0.198,-0.2,0.0,0.0,-0.1989675347273536,0.0,0.0,-0.004155545838081737,-0.004155545838081737,0.0,square,0,0.2,0.5,4,8,5.349940776824951,0.0
1779527851.355598,-0.1989675347273536,0.0,0.0,-0.004155545838081737,-0.004155545838081737,0.0,-0.0792,1.1483999999999999,-0.3168,-0.2,0.0,0.0,-0.1989675347273536,0.0,0.0,-0.0020777729190408684,-0.004155545838081737,0.0020777729190408684,square,0,0.2,0.5,4,8,5.35995626449585,0.0
1779527851.3654137,-0.1989675347273536,0.0,0.0,-0.0020777729190408684,-0.004155545838081737,0.0020777729190408684,-0.1188,1.0296,-0.1584,-0.2,0.0,0.0,-0.1989675347273536,0.0,0.0,0.0,-0.0020777729190408684,0.0,square,0,0.2,0.5,4,8,5.370124340057373,0.0
1779527851.375414,-0.1989675347273536,0.0,0.0,0.0,-0.0020777729190408684,0.0,0.0,1.1880000000000002,-0.1584,-0.2,0.0,0.0,-0.1989675347273536,0.0,0.0,-0.004155545838081737,0.0,0.0,square,0,0.2,0.5,4,8,5.379940032958984,0.0
1779527851.385414,-0.1989675347273536,0.0,0.0,-0.004155545838081737,0.0,0.0,-0.0396,1.1483999999999999,-0.1584,-0.2,0.0,0.0,-0.1989675347273536,0.0,0.0,-0.0020777729190408684,0.0020777729190408684,0.0,square,0,0.2,0.5,4,8,5.38994026184082,0.0
1779527851.395413,-0.1989675347273536,0.0,0.0,-0.0020777729190408684,0.0020777729190408684,0.0,-0.0792,1.3068,-0.1584,-0.2,0.0,0.0,-0.1989675347273536,0.0,0.0,0.0,0.0020777729190408684,0.0,square,0,0.2,0.5,4,8,5.399940252304077,0.0
1779527851.405413,-0.1989675347273536,0.0,0.0,0.0,0.0020777729190408684,0.0,-0.0396,1.3860000000000001,0.0792,-0.2,0.0,0.0,-0.1989675347273536,0.0,0.0,0.0,0.0,-0.0020777729190408684,square,0,0.2,0.5,4,8,5.409939289093018,0.0
1779527851.415427,-0.1989675347273536,0.0,0.0,0.0,0.0,-0.0020777729190408684,0.0,1.5048000000000001,-0.198,-0.2,0.0,0.0,-0.1989675347273536,0.0,0.0,0.0,0.0020777729190408684,0.0,square,0,0.2,0.5,4,8,5.419939279556274,0.0
1779527851.4253702,-0.1989675347273536,0.0,0.0,0.0,0.0020777729190408684,0.0,-0.0396,1.3068,-0.1584,-0.2,0.0,0.0,-0.1989675347273536,0.0,0.0,0.0,0.0,0.0,square,0,0.2,0.5,4,8,5.429953336715698,0.0
1779527851.435414,-0.1989675347273536,0.0,0.0,0.0,0.0,0.0,0.0396,1.3860000000000001,-0.0792,-0.2,0.0,0.0,-0.1989675347273536,0.0,0.0,0.0020777729190408684,0.0,0.0,square,0,0.2,0.5,4,8,5.439896583557129,0.0
1779527851.4454165,-0.1989675347273536,0.0,0.0,0.0020777729190408684,0.0,0.0,0.0,1.4652,-0.2376,-0.2,0.0,0.0,-0.1989675347273536,0.0,0.0,0.004155545838081737,0.0,0.0,square,0,0.2,0.5,4,8,5.44994044303894,0.0
1779527851.4555833,-0.1989675347273536,0.0,0.0,0.004155545838081737,0.0,0.0,-0.0792,1.2672,0.0396,-0.2,0.0,0.0,-0.1989675347273536,0.0,0.0,0.0020777729190408684,0.0020777729190408684,0.0020777729190408684,square,0,0.2,0.5,4,8,5.459942817687988,0.0
1779527851.4654193,-0.1989675347273536,0.0,0.0,0.0020777729190408684,0.0020777729190408684,0.0020777729190408684,0.0,1.4652,-0.2376,-0.2,0.0,0.0,-0.1989675347273536,0.0,0.0,0.0,0.0,0.0,square,0,0.2,0.5,4,8,5.470109701156616,0.0
1779527851.4754174,-0.1989675347273536,0.0,0.0,0.0,0.0,0.0,-0.0396,1.4255999999999998,-0.3168,-0.2,0.0,0.0,-0.1989675347273536,0.0,0.0,0.0,0.0,0.0,square,0,0.2,0.5,4,8,5.479945659637451,0.0
1779527851.485414,-0.1989675347273536,0.0,0.0,0.0,0.0,0.0,0.0,1.2672,-0.198,-0.2,0.0,0.0,-0.1989675347273536,0.0,0.0,0.0,-0.0020777729190408684,0.0,square,0,0.2,0.5,4,8,5.489943742752075,0.0
1779527851.4954154,-0.1989675347273536,0.0,0.0,0.0,-0.0020777729190408684,0.0,-0.0396,1.2672,-0.198,-0.2,0.0,0.0,-0.1989675347273536,0.0,0.0,0.0,0.0,0.0,square,0,0.2,0.5,4,8,5.499940395355225,0.0
1779527851.5054278,-0.1989675347273536,0.0,0.0,0.0,0.0,0.0,-0.0792,1.4652,-0.198,-0.2,0.0,0.0,-0.1989675347273536,0.0,0.0,-0.0020777729190408684,0.0,-0.0020777729190408684,square,0,0.2,0.5,4,8,5.509941816329956,0.0
1779527851.5155196,-0.1989675347273536,0.0,0.0,-0.0020777729190408684,0.0,-0.0020777729190408684,-0.1584,1.5048000000000001,0.1584,-0.2,0.0,0.0,-0.1989675347273536,0.0,0.0,0.0,0.0,0.0,square,0,0.2,0.5,4,8,5.519954204559326,0.0
1779527851.5254216,-0.1989675347273536,0.0,0.0,0.0,0.0,0.0,-0.1584,1.3464,-0.27720000000000006,-0.2,0.0,0.0,-0.1989675347273536,0.0,0.0,0.0,0.0,0.0,square,0,0.2,0.5,4,8,5.530045986175537,0.0
1779527851.5354123,-0.1989675347273536,0.0,0.0,0.0,0.0,0.0,0.1584,1.3860000000000001,-0.27720000000000006,-0.2,0.0,0.0,-0.1989675347273536,0.0,0.0,0.0020777729190408684,0.0,0.0,square,0,0.2,0.5,4,8,5.539947986602783,0.0
1779527851.545427,-0.1989675347273536,0.0,0.0,0.0020777729190408684,0.0,0.0,-0.0792,1.4255999999999998,-0.2376,-0.2,0.0,0.0,-0.1989675347273536,0.0,0.0,0.0020777729190408684,0.0,0.0,square,0,0.2,0.5,4,8,5.549938678741455,0.0
1779527851.5554142,-0.1989675347273536,0.0,0.0,0.0020777729190408684,0.0,0.0,-0.1188,1.4255999999999998,-0.198,-0.2,0.0,0.0,-0.1989675347273536,0.0,0.0,0.0,0.0,0.0,square,0,0.2,0.5,4,8,5.559953451156616,0.0
1779527851.5654173,-0.1989675347273536,0.0,0.0,0.0,0.0,0.0,-0.0396,1.2672,-0.198,-0.2,0.0,0.0,-0.1989675347273536,0.0,0.0,0.0,0.0,0.0,square,0,0.2,0.5,4,8,5.569940567016602,0.0
1779527851.5754135,-0.1989675347273536,0.0,0.0,0.0,0.0,0.0,-0.0396,1.2672,-0.3168,-0.2,0.0,0.0,-0.1989675347273536,0.0,0.0,0.0020777729190408684,0.0020777729190408684,0.0,square,0,0.2,0.5,4,8,5.579943656921387,0.0
1779527851.5854154,-0.1989675347273536,0.0,0.0,0.0020777729190408684,0.0020777729190408684,0.0,-0.0396,1.4652,-0.1188,-0.2,0.0,0.0,-0.1989675347273536,0.0,0.0,0.0,0.0,0.0,square,0,0.2,0.5,4,8,5.589939832687378,0.0
1779527851.5954134,-0.1989675347273536,0.0,0.0,0.0,0.0,0.0,-0.0792,1.4652,-0.3168,-0.2,0.0,0.0,-0.1989675347273536,0.0,0.0,0.0,0.0,0.0,square,0,0.2,0.5,4,8,5.599941730499268,0.0
1779527851.605413,-0.1989675347273536,0.0,0.0,0.0,0.0,0.0,-0.198,1.3860000000000001,-0.27720000000000006,-0.2,0.0,0.0,-0.1989675347273536,0.0,0.0,0.0,0.0,0.0,square,0,0.2,0.5,4,8,5.609939813613892,0.0
1779527851.615414,-0.1989675347273536,0.0,0.0,0.0,0.0,0.0,0.198,1.5048000000000001,0.1584,-0.2,0.0,0.0,-0.1989675347273536,0.0,0.0,0.0,0.0,0.0,square,0,0.2,0.5,4,8,5.61993932723999,0.0
1779527851.6255517,-0.1989675347273536,0.0,0.0,0.0,0.0,0.0,0.1584,1.4652,-0.198,-0.2,0.0,0.0,-0.1989675347273536,0.0,0.0,0.0,0.0020777729190408684,0.0,square,0,0.2,0.5,4,8,5.6299402713775635,0.0
1779527851.635414,-0.1989675347273536,0.0,0.0,0.0,0.0020777729190408684,0.0,-0.1584,1.5048000000000001,-0.198,-0.2,0.0,0.0,-0.1989675347273536,0.0,0.0,0.0020777729190408684,0.0,0.0,square,0,0.2,0.5,4,8,5.640078067779541,0.0
1779527851.6454122,-0.1989675347273536,0.0,0.0,0.0020777729190408684,0.0,0.0,-0.1188,1.3860000000000001,-0.3168,-0.2,0.0,0.0,-0.1989675347273536,0.0,0.0,0.0,0.0,0.0,square,0,0.2,0.5,4,8,5.649940252304077,0.0
1779527851.6554172,-0.1989675347273536,0.0,0.0,0.0,0.0,0.0,0.1584,1.584,0.1584,-0.2,0.0,0.0,-0.1989675347273536,0.0,0.0,0.0,-0.0020777729190408684,0.0,square,0,0.2,0.5,4,8,5.65993857383728,0.0
1779527851.665459,-0.1989675347273536,0.0,0.0,0.0,-0.0020777729190408684,0.0,-0.1188,1.3860000000000001,-0.198,-0.2,0.0,0.0,-0.1989675347273536,0.0,0.0,0.0,0.0,0.0,square,0,0.2,0.5,4,8,5.669943571090698,0.0
1779527851.6754518,-0.1989675347273536,0.0,0.0,0.0,0.0,0.0,-0.1188,1.3068,-0.198,-0.2,0.0,0.0,-0.1989675347273536,0.0,0.0,0.0,0.0,0.0,square,0,0.2,0.5,4,8,5.679985284805298,0.0
1779527851.6855035,-0.1989675347273536,0.0,0.0,0.0,0.0,0.0,0.1584,1.4255999999999998,-0.1584,-0.2,0.0,0.0,-0.1989675347273536,0.0,0.0,0.0,0.0,0.0,square,0,0.2,0.5,4,8,5.689978122711182,0.0
1779527851.6954148,-0.1989675347273536,0.0,0.0,0.0,0.0,0.0,0.1584,1.4652,-0.198,-0.2,0.0,0.0,-0.1989675347273536,0.0,0.0,0.0,0.0,0.0,square,0,0.2,0.5,4,8,5.7000298500061035,0.0
1779527851.705411,-0.1989675347273536,0.0,0.0,0.0,0.0,0.0,-0.1188,1.4255999999999998,-0.27720000000000006,-0.2,0.0,0.0,-0.1989675347273536,0.0,0.0,-0.0020777729190408684,0.0020777729190408684,0.0,square,0,0.2,0.5,4,8,5.709941148757935,0.0
1779527851.7154365,-0.1989675347273536,0.0,0.0,-0.0020777729190408684,0.0020777729190408684,0.0,0.27720000000000006,1.584,-0.27720000000000006,-0.2,0.0,0.0,-0.1989675347273536,0.0,0.0,0.0,0.006233318757122605,0.0,square,0,0.2,0.5,4,8,5.719937324523926,0.0
1779527851.7254143,-0.1989675347273536,0.0,0.0,0.0,0.006233318757122605,0.0,0.27720000000000006,1.4652,-0.27720000000000006,-0.2,0.0,0.0,-0.1989675347273536,0.0,0.0,0.0,0.0,0.0,square,0,0.2,0.5,4,8,5.7299628257751465,0.0
1779527851.7355647,-0.1989675347273536,0.0,0.0,0.0,0.0,0.0,0.198,1.584,0.3168,-0.2,0.0,0.0,-0.1989675347273536,0.0,0.0,0.0,0.0,0.0,square,0,0.2,0.5,4,8,5.739940643310547,0.0
1779527851.7454138,-0.1989675347273536,0.0,0.0,0.0,0.0,0.0,0.1584,1.4255999999999998,0.4752,-0.2,0.0,0.0,-0.1989675347273536,0.0,0.0,0.0,0.0,0.0,square,0,0.2,0.5,4,8,5.750091075897217,0.0
1779527851.7554185,-0.1989675347273536,0.0,0.0,0.0,0.0,0.0,0.1584,1.5048000000000001,-0.35639999999999994,-0.2,0.0,0.0,-0.1989675347273536,0.0,0.0,0.0020777729190408684,0.0,0.0,square,0,0.2,0.5,4,8,5.759940147399902,0.0
1779527851.7654154,-0.1989675347273536,0.0,0.0,0.0020777729190408684,0.0,0.0,-0.1188,1.584,-0.198,-0.2,0.0,0.0,-0.1989675347273536,0.0,0.0,0.0,-0.0020777729190408684,0.0,square,0,0.2,0.5,4,8,5.769944906234741,0.0
1779527851.7754166,-0.1989675347273536,0.0,0.0,0.0,-0.0020777729190408684,0.0,-0.1584,1.5048000000000001,-0.2376,-0.2,0.0,0.0,-0.1989675347273536,0.0,0.0,0.0,0.0,-0.0020777729190408684,square,0,0.2,0.5,4,8,5.77994179725647,0.0
1779527851.7854178,-0.1989675347273536,0.0,0.0,0.0,0.0,-0.0020777729190408684,-0.1584,1.5048000000000001,-0.27720000000000006,-0.2,0.0,0.0,-0.1989675347273536,0.0,0.0,0.0,0.0,0.0,square,0,0.2,0.5,4,8,5.789942979812622,0.0
1779527851.79542,-0.1989675347273536,0.0,0.0,0.0,0.0,0.0,-0.1584,1.4255999999999998,-0.2376,-0.2,0.0,0.0,-0.1989675347273536,0.0,0.0,-0.0020777729190408684,0.0,0.0,square,0,0.2,0.5,4,8,5.799944162368774,0.0
1779527851.8054216,-0.1989675347273536,0.0,0.0,-0.0020777729190408684,0.0,0.0,0.2376,1.3464,-0.3168,-0.2,0.0,0.0,-0.1989675347273536,0.0,0.0,0.0,0.0020777729190408684,0.0,square,0,0.2,0.5,4,8,5.809946298599243,0.0
1779527851.8154125,-0.1989675347273536,0.0,0.0,0.0,0.0020777729190408684,0.0,0.27720000000000006,1.5048000000000001,-0.27720000000000006,-0.2,0.0,0.0,-0.1989675347273536,0.0,0.0,0.0,0.0,0.0,square,0,0.2,0.5,4,8,5.819947957992554,0.0
1779527851.8254118,-0.1989675347273536,0.0,0.0,0.0,0.0,0.0,0.2376,1.584,-0.198,-0.2,0.0,0.0,-0.1989675347273536,0.0,0.0,0.0,0.0,0.0,square,0,0.2,0.5,4,8,5.829938888549805,0.0
1779527851.8354163,-0.1989675347273536,0.0,0.0,0.0,0.0,0.0,0.198,1.4652,-0.35639999999999994,-0.2,0.0,0.0,-0.1989675347273536,0.0,0.0,0.0020777729190408684,0.0,0.0,square,0,0.2,0.5,4,8,5.839938163757324,0.0
1779527851.845458,-0.1989675347273536,0.0,0.0,0.0020777729190408684,0.0,0.0,-0.1584,1.4255999999999998,-0.2376,-0.2,0.0,0.0,-0.1989675347273536,0.0,0.0,0.0,0.0,0.0,square,0,0.2,0.5,4,8,5.849942684173584,0.0
1779527851.8554125,-0.1989675347273536,0.0,0.0,0.0,0.0,0.0,0.1584,1.5444,-0.396,-0.2,0.0,0.0,-0.1989675347273536,0.0,0.0,0.0,0.0,0.0,square,0,0.2,0.5,4,8,5.859984397888184,0.0
1779527851.8654165,-0.1989675347273536,0.0,0.0,0.0,0.0,0.0,-0.0792,1.5444,-0.4752,-0.2,0.0,0.0,-0.1989675347273536,0.0,0.0,0.0,0.0,0.0,square,0,0.2,0.5,4,8,5.869938850402832,0.0
1779527851.8754163,-0.1989675347273536,0.0,0.0,0.0,0.0,0.0,0.1584,1.3860000000000001,-0.5940000000000001,-0.2,0.0,0.0,-0.1989675347273536,0.0,0.0,0.0,0.0,0.0,square,0,0.2,0.5,4,8,5.879942893981934,0.0
1779527851.8854172,-0.1989675347273536,0.0,0.0,0.0,0.0,0.0,-0.1188,1.4255999999999998,-0.4356,-0.2,0.0,0.0,-0.1989675347273536,0.0,0.0,0.0,0.0,0.0,square,0,0.2,0.5,4,8,5.889942646026611,0.0
1779527851.8954163,-0.1989675347273536,0.0,0.0,0.0,0.0,0.0,0.1584,1.4652,-0.35639999999999994,-0.2,0.0,0.0,-0.1989675347273536,0.0,0.0,-0.0020777729190408684,0.0,0.0,square,0,0.2,0.5,4,8,5.899943590164185,0.0
1779527851.9055321,-0.1989675347273536,0.0,0.0,-0.0020777729190408684,0.0,0.0,0.2376,1.5444,0.4356,-0.2,0.0,0.0,-0.1989675347273536,0.0,0.0,0.0,0.0020777729190408684,0.0,square,0,0.2,0.5,4,8,5.909942626953125,0.0
1779527851.9154165,-0.1989675347273536,0.0,0.0,0.0,0.0020777729190408684,0.0,0.27720000000000006,1.4652,-0.27720000000000006,-0.2,0.0,0.0,-0.1989675347273536,0.0,0.0,-0.0020777729190408684,0.0020777729190408684,0.0,square,0,0.2,0.5,4,8,5.920058488845825,0.0
1779527851.9254727,-0.1989675347273536,0.0,0.0,-0.0020777729190408684,0.0020777729190408684,0.0,0.2376,1.5048000000000001,-0.35639999999999994,-0.2,0.0,0.0,-0.1989675347273536,0.0,0.0,0.0,0.0,0.0,square,0,0.2,0.5,4,8,5.929942846298218,0.0
1779527851.9353895,-0.1989675347273536,0.0,0.0,0.0,0.0,0.0,0.27720000000000006,1.5048000000000001,-0.396,-0.2,0.0,0.0,-0.1989675347273536,0.0,0.0,0.0,0.0,0.0,square,0,0.2,0.5,4,8,5.939999103546143,0.0
1779527851.9454117,-0.1989675347273536,0.0,0.0,0.0,0.0,0.0,0.2376,1.4652,-0.35639999999999994,-0.2,0.0,0.0,-0.1989675347273536,0.0,0.0,0.0,0.0,0.0,square,0,0.2,0.5,4,8,5.949915885925293,0.0
1779527851.9554152,-0.1989675347273536,0.0,0.0,0.0,0.0,0.0,-0.198,1.3464,-0.35639999999999994,-0.2,0.0,0.0,-0.1989675347273536,0.0,0.0,0.0,0.0,0.0,square,0,0.2,0.5,4,8,5.959938049316406,0.0
1779527851.965422,-0.1989675347273536,0.0,0.0,0.0,0.0,0.0,0.1188,1.4652,-0.396,-0.2,0.0,0.0,-0.1989675347273536,0.0,0.0,0.0,0.0,0.0,square,0,0.2,0.5,4,8,5.96994161605835,0.0
1779527851.9754128,-0.1989675347273536,0.0,0.0,0.0,0.0,0.0,-0.1584,1.4652,-0.5148,-0.2,0.0,0.0,-0.1989675347273536,0.0,0.0,0.0020777729190408684,0.0,0.0,square,0,0.2,0.5,4,8,5.979948282241821,0.0
1779527851.985417,-0.1989675347273536,0.0,0.0,0.0020777729190408684,0.0,0.0,-0.1188,1.3860000000000001,-0.4752,-0.2,0.0,0.0,-0.1989675347273536,0.0,0.0,0.0,0.0,0.0,square,0,0.2,0.5,4,8,5.989939212799072,0.0
1779527851.995416,-0.1989675347273536,0.0,0.0,0.0,0.0,0.0,-0.1584,1.4255999999999998,-0.4356,-0.2,0.0,0.0,-0.1989675347273536,0.0,0.0,0.0,0.0,0.0,square,0,0.2,0.5,4,8,5.999943256378174,0.0
1779527852.0054176,-0.1989675347273536,0.0,0.0,0.0,0.0,0.0,-0.1188,1.5048000000000001,-0.4752,0.2,0.0,0.0,-0.1989675347273536,0.0,0.0,-0.0020777729190408684,0.0,0.0,square,0,0.2,0.5,4,8,6.009942293167114,0.0
1779527852.01542,-0.1989675347273536,0.0,0.0,-0.0020777729190408684,0.0,0.0,0.1584,1.6236000000000002,-0.5940000000000001,0.2,0.0,0.0,-0.19722220547535924,0.0,0.0,0.1973884273088825,-0.0020777729190408684,0.0,square,0,0.2,0.5,4,8,6.019943952560425,0.0
1779527852.025414,-0.19722220547535924,0.0,0.0,0.1973884273088825,-0.0020777729190408684,0.0,13.345200000000002,2.1780000000000004,-0.5148,0.2,0.0,0.0,-0.1762782544514273,0.0,0.0,1.7577958895085746,0.0,0.0,square,0,0.2,0.5,4,8,6.029946327209473,0.0
1779527852.0354133,-0.1762782544514273,0.0,0.0,1.7577958895085746,0.0,0.0,5.3856,1.9404,0.792,0.2,0.0,0.0,-0.13962634015954636,0.0,0.0,3.189381430727733,0.004155545838081737,0.0020777729190408684,square,0,0.2,0.5,4,8,6.039940357208252,0.0
1779527852.0454144,-0.13962634015954636,0.0,0.0,3.189381430727733,0.004155545838081737,0.0020777729190408684,5.8212,1.5444,-0.35639999999999994,0.2,0.0,0.0,-0.10122909661567113,0.0,0.0,3.8127133064399934,0.0020777729190408684,0.0,square,0,0.2,0.5,4,8,6.0499396324157715,0.0
1779527852.0554202,-0.10122909661567113,0.0,0.0,3.8127133064399934,0.0020777729190408684,0.0,4.395600000000001,1.3860000000000001,0.0396,0.2,0.0,0.0,-0.05585053606381855,0.0,0.0,4.382023086257192,-0.010388864595204342,0.0,square,0,0.2,0.5,4,8,6.059940814971924,0.0
1779527852.0654132,-0.05585053606381855,0.0,0.0,4.382023086257192,-0.010388864595204342,0.0,1.0692,0.99,0.1584,0.2,0.0,0.0,-0.010471975511965978,0.0,0.0,4.4734450946949895,-0.018699956271367814,0.0020777729190408684,square,0,0.2,0.5,4,8,6.069946527481079,0.0
1779527852.0754118,-0.010471975511965978,0.0,0.0,4.4734450946949895,-0.018699956271367814,0.0020777729190408684,0.5940000000000001,0.8316,0.0,0.2,0.0,0.0,0.027925268031909273,0.0,0.0,3.9415352274205273,-0.02701104794753129,0.008311091676163474,square,0,0.2,0.5,4,8,6.079939603805542,0.0
1779527852.085411,0.027925268031909273,0.0,0.0,3.9415352274205273,-0.02701104794753129,0.008311091676163474,-1.0296,-0.198,1.1088000000000002,0.2,0.0,0.0,0.05934119456780721,0.0,0.0,3.311970032951144,-0.02493327502849042,0.008311091676163474,square,0,0.2,0.5,4,8,6.089938163757324,0.0
1779527852.0954256,0.05934119456780721,0.0,0.0,3.311970032951144,-0.02493327502849042,0.008311091676163474,-2.3364,-0.27720000000000006,1.1088000000000002,0.2,0.0,0.0,0.08552113334772216,0.0,0.0,2.840315580328867,0.0,0.004155545838081737,square,0,0.2,0.5,4,8,6.099937438964844,0.0
1779527852.105415,0.08552113334772216,0.0,0.0,2.840315580328867,0.0,0.004155545838081737,-4.1184,0.5544000000000001,1.98,0.2,0.0,0.0,0.10821041362364843,0.0,0.0,2.3458056255971402,0.029088820866572156,-0.004155545838081737,square,0,0.2,0.5,4,8,6.109951972961426,0.0
1779527852.1154325,0.10821041362364843,0.0,0.0,2.3458056255971402,0.029088820866572156,-0.004155545838081737,-4.95,1.1088000000000002,-1.8612000000000002,0.2,0.0,0.0,0.12566370614359174,0.0,0.0,1.9032399938414355,0.03739991254273563,-0.0020777729190408684,square,0,0.2,0.5,4,8,6.119941473007202,0.0
1779527852.1270833,0.12566370614359174,0.0,0.0,1.9032399938414355,0.03739991254273563,-0.0020777729190408684,-2.0592,1.4652,-1.8215999999999999,0.2,0.0,0.0,0.14137166941154067,0.0,0.0,1.53131864133312,0.016622183352326948,0.0,square,0,0.2,0.5,4,8,6.129958868026733,0.0
1779527852.135444,0.14137166941154067,0.0,0.0,1.53131864133312,0.016622183352326948,0.0,-0.4356,1.5444,-1.2672,0.2,0.0,0.0,0.14137166941154067,0.0,0.0,1.53131864133312,0.016622183352326948,0.0,square,0,0.2,0.5,4,8,6.1416096687316895,0.0
1779527852.1455305,0.14137166941154067,0.0,0.0,1.53131864133312,0.016622183352326948,0.0,-0.4356,1.5444,-1.2672,0.2,0.0,0.0,0.1518436449235067,0.0,0.0,1.2300415680721941,0.008311091676163474,-0.004155545838081737,square,0,0.2,0.5,4,8,6.149970293045044,0.0
1779527852.1554406,0.1518436449235067,0.0,0.0,1.2300415680721941,0.008311091676163474,-0.004155545838081737,0.2376,1.4255999999999998,-0.7127999999999999,0.2,0.0,0.0,0.16929693744344998,0.0,0.0,0.83734248637347,-0.014544410433286078,0.0,square,0,0.2,0.5,4,8,6.160056829452515,0.0
1779527852.1657753,0.16929693744344998,0.0,0.0,0.83734248637347,-0.014544410433286078,0.0,-0.1584,1.1088000000000002,-0.5148,0.2,0.0,0.0,0.1762782544514273,0.0,0.0,0.679431744526364,-0.004155545838081737,-0.0020777729190408684,square,0,0.2,0.5,4,8,6.16996693611145,0.0
1779527852.1756089,0.1762782544514273,0.0,0.0,0.679431744526364,-0.004155545838081737,-0.0020777729190408684,-0.1188,1.0692,-0.4356,0.2,0.0,0.0,0.18151424220741028,0.0,0.0,0.5506098235458301,-0.01246663751424521,0.0020777729190408684,square,0,0.2,0.5,4,8,6.180301666259766,0.0
1779527852.187079,0.18151424220741028,0.0,0.0,0.5506098235458301,-0.01246663751424521,0.0020777729190408684,-0.27720000000000006,0.8712,0.5148,0.2,0.0,0.0,0.18500490071139894,0.0,0.0,0.4363323129985824,-0.008311091676163474,0.0,square,0,0.2,0.5,4,8,6.19013524055481,0.0
1779527852.1954308,0.18500490071139894,0.0,0.0,0.4363323129985824,-0.008311091676163474,0.0,-0.3168,0.9107999999999999,-0.4356,0.2,0.0,0.0,0.18849555921538758,0.0,0.0,0.3282881212084572,-0.01246663751424521,0.0020777729190408684,square,0,0.2,0.5,4,8,6.201605319976807,0.0
1779527852.2054553,0.18849555921538758,0.0,0.0,0.3282881212084572,-0.01246663751424521,0.0020777729190408684,0.396,0.7127999999999999,-0.4356,0.2,0.0,0.0,0.19198621771937624,0.0,0.0,0.28465488990859894,0.0,0.0,square,0,0.2,0.5,4,8,6.209957122802734,0.0
1779527852.2173977,0.19198621771937624,0.0,0.0,0.28465488990859894,0.0,0.0,-0.4356,0.7524000000000001,-0.396,0.2,0.0,0.0,0.1937315469713706,0.0,0.0,0.21608838358025032,0.006233318757122605,0.0,square,0,0.2,0.5,4,8,6.219981670379639,0.0
1779527852.2270448,0.1937315469713706,0.0,0.0,0.21608838358025032,0.006233318757122605,0.0,-0.4752,1.0692,-0.4752,0.2,0.0,0.0,0.1954768762233649,0.0,0.0,0.1703773793613512,0.020777729190408684,-0.0020777729190408684,square,0,0.2,0.5,4,8,6.231924057006836,0.0
1779527852.2364361,0.1954768762233649,0.0,0.0,0.1703773793613512,0.020777729190408684,-0.0020777729190408684,-0.5148,1.5444,-0.4752,0.2,0.0,0.0,0.1954768762233649,0.0,0.0,0.12258860222341124,0.016622183352326948,0.0,square,0,0.2,0.5,4,8,6.2415711879730225,0.0
1779527852.2472749,0.1954768762233649,0.0,0.0,0.12258860222341124,0.016622183352326948,0.0,-0.35639999999999994,1.782,-0.396,0.2,0.0,0.0,0.19722220547535924,0.0,0.0,0.08103314384259387,0.01246663751424521,0.0,square,0,0.2,0.5,4,8,6.250962495803833,0.0
1779527852.2573528,0.19722220547535924,0.0,0.0,0.08103314384259387,0.01246663751424521,0.0,0.0,1.782,-0.396,0.2,0.0,0.0,0.19722220547535924,0.0,0.0,0.05817764173314431,0.0020777729190408684,0.0,square,0,0.2,0.5,4,8,6.261801242828369,0.0
1779527852.2655609,0.19722220547535924,0.0,0.0,0.05817764173314431,0.0020777729190408684,0.0,0.198,1.584,-0.4752,0.2,0.0,0.0,0.19722220547535924,0.0,0.0,0.05817764173314431,0.0020777729190408684,0.0,square,0,0.2,0.5,4,8,6.271879196166992,0.0
1779527852.2755232,0.19722220547535924,0.0,0.0,0.05817764173314431,0.0020777729190408684,0.0,0.198,1.584,-0.4752,0.2,0.0,0.0,0.1989675347273536,0.0,0.0,0.035322139623694765,-0.004155545838081737,0.0,square,0,0.2,0.5,4,8,6.280087232589722,0.0
1779527852.2855604,0.1989675347273536,0.0,0.0,0.035322139623694765,-0.004155545838081737,0.0,0.0,1.2276,-0.4752,0.2,0.0,0.0,0.1989675347273536,0.0,0.0,0.020777729190408684,-0.006233318757122605,0.0,square,0,0.2,0.5,4,8,6.2900495529174805,0.0
1779527852.2954106,0.1989675347273536,0.0,0.0,0.020777729190408684,-0.006233318757122605,0.0,0.1188,0.99,-0.396,0.2,0.0,0.0,0.1989675347273536,0.0,0.0,0.01246663751424521,-0.010388864595204342,0.0,square,0,0.2,0.5,4,8,6.300086736679077,0.0
1779527852.3055434,0.1989675347273536,0.0,0.0,0.01246663751424521,-0.010388864595204342,0.0,0.27720000000000006,0.99,-0.27720000000000006,0.2,0.0,0.0,0.1989675347273536,0.0,0.0,0.004155545838081737,-0.006233318757122605,0.0,square,0,0.2,0.5,4,8,6.309937000274658,0.0
1779527852.3155107,0.1989675347273536,0.0,0.0,0.004155545838081737,-0.006233318757122605,0.0,0.4752,0.9107999999999999,-0.396,0.2,0.0,0.0,0.1989675347273536,0.0,0.0,0.0,0.0,0.0,square,0,0.2,0.5,4,8,6.320069789886475,0.0
1779527852.3264809,0.1989675347273536,0.0,0.0,0.0,0.0,0.0,0.6336,1.1088000000000002,-0.5148,0.2,0.0,0.0,0.1989675347273536,0.0,0.0,-0.0020777729190408684,0.004155545838081737,0.0,square,0,0.2,0.5,4,8,6.3300371170043945,0.0
1779527852.335537,0.1989675347273536,0.0,0.0,-0.0020777729190408684,0.004155545838081737,0.0,0.7127999999999999,1.2672,-0.3168,0.2,0.0,0.0,0.1989675347273536,0.0,0.0,0.0,0.006233318757122605,0.0,square,0,0.2,0.5,4,8,6.341007232666016,0.0
1779527852.345492,0.1989675347273536,0.0,0.0,0.0,0.006233318757122605,0.0,0.7524000000000001,1.3068,-0.396,0.2,0.0,0.0,0.1989675347273536,0.0,0.0,0.004155545838081737,0.004155545838081737,0.0,square,0,0.2,0.5,4,8,6.350063323974609,0.0
1779527852.3554657,0.1989675347273536,0.0,0.0,0.004155545838081737,0.004155545838081737,0.0,0.5940000000000001,1.4255999999999998,-0.198,0.2,0.0,0.0,0.1989675347273536,0.0,0.0,0.014544410433286078,0.0020777729190408684,-0.0020777729190408684,square,0,0.2,0.5,4,8,6.360018253326416,0.0
1779527852.3653984,0.1989675347273536,0.0,0.0,0.014544410433286078,0.0020777729190408684,-0.0020777729190408684,0.3168,1.3464,-0.4356,0.2,0.0,0.0,0.1989675347273536,0.0,0.0,0.014544410433286078,0.0,-0.0020777729190408684,square,0,0.2,0.5,4,8,6.369992017745972,0.0
1779527852.3754451,0.1989675347273536,0.0,0.0,0.014544410433286078,0.0,-0.0020777729190408684,0.0,1.3068,-0.3168,0.2,0.0,0.0,0.1989675347273536,0.0,0.0,0.014544410433286078,0.0020777729190408684,0.0,square,0,0.2,0.5,4,8,6.379924774169922,0.0
1779527852.3854458,0.1989675347273536,0.0,0.0,0.014544410433286078,0.0020777729190408684,0.0,-0.1584,1.3860000000000001,-0.2376,0.2,0.0,0.0,0.1989675347273536,0.0,0.0,0.010388864595204342,-0.0020777729190408684,0.0,square,0,0.2,0.5,4,8,6.389971494674683,0.0
1779527852.3953953,0.1989675347273536,0.0,0.0,0.010388864595204342,-0.0020777729190408684,0.0,0.3168,1.4255999999999998,-0.198,0.2,0.0,0.0,0.1989675347273536,0.0,0.0,0.0020777729190408684,-0.0020777729190408684,0.0020777729190408684,square,0,0.2,0.5,4,8,6.399972200393677,0.0
1779527852.4054475,0.1989675347273536,0.0,0.0,0.0020777729190408684,-0.0020777729190408684,0.0020777729190408684,0.1584,1.4255999999999998,-0.396,0.2,0.0,0.0,0.1989675347273536,0.0,0.0,0.0,0.0,0.0,square,0,0.2,0.5,4,8,6.409921646118164,0.0
1779527852.4153843,0.1989675347273536,0.0,0.0,0.0,0.0,0.0,0.1188,1.5048000000000001,-0.396,0.2,0.0,0.0,0.1989675347273536,0.0,0.0,-0.0020777729190408684,0.0,0.0,square,0,0.2,0.5,4,8,6.419973850250244,0.0
1779527852.425439,0.1989675347273536,0.0,0.0,-0.0020777729190408684,0.0,0.0,0.0792,1.1880000000000002,-0.3168,0.2,0.0,0.0,0.1989675347273536,0.0,0.0,-0.006233318757122605,-0.0020777729190408684,0.0,square,0,0.2,0.5,4,8,6.429910659790039,0.0
1779527852.4354246,0.1989675347273536,0.0,0.0,-0.006233318757122605,-0.0020777729190408684,0.0,0.0396,1.1483999999999999,-0.35639999999999994,0.2,0.0,0.0,0.1989675347273536,0.0,0.0,-0.004155545838081737,0.0,0.0,square,0,0.2,0.5,4,8,6.43996524810791,0.0
1779527852.4453928,0.1989675347273536,0.0,0.0,-0.004155545838081737,0.0,0.0,0.0396,1.1880000000000002,-0.4356,0.2,0.0,0.0,0.1989675347273536,0.0,0.0,-0.006233318757122605,0.0,0.0,square,0,0.2,0.5,4,8,6.449950933456421,0.0
1779527852.4553843,0.1989675347273536,0.0,0.0,-0.006233318757122605,0.0,0.0,-0.0396,1.1880000000000002,0.4356,0.2,0.0,0.0,0.1989675347273536,0.0,0.0,-0.0020777729190408684,0.0,0.0,square,0,0.2,0.5,4,8,6.459919214248657,0.0
1779527852.4653864,0.1989675347273536,0.0,0.0,-0.0020777729190408684,0.0,0.0,-0.0396,1.2672,-0.27720000000000006,0.2,0.0,0.0,0.1989675347273536,0.0,0.0,0.0,0.0,0.0,square,0,0.2,0.5,4,8,6.469910621643066,0.0
1779527852.4754353,0.1989675347273536,0.0,0.0,0.0,0.0,0.0,0.0,1.4652,-0.2376,0.2,0.0,0.0,0.1989675347273536,0.0,0.0,0.0,0.0,0.0,square,0,0.2,0.5,4,8,6.479912757873535,0.0
1779527852.485435,0.1989675347273536,0.0,0.0,0.0,0.0,0.0,-0.0792,1.4255999999999998,-0.35639999999999994,0.2,0.0,0.0,0.1989675347273536,0.0,0.0,0.0,0.0,0.0,square,0,0.2,0.5,4,8,6.489961624145508,0.0
1779527852.4954345,0.1989675347273536,0.0,0.0,0.0,0.0,0.0,0.1188,1.5048000000000001,-0.396,0.2,0.0,0.0,0.1989675347273536,0.0,0.0,0.0,-0.0020777729190408684,0.0020777729190408684,square,0,0.2,0.5,4,8,6.4999613761901855,0.0
1779527852.5053854,0.1989675347273536,0.0,0.0,0.0,-0.0020777729190408684,0.0020777729190408684,0.198,1.3860000000000001,-0.4356,0.2,0.0,0.0,0.1989675347273536,0.0,0.0,0.004155545838081737,0.0,0.0,square,0,0.2,0.5,4,8,6.509960889816284,0.0
1779527852.5154212,0.1989675347273536,0.0,0.0,0.004155545838081737,0.0,0.0,0.3168,1.2672,-0.4356,0.2,0.0,0.0,0.1989675347273536,0.0,0.0,0.0,0.0,0.0,square,0,0.2,0.5,4,8,6.519911766052246,0.0
1779527852.5254257,0.1989675347273536,0.0,0.0,0.0,0.0,0.0,0.35639999999999994,1.4255999999999998,0.1584,0.2,0.0,0.0,0.1989675347273536,0.0,0.0,0.0,0.0,0.0,square,0,0.2,0.5,4,8,6.529947519302368,0.0
1779527852.5353835,0.1989675347273536,0.0,0.0,0.0,0.0,0.0,0.3168,1.4255999999999998,-0.27720000000000006,0.2,0.0,0.0,0.1989675347273536,0.0,0.0,-0.0020777729190408684,0.0,0.0,square,0,0.2,0.5,4,8,6.539952039718628,0.0
1779527852.5454032,0.1989675347273536,0.0,0.0,-0.0020777729190408684,0.0,0.0,0.27720000000000006,1.3068,-0.4752,0.2,0.0,0.0,0.1989675347273536,0.0,0.0,-0.004155545838081737,0.0,0.0,square,0,0.2,0.5,4,8,6.549909830093384,0.0
1779527852.555427,0.1989675347273536,0.0,0.0,-0.004155545838081737,0.0,0.0,0.1584,1.4652,-0.27720000000000006,0.2,0.0,0.0,0.1989675347273536,0.0,0.0,-0.004155545838081737,0.0,0.0,square,0,0.2,0.5,4,8,6.559929609298706,0.0
1779527852.5654213,0.1989675347273536,0.0,0.0,-0.004155545838081737,0.0,0.0,0.1188,1.3068,-0.3168,0.2,0.0,0.0,0.1989675347273536,0.0,0.0,0.0,0.0020777729190408684,0.0,square,0,0.2,0.5,4,8,6.569953441619873,0.0
1779527852.5755398,0.1989675347273536,0.0,0.0,0.0,0.0020777729190408684,0.0,0.1188,1.5048000000000001,0.396,0.2,0.0,0.0,0.1989675347273536,0.0,0.0,0.0,0.0,-0.0020777729190408684,square,0,0.2,0.5,4,8,6.5799477100372314,0.0
1779527852.5854146,0.1989675347273536,0.0,0.0,0.0,0.0,-0.0020777729190408684,0.198,1.5444,0.3168,0.2,0.0,0.0,0.1989675347273536,0.0,0.0,0.0,0.0,0.0,square,0,0.2,0.5,4,8,6.590066194534302,0.0
1779527852.5954237,0.1989675347273536,0.0,0.0,0.0,0.0,0.0,0.27720000000000006,1.3464,-0.396,0.2,0.0,0.0,0.1989675347273536,0.0,0.0,0.0,0.0,0.0,square,0,0.2,0.5,4,8,6.59994101524353,0.0
1779527852.6055207,0.1989675347273536,0.0,0.0,0.0,0.0,0.0,0.198,1.4652,-0.2376,0.2,0.0,0.0,0.1989675347273536,0.0,0.0,0.0,0.0,0.0,square,0,0.2,0.5,4,8,6.609950065612793,0.0
1779527852.6154108,0.1989675347273536,0.0,0.0,0.0,0.0,0.0,0.27720000000000006,1.4255999999999998,-0.4752,0.2,0.0,0.0,0.1989675347273536,0.0,0.0,0.0,0.0,0.0,square,0,0.2,0.5,4,8,6.620047092437744,0.0
1779527852.625412,0.1989675347273536,0.0,0.0,0.0,0.0,0.0,0.35639999999999994,1.4255999999999998,-0.4752,0.2,0.0,0.0,0.1989675347273536,0.0,0.0,0.0,0.0,-0.0020777729190408684,square,0,0.2,0.5,4,8,6.629937171936035,0.0
1779527852.6354215,0.1989675347273536,0.0,0.0,0.0,0.0,-0.0020777729190408684,0.27720000000000006,1.3068,0.2376,0.2,0.0,0.0,0.1989675347273536,0.0,0.0,-0.0020777729190408684,0.0,0.0,square,0,0.2,0.5,4,8,6.6399383544921875,0.0
1779527852.6454453,0.1989675347273536,0.0,0.0,-0.0020777729190408684,0.0,0.0,0.35639999999999994,1.5444,-0.27720000000000006,0.2,0.0,0.0,0.1989675347273536,0.0,0.0,0.0,0.0020777729190408684,0.0,square,0,0.2,0.5,4,8,6.649947881698608,0.0
1779527852.6554654,0.1989675347273536,0.0,0.0,0.0,0.0020777729190408684,0.0,0.2376,1.4255999999999998,0.2376,0.2,0.0,0.0,0.1989675347273536,0.0,0.0,-0.004155545838081737,0.0,0.0,square,0,0.2,0.5,4,8,6.659971714019775,0.0
1779527852.6655867,0.1989675347273536,0.0,0.0,-0.004155545838081737,0.0,0.0,0.1584,1.6236000000000002,-0.396,0.2,0.0,0.0,0.1989675347273536,0.0,0.0,0.0,0.0,0.0,square,0,0.2,0.5,4,8,6.669991731643677,0.0
1779527852.6755457,0.1989675347273536,0.0,0.0,0.0,0.0,0.0,0.1584,1.5444,-0.396,0.2,0.0,0.0,0.1989675347273536,0.0,0.0,0.0,0.0,0.0,square,0,0.2,0.5,4,8,6.680113077163696,0.0
1779527852.6854105,0.1989675347273536,0.0,0.0,0.0,0.0,0.0,0.1584,1.4255999999999998,-0.35639999999999994,0.2,0.0,0.0,0.1989675347273536,0.0,0.0,0.0,0.0,0.0,square,0,0.2,0.5,4,8,6.690072059631348,0.0
1779527852.6960783,0.1989675347273536,0.0,0.0,0.0,0.0,0.0,0.198,1.4255999999999998,-0.396,0.2,0.0,0.0,0.1989675347273536,0.0,0.0,0.0,-0.0020777729190408684,0.0,square,0,0.2,0.5,4,8,6.699936866760254,0.0
1779527852.7054312,0.1989675347273536,0.0,0.0,0.0,-0.0020777729190408684,0.0,0.3168,1.5048000000000001,-0.27720000000000006,0.2,0.0,0.0,0.1989675347273536,0.0,0.0,0.0020777729190408684,-0.0020777729190408684,0.0,square,0,0.2,0.5,4,8,6.710604667663574,0.0
1779527852.7154152,0.1989675347273536,0.0,0.0,0.0020777729190408684,-0.0020777729190408684,0.0,0.3168,1.3464,-0.3168,0.2,0.0,0.0,0.1989675347273536,0.0,0.0,0.0,-0.0020777729190408684,0.0,square,0,0.2,0.5,4,8,6.719957590103149,0.0
1779527852.7254422,0.1989675347273536,0.0,0.0,0.0,-0.0020777729190408684,0.0,0.3168,1.3068,-0.4752,0.2,0.0,0.0,0.1989675347273536,0.0,0.0,0.0,0.0,0.0,square,0,0.2,0.5,4,8,6.7299416065216064,0.0
1779527852.735418,0.1989675347273536,0.0,0.0,0.0,0.0,0.0,0.27720000000000006,1.4255999999999998,-0.35639999999999994,0.2,0.0,0.0,0.1989675347273536,0.0,0.0,0.0,0.0,0.0,square,0,0.2,0.5,4,8,6.739968538284302,0.0
1779527852.7455947,0.1989675347273536,0.0,0.0,0.0,0.0,0.0,0.198,1.3464,0.4356,0.2,0.0,0.0,0.1989675347273536,0.0,0.0,-0.004155545838081737,0.0020777729190408684,-0.0020777729190408684,square,0,0.2,0.5,4,8,6.749944448471069,0.0
1779527852.7555237,0.1989675347273536,0.0,0.0,-0.004155545838081737,0.0020777729190408684,-0.0020777729190408684,0.1188,1.5048000000000001,-0.3168,0.2,0.0,0.0,0.1989675347273536,0.0,0.0,-0.0020777729190408684,0.0,0.0,square,0,0.2,0.5,4,8,6.76012110710144,0.0
1779527852.7655542,0.1989675347273536,0.0,0.0,-0.0020777729190408684,0.0,0.0,0.198,1.584,-0.35639999999999994,0.2,0.0,0.0,0.1989675347273536,0.0,0.0,0.0,0.0020777729190408684,-0.0020777729190408684,square,0,0.2,0.5,4,8,6.770050048828125,0.0
1779527852.7755446,0.1989675347273536,0.0,0.0,0.0,0.0020777729190408684,-0.0020777729190408684,0.1584,1.5048000000000001,0.198,0.2,0.0,0.0,0.1989675347273536,0.0,0.0,0.0,0.0,0.0,square,0,0.2,0.5,4,8,6.780080556869507,0.0
1779527852.7855077,0.1989675347273536,0.0,0.0,0.0,0.0,0.0,0.2376,1.4255999999999998,-0.396,0.2,0.0,0.0,0.1989675347273536,0.0,0.0,0.0,0.0,0.0,square,0,0.2,0.5,4,8,6.7900710105896,0.0
1779527852.7954264,0.1989675347273536,0.0,0.0,0.0,0.0,0.0,0.2376,1.3860000000000001,-0.3168,0.2,0.0,0.0,0.1989675347273536,0.0,0.0,0.004155545838081737,0.0,0.0,square,0,0.2,0.5,4,8,6.800034046173096,0.0
1779527852.8054242,0.1989675347273536,0.0,0.0,0.004155545838081737,0.0,0.0,0.35639999999999994,1.3464,-0.3168,0.2,0.0,0.0,0.1989675347273536,0.0,0.0,0.0,0.0,0.0,square,0,0.2,0.5,4,8,6.809952735900879,0.0
1779527852.8158665,0.1989675347273536,0.0,0.0,0.0,0.0,0.0,0.35639999999999994,1.4255999999999998,-0.198,0.2,0.0,0.0,0.1989675347273536,0.0,0.0,0.0,0.0020777729190408684,0.0,square,0,0.2,0.5,4,8,6.819950580596924,0.0
1779527852.8254335,0.1989675347273536,0.0,0.0,0.0,0.0020777729190408684,0.0,0.27720000000000006,1.3464,-0.4356,0.2,0.0,0.0,0.1989675347273536,0.0,0.0,-0.0020777729190408684,0.0,-0.0020777729190408684,square,0,0.2,0.5,4,8,6.830392837524414,0.0
1779527852.835422,0.1989675347273536,0.0,0.0,-0.0020777729190408684,0.0,-0.0020777729190408684,0.198,1.4652,0.27720000000000006,0.2,0.0,0.0,0.1989675347273536,0.0,0.0,-0.0020777729190408684,-0.0020777729190408684,0.0,square,0,0.2,0.5,4,8,6.8399598598480225,0.0
1779527852.8454797,0.1989675347273536,0.0,0.0,-0.0020777729190408684,-0.0020777729190408684,0.0,0.1584,1.5444,-0.396,0.2,0.0,0.0,0.1989675347273536,0.0,0.0,-0.0020777729190408684,0.0,0.0,square,0,0.2,0.5,4,8,6.849948406219482,0.0
1779527852.8554263,0.1989675347273536,0.0,0.0,-0.0020777729190408684,0.0,0.0,0.1584,1.5444,-0.5940000000000001,0.2,0.0,0.0,0.1989675347273536,0.0,0.0,-0.0020777729190408684,0.0,0.0,square,0,0.2,0.5,4,8,6.860006093978882,0.0
1779527852.865568,0.1989675347273536,0.0,0.0,-0.0020777729190408684,0.0,0.0,0.0,1.5444,-0.396,0.2,0.0,0.0,0.1989675347273536,0.0,0.0,0.0,0.0,0.0,square,0,0.2,0.5,4,8,6.86995267868042,0.0
1779527852.8755364,0.1989675347273536,0.0,0.0,0.0,0.0,0.0,-0.0396,1.3860000000000001,-0.396,0.2,0.0,0.0,0.1989675347273536,0.0,0.0,0.0020777729190408684,0.0020777729190408684,0.0,square,0,0.2,0.5,4,8,6.880094289779663,0.0
1779527852.8871458,0.1989675347273536,0.0,0.0,0.0020777729190408684,0.0020777729190408684,0.0,0.1188,1.5048000000000001,-0.3168,0.2,0.0,0.0,0.1989675347273536,0.0,0.0,0.004155545838081737,0.0,0.0,square,0,0.2,0.5,4,8,6.8900628089904785,0.0
1779527852.8954318,0.1989675347273536,0.0,0.0,0.004155545838081737,0.0,0.0,0.1188,1.3464,-0.3168,0.2,0.0,0.0,0.1989675347273536,0.0,0.0,0.004155545838081737,0.0,0.0,square,0,0.2,0.5,4,8,6.901672124862671,0.0
1779527852.905464,0.1989675347273536,0.0,0.0,0.004155545838081737,0.0,0.0,0.27720000000000006,1.4652,-0.5148,0.2,0.0,0.0,0.1989675347273536,0.0,0.0,0.0,0.0,0.0,square,0,0.2,0.5,4,8,6.909958124160767,0.0
1779527852.9155324,0.1989675347273536,0.0,0.0,0.0,0.0,0.0,0.27720000000000006,1.5048000000000001,-0.3168,0.2,0.0,0.0,0.1989675347273536,0.0,0.0,0.0,-0.0020777729190408684,0.0,square,0,0.2,0.5,4,8,6.919990301132202,0.0
1779527852.925509,0.1989675347273536,0.0,0.0,0.0,-0.0020777729190408684,0.0,0.198,1.4255999999999998,-0.35639999999999994,0.2,0.0,0.0,0.1989675347273536,0.0,0.0,0.0,0.0020777729190408684,0.0,square,0,0.2,0.5,4,8,6.930058717727661,0.0
1779527852.9354143,0.1989675347273536,0.0,0.0,0.0,0.0020777729190408684,0.0,0.198,1.3464,-0.3168,0.2,0.0,0.0,0.1989675347273536,0.0,0.0,-0.0020777729190408684,0.0,0.0020777729190408684,square,0,0.2,0.5,4,8,6.940035343170166,0.0
1779527852.945406,0.1989675347273536,0.0,0.0,-0.0020777729190408684,0.0,0.0020777729190408684,0.1584,1.3860000000000001,-0.5940000000000001,0.2,0.0,0.0,0.1989675347273536,0.0,0.0,-0.0020777729190408684,0.0,0.0,square,0,0.2,0.5,4,8,6.9499406814575195,0.0
1779527852.955545,0.1989675347273536,0.0,0.0,-0.0020777729190408684,0.0,0.0,0.198,1.4255999999999998,-0.35639999999999994,0.2,0.0,0.0,0.1989675347273536,0.0,0.0,-0.0020777729190408684,0.0,0.0,square,0,0.2,0.5,4,8,6.959932327270508,0.0
1779527852.965503,0.1989675347273536,0.0,0.0,-0.0020777729190408684,0.0,0.0,0.0792,1.584,-0.35639999999999994,0.2,0.0,0.0,0.1989675347273536,0.0,0.0,0.0,0.0,0.0,square,0,0.2,0.5,4,8,6.970071315765381,0.0
1779527852.9755073,0.1989675347273536,0.0,0.0,0.0,0.0,0.0,0.1188,1.4255999999999998,-0.4356,0.2,0.0,0.0,0.1989675347273536,0.0,0.0,0.0,0.0,0.0,square,0,0.2,0.5,4,8,6.980029344558716,0.0
1779527852.9855657,0.1989675347273536,0.0,0.0,0.0,0.0,0.0,0.198,1.3860000000000001,-0.396,0.2,0.0,0.0,0.1989675347273536,0.0,0.0,0.0,0.0,0.0,square,0,0.2,0.5,4,8,6.9900336265563965,0.0
1779527852.9955306,0.1989675347273536,0.0,0.0,0.0,0.0,0.0,0.1188,1.4255999999999998,-0.4356,-0.2,0.0,0.0,0.1989675347273536,0.0,0.0,0.0,0.0,-0.0020777729190408684,square,0,0.2,0.5,4,8,7.000092029571533,0.0
1779527853.0055366,0.1989675347273536,0.0,0.0,0.0,0.0,-0.0020777729190408684,0.1188,1.5048000000000001,-0.2376,-0.2,0.0,0.0,0.19722220547535924,0.0,0.0,-0.1973884273088825,-0.0020777729190408684,0.0,square,0,0.2,0.5,4,8,7.010056972503662,0.0
1779527853.0155785,0.19722220547535924,0.0,0.0,-0.1973884273088825,-0.0020777729190408684,0.0,13.2264,1.8612000000000002,0.396,-0.2,0.0,0.0,0.1762782544514273,0.0,0.0,-1.7577958895085746,-0.0020777729190408684,0.0,square,0,0.2,0.5,4,8,7.0200629234313965,0.0
1779527853.0255547,0.1762782544514273,0.0,0.0,-1.7577958895085746,-0.0020777729190408684,0.0,4.5935999999999995,1.9008,-0.5940000000000001,-0.2,0.0,0.0,0.14137166941154067,0.0,0.0,-3.156137064023079,-0.008311091676163474,0.0020777729190408684,square,0,0.2,0.5,4,8,7.030104875564575,0.0
1779527853.0358179,0.14137166941154067,0.0,0.0,-3.156137064023079,-0.008311091676163474,0.0020777729190408684,6.3756,1.1880000000000002,4.8708,-0.2,0.0,0.0,0.10122909661567113,0.0,0.0,-3.8085577606019116,0.0,-0.0020777729190408684,square,0,0.2,0.5,4,8,7.040081024169922,0.0
1779527853.0454993,0.10122909661567113,0.0,0.0,-3.8085577606019116,0.0,-0.0020777729190408684,6.0192000000000005,1.4255999999999998,-2.3760000000000003,-0.2,0.0,0.0,0.05585053606381855,0.0,0.0,-4.325923217443088,0.0,0.004155545838081737,square,0,0.2,0.5,4,8,7.050344228744507,0.0
1779527853.055485,0.05585053606381855,0.0,0.0,-4.325923217443088,0.0,0.004155545838081737,1.8612000000000002,1.4652,-1.2672,-0.2,0.0,0.0,0.012217304763960306,0.0,0.0,-4.419422998799927,0.006233318757122605,0.004155545838081737,square,0,0.2,0.5,4,8,7.060025691986084,0.0
1779527853.0662265,0.012217304763960306,0.0,0.0,-4.419422998799927,0.006233318757122605,0.004155545838081737,-0.27720000000000006,1.782,-0.27720000000000006,-0.2,0.0,0.0,-0.02617993877991494,0.0,0.0,-3.9581574107728543,0.006233318757122605,0.004155545838081737,square,0,0.2,0.5,4,8,7.070011377334595,0.0
1779527853.0754404,-0.02617993877991494,0.0,0.0,-3.9581574107728543,0.006233318757122605,0.004155545838081737,-0.6732,1.0296,3.9996,-0.2,0.0,0.0,-0.05759586531581287,0.0,0.0,-3.3680699017652476,0.010388864595204342,0.0,square,0,0.2,0.5,4,8,7.080752849578857,0.0
1779527853.085462,-0.05759586531581287,0.0,0.0,-3.3680699017652476,0.010388864595204342,0.0,-2.6532,1.9008,-0.6732,-0.2,0.0,0.0,-0.08552113334772216,0.0,0.0,-2.856937763681194,-0.0020777729190408684,-0.008311091676163474,square,0,0.2,0.5,4,8,7.089966773986816,0.0
1779527853.0954325,-0.08552113334772216,0.0,0.0,-2.856937763681194,-0.0020777729190408684,-0.008311091676163474,-3.9996,0.6732,0.5148,-0.2,0.0,0.0,-0.10821041362364843,0.0,0.0,-2.3624278089494672,-0.01246663751424521,-0.004155545838081737,square,0,0.2,0.5,4,8,7.0999884605407715,0.0
1779527853.1057036,-0.10821041362364843,0.0,0.0,-2.3624278089494672,-0.01246663751424521,-0.004155545838081737,-4.6331999999999995,0.0792,0.5148,-0.2,0.0,0.0,-0.12566370614359174,0.0,0.0,-1.9053177667604764,-0.029088820866572156,0.0,square,0,0.2,0.5,4,8,7.10995888710022,0.0
1779527853.1154425,-0.12566370614359174,0.0,0.0,-1.9053177667604764,-0.029088820866572156,0.0,-1.98,0.1188,0.396,-0.2,0.0,0.0,-0.13962634015954636,0.0,0.0,-1.5209297767379157,-0.033244366704653895,0.0,square,0,0.2,0.5,4,8,7.120229959487915,0.0
1779527853.125472,-0.13962634015954636,0.0,0.0,-1.5209297767379157,-0.033244366704653895,0.0,-0.1188,-0.0792,0.0396,-0.2,0.0,0.0,-0.1518436449235067,0.0,0.0,-1.2258860222341124,-0.008311091676163474,0.0,square,0,0.2,0.5,4,8,7.129968881607056,0.0
1779527853.1354964,-0.1518436449235067,0.0,0.0,-1.2258860222341124,-0.008311091676163474,0.0,0.8316,-0.5544000000000001,-0.35639999999999994,-0.2,0.0,0.0,-0.16231562043547265,0.0,0.0,-1.0139531844919438,0.008311091676163474,0.0,square,0,0.2,0.5,4,8,7.139998435974121,0.0
1779527853.145755,-0.16231562043547265,0.0,0.0,-1.0139531844919438,0.008311091676163474,0.0,0.198,1.0692,-0.396,-0.2,0.0,0.0,-0.16929693744344998,0.0,0.0,-0.8352647134544291,0.008311091676163474,0.0,square,0,0.2,0.5,4,8,7.150022745132446,0.0
1779527853.1557026,-0.16929693744344998,0.0,0.0,-0.8352647134544291,0.008311091676163474,0.0,-0.2376,1.0296,-0.7127999999999999,-0.2,0.0,0.0,-0.1762782544514273,0.0,0.0,-0.6856650632834865,0.035322139623694765,0.0,square,0,0.2,0.5,4,8,7.160281419754028,0.0
1779527853.167318,-0.1762782544514273,0.0,0.0,-0.6856650632834865,0.035322139623694765,0.0,0.1584,1.8612000000000002,-0.35639999999999994,-0.2,0.0,0.0,-0.18151424220741028,0.0,0.0,-0.5443765047887075,0.022855502109449553,0.0020777729190408684,square,0,0.2,0.5,4,8,7.170228958129883,0.0
1779527853.175792,-0.18151424220741028,0.0,0.0,-0.5443765047887075,0.022855502109449553,0.0020777729190408684,-0.0792,1.8215999999999999,-0.5940000000000001,-0.2,0.0,0.0,-0.18500490071139894,0.0,0.0,-0.4238656754843371,0.010388864595204342,-0.0020777729190408684,square,0,0.2,0.5,4,8,7.181844472885132,0.0
1779527853.1857522,-0.18500490071139894,0.0,0.0,-0.4238656754843371,0.010388864595204342,-0.0020777729190408684,0.0792,1.7424,-0.4752,-0.2,0.0,0.0,-0.18849555921538758,0.0,0.0,-0.3345214399655798,0.0020777729190408684,-0.0020777729190408684,square,0,0.2,0.5,4,8,7.19031834602356,0.0
1779527853.1955888,-0.18849555921538758,0.0,0.0,-0.3345214399655798,0.0020777729190408684,-0.0020777729190408684,0.5544000000000001,1.5048000000000001,-0.3168,-0.2,0.0,0.0,-0.19198621771937624,0.0,0.0,-0.29296598158476245,0.0,0.0,square,0,0.2,0.5,4,8,7.2002785205841064,0.0
1779527853.2054477,-0.19198621771937624,0.0,0.0,-0.29296598158476245,0.0,0.0,-0.3168,1.4255999999999998,0.2376,-0.2,0.0,0.0,-0.1937315469713706,0.0,0.0,-0.22647724817545464,-0.0020777729190408684,0.0,square,0,0.2,0.5,4,8,7.210115194320679,0.0
1779527853.2179203,-0.1937315469713706,0.0,0.0,-0.22647724817545464,-0.0020777729190408684,0.0,-0.5148,1.2276,-0.2376,-0.2,0.0,0.0,-0.1954768762233649,0.0,0.0,-0.17245515228039207,-0.006233318757122605,0.0,square,0,0.2,0.5,4,8,7.219974040985107,0.0
1779527853.2255583,-0.1954768762233649,0.0,0.0,-0.17245515228039207,-0.006233318757122605,0.0,-0.6336,1.1880000000000002,-0.198,-0.2,0.0,0.0,-0.1954768762233649,0.0,0.0,-0.12882192098053383,-0.010388864595204342,0.0,square,0,0.2,0.5,4,8,7.232446670532227,0.0
1779527853.2354429,-0.1954768762233649,0.0,0.0,-0.12882192098053383,-0.010388864595204342,0.0,-0.8316,0.99,-0.5544000000000001,-0.2,0.0,0.0,-0.19722220547535924,0.0,0.0,-0.08934423551875734,-0.010388864595204342,0.0,square,0,0.2,0.5,4,8,7.240084648132324,0.0
1779527853.245445,-0.19722220547535924,0.0,0.0,-0.08934423551875734,-0.010388864595204342,0.0,-0.2376,0.8712,-0.3168,-0.2,0.0,0.0,-0.19722220547535924,0.0,0.0,-0.05194432297602171,-0.006233318757122605,0.0,square,0,0.2,0.5,4,8,7.249969244003296,0.0
1779527853.2554514,-0.19722220547535924,0.0,0.0,-0.05194432297602171,-0.006233318757122605,0.0,0.3168,0.99,-0.27720000000000006,-0.2,0.0,0.0,-0.1989675347273536,0.0,0.0,-0.06025541465218518,0.0,0.0020777729190408684,square,0,0.2,0.5,4,8,7.259971380233765,0.0
1779527853.2654288,-0.1989675347273536,0.0,0.0,-0.06025541465218518,0.0,0.0020777729190408684,-0.27720000000000006,0.99,-0.27720000000000006,-0.2,0.0,0.0,-0.1989675347273536,0.0,0.0,-0.033244366704653895,0.006233318757122605,0.0,square,0,0.2,0.5,4,8,7.269977807998657,0.0
1779527853.275484,-0.1989675347273536,0.0,0.0,-0.033244366704653895,0.006233318757122605,0.0,0.0792,1.2276,-0.35639999999999994,-0.2,0.0,0.0,-0.1989675347273536,0.0,0.0,-0.022855502109449553,0.010388864595204342,0.0,square,0,0.2,0.5,4,8,7.279955148696899,0.0
1779527853.2854242,-0.1989675347273536,0.0,0.0,-0.022855502109449553,0.010388864595204342,0.0,0.198,1.5444,-0.3168,-0.2,0.0,0.0,-0.1989675347273536,0.0,0.0,-0.018699956271367814,0.008311091676163474,0.0020777729190408684,square,0,0.2,0.5,4,8,7.290010452270508,0.0
1779527853.2956088,-0.1989675347273536,0.0,0.0,-0.018699956271367814,0.008311091676163474,0.0020777729190408684,0.0792,1.4652,-0.35639999999999994,-0.2,0.0,0.0,-0.1989675347273536,0.0,0.0,-0.014544410433286078,0.004155545838081737,0.0,square,0,0.2,0.5,4,8,7.29995059967041,0.0
1779527853.3054771,-0.1989675347273536,0.0,0.0,-0.014544410433286078,0.004155545838081737,0.0,0.1188,1.6236000000000002,-0.3168,-0.2,0.0,0.0,-0.1989675347273536,0.0,0.0,-0.004155545838081737,0.0,0.0,square,0,0.2,0.5,4,8,7.310135126113892,0.0
1779527853.3154151,-0.1989675347273536,0.0,0.0,-0.004155545838081737,0.0,0.0,0.27720000000000006,1.4652,0.3168,-0.2,0.0,0.0,-0.1989675347273536,0.0,0.0,-0.0020777729190408684,0.0,0.0,square,0,0.2,0.5,4,8,7.320003509521484,0.0
1779527853.3254135,-0.1989675347273536,0.0,0.0,-0.0020777729190408684,0.0,0.0,0.3168,1.5048000000000001,-0.3168,-0.2,0.0,0.0,-0.1989675347273536,0.0,0.0,-0.004155545838081737,-0.004155545838081737,0.0020777729190408684,square,0,0.2,0.5,4,8,7.329941511154175,0.0
1779527853.3355725,-0.1989675347273536,0.0,0.0,-0.004155545838081737,-0.004155545838081737,0.0020777729190408684,0.198,1.1483999999999999,-0.4752,-0.2,0.0,0.0,-0.1989675347273536,0.0,0.0,-0.0020777729190408684,-0.008311091676163474,0.0020777729190408684,square,0,0.2,0.5,4,8,7.339939832687378,0.0
1779527853.3455353,-0.1989675347273536,0.0,0.0,-0.0020777729190408684,-0.008311091676163474,0.0020777729190408684,-0.198,1.2276,-0.2376,-0.2,0.0,0.0,-0.1989675347273536,0.0,0.0,0.0,-0.0020777729190408684,0.0,square,0,0.2,0.5,4,8,7.3500988483428955,0.0
1779527853.355604,-0.1989675347273536,0.0,0.0,0.0,-0.0020777729190408684,0.0,-0.1188,1.1483999999999999,-0.396,-0.2,0.0,0.0,-0.1989675347273536,0.0,0.0,-0.0020777729190408684,0.0,0.0,square,0,0.2,0.5,4,8,7.3600616455078125,0.0
1779527853.3655877,-0.1989675347273536,0.0,0.0,-0.0020777729190408684,0.0,0.0,-0.0396,1.1088000000000002,-0.35639999999999994,-0.2,0.0,0.0,-0.1989675347273536,0.0,0.0,-0.004155545838081737,0.0,0.0,square,0,0.2,0.5,4,8,7.370130300521851,0.0
1779527853.3753858,-0.1989675347273536,0.0,0.0,-0.004155545838081737,0.0,0.0,0.0,1.3464,-0.2376,-0.2,0.0,0.0,-0.1989675347273536,0.0,0.0,0.0,0.0020777729190408684,0.0,square,0,0.2,0.5,4,8,7.3801140785217285,0.0
1779527853.385607,-0.1989675347273536,0.0,0.0,0.0,0.0020777729190408684,0.0,-0.0396,1.3464,-0.396,-0.2,0.0,0.0,-0.1989675347273536,0.0,0.0,0.0,0.0020777729190408684,0.0,square,0,0.2,0.5,4,8,7.389912128448486,0.0
1779527853.395422,-0.1989675347273536,0.0,0.0,0.0,0.0020777729190408684,0.0,-0.0396,1.3464,-0.396,-0.2,0.0,0.0,-0.1989675347273536,0.0,0.0,0.0,0.0020777729190408684,0.0,square,0,0.2,0.5,4,8,7.400133371353149,0.0
1779527853.4055538,-0.1989675347273536,0.0,0.0,0.0,0.0020777729190408684,0.0,0.0,1.2672,-0.35639999999999994,-0.2,0.0,0.0,-0.1989675347273536,0.0,0.0,0.0,0.0,0.0,square,0,0.2,0.5,4,8,7.409948348999023,0.0
1779527853.4154148,-0.1989675347273536,0.0,0.0,0.0,0.0,0.0,-0.0396,1.4255999999999998,-0.6336,-0.2,0.0,0.0,-0.1989675347273536,0.0,0.0,0.0020777729190408684,0.0,0.0,square,0,0.2,0.5,4,8,7.420080184936523,0.0
1779527853.4254622,-0.1989675347273536,0.0,0.0,0.0020777729190408684,0.0,0.0,0.0,1.3068,-0.27720000000000006,-0.2,0.0,0.0,-0.1989675347273536,0.0,0.0,0.0020777729190408684,0.0,0.0,square,0,0.2,0.5,4,8,7.429941177368164,0.0
1779527853.4356575,-0.1989675347273536,0.0,0.0,0.0020777729190408684,0.0,0.0,0.0,1.3464,-0.35639999999999994,-0.2,0.0,0.0,-0.1989675347273536,0.0,0.0,0.0020777729190408684,0.0,0.0020777729190408684,square,0,0.2,0.5,4,8,7.439988613128662,0.0
1779527853.4455032,-0.1989675347273536,0.0,0.0,0.0020777729190408684,0.0,0.0020777729190408684,-0.1188,1.3860000000000001,-0.396,-0.2,0.0,0.0,-0.1989675347273536,0.0,0.0,0.0020777729190408684,-0.0020777729190408684,0.0,square,0,0.2,0.5,4,8,7.450183868408203,0.0
1779527853.4553952,-0.1989675347273536,0.0,0.0,0.0020777729190408684,-0.0020777729190408684,0.0,-0.0792,1.4652,-0.27720000000000006,-0.2,0.0,0.0,-0.1989675347273536,0.0,0.0,0.0,0.0,0.0,square,0,0.2,0.5,4,8,7.460029602050781,0.0
1779527853.465686,-0.1989675347273536,0.0,0.0,0.0,0.0,0.0,-0.0396,1.5444,-0.4752,-0.2,0.0,0.0,-0.1989675347273536,0.0,0.0,0.0020777729190408684,0.0,0.0,square,0,0.2,0.5,4,8,7.469921588897705,0.0
1779527853.4754932,-0.1989675347273536,0.0,0.0,0.0020777729190408684,0.0,0.0,0.0,1.4255999999999998,-0.5148,-0.2,0.0,0.0,-0.1989675347273536,0.0,0.0,0.0,0.0,0.0,square,0,0.2,0.5,4,8,7.480212450027466,0.0
1779527853.4855444,-0.1989675347273536,0.0,0.0,0.0,0.0,0.0,-0.1188,1.4255999999999998,-0.3168,-0.2,0.0,0.0,-0.1989675347273536,0.0,0.0,0.0,-0.0020777729190408684,0.0,square,0,0.2,0.5,4,8,7.4900195598602295,0.0
1779527853.4954927,-0.1989675347273536,0.0,0.0,0.0,-0.0020777729190408684,0.0,-0.1188,1.3068,-0.4356,-0.2,0.0,0.0,-0.1989675347273536,0.0,0.0,-0.0020777729190408684,0.0,0.0,square,0,0.2,0.5,4,8,7.500070810317993,0.0
1779527853.5055091,-0.1989675347273536,0.0,0.0,-0.0020777729190408684,0.0,0.0,-0.1584,1.3860000000000001,-0.5148,-0.2,0.0,0.0,-0.1989675347273536,0.0,0.0,-0.0020777729190408684,0.0,0.0,square,0,0.2,0.5,4,8,7.510019063949585,0.0
1779527853.5155697,-0.1989675347273536,0.0,0.0,-0.0020777729190408684,0.0,0.0,0.1584,1.4652,-0.27720000000000006,-0.2,0.0,0.0,-0.1989675347273536,0.0,0.0,0.0,0.0020777729190408684,0.0,square,0,0.2,0.5,4,8,7.5200355052948,0.0
1779527853.5254796,-0.1989675347273536,0.0,0.0,0.0,0.0020777729190408684,0.0,0.1584,1.4255999999999998,-0.27720000000000006,-0.2,0.0,0.0,-0.1989675347273536,0.0,0.0,0.0020777729190408684,0.0,0.0,square,0,0.2,0.5,4,8,7.530096054077148,0.0
1779527853.535437,-0.1989675347273536,0.0,0.0,0.0020777729190408684,0.0,0.0,-0.0792,1.5444,-0.35639999999999994,-0.2,0.0,0.0,-0.1989675347273536,0.0,0.0,0.004155545838081737,0.0,-0.0020777729190408684,square,0,0.2,0.5,4,8,7.540005922317505,0.0
1779527853.5455186,-0.1989675347273536,0.0,0.0,0.004155545838081737,0.0,-0.0020777729190408684,0.0,1.4652,0.2376,-0.2,0.0,0.0,-0.1989675347273536,0.0,0.0,0.0020777729190408684,0.0,0.0,square,0,0.2,0.5,4,8,7.549963474273682,0.0
1779527853.5554454,-0.1989675347273536,0.0,0.0,0.0020777729190408684,0.0,0.0,-0.0396,1.5048000000000001,-0.396,-0.2,0.0,0.0,-0.1989675347273536,0.0,0.0,0.0020777729190408684,0.0,0.0,square,0,0.2,0.5,4,8,7.560045003890991,0.0
1779527853.5654418,-0.1989675347273536,0.0,0.0,0.0020777729190408684,0.0,0.0,0.0,1.2276,-0.4752,-0.2,0.0,0.0,-0.1989675347273536,0.0,0.0,0.0020777729190408684,0.0,0.0,square,0,0.2,0.5,4,8,7.569971799850464,0.0
1779527853.5755107,-0.1989675347273536,0.0,0.0,0.0020777729190408684,0.0,0.0,0.0,1.5048000000000001,-0.35639999999999994,-0.2,0.0,0.0,-0.1989675347273536,0.0,0.0,0.0,0.0,0.0020777729190408684,square,0,0.2,0.5,4,8,7.579968214035034,0.0
1779527853.5854704,-0.1989675347273536,0.0,0.0,0.0,0.0,0.0020777729190408684,-0.0792,1.3068,-0.3168,-0.2,0.0,0.0,-0.1989675347273536,0.0,0.0,0.0,0.0020777729190408684,0.0,square,0,0.2,0.5,4,8,7.590037107467651,0.0
1779527853.5974317,-0.1989675347273536,0.0,0.0,0.0,0.0020777729190408684,0.0,-0.1584,1.4255999999999998,-0.35639999999999994,-0.2,0.0,0.0,-0.1989675347273536,0.0,0.0,0.0,0.0,0.0,square,0,0.2,0.5,4,8,7.59999680519104,0.0
1779527853.6062722,-0.1989675347273536,0.0,0.0,0.0,0.0,0.0,0.198,1.5444,-0.35639999999999994,-0.2,0.0,0.0,-0.1989675347273536,0.0,0.0,0.0,0.0020777729190408684,0.0,square,0,0.2,0.5,4,8,7.611958026885986,0.0
1779527853.61551,-0.1989675347273536,0.0,0.0,0.0,0.0020777729190408684,0.0,0.1188,1.5444,-0.396,-0.2,0.0,0.0,-0.1989675347273536,0.0,0.0,0.0,0.0020777729190408684,0.0,square,0,0.2,0.5,4,8,7.620798587799072,0.0
1779527853.6261585,-0.1989675347273536,0.0,0.0,0.0,0.0020777729190408684,0.0,0.1584,1.5048000000000001,-0.3168,-0.2,0.0,0.0,-0.1989675347273536,0.0,0.0,0.0,0.0,0.0,square,0,0.2,0.5,4,8,7.630036354064941,0.0
1779527853.6355517,-0.1989675347273536,0.0,0.0,0.0,0.0,0.0,-0.1188,1.4255999999999998,-0.35639999999999994,-0.2,0.0,0.0,-0.1989675347273536,0.0,0.0,0.0,0.0,0.0,square,0,0.2,0.5,4,8,7.6406848430633545,0.0
1779527853.6455567,-0.1989675347273536,0.0,0.0,0.0,0.0,0.0,-0.1188,1.3464,-0.3168,-0.2,0.0,0.0,-0.1989675347273536,0.0,0.0,0.0,-0.0020777729190408684,0.0,square,0,0.2,0.5,4,8,7.650078058242798,0.0
1779527853.6554866,-0.1989675347273536,0.0,0.0,0.0,-0.0020777729190408684,0.0,-0.0792,1.2672,-0.198,-0.2,0.0,0.0,-0.1989675347273536,0.0,0.0,0.0,-0.0020777729190408684,0.0,square,0,0.2,0.5,4,8,7.660083055496216,0.0
1779527853.6654463,-0.1989675347273536,0.0,0.0,0.0,-0.0020777729190408684,0.0,-0.0792,1.3464,-0.1584,-0.2,0.0,0.0,-0.1989675347273536,0.0,0.0,0.0,-0.0020777729190408684,0.0,square,0,0.2,0.5,4,8,7.670012950897217,0.0
1779527853.67556,-0.1989675347273536,0.0,0.0,0.0,-0.0020777729190408684,0.0,-0.1188,1.3068,0.4356,-0.2,0.0,0.0,-0.1989675347273536,0.0,0.0,0.0,0.0,0.0,square,0,0.2,0.5,4,8,7.6799726486206055,0.0
1779527853.6855085,-0.1989675347273536,0.0,0.0,0.0,0.0,0.0,-0.1188,1.3068,-0.2376,-0.2,0.0,0.0,-0.1989675347273536,0.0,0.0,0.0,0.0020777729190408684,0.0,square,0,0.2,0.5,4,8,7.690086364746094,0.0
1779527853.6955218,-0.1989675347273536,0.0,0.0,0.0,0.0020777729190408684,0.0,0.2376,1.3464,-0.396,-0.2,0.0,0.0,-0.1989675347273536,0.0,0.0,0.0,0.0020777729190408684,-0.0020777729190408684,square,0,0.2,0.5,4,8,7.700034856796265,0.0
1779527853.7055228,-0.1989675347273536,0.0,0.0,0.0,0.0020777729190408684,-0.0020777729190408684,0.1584,1.5048000000000001,-0.396,-0.2,0.0,0.0,-0.1989675347273536,0.0,0.0,0.0,0.0,0.0,square,0,0.2,0.5,4,8,7.710048198699951,0.0
1779527853.7156343,-0.1989675347273536,0.0,0.0,0.0,0.0,0.0,0.198,1.5444,-0.2376,-0.2,0.0,0.0,-0.1989675347273536,0.0,0.0,0.0,0.0020777729190408684,0.0,square,0,0.2,0.5,4,8,7.720049142837524,0.0
1779527853.7254121,-0.1989675347273536,0.0,0.0,0.0,0.0020777729190408684,0.0,0.198,1.5444,-0.4752,-0.2,0.0,0.0,-0.1989675347273536,0.0,0.0,0.0020777729190408684,0.0,0.0,square,0,0.2,0.5,4,8,7.730160713195801,0.0
1779527853.7355268,-0.1989675347273536,0.0,0.0,0.0020777729190408684,0.0,0.0,-0.1188,1.584,-0.5148,-0.2,0.0,0.0,-0.1989675347273536,0.0,0.0,0.0,0.0,0.0,square,0,0.2,0.5,4,8,7.739938497543335,0.0
1779527853.7454135,-0.1989675347273536,0.0,0.0,0.0,0.0,0.0,-0.1188,1.5444,-0.35639999999999994,-0.2,0.0,0.0,-0.1989675347273536,0.0,0.0,0.0,0.0,0.0,square,0,0.2,0.5,4,8,7.75005316734314,0.0
1779527853.7554102,-0.1989675347273536,0.0,0.0,0.0,0.0,0.0,0.1188,1.5048000000000001,-0.2376,-0.2,0.0,0.0,-0.1989675347273536,0.0,0.0,0.004155545838081737,-0.0020777729190408684,0.0,square,0,0.2,0.5,4,8,7.759939908981323,0.0
1779527853.7655654,-0.1989675347273536,0.0,0.0,0.004155545838081737,-0.0020777729190408684,0.0,-0.0792,1.4255999999999998,-0.3168,-0.2,0.0,0.0,-0.1989675347273536,0.0,0.0,0.0,0.0,0.0,square,0,0.2,0.5,4,8,7.769936561584473,0.0
1779527853.775551,-0.1989675347273536,0.0,0.0,0.0,0.0,0.0,-0.1188,1.3068,-0.35639999999999994,-0.2,0.0,0.0,-0.1989675347273536,0.0,0.0,0.0,0.0,-0.0020777729190408684,square,0,0.2,0.5,4,8,7.780091762542725,0.0
1779527853.785416,-0.1989675347273536,0.0,0.0,0.0,0.0,-0.0020777729190408684,0.1188,1.4255999999999998,-0.4356,-0.2,0.0,0.0,-0.1989675347273536,0.0,0.0,0.0,0.0,0.0,square,0,0.2,0.5,4,8,7.790077447891235,0.0
1779527853.7955832,-0.1989675347273536,0.0,0.0,0.0,0.0,0.0,-0.1188,1.4652,-0.5148,-0.2,0.0,0.0,-0.1989675347273536,0.0,0.0,-0.0020777729190408684,0.0,0.0,square,0,0.2,0.5,4,8,7.799942255020142,0.0
1779527853.8055913,-0.1989675347273536,0.0,0.0,-0.0020777729190408684,0.0,0.0,0.27720000000000006,1.3860000000000001,-0.35639999999999994,-0.2,0.0,0.0,-0.1989675347273536,0.0,0.0,-0.0020777729190408684,0.0,0.0020777729190408684,square,0,0.2,0.5,4,8,7.810109615325928,0.0
1779527853.8154109,-0.1989675347273536,0.0,0.0,-0.0020777729190408684,0.0,0.0020777729190408684,0.27720000000000006,1.4255999999999998,-0.396,-0.2,0.0,0.0,-0.1989675347273536,0.0,0.0,0.0,0.0,0.0,square,0,0.2,0.5,4,8,7.820117712020874,0.0
1779527853.8254135,-0.1989675347273536,0.0,0.0,0.0,0.0,0.0,0.1584,1.584,-0.35639999999999994,-0.2,0.0,0.0,-0.1989675347273536,0.0,0.0,0.0,0.0,0.0,square,0,0.2,0.5,4,8,7.829937219619751,0.0
1779527853.8354151,-0.1989675347273536,0.0,0.0,0.0,0.0,0.0,0.1188,1.4652,-0.4356,-0.2,0.0,0.0,-0.1989675347273536,0.0,0.0,0.0020777729190408684,0.0020777729190408684,0.0,square,0,0.2,0.5,4,8,7.839939832687378,0.0
1779527853.8455248,-0.1989675347273536,0.0,0.0,0.0020777729190408684,0.0020777729190408684,0.0,-0.0792,1.4255999999999998,-0.396,-0.2,0.0,0.0,-0.1989675347273536,0.0,0.0,0.004155545838081737,0.0,-0.0020777729190408684,square,0,0.2,0.5,4,8,7.8499414920806885,0.0
1779527853.8555756,-0.1989675347273536,0.0,0.0,0.004155545838081737,0.0,-0.0020777729190408684,-0.0792,1.5444,0.4752,-0.2,0.0,0.0,-0.1989675347273536,0.0,0.0,0.0,0.0,-0.0020777729190408684,square,0,0.2,0.5,4,8,7.860051155090332,0.0
1779527853.8655767,-0.1989675347273536,0.0,0.0,0.0,0.0,-0.0020777729190408684,-0.0792,1.3860000000000001,-0.396,-0.2,0.0,0.0,-0.1989675347273536,0.0,0.0,0.0,0.0,0.0,square,0,0.2,0.5,4,8,7.8701019287109375,0.0
1779527853.8754666,-0.1989675347273536,0.0,0.0,0.0,0.0,0.0,-0.0396,1.5444,-0.198,-0.2,0.0,0.0,-0.1989675347273536,0.0,0.0,0.0,0.0020777729190408684,0.0,square,0,0.2,0.5,4,8,7.88010311126709,0.0
1779527853.8854208,-0.1989675347273536,0.0,0.0,0.0,0.0020777729190408684,0.0,-0.1188,1.3860000000000001,-0.3168,-0.2,0.0,0.0,-0.1989675347273536,0.0,0.0,0.0,0.0,0.0020777729190408684,square,0,0.2,0.5,4,8,7.889992952346802,0.0
1779527853.8955328,-0.1989675347273536,0.0,0.0,0.0,0.0,0.0020777729190408684,0.198,1.4255999999999998,-0.3168,-0.2,0.0,0.0,-0.1989675347273536,0.0,0.0,-0.0020777729190408684,0.0,0.0,square,0,0.2,0.5,4,8,7.899947166442871,0.0
1779527853.9054086,-0.1989675347273536,0.0,0.0,-0.0020777729190408684,0.0,0.0,0.198,1.4652,-0.27720000000000006,-0.2,0.0,0.0,-0.1989675347273536,0.0,0.0,0.0,0.0,0.0,square,0,0.2,0.5,4,8,7.910059213638306,0.0
1779527853.9156435,-0.1989675347273536,0.0,0.0,0.0,0.0,0.0,0.2376,1.5048000000000001,-0.4356,-0.2,0.0,0.0,-0.1989675347273536,0.0,0.0,0.0,0.0,0.0,square,0,0.2,0.5,4,8,7.919934988021851,0.0
1779527853.9254131,-0.1989675347273536,0.0,0.0,0.0,0.0,0.0,0.1188,1.5444,-0.27720000000000006,-0.2,0.0,0.0,-0.1989675347273536,0.0,0.0,0.0,0.0,0.0,square,0,0.2,0.5,4,8,7.9301698207855225,0.0
1779527853.9354877,-0.1989675347273536,0.0,0.0,0.0,0.0,0.0,0.2376,1.4652,-0.396,-0.2,0.0,0.0,-0.1989675347273536,0.0,0.0,0.0020777729190408684,0.0,0.0,square,0,0.2,0.5,4,8,7.939939498901367,0.0
1779527853.9455318,-0.1989675347273536,0.0,0.0,0.0020777729190408684,0.0,0.0,0.1584,1.5444,-0.396,-0.2,0.0,0.0,-0.1989675347273536,0.0,0.0,0.0020777729190408684,0.0,0.0,square,0,0.2,0.5,4,8,7.950014114379883,0.0
1779527853.955768,-0.1989675347273536,0.0,0.0,0.0020777729190408684,0.0,0.0,0.1584,1.5444,-0.396,-0.2,0.0,0.0,-0.1989675347273536,0.0,0.0,0.0020777729190408684,0.0,0.0,square,0,0.2,0.5,4,8,7.960058212280273,0.0
1779527853.9658065,-0.1989675347273536,0.0,0.0,0.0020777729190408684,0.0,0.0,0.1584,1.5444,-0.396,-0.2,0.0,0.0,-0.1989675347273536,0.0,0.0,0.0,0.0,0.0,square,0,0.2,0.5,4,8,7.97029447555542,0.0
1779527853.9755726,-0.1989675347273536,0.0,0.0,0.0,0.0,0.0,-0.0792,1.3464,-0.3168,-0.2,0.0,0.0,-0.1989675347273536,0.0,0.0,0.0,0.0,0.0,square,0,0.2,0.5,4,8,7.980332851409912,0.0
1779527853.985606,-0.1989675347273536,0.0,0.0,0.0,0.0,0.0,-0.0792,1.584,-0.4356,-0.2,0.0,0.0,-0.1989675347273536,0.0,0.0,0.0,0.0,0.0,square,0,0.2,0.5,4,8,7.99009895324707,0.0
1779527853.9955573,-0.1989675347273536,0.0,0.0,0.0,0.0,0.0,-0.1188,1.5444,-0.396,0.2,0.0,0.0,-0.1989675347273536,0.0,0.0,0.0,0.0,0.0,square,0,0.2,0.5,4,8,8.000132322311401,0.0
1779527854.0054493,-0.1989675347273536,0.0,0.0,0.0,0.0,0.0,-0.1188,1.5048000000000001,-0.3168,0.2,0.0,0.0,-0.19722220547535924,0.0,0.0,0.19946620022792336,0.0,0.0,square,0,0.2,0.5,4,8,8.010083675384521,0.0
1779527854.0154603,-0.19722220547535924,0.0,0.0,0.19946620022792336,0.0,0.0,13.266,1.9404,-0.198,0.2,0.0,0.0,-0.1762782544514273,0.0,0.0,1.7557181165895337,0.0020777729190408684,0.0,square,0,0.2,0.5,4,8,8.019975662231445,0.0
1779527854.0255616,-0.1762782544514273,0.0,0.0,1.7557181165895337,0.0020777729190408684,0.0,5.4648,2.1384,-0.0792,0.2,0.0,0.0,-0.14137166941154067,0.0,0.0,3.1810703390515696,0.0020777729190408684,0.0,square,0,0.2,0.5,4,8,8.02998661994934,0.0
1779527854.0355299,-0.14137166941154067,0.0,0.0,3.1810703390515696,0.0020777729190408684,0.0,5.8608,2.2176000000000005,6.3756,0.2,0.0,0.0,-0.10122909661567113,0.0,0.0,3.8085577606019116,0.0020777729190408684,0.0,square,0,0.2,0.5,4,8,8.040087938308716,0.0
1779527854.0454657,-0.10122909661567113,0.0,0.0,3.8085577606019116,0.0020777729190408684,0.0,5.5044,1.7424,2.2967999999999997,0.2,0.0,0.0,-0.05585053606381855,0.0,0.0,4.3674786758239055,-0.008311091676163474,0.0,square,0,0.2,0.5,4,8,8.050056219100952,0.0
1779527854.0554945,-0.05585053606381855,0.0,0.0,4.3674786758239055,-0.008311091676163474,0.0,1.1088000000000002,1.3464,2.1384,0.2,0.0,0.0,-0.010471975511965978,0.0,0.0,4.477600640533072,-0.018699956271367814,0.0,square,0,0.2,0.5,4,8,8.05999207496643,0.0
1779527854.0654368,-0.010471975511965978,0.0,0.0,4.477600640533072,-0.018699956271367814,0.0,0.396,0.9504,0.1584,0.2,0.0,0.0,0.02617993877991494,0.0,0.0,3.935301908663405,-0.02493327502849042,0.006233318757122605,square,0,0.2,0.5,4,8,8.070020914077759,0.0
1779527854.075419,0.02617993877991494,0.0,0.0,3.935301908663405,-0.02493327502849042,0.006233318757122605,-1.0692,-0.198,3.2472000000000003,0.2,0.0,0.0,0.05759586531581287,0.0,0.0,3.316125578789226,-0.022855502109449553,0.010388864595204342,square,0,0.2,0.5,4,8,8.079963207244873,0.0
1779527854.0855305,0.05759586531581287,0.0,0.0,3.316125578789226,-0.022855502109449553,0.010388864595204342,-2.4552,-0.198,1.0296,0.2,0.0,0.0,0.08552113334772216,0.0,0.0,2.844471126166949,0.0,0.0,square,0,0.2,0.5,4,8,8.089945316314697,0.0
1779527854.0955634,0.08552113334772216,0.0,0.0,2.844471126166949,0.0,0.0,-4.2768,0.5148,0.198,0.2,0.0,0.0,0.10821041362364843,0.0,0.0,2.3478833985161813,0.029088820866572156,-0.006233318757122605,square,0,0.2,0.5,4,8,8.100056886672974,0.0
1779527854.1055398,0.10821041362364843,0.0,0.0,2.3478833985161813,0.029088820866572156,-0.006233318757122605,-4.95,1.0692,0.5940000000000001,0.2,0.0,0.0,0.12566370614359174,0.0,0.0,1.9053177667604764,0.0394776854617765,-0.0020777729190408684,square,0,0.2,0.5,4,8,8.110089778900146,0.0
1779527854.1154134,0.12566370614359174,0.0,0.0,1.9053177667604764,0.0394776854617765,-0.0020777729190408684,-1.98,1.782,-0.99,0.2,0.0,0.0,0.14137166941154067,0.0,0.0,1.5354741871712017,0.020777729190408684,-0.0020777729190408684,square,0,0.2,0.5,4,8,8.120066165924072,0.0
1779527854.125419,0.14137166941154067,0.0,0.0,1.5354741871712017,0.020777729190408684,-0.0020777729190408684,-0.5940000000000001,1.6236000000000002,0.3168,0.2,0.0,0.0,0.1518436449235067,0.0,0.0,1.2279637951531532,0.004155545838081737,-0.0020777729190408684,square,0,0.2,0.5,4,8,8.129939794540405,0.0
1779527854.1354182,0.1518436449235067,0.0,0.0,1.2279637951531532,0.004155545838081737,-0.0020777729190408684,0.198,1.5048000000000001,-0.1584,0.2,0.0,0.0,0.16231562043547265,0.0,0.0,0.9973310011396168,0.0,-0.0020777729190408684,square,0,0.2,0.5,4,8,8.139945268630981,0.0
1779527854.1455836,0.16231562043547265,0.0,0.0,0.9973310011396168,0.0,-0.0020777729190408684,0.4356,1.584,-0.5148,0.2,0.0,0.0,0.16231562043547265,0.0,0.0,0.9973310011396168,0.0,-0.0020777729190408684,square,0,0.2,0.5,4,8,8.149944543838501,0.0
1779527854.1554463,0.16231562043547265,0.0,0.0,0.9973310011396168,0.0,-0.0020777729190408684,0.4356,1.584,-0.5148,0.2,0.0,0.0,0.1762782544514273,0.0,0.0,0.6815095174454048,-0.0020777729190408684,-0.004155545838081737,square,0,0.2,0.5,4,8,8.160109996795654,0.0
1779527854.1654155,0.1762782544514273,0.0,0.0,0.6815095174454048,-0.0020777729190408684,-0.004155545838081737,-0.0792,1.2672,-0.35639999999999994,0.2,0.0,0.0,0.18151424220741028,0.0,0.0,0.5568431423029527,-0.014544410433286078,0.0,square,0,0.2,0.5,4,8,8.169972658157349,0.0
1779527854.1754272,0.18151424220741028,0.0,0.0,0.5568431423029527,-0.014544410433286078,0.0,-0.3168,0.8712,-0.3168,0.2,0.0,0.0,0.18500490071139894,0.0,0.0,0.4404878588366641,-0.01246663751424521,0.0,square,0,0.2,0.5,4,8,8.179941892623901,0.0
1779527854.1854155,0.18500490071139894,0.0,0.0,0.4404878588366641,-0.01246663751424521,0.0,-0.27720000000000006,0.8712,-0.5148,0.2,0.0,0.0,0.18849555921538758,0.0,0.0,0.33244366704653894,-0.010388864595204342,0.0,square,0,0.2,0.5,4,8,8.189953565597534,0.0
1779527854.1954157,0.18849555921538758,0.0,0.0,0.33244366704653894,-0.010388864595204342,0.0,0.396,0.6732,-0.396,0.2,0.0,0.0,0.19198621771937624,0.0,0.0,0.2867326628276398,-0.006233318757122605,-0.0020777729190408684,square,0,0.2,0.5,4,8,8.199941873550415,0.0
1779527854.205417,0.19198621771937624,0.0,0.0,0.2867326628276398,-0.006233318757122605,-0.0020777729190408684,-0.4752,0.6336,-0.35639999999999994,0.2,0.0,0.0,0.1937315469713706,0.0,0.0,0.2181661564992912,0.006233318757122605,0.0,square,0,0.2,0.5,4,8,8.209942102432251,0.0
1779527854.2153778,0.1937315469713706,0.0,0.0,0.2181661564992912,0.006233318757122605,0.0,-0.5148,0.99,0.5544000000000001,0.2,0.0,0.0,0.1954768762233649,0.0,0.0,0.16829960644231035,0.020777729190408684,0.0,square,0,0.2,0.5,4,8,8.219943284988403,0.0
1779527854.2254593,0.1954768762233649,0.0,0.0,0.16829960644231035,0.020777729190408684,0.0,-0.6336,1.5444,-0.35639999999999994,0.2,0.0,0.0,0.1954768762233649,0.0,0.0,0.1246663751424521,0.020777729190408684,0.0,square,0,0.2,0.5,4,8,8.229904174804688,0.0
1779527854.2354147,0.1954768762233649,0.0,0.0,0.1246663751424521,0.020777729190408684,0.0,-0.35639999999999994,1.782,-0.396,0.2,0.0,0.0,0.19722220547535924,0.0,0.0,0.08103314384259387,0.01246663751424521,0.0,square,0,0.2,0.5,4,8,8.239985704421997,0.0
1779527854.2454553,0.19722220547535924,0.0,0.0,0.08103314384259387,0.01246663751424521,0.0,0.1188,1.7424,-0.35639999999999994,0.2,0.0,0.0,0.19722220547535924,0.0,0.0,0.08103314384259387,0.01246663751424521,0.0,square,0,0.2,0.5,4,8,8.249941110610962,0.0
1779527854.2554467,0.19722220547535924,0.0,0.0,0.08103314384259387,0.01246663751424521,0.0,0.1188,1.7424,-0.35639999999999994,0.2,0.0,0.0,0.19722220547535924,0.0,0.0,0.05402209589506258,0.0020777729190408684,0.0,square,0,0.2,0.5,4,8,8.259981632232666,0.0
1779527854.265537,0.19722220547535924,0.0,0.0,0.05402209589506258,0.0020777729190408684,0.0,0.396,1.4652,-0.4356,0.2,0.0,0.0,0.19722220547535924,0.0,0.0,0.05402209589506258,0.0020777729190408684,0.0,square,0,0.2,0.5,4,8,8.269973039627075,0.0
1779527854.27551,0.19722220547535924,0.0,0.0,0.05402209589506258,0.0020777729190408684,0.0,0.396,1.4652,-0.4356,0.2,0.0,0.0,0.19722220547535924,0.0,0.0,0.05402209589506258,0.0020777729190408684,0.0,square,0,0.2,0.5,4,8,8.280063390731812,0.0
1779527854.2854166,0.19722220547535924,0.0,0.0,0.05402209589506258,0.0020777729190408684,0.0,0.396,1.4652,-0.4356,0.2,0.0,0.0,0.19722220547535924,0.0,0.0,0.05402209589506258,0.0020777729190408684,0.0,square,0,0.2,0.5,4,8,8.29003643989563,0.0
1779527854.2954645,0.19722220547535924,0.0,0.0,0.05402209589506258,0.0020777729190408684,0.0,0.396,1.4652,-0.4356,0.2,0.0,0.0,0.19722220547535924,0.0,0.0,0.05402209589506258,0.0020777729190408684,0.0,square,0,0.2,0.5,4,8,8.299942970275879,0.0
1779527854.305543,0.19722220547535924,0.0,0.0,0.05402209589506258,0.0020777729190408684,0.0,0.396,1.4652,-0.4356,0.2,0.0,0.0,0.19722220547535924,0.0,0.0,0.05402209589506258,0.0020777729190408684,0.0,square,0,0.2,0.5,4,8,8.309990882873535,0.0
1779527854.3154602,0.19722220547535924,0.0,0.0,0.05402209589506258,0.0020777729190408684,0.0,0.396,1.4652,-0.4356,0.2,0.0,0.0,0.1989675347273536,0.0,0.0,0.0,0.006233318757122605,-0.0020777729190408684,square,0,0.2,0.5,4,8,8.320069313049316,0.0
1779527854.3254216,0.1989675347273536,0.0,0.0,0.0,0.006233318757122605,-0.0020777729190408684,0.396,1.3464,-0.396,0.2,0.0,0.0,0.1989675347273536,0.0,0.0,0.0,0.006233318757122605,0.0,square,0,0.2,0.5,4,8,8.329986572265625,0.0
1779527854.3354247,0.1989675347273536,0.0,0.0,0.0,0.006233318757122605,0.0,0.4752,1.4652,-0.35639999999999994,0.2,0.0,0.0,0.1989675347273536,0.0,0.0,0.004155545838081737,0.004155545838081737,0.0,square,0,0.2,0.5,4,8,8.339947938919067,0.0
1779527854.3454177,0.1989675347273536,0.0,0.0,0.004155545838081737,0.004155545838081737,0.0,0.396,1.3068,-0.35639999999999994,0.2,0.0,0.0,0.1989675347273536,0.0,0.0,0.006233318757122605,0.0,0.0,square,0,0.2,0.5,4,8,8.349951028823853,0.0
1779527854.3555493,0.1989675347273536,0.0,0.0,0.006233318757122605,0.0,0.0,-0.198,1.2276,-0.3168,0.2,0.0,0.0,0.1989675347273536,0.0,0.0,0.006233318757122605,0.0,0.0,square,0,0.2,0.5,4,8,8.359944105148315,0.0
1779527854.3654094,0.1989675347273536,0.0,0.0,0.006233318757122605,0.0,0.0,-0.0396,1.2276,-0.27720000000000006,0.2,0.0,0.0,0.1989675347273536,0.0,0.0,0.010388864595204342,0.0,0.0,square,0,0.2,0.5,4,8,8.370075702667236,0.0
1779527854.3754363,0.1989675347273536,0.0,0.0,0.010388864595204342,0.0,0.0,-0.1584,1.3068,-0.35639999999999994,0.2,0.0,0.0,0.1989675347273536,0.0,0.0,0.008311091676163474,0.0,0.0,square,0,0.2,0.5,4,8,8.37993574142456,0.0
1779527854.3854623,0.1989675347273536,0.0,0.0,0.008311091676163474,0.0,0.0,0.2376,1.3464,-0.35639999999999994,0.2,0.0,0.0,0.1989675347273536,0.0,0.0,0.0020777729190408684,0.0,0.0,square,0,0.2,0.5,4,8,8.389962673187256,0.0
1779527854.3954275,0.1989675347273536,0.0,0.0,0.0020777729190408684,0.0,0.0,0.2376,1.3464,-0.35639999999999994,0.2,0.0,0.0,0.1989675347273536,0.0,0.0,-0.0020777729190408684,0.0,0.0,square,0,0.2,0.5,4,8,8.399988651275635,0.0
1779527854.4059768,0.1989675347273536,0.0,0.0,-0.0020777729190408684,0.0,0.0,-0.1584,1.3860000000000001,-0.27720000000000006,0.2,0.0,0.0,0.1989675347273536,0.0,0.0,-0.0020777729190408684,-0.0020777729190408684,0.0,square,0,0.2,0.5,4,8,8.409953832626343,0.0
1779527854.4154332,0.1989675347273536,0.0,0.0,-0.0020777729190408684,-0.0020777729190408684,0.0,-0.1188,1.1880000000000002,-0.3168,0.2,0.0,0.0,0.1989675347273536,0.0,0.0,-0.004155545838081737,-0.0020777729190408684,0.0020777729190408684,square,0,0.2,0.5,4,8,8.42050313949585,0.0
1779527854.4274664,0.1989675347273536,0.0,0.0,-0.004155545838081737,-0.0020777729190408684,0.0020777729190408684,-0.0396,1.1880000000000002,-0.3168,0.2,0.0,0.0,0.1989675347273536,0.0,0.0,-0.0020777729190408684,0.0,-0.0020777729190408684,square,0,0.2,0.5,4,8,8.429959535598755,0.0
1779527854.4364917,0.1989675347273536,0.0,0.0,-0.0020777729190408684,0.0,-0.0020777729190408684,0.0792,1.3068,-0.35639999999999994,0.2,0.0,0.0,0.1989675347273536,0.0,0.0,-0.0020777729190408684,0.0,0.0,square,0,0.2,0.5,4,8,8.44199275970459,0.0
1779527854.44548,0.1989675347273536,0.0,0.0,-0.0020777729190408684,0.0,0.0,-0.0396,1.3860000000000001,-0.3168,0.2,0.0,0.0,0.1989675347273536,0.0,0.0,-0.004155545838081737,0.0,0.0,square,0,0.2,0.5,4,8,8.45101809501648,0.0
1779527854.455409,0.1989675347273536,0.0,0.0,-0.004155545838081737,0.0,0.0,-0.0792,1.4255999999999998,-0.2376,0.2,0.0,0.0,0.1989675347273536,0.0,0.0,-0.0020777729190408684,0.0,0.0,square,0,0.2,0.5,4,8,8.460006475448608,0.0
1779527854.4654295,0.1989675347273536,0.0,0.0,-0.0020777729190408684,0.0,0.0,-0.198,1.4255999999999998,-0.396,0.2,0.0,0.0,0.1989675347273536,0.0,0.0,0.0,0.0020777729190408684,0.0,square,0,0.2,0.5,4,8,8.469935417175293,0.0
1779527854.4754086,0.1989675347273536,0.0,0.0,0.0,0.0020777729190408684,0.0,0.198,1.3464,0.198,0.2,0.0,0.0,0.1989675347273536,0.0,0.0,0.0,0.0,0.0,square,0,0.2,0.5,4,8,8.479955911636353,0.0
1779527854.4854083,0.1989675347273536,0.0,0.0,0.0,0.0,0.0,0.27720000000000006,1.4255999999999998,-0.27720000000000006,0.2,0.0,0.0,0.1989675347273536,0.0,0.0,0.0020777729190408684,0.0,0.0,square,0,0.2,0.5,4,8,8.489934921264648,0.0
1779527854.4954093,0.1989675347273536,0.0,0.0,0.0020777729190408684,0.0,0.0,0.3168,1.5048000000000001,-0.35639999999999994,0.2,0.0,0.0,0.1989675347273536,0.0,0.0,0.0020777729190408684,0.0,-0.0020777729190408684,square,0,0.2,0.5,4,8,8.499934673309326,0.0
1779527854.5053608,0.1989675347273536,0.0,0.0,0.0020777729190408684,0.0,-0.0020777729190408684,0.396,1.2276,-0.27720000000000006,0.2,0.0,0.0,0.1989675347273536,0.0,0.0,0.0020777729190408684,0.0,0.0020777729190408684,square,0,0.2,0.5,4,8,8.5099356174469,0.0
1779527854.5154092,0.1989675347273536,0.0,0.0,0.0020777729190408684,0.0,0.0020777729190408684,0.35639999999999994,1.3464,-0.198,0.2,0.0,0.0,0.1989675347273536,0.0,0.0,0.0,0.0,0.0,square,0,0.2,0.5,4,8,8.519887208938599,0.0
1779527854.525448,0.1989675347273536,0.0,0.0,0.0,0.0,0.0,0.35639999999999994,1.4255999999999998,-0.27720000000000006,0.2,0.0,0.0,0.1989675347273536,0.0,0.0,-0.004155545838081737,0.0,0.0,square,0,0.2,0.5,4,8,8.529935598373413,0.0
1779527854.535414,0.1989675347273536,0.0,0.0,-0.004155545838081737,0.0,0.0,0.3168,1.3068,-0.3168,0.2,0.0,0.0,0.1989675347273536,0.0,0.0,-0.006233318757122605,0.0,-0.0020777729190408684,square,0,0.2,0.5,4,8,8.539974451065063,0.0
1779527854.5457547,0.1989675347273536,0.0,0.0,-0.006233318757122605,0.0,-0.0020777729190408684,0.1188,1.5048000000000001,-0.27720000000000006,0.2,0.0,0.0,0.1989675347273536,0.0,0.0,-0.006233318757122605,-0.0020777729190408684,0.0,square,0,0.2,0.5,4,8,8.549940347671509,0.0
1779527854.5554464,0.1989675347273536,0.0,0.0,-0.006233318757122605,-0.0020777729190408684,0.0,-0.0396,1.5048000000000001,-0.2376,0.2,0.0,0.0,0.1989675347273536,0.0,0.0,-0.0020777729190408684,0.0,-0.0020777729190408684,square,0,0.2,0.5,4,8,8.560281038284302,0.0
1779527854.5654054,0.1989675347273536,0.0,0.0,-0.0020777729190408684,0.0,-0.0020777729190408684,0.1584,1.3860000000000001,-0.35639999999999994,0.2,0.0,0.0,0.1989675347273536,0.0,0.0,0.0,-0.0020777729190408684,0.0,square,0,0.2,0.5,4,8,8.56997275352478,0.0
1779527854.5754104,0.1989675347273536,0.0,0.0,0.0,-0.0020777729190408684,0.0,0.198,1.5444,0.198,0.2,0.0,0.0,0.1989675347273536,0.0,0.0,0.0,0.0,0.0,square,0,0.2,0.5,4,8,8.579931735992432,0.0
1779527854.585407,0.1989675347273536,0.0,0.0,0.0,0.0,0.0,0.2376,1.2672,-0.1188,0.2,0.0,0.0,0.1989675347273536,0.0,0.0,0.0,0.0,0.0,square,0,0.2,0.5,4,8,8.58993673324585,0.0
1779527854.5954409,0.1989675347273536,0.0,0.0,0.0,0.0,0.0,0.2376,1.3860000000000001,-0.396,0.2,0.0,0.0,0.1989675347273536,0.0,0.0,0.0,-0.0020777729190408684,0.0,square,0,0.2,0.5,4,8,8.599933385848999,0.0
1779527854.605473,0.1989675347273536,0.0,0.0,0.0,-0.0020777729190408684,0.0,0.35639999999999994,1.2672,-0.27720000000000006,0.2,0.0,0.0,0.1989675347273536,0.0,0.0,0.0,0.0,0.0,square,0,0.2,0.5,4,8,8.609967231750488,0.0
1779527854.6154125,0.1989675347273536,0.0,0.0,0.0,0.0,0.0,0.35639999999999994,1.2672,0.27720000000000006,0.2,0.0,0.0,0.1989675347273536,0.0,0.0,0.0,-0.0020777729190408684,0.0,square,0,0.2,0.5,4,8,8.619999408721924,0.0
1779527854.6258512,0.1989675347273536,0.0,0.0,0.0,-0.0020777729190408684,0.0,0.35639999999999994,1.4255999999999998,-0.396,0.2,0.0,0.0,0.1989675347273536,0.0,0.0,0.0,0.0,0.0,square,0,0.2,0.5,4,8,8.629938840866089,0.0
1779527854.6354403,0.1989675347273536,0.0,0.0,0.0,0.0,0.0,0.35639999999999994,1.2672,-0.2376,0.2,0.0,0.0,0.1989675347273536,0.0,0.0,-0.0020777729190408684,0.0020777729190408684,0.0,square,0,0.2,0.5,4,8,8.640377521514893,0.0
1779527854.6454158,0.1989675347273536,0.0,0.0,-0.0020777729190408684,0.0020777729190408684,0.0,0.27720000000000006,1.584,-0.2376,0.2,0.0,0.0,0.1989675347273536,0.0,0.0,-0.0020777729190408684,0.0020777729190408684,0.0,square,0,0.2,0.5,4,8,8.649966716766357,0.0
1779527854.65541,0.1989675347273536,0.0,0.0,-0.0020777729190408684,0.0020777729190408684,0.0,0.198,1.584,-0.396,0.2,0.0,0.0,0.1989675347273536,0.0,0.0,0.0,0.0,0.0,square,0,0.2,0.5,4,8,8.659942150115967,0.0
1779527854.665479,0.1989675347273536,0.0,0.0,0.0,0.0,0.0,0.1584,1.6632,-0.198,0.2,0.0,0.0,0.1989675347273536,0.0,0.0,0.0,0.0,0.0,square,0,0.2,0.5,4,8,8.669936418533325,0.0
1779527854.675404,0.1989675347273536,0.0,0.0,0.0,0.0,0.0,0.2376,1.4652,-0.2376,0.2,0.0,0.0,0.1989675347273536,0.0,0.0,0.0020777729190408684,0.0,0.0,square,0,0.2,0.5,4,8,8.680005311965942,0.0
1779527854.6854556,0.1989675347273536,0.0,0.0,0.0020777729190408684,0.0,0.0,0.396,1.5444,-0.198,0.2,0.0,0.0,0.1989675347273536,0.0,0.0,0.0,0.0,0.0,square,0,0.2,0.5,4,8,8.689930438995361,0.0
1779527854.6954389,0.1989675347273536,0.0,0.0,0.0,0.0,0.0,0.3168,1.5048000000000001,-0.4356,0.2,0.0,0.0,0.1989675347273536,0.0,0.0,0.0,-0.0020777729190408684,0.0,square,0,0.2,0.5,4,8,8.699981927871704,0.0
1779527854.7068276,0.1989675347273536,0.0,0.0,0.0,-0.0020777729190408684,0.0,0.396,1.4255999999999998,-0.27720000000000006,0.2,0.0,0.0,0.1989675347273536,0.0,0.0,0.0,-0.0020777729190408684,0.0,square,0,0.2,0.5,4,8,8.709965229034424,0.0
1779527854.7166073,0.1989675347273536,0.0,0.0,0.0,-0.0020777729190408684,0.0,0.396,1.4255999999999998,-0.27720000000000006,0.2,0.0,0.0,0.1989675347273536,0.0,0.0,-0.0020777729190408684,-0.0020777729190408684,0.0,square,0,0.2,0.5,4,8,8.721354007720947,0.0
1779527854.7267365,0.1989675347273536,0.0,0.0,-0.0020777729190408684,-0.0020777729190408684,0.0,0.2376,1.4255999999999998,-0.1584,0.2,0.0,0.0,0.1989675347273536,0.0,0.0,-0.004155545838081737,0.0,0.0,square,0,0.2,0.5,4,8,8.731133699417114,0.0
1779527854.7365544,0.1989675347273536,0.0,0.0,-0.004155545838081737,0.0,0.0,0.2376,1.2672,-0.396,0.2,0.0,0.0,0.1989675347273536,0.0,0.0,-0.004155545838081737,0.0,-0.0020777729190408684,square,0,0.2,0.5,4,8,8.741262912750244,0.0
1779527854.7460313,0.1989675347273536,0.0,0.0,-0.004155545838081737,0.0,-0.0020777729190408684,0.2376,1.3860000000000001,-0.2376,0.2,0.0,0.0,0.1989675347273536,0.0,0.0,0.0,0.0,0.0,square,0,0.2,0.5,4,8,8.751080751419067,0.0
1779527854.75724,0.1989675347273536,0.0,0.0,0.0,0.0,0.0,0.2376,1.4255999999999998,-0.198,0.2,0.0,0.0,0.1989675347273536,0.0,0.0,0.0,0.0,0.0,square,0,0.2,0.5,4,8,8.760557651519775,0.0
1779527854.765543,0.1989675347273536,0.0,0.0,0.0,0.0,0.0,0.2376,1.4255999999999998,-0.198,0.2,0.0,0.0,0.1989675347273536,0.0,0.0,0.0,0.0,0.0,square,0,0.2,0.5,4,8,8.771766424179077,0.0
1779527854.7755184,0.1989675347273536,0.0,0.0,0.0,0.0,0.0,0.2376,1.4255999999999998,0.198,0.2,0.0,0.0,0.1989675347273536,0.0,0.0,0.0,-0.0020777729190408684,0.0,square,0,0.2,0.5,4,8,8.780069351196289,0.0
1779527854.7880206,0.1989675347273536,0.0,0.0,0.0,-0.0020777729190408684,0.0,0.35639999999999994,1.3068,-0.27720000000000006,0.2,0.0,0.0,0.1989675347273536,0.0,0.0,0.0020777729190408684,0.0,0.0,square,0,0.2,0.5,4,8,8.790044784545898,0.0
1779527854.7969656,0.1989675347273536,0.0,0.0,0.0020777729190408684,0.0,0.0,0.396,1.3464,-0.1188,0.2,0.0,0.0,0.1989675347273536,0.0,0.0,0.0020777729190408684,0.0,0.0,square,0,0.2,0.5,4,8,8.802546977996826,0.0
1779527854.805637,0.1989675347273536,0.0,0.0,0.0020777729190408684,0.0,0.0,0.35639999999999994,1.3860000000000001,-0.4356,0.2,0.0,0.0,0.1989675347273536,0.0,0.0,0.0,0.0,0.0,square,0,0.2,0.5,4,8,8.811491966247559,0.0
1779527854.817081,0.1989675347273536,0.0,0.0,0.0,0.0,0.0,0.396,1.3860000000000001,-0.198,0.2,0.0,0.0,0.1989675347273536,0.0,0.0,0.0,0.0,0.0,square,0,0.2,0.5,4,8,8.820163249969482,0.0
1779527854.8259141,0.1989675347273536,0.0,0.0,0.0,0.0,0.0,0.27720000000000006,1.3860000000000001,-0.2376,0.2,0.0,0.0,0.1989675347273536,0.0,0.0,-0.0020777729190408684,0.0,0.0,square,0,0.2,0.5,4,8,8.831607341766357,0.0
1779527854.8355374,0.1989675347273536,0.0,0.0,-0.0020777729190408684,0.0,0.0,0.27720000000000006,1.3464,-0.35639999999999994,0.2,0.0,0.0,0.1989675347273536,0.0,0.0,-0.0020777729190408684,0.0,0.0,square,0,0.2,0.5,4,8,8.840440511703491,0.0
1779527854.845469,0.1989675347273536,0.0,0.0,-0.0020777729190408684,0.0,0.0,0.198,1.4652,-0.35639999999999994,0.2,0.0,0.0,0.1989675347273536,0.0,0.0,-0.004155545838081737,0.0,0.0,square,0,0.2,0.5,4,8,8.850063800811768,0.0
1779527854.8554199,0.1989675347273536,0.0,0.0,-0.004155545838081737,0.0,0.0,-0.1188,1.4652,-0.198,0.2,0.0,0.0,0.1989675347273536,0.0,0.0,-0.0020777729190408684,0.0,0.0,square,0,0.2,0.5,4,8,8.859995365142822,0.0
1779527854.8654172,0.1989675347273536,0.0,0.0,-0.0020777729190408684,0.0,0.0,0.2376,1.5444,-0.2376,0.2,0.0,0.0,0.1989675347273536,0.0,0.0,0.0,0.0,0.0,square,0,0.2,0.5,4,8,8.869946241378784,0.0
1779527854.8754172,0.1989675347273536,0.0,0.0,0.0,0.0,0.0,0.198,1.4652,-0.198,0.2,0.0,0.0,0.1989675347273536,0.0,0.0,0.0,0.0,0.0,square,0,0.2,0.5,4,8,8.879943609237671,0.0
1779527854.8854191,0.1989675347273536,0.0,0.0,0.0,0.0,0.0,0.27720000000000006,1.4255999999999998,-0.1584,0.2,0.0,0.0,0.1989675347273536,0.0,0.0,0.0,0.0,0.0,square,0,0.2,0.5,4,8,8.889943599700928,0.0
1779527854.895417,0.1989675347273536,0.0,0.0,0.0,0.0,0.0,0.3168,1.4255999999999998,-0.27720000000000006,0.2,0.0,0.0,0.1989675347273536,0.0,0.0,0.0,0.0,-0.0020777729190408684,square,0,0.2,0.5,4,8,8.899945497512817,0.0
1779527854.9054177,0.1989675347273536,0.0,0.0,0.0,0.0,-0.0020777729190408684,0.396,1.3464,-0.35639999999999994,0.2,0.0,0.0,0.1989675347273536,0.0,0.0,0.0020777729190408684,0.0,0.0,square,0,0.2,0.5,4,8,8.909943342208862,0.0
1779527854.9154148,0.1989675347273536,0.0,0.0,0.0020777729190408684,0.0,0.0,0.27720000000000006,1.3464,-0.198,0.2,0.0,0.0,0.1989675347273536,0.0,0.0,0.0,0.0,0.0,square,0,0.2,0.5,4,8,8.919944047927856,0.0
1779527854.9254165,0.1989675347273536,0.0,0.0,0.0,0.0,0.0,0.27720000000000006,1.5048000000000001,-0.198,0.2,0.0,0.0,0.1989675347273536,0.0,0.0,-0.0020777729190408684,0.0,0.0,square,0,0.2,0.5,4,8,8.929941177368164,0.0
1779527854.935409,0.1989675347273536,0.0,0.0,-0.0020777729190408684,0.0,0.0,0.198,1.4255999999999998,-0.3168,0.2,0.0,0.0,0.1989675347273536,0.0,0.0,-0.0020777729190408684,0.0,0.0,square,0,0.2,0.5,4,8,8.939942836761475,0.0
1779527854.9454136,0.1989675347273536,0.0,0.0,-0.0020777729190408684,0.0,0.0,0.1584,1.3464,-0.1188,0.2,0.0,0.0,0.1989675347273536,0.0,0.0,-0.0020777729190408684,0.0020777729190408684,0.0,square,0,0.2,0.5,4,8,8.94993543624878,0.0
1779527854.9554138,0.1989675347273536,0.0,0.0,-0.0020777729190408684,0.0020777729190408684,0.0,0.1584,1.584,-0.198,0.2,0.0,0.0,0.1989675347273536,0.0,0.0,-0.0020777729190408684,-0.0020777729190408684,0.0,square,0,0.2,0.5,4,8,8.959939956665039,0.0
1779527854.965475,0.1989675347273536,0.0,0.0,-0.0020777729190408684,-0.0020777729190408684,0.0,0.198,1.5048000000000001,-0.198,0.2,0.0,0.0,0.1989675347273536,0.0,0.0,0.0,0.0,0.0,square,0,0.2,0.5,4,8,8.969940185546875,0.0
1779527854.9754374,0.1989675347273536,0.0,0.0,0.0,0.0,0.0,0.1584,1.5048000000000001,-0.3168,0.2,0.0,0.0,0.1989675347273536,0.0,0.0,0.0,-0.0020777729190408684,0.0,square,0,0.2,0.5,4,8,8.980001449584961,0.0
1779527854.9854417,0.1989675347273536,0.0,0.0,0.0,-0.0020777729190408684,0.0,0.3168,1.4652,-0.3168,0.2,0.0,0.0,0.1989675347273536,0.0,0.0,0.0,0.0,0.0,square,0,0.2,0.5,4,8,8.98996376991272,0.0
1779527854.9953976,0.1989675347273536,0.0,0.0,0.0,0.0,0.0,0.3168,1.3464,-0.1188,0.2,0.0,0.0,0.1989675347273536,0.0,0.0,0.0,-0.0020777729190408684,0.0,square,0,0.2,0.5,4,8,8.9999680519104,0.0
1779527855.0054276,0.1989675347273536,0.0,0.0,0.0,-0.0020777729190408684,0.0,0.27720000000000006,1.3860000000000001,-0.27720000000000006,-0.2,0.0,0.0,0.1989675347273536,0.0,0.0,0.0,0.0020777729190408684,0.0,square,0,0.2,0.5,4,8,9.009923934936523,0.0
1779527855.0154133,0.1989675347273536,0.0,0.0,0.0,0.0020777729190408684,0.0,0.27720000000000006,1.4255999999999998,-0.396,-0.2,0.0,0.0,0.1989675347273536,0.0,0.0,0.0,0.0020777729190408684,0.0,square,0,0.2,0.5,4,8,9.019953966140747,0.0
1779527855.0254946,0.1989675347273536,0.0,0.0,0.0,0.0020777729190408684,0.0,0.198,1.4255999999999998,-0.198,-0.2,0.0,0.0,0.19722220547535924,0.0,0.0,-0.19946620022792336,0.0,0.0,square,0,0.2,0.5,4,8,9.029939651489258,0.0
1779527855.0354214,0.19722220547535924,0.0,0.0,-0.19946620022792336,0.0,0.0,13.068000000000001,1.8215999999999999,-0.0396,-0.2,0.0,0.0,0.1762782544514273,0.0,0.0,-1.7619514353466563,0.0,0.0,square,0,0.2,0.5,4,8,9.040020942687988,0.0
1779527855.045401,0.1762782544514273,0.0,0.0,-1.7619514353466563,0.0,0.0,4.7916,2.2176000000000005,0.198,-0.2,0.0,0.0,0.14137166941154067,0.0,0.0,-3.1540592911040384,-0.006233318757122605,0.0020777729190408684,square,0,0.2,0.5,4,8,9.049947738647461,0.0
1779527855.0554361,0.14137166941154067,0.0,0.0,-3.1540592911040384,-0.006233318757122605,0.0020777729190408684,6.4152000000000005,1.7424,0.5940000000000001,-0.2,0.0,0.0,0.10122909661567113,0.0,0.0,-3.8085577606019116,-0.0020777729190408684,-0.004155545838081737,square,0,0.2,0.5,4,8,9.059927463531494,0.0
1779527855.0653996,0.10122909661567113,0.0,0.0,-3.8085577606019116,-0.0020777729190408684,-0.004155545838081737,5.94,1.6236000000000002,-0.1584,-0.2,0.0,0.0,0.10122909661567113,0.0,0.0,-3.8085577606019116,-0.0020777729190408684,-0.004155545838081737,square,0,0.2,0.5,4,8,9.069962501525879,0.0
1779527855.0753815,0.10122909661567113,0.0,0.0,-3.8085577606019116,-0.0020777729190408684,-0.004155545838081737,5.94,1.6236000000000002,-0.1584,-0.2,0.0,0.0,0.012217304763960306,0.0,0.0,-4.413189680042804,0.0020777729190408684,0.0,square,0,0.2,0.5,4,8,9.079926013946533,0.0
1779527855.0853882,0.012217304763960306,0.0,0.0,-4.413189680042804,0.0020777729190408684,0.0,-0.4752,1.9008,-0.5940000000000001,-0.2,0.0,0.0,-0.02617993877991494,0.0,0.0,-3.966468502449018,0.006233318757122605,0.0020777729190408684,square,0,0.2,0.5,4,8,9.089907884597778,0.0
1779527855.0954728,-0.02617993877991494,0.0,0.0,-3.966468502449018,0.006233318757122605,0.0020777729190408684,-0.8712,0.8316,0.99,-0.2,0.0,0.0,-0.05759586531581287,0.0,0.0,-3.3722254476033293,0.010388864595204342,0.0,square,0,0.2,0.5,4,8,9.09991455078125,0.0
1779527855.1053948,-0.05759586531581287,0.0,0.0,-3.3722254476033293,0.010388864595204342,0.0,-2.5740000000000003,1.9008,-0.27720000000000006,-0.2,0.0,0.0,-0.08552113334772216,0.0,0.0,-2.8631710824383165,-0.0020777729190408684,-0.010388864595204342,square,0,0.2,0.5,4,8,9.109999179840088,0.0
1779527855.1155791,-0.08552113334772216,0.0,0.0,-2.8631710824383165,-0.0020777729190408684,-0.010388864595204342,-3.9204,0.7127999999999999,0.0792,-0.2,0.0,0.0,-0.10821041362364843,0.0,0.0,-2.366583354787549,-0.006233318757122605,-0.006233318757122605,square,0,0.2,0.5,4,8,9.119921207427979,0.0
1779527855.1253903,-0.10821041362364843,0.0,0.0,-2.366583354787549,-0.006233318757122605,-0.006233318757122605,-4.7124,0.3168,-0.396,-0.2,0.0,0.0,-0.12566370614359174,0.0,0.0,-1.9053177667604764,-0.02493327502849042,0.0,square,0,0.2,0.5,4,8,9.13010549545288,0.0
1779527855.1354108,-0.12566370614359174,0.0,0.0,-1.9053177667604764,-0.02493327502849042,0.0,-2.0592,0.1584,0.3168,-0.2,0.0,0.0,-0.14137166941154067,0.0,0.0,-1.5209297767379157,-0.029088820866572156,0.0,square,0,0.2,0.5,4,8,9.13991665840149,0.0
1779527855.1454055,-0.14137166941154067,0.0,0.0,-1.5209297767379157,-0.029088820866572156,0.0,-0.2376,0.198,-0.2376,-0.2,0.0,0.0,-0.1518436449235067,0.0,0.0,-1.2175749305579489,-0.006233318757122605,0.0,square,0,0.2,0.5,4,8,9.149937152862549,0.0
1779527855.1563303,-0.1518436449235067,0.0,0.0,-1.2175749305579489,-0.006233318757122605,0.0,0.5940000000000001,0.6336,-0.1584,-0.2,0.0,0.0,-0.16231562043547265,0.0,0.0,-1.009797638653862,0.006233318757122605,0.0,square,0,0.2,0.5,4,8,9.159931898117065,0.0
1779527855.1654592,-0.16231562043547265,0.0,0.0,-1.009797638653862,0.006233318757122605,0.0,0.27720000000000006,1.1088000000000002,0.27720000000000006,-0.2,0.0,0.0,-0.16929693744344998,0.0,0.0,-0.83734248637347,0.014544410433286078,0.0,square,0,0.2,0.5,4,8,9.170856714248657,0.0
1779527855.175551,-0.16929693744344998,0.0,0.0,-0.83734248637347,0.014544410433286078,0.0,0.0792,1.2276,-0.1584,-0.2,0.0,0.0,-0.1762782544514273,0.0,0.0,-0.6898206091215683,0.029088820866572156,0.0,square,0,0.2,0.5,4,8,9.179985523223877,0.0
1779527855.1855307,-0.1762782544514273,0.0,0.0,-0.6898206091215683,0.029088820866572156,0.0,0.0,1.8612000000000002,-0.198,-0.2,0.0,0.0,-0.18151424220741028,0.0,0.0,-0.552687596464871,0.018699956271367814,0.0,square,0,0.2,0.5,4,8,9.190077304840088,0.0
1779527855.1955884,-0.18151424220741028,0.0,0.0,-0.552687596464871,0.018699956271367814,0.0,-0.0396,1.8612000000000002,-0.2376,-0.2,0.0,0.0,-0.18500490071139894,0.0,0.0,-0.43217676716050063,0.008311091676163474,0.0,square,0,0.2,0.5,4,8,9.200057029724121,0.0
1779527855.205534,-0.18500490071139894,0.0,0.0,-0.43217676716050063,0.008311091676163474,0.0,0.2376,1.5444,-0.0792,-0.2,0.0,0.0,-0.18849555921538758,0.0,0.0,-0.3345214399655798,0.0020777729190408684,-0.0020777729190408684,square,0,0.2,0.5,4,8,9.21011471748352,0.0
1779527855.215459,-0.18849555921538758,0.0,0.0,-0.3345214399655798,0.0020777729190408684,-0.0020777729190408684,0.4752,1.5444,-0.198,-0.2,0.0,0.0,-0.19198621771937624,0.0,0.0,-0.2950437545038033,0.0,0.0,square,0,0.2,0.5,4,8,9.220060348510742,0.0
1779527855.2254286,-0.19198621771937624,0.0,0.0,-0.2950437545038033,0.0,0.0,-0.396,1.3464,-0.35639999999999994,-0.2,0.0,0.0,-0.1937315469713706,0.0,0.0,-0.23271056693257725,-0.004155545838081737,0.0,square,0,0.2,0.5,4,8,9.229985475540161,0.0
1779527855.2354488,-0.1937315469713706,0.0,0.0,-0.23271056693257725,-0.004155545838081737,0.0,-0.6336,1.1483999999999999,-0.0792,-0.2,0.0,0.0,-0.1954768762233649,0.0,0.0,-0.17868847103751467,-0.008311091676163474,0.0,square,0,0.2,0.5,4,8,9.239954948425293,0.0
1779527855.2455578,-0.1954768762233649,0.0,0.0,-0.17868847103751467,-0.008311091676163474,0.0,-0.7127999999999999,1.0692,-0.35639999999999994,-0.2,0.0,0.0,-0.1954768762233649,0.0,0.0,-0.12882192098053383,-0.008311091676163474,0.0,square,0,0.2,0.5,4,8,9.249975204467773,0.0
1779527855.2556646,-0.1954768762233649,0.0,0.0,-0.12882192098053383,-0.008311091676163474,0.0,-0.396,0.8316,-0.27720000000000006,-0.2,0.0,0.0,-0.19722220547535924,0.0,0.0,-0.08726646259971647,-0.006233318757122605,0.0,square,0,0.2,0.5,4,8,9.26008415222168,0.0
1779527855.2654178,-0.19722220547535924,0.0,0.0,-0.08726646259971647,-0.006233318757122605,0.0,-0.1188,0.9107999999999999,-0.27720000000000006,-0.2,0.0,0.0,-0.19722220547535924,0.0,0.0,-0.05194432297602171,-0.004155545838081737,0.0,square,0,0.2,0.5,4,8,9.270190954208374,0.0
1779527855.2754915,-0.19722220547535924,0.0,0.0,-0.05194432297602171,-0.004155545838081737,0.0,0.5544000000000001,0.9504,-0.3168,-0.2,0.0,0.0,-0.19722220547535924,0.0,0.0,-0.04986655005698084,0.0020777729190408684,0.0,square,0,0.2,0.5,4,8,9.27994418144226,0.0
1779527855.285408,-0.19722220547535924,0.0,0.0,-0.04986655005698084,0.0020777729190408684,0.0,0.0792,1.0296,-0.3168,-0.2,0.0,0.0,-0.1989675347273536,0.0,0.0,-0.035322139623694765,0.006233318757122605,0.0,square,0,0.2,0.5,4,8,9.29001784324646,0.0
1779527855.2954996,-0.1989675347273536,0.0,0.0,-0.035322139623694765,0.006233318757122605,0.0,0.1584,1.2276,-0.3168,-0.2,0.0,0.0,-0.1989675347273536,0.0,0.0,-0.02493327502849042,0.008311091676163474,0.0,square,0,0.2,0.5,4,8,9.299934387207031,0.0
1779527855.3054483,-0.1989675347273536,0.0,0.0,-0.02493327502849042,0.008311091676163474,0.0,0.198,1.5048000000000001,0.0792,-0.2,0.0,0.0,-0.1989675347273536,0.0,0.0,-0.016622183352326948,0.006233318757122605,0.0,square,0,0.2,0.5,4,8,9.310025930404663,0.0
1779527855.3154716,-0.1989675347273536,0.0,0.0,-0.016622183352326948,0.006233318757122605,0.0,0.2376,1.7028,-0.0396,-0.2,0.0,0.0,-0.1989675347273536,0.0,0.0,-0.006233318757122605,0.004155545838081737,0.0,square,0,0.2,0.5,4,8,9.319974660873413,0.0
1779527855.3255033,-0.1989675347273536,0.0,0.0,-0.006233318757122605,0.004155545838081737,0.0,0.396,1.3860000000000001,-0.1188,-0.2,0.0,0.0,-0.1989675347273536,0.0,0.0,-0.004155545838081737,0.0,-0.0020777729190408684,square,0,0.2,0.5,4,8,9.329998016357422,0.0
1779527855.335504,-0.1989675347273536,0.0,0.0,-0.004155545838081737,0.0,-0.0020777729190408684,0.5544000000000001,1.4255999999999998,0.2376,-0.2,0.0,0.0,-0.1989675347273536,0.0,0.0,-0.008311091676163474,-0.004155545838081737,0.0,square,0,0.2,0.5,4,8,9.3400297164917,0.0
1779527855.3455296,-0.1989675347273536,0.0,0.0,-0.008311091676163474,-0.004155545838081737,0.0,0.3168,1.4652,-0.1584,-0.2,0.0,0.0,-0.1989675347273536,0.0,0.0,-0.01246663751424521,-0.006233318757122605,0.0,square,0,0.2,0.5,4,8,9.350030422210693,0.0
1779527855.355467,-0.1989675347273536,0.0,0.0,-0.01246663751424521,-0.006233318757122605,0.0,-0.0792,1.2276,-0.198,-0.2,0.0,0.0,-0.1989675347273536,0.0,0.0,-0.006233318757122605,-0.008311091676163474,0.0,square,0,0.2,0.5,4,8,9.360055923461914,0.0
1779527855.3654578,-0.1989675347273536,0.0,0.0,-0.006233318757122605,-0.008311091676163474,0.0,-0.0792,0.99,-0.1188,-0.2,0.0,0.0,-0.1989675347273536,0.0,0.0,-0.004155545838081737,-0.006233318757122605,0.0,square,0,0.2,0.5,4,8,9.369993448257446,0.0
1779527855.37544,-0.1989675347273536,0.0,0.0,-0.004155545838081737,-0.006233318757122605,0.0,-0.1188,1.1088000000000002,-0.1188,-0.2,0.0,0.0,-0.1989675347273536,0.0,0.0,-0.0020777729190408684,0.0,0.0,square,0,0.2,0.5,4,8,9.379984140396118,0.0
1779527855.38545,-0.1989675347273536,0.0,0.0,-0.0020777729190408684,0.0,0.0,0.0,1.2672,-0.2376,-0.2,0.0,0.0,-0.1989675347273536,0.0,0.0,-0.006233318757122605,0.0,0.0020777729190408684,square,0,0.2,0.5,4,8,9.389966249465942,0.0
1779527855.3954859,-0.1989675347273536,0.0,0.0,-0.006233318757122605,0.0,0.0020777729190408684,-0.0792,1.3068,-0.0792,-0.2,0.0,0.0,-0.1989675347273536,0.0,0.0,-0.0020777729190408684,0.0020777729190408684,0.0,square,0,0.2,0.5,4,8,9.399976253509521,0.0
1779527855.4054866,-0.1989675347273536,0.0,0.0,-0.0020777729190408684,0.0020777729190408684,0.0,-0.1188,1.3860000000000001,-0.3168,-0.2,0.0,0.0,-0.1989675347273536,0.0,0.0,0.0,0.0,0.0,square,0,0.2,0.5,4,8,9.410012245178223,0.0
1779527855.4155498,-0.1989675347273536,0.0,0.0,0.0,0.0,0.0,0.0,1.4255999999999998,-0.1188,-0.2,0.0,0.0,-0.1989675347273536,0.0,0.0,0.0020777729190408684,0.0020777729190408684,0.0,square,0,0.2,0.5,4,8,9.420012950897217,0.0
1779527855.4254684,-0.1989675347273536,0.0,0.0,0.0020777729190408684,0.0020777729190408684,0.0,0.0,1.4255999999999998,-0.198,-0.2,0.0,0.0,-0.1989675347273536,0.0,0.0,0.0020777729190408684,0.0,0.0,square,0,0.2,0.5,4,8,9.430076122283936,0.0
1779527855.4354784,-0.1989675347273536,0.0,0.0,0.0020777729190408684,0.0,0.0,0.0396,1.2672,-0.1584,-0.2,0.0,0.0,-0.1989675347273536,0.0,0.0,0.0,0.0,0.0,square,0,0.2,0.5,4,8,9.439994812011719,0.0
1779527855.4454706,-0.1989675347273536,0.0,0.0,0.0,0.0,0.0,0.0396,1.3860000000000001,-0.1584,-0.2,0.0,0.0,-0.1989675347273536,0.0,0.0,0.0020777729190408684,0.0,0.0,square,0,0.2,0.5,4,8,9.450004816055298,0.0
1779527855.455452,-0.1989675347273536,0.0,0.0,0.0020777729190408684,0.0,0.0,-0.0396,1.2672,-0.198,-0.2,0.0,0.0,-0.1989675347273536,0.0,0.0,0.0020777729190408684,0.0,0.0020777729190408684,square,0,0.2,0.5,4,8,9.459996938705444,0.0
1779527855.4662552,-0.1989675347273536,0.0,0.0,0.0020777729190408684,0.0,0.0020777729190408684,-0.1188,1.3860000000000001,0.35639999999999994,-0.2,0.0,0.0,-0.1989675347273536,0.0,0.0,0.0020777729190408684,0.0,0.0,square,0,0.2,0.5,4,8,9.469978332519531,0.0
1779527855.4762838,-0.1989675347273536,0.0,0.0,0.0020777729190408684,0.0,0.0,-0.1188,1.3860000000000001,-0.3168,-0.2,0.0,0.0,-0.1989675347273536,0.0,0.0,0.0,0.0,0.0,square,0,0.2,0.5,4,8,9.480781555175781,0.0
1779527855.4858801,-0.1989675347273536,0.0,0.0,0.0,0.0,0.0,-0.0396,1.2276,-0.198,-0.2,0.0,0.0,-0.1989675347273536,0.0,0.0,0.0,-0.0020777729190408684,0.0,square,0,0.2,0.5,4,8,9.49081015586853,0.0
1779527855.4954402,-0.1989675347273536,0.0,0.0,0.0,-0.0020777729190408684,0.0,0.0,1.2276,-0.198,-0.2,0.0,0.0,-0.1989675347273536,0.0,0.0,-0.0020777729190408684,0.0,0.0,square,0,0.2,0.5,4,8,9.500406503677368,0.0
1779527855.5054626,-0.1989675347273536,0.0,0.0,-0.0020777729190408684,0.0,0.0,-0.0792,1.2276,-0.198,-0.2,0.0,0.0,-0.1989675347273536,0.0,0.0,0.0,0.0,0.0,square,0,0.2,0.5,4,8,9.509966611862183,0.0
1779527855.5164917,-0.1989675347273536,0.0,0.0,0.0,0.0,0.0,-0.1188,1.4255999999999998,-0.2376,-0.2,0.0,0.0,-0.1989675347273536,0.0,0.0,0.0,0.0,0.0,square,0,0.2,0.5,4,8,9.519989013671875,0.0
1779527855.5254128,-0.1989675347273536,0.0,0.0,0.0,0.0,0.0,0.198,1.5048000000000001,-0.35639999999999994,-0.2,0.0,0.0,-0.1989675347273536,0.0,0.0,-0.0020777729190408684,0.0,-0.0020777729190408684,square,0,0.2,0.5,4,8,9.531018018722534,0.0
1779527855.5355515,-0.1989675347273536,0.0,0.0,-0.0020777729190408684,0.0,-0.0020777729190408684,0.1584,1.3464,-0.27720000000000006,-0.2,0.0,0.0,-0.1989675347273536,0.0,0.0,0.0,0.0,0.0,square,0,0.2,0.5,4,8,9.539939165115356,0.0
1779527855.5454707,-0.1989675347273536,0.0,0.0,0.0,0.0,0.0,0.1584,1.3068,-0.0792,-0.2,0.0,0.0,-0.1989675347273536,0.0,0.0,0.0,0.0,0.0,square,0,0.2,0.5,4,8,9.55007791519165,0.0
1779527855.555407,-0.1989675347273536,0.0,0.0,0.0,0.0,0.0,0.1188,1.4652,-0.2376,-0.2,0.0,0.0,-0.1989675347273536,0.0,0.0,0.0020777729190408684,0.0,0.0,square,0,0.2,0.5,4,8,9.559997081756592,0.0
1779527855.5654159,-0.1989675347273536,0.0,0.0,0.0020777729190408684,0.0,0.0,-0.0396,1.4255999999999998,-0.27720000000000006,-0.2,0.0,0.0,-0.1989675347273536,0.0,0.0,0.0020777729190408684,0.0,0.0,square,0,0.2,0.5,4,8,9.569933414459229,0.0
1779527855.575478,-0.1989675347273536,0.0,0.0,0.0020777729190408684,0.0,0.0,0.0,1.4255999999999998,-0.0792,-0.2,0.0,0.0,-0.1989675347273536,0.0,0.0,0.004155545838081737,-0.0020777729190408684,0.0,square,0,0.2,0.5,4,8,9.579942226409912,0.0
1779527855.5854473,-0.1989675347273536,0.0,0.0,0.004155545838081737,-0.0020777729190408684,0.0,0.0,1.3068,-0.0396,-0.2,0.0,0.0,-0.1989675347273536,0.0,0.0,0.0020777729190408684,0.0,0.0,square,0,0.2,0.5,4,8,9.590004444122314,0.0
1779527855.595479,-0.1989675347273536,0.0,0.0,0.0020777729190408684,0.0,0.0,0.0,1.2276,0.0792,-0.2,0.0,0.0,-0.1989675347273536,0.0,0.0,0.0,0.0,0.0,square,0,0.2,0.5,4,8,9.599973678588867,0.0
1779527855.6054246,-0.1989675347273536,0.0,0.0,0.0,0.0,0.0,-0.0792,1.3068,-0.198,-0.2,0.0,0.0,-0.1989675347273536,0.0,0.0,-0.0020777729190408684,0.0,0.0,square,0,0.2,0.5,4,8,9.610005378723145,0.0
1779527855.615413,-0.1989675347273536,0.0,0.0,-0.0020777729190408684,0.0,0.0,-0.1188,1.3464,-0.27720000000000006,-0.2,0.0,0.0,-0.1989675347273536,0.0,0.0,0.0,0.0,0.0,square,0,0.2,0.5,4,8,9.619951009750366,0.0
1779527855.6254106,-0.1989675347273536,0.0,0.0,0.0,0.0,0.0,0.1584,1.4652,-0.0396,-0.2,0.0,0.0,-0.1989675347273536,0.0,0.0,0.0,0.0,0.0,square,0,0.2,0.5,4,8,9.629939317703247,0.0
1779527855.6354268,-0.1989675347273536,0.0,0.0,0.0,0.0,0.0,0.198,1.4255999999999998,-0.1584,-0.2,0.0,0.0,-0.1989675347273536,0.0,0.0,0.0,0.0,0.0,square,0,0.2,0.5,4,8,9.639936923980713,0.0
1779527855.645479,-0.1989675347273536,0.0,0.0,0.0,0.0,0.0,0.1584,1.3860000000000001,-0.1188,-0.2,0.0,0.0,-0.1989675347273536,0.0,0.0,0.0,0.0,0.0020777729190408684,square,0,0.2,0.5,4,8,9.649953126907349,0.0
1779527855.6554108,-0.1989675347273536,0.0,0.0,0.0,0.0,0.0020777729190408684,0.1584,1.3860000000000001,-0.1584,-0.2,0.0,0.0,-0.1989675347273536,0.0,0.0,0.0,0.0,0.0,square,0,0.2,0.5,4,8,9.660005331039429,0.0
1779527855.6654146,-0.1989675347273536,0.0,0.0,0.0,0.0,0.0,0.1188,1.3068,-0.198,-0.2,0.0,0.0,-0.1989675347273536,0.0,0.0,0.0,0.0,0.0,square,0,0.2,0.5,4,8,9.669937133789062,0.0
1779527855.6754355,-0.1989675347273536,0.0,0.0,0.0,0.0,0.0,-0.0792,1.3860000000000001,-0.1584,-0.2,0.0,0.0,-0.1989675347273536,0.0,0.0,0.0,0.0,0.0,square,0,0.2,0.5,4,8,9.679940938949585,0.0
1779527855.6854558,-0.1989675347273536,0.0,0.0,0.0,0.0,0.0,-0.0792,1.3860000000000001,-0.198,-0.2,0.0,0.0,-0.1989675347273536,0.0,0.0,0.0,-0.0020777729190408684,0.0020777729190408684,square,0,0.2,0.5,4,8,9.689961910247803,0.0
1779527855.6954136,-0.1989675347273536,0.0,0.0,0.0,-0.0020777729190408684,0.0020777729190408684,-0.0792,1.3860000000000001,-0.27720000000000006,-0.2,0.0,0.0,-0.1989675347273536,0.0,0.0,0.0,-0.0020777729190408684,0.0020777729190408684,square,0,0.2,0.5,4,8,9.699982166290283,0.0
1779527855.7054083,-0.1989675347273536,0.0,0.0,0.0,-0.0020777729190408684,0.0020777729190408684,-0.1584,1.2672,-0.1584,-0.2,0.0,0.0,-0.1989675347273536,0.0,0.0,0.0,-0.0020777729190408684,0.0020777729190408684,square,0,0.2,0.5,4,8,9.709939956665039,0.0
1779527855.7154498,-0.1989675347273536,0.0,0.0,0.0,-0.0020777729190408684,0.0020777729190408684,-0.1584,1.2672,-0.1584,-0.2,0.0,0.0,-0.1989675347273536,0.0,0.0,0.0,0.0,0.0,square,0,0.2,0.5,4,8,9.719934701919556,0.0
1779527855.7254167,-0.1989675347273536,0.0,0.0,0.0,0.0,0.0,0.198,1.5048000000000001,0.0,-0.2,0.0,0.0,-0.1989675347273536,0.0,0.0,0.0,0.0,0.0,square,0,0.2,0.5,4,8,9.729976177215576,0.0
1779527855.7354107,-0.1989675347273536,0.0,0.0,0.0,0.0,0.0,0.198,1.5048000000000001,0.0,-0.2,0.0,0.0,-0.1989675347273536,0.0,0.0,0.0,0.0,0.0,square,0,0.2,0.5,4,8,9.739943027496338,0.0
1779527855.7454112,-0.1989675347273536,0.0,0.0,0.0,0.0,0.0,0.198,1.5048000000000001,0.0,-0.2,0.0,0.0,-0.1989675347273536,0.0,0.0,0.0,0.0,0.0,square,0,0.2,0.5,4,8,9.749937057495117,0.0
1779527855.7554133,-0.1989675347273536,0.0,0.0,0.0,0.0,0.0,0.1584,1.3860000000000001,0.1188,-0.2,0.0,0.0,-0.1989675347273536,0.0,0.0,0.0,0.0,0.0020777729190408684,square,0,0.2,0.5,4,8,9.759937524795532,0.0
1779527855.7654016,-0.1989675347273536,0.0,0.0,0.0,0.0,0.0020777729190408684,0.1188,1.4255999999999998,-0.0792,-0.2,0.0,0.0,-0.1989675347273536,0.0,0.0,0.0020777729190408684,0.0,0.0,square,0,0.2,0.5,4,8,9.769939661026001,0.0
1779527855.775436,-0.1989675347273536,0.0,0.0,0.0020777729190408684,0.0,0.0,-0.0792,1.4652,-0.1188,-0.2,0.0,0.0,-0.1989675347273536,0.0,0.0,0.0,-0.0020777729190408684,0.0,square,0,0.2,0.5,4,8,9.779927968978882,0.0
1779527855.7854137,-0.1989675347273536,0.0,0.0,0.0,-0.0020777729190408684,0.0,-0.1188,1.1880000000000002,-0.0396,-0.2,0.0,0.0,-0.1989675347273536,0.0,0.0,0.0,0.0,0.0,square,0,0.2,0.5,4,8,9.78996229171753,0.0
1779527855.7954223,-0.1989675347273536,0.0,0.0,0.0,0.0,0.0,0.1188,1.2276,-0.27720000000000006,-0.2,0.0,0.0,-0.1989675347273536,0.0,0.0,-0.0020777729190408684,0.0,-0.0020777729190408684,square,0,0.2,0.5,4,8,9.79994010925293,0.0
1779527855.8054585,-0.1989675347273536,0.0,0.0,-0.0020777729190408684,0.0,-0.0020777729190408684,-0.1584,1.3860000000000001,0.1584,-0.2,0.0,0.0,-0.1989675347273536,0.0,0.0,-0.0020777729190408684,0.0,0.0,square,0,0.2,0.5,4,8,9.809948682785034,0.0
1779527855.815413,-0.1989675347273536,0.0,0.0,-0.0020777729190408684,0.0,0.0,0.198,1.2672,-0.0792,-0.2,0.0,0.0,-0.1989675347273536,0.0,0.0,0.0,0.0,0.0,square,0,0.2,0.5,4,8,9.819984912872314,0.0
1779527855.825411,-0.1989675347273536,0.0,0.0,0.0,0.0,0.0,0.2376,1.4255999999999998,-0.198,-0.2,0.0,0.0,-0.1989675347273536,0.0,0.0,0.0,0.0,0.0020777729190408684,square,0,0.2,0.5,4,8,9.829939365386963,0.0
1779527855.8354177,-0.1989675347273536,0.0,0.0,0.0,0.0,0.0020777729190408684,0.27720000000000006,1.4652,-0.0792,-0.2,0.0,0.0,-0.1989675347273536,0.0,0.0,0.0,0.0,0.0,square,0,0.2,0.5,4,8,9.839937448501587,0.0
1779527855.8454845,-0.1989675347273536,0.0,0.0,0.0,0.0,0.0,0.1584,1.3464,-0.2376,-0.2,0.0,0.0,-0.1989675347273536,0.0,0.0,0.0,0.0,0.0,square,0,0.2,0.5,4,8,9.849944114685059,0.0
1779527855.855421,-0.1989675347273536,0.0,0.0,0.0,0.0,0.0,-0.1188,1.3860000000000001,-0.1584,-0.2,0.0,0.0,-0.1989675347273536,0.0,0.0,0.0,0.0,0.0,square,0,0.2,0.5,4,8,9.860010862350464,0.0
1779527855.865501,-0.1989675347273536,0.0,0.0,0.0,0.0,0.0,-0.0792,1.3464,-0.1584,-0.2,0.0,0.0,-0.1989675347273536,0.0,0.0,0.0,0.0,0.0,square,0,0.2,0.5,4,8,9.86994743347168,0.0
1779527855.8757696,-0.1989675347273536,0.0,0.0,0.0,0.0,0.0,-0.0396,1.3464,0.0792,-0.2,0.0,0.0,-0.1989675347273536,0.0,0.0,0.0,0.0,0.0,square,0,0.2,0.5,4,8,9.880027294158936,0.0
1779527855.8855026,-0.1989675347273536,0.0,0.0,0.0,0.0,0.0,-0.0396,1.3464,0.0792,-0.2,0.0,0.0,-0.1989675347273536,0.0,0.0,0.0,0.0,0.0,square,0,0.2,0.5,4,8,9.89029598236084,0.0
1779527855.8963199,-0.1989675347273536,0.0,0.0,0.0,0.0,0.0,-0.0396,1.3068,-0.198,-0.2,0.0,0.0,-0.1989675347273536,0.0,0.0,0.0,0.0,0.0,square,0,0.2,0.5,4,8,9.900028944015503,0.0
1779527855.9067502,-0.1989675347273536,0.0,0.0,0.0,0.0,0.0,-0.1188,1.5048000000000001,-0.0792,-0.2,0.0,0.0,-0.1989675347273536,0.0,0.0,-0.004155545838081737,0.0,0.0,square,0,0.2,0.5,4,8,9.91084623336792,0.0
1779527855.9158847,-0.1989675347273536,0.0,0.0,-0.004155545838081737,0.0,0.0,0.2376,1.3068,-0.1188,-0.2,0.0,0.0,-0.1989675347273536,0.0,0.0,-0.0020777729190408684,0.0,0.0,square,0,0.2,0.5,4,8,9.921276569366455,0.0
1779527855.9255786,-0.1989675347273536,0.0,0.0,-0.0020777729190408684,0.0,0.0,0.2376,1.3464,-0.198,-0.2,0.0,0.0,-0.1989675347273536,0.0,0.0,-0.004155545838081737,0.0,0.0,square,0,0.2,0.5,4,8,9.930411100387573,0.0
1779527855.9354298,-0.1989675347273536,0.0,0.0,-0.004155545838081737,0.0,0.0,0.2376,1.4255999999999998,0.0396,-0.2,0.0,0.0,-0.1989675347273536,0.0,0.0,0.0,0.0,0.0,square,0,0.2,0.5,4,8,9.940104961395264,0.0
1779527855.9455705,-0.1989675347273536,0.0,0.0,0.0,0.0,0.0,0.2376,1.5048000000000001,0.0396,-0.2,0.0,0.0,-0.1989675347273536,0.0,0.0,0.0,0.0,0.0,square,0,0.2,0.5,4,8,9.949956178665161,0.0
1779527855.955471,-0.1989675347273536,0.0,0.0,0.0,0.0,0.0,0.1188,1.3860000000000001,-0.0396,-0.2,0.0,0.0,-0.1989675347273536,0.0,0.0,0.0,0.0,0.0,square,0,0.2,0.5,4,8,9.960096836090088,0.0
1779527855.965489,-0.1989675347273536,0.0,0.0,0.0,0.0,0.0,0.1584,1.3464,0.0,-0.2,0.0,0.0,-0.1989675347273536,0.0,0.0,0.0,-0.0020777729190408684,0.0,square,0,0.2,0.5,4,8,9.96999740600586,0.0
1779527855.975472,-0.1989675347273536,0.0,0.0,0.0,-0.0020777729190408684,0.0,0.0792,1.3464,-0.1188,-0.2,0.0,0.0,-0.1989675347273536,0.0,0.0,0.0020777729190408684,-0.0020777729190408684,0.0,square,0,0.2,0.5,4,8,9.980015277862549,0.0
1779527855.9854507,-0.1989675347273536,0.0,0.0,0.0020777729190408684,-0.0020777729190408684,0.0,-0.1188,1.4255999999999998,-0.1188,-0.2,0.0,0.0,-0.1989675347273536,0.0,0.0,0.0,0.0,0.0,square,0,0.2,0.5,4,8,9.98999834060669,0.0
1779527855.9954255,-0.1989675347273536,0.0,0.0,0.0,0.0,0.0,-0.0396,1.5048000000000001,-0.0792,-0.2,0.0,0.0,-0.1989675347273536,0.0,0.0,0.0,0.0,0.0,square,0,0.2,0.5,4,8,9.999977111816406,0.0
1779527856.0054464,-0.1989675347273536,0.0,0.0,0.0,0.0,0.0,-0.0396,1.4255999999999998,-0.0792,0.2,0.0,0.0,-0.1989675347273536,0.0,0.0,0.0,0.0,0.0,square,0,0.2,0.5,4,8,10.009951829910278,0.0
1779527856.017266,-0.1989675347273536,0.0,0.0,0.0,0.0,0.0,-0.1188,1.4652,-0.0792,0.2,0.0,0.0,-0.19722220547535924,0.0,0.0,0.1973884273088825,0.0,0.0,square,0,0.2,0.5,4,8,10.019972801208496,0.0
1779527856.0255294,-0.19722220547535924,0.0,0.0,0.1973884273088825,0.0,0.0,13.107600000000001,1.5048000000000001,-0.1188,0.2,0.0,0.0,-0.19722220547535924,0.0,0.0,0.1973884273088825,0.0,0.0,square,0,0.2,0.5,4,8,10.031792402267456,0.0
1779527856.0371854,-0.19722220547535924,0.0,0.0,0.1973884273088825,0.0,0.0,13.107600000000001,1.5048000000000001,-0.1188,0.2,0.0,0.0,-0.14137166941154067,0.0,0.0,3.18314811197061,0.004155545838081737,0.0020777729190408684,square,0,0.2,0.5,4,8,10.040055751800537,0.0
1779527856.0455081,-0.14137166941154067,0.0,0.0,3.18314811197061,0.004155545838081737,0.0020777729190408684,6.93,2.4948,-6.1776,0.2,0.0,0.0,-0.10122909661567113,0.0,0.0,3.8147910793590345,0.0020777729190408684,0.0,square,0,0.2,0.5,4,8,10.051711797714233,0.0
1779527856.0554903,-0.10122909661567113,0.0,0.0,3.8147910793590345,0.0020777729190408684,0.0,4.752000000000001,2.0592,2.4552,0.2,0.0,0.0,-0.05585053606381855,0.0,0.0,4.373711994581028,-0.008311091676163474,0.0,square,0,0.2,0.5,4,8,10.06003451347351,0.0
1779527856.0654705,-0.05585053606381855,0.0,0.0,4.373711994581028,-0.008311091676163474,0.0,0.5148,1.4652,2.2967999999999997,0.2,0.0,0.0,-0.010471975511965978,0.0,0.0,4.481756186371153,-0.016622183352326948,0.0,square,0,0.2,0.5,4,8,10.070016622543335,0.0
1779527856.076183,-0.010471975511965978,0.0,0.0,4.481756186371153,-0.016622183352326948,0.0,0.27720000000000006,1.0296,-0.4752,0.2,0.0,0.0,0.02617993877991494,0.0,0.0,3.931146362825323,-0.031166593785613025,0.004155545838081737,square,0,0.2,0.5,4,8,10.079996824264526,0.0
1779527856.0854392,0.02617993877991494,0.0,0.0,3.931146362825323,-0.031166593785613025,0.004155545838081737,-1.1483999999999999,0.0,-0.7127999999999999,0.2,0.0,0.0,0.05759586531581287,0.0,0.0,3.311970032951144,-0.02701104794753129,0.008311091676163474,square,0,0.2,0.5,4,8,10.090709447860718,0.0
1779527856.0955315,0.05759586531581287,0.0,0.0,3.311970032951144,-0.02701104794753129,0.008311091676163474,-2.4552,-0.198,0.5544000000000001,0.2,0.0,0.0,0.08552113334772216,0.0,0.0,2.844471126166949,0.0,0.0,square,0,0.2,0.5,4,8,10.099965572357178,0.0
1779527856.1056073,0.08552113334772216,0.0,0.0,2.844471126166949,0.0,0.0,-4.0392,-0.5148,1.1088000000000002,0.2,0.0,0.0,0.10821041362364843,0.0,0.0,2.352038944354263,0.029088820866572156,-0.006233318757122605,square,0,0.2,0.5,4,8,10.110057830810547,0.0
1779527856.115478,0.10821041362364843,0.0,0.0,2.352038944354263,0.029088820866572156,-0.006233318757122605,-4.831199999999999,1.2276,-1.782,0.2,0.0,0.0,0.12566370614359174,0.0,0.0,1.9073955396795172,0.035322139623694765,-0.004155545838081737,square,0,0.2,0.5,4,8,10.120133638381958,0.0
1779527856.125552,0.12566370614359174,0.0,0.0,1.9073955396795172,0.035322139623694765,-0.004155545838081737,-2.1780000000000004,1.782,-2.0988,0.2,0.0,0.0,0.14137166941154067,0.0,0.0,1.5333964142521608,0.018699956271367814,-0.0020777729190408684,square,0,0.2,0.5,4,8,10.130004405975342,0.0
1779527856.1355202,0.14137166941154067,0.0,0.0,1.5333964142521608,0.018699956271367814,-0.0020777729190408684,-0.4752,1.6236000000000002,1.2276,0.2,0.0,0.0,0.1518436449235067,0.0,0.0,1.2279637951531532,0.006233318757122605,-0.004155545838081737,square,0,0.2,0.5,4,8,10.14007830619812,0.0
1779527856.1455414,0.1518436449235067,0.0,0.0,1.2279637951531532,0.006233318757122605,-0.004155545838081737,0.198,1.584,-0.198,0.2,0.0,0.0,0.16231562043547265,0.0,0.0,1.0014865469776986,0.0020777729190408684,-0.0020777729190408684,square,0,0.2,0.5,4,8,10.150046586990356,0.0
1779527856.1554253,0.16231562043547265,0.0,0.0,1.0014865469776986,0.0020777729190408684,-0.0020777729190408684,0.3168,1.4255999999999998,0.0792,0.2,0.0,0.0,0.16929693744344998,0.0,0.0,0.83734248637347,-0.008311091676163474,0.0020777729190408684,square,0,0.2,0.5,4,8,10.160067796707153,0.0
1779527856.1654353,0.16929693744344998,0.0,0.0,0.83734248637347,-0.008311091676163474,0.0020777729190408684,0.0,1.0296,-0.1584,0.2,0.0,0.0,0.1762782544514273,0.0,0.0,0.6815095174454048,-0.006233318757122605,-0.0020777729190408684,square,0,0.2,0.5,4,8,10.169951677322388,0.0
1779527856.17544,0.1762782544514273,0.0,0.0,0.6815095174454048,-0.006233318757122605,-0.0020777729190408684,-0.27720000000000006,1.1483999999999999,-0.198,0.2,0.0,0.0,0.18151424220741028,0.0,0.0,0.552687596464871,-0.01246663751424521,0.0,square,0,0.2,0.5,4,8,10.179961681365967,0.0
1779527856.1854103,0.18151424220741028,0.0,0.0,0.552687596464871,-0.01246663751424521,0.0,-0.2376,0.9504,-0.27720000000000006,0.2,0.0,0.0,0.18500490071139894,0.0,0.0,0.4404878588366641,-0.008311091676163474,0.0,square,0,0.2,0.5,4,8,10.189966440200806,0.0
1779527856.195475,0.18500490071139894,0.0,0.0,0.4404878588366641,-0.008311091676163474,0.0,-0.35639999999999994,0.8712,-0.1188,0.2,0.0,0.0,0.18849555921538758,0.0,0.0,0.33036589412749806,-0.01246663751424521,0.0,square,0,0.2,0.5,4,8,10.199936628341675,0.0
1779527856.205466,0.18849555921538758,0.0,0.0,0.33036589412749806,-0.01246663751424521,0.0,0.3168,0.6336,-0.396,0.2,0.0,0.0,0.19198621771937624,0.0,0.0,0.2888104357466807,-0.006233318757122605,0.0,square,0,0.2,0.5,4,8,10.210001468658447,0.0
1779527856.215463,0.19198621771937624,0.0,0.0,0.2888104357466807,-0.006233318757122605,0.0,-0.5544000000000001,0.7524000000000001,-0.35639999999999994,0.2,0.0,0.0,0.1937315469713706,0.0,0.0,0.2181661564992912,0.0020777729190408684,0.0,square,0,0.2,0.5,4,8,10.219992399215698,0.0
1779527856.2254467,0.1937315469713706,0.0,0.0,0.2181661564992912,0.0020777729190408684,0.0,-0.4356,0.99,0.3168,0.2,0.0,0.0,0.1937315469713706,0.0,0.0,0.2181661564992912,0.0020777729190408684,0.0,square,0,0.2,0.5,4,8,10.229989290237427,0.0
1779527856.2354329,0.1937315469713706,0.0,0.0,0.2181661564992912,0.0020777729190408684,0.0,-0.4356,0.99,0.3168,0.2,0.0,0.0,0.1954768762233649,0.0,0.0,0.12051082930437036,0.018699956271367814,0.0,square,0,0.2,0.5,4,8,10.239973068237305,0.0
1779527856.2454937,0.1954768762233649,0.0,0.0,0.12051082930437036,0.018699956271367814,0.0,-0.1188,1.6632,-0.198,0.2,0.0,0.0,0.19722220547535924,0.0,0.0,0.078955370923553,0.010388864595204342,-0.0020777729190408684,square,0,0.2,0.5,4,8,10.249959230422974,0.0
1779527856.255422,0.19722220547535924,0.0,0.0,0.078955370923553,0.010388864595204342,-0.0020777729190408684,0.27720000000000006,1.6632,-0.1584,0.2,0.0,0.0,0.19722220547535924,0.0,0.0,0.06025541465218518,0.004155545838081737,0.0,square,0,0.2,0.5,4,8,10.260020017623901,0.0
1779527856.2654374,0.19722220547535924,0.0,0.0,0.06025541465218518,0.004155545838081737,0.0,0.27720000000000006,1.3068,-0.198,0.2,0.0,0.0,0.19722220547535924,0.0,0.0,0.05609986881410345,0.0,-0.0020777729190408684,square,0,0.2,0.5,4,8,10.269948482513428,0.0
1779527856.2756062,0.19722220547535924,0.0,0.0,0.05609986881410345,0.0,-0.0020777729190408684,-0.1188,1.3860000000000001,-0.1584,0.2,0.0,0.0,0.19722220547535924,0.0,0.0,0.05609986881410345,0.0,-0.0020777729190408684,square,0,0.2,0.5,4,8,10.279963731765747,0.0
1779527856.285532,0.19722220547535924,0.0,0.0,0.05609986881410345,0.0,-0.0020777729190408684,-0.1188,1.3860000000000001,-0.1584,0.2,0.0,0.0,0.1989675347273536,0.0,0.0,0.04155545838081737,-0.0020777729190408684,0.0,square,0,0.2,0.5,4,8,10.290132522583008,0.0
1779527856.2955828,0.1989675347273536,0.0,0.0,0.04155545838081737,-0.0020777729190408684,0.0,0.1584,1.2276,-0.2376,0.2,0.0,0.0,0.1989675347273536,0.0,0.0,0.04155545838081737,-0.0020777729190408684,0.0,square,0,0.2,0.5,4,8,10.300058364868164,0.0
1779527856.3054104,0.1989675347273536,0.0,0.0,0.04155545838081737,-0.0020777729190408684,0.0,0.1584,1.2276,-0.2376,0.2,0.0,0.0,0.1989675347273536,0.0,0.0,0.01246663751424521,-0.006233318757122605,0.0020777729190408684,square,0,0.2,0.5,4,8,10.31010913848877,0.0
1779527856.3155227,0.1989675347273536,0.0,0.0,0.01246663751424521,-0.006233318757122605,0.0020777729190408684,-0.0396,0.9107999999999999,-0.198,0.2,0.0,0.0,0.1989675347273536,0.0,0.0,0.01246663751424521,-0.006233318757122605,0.0020777729190408684,square,0,0.2,0.5,4,8,10.319936752319336,0.0
1779527856.3255587,0.1989675347273536,0.0,0.0,0.01246663751424521,-0.006233318757122605,0.0020777729190408684,-0.0396,0.9107999999999999,-0.198,0.2,0.0,0.0,0.1989675347273536,0.0,0.0,0.01246663751424521,-0.006233318757122605,0.0020777729190408684,square,0,0.2,0.5,4,8,10.33004903793335,0.0
1779527856.3354256,0.1989675347273536,0.0,0.0,0.01246663751424521,-0.006233318757122605,0.0020777729190408684,-0.0396,0.9107999999999999,-0.198,0.2,0.0,0.0,0.1989675347273536,0.0,0.0,0.006233318757122605,0.0,0.0,square,0,0.2,0.5,4,8,10.34008502960205,0.0
1779527856.345425,0.1989675347273536,0.0,0.0,0.006233318757122605,0.0,0.0,0.2376,1.1483999999999999,-0.3168,0.2,0.0,0.0,0.1989675347273536,0.0,0.0,0.0,0.006233318757122605,0.0,square,0,0.2,0.5,4,8,10.349951982498169,0.0
1779527856.3553905,0.1989675347273536,0.0,0.0,0.0,0.006233318757122605,0.0,0.3168,1.4255999999999998,-0.198,0.2,0.0,0.0,0.1989675347273536,0.0,0.0,0.0,0.0020777729190408684,0.0,square,0,0.2,0.5,4,8,10.359951257705688,0.0
1779527856.3654187,0.1989675347273536,0.0,0.0,0.0,0.0020777729190408684,0.0,0.198,1.3464,-0.1584,0.2,0.0,0.0,0.1989675347273536,0.0,0.0,0.006233318757122605,0.0020777729190408684,-0.0020777729190408684,square,0,0.2,0.5,4,8,10.369916915893555,0.0
1779527856.3755019,0.1989675347273536,0.0,0.0,0.006233318757122605,0.0020777729190408684,-0.0020777729190408684,0.0,1.3068,0.0,0.2,0.0,0.0,0.1989675347273536,0.0,0.0,0.008311091676163474,0.0,0.0,square,0,0.2,0.5,4,8,10.379945039749146,0.0
1779527856.3854342,0.1989675347273536,0.0,0.0,0.008311091676163474,0.0,0.0,-0.1188,1.2672,-0.3168,0.2,0.0,0.0,0.1989675347273536,0.0,0.0,0.008311091676163474,0.0,0.0,square,0,0.2,0.5,4,8,10.390028238296509,0.0
1779527856.3954551,0.1989675347273536,0.0,0.0,0.008311091676163474,0.0,0.0,0.3168,1.4255999999999998,-0.198,0.2,0.0,0.0,0.1989675347273536,0.0,0.0,0.006233318757122605,0.0,0.0,square,0,0.2,0.5,4,8,10.3999605178833,0.0
1779527856.4055634,0.1989675347273536,0.0,0.0,0.006233318757122605,0.0,0.0,0.35639999999999994,1.1483999999999999,-0.1584,0.2,0.0,0.0,0.1989675347273536,0.0,0.0,0.0,0.0,0.0,square,0,0.2,0.5,4,8,10.409981489181519,0.0
1779527856.4155293,0.1989675347273536,0.0,0.0,0.0,0.0,0.0,0.198,1.4255999999999998,-0.1584,0.2,0.0,0.0,0.1989675347273536,0.0,0.0,-0.0020777729190408684,0.0,0.0,square,0,0.2,0.5,4,8,10.420089721679688,0.0
1779527856.4254317,0.1989675347273536,0.0,0.0,-0.0020777729190408684,0.0,0.0,-0.1188,1.1880000000000002,-0.0792,0.2,0.0,0.0,0.1989675347273536,0.0,0.0,-0.004155545838081737,0.0,0.0,square,0,0.2,0.5,4,8,10.430055618286133,0.0
1779527856.4355109,0.1989675347273536,0.0,0.0,-0.004155545838081737,0.0,0.0,-0.0792,1.3464,-0.1188,0.2,0.0,0.0,0.1989675347273536,0.0,0.0,-0.0020777729190408684,-0.004155545838081737,0.0,square,0,0.2,0.5,4,8,10.439958095550537,0.0
1779527856.445413,0.1989675347273536,0.0,0.0,-0.0020777729190408684,-0.004155545838081737,0.0,-0.1188,1.2672,-0.1584,0.2,0.0,0.0,0.1989675347273536,0.0,0.0,-0.004155545838081737,-0.0020777729190408684,0.0,square,0,0.2,0.5,4,8,10.450037240982056,0.0
1779527856.4554129,0.1989675347273536,0.0,0.0,-0.004155545838081737,-0.0020777729190408684,0.0,0.0,1.2276,-0.1188,0.2,0.0,0.0,0.1989675347273536,0.0,0.0,-0.004155545838081737,0.0,0.0,square,0,0.2,0.5,4,8,10.45993947982788,0.0
1779527856.4654202,0.1989675347273536,0.0,0.0,-0.004155545838081737,0.0,0.0,-0.1188,1.3860000000000001,-0.1188,0.2,0.0,0.0,0.1989675347273536,0.0,0.0,0.0,0.0,0.0,square,0,0.2,0.5,4,8,10.469939231872559,0.0
1779527856.4754343,0.1989675347273536,0.0,0.0,0.0,0.0,0.0,-0.1584,1.4652,-0.0792,0.2,0.0,0.0,0.1989675347273536,0.0,0.0,0.0,0.0,0.0,square,0,0.2,0.5,4,8,10.479946613311768,0.0
1779527856.4854755,0.1989675347273536,0.0,0.0,0.0,0.0,0.0,0.1188,1.4255999999999998,-0.0792,0.2,0.0,0.0,0.1989675347273536,0.0,0.0,0.0020777729190408684,0.0,0.0,square,0,0.2,0.5,4,8,10.489960670471191,0.0
1779527856.4954133,0.1989675347273536,0.0,0.0,0.0020777729190408684,0.0,0.0,0.2376,1.4255999999999998,-0.0792,0.2,0.0,0.0,0.1989675347273536,0.0,0.0,0.0,0.0,0.0,square,0,0.2,0.5,4,8,10.500001907348633,0.0
1779527856.505428,0.1989675347273536,0.0,0.0,0.0,0.0,0.0,0.2376,1.3464,-0.1188,0.2,0.0,0.0,0.1989675347273536,0.0,0.0,0.0020777729190408684,-0.0020777729190408684,0.0,square,0,0.2,0.5,4,8,10.509939670562744,0.0
1779527856.5154572,0.1989675347273536,0.0,0.0,0.0020777729190408684,-0.0020777729190408684,0.0,0.396,1.3464,-0.1584,0.2,0.0,0.0,0.1989675347273536,0.0,0.0,0.0,0.0,0.0,square,0,0.2,0.5,4,8,10.519954442977905,0.0
1779527856.5254161,0.1989675347273536,0.0,0.0,0.0,0.0,0.0,0.35639999999999994,1.3464,-0.1584,0.2,0.0,0.0,0.1989675347273536,0.0,0.0,0.0,0.0,0.0,square,0,0.2,0.5,4,8,10.529983520507812,0.0
1779527856.5355427,0.1989675347273536,0.0,0.0,0.0,0.0,0.0,0.3168,1.3464,-0.198,0.2,0.0,0.0,0.1989675347273536,0.0,0.0,-0.004155545838081737,0.0,0.0,square,0,0.2,0.5,4,8,10.539942502975464,0.0
1779527856.5454333,0.1989675347273536,0.0,0.0,-0.004155545838081737,0.0,0.0,0.2376,1.4652,-0.1584,0.2,0.0,0.0,0.1989675347273536,0.0,0.0,-0.0020777729190408684,0.0,0.0,square,0,0.2,0.5,4,8,10.550069093704224,0.0
1779527856.5554202,0.1989675347273536,0.0,0.0,-0.0020777729190408684,0.0,0.0,0.1584,1.3068,-0.1188,0.2,0.0,0.0,0.1989675347273536,0.0,0.0,-0.006233318757122605,0.0,0.0,square,0,0.2,0.5,4,8,10.559959650039673,0.0
1779527856.5654316,0.1989675347273536,0.0,0.0,-0.006233318757122605,0.0,0.0,-0.1584,1.4652,-0.0792,0.2,0.0,0.0,0.1989675347273536,0.0,0.0,0.0,0.0,0.0,square,0,0.2,0.5,4,8,10.569946527481079,0.0
1779527856.5754356,0.1989675347273536,0.0,0.0,0.0,0.0,0.0,0.198,1.4255999999999998,-0.0792,0.2,0.0,0.0,0.1989675347273536,0.0,0.0,0.0,0.0,0.0,square,0,0.2,0.5,4,8,10.579957962036133,0.0
1779527856.5863008,0.1989675347273536,0.0,0.0,0.0,0.0,0.0,0.27720000000000006,1.4255999999999998,-0.0792,0.2,0.0,0.0,0.1989675347273536,0.0,0.0,0.0,0.0,0.0,square,0,0.2,0.5,4,8,10.589962005615234,0.0
1779527856.5954332,0.1989675347273536,0.0,0.0,0.0,0.0,0.0,0.27720000000000006,1.5048000000000001,0.0,0.2,0.0,0.0,0.1989675347273536,0.0,0.0,0.0020777729190408684,0.0,0.0,square,0,0.2,0.5,4,8,10.60082721710205,0.0
1779527856.6054103,0.1989675347273536,0.0,0.0,0.0020777729190408684,0.0,0.0,0.27720000000000006,1.3464,-0.198,0.2,0.0,0.0,0.1989675347273536,0.0,0.0,0.0,0.0,0.0,square,0,0.2,0.5,4,8,10.609959602355957,0.0
1779527856.6154144,0.1989675347273536,0.0,0.0,0.0,0.0,0.0,0.35639999999999994,1.4255999999999998,0.0396,0.2,0.0,0.0,0.1989675347273536,0.0,0.0,0.0,0.0,0.0,square,0,0.2,0.5,4,8,10.61993670463562,0.0
1779527856.6254148,0.1989675347273536,0.0,0.0,0.0,0.0,0.0,0.3168,1.2672,-0.0792,0.2,0.0,0.0,0.1989675347273536,0.0,0.0,0.0,0.0,0.0020777729190408684,square,0,0.2,0.5,4,8,10.629940748214722,0.0
1779527856.6354086,0.1989675347273536,0.0,0.0,0.0,0.0,0.0020777729190408684,0.35639999999999994,1.4652,-0.198,0.2,0.0,0.0,0.1989675347273536,0.0,0.0,-0.0020777729190408684,0.0,0.0,square,0,0.2,0.5,4,8,10.639941215515137,0.0
1779527856.6458285,0.1989675347273536,0.0,0.0,-0.0020777729190408684,0.0,0.0,0.27720000000000006,1.2672,-0.0792,0.2,0.0,0.0,0.1989675347273536,0.0,0.0,-0.004155545838081737,0.0020777729190408684,0.0,square,0,0.2,0.5,4,8,10.649935007095337,0.0
1779527856.6554418,0.1989675347273536,0.0,0.0,-0.004155545838081737,0.0020777729190408684,0.0,0.27720000000000006,1.5048000000000001,-0.198,0.2,0.0,0.0,0.1989675347273536,0.0,0.0,-0.004155545838081737,0.0,0.0,square,0,0.2,0.5,4,8,10.660354852676392,0.0
1779527856.665742,0.1989675347273536,0.0,0.0,-0.004155545838081737,0.0,0.0,0.1584,1.4652,-0.1188,0.2,0.0,0.0,0.1989675347273536,0.0,0.0,-0.004155545838081737,0.0,0.0,square,0,0.2,0.5,4,8,10.669968128204346,0.0
1779527856.6754067,0.1989675347273536,0.0,0.0,-0.004155545838081737,0.0,0.0,0.198,1.4255999999999998,0.1584,0.2,0.0,0.0,0.1989675347273536,0.0,0.0,0.0,0.0,0.0,square,0,0.2,0.5,4,8,10.680268287658691,0.0
1779527856.6854887,0.1989675347273536,0.0,0.0,0.0,0.0,0.0,0.198,1.3464,-0.198,0.2,0.0,0.0,0.1989675347273536,0.0,0.0,0.0020777729190408684,0.0,0.0,square,0,0.2,0.5,4,8,10.689933061599731,0.0
1779527856.6968675,0.1989675347273536,0.0,0.0,0.0020777729190408684,0.0,0.0,0.2376,1.3464,-0.1188,0.2,0.0,0.0,0.1989675347273536,0.0,0.0,0.0020777729190408684,0.0,0.0,square,0,0.2,0.5,4,8,10.7000150680542,0.0
1779527856.7065687,0.1989675347273536,0.0,0.0,0.0020777729190408684,0.0,0.0,0.396,1.4255999999999998,-0.1188,0.2,0.0,0.0,0.1989675347273536,0.0,0.0,0.0020777729190408684,-0.0020777729190408684,0.0020777729190408684,square,0,0.2,0.5,4,8,10.7113938331604,0.0
1779527856.715463,0.1989675347273536,0.0,0.0,0.0020777729190408684,-0.0020777729190408684,0.0020777729190408684,0.396,1.2672,-0.1188,0.2,0.0,0.0,0.1989675347273536,0.0,0.0,0.0,0.0,0.0,square,0,0.2,0.5,4,8,10.721095085144043,0.0
1779527856.7254322,0.1989675347273536,0.0,0.0,0.0,0.0,0.0,0.35639999999999994,1.3068,-0.0792,0.2,0.0,0.0,0.1989675347273536,0.0,0.0,-0.0020777729190408684,-0.0020777729190408684,0.0,square,0,0.2,0.5,4,8,10.729989290237427,0.0
1779527856.735466,0.1989675347273536,0.0,0.0,-0.0020777729190408684,-0.0020777729190408684,0.0,0.27720000000000006,1.3464,-0.2376,0.2,0.0,0.0,0.1989675347273536,0.0,0.0,0.0,0.0,0.0,square,0,0.2,0.5,4,8,10.73995852470398,0.0
1779527856.745428,0.1989675347273536,0.0,0.0,0.0,0.0,0.0,0.3168,1.3464,-0.27720000000000006,0.2,0.0,0.0,0.1989675347273536,0.0,0.0,0.0,0.0,0.0,square,0,0.2,0.5,4,8,10.749992370605469,0.0
1779527856.7554018,0.1989675347273536,0.0,0.0,0.0,0.0,0.0,0.2376,1.3464,-0.0792,0.2,0.0,0.0,0.1989675347273536,0.0,0.0,0.0,0.0020777729190408684,0.0,square,0,0.2,0.5,4,8,10.759954452514648,0.0
1779527856.7654061,0.1989675347273536,0.0,0.0,0.0,0.0020777729190408684,0.0,0.1584,1.4652,-0.1188,0.2,0.0,0.0,0.1989675347273536,0.0,0.0,0.0,0.0,0.0,square,0,0.2,0.5,4,8,10.769928216934204,0.0
1779527856.7754638,0.1989675347273536,0.0,0.0,0.0,0.0,0.0,0.2376,1.4652,-0.1584,0.2,0.0,0.0,0.1989675347273536,0.0,0.0,0.0,0.0,0.0,square,0,0.2,0.5,4,8,10.779932498931885,0.0
1779527856.7857506,0.1989675347273536,0.0,0.0,0.0,0.0,0.0,0.27720000000000006,1.4652,-0.2376,0.2,0.0,0.0,0.1989675347273536,0.0,0.0,0.0,-0.0020777729190408684,0.0020777729190408684,square,0,0.2,0.5,4,8,10.789990186691284,0.0
1779527856.7975738,0.1989675347273536,0.0,0.0,0.0,-0.0020777729190408684,0.0020777729190408684,0.3168,1.4652,-0.198,0.2,0.0,0.0,0.1989675347273536,0.0,0.0,0.0,-0.0020777729190408684,0.0020777729190408684,square,0,0.2,0.5,4,8,10.8002769947052,0.0
1779527856.8059697,0.1989675347273536,0.0,0.0,0.0,-0.0020777729190408684,0.0020777729190408684,0.3168,1.4652,-0.198,0.2,0.0,0.0,0.1989675347273536,0.0,0.0,0.0020777729190408684,0.0,0.0,square,0,0.2,0.5,4,8,10.812100172042847,0.0
1779527856.815447,0.1989675347273536,0.0,0.0,0.0020777729190408684,0.0,0.0,0.35639999999999994,1.3068,-0.198,0.2,0.0,0.0,0.1989675347273536,0.0,0.0,0.0,0.0,0.0,square,0,0.2,0.5,4,8,10.820496082305908,0.0
1779527856.8254938,0.1989675347273536,0.0,0.0,0.0,0.0,0.0,0.3168,1.3068,-0.35639999999999994,0.2,0.0,0.0,0.1989675347273536,0.0,0.0,-0.0020777729190408684,0.0,0.0,square,0,0.2,0.5,4,8,10.829973459243774,0.0
1779527856.8354397,0.1989675347273536,0.0,0.0,-0.0020777729190408684,0.0,0.0,0.2376,1.4255999999999998,-0.198,0.2,0.0,0.0,0.1989675347273536,0.0,0.0,-0.0020777729190408684,0.0,0.0,square,0,0.2,0.5,4,8,10.840020179748535,0.0
1779527856.8454401,0.1989675347273536,0.0,0.0,-0.0020777729190408684,0.0,0.0,0.2376,1.5048000000000001,-0.1188,0.2,0.0,0.0,0.1989675347273536,0.0,0.0,-0.004155545838081737,0.0,0.0,square,0,0.2,0.5,4,8,10.849966049194336,0.0
1779527856.857125,0.1989675347273536,0.0,0.0,-0.004155545838081737,0.0,0.0,0.1584,1.4255999999999998,-0.35639999999999994,0.2,0.0,0.0,0.1989675347273536,0.0,0.0,-0.004155545838081737,0.0,0.0,square,0,0.2,0.5,4,8,10.859966516494751,0.0
1779527856.8654401,0.1989675347273536,0.0,0.0,-0.004155545838081737,0.0,0.0,0.1584,1.4255999999999998,-0.35639999999999994,0.2,0.0,0.0,0.1989675347273536,0.0,0.0,0.0,0.0,0.0,square,0,0.2,0.5,4,8,10.871651411056519,0.0
1779527856.875436,0.1989675347273536,0.0,0.0,0.0,0.0,0.0,0.198,1.5048000000000001,-0.1584,0.2,0.0,0.0,0.1989675347273536,0.0,0.0,0.0,0.0,0.0,square,0,0.2,0.5,4,8,10.879966497421265,0.0
1779527856.8854113,0.1989675347273536,0.0,0.0,0.0,0.0,0.0,0.27720000000000006,1.3860000000000001,-0.3168,0.2,0.0,0.0,0.1989675347273536,0.0,0.0,0.0,0.0,0.0,square,0,0.2,0.5,4,8,10.889962434768677,0.0
1779527856.8969014,0.1989675347273536,0.0,0.0,0.0,0.0,0.0,0.3168,1.3860000000000001,-0.2376,0.2,0.0,0.0,0.1989675347273536,0.0,0.0,0.0020777729190408684,0.0,0.0,square,0,0.2,0.5,4,8,10.899937629699707,0.0
1779527856.905456,0.1989675347273536,0.0,0.0,0.0020777729190408684,0.0,0.0,0.396,1.3464,-0.2376,0.2,0.0,0.0,0.1989675347273536,0.0,0.0,0.0020777729190408684,-0.0020777729190408684,0.0,square,0,0.2,0.5,4,8,10.911427736282349,0.0
1779527856.9154315,0.1989675347273536,0.0,0.0,0.0020777729190408684,-0.0020777729190408684,0.0,0.35639999999999994,1.4255999999999998,-0.1584,0.2,0.0,0.0,0.1989675347273536,0.0,0.0,0.0,0.0,0.0020777729190408684,square,0,0.2,0.5,4,8,10.919982433319092,0.0
1779527856.9254937,0.1989675347273536,0.0,0.0,0.0,0.0,0.0020777729190408684,0.35639999999999994,1.3860000000000001,-0.2376,0.2,0.0,0.0,0.1989675347273536,0.0,0.0,0.0,0.0,0.0,square,0,0.2,0.5,4,8,10.929957866668701,0.0
1779527856.9353967,0.1989675347273536,0.0,0.0,0.0,0.0,0.0,0.198,1.3860000000000001,-0.3168,0.2,0.0,0.0,0.1989675347273536,0.0,0.0,0.0,0.0,0.0,square,0,0.2,0.5,4,8,10.940020084381104,0.0
1779527856.9454014,0.1989675347273536,0.0,0.0,0.0,0.0,0.0,0.2376,1.5444,-0.1584,0.2,0.0,0.0,0.1989675347273536,0.0,0.0,0.0,0.0,0.0,square,0,0.2,0.5,4,8,10.949923038482666,0.0
1779527856.955412,0.1989675347273536,0.0,0.0,0.0,0.0,0.0,0.2376,1.3068,-0.198,0.2,0.0,0.0,0.1989675347273536,0.0,0.0,0.0,0.0,0.0,square,0,0.2,0.5,4,8,10.959927797317505,0.0
1779527856.9653943,0.1989675347273536,0.0,0.0,0.0,0.0,0.0,0.2376,1.3068,-0.198,0.2,0.0,0.0,0.1989675347273536,0.0,0.0,0.0,0.0,0.0,square,0,0.2,0.5,4,8,10.969938278198242,0.0
1779527856.9753895,0.1989675347273536,0.0,0.0,0.0,0.0,0.0,0.1584,1.5444,-0.27720000000000006,0.2,0.0,0.0,0.1989675347273536,0.0,0.0,-0.0020777729190408684,0.0,0.0,square,0,0.2,0.5,4,8,10.979920625686646,0.0
1779527856.985389,0.1989675347273536,0.0,0.0,-0.0020777729190408684,0.0,0.0,0.1584,1.5048000000000001,-0.1188,0.2,0.0,0.0,0.1989675347273536,0.0,0.0,0.0,0.0,0.0,square,0,0.2,0.5,4,8,10.98991584777832,0.0
1779527856.9954238,0.1989675347273536,0.0,0.0,0.0,0.0,0.0,0.27720000000000006,1.4652,-0.27720000000000006,0.2,0.0,0.0,0.1989675347273536,0.0,0.0,0.0,0.0,0.0,square,0,0.2,0.5,4,8,10.999915361404419,0.0
1779527857.0053823,0.1989675347273536,0.0,0.0,0.0,0.0,0.0,0.2376,1.3464,-0.27720000000000006,-0.2,0.0,0.0,0.1989675347273536,0.0,0.0,0.0020777729190408684,0.0,0.0,square,0,0.2,0.5,4,8,11.009950160980225,0.0
1779527857.0154157,0.1989675347273536,0.0,0.0,0.0020777729190408684,0.0,0.0,0.2376,1.4255999999999998,-0.1584,-0.2,0.0,0.0,0.19722220547535924,0.0,0.0,-0.19946620022792336,0.0,0.0,square,0,0.2,0.5,4,8,11.019908666610718,0.0
1779527857.0254576,0.19722220547535924,0.0,0.0,-0.19946620022792336,0.0,0.0,13.1868,1.4255999999999998,-0.3168,-0.2,0.0,0.0,0.1762782544514273,0.0,0.0,-1.7619514353466563,-0.0020777729190408684,-0.0020777729190408684,square,0,0.2,0.5,4,8,11.029942035675049,0.0
1779527857.0353887,0.1762782544514273,0.0,0.0,-1.7619514353466563,-0.0020777729190408684,-0.0020777729190408684,4.4748,2.0196,-0.6732,-0.2,0.0,0.0,0.14137166941154067,0.0,0.0,-3.156137064023079,-0.006233318757122605,0.0020777729190408684,square,0,0.2,0.5,4,8,11.039983987808228,0.0
1779527857.045413,0.14137166941154067,0.0,0.0,-3.156137064023079,-0.006233318757122605,0.0020777729190408684,6.4152000000000005,2.0196,-5.4252,-0.2,0.0,0.0,0.10122909661567113,0.0,0.0,-3.8189466251971163,0.0,-0.004155545838081737,square,0,0.2,0.5,4,8,11.049915075302124,0.0
1779527857.0553794,0.10122909661567113,0.0,0.0,-3.8189466251971163,0.0,-0.004155545838081737,6.217200000000001,1.7424,2.0592,-0.2,0.0,0.0,0.05585053606381855,0.0,0.0,-4.338389854957333,0.0020777729190408684,0.0020777729190408684,square,0,0.2,0.5,4,8,11.05993938446045,0.0
1779527857.0654643,0.05585053606381855,0.0,0.0,-4.338389854957333,0.0020777729190408684,0.0020777729190408684,1.5444,1.8612000000000002,-2.4948,-0.2,0.0,0.0,0.012217304763960306,0.0,0.0,-4.4173452258808865,0.0020777729190408684,0.0020777729190408684,square,0,0.2,0.5,4,8,11.069905757904053,0.0
1779527857.0754528,0.012217304763960306,0.0,0.0,-4.4173452258808865,0.0020777729190408684,0.0020777729190408684,-0.1584,1.8612000000000002,0.99,-0.2,0.0,0.0,-0.02617993877991494,0.0,0.0,-3.9560796378538132,0.006233318757122605,0.0020777729190408684,square,0,0.2,0.5,4,8,11.07999062538147,0.0
1779527857.0854034,-0.02617993877991494,0.0,0.0,-3.9560796378538132,0.006233318757122605,0.0020777729190408684,-0.7127999999999999,0.7524000000000001,-1.7028,-0.2,0.0,0.0,-0.05759586531581287,0.0,0.0,-3.365992128846207,0.008311091676163474,0.0,square,0,0.2,0.5,4,8,11.08997917175293,0.0
1779527857.097044,-0.05759586531581287,0.0,0.0,-3.365992128846207,0.008311091676163474,0.0,-2.6928,1.8215999999999999,-0.5148,-0.2,0.0,0.0,-0.08552113334772216,0.0,0.0,-2.854859990762153,-0.0020777729190408684,-0.006233318757122605,square,0,0.2,0.5,4,8,11.099929809570312,0.0
1779527857.1068583,-0.08552113334772216,0.0,0.0,-2.854859990762153,-0.0020777729190408684,-0.006233318757122605,-3.9204,0.8712,0.5544000000000001,-0.2,0.0,0.0,-0.08552113334772216,0.0,0.0,-2.854859990762153,-0.0020777729190408684,-0.006233318757122605,square,0,0.2,0.5,4,8,11.111570358276367,0.0
1779527857.1154594,-0.08552113334772216,0.0,0.0,-2.854859990762153,-0.0020777729190408684,-0.006233318757122605,-3.9204,0.8712,0.5544000000000001,-0.2,0.0,0.0,-0.12566370614359174,0.0,0.0,-1.9032399938414355,-0.02701104794753129,0.0,square,0,0.2,0.5,4,8,11.121384620666504,0.0
1779527857.1255064,-0.12566370614359174,0.0,0.0,-1.9032399938414355,-0.02701104794753129,0.0,-2.0196,0.3168,1.8612000000000002,-0.2,0.0,0.0,-0.14137166941154067,0.0,0.0,-1.5209297767379157,-0.029088820866572156,0.0,square,0,0.2,0.5,4,8,11.129985809326172,0.0
1779527857.1354203,-0.14137166941154067,0.0,0.0,-1.5209297767379157,-0.029088820866572156,0.0,-0.2376,0.198,-0.9504,-0.2,0.0,0.0,-0.1518436449235067,0.0,0.0,-1.2258860222341124,-0.006233318757122605,0.0,square,0,0.2,0.5,4,8,11.140032768249512,0.0
1779527857.1454458,-0.1518436449235067,0.0,0.0,-1.2258860222341124,-0.006233318757122605,0.0,0.6336,0.5940000000000001,-0.4752,-0.2,0.0,0.0,-0.16231562043547265,0.0,0.0,-1.011875411572903,0.008311091676163474,0.0,square,0,0.2,0.5,4,8,11.149946689605713,0.0
1779527857.1573164,-0.16231562043547265,0.0,0.0,-1.011875411572903,0.008311091676163474,0.0,0.198,0.9504,-0.1584,-0.2,0.0,0.0,-0.16231562043547265,0.0,0.0,-1.011875411572903,0.008311091676163474,0.0,square,0,0.2,0.5,4,8,11.159972190856934,0.0
1779527857.1669111,-0.16231562043547265,0.0,0.0,-1.011875411572903,0.008311091676163474,0.0,0.198,0.9504,-0.1584,-0.2,0.0,0.0,-0.1762782544514273,0.0,0.0,-0.6856650632834865,0.029088820866572156,0.0,square,0,0.2,0.5,4,8,11.171842813491821,0.0
1779527857.1754544,-0.1762782544514273,0.0,0.0,-0.6856650632834865,0.029088820866572156,0.0,0.1188,1.9008,-0.3168,-0.2,0.0,0.0,-0.18151424220741028,0.0,0.0,-0.5464542777077483,0.020777729190408684,0.0,square,0,0.2,0.5,4,8,11.181437492370605,0.0
1779527857.185418,-0.18151424220741028,0.0,0.0,-0.5464542777077483,0.020777729190408684,0.0,-0.1188,1.8215999999999999,-0.27720000000000006,-0.2,0.0,0.0,-0.18151424220741028,0.0,0.0,-0.5464542777077483,0.020777729190408684,0.0,square,0,0.2,0.5,4,8,11.189980745315552,0.0
1779527857.1954923,-0.18151424220741028,0.0,0.0,-0.5464542777077483,0.020777729190408684,0.0,-0.1188,1.8215999999999999,-0.27720000000000006,-0.2,0.0,0.0,-0.18849555921538758,0.0,0.0,-0.33244366704653894,0.006233318757122605,0.0,square,0,0.2,0.5,4,8,11.199944257736206,0.0
1779527857.206451,-0.18849555921538758,0.0,0.0,-0.33244366704653894,0.006233318757122605,0.0,0.5940000000000001,1.5444,-0.2376,-0.2,0.0,0.0,-0.19198621771937624,0.0,0.0,-0.29296598158476245,0.0,0.0,square,0,0.2,0.5,4,8,11.210018634796143,0.0
1779527857.2154264,-0.19198621771937624,0.0,0.0,-0.29296598158476245,0.0,0.0,-0.396,1.2672,-0.1188,-0.2,0.0,0.0,-0.1937315469713706,0.0,0.0,-0.2306327940135364,-0.0020777729190408684,-0.0020777729190408684,square,0,0.2,0.5,4,8,11.220977306365967,0.0
1779527857.225441,-0.1937315469713706,0.0,0.0,-0.2306327940135364,-0.0020777729190408684,-0.0020777729190408684,-0.5544000000000001,1.3068,-0.1188,-0.2,0.0,0.0,-0.1954768762233649,0.0,0.0,-0.17245515228039207,-0.008311091676163474,0.0,square,0,0.2,0.5,4,8,11.229952812194824,0.0
1779527857.2363257,-0.1954768762233649,0.0,0.0,-0.17245515228039207,-0.008311091676163474,0.0,-0.6732,1.0296,-0.198,-0.2,0.0,0.0,-0.1954768762233649,0.0,0.0,-0.13297746681861558,-0.010388864595204342,0.0020777729190408684,square,0,0.2,0.5,4,8,11.239967346191406,0.0
1779527857.2455535,-0.1954768762233649,0.0,0.0,-0.13297746681861558,-0.010388864595204342,0.0020777729190408684,-0.5940000000000001,0.99,-0.35639999999999994,-0.2,0.0,0.0,-0.19722220547535924,0.0,0.0,-0.08934423551875734,-0.006233318757122605,0.0,square,0,0.2,0.5,4,8,11.250852108001709,0.0
1779527857.2554543,-0.19722220547535924,0.0,0.0,-0.08934423551875734,-0.006233318757122605,0.0,-0.35639999999999994,0.9504,-0.27720000000000006,-0.2,0.0,0.0,-0.19722220547535924,0.0,0.0,-0.04986655005698084,-0.004155545838081737,0.0,square,0,0.2,0.5,4,8,11.260079860687256,0.0
1779527857.265484,-0.19722220547535924,0.0,0.0,-0.04986655005698084,-0.004155545838081737,0.0,0.4752,0.9504,-0.198,-0.2,0.0,0.0,-0.1989675347273536,0.0,0.0,-0.05402209589506258,-0.0020777729190408684,0.0,square,0,0.2,0.5,4,8,11.269980669021606,0.0
1779527857.2754767,-0.1989675347273536,0.0,0.0,-0.05402209589506258,-0.0020777729190408684,0.0,-0.1584,0.9504,-0.1188,-0.2,0.0,0.0,-0.1989675347273536,0.0,0.0,-0.033244366704653895,0.006233318757122605,0.0020777729190408684,square,0,0.2,0.5,4,8,11.280010461807251,0.0
1779527857.2854068,-0.1989675347273536,0.0,0.0,-0.033244366704653895,0.006233318757122605,0.0020777729190408684,0.1584,1.2276,-0.27720000000000006,-0.2,0.0,0.0,-0.1989675347273536,0.0,0.0,-0.02493327502849042,0.01246663751424521,0.0,square,0,0.2,0.5,4,8,11.290003061294556,0.0
1779527857.2954733,-0.1989675347273536,0.0,0.0,-0.02493327502849042,0.01246663751424521,0.0,0.198,1.3860000000000001,-0.2376,-0.2,0.0,0.0,-0.1989675347273536,0.0,0.0,-0.016622183352326948,0.010388864595204342,0.0,square,0,0.2,0.5,4,8,11.299933195114136,0.0
1779527857.3054461,-0.1989675347273536,0.0,0.0,-0.016622183352326948,0.010388864595204342,0.0,0.2376,1.584,-0.2376,-0.2,0.0,0.0,-0.1989675347273536,0.0,0.0,-0.014544410433286078,0.006233318757122605,0.0,square,0,0.2,0.5,4,8,11.309999704360962,0.0
1779527857.3154914,-0.1989675347273536,0.0,0.0,-0.014544410433286078,0.006233318757122605,0.0,-0.198,1.6236000000000002,-0.35639999999999994,-0.2,0.0,0.0,-0.1989675347273536,0.0,0.0,-0.004155545838081737,0.0020777729190408684,0.0,square,0,0.2,0.5,4,8,11.319972515106201,0.0
1779527857.325438,-0.1989675347273536,0.0,0.0,-0.004155545838081737,0.0020777729190408684,0.0,0.396,1.4255999999999998,-0.2376,-0.2,0.0,0.0,-0.1989675347273536,0.0,0.0,-0.004155545838081737,-0.0020777729190408684,0.0,square,0,0.2,0.5,4,8,11.330017805099487,0.0
1779527857.3362072,-0.1989675347273536,0.0,0.0,-0.004155545838081737,-0.0020777729190408684,0.0,0.27720000000000006,1.4255999999999998,-0.2376,-0.2,0.0,0.0,-0.1989675347273536,0.0,0.0,-0.004155545838081737,-0.006233318757122605,0.0,square,0,0.2,0.5,4,8,11.339964389801025,0.0
1779527857.34544,-0.1989675347273536,0.0,0.0,-0.004155545838081737,-0.006233318757122605,0.0,0.2376,1.1880000000000002,-0.198,-0.2,0.0,0.0,-0.1989675347273536,0.0,0.0,-0.006233318757122605,-0.008311091676163474,0.0,square,0,0.2,0.5,4,8,11.350733518600464,0.0
1779527857.3554187,-0.1989675347273536,0.0,0.0,-0.006233318757122605,-0.008311091676163474,0.0,-0.1188,1.0296,-0.2376,-0.2,0.0,0.0,-0.1989675347273536,0.0,0.0,-0.004155545838081737,-0.0020777729190408684,0.0,square,0,0.2,0.5,4,8,11.359966278076172,0.0
1779527857.365414,-0.1989675347273536,0.0,0.0,-0.004155545838081737,-0.0020777729190408684,0.0,-0.1188,1.1483999999999999,-0.35639999999999994,-0.2,0.0,0.0,-0.1989675347273536,0.0,0.0,-0.004155545838081737,0.0,0.0,square,0,0.2,0.5,4,8,11.369945049285889,0.0
1779527857.375422,-0.1989675347273536,0.0,0.0,-0.004155545838081737,0.0,0.0,-0.0792,1.1483999999999999,-0.2376,-0.2,0.0,0.0,-0.1989675347273536,0.0,0.0,-0.006233318757122605,0.0,0.0,square,0,0.2,0.5,4,8,11.379940271377563,0.0
1779527857.385423,-0.1989675347273536,0.0,0.0,-0.006233318757122605,0.0,0.0,-0.0396,1.1483999999999999,-0.3168,-0.2,0.0,0.0,-0.1989675347273536,0.0,0.0,-0.0020777729190408684,0.0,0.0,square,0,0.2,0.5,4,8,11.38994836807251,0.0
1779527857.3954298,-0.1989675347273536,0.0,0.0,-0.0020777729190408684,0.0,0.0,-0.0396,1.4255999999999998,-0.3168,-0.2,0.0,0.0,-0.1989675347273536,0.0,0.0,0.0,0.0,-0.0020777729190408684,square,0,0.2,0.5,4,8,11.399949312210083,0.0
1779527857.4060268,-0.1989675347273536,0.0,0.0,0.0,0.0,-0.0020777729190408684,-0.0792,1.3068,-0.35639999999999994,-0.2,0.0,0.0,-0.1989675347273536,0.0,0.0,0.0,0.0020777729190408684,0.0,square,0,0.2,0.5,4,8,11.409956216812134,0.0
1779527857.4154367,-0.1989675347273536,0.0,0.0,0.0,0.0020777729190408684,0.0,0.0,1.3464,-0.35639999999999994,-0.2,0.0,0.0,-0.1989675347273536,0.0,0.0,0.0020777729190408684,0.0,0.0,square,0,0.2,0.5,4,8,11.420553207397461,0.0
1779527857.4261494,-0.1989675347273536,0.0,0.0,0.0020777729190408684,0.0,0.0,-0.0396,1.4255999999999998,-0.396,-0.2,0.0,0.0,-0.1989675347273536,0.0,0.0,0.0020777729190408684,0.0,0.0,square,0,0.2,0.5,4,8,11.429963111877441,0.0
1779527857.4354322,-0.1989675347273536,0.0,0.0,0.0020777729190408684,0.0,0.0,-0.0792,1.3464,-0.27720000000000006,-0.2,0.0,0.0,-0.1989675347273536,0.0,0.0,0.0020777729190408684,0.0,0.0,square,0,0.2,0.5,4,8,11.440675735473633,0.0
1779527857.445443,-0.1989675347273536,0.0,0.0,0.0020777729190408684,0.0,0.0,-0.0792,1.2672,-0.198,-0.2,0.0,0.0,-0.1989675347273536,0.0,0.0,0.0,0.0,0.0,square,0,0.2,0.5,4,8,11.449958562850952,0.0
1779527857.4554758,-0.1989675347273536,0.0,0.0,0.0,0.0,0.0,-0.0396,1.2672,-0.198,-0.2,0.0,0.0,-0.1989675347273536,0.0,0.0,0.0,0.0,-0.0020777729190408684,square,0,0.2,0.5,4,8,11.459969282150269,0.0
1779527857.465621,-0.1989675347273536,0.0,0.0,0.0,0.0,-0.0020777729190408684,-0.0792,1.2672,-0.396,-0.2,0.0,0.0,-0.1989675347273536,0.0,0.0,0.0020777729190408684,0.0,0.0,square,0,0.2,0.5,4,8,11.470002174377441,0.0
1779527857.4760065,-0.1989675347273536,0.0,0.0,0.0020777729190408684,0.0,0.0,-0.0396,1.2276,-0.3168,-0.2,0.0,0.0,-0.1989675347273536,0.0,0.0,0.0,-0.0020777729190408684,0.0,square,0,0.2,0.5,4,8,11.480147361755371,0.0
1779527857.485478,-0.1989675347273536,0.0,0.0,0.0,-0.0020777729190408684,0.0,0.0,1.2672,-0.27720000000000006,-0.2,0.0,0.0,-0.1989675347273536,0.0,0.0,0.0,0.0,0.0,square,0,0.2,0.5,4,8,11.490532875061035,0.0
1779527857.4955304,-0.1989675347273536,0.0,0.0,0.0,0.0,0.0,-0.0396,1.2672,-0.198,-0.2,0.0,0.0,-0.1989675347273536,0.0,0.0,0.0,0.0,0.0,square,0,0.2,0.5,4,8,11.500004291534424,0.0
1779527857.5054882,-0.1989675347273536,0.0,0.0,0.0,0.0,0.0,-0.0792,1.3068,-0.198,-0.2,0.0,0.0,-0.1989675347273536,0.0,0.0,-0.0020777729190408684,0.0,0.0,square,0,0.2,0.5,4,8,11.510056734085083,0.0
1779527857.5154428,-0.1989675347273536,0.0,0.0,-0.0020777729190408684,0.0,0.0,0.1584,1.4652,-0.198,-0.2,0.0,0.0,-0.1989675347273536,0.0,0.0,0.0,0.0020777729190408684,0.0,square,0,0.2,0.5,4,8,11.520014524459839,0.0
1779527857.5254107,-0.1989675347273536,0.0,0.0,0.0,0.0020777729190408684,0.0,0.1584,1.5048000000000001,-0.198,-0.2,0.0,0.0,-0.1989675347273536,0.0,0.0,0.0,0.0,0.0,square,0,0.2,0.5,4,8,11.529969215393066,0.0
1779527857.5354502,-0.1989675347273536,0.0,0.0,0.0,0.0,0.0,0.1584,1.4652,-0.2376,-0.2,0.0,0.0,-0.1989675347273536,0.0,0.0,0.0020777729190408684,0.0020777729190408684,0.0,square,0,0.2,0.5,4,8,11.539937019348145,0.0
1779527857.5454738,-0.1989675347273536,0.0,0.0,0.0020777729190408684,0.0020777729190408684,0.0,-0.1584,1.4652,-0.3168,-0.2,0.0,0.0,-0.1989675347273536,0.0,0.0,0.0020777729190408684,0.0,0.0,square,0,0.2,0.5,4,8,11.549976587295532,0.0
1779527857.5555463,-0.1989675347273536,0.0,0.0,0.0020777729190408684,0.0,0.0,-0.0396,1.5048000000000001,-0.27720000000000006,-0.2,0.0,0.0,-0.1989675347273536,0.0,0.0,0.0020777729190408684,0.0,0.0,square,0,0.2,0.5,4,8,11.56000018119812,0.0
1779527857.5654824,-0.1989675347273536,0.0,0.0,0.0020777729190408684,0.0,0.0,0.0,1.4255999999999998,-0.198,-0.2,0.0,0.0,-0.1989675347273536,0.0,0.0,0.0020777729190408684,0.0,0.0,square,0,0.2,0.5,4,8,11.570072650909424,0.0
1779527857.5754657,-0.1989675347273536,0.0,0.0,0.0020777729190408684,0.0,0.0,0.0,1.3860000000000001,-0.2376,-0.2,0.0,0.0,-0.1989675347273536,0.0,0.0,0.0,0.0,0.0,square,0,0.2,0.5,4,8,11.580008745193481,0.0
1779527857.5854986,-0.1989675347273536,0.0,0.0,0.0,0.0,0.0,-0.0396,1.3860000000000001,-0.4356,-0.2,0.0,0.0,-0.1989675347273536,0.0,0.0,0.0,0.0020777729190408684,0.0,square,0,0.2,0.5,4,8,11.589992046356201,0.0
1779527857.596557,-0.1989675347273536,0.0,0.0,0.0,0.0020777729190408684,0.0,-0.0792,1.4255999999999998,-0.396,-0.2,0.0,0.0,-0.1989675347273536,0.0,0.0,0.0,0.0020777729190408684,0.0,square,0,0.2,0.5,4,8,11.600024938583374,0.0
1779527857.6054802,-0.1989675347273536,0.0,0.0,0.0,0.0020777729190408684,0.0,-0.1584,1.4255999999999998,-0.198,-0.2,0.0,0.0,-0.1989675347273536,0.0,0.0,-0.0020777729190408684,0.0,0.0,square,0,0.2,0.5,4,8,11.611083269119263,0.0
1779527857.6154623,-0.1989675347273536,0.0,0.0,-0.0020777729190408684,0.0,0.0,0.198,1.3860000000000001,-0.198,-0.2,0.0,0.0,-0.1989675347273536,0.0,0.0,0.0,0.0,0.0,square,0,0.2,0.5,4,8,11.620006561279297,0.0
1779527857.625418,-0.1989675347273536,0.0,0.0,0.0,0.0,0.0,0.198,1.3860000000000001,-0.35639999999999994,-0.2,0.0,0.0,-0.1989675347273536,0.0,0.0,0.0,0.0,-0.0020777729190408684,square,0,0.2,0.5,4,8,11.629988670349121,0.0
1779527857.6354408,-0.1989675347273536,0.0,0.0,0.0,0.0,-0.0020777729190408684,0.1584,1.4652,-0.198,-0.2,0.0,0.0,-0.1989675347273536,0.0,0.0,0.0,0.0,0.0,square,0,0.2,0.5,4,8,11.639944314956665,0.0
1779527857.6454003,-0.1989675347273536,0.0,0.0,0.0,0.0,0.0,0.1584,1.4255999999999998,0.198,-0.2,0.0,0.0,-0.1989675347273536,0.0,0.0,0.0020777729190408684,0.0,0.0,square,0,0.2,0.5,4,8,11.649967193603516,0.0
1779527857.6555119,-0.1989675347273536,0.0,0.0,0.0020777729190408684,0.0,0.0,-0.1188,1.3860000000000001,-0.2376,-0.2,0.0,0.0,-0.1989675347273536,0.0,0.0,0.0,-0.0020777729190408684,0.0,square,0,0.2,0.5,4,8,11.659926652908325,0.0
1779527857.6654217,-0.1989675347273536,0.0,0.0,0.0,-0.0020777729190408684,0.0,-0.0792,1.3464,-0.3168,-0.2,0.0,0.0,-0.1989675347273536,0.0,0.0,0.0,0.0,0.0,square,0,0.2,0.5,4,8,11.670038223266602,0.0
1779527857.6754227,-0.1989675347273536,0.0,0.0,0.0,0.0,0.0,-0.0792,1.4255999999999998,-0.27720000000000006,-0.2,0.0,0.0,-0.1989675347273536,0.0,0.0,0.0,-0.0020777729190408684,0.0,square,0,0.2,0.5,4,8,11.679948091506958,0.0
1779527857.6854165,-0.1989675347273536,0.0,0.0,0.0,-0.0020777729190408684,0.0,-0.1188,1.3464,-0.2376,-0.2,0.0,0.0,-0.1989675347273536,0.0,0.0,-0.0020777729190408684,0.0,0.0,square,0,0.2,0.5,4,8,11.689949035644531,0.0
1779527857.6955466,-0.1989675347273536,0.0,0.0,-0.0020777729190408684,0.0,0.0,0.1188,1.4652,-0.27720000000000006,-0.2,0.0,0.0,-0.1989675347273536,0.0,0.0,0.0,0.0,0.0020777729190408684,square,0,0.2,0.5,4,8,11.699942827224731,0.0
1779527857.7054214,-0.1989675347273536,0.0,0.0,0.0,0.0,0.0020777729190408684,0.198,1.2672,-0.27720000000000006,-0.2,0.0,0.0,-0.1989675347273536,0.0,0.0,0.0,0.0020777729190408684,0.0,square,0,0.2,0.5,4,8,11.710072994232178,0.0
1779527857.715547,-0.1989675347273536,0.0,0.0,0.0,0.0020777729190408684,0.0,0.198,1.5048000000000001,-0.198,-0.2,0.0,0.0,-0.1989675347273536,0.0,0.0,0.0,0.004155545838081737,0.0,square,0,0.2,0.5,4,8,11.719947814941406,0.0
1779527857.7254438,-0.1989675347273536,0.0,0.0,0.0,0.004155545838081737,0.0,0.2376,1.4255999999999998,-0.198,-0.2,0.0,0.0,-0.1989675347273536,0.0,0.0,0.0,0.0020777729190408684,0.0,square,0,0.2,0.5,4,8,11.73007345199585,0.0
1779527857.7354198,-0.1989675347273536,0.0,0.0,0.0,0.0020777729190408684,0.0,0.2376,1.5444,-0.27720000000000006,-0.2,0.0,0.0,-0.1989675347273536,0.0,0.0,0.0,0.0,0.0,square,0,0.2,0.5,4,8,11.739970207214355,0.0
1779527857.7454093,-0.1989675347273536,0.0,0.0,0.0,0.0,0.0,0.1584,1.4652,-0.35639999999999994,-0.2,0.0,0.0,-0.1989675347273536,0.0,0.0,0.0020777729190408684,0.0,0.0,square,0,0.2,0.5,4,8,11.749946117401123,0.0
1779527857.7555861,-0.1989675347273536,0.0,0.0,0.0020777729190408684,0.0,0.0,-0.1584,1.3464,-0.27720000000000006,-0.2,0.0,0.0,-0.1989675347273536,0.0,0.0,0.0020777729190408684,0.0,0.0,square,0,0.2,0.5,4,8,11.7599356174469,0.0
1779527857.7654152,-0.1989675347273536,0.0,0.0,0.0020777729190408684,0.0,0.0,-0.1188,1.3068,-0.2376,-0.2,0.0,0.0,-0.1989675347273536,0.0,0.0,0.0,0.0,0.0,square,0,0.2,0.5,4,8,11.77011251449585,0.0
1779527857.7755299,-0.1989675347273536,0.0,0.0,0.0,0.0,0.0,0.0,1.4255999999999998,-0.35639999999999994,-0.2,0.0,0.0,-0.1989675347273536,0.0,0.0,0.0,0.0,0.0,square,0,0.2,0.5,4,8,11.77994155883789,0.0
1779527857.785383,-0.1989675347273536,0.0,0.0,0.0,0.0,0.0,0.0,1.4255999999999998,-0.35639999999999994,-0.2,0.0,0.0,-0.1989675347273536,0.0,0.0,0.0,-0.0020777729190408684,0.0,square,0,0.2,0.5,4,8,11.790056228637695,0.0
1779527857.7955785,-0.1989675347273536,0.0,0.0,0.0,-0.0020777729190408684,0.0,-0.1188,1.4255999999999998,-0.3168,-0.2,0.0,0.0,-0.1989675347273536,0.0,0.0,-0.0020777729190408684,0.0,0.0,square,0,0.2,0.5,4,8,11.799909353256226,0.0
1779527857.8054614,-0.1989675347273536,0.0,0.0,-0.0020777729190408684,0.0,0.0,0.2376,1.3464,-0.198,-0.2,0.0,0.0,-0.1989675347273536,0.0,0.0,-0.0020777729190408684,0.0,0.0,square,0,0.2,0.5,4,8,11.810104846954346,0.0
1779527857.815599,-0.1989675347273536,0.0,0.0,-0.0020777729190408684,0.0,0.0,0.3168,1.5048000000000001,-0.2376,-0.2,0.0,0.0,-0.1989675347273536,0.0,0.0,-0.0020777729190408684,0.0,0.0,square,0,0.2,0.5,4,8,11.819987773895264,0.0
1779527857.8254795,-0.1989675347273536,0.0,0.0,-0.0020777729190408684,0.0,0.0,0.3168,1.5048000000000001,-0.2376,-0.2,0.0,0.0,-0.1989675347273536,0.0,0.0,0.0,0.0020777729190408684,0.0,square,0,0.2,0.5,4,8,11.830125331878662,0.0
1779527857.8354323,-0.1989675347273536,0.0,0.0,0.0,0.0020777729190408684,0.0,0.2376,1.3860000000000001,-0.2376,-0.2,0.0,0.0,-0.1989675347273536,0.0,0.0,0.0020777729190408684,0.0,-0.0020777729190408684,square,0,0.2,0.5,4,8,11.840005874633789,0.0
1779527857.8455112,-0.1989675347273536,0.0,0.0,0.0020777729190408684,0.0,-0.0020777729190408684,-0.0792,1.3068,-0.27720000000000006,-0.2,0.0,0.0,-0.1989675347273536,0.0,0.0,0.0020777729190408684,0.0,0.0,square,0,0.2,0.5,4,8,11.849958658218384,0.0
1779527857.8554456,-0.1989675347273536,0.0,0.0,0.0020777729190408684,0.0,0.0,-0.0792,1.3860000000000001,-0.3168,-0.2,0.0,0.0,-0.1989675347273536,0.0,0.0,0.0020777729190408684,0.0,0.0,square,0,0.2,0.5,4,8,11.860037565231323,0.0
1779527857.8655534,-0.1989675347273536,0.0,0.0,0.0020777729190408684,0.0,0.0,-0.0792,1.4255999999999998,-0.198,-0.2,0.0,0.0,-0.1989675347273536,0.0,0.0,0.0,0.0,0.0,square,0,0.2,0.5,4,8,11.869971990585327,0.0
1779527857.8754635,-0.1989675347273536,0.0,0.0,0.0,0.0,0.0,-0.0396,1.3860000000000001,-0.27720000000000006,-0.2,0.0,0.0,-0.1989675347273536,0.0,0.0,0.0,0.0,0.0,square,0,0.2,0.5,4,8,11.880079746246338,0.0
1779527857.885586,-0.1989675347273536,0.0,0.0,0.0,0.0,0.0,-0.0792,1.2672,-0.3168,-0.2,0.0,0.0,-0.1989675347273536,0.0,0.0,0.0,0.0,0.0,square,0,0.2,0.5,4,8,11.889989852905273,0.0
1779527857.8954427,-0.1989675347273536,0.0,0.0,0.0,0.0,0.0,-0.0792,1.4255999999999998,-0.396,-0.2,0.0,0.0,-0.1989675347273536,0.0,0.0,0.0,0.0,0.0,square,0,0.2,0.5,4,8,11.900112390518188,0.0
1779527857.905451,-0.1989675347273536,0.0,0.0,0.0,0.0,0.0,-0.198,1.3068,-0.27720000000000006,-0.2,0.0,0.0,-0.1989675347273536,0.0,0.0,0.0,0.0,0.0,square,0,0.2,0.5,4,8,11.909969091415405,0.0
1779527857.9155288,-0.1989675347273536,0.0,0.0,0.0,0.0,0.0,0.198,1.3068,-0.27720000000000006,-0.2,0.0,0.0,-0.1989675347273536,0.0,0.0,-0.0020777729190408684,0.0,0.0,square,0,0.2,0.5,4,8,11.91997742652893,0.0
1779527857.9276762,-0.1989675347273536,0.0,0.0,-0.0020777729190408684,0.0,0.0,0.2376,1.4255999999999998,-0.3168,-0.2,0.0,0.0,-0.1989675347273536,0.0,0.0,0.0,0.0,0.0,square,0,0.2,0.5,4,8,11.930055141448975,0.0
1779527857.9354825,-0.1989675347273536,0.0,0.0,0.0,0.0,0.0,0.198,1.3860000000000001,-0.4356,-0.2,0.0,0.0,-0.1989675347273536,0.0,0.0,0.0,0.0,0.0,square,0,0.2,0.5,4,8,11.9422025680542,0.0
1779527857.945551,-0.1989675347273536,0.0,0.0,0.0,0.0,0.0,0.2376,1.3068,-0.4356,-0.2,0.0,0.0,-0.1989675347273536,0.0,0.0,0.0,0.0,0.0020777729190408684,square,0,0.2,0.5,4,8,11.950008869171143,0.0
1779527857.9555194,-0.1989675347273536,0.0,0.0,0.0,0.0,0.0020777729190408684,-0.1188,1.4255999999999998,-0.3168,-0.2,0.0,0.0,-0.1989675347273536,0.0,0.0,0.0020777729190408684,-0.0020777729190408684,0.0,square,0,0.2,0.5,4,8,11.960077285766602,0.0
1779527857.9654357,-0.1989675347273536,0.0,0.0,0.0020777729190408684,-0.0020777729190408684,0.0,-0.1188,1.4652,-0.4752,-0.2,0.0,0.0,-0.1989675347273536,0.0,0.0,0.0020777729190408684,0.0,0.0,square,0,0.2,0.5,4,8,11.970045804977417,0.0
1779527857.9754558,-0.1989675347273536,0.0,0.0,0.0020777729190408684,0.0,0.0,-0.1188,1.4255999999999998,-0.27720000000000006,-0.2,0.0,0.0,-0.1989675347273536,0.0,0.0,0.0,0.0,0.0020777729190408684,square,0,0.2,0.5,4,8,11.97996211051941,0.0
1779527857.9866645,-0.1989675347273536,0.0,0.0,0.0,0.0,0.0020777729190408684,-0.0792,1.3464,-0.396,-0.2,0.0,0.0,-0.1989675347273536,0.0,0.0,0.0,0.0,0.0,square,0,0.2,0.5,4,8,11.98998212814331,0.0
1779527857.9954379,-0.1989675347273536,0.0,0.0,0.0,0.0,0.0,-0.0792,1.4652,0.3168,0.2,0.0,0.0,-0.1989675347273536,0.0,0.0,0.0,0.0,0.0,square,0,0.2,0.5,4,8,12.001190900802612,0.0
1779527858.0054195,-0.1989675347273536,0.0,0.0,0.0,0.0,0.0,-0.1584,1.3464,-0.396,0.2,0.0,0.0,-0.1989675347273536,0.0,0.0,0.0,0.0,0.0,square,0,0.2,0.5,4,8,12.009964227676392,0.0
1779527858.0155277,-0.1989675347273536,0.0,0.0,0.0,0.0,0.0,-0.198,1.4652,-0.396,0.2,0.0,0.0,-0.19722220547535924,0.0,0.0,0.1973884273088825,0.0,0.0,square,0,0.2,0.5,4,8,12.019945859909058,0.0
1779527858.0254831,-0.19722220547535924,0.0,0.0,0.1973884273088825,0.0,0.0,13.3056,1.3860000000000001,-0.4752,0.2,0.0,0.0,-0.1762782544514273,0.0,0.0,1.7577958895085746,0.0020777729190408684,0.0,square,0,0.2,0.5,4,8,12.030054092407227,0.0
1779527858.0354245,-0.1762782544514273,0.0,0.0,1.7577958895085746,0.0020777729190408684,0.0,5.1876,2.3364,-2.2967999999999997,0.2,0.0,0.0,-0.13962634015954636,0.0,0.0,3.1914592036467737,0.006233318757122605,0.0020777729190408684,square,0,0.2,0.5,4,8,12.040009498596191,0.0
1779527858.0458143,-0.13962634015954636,0.0,0.0,3.1914592036467737,0.006233318757122605,0.0020777729190408684,5.900399999999999,3.0492,0.4356,0.2,0.0,0.0,-0.10122909661567113,0.0,0.0,3.816868852278075,0.0,0.0,square,0,0.2,0.5,4,8,12.04995083808899,0.0
1779527858.0554476,-0.10122909661567113,0.0,0.0,3.816868852278075,0.0,0.0,5.4648,2.5344,0.27720000000000006,0.2,0.0,0.0,-0.05585053606381855,0.0,0.0,4.37994531333815,-0.01246663751424521,-0.0020777729190408684,square,0,0.2,0.5,4,8,12.060340642929077,0.0
1779527858.065455,-0.05585053606381855,0.0,0.0,4.37994531333815,-0.01246663751424521,-0.0020777729190408684,1.1483999999999999,1.5048000000000001,-0.4356,0.2,0.0,0.0,-0.010471975511965978,0.0,0.0,4.487989505128276,-0.01246663751424521,0.0,square,0,0.2,0.5,4,8,12.069973945617676,0.0
1779527858.075442,-0.010471975511965978,0.0,0.0,4.487989505128276,-0.01246663751424521,0.0,-0.0792,1.1088000000000002,0.0,0.2,0.0,0.0,0.027925268031909273,0.0,0.0,3.9228352711491596,-0.031166593785613025,0.006233318757122605,square,0,0.2,0.5,4,8,12.079981327056885,0.0
1779527858.0854464,0.027925268031909273,0.0,0.0,3.9228352711491596,-0.031166593785613025,0.006233318757122605,-0.7524000000000001,0.0396,-0.6732,0.2,0.0,0.0,0.05934119456780721,0.0,0.0,3.314047805870185,-0.02701104794753129,0.008311091676163474,square,0,0.2,0.5,4,8,12.08996844291687,0.0
1779527858.0954425,0.05934119456780721,0.0,0.0,3.314047805870185,-0.02701104794753129,0.008311091676163474,-2.4948,-0.0792,0.6732,0.2,0.0,0.0,0.08552113334772216,0.0,0.0,2.840315580328867,0.0,0.0,square,0,0.2,0.5,4,8,12.09997272491455,0.0
1779527858.1054983,0.08552113334772216,0.0,0.0,2.840315580328867,0.0,0.0,-4.0788,0.5940000000000001,-0.0396,0.2,0.0,0.0,0.10821041362364843,0.0,0.0,2.3458056255971402,0.029088820866572156,-0.004155545838081737,square,0,0.2,0.5,4,8,12.109968900680542,0.0
1779527858.1159272,0.10821041362364843,0.0,0.0,2.3458056255971402,0.029088820866572156,-0.004155545838081737,-4.9896,1.3860000000000001,0.9504,0.2,0.0,0.0,0.12566370614359174,0.0,0.0,1.9053177667604764,0.0394776854617765,-0.004155545838081737,square,0,0.2,0.5,4,8,12.120024681091309,0.0
1779527858.1264079,0.12566370614359174,0.0,0.0,1.9053177667604764,0.0394776854617765,-0.004155545838081737,-2.0196,2.1384,0.7524000000000001,0.2,0.0,0.0,0.14137166941154067,0.0,0.0,1.5354741871712017,0.016622183352326948,0.0,square,0,0.2,0.5,4,8,12.13045358657837,0.0
1779527858.1354408,0.14137166941154067,0.0,0.0,1.5354741871712017,0.016622183352326948,0.0,-0.4752,1.782,0.0792,0.2,0.0,0.0,0.1518436449235067,0.0,0.0,1.2279637951531532,0.006233318757122605,-0.0020777729190408684,square,0,0.2,0.5,4,8,12.140934228897095,0.0
1779527858.145488,0.1518436449235067,0.0,0.0,1.2279637951531532,0.006233318757122605,-0.0020777729190408684,0.4356,1.7028,0.5148,0.2,0.0,0.0,0.16231562043547265,0.0,0.0,0.9973310011396168,0.0,-0.004155545838081737,square,0,0.2,0.5,4,8,12.149967193603516,0.0
1779527858.1554992,0.16231562043547265,0.0,0.0,0.9973310011396168,0.0,-0.004155545838081737,0.4356,1.2672,-0.6732,0.2,0.0,0.0,0.16929693744344998,0.0,0.0,0.8352647134544291,-0.01246663751424521,0.0,square,0,0.2,0.5,4,8,12.160014390945435,0.0
1779527858.1654487,0.16929693744344998,0.0,0.0,0.8352647134544291,-0.01246663751424521,0.0,-0.0792,1.0296,0.6732,0.2,0.0,0.0,0.1762782544514273,0.0,0.0,0.6815095174454048,-0.006233318757122605,0.0020777729190408684,square,0,0.2,0.5,4,8,12.17002558708191,0.0
1779527858.1754308,0.1762782544514273,0.0,0.0,0.6815095174454048,-0.006233318757122605,0.0020777729190408684,-0.0396,1.1088000000000002,-0.6336,0.2,0.0,0.0,0.18151424220741028,0.0,0.0,0.552687596464871,-0.01246663751424521,0.0020777729190408684,square,0,0.2,0.5,4,8,12.179975032806396,0.0
1779527858.1855195,0.18151424220741028,0.0,0.0,0.552687596464871,-0.01246663751424521,0.0020777729190408684,-0.35639999999999994,0.8712,0.4752,0.2,0.0,0.0,0.18500490071139894,0.0,0.0,0.4404878588366641,-0.008311091676163474,0.0,square,0,0.2,0.5,4,8,12.18995714187622,0.0
1779527858.1954465,0.18500490071139894,0.0,0.0,0.4404878588366641,-0.008311091676163474,0.0,-0.35639999999999994,0.8712,-0.4752,0.2,0.0,0.0,0.18849555921538758,0.0,0.0,0.33036589412749806,-0.010388864595204342,0.0,square,0,0.2,0.5,4,8,12.200045824050903,0.0
1779527858.2062132,0.18849555921538758,0.0,0.0,0.33036589412749806,-0.010388864595204342,0.0,0.396,0.792,-0.35639999999999994,0.2,0.0,0.0,0.18849555921538758,0.0,0.0,0.33036589412749806,-0.010388864595204342,0.0,square,0,0.2,0.5,4,8,12.209972858428955,0.0
1779527858.2154653,0.18849555921538758,0.0,0.0,0.33036589412749806,-0.010388864595204342,0.0,0.396,0.792,-0.35639999999999994,0.2,0.0,0.0,0.1937315469713706,0.0,0.0,0.2181661564992912,0.0,0.0,square,0,0.2,0.5,4,8,12.220739603042603,0.0
1779527858.2255719,0.1937315469713706,0.0,0.0,0.2181661564992912,0.0,0.0,-0.5544000000000001,0.99,-0.4752,0.2,0.0,0.0,0.1954768762233649,0.0,0.0,0.16829960644231035,0.020777729190408684,0.0,square,0,0.2,0.5,4,8,12.229991674423218,0.0
1779527858.2355232,0.1954768762233649,0.0,0.0,0.16829960644231035,0.020777729190408684,0.0,-0.6336,1.5048000000000001,-0.396,0.2,0.0,0.0,0.1954768762233649,0.0,0.0,0.12258860222341124,0.022855502109449553,0.0,square,0,0.2,0.5,4,8,12.240098237991333,0.0
1779527858.2454891,0.1954768762233649,0.0,0.0,0.12258860222341124,0.022855502109449553,0.0,-0.4356,1.6632,-0.5544000000000001,0.2,0.0,0.0,0.19722220547535924,0.0,0.0,0.07687759800451213,0.01246663751424521,-0.0020777729190408684,square,0,0.2,0.5,4,8,12.250049591064453,0.0
1779527858.2555144,0.19722220547535924,0.0,0.0,0.07687759800451213,0.01246663751424521,-0.0020777729190408684,0.0,1.6632,0.396,0.2,0.0,0.0,0.19722220547535924,0.0,0.0,0.06025541465218518,0.004155545838081737,0.0,square,0,0.2,0.5,4,8,12.260015487670898,0.0
1779527858.2654443,0.19722220547535924,0.0,0.0,0.06025541465218518,0.004155545838081737,0.0,0.198,1.3860000000000001,-0.4752,0.2,0.0,0.0,0.19722220547535924,0.0,0.0,0.05817764173314431,0.0,0.0,square,0,0.2,0.5,4,8,12.27004075050354,0.0
1779527858.2754877,0.19722220547535924,0.0,0.0,0.05817764173314431,0.0,0.0,-0.1584,1.1880000000000002,-0.5148,0.2,0.0,0.0,0.1989675347273536,0.0,0.0,0.04363323129985824,-0.0020777729190408684,0.0,square,0,0.2,0.5,4,8,12.279970645904541,0.0
1779527858.2854695,0.1989675347273536,0.0,0.0,0.04363323129985824,-0.0020777729190408684,0.0,-0.1584,1.2276,-0.3168,0.2,0.0,0.0,0.1989675347273536,0.0,0.0,0.02701104794753129,-0.010388864595204342,0.0,square,0,0.2,0.5,4,8,12.290014028549194,0.0
1779527858.2954836,0.1989675347273536,0.0,0.0,0.02701104794753129,-0.010388864595204342,0.0,-0.0396,0.9107999999999999,-0.5544000000000001,0.2,0.0,0.0,0.1989675347273536,0.0,0.0,0.016622183352326948,-0.008311091676163474,0.0,square,0,0.2,0.5,4,8,12.29999589920044,0.0
1779527858.3055744,0.1989675347273536,0.0,0.0,0.016622183352326948,-0.008311091676163474,0.0,0.2376,0.9504,-0.4752,0.2,0.0,0.0,0.1989675347273536,0.0,0.0,0.014544410433286078,-0.004155545838081737,0.0,square,0,0.2,0.5,4,8,12.310009956359863,0.0
1779527858.315871,0.1989675347273536,0.0,0.0,0.014544410433286078,-0.004155545838081737,0.0,0.198,0.99,0.5940000000000001,0.2,0.0,0.0,0.1989675347273536,0.0,0.0,0.0020777729190408684,0.0,0.0,square,0,0.2,0.5,4,8,12.320100784301758,0.0
1779527858.3254786,0.1989675347273536,0.0,0.0,0.0020777729190408684,0.0,0.0,0.4356,1.1088000000000002,-0.4752,0.2,0.0,0.0,0.1989675347273536,0.0,0.0,0.0020777729190408684,0.0020777729190408684,0.0,square,0,0.2,0.5,4,8,12.330397367477417,0.0
1779527858.335494,0.1989675347273536,0.0,0.0,0.0020777729190408684,0.0020777729190408684,0.0,0.5148,1.2672,-0.4752,0.2,0.0,0.0,0.1989675347273536,0.0,0.0,0.0,0.008311091676163474,0.0,square,0,0.2,0.5,4,8,12.340004920959473,0.0
1779527858.345437,0.1989675347273536,0.0,0.0,0.0,0.008311091676163474,0.0,0.5148,1.4652,-0.4752,0.2,0.0,0.0,0.1989675347273536,0.0,0.0,0.0020777729190408684,0.0020777729190408684,0.0,square,0,0.2,0.5,4,8,12.350020408630371,0.0
1779527858.3555489,0.1989675347273536,0.0,0.0,0.0020777729190408684,0.0020777729190408684,0.0,0.4752,1.3860000000000001,-0.4752,0.2,0.0,0.0,0.1989675347273536,0.0,0.0,0.006233318757122605,0.004155545838081737,0.0,square,0,0.2,0.5,4,8,12.359963417053223,0.0
1779527858.365648,0.1989675347273536,0.0,0.0,0.006233318757122605,0.004155545838081737,0.0,0.27720000000000006,1.2276,-0.35639999999999994,0.2,0.0,0.0,0.1989675347273536,0.0,0.0,0.010388864595204342,0.0,0.0,square,0,0.2,0.5,4,8,12.370075225830078,0.0
1779527858.3755226,0.1989675347273536,0.0,0.0,0.010388864595204342,0.0,0.0,-0.1188,1.4255999999999998,-0.396,0.2,0.0,0.0,0.1989675347273536,0.0,0.0,0.008311091676163474,0.0,0.0,square,0,0.2,0.5,4,8,12.380174398422241,0.0
1779527858.3858457,0.1989675347273536,0.0,0.0,0.008311091676163474,0.0,0.0,-0.0396,1.3464,-0.396,0.2,0.0,0.0,0.1989675347273536,0.0,0.0,0.008311091676163474,0.0,0.0020777729190408684,square,0,0.2,0.5,4,8,12.39004898071289,0.0
1779527858.3954377,0.1989675347273536,0.0,0.0,0.008311091676163474,0.0,0.0020777729190408684,0.1188,1.1880000000000002,-0.4356,0.2,0.0,0.0,0.1989675347273536,0.0,0.0,0.0020777729190408684,0.0,0.0020777729190408684,square,0,0.2,0.5,4,8,12.40037202835083,0.0
1779527858.405425,0.1989675347273536,0.0,0.0,0.0020777729190408684,0.0,0.0020777729190408684,0.0792,1.3860000000000001,-0.5148,0.2,0.0,0.0,0.1989675347273536,0.0,0.0,0.0,0.0,0.0,square,0,0.2,0.5,4,8,12.409964084625244,0.0
1779527858.4154632,0.1989675347273536,0.0,0.0,0.0,0.0,0.0,0.0396,1.2672,-0.4752,0.2,0.0,0.0,0.1989675347273536,0.0,0.0,0.0,-0.004155545838081737,0.0,square,0,0.2,0.5,4,8,12.419951438903809,0.0
1779527858.4255168,0.1989675347273536,0.0,0.0,0.0,-0.004155545838081737,0.0,0.0,1.3068,-0.3168,0.2,0.0,0.0,0.1989675347273536,0.0,0.0,0.0,-0.0020777729190408684,0.0,square,0,0.2,0.5,4,8,12.429989576339722,0.0
1779527858.435428,0.1989675347273536,0.0,0.0,0.0,-0.0020777729190408684,0.0,0.0,1.2672,-0.4752,0.2,0.0,0.0,0.1989675347273536,0.0,0.0,-0.0020777729190408684,-0.0020777729190408684,0.0,square,0,0.2,0.5,4,8,12.440043210983276,0.0
1779527858.4455848,0.1989675347273536,0.0,0.0,-0.0020777729190408684,-0.0020777729190408684,0.0,0.0,1.2276,-0.396,0.2,0.0,0.0,0.1989675347273536,0.0,0.0,-0.004155545838081737,0.0,0.0,square,0,0.2,0.5,4,8,12.449954271316528,0.0
1779527858.4555964,0.1989675347273536,0.0,0.0,-0.004155545838081737,0.0,0.0,0.0,1.2672,-0.4752,0.2,0.0,0.0,0.1989675347273536,0.0,0.0,0.0,0.0,0.0,square,0,0.2,0.5,4,8,12.460111141204834,0.0
1779527858.4654121,0.1989675347273536,0.0,0.0,0.0,0.0,0.0,0.0792,1.4255999999999998,-0.5148,0.2,0.0,0.0,0.1989675347273536,0.0,0.0,0.0,0.0,0.0020777729190408684,square,0,0.2,0.5,4,8,12.470122814178467,0.0
1779527858.4754121,0.1989675347273536,0.0,0.0,0.0,0.0,0.0020777729190408684,-0.0396,1.3464,-0.5940000000000001,0.2,0.0,0.0,0.1989675347273536,0.0,0.0,0.0,0.0,0.0,square,0,0.2,0.5,4,8,12.479938507080078,0.0
1779527858.485408,0.1989675347273536,0.0,0.0,0.0,0.0,0.0,0.0,1.4652,-0.396,0.2,0.0,0.0,0.1989675347273536,0.0,0.0,0.0,0.0,0.0,square,0,0.2,0.5,4,8,12.489938497543335,0.0
1779527858.4954104,0.1989675347273536,0.0,0.0,0.0,0.0,0.0,0.0792,1.3860000000000001,-0.4752,0.2,0.0,0.0,0.1989675347273536,0.0,0.0,0.0,0.0,0.0,square,0,0.2,0.5,4,8,12.499934434890747,0.0
1779527858.5054662,0.1989675347273536,0.0,0.0,0.0,0.0,0.0,0.1584,1.3464,-0.4356,0.2,0.0,0.0,0.1989675347273536,0.0,0.0,0.0020777729190408684,0.0,0.0,square,0,0.2,0.5,4,8,12.509936809539795,0.0
1779527858.5154772,0.1989675347273536,0.0,0.0,0.0020777729190408684,0.0,0.0,0.2376,1.2672,-0.4356,0.2,0.0,0.0,0.1989675347273536,0.0,0.0,0.0,0.0,0.0,square,0,0.2,0.5,4,8,12.519992589950562,0.0
1779527858.5254097,0.1989675347273536,0.0,0.0,0.0,0.0,0.0,0.2376,1.3068,-0.4356,0.2,0.0,0.0,0.1989675347273536,0.0,0.0,0.0,0.0,0.0,square,0,0.2,0.5,4,8,12.530003547668457,0.0
1779527858.5354133,0.1989675347273536,0.0,0.0,0.0,0.0,0.0,0.27720000000000006,1.2672,-0.3168,0.2,0.0,0.0,0.1989675347273536,0.0,0.0,-0.0020777729190408684,0.0,0.0,square,0,0.2,0.5,4,8,12.539936065673828,0.0
1779527858.5454574,0.1989675347273536,0.0,0.0,-0.0020777729190408684,0.0,0.0,0.1188,1.4652,-0.35639999999999994,0.2,0.0,0.0,0.1989675347273536,0.0,0.0,-0.004155545838081737,0.0,-0.0020777729190408684,square,0,0.2,0.5,4,8,12.549939632415771,0.0
1779527858.5559056,0.1989675347273536,0.0,0.0,-0.004155545838081737,0.0,-0.0020777729190408684,0.1188,1.3068,-0.35639999999999994,0.2,0.0,0.0,0.1989675347273536,0.0,0.0,-0.004155545838081737,0.0,0.0,square,0,0.2,0.5,4,8,12.559983730316162,0.0
1779527858.5653958,0.1989675347273536,0.0,0.0,-0.004155545838081737,0.0,0.0,-0.0396,1.5048000000000001,-0.4752,0.2,0.0,0.0,0.1989675347273536,0.0,0.0,-0.0020777729190408684,0.0,0.0,square,0,0.2,0.5,4,8,12.57043194770813,0.0
1779527858.5754273,0.1989675347273536,0.0,0.0,-0.0020777729190408684,0.0,0.0,0.0396,1.5048000000000001,-0.4752,0.2,0.0,0.0,0.1989675347273536,0.0,0.0,0.0,0.0,0.0,square,0,0.2,0.5,4,8,12.579922199249268,0.0
1779527858.5854275,0.1989675347273536,0.0,0.0,0.0,0.0,0.0,0.1584,1.4652,-0.3168,0.2,0.0,0.0,0.1989675347273536,0.0,0.0,0.0020777729190408684,0.0,0.0,square,0,0.2,0.5,4,8,12.589953660964966,0.0
1779527858.5954027,0.1989675347273536,0.0,0.0,0.0020777729190408684,0.0,0.0,0.198,1.3860000000000001,-0.4356,0.2,0.0,0.0,0.1989675347273536,0.0,0.0,0.0,0.0,0.0,square,0,0.2,0.5,4,8,12.599953889846802,0.0
1779527858.605466,0.1989675347273536,0.0,0.0,0.0,0.0,0.0,0.198,1.4255999999999998,-0.4356,0.2,0.0,0.0,0.1989675347273536,0.0,0.0,0.0020777729190408684,-0.0020777729190408684,0.0,square,0,0.2,0.5,4,8,12.609929084777832,0.0
1779527858.6154108,0.1989675347273536,0.0,0.0,0.0020777729190408684,-0.0020777729190408684,0.0,0.3168,1.3068,-0.35639999999999994,0.2,0.0,0.0,0.1989675347273536,0.0,0.0,0.0,0.0,0.0,square,0,0.2,0.5,4,8,12.61999225616455,0.0
1779527858.6254158,0.1989675347273536,0.0,0.0,0.0,0.0,0.0,0.2376,1.3860000000000001,-0.3168,0.2,0.0,0.0,0.1989675347273536,0.0,0.0,0.0,-0.0020777729190408684,0.0,square,0,0.2,0.5,4,8,12.629937171936035,0.0
1779527858.6354446,0.1989675347273536,0.0,0.0,0.0,-0.0020777729190408684,0.0,0.27720000000000006,1.3464,-0.4356,0.2,0.0,0.0,0.1989675347273536,0.0,0.0,0.0,0.0,0.0,square,0,0.2,0.5,4,8,12.639942169189453,0.0
1779527858.645412,0.1989675347273536,0.0,0.0,0.0,0.0,0.0,0.2376,1.4652,-0.5940000000000001,0.2,0.0,0.0,0.1989675347273536,0.0,0.0,-0.0020777729190408684,0.0020777729190408684,0.0,square,0,0.2,0.5,4,8,12.649971008300781,0.0
1779527858.6553874,0.1989675347273536,0.0,0.0,-0.0020777729190408684,0.0020777729190408684,0.0,0.1584,1.5048000000000001,-0.4752,0.2,0.0,0.0,0.1989675347273536,0.0,0.0,-0.0020777729190408684,0.0,-0.0020777729190408684,square,0,0.2,0.5,4,8,12.659938335418701,0.0
1779527858.6654124,0.1989675347273536,0.0,0.0,-0.0020777729190408684,0.0,-0.0020777729190408684,0.0396,1.4255999999999998,-0.3168,0.2,0.0,0.0,0.1989675347273536,0.0,0.0,-0.0020777729190408684,0.0020777729190408684,0.0,square,0,0.2,0.5,4,8,12.66991376876831,0.0
1779527858.6754577,0.1989675347273536,0.0,0.0,-0.0020777729190408684,0.0020777729190408684,0.0,0.0792,1.4255999999999998,-0.4752,0.2,0.0,0.0,0.1989675347273536,0.0,0.0,0.0,0.0,0.0020777729190408684,square,0,0.2,0.5,4,8,12.679938793182373,0.0
1779527858.6854274,0.1989675347273536,0.0,0.0,0.0,0.0,0.0020777729190408684,0.0396,1.4255999999999998,-0.5148,0.2,0.0,0.0,0.1989675347273536,0.0,0.0,0.0,-0.0020777729190408684,0.0,square,0,0.2,0.5,4,8,12.68998408317566,0.0
1779527858.6954103,0.1989675347273536,0.0,0.0,0.0,-0.0020777729190408684,0.0,0.198,1.5444,-0.4356,0.2,0.0,0.0,0.1989675347273536,0.0,0.0,0.0,0.0,0.0,square,0,0.2,0.5,4,8,12.69995379447937,0.0
1779527858.7054098,0.1989675347273536,0.0,0.0,0.0,0.0,0.0,0.2376,1.4652,-0.5148,0.2,0.0,0.0,0.1989675347273536,0.0,0.0,0.004155545838081737,-0.004155545838081737,0.0,square,0,0.2,0.5,4,8,12.709936618804932,0.0
1779527858.7154665,0.1989675347273536,0.0,0.0,0.004155545838081737,-0.004155545838081737,0.0,0.27720000000000006,1.3068,-0.5148,0.2,0.0,0.0,0.1989675347273536,0.0,0.0,0.0,-0.004155545838081737,0.0,square,0,0.2,0.5,4,8,12.71993613243103,0.0
1779527858.7254608,0.1989675347273536,0.0,0.0,0.0,-0.004155545838081737,0.0,0.2376,1.4652,-0.5544000000000001,0.2,0.0,0.0,0.1989675347273536,0.0,0.0,0.0,0.0,0.0,square,0,0.2,0.5,4,8,12.729992866516113,0.0
1779527858.7354147,0.1989675347273536,0.0,0.0,0.0,0.0,0.0,0.1188,1.3860000000000001,-0.5148,0.2,0.0,0.0,0.1989675347273536,0.0,0.0,0.0,0.0020777729190408684,0.0,square,0,0.2,0.5,4,8,12.739987134933472,0.0
1779527858.7454123,0.1989675347273536,0.0,0.0,0.0,0.0020777729190408684,0.0,0.1584,1.4255999999999998,0.5544000000000001,0.2,0.0,0.0,0.1989675347273536,0.0,0.0,0.0,0.0020777729190408684,0.0,square,0,0.2,0.5,4,8,12.749941110610962,0.0
1779527858.75541,0.1989675347273536,0.0,0.0,0.0,0.0020777729190408684,0.0,0.1188,1.4255999999999998,-0.396,0.2,0.0,0.0,0.1989675347273536,0.0,0.0,-0.0020777729190408684,0.0,0.0,square,0,0.2,0.5,4,8,12.759938716888428,0.0
1779527858.765445,0.1989675347273536,0.0,0.0,-0.0020777729190408684,0.0,0.0,0.1584,1.4255999999999998,-0.4752,0.2,0.0,0.0,0.1989675347273536,0.0,0.0,0.0,0.004155545838081737,-0.0020777729190408684,square,0,0.2,0.5,4,8,12.769936323165894,0.0
1779527858.7754123,0.1989675347273536,0.0,0.0,0.0,0.004155545838081737,-0.0020777729190408684,0.1584,1.584,0.3168,0.2,0.0,0.0,0.1989675347273536,0.0,0.0,0.0020777729190408684,0.0,0.0,square,0,0.2,0.5,4,8,12.779971361160278,0.0
1779527858.7854114,0.1989675347273536,0.0,0.0,0.0020777729190408684,0.0,0.0,0.1584,1.584,-0.4752,0.2,0.0,0.0,0.1989675347273536,0.0,0.0,0.0020777729190408684,0.0,0.0,square,0,0.2,0.5,4,8,12.789938688278198,0.0
1779527858.7954962,0.1989675347273536,0.0,0.0,0.0020777729190408684,0.0,0.0,0.2376,1.5444,-0.4356,0.2,0.0,0.0,0.1989675347273536,0.0,0.0,0.0,-0.0020777729190408684,0.0,square,0,0.2,0.5,4,8,12.799937725067139,0.0
1779527858.8054373,0.1989675347273536,0.0,0.0,0.0,-0.0020777729190408684,0.0,0.2376,1.5048000000000001,-0.3168,0.2,0.0,0.0,0.1989675347273536,0.0,0.0,0.0020777729190408684,0.0,0.0,square,0,0.2,0.5,4,8,12.810022592544556,0.0
1779527858.815413,0.1989675347273536,0.0,0.0,0.0020777729190408684,0.0,0.0,0.27720000000000006,1.3860000000000001,-0.3168,0.2,0.0,0.0,0.1989675347273536,0.0,0.0,0.0,0.0,0.0,square,0,0.2,0.5,4,8,12.819963693618774,0.0
1779527858.8254085,0.1989675347273536,0.0,0.0,0.0,0.0,0.0,0.198,1.4255999999999998,-0.4356,0.2,0.0,0.0,0.1989675347273536,0.0,0.0,-0.0020777729190408684,0.0,0.0,square,0,0.2,0.5,4,8,12.829939365386963,0.0
1779527858.8361833,0.1989675347273536,0.0,0.0,-0.0020777729190408684,0.0,0.0,0.1584,1.4255999999999998,-0.6336,0.2,0.0,0.0,0.1989675347273536,0.0,0.0,0.0,-0.0020777729190408684,-0.0020777729190408684,square,0,0.2,0.5,4,8,12.839934825897217,0.0
1779527858.8467941,0.1989675347273536,0.0,0.0,0.0,-0.0020777729190408684,-0.0020777729190408684,0.1188,1.5048000000000001,-0.4356,0.2,0.0,0.0,0.1989675347273536,0.0,0.0,0.0,-0.0020777729190408684,-0.0020777729190408684,square,0,0.2,0.5,4,8,12.850709676742554,0.0
1779527858.855436,0.1989675347273536,0.0,0.0,0.0,-0.0020777729190408684,-0.0020777729190408684,0.1188,1.5048000000000001,-0.4356,0.2,0.0,0.0,0.1989675347273536,0.0,0.0,-0.0020777729190408684,-0.0020777729190408684,0.0,square,0,0.2,0.5,4,8,12.861320495605469,0.0
1779527858.8655236,0.1989675347273536,0.0,0.0,-0.0020777729190408684,-0.0020777729190408684,0.0,0.0792,1.4652,-0.396,0.2,0.0,0.0,0.1989675347273536,0.0,0.0,-0.0020777729190408684,-0.0020777729190408684,0.0,square,0,0.2,0.5,4,8,12.869962453842163,0.0
1779527858.8755546,0.1989675347273536,0.0,0.0,-0.0020777729190408684,-0.0020777729190408684,0.0,0.0792,1.4652,-0.396,0.2,0.0,0.0,0.1989675347273536,0.0,0.0,0.0,-0.0020777729190408684,-0.0020777729190408684,square,0,0.2,0.5,4,8,12.88004994392395,0.0
1779527858.8854501,0.1989675347273536,0.0,0.0,0.0,-0.0020777729190408684,-0.0020777729190408684,0.0792,1.5444,-0.396,0.2,0.0,0.0,0.1989675347273536,0.0,0.0,0.0020777729190408684,0.0,0.0,square,0,0.2,0.5,4,8,12.89008092880249,0.0
1779527858.8954363,0.1989675347273536,0.0,0.0,0.0020777729190408684,0.0,0.0,0.1584,1.4652,-0.4356,0.2,0.0,0.0,0.1989675347273536,0.0,0.0,0.0020777729190408684,0.0,0.0020777729190408684,square,0,0.2,0.5,4,8,12.8999764919281,0.0
1779527858.9054384,0.1989675347273536,0.0,0.0,0.0020777729190408684,0.0,0.0020777729190408684,0.198,1.5048000000000001,-0.4356,0.2,0.0,0.0,0.1989675347273536,0.0,0.0,0.004155545838081737,0.0,0.0,square,0,0.2,0.5,4,8,12.90996265411377,0.0
1779527858.9154463,0.1989675347273536,0.0,0.0,0.004155545838081737,0.0,0.0,0.2376,1.3860000000000001,-0.4752,0.2,0.0,0.0,0.1989675347273536,0.0,0.0,0.0,0.0,0.0,square,0,0.2,0.5,4,8,12.919964790344238,0.0
1779527858.9255588,0.1989675347273536,0.0,0.0,0.0,0.0,0.0,0.1584,1.4255999999999998,-0.4356,0.2,0.0,0.0,0.1989675347273536,0.0,0.0,0.0,0.0,0.0,square,0,0.2,0.5,4,8,12.929972648620605,0.0
1779527858.9354353,0.1989675347273536,0.0,0.0,0.0,0.0,0.0,0.1584,1.4255999999999998,-0.4356,0.2,0.0,0.0,0.1989675347273536,0.0,0.0,0.0,0.0,0.0,square,0,0.2,0.5,4,8,12.940085172653198,0.0
1779527858.9461594,0.1989675347273536,0.0,0.0,0.0,0.0,0.0,0.1188,1.4255999999999998,-0.4356,0.2,0.0,0.0,0.1989675347273536,0.0,0.0,-0.004155545838081737,0.0,0.0,square,0,0.2,0.5,4,8,12.94996166229248,0.0
1779527858.957165,0.1989675347273536,0.0,0.0,-0.004155545838081737,0.0,0.0,0.0,1.584,-0.5544000000000001,0.2,0.0,0.0,0.1989675347273536,0.0,0.0,-0.0020777729190408684,0.0,0.0,square,0,0.2,0.5,4,8,12.960685729980469,0.0
1779527858.9655716,0.1989675347273536,0.0,0.0,-0.0020777729190408684,0.0,0.0,0.0792,1.3860000000000001,-0.4752,0.2,0.0,0.0,0.1989675347273536,0.0,0.0,-0.0020777729190408684,0.0,0.0,square,0,0.2,0.5,4,8,12.971691370010376,0.0
1779527858.9754677,0.1989675347273536,0.0,0.0,-0.0020777729190408684,0.0,0.0,0.1188,1.4255999999999998,-0.5148,0.2,0.0,0.0,0.1989675347273536,0.0,0.0,0.0,0.0,0.0,square,0,0.2,0.5,4,8,12.980098009109497,0.0
1779527858.9854112,0.1989675347273536,0.0,0.0,0.0,0.0,0.0,0.0792,1.3464,-0.35639999999999994,0.2,0.0,0.0,0.1989675347273536,0.0,0.0,0.0,0.0,0.0,square,0,0.2,0.5,4,8,12.989994049072266,0.0
1779527858.995452,0.1989675347273536,0.0,0.0,0.0,0.0,0.0,0.1188,1.4652,-0.4356,0.2,0.0,0.0,0.1989675347273536,0.0,0.0,0.0020777729190408684,0.0,0.0,square,0,0.2,0.5,4,8,12.999937534332275,0.0
1779527859.005406,0.1989675347273536,0.0,0.0,0.0020777729190408684,0.0,0.0,0.198,1.4652,-0.27720000000000006,-0.2,0.0,0.0,0.1989675347273536,0.0,0.0,0.0,0.0,0.0,square,0,0.2,0.5,4,8,13.009978294372559,0.0
1779527859.0154326,0.1989675347273536,0.0,0.0,0.0,0.0,0.0,0.198,1.3860000000000001,-0.5148,-0.2,0.0,0.0,0.19722220547535924,0.0,0.0,-0.13505523973765646,0.0,0.0020777729190408684,square,0,0.2,0.5,4,8,13.019932270050049,0.0
1779527859.0255105,0.19722220547535924,0.0,0.0,-0.13505523973765646,0.0,0.0020777729190408684,11.800799999999999,1.2672,-0.35639999999999994,-0.2,0.0,0.0,0.1762782544514273,0.0,0.0,-1.7058515665325529,0.0,0.0,square,0,0.2,0.5,4,8,13.029958963394165,0.0
1779527859.0354548,0.1762782544514273,0.0,0.0,-1.7058515665325529,0.0,0.0,4.2768,1.98,-2.3760000000000003,-0.2,0.0,0.0,0.14311699866353503,0.0,0.0,-3.095881649370894,-0.004155545838081737,0.0020777729190408684,square,0,0.2,0.5,4,8,13.040036916732788,0.0
1779527859.0454636,0.14311699866353503,0.0,0.0,-3.095881649370894,-0.004155545838081737,0.0020777729190408684,6.8904,2.6532,3.1284,-0.2,0.0,0.0,0.10297442586766545,0.0,0.0,-3.773235620978217,0.0,-0.006233318757122605,square,0,0.2,0.5,4,8,13.049981117248535,0.0
1779527859.0561662,0.10297442586766545,0.0,0.0,-3.773235620978217,0.0,-0.006233318757122605,6.6528,2.0988,1.782,-0.2,0.0,0.0,0.05934119456780721,0.0,0.0,-4.319689898685965,0.0020777729190408684,0.004155545838081737,square,0,0.2,0.5,4,8,13.059989929199219,0.0
1779527859.065655,0.05934119456780721,0.0,0.0,-4.319689898685965,0.0020777729190408684,0.004155545838081737,1.4255999999999998,2.1384,0.5148,-0.2,0.0,0.0,0.05934119456780721,0.0,0.0,-4.319689898685965,0.0020777729190408684,0.004155545838081737,square,0,0.2,0.5,4,8,13.070692539215088,0.0
1779527859.075528,0.05934119456780721,0.0,0.0,-4.319689898685965,0.0020777729190408684,0.004155545838081737,1.4255999999999998,2.1384,0.5148,-0.2,0.0,0.0,-0.024434609527920613,0.0,0.0,-4.003868414991754,0.008311091676163474,0.004155545838081737,square,0,0.2,0.5,4,8,13.080181360244751,0.0
1779527859.0855052,-0.024434609527920613,0.0,0.0,-4.003868414991754,0.008311091676163474,0.004155545838081737,-1.584,0.7127999999999999,1.0296,-0.2,0.0,0.0,-0.05585053606381855,0.0,0.0,-3.3867698580366152,0.010388864595204342,-0.0020777729190408684,square,0,0.2,0.5,4,8,13.090054273605347,0.0
1779527859.0956159,-0.05585053606381855,0.0,0.0,-3.3867698580366152,0.010388864595204342,-0.0020777729190408684,-2.97,1.7028,-0.1584,-0.2,0.0,0.0,-0.08377580409572782,0.0,0.0,-2.8839488116287253,0.0,-0.008311091676163474,square,0,0.2,0.5,4,8,13.100031614303589,0.0
1779527859.105479,-0.08377580409572782,0.0,0.0,-2.8839488116287253,0.0,-0.008311091676163474,-2.9304,1.2276,-2.0196,-0.2,0.0,0.0,-0.10646508437165411,0.0,0.0,-2.3873610839779578,-0.004155545838081737,0.0,square,0,0.2,0.5,4,8,13.110142230987549,0.0
1779527859.1163669,-0.10646508437165411,0.0,0.0,-2.3873610839779578,-0.004155545838081737,0.0,-4.3164,0.9504,3.168,-0.2,0.0,0.0,-0.12566370614359174,0.0,0.0,-1.926095495950885,-0.029088820866572156,0.0020777729190408684,square,0,0.2,0.5,4,8,13.120005369186401,0.0
1779527859.1259203,-0.12566370614359174,0.0,0.0,-1.926095495950885,-0.029088820866572156,0.0020777729190408684,-2.5740000000000003,0.5544000000000001,-2.7720000000000002,-0.2,0.0,0.0,-0.13962634015954636,0.0,0.0,-1.5396297330092834,-0.031166593785613025,0.004155545838081737,square,0,0.2,0.5,4,8,13.130893230438232,0.0
1779527859.135446,-0.13962634015954636,0.0,0.0,-1.5396297330092834,-0.031166593785613025,0.004155545838081737,-0.35639999999999994,0.2376,0.6336,-0.2,0.0,0.0,-0.1518436449235067,0.0,0.0,-1.2383526597483576,-0.006233318757122605,0.0,square,0,0.2,0.5,4,8,13.140446662902832,0.0
1779527859.1468074,-0.1518436449235067,0.0,0.0,-1.2383526597483576,-0.006233318757122605,0.0,0.7127999999999999,0.6336,-0.3168,-0.2,0.0,0.0,-0.16057029118347835,0.0,0.0,-1.026419822006189,0.008311091676163474,0.0,square,0,0.2,0.5,4,8,13.149972438812256,0.0
1779527859.155396,-0.16057029118347835,0.0,0.0,-1.026419822006189,0.008311091676163474,0.0,0.0,1.1088000000000002,-0.6732,-0.2,0.0,0.0,-0.16929693744344998,0.0,0.0,-0.8435758051305926,0.010388864595204342,0.0,square,0,0.2,0.5,4,8,13.161333799362183,0.0
1779527859.1654248,-0.16929693744344998,0.0,0.0,-0.8435758051305926,0.010388864595204342,0.0,-0.0792,1.0692,-0.99,-0.2,0.0,0.0,-0.1762782544514273,0.0,0.0,-0.69397615495965,0.031166593785613025,0.0,square,0,0.2,0.5,4,8,13.169922351837158,0.0
1779527859.1754005,-0.1762782544514273,0.0,0.0,-0.69397615495965,0.031166593785613025,0.0,0.2376,1.9404,-0.4356,-0.2,0.0,0.0,-0.18151424220741028,0.0,0.0,-0.5568431423029527,0.018699956271367814,0.0,square,0,0.2,0.5,4,8,13.179951190948486,0.0
1779527859.1854362,-0.18151424220741028,0.0,0.0,-0.5568431423029527,0.018699956271367814,0.0,-0.1188,1.9008,-0.396,-0.2,0.0,0.0,-0.18500490071139894,0.0,0.0,-0.43217676716050063,0.010388864595204342,0.0,square,0,0.2,0.5,4,8,13.189926862716675,0.0
1779527859.1953986,-0.18500490071139894,0.0,0.0,-0.43217676716050063,0.010388864595204342,0.0,0.0396,1.7028,0.6732,-0.2,0.0,0.0,-0.18849555921538758,0.0,0.0,-0.3407547587227024,0.004155545838081737,0.0,square,0,0.2,0.5,4,8,13.199962615966797,0.0
1779527859.2054203,-0.18849555921538758,0.0,0.0,-0.3407547587227024,0.004155545838081737,0.0,0.5544000000000001,1.5444,-0.396,-0.2,0.0,0.0,-0.19198621771937624,0.0,0.0,-0.299199300341885,0.0,0.0,square,0,0.2,0.5,4,8,13.209924936294556,0.0
1779527859.2154307,-0.19198621771937624,0.0,0.0,-0.299199300341885,0.0,0.0,-0.27720000000000006,1.3464,0.198,-0.2,0.0,0.0,-0.1937315469713706,0.0,0.0,-0.2306327940135364,-0.0020777729190408684,-0.004155545838081737,square,0,0.2,0.5,4,8,13.21994662284851,0.0
1779527859.2254775,-0.1937315469713706,0.0,0.0,-0.2306327940135364,-0.0020777729190408684,-0.004155545838081737,-0.5148,1.3464,0.0396,-0.2,0.0,0.0,-0.1954768762233649,0.0,0.0,-0.17661069811847382,-0.008311091676163474,0.0,square,0,0.2,0.5,4,8,13.229957103729248,0.0
1779527859.235502,-0.1954768762233649,0.0,0.0,-0.17661069811847382,-0.008311091676163474,0.0,-0.7524000000000001,1.1483999999999999,-0.27720000000000006,-0.2,0.0,0.0,-0.1954768762233649,0.0,0.0,-0.13297746681861558,-0.010388864595204342,0.0,square,0,0.2,0.5,4,8,13.240003824234009,0.0
1779527859.2455869,-0.1954768762233649,0.0,0.0,-0.13297746681861558,-0.010388864595204342,0.0,-0.8712,0.9107999999999999,-0.396,-0.2,0.0,0.0,-0.19722220547535924,0.0,0.0,-0.09142200843779821,-0.008311091676163474,-0.0020777729190408684,square,0,0.2,0.5,4,8,13.250028371810913,0.0
1779527859.255434,-0.19722220547535924,0.0,0.0,-0.09142200843779821,-0.008311091676163474,-0.0020777729190408684,-0.4356,0.99,-0.35639999999999994,-0.2,0.0,0.0,-0.19722220547535924,0.0,0.0,-0.05194432297602171,-0.004155545838081737,0.0,square,0,0.2,0.5,4,8,13.26011323928833,0.0
1779527859.2654378,-0.19722220547535924,0.0,0.0,-0.05194432297602171,-0.004155545838081737,0.0,0.3168,0.99,-0.3168,-0.2,0.0,0.0,-0.19722220547535924,0.0,0.0,-0.05194432297602171,0.0,0.0,square,0,0.2,0.5,4,8,13.269960403442383,0.0
1779527859.2754335,-0.19722220547535924,0.0,0.0,-0.05194432297602171,0.0,0.0,-0.1584,0.9504,-0.4356,-0.2,0.0,0.0,-0.1989675347273536,0.0,0.0,-0.033244366704653895,0.004155545838081737,0.0,square,0,0.2,0.5,4,8,13.279964208602905,0.0
1779527859.2860386,-0.1989675347273536,0.0,0.0,-0.033244366704653895,0.004155545838081737,0.0,0.0792,1.2672,-0.4752,-0.2,0.0,0.0,-0.1989675347273536,0.0,0.0,-0.022855502109449553,0.014544410433286078,0.0,square,0,0.2,0.5,4,8,13.289959907531738,0.0
1779527859.2972655,-0.1989675347273536,0.0,0.0,-0.022855502109449553,0.014544410433286078,0.0,0.0792,1.5048000000000001,-0.396,-0.2,0.0,0.0,-0.1989675347273536,0.0,0.0,-0.018699956271367814,0.008311091676163474,0.0,square,0,0.2,0.5,4,8,13.300565004348755,0.0
1779527859.305801,-0.1989675347273536,0.0,0.0,-0.018699956271367814,0.008311091676163474,0.0,0.1584,1.5048000000000001,-0.396,-0.2,0.0,0.0,-0.1989675347273536,0.0,0.0,-0.014544410433286078,0.006233318757122605,0.0,square,0,0.2,0.5,4,8,13.311791896820068,0.0
1779527859.3154414,-0.1989675347273536,0.0,0.0,-0.014544410433286078,0.006233318757122605,0.0,0.1188,1.5048000000000001,-0.5148,-0.2,0.0,0.0,-0.1989675347273536,0.0,0.0,-0.0020777729190408684,0.004155545838081737,0.0,square,0,0.2,0.5,4,8,13.320327281951904,0.0
1779527859.325477,-0.1989675347273536,0.0,0.0,-0.0020777729190408684,0.004155545838081737,0.0,0.3168,1.584,-0.396,-0.2,0.0,0.0,-0.1989675347273536,0.0,0.0,-0.004155545838081737,0.0,0.0,square,0,0.2,0.5,4,8,13.329967737197876,0.0
1779527859.335507,-0.1989675347273536,0.0,0.0,-0.004155545838081737,0.0,0.0,0.3168,1.3068,-0.4356,-0.2,0.0,0.0,-0.1989675347273536,0.0,0.0,-0.006233318757122605,-0.006233318757122605,0.0,square,0,0.2,0.5,4,8,13.340003252029419,0.0
1779527859.346671,-0.1989675347273536,0.0,0.0,-0.006233318757122605,-0.006233318757122605,0.0,0.198,1.1483999999999999,-0.5148,-0.2,0.0,0.0,-0.1989675347273536,0.0,0.0,-0.006233318757122605,-0.006233318757122605,0.0020777729190408684,square,0,0.2,0.5,4,8,13.350033283233643,0.0
1779527859.3557038,-0.1989675347273536,0.0,0.0,-0.006233318757122605,-0.006233318757122605,0.0020777729190408684,-0.0792,1.1483999999999999,-0.3168,-0.2,0.0,0.0,-0.1989675347273536,0.0,0.0,-0.004155545838081737,-0.006233318757122605,0.0020777729190408684,square,0,0.2,0.5,4,8,13.361197471618652,0.0
1779527859.3657732,-0.1989675347273536,0.0,0.0,-0.004155545838081737,-0.006233318757122605,0.0020777729190408684,-0.1584,1.1483999999999999,-0.35639999999999994,-0.2,0.0,0.0,-0.1989675347273536,0.0,0.0,-0.0020777729190408684,-0.0020777729190408684,0.0,square,0,0.2,0.5,4,8,13.370230197906494,0.0
1779527859.3757808,-0.1989675347273536,0.0,0.0,-0.0020777729190408684,-0.0020777729190408684,0.0,-0.0792,1.1880000000000002,-0.35639999999999994,-0.2,0.0,0.0,-0.1989675347273536,0.0,0.0,-0.0020777729190408684,0.0,0.0,square,0,0.2,0.5,4,8,13.38029956817627,0.0
1779527859.3854277,-0.1989675347273536,0.0,0.0,-0.0020777729190408684,0.0,0.0,0.0,1.3464,-0.35639999999999994,-0.2,0.0,0.0,-0.1989675347273536,0.0,0.0,-0.0020777729190408684,0.0020777729190408684,0.0,square,0,0.2,0.5,4,8,13.390307188034058,0.0
1779527859.3954005,-0.1989675347273536,0.0,0.0,-0.0020777729190408684,0.0020777729190408684,0.0,-0.0792,1.4652,-0.27720000000000006,-0.2,0.0,0.0,-0.1989675347273536,0.0,0.0,0.0,0.0,0.0,square,0,0.2,0.5,4,8,13.399954080581665,0.0
1779527859.405391,-0.1989675347273536,0.0,0.0,0.0,0.0,0.0,-0.0396,1.3464,-0.396,-0.2,0.0,0.0,-0.1989675347273536,0.0,0.0,0.0,0.0,0.0,square,0,0.2,0.5,4,8,13.409926891326904,0.0
1779527859.4154274,-0.1989675347273536,0.0,0.0,0.0,0.0,0.0,0.0,1.3068,0.3168,-0.2,0.0,0.0,-0.1989675347273536,0.0,0.0,0.0020777729190408684,0.0,0.0,square,0,0.2,0.5,4,8,13.419917345046997,0.0
1779527859.42539,-0.1989675347273536,0.0,0.0,0.0020777729190408684,0.0,0.0,0.0396,1.4255999999999998,-0.4752,-0.2,0.0,0.0,-0.1989675347273536,0.0,0.0,0.0020777729190408684,0.0020777729190408684,0.0,square,0,0.2,0.5,4,8,13.429953813552856,0.0
1779527859.435504,-0.1989675347273536,0.0,0.0,0.0020777729190408684,0.0020777729190408684,0.0,-0.0396,1.3068,-0.27720000000000006,-0.2,0.0,0.0,-0.1989675347273536,0.0,0.0,0.0020777729190408684,0.0020777729190408684,0.0,square,0,0.2,0.5,4,8,13.439916372299194,0.0
1779527859.4454007,-0.1989675347273536,0.0,0.0,0.0020777729190408684,0.0020777729190408684,0.0,0.0,1.4652,-0.396,-0.2,0.0,0.0,-0.1989675347273536,0.0,0.0,0.0,0.0,0.0020777729190408684,square,0,0.2,0.5,4,8,13.450030326843262,0.0
1779527859.4553988,-0.1989675347273536,0.0,0.0,0.0,0.0,0.0020777729190408684,-0.0396,1.4255999999999998,-0.396,-0.2,0.0,0.0,-0.1989675347273536,0.0,0.0,0.0020777729190408684,-0.0020777729190408684,0.0,square,0,0.2,0.5,4,8,13.459927082061768,0.0
1779527859.4654176,-0.1989675347273536,0.0,0.0,0.0020777729190408684,-0.0020777729190408684,0.0,0.0,1.5048000000000001,-0.3168,-0.2,0.0,0.0,-0.1989675347273536,0.0,0.0,0.0,-0.0020777729190408684,0.0,square,0,0.2,0.5,4,8,13.469925165176392,0.0
1779527859.4754026,-0.1989675347273536,0.0,0.0,0.0,-0.0020777729190408684,0.0,-0.0792,1.5048000000000001,-0.35639999999999994,-0.2,0.0,0.0,-0.1989675347273536,0.0,0.0,0.0,-0.0020777729190408684,0.0,square,0,0.2,0.5,4,8,13.479943990707397,0.0
1779527859.4854884,-0.1989675347273536,0.0,0.0,0.0,-0.0020777729190408684,0.0,0.0,1.3860000000000001,-0.35639999999999994,-0.2,0.0,0.0,-0.1989675347273536,0.0,0.0,-0.0020777729190408684,0.0,0.0,square,0,0.2,0.5,4,8,13.489928960800171,0.0
1779527859.4973679,-0.1989675347273536,0.0,0.0,-0.0020777729190408684,0.0,0.0,-0.1188,1.3860000000000001,-0.4752,-0.2,0.0,0.0,-0.1989675347273536,0.0,0.0,-0.0020777729190408684,0.0,0.0,square,0,0.2,0.5,4,8,13.500014781951904,0.0
1779527859.5054557,-0.1989675347273536,0.0,0.0,-0.0020777729190408684,0.0,0.0,-0.0792,1.3068,-0.27720000000000006,-0.2,0.0,0.0,-0.1989675347273536,0.0,0.0,0.0,0.0,0.0,square,0,0.2,0.5,4,8,13.511894226074219,0.0
1779527859.515439,-0.1989675347273536,0.0,0.0,0.0,0.0,0.0,0.1584,1.3860000000000001,-0.27720000000000006,-0.2,0.0,0.0,-0.1989675347273536,0.0,0.0,-0.0020777729190408684,0.0,0.0,square,0,0.2,0.5,4,8,13.519982099533081,0.0
1779527859.5254164,-0.1989675347273536,0.0,0.0,-0.0020777729190408684,0.0,0.0,0.1584,1.5444,-0.2376,-0.2,0.0,0.0,-0.1989675347273536,0.0,0.0,0.0,0.0,0.0,square,0,0.2,0.5,4,8,13.5299654006958,0.0
1779527859.5354176,-0.1989675347273536,0.0,0.0,0.0,0.0,0.0,0.0792,1.584,-0.27720000000000006,-0.2,0.0,0.0,-0.1989675347273536,0.0,0.0,0.0,0.0,0.0,square,0,0.2,0.5,4,8,13.539942741394043,0.0
1779527859.5454426,-0.1989675347273536,0.0,0.0,0.0,0.0,0.0,0.1188,1.5048000000000001,-0.4356,-0.2,0.0,0.0,-0.1989675347273536,0.0,0.0,0.0,0.0,0.0,square,0,0.2,0.5,4,8,13.549943923950195,0.0
1779527859.5553825,-0.1989675347273536,0.0,0.0,0.0,0.0,0.0,-0.1188,1.4652,-0.4356,-0.2,0.0,0.0,-0.1989675347273536,0.0,0.0,0.0020777729190408684,-0.0020777729190408684,0.0,square,0,0.2,0.5,4,8,13.559968948364258,0.0
1779527859.565394,-0.1989675347273536,0.0,0.0,0.0020777729190408684,-0.0020777729190408684,0.0,-0.0396,1.4652,-0.3168,-0.2,0.0,0.0,-0.1989675347273536,0.0,0.0,0.004155545838081737,-0.0020777729190408684,0.0,square,0,0.2,0.5,4,8,13.569908857345581,0.0
1779527859.5754213,-0.1989675347273536,0.0,0.0,0.004155545838081737,-0.0020777729190408684,0.0,0.0,1.4255999999999998,0.3168,-0.2,0.0,0.0,-0.1989675347273536,0.0,0.0,0.0,0.0,0.0,square,0,0.2,0.5,4,8,13.579920291900635,0.0
1779527859.5857103,-0.1989675347273536,0.0,0.0,0.0,0.0,0.0,0.0,1.3464,-0.4356,-0.2,0.0,0.0,-0.1989675347273536,0.0,0.0,0.0,0.0020777729190408684,0.0,square,0,0.2,0.5,4,8,13.589947700500488,0.0
1779527859.5955563,-0.1989675347273536,0.0,0.0,0.0,0.0020777729190408684,0.0,-0.0792,1.4652,-0.4356,-0.2,0.0,0.0,-0.1989675347273536,0.0,0.0,0.0,0.0,0.0,square,0,0.2,0.5,4,8,13.600236654281616,0.0
1779527859.6053877,-0.1989675347273536,0.0,0.0,0.0,0.0,0.0,-0.1584,1.5048000000000001,-0.4356,-0.2,0.0,0.0,-0.1989675347273536,0.0,0.0,0.0,0.0,0.0,square,0,0.2,0.5,4,8,13.610082626342773,0.0
1779527859.6154246,-0.1989675347273536,0.0,0.0,0.0,0.0,0.0,0.198,1.6236000000000002,-0.4356,-0.2,0.0,0.0,-0.1989675347273536,0.0,0.0,0.0,0.0,0.0,square,0,0.2,0.5,4,8,13.619914054870605,0.0
1779527859.625412,-0.1989675347273536,0.0,0.0,0.0,0.0,0.0,0.198,1.584,-0.3168,-0.2,0.0,0.0,-0.1989675347273536,0.0,0.0,0.0,0.0,0.0,square,0,0.2,0.5,4,8,13.629951000213623,0.0
1779527859.6354551,-0.1989675347273536,0.0,0.0,0.0,0.0,0.0,0.1584,1.4255999999999998,-0.3168,-0.2,0.0,0.0,-0.1989675347273536,0.0,0.0,0.0020777729190408684,0.0,0.0,square,0,0.2,0.5,4,8,13.639938354492188,0.0
1779527859.645441,-0.1989675347273536,0.0,0.0,0.0020777729190408684,0.0,0.0,-0.0792,1.3860000000000001,-0.27720000000000006,-0.2,0.0,0.0,-0.1989675347273536,0.0,0.0,0.0,0.0,0.0,square,0,0.2,0.5,4,8,13.649981498718262,0.0
1779527859.655477,-0.1989675347273536,0.0,0.0,0.0,0.0,0.0,-0.1584,1.5444,-0.35639999999999994,-0.2,0.0,0.0,-0.1989675347273536,0.0,0.0,0.0,0.0,0.0,square,0,0.2,0.5,4,8,13.659967422485352,0.0
1779527859.6654513,-0.1989675347273536,0.0,0.0,0.0,0.0,0.0,-0.1188,1.3860000000000001,-0.3168,-0.2,0.0,0.0,-0.1989675347273536,0.0,0.0,0.0,0.0,0.0020777729190408684,square,0,0.2,0.5,4,8,13.670003414154053,0.0
1779527859.6754797,-0.1989675347273536,0.0,0.0,0.0,0.0,0.0020777729190408684,0.1188,1.3464,-0.35639999999999994,-0.2,0.0,0.0,-0.1989675347273536,0.0,0.0,0.0,-0.004155545838081737,0.0,square,0,0.2,0.5,4,8,13.679977655410767,0.0
1779527859.685448,-0.1989675347273536,0.0,0.0,0.0,-0.004155545838081737,0.0,-0.0792,1.3464,-0.396,-0.2,0.0,0.0,-0.1989675347273536,0.0,0.0,0.0,0.0,-0.0020777729190408684,square,0,0.2,0.5,4,8,13.690006017684937,0.0
1779527859.695423,-0.1989675347273536,0.0,0.0,0.0,0.0,-0.0020777729190408684,-0.1584,1.4652,0.3168,-0.2,0.0,0.0,-0.1989675347273536,0.0,0.0,-0.0020777729190408684,0.0020777729190408684,0.0,square,0,0.2,0.5,4,8,13.699974298477173,0.0
1779527859.7055256,-0.1989675347273536,0.0,0.0,-0.0020777729190408684,0.0020777729190408684,0.0,0.198,1.4255999999999998,-0.3168,-0.2,0.0,0.0,-0.1989675347273536,0.0,0.0,-0.0020777729190408684,0.0,0.0,square,0,0.2,0.5,4,8,13.709949254989624,0.0
1779527859.7154243,-0.1989675347273536,0.0,0.0,-0.0020777729190408684,0.0,0.0,0.2376,1.4255999999999998,-0.2376,-0.2,0.0,0.0,-0.1989675347273536,0.0,0.0,-0.0020777729190408684,0.0,-0.0020777729190408684,square,0,0.2,0.5,4,8,13.720052003860474,0.0
1779527859.7258902,-0.1989675347273536,0.0,0.0,-0.0020777729190408684,0.0,-0.0020777729190408684,0.27720000000000006,1.6236000000000002,-0.27720000000000006,-0.2,0.0,0.0,-0.1989675347273536,0.0,0.0,0.0,0.0,0.0,square,0,0.2,0.5,4,8,13.729950666427612,0.0
1779527859.7354374,-0.1989675347273536,0.0,0.0,0.0,0.0,0.0,0.2376,1.584,-0.35639999999999994,-0.2,0.0,0.0,-0.1989675347273536,0.0,0.0,0.0,0.0,0.0,square,0,0.2,0.5,4,8,13.740416526794434,0.0
1779527859.745428,-0.1989675347273536,0.0,0.0,0.0,0.0,0.0,0.198,1.5444,-0.35639999999999994,-0.2,0.0,0.0,-0.1989675347273536,0.0,0.0,0.0020777729190408684,0.0,0.0,square,0,0.2,0.5,4,8,13.749963760375977,0.0
1779527859.755479,-0.1989675347273536,0.0,0.0,0.0020777729190408684,0.0,0.0,-0.1188,1.584,-0.35639999999999994,-0.2,0.0,0.0,-0.1989675347273536,0.0,0.0,0.0,0.0,0.0,square,0,0.2,0.5,4,8,13.759954452514648,0.0
1779527859.7654254,-0.1989675347273536,0.0,0.0,0.0,0.0,0.0,-0.1188,1.5444,-0.198,-0.2,0.0,0.0,-0.1989675347273536,0.0,0.0,0.0020777729190408684,0.0,0.0,square,0,0.2,0.5,4,8,13.770005464553833,0.0
1779527859.7755365,-0.1989675347273536,0.0,0.0,0.0020777729190408684,0.0,0.0,-0.1584,1.3860000000000001,-0.198,-0.2,0.0,0.0,-0.1989675347273536,0.0,0.0,0.0,0.0,0.0,square,0,0.2,0.5,4,8,13.779951810836792,0.0
1779527859.785463,-0.1989675347273536,0.0,0.0,0.0,0.0,0.0,-0.0792,1.4652,-0.2376,-0.2,0.0,0.0,-0.1989675347273536,0.0,0.0,-0.0020777729190408684,0.0,0.0,square,0,0.2,0.5,4,8,13.79006290435791,0.0
1779527859.7954779,-0.1989675347273536,0.0,0.0,-0.0020777729190408684,0.0,0.0,-0.1584,1.3068,-0.1188,-0.2,0.0,0.0,-0.1989675347273536,0.0,0.0,0.0,0.0,0.0,square,0,0.2,0.5,4,8,13.799989461898804,0.0
1779527859.8054457,-0.1989675347273536,0.0,0.0,0.0,0.0,0.0,0.198,1.4652,-0.35639999999999994,-0.2,0.0,0.0,-0.1989675347273536,0.0,0.0,-0.0020777729190408684,0.0,0.0020777729190408684,square,0,0.2,0.5,4,8,13.810004234313965,0.0
1779527859.8154309,-0.1989675347273536,0.0,0.0,-0.0020777729190408684,0.0,0.0020777729190408684,0.2376,1.3464,-0.27720000000000006,-0.2,0.0,0.0,-0.1989675347273536,0.0,0.0,-0.0020777729190408684,0.0,0.0,square,0,0.2,0.5,4,8,13.819972038269043,0.0
1779527859.8254335,-0.1989675347273536,0.0,0.0,-0.0020777729190408684,0.0,0.0,0.2376,1.584,-0.35639999999999994,-0.2,0.0,0.0,-0.1989675347273536,0.0,0.0,0.0,0.0,-0.0020777729190408684,square,0,0.2,0.5,4,8,13.829957246780396,0.0
1779527859.8354306,-0.1989675347273536,0.0,0.0,0.0,0.0,-0.0020777729190408684,0.2376,1.4652,-0.27720000000000006,-0.2,0.0,0.0,-0.1989675347273536,0.0,0.0,0.0020777729190408684,-0.0020777729190408684,-0.0020777729190408684,square,0,0.2,0.5,4,8,13.839959859848022,0.0
1779527859.845461,-0.1989675347273536,0.0,0.0,0.0020777729190408684,-0.0020777729190408684,-0.0020777729190408684,0.1188,1.3464,0.3168,-0.2,0.0,0.0,-0.1989675347273536,0.0,0.0,0.0,0.0,0.0,square,0,0.2,0.5,4,8,13.84995698928833,0.0
1779527859.8556392,-0.1989675347273536,0.0,0.0,0.0,0.0,0.0,-0.1188,1.4255999999999998,-0.27720000000000006,-0.2,0.0,0.0,-0.1989675347273536,0.0,0.0,0.0020777729190408684,0.0,0.0,square,0,0.2,0.5,4,8,13.859987258911133,0.0
1779527859.8654294,-0.1989675347273536,0.0,0.0,0.0020777729190408684,0.0,0.0,-0.0792,1.4255999999999998,-0.3168,-0.2,0.0,0.0,-0.1989675347273536,0.0,0.0,0.0020777729190408684,0.0,0.0,square,0,0.2,0.5,4,8,13.870165586471558,0.0
1779527859.8754165,-0.1989675347273536,0.0,0.0,0.0020777729190408684,0.0,0.0,-0.0792,1.4255999999999998,-0.198,-0.2,0.0,0.0,-0.1989675347273536,0.0,0.0,0.0,0.0,0.0,square,0,0.2,0.5,4,8,13.879955768585205,0.0
1779527859.885424,-0.1989675347273536,0.0,0.0,0.0,0.0,0.0,-0.0792,1.4255999999999998,-0.1584,-0.2,0.0,0.0,-0.1989675347273536,0.0,0.0,0.0,0.0,0.0,square,0,0.2,0.5,4,8,13.88994288444519,0.0
1779527859.8954706,-0.1989675347273536,0.0,0.0,0.0,0.0,0.0,-0.0792,1.5048000000000001,-0.35639999999999994,-0.2,0.0,0.0,-0.1989675347273536,0.0,0.0,-0.004155545838081737,0.0,0.0,square,0,0.2,0.5,4,8,13.8999502658844,0.0
1779527859.9054594,-0.1989675347273536,0.0,0.0,-0.004155545838081737,0.0,0.0,0.2376,1.584,-0.198,-0.2,0.0,0.0,-0.1989675347273536,0.0,0.0,-0.0020777729190408684,0.0,0.0,square,0,0.2,0.5,4,8,13.90999698638916,0.0
1779527859.915628,-0.1989675347273536,0.0,0.0,-0.0020777729190408684,0.0,0.0,0.198,1.584,-0.27720000000000006,-0.2,0.0,0.0,-0.1989675347273536,0.0,0.0,0.0,0.0,0.0,square,0,0.2,0.5,4,8,13.9199857711792,0.0
1779527859.9255674,-0.1989675347273536,0.0,0.0,0.0,0.0,0.0,0.2376,1.4652,-0.27720000000000006,-0.2,0.0,0.0,-0.1989675347273536,0.0,0.0,0.0,0.0020777729190408684,0.0,square,0,0.2,0.5,4,8,13.93015432357788,0.0
1779527859.9355512,-0.1989675347273536,0.0,0.0,0.0,0.0020777729190408684,0.0,0.2376,1.3860000000000001,0.1584,-0.2,0.0,0.0,-0.1989675347273536,0.0,0.0,0.0,0.0,0.0,square,0,0.2,0.5,4,8,13.940093755722046,0.0
1779527859.9455,-0.1989675347273536,0.0,0.0,0.0,0.0,0.0,0.198,1.4652,-0.3168,-0.2,0.0,0.0,-0.1989675347273536,0.0,0.0,0.0,0.0,0.0,square,0,0.2,0.5,4,8,13.950077533721924,0.0
1779527859.955482,-0.1989675347273536,0.0,0.0,0.0,0.0,0.0,0.1584,1.5444,-0.198,-0.2,0.0,0.0,-0.1989675347273536,0.0,0.0,0.0,0.0,0.0,square,0,0.2,0.5,4,8,13.960026264190674,0.0
1779527859.9659529,-0.1989675347273536,0.0,0.0,0.0,0.0,0.0,-0.1188,1.6632,-0.2376,-0.2,0.0,0.0,-0.1989675347273536,0.0,0.0,0.0,-0.0020777729190408684,0.0,square,0,0.2,0.5,4,8,13.970008373260498,0.0
1779527859.9772255,-0.1989675347273536,0.0,0.0,0.0,-0.0020777729190408684,0.0,-0.1188,1.5444,-0.1584,-0.2,0.0,0.0,-0.1989675347273536,0.0,0.0,0.0,0.0,0.0,square,0,0.2,0.5,4,8,13.98047924041748,0.0
1779527859.988331,-0.1989675347273536,0.0,0.0,0.0,0.0,0.0,-0.0792,1.4255999999999998,-0.35639999999999994,-0.2,0.0,0.0,-0.1989675347273536,0.0,0.0,0.0,0.0,0.0,square,0,0.2,0.5,4,8,13.991751909255981,0.0
1779527859.9957585,-0.1989675347273536,0.0,0.0,0.0,0.0,0.0,-0.0792,1.6236000000000002,-0.3168,0.2,0.0,0.0,-0.1989675347273536,0.0,0.0,0.0,0.0,0.0,square,0,0.2,0.5,4,8,14.002857446670532,0.0
1779527860.0080283,-0.1989675347273536,0.0,0.0,0.0,0.0,0.0,-0.1188,1.4652,-0.1584,0.2,0.0,0.0,-0.1989675347273536,0.0,0.0,0.0,0.0,0.0,square,0,0.2,0.5,4,8,14.010284900665283,0.0
1779527860.0155544,-0.1989675347273536,0.0,0.0,0.0,0.0,0.0,-0.1188,1.4652,-0.3168,0.2,0.0,0.0,-0.19722220547535924,0.0,0.0,0.13505523973765646,0.0,0.0,square,0,0.2,0.5,4,8,14.022554636001587,0.0
1779527860.025517,-0.19722220547535924,0.0,0.0,0.13505523973765646,0.0,0.0,12.038400000000001,1.4652,-0.1584,0.2,0.0,0.0,-0.1762782544514273,0.0,0.0,1.6975404748563894,0.0,-0.0020777729190408684,square,0,0.2,0.5,4,8,14.030080795288086,0.0
1779527860.035567,-0.1762782544514273,0.0,0.0,1.6975404748563894,0.0,-0.0020777729190408684,5.742,2.4155999999999995,-0.4752,0.2,0.0,0.0,-0.14311699866353503,0.0,0.0,3.1187371514803433,0.0,0.0020777729190408684,square,0,0.2,0.5,4,8,14.040043354034424,0.0
1779527860.045811,-0.14311699866353503,0.0,0.0,3.1187371514803433,0.0,0.0020777729190408684,7.0884,3.564,0.7127999999999999,0.2,0.0,0.0,-0.10297442586766545,0.0,0.0,3.783624485573421,0.0020777729190408684,0.0,square,0,0.2,0.5,4,8,14.050093412399292,0.0
1779527860.0555065,-0.10297442586766545,0.0,0.0,3.783624485573421,0.0020777729190408684,0.0,5.5440000000000005,2.8116000000000003,0.1584,0.2,0.0,0.0,-0.05759586531581287,0.0,0.0,4.359167584147742,-0.008311091676163474,-0.004155545838081737,square,0,0.2,0.5,4,8,14.06033730506897,0.0
1779527860.0654078,-0.05759586531581287,0.0,0.0,4.359167584147742,-0.008311091676163474,-0.004155545838081737,1.584,1.98,0.396,0.2,0.0,0.0,-0.012217304763960306,0.0,0.0,4.4734450946949895,-0.018699956271367814,0.0,square,0,0.2,0.5,4,8,14.070032835006714,0.0
1779527860.0755029,-0.012217304763960306,0.0,0.0,4.4734450946949895,-0.018699956271367814,0.0,1.4255999999999998,1.0692,-0.1584,0.2,0.0,0.0,0.02617993877991494,0.0,0.0,3.993479550396549,-0.02701104794753129,0.006233318757122605,square,0,0.2,0.5,4,8,14.079934120178223,0.0
1779527860.0854297,0.02617993877991494,0.0,0.0,3.993479550396549,-0.02701104794753129,0.006233318757122605,-1.1483999999999999,0.0,0.6336,0.2,0.0,0.0,0.05759586531581287,0.0,0.0,3.3389810808986753,-0.02701104794753129,0.006233318757122605,square,0,0.2,0.5,4,8,14.090029239654541,0.0
1779527860.0954266,0.05759586531581287,0.0,0.0,3.3389810808986753,-0.02701104794753129,0.006233318757122605,-2.0988,-0.0396,0.396,0.2,0.0,0.0,0.08377580409572782,0.0,0.0,2.8673266282763983,0.0,0.0,square,0,0.2,0.5,4,8,14.099956035614014,0.0
1779527860.105469,0.08377580409572782,0.0,0.0,2.8673266282763983,0.0,0.0,-4.1184,0.5940000000000001,0.0396,0.2,0.0,0.0,0.10646508437165411,0.0,0.0,2.3707389006256308,0.031166593785613025,-0.010388864595204342,square,0,0.2,0.5,4,8,14.109952926635742,0.0
1779527860.1154342,0.10646508437165411,0.0,0.0,2.3707389006256308,0.031166593785613025,-0.010388864595204342,-4.752000000000001,1.584,-1.3068,0.2,0.0,0.0,0.12566370614359174,0.0,0.0,1.926095495950885,0.0394776854617765,0.0,square,0,0.2,0.5,4,8,14.119995355606079,0.0
1779527860.1254346,0.12566370614359174,0.0,0.0,1.926095495950885,0.0394776854617765,0.0,-2.2967999999999997,2.4155999999999995,-1.5444,0.2,0.0,0.0,0.13962634015954636,0.0,0.0,1.5562519163616104,0.022855502109449553,-0.0020777729190408684,square,0,0.2,0.5,4,8,14.129960536956787,0.0
1779527860.1354485,0.13962634015954636,0.0,0.0,1.5562519163616104,0.022855502109449553,-0.0020777729190408684,-0.27720000000000006,2.1780000000000004,-0.8712,0.2,0.0,0.0,0.1518436449235067,0.0,0.0,1.2487415243435618,0.004155545838081737,0.0,square,0,0.2,0.5,4,8,14.139961004257202,0.0
1779527860.145442,0.1518436449235067,0.0,0.0,1.2487415243435618,0.004155545838081737,0.0,0.3168,1.5444,-0.0792,0.2,0.0,0.0,0.16057029118347835,0.0,0.0,1.0014865469776986,0.0,-0.0020777729190408684,square,0,0.2,0.5,4,8,14.149974822998047,0.0
1779527860.155439,0.16057029118347835,0.0,0.0,1.0014865469776986,0.0,-0.0020777729190408684,0.5544000000000001,1.4652,0.6336,0.2,0.0,0.0,0.16929693744344998,0.0,0.0,0.8414980322115517,-0.010388864595204342,0.0,square,0,0.2,0.5,4,8,14.159968376159668,0.0
1779527860.1654267,0.16929693744344998,0.0,0.0,0.8414980322115517,-0.010388864595204342,0.0,0.0,1.1483999999999999,-0.35639999999999994,0.2,0.0,0.0,0.1762782544514273,0.0,0.0,0.6856650632834865,-0.008311091676163474,0.0,square,0,0.2,0.5,4,8,14.169965267181396,0.0
1779527860.1754594,0.1762782544514273,0.0,0.0,0.6856650632834865,-0.008311091676163474,0.0,0.0,1.1483999999999999,0.198,0.2,0.0,0.0,0.18151424220741028,0.0,0.0,0.5672320068981571,-0.01246663751424521,0.0,square,0,0.2,0.5,4,8,14.17995309829712,0.0
1779527860.185436,0.18151424220741028,0.0,0.0,0.5672320068981571,-0.01246663751424521,0.0,-0.5544000000000001,1.0296,-0.2376,0.2,0.0,0.0,0.18500490071139894,0.0,0.0,0.4467211775937867,-0.008311091676163474,0.0,square,0,0.2,0.5,4,8,14.189985752105713,0.0
1779527860.1954145,0.18500490071139894,0.0,0.0,0.4467211775937867,-0.008311091676163474,0.0,-0.35639999999999994,1.0692,-0.198,0.2,0.0,0.0,0.18849555921538758,0.0,0.0,0.33867698580366157,-0.008311091676163474,0.0,square,0,0.2,0.5,4,8,14.199962377548218,0.0
1779527860.2055638,0.18849555921538758,0.0,0.0,0.33867698580366157,-0.008311091676163474,0.0,0.2376,0.8712,-0.27720000000000006,0.2,0.0,0.0,0.19198621771937624,0.0,0.0,0.2867326628276398,-0.010388864595204342,0.0,square,0,0.2,0.5,4,8,14.209940910339355,0.0
1779527860.2154684,0.19198621771937624,0.0,0.0,0.2867326628276398,-0.010388864595204342,0.0,-0.396,0.6732,-0.2376,0.2,0.0,0.0,0.1937315469713706,0.0,0.0,0.22024392941833204,0.0020777729190408684,0.0,square,0,0.2,0.5,4,8,14.22009015083313,0.0
1779527860.2254183,0.1937315469713706,0.0,0.0,0.22024392941833204,0.0020777729190408684,0.0,-0.5148,1.0692,0.3168,0.2,0.0,0.0,0.1954768762233649,0.0,0.0,0.1703773793613512,0.018699956271367814,-0.0020777729190408684,square,0,0.2,0.5,4,8,14.229994773864746,0.0
1779527860.235485,0.1954768762233649,0.0,0.0,0.1703773793613512,0.018699956271367814,-0.0020777729190408684,-0.6732,1.4652,-0.27720000000000006,0.2,0.0,0.0,0.1954768762233649,0.0,0.0,0.1246663751424521,0.018699956271367814,0.0,square,0,0.2,0.5,4,8,14.239944696426392,0.0
1779527860.245411,0.1954768762233649,0.0,0.0,0.1246663751424521,0.018699956271367814,0.0,-0.35639999999999994,1.782,-0.0792,0.2,0.0,0.0,0.19722220547535924,0.0,0.0,0.0851886896806756,0.014544410433286078,0.0,square,0,0.2,0.5,4,8,14.250011444091797,0.0
1779527860.255427,0.19722220547535924,0.0,0.0,0.0851886896806756,0.014544410433286078,0.0,0.0,1.6236000000000002,-0.0792,0.2,0.0,0.0,0.19722220547535924,0.0,0.0,0.06025541465218518,0.004155545838081737,0.0,square,0,0.2,0.5,4,8,14.259937286376953,0.0
1779527860.2654152,0.19722220547535924,0.0,0.0,0.06025541465218518,0.004155545838081737,0.0,0.27720000000000006,1.4255999999999998,-0.2376,0.2,0.0,0.0,0.19722220547535924,0.0,0.0,0.06025541465218518,0.0,0.0,square,0,0.2,0.5,4,8,14.26995325088501,0.0
1779527860.2755837,0.19722220547535924,0.0,0.0,0.06025541465218518,0.0,0.0,0.27720000000000006,1.2276,-0.3168,0.2,0.0,0.0,0.1989675347273536,0.0,0.0,0.03739991254273563,-0.004155545838081737,0.0,square,0,0.2,0.5,4,8,14.27994155883789,0.0
1779527860.2855635,0.1989675347273536,0.0,0.0,0.03739991254273563,-0.004155545838081737,0.0,0.0792,1.4255999999999998,-0.2376,0.2,0.0,0.0,0.1989675347273536,0.0,0.0,0.020777729190408684,-0.006233318757122605,0.0,square,0,0.2,0.5,4,8,14.290110111236572,0.0
1779527860.2955403,0.1989675347273536,0.0,0.0,0.020777729190408684,-0.006233318757122605,0.0,0.0396,1.1880000000000002,-0.27720000000000006,0.2,0.0,0.0,0.1989675347273536,0.0,0.0,0.014544410433286078,-0.010388864595204342,0.0,square,0,0.2,0.5,4,8,14.300089836120605,0.0
1779527860.305414,0.1989675347273536,0.0,0.0,0.014544410433286078,-0.010388864595204342,0.0,0.2376,1.0692,-0.27720000000000006,0.2,0.0,0.0,0.1989675347273536,0.0,0.0,0.006233318757122605,-0.006233318757122605,0.0,square,0,0.2,0.5,4,8,14.31006669998169,0.0
1779527860.3154106,0.1989675347273536,0.0,0.0,0.006233318757122605,-0.006233318757122605,0.0,0.3168,1.0692,-0.2376,0.2,0.0,0.0,0.1989675347273536,0.0,0.0,0.0,0.0,0.0,square,0,0.2,0.5,4,8,14.319940328598022,0.0
1779527860.3255203,0.1989675347273536,0.0,0.0,0.0,0.0,0.0,0.6336,1.1088000000000002,-0.1584,0.2,0.0,0.0,0.1989675347273536,0.0,0.0,-0.0020777729190408684,0.006233318757122605,0.0,square,0,0.2,0.5,4,8,14.329936981201172,0.0
1779527860.3355572,0.1989675347273536,0.0,0.0,-0.0020777729190408684,0.006233318757122605,0.0,0.7127999999999999,1.2672,-0.1584,0.2,0.0,0.0,0.1989675347273536,0.0,0.0,-0.0020777729190408684,0.008311091676163474,-0.0020777729190408684,square,0,0.2,0.5,4,8,14.340046644210815,0.0
1779527860.345433,0.1989675347273536,0.0,0.0,-0.0020777729190408684,0.008311091676163474,-0.0020777729190408684,0.7524000000000001,1.3464,-0.1584,0.2,0.0,0.0,0.1989675347273536,0.0,0.0,0.0020777729190408684,0.004155545838081737,0.0,square,0,0.2,0.5,4,8,14.350083589553833,0.0
1779527860.3554113,0.1989675347273536,0.0,0.0,0.0020777729190408684,0.004155545838081737,0.0,0.6732,1.4255999999999998,-0.2376,0.2,0.0,0.0,0.1989675347273536,0.0,0.0,0.008311091676163474,0.0020777729190408684,0.0,square,0,0.2,0.5,4,8,14.359959363937378,0.0
1779527860.3654125,0.1989675347273536,0.0,0.0,0.008311091676163474,0.0020777729190408684,0.0,0.396,1.2672,-0.198,0.2,0.0,0.0,0.1989675347273536,0.0,0.0,0.010388864595204342,0.0,0.0,square,0,0.2,0.5,4,8,14.369937658309937,0.0
1779527860.3755195,0.1989675347273536,0.0,0.0,0.010388864595204342,0.0,0.0,0.0396,1.3860000000000001,-0.1584,0.2,0.0,0.0,0.1989675347273536,0.0,0.0,0.016622183352326948,0.0,0.0,square,0,0.2,0.5,4,8,14.379938840866089,0.0
1779527860.3854263,0.1989675347273536,0.0,0.0,0.016622183352326948,0.0,0.0,-0.1188,1.4255999999999998,-0.27720000000000006,0.2,0.0,0.0,0.1989675347273536,0.0,0.0,0.01246663751424521,0.0,0.0,square,0,0.2,0.5,4,8,14.390045881271362,0.0
1779527860.395471,0.1989675347273536,0.0,0.0,0.01246663751424521,0.0,0.0,0.198,1.3068,-0.1584,0.2,0.0,0.0,0.1989675347273536,0.0,0.0,0.004155545838081737,0.0,-0.0020777729190408684,square,0,0.2,0.5,4,8,14.39995265007019,0.0
1779527860.405522,0.1989675347273536,0.0,0.0,0.004155545838081737,0.0,-0.0020777729190408684,0.198,1.2672,-0.0792,0.2,0.0,0.0,0.1989675347273536,0.0,0.0,0.0,0.0,0.0,square,0,0.2,0.5,4,8,14.409997463226318,0.0
1779527860.4154155,0.1989675347273536,0.0,0.0,0.0,0.0,0.0,0.0,1.4652,-0.1188,0.2,0.0,0.0,0.1989675347273536,0.0,0.0,-0.0020777729190408684,0.0,0.0,square,0,0.2,0.5,4,8,14.420048475265503,0.0
1779527860.425405,0.1989675347273536,0.0,0.0,-0.0020777729190408684,0.0,0.0,0.0396,1.2672,-0.198,0.2,0.0,0.0,0.1989675347273536,0.0,0.0,-0.004155545838081737,0.0,0.0,square,0,0.2,0.5,4,8,14.429941892623901,0.0
1779527860.435434,0.1989675347273536,0.0,0.0,-0.004155545838081737,0.0,0.0,0.0792,1.3068,-0.27720000000000006,0.2,0.0,0.0,0.1989675347273536,0.0,0.0,-0.0020777729190408684,-0.0020777729190408684,0.0,square,0,0.2,0.5,4,8,14.439931392669678,0.0
1779527860.4456067,0.1989675347273536,0.0,0.0,-0.0020777729190408684,-0.0020777729190408684,0.0,0.0396,1.3860000000000001,-0.27720000000000006,0.2,0.0,0.0,0.1989675347273536,0.0,0.0,-0.004155545838081737,0.0,0.0,square,0,0.2,0.5,4,8,14.449960470199585,0.0
1779527860.4554112,0.1989675347273536,0.0,0.0,-0.004155545838081737,0.0,0.0,0.1188,1.3860000000000001,-0.0396,0.2,0.0,0.0,0.1989675347273536,0.0,0.0,-0.0020777729190408684,0.0,0.0,square,0,0.2,0.5,4,8,14.460133075714111,0.0
1779527860.4659603,0.1989675347273536,0.0,0.0,-0.0020777729190408684,0.0,0.0,0.0,1.3068,-0.2376,0.2,0.0,0.0,0.1989675347273536,0.0,0.0,0.0,0.0,0.0,square,0,0.2,0.5,4,8,14.469937562942505,0.0
1779527860.4753847,0.1989675347273536,0.0,0.0,0.0,0.0,0.0,0.0,1.3068,-0.1584,0.2,0.0,0.0,0.1989675347273536,0.0,0.0,-0.0020777729190408684,0.0,0.0,square,0,0.2,0.5,4,8,14.480486631393433,0.0
1779527860.4855542,0.1989675347273536,0.0,0.0,-0.0020777729190408684,0.0,0.0,-0.0792,1.5048000000000001,-0.1188,0.2,0.0,0.0,0.1989675347273536,0.0,0.0,0.0020777729190408684,-0.0020777729190408684,0.0,square,0,0.2,0.5,4,8,14.489911079406738,0.0
1779527860.4954145,0.1989675347273536,0.0,0.0,0.0020777729190408684,-0.0020777729190408684,0.0,0.1188,1.3068,-0.0792,0.2,0.0,0.0,0.1989675347273536,0.0,0.0,0.0,0.0,0.0,square,0,0.2,0.5,4,8,14.500080585479736,0.0
1779527860.5054278,0.1989675347273536,0.0,0.0,0.0,0.0,0.0,0.1584,1.4652,-0.2376,0.2,0.0,0.0,0.1989675347273536,0.0,0.0,0.004155545838081737,0.0,0.0,square,0,0.2,0.5,4,8,14.50994086265564,0.0
1779527860.5154119,0.1989675347273536,0.0,0.0,0.004155545838081737,0.0,0.0,0.27720000000000006,1.3464,-0.1584,0.2,0.0,0.0,0.1989675347273536,0.0,0.0,0.0,0.0,0.0,square,0,0.2,0.5,4,8,14.519954204559326,0.0
1779527860.5254107,0.1989675347273536,0.0,0.0,0.0,0.0,0.0,0.2376,1.3464,-0.1584,0.2,0.0,0.0,0.1989675347273536,0.0,0.0,0.0,0.0,0.0,square,0,0.2,0.5,4,8,14.529938220977783,0.0
1779527860.5354123,0.1989675347273536,0.0,0.0,0.0,0.0,0.0,0.27720000000000006,1.4652,-0.1584,0.2,0.0,0.0,0.1989675347273536,0.0,0.0,-0.0020777729190408684,0.0,0.0,square,0,0.2,0.5,4,8,14.539937019348145,0.0
1779527860.545423,0.1989675347273536,0.0,0.0,-0.0020777729190408684,0.0,0.0,0.1584,1.4652,-0.1584,0.2,0.0,0.0,0.1989675347273536,0.0,0.0,-0.006233318757122605,0.0,0.0,square,0,0.2,0.5,4,8,14.549938678741455,0.0
1779527860.5554154,0.1989675347273536,0.0,0.0,-0.006233318757122605,0.0,0.0,0.198,1.4255999999999998,-0.2376,0.2,0.0,0.0,0.1989675347273536,0.0,0.0,-0.0020777729190408684,0.0,0.0,square,0,0.2,0.5,4,8,14.559949398040771,0.0
1779527860.5654056,0.1989675347273536,0.0,0.0,-0.0020777729190408684,0.0,0.0,0.0792,1.5048000000000001,0.0,0.2,0.0,0.0,0.1989675347273536,0.0,0.0,-0.004155545838081737,0.0,0.0,square,0,0.2,0.5,4,8,14.569941759109497,0.0
1779527860.575417,0.1989675347273536,0.0,0.0,-0.004155545838081737,0.0,0.0,0.1584,1.4652,-0.1188,0.2,0.0,0.0,0.1989675347273536,0.0,0.0,0.0,0.0,0.0,square,0,0.2,0.5,4,8,14.57993197441101,0.0
1779527860.5854197,0.1989675347273536,0.0,0.0,0.0,0.0,0.0,0.1188,1.5048000000000001,-0.0792,0.2,0.0,0.0,0.1989675347273536,0.0,0.0,0.0,-0.0020777729190408684,0.0,square,0,0.2,0.5,4,8,14.589943408966064,0.0
1779527860.5954552,0.1989675347273536,0.0,0.0,0.0,-0.0020777729190408684,0.0,0.2376,1.3464,-0.0792,0.2,0.0,0.0,0.1989675347273536,0.0,0.0,0.0,0.0,0.0,square,0,0.2,0.5,4,8,14.599946022033691,0.0
1779527860.6053898,0.1989675347273536,0.0,0.0,0.0,0.0,0.0,0.2376,1.5444,-0.198,0.2,0.0,0.0,0.1989675347273536,0.0,0.0,0.0020777729190408684,0.0,0.0,square,0,0.2,0.5,4,8,14.609981536865234,0.0
1779527860.6154172,0.1989675347273536,0.0,0.0,0.0020777729190408684,0.0,0.0,0.3168,1.4255999999999998,-0.0396,0.2,0.0,0.0,0.1989675347273536,0.0,0.0,0.0,0.0,0.0,square,0,0.2,0.5,4,8,14.619916200637817,0.0
1779527860.625438,0.1989675347273536,0.0,0.0,0.0,0.0,0.0,0.27720000000000006,1.3068,-0.0792,0.2,0.0,0.0,0.1989675347273536,0.0,0.0,0.0020777729190408684,0.0,0.0,square,0,0.2,0.5,4,8,14.629943609237671,0.0
1779527860.6354291,0.1989675347273536,0.0,0.0,0.0020777729190408684,0.0,0.0,0.35639999999999994,1.5048000000000001,-0.1188,0.2,0.0,0.0,0.1989675347273536,0.0,0.0,0.0,0.0,0.0,square,0,0.2,0.5,4,8,14.63996434211731,0.0
1779527860.6454167,0.1989675347273536,0.0,0.0,0.0,0.0,0.0,0.27720000000000006,1.4255999999999998,-0.198,0.2,0.0,0.0,0.1989675347273536,0.0,0.0,-0.0020777729190408684,0.0,0.0,square,0,0.2,0.5,4,8,14.64995551109314,0.0
1779527860.6554143,0.1989675347273536,0.0,0.0,-0.0020777729190408684,0.0,0.0,0.27720000000000006,1.4255999999999998,0.0,0.2,0.0,0.0,0.1989675347273536,0.0,0.0,-0.0020777729190408684,0.0020777729190408684,0.0,square,0,0.2,0.5,4,8,14.659943103790283,0.0
1779527860.665421,0.1989675347273536,0.0,0.0,-0.0020777729190408684,0.0020777729190408684,0.0,0.1584,1.6632,-0.1188,0.2,0.0,0.0,0.1989675347273536,0.0,0.0,-0.0020777729190408684,0.0,0.0,square,0,0.2,0.5,4,8,14.669940710067749,0.0
1779527860.6754677,0.1989675347273536,0.0,0.0,-0.0020777729190408684,0.0,0.0,0.1188,1.584,-0.0396,0.2,0.0,0.0,0.1989675347273536,0.0,0.0,0.0,0.0,0.0,square,0,0.2,0.5,4,8,14.67994737625122,0.0
1779527860.6854718,0.1989675347273536,0.0,0.0,0.0,0.0,0.0,0.1584,1.584,0.0792,0.2,0.0,0.0,0.1989675347273536,0.0,0.0,0.0,0.0020777729190408684,0.0,square,0,0.2,0.5,4,8,14.689994096755981,0.0
1779527860.6954074,0.1989675347273536,0.0,0.0,0.0,0.0020777729190408684,0.0,0.198,1.4652,-0.1584,0.2,0.0,0.0,0.1989675347273536,0.0,0.0,0.0020777729190408684,0.0,0.0,square,0,0.2,0.5,4,8,14.699998140335083,0.0
1779527860.7054172,0.1989675347273536,0.0,0.0,0.0020777729190408684,0.0,0.0,0.3168,1.3860000000000001,-0.198,0.2,0.0,0.0,0.1989675347273536,0.0,0.0,0.0,-0.0020777729190408684,0.0,square,0,0.2,0.5,4,8,14.709933757781982,0.0
1779527860.7154262,0.1989675347273536,0.0,0.0,0.0,-0.0020777729190408684,0.0,0.35639999999999994,1.5048000000000001,-0.0792,0.2,0.0,0.0,0.1989675347273536,0.0,0.0,0.0,-0.0020777729190408684,0.0,square,0,0.2,0.5,4,8,14.719943523406982,0.0
1779527860.725393,0.1989675347273536,0.0,0.0,0.0,-0.0020777729190408684,0.0,0.3168,1.3860000000000001,-0.1584,0.2,0.0,0.0,0.1989675347273536,0.0,0.0,0.0,0.0,0.0,square,0,0.2,0.5,4,8,14.729952573776245,0.0
1779527860.7354152,0.1989675347273536,0.0,0.0,0.0,0.0,0.0,0.27720000000000006,1.4255999999999998,-0.198,0.2,0.0,0.0,0.1989675347273536,0.0,0.0,0.0,0.0,0.0,square,0,0.2,0.5,4,8,14.739919424057007,0.0
1779527860.7454093,0.1989675347273536,0.0,0.0,0.0,0.0,0.0,0.198,1.3860000000000001,0.0,0.2,0.0,0.0,0.1989675347273536,0.0,0.0,-0.0020777729190408684,0.0,-0.0020777729190408684,square,0,0.2,0.5,4,8,14.74994158744812,0.0
1779527860.7554097,0.1989675347273536,0.0,0.0,-0.0020777729190408684,0.0,-0.0020777729190408684,0.198,1.5444,-0.0792,0.2,0.0,0.0,0.1989675347273536,0.0,0.0,0.0,0.0,0.0,square,0,0.2,0.5,4,8,14.7599356174469,0.0
1779527860.7654533,0.1989675347273536,0.0,0.0,0.0,0.0,0.0,0.2376,1.4652,-0.1188,0.2,0.0,0.0,0.1989675347273536,0.0,0.0,0.0,0.0,0.0,square,0,0.2,0.5,4,8,14.769936084747314,0.0
1779527860.7754133,0.1989675347273536,0.0,0.0,0.0,0.0,0.0,0.198,1.6236000000000002,-0.0792,0.2,0.0,0.0,0.1989675347273536,0.0,0.0,0.0,0.0,0.0,square,0,0.2,0.5,4,8,14.779979705810547,0.0
1779527860.7854097,0.1989675347273536,0.0,0.0,0.0,0.0,0.0,0.27720000000000006,1.6236000000000002,-0.0792,0.2,0.0,0.0,0.1989675347273536,0.0,0.0,0.0020777729190408684,0.0,0.0,square,0,0.2,0.5,4,8,14.789939641952515,0.0
1779527860.795408,0.1989675347273536,0.0,0.0,0.0020777729190408684,0.0,0.0,0.27720000000000006,1.5444,-0.0396,0.2,0.0,0.0,0.1989675347273536,0.0,0.0,0.0,0.0,0.0020777729190408684,square,0,0.2,0.5,4,8,14.799936056137085,0.0
1779527860.805448,0.1989675347273536,0.0,0.0,0.0,0.0,0.0020777729190408684,0.35639999999999994,1.3860000000000001,-0.1188,0.2,0.0,0.0,0.1989675347273536,0.0,0.0,0.0,0.0,0.0,square,0,0.2,0.5,4,8,14.809934377670288,0.0
1779527860.815412,0.1989675347273536,0.0,0.0,0.0,0.0,0.0,0.3168,1.3860000000000001,-0.1584,0.2,0.0,0.0,0.1989675347273536,0.0,0.0,0.0,0.0,-0.0020777729190408684,square,0,0.2,0.5,4,8,14.819974422454834,0.0
1779527860.8254085,0.1989675347273536,0.0,0.0,0.0,0.0,-0.0020777729190408684,0.2376,1.4255999999999998,0.0792,0.2,0.0,0.0,0.1989675347273536,0.0,0.0,-0.004155545838081737,0.0020777729190408684,0.0,square,0,0.2,0.5,4,8,14.829938411712646,0.0
1779527860.8358278,0.1989675347273536,0.0,0.0,-0.004155545838081737,0.0020777729190408684,0.0,0.2376,1.4652,-0.198,0.2,0.0,0.0,0.1989675347273536,0.0,0.0,-0.004155545838081737,0.0,0.0,square,0,0.2,0.5,4,8,14.839934825897217,0.0
1779527860.8454204,0.1989675347273536,0.0,0.0,-0.004155545838081737,0.0,0.0,0.1584,1.5048000000000001,-0.198,0.2,0.0,0.0,0.1989675347273536,0.0,0.0,-0.004155545838081737,0.0,0.0,square,0,0.2,0.5,4,8,14.850354194641113,0.0
1779527860.8554084,0.1989675347273536,0.0,0.0,-0.004155545838081737,0.0,0.0,0.1584,1.5048000000000001,-0.198,0.2,0.0,0.0,0.1989675347273536,0.0,0.0,-0.0020777729190408684,0.0,0.0,square,0,0.2,0.5,4,8,14.859946727752686,0.0
1779527860.8654106,0.1989675347273536,0.0,0.0,-0.0020777729190408684,0.0,0.0,-0.0396,1.5444,0.0,0.2,0.0,0.0,0.1989675347273536,0.0,0.0,-0.0020777729190408684,0.0,0.0,square,0,0.2,0.5,4,8,14.869934797286987,0.0
1779527860.8785875,0.1989675347273536,0.0,0.0,-0.0020777729190408684,0.0,0.0,-0.1188,1.5048000000000001,-0.1188,0.2,0.0,0.0,0.1989675347273536,0.0,0.0,-0.0020777729190408684,0.0,0.0,square,0,0.2,0.5,4,8,14.879936933517456,0.0
1779527860.8855019,0.1989675347273536,0.0,0.0,-0.0020777729190408684,0.0,0.0,-0.1188,1.5048000000000001,-0.1188,0.2,0.0,0.0,0.1989675347273536,0.0,0.0,0.0020777729190408684,0.0,0.0,square,0,0.2,0.5,4,8,14.893113851547241,0.0
1779527860.895432,0.1989675347273536,0.0,0.0,0.0020777729190408684,0.0,0.0,0.198,1.4652,-0.198,0.2,0.0,0.0,0.1989675347273536,0.0,0.0,0.0020777729190408684,0.0,0.0,square,0,0.2,0.5,4,8,14.900028228759766,0.0
1779527860.9054143,0.1989675347273536,0.0,0.0,0.0020777729190408684,0.0,0.0,0.27720000000000006,1.4652,-0.198,0.2,0.0,0.0,0.1989675347273536,0.0,0.0,0.0020777729190408684,0.0020777729190408684,0.0020777729190408684,square,0,0.2,0.5,4,8,14.909958362579346,0.0
1779527860.9154096,0.1989675347273536,0.0,0.0,0.0020777729190408684,0.0020777729190408684,0.0020777729190408684,0.27720000000000006,1.584,-0.1188,0.2,0.0,0.0,0.1989675347273536,0.0,0.0,0.0,0.0,0.0,square,0,0.2,0.5,4,8,14.919940710067749,0.0
1779527860.9254181,0.1989675347273536,0.0,0.0,0.0,0.0,0.0,0.27720000000000006,1.4652,-0.0396,0.2,0.0,0.0,0.1989675347273536,0.0,0.0,0.0,0.0,0.0,square,0,0.2,0.5,4,8,14.929935932159424,0.0
1779527860.9354143,0.1989675347273536,0.0,0.0,0.0,0.0,0.0,0.27720000000000006,1.4255999999999998,-0.1584,0.2,0.0,0.0,0.1989675347273536,0.0,0.0,0.0,0.0,0.0,square,0,0.2,0.5,4,8,14.939944505691528,0.0
1779527860.9454103,0.1989675347273536,0.0,0.0,0.0,0.0,0.0,0.1188,1.4652,-0.0396,0.2,0.0,0.0,0.1989675347273536,0.0,0.0,0.0,0.0,0.0,square,0,0.2,0.5,4,8,14.94994068145752,0.0
1779527860.9554117,0.1989675347273536,0.0,0.0,0.0,0.0,0.0,0.1584,1.4255999999999998,-0.1584,0.2,0.0,0.0,0.1989675347273536,0.0,0.0,-0.004155545838081737,0.0,0.0,square,0,0.2,0.5,4,8,14.959936618804932,0.0
1779527860.9654462,0.1989675347273536,0.0,0.0,-0.004155545838081737,0.0,0.0,-0.1188,1.4255999999999998,-0.0792,0.2,0.0,0.0,0.1989675347273536,0.0,0.0,0.0020777729190408684,0.0,0.0,square,0,0.2,0.5,4,8,14.969938039779663,0.0
1779527860.975575,0.1989675347273536,0.0,0.0,0.0020777729190408684,0.0,0.0,0.1584,1.4255999999999998,-0.1584,0.2,0.0,0.0,0.1989675347273536,0.0,0.0,0.0,0.0,0.0,square,0,0.2,0.5,4,8,14.97997260093689,0.0
1779527860.9854114,0.1989675347273536,0.0,0.0,0.0,0.0,0.0,0.1584,1.5048000000000001,-0.0396,0.2,0.0,0.0,0.1989675347273536,0.0,0.0,0.0,0.0,0.0,square,0,0.2,0.5,4,8,14.990101337432861,0.0
1779527860.9954102,0.1989675347273536,0.0,0.0,0.0,0.0,0.0,0.1584,1.3464,-0.198,0.2,0.0,0.0,0.1989675347273536,0.0,0.0,0.0,-0.0020777729190408684,0.0,square,0,0.2,0.5,4,8,14.999937772750854,0.0
1779527861.0054162,0.1989675347273536,0.0,0.0,0.0,-0.0020777729190408684,0.0,0.2376,1.3860000000000001,-0.0396,-0.2,0.0,0.0,0.1989675347273536,0.0,0.0,0.0,0.0,0.0,square,0,0.2,0.5,4,8,15.009936571121216,0.0
1779527861.0155406,0.1989675347273536,0.0,0.0,0.0,0.0,0.0,0.198,1.3860000000000001,0.0,-0.2,0.0,0.0,0.19722220547535924,0.0,0.0,-0.1973884273088825,0.0,0.0,square,0,0.2,0.5,4,8,15.01994252204895,0.0
1779527861.0254116,0.19722220547535924,0.0,0.0,-0.1973884273088825,0.0,0.0,13.147200000000002,1.1483999999999999,0.0,-0.2,0.0,0.0,0.1762782544514273,0.0,0.0,-1.7619514353466563,0.0,-0.0020777729190408684,square,0,0.2,0.5,4,8,15.030066967010498,0.0
1779527861.0356107,0.1762782544514273,0.0,0.0,-1.7619514353466563,0.0,-0.0020777729190408684,4.5144,2.0988,-0.27720000000000006,-0.2,0.0,0.0,0.14137166941154067,0.0,0.0,-3.1519815181849973,-0.006233318757122605,0.004155545838081737,square,0,0.2,0.5,4,8,15.039937973022461,0.0
1779527861.0455706,0.14137166941154067,0.0,0.0,-3.1519815181849973,-0.006233318757122605,0.004155545838081737,6.771599999999999,2.8511999999999995,-2.8116000000000003,-0.2,0.0,0.0,0.10122909661567113,0.0,0.0,-3.8106355335209527,-0.0020777729190408684,-0.0020777729190408684,square,0,0.2,0.5,4,8,15.050137042999268,0.0
1779527861.0554254,0.10122909661567113,0.0,0.0,-3.8106355335209527,-0.0020777729190408684,-0.0020777729190408684,6.0984,2.1780000000000004,1.8612000000000002,-0.2,0.0,0.0,0.05585053606381855,0.0,0.0,-4.323845444524047,0.0020777729190408684,0.004155545838081737,square,0,0.2,0.5,4,8,15.060096979141235,0.0
1779527861.0660334,0.05585053606381855,0.0,0.0,-4.323845444524047,0.0020777729190408684,0.004155545838081737,1.98,2.0988,1.4255999999999998,-0.2,0.0,0.0,0.012217304763960306,0.0,0.0,-4.421500771718968,0.006233318757122605,0.006233318757122605,square,0,0.2,0.5,4,8,15.06995177268982,0.0
1779527861.0754974,0.012217304763960306,0.0,0.0,-4.421500771718968,0.006233318757122605,0.006233318757122605,-1.7028,1.9404,1.0296,-0.2,0.0,0.0,-0.02617993877991494,0.0,0.0,-3.9519240920157315,0.006233318757122605,0.004155545838081737,square,0,0.2,0.5,4,8,15.080559730529785,0.0
1779527861.0854084,-0.02617993877991494,0.0,0.0,-3.9519240920157315,0.006233318757122605,0.004155545838081737,-0.5940000000000001,0.5544000000000001,0.2376,-0.2,0.0,0.0,-0.05759586531581287,0.0,0.0,-3.365992128846207,0.008311091676163474,0.0,square,0,0.2,0.5,4,8,15.090023756027222,0.0
1779527861.095419,-0.05759586531581287,0.0,0.0,-3.365992128846207,0.008311091676163474,0.0,-2.7720000000000002,1.584,0.1188,-0.2,0.0,0.0,-0.08552113334772216,0.0,0.0,-2.8590155366002348,-0.0020777729190408684,-0.008311091676163474,square,0,0.2,0.5,4,8,15.099934816360474,0.0
1779527861.1054106,-0.08552113334772216,0.0,0.0,-2.8590155366002348,-0.0020777729190408684,-0.008311091676163474,-3.8412,1.1880000000000002,0.2376,-0.2,0.0,0.0,-0.10821041362364843,0.0,0.0,-2.3624278089494672,-0.006233318757122605,-0.0020777729190408684,square,0,0.2,0.5,4,8,15.109945297241211,0.0
1779527861.1154099,-0.10821041362364843,0.0,0.0,-2.3624278089494672,-0.006233318757122605,-0.0020777729190408684,-4.554000000000001,1.3464,-1.2276,-0.2,0.0,0.0,-0.12566370614359174,0.0,0.0,-1.9032399938414355,-0.029088820866572156,0.0,square,0,0.2,0.5,4,8,15.1199369430542,0.0
1779527861.12541,-0.12566370614359174,0.0,0.0,-1.9032399938414355,-0.029088820866572156,0.0,-2.0988,0.7127999999999999,1.3860000000000001,-0.2,0.0,0.0,-0.14137166941154067,0.0,0.0,-1.5230075496569566,-0.029088820866572156,0.0,square,0,0.2,0.5,4,8,15.129936218261719,0.0
1779527861.1354368,-0.14137166941154067,0.0,0.0,-1.5230075496569566,-0.029088820866572156,0.0,-0.2376,0.35639999999999994,-0.7127999999999999,-0.2,0.0,0.0,-0.1518436449235067,0.0,0.0,-1.2258860222341124,-0.006233318757122605,0.0,square,0,0.2,0.5,4,8,15.139936447143555,0.0
1779527861.145413,-0.1518436449235067,0.0,0.0,-1.2258860222341124,-0.006233318757122605,0.0,0.5544000000000001,0.6732,-0.0792,-0.2,0.0,0.0,-0.16231562043547265,0.0,0.0,-1.0077198657348212,0.006233318757122605,-0.0020777729190408684,square,0,0.2,0.5,4,8,15.149963140487671,0.0
1779527861.1554205,-0.16231562043547265,0.0,0.0,-1.0077198657348212,0.006233318757122605,-0.0020777729190408684,0.2376,1.0296,-0.0396,-0.2,0.0,0.0,-0.16929693744344998,0.0,0.0,-0.8290313946973065,0.006233318757122605,0.0,square,0,0.2,0.5,4,8,15.159939289093018,0.0
1779527861.1654086,-0.16929693744344998,0.0,0.0,-0.8290313946973065,0.006233318757122605,0.0,0.0,0.99,0.1584,-0.2,0.0,0.0,-0.1762782544514273,0.0,0.0,-0.6856650632834865,0.029088820866572156,0.0,square,0,0.2,0.5,4,8,15.169946908950806,0.0
1779527861.175413,-0.1762782544514273,0.0,0.0,-0.6856650632834865,0.029088820866572156,0.0,0.2376,1.98,-0.0396,-0.2,0.0,0.0,-0.18151424220741028,0.0,0.0,-0.552687596464871,0.018699956271367814,0.0,square,0,0.2,0.5,4,8,15.179934978485107,0.0
1779527861.1854115,-0.18151424220741028,0.0,0.0,-0.552687596464871,0.018699956271367814,0.0,-0.198,1.9008,-0.0792,-0.2,0.0,0.0,-0.18500490071139894,0.0,0.0,-0.4342545400795415,0.010388864595204342,0.0,square,0,0.2,0.5,4,8,15.189939260482788,0.0
1779527861.1954064,-0.18500490071139894,0.0,0.0,-0.4342545400795415,0.010388864595204342,0.0,-0.0396,1.7424,0.0,-0.2,0.0,0.0,-0.18849555921538758,0.0,0.0,-0.33244366704653894,0.004155545838081737,0.0,square,0,0.2,0.5,4,8,15.19993782043457,0.0
1779527861.2054126,-0.18849555921538758,0.0,0.0,-0.33244366704653894,0.004155545838081737,0.0,0.6336,1.7028,0.0,-0.2,0.0,0.0,-0.19198621771937624,0.0,0.0,-0.29088820866572157,0.0,-0.0020777729190408684,square,0,0.2,0.5,4,8,15.209932804107666,0.0
1779527861.215415,-0.19198621771937624,0.0,0.0,-0.29088820866572157,0.0,-0.0020777729190408684,-0.2376,1.4652,0.0,-0.2,0.0,0.0,-0.1937315469713706,0.0,0.0,-0.22647724817545464,-0.0020777729190408684,-0.0020777729190408684,square,0,0.2,0.5,4,8,15.21993899345398,0.0
1779527861.2254086,-0.1937315469713706,0.0,0.0,-0.22647724817545464,-0.0020777729190408684,-0.0020777729190408684,-0.5544000000000001,1.3068,0.0,-0.2,0.0,0.0,-0.1954768762233649,0.0,0.0,-0.17661069811847382,-0.004155545838081737,0.0,square,0,0.2,0.5,4,8,15.229941368103027,0.0
1779527861.235413,-0.1954768762233649,0.0,0.0,-0.17661069811847382,-0.004155545838081737,0.0,-0.7524000000000001,1.1880000000000002,-0.1584,-0.2,0.0,0.0,-0.1954768762233649,0.0,0.0,-0.13297746681861558,-0.014544410433286078,0.0,square,0,0.2,0.5,4,8,15.239934921264648,0.0
1779527861.2454119,-0.1954768762233649,0.0,0.0,-0.13297746681861558,-0.014544410433286078,0.0,-0.7524000000000001,1.0296,-0.198,-0.2,0.0,0.0,-0.19722220547535924,0.0,0.0,-0.09142200843779821,-0.008311091676163474,0.0,square,0,0.2,0.5,4,8,15.249939441680908,0.0
1779527861.255446,-0.19722220547535924,0.0,0.0,-0.09142200843779821,-0.008311091676163474,0.0,-0.396,0.99,0.0,-0.2,0.0,0.0,-0.19722220547535924,0.0,0.0,-0.09142200843779821,-0.008311091676163474,0.0,square,0,0.2,0.5,4,8,15.25993824005127,0.0
1779527861.2654185,-0.19722220547535924,0.0,0.0,-0.09142200843779821,-0.008311091676163474,0.0,-0.396,0.99,0.0,-0.2,0.0,0.0,-0.1989675347273536,0.0,0.0,-0.05402209589506258,0.0,0.0,square,0,0.2,0.5,4,8,15.269972324371338,0.0
1779527861.2754116,-0.1989675347273536,0.0,0.0,-0.05402209589506258,0.0,0.0,-0.1188,0.9107999999999999,-0.1188,-0.2,0.0,0.0,-0.1989675347273536,0.0,0.0,-0.033244366704653895,0.006233318757122605,0.0,square,0,0.2,0.5,4,8,15.279944896697998,0.0
1779527861.28543,-0.1989675347273536,0.0,0.0,-0.033244366704653895,0.006233318757122605,0.0,0.1188,1.2276,0.0,-0.2,0.0,0.0,-0.1989675347273536,0.0,0.0,-0.022855502109449553,0.010388864595204342,0.0,square,0,0.2,0.5,4,8,15.289937973022461,0.0
1779527861.2954197,-0.1989675347273536,0.0,0.0,-0.022855502109449553,0.010388864595204342,0.0,0.1584,1.584,0.0,-0.2,0.0,0.0,-0.1989675347273536,0.0,0.0,-0.018699956271367814,0.008311091676163474,0.0,square,0,0.2,0.5,4,8,15.299956321716309,0.0
1779527861.3053846,-0.1989675347273536,0.0,0.0,-0.018699956271367814,0.008311091676163474,0.0,0.1188,1.4652,0.0792,-0.2,0.0,0.0,-0.1989675347273536,0.0,0.0,-0.014544410433286078,0.0020777729190408684,0.0,square,0,0.2,0.5,4,8,15.309946060180664,0.0
1779527861.3154154,-0.1989675347273536,0.0,0.0,-0.014544410433286078,0.0020777729190408684,0.0,-0.0396,1.3860000000000001,0.0,-0.2,0.0,0.0,-0.1989675347273536,0.0,0.0,-0.004155545838081737,0.0,0.0,square,0,0.2,0.5,4,8,15.319911003112793,0.0
1779527861.3254118,-0.1989675347273536,0.0,0.0,-0.004155545838081737,0.0,0.0,0.27720000000000006,1.4255999999999998,-0.0396,-0.2,0.0,0.0,-0.1989675347273536,0.0,0.0,-0.0020777729190408684,-0.0020777729190408684,0.0,square,0,0.2,0.5,4,8,15.329941749572754,0.0
1779527861.3354104,-0.1989675347273536,0.0,0.0,-0.0020777729190408684,-0.0020777729190408684,0.0,0.3168,1.3860000000000001,0.0,-0.2,0.0,0.0,-0.1989675347273536,0.0,0.0,-0.0020777729190408684,-0.004155545838081737,0.0,square,0,0.2,0.5,4,8,15.339938163757324,0.0
1779527861.34542,-0.1989675347273536,0.0,0.0,-0.0020777729190408684,-0.004155545838081737,0.0,0.198,1.3464,0.0,-0.2,0.0,0.0,-0.1989675347273536,0.0,0.0,-0.004155545838081737,-0.006233318757122605,0.0,square,0,0.2,0.5,4,8,15.349936723709106,0.0
1779527861.3554118,-0.1989675347273536,0.0,0.0,-0.004155545838081737,-0.006233318757122605,0.0,-0.0792,1.2276,0.0,-0.2,0.0,0.0,-0.1989675347273536,0.0,0.0,-0.004155545838081737,-0.006233318757122605,0.0,square,0,0.2,0.5,4,8,15.359946250915527,0.0
1779527861.3654118,-0.1989675347273536,0.0,0.0,-0.004155545838081737,-0.006233318757122605,0.0,-0.0396,1.1880000000000002,0.0,-0.2,0.0,0.0,-0.1989675347273536,0.0,0.0,-0.004155545838081737,-0.0020777729190408684,0.0,square,0,0.2,0.5,4,8,15.369938135147095,0.0
1779527861.3754458,-0.1989675347273536,0.0,0.0,-0.004155545838081737,-0.0020777729190408684,0.0,-0.0396,1.1880000000000002,-0.0396,-0.2,0.0,0.0,-0.1989675347273536,0.0,0.0,-0.006233318757122605,0.0,0.0,square,0,0.2,0.5,4,8,15.379938125610352,0.0
1779527861.3854182,-0.1989675347273536,0.0,0.0,-0.006233318757122605,0.0,0.0,-0.0396,1.1483999999999999,-0.0396,-0.2,0.0,0.0,-0.1989675347273536,0.0,0.0,-0.0020777729190408684,0.0020777729190408684,0.0,square,0,0.2,0.5,4,8,15.38997220993042,0.0
1779527861.3954096,-0.1989675347273536,0.0,0.0,-0.0020777729190408684,0.0020777729190408684,0.0,-0.0792,1.3860000000000001,0.0396,-0.2,0.0,0.0,-0.1989675347273536,0.0,0.0,0.0,0.004155545838081737,0.0,square,0,0.2,0.5,4,8,15.399944543838501,0.0
1779527861.4054239,-0.1989675347273536,0.0,0.0,0.0,0.004155545838081737,0.0,-0.0396,1.1880000000000002,-0.0396,-0.2,0.0,0.0,-0.1989675347273536,0.0,0.0,0.0,0.0,0.0,square,0,0.2,0.5,4,8,15.40993595123291,0.0
1779527861.41541,-0.1989675347273536,0.0,0.0,0.0,0.0,0.0,0.0,1.3860000000000001,-0.0792,-0.2,0.0,0.0,-0.1989675347273536,0.0,0.0,0.0020777729190408684,0.0,-0.0020777729190408684,square,0,0.2,0.5,4,8,15.419950246810913,0.0
1779527861.425415,-0.1989675347273536,0.0,0.0,0.0020777729190408684,0.0,-0.0020777729190408684,0.0,1.3068,-0.0396,-0.2,0.0,0.0,-0.1989675347273536,0.0,0.0,0.0020777729190408684,0.0,0.0,square,0,0.2,0.5,4,8,15.429936408996582,0.0
1779527861.4354162,-0.1989675347273536,0.0,0.0,0.0020777729190408684,0.0,0.0,-0.0396,1.4652,0.0792,-0.2,0.0,0.0,-0.1989675347273536,0.0,0.0,0.004155545838081737,0.0,0.0,square,0,0.2,0.5,4,8,15.43994140625,0.0
1779527861.4454587,-0.1989675347273536,0.0,0.0,0.004155545838081737,0.0,0.0,-0.0792,1.3068,-0.0396,-0.2,0.0,0.0,-0.1989675347273536,0.0,0.0,0.0020777729190408684,0.0,0.0,square,0,0.2,0.5,4,8,15.449942588806152,0.0
1779527861.4554083,-0.1989675347273536,0.0,0.0,0.0020777729190408684,0.0,0.0,-0.1188,1.4255999999999998,0.0,-0.2,0.0,0.0,-0.1989675347273536,0.0,0.0,0.0,0.0,0.0,square,0,0.2,0.5,4,8,15.45998501777649,0.0
1779527861.4654486,-0.1989675347273536,0.0,0.0,0.0,0.0,0.0,-0.0396,1.4255999999999998,0.0,-0.2,0.0,0.0,-0.1989675347273536,0.0,0.0,0.0,0.0,0.0,square,0,0.2,0.5,4,8,15.469934701919556,0.0
1779527861.475429,-0.1989675347273536,0.0,0.0,0.0,0.0,0.0,0.0,1.3860000000000001,-0.0396,-0.2,0.0,0.0,-0.1989675347273536,0.0,0.0,0.0,0.0,0.0,square,0,0.2,0.5,4,8,15.47997498512268,0.0
1779527861.4854217,-0.1989675347273536,0.0,0.0,0.0,0.0,0.0,0.0,1.3860000000000001,-0.0396,-0.2,0.0,0.0,-0.1989675347273536,0.0,0.0,0.0,0.0,0.0,square,0,0.2,0.5,4,8,15.489955425262451,0.0
1779527861.4953806,-0.1989675347273536,0.0,0.0,0.0,0.0,0.0,-0.0396,1.3068,0.0,-0.2,0.0,0.0,-0.1989675347273536,0.0,0.0,0.0,0.0,0.0,square,0,0.2,0.5,4,8,15.499948024749756,0.0
1779527861.5054255,-0.1989675347273536,0.0,0.0,0.0,0.0,0.0,-0.0792,1.3068,0.0396,-0.2,0.0,0.0,-0.1989675347273536,0.0,0.0,-0.0020777729190408684,0.0,0.0,square,0,0.2,0.5,4,8,15.509907007217407,0.0
1779527861.515381,-0.1989675347273536,0.0,0.0,-0.0020777729190408684,0.0,0.0,0.0792,1.2672,-0.0396,-0.2,0.0,0.0,-0.1989675347273536,0.0,0.0,0.0,0.0,0.0,square,0,0.2,0.5,4,8,15.519951820373535,0.0
1779527861.52539,-0.1989675347273536,0.0,0.0,0.0,0.0,0.0,-0.1188,1.3068,0.0,-0.2,0.0,0.0,-0.1989675347273536,0.0,0.0,0.0,0.0,0.0,square,0,0.2,0.5,4,8,15.529907464981079,0.0
1779527861.535419,-0.1989675347273536,0.0,0.0,0.0,0.0,0.0,0.1188,1.3464,0.0,-0.2,0.0,0.0,-0.1989675347273536,0.0,0.0,0.0020777729190408684,0.0,0.0,square,0,0.2,0.5,4,8,15.539916276931763,0.0
1779527861.5453835,-0.1989675347273536,0.0,0.0,0.0020777729190408684,0.0,0.0,-0.0792,1.3860000000000001,-0.0792,-0.2,0.0,0.0,-0.1989675347273536,0.0,0.0,0.004155545838081737,0.0,0.0,square,0,0.2,0.5,4,8,15.54994535446167,0.0
1779527861.555389,-0.1989675347273536,0.0,0.0,0.004155545838081737,0.0,0.0,0.0,1.2672,-0.0792,-0.2,0.0,0.0,-0.1989675347273536,0.0,0.0,0.0020777729190408684,0.0,0.0020777729190408684,square,0,0.2,0.5,4,8,15.55990982055664,0.0
1779527861.5653868,-0.1989675347273536,0.0,0.0,0.0020777729190408684,0.0,0.0020777729190408684,0.0,1.3068,-0.0396,-0.2,0.0,0.0,-0.1989675347273536,0.0,0.0,0.0020777729190408684,-0.0020777729190408684,0.0020777729190408684,square,0,0.2,0.5,4,8,15.569915294647217,0.0
1779527861.575408,-0.1989675347273536,0.0,0.0,0.0020777729190408684,-0.0020777729190408684,0.0020777729190408684,0.0,1.2276,0.0,-0.2,0.0,0.0,-0.1989675347273536,0.0,0.0,0.0,-0.0020777729190408684,0.0,square,0,0.2,0.5,4,8,15.579913139343262,0.0
1779527861.585448,-0.1989675347273536,0.0,0.0,0.0,-0.0020777729190408684,0.0,-0.0396,1.3068,0.0,-0.2,0.0,0.0,-0.1989675347273536,0.0,0.0,0.0,-0.0020777729190408684,0.0,square,0,0.2,0.5,4,8,15.589934349060059,0.0
1779527861.5953834,-0.1989675347273536,0.0,0.0,0.0,-0.0020777729190408684,0.0,-0.1188,1.3464,-0.0396,-0.2,0.0,0.0,-0.1989675347273536,0.0,0.0,0.0,0.0,0.0,square,0,0.2,0.5,4,8,15.599974393844604,0.0
1779527861.6054113,-0.1989675347273536,0.0,0.0,0.0,0.0,0.0,-0.198,1.3068,0.0396,-0.2,0.0,0.0,-0.1989675347273536,0.0,0.0,-0.0020777729190408684,0.0,0.0,square,0,0.2,0.5,4,8,15.609909772872925,0.0
1779527861.615399,-0.1989675347273536,0.0,0.0,-0.0020777729190408684,0.0,0.0,0.198,1.4652,-0.1188,-0.2,0.0,0.0,-0.1989675347273536,0.0,0.0,0.0,0.0,0.0,square,0,0.2,0.5,4,8,15.619937658309937,0.0
1779527861.625391,-0.1989675347273536,0.0,0.0,0.0,0.0,0.0,0.1584,1.5048000000000001,0.0,-0.2,0.0,0.0,-0.1989675347273536,0.0,0.0,0.0,0.0,-0.0020777729190408684,square,0,0.2,0.5,4,8,15.62992525100708,0.0
1779527861.635423,-0.1989675347273536,0.0,0.0,0.0,0.0,-0.0020777729190408684,-0.1188,1.4255999999999998,0.0,-0.2,0.0,0.0,-0.1989675347273536,0.0,0.0,0.0020777729190408684,0.0,0.0020777729190408684,square,0,0.2,0.5,4,8,15.639917373657227,0.0
1779527861.6453815,-0.1989675347273536,0.0,0.0,0.0020777729190408684,0.0,0.0020777729190408684,-0.1584,1.4255999999999998,0.0,-0.2,0.0,0.0,-0.1989675347273536,0.0,0.0,0.0,0.0,0.0,square,0,0.2,0.5,4,8,15.649949312210083,0.0
1779527861.6554165,-0.1989675347273536,0.0,0.0,0.0,0.0,0.0,-0.0792,1.4255999999999998,-0.0792,-0.2,0.0,0.0,-0.1989675347273536,0.0,0.0,0.0,0.0,0.0,square,0,0.2,0.5,4,8,15.659907817840576,0.0
1779527861.6654022,-0.1989675347273536,0.0,0.0,0.0,0.0,0.0,-0.0792,1.4255999999999998,0.0396,-0.2,0.0,0.0,-0.1989675347273536,0.0,0.0,0.0,-0.0020777729190408684,0.0,square,0,0.2,0.5,4,8,15.669942855834961,0.0
1779527861.675409,-0.1989675347273536,0.0,0.0,0.0,-0.0020777729190408684,0.0,-0.1188,1.3464,0.0,-0.2,0.0,0.0,-0.1989675347273536,0.0,0.0,0.0,0.0,0.0,square,0,0.2,0.5,4,8,15.679928541183472,0.0
1779527861.6854105,-0.1989675347273536,0.0,0.0,0.0,0.0,0.0,-0.1188,1.3464,0.0792,-0.2,0.0,0.0,-0.1989675347273536,0.0,0.0,0.0,0.0,0.0,square,0,0.2,0.5,4,8,15.689935445785522,0.0
1779527861.6953843,-0.1989675347273536,0.0,0.0,0.0,0.0,0.0,-0.0792,1.4652,-0.0396,-0.2,0.0,0.0,-0.1989675347273536,0.0,0.0,0.0,0.0,0.0,square,0,0.2,0.5,4,8,15.699936866760254,0.0
1779527861.705411,-0.1989675347273536,0.0,0.0,0.0,0.0,0.0,-0.1188,1.3860000000000001,-0.0396,-0.2,0.0,0.0,-0.1989675347273536,0.0,0.0,0.0,0.0020777729190408684,0.0,square,0,0.2,0.5,4,8,15.70991063117981,0.0
1779527861.7156425,-0.1989675347273536,0.0,0.0,0.0,0.0020777729190408684,0.0,0.2376,1.4652,0.0,-0.2,0.0,0.0,-0.1989675347273536,0.0,0.0,0.0,0.0020777729190408684,0.0,square,0,0.2,0.5,4,8,15.719937324523926,0.0
1779527861.7253928,-0.1989675347273536,0.0,0.0,0.0,0.0020777729190408684,0.0,0.2376,1.6236000000000002,0.0792,-0.2,0.0,0.0,-0.1989675347273536,0.0,0.0,0.0,0.0,0.0,square,0,0.2,0.5,4,8,15.73016881942749,0.0
1779527861.7354112,-0.1989675347273536,0.0,0.0,0.0,0.0,0.0,0.1584,1.4652,0.0,-0.2,0.0,0.0,-0.1989675347273536,0.0,0.0,0.0,0.0,0.0,square,0,0.2,0.5,4,8,15.739919185638428,0.0
1779527861.7454104,-0.1989675347273536,0.0,0.0,0.0,0.0,0.0,-0.1584,1.6236000000000002,0.0396,-0.2,0.0,0.0,-0.1989675347273536,0.0,0.0,0.0020777729190408684,0.0,0.0,square,0,0.2,0.5,4,8,15.749937534332275,0.0
1779527861.755467,-0.1989675347273536,0.0,0.0,0.0020777729190408684,0.0,0.0,-0.1188,1.3860000000000001,0.0,-0.2,0.0,0.0,-0.1989675347273536,0.0,0.0,0.0,0.0,0.0,square,0,0.2,0.5,4,8,15.759936809539795,0.0
1779527861.7654195,-0.1989675347273536,0.0,0.0,0.0,0.0,0.0,0.1584,1.3860000000000001,0.0396,-0.2,0.0,0.0,-0.1989675347273536,0.0,0.0,0.0,0.0,0.0,square,0,0.2,0.5,4,8,15.769993305206299,0.0
1779527861.7753901,-0.1989675347273536,0.0,0.0,0.0,0.0,0.0,0.0792,1.4652,-0.0792,-0.2,0.0,0.0,-0.1989675347273536,0.0,0.0,0.0,0.0,0.0,square,0,0.2,0.5,4,8,15.779945850372314,0.0
1779527861.785418,-0.1989675347273536,0.0,0.0,0.0,0.0,0.0,-0.1188,1.3068,-0.0792,-0.2,0.0,0.0,-0.1989675347273536,0.0,0.0,0.0,-0.0020777729190408684,0.0,square,0,0.2,0.5,4,8,15.789916515350342,0.0
1779527861.7953951,-0.1989675347273536,0.0,0.0,0.0,-0.0020777729190408684,0.0,-0.1584,1.3860000000000001,-0.1188,-0.2,0.0,0.0,-0.1989675347273536,0.0,0.0,-0.0020777729190408684,0.0,0.0,square,0,0.2,0.5,4,8,15.799944400787354,0.0
1779527861.8054173,-0.1989675347273536,0.0,0.0,-0.0020777729190408684,0.0,0.0,0.2376,1.3068,-0.0792,-0.2,0.0,0.0,-0.1989675347273536,0.0,0.0,-0.0020777729190408684,0.0020777729190408684,0.0,square,0,0.2,0.5,4,8,15.809921503067017,0.0
1779527861.8156102,-0.1989675347273536,0.0,0.0,-0.0020777729190408684,0.0020777729190408684,0.0,0.27720000000000006,1.3464,-0.1188,-0.2,0.0,0.0,-0.1989675347273536,0.0,0.0,0.0,0.0,-0.0020777729190408684,square,0,0.2,0.5,4,8,15.81994366645813,0.0
1779527861.8253806,-0.1989675347273536,0.0,0.0,0.0,0.0,-0.0020777729190408684,0.2376,1.5444,0.0396,-0.2,0.0,0.0,-0.1989675347273536,0.0,0.0,0.0,0.0,0.0,square,0,0.2,0.5,4,8,15.83013653755188,0.0
1779527861.8357604,-0.1989675347273536,0.0,0.0,0.0,0.0,0.0,0.198,1.3464,0.0,-0.2,0.0,0.0,-0.1989675347273536,0.0,0.0,0.0020777729190408684,0.0,0.0,square,0,0.2,0.5,4,8,15.839906930923462,0.0
1779527861.8453832,-0.1989675347273536,0.0,0.0,0.0020777729190408684,0.0,0.0,-0.1188,1.584,0.0,-0.2,0.0,0.0,-0.1989675347273536,0.0,0.0,0.004155545838081737,0.0,0.0,square,0,0.2,0.5,4,8,15.850286722183228,0.0
1779527861.8554552,-0.1989675347273536,0.0,0.0,0.004155545838081737,0.0,0.0,-0.1584,1.3068,-0.0792,-0.2,0.0,0.0,-0.1989675347273536,0.0,0.0,0.0,0.0020777729190408684,0.0,square,0,0.2,0.5,4,8,15.859909534454346,0.0
1779527861.8654063,-0.1989675347273536,0.0,0.0,0.0,0.0020777729190408684,0.0,0.1188,1.5048000000000001,0.1188,-0.2,0.0,0.0,-0.1989675347273536,0.0,0.0,0.0020777729190408684,0.0,0.0,square,0,0.2,0.5,4,8,15.869981527328491,0.0
1779527861.8772936,-0.1989675347273536,0.0,0.0,0.0020777729190408684,0.0,0.0,-0.1188,1.4255999999999998,0.0396,-0.2,0.0,0.0,-0.1989675347273536,0.0,0.0,0.0020777729190408684,0.0,0.0,square,0,0.2,0.5,4,8,15.879932641983032,0.0
1779527861.8854208,-0.1989675347273536,0.0,0.0,0.0020777729190408684,0.0,0.0,-0.1188,1.4255999999999998,0.0396,-0.2,0.0,0.0,-0.1989675347273536,0.0,0.0,0.0,0.0,0.0,square,0,0.2,0.5,4,8,15.891819953918457,0.0
1779527861.8953834,-0.1989675347273536,0.0,0.0,0.0,0.0,0.0,-0.1188,1.3860000000000001,0.0,-0.2,0.0,0.0,-0.1989675347273536,0.0,0.0,-0.0020777729190408684,0.0020777729190408684,0.0,square,0,0.2,0.5,4,8,15.899947166442871,0.0
1779527861.9054122,-0.1989675347273536,0.0,0.0,-0.0020777729190408684,0.0020777729190408684,0.0,0.1584,1.4255999999999998,0.0,-0.2,0.0,0.0,-0.1989675347273536,0.0,0.0,-0.0020777729190408684,0.0,0.0,square,0,0.2,0.5,4,8,15.909909725189209,0.0
1779527861.915438,-0.1989675347273536,0.0,0.0,-0.0020777729190408684,0.0,0.0,0.198,1.3464,0.0,-0.2,0.0,0.0,-0.1989675347273536,0.0,0.0,0.0,0.0,-0.0020777729190408684,square,0,0.2,0.5,4,8,15.919938564300537,0.0
1779527861.9253812,-0.1989675347273536,0.0,0.0,0.0,0.0,-0.0020777729190408684,0.27720000000000006,1.5048000000000001,0.0396,-0.2,0.0,0.0,-0.1989675347273536,0.0,0.0,0.0,0.0,0.0020777729190408684,square,0,0.2,0.5,4,8,15.929964303970337,0.0
1779527861.9354098,-0.1989675347273536,0.0,0.0,0.0,0.0,0.0020777729190408684,0.2376,1.5444,0.0,-0.2,0.0,0.0,-0.1989675347273536,0.0,0.0,0.0,0.0,0.0,square,0,0.2,0.5,4,8,15.939907550811768,0.0
1779527861.9454005,-0.1989675347273536,0.0,0.0,0.0,0.0,0.0,0.1584,1.4652,0.0,-0.2,0.0,0.0,-0.1989675347273536,0.0,0.0,0.0,0.0,0.0,square,0,0.2,0.5,4,8,15.949936151504517,0.0
1779527861.9554121,-0.1989675347273536,0.0,0.0,0.0,0.0,0.0,0.1584,1.3860000000000001,0.0,-0.2,0.0,0.0,-0.1989675347273536,0.0,0.0,0.0,0.0,-0.0020777729190408684,square,0,0.2,0.5,4,8,15.959926843643188,0.0
1779527861.965398,-0.1989675347273536,0.0,0.0,0.0,0.0,-0.0020777729190408684,0.198,1.4255999999999998,0.0396,-0.2,0.0,0.0,-0.1989675347273536,0.0,0.0,0.0,0.0,0.0,square,0,0.2,0.5,4,8,15.969938516616821,0.0
1779527861.975395,-0.1989675347273536,0.0,0.0,0.0,0.0,0.0,-0.1188,1.5444,0.0,-0.2,0.0,0.0,-0.1989675347273536,0.0,0.0,0.0,0.0020777729190408684,-0.0020777729190408684,square,0,0.2,0.5,4,8,15.979924440383911,0.0
1779527861.9853895,-0.1989675347273536,0.0,0.0,0.0,0.0020777729190408684,-0.0020777729190408684,0.1188,1.3464,-0.0792,-0.2,0.0,0.0,-0.1989675347273536,0.0,0.0,0.0,0.0,0.0,square,0,0.2,0.5,4,8,15.98992133140564,0.0
1779527861.9954226,-0.1989675347273536,0.0,0.0,0.0,0.0,0.0,-0.0396,1.4255999999999998,-0.0396,-0.2,0.0,0.0,-0.1989675347273536,0.0,0.0,0.0,0.0,0.0,square,0,0.2,0.5,4,8,15.999915838241577,0.0
1779527862.005383,-0.1989675347273536,0.0,0.0,0.0,0.0,0.0,0.1584,1.5048000000000001,0.0,0.2,0.0,0.0,-0.1989675347273536,0.0,0.0,0.0,0.0,0.0,square,0,0.2,0.5,4,8,16.00994896888733,0.0
1779527862.015411,-0.1989675347273536,0.0,0.0,0.0,0.0,0.0,0.1584,1.5048000000000001,0.0,0.2,0.0,0.0,-0.19722220547535924,0.0,0.0,0.1371330126566973,0.0,0.0,square,0,0.2,0.5,4,8,16.019909381866455,0.0
1779527862.0254128,-0.19722220547535924,0.0,0.0,0.1371330126566973,0.0,0.0,11.8404,1.4255999999999998,0.0,0.2,0.0,0.0,-0.1762782544514273,0.0,0.0,1.6975404748563894,0.0,0.0,square,0,0.2,0.5,4,8,16.029937267303467,0.0
1779527862.035417,-0.1762782544514273,0.0,0.0,1.6975404748563894,0.0,0.0,5.4252,2.1384,-1.2672,0.2,0.0,0.0,-0.14311699866353503,0.0,0.0,3.1166593785613026,0.004155545838081737,0.0,square,0,0.2,0.5,4,8,16.039939165115356,0.0
1779527862.0454204,-0.14311699866353503,0.0,0.0,3.1166593785613026,0.004155545838081737,0.0,7.2072,3.8412,-4.0788,0.2,0.0,0.0,-0.10297442586766545,0.0,0.0,3.789857804330544,0.0020777729190408684,0.0,square,0,0.2,0.5,4,8,16.049943447113037,0.0
1779527862.0554183,-0.10297442586766545,0.0,0.0,3.789857804330544,0.0020777729190408684,0.0,5.94,2.9304,-1.1880000000000002,0.2,0.0,0.0,-0.05759586531581287,0.0,0.0,4.35501203830966,-0.006233318757122605,0.0,square,0,0.2,0.5,4,8,16.0599467754364,0.0
1779527862.0654786,-0.05759586531581287,0.0,0.0,4.35501203830966,-0.006233318757122605,0.0,1.7424,2.0988,1.5048000000000001,0.2,0.0,0.0,-0.012217304763960306,0.0,0.0,4.467211775937867,-0.018699956271367814,0.0,square,0,0.2,0.5,4,8,16.069944620132446,0.0
1779527862.076062,-0.012217304763960306,0.0,0.0,4.467211775937867,-0.018699956271367814,0.0,1.6632,1.0692,-0.1188,0.2,0.0,0.0,0.024434609527920613,0.0,0.0,3.9872462316394266,-0.02701104794753129,0.010388864595204342,square,0,0.2,0.5,4,8,16.080004930496216,0.0
1779527862.0854163,0.024434609527920613,0.0,0.0,3.9872462316394266,-0.02701104794753129,0.010388864595204342,-1.1880000000000002,0.0,-0.8712,0.2,0.0,0.0,0.05759586531581287,0.0,0.0,3.330669989222512,-0.031166593785613025,0.004155545838081737,square,0,0.2,0.5,4,8,16.090588331222534,0.0
1779527862.0954444,0.05759586531581287,0.0,0.0,3.330669989222512,-0.031166593785613025,0.004155545838081737,-1.8215999999999999,0.0,0.6732,0.2,0.0,0.0,0.08552113334772216,0.0,0.0,2.875637719952562,0.0,0.0020777729190408684,square,0,0.2,0.5,4,8,16.099942684173584,0.0
1779527862.1054263,0.08552113334772216,0.0,0.0,2.875637719952562,0.0,0.0020777729190408684,-4.3164,0.5544000000000001,1.5048000000000001,0.2,0.0,0.0,0.10646508437165411,0.0,0.0,2.3790499923017943,0.02701104794753129,-0.008311091676163474,square,0,0.2,0.5,4,8,16.109970808029175,0.0
1779527862.1155305,0.10646508437165411,0.0,0.0,2.3790499923017943,0.02701104794753129,-0.008311091676163474,-4.752000000000001,1.584,-2.3364,0.2,0.0,0.0,0.12566370614359174,0.0,0.0,1.9219399501128032,0.035322139623694765,0.0,square,0,0.2,0.5,4,8,16.11995267868042,0.0
1779527862.1257665,0.12566370614359174,0.0,0.0,1.9219399501128032,0.035322139623694765,0.0,-2.4948,2.4948,2.8116000000000003,0.2,0.0,0.0,0.13962634015954636,0.0,0.0,1.5562519163616104,0.018699956271367814,-0.0020777729190408684,square,0,0.2,0.5,4,8,16.130056858062744,0.0
1779527862.1353972,0.13962634015954636,0.0,0.0,1.5562519163616104,0.018699956271367814,-0.0020777729190408684,-0.4752,2.0592,1.782,0.2,0.0,0.0,0.1518436449235067,0.0,0.0,1.2487415243435618,0.006233318757122605,0.0,square,0,0.2,0.5,4,8,16.14029288291931,0.0
1779527862.1454234,0.1518436449235067,0.0,0.0,1.2487415243435618,0.006233318757122605,0.0,0.1584,1.5048000000000001,0.5940000000000001,0.2,0.0,0.0,0.16057029118347835,0.0,0.0,1.0056420928157803,0.0,0.0,square,0,0.2,0.5,4,8,16.14992356300354,0.0
1779527862.155411,0.16057029118347835,0.0,0.0,1.0056420928157803,0.0,0.0,0.4356,1.3464,0.1584,0.2,0.0,0.0,0.16929693744344998,0.0,0.0,0.8414980322115517,-0.008311091676163474,0.0020777729190408684,square,0,0.2,0.5,4,8,16.159949779510498,0.0
1779527862.1653984,0.16929693744344998,0.0,0.0,0.8414980322115517,-0.008311091676163474,0.0020777729190408684,0.0,1.1880000000000002,0.0396,0.2,0.0,0.0,0.1762782544514273,0.0,0.0,0.6835872903644457,-0.006233318757122605,0.0,square,0,0.2,0.5,4,8,16.16993737220764,0.0
1779527862.177145,0.1762782544514273,0.0,0.0,0.6835872903644457,-0.006233318757122605,0.0,0.1188,1.1088000000000002,-0.27720000000000006,0.2,0.0,0.0,0.18151424220741028,0.0,0.0,0.5609986881410345,-0.010388864595204342,-0.0020777729190408684,square,0,0.2,0.5,4,8,16.179924726486206,0.0
1779527862.1854026,0.18151424220741028,0.0,0.0,0.5609986881410345,-0.010388864595204342,-0.0020777729190408684,-0.35639999999999994,0.9504,-0.2376,0.2,0.0,0.0,0.18500490071139894,0.0,0.0,0.4384100859176232,-0.008311091676163474,-0.0020777729190408684,square,0,0.2,0.5,4,8,16.19167137145996,0.0
1779527862.1954534,0.18500490071139894,0.0,0.0,0.4384100859176232,-0.008311091676163474,-0.0020777729190408684,-0.27720000000000006,0.9107999999999999,-0.0792,0.2,0.0,0.0,0.18849555921538758,0.0,0.0,0.3345214399655798,-0.006233318757122605,0.0,square,0,0.2,0.5,4,8,16.199928998947144,0.0
1779527862.2054534,0.18849555921538758,0.0,0.0,0.3345214399655798,-0.006233318757122605,0.0,0.35639999999999994,0.8316,-0.27720000000000006,0.2,0.0,0.0,0.19198621771937624,0.0,0.0,0.2867326628276398,-0.008311091676163474,0.0,square,0,0.2,0.5,4,8,16.20997977256775,0.0
1779527862.2154398,0.19198621771937624,0.0,0.0,0.2867326628276398,-0.008311091676163474,0.0,-0.396,0.6336,-0.198,0.2,0.0,0.0,0.1937315469713706,0.0,0.0,0.22024392941833204,0.004155545838081737,0.0,square,0,0.2,0.5,4,8,16.219979763031006,0.0
1779527862.2255132,0.1937315469713706,0.0,0.0,0.22024392941833204,0.004155545838081737,0.0,-0.35639999999999994,0.9504,0.2376,0.2,0.0,0.0,0.1954768762233649,0.0,0.0,0.17245515228039207,0.014544410433286078,0.0,square,0,0.2,0.5,4,8,16.229966163635254,0.0
1779527862.2354355,0.1954768762233649,0.0,0.0,0.17245515228039207,0.014544410433286078,0.0,-0.6336,1.3464,-0.1584,0.2,0.0,0.0,0.1954768762233649,0.0,0.0,0.12258860222341124,0.016622183352326948,-0.0020777729190408684,square,0,0.2,0.5,4,8,16.240039587020874,0.0
1779527862.245427,0.1954768762233649,0.0,0.0,0.12258860222341124,0.016622183352326948,-0.0020777729190408684,-0.27720000000000006,1.584,-0.1188,0.2,0.0,0.0,0.19722220547535924,0.0,0.0,0.0851886896806756,0.010388864595204342,0.0,square,0,0.2,0.5,4,8,16.249961853027344,0.0
1779527862.2554717,0.19722220547535924,0.0,0.0,0.0851886896806756,0.010388864595204342,0.0,0.0396,1.4652,-0.1188,0.2,0.0,0.0,0.19722220547535924,0.0,0.0,0.06441096049026691,0.006233318757122605,0.0,square,0,0.2,0.5,4,8,16.259953260421753,0.0
1779527862.2655485,0.19722220547535924,0.0,0.0,0.06441096049026691,0.006233318757122605,0.0,0.1584,1.4255999999999998,-0.0396,0.2,0.0,0.0,0.19722220547535924,0.0,0.0,0.05817764173314431,0.0,0.0,square,0,0.2,0.5,4,8,16.26999807357788,0.0
1779527862.2754562,0.19722220547535924,0.0,0.0,0.05817764173314431,0.0,0.0,-0.1584,1.5048000000000001,-0.1188,0.2,0.0,0.0,0.1989675347273536,0.0,0.0,0.04155545838081737,-0.004155545838081737,0.0,square,0,0.2,0.5,4,8,16.28007483482361,0.0
1779527862.2854452,0.1989675347273536,0.0,0.0,0.04155545838081737,-0.004155545838081737,0.0,0.0792,1.2276,-0.2376,0.2,0.0,0.0,0.1989675347273536,0.0,0.0,0.02701104794753129,-0.006233318757122605,0.0,square,0,0.2,0.5,4,8,16.289982557296753,0.0
1779527862.2961743,0.1989675347273536,0.0,0.0,0.02701104794753129,-0.006233318757122605,0.0,0.0,0.9504,-0.0396,0.2,0.0,0.0,0.1989675347273536,0.0,0.0,0.020777729190408684,-0.010388864595204342,0.0,square,0,0.2,0.5,4,8,16.29997158050537,0.0
1779527862.3066638,0.1989675347273536,0.0,0.0,0.020777729190408684,-0.010388864595204342,0.0,0.0,0.8316,-0.0792,0.2,0.0,0.0,0.1989675347273536,0.0,0.0,0.016622183352326948,-0.006233318757122605,0.0,square,0,0.2,0.5,4,8,16.31070065498352,0.0
1779527862.3154492,0.1989675347273536,0.0,0.0,0.016622183352326948,-0.006233318757122605,0.0,-0.0792,0.7524000000000001,-0.1188,0.2,0.0,0.0,0.1989675347273536,0.0,0.0,0.004155545838081737,-0.0020777729190408684,0.0,square,0,0.2,0.5,4,8,16.321190118789673,0.0
1779527862.32552,0.1989675347273536,0.0,0.0,0.004155545838081737,-0.0020777729190408684,0.0,-0.1188,0.8712,-0.1188,0.2,0.0,0.0,0.1989675347273536,0.0,0.0,0.0,0.0,0.0,square,0,0.2,0.5,4,8,16.329975605010986,0.0
1779527862.3354428,0.1989675347273536,0.0,0.0,0.0,0.0,0.0,0.27720000000000006,1.1483999999999999,-0.0792,0.2,0.0,0.0,0.1989675347273536,0.0,0.0,0.0,0.010388864595204342,0.0,square,0,0.2,0.5,4,8,16.340046405792236,0.0
1779527862.345395,0.1989675347273536,0.0,0.0,0.0,0.010388864595204342,0.0,0.3168,1.4652,-0.1188,0.2,0.0,0.0,0.1989675347273536,0.0,0.0,0.0,0.008311091676163474,0.0,square,0,0.2,0.5,4,8,16.349969148635864,0.0
1779527862.3570824,0.1989675347273536,0.0,0.0,0.0,0.008311091676163474,0.0,0.27720000000000006,1.3068,-0.1188,0.2,0.0,0.0,0.1989675347273536,0.0,0.0,0.0,0.004155545838081737,0.0,square,0,0.2,0.5,4,8,16.3599214553833,0.0
1779527862.3654418,0.1989675347273536,0.0,0.0,0.0,0.004155545838081737,0.0,0.2376,1.4255999999999998,0.0396,0.2,0.0,0.0,0.1989675347273536,0.0,0.0,0.0020777729190408684,0.0,0.0,square,0,0.2,0.5,4,8,16.37160873413086,0.0
1779527862.375426,0.1989675347273536,0.0,0.0,0.0020777729190408684,0.0,0.0,-0.0792,1.2276,-0.1188,0.2,0.0,0.0,0.1989675347273536,0.0,0.0,0.006233318757122605,0.0,0.0,square,0,0.2,0.5,4,8,16.37996816635132,0.0
1779527862.385433,0.1989675347273536,0.0,0.0,0.006233318757122605,0.0,0.0,-0.0792,1.3068,-0.1584,0.2,0.0,0.0,0.1989675347273536,0.0,0.0,0.008311091676163474,0.0,0.0,square,0,0.2,0.5,4,8,16.389952421188354,0.0
1779527862.3967328,0.1989675347273536,0.0,0.0,0.008311091676163474,0.0,0.0,0.198,1.2276,-0.1584,0.2,0.0,0.0,0.1989675347273536,0.0,0.0,0.004155545838081737,0.0020777729190408684,0.0,square,0,0.2,0.5,4,8,16.399959325790405,0.0
1779527862.405423,0.1989675347273536,0.0,0.0,0.004155545838081737,0.0020777729190408684,0.0,0.198,1.3464,-0.198,0.2,0.0,0.0,0.1989675347273536,0.0,0.0,0.0,0.0,0.0,square,0,0.2,0.5,4,8,16.411259174346924,0.0
1779527862.4156933,0.1989675347273536,0.0,0.0,0.0,0.0,0.0,0.1188,1.2672,0.0,0.2,0.0,0.0,0.1989675347273536,0.0,0.0,-0.0020777729190408684,0.0,-0.0020777729190408684,square,0,0.2,0.5,4,8,16.419949293136597,0.0
1779527862.4254847,0.1989675347273536,0.0,0.0,-0.0020777729190408684,0.0,-0.0020777729190408684,0.0792,1.3860000000000001,-0.198,0.2,0.0,0.0,0.1989675347273536,0.0,0.0,-0.004155545838081737,0.0,0.0020777729190408684,square,0,0.2,0.5,4,8,16.430219650268555,0.0
1779527862.4357002,0.1989675347273536,0.0,0.0,-0.004155545838081737,0.0,0.0020777729190408684,-0.0792,1.2276,-0.198,0.2,0.0,0.0,0.1989675347273536,0.0,0.0,-0.004155545838081737,0.0,0.0,square,0,0.2,0.5,4,8,16.440011024475098,0.0
1779527862.4454224,0.1989675347273536,0.0,0.0,-0.004155545838081737,0.0,0.0,-0.0396,1.1880000000000002,0.0,0.2,0.0,0.0,0.1989675347273536,0.0,0.0,-0.004155545838081737,0.0,0.0,square,0,0.2,0.5,4,8,16.450226545333862,0.0
1779527862.4554303,0.1989675347273536,0.0,0.0,-0.004155545838081737,0.0,0.0,0.0,1.3860000000000001,-0.198,0.2,0.0,0.0,0.1989675347273536,0.0,0.0,-0.0020777729190408684,-0.0020777729190408684,0.0,square,0,0.2,0.5,4,8,16.459948778152466,0.0
1779527862.4654374,0.1989675347273536,0.0,0.0,-0.0020777729190408684,-0.0020777729190408684,0.0,0.0,1.3068,-0.1188,0.2,0.0,0.0,0.1989675347273536,0.0,0.0,-0.0020777729190408684,0.0,0.0,square,0,0.2,0.5,4,8,16.469956636428833,0.0
1779527862.4754088,0.1989675347273536,0.0,0.0,-0.0020777729190408684,0.0,0.0,0.0,1.3068,-0.0396,0.2,0.0,0.0,0.1989675347273536,0.0,0.0,0.0,0.0,0.0020777729190408684,square,0,0.2,0.5,4,8,16.479963779449463,0.0
1779527862.4854481,0.1989675347273536,0.0,0.0,0.0,0.0,0.0020777729190408684,0.0,1.3860000000000001,-0.1188,0.2,0.0,0.0,0.1989675347273536,0.0,0.0,0.0,0.0020777729190408684,-0.0020777729190408684,square,0,0.2,0.5,4,8,16.489935159683228,0.0
1779527862.4955108,0.1989675347273536,0.0,0.0,0.0,0.0020777729190408684,-0.0020777729190408684,-0.0396,1.3860000000000001,-0.0792,0.2,0.0,0.0,0.1989675347273536,0.0,0.0,0.0020777729190408684,0.0,0.004155545838081737,square,0,0.2,0.5,4,8,16.499974489212036,0.0
1779527862.505459,0.1989675347273536,0.0,0.0,0.0020777729190408684,0.0,0.004155545838081737,0.198,1.3068,-0.0792,0.2,0.0,0.0,0.1989675347273536,0.0,0.0,0.004155545838081737,0.0,0.0,square,0,0.2,0.5,4,8,16.510037183761597,0.0
1779527862.5154693,0.1989675347273536,0.0,0.0,0.004155545838081737,0.0,0.0,0.2376,1.2672,-0.0396,0.2,0.0,0.0,0.1989675347273536,0.0,0.0,0.0020777729190408684,0.0,0.0,square,0,0.2,0.5,4,8,16.51998543739319,0.0
1779527862.5273945,0.1989675347273536,0.0,0.0,0.0020777729190408684,0.0,0.0,0.396,1.3860000000000001,-0.0792,0.2,0.0,0.0,0.1989675347273536,0.0,0.0,0.0,0.0,0.0,square,0,0.2,0.5,4,8,16.529995679855347,0.0
1779527862.5360284,0.1989675347273536,0.0,0.0,0.0,0.0,0.0,0.35639999999999994,1.2276,-0.0792,0.2,0.0,0.0,0.1989675347273536,0.0,0.0,0.0,0.0020777729190408684,0.0,square,0,0.2,0.5,4,8,16.54192090034485,0.0
1779527862.5460582,0.1989675347273536,0.0,0.0,0.0,0.0020777729190408684,0.0,0.27720000000000006,1.4255999999999998,-0.0396,0.2,0.0,0.0,0.1989675347273536,0.0,0.0,-0.004155545838081737,0.0,0.0,square,0,0.2,0.5,4,8,16.550554752349854,0.0
1779527862.5554311,0.1989675347273536,0.0,0.0,-0.004155545838081737,0.0,0.0,0.0792,1.3068,-0.1584,0.2,0.0,0.0,0.1989675347273536,0.0,0.0,-0.008311091676163474,0.0,0.0,square,0,0.2,0.5,4,8,16.560584545135498,0.0
1779527862.565533,0.1989675347273536,0.0,0.0,-0.008311091676163474,0.0,0.0,0.0,1.4255999999999998,-0.1188,0.2,0.0,0.0,0.1989675347273536,0.0,0.0,-0.006233318757122605,0.0,0.0020777729190408684,square,0,0.2,0.5,4,8,16.569957494735718,0.0
1779527862.5755198,0.1989675347273536,0.0,0.0,-0.006233318757122605,0.0,0.0020777729190408684,0.0,1.5048000000000001,-0.0396,0.2,0.0,0.0,0.1989675347273536,0.0,0.0,-0.0020777729190408684,0.0,0.0,square,0,0.2,0.5,4,8,16.58005928993225,0.0
1779527862.5854497,0.1989675347273536,0.0,0.0,-0.0020777729190408684,0.0,0.0,0.0396,1.3860000000000001,-0.27720000000000006,0.2,0.0,0.0,0.1989675347273536,0.0,0.0,0.0,0.0,0.0,square,0,0.2,0.5,4,8,16.590046167373657,0.0
1779527862.595464,0.1989675347273536,0.0,0.0,0.0,0.0,0.0,0.1584,1.3068,-0.0396,0.2,0.0,0.0,0.1989675347273536,0.0,0.0,0.0,0.0,-0.0020777729190408684,square,0,0.2,0.5,4,8,16.599976062774658,0.0
1779527862.6054897,0.1989675347273536,0.0,0.0,0.0,0.0,-0.0020777729190408684,0.198,1.4255999999999998,-0.1188,0.2,0.0,0.0,0.1989675347273536,0.0,0.0,0.0020777729190408684,-0.0020777729190408684,0.0,square,0,0.2,0.5,4,8,16.60999035835266,0.0
1779527862.6154623,0.1989675347273536,0.0,0.0,0.0020777729190408684,-0.0020777729190408684,0.0,0.27720000000000006,1.1880000000000002,-0.0792,0.2,0.0,0.0,0.1989675347273536,0.0,0.0,0.0,0.0,0.0,square,0,0.2,0.5,4,8,16.62001609802246,0.0
1779527862.62546,0.1989675347273536,0.0,0.0,0.0,0.0,0.0,0.198,1.3464,-0.0396,0.2,0.0,0.0,0.1989675347273536,0.0,0.0,0.0,0.0,0.0,square,0,0.2,0.5,4,8,16.62998867034912,0.0
1779527862.6354427,0.1989675347273536,0.0,0.0,0.0,0.0,0.0,0.1584,1.3464,-0.27720000000000006,0.2,0.0,0.0,0.1989675347273536,0.0,0.0,-0.0020777729190408684,0.0,0.0,square,0,0.2,0.5,4,8,16.639986276626587,0.0
1779527862.645453,0.1989675347273536,0.0,0.0,-0.0020777729190408684,0.0,0.0,0.198,1.4255999999999998,-0.198,0.2,0.0,0.0,0.1989675347273536,0.0,0.0,0.0,0.0,0.0,square,0,0.2,0.5,4,8,16.64996910095215,0.0
1779527862.6554985,0.1989675347273536,0.0,0.0,0.0,0.0,0.0,0.1188,1.5048000000000001,-0.1188,0.2,0.0,0.0,0.1989675347273536,0.0,0.0,-0.004155545838081737,0.0,0.0,square,0,0.2,0.5,4,8,16.659979343414307,0.0
1779527862.6654217,0.1989675347273536,0.0,0.0,-0.004155545838081737,0.0,0.0,0.1188,1.4255999999999998,-0.2376,0.2,0.0,0.0,0.1989675347273536,0.0,0.0,-0.0020777729190408684,0.0,0.0,square,0,0.2,0.5,4,8,16.670024871826172,0.0
1779527862.6754663,0.1989675347273536,0.0,0.0,-0.0020777729190408684,0.0,0.0,0.0396,1.4255999999999998,-0.1584,0.2,0.0,0.0,0.1989675347273536,0.0,0.0,0.0,0.0,0.0,square,0,0.2,0.5,4,8,16.679948091506958,0.0
1779527862.6854167,0.1989675347273536,0.0,0.0,0.0,0.0,0.0,0.0792,1.4652,-0.0792,0.2,0.0,0.0,0.1989675347273536,0.0,0.0,0.0,0.0,0.0020777729190408684,square,0,0.2,0.5,4,8,16.689992666244507,0.0
1779527862.6954746,0.1989675347273536,0.0,0.0,0.0,0.0,0.0020777729190408684,0.1188,1.4255999999999998,-0.1584,0.2,0.0,0.0,0.1989675347273536,0.0,0.0,0.0,0.0,0.0,square,0,0.2,0.5,4,8,16.69994306564331,0.0
1779527862.7054613,0.1989675347273536,0.0,0.0,0.0,0.0,0.0,0.2376,1.4652,-0.0792,0.2,0.0,0.0,0.1989675347273536,0.0,0.0,0.0,-0.004155545838081737,0.0,square,0,0.2,0.5,4,8,16.71000099182129,0.0
1779527862.715553,0.1989675347273536,0.0,0.0,0.0,-0.004155545838081737,0.0,0.27720000000000006,1.3464,-0.1188,0.2,0.0,0.0,0.1989675347273536,0.0,0.0,0.0,-0.004155545838081737,0.0,square,0,0.2,0.5,4,8,16.719987630844116,0.0
1779527862.7254143,0.1989675347273536,0.0,0.0,0.0,-0.004155545838081737,0.0,0.2376,1.1880000000000002,-0.3168,0.2,0.0,0.0,0.1989675347273536,0.0,0.0,0.0,-0.0020777729190408684,0.0,square,0,0.2,0.5,4,8,16.730079412460327,0.0
1779527862.7354372,0.1989675347273536,0.0,0.0,0.0,-0.0020777729190408684,0.0,0.27720000000000006,1.3068,-0.1584,0.2,0.0,0.0,0.1989675347273536,0.0,0.0,0.0,0.0,0.0,square,0,0.2,0.5,4,8,16.739940643310547,0.0
1779527862.7456367,0.1989675347273536,0.0,0.0,0.0,0.0,0.0,0.1188,1.2672,-0.1584,0.2,0.0,0.0,0.1989675347273536,0.0,0.0,0.0,0.0,0.0,square,0,0.2,0.5,4,8,16.749963521957397,0.0
1779527862.755659,0.1989675347273536,0.0,0.0,0.0,0.0,0.0,0.1188,1.2672,-0.1584,0.2,0.0,0.0,0.1989675347273536,0.0,0.0,0.0,0.004155545838081737,0.0,square,0,0.2,0.5,4,8,16.760163068771362,0.0
1779527862.7665749,0.1989675347273536,0.0,0.0,0.0,0.004155545838081737,0.0,0.0792,1.5444,0.2376,0.2,0.0,0.0,0.1989675347273536,0.0,0.0,0.0,0.0020777729190408684,0.0,square,0,0.2,0.5,4,8,16.770185470581055,0.0
1779527862.7755048,0.1989675347273536,0.0,0.0,0.0,0.0020777729190408684,0.0,0.0792,1.4255999999999998,-0.2376,0.2,0.0,0.0,0.1989675347273536,0.0,0.0,0.0,0.0,0.0,square,0,0.2,0.5,4,8,16.78110122680664,0.0
1779527862.7855082,0.1989675347273536,0.0,0.0,0.0,0.0,0.0,0.1188,1.3068,-0.1584,0.2,0.0,0.0,0.1989675347273536,0.0,0.0,0.0,0.0,0.0,square,0,0.2,0.5,4,8,16.79003119468689,0.0
1779527862.7954867,0.1989675347273536,0.0,0.0,0.0,0.0,0.0,0.2376,1.4652,-0.1584,0.2,0.0,0.0,0.1989675347273536,0.0,0.0,0.0020777729190408684,0.0,0.0,square,0,0.2,0.5,4,8,16.800034523010254,0.0
1779527862.8054612,0.1989675347273536,0.0,0.0,0.0020777729190408684,0.0,0.0,0.27720000000000006,1.2672,-0.1584,0.2,0.0,0.0,0.1989675347273536,0.0,0.0,0.0,0.0,0.0,square,0,0.2,0.5,4,8,16.81001305580139,0.0
1779527862.815445,0.1989675347273536,0.0,0.0,0.0,0.0,0.0,0.27720000000000006,1.3860000000000001,-0.198,0.2,0.0,0.0,0.1989675347273536,0.0,0.0,0.0,0.0,0.0,square,0,0.2,0.5,4,8,16.819987535476685,0.0
1779527862.8254735,0.1989675347273536,0.0,0.0,0.0,0.0,0.0,0.2376,1.3860000000000001,-0.396,0.2,0.0,0.0,0.1989675347273536,0.0,0.0,0.0,0.0,0.0020777729190408684,square,0,0.2,0.5,4,8,16.829971313476562,0.0
1779527862.835435,0.1989675347273536,0.0,0.0,0.0,0.0,0.0020777729190408684,0.198,1.3464,-0.2376,0.2,0.0,0.0,0.1989675347273536,0.0,0.0,-0.004155545838081737,0.0,-0.0020777729190408684,square,0,0.2,0.5,4,8,16.83999991416931,0.0
1779527862.8462915,0.1989675347273536,0.0,0.0,-0.004155545838081737,0.0,-0.0020777729190408684,0.0792,1.3068,-0.2376,0.2,0.0,0.0,0.1989675347273536,0.0,0.0,-0.0020777729190408684,0.0,0.0,square,0,0.2,0.5,4,8,16.849961280822754,0.0
1779527862.8555048,0.1989675347273536,0.0,0.0,-0.0020777729190408684,0.0,0.0,-0.0396,1.4652,-0.3168,0.2,0.0,0.0,0.1989675347273536,0.0,0.0,-0.004155545838081737,0.0,0.0,square,0,0.2,0.5,4,8,16.860817909240723,0.0
1779527862.8654404,0.1989675347273536,0.0,0.0,-0.004155545838081737,0.0,0.0,0.0,1.2672,-0.35639999999999994,0.2,0.0,0.0,0.1989675347273536,0.0,0.0,0.0,0.0,0.0,square,0,0.2,0.5,4,8,16.870031118392944,0.0
1779527862.875487,0.1989675347273536,0.0,0.0,0.0,0.0,0.0,0.0,1.3464,-0.1584,0.2,0.0,0.0,0.1989675347273536,0.0,0.0,0.0,0.0,0.0,square,0,0.2,0.5,4,8,16.879966735839844,0.0
1779527862.8854423,0.1989675347273536,0.0,0.0,0.0,0.0,0.0,0.0792,1.4652,-0.1188,0.2,0.0,0.0,0.1989675347273536,0.0,0.0,0.004155545838081737,0.0,0.0,square,0,0.2,0.5,4,8,16.890013456344604,0.0
1779527862.896114,0.1989675347273536,0.0,0.0,0.004155545838081737,0.0,0.0,0.1584,1.3068,-0.27720000000000006,0.2,0.0,0.0,0.1989675347273536,0.0,0.0,0.0020777729190408684,0.0020777729190408684,0.0,square,0,0.2,0.5,4,8,16.89996862411499,0.0
1779527862.9061513,0.1989675347273536,0.0,0.0,0.0020777729190408684,0.0020777729190408684,0.0,0.2376,1.3464,-0.198,0.2,0.0,0.0,0.1989675347273536,0.0,0.0,0.0,0.0,0.0,square,0,0.2,0.5,4,8,16.910640478134155,0.0
1779527862.9154854,0.1989675347273536,0.0,0.0,0.0,0.0,0.0,0.2376,1.3464,-0.3168,0.2,0.0,0.0,0.1989675347273536,0.0,0.0,0.0,0.0,0.0,square,0,0.2,0.5,4,8,16.920677661895752,0.0
1779527862.925474,0.1989675347273536,0.0,0.0,0.0,0.0,0.0,0.198,1.3464,-0.198,0.2,0.0,0.0,0.1989675347273536,0.0,0.0,0.0020777729190408684,0.0,0.0,square,0,0.2,0.5,4,8,16.930011749267578,0.0
1779527862.935418,0.1989675347273536,0.0,0.0,0.0020777729190408684,0.0,0.0,0.1584,1.4255999999999998,-0.198,0.2,0.0,0.0,0.1989675347273536,0.0,0.0,-0.004155545838081737,0.0,0.0,square,0,0.2,0.5,4,8,16.940000295639038,0.0
1779527862.9454124,0.1989675347273536,0.0,0.0,-0.004155545838081737,0.0,0.0,0.198,1.2672,-0.1584,0.2,0.0,0.0,0.1989675347273536,0.0,0.0,-0.0020777729190408684,0.0,0.0,square,0,0.2,0.5,4,8,16.949944257736206,0.0
1779527862.9553921,0.1989675347273536,0.0,0.0,-0.0020777729190408684,0.0,0.0,0.0792,1.4652,-0.1584,0.2,0.0,0.0,0.1989675347273536,0.0,0.0,-0.0020777729190408684,0.0,0.0,square,0,0.2,0.5,4,8,16.959938764572144,0.0
1779527862.9664154,0.1989675347273536,0.0,0.0,-0.0020777729190408684,0.0,0.0,0.0792,1.4652,-0.1584,0.2,0.0,0.0,0.1989675347273536,0.0,0.0,0.0,0.0,0.0,square,0,0.2,0.5,4,8,16.969918489456177,0.0
1779527862.9754243,0.1989675347273536,0.0,0.0,0.0,0.0,0.0,0.0396,1.3464,-0.1584,0.2,0.0,0.0,0.1989675347273536,0.0,0.0,-0.0020777729190408684,0.0,0.0,square,0,0.2,0.5,4,8,16.980941772460938,0.0
1779527862.9854548,0.1989675347273536,0.0,0.0,-0.0020777729190408684,0.0,0.0,-0.1188,1.3068,-0.2376,0.2,0.0,0.0,0.1989675347273536,0.0,0.0,0.0,0.0,0.0,square,0,0.2,0.5,4,8,16.98995065689087,0.0
1779527862.9954338,0.1989675347273536,0.0,0.0,0.0,0.0,0.0,0.1188,1.3860000000000001,-0.198,0.2,0.0,0.0,0.1989675347273536,0.0,0.0,0.0,-0.0020777729190408684,0.0,square,0,0.2,0.5,4,8,16.99998116493225,0.0
1779527863.0054348,0.1989675347273536,0.0,0.0,0.0,-0.0020777729190408684,0.0,0.1584,1.3068,-0.1188,-0.2,0.0,0.0,0.1989675347273536,0.0,0.0,0.0,0.0,0.0,square,0,0.2,0.5,4,8,17.009960174560547,0.0
1779527863.0154123,0.1989675347273536,0.0,0.0,0.0,0.0,0.0,0.1584,1.2276,-0.2376,-0.2,0.0,0.0,0.19722220547535924,0.0,0.0,-0.13297746681861558,0.0,0.0,square,0,0.2,0.5,4,8,17.01996111869812,0.0
1779527863.0253847,0.19722220547535924,0.0,0.0,-0.13297746681861558,0.0,0.0,11.9196,1.2672,-0.35639999999999994,-0.2,0.0,0.0,0.1762782544514273,0.0,0.0,-1.703773793613512,0.0,0.0,square,0,0.2,0.5,4,8,17.02993869781494,0.0
1779527863.0354283,0.1762782544514273,0.0,0.0,-1.703773793613512,0.0,0.0,4.356000000000001,1.9008,1.1880000000000002,-0.2,0.0,0.0,0.14311699866353503,0.0,0.0,-3.1021149681280167,-0.004155545838081737,0.0020777729190408684,square,0,0.2,0.5,4,8,17.039911031723022,0.0
1779527863.0454307,0.14311699866353503,0.0,0.0,-3.1021149681280167,-0.004155545838081737,0.0020777729190408684,7.009200000000001,2.9304,-0.9107999999999999,-0.2,0.0,0.0,0.10297442586766545,0.0,0.0,-3.7711578480591763,0.0,-0.0020777729190408684,square,0,0.2,0.5,4,8,17.049954652786255,0.0
1779527863.0554087,0.10297442586766545,0.0,0.0,-3.7711578480591763,0.0,-0.0020777729190408684,7.2468,2.3364,-0.396,-0.2,0.0,0.0,0.05934119456780721,0.0,0.0,-4.278134440305148,0.006233318757122605,0.0,square,0,0.2,0.5,4,8,17.059957027435303,0.0
1779527863.0654213,0.05934119456780721,0.0,0.0,-4.278134440305148,0.006233318757122605,0.0,2.2572,2.3364,-0.35639999999999994,-0.2,0.0,0.0,0.015707963267948967,0.0,0.0,-4.369556448742946,0.004155545838081737,0.004155545838081737,square,0,0.2,0.5,4,8,17.069935083389282,0.0
1779527863.0754433,0.015707963267948967,0.0,0.0,-4.369556448742946,0.004155545838081737,0.004155545838081737,0.7127999999999999,1.9008,0.5544000000000001,-0.2,0.0,0.0,-0.024434609527920613,0.0,0.0,-4.051657192129693,0.006233318757122605,0.006233318757122605,square,0,0.2,0.5,4,8,17.07994771003723,0.0
1779527863.0858445,-0.024434609527920613,0.0,0.0,-4.051657192129693,0.006233318757122605,0.006233318757122605,-2.4155999999999995,0.4752,0.792,-0.2,0.0,0.0,-0.05585053606381855,0.0,0.0,-3.390925403874697,0.010388864595204342,-0.006233318757122605,square,0,0.2,0.5,4,8,17.089969635009766,0.0
1779527863.0954158,-0.05585053606381855,0.0,0.0,-3.390925403874697,0.010388864595204342,-0.006233318757122605,-2.8511999999999995,1.8612000000000002,0.5940000000000001,-0.2,0.0,0.0,-0.08377580409572782,0.0,0.0,-2.8943376762239295,0.0,-0.006233318757122605,square,0,0.2,0.5,4,8,17.10037088394165,0.0
1779527863.1054661,-0.08377580409572782,0.0,0.0,-2.8943376762239295,0.0,-0.006233318757122605,-2.3760000000000003,1.4652,-1.7028,-0.2,0.0,0.0,-0.10646508437165411,0.0,0.0,-2.39359440273508,-0.010388864595204342,0.0,square,0,0.2,0.5,4,8,17.109942197799683,0.0
1779527863.1154428,-0.10646508437165411,0.0,0.0,-2.39359440273508,-0.010388864595204342,0.0,-3.96,1.3464,-1.9404,-0.2,0.0,0.0,-0.12566370614359174,0.0,0.0,-1.9364843605460893,-0.029088820866572156,0.004155545838081737,square,0,0.2,0.5,4,8,17.11999249458313,0.0
1779527863.1254034,-0.12566370614359174,0.0,0.0,-1.9364843605460893,-0.029088820866572156,0.004155545838081737,-3.0096000000000003,0.6732,2.2572,-0.2,0.0,0.0,-0.13962634015954636,0.0,0.0,-1.5562519163616104,-0.029088820866572156,0.0,square,0,0.2,0.5,4,8,17.129969120025635,0.0
1779527863.1354334,-0.13962634015954636,0.0,0.0,-1.5562519163616104,-0.029088820866572156,0.0,-0.8316,-0.2376,-1.0296,-0.2,0.0,0.0,-0.1518436449235067,0.0,0.0,-1.2383526597483576,-0.006233318757122605,0.0,square,0,0.2,0.5,4,8,17.13992977142334,0.0
1779527863.1454067,-0.1518436449235067,0.0,0.0,-1.2383526597483576,-0.006233318757122605,0.0,0.4752,0.5940000000000001,-0.5544000000000001,-0.2,0.0,0.0,-0.16057029118347835,0.0,0.0,-1.026419822006189,0.0,-0.0020777729190408684,square,0,0.2,0.5,4,8,17.149959802627563,0.0
1779527863.1553938,-0.16057029118347835,0.0,0.0,-1.026419822006189,0.0,-0.0020777729190408684,-0.0396,0.8316,-0.198,-0.2,0.0,0.0,-0.16929693744344998,0.0,0.0,-0.8394202592925109,0.008311091676163474,0.0020777729190408684,square,0,0.2,0.5,4,8,17.15993309020996,0.0
1779527863.165822,-0.16929693744344998,0.0,0.0,-0.8394202592925109,0.008311091676163474,0.0020777729190408684,0.0,0.99,-0.4752,-0.2,0.0,0.0,-0.1762782544514273,0.0,0.0,-0.6918983820406092,0.02493327502849042,-0.0020777729190408684,square,0,0.2,0.5,4,8,17.169920206069946,0.0
1779527863.1753962,-0.1762782544514273,0.0,0.0,-0.6918983820406092,0.02493327502849042,-0.0020777729190408684,0.0,1.584,-0.396,-0.2,0.0,0.0,-0.18151424220741028,0.0,0.0,-0.5609986881410345,0.020777729190408684,0.0,square,0,0.2,0.5,4,8,17.18034839630127,0.0
1779527863.1854596,-0.18151424220741028,0.0,0.0,-0.5609986881410345,0.020777729190408684,0.0,-0.27720000000000006,1.8612000000000002,-0.5148,-0.2,0.0,0.0,-0.18500490071139894,0.0,0.0,-0.43009899424145975,0.014544410433286078,0.0,square,0,0.2,0.5,4,8,17.18992257118225,0.0
1779527863.195519,-0.18500490071139894,0.0,0.0,-0.43009899424145975,0.014544410433286078,0.0,0.0792,1.7028,-0.396,-0.2,0.0,0.0,-0.18849555921538758,0.0,0.0,-0.3345214399655798,0.004155545838081737,0.0,square,0,0.2,0.5,4,8,17.19998598098755,0.0
1779527863.205623,-0.18849555921538758,0.0,0.0,-0.3345214399655798,0.004155545838081737,0.0,0.5148,1.5048000000000001,-0.27720000000000006,-0.2,0.0,0.0,-0.19024088846738194,0.0,0.0,-0.2971215274228442,0.0,-0.004155545838081737,square,0,0.2,0.5,4,8,17.210045337677002,0.0
1779527863.2154386,-0.19024088846738194,0.0,0.0,-0.2971215274228442,0.0,-0.004155545838081737,-0.27720000000000006,1.4255999999999998,0.27720000000000006,-0.2,0.0,0.0,-0.1937315469713706,0.0,0.0,-0.22855502109449552,-0.0020777729190408684,0.0020777729190408684,square,0,0.2,0.5,4,8,17.220149278640747,0.0
1779527863.2254744,-0.1937315469713706,0.0,0.0,-0.22855502109449552,-0.0020777729190408684,0.0020777729190408684,-0.4752,1.3464,-0.4752,-0.2,0.0,0.0,-0.1954768762233649,0.0,0.0,-0.17868847103751467,-0.006233318757122605,0.0,square,0,0.2,0.5,4,8,17.22996497154236,0.0
1779527863.2354157,-0.1954768762233649,0.0,0.0,-0.17868847103751467,-0.006233318757122605,0.0,-0.7127999999999999,1.1088000000000002,-0.35639999999999994,-0.2,0.0,0.0,-0.1954768762233649,0.0,0.0,-0.13505523973765646,-0.010388864595204342,0.0,square,0,0.2,0.5,4,8,17.24000072479248,0.0
1779527863.245544,-0.1954768762233649,0.0,0.0,-0.13505523973765646,-0.010388864595204342,0.0,0.8316,0.8712,-0.4752,-0.2,0.0,0.0,-0.19722220547535924,0.0,0.0,-0.09142200843779821,-0.008311091676163474,0.0,square,0,0.2,0.5,4,8,17.24994206428528,0.0
1779527863.2555265,-0.19722220547535924,0.0,0.0,-0.09142200843779821,-0.008311091676163474,0.0,-0.35639999999999994,0.8316,-0.35639999999999994,-0.2,0.0,0.0,-0.19722220547535924,0.0,0.0,-0.05194432297602171,-0.004155545838081737,0.0,square,0,0.2,0.5,4,8,17.260070323944092,0.0
1779527863.2654915,-0.19722220547535924,0.0,0.0,-0.05194432297602171,-0.004155545838081737,0.0,0.27720000000000006,0.9107999999999999,-0.396,-0.2,0.0,0.0,-0.19722220547535924,0.0,0.0,-0.05402209589506258,-0.006233318757122605,0.0,square,0,0.2,0.5,4,8,17.270052909851074,0.0
1779527863.2754204,-0.19722220547535924,0.0,0.0,-0.05402209589506258,-0.006233318757122605,0.0,-0.198,0.7524000000000001,-0.3168,-0.2,0.0,0.0,-0.1989675347273536,0.0,0.0,-0.035322139623694765,0.006233318757122605,-0.0020777729190408684,square,0,0.2,0.5,4,8,17.280017852783203,0.0
1779527863.2854798,-0.1989675347273536,0.0,0.0,-0.035322139623694765,0.006233318757122605,-0.0020777729190408684,0.0396,1.1088000000000002,-0.396,-0.2,0.0,0.0,-0.1989675347273536,0.0,0.0,-0.02701104794753129,0.016622183352326948,0.0,square,0,0.2,0.5,4,8,17.289946794509888,0.0
1779527863.295439,-0.1989675347273536,0.0,0.0,-0.02701104794753129,0.016622183352326948,0.0,0.0,1.4652,-0.396,-0.2,0.0,0.0,-0.1989675347273536,0.0,0.0,-0.020777729190408684,0.010388864595204342,0.0020777729190408684,square,0,0.2,0.5,4,8,17.30000615119934,0.0
1779527863.3054688,-0.1989675347273536,0.0,0.0,-0.020777729190408684,0.010388864595204342,0.0020777729190408684,0.0792,1.5444,-0.396,-0.2,0.0,0.0,-0.1989675347273536,0.0,0.0,-0.01246663751424521,0.010388864595204342,0.0,square,0,0.2,0.5,4,8,17.30996537208557,0.0
1779527863.3154373,-0.1989675347273536,0.0,0.0,-0.01246663751424521,0.010388864595204342,0.0,-0.0396,1.3860000000000001,-0.396,-0.2,0.0,0.0,-0.1989675347273536,0.0,0.0,-0.0020777729190408684,0.0,0.0,square,0,0.2,0.5,4,8,17.319995164871216,0.0
1779527863.325439,-0.1989675347273536,0.0,0.0,-0.0020777729190408684,0.0,0.0,0.27720000000000006,1.3464,-0.396,-0.2,0.0,0.0,-0.1989675347273536,0.0,0.0,0.0,0.0,0.0,square,0,0.2,0.5,4,8,17.32996368408203,0.0
1779527863.3354135,-0.1989675347273536,0.0,0.0,0.0,0.0,0.0,0.396,1.3464,-0.3168,-0.2,0.0,0.0,-0.1989675347273536,0.0,0.0,0.0,-0.004155545838081737,0.0,square,0,0.2,0.5,4,8,17.339965343475342,0.0
1779527863.3454394,-0.1989675347273536,0.0,0.0,0.0,-0.004155545838081737,0.0,0.396,1.2276,-0.35639999999999994,-0.2,0.0,0.0,-0.1989675347273536,0.0,0.0,-0.0020777729190408684,-0.006233318757122605,0.0020777729190408684,square,0,0.2,0.5,4,8,17.349939823150635,0.0
1779527863.355527,-0.1989675347273536,0.0,0.0,-0.0020777729190408684,-0.006233318757122605,0.0020777729190408684,0.2376,1.1483999999999999,-0.396,-0.2,0.0,0.0,-0.1989675347273536,0.0,0.0,-0.008311091676163474,-0.004155545838081737,0.0,square,0,0.2,0.5,4,8,17.359965801239014,0.0
1779527863.3654332,-0.1989675347273536,0.0,0.0,-0.008311091676163474,-0.004155545838081737,0.0,-0.0792,1.1483999999999999,-0.27720000000000006,-0.2,0.0,0.0,-0.1989675347273536,0.0,0.0,-0.008311091676163474,-0.0020777729190408684,0.0,square,0,0.2,0.5,4,8,17.3700532913208,0.0
1779527863.3754306,-0.1989675347273536,0.0,0.0,-0.008311091676163474,-0.0020777729190408684,0.0,-0.0396,1.1880000000000002,-0.3168,-0.2,0.0,0.0,-0.1989675347273536,0.0,0.0,-0.004155545838081737,0.0,0.0,square,0,0.2,0.5,4,8,17.37995958328247,0.0
1779527863.3854225,-0.1989675347273536,0.0,0.0,-0.004155545838081737,0.0,0.0,0.0396,1.1483999999999999,-0.3168,-0.2,0.0,0.0,-0.1989675347273536,0.0,0.0,-0.004155545838081737,0.0,0.0,square,0,0.2,0.5,4,8,17.389956951141357,0.0
1779527863.395417,-0.1989675347273536,0.0,0.0,-0.004155545838081737,0.0,0.0,0.0,1.1880000000000002,-0.35639999999999994,-0.2,0.0,0.0,-0.1989675347273536,0.0,0.0,-0.004155545838081737,0.0,0.0,square,0,0.2,0.5,4,8,17.399948835372925,0.0
1779527863.4054143,-0.1989675347273536,0.0,0.0,-0.004155545838081737,0.0,0.0,-0.0396,1.1483999999999999,-0.4752,-0.2,0.0,0.0,-0.1989675347273536,0.0,0.0,0.0,0.0,0.0,square,0,0.2,0.5,4,8,17.409943342208862,0.0
1779527863.415413,-0.1989675347273536,0.0,0.0,0.0,0.0,0.0,-0.0396,1.1483999999999999,-0.5148,-0.2,0.0,0.0,-0.1989675347273536,0.0,0.0,0.0020777729190408684,0.0,0.0020777729190408684,square,0,0.2,0.5,4,8,17.41994071006775,0.0
1779527863.4254093,-0.1989675347273536,0.0,0.0,0.0020777729190408684,0.0,0.0020777729190408684,0.0,1.2672,-0.3168,-0.2,0.0,0.0,-0.1989675347273536,0.0,0.0,0.004155545838081737,0.0020777729190408684,0.0,square,0,0.2,0.5,4,8,17.42993927001953,0.0
1779527863.4354239,-0.1989675347273536,0.0,0.0,0.004155545838081737,0.0020777729190408684,0.0,-0.0792,1.3464,-0.3168,-0.2,0.0,0.0,-0.1989675347273536,0.0,0.0,0.0020777729190408684,0.0,0.0020777729190408684,square,0,0.2,0.5,4,8,17.4399356842041,0.0
1779527863.4454105,-0.1989675347273536,0.0,0.0,0.0020777729190408684,0.0,0.0020777729190408684,-0.0396,1.3464,-0.35639999999999994,-0.2,0.0,0.0,-0.1989675347273536,0.0,0.0,0.004155545838081737,0.0,0.0,square,0,0.2,0.5,4,8,17.449950218200684,0.0
1779527863.4554942,-0.1989675347273536,0.0,0.0,0.004155545838081737,0.0,0.0,-0.0396,1.3068,-0.4356,-0.2,0.0,0.0,-0.1989675347273536,0.0,0.0,0.0020777729190408684,0.0,0.0,square,0,0.2,0.5,4,8,17.45993685722351,0.0
1779527863.4655006,-0.1989675347273536,0.0,0.0,0.0020777729190408684,0.0,0.0,0.0,1.2672,0.3168,-0.2,0.0,0.0,-0.1989675347273536,0.0,0.0,0.0020777729190408684,0.0,0.0,square,0,0.2,0.5,4,8,17.470020532608032,0.0
1779527863.475663,-0.1989675347273536,0.0,0.0,0.0020777729190408684,0.0,0.0,0.0,1.2672,0.3168,-0.2,0.0,0.0,-0.1989675347273536,0.0,0.0,0.0,-0.0020777729190408684,0.0,square,0,0.2,0.5,4,8,17.480026960372925,0.0
1779527863.4854207,-0.1989675347273536,0.0,0.0,0.0,-0.0020777729190408684,0.0,0.0,1.2672,-0.4752,-0.2,0.0,0.0,-0.1989675347273536,0.0,0.0,0.0,0.0,0.0,square,0,0.2,0.5,4,8,17.49018931388855,0.0
1779527863.4954188,-0.1989675347273536,0.0,0.0,0.0,0.0,0.0,-0.0792,1.2276,-0.5544000000000001,-0.2,0.0,0.0,-0.1989675347273536,0.0,0.0,0.0,0.0,0.0,square,0,0.2,0.5,4,8,17.49994707107544,0.0
1779527863.5055342,-0.1989675347273536,0.0,0.0,0.0,0.0,0.0,-0.0792,1.3464,-0.396,-0.2,0.0,0.0,-0.1989675347273536,0.0,0.0,-0.0020777729190408684,0.0,-0.0020777729190408684,square,0,0.2,0.5,4,8,17.509945154190063,0.0
1779527863.5154736,-0.1989675347273536,0.0,0.0,-0.0020777729190408684,0.0,-0.0020777729190408684,-0.0792,1.2276,0.27720000000000006,-0.2,0.0,0.0,-0.1989675347273536,0.0,0.0,0.0,0.0,0.0,square,0,0.2,0.5,4,8,17.520060539245605,0.0
1779527863.5254636,-0.1989675347273536,0.0,0.0,0.0,0.0,0.0,-0.1188,1.3068,-0.5544000000000001,-0.2,0.0,0.0,-0.1989675347273536,0.0,0.0,0.0,0.0020777729190408684,0.0,square,0,0.2,0.5,4,8,17.52999997138977,0.0
1779527863.5354676,-0.1989675347273536,0.0,0.0,0.0,0.0020777729190408684,0.0,0.0792,1.3860000000000001,-0.35639999999999994,-0.2,0.0,0.0,-0.1989675347273536,0.0,0.0,0.0,-0.0020777729190408684,0.0,square,0,0.2,0.5,4,8,17.539989948272705,0.0
1779527863.5458732,-0.1989675347273536,0.0,0.0,0.0,-0.0020777729190408684,0.0,0.0396,1.3464,-0.396,-0.2,0.0,0.0,-0.1989675347273536,0.0,0.0,0.0020777729190408684,0.0,0.0,square,0,0.2,0.5,4,8,17.549993991851807,0.0
1779527863.5554254,-0.1989675347273536,0.0,0.0,0.0020777729190408684,0.0,0.0,-0.0792,1.3464,-0.35639999999999994,-0.2,0.0,0.0,-0.1989675347273536,0.0,0.0,0.004155545838081737,0.0,0.0,square,0,0.2,0.5,4,8,17.560399532318115,0.0
1779527863.5656133,-0.1989675347273536,0.0,0.0,0.004155545838081737,0.0,0.0,0.0,1.3860000000000001,-0.3168,-0.2,0.0,0.0,-0.1989675347273536,0.0,0.0,0.004155545838081737,0.0,0.0,square,0,0.2,0.5,4,8,17.56995177268982,0.0
1779527863.5754476,-0.1989675347273536,0.0,0.0,0.004155545838081737,0.0,0.0,0.0,1.3860000000000001,-0.3168,-0.2,0.0,0.0,-0.1989675347273536,0.0,0.0,0.0,-0.0020777729190408684,0.0,square,0,0.2,0.5,4,8,17.580139636993408,0.0
1779527863.585418,-0.1989675347273536,0.0,0.0,0.0,-0.0020777729190408684,0.0,-0.0792,1.2672,-0.35639999999999994,-0.2,0.0,0.0,-0.1989675347273536,0.0,0.0,0.0,0.0,0.0,square,0,0.2,0.5,4,8,17.58997392654419,0.0
1779527863.5954237,-0.1989675347273536,0.0,0.0,0.0,0.0,0.0,-0.1188,1.3464,-0.396,-0.2,0.0,0.0,-0.1989675347273536,0.0,0.0,0.0,0.0,0.0,square,0,0.2,0.5,4,8,17.599944353103638,0.0
1779527863.6054134,-0.1989675347273536,0.0,0.0,0.0,0.0,0.0,-0.1188,1.4652,-0.5544000000000001,-0.2,0.0,0.0,-0.1989675347273536,0.0,0.0,0.0,0.0,-0.0020777729190408684,square,0,0.2,0.5,4,8,17.609950065612793,0.0
1779527863.6154141,-0.1989675347273536,0.0,0.0,0.0,0.0,-0.0020777729190408684,0.198,1.4652,-0.35639999999999994,-0.2,0.0,0.0,-0.1989675347273536,0.0,0.0,0.0,0.0020777729190408684,0.0,square,0,0.2,0.5,4,8,17.61993980407715,0.0
1779527863.6254237,-0.1989675347273536,0.0,0.0,0.0,0.0020777729190408684,0.0,0.1188,1.3860000000000001,-0.35639999999999994,-0.2,0.0,0.0,-0.1989675347273536,0.0,0.0,0.0,0.0,0.0,square,0,0.2,0.5,4,8,17.629940509796143,0.0
1779527863.635554,-0.1989675347273536,0.0,0.0,0.0,0.0,0.0,0.1188,1.5444,-0.4356,-0.2,0.0,0.0,-0.1989675347273536,0.0,0.0,0.0,0.0,-0.0020777729190408684,square,0,0.2,0.5,4,8,17.639950037002563,0.0
1779527863.6454334,-0.1989675347273536,0.0,0.0,0.0,0.0,-0.0020777729190408684,0.1188,1.4255999999999998,-0.27720000000000006,-0.2,0.0,0.0,-0.1989675347273536,0.0,0.0,0.0020777729190408684,0.0,0.0,square,0,0.2,0.5,4,8,17.65008044242859,0.0
1779527863.6554136,-0.1989675347273536,0.0,0.0,0.0020777729190408684,0.0,0.0,-0.1188,1.4255999999999998,-0.4752,-0.2,0.0,0.0,-0.1989675347273536,0.0,0.0,0.0020777729190408684,-0.0020777729190408684,0.0,square,0,0.2,0.5,4,8,17.65995979309082,0.0
1779527863.6654212,-0.1989675347273536,0.0,0.0,0.0020777729190408684,-0.0020777729190408684,0.0,-0.0792,1.3464,-0.4356,-0.2,0.0,0.0,-0.1989675347273536,0.0,0.0,0.004155545838081737,-0.004155545838081737,0.0020777729190408684,square,0,0.2,0.5,4,8,17.66993999481201,0.0
1779527863.6754365,-0.1989675347273536,0.0,0.0,0.004155545838081737,-0.004155545838081737,0.0020777729190408684,-0.0396,1.2276,-0.3168,-0.2,0.0,0.0,-0.1989675347273536,0.0,0.0,0.0,-0.0020777729190408684,0.0,square,0,0.2,0.5,4,8,17.6799476146698,0.0
1779527863.6855698,-0.1989675347273536,0.0,0.0,0.0,-0.0020777729190408684,0.0,-0.0792,1.2672,-0.5544000000000001,-0.2,0.0,0.0,-0.1989675347273536,0.0,0.0,0.0,-0.0020777729190408684,0.0,square,0,0.2,0.5,4,8,17.68996286392212,0.0
1779527863.6954172,-0.1989675347273536,0.0,0.0,0.0,-0.0020777729190408684,0.0,-0.0792,1.2672,-0.5544000000000001,-0.2,0.0,0.0,-0.1989675347273536,0.0,0.0,0.0,0.0,0.0,square,0,0.2,0.5,4,8,17.700096130371094,0.0
1779527863.7054143,-0.1989675347273536,0.0,0.0,0.0,0.0,0.0,-0.1584,1.3464,-0.396,-0.2,0.0,0.0,-0.1989675347273536,0.0,0.0,0.0,0.0020777729190408684,0.0,square,0,0.2,0.5,4,8,17.709943532943726,0.0
1779527863.7154145,-0.1989675347273536,0.0,0.0,0.0,0.0020777729190408684,0.0,0.2376,1.4255999999999998,-0.35639999999999994,-0.2,0.0,0.0,-0.1989675347273536,0.0,0.0,0.0,0.004155545838081737,0.0,square,0,0.2,0.5,4,8,17.719940662384033,0.0
1779527863.7254193,-0.1989675347273536,0.0,0.0,0.0,0.004155545838081737,0.0,0.2376,1.584,-0.4356,-0.2,0.0,0.0,-0.1989675347273536,0.0,0.0,0.0,0.0020777729190408684,0.0,square,0,0.2,0.5,4,8,17.72994089126587,0.0
1779527863.7354128,-0.1989675347273536,0.0,0.0,0.0,0.0020777729190408684,0.0,0.2376,1.4255999999999998,-0.5148,-0.2,0.0,0.0,-0.1989675347273536,0.0,0.0,0.0,0.0,0.0,square,0,0.2,0.5,4,8,17.739945650100708,0.0
1779527863.7454145,-0.1989675347273536,0.0,0.0,0.0,0.0,0.0,-0.1584,1.3860000000000001,-0.4356,-0.2,0.0,0.0,-0.1989675347273536,0.0,0.0,0.0,0.0,0.0,square,0,0.2,0.5,4,8,17.74993920326233,0.0
1779527863.755425,-0.1989675347273536,0.0,0.0,0.0,0.0,0.0,0.1584,1.3860000000000001,-0.5544000000000001,-0.2,0.0,0.0,-0.1989675347273536,0.0,0.0,0.0020777729190408684,0.0,0.0,square,0,0.2,0.5,4,8,17.75994086265564,0.0
1779527863.7654176,-0.1989675347273536,0.0,0.0,0.0020777729190408684,0.0,0.0,-0.0792,1.3860000000000001,-0.5544000000000001,-0.2,0.0,0.0,-0.1989675347273536,0.0,0.0,0.0,-0.0020777729190408684,0.0,square,0,0.2,0.5,4,8,17.769951343536377,0.0
1779527863.7754123,-0.1989675347273536,0.0,0.0,0.0,-0.0020777729190408684,0.0,-0.0396,1.3464,-0.6336,-0.2,0.0,0.0,-0.1989675347273536,0.0,0.0,0.0,-0.0020777729190408684,0.0,square,0,0.2,0.5,4,8,17.77994394302368,0.0
1779527863.7854164,-0.1989675347273536,0.0,0.0,0.0,-0.0020777729190408684,0.0,-0.0792,1.3068,-0.5148,-0.2,0.0,0.0,-0.1989675347273536,0.0,0.0,0.0,-0.0020777729190408684,0.0,square,0,0.2,0.5,4,8,17.7899386882782,0.0
1779527863.7954144,-0.1989675347273536,0.0,0.0,0.0,-0.0020777729190408684,0.0,-0.1188,1.3464,-0.4356,-0.2,0.0,0.0,-0.1989675347273536,0.0,0.0,0.0,0.0,0.0,square,0,0.2,0.5,4,8,17.7999427318573,0.0
1779527863.8053946,-0.1989675347273536,0.0,0.0,0.0,0.0,0.0,0.2376,1.4652,-0.5148,-0.2,0.0,0.0,-0.1989675347273536,0.0,0.0,0.0,0.0,0.0,square,0,0.2,0.5,4,8,17.809940814971924,0.0
1779527863.8154213,-0.1989675347273536,0.0,0.0,0.0,0.0,0.0,0.198,1.3068,-0.4752,-0.2,0.0,0.0,-0.1989675347273536,0.0,0.0,-0.004155545838081737,0.0,0.0020777729190408684,square,0,0.2,0.5,4,8,17.819921016693115,0.0
1779527863.8254144,-0.1989675347273536,0.0,0.0,-0.004155545838081737,0.0,0.0020777729190408684,0.2376,1.4255999999999998,-0.4752,-0.2,0.0,0.0,-0.1989675347273536,0.0,0.0,0.0,0.0,0.0,square,0,0.2,0.5,4,8,17.82994771003723,0.0
1779527863.8354254,-0.1989675347273536,0.0,0.0,0.0,0.0,0.0,0.198,1.3860000000000001,0.3168,-0.2,0.0,0.0,-0.1989675347273536,0.0,0.0,0.0020777729190408684,0.0020777729190408684,0.0,square,0,0.2,0.5,4,8,17.839940786361694,0.0
1779527863.8454218,-0.1989675347273536,0.0,0.0,0.0020777729190408684,0.0020777729190408684,0.0,0.1584,1.4652,-0.5148,-0.2,0.0,0.0,-0.1989675347273536,0.0,0.0,0.0020777729190408684,0.0020777729190408684,-0.0020777729190408684,square,0,0.2,0.5,4,8,17.84995174407959,0.0
1779527863.8554206,-0.1989675347273536,0.0,0.0,0.0020777729190408684,0.0020777729190408684,-0.0020777729190408684,0.1584,1.3860000000000001,-0.4356,-0.2,0.0,0.0,-0.1989675347273536,0.0,0.0,0.0020777729190408684,0.0,0.0,square,0,0.2,0.5,4,8,17.85994815826416,0.0
1779527863.865464,-0.1989675347273536,0.0,0.0,0.0020777729190408684,0.0,0.0,-0.0792,1.3068,-0.4356,-0.2,0.0,0.0,-0.1989675347273536,0.0,0.0,0.0,0.0020777729190408684,0.0,square,0,0.2,0.5,4,8,17.86994695663452,0.0
1779527863.8754494,-0.1989675347273536,0.0,0.0,0.0,0.0020777729190408684,0.0,-0.1188,1.3860000000000001,-0.396,-0.2,0.0,0.0,-0.1989675347273536,0.0,0.0,0.0020777729190408684,0.0,0.0,square,0,0.2,0.5,4,8,17.879990339279175,0.0
1779527863.8854198,-0.1989675347273536,0.0,0.0,0.0020777729190408684,0.0,0.0,-0.0792,1.2672,-0.4356,-0.2,0.0,0.0,-0.1989675347273536,0.0,0.0,0.0,0.0,0.0,square,0,0.2,0.5,4,8,17.889975786209106,0.0
1779527863.895417,-0.1989675347273536,0.0,0.0,0.0,0.0,0.0,-0.0792,1.3860000000000001,-0.4356,-0.2,0.0,0.0,-0.1989675347273536,0.0,0.0,0.0,0.0,0.0,square,0,0.2,0.5,4,8,17.899946212768555,0.0
1779527863.9054134,-0.1989675347273536,0.0,0.0,0.0,0.0,0.0,0.1584,1.3860000000000001,-0.396,-0.2,0.0,0.0,-0.1989675347273536,0.0,0.0,-0.0020777729190408684,0.0,0.0,square,0,0.2,0.5,4,8,17.909943342208862,0.0
1779527863.9155147,-0.1989675347273536,0.0,0.0,-0.0020777729190408684,0.0,0.0,0.2376,1.2672,-0.4752,-0.2,0.0,0.0,-0.1989675347273536,0.0,0.0,0.0,0.0,0.0,square,0,0.2,0.5,4,8,17.919939756393433,0.0
1779527863.9254196,-0.1989675347273536,0.0,0.0,0.0,0.0,0.0,0.198,1.4255999999999998,-0.396,-0.2,0.0,0.0,-0.1989675347273536,0.0,0.0,0.0,0.0,0.0,square,0,0.2,0.5,4,8,17.930041074752808,0.0
1779527863.9355545,-0.1989675347273536,0.0,0.0,0.0,0.0,0.0,0.2376,1.4652,-0.396,-0.2,0.0,0.0,-0.1989675347273536,0.0,0.0,0.0,0.0,0.0,square,0,0.2,0.5,4,8,17.939945936203003,0.0
1779527863.9454172,-0.1989675347273536,0.0,0.0,0.0,0.0,0.0,0.1584,1.4652,-0.396,-0.2,0.0,0.0,-0.1989675347273536,0.0,0.0,0.0020777729190408684,0.0,-0.0020777729190408684,square,0,0.2,0.5,4,8,17.95008087158203,0.0
1779527863.955385,-0.1989675347273536,0.0,0.0,0.0020777729190408684,0.0,-0.0020777729190408684,-0.1584,1.3464,0.4752,-0.2,0.0,0.0,-0.1989675347273536,0.0,0.0,0.0020777729190408684,0.0,0.0,square,0,0.2,0.5,4,8,17.959943532943726,0.0
1779527863.9654195,-0.1989675347273536,0.0,0.0,0.0020777729190408684,0.0,0.0,-0.1188,1.5048000000000001,-0.396,-0.2,0.0,0.0,-0.1989675347273536,0.0,0.0,0.0,0.0,0.0,square,0,0.2,0.5,4,8,17.969911336898804,0.0
1779527863.9754157,-0.1989675347273536,0.0,0.0,0.0,0.0,0.0,-0.0792,1.3068,-0.5544000000000001,-0.2,0.0,0.0,-0.1989675347273536,0.0,0.0,0.0020777729190408684,0.0,0.0,square,0,0.2,0.5,4,8,17.97994589805603,0.0
1779527863.985414,-0.1989675347273536,0.0,0.0,0.0020777729190408684,0.0,0.0,-0.0792,1.4255999999999998,-0.4356,-0.2,0.0,0.0,-0.1989675347273536,0.0,0.0,0.0,0.0,0.0020777729190408684,square,0,0.2,0.5,4,8,17.98994207382202,0.0
1779527863.9954128,-0.1989675347273536,0.0,0.0,0.0,0.0,0.0020777729190408684,-0.1188,1.4255999999999998,-0.4356,-0.2,0.0,0.0,-0.1989675347273536,0.0,0.0,0.0,0.0,0.0020777729190408684,square,0,0.2,0.5,4,8,17.999940395355225,0.0
1779527864.005414,-0.1989675347273536,0.0,0.0,0.0,0.0,0.0020777729190408684,-0.1188,1.4255999999999998,-0.4752,0.2,0.0,0.0,-0.1989675347273536,0.0,0.0,-0.0020777729190408684,0.0,0.0,square,0,0.2,0.5,4,8,18.009939193725586,0.0
1779527864.0155015,-0.1989675347273536,0.0,0.0,-0.0020777729190408684,0.0,0.0,0.1188,1.4255999999999998,-0.396,0.2,0.0,0.0,-0.1989675347273536,0.0,0.0,0.0,0.0,0.0,square,0,0.2,0.5,4,8,18.01994037628174,0.0
1779527864.025413,-0.1989675347273536,0.0,0.0,0.0,0.0,0.0,-0.1584,1.3860000000000001,-0.35639999999999994,0.2,0.0,0.0,-0.19722220547535924,0.0,0.0,0.13297746681861558,0.0,0.0,square,0,0.2,0.5,4,8,18.030027866363525,0.0
1779527864.035509,-0.19722220547535924,0.0,0.0,0.13297746681861558,0.0,0.0,11.9592,1.3860000000000001,-0.5544000000000001,0.2,0.0,0.0,-0.1762782544514273,0.0,0.0,1.6975404748563894,0.0,0.0,square,0,0.2,0.5,4,8,18.039939403533936,0.0
1779527864.0455282,-0.1762782544514273,0.0,0.0,1.6975404748563894,0.0,0.0,5.702399999999999,2.0988,0.0396,0.2,0.0,0.0,-0.14311699866353503,0.0,0.0,3.1166593785613026,0.0020777729190408684,0.0,square,0,0.2,0.5,4,8,18.05003547668457,0.0
1779527864.0554194,-0.14311699866353503,0.0,0.0,3.1166593785613026,0.0020777729190408684,0.0,7.4844,3.7620000000000005,5.2272,0.2,0.0,0.0,-0.10297442586766545,0.0,0.0,3.7981688960067075,0.0020777729190408684,0.0,square,0,0.2,0.5,4,8,18.060054540634155,0.0
1779527864.0654266,-0.10297442586766545,0.0,0.0,3.7981688960067075,0.0020777729190408684,0.0,4.5935999999999995,2.7720000000000002,1.7028,0.2,0.0,0.0,-0.05759586531581287,0.0,0.0,4.3674786758239055,-0.008311091676163474,0.0,square,0,0.2,0.5,4,8,18.069945812225342,0.0
1779527864.0754373,-0.05759586531581287,0.0,0.0,4.3674786758239055,-0.008311091676163474,0.0,1.3464,1.9008,1.6632,0.2,0.0,0.0,-0.012217304763960306,0.0,0.0,4.485911732209235,-0.020777729190408684,0.0,square,0,0.2,0.5,4,8,18.07995295524597,0.0
1779527864.0856116,-0.012217304763960306,0.0,0.0,4.485911732209235,-0.020777729190408684,0.0,0.8316,0.9504,-0.198,0.2,0.0,0.0,-0.012217304763960306,0.0,0.0,4.485911732209235,-0.020777729190408684,0.0,square,0,0.2,0.5,4,8,18.089963674545288,0.0
1779527864.0954642,-0.012217304763960306,0.0,0.0,4.485911732209235,-0.020777729190408684,0.0,0.8316,0.9504,-0.198,0.2,0.0,0.0,0.05759586531581287,0.0,0.0,3.3348255350605935,-0.02493327502849042,0.006233318757122605,square,0,0.2,0.5,4,8,18.100137948989868,0.0
1779527864.1054351,0.05759586531581287,0.0,0.0,3.3348255350605935,-0.02493327502849042,0.006233318757122605,-2.2176000000000005,-0.0396,0.9504,0.2,0.0,0.0,0.08552113334772216,0.0,0.0,2.8652488553573576,0.0,0.0,square,0,0.2,0.5,4,8,18.10999059677124,0.0
1779527864.1154141,0.08552113334772216,0.0,0.0,2.8652488553573576,0.0,0.0,-4.3164,0.6336,1.1880000000000002,0.2,0.0,0.0,0.10821041362364843,0.0,0.0,2.3769722193827536,0.02701104794753129,-0.006233318757122605,square,0,0.2,0.5,4,8,18.119961500167847,0.0
1779527864.1254213,0.10821041362364843,0.0,0.0,2.3769722193827536,0.02701104794753129,-0.006233318757122605,-5.3064,1.7424,0.27720000000000006,0.2,0.0,0.0,0.12566370614359174,0.0,0.0,1.924017723031844,0.03739991254273563,-0.004155545838081737,square,0,0.2,0.5,4,8,18.129940509796143,0.0
1779527864.135469,0.12566370614359174,0.0,0.0,1.924017723031844,0.03739991254273563,-0.004155545838081737,-2.2572,2.6532,0.4356,0.2,0.0,0.0,0.13962634015954636,0.0,0.0,1.547940824685447,0.018699956271367814,0.0,square,0,0.2,0.5,4,8,18.139947652816772,0.0
1779527864.1453946,0.13962634015954636,0.0,0.0,1.547940824685447,0.018699956271367814,0.0,-0.0792,1.98,-0.1188,0.2,0.0,0.0,0.1518436449235067,0.0,0.0,1.2404304326673985,0.004155545838081737,0.0,square,0,0.2,0.5,4,8,18.14999532699585,0.0
1779527864.1554167,0.1518436449235067,0.0,0.0,1.2404304326673985,0.004155545838081737,0.0,0.6732,1.6632,0.396,0.2,0.0,0.0,0.16057029118347835,0.0,0.0,1.0035643198967394,0.0,-0.0020777729190408684,square,0,0.2,0.5,4,8,18.159920930862427,0.0
1779527864.1654148,0.16057029118347835,0.0,0.0,1.0035643198967394,0.0,-0.0020777729190408684,0.4752,1.1483999999999999,-0.8316,0.2,0.0,0.0,0.16929693744344998,0.0,0.0,0.8414980322115517,-0.01246663751424521,0.0020777729190408684,square,0,0.2,0.5,4,8,18.16994309425354,0.0
1779527864.1756003,0.16929693744344998,0.0,0.0,0.8414980322115517,-0.01246663751424521,0.0020777729190408684,-0.1584,1.0296,-0.6336,0.2,0.0,0.0,0.16929693744344998,0.0,0.0,0.8414980322115517,-0.01246663751424521,0.0020777729190408684,square,0,0.2,0.5,4,8,18.179941177368164,0.0
1779527864.1854162,0.16929693744344998,0.0,0.0,0.8414980322115517,-0.01246663751424521,0.0020777729190408684,-0.1584,1.0296,-0.6336,0.2,0.0,0.0,0.18151424220741028,0.0,0.0,0.5589209152219936,-0.014544410433286078,0.0020777729190408684,square,0,0.2,0.5,4,8,18.190126657485962,0.0
1779527864.195413,0.18151424220741028,0.0,0.0,0.5589209152219936,-0.014544410433286078,0.0020777729190408684,-0.4356,0.7524000000000001,0.6336,0.2,0.0,0.0,0.18500490071139894,0.0,0.0,0.4404878588366641,-0.014544410433286078,0.0,square,0,0.2,0.5,4,8,18.199942588806152,0.0
1779527864.2055233,0.18500490071139894,0.0,0.0,0.4404878588366641,-0.014544410433286078,0.0,-0.27720000000000006,0.6336,-0.6336,0.2,0.0,0.0,0.18849555921538758,0.0,0.0,0.33867698580366157,-0.010388864595204342,-0.0020777729190408684,square,0,0.2,0.5,4,8,18.20993947982788,0.0
1779527864.2154224,0.18849555921538758,0.0,0.0,0.33867698580366157,-0.010388864595204342,-0.0020777729190408684,0.5148,0.5940000000000001,-0.396,0.2,0.0,0.0,0.19198621771937624,0.0,0.0,0.29296598158476245,-0.006233318757122605,0.0,square,0,0.2,0.5,4,8,18.220049619674683,0.0
1779527864.2254293,0.19198621771937624,0.0,0.0,0.29296598158476245,-0.006233318757122605,0.0,-0.396,0.5544000000000001,-0.4356,0.2,0.0,0.0,0.1937315469713706,0.0,0.0,0.2243994752564138,0.010388864595204342,0.0,square,0,0.2,0.5,4,8,18.22994875907898,0.0
1779527864.2354162,0.1937315469713706,0.0,0.0,0.2243994752564138,0.010388864595204342,0.0,-0.7524000000000001,1.0296,0.5544000000000001,0.2,0.0,0.0,0.1954768762233649,0.0,0.0,0.17245515228039207,0.020777729190408684,0.0,square,0,0.2,0.5,4,8,18.23995566368103,0.0
1779527864.2454138,0.1954768762233649,0.0,0.0,0.17245515228039207,0.020777729190408684,0.0,-1.0296,1.4255999999999998,-0.5148,0.2,0.0,0.0,0.1954768762233649,0.0,0.0,0.12674414806149298,0.020777729190408684,0.0,square,0,0.2,0.5,4,8,18.249942541122437,0.0
1779527864.2555654,0.1954768762233649,0.0,0.0,0.12674414806149298,0.020777729190408684,0.0,-0.7524000000000001,1.782,-0.4752,0.2,0.0,0.0,0.19722220547535924,0.0,0.0,0.08726646259971647,0.01246663751424521,0.0,square,0,0.2,0.5,4,8,18.259940147399902,0.0
1779527864.2654335,0.19722220547535924,0.0,0.0,0.08726646259971647,0.01246663751424521,0.0,-0.27720000000000006,1.584,-0.4752,0.2,0.0,0.0,0.19722220547535924,0.0,0.0,0.05609986881410345,0.0020777729190408684,0.0,square,0,0.2,0.5,4,8,18.270091772079468,0.0
1779527864.2754107,0.19722220547535924,0.0,0.0,0.05609986881410345,0.0020777729190408684,0.0,0.198,1.3068,-0.5940000000000001,0.2,0.0,0.0,0.1989675347273536,0.0,0.0,0.06233318757122605,0.0,0.0,square,0,0.2,0.5,4,8,18.27995991706848,0.0
1779527864.285436,0.1989675347273536,0.0,0.0,0.06233318757122605,0.0,0.0,0.35639999999999994,1.2276,-0.5544000000000001,0.2,0.0,0.0,0.1989675347273536,0.0,0.0,0.03739991254273563,-0.006233318757122605,0.0,square,0,0.2,0.5,4,8,18.289937019348145,0.0
1779527864.295457,0.1989675347273536,0.0,0.0,0.03739991254273563,-0.006233318757122605,0.0,0.0,1.1483999999999999,-0.5544000000000001,0.2,0.0,0.0,0.1989675347273536,0.0,0.0,0.022855502109449553,-0.008311091676163474,0.0,square,0,0.2,0.5,4,8,18.299962282180786,0.0
1779527864.3053954,0.1989675347273536,0.0,0.0,0.022855502109449553,-0.008311091676163474,0.0,-0.1584,0.8316,-0.4356,0.2,0.0,0.0,0.1989675347273536,0.0,0.0,0.010388864595204342,-0.008311091676163474,-0.0020777729190408684,square,0,0.2,0.5,4,8,18.309983253479004,0.0
1779527864.3154182,0.1989675347273536,0.0,0.0,0.010388864595204342,-0.008311091676163474,-0.0020777729190408684,0.35639999999999994,0.8712,-0.5544000000000001,0.2,0.0,0.0,0.1989675347273536,0.0,0.0,0.004155545838081737,-0.010388864595204342,0.0,square,0,0.2,0.5,4,8,18.319921731948853,0.0
1779527864.3254147,0.1989675347273536,0.0,0.0,0.004155545838081737,-0.010388864595204342,0.0,0.5544000000000001,0.7524000000000001,-0.5940000000000001,0.2,0.0,0.0,0.1989675347273536,0.0,0.0,0.0,-0.0020777729190408684,0.0,square,0,0.2,0.5,4,8,18.329944610595703,0.0
1779527864.3354158,0.1989675347273536,0.0,0.0,0.0,-0.0020777729190408684,0.0,0.6732,0.99,-0.4356,0.2,0.0,0.0,0.1989675347273536,0.0,0.0,-0.0020777729190408684,0.008311091676163474,-0.0020777729190408684,square,0,0.2,0.5,4,8,18.339941024780273,0.0
1779527864.3454163,0.1989675347273536,0.0,0.0,-0.0020777729190408684,0.008311091676163474,-0.0020777729190408684,0.8316,1.1880000000000002,-0.5148,0.2,0.0,0.0,0.1989675347273536,0.0,0.0,-0.0020777729190408684,0.006233318757122605,0.0,square,0,0.2,0.5,4,8,18.349942207336426,0.0
1779527864.3554132,0.1989675347273536,0.0,0.0,-0.0020777729190408684,0.006233318757122605,0.0,0.792,1.2672,-0.5544000000000001,0.2,0.0,0.0,0.1989675347273536,0.0,0.0,0.0020777729190408684,0.004155545838081737,0.0,square,0,0.2,0.5,4,8,18.35994267463684,0.0
1779527864.3654137,0.1989675347273536,0.0,0.0,0.0020777729190408684,0.004155545838081737,0.0,0.7127999999999999,1.2672,-0.5148,0.2,0.0,0.0,0.1989675347273536,0.0,0.0,0.010388864595204342,0.0020777729190408684,-0.0020777729190408684,square,0,0.2,0.5,4,8,18.36993956565857,0.0
1779527864.375415,0.1989675347273536,0.0,0.0,0.010388864595204342,0.0020777729190408684,-0.0020777729190408684,0.5148,1.1880000000000002,-0.4356,0.2,0.0,0.0,0.1989675347273536,0.0,0.0,0.01246663751424521,0.0020777729190408684,0.0,square,0,0.2,0.5,4,8,18.379940032958984,0.0
1779527864.3853962,0.1989675347273536,0.0,0.0,0.01246663751424521,0.0020777729190408684,0.0,0.2376,1.2276,-0.4356,0.2,0.0,0.0,0.1989675347273536,0.0,0.0,0.018699956271367814,0.0,0.0,square,0,0.2,0.5,4,8,18.389941453933716,0.0
1779527864.39542,0.1989675347273536,0.0,0.0,0.018699956271367814,0.0,0.0,-0.0396,1.1483999999999999,-0.4752,0.2,0.0,0.0,0.1989675347273536,0.0,0.0,0.01246663751424521,0.0,0.0,square,0,0.2,0.5,4,8,18.399922609329224,0.0
1779527864.405411,0.1989675347273536,0.0,0.0,0.01246663751424521,0.0,0.0,0.1584,1.2276,-0.6336,0.2,0.0,0.0,0.1989675347273536,0.0,0.0,0.006233318757122605,0.0,0.0,square,0,0.2,0.5,4,8,18.40994644165039,0.0
1779527864.4154136,0.1989675347273536,0.0,0.0,0.006233318757122605,0.0,0.0,0.0,1.2276,-0.4356,0.2,0.0,0.0,0.1989675347273536,0.0,0.0,0.0,0.0,0.0,square,0,0.2,0.5,4,8,18.41993737220764,0.0
1779527864.4254227,0.1989675347273536,0.0,0.0,0.0,0.0,0.0,0.0792,1.1483999999999999,-0.5544000000000001,0.2,0.0,0.0,0.1989675347273536,0.0,0.0,-0.004155545838081737,-0.0020777729190408684,0.0,square,0,0.2,0.5,4,8,18.42993998527527,0.0
1779527864.4354107,0.1989675347273536,0.0,0.0,-0.004155545838081737,-0.0020777729190408684,0.0,-0.27720000000000006,1.2276,-0.4752,0.2,0.0,0.0,0.1989675347273536,0.0,0.0,-0.004155545838081737,-0.0020777729190408684,0.0,square,0,0.2,0.5,4,8,18.43994903564453,0.0
1779527864.4454107,0.1989675347273536,0.0,0.0,-0.004155545838081737,-0.0020777729190408684,0.0,0.1584,1.1088000000000002,-0.5544000000000001,0.2,0.0,0.0,0.1989675347273536,0.0,0.0,-0.0020777729190408684,-0.004155545838081737,0.0,square,0,0.2,0.5,4,8,18.449937105178833,0.0
1779527864.455412,0.1989675347273536,0.0,0.0,-0.0020777729190408684,-0.004155545838081737,0.0,0.0792,1.1088000000000002,-0.4752,0.2,0.0,0.0,0.1989675347273536,0.0,0.0,-0.0020777729190408684,0.0,0.0,square,0,0.2,0.5,4,8,18.45993709564209,0.0
1779527864.4654112,0.1989675347273536,0.0,0.0,-0.0020777729190408684,0.0,0.0,0.1584,1.2672,-0.4356,0.2,0.0,0.0,0.1989675347273536,0.0,0.0,-0.004155545838081737,0.0,0.0,square,0,0.2,0.5,4,8,18.469938278198242,0.0
1779527864.4754128,0.1989675347273536,0.0,0.0,-0.004155545838081737,0.0,0.0,0.1188,1.1483999999999999,-0.5544000000000001,0.2,0.0,0.0,0.1989675347273536,0.0,0.0,0.0,0.0,0.0,square,0,0.2,0.5,4,8,18.47993755340576,0.0
1779527864.485416,0.1989675347273536,0.0,0.0,0.0,0.0,0.0,0.0792,1.3860000000000001,-0.5148,0.2,0.0,0.0,0.1989675347273536,0.0,0.0,0.0,0.0020777729190408684,-0.0020777729190408684,square,0,0.2,0.5,4,8,18.489939212799072,0.0
1779527864.4954097,0.1989675347273536,0.0,0.0,0.0,0.0020777729190408684,-0.0020777729190408684,0.0,1.3860000000000001,-0.5148,0.2,0.0,0.0,0.1989675347273536,0.0,0.0,-0.0020777729190408684,0.0020777729190408684,0.0,square,0,0.2,0.5,4,8,18.499942302703857,0.0
1779527864.505429,0.1989675347273536,0.0,0.0,-0.0020777729190408684,0.0020777729190408684,0.0,0.0,1.2672,-0.4356,0.2,0.0,0.0,0.1989675347273536,0.0,0.0,0.0,0.0,0.0,square,0,0.2,0.5,4,8,18.509936094284058,0.0
1779527864.515412,0.1989675347273536,0.0,0.0,0.0,0.0,0.0,0.0,1.2276,-0.4752,0.2,0.0,0.0,0.1989675347273536,0.0,0.0,0.0020777729190408684,0.0,0.0,square,0,0.2,0.5,4,8,18.51995539665222,0.0
1779527864.5254097,0.1989675347273536,0.0,0.0,0.0020777729190408684,0.0,0.0,0.1584,1.4255999999999998,-0.5148,0.2,0.0,0.0,0.1989675347273536,0.0,0.0,0.0,0.0,0.0,square,0,0.2,0.5,4,8,18.529938459396362,0.0
1779527864.5355294,0.1989675347273536,0.0,0.0,0.0,0.0,0.0,0.1584,1.3464,-0.4356,0.2,0.0,0.0,0.1989675347273536,0.0,0.0,0.0,-0.0020777729190408684,0.0,square,0,0.2,0.5,4,8,18.539936065673828,0.0
1779527864.5454211,0.1989675347273536,0.0,0.0,0.0,-0.0020777729190408684,0.0,0.0792,1.3464,-0.5148,0.2,0.0,0.0,0.1989675347273536,0.0,0.0,-0.004155545838081737,0.0,0.0,square,0,0.2,0.5,4,8,18.550055742263794,0.0
1779527864.5554116,0.1989675347273536,0.0,0.0,-0.004155545838081737,0.0,0.0,0.1188,1.3068,-0.396,0.2,0.0,0.0,0.1989675347273536,0.0,0.0,-0.0020777729190408684,0.0,0.0,square,0,0.2,0.5,4,8,18.55994749069214,0.0
1779527864.5654333,0.1989675347273536,0.0,0.0,-0.0020777729190408684,0.0,0.0,0.0,1.2672,-0.4356,0.2,0.0,0.0,0.1989675347273536,0.0,0.0,-0.006233318757122605,0.0,0.0020777729190408684,square,0,0.2,0.5,4,8,18.56993794441223,0.0
1779527864.575439,0.1989675347273536,0.0,0.0,-0.006233318757122605,0.0,0.0020777729190408684,0.0792,1.3068,-0.4356,0.2,0.0,0.0,0.1989675347273536,0.0,0.0,-0.004155545838081737,0.0,0.0,square,0,0.2,0.5,4,8,18.579959630966187,0.0
1779527864.5854168,0.1989675347273536,0.0,0.0,-0.004155545838081737,0.0,0.0,-0.0396,1.4255999999999998,-0.5544000000000001,0.2,0.0,0.0,0.1989675347273536,0.0,0.0,0.0,0.0,0.0,square,0,0.2,0.5,4,8,18.589965343475342,0.0
1779527864.5954702,0.1989675347273536,0.0,0.0,0.0,0.0,0.0,0.0396,1.3860000000000001,-0.5940000000000001,0.2,0.0,0.0,0.1989675347273536,0.0,0.0,0.0,-0.0020777729190408684,0.0020777729190408684,square,0,0.2,0.5,4,8,18.599943161010742,0.0
1779527864.6054127,0.1989675347273536,0.0,0.0,0.0,-0.0020777729190408684,0.0020777729190408684,0.0396,1.4255999999999998,-0.4356,0.2,0.0,0.0,0.1989675347273536,0.0,0.0,0.0,-0.0020777729190408684,-0.0020777729190408684,square,0,0.2,0.5,4,8,18.609996557235718,0.0
1779527864.615412,0.1989675347273536,0.0,0.0,0.0,-0.0020777729190408684,-0.0020777729190408684,0.1584,1.2672,-0.396,0.2,0.0,0.0,0.1989675347273536,0.0,0.0,0.0,0.0,0.0,square,0,0.2,0.5,4,8,18.61993908882141,0.0
1779527864.625416,0.1989675347273536,0.0,0.0,0.0,0.0,0.0,0.198,1.4255999999999998,-0.5148,0.2,0.0,0.0,0.1989675347273536,0.0,0.0,0.0,0.0,0.0,square,0,0.2,0.5,4,8,18.62993836402893,0.0
1779527864.635432,0.1989675347273536,0.0,0.0,0.0,0.0,0.0,0.198,1.2672,-0.35639999999999994,0.2,0.0,0.0,0.1989675347273536,0.0,0.0,0.004155545838081737,-0.0020777729190408684,0.0,square,0,0.2,0.5,4,8,18.639942407608032,0.0
1779527864.6454127,0.1989675347273536,0.0,0.0,0.004155545838081737,-0.0020777729190408684,0.0,0.198,1.4255999999999998,-0.5940000000000001,0.2,0.0,0.0,0.1989675347273536,0.0,0.0,0.0,0.0,0.0,square,0,0.2,0.5,4,8,18.64995837211609,0.0
1779527864.6554112,0.1989675347273536,0.0,0.0,0.0,0.0,0.0,0.1584,1.4255999999999998,-0.5148,0.2,0.0,0.0,0.1989675347273536,0.0,0.0,0.0,0.0,0.0,square,0,0.2,0.5,4,8,18.65993905067444,0.0
1779527864.6654127,0.1989675347273536,0.0,0.0,0.0,0.0,0.0,0.1584,1.4652,-0.4356,0.2,0.0,0.0,0.1989675347273536,0.0,0.0,0.0,0.0,0.0,square,0,0.2,0.5,4,8,18.66993761062622,0.0
1779527864.6754305,0.1989675347273536,0.0,0.0,0.0,0.0,0.0,0.1188,1.5048000000000001,-0.396,0.2,0.0,0.0,0.1989675347273536,0.0,0.0,-0.0020777729190408684,0.0020777729190408684,0.0,square,0,0.2,0.5,4,8,18.679939031600952,0.0
1779527864.6854124,0.1989675347273536,0.0,0.0,-0.0020777729190408684,0.0020777729190408684,0.0,0.0792,1.3464,-0.4752,0.2,0.0,0.0,0.1989675347273536,0.0,0.0,0.0,0.0,0.0,square,0,0.2,0.5,4,8,18.68995690345764,0.0
1779527864.6954103,0.1989675347273536,0.0,0.0,0.0,0.0,0.0,0.0792,1.4652,-0.5940000000000001,0.2,0.0,0.0,0.1989675347273536,0.0,0.0,0.0,0.0,0.0,square,0,0.2,0.5,4,8,18.699938774108887,0.0
1779527864.7055197,0.1989675347273536,0.0,0.0,0.0,0.0,0.0,0.1188,1.5444,-0.5148,0.2,0.0,0.0,0.1989675347273536,0.0,0.0,0.0,-0.0020777729190408684,0.0,square,0,0.2,0.5,4,8,18.70993661880493,0.0
1779527864.7154324,0.1989675347273536,0.0,0.0,0.0,-0.0020777729190408684,0.0,0.1188,1.3860000000000001,-0.4752,0.2,0.0,0.0,0.1989675347273536,0.0,0.0,0.0020777729190408684,-0.0020777729190408684,0.0,square,0,0.2,0.5,4,8,18.720046043395996,0.0
1779527864.7254531,0.1989675347273536,0.0,0.0,0.0020777729190408684,-0.0020777729190408684,0.0,0.27720000000000006,1.2276,-0.5544000000000001,0.2,0.0,0.0,0.1989675347273536,0.0,0.0,0.0020777729190408684,-0.0020777729190408684,0.0,square,0,0.2,0.5,4,8,18.7299587726593,0.0
1779527864.7354105,0.1989675347273536,0.0,0.0,0.0020777729190408684,-0.0020777729190408684,0.0,0.27720000000000006,1.1880000000000002,-0.5940000000000001,0.2,0.0,0.0,0.1989675347273536,0.0,0.0,0.0,-0.0020777729190408684,0.0,square,0,0.2,0.5,4,8,18.73997950553894,0.0
1779527864.7454119,0.1989675347273536,0.0,0.0,0.0,-0.0020777729190408684,0.0,0.1584,1.3068,-0.396,0.2,0.0,0.0,0.1989675347273536,0.0,0.0,0.0,0.0,0.0,square,0,0.2,0.5,4,8,18.749936819076538,0.0
1779527864.7554302,0.1989675347273536,0.0,0.0,0.0,0.0,0.0,0.0792,1.3464,-0.5148,0.2,0.0,0.0,0.1989675347273536,0.0,0.0,0.0,0.0,0.0,square,0,0.2,0.5,4,8,18.75993824005127,0.0
1779527864.7654188,0.1989675347273536,0.0,0.0,0.0,0.0,0.0,0.0792,1.5048000000000001,-0.5544000000000001,0.2,0.0,0.0,0.1989675347273536,0.0,0.0,0.0,0.006233318757122605,0.0,square,0,0.2,0.5,4,8,18.769956588745117,0.0
1779527864.775412,0.1989675347273536,0.0,0.0,0.0,0.006233318757122605,0.0,0.1584,1.3860000000000001,-0.5940000000000001,0.2,0.0,0.0,0.1989675347273536,0.0,0.0,-0.0020777729190408684,0.0,0.0,square,0,0.2,0.5,4,8,18.779945135116577,0.0
1779527864.7854116,0.1989675347273536,0.0,0.0,-0.0020777729190408684,0.0,0.0,0.0792,1.4652,-0.4356,0.2,0.0,0.0,0.1989675347273536,0.0,0.0,0.0,0.0,0.0,square,0,0.2,0.5,4,8,18.78993844985962,0.0
1779527864.7955918,0.1989675347273536,0.0,0.0,0.0,0.0,0.0,0.1584,1.5444,-0.5148,0.2,0.0,0.0,0.1989675347273536,0.0,0.0,0.0020777729190408684,0.0,0.0,square,0,0.2,0.5,4,8,18.799937963485718,0.0
1779527864.8054297,0.1989675347273536,0.0,0.0,0.0020777729190408684,0.0,0.0,0.198,1.5048000000000001,-0.5148,0.2,0.0,0.0,0.1989675347273536,0.0,0.0,0.0020777729190408684,-0.0020777729190408684,0.0,square,0,0.2,0.5,4,8,18.810118198394775,0.0
1779527864.8154147,0.1989675347273536,0.0,0.0,0.0020777729190408684,-0.0020777729190408684,0.0,0.1584,1.5048000000000001,-0.5544000000000001,0.2,0.0,0.0,0.1989675347273536,0.0,0.0,0.0,0.0,0.0,square,0,0.2,0.5,4,8,18.819956064224243,0.0
1779527864.8254132,0.1989675347273536,0.0,0.0,0.0,0.0,0.0,0.198,1.3464,-0.4752,0.2,0.0,0.0,0.1989675347273536,0.0,0.0,-0.0020777729190408684,0.0,0.0,square,0,0.2,0.5,4,8,18.829941034317017,0.0
1779527864.8354094,0.1989675347273536,0.0,0.0,-0.0020777729190408684,0.0,0.0,0.198,1.3068,-0.4752,0.2,0.0,0.0,0.1989675347273536,0.0,0.0,-0.0020777729190408684,-0.0020777729190408684,0.0,square,0,0.2,0.5,4,8,18.8399395942688,0.0
1779527864.8454328,0.1989675347273536,0.0,0.0,-0.0020777729190408684,-0.0020777729190408684,0.0,0.1188,1.4652,-0.5544000000000001,0.2,0.0,0.0,0.1989675347273536,0.0,0.0,-0.004155545838081737,-0.004155545838081737,0.0,square,0,0.2,0.5,4,8,18.84993577003479,0.0
1779527864.855391,0.1989675347273536,0.0,0.0,-0.004155545838081737,-0.004155545838081737,0.0,0.0396,1.3464,-0.4356,0.2,0.0,0.0,0.1989675347273536,0.0,0.0,-0.004155545838081737,0.0,0.0,square,0,0.2,0.5,4,8,18.8599591255188,0.0
1779527864.8654287,0.1989675347273536,0.0,0.0,-0.004155545838081737,0.0,0.0,0.0,1.4652,-0.35639999999999994,0.2,0.0,0.0,0.1989675347273536,0.0,0.0,-0.0020777729190408684,0.0,0.0,square,0,0.2,0.5,4,8,18.869917392730713,0.0
1779527864.8754663,0.1989675347273536,0.0,0.0,-0.0020777729190408684,0.0,0.0,0.0,1.3068,-0.4356,0.2,0.0,0.0,0.1989675347273536,0.0,0.0,0.0,0.0,0.0,square,0,0.2,0.5,4,8,18.879955053329468,0.0
1779527864.885395,0.1989675347273536,0.0,0.0,0.0,0.0,0.0,0.0792,1.3464,-0.4356,0.2,0.0,0.0,0.1989675347273536,0.0,0.0,0.0,0.0,0.0,square,0,0.2,0.5,4,8,18.889992713928223,0.0
1779527864.895411,0.1989675347273536,0.0,0.0,0.0,0.0,0.0,0.0792,1.5048000000000001,-0.4752,0.2,0.0,0.0,0.1989675347273536,0.0,0.0,0.0020777729190408684,-0.0020777729190408684,0.0,square,0,0.2,0.5,4,8,18.899921417236328,0.0
1779527864.9054134,0.1989675347273536,0.0,0.0,0.0020777729190408684,-0.0020777729190408684,0.0,0.0792,1.5048000000000001,-0.4356,0.2,0.0,0.0,0.1989675347273536,0.0,0.0,0.004155545838081737,0.0,0.0,square,0,0.2,0.5,4,8,18.909937381744385,0.0
1779527864.915409,0.1989675347273536,0.0,0.0,0.004155545838081737,0.0,0.0,0.1584,1.3860000000000001,-0.5940000000000001,0.2,0.0,0.0,0.1989675347273536,0.0,0.0,0.0020777729190408684,0.0,0.0,square,0,0.2,0.5,4,8,18.919939756393433,0.0
1779527864.9254262,0.1989675347273536,0.0,0.0,0.0020777729190408684,0.0,0.0,0.1584,1.3860000000000001,-0.4356,0.2,0.0,0.0,0.1989675347273536,0.0,0.0,0.0,-0.0020777729190408684,-0.0020777729190408684,square,0,0.2,0.5,4,8,18.929935455322266,0.0
1779527864.935428,0.1989675347273536,0.0,0.0,0.0,-0.0020777729190408684,-0.0020777729190408684,0.1584,1.3860000000000001,-0.5148,0.2,0.0,0.0,0.1989675347273536,0.0,0.0,0.0,0.0,0.0020777729190408684,square,0,0.2,0.5,4,8,18.939952611923218,0.0
1779527864.9454095,0.1989675347273536,0.0,0.0,0.0,0.0,0.0020777729190408684,0.1188,1.3860000000000001,-0.4752,0.2,0.0,0.0,0.1989675347273536,0.0,0.0,0.0,0.0,-0.0020777729190408684,square,0,0.2,0.5,4,8,18.94995427131653,0.0
1779527864.9554102,0.1989675347273536,0.0,0.0,0.0,0.0,-0.0020777729190408684,0.0792,1.3464,-0.5544000000000001,0.2,0.0,0.0,0.1989675347273536,0.0,0.0,-0.0020777729190408684,0.0,0.0020777729190408684,square,0,0.2,0.5,4,8,18.959935903549194,0.0
1779527864.965452,0.1989675347273536,0.0,0.0,-0.0020777729190408684,0.0,0.0020777729190408684,0.0396,1.4255999999999998,-0.396,0.2,0.0,0.0,0.1989675347273536,0.0,0.0,0.0,0.0020777729190408684,0.0,square,0,0.2,0.5,4,8,18.96993660926819,0.0
1779527864.9754217,0.1989675347273536,0.0,0.0,0.0,0.0020777729190408684,0.0,0.0,1.2672,-0.5544000000000001,0.2,0.0,0.0,0.1989675347273536,0.0,0.0,-0.0020777729190408684,0.0,-0.0020777729190408684,square,0,0.2,0.5,4,8,18.979978322982788,0.0
1779527864.9854112,0.1989675347273536,0.0,0.0,-0.0020777729190408684,0.0,-0.0020777729190408684,0.1188,1.3860000000000001,-0.5148,0.2,0.0,0.0,0.1989675347273536,0.0,0.0,0.0,0.0,-0.0020777729190408684,square,0,0.2,0.5,4,8,18.9899480342865,0.0
1779527864.995408,0.1989675347273536,0.0,0.0,0.0,0.0,-0.0020777729190408684,0.0396,1.4652,-0.4356,0.2,0.0,0.0,0.1989675347273536,0.0,0.0,0.0,0.0,0.0,square,0,0.2,0.5,4,8,18.999937534332275,0.0
1779527865.0054066,0.1989675347273536,0.0,0.0,0.0,0.0,0.0,0.0792,1.2672,-0.4752,-0.2,0.0,0.0,0.1989675347273536,0.0,0.0,0.0020777729190408684,0.0,0.0,square,0,0.2,0.5,4,8,19.009934425354004,0.0
1779527865.0157285,0.1989675347273536,0.0,0.0,0.0020777729190408684,0.0,0.0,0.1188,1.5048000000000001,-0.4752,-0.2,0.0,0.0,0.1989675347273536,0.0,0.0,0.0,0.0,0.0,square,0,0.2,0.5,4,8,19.019932985305786,0.0
1779527865.0265415,0.1989675347273536,0.0,0.0,0.0,0.0,0.0,0.1188,1.3068,0.4356,-0.2,0.0,0.0,0.19722220547535924,0.0,0.0,-0.13297746681861558,0.0,0.0,square,0,0.2,0.5,4,8,19.03025484085083,0.0
1779527865.0354283,0.19722220547535924,0.0,0.0,-0.13297746681861558,0.0,0.0,11.998800000000001,1.4255999999999998,-0.4356,-0.2,0.0,0.0,0.1762782544514273,0.0,0.0,-1.6996182477754302,0.0,-0.0020777729190408684,square,0,0.2,0.5,4,8,19.041067838668823,0.0
1779527865.045419,0.1762782544514273,0.0,0.0,-1.6996182477754302,0.0,-0.0020777729190408684,4.2372000000000005,1.98,-0.27720000000000006,-0.2,0.0,0.0,0.14311699866353503,0.0,0.0,-3.093803876451853,-0.008311091676163474,0.0,square,0,0.2,0.5,4,8,19.049954652786255,0.0
1779527865.0554602,0.14311699866353503,0.0,0.0,-3.093803876451853,-0.008311091676163474,0.0,7.0884,2.97,6.336,-0.2,0.0,0.0,0.10297442586766545,0.0,0.0,-3.7753133938972576,0.0,-0.004155545838081737,square,0,0.2,0.5,4,8,19.059945344924927,0.0
1779527865.065445,0.10297442586766545,0.0,0.0,-3.7753133938972576,0.0,-0.004155545838081737,7.2072,2.2967999999999997,-2.5740000000000003,-0.2,0.0,0.0,0.05934119456780721,0.0,0.0,-4.309301034090761,0.0020777729190408684,0.004155545838081737,square,0,0.2,0.5,4,8,19.069986581802368,0.0
1779527865.075447,0.05934119456780721,0.0,0.0,-4.309301034090761,0.0020777729190408684,0.004155545838081737,1.4652,2.4552,1.9404,-0.2,0.0,0.0,0.013962634015954637,0.0,0.0,-4.398645269609518,0.004155545838081737,0.004155545838081737,square,0,0.2,0.5,4,8,19.079971313476562,0.0
1779527865.0853841,0.013962634015954637,0.0,0.0,-4.398645269609518,0.004155545838081737,0.004155545838081737,0.0,1.9008,-0.0396,-0.2,0.0,0.0,-0.024434609527920613,0.0,0.0,-4.022568371263121,0.004155545838081737,0.0020777729190408684,square,0,0.2,0.5,4,8,19.08997344970703,0.0
1779527865.0953846,-0.024434609527920613,0.0,0.0,-4.022568371263121,0.004155545838081737,0.0020777729190408684,-1.9404,0.7524000000000001,3.4848,-0.2,0.0,0.0,-0.05585053606381855,0.0,0.0,-3.390925403874697,0.010388864595204342,-0.0020777729190408684,square,0,0.2,0.5,4,8,19.099910497665405,0.0
1779527865.105384,-0.05585053606381855,0.0,0.0,-3.390925403874697,0.010388864595204342,-0.0020777729190408684,-3.0492,1.5444,-0.5148,-0.2,0.0,0.0,-0.08377580409572782,0.0,0.0,-2.888104357466807,0.0,-0.004155545838081737,square,0,0.2,0.5,4,8,19.10991096496582,0.0
1779527865.1154368,-0.08377580409572782,0.0,0.0,-2.888104357466807,0.0,-0.004155545838081737,-2.97,1.7028,0.27720000000000006,-0.2,0.0,0.0,-0.10646508437165411,0.0,0.0,-2.3915166298160395,-0.006233318757122605,0.0,square,0,0.2,0.5,4,8,19.11991047859192,0.0
1779527865.1254077,-0.10646508437165411,0.0,0.0,-2.3915166298160395,-0.006233318757122605,0.0,-4.1976,1.584,1.0296,-0.2,0.0,0.0,-0.12566370614359174,0.0,0.0,-1.9302510417889667,-0.031166593785613025,0.0,square,0,0.2,0.5,4,8,19.129963159561157,0.0
1779527865.1354036,-0.12566370614359174,0.0,0.0,-1.9302510417889667,-0.031166593785613025,0.0,-2.7324,0.6732,1.0692,-0.2,0.0,0.0,-0.13962634015954636,0.0,0.0,-1.5417075059283243,-0.033244366704653895,0.0,square,0,0.2,0.5,4,8,19.139934062957764,0.0
1779527865.1454027,-0.13962634015954636,0.0,0.0,-1.5417075059283243,-0.033244366704653895,0.0,-0.2376,-0.2376,-0.1584,-0.2,0.0,0.0,-0.1518436449235067,0.0,0.0,-1.2341971139102759,-0.010388864595204342,0.0,square,0,0.2,0.5,4,8,19.149930000305176,0.0
1779527865.155403,-0.1518436449235067,0.0,0.0,-1.2341971139102759,-0.010388864595204342,0.0,0.7127999999999999,-0.5544000000000001,-0.396,-0.2,0.0,0.0,-0.16057029118347835,0.0,0.0,-1.0222642761681073,0.006233318757122605,0.0,square,0,0.2,0.5,4,8,19.159929037094116,0.0
1779527865.165403,-0.16057029118347835,0.0,0.0,-1.0222642761681073,0.006233318757122605,0.0,0.0792,0.99,-0.4356,-0.2,0.0,0.0,-0.16929693744344998,0.0,0.0,-0.8456535780496335,0.010388864595204342,0.0,square,0,0.2,0.5,4,8,19.169929265975952,0.0
1779527865.175404,-0.16929693744344998,0.0,0.0,-0.8456535780496335,0.010388864595204342,0.0,-0.1584,1.0296,-0.5544000000000001,-0.2,0.0,0.0,-0.1762782544514273,0.0,0.0,-0.6981317007977318,0.02701104794753129,0.0,square,0,0.2,0.5,4,8,19.17992925643921,0.0
1779527865.1855288,-0.1762782544514273,0.0,0.0,-0.6981317007977318,0.02701104794753129,0.0,0.1188,1.6632,-0.4752,-0.2,0.0,0.0,-0.18151424220741028,0.0,0.0,-0.5568431423029527,0.02493327502849042,0.0,square,0,0.2,0.5,4,8,19.18993043899536,0.0
1779527865.1954029,-0.18151424220741028,0.0,0.0,-0.5568431423029527,0.02493327502849042,0.0,-0.198,1.8612000000000002,-0.4752,-0.2,0.0,0.0,-0.18500490071139894,0.0,0.0,-0.4280212213224189,0.01246663751424521,0.0,square,0,0.2,0.5,4,8,19.20005512237549,0.0
1779527865.2055426,-0.18500490071139894,0.0,0.0,-0.4280212213224189,0.01246663751424521,0.0,0.1188,1.6632,-0.792,-0.2,0.0,0.0,-0.18849555921538758,0.0,0.0,-0.3407547587227024,0.004155545838081737,0.0,square,0,0.2,0.5,4,8,19.20992922782898,0.0
1779527865.21549,-0.18849555921538758,0.0,0.0,-0.3407547587227024,0.004155545838081737,0.0,0.5940000000000001,1.5444,-0.5148,-0.2,0.0,0.0,-0.19198621771937624,0.0,0.0,-0.299199300341885,0.0,-0.0020777729190408684,square,0,0.2,0.5,4,8,19.22006893157959,0.0
1779527865.2254019,-0.19198621771937624,0.0,0.0,-0.299199300341885,0.0,-0.0020777729190408684,-0.1584,1.4255999999999998,-0.4752,-0.2,0.0,0.0,-0.1937315469713706,0.0,0.0,-0.2306327940135364,-0.004155545838081737,-0.0020777729190408684,square,0,0.2,0.5,4,8,19.230016469955444,0.0
1779527865.2354028,-0.1937315469713706,0.0,0.0,-0.2306327940135364,-0.004155545838081737,-0.0020777729190408684,-0.5940000000000001,1.2672,-0.27720000000000006,-0.2,0.0,0.0,-0.1954768762233649,0.0,0.0,-0.17661069811847382,-0.010388864595204342,0.0,square,0,0.2,0.5,4,8,19.239928245544434,0.0
1779527865.245403,-0.1954768762233649,0.0,0.0,-0.17661069811847382,-0.010388864595204342,0.0,-0.7127999999999999,1.0296,-0.5148,-0.2,0.0,0.0,-0.1954768762233649,0.0,0.0,-0.1308996938995747,-0.01246663751424521,0.0,square,0,0.2,0.5,4,8,19.249929189682007,0.0
1779527865.255403,-0.1954768762233649,0.0,0.0,-0.1308996938995747,-0.01246663751424521,0.0,-0.7524000000000001,0.7524000000000001,-0.4752,-0.2,0.0,0.0,-0.19722220547535924,0.0,0.0,-0.08726646259971647,-0.010388864595204342,0.0,square,0,0.2,0.5,4,8,19.259929418563843,0.0
1779527865.2654617,-0.19722220547535924,0.0,0.0,-0.08726646259971647,-0.010388864595204342,0.0,-0.27720000000000006,0.7524000000000001,-0.3168,-0.2,0.0,0.0,-0.19722220547535924,0.0,0.0,-0.05194432297602171,-0.008311091676163474,0.0,square,0,0.2,0.5,4,8,19.2699294090271,0.0
1779527865.2754028,-0.19722220547535924,0.0,0.0,-0.05194432297602171,-0.008311091676163474,0.0,0.35639999999999994,0.7524000000000001,-0.6336,-0.2,0.0,0.0,-0.1989675347273536,0.0,0.0,-0.05402209589506258,-0.0020777729190408684,0.0,square,0,0.2,0.5,4,8,19.279988050460815,0.0
1779527865.285416,-0.1989675347273536,0.0,0.0,-0.05402209589506258,-0.0020777729190408684,0.0,-0.198,0.9504,-0.5148,-0.2,0.0,0.0,-0.1989675347273536,0.0,0.0,-0.035322139623694765,0.004155545838081737,0.0020777729190408684,square,0,0.2,0.5,4,8,19.289929151535034,0.0
1779527865.2954383,-0.1989675347273536,0.0,0.0,-0.035322139623694765,0.004155545838081737,0.0020777729190408684,0.0,1.1880000000000002,-0.5148,-0.2,0.0,0.0,-0.1989675347273536,0.0,0.0,-0.02701104794753129,0.014544410433286078,-0.0020777729190408684,square,0,0.2,0.5,4,8,19.29994225502014,0.0
1779527865.3054106,-0.1989675347273536,0.0,0.0,-0.02701104794753129,0.014544410433286078,-0.0020777729190408684,0.0396,1.4652,-0.5544000000000001,-0.2,0.0,0.0,-0.1989675347273536,0.0,0.0,-0.022855502109449553,0.01246663751424521,0.0,square,0,0.2,0.5,4,8,19.309964656829834,0.0
1779527865.3154104,-0.1989675347273536,0.0,0.0,-0.022855502109449553,0.01246663751424521,0.0,0.0,1.584,0.5148,-0.2,0.0,0.0,-0.1989675347273536,0.0,0.0,-0.01246663751424521,0.006233318757122605,0.0,square,0,0.2,0.5,4,8,19.319936990737915,0.0
1779527865.3254142,-0.1989675347273536,0.0,0.0,-0.01246663751424521,0.006233318757122605,0.0,-0.0396,1.5048000000000001,-0.4752,-0.2,0.0,0.0,-0.1989675347273536,0.0,0.0,0.0,0.0020777729190408684,0.0,square,0,0.2,0.5,4,8,19.329936742782593,0.0
1779527865.3354092,-0.1989675347273536,0.0,0.0,0.0,0.0020777729190408684,0.0,0.3168,1.5048000000000001,-0.396,-0.2,0.0,0.0,-0.1989675347273536,0.0,0.0,-0.0020777729190408684,0.0,0.0,square,0,0.2,0.5,4,8,19.339940547943115,0.0
1779527865.345537,-0.1989675347273536,0.0,0.0,-0.0020777729190408684,0.0,0.0,0.27720000000000006,1.2672,-0.6336,-0.2,0.0,0.0,-0.1989675347273536,0.0,0.0,-0.0020777729190408684,-0.006233318757122605,0.0020777729190408684,square,0,0.2,0.5,4,8,19.34993553161621,0.0
1779527865.3554122,-0.1989675347273536,0.0,0.0,-0.0020777729190408684,-0.006233318757122605,0.0020777729190408684,0.2376,1.0296,-0.4752,-0.2,0.0,0.0,-0.1989675347273536,0.0,0.0,-0.004155545838081737,-0.004155545838081737,-0.0020777729190408684,square,0,0.2,0.5,4,8,19.360063314437866,0.0
1779527865.365412,-0.1989675347273536,0.0,0.0,-0.004155545838081737,-0.004155545838081737,-0.0020777729190408684,-0.0792,0.9504,-0.4356,-0.2,0.0,0.0,-0.1989675347273536,0.0,0.0,-0.0020777729190408684,-0.004155545838081737,0.0,square,0,0.2,0.5,4,8,19.369938611984253,0.0
1779527865.3755345,-0.1989675347273536,0.0,0.0,-0.0020777729190408684,-0.004155545838081737,0.0,-0.1584,0.99,-0.4356,-0.2,0.0,0.0,-0.1989675347273536,0.0,0.0,-0.004155545838081737,-0.004155545838081737,0.0,square,0,0.2,0.5,4,8,19.37993836402893,0.0
1779527865.3854167,-0.1989675347273536,0.0,0.0,-0.004155545838081737,-0.004155545838081737,0.0,-0.0792,1.1088000000000002,-0.35639999999999994,-0.2,0.0,0.0,-0.1989675347273536,0.0,0.0,-0.004155545838081737,0.0,0.0,square,0,0.2,0.5,4,8,19.390060901641846,0.0
1779527865.39541,-0.1989675347273536,0.0,0.0,-0.004155545838081737,0.0,0.0,0.0,1.2276,-0.4752,-0.2,0.0,0.0,-0.1989675347273536,0.0,0.0,-0.0020777729190408684,0.0020777729190408684,0.0,square,0,0.2,0.5,4,8,19.399943113327026,0.0
1779527865.4054117,-0.1989675347273536,0.0,0.0,-0.0020777729190408684,0.0020777729190408684,0.0,-0.0792,1.2672,-0.5148,-0.2,0.0,0.0,-0.1989675347273536,0.0,0.0,0.0,0.0020777729190408684,0.0,square,0,0.2,0.5,4,8,19.40993642807007,0.0
1779527865.41555,-0.1989675347273536,0.0,0.0,0.0,0.0020777729190408684,0.0,0.0,1.3860000000000001,-0.396,-0.2,0.0,0.0,-0.1989675347273536,0.0,0.0,0.0,0.0,0.0,square,0,0.2,0.5,4,8,19.41993808746338,0.0
1779527865.4254494,-0.1989675347273536,0.0,0.0,0.0,0.0,0.0,-0.0396,1.3464,-0.5148,-0.2,0.0,0.0,-0.1989675347273536,0.0,0.0,0.004155545838081737,0.0,0.0020777729190408684,square,0,0.2,0.5,4,8,19.430076360702515,0.0
1779527865.4353933,-0.1989675347273536,0.0,0.0,0.004155545838081737,0.0,0.0020777729190408684,-0.0396,1.3860000000000001,-0.5544000000000001,-0.2,0.0,0.0,-0.1989675347273536,0.0,0.0,0.0020777729190408684,0.0020777729190408684,0.0,square,0,0.2,0.5,4,8,19.43997573852539,0.0
1779527865.4454105,-0.1989675347273536,0.0,0.0,0.0020777729190408684,0.0020777729190408684,0.0,0.0396,1.3464,-0.35639999999999994,-0.2,0.0,0.0,-0.1989675347273536,0.0,0.0,0.0,0.0,0.0,square,0,0.2,0.5,4,8,19.44991970062256,0.0
1779527865.4554083,-0.1989675347273536,0.0,0.0,0.0,0.0,0.0,0.0396,1.1880000000000002,-0.4752,-0.2,0.0,0.0,-0.1989675347273536,0.0,0.0,0.0020777729190408684,0.0,0.0020777729190408684,square,0,0.2,0.5,4,8,19.45993685722351,0.0
1779527865.4654279,-0.1989675347273536,0.0,0.0,0.0020777729190408684,0.0,0.0020777729190408684,-0.0792,1.3860000000000001,-0.5148,-0.2,0.0,0.0,-0.1989675347273536,0.0,0.0,0.0,0.0,0.0,square,0,0.2,0.5,4,8,19.469934701919556,0.0
1779527865.4753957,-0.1989675347273536,0.0,0.0,0.0,0.0,0.0,-0.0396,1.3464,-0.4356,-0.2,0.0,0.0,-0.1989675347273536,0.0,0.0,0.0,0.0,0.0,square,0,0.2,0.5,4,8,19.4799542427063,0.0
1779527865.4854078,-0.1989675347273536,0.0,0.0,0.0,0.0,0.0,-0.0396,1.3464,-0.4752,-0.2,0.0,0.0,-0.1989675347273536,0.0,0.0,-0.0020777729190408684,0.0,0.0,square,0,0.2,0.5,4,8,19.489922046661377,0.0
1779527865.4954104,-0.1989675347273536,0.0,0.0,-0.0020777729190408684,0.0,0.0,0.0,1.3068,-0.396,-0.2,0.0,0.0,-0.1989675347273536,0.0,0.0,0.0,0.0,0.0,square,0,0.2,0.5,4,8,19.499934196472168,0.0
1779527865.505934,-0.1989675347273536,0.0,0.0,0.0,0.0,0.0,-0.0396,1.1880000000000002,-0.5148,-0.2,0.0,0.0,-0.1989675347273536,0.0,0.0,0.0,0.0,0.0,square,0,0.2,0.5,4,8,19.509936809539795,0.0
1779527865.5154202,-0.1989675347273536,0.0,0.0,0.0,0.0,0.0,-0.0396,1.1880000000000002,-0.5148,-0.2,0.0,0.0,-0.1989675347273536,0.0,0.0,-0.0020777729190408684,0.0,0.0,square,0,0.2,0.5,4,8,19.52046036720276,0.0
1779527865.5254192,-0.1989675347273536,0.0,0.0,-0.0020777729190408684,0.0,0.0,0.1188,1.2672,-0.4356,-0.2,0.0,0.0,-0.1989675347273536,0.0,0.0,0.0,0.0,0.0,square,0,0.2,0.5,4,8,19.52994656562805,0.0
1779527865.5354114,-0.1989675347273536,0.0,0.0,0.0,0.0,0.0,0.1584,1.4652,0.4752,-0.2,0.0,0.0,-0.1989675347273536,0.0,0.0,0.0,0.0020777729190408684,0.0,square,0,0.2,0.5,4,8,19.539945602416992,0.0
1779527865.5454297,-0.1989675347273536,0.0,0.0,0.0,0.0020777729190408684,0.0,0.1188,1.3464,-0.4752,-0.2,0.0,0.0,-0.1989675347273536,0.0,0.0,0.004155545838081737,0.0,0.0,square,0,0.2,0.5,4,8,19.54993772506714,0.0
1779527865.5554566,-0.1989675347273536,0.0,0.0,0.004155545838081737,0.0,0.0,-0.0792,1.4255999999999998,-0.396,-0.2,0.0,0.0,-0.1989675347273536,0.0,0.0,0.0,0.0,0.0,square,0,0.2,0.5,4,8,19.559956073760986,0.0
1779527865.5654156,-0.1989675347273536,0.0,0.0,0.0,0.0,0.0,-0.0396,1.4255999999999998,-0.4752,-0.2,0.0,0.0,-0.1989675347273536,0.0,0.0,0.004155545838081737,0.0,0.0,square,0,0.2,0.5,4,8,19.56998300552368,0.0
1779527865.5754817,-0.1989675347273536,0.0,0.0,0.004155545838081737,0.0,0.0,-0.0396,1.3464,-0.4356,-0.2,0.0,0.0,-0.1989675347273536,0.0,0.0,0.0020777729190408684,0.0,0.0020777729190408684,square,0,0.2,0.5,4,8,19.579941987991333,0.0
1779527865.5853958,-0.1989675347273536,0.0,0.0,0.0020777729190408684,0.0,0.0020777729190408684,0.0,1.1880000000000002,-0.4356,-0.2,0.0,0.0,-0.1989675347273536,0.0,0.0,0.0020777729190408684,-0.0020777729190408684,0.0,square,0,0.2,0.5,4,8,19.590008020401,0.0
1779527865.5954204,-0.1989675347273536,0.0,0.0,0.0020777729190408684,-0.0020777729190408684,0.0,-0.0792,1.3464,-0.5148,-0.2,0.0,0.0,-0.1989675347273536,0.0,0.0,0.0,0.0,0.0,square,0,0.2,0.5,4,8,19.59992218017578,0.0
1779527865.6054125,-0.1989675347273536,0.0,0.0,0.0,0.0,0.0,-0.0792,1.3464,-0.35639999999999994,-0.2,0.0,0.0,-0.1989675347273536,0.0,0.0,0.0,0.0,-0.0020777729190408684,square,0,0.2,0.5,4,8,19.609946727752686,0.0
1779527865.61541,-0.1989675347273536,0.0,0.0,0.0,0.0,-0.0020777729190408684,-0.1188,1.3464,-0.27720000000000006,-0.2,0.0,0.0,-0.1989675347273536,0.0,0.0,-0.0020777729190408684,0.0,0.0,square,0,0.2,0.5,4,8,19.619938850402832,0.0
1779527865.625411,-0.1989675347273536,0.0,0.0,-0.0020777729190408684,0.0,0.0,0.1584,1.3860000000000001,-0.5544000000000001,-0.2,0.0,0.0,-0.1989675347273536,0.0,0.0,0.0,0.0,0.0,square,0,0.2,0.5,4,8,19.629936456680298,0.0
1779527865.6354291,-0.1989675347273536,0.0,0.0,0.0,0.0,0.0,-0.198,1.3860000000000001,-0.5148,-0.2,0.0,0.0,-0.1989675347273536,0.0,0.0,0.0,0.0,-0.0020777729190408684,square,0,0.2,0.5,4,8,19.63993740081787,0.0
1779527865.6454108,-0.1989675347273536,0.0,0.0,0.0,0.0,-0.0020777729190408684,0.1584,1.3464,-0.396,-0.2,0.0,0.0,-0.1989675347273536,0.0,0.0,0.0020777729190408684,0.0,0.0,square,0,0.2,0.5,4,8,19.64995551109314,0.0
1779527865.6554072,-0.1989675347273536,0.0,0.0,0.0020777729190408684,0.0,0.0,-0.1188,1.4652,-0.396,-0.2,0.0,0.0,-0.1989675347273536,0.0,0.0,0.0,0.0,0.0,square,0,0.2,0.5,4,8,19.659937143325806,0.0
1779527865.6654112,-0.1989675347273536,0.0,0.0,0.0,0.0,0.0,0.1584,1.4255999999999998,-0.4356,-0.2,0.0,0.0,-0.1989675347273536,0.0,0.0,0.0,0.0,0.0,square,0,0.2,0.5,4,8,19.669933557510376,0.0
1779527865.675468,-0.1989675347273536,0.0,0.0,0.0,0.0,0.0,-0.0396,1.4255999999999998,-0.4752,-0.2,0.0,0.0,-0.1989675347273536,0.0,0.0,0.0,-0.006233318757122605,0.0,square,0,0.2,0.5,4,8,19.679937601089478,0.0
1779527865.6854367,-0.1989675347273536,0.0,0.0,0.0,-0.006233318757122605,0.0,-0.0792,1.2672,-0.5148,-0.2,0.0,0.0,-0.1989675347273536,0.0,0.0,0.0,-0.0020777729190408684,0.0,square,0,0.2,0.5,4,8,19.68999433517456,0.0
1779527865.6954072,-0.1989675347273536,0.0,0.0,0.0,-0.0020777729190408684,0.0,-0.1188,1.2276,-0.396,-0.2,0.0,0.0,-0.1989675347273536,0.0,0.0,0.0,0.0,0.0,square,0,0.2,0.5,4,8,19.699963092803955,0.0
1779527865.7054102,-0.1989675347273536,0.0,0.0,0.0,0.0,0.0,-0.198,1.4255999999999998,-0.35639999999999994,-0.2,0.0,0.0,-0.1989675347273536,0.0,0.0,0.0,0.0,0.0,square,0,0.2,0.5,4,8,19.709933519363403,0.0
1779527865.7154353,-0.1989675347273536,0.0,0.0,0.0,0.0,0.0,-0.198,1.5048000000000001,-0.35639999999999994,-0.2,0.0,0.0,-0.1989675347273536,0.0,0.0,0.0,0.0,0.0,square,0,0.2,0.5,4,8,19.71993660926819,0.0
1779527865.725411,-0.1989675347273536,0.0,0.0,0.0,0.0,0.0,-0.198,1.5048000000000001,-0.35639999999999994,-0.2,0.0,0.0,-0.1989675347273536,0.0,0.0,-0.0020777729190408684,0.0,0.0,square,0,0.2,0.5,4,8,19.72996163368225,0.0
1779527865.7354262,-0.1989675347273536,0.0,0.0,-0.0020777729190408684,0.0,0.0,0.198,1.4255999999999998,-0.5148,-0.2,0.0,0.0,-0.1989675347273536,0.0,0.0,0.0,0.0020777729190408684,0.0,square,0,0.2,0.5,4,8,19.73993730545044,0.0
1779527865.7456305,-0.1989675347273536,0.0,0.0,0.0,0.0020777729190408684,0.0,0.2376,1.3860000000000001,-0.396,-0.2,0.0,0.0,-0.1989675347273536,0.0,0.0,0.0,0.0,0.0,square,0,0.2,0.5,4,8,19.74995255470276,0.0
1779527865.7554147,-0.1989675347273536,0.0,0.0,0.0,0.0,0.0,0.1584,1.5444,-0.35639999999999994,-0.2,0.0,0.0,-0.1989675347273536,0.0,0.0,0.0,0.0,0.0,square,0,0.2,0.5,4,8,19.760156869888306,0.0
1779527865.765392,-0.1989675347273536,0.0,0.0,0.0,0.0,0.0,0.1584,1.5444,-0.35639999999999994,-0.2,0.0,0.0,-0.1989675347273536,0.0,0.0,0.0,0.0,0.0,square,0,0.2,0.5,4,8,19.769941091537476,0.0
1779527865.7755337,-0.1989675347273536,0.0,0.0,0.0,0.0,0.0,0.1584,1.5048000000000001,-0.5148,-0.2,0.0,0.0,-0.1989675347273536,0.0,0.0,0.0,0.0,0.0,square,0,0.2,0.5,4,8,19.779918432235718,0.0
1779527865.7855732,-0.1989675347273536,0.0,0.0,0.0,0.0,0.0,0.1584,1.5048000000000001,-0.5148,-0.2,0.0,0.0,-0.1989675347273536,0.0,0.0,0.0,0.0,0.0,square,0,0.2,0.5,4,8,19.79006004333496,0.0
1779527865.7954068,-0.1989675347273536,0.0,0.0,0.0,0.0,0.0,0.1584,1.5048000000000001,-0.5148,-0.2,0.0,0.0,-0.1989675347273536,0.0,0.0,0.0,0.0,0.0,square,0,0.2,0.5,4,8,19.80009961128235,0.0
1779527865.805457,-0.1989675347273536,0.0,0.0,0.0,0.0,0.0,0.1584,1.5048000000000001,-0.5148,-0.2,0.0,0.0,-0.1989675347273536,0.0,0.0,0.0,0.0,0.0,square,0,0.2,0.5,4,8,19.809933185577393,0.0
1779527865.8154147,-0.1989675347273536,0.0,0.0,0.0,0.0,0.0,0.1584,1.5048000000000001,-0.5148,-0.2,0.0,0.0,-0.1989675347273536,0.0,0.0,0.0,0.0,0.0,square,0,0.2,0.5,4,8,19.81998348236084,0.0
1779527865.825409,-0.1989675347273536,0.0,0.0,0.0,0.0,0.0,0.2376,1.2672,-0.4356,-0.2,0.0,0.0,-0.1989675347273536,0.0,0.0,-0.0020777729190408684,0.0,0.0,square,0,0.2,0.5,4,8,19.829941034317017,0.0
1779527865.8354132,-0.1989675347273536,0.0,0.0,-0.0020777729190408684,0.0,0.0,0.2376,1.3464,-0.396,-0.2,0.0,0.0,-0.1989675347273536,0.0,0.0,0.0,0.0020777729190408684,0.0,square,0,0.2,0.5,4,8,19.839935302734375,0.0
1779527865.8454485,-0.1989675347273536,0.0,0.0,0.0,0.0020777729190408684,0.0,0.198,1.5048000000000001,0.396,-0.2,0.0,0.0,-0.1989675347273536,0.0,0.0,0.0,0.0,0.0,square,0,0.2,0.5,4,8,19.849939584732056,0.0
1779527865.8554134,-0.1989675347273536,0.0,0.0,0.0,0.0,0.0,0.1188,1.5048000000000001,-0.3168,-0.2,0.0,0.0,-0.1989675347273536,0.0,0.0,0.0,0.0,0.0,square,0,0.2,0.5,4,8,19.85997486114502,0.0
1779527865.8655667,-0.1989675347273536,0.0,0.0,0.0,0.0,0.0,0.1188,1.3068,-0.396,-0.2,0.0,0.0,-0.1989675347273536,0.0,0.0,0.0,0.0,0.0,square,0,0.2,0.5,4,8,19.86993980407715,0.0
1779527865.875412,-0.1989675347273536,0.0,0.0,0.0,0.0,0.0,0.1188,1.3068,-0.396,-0.2,0.0,0.0,-0.1989675347273536,0.0,0.0,0.0,0.0,-0.0020777729190408684,square,0,0.2,0.5,4,8,19.880093097686768,0.0
1779527865.885418,-0.1989675347273536,0.0,0.0,0.0,0.0,-0.0020777729190408684,-0.0396,1.4652,-0.35639999999999994,-0.2,0.0,0.0,-0.1989675347273536,0.0,0.0,0.0,0.0,0.0,square,0,0.2,0.5,4,8,19.889938354492188,0.0
1779527865.8954124,-0.1989675347273536,0.0,0.0,0.0,0.0,0.0,-0.0792,1.4652,-0.396,-0.2,0.0,0.0,-0.1989675347273536,0.0,0.0,0.0,0.0,0.0,square,0,0.2,0.5,4,8,19.899944305419922,0.0
1779527865.905415,-0.1989675347273536,0.0,0.0,0.0,0.0,0.0,-0.0792,1.4652,-0.396,-0.2,0.0,0.0,-0.1989675347273536,0.0,0.0,-0.0020777729190408684,0.0,0.0,square,0,0.2,0.5,4,8,19.90993881225586,0.0
1779527865.915411,-0.1989675347273536,0.0,0.0,-0.0020777729190408684,0.0,0.0,0.1584,1.4652,-0.35639999999999994,-0.2,0.0,0.0,-0.1989675347273536,0.0,0.0,-0.0020777729190408684,0.0,0.0,square,0,0.2,0.5,4,8,19.919941425323486,0.0
1779527865.9253778,-0.1989675347273536,0.0,0.0,-0.0020777729190408684,0.0,0.0,0.1584,1.4652,-0.35639999999999994,-0.2,0.0,0.0,-0.1989675347273536,0.0,0.0,0.0,0.0,0.0,square,0,0.2,0.5,4,8,19.9299373626709,0.0
1779527865.9354124,-0.1989675347273536,0.0,0.0,0.0,0.0,0.0,0.198,1.3464,-0.35639999999999994,-0.2,0.0,0.0,-0.1989675347273536,0.0,0.0,0.0,0.0,0.0,square,0,0.2,0.5,4,8,19.93990421295166,0.0
1779527865.9454079,-0.1989675347273536,0.0,0.0,0.0,0.0,0.0,0.2376,1.4255999999999998,-0.396,-0.2,0.0,0.0,-0.1989675347273536,0.0,0.0,0.0,0.0,0.0,square,0,0.2,0.5,4,8,19.949938774108887,0.0
1779527865.9554117,-0.1989675347273536,0.0,0.0,0.0,0.0,0.0,0.1584,1.4652,-0.3168,-0.2,0.0,0.0,-0.1989675347273536,0.0,0.0,0.0,0.0,0.0,square,0,0.2,0.5,4,8,19.95993423461914,0.0
1779527865.9654076,-0.1989675347273536,0.0,0.0,0.0,0.0,0.0,0.1584,1.3860000000000001,-0.4752,-0.2,0.0,0.0,-0.1989675347273536,0.0,0.0,0.0020777729190408684,0.0,0.0,square,0,0.2,0.5,4,8,19.969938039779663,0.0
1779527865.9754097,-0.1989675347273536,0.0,0.0,0.0020777729190408684,0.0,0.0,-0.1188,1.3464,-0.35639999999999994,-0.2,0.0,0.0,-0.1989675347273536,0.0,0.0,0.0020777729190408684,0.0,-0.0020777729190408684,square,0,0.2,0.5,4,8,19.979933977127075,0.0
1779527865.9853835,-0.1989675347273536,0.0,0.0,0.0020777729190408684,0.0,-0.0020777729190408684,-0.0396,1.5048000000000001,0.27720000000000006,-0.2,0.0,0.0,-0.1989675347273536,0.0,0.0,0.0,0.0,0.0,square,0,0.2,0.5,4,8,19.989936113357544,0.0
1779527865.9953926,-0.1989675347273536,0.0,0.0,0.0,0.0,0.0,-0.0792,1.3860000000000001,-0.396,-0.2,0.0,0.0,-0.1989675347273536,0.0,0.0,0.0,0.0,0.0,square,0,0.2,0.5,4,8,19.9999098777771,0.0
